gofreq::GO:0008150,gofreq::GO:0006412,gofreq::GO:0030533,gofreq::GO:0006414,gofreq::GO:0005829,gofreq::GO:0005737,gofreq::GO:0003735,gofreq::GO:0022626,gofreq::GO:0009570,gofreq::GO:0022625,gofreq::GO:0009507,gofreq::GO:0022627,gofreq::GO:0003700,gofreq::GO:0005777,gofreq::GO:0006355,gofreq::GO:0004601,gofreq::GO:0009536,gofreq::GO:0008422,gofreq::GO:0000325,gofreq::GO:0000976,gofreq::GO:0000502,gofreq::GO:0005783,gofreq::GO:0003729,gofreq::GO:0006096,gofreq::GO:0000978,gofreq::GO:0009407,gofreq::GO:0016709,gofreq::GO:0006749,gofreq::GO:0002181,gofreq::GO:0000981,gofreq::GO:0004497,gofreq::GO:0080043,gofreq::GO:0005730,gofreq::GO:0016757,gofreq::GO:0000398,gofreq::GO:0009506,gofreq::GO:0004364,gofreq::GO:0005507,gofreq::GO:0009505,gofreq::GO:0009931,gofreq::GO:0080044,gofreq::GO:0004683,gofreq::GO:0006631,gofreq::GO:0006367,gofreq::GO:0005515,gofreq::GO:0009733,gofreq::GO:0071013,gofreq::GO:0042626,gofreq::GO:0016491,gofreq::GO:0035251,gofreq::GO:0022857,gofreq::GO:0006633,gofreq::GO:0043161,gofreq::GO:0009451,gofreq::GO:0005686,gofreq::GO:0006099,gofreq::GO:0009922,gofreq::GO:0016126,gofreq::GO:0008270,gofreq::GO:0005789,jaccard_mean,jaccard_min,jaccard_max,jaccard_std,gene_count,log_gene_count,go_entropy,per_gene_go_count_std,per_gene_go_count_mean
0.125,0.0,0.0,0.0,0.5,0.375,0.0,0.0,0.125,0.0,0.5,0.0,0.0,0.25,0.0,0.0,0.0,0.0,0.125,0.0,0.0,0.0,0.25,0.0,0.0,0.0,0.0,0.0,0.0,0.0,0.0,0.0,0.0,0.0,0.0,0.0,0.0,0.125,0.0,0.0,0.0,0.0,0.0,0.0,0.125,0.0,0.0,0.0,0.0,0.0,0.0,0.0,0.0,0.0,0.0,0.0,0.0,0.0,0.0,0.0,0.10627087429164807,0.0,0.6,0.12846271169777757,8.0,2.1972245773362196,4.405639062229566,8.774964387392123,10.5
0.16666666666666666,0.0,0.0,0.0,0.3333333333333333,0.5,0.0,0.0,0.16666666666666666,0.0,0.3333333333333333,0.0,0.0,0.3333333333333333,0.0,0.0,0.0,0.0,0.16666666666666666,0.0,0.0,0.0,0.3333333333333333,0.0,0.0,0.0,0.0,0.0,0.0,0.0,0.0,0.0,0.0,0.0,0.0,0.0,0.0,0.16666666666666666,0.0,0.0,0.0,0.0,0.0,0.0,0.16666666666666666,0.0,0.0,0.0,0.0,0.0,0.0,0.0,0.0,0.0,0.0,0.0,0.0,0.0,0.0,0.0,0.12796122826667264,0.0,0.6,0.15227633138219016,6.0,1.9459101490553132,4.767418751562505,9.445751543536502,12.333333333333334
0.16666666666666666,0.0,0.0,0.0,0.3333333333333333,0.5,0.0,0.0,0.16666666666666666,0.0,0.3333333333333333,0.0,0.0,0.3333333333333333,0.0,0.0,0.0,0.0,0.16666666666666666,0.0,0.0,0.0,0.3333333333333333,0.0,0.0,0.0,0.0,0.0,0.0,0.0,0.0,0.0,0.0,0.0,0.0,0.0,0.0,0.16666666666666666,0.0,0.0,0.0,0.0,0.0,0.0,0.16666666666666666,0.0,0.0,0.0,0.0,0.0,0.0,0.0,0.0,0.0,0.0,0.0,0.0,0.0,0.0,0.0,0.12796122826667264,0.0,0.6,0.15227633138219016,6.0,1.9459101490553132,4.767418751562505,9.445751543536502,12.333333333333334
0.0,0.0,0.0,0.0,0.6666666666666666,0.3333333333333333,0.0,0.0,0.0,0.0,0.0,0.0,0.0,0.0,0.0,0.0,0.0,0.0,0.0,0.0,0.0,0.0,0.0,0.0,0.0,0.0,0.0,0.0,0.0,0.0,0.0,0.0,0.0,0.0,0.0,0.0,0.0,0.0,0.0,0.0,0.0,0.0,0.0,0.0,0.3333333333333333,0.0,0.0,0.0,0.0,0.0,0.0,0.0,0.0,0.0,0.0,0.0,0.0,0.0,0.0,0.0,0.30771117771117773,0.0,0.8,0.2392617970320406,6.0,1.9459101490553132,1.4466166676282084,2.5603819159562025,6.333333333333333
0.0,0.0,0.0,0.0,0.38461538461538464,0.3076923076923077,0.0,0.0,0.46153846153846156,0.0,0.7692307692307693,0.0,0.0,0.0,0.0,0.0,0.07692307692307693,0.0,0.0,0.0,0.0,0.0,0.07692307692307693,0.0,0.0,0.0,0.0,0.0,0.0,0.0,0.0,0.0,0.07692307692307693,0.0,0.0,0.0,0.0,0.15384615384615385,0.0,0.0,0.0,0.0,0.0,0.0,0.23076923076923078,0.0,0.0,0.0,0.0,0.0,0.0,0.0,0.0,0.0,0.0,0.0,0.0,0.0,0.0,0.0,0.12318763857225398,0.0,0.42857142857142855,0.1146029618255695,13.0,2.6390573296152584,3.6169943668350157,2.4056147340172136,5.538461538461538
0.0,0.0,0.0,0.0,0.3076923076923077,0.38461538461538464,0.0,0.0,0.46153846153846156,0.0,0.7692307692307693,0.0,0.0,0.0,0.0,0.0,0.07692307692307693,0.0,0.0,0.0,0.0,0.0,0.07692307692307693,0.0,0.0,0.0,0.0,0.0,0.0,0.0,0.0,0.0,0.07692307692307693,0.0,0.0,0.07692307692307693,0.0,0.15384615384615385,0.0,0.0,0.0,0.0,0.0,0.0,0.23076923076923078,0.0,0.0,0.0,0.0,0.0,0.0,0.0,0.0,0.0,0.0,0.0,0.0,0.0,0.0,0.0,0.12593142256603795,0.0,0.42857142857142855,0.11330537236622744,13.0,2.6390573296152584,3.901643575922792,2.4349525832837564,5.384615384615385
0.0,0.0,0.0,0.0,0.1,0.1,0.0,0.0,0.4,0.0,1.0,0.0,0.0,0.0,0.0,0.0,0.2,0.0,0.0,0.0,0.0,0.0,0.0,0.0,0.0,0.0,0.0,0.0,0.0,0.0,0.0,0.0,0.1,0.0,0.0,0.0,0.0,0.0,0.0,0.0,0.0,0.0,0.0,0.0,0.3,0.0,0.0,0.0,0.0,0.0,0.0,0.0,0.0,0.0,0.0,0.0,0.0,0.0,0.0,0.0,0.2590294273627607,0.07692307692307693,0.8333333333333334,0.1437027066035887,10.0,2.3978952727983707,2.510824963648488,2.1095023109728985,6.5
0.0,0.0,0.0,0.0,0.4,0.8,0.0,0.0,0.0,0.0,0.0,0.0,0.0,0.0,0.0,0.0,0.0,0.0,0.0,0.0,0.0,0.0,0.0,0.0,0.0,0.0,0.0,0.0,0.0,0.0,0.0,0.0,0.0,0.0,0.0,0.0,0.0,0.0,0.0,0.0,0.0,0.0,0.0,0.0,0.0,0.0,0.0,0.0,0.0,0.0,0.0,0.0,0.0,0.0,0.0,0.0,0.0,0.0,0.0,0.0,0.1548217468805704,0.0,0.6666666666666666,0.1858763856478652,5.0,1.791759469228055,0.7863137138648346,3.1240998703626617,5.2
0.0,0.0,0.0,0.0,0.4,0.5333333333333333,0.0,0.0,0.13333333333333333,0.0,0.26666666666666666,0.0,0.0,0.13333333333333333,0.0,0.0,0.2,0.0,0.06666666666666667,0.0,0.0,0.0,0.0,0.0,0.0,0.0,0.0,0.0,0.0,0.0,0.0,0.0,0.0,0.0,0.0,0.06666666666666667,0.0,0.13333333333333333,0.06666666666666667,0.0,0.0,0.0,0.0,0.0,0.06666666666666667,0.0,0.0,0.0,0.0,0.0,0.0,0.0,0.0,0.0,0.0,0.0,0.0,0.0,0.0,0.0,0.10938573319157133,0.0,0.6666666666666666,0.15396100800581605,15.0,2.772588722239781,4.189929730491578,7.107429602574728,8.866666666666667
0.0,0.0,0.0,0.0,0.4444444444444444,0.3333333333333333,0.0,0.0,0.2222222222222222,0.0,0.4444444444444444,0.0,0.0,0.2222222222222222,0.0,0.0,0.3333333333333333,0.0,0.1111111111111111,0.0,0.0,0.0,0.0,0.0,0.0,0.0,0.0,0.0,0.0,0.0,0.0,0.0,0.0,0.0,0.0,0.1111111111111111,0.0,0.2222222222222222,0.1111111111111111,0.0,0.0,0.0,0.0,0.0,0.1111111111111111,0.0,0.0,0.0,0.0,0.0,0.0,0.0,0.0,0.0,0.0,0.0,0.0,0.0,0.0,0.0,0.19911110608995028,0.0,0.6666666666666666,0.1961518792876676,9.0,2.302585092994046,4.952047225587618,7.7618885318102135,11.555555555555555
0.0,0.0,0.0,0.0,0.4444444444444444,0.3333333333333333,0.0,0.0,0.2222222222222222,0.0,0.4444444444444444,0.0,0.0,0.2222222222222222,0.0,0.0,0.3333333333333333,0.0,0.1111111111111111,0.0,0.0,0.0,0.0,0.0,0.0,0.0,0.0,0.0,0.0,0.0,0.0,0.0,0.0,0.0,0.0,0.1111111111111111,0.0,0.2222222222222222,0.1111111111111111,0.0,0.0,0.0,0.0,0.0,0.1111111111111111,0.0,0.0,0.0,0.0,0.0,0.0,0.0,0.0,0.0,0.0,0.0,0.0,0.0,0.0,0.0,0.19911110608995028,0.0,0.6666666666666666,0.1961518792876676,9.0,2.302585092994046,4.952047225587618,7.7618885318102135,11.555555555555555
0.0,0.0,0.0,0.0,0.5,0.5,0.0,0.0,0.1111111111111111,0.0,0.2777777777777778,0.0,0.0,0.1111111111111111,0.0,0.0,0.16666666666666666,0.0,0.05555555555555555,0.0,0.0,0.0,0.0,0.0,0.0,0.0,0.0,0.0,0.0,0.0,0.0,0.0,0.0,0.0,0.0,0.1111111111111111,0.0,0.1111111111111111,0.05555555555555555,0.0,0.0,0.0,0.0,0.0,0.05555555555555555,0.0,0.0,0.0,0.0,0.0,0.0,0.0,0.0,0.0,0.0,0.0,0.0,0.0,0.0,0.0,0.08384852240970299,0.0,0.6666666666666666,0.12757604507953807,18.0,2.9444389791664403,4.048002613933536,6.557438524302001,8.666666666666666
0.0,0.0,0.0,0.0,0.3333333333333333,0.23809523809523808,0.0,0.0,0.47619047619047616,0.0,0.8571428571428571,0.0,0.0,0.0,0.0,0.0,0.38095238095238093,0.0,0.0,0.0,0.0,0.0,0.0,0.0,0.0,0.0,0.0,0.0,0.0,0.0,0.0,0.0,0.0,0.0,0.0,0.0,0.0,0.09523809523809523,0.047619047619047616,0.0,0.0,0.0,0.0,0.0,0.14285714285714285,0.0,0.0,0.0,0.0,0.0,0.0,0.0,0.0,0.0,0.0,0.0,0.0,0.0,0.0,0.0,0.13467615026217414,0.0,0.6666666666666666,0.13506076476483336,21.0,3.091042453358316,3.1852951154387763,6.3141492479686905,7.809523809523809
0.0,0.0,0.0,0.0,0.8571428571428571,0.14285714285714285,0.0,0.0,0.0,0.0,0.14285714285714285,0.0,0.0,0.0,0.0,0.0,0.0,0.0,0.0,0.0,0.0,0.0,0.0,0.0,0.0,0.0,0.0,0.0,0.0,0.0,0.0,0.0,0.0,0.0,0.0,0.0,0.0,0.0,0.0,0.0,0.0,0.0,0.0,0.0,0.5714285714285714,0.0,0.0,0.0,0.0,0.0,0.0,0.0,0.0,0.0,0.0,0.0,0.0,0.0,0.0,0.0,0.3791778327492613,0.08333333333333333,0.8,0.1823378048600225,7.0,2.0794415416798357,1.454069151480616,2.138089935299395,6.0
0.05714285714285714,0.0,0.0,0.0,0.6857142857142857,0.4857142857142857,0.0,0.11428571428571428,0.5428571428571428,0.0,0.7714285714285715,0.0,0.0,0.0,0.0,0.0,0.2571428571428571,0.0,0.08571428571428572,0.0,0.0,0.02857142857142857,0.3142857142857143,0.37142857142857144,0.0,0.0,0.0,0.0,0.0,0.0,0.0,0.0,0.02857142857142857,0.0,0.0,0.11428571428571428,0.0,0.11428571428571428,0.11428571428571428,0.0,0.0,0.0,0.0,0.0,0.2,0.0,0.0,0.0,0.0,0.0,0.0,0.0,0.0,0.0,0.0,0.0,0.0,0.0,0.0,0.0,0.15087203099278484,0.0,0.75,0.12695740832676067,35.0,3.58351893845611,5.933678222827076,5.693963864461726,10.485714285714286
0.2903225806451613,0.0,0.0,0.0,0.1935483870967742,0.16129032258064516,0.0,0.0,0.0,0.0,0.3548387096774194,0.0,0.0,0.0,0.0,0.0,0.0,0.0,0.0,0.0,0.0,0.03225806451612903,0.0,0.0,0.0,0.0,0.0,0.0,0.0,0.0,0.03225806451612903,0.0,0.0,0.0,0.0,0.03225806451612903,0.0,0.0,0.0,0.0,0.0,0.0,0.0,0.0,0.0967741935483871,0.0,0.0,0.0,0.6129032258064516,0.0,0.0,0.0,0.0,0.0,0.0,0.0,0.0,0.0,0.0,0.0,0.1830378717143423,0.0,1.0,0.28005350806633245,31.0,3.4657359027997265,3.169903058945761,3.1004682268661377,4.0
0.0,0.0,0.0,0.0,0.3,0.3,0.0,0.0,0.5,0.0,1.0,0.0,0.0,0.0,0.0,0.0,0.4,0.0,0.0,0.0,0.0,0.0,0.1,0.0,0.0,0.0,0.0,0.0,0.0,0.0,0.0,0.0,0.0,0.0,0.0,0.0,0.0,0.0,0.0,0.0,0.0,0.0,0.0,0.0,0.3,0.0,0.0,0.0,0.2,0.0,0.0,0.0,0.0,0.0,0.0,0.0,0.0,0.0,0.0,0.0,0.18628464309836865,0.047619047619047616,0.4,0.08944469520339421,10.0,2.3978952727983707,3.3886187011707394,2.7202941017470885,7.0
0.06976744186046512,0.0,0.0,0.0,0.37209302325581395,0.3488372093023256,0.0,0.0,0.20930232558139536,0.0,0.5116279069767442,0.0,0.0,0.0,0.0,0.0,0.09302325581395349,0.0,0.023255813953488372,0.0,0.0,0.023255813953488372,0.023255813953488372,0.0,0.0,0.0,0.0,0.0,0.0,0.0,0.0,0.0,0.0,0.0,0.0,0.046511627906976744,0.0,0.023255813953488372,0.0,0.0,0.0,0.0,0.0,0.0,0.09302325581395349,0.023255813953488372,0.0,0.0,0.0,0.0,0.0,0.0,0.0,0.0,0.0,0.0,0.0,0.0,0.023255813953488372,0.0,0.08538208057115619,0.0,1.0,0.18183743797643834,43.0,3.784189633918261,3.8961018156180773,3.815513010708222,7.0
0.0,0.0,0.0,0.0,0.0,0.8333333333333334,0.0,0.0,0.0,0.0,0.3333333333333333,0.0,0.0,0.16666666666666666,0.0,0.0,0.0,0.0,0.0,0.0,0.0,0.0,0.0,0.0,0.0,0.0,0.0,0.0,0.0,0.0,0.0,0.0,0.0,0.0,0.0,0.0,0.0,0.0,0.0,0.0,0.0,0.0,0.0,0.0,0.0,0.0,0.0,0.0,0.0,0.0,0.0,0.0,0.0,0.0,0.0,0.0,0.0,0.0,0.0,0.0,0.2616239316239316,0.1,1.0,0.2367537926649692,6.0,1.9459101490553132,1.178343255222073,1.4142135623730951,6.0
0.0625,0.0,0.0,0.0,0.21875,0.59375,0.0,0.0,0.28125,0.0,0.875,0.0,0.0,0.0,0.0,0.0,0.09375,0.0,0.0,0.0,0.0,0.0,0.0,0.0,0.0,0.0,0.0,0.0,0.0,0.0,0.0,0.0,0.0,0.0,0.0,0.0,0.0,0.03125,0.0,0.0,0.0,0.0,0.0,0.0,0.0625,0.0,0.0,0.0,0.0,0.0,0.0,0.0,0.0,0.0,0.0,0.0,0.0,0.0,0.0,0.0,0.18074858418401096,0.0,1.0,0.1696430315006881,32.0,3.4965075614664802,2.5858669517941077,2.310810193417019,5.8125
0.0,0.0,0.0,0.0,0.25,0.8125,0.0,0.0,0.1875,0.0,0.4375,0.0,0.0,0.0,0.0,0.0,0.0625,0.0,0.0,0.0,0.0,0.0,0.0625,0.0,0.0,0.0,0.0,0.0,0.0,0.0,0.0,0.0,0.0,0.0,0.0,0.0,0.0,0.0,0.0,0.0,0.0,0.0,0.0,0.0,0.125,0.0,0.0,0.0,0.0,0.0,0.0,0.0,0.0,0.0,0.0,0.0,0.0,0.0,0.0625,0.0,0.18655922049176604,0.0,1.0,0.18614101980593428,16.0,2.833213344056216,2.842994481724944,4.554788002750512,5.4375
0.0,0.0,0.0,0.0,0.7692307692307693,0.8461538461538461,0.0,0.0,0.07692307692307693,0.0,0.8461538461538461,0.0,0.0,0.0,0.0,0.0,0.07692307692307693,0.0,0.0,0.0,0.0,0.0,0.0,0.0,0.0,0.0,0.0,0.0,0.0,0.0,0.0,0.0,0.0,0.0,0.0,0.0,0.0,0.07692307692307693,0.0,0.0,0.0,0.0,0.0,0.0,0.23076923076923078,0.0,0.0,0.0,0.0,0.0,0.0,0.0,0.0,0.0,0.0,0.0,0.0,0.0,0.07692307692307693,0.0,0.28350750453096246,0.08333333333333333,0.8333333333333334,0.16696092263706702,13.0,2.6390573296152584,2.3258065343419205,3.5518142709585216,7.0
0.18181818181818182,0.0,0.0,0.0,0.2727272727272727,0.18181818181818182,0.0,0.0,0.18181818181818182,0.0,0.6363636363636364,0.0,0.0,0.09090909090909091,0.0,0.0,0.0,0.0,0.18181818181818182,0.0,0.0,0.0,0.0,0.0,0.0,0.0,0.0,0.0,0.0,0.0,0.0,0.0,0.0,0.0,0.0,0.0,0.0,0.45454545454545453,0.0,0.0,0.0,0.0,0.0,0.0,0.2727272727272727,0.0,0.0,0.0,0.0,0.0,0.0,0.0,0.0,0.0,0.0,0.0,0.0,0.0,0.0,0.0,0.15189851906497193,0.0,0.75,0.15873030468375068,11.0,2.4849066497880004,4.057613979094549,6.256236557849183,10.363636363636363
0.15,0.0,0.0,0.0,0.5,0.3,0.0,0.0,0.15,0.0,0.6,0.0,0.0,0.15,0.0,0.35,0.0,0.0,0.15,0.0,0.0,0.1,0.0,0.0,0.0,0.05,0.0,0.05,0.0,0.0,0.0,0.0,0.0,0.0,0.0,0.05,0.05,0.3,0.0,0.0,0.0,0.0,0.0,0.0,0.2,0.0,0.0,0.0,0.0,0.0,0.0,0.0,0.0,0.0,0.0,0.0,0.0,0.0,0.0,0.0,0.11111403640308423,0.0,1.0,0.1463444776818109,20.0,3.044522437723423,5.8176027274332665,5.722543140947038,9.55
0.2857142857142857,0.0,0.0,0.0,0.5714285714285714,0.42857142857142855,0.0,0.0,0.42857142857142855,0.0,0.7142857142857143,0.0,0.0,0.0,0.0,0.0,0.0,0.0,0.0,0.0,0.0,0.0,0.0,0.0,0.0,0.0,0.0,0.0,0.0,0.0,0.0,0.0,0.0,0.0,0.0,0.14285714285714285,0.0,0.0,0.0,0.0,0.0,0.0,0.0,0.0,0.0,0.0,0.0,0.0,0.0,0.0,0.0,0.0,0.0,0.0,0.0,0.0,0.0,0.0,0.0,0.0,0.1420636436392739,0.0,0.6,0.15839926798754747,7.0,2.0794415416798357,2.773281874039018,2.9277002188455996,7.0
0.0,0.0,0.0,0.0,0.34782608695652173,0.9565217391304348,0.0,0.0,0.0,0.0,0.0,0.0,0.0,0.043478260869565216,0.0,0.0,0.0,0.0,0.043478260869565216,0.0,0.0,0.08695652173913043,0.043478260869565216,0.0,0.0,0.0,0.0,0.0,0.0,0.0,0.0,0.0,0.08695652173913043,0.0,0.0,0.21739130434782608,0.0,0.17391304347826086,0.13043478260869565,0.0,0.0,0.0,0.0,0.0,0.34782608695652173,0.043478260869565216,0.0,0.0,0.0,0.0,0.0,0.0,0.0,0.0,0.0,0.043478260869565216,0.0,0.0,0.0,0.0,0.1817290011275749,0.03225806451612903,0.7777777777777778,0.15785286542091634,23.0,3.1780538303479458,4.018179644380128,4.372538464965087,7.521739130434782
0.06666666666666667,0.0,0.0,0.0,0.2,0.06666666666666667,0.0,0.0,0.06666666666666667,0.0,0.4,0.0,0.0,0.13333333333333333,0.0,0.0,0.0,0.0,0.0,0.0,0.0,0.0,0.0,0.0,0.0,0.0,0.0,0.0,0.0,0.0,0.0,0.0,0.0,0.0,0.0,0.0,0.0,0.13333333333333333,0.13333333333333333,0.0,0.0,0.0,0.06666666666666667,0.0,0.0,0.0,0.0,0.0,0.06666666666666667,0.0,0.0,0.4,0.0,0.0,0.0,0.0,0.0,0.0,0.0,0.0,0.10650155400155399,0.0,1.0,0.24473869475352955,15.0,2.772588722239781,3.986981198333609,3.22076595444831,4.4
0.0625,0.0,0.0,0.0,0.7291666666666666,0.6666666666666666,0.0,0.020833333333333332,0.3125,0.0,0.6458333333333334,0.0,0.0,0.08333333333333333,0.0,0.0,0.22916666666666666,0.0,0.16666666666666666,0.0,0.0,0.041666666666666664,0.14583333333333334,0.4583333333333333,0.0,0.0,0.0,0.0,0.0,0.0,0.0,0.0,0.0625,0.0,0.0,0.22916666666666666,0.0,0.1875,0.125,0.020833333333333332,0.0,0.020833333333333332,0.0,0.0,0.22916666666666666,0.0,0.0,0.0,0.0,0.0,0.0,0.020833333333333332,0.0,0.0,0.0,0.0625,0.0,0.0,0.0625,0.0,0.10973836061833384,0.0,0.4,0.09578133697330626,48.0,3.8918202981106265,7.250094302167573,6.031708747665678,11.3125
0.15384615384615385,0.0,0.0,0.0,0.8461538461538461,0.23076923076923078,0.0,0.0,0.23076923076923078,0.0,0.6153846153846154,0.0,0.0,0.0,0.0,0.0,0.0,0.0,0.07692307692307693,0.0,0.0,0.0,0.0,0.3076923076923077,0.0,0.0,0.0,0.0,0.0,0.0,0.0,0.0,0.0,0.0,0.0,0.0,0.0,0.0,0.0,0.0,0.0,0.0,0.0,0.0,0.15384615384615385,0.0,0.0,0.0,0.0,0.0,0.0,0.0,0.0,0.0,0.0,0.0,0.0,0.0,0.07692307692307693,0.0,0.16110186703821833,0.0,0.7142857142857143,0.1492109233967909,13.0,2.6390573296152584,3.5347590250462324,4.873548941986818,9.307692307692308
0.08571428571428572,0.0,0.0,0.0,0.4,0.37142857142857144,0.0,0.0,0.2,0.0,0.5142857142857142,0.0,0.0,0.0,0.0,0.0,0.08571428571428572,0.0,0.02857142857142857,0.0,0.0,0.02857142857142857,0.02857142857142857,0.0,0.0,0.0,0.0,0.0,0.0,0.0,0.0,0.0,0.0,0.0,0.0,0.02857142857142857,0.0,0.02857142857142857,0.0,0.0,0.0,0.0,0.0,0.0,0.11428571428571428,0.02857142857142857,0.0,0.0,0.0,0.0,0.0,0.0,0.0,0.0,0.0,0.0,0.0,0.0,0.0,0.0,0.1068104910962054,0.0,0.75,0.17666971491411243,35.0,3.58351893845611,3.8617900120835786,3.542165831170275,6.285714285714286
0.0,0.0,0.0,0.0,0.3,0.4,0.0,0.0,0.3,0.0,0.7,0.0,0.0,0.0,0.0,0.0,0.0,0.0,0.0,0.0,0.0,0.0,0.1,0.0,0.0,0.0,0.0,0.0,0.0,0.0,0.0,0.0,0.1,0.0,0.0,0.0,0.0,0.2,0.0,0.0,0.0,0.0,0.0,0.0,0.3,0.0,0.0,0.0,0.0,0.0,0.0,0.0,0.0,0.0,0.0,0.0,0.0,0.0,0.0,0.0,0.10809792059792059,0.0,0.42857142857142855,0.11639136200362982,10.0,2.3978952727983707,3.581012731640306,2.6095976701399777,5.3
0.0,0.0,0.0,0.0,0.7,0.0,0.0,0.1,0.4,0.0,0.6,0.0,0.0,0.0,0.0,0.0,0.0,0.0,0.0,0.0,0.0,0.1,0.3,0.0,0.0,0.0,0.0,0.0,0.0,0.0,0.0,0.0,0.1,0.0,0.0,0.0,0.0,0.2,0.0,0.0,0.0,0.0,0.0,0.0,0.1,0.0,0.0,0.0,0.1,0.0,0.0,0.0,0.0,0.0,0.0,0.0,0.0,0.0,0.2,0.0,0.22184371747581244,0.045454545454545456,0.7333333333333333,0.15454466702710917,10.0,2.3978952727983707,4.441976779083987,3.318132004607412,10.7
0.05357142857142857,0.0,0.0,0.0,0.6785714285714286,0.6964285714285714,0.0,0.017857142857142856,0.21428571428571427,0.0,0.5357142857142857,0.0,0.0,0.03571428571428571,0.0,0.0,0.16071428571428573,0.0,0.07142857142857142,0.0,0.0,0.05357142857142857,0.14285714285714285,0.7321428571428571,0.0,0.0,0.0,0.0,0.0,0.0,0.0,0.0,0.03571428571428571,0.0,0.0,0.14285714285714285,0.0,0.125,0.07142857142857142,0.0,0.0,0.0,0.0,0.0,0.14285714285714285,0.0,0.0,0.0,0.0,0.0,0.0,0.0,0.0,0.017857142857142856,0.0,0.0,0.0,0.0,0.03571428571428571,0.0,0.11683024687976497,0.0,0.6,0.1259704351608792,56.0,4.04305126783455,5.751863859148971,6.140780379843379,9.071428571428571
0.09523809523809523,0.0,0.0,0.0,0.5238095238095238,0.6190476190476191,0.0,0.0,0.14285714285714285,0.0,0.42857142857142855,0.0,0.0,0.23809523809523808,0.0,0.0,0.14285714285714285,0.0,0.23809523809523808,0.0,0.0,0.0,0.047619047619047616,0.0,0.0,0.0,0.0,0.0,0.0,0.0,0.0,0.0,0.0,0.0,0.0,0.19047619047619047,0.0,0.23809523809523808,0.14285714285714285,0.0,0.0,0.0,0.0,0.0,0.19047619047619047,0.0,0.0,0.0,0.0,0.0,0.0,0.0,0.0,0.0,0.0,0.47619047619047616,0.0,0.0,0.047619047619047616,0.0,0.1413038575594101,0.0,0.8,0.19260695190520558,21.0,3.091042453358316,6.285305827001062,5.563486402641868,9.0
0.0,0.0,0.0,0.0,0.4,0.6,0.0,0.0,0.2,0.0,0.8,0.0,0.0,0.4,0.0,0.0,0.0,0.0,0.4,0.0,0.0,0.0,0.4,0.0,0.0,0.0,0.0,0.0,0.0,0.0,0.0,0.0,0.0,0.0,0.0,0.0,0.0,0.0,0.0,0.0,0.0,0.0,0.0,0.0,0.2,0.0,0.0,0.0,0.0,0.0,0.0,0.0,0.0,0.0,0.0,0.0,0.0,0.0,0.2,0.0,0.1619327731092437,0.0,0.6,0.17439143329770124,5.0,1.791759469228055,4.20796364116181,4.516635916254486,7.0
0.0,0.0,0.0,0.0,0.42857142857142855,0.7142857142857143,0.0,0.14285714285714285,0.2857142857142857,0.0,0.5714285714285714,0.0,0.0,0.0,0.0,0.0,0.2857142857142857,0.0,0.0,0.0,0.0,0.0,0.14285714285714285,0.0,0.0,0.0,0.0,0.0,0.0,0.0,0.0,0.0,0.0,0.0,0.0,0.14285714285714285,0.0,0.0,0.0,0.0,0.0,0.0,0.0,0.0,0.2857142857142857,0.0,0.0,0.0,0.0,0.0,0.0,0.0,0.0,0.0,0.0,0.0,0.0,0.0,0.14285714285714285,0.0,0.3514207131209195,0.16666666666666666,0.7,0.1333487632361221,7.0,2.0794415416798357,4.485325758381001,5.5915387973659785,11.857142857142858
0.0,0.0,0.0,0.0,0.6363636363636364,0.7272727272727273,0.0,0.09090909090909091,0.2727272727272727,0.0,0.5454545454545454,0.0,0.0,0.18181818181818182,0.0,0.0,0.18181818181818182,0.0,0.09090909090909091,0.0,0.0,0.0,0.2727272727272727,0.0,0.0,0.0,0.0,0.0,0.0,0.0,0.0,0.0,0.0,0.0,0.0,0.09090909090909091,0.0,0.0,0.0,0.0,0.0,0.0,0.0,0.0,0.18181818181818182,0.0,0.0,0.0,0.0,0.0,0.0,0.0,0.0,0.0,0.0,0.0,0.0,0.0,0.09090909090909091,0.0,0.2142624043202359,0.0,0.7142857142857143,0.17568920910239666,11.0,2.4849066497880004,4.8479941296839,5.023909774417492,10.818181818181818
0.0,0.0,0.0,0.0,0.3333333333333333,0.2222222222222222,0.0,0.0,0.4444444444444444,0.0,1.0,0.0,0.0,0.1111111111111111,0.0,0.0,0.3333333333333333,0.0,0.0,0.0,0.0,0.0,0.0,0.0,0.0,0.0,0.0,0.0,0.0,0.0,0.0,0.0,0.0,0.0,0.0,0.0,0.0,0.0,0.0,0.0,0.0,0.0,0.0,0.0,0.1111111111111111,0.0,0.0,0.0,0.2222222222222222,0.0,0.0,0.0,0.0,0.0,0.0,0.0,0.0,0.0,0.0,0.0,0.1750780695053141,0.045454545454545456,0.5,0.10970003249622752,9.0,2.302585092994046,3.2454472243055625,2.997941680718231,7.111111111111111
0.0,0.0,0.0,0.0,0.18181818181818182,0.36363636363636365,0.0,0.0,0.5454545454545454,0.0,1.0,0.0,0.0,0.0,0.0,0.0,0.18181818181818182,0.0,0.0,0.0,0.0,0.0,0.0,0.0,0.0,0.0,0.0,0.0,0.0,0.0,0.0,0.0,0.0,0.0,0.0,0.0,0.0,0.0,0.0,0.0,0.0,0.0,0.0,0.0,0.0,0.0,0.0,0.0,0.0,0.0,0.0,0.0,0.0,0.0,0.0,0.0,0.0,0.0,0.0,0.0,0.358139133593679,0.18181818181818182,1.0,0.15745512567954636,11.0,2.4849066497880004,1.9020243324177477,1.8090680674665818,5.0
0.0,0.0,0.0,0.0,0.8333333333333334,0.0,0.0,0.0,0.6666666666666666,0.0,1.0,0.0,0.0,0.0,0.0,0.0,0.16666666666666666,0.0,0.0,0.0,0.0,0.0,0.0,0.0,0.0,0.0,0.0,0.0,0.0,0.0,0.0,0.0,0.0,0.0,0.0,0.0,0.0,0.0,0.0,0.0,0.0,0.0,0.0,0.0,0.0,0.0,0.0,0.0,0.0,0.0,0.0,0.0,0.0,0.0,0.0,0.0,0.0,0.0,0.0,0.0,0.4353479853479853,0.07692307692307693,0.9166666666666666,0.22853708533202335,6.0,1.9459101490553132,1.039997422129125,3.2360813064912666,7.166666666666667
0.0,0.0,0.0,0.0,0.14285714285714285,0.2857142857142857,0.0,0.0,0.5714285714285714,0.0,1.0,0.0,0.0,0.0,0.0,0.0,0.2857142857142857,0.0,0.0,0.0,0.0,0.0,0.0,0.0,0.0,0.0,0.0,0.0,0.0,0.0,0.0,0.0,0.0,0.0,0.0,0.0,0.0,0.2857142857142857,0.14285714285714285,0.0,0.0,0.0,0.0,0.0,0.2857142857142857,0.0,0.0,0.0,0.0,0.0,0.0,0.0,0.0,0.0,0.0,0.0,0.0,0.0,0.0,0.0,0.21288622266065876,0.0625,0.5714285714285714,0.15032703255933308,7.0,2.0794415416798357,3.328995558400922,3.522522287410844,7.142857142857143
0.0,0.0,0.0,0.0,0.0,0.4444444444444444,0.0,0.0,0.1111111111111111,0.0,1.0,0.0,0.0,0.4444444444444444,0.0,0.0,0.1111111111111111,0.0,0.2222222222222222,0.0,0.0,0.1111111111111111,0.0,0.0,0.0,0.0,0.0,0.0,0.0,0.0,0.0,0.0,0.1111111111111111,0.0,0.0,0.0,0.0,0.0,0.0,0.0,0.0,0.0,0.0,0.0,0.3333333333333333,0.0,0.0,0.0,0.0,0.0,0.0,0.0,0.0,0.0,0.0,0.0,0.0,0.0,0.0,0.0,0.21324338954627914,0.05263157894736842,0.5714285714285714,0.14931265628229423,9.0,2.302585092994046,3.45931528026176,3.5311663515712675,6.555555555555555
0.0,0.0,0.0,0.0,0.0,0.3333333333333333,0.0,0.0,0.5,0.0,1.0,0.0,0.0,0.0,0.0,0.0,0.16666666666666666,0.0,0.0,0.0,0.0,0.0,0.0,0.0,0.0,0.0,0.0,0.0,0.0,0.0,0.0,0.0,0.0,0.0,0.0,0.0,0.0,0.16666666666666666,0.0,0.0,0.0,0.0,0.0,0.0,0.3333333333333333,0.0,0.0,0.0,0.0,0.0,0.0,0.0,0.0,0.0,0.0,0.0,0.0,0.0,0.0,0.0,0.2361779886779887,0.0625,0.5714285714285714,0.16911943748284378,6.0,1.9459101490553132,2.4182958340544896,3.144660377352201,6.333333333333333
0.0,0.0,0.0,0.0,0.38461538461538464,0.38461538461538464,0.0,0.0,0.07692307692307693,0.0,0.6923076923076923,0.0,0.0,0.0,0.0,0.0,0.0,0.0,0.0,0.0,0.0,0.0,0.0,0.0,0.0,0.0,0.0,0.0,0.0,0.0,0.0,0.0,0.0,0.0,0.0,0.0,0.0,0.0,0.0,0.0,0.0,0.0,0.0,0.0,0.23076923076923078,0.0,0.0,0.0,0.0,0.0,0.0,0.0,0.0,0.0,0.0,0.0,0.0,0.0,0.0,0.0,0.150834361683671,0.0,0.6666666666666666,0.14869980226251775,13.0,2.6390573296152584,2.200509234863632,7.448442115021663,7.461538461538462
0.0,0.0,0.0,0.0,0.3333333333333333,0.2777777777777778,0.0,0.0,0.3888888888888889,0.0,0.8333333333333334,0.0,0.0,0.0,0.0,0.0,0.3333333333333333,0.0,0.0,0.0,0.0,0.0,0.0,0.0,0.0,0.0,0.0,0.0,0.0,0.0,0.0,0.0,0.0,0.0,0.0,0.0,0.0,0.0,0.0,0.0,0.0,0.0,0.0,0.0,0.1111111111111111,0.0,0.0,0.0,0.0,0.0,0.0,0.0,0.0,0.0,0.0,0.0,0.0,0.0,0.0,0.0,0.16153009062783497,0.0,1.0,0.17631304977045115,18.0,2.9444389791664403,2.6712717326396174,6.665046099328409,7.277777777777778
0.06818181818181818,0.0,0.0,0.0,0.0,0.20454545454545456,0.0,0.0,0.022727272727272728,0.0,0.29545454545454547,0.0,0.0,0.022727272727272728,0.0,0.0,0.0,0.0,0.0,0.0,0.0,0.045454545454545456,0.0,0.0,0.0,0.0,0.0,0.0,0.0,0.0,0.0,0.0,0.0,0.0,0.0,0.0,0.0,0.0,0.022727272727272728,0.0,0.0,0.0,0.0,0.0,0.09090909090909091,0.0,0.0,0.0,0.0,0.0,0.0,0.0,0.0,0.0,0.0,0.0,0.0,0.0,0.0,0.0,0.0877729393806351,0.0,1.0,0.13466513866873076,44.0,3.8066624897703196,2.1416078677884007,2.8902086058144603,4.681818181818182
0.05084745762711865,0.0,0.0,0.0,0.1016949152542373,0.11864406779661017,0.0,0.01694915254237288,0.01694915254237288,0.0,0.288135593220339,0.0,0.0,0.01694915254237288,0.0,0.0,0.0,0.0,0.05084745762711865,0.0,0.0,0.0847457627118644,0.0,0.0,0.0,0.0,0.0,0.0,0.0,0.0,0.0,0.0,0.0,0.0,0.0,0.03389830508474576,0.0,0.0,0.0,0.0,0.0,0.0,0.0,0.0,0.05084745762711865,0.03389830508474576,0.0,0.0,0.0,0.0,0.0,0.0,0.0,0.0,0.0,0.0,0.0,0.0,0.0,0.0,0.07711836462389315,0.0,1.0,0.1551871989862581,59.0,4.0943445622221,2.804955335195606,2.768165564373629,5.711864406779661
0.0,0.0,0.0,0.0,0.4,0.6,0.0,0.0,0.0,0.0,0.4,0.0,0.0,0.6,0.0,0.0,0.2,0.0,0.0,0.0,0.0,0.0,0.0,0.0,0.0,0.0,0.0,0.0,0.0,0.0,0.0,0.0,0.2,0.0,0.0,0.2,0.0,0.0,0.2,0.0,0.0,0.0,0.0,0.0,0.0,0.0,0.0,0.0,0.0,0.0,0.0,0.0,0.0,0.0,0.0,0.0,0.0,0.0,0.0,0.0,0.10795537795537795,0.0,0.3,0.09046254860174632,5.0,1.791759469228055,3.799443664819227,2.1908902300206643,7.0
0.0,0.0,0.0,0.0,0.0,0.0,0.0,0.0,0.0,0.0,0.07142857142857142,0.0,0.0,0.0,0.0,0.0,0.0,0.0,0.0,0.0,0.0,0.5714285714285714,0.0,0.0,0.0,0.0,0.0,0.0,0.0,0.0,0.0,0.0,0.0,0.35714285714285715,0.0,0.0,0.0,0.0,0.0,0.0,0.0,0.0,0.0,0.0,0.0,0.0,0.0,0.0,0.0,0.0,0.0,0.0,0.0,0.0,0.0,0.0,0.0,0.0,0.0,0.5,0.12230870623685237,0.0,0.5,0.11472370842952911,14.0,2.70805020110221,1.7638091738835462,2.899683304312063,5.857142857142857
0.0,0.0,0.0,0.0,1.0,1.0,0.0,0.0,0.0,0.0,0.0,0.0,0.0,0.0,0.0,0.0,0.0,0.0,0.2,0.0,0.0,0.2,0.6,0.0,0.0,0.0,0.0,0.0,0.0,0.0,0.0,0.0,0.4,0.0,0.0,0.8,0.0,0.6,0.4,0.0,0.0,0.0,0.0,0.0,0.6,0.0,0.0,0.0,0.0,0.0,0.0,0.0,0.0,0.0,0.0,0.0,0.0,0.0,0.0,0.0,0.29779425940416654,0.14285714285714285,0.5384615384615384,0.12926441141994663,5.0,1.791759469228055,3.570394259273896,2.65329983228432,10.4
0.0,0.0,0.0,0.0,0.0,0.1111111111111111,0.0,0.0,0.0,0.0,0.8888888888888888,0.0,0.0,0.0,0.0,0.0,0.0,0.0,0.0,0.0,0.0,0.0,0.0,0.0,0.0,0.0,0.0,0.0,0.0,0.0,0.0,0.0,0.0,0.1111111111111111,0.0,0.0,0.0,0.0,0.0,0.0,0.0,0.0,0.0,0.0,0.0,0.0,0.0,0.0,0.0,0.0,0.0,0.0,0.0,0.0,0.0,0.0,0.0,0.0,0.0,0.0,0.5313161375661375,0.25,1.0,0.20738214821540232,9.0,2.302585092994046,0.8554722238247916,1.0540925533894598,4.666666666666667
0.1,0.0,0.0,0.0,0.2,0.1,0.0,0.0,0.3,0.0,0.9,0.0,0.0,0.0,0.0,0.0,0.2,0.0,0.0,0.0,0.0,0.0,0.0,0.0,0.0,0.0,0.0,0.0,0.0,0.0,0.0,0.0,0.0,0.0,0.0,0.0,0.0,0.0,0.0,0.0,0.0,0.0,0.0,0.0,0.1,0.0,0.0,0.0,0.0,0.0,0.0,0.0,0.0,0.0,0.0,0.0,0.0,0.0,0.0,0.0,0.1624727741394408,0.0,0.6666666666666666,0.14273913932691015,10.0,2.3978952727983707,2.5832421287715603,1.9595917942265426,5.4
0.0,0.0,0.0,0.0,0.5833333333333334,0.4166666666666667,0.0,0.0,0.5,0.0,0.8333333333333334,0.0,0.0,0.0,0.0,0.0,0.3333333333333333,0.0,0.0,0.0,0.0,0.0,0.08333333333333333,0.0,0.0,0.0,0.0,0.0,0.0,0.0,0.0,0.0,0.0,0.0,0.0,0.0,0.0,0.0,0.0,0.0,0.0,0.0,0.0,0.0,0.0,0.0,0.0,0.0,0.0,0.0,0.0,0.0,0.0,0.0,0.0,0.0,0.0,0.0,0.08333333333333333,0.0,0.17980332699584034,0.0,0.75,0.1607297714236726,12.0,2.5649493574615367,2.8248786785398923,2.9568658332016957,6.583333333333333
0.0,0.0,0.0,0.0,0.7142857142857143,0.5714285714285714,0.0,0.0,0.42857142857142855,0.0,0.6428571428571429,0.0,0.0,0.14285714285714285,0.0,0.0,0.21428571428571427,0.0,0.07142857142857142,0.0,0.0,0.0,0.0,0.0,0.0,0.0,0.0,0.0,0.0,0.0,0.0,0.0,0.0,0.0,0.0,0.07142857142857142,0.0,0.0,0.0,0.0,0.0,0.0,0.0,0.0,0.42857142857142855,0.0,0.0,0.0,0.0,0.0,0.0,0.0,0.0,0.0,0.0,0.0,0.0,0.0,0.0,0.0,0.2874897116816961,0.0,0.8333333333333334,0.19268855704029508,14.0,2.70805020110221,3.6868059244270013,3.7067230700940352,6.785714285714286
0.0,0.0,0.0,0.0,0.6666666666666666,0.6666666666666666,0.0,0.0,0.0,0.0,0.2222222222222222,0.0,0.0,0.0,0.0,0.0,0.0,0.0,0.0,0.0,0.0,0.0,0.0,0.0,0.0,0.0,0.0,0.0,0.0,0.0,0.0,0.0,0.0,0.0,0.0,0.0,0.0,0.0,0.0,0.0,0.0,0.0,0.0,0.0,0.1111111111111111,0.0,0.0,0.0,0.0,0.0,0.0,0.0,0.0,0.0,0.0,0.0,0.0,0.0,0.1111111111111111,0.0,0.2610349527016193,0.0,0.8333333333333334,0.27877835101490983,9.0,2.302585092994046,1.9665833349359025,0.6849348892187752,5.444444444444445
0.0,0.0,0.0,0.0,0.6538461538461539,0.5,0.0,0.0,0.46153846153846156,0.0,0.7307692307692307,0.0,0.0,0.07692307692307693,0.0,0.0,0.2692307692307692,0.0,0.038461538461538464,0.0,0.0,0.0,0.038461538461538464,0.0,0.0,0.0,0.0,0.0,0.0,0.0,0.0,0.0,0.0,0.0,0.0,0.038461538461538464,0.0,0.0,0.0,0.0,0.0,0.0,0.0,0.0,0.23076923076923078,0.0,0.0,0.0,0.0,0.0,0.0,0.0,0.0,0.0,0.0,0.0,0.0,0.0,0.038461538461538464,0.0,0.20048060561910724,0.0,0.8333333333333334,0.17645099837178949,26.0,3.295836866004329,3.7519677150532784,3.382866681122465,6.6923076923076925
0.03773584905660377,0.0,0.0,0.0,0.5471698113207547,0.32075471698113206,0.0,0.07547169811320754,0.4339622641509434,0.0,0.8490566037735849,0.0,0.0,0.0,0.0,0.0,0.22641509433962265,0.0,0.05660377358490566,0.0,0.0,0.018867924528301886,0.32075471698113206,0.24528301886792453,0.0,0.0,0.0,0.0,0.0,0.0,0.0,0.0,0.018867924528301886,0.0,0.0,0.07547169811320754,0.0,0.11320754716981132,0.07547169811320754,0.0,0.0,0.0,0.0,0.0,0.22641509433962265,0.0,0.0,0.0,0.018867924528301886,0.0,0.0,0.0,0.0,0.0,0.0,0.0,0.0,0.0,0.0,0.0,0.13437980873554103,0.0,1.0,0.13029202070258794,53.0,3.9889840465642745,5.656162066797556,5.65017949289107,10.0
0.0,0.0,0.0,0.0,0.8333333333333334,0.16666666666666666,0.0,0.0,0.08333333333333333,0.0,0.25,0.0,0.0,0.0,0.0,0.0,0.0,0.0,0.0,0.0,0.0,0.0,0.0,0.0,0.0,0.0,0.0,0.0,0.0,0.0,0.0,0.0,0.0,0.0,0.0,0.0,0.0,0.0,0.0,0.0,0.0,0.0,0.0,0.0,0.5,0.0,0.0,0.0,0.0,0.0,0.0,0.0,0.0,0.0,0.0,0.0,0.0,0.0,0.0,0.0,0.18918604658400992,0.0,0.8,0.19138497790029468,12.0,2.5649493574615367,1.9487692967084504,3.636237371545238,8.333333333333334
0.0,0.0,0.0,0.0,0.0,0.0,0.0,0.0,0.0,0.0,0.037037037037037035,0.0,0.0,0.0,0.0,0.0,0.0,0.0,0.0,0.0,0.0,0.1111111111111111,0.0,0.0,0.0,0.0,0.0,0.0,0.0,0.0,0.0,0.0,0.0,0.9259259259259259,0.0,0.037037037037037035,0.0,0.0,0.037037037037037035,0.0,0.0,0.0,0.0,0.0,0.25925925925925924,0.0,0.0,0.0,0.0,0.0,0.0,0.0,0.0,0.0,0.0,0.0,0.0,0.0,0.0,0.0,0.5564568235996807,0.0625,1.0,0.2394467659080786,27.0,3.332204510175204,1.4882573474547032,2.9763586078317688,8.25925925925926
0.0,0.0,0.0,0.0,0.2777777777777778,0.0,0.0,0.0,0.2222222222222222,0.0,1.0,0.0,0.0,0.0,0.0,0.0,0.16666666666666666,0.0,0.0,0.0,0.0,0.0,0.3333333333333333,0.0,0.0,0.0,0.0,0.0,0.0,0.0,0.0,0.0,0.0,0.0,0.0,0.0,0.0,0.1111111111111111,0.0,0.0,0.0,0.0,0.0,0.0,0.2777777777777778,0.0,0.0,0.0,0.05555555555555555,0.0,0.0,0.0,0.0,0.0,0.0,0.0,0.0,0.0,0.0,0.0,0.21987286652833268,0.047619047619047616,1.0,0.15640879632708984,18.0,2.9444389791664403,3.051894810118672,5.441325637320195,9.055555555555555
0.0625,0.0,0.0,0.0,0.0,0.75,0.0,0.0,0.0,0.0,0.25,0.0,0.0,0.0,0.0,0.0,0.0,0.0,0.0,0.0,0.0,0.0,0.0,0.0,0.0,0.0,0.0,0.0,0.0,0.0,0.0,0.0,0.0,0.0,0.0,0.0,0.0,0.0,0.0,0.0,0.0,0.0,0.0,0.0,0.0625,0.0,0.0,0.0,0.0,0.0,0.0,0.0,0.0,0.0,0.0,0.0,0.0,0.0,0.0,0.0,0.19201364772793342,0.0,1.0,0.20468296878984904,16.0,2.833213344056216,1.311278124459133,2.057759704144291,4.625
0.058823529411764705,0.0,0.0,0.0,0.7058823529411765,0.7843137254901961,0.0,0.0196078431372549,0.17647058823529413,0.0,0.49019607843137253,0.0,0.0,0.0392156862745098,0.0,0.0,0.11764705882352941,0.0,0.0784313725490196,0.0,0.0,0.058823529411764705,0.1568627450980392,0.7450980392156863,0.0,0.0,0.0,0.0,0.0,0.0,0.0,0.0,0.0392156862745098,0.0,0.0,0.1568627450980392,0.0,0.13725490196078433,0.09803921568627451,0.0,0.0,0.0,0.0,0.0,0.17647058823529413,0.0,0.0,0.0,0.0,0.0,0.0,0.0,0.0,0.0,0.0,0.0,0.0,0.0,0.0392156862745098,0.0,0.2460620091655032,0.0,1.0,0.1966242735047241,51.0,3.9512437185814275,5.686530824783793,6.198373861235281,9.176470588235293
0.0,0.0,0.0,0.0,0.0,0.0,0.0,0.0,0.0,0.0,0.23076923076923078,0.0,0.0,0.0,0.0,0.0,0.0,0.0,0.038461538461538464,0.0,0.0,0.07692307692307693,0.0,0.0,0.0,0.0,0.0,0.0,0.0,0.0,0.0,0.0,0.0,0.8846153846153846,0.0,0.0,0.0,0.0,0.0,0.0,0.0,0.0,0.0,0.0,0.038461538461538464,0.0,0.0,0.0,0.0,0.0,0.0,0.0,0.0,0.0,0.0,0.0,0.0,0.0,0.0,0.0,0.3718064327518109,0.0,1.0,0.25623370549110175,26.0,3.295836866004329,1.2908773348083775,2.6359485677969907,5.884615384615385
0.0,0.0,0.0,0.0,0.0,0.0,0.0,0.0,0.0,0.0,0.16666666666666666,0.0,0.0,0.0,0.0,0.0,0.0,0.0,0.0,0.0,0.0,0.0,0.0,0.0,0.0,0.0,0.0,0.0,0.0,0.0,0.0,0.0,0.0,0.0,0.0,0.16666666666666666,0.0,0.0,0.0,0.0,0.0,0.0,0.0,0.0,0.0,0.0,0.0,0.0,0.0,0.0,0.0,0.0,0.0,0.0,0.0,0.0,0.0,0.0,0.0,0.0,0.346031746031746,0.0,1.0,0.28075950692837215,6.0,1.9459101490553132,0.861654166907052,1.0671873729054746,4.166666666666667
0.1016949152542373,0.0,0.0,0.0,0.2033898305084746,0.15254237288135594,0.0,0.0,0.0,0.0,0.3050847457627119,0.0,0.0,0.13559322033898305,0.0,0.0,0.05084745762711865,0.0,0.03389830508474576,0.0,0.0,0.23728813559322035,0.0,0.0,0.0,0.0,0.01694915254237288,0.0,0.0,0.0,0.01694915254237288,0.0,0.0,0.0,0.0,0.05084745762711865,0.0,0.0,0.01694915254237288,0.0,0.0,0.0,0.288135593220339,0.0,0.15254237288135594,0.0,0.0,0.0,0.01694915254237288,0.0,0.0,0.06779661016949153,0.0,0.0,0.0,0.0,0.0,0.0,0.0,0.15254237288135594,0.06411489304346447,0.0,0.625,0.1199873281925424,59.0,4.0943445622221,5.2318019920749705,4.280793607474674,6.254237288135593
0.1875,0.0,0.0,0.0,0.3125,0.40625,0.0,0.0,0.0,0.0,0.03125,0.0,0.0,0.0,0.0,0.0,0.0,0.0,0.0625,0.0,0.0,0.0,0.0,0.0,0.0,0.0,0.03125,0.0,0.0,0.0,0.375,0.03125,0.0,0.03125,0.0,0.03125,0.0,0.0,0.0,0.0,0.03125,0.0,0.0,0.0,0.03125,0.0,0.0,0.0,0.0,0.0,0.0,0.0,0.0,0.0,0.0,0.0,0.0,0.0,0.0,0.0,0.11658233301090443,0.0,0.75,0.15900598966937318,32.0,3.4965075614664802,3.37955242819723,3.106822130409142,5.8125
0.2857142857142857,0.0,0.0,0.0,0.7142857142857143,0.42857142857142855,0.0,0.0,0.0,0.0,0.8571428571428571,0.0,0.0,0.0,0.0,0.0,0.0,0.0,0.0,0.0,0.0,0.0,0.0,0.0,0.0,0.0,0.0,0.0,0.0,0.0,0.0,0.0,0.0,0.0,0.0,0.0,0.0,0.14285714285714285,0.0,0.0,0.0,0.0,0.0,0.0,0.0,0.0,0.0,0.0,0.0,0.0,0.0,0.0,0.0,0.0,0.0,0.0,0.0,0.0,0.0,0.0,0.3243420600563458,0.0,1.0,0.2635730728514539,7.0,2.0794415416798357,1.9786758134360074,1.7728105208558367,5.0
0.2,0.0,0.0,0.0,0.2,0.8,0.0,0.0,0.0,0.0,0.8,0.0,0.0,0.2,0.0,0.0,0.0,0.0,0.0,0.0,0.0,0.0,0.0,0.0,0.0,0.0,0.0,0.0,0.0,0.0,0.0,0.8,0.0,0.8,0.0,0.0,0.0,0.0,0.0,0.0,0.8,0.0,0.0,0.0,0.2,0.0,0.0,0.0,0.0,0.6,0.0,0.0,0.0,0.0,0.0,0.0,0.0,0.0,0.0,0.0,0.27879884004884004,0.0,0.7,0.25086839759926377,5.0,1.791759469228055,3.5874342119590628,3.4985711369071804,8.6
0.17647058823529413,0.0,0.0,0.0,0.11764705882352941,0.9411764705882353,0.0,0.0,0.0,0.0,0.23529411764705882,0.0,0.0,0.058823529411764705,0.0,0.0,0.0,0.0,0.0,0.0,0.0,0.0,0.0,0.0,0.0,0.0,0.0,0.0,0.0,0.0,0.0,0.23529411764705882,0.0,0.23529411764705882,0.0,0.0,0.0,0.0,0.0,0.0,0.23529411764705882,0.0,0.0,0.0,0.058823529411764705,0.29411764705882354,0.0,0.0,0.0,0.17647058823529413,0.0,0.0,0.0,0.0,0.0,0.0,0.0,0.0,0.0,0.0,0.28969350071848965,0.0,1.0,0.2615343693488018,17.0,2.8903717578961645,4.2936081211766,2.754047037816383,6.0588235294117645
0.08695652173913043,0.0,0.0,0.0,0.5652173913043478,0.5652173913043478,0.0,0.08695652173913043,0.34782608695652173,0.0,0.6956521739130435,0.0,0.0,0.13043478260869565,0.0,0.0,0.21739130434782608,0.0,0.08695652173913043,0.0,0.0,0.0,0.2608695652173913,0.0,0.0,0.0,0.0,0.0,0.0,0.0,0.0,0.0,0.0,0.0,0.0,0.043478260869565216,0.0,0.0,0.0,0.0,0.0,0.0,0.0,0.0,0.13043478260869565,0.0,0.0,0.0,0.0,0.0,0.0,0.0,0.0,0.0,0.0,0.0,0.0,0.0,0.043478260869565216,0.0,0.15622356086752373,0.0,0.7,0.13677641995684048,23.0,3.1780538303479458,4.888109719544212,4.481425644078304,9.217391304347826
0.16666666666666666,0.0,0.0,0.0,0.08333333333333333,1.0,0.0,0.0,0.0,0.0,0.0,0.0,0.0,0.0,0.0,0.0,0.0,0.0,0.0,0.0,0.0,0.0,0.0,0.0,0.0,0.0,0.0,0.0,0.0,0.0,0.0,0.0,0.0,0.0,0.0,0.0,0.0,0.0,0.0,0.0,0.0,0.0,0.0,0.0,0.0,0.4166666666666667,0.0,0.0,0.0,0.0,0.0,0.0,0.0,0.0,0.0,0.0,0.0,0.0,0.0,0.0,0.4884461498097862,0.1111111111111111,1.0,0.2078004189847252,12.0,2.5649493574615367,1.2558382942777029,1.35400640077266,5.0
0.14285714285714285,0.0,0.0,0.0,0.5,0.7142857142857143,0.0,0.07142857142857142,0.21428571428571427,0.0,0.5,0.0,0.0,0.0,0.0,0.0,0.14285714285714285,0.0,0.0,0.0,0.0,0.0,0.07142857142857142,0.0,0.0,0.0,0.0,0.0,0.0,0.0,0.0,0.0,0.0,0.0,0.0,0.07142857142857142,0.0,0.07142857142857142,0.0,0.0,0.0,0.0,0.0,0.0,0.14285714285714285,0.0,0.0,0.0,0.0,0.0,0.0,0.0,0.0,0.0,0.0,0.0,0.0,0.0,0.07142857142857142,0.0,0.17341150133517347,0.0,0.7,0.1618925200723987,14.0,2.70805020110221,4.385882119881815,5.3246634462965385,9.071428571428571
0.1111111111111111,0.0,0.0,0.0,0.5555555555555556,0.1111111111111111,0.0,0.0,0.0,0.0,0.2222222222222222,0.0,0.0,0.0,0.0,0.0,0.1111111111111111,0.0,0.0,0.0,0.0,0.2222222222222222,0.0,0.0,0.0,0.0,0.1111111111111111,0.0,0.0,0.0,0.2222222222222222,0.0,0.0,0.0,0.0,0.1111111111111111,0.0,0.0,0.0,0.0,0.0,0.0,0.0,0.0,0.2222222222222222,0.0,0.0,0.0,0.1111111111111111,0.0,0.0,0.0,0.0,0.0,0.0,0.0,0.0,0.0,0.0,0.0,0.07119758209423241,0.0,0.625,0.13188319672834137,9.0,2.302585092994046,4.513214950329681,6.494061864978869,9.222222222222221
0.0,0.0,0.0,0.0,0.4666666666666667,0.3333333333333333,0.0,0.0,0.26666666666666666,0.0,0.8,0.0,0.0,0.2,0.0,0.5333333333333333,0.2,0.0,0.13333333333333333,0.0,0.0,0.06666666666666667,0.0,0.0,0.0,0.0,0.0,0.0,0.0,0.0,0.0,0.0,0.0,0.0,0.0,0.13333333333333333,0.0,0.06666666666666667,0.06666666666666667,0.0,0.0,0.0,0.0,0.0,0.26666666666666666,0.0,0.0,0.0,0.13333333333333333,0.0,0.0,0.0,0.0,0.0,0.0,0.0,0.0,0.0,0.0,0.13333333333333333,0.16737518600996543,0.0,0.6,0.1573569883494814,15.0,2.772588722239781,6.060154267190981,5.185449728701348,11.333333333333334
0.0,0.0,0.0,0.0,0.16666666666666666,0.8333333333333334,0.0,0.0,0.16666666666666666,0.0,0.3333333333333333,0.0,0.0,0.0,0.0,0.0,0.0,0.0,0.0,0.0,0.0,0.0,0.0,0.0,0.0,0.0,0.0,0.0,0.0,0.0,0.0,0.0,0.0,0.0,0.0,0.0,0.0,0.0,0.0,0.0,0.0,0.0,0.0,0.0,0.3333333333333333,0.16666666666666666,0.0,0.0,0.0,0.0,0.0,0.0,0.0,0.0,0.0,0.0,0.0,0.0,0.0,0.0,0.17444283099081864,0.0,0.5,0.15497491477441763,6.0,1.9459101490553132,2.568318255702844,2.5,7.5
0.1111111111111111,0.0,0.0,0.0,0.0,0.2222222222222222,0.0,0.0,0.0,0.0,0.2222222222222222,0.0,0.0,0.0,0.0,0.0,0.0,0.0,0.0,0.0,0.0,0.3333333333333333,0.0,0.0,0.0,0.0,0.4444444444444444,0.0,0.0,0.0,0.3333333333333333,0.0,0.0,0.0,0.0,0.0,0.0,0.0,0.0,0.0,0.0,0.0,0.0,0.0,0.0,0.0,0.0,0.0,0.0,0.0,0.0,0.0,0.0,0.0,0.0,0.0,0.0,0.0,0.0,0.0,0.09755291005291006,0.0,0.6,0.18068370309492204,9.0,2.302585092994046,2.8932333352564163,1.640535895581489,4.444444444444445
0.0,0.0,0.0,0.0,0.043478260869565216,0.0,0.0,0.0,0.0,0.0,0.0,0.0,0.043478260869565216,0.0,0.043478260869565216,0.0,0.043478260869565216,0.0,0.08695652173913043,0.043478260869565216,0.0,0.4782608695652174,0.0,0.0,0.0,0.0,0.043478260869565216,0.0,0.0,0.0,0.0,0.0,0.0,0.0,0.0,0.043478260869565216,0.0,0.0,0.0,0.0,0.0,0.0,0.0,0.0,0.21739130434782608,0.0,0.0,0.0,0.13043478260869565,0.0,0.0,0.0,0.0,0.0,0.0,0.0,0.0,0.6086956521739131,0.0,0.30434782608695654,0.09994574208859922,0.0,1.0,0.13758817224318448,23.0,3.1780538303479458,4.012252465303192,2.89840579347808,5.6521739130434785
0.0,0.0,0.0,0.0,0.0,0.0,0.0,0.0,0.0,0.0,0.2857142857142857,0.0,0.0,0.0,0.0,0.0,0.0,0.0,0.0,0.0,0.0,0.2857142857142857,0.0,0.0,0.0,0.0,0.2857142857142857,0.0,0.0,0.0,0.5714285714285714,0.0,0.0,0.0,0.0,0.0,0.0,0.0,0.0,0.0,0.0,0.0,0.0,0.0,0.14285714285714285,0.0,0.0,0.0,0.14285714285714285,0.0,0.0,0.0,0.0,0.0,0.0,0.0,0.0,0.0,0.0,0.0,0.2436613065870032,0.1,0.7,0.14693029448526995,7.0,2.0794415416798357,2.8126084378130356,2.2587697572631282,8.571428571428571
0.0,0.0,0.0,0.0,0.1111111111111111,0.0,0.0,0.0,0.0,0.0,0.4444444444444444,0.0,0.0,0.0,0.0,0.0,0.3333333333333333,0.0,0.0,0.0,0.0,0.0,0.0,0.0,0.0,0.0,0.0,0.0,0.0,0.0,0.2222222222222222,0.0,0.0,0.0,0.0,0.1111111111111111,0.0,0.0,0.0,0.0,0.0,0.0,0.0,0.0,0.1111111111111111,0.0,0.0,0.0,0.0,0.0,0.0,0.0,0.0,0.0,0.0,0.0,0.0,0.0,0.0,0.0,0.4376813001813002,0.0,1.0,0.3336428495696428,9.0,2.302585092994046,2.58713472390492,1.9116278371205837,7.111111111111111
0.4,0.0,0.0,0.0,0.0,0.0,0.0,0.0,0.0,0.0,0.13333333333333333,0.0,0.0,0.0,0.0,0.0,0.06666666666666667,0.0,0.0,0.0,0.0,0.26666666666666666,0.0,0.0,0.0,0.0,0.0,0.0,0.0,0.0,0.06666666666666667,0.0,0.0,0.0,0.0,0.0,0.0,0.0,0.0,0.0,0.0,0.0,0.6666666666666666,0.0,0.2,0.0,0.0,0.0,0.06666666666666667,0.0,0.0,0.0,0.0,0.0,0.0,0.0,0.0,0.0,0.0,0.6666666666666666,0.24412497624298868,0.0,1.0,0.28037043460958183,15.0,2.772588722239781,3.4505745485924035,3.8551552786135894,6.266666666666667
0.15,0.0,0.0,0.0,0.5,0.65,0.0,0.0,0.0,0.0,0.0,0.0,0.0,0.0,0.0,0.0,0.0,0.0,0.05,0.0,0.0,0.0,0.0,0.0,0.0,0.0,0.05,0.0,0.0,0.0,0.0,0.05,0.0,0.05,0.0,0.05,0.0,0.0,0.0,0.0,0.05,0.0,0.0,0.0,0.05,0.0,0.0,0.0,0.0,0.0,0.0,0.0,0.0,0.0,0.0,0.0,0.0,0.0,0.0,0.0,0.11336132912676572,0.0,0.75,0.14227432623439817,20.0,3.044522437723423,2.8271871172205834,3.1220986531498327,5.95
0.16,0.0,0.0,0.0,0.12,0.56,0.0,0.0,0.0,0.0,0.36,0.0,0.0,0.0,0.0,0.0,0.0,0.0,0.0,0.0,0.0,0.08,0.0,0.0,0.0,0.0,0.0,0.0,0.0,0.0,0.0,0.6,0.0,0.88,0.0,0.0,0.0,0.0,0.0,0.0,0.64,0.0,0.0,0.0,0.04,0.0,0.0,0.0,0.0,0.48,0.0,0.0,0.0,0.0,0.0,0.0,0.0,0.0,0.0,0.0,0.2992517014575838,0.0,0.8571428571428571,0.18092308875144608,25.0,3.258096538021482,3.7912128248468036,2.852086955196142,6.16
0.0,0.0,0.0,0.0,0.36,0.28,0.0,0.0,0.44,0.0,0.8,0.0,0.0,0.08,0.0,0.0,0.2,0.0,0.04,0.0,0.0,0.0,0.0,0.0,0.0,0.0,0.0,0.0,0.0,0.0,0.0,0.0,0.0,0.0,0.0,0.04,0.0,0.12,0.04,0.0,0.0,0.0,0.0,0.0,0.12,0.0,0.0,0.0,0.0,0.0,0.0,0.0,0.0,0.0,0.0,0.0,0.0,0.0,0.0,0.0,0.13208080715709264,0.0,0.8333333333333334,0.13969604565553925,25.0,3.258096538021482,3.870816212276094,5.832872362738618,8.24
0.0,0.0,0.0,0.0,0.125,0.0,0.0,0.0,0.25,0.0,0.875,0.0,0.0,0.0,0.0,0.0,0.0,0.0,0.0,0.0,0.0,0.0,0.0,0.0,0.0,0.0,0.0,0.0,0.0,0.0,0.0,0.0,0.0,0.0,0.0,0.0,0.0,0.0,0.0,0.0,0.0,0.0,0.0,0.0,0.125,0.0,0.0,0.0,0.0,0.0,0.0,0.0,0.0,0.0,0.0,0.0,0.0,0.0,0.0,0.0,0.24237638651338342,0.0,1.0,0.25685037112219467,8.0,2.1972245773362196,1.4185644431995965,3.6890886408434267,9.125
0.07142857142857142,0.0,0.0,0.0,0.07142857142857142,0.6428571428571429,0.0,0.0,0.0,0.0,0.07142857142857142,0.0,0.0,0.0,0.0,0.0,0.0,0.0,0.0,0.0,0.0,0.0,0.0,0.0,0.0,0.0,0.07142857142857142,0.0,0.0,0.0,0.07142857142857142,0.0,0.0,0.0,0.0,0.0,0.0,0.0,0.0,0.0,0.0,0.0,0.0,0.0,0.14285714285714285,0.14285714285714285,0.0,0.0,0.0,0.0,0.0,0.0,0.0,0.0,0.0,0.0,0.0,0.0,0.0,0.0,0.19715760430046142,0.0,1.0,0.27964599743371055,14.0,2.70805020110221,2.5716473988611472,1.486332289048915,3.9285714285714284
0.10810810810810811,0.0,0.0,0.0,0.02702702702702703,0.05405405405405406,0.0,0.0,0.0,0.0,0.35135135135135137,0.0,0.0,0.1891891891891892,0.0,0.0,0.05405405405405406,0.0,0.02702702702702703,0.0,0.0,0.2702702702702703,0.0,0.0,0.0,0.0,0.02702702702702703,0.0,0.0,0.0,0.0,0.0,0.0,0.0,0.0,0.02702702702702703,0.0,0.0,0.0,0.0,0.0,0.0,0.43243243243243246,0.0,0.08108108108108109,0.0,0.0,0.0,0.0,0.0,0.0,0.10810810810810811,0.0,0.0,0.0,0.0,0.0,0.0,0.0,0.21621621621621623,0.13149152974893796,0.0,1.0,0.19473583552894663,37.0,3.6375861597263857,4.50158720134159,3.054891059663739,5.27027027027027
0.0,0.0,0.0,0.0,0.4,0.6,0.0,0.0,0.2,0.0,1.0,0.0,0.0,0.0,0.0,0.0,0.4,0.0,0.0,0.0,0.0,0.0,0.0,0.0,0.0,0.0,0.0,0.0,0.0,0.0,0.0,0.0,0.0,0.0,0.0,0.0,0.0,0.0,0.0,0.0,0.0,0.0,0.0,0.0,0.0,0.0,0.0,0.0,0.0,0.0,0.0,0.0,0.0,0.0,0.0,0.0,0.0,0.0,0.0,0.0,0.24406417112299467,0.05555555555555555,0.7,0.2532616635823207,5.0,1.791759469228055,1.9641074513870858,2.4979991993593593,7.6
0.0,0.0,0.0,0.0,0.3,0.9,0.0,0.0,0.1,0.0,1.0,0.0,0.0,0.0,0.0,0.0,0.2,0.0,0.0,0.0,0.0,0.0,0.0,0.0,0.0,0.0,0.0,0.0,0.0,0.0,0.0,0.0,0.0,0.0,0.0,0.0,0.0,0.0,0.0,0.0,0.0,0.0,0.0,0.0,0.0,0.0,0.0,0.0,0.0,0.0,0.0,0.0,0.0,0.0,0.0,0.0,0.0,0.0,0.0,0.0,0.3379391995078269,0.05555555555555555,1.0,0.2611557752302499,10.0,2.3978952727983707,1.4544708908166155,1.9390719429665317,6.8
0.0,0.0,0.0,0.0,0.2727272727272727,0.8181818181818182,0.0,0.0,0.09090909090909091,0.0,1.0,0.0,0.0,0.0,0.0,0.0,0.18181818181818182,0.0,0.0,0.0,0.0,0.0,0.0,0.0,0.0,0.0,0.0,0.0,0.0,0.0,0.0,0.0,0.0,0.0,0.0,0.0,0.0,0.0,0.0,0.0,0.0,0.0,0.0,0.0,0.0,0.0,0.0,0.0,0.0,0.0,0.0,0.0,0.0,0.0,0.0,0.0,0.0,0.0,0.0,0.0,0.2981997622104574,0.05555555555555555,1.0,0.2510696441645098,11.0,2.4849066497880004,1.5097510694922889,2.147456692912312,6.454545454545454
0.0,0.0,0.0,0.0,0.09090909090909091,0.09090909090909091,0.0,0.09090909090909091,0.0,0.0,0.0,0.0,0.0,0.0,0.0,0.0,0.0,0.0,0.0,0.0,0.0,0.0,0.0,0.0,0.0,0.0,0.0,0.0,0.0,0.0,0.0,0.0,0.0,0.0,0.0,0.0,0.0,0.0,0.0,0.0,0.0,0.0,0.0,0.0,0.09090909090909091,0.09090909090909091,0.0,0.0,0.0,0.0,0.0,0.0,0.0,0.0,0.0,0.0,0.0,0.0,0.0,0.0,0.14772560686647374,0.0,0.8,0.1909817234596615,11.0,2.4849066497880004,1.572468917562408,3.6949820787093772,5.7272727272727275
0.08,0.0,0.0,0.0,0.52,0.56,0.0,0.0,0.08,0.0,0.56,0.0,0.0,0.04,0.0,0.0,0.0,0.0,0.0,0.0,0.0,0.0,0.0,0.0,0.0,0.0,0.0,0.0,0.0,0.0,0.0,0.0,0.0,0.0,0.0,0.0,0.0,0.04,0.0,0.0,0.0,0.0,0.0,0.0,0.04,0.0,0.0,0.0,0.0,0.0,0.0,0.0,0.0,0.0,0.0,0.0,0.0,0.0,0.0,0.0,0.1587247461042242,0.0,1.0,0.1704221813347912,25.0,3.258096538021482,2.567737718229587,2.2039963702329457,5.68
0.1282051282051282,0.0,0.0,0.0,0.05128205128205128,0.05128205128205128,0.0,0.0,0.05128205128205128,0.0,0.358974358974359,0.0,0.0,0.0,0.0,0.0,0.10256410256410256,0.0,0.0,0.0,0.0,0.0,0.0,0.0,0.0,0.0,0.0,0.0,0.0,0.0,0.0,0.0,0.0,0.0,0.0,0.02564102564102564,0.0,0.0,0.0,0.0,0.0,0.0,0.0,0.0,0.0,0.0,0.0,0.0,0.0,0.0,0.0,0.0,0.0,0.0,0.0,0.02564102564102564,0.0,0.0,0.05128205128205128,0.0,0.1034816241959099,0.0,0.8,0.12522299537796597,39.0,3.6888794541139363,2.3975811240823317,1.8856180831641267,4.666666666666667
0.02857142857142857,0.0,0.0,0.0,0.6857142857142857,0.34285714285714286,0.0,0.0,0.14285714285714285,0.0,0.5142857142857142,0.0,0.0,0.02857142857142857,0.02857142857142857,0.0,0.11428571428571428,0.0,0.02857142857142857,0.0,0.0,0.0,0.0,0.14285714285714285,0.0,0.0,0.0,0.0,0.0,0.0,0.0,0.0,0.0,0.08571428571428572,0.0,0.05714285714285714,0.0,0.0,0.08571428571428572,0.0,0.0,0.0,0.0,0.0,0.11428571428571428,0.0,0.0,0.0,0.0,0.0,0.0,0.05714285714285714,0.0,0.0,0.0,0.0,0.0,0.0,0.05714285714285714,0.0,0.10923430376787233,0.0,0.5,0.08762070889519821,35.0,3.58351893845611,4.815158556743807,4.088211025345329,7.9714285714285715
0.08333333333333333,0.0,0.0,0.0,0.5833333333333334,0.5416666666666666,0.0,0.08333333333333333,0.16666666666666666,0.0,0.6666666666666666,0.0,0.0,0.041666666666666664,0.0,0.0,0.08333333333333333,0.0,0.0,0.0,0.0,0.0,0.125,0.0,0.0,0.0,0.0,0.0,0.0,0.0,0.0,0.0,0.0,0.0,0.0,0.041666666666666664,0.0,0.041666666666666664,0.0,0.0,0.0,0.0,0.0,0.0,0.16666666666666666,0.0,0.0,0.0,0.0,0.0,0.0,0.0,0.0,0.0,0.0,0.0,0.0,0.0,0.041666666666666664,0.0,0.15614788644624897,0.0,0.7142857142857143,0.13441827432397802,24.0,3.2188758248682006,4.219751137472911,4.550450221925543,7.958333333333333
0.2,0.0,0.0,0.0,0.1,0.0,0.0,0.0,0.0,0.0,0.9,0.0,0.0,0.8,0.0,0.0,0.1,0.0,0.0,0.0,0.0,0.2,0.0,0.0,0.0,0.0,0.0,0.0,0.0,0.0,0.0,0.0,0.0,0.0,0.0,0.0,0.0,0.0,0.0,0.0,0.0,0.0,0.2,0.0,0.1,0.0,0.0,0.0,0.0,0.0,0.0,0.0,0.0,0.0,0.0,0.0,0.0,0.0,0.0,0.0,0.3710541709561317,0.0,1.0,0.3186929254186339,10.0,2.3978952727983707,2.784080545409061,2.638181191654584,5.8
0.0,0.0,0.0,0.0,0.16666666666666666,0.0,0.0,0.0,0.0,0.0,0.8333333333333334,0.0,0.0,0.0,0.0,0.0,0.3333333333333333,0.16666666666666666,0.0,0.0,0.0,0.0,0.0,0.0,0.0,0.0,0.0,0.0,0.0,0.0,0.0,0.0,0.0,0.8333333333333334,0.0,0.0,0.0,0.0,0.0,0.0,0.0,0.0,0.3333333333333333,0.0,0.0,0.0,0.0,0.0,0.0,0.0,0.0,0.0,0.0,0.0,0.0,0.0,0.0,0.0,0.0,0.0,0.27051411551411547,0.13636363636363635,0.7,0.13709966272485866,6.0,1.9459101490553132,2.3566865104441455,2.0548046676563256,10.666666666666666
0.0,0.0,0.0,0.0,0.6666666666666666,0.6666666666666666,0.0,0.0,0.16666666666666666,0.0,0.16666666666666666,0.0,0.0,0.0,0.0,0.0,0.3333333333333333,0.0,0.0,0.0,0.0,0.0,0.0,0.0,0.0,0.0,0.0,0.0,0.0,0.0,0.0,0.0,0.0,0.0,0.0,0.16666666666666666,0.0,0.0,0.0,0.0,0.0,0.0,0.0,0.0,0.0,0.0,0.0,0.0,0.0,0.0,0.0,0.0,0.0,0.0,0.0,0.0,0.0,0.0,0.0,0.0,0.20012647483235718,0.0,0.6,0.18621416256704146,6.0,1.9459101490553132,2.6007520848958383,5.055250296034368,6.333333333333333
0.09090909090909091,0.0,0.0,0.0,0.7272727272727273,0.45454545454545453,0.0,0.0,0.18181818181818182,0.0,0.5454545454545454,0.0,0.0,0.2727272727272727,0.0,0.7272727272727273,0.0,0.0,0.09090909090909091,0.0,0.0,0.18181818181818182,0.0,0.0,0.0,0.09090909090909091,0.0,0.09090909090909091,0.0,0.0,0.0,0.0,0.0,0.0,0.0,0.09090909090909091,0.09090909090909091,0.09090909090909091,0.0,0.0,0.0,0.0,0.0,0.0,0.09090909090909091,0.0,0.0,0.0,0.0,0.0,0.0,0.0,0.0,0.0,0.0,0.0,0.0,0.0,0.0,0.0,0.1839237909422016,0.0,0.5714285714285714,0.14675410540295183,11.0,2.4849066497880004,5.583802272894477,4.391953574247696,8.272727272727273
0.0,0.0,0.0,0.0,0.8333333333333334,0.3888888888888889,0.0,0.0,0.05555555555555555,0.0,0.3888888888888889,0.0,0.0,0.05555555555555555,0.05555555555555555,0.0,0.05555555555555555,0.0,0.05555555555555555,0.0,0.0,0.0,0.0,0.16666666666666666,0.0,0.0,0.0,0.0,0.0,0.0,0.0,0.0,0.0,0.0,0.0,0.1111111111111111,0.0,0.0,0.0,0.0,0.0,0.0,0.0,0.0,0.2222222222222222,0.0,0.0,0.0,0.0,0.0,0.0,0.1111111111111111,0.0,0.0,0.0,0.0,0.0,0.0,0.05555555555555555,0.0,0.1512351009159046,0.0,0.8333333333333334,0.17495027025637155,18.0,2.9444389791664403,4.2864074845138145,4.444791653104358,7.277777777777778
0.0,0.0,0.0,0.0,0.0,0.23076923076923078,0.0,0.0,0.0,0.0,0.07692307692307693,0.0,0.0,0.0,0.0,0.0,0.0,0.0,0.0,0.0,0.0,0.0,0.0,0.0,0.0,0.0,0.0,0.0,0.0,0.0,0.0,0.0,0.0,0.0,0.0,0.0,0.0,0.0,0.0,0.0,0.0,0.0,0.0,0.0,0.0,0.0,0.0,0.0,0.0,0.0,0.0,0.15384615384615385,0.0,0.0,0.0,0.0,0.0,0.0,0.0,0.0,0.2774743774743775,0.0,1.0,0.2827494944238154,13.0,2.6390573296152584,1.1882885235910066,2.1538461538461537,4.230769230769231
0.08333333333333333,0.0,0.0,0.0,0.2916666666666667,0.4166666666666667,0.0,0.0,0.0,0.0,0.5416666666666666,0.0,0.0,0.375,0.0,0.0,0.041666666666666664,0.0,0.0,0.0,0.0,0.08333333333333333,0.0,0.0,0.0,0.0,0.0,0.0,0.0,0.0,0.0,0.0,0.0,0.0,0.0,0.0,0.0,0.0,0.0,0.0,0.0,0.0,0.08333333333333333,0.0,0.08333333333333333,0.0,0.0,0.0,0.0,0.0,0.0,0.0,0.0,0.0,0.0,0.0,0.0,0.0,0.041666666666666664,0.0,0.15164198235626808,0.0,1.0,0.21575243127853397,24.0,3.2188758248682006,3.6315564909685327,1.8984642916490861,5.75
0.0,0.0,0.0,0.0,0.4,0.7333333333333333,0.0,0.0,0.0,0.0,0.26666666666666666,0.0,0.0,0.06666666666666667,0.0,0.0,0.0,0.0,0.0,0.0,0.0,0.0,0.0,0.0,0.0,0.0,0.0,0.0,0.0,0.0,0.0,0.0,0.0,0.0,0.0,0.0,0.0,0.0,0.0,0.0,0.0,0.0,0.0,0.0,0.06666666666666667,0.0,0.0,0.0,0.0,0.0,0.0,0.0,0.0,0.0,0.0,0.0,0.0,0.0,0.06666666666666667,0.0,0.20857343714486573,0.0,1.0,0.21937662106168235,15.0,2.772588722239781,2.146790099017816,1.07496769977314,5.666666666666667
0.1111111111111111,0.0,0.0,0.0,0.05555555555555555,0.05555555555555555,0.0,0.0,0.05555555555555555,0.0,0.3888888888888889,0.0,0.0,0.0,0.0,0.0,0.08333333333333333,0.0,0.0,0.0,0.0,0.0,0.0,0.0,0.0,0.0,0.0,0.0,0.0,0.0,0.0,0.0,0.0,0.0,0.0,0.027777777777777776,0.0,0.0,0.0,0.0,0.0,0.0,0.0,0.0,0.0,0.0,0.0,0.0,0.0,0.0,0.0,0.0,0.0,0.0,0.0,0.027777777777777776,0.0,0.0,0.027777777777777776,0.0,0.07693713693713694,0.0,1.0,0.16101531984189768,36.0,3.6109179126442243,2.3066637120083175,1.974177434581268,5.138888888888889
0.1111111111111111,0.0,0.0,0.0,0.7777777777777778,0.0,0.0,0.0,0.0,0.0,0.2222222222222222,0.0,0.0,0.0,0.0,0.0,0.1111111111111111,0.0,0.0,0.0,0.0,0.0,0.0,0.0,0.0,0.0,0.0,0.0,0.0,0.0,0.0,0.0,0.0,0.0,0.0,0.1111111111111111,0.0,0.0,0.0,0.0,0.0,0.0,0.0,0.0,0.0,0.0,0.0,0.0,0.1111111111111111,0.0,0.0,0.0,0.0,0.0,0.0,0.0,0.0,0.0,0.1111111111111111,0.0,0.2438281625781626,0.0,0.8,0.21675546597325912,9.0,2.302585092994046,2.525273951754349,1.632993161855452,4.333333333333333
0.0,0.0,0.0,0.0,0.625,0.25,0.0,0.0,0.25,0.0,0.375,0.0,0.0,0.0,0.0,0.0,0.25,0.0,0.0,0.0,0.0,0.0,0.0,0.0,0.0,0.0,0.0,0.0,0.0,0.0,0.0,0.0,0.0,0.0,0.0,0.125,0.0,0.0,0.0,0.0,0.0,0.0,0.0,0.0,0.25,0.0,0.0,0.0,0.0,0.0,0.0,0.0,0.0,0.0,0.0,0.0,0.0,0.0,0.125,0.0,0.18126674912389198,0.0,0.8,0.27056581542592717,8.0,2.1972245773362196,3.704434002924965,1.899835519196333,5.875
0.0,0.0,0.0,0.0,0.0,0.0,0.0,0.0,0.6666666666666666,0.0,1.0,0.0,0.0,0.16666666666666666,0.0,0.0,0.16666666666666666,0.0,0.0,0.0,0.0,0.16666666666666666,0.0,0.0,0.0,0.0,0.0,0.0,0.0,0.0,0.0,0.0,0.0,0.0,0.0,0.0,0.0,0.0,0.0,0.0,0.0,0.0,0.0,0.0,0.5,0.0,0.0,0.0,0.0,0.0,0.0,0.8333333333333334,0.0,0.0,0.0,0.0,0.0,0.0,0.0,0.0,0.32136604136604136,0.16666666666666666,1.0,0.2034826691786957,6.0,1.9459101490553132,2.401651589036177,2.2110831935702664,5.333333333333333
0.375,0.0,0.0,0.0,0.0,0.375,0.0,0.0,0.0,0.0,0.0,0.0,0.0,0.0,0.125,0.0,0.0,0.0,0.0,0.0,0.0,0.0,0.0,0.0,0.0,0.0,0.0,0.0,0.0,0.0,0.0,0.0,0.0,0.0,0.0,0.0,0.0,0.0,0.0,0.0,0.0,0.0,0.0,0.0,0.0,0.0,0.0,0.0,0.0,0.0,0.0,0.0,0.0,0.0,0.0,0.0,0.0,0.0,0.0,0.0,0.19756056384591036,0.0,1.0,0.22556960040713284,8.0,2.1972245773362196,1.436278124459133,5.732309743899051,7.125
0.25,0.0,0.0,0.0,0.0,0.3333333333333333,0.0,0.0,0.0,0.0,0.0,0.0,0.0,0.0,0.08333333333333333,0.0,0.0,0.0,0.0,0.0,0.0,0.0,0.0,0.0,0.0,0.0,0.0,0.0,0.0,0.0,0.0,0.0,0.0,0.0,0.0,0.0,0.0,0.0,0.0,0.0,0.0,0.0,0.0,0.0,0.0,0.0,0.0,0.0,0.0,0.0,0.0,0.0,0.0,0.0,0.0,0.0,0.0,0.0,0.0,0.0,0.16080475783119907,0.0,1.0,0.18605887912147606,12.0,2.5649493574615367,1.3270677086338152,4.73389081224126,6.916666666666667
0.21428571428571427,0.0,0.0,0.0,0.0,0.35714285714285715,0.0,0.0,0.0,0.0,0.0,0.0,0.0,0.0,0.0,0.0,0.0,0.0,0.0,0.0,0.0,0.0,0.0,0.0,0.0,0.0,0.0,0.0,0.0,0.0,0.0,0.0,0.0,0.0,0.0,0.0,0.0,0.0,0.0,0.0,0.0,0.0,0.0,0.0,0.14285714285714285,0.07142857142857142,0.0,0.0,0.0,0.0,0.0,0.0,0.0,0.0,0.0,0.0,0.0,0.0,0.0,0.0,0.1245037606220541,0.0,1.0,0.1784216667688963,14.0,2.70805020110221,1.679741154716669,3.087168969282044,5.571428571428571
0.0,0.0,0.0,0.0,0.2,0.4,0.0,0.0,0.2,0.0,0.4,0.0,0.0,0.0,0.0,0.0,0.0,0.0,0.2,0.0,0.0,0.2,0.0,0.0,0.0,0.0,0.0,0.0,0.0,0.0,0.0,0.0,0.0,0.0,0.0,0.0,0.0,0.0,0.0,0.0,0.0,0.0,0.0,0.0,0.0,0.0,0.0,0.0,0.0,0.0,0.0,0.0,0.0,0.0,0.0,0.0,0.0,0.0,0.0,0.0,0.06642857142857142,0.0,0.25,0.10212287516836303,5.0,1.791759469228055,2.9150849518197797,2.6381811916545836,5.8
0.25,0.0,0.0,0.0,0.0,0.3333333333333333,0.0,0.0,0.0,0.0,0.0,0.0,0.0,0.0,0.08333333333333333,0.0,0.0,0.0,0.0,0.0,0.0,0.0,0.0,0.0,0.0,0.0,0.0,0.0,0.0,0.0,0.0,0.0,0.0,0.0,0.0,0.0,0.0,0.0,0.0,0.0,0.0,0.0,0.0,0.0,0.0,0.0,0.0,0.0,0.0,0.0,0.0,0.0,0.0,0.0,0.0,0.0,0.0,0.0,0.0,0.0,0.16080475783119907,0.0,1.0,0.18605887912147606,12.0,2.5649493574615367,1.3270677086338152,4.73389081224126,6.916666666666667
0.08333333333333333,0.0,0.0,0.0,0.3333333333333333,0.9166666666666666,0.0,0.0,0.0,0.0,0.08333333333333333,0.0,0.0,0.08333333333333333,0.0,0.0,0.08333333333333333,0.0,0.08333333333333333,0.0,0.0,0.0,0.0,0.0,0.0,0.0,0.0,0.0,0.0,0.0,0.0,0.0,0.0,0.0,0.0,0.0,0.0,0.0,0.08333333333333333,0.0,0.0,0.0,0.0,0.0,0.0,0.0,0.0,0.0,0.0,0.0,0.0,0.0,0.0,0.0,0.0,0.0,0.0,0.0,0.0,0.0,0.21440340516297454,0.0,1.0,0.23775220855214815,12.0,2.5649493574615367,2.435872059177834,3.094574104604524,6.916666666666667
0.0,0.0,0.0,0.0,0.42857142857142855,0.7142857142857143,0.0,0.0,0.0,0.0,0.14285714285714285,0.0,0.0,0.0,0.0,0.0,0.0,0.0,0.0,0.0,0.0,0.14285714285714285,0.0,0.0,0.0,0.0,0.0,0.0,0.0,0.0,0.0,0.0,0.0,0.0,0.0,0.0,0.0,0.0,0.0,0.0,0.0,0.0,0.0,0.0,0.0,0.0,0.0,0.0,0.0,0.0,0.0,0.0,0.0,0.0,0.0,0.0,0.0,0.0,0.0,0.0,0.2849708262751741,0.0,1.0,0.3944422833988634,7.0,2.0794415416798357,1.672717320567966,4.435478484645721,6.428571428571429
0.2,0.0,0.0,0.0,0.0,0.0,0.0,0.0,0.0,0.0,0.0,0.0,0.0,0.0,0.0,0.0,0.0,0.0,0.0,0.0,0.0,0.0,0.0,0.0,0.0,0.0,0.0,0.0,0.0,0.0,0.0,0.0,0.0,0.0,0.0,0.0,0.0,0.0,0.0,0.0,0.0,0.0,0.0,0.0,0.2,0.0,0.0,0.0,0.0,0.0,0.0,0.0,0.0,0.0,0.0,0.0,0.0,0.0,0.0,0.0,0.30038961038961043,0.08333333333333333,0.7272727272727273,0.18590497682260596,5.0,1.791759469228055,0.9287712379549449,2.727636339397171,6.4
0.0,0.0,0.0,0.0,0.8,0.0,0.0,0.0,0.8,0.0,0.6,0.0,0.0,0.0,0.0,0.0,0.2,0.0,0.0,0.0,0.0,0.0,0.0,0.0,0.0,0.0,0.0,0.0,0.0,0.0,0.0,0.0,0.0,0.0,0.0,0.0,0.0,0.0,0.0,0.0,0.0,0.0,0.0,0.0,0.0,0.0,0.0,0.0,0.0,0.0,0.0,0.0,0.0,0.0,0.0,0.0,0.0,0.0,0.0,0.0,0.1641908457040036,0.0,0.375,0.13002176801374105,5.0,1.791759469228055,1.4216499272969758,2.7856776554368237,8.2
0.06521739130434782,0.0,0.0,0.0,0.391304347826087,0.32608695652173914,0.0,0.0,0.2391304347826087,0.0,0.5434782608695652,0.0,0.0,0.0,0.0,0.0,0.10869565217391304,0.0,0.021739130434782608,0.0,0.0,0.021739130434782608,0.021739130434782608,0.0,0.0,0.0,0.0,0.0,0.0,0.0,0.0,0.0,0.0,0.0,0.0,0.043478260869565216,0.0,0.021739130434782608,0.0,0.0,0.0,0.0,0.0,0.0,0.08695652173913043,0.021739130434782608,0.0,0.0,0.0,0.0,0.0,0.0,0.0,0.0,0.0,0.0,0.0,0.0,0.021739130434782608,0.0,0.06526882377215228,0.0,0.5,0.08395475684475813,46.0,3.8501476017100584,3.8569635783262193,3.7753553645378104,7.086956521739131
0.0,0.0,0.0,0.0,0.375,0.5,0.0,0.0,0.125,0.0,0.5,0.0,0.0,0.0,0.0,0.0,0.25,0.0,0.125,0.0,0.0,0.0,0.0,0.0,0.0,0.0,0.0,0.0,0.0,0.0,0.0,0.0,0.0,0.0,0.0,0.125,0.0,0.0,0.125,0.0,0.0,0.0,0.0,0.0,0.125,0.125,0.0,0.0,0.0,0.0,0.0,0.0,0.0,0.0,0.0,0.0,0.0,0.0,0.0,0.0,0.17017204026132596,0.0,0.6666666666666666,0.15623294752684966,8.0,2.1972245773362196,4.280639062229566,3.018174116912409,7.125
0.07142857142857142,0.0,0.0,0.0,0.0,0.6428571428571429,0.0,0.0,0.0,0.0,0.21428571428571427,0.0,0.0,0.0,0.0,0.0,0.0,0.0,0.0,0.0,0.0,0.0,0.0,0.0,0.0,0.0,0.0,0.0,0.0,0.0,0.14285714285714285,0.0,0.0,0.0,0.0,0.0,0.0,0.0,0.0,0.0,0.0,0.0,0.0,0.0,0.14285714285714285,0.0,0.0,0.0,0.0,0.0,0.0,0.0,0.0,0.0,0.0,0.0,0.0,0.0,0.0,0.0,0.22260441024177285,0.0,1.0,0.23263361191624257,14.0,2.70805020110221,1.960058654273928,2.6039608762225974,5.071428571428571
0.0,0.0,0.0,0.0,1.0,0.875,0.0,0.0,0.125,0.0,0.375,0.0,0.0,0.125,0.0,0.0,0.0,0.0,0.25,0.0,0.0,0.125,0.625,0.0,0.0,0.0,0.0,0.0,0.0,0.0,0.0,0.0,0.25,0.0,0.0,0.75,0.0,0.5,0.25,0.0,0.0,0.0,0.0,0.0,0.5,0.0,0.0,0.0,0.0,0.0,0.0,0.0,0.0,0.0,0.0,0.0,0.0,0.0,0.125,0.0,0.23893715411572553,0.058823529411764705,0.5384615384615384,0.12657146161450927,8.0,2.1972245773362196,5.434276570583695,4.328322423295196,10.625
0.2608695652173913,0.0,0.0,0.0,0.2608695652173913,0.34782608695652173,0.0,0.0,0.043478260869565216,0.0,0.391304347826087,0.0,0.0,0.0,0.0,0.0,0.043478260869565216,0.0,0.043478260869565216,0.0,0.0,0.043478260869565216,0.0,0.0,0.0,0.0,0.0,0.0,0.0,0.0,0.0,0.0,0.0,0.0,0.0,0.0,0.0,0.0,0.043478260869565216,0.0,0.0,0.0,0.0,0.0,0.13043478260869565,0.0,0.0,0.0,0.08695652173913043,0.043478260869565216,0.0,0.0,0.0,0.0,0.0,0.0,0.0,0.0,0.0,0.0,0.09811801954659097,0.0,1.0,0.1733329554264034,23.0,3.1780538303479458,3.9408137268905374,2.978181528616297,5.0
0.0,0.0,0.0,0.0,0.375,0.0,0.0,0.0,0.25,0.0,0.5,0.0,0.0,0.0,0.0,0.0,0.0,0.0,0.0,0.0,0.0,0.0,0.0,0.0,0.0,0.0,0.0,0.0,0.0,0.0,0.0,0.0,0.125,0.0,0.0,0.0,0.0,0.25,0.0,0.0,0.0,0.0,0.0,0.0,0.0,0.0,0.0,0.0,0.125,0.0,0.0,0.0,0.0,0.0,0.0,0.0,0.0,0.0,0.375,0.0,0.2230784518751679,0.047619047619047616,0.7333333333333333,0.20767446049056623,8.0,2.1972245773362196,3.3112781244591325,3.998046397929869,9.625
0.0,0.0,0.0,0.0,0.8,0.6,0.0,0.0,0.0,0.0,0.4,0.0,0.0,0.0,0.0,0.0,0.0,0.0,0.0,0.0,0.0,0.0,0.0,0.0,0.0,0.0,0.0,0.0,0.0,0.0,0.0,0.0,0.0,0.0,0.0,0.0,0.0,0.0,0.0,0.0,0.0,0.0,0.0,0.0,0.0,0.0,0.0,0.0,0.0,0.0,0.0,0.0,0.0,0.0,0.0,0.0,0.0,0.0,0.0,0.0,0.3077777777777778,0.0,0.6666666666666666,0.21897911282095342,5.0,1.791759469228055,1.2284930703645585,1.9390719429665317,4.8
0.0,0.0,0.0,0.0,0.3333333333333333,0.3333333333333333,0.0,0.0,0.0,0.0,1.0,0.0,0.0,0.0,0.0,0.0,0.16666666666666666,0.0,0.0,0.0,0.0,0.0,0.0,0.0,0.0,0.0,0.0,0.0,0.0,0.0,0.0,0.0,0.0,0.0,0.0,0.0,0.0,0.0,0.0,0.0,0.0,0.0,0.0,0.0,0.3333333333333333,0.0,0.0,0.0,0.16666666666666666,0.0,0.0,0.0,0.0,0.0,0.0,0.0,0.0,0.0,0.0,0.0,0.1678114478114478,0.09090909090909091,0.8333333333333334,0.18242318596017854,6.0,1.9459101490553132,2.4466166676282084,0.4714045207910317,5.666666666666667
0.0,0.0,0.0,0.0,0.0,0.875,0.0,0.0,0.0,0.0,0.25,0.0,0.0,0.0,0.0,0.0,0.0,0.0,0.0,0.0,0.0,0.0,0.0,0.0,0.0,0.0,0.0,0.0,0.0,0.0,0.0,0.0,0.0,0.0,0.0,0.0,0.0,0.0,0.0,0.0,0.0,0.0,0.0,0.0,0.25,0.0,0.0,0.0,0.0,0.0,0.0,0.0,0.0,0.0,0.0,0.0,0.0,0.0,0.0,0.0,0.3641046453546454,0.08333333333333333,1.0,0.2646574296082996,8.0,2.1972245773362196,1.1685644431995965,2.7357585785299112,6.375
0.0,0.0,0.0,0.0,0.6666666666666666,0.4444444444444444,0.0,0.0,0.0,0.0,0.4444444444444444,0.0,0.0,0.0,0.0,0.0,0.1111111111111111,0.0,0.0,0.0,0.0,0.0,0.0,0.0,0.0,0.0,0.0,0.0,0.0,0.0,0.0,0.0,0.0,0.0,0.0,0.0,0.0,0.0,0.0,0.0,0.0,0.0,0.0,0.0,0.1111111111111111,0.0,0.0,0.0,0.0,0.0,0.0,0.0,0.0,0.0,0.0,0.0,0.0,0.0,0.0,0.0,0.16316310490717092,0.0,1.0,0.2406468396773059,9.0,2.302585092994046,2.134336113194451,8.399000528428559,9.11111111111111
0.022727272727272728,0.0,0.0,0.0,0.13636363636363635,0.29545454545454547,0.0,0.022727272727272728,0.0,0.0,0.3181818181818182,0.0,0.0,0.045454545454545456,0.0,0.0,0.0,0.0,0.0,0.0,0.0,0.6590909090909091,0.0,0.0,0.0,0.0,0.0,0.0,0.0,0.0,0.0,0.0,0.0,0.0,0.0,0.0,0.0,0.0,0.0,0.0,0.0,0.0,0.0,0.0,0.18181818181818182,0.0,0.0,0.0,0.0,0.0,0.0,0.0,0.0,0.0,0.0,0.0,0.5909090909090909,0.0,0.0,0.1590909090909091,0.26664954537215746,0.0,1.0,0.23970932593883898,44.0,3.8066624897703196,3.6021899309193635,3.168478530516991,6.2272727272727275
0.14814814814814814,0.0,0.0,0.0,0.037037037037037035,0.07407407407407407,0.0,0.0,0.07407407407407407,0.0,0.4444444444444444,0.0,0.0,0.0,0.0,0.0,0.1111111111111111,0.0,0.0,0.0,0.0,0.0,0.0,0.0,0.0,0.0,0.0,0.0,0.0,0.0,0.0,0.0,0.0,0.0,0.0,0.037037037037037035,0.0,0.0,0.0,0.0,0.0,0.0,0.0,0.0,0.0,0.0,0.0,0.0,0.0,0.0,0.0,0.0,0.0,0.0,0.0,0.0,0.0,0.0,0.0,0.0,0.08544045901188757,0.0,0.5714285714285714,0.1437636848100095,27.0,3.332204510175204,2.188805557158125,1.885618083164127,4.666666666666667
0.0,0.0,0.0,0.0,0.625,0.0,0.0,0.125,0.25,0.0,0.25,0.0,0.0,0.0,0.0,0.0,0.25,0.0,0.0,0.0,0.0,0.0,0.0,0.0,0.0,0.0,0.0,0.0,0.0,0.0,0.0,0.0,0.125,0.0,0.0,0.0,0.0,0.25,0.0,0.0,0.0,0.0,0.0,0.0,0.0,0.0,0.0,0.0,0.125,0.0,0.0,0.0,0.0,0.0,0.0,0.5,0.0,0.0,0.75,0.0,0.28817847713247974,0.047619047619047616,0.75,0.19531019238700073,8.0,2.1972245773362196,4.3600730651545305,3.6550478793033614,9.875
0.0,0.0,0.0,0.0,0.4666666666666667,0.0,0.0,0.0,0.7333333333333333,0.0,1.0,0.0,0.0,0.0,0.0,0.0,0.06666666666666667,0.0,0.0,0.0,0.0,0.0,0.0,0.0,0.0,0.0,0.0,0.0,0.0,0.0,0.0,0.0,0.0,0.0,0.0,0.0,0.0,0.06666666666666667,0.0,0.0,0.0,0.0,0.0,0.0,0.0,0.0,0.0,0.0,0.0,0.0,0.0,0.0,0.0,0.0,0.0,0.0,0.0,0.0,0.0,0.0,0.2549475470063705,0.047619047619047616,1.0,0.1852538584130548,15.0,2.772588722239781,1.3621719768504583,2.9544693074880453,5.933333333333334
0.0,0.0,0.0,0.0,0.2222222222222222,0.3333333333333333,0.0,0.0,0.1111111111111111,0.0,0.6666666666666666,0.0,0.0,0.0,0.0,0.0,0.0,0.0,0.1111111111111111,0.0,0.0,0.0,0.0,0.0,0.0,0.0,0.0,0.0,0.0,0.0,0.0,0.0,0.0,0.0,0.0,0.0,0.0,0.0,0.0,0.0,0.0,0.0,0.0,0.0,0.2222222222222222,0.0,0.0,0.0,0.1111111111111111,0.0,0.0,0.0,0.0,0.0,0.0,0.0,0.0,0.0,0.0,0.0,0.14048397136632435,0.0,0.5,0.11597744207396946,9.0,2.302585092994046,2.939348612954066,3.8809442659051068,6.222222222222222
0.0625,0.0,0.0,0.0,0.0625,0.0625,0.0,0.0,0.0625,0.0,0.875,0.0,0.0,0.0,0.0,0.0,0.1875,0.0,0.0,0.0,0.0,0.125,0.0,0.0,0.0,0.0,0.0,0.0,0.0,0.0,0.0,0.0,0.0,0.0,0.0,0.0,0.0,0.0,0.0,0.0,0.0,0.0,0.0,0.0,0.25,0.0,0.0,0.0,0.0,0.0,0.0,0.0,0.0,0.0,0.0,0.0,0.0,0.0,0.0,0.0,0.2558475284396609,0.0,1.0,0.2430490148126349,16.0,2.833213344056216,2.4963839743143796,4.01121474743001,5.6875
0.06896551724137931,0.0,0.0,0.0,0.13793103448275862,0.13793103448275862,0.0,0.0,0.13793103448275862,0.0,0.8275862068965517,0.0,0.0,0.0,0.0,0.0,0.2413793103448276,0.0,0.0,0.0,0.0,0.06896551724137931,0.0,0.0,0.0,0.0,0.0,0.0,0.0,0.0,0.0,0.0,0.0,0.0,0.0,0.0,0.0,0.0,0.0,0.0,0.0,0.0,0.0,0.0,0.1724137931034483,0.0,0.0,0.0,0.0,0.0,0.0,0.0,0.0,0.0,0.0,0.0,0.0,0.0,0.0,0.0,0.18239554096696953,0.0,1.0,0.18614079462691765,29.0,3.4011973816621555,2.872923682775378,3.2724119763084962,5.655172413793103
0.0,0.0,0.0,0.0,0.13333333333333333,0.13333333333333333,0.0,0.0,0.0,0.0,0.8666666666666667,0.0,0.0,0.0,0.0,0.0,0.2,0.0,0.0,0.0,0.0,0.13333333333333333,0.0,0.0,0.0,0.0,0.0,0.0,0.0,0.0,0.0,0.0,0.0,0.0,0.0,0.0,0.0,0.0,0.0,0.0,0.0,0.0,0.0,0.0,0.13333333333333333,0.0,0.0,0.0,0.0,0.0,0.0,0.0,0.0,0.0,0.0,0.0,0.0,0.0,0.0,0.0,0.29408295408295404,0.0,1.0,0.2596572815026244,15.0,2.772588722239781,2.1936513637737853,2.280350850198276,5.0
0.0,0.0,0.0,0.0,0.125,0.125,0.0,0.0,0.0,0.0,0.875,0.0,0.0,0.0,0.0,0.0,0.25,0.0,0.0,0.0,0.0,0.125,0.0,0.0,0.0,0.0,0.0,0.0,0.0,0.0,0.0,0.0,0.0,0.0,0.0,0.0,0.0,0.0,0.0,0.0,0.0,0.0,0.0,0.0,0.1875,0.0,0.0,0.0,0.0,0.0,0.0,0.0,0.0,0.0,0.0,0.0,0.0,0.0,0.0,0.0,0.2689525025239311,0.0,1.0,0.23891560520017438,16.0,2.833213344056216,2.2463839743143796,2.2603926650031405,5.125
0.14285714285714285,0.0,0.0,0.0,0.14285714285714285,0.5714285714285714,0.0,0.0,0.0,0.0,0.35714285714285715,0.0,0.0,0.07142857142857142,0.0,0.0,0.0,0.0,0.0,0.0,0.0,0.0,0.0,0.0,0.0,0.0,0.0,0.0,0.0,0.0,0.0,0.2857142857142857,0.0,0.42857142857142855,0.0,0.0,0.0,0.0,0.0,0.0,0.07142857142857142,0.0,0.0,0.0,0.0,0.0,0.0,0.0,0.0,0.07142857142857142,0.0,0.0,0.0,0.0,0.0,0.0,0.0,0.0,0.0,0.0,0.15707753784676862,0.0,1.0,0.22370845172179193,14.0,2.70805020110221,3.650088013068884,2.0763488362498044,5.214285714285714
0.0,0.0,0.0,0.0,0.0,0.17647058823529413,0.0,0.0,0.0,0.0,0.35294117647058826,0.0,0.0,0.0,0.0,0.0,0.0,0.0,0.058823529411764705,0.0,0.0,0.47058823529411764,0.0,0.0,0.0,0.0,0.0,0.0,0.0,0.0,0.0,0.0,0.0,0.0,0.0,0.0,0.0,0.0,0.0,0.0,0.0,0.0,0.11764705882352941,0.0,0.11764705882352941,0.0,0.0,0.0,0.0,0.0,0.0,0.0,0.0,0.0,0.0,0.0,0.0,0.0,0.0,0.29411764705882354,0.08167261390517741,0.0,1.0,0.16055246784335117,17.0,2.8903717578961645,2.9698349254607033,2.6359242944009504,7.411764705882353
0.0,0.0,0.0,0.0,0.26666666666666666,0.3333333333333333,0.0,0.0,0.0,0.0,0.4,0.0,0.0,0.8,0.0,0.0,0.13333333333333333,0.0,0.13333333333333333,0.0,0.0,0.26666666666666666,0.0,0.0,0.0,0.0,0.0,0.0,0.0,0.0,0.0,0.0,0.13333333333333333,0.0,0.0,0.13333333333333333,0.0,0.0,0.13333333333333333,0.0,0.0,0.0,0.13333333333333333,0.0,0.2,0.0,0.0,0.0,0.06666666666666667,0.0,0.0,0.0,0.0,0.0,0.0,0.0,0.0,0.0,0.0,0.0,0.11850318346602214,0.0,0.625,0.12471275624425004,15.0,2.772588722239781,5.382000333601287,3.422799374131583,7.866666666666666
0.0,0.0,0.0,0.0,0.4,1.0,0.0,0.0,0.0,0.0,0.0,0.0,0.0,0.8,0.0,0.0,0.0,0.0,0.0,0.0,0.0,0.0,0.0,0.0,0.0,0.0,0.0,0.0,0.0,0.0,0.0,0.0,0.2,0.0,0.0,0.4,0.0,0.0,0.4,0.0,0.0,0.0,0.0,0.0,0.0,0.0,0.0,0.0,0.0,0.0,0.0,0.0,0.0,0.0,0.0,0.0,0.0,0.0,0.0,0.0,0.31500311779723544,0.11764705882352941,0.625,0.16767886569392296,5.0,1.791759469228055,2.308241808752197,2.1540659228538015,8.6
0.0,0.0,0.0,0.0,0.3,0.5,0.0,0.0,0.0,0.0,0.0,0.0,0.0,0.7,0.0,0.0,0.0,0.0,0.1,0.0,0.0,0.0,0.0,0.0,0.0,0.0,0.0,0.0,0.0,0.0,0.0,0.0,0.1,0.0,0.0,0.2,0.0,0.0,0.2,0.0,0.0,0.0,0.2,0.0,0.0,0.0,0.0,0.0,0.0,0.0,0.0,0.0,0.0,0.0,0.0,0.0,0.0,0.0,0.0,0.0,0.1535292013723386,0.0,0.75,0.16394661176958955,10.0,2.3978952727983707,3.4388333751405824,2.7658633371878665,6.5
0.14285714285714285,0.0,0.0,0.0,0.0,0.0,0.0,0.0,0.0,0.0,0.7142857142857143,0.0,0.14285714285714285,0.0,0.14285714285714285,0.0,0.14285714285714285,0.0,0.0,0.14285714285714285,0.0,0.0,0.0,0.0,0.0,0.0,0.0,0.0,0.0,0.0,0.0,0.0,0.0,0.0,0.0,0.0,0.0,0.0,0.0,0.0,0.0,0.0,0.0,0.0,0.0,0.0,0.0,0.0,0.0,0.0,0.0,0.2857142857142857,0.0,0.0,0.0,0.0,0.0,0.0,0.0,0.0,0.22891156462585033,0.0,0.8,0.25066619552683456,7.0,2.0794415416798357,2.8683740843220624,1.178030178747903,3.5714285714285716
0.08333333333333333,0.0,0.0,0.0,0.08333333333333333,0.08333333333333333,0.0,0.0,0.0,0.0,0.5833333333333334,0.0,0.0,0.3333333333333333,0.0,0.0,0.16666666666666666,0.0,0.0,0.0,0.0,0.8333333333333334,0.0,0.0,0.0,0.0,0.0,0.0,0.0,0.0,0.0,0.0,0.0,0.0,0.0,0.08333333333333333,0.0,0.0,0.0,0.0,0.0,0.0,0.75,0.0,0.16666666666666666,0.0,0.0,0.0,0.0,0.0,0.0,0.3333333333333333,0.0,0.0,0.0,0.0,0.0,0.0,0.0,0.0,0.26240723975912544,0.0,0.7142857142857143,0.18687679810962934,12.0,2.5649493574615367,4.097361217835908,2.614064523559687,8.0
0.07407407407407407,0.0,0.0,0.0,0.037037037037037035,0.037037037037037035,0.0,0.0,0.07407407407407407,0.0,0.7407407407407407,0.0,0.037037037037037035,0.14814814814814814,0.037037037037037035,0.0,0.14814814814814814,0.0,0.0,0.037037037037037035,0.0,0.37037037037037035,0.0,0.0,0.0,0.0,0.0,0.0,0.0,0.0,0.0,0.0,0.0,0.0,0.0,0.037037037037037035,0.0,0.0,0.0,0.0,0.0,0.0,0.5925925925925926,0.0,0.07407407407407407,0.0,0.0,0.0,0.0,0.0,0.0,0.25925925925925924,0.0,0.0,0.0,0.0,0.0,0.0,0.0,0.0,0.1559509752864463,0.0,0.625,0.1480053957773527,27.0,3.332204510175204,4.511017050255893,3.3949045979351067,6.2592592592592595
0.06382978723404255,0.0,0.0,0.0,0.06382978723404255,0.0425531914893617,0.0,0.0,0.14893617021276595,0.0,0.6595744680851063,0.0,0.02127659574468085,0.14893617021276595,0.02127659574468085,0.0,0.10638297872340426,0.0,0.0,0.02127659574468085,0.0,0.23404255319148937,0.0,0.0,0.0,0.0,0.0,0.0,0.0,0.0,0.0,0.0,0.0,0.0,0.0,0.02127659574468085,0.0,0.02127659574468085,0.0425531914893617,0.0,0.0,0.0,0.3404255319148936,0.0,0.10638297872340426,0.0,0.0,0.0,0.02127659574468085,0.0,0.0,0.3617021276595745,0.0,0.0,0.0,0.0,0.0,0.0,0.0,0.0,0.10467457837426877,0.0,0.8,0.13728458870396706,47.0,3.871201010907891,5.055850879843875,3.3190125449336416,5.48936170212766
0.0,0.0,0.0,0.0,0.5263157894736842,0.21052631578947367,0.0,0.10526315789473684,0.2631578947368421,0.0,0.47368421052631576,0.0,0.0,0.0,0.0,0.0,0.10526315789473684,0.0,0.05263157894736842,0.0,0.0,0.05263157894736842,0.0,0.0,0.0,0.0,0.0,0.0,0.0,0.0,0.0,0.0,0.10526315789473684,0.0,0.0,0.0,0.0,0.15789473684210525,0.0,0.0,0.0,0.0,0.0,0.0,0.10526315789473684,0.0,0.0,0.0,0.05263157894736842,0.0,0.0,0.10526315789473684,0.0,0.0,0.0,0.0,0.0,0.0,0.21052631578947367,0.0,0.1448774041842711,0.0,0.6875,0.1612894764256956,19.0,2.995732273553991,5.251967721412495,3.4424432475300697,7.7894736842105265
0.0,0.0,0.0,0.0,0.4444444444444444,0.2222222222222222,0.0,0.0,0.4444444444444444,0.0,1.0,0.0,0.0,0.1111111111111111,0.0,0.0,0.2222222222222222,0.0,0.0,0.0,0.0,0.0,0.0,0.0,0.0,0.0,0.0,0.0,0.0,0.0,0.0,0.0,0.0,0.0,0.0,0.0,0.0,0.0,0.0,0.0,0.0,0.0,0.0,0.0,0.2222222222222222,0.0,0.0,0.0,0.0,0.0,0.0,0.0,0.0,0.0,0.0,0.0,0.0,0.0,0.0,0.0,0.2626548932663483,0.0625,0.7142857142857143,0.15684621318481345,9.0,2.302585092994046,2.838763891292743,3.201080064641763,7.555555555555555
0.07142857142857142,0.0,0.0,0.0,0.0,0.0,0.0,0.0,0.0,0.0,0.14285714285714285,0.0,0.0,0.0,0.0,0.0,0.0,0.0,0.0,0.0,0.0,0.07142857142857142,0.0,0.0,0.0,0.0,0.0,0.0,0.0,0.0,0.21428571428571427,0.0,0.0,0.14285714285714285,0.0,0.07142857142857142,0.0,0.0,0.0,0.0,0.0,0.0,0.0,0.0,0.0,0.0,0.0,0.0,0.0,0.14285714285714285,0.0,0.0,0.0,0.0,0.0,0.0,0.0,0.0,0.0,0.0,0.16316500959358102,0.0,1.0,0.22661832161188455,14.0,2.70805020110221,2.4952408258948413,1.1450871101343854,3.7857142857142856
0.0,0.0,0.0,0.0,0.35714285714285715,0.5,0.0,0.14285714285714285,0.0,0.0,0.2857142857142857,0.0,0.0,0.21428571428571427,0.0,0.0,0.2857142857142857,0.42857142857142855,0.14285714285714285,0.0,0.0,0.07142857142857142,0.07142857142857142,0.0,0.0,0.0,0.0,0.0,0.0,0.0,0.0,0.0,0.0,0.0,0.0,0.14285714285714285,0.0,0.0,0.0,0.0,0.0,0.0,0.0,0.0,0.07142857142857142,0.0,0.0,0.0,0.0,0.0,0.0,0.0,0.0,0.0,0.0,0.0,0.0,0.0,0.0,0.0,0.17851726034464013,0.0,0.8235294117647058,0.23140003886824084,14.0,2.70805020110221,5.082407114489894,4.562491263620375,8.428571428571429
0.0,0.0,0.0,0.0,0.0,0.6,0.0,0.0,0.0,0.0,0.2,0.0,0.0,0.0,0.0,0.0,0.0,0.0,0.0,0.0,0.0,0.0,0.0,0.0,0.0,0.0,0.0,0.0,0.0,0.0,0.0,0.0,0.0,0.0,0.0,0.0,0.0,0.0,0.0,0.0,0.0,0.0,0.0,0.0,0.0,0.0,0.0,0.0,0.0,0.0,0.0,0.0,0.0,0.0,0.0,0.0,0.0,0.0,0.0,0.0,0.15985060690943043,0.0,1.0,0.29191102343446157,5.0,1.791759469228055,0.9065649754771962,3.4292856398964493,6.2
0.13636363636363635,0.0,0.0,0.0,0.09090909090909091,0.45454545454545453,0.0,0.0,0.0,0.0,0.5454545454545454,0.0,0.0,0.09090909090909091,0.0,0.0,0.0,0.045454545454545456,0.045454545454545456,0.0,0.0,0.045454545454545456,0.0,0.0,0.0,0.0,0.0,0.0,0.0,0.0,0.0,0.8181818181818182,0.0,0.6818181818181818,0.0,0.045454545454545456,0.0,0.0,0.0,0.0,0.5454545454545454,0.0,0.0,0.0,0.045454545454545456,0.0,0.0,0.0,0.0,0.3181818181818182,0.0,0.0,0.0,0.0,0.0,0.0,0.0,0.0,0.0,0.0,0.23498298554307875,0.0,0.75,0.1548017701078128,22.0,3.1354942159291497,4.6447435145440945,4.683583074231004,6.136363636363637
0.0,0.0,0.0,0.0,0.05555555555555555,0.3333333333333333,0.0,0.0,0.0,0.0,0.6111111111111112,0.0,0.0,0.0,0.0,0.0,0.0,0.0,0.0,0.0,0.0,0.16666666666666666,0.0,0.0,0.0,0.0,0.0,0.0,0.0,0.0,0.0,0.8333333333333334,0.0,0.7222222222222222,0.0,0.0,0.0,0.0,0.0,0.0,0.5,0.0,0.0,0.0,0.0,0.0,0.0,0.0,0.0,0.2777777777777778,0.0,0.0,0.0,0.0,0.0,0.0,0.0,0.0,0.0,0.0,0.23777002482995407,0.0,0.8,0.15537297600395353,18.0,2.9444389791664403,3.196601334554745,3.281071791162978,5.888888888888889
0.0,0.0,0.0,0.0,0.07894736842105263,0.2894736842105263,0.0,0.0,0.0,0.0,0.47368421052631576,0.0,0.0,0.0,0.0,0.0,0.0,0.0,0.0,0.0,0.0,0.10526315789473684,0.0,0.0,0.0,0.0,0.0,0.0,0.0,0.0,0.0,0.8947368421052632,0.0,0.7894736842105263,0.0,0.0,0.0,0.0,0.0,0.0,0.6578947368421053,0.0,0.0,0.0,0.0,0.0,0.0,0.0,0.0,0.39473684210526316,0.0,0.0,0.0,0.0,0.0,0.0,0.0,0.0,0.0,0.0,0.2336755067217252,0.0,0.7142857142857143,0.12612076657832344,38.0,3.6635616461296463,2.999009168413253,2.770666489815029,6.184210526315789
0.0,0.0,0.0,0.0,0.07692307692307693,0.46153846153846156,0.0,0.0,0.0,0.0,0.15384615384615385,0.0,0.0,0.0,0.0,0.0,0.0,0.0,0.0,0.0,0.0,0.0,0.07692307692307693,0.0,0.0,0.0,0.0,0.0,0.0,0.0,0.0,0.0,0.0,0.46153846153846156,0.0,0.15384615384615385,0.0,0.0,0.0,0.0,0.0,0.0,0.0,0.0,0.0,0.0,0.0,0.0,0.0,0.0,0.0,0.0,0.0,0.0,0.0,0.0,0.0,0.0,0.0,0.0,0.22649391207083516,0.0,1.0,0.2352628110204593,13.0,2.6390573296152584,2.4298742244527527,2.590378190843498,5.461538461538462
0.0,0.0,0.0,0.0,0.3333333333333333,0.16666666666666666,0.0,0.0,0.3333333333333333,0.0,1.0,0.0,0.0,0.0,0.0,0.0,0.5,0.0,0.0,0.0,0.0,0.0,0.0,0.0,0.0,0.0,0.0,0.0,0.0,0.0,0.0,0.0,0.0,0.0,0.0,0.0,0.0,0.0,0.0,0.0,0.0,0.0,0.0,0.0,0.16666666666666666,0.0,0.0,0.0,0.0,0.0,0.0,0.0,0.0,0.0,0.0,0.0,0.0,0.0,0.0,0.0,0.4111111111111111,0.25,0.875,0.1741324739711419,6.0,1.9459101490553132,2.4182958340544896,1.0,7.0
0.16666666666666666,0.0,0.0,0.0,0.5,0.6666666666666666,0.0,0.0,0.0,0.0,1.0,0.0,0.0,0.0,0.0,0.0,0.16666666666666666,0.0,0.0,0.0,0.0,0.0,0.0,0.0,0.0,0.0,0.0,0.0,0.0,0.0,0.0,0.0,0.0,0.0,0.0,0.0,0.0,0.0,0.0,0.0,0.0,0.0,0.0,0.0,0.0,0.0,0.0,0.0,0.0,0.0,0.0,0.0,0.0,0.0,0.0,0.0,0.0,0.0,0.0,0.0,0.3046527546527546,0.07692307692307693,0.7777777777777778,0.1919108079820691,6.0,1.9459101490553132,1.7516291673878228,1.5275252316519468,6.0
0.16666666666666666,0.0,0.0,0.0,0.0,0.0,0.0,0.0,0.0,0.0,0.6666666666666666,0.0,0.16666666666666666,0.0,0.16666666666666666,0.0,0.16666666666666666,0.0,0.0,0.16666666666666666,0.0,0.0,0.0,0.0,0.0,0.0,0.0,0.0,0.0,0.0,0.0,0.0,0.0,0.0,0.0,0.0,0.0,0.0,0.0,0.0,0.0,0.0,0.0,0.0,0.0,0.0,0.0,0.0,0.0,0.0,0.0,0.16666666666666666,0.0,0.0,0.0,0.0,0.0,0.0,0.0,0.0,0.19603174603174603,0.0,0.75,0.23398946728152073,6.0,1.9459101490553132,2.9749375012019272,1.2583057392117916,3.5
0.13043478260869565,0.0,0.0,0.0,0.4782608695652174,0.5217391304347826,0.0,0.0,0.0,0.0,0.30434782608695654,0.0,0.0,0.043478260869565216,0.0,0.0,0.0,0.0,0.0,0.0,0.0,0.0,0.0,0.0,0.0,0.0,0.0,0.0,0.0,0.0,0.0,0.0,0.0,0.0,0.0,0.0,0.0,0.0,0.0,0.0,0.0,0.0,0.0,0.0,0.0,0.0,0.0,0.0,0.0,0.0,0.0,0.0,0.0,0.0,0.0,0.0,0.0,0.0,0.0,0.0,0.1219990361907655,0.0,1.0,0.2101546417463013,23.0,3.1780538303479458,2.100932031987287,2.0605209758387453,5.565217391304348
0.18181818181818182,0.0,0.0,0.0,0.45454545454545453,0.36363636363636365,0.0,0.0,0.09090909090909091,0.0,0.5454545454545454,0.0,0.0,0.09090909090909091,0.0,0.0,0.09090909090909091,0.0,0.09090909090909091,0.0,0.0,0.09090909090909091,0.0,0.0,0.0,0.0,0.0,0.0,0.0,0.0,0.0,0.0,0.0,0.0,0.0,0.0,0.0,0.0,0.0,0.0,0.0,0.0,0.0,0.0,0.0,0.0,0.0,0.0,0.0,0.0,0.0,0.0,0.0,0.0,0.0,0.0,0.0,0.0,0.09090909090909091,0.0,0.12386968794722805,0.0,0.5,0.11503045871354306,11.0,2.4849066497880004,3.8588647045358266,2.6752616308294837,5.545454545454546
0.18181818181818182,0.0,0.0,0.0,0.45454545454545453,0.36363636363636365,0.0,0.0,0.09090909090909091,0.0,0.5454545454545454,0.0,0.0,0.09090909090909091,0.0,0.0,0.09090909090909091,0.0,0.09090909090909091,0.0,0.0,0.09090909090909091,0.0,0.0,0.0,0.0,0.0,0.0,0.0,0.0,0.0,0.0,0.0,0.0,0.0,0.0,0.0,0.0,0.0,0.0,0.0,0.0,0.0,0.0,0.0,0.0,0.0,0.0,0.0,0.0,0.0,0.0,0.0,0.0,0.0,0.0,0.0,0.0,0.09090909090909091,0.0,0.12386968794722805,0.0,0.5,0.11503045871354306,11.0,2.4849066497880004,3.8588647045358266,2.6752616308294837,5.545454545454546
0.023255813953488372,0.0,0.0,0.0,0.09302325581395349,0.3953488372093023,0.0,0.0,0.0,0.0,0.3488372093023256,0.0,0.0,0.0,0.0,0.0,0.0,0.0,0.0,0.0,0.0,0.06976744186046512,0.0,0.0,0.0,0.0,0.0,0.0,0.0,0.0,0.0,0.6976744186046512,0.0,0.5813953488372093,0.0,0.0,0.0,0.0,0.0,0.0,0.46511627906976744,0.0,0.0,0.0,0.023255813953488372,0.023255813953488372,0.0,0.0,0.0,0.2558139534883721,0.0,0.0,0.0,0.0,0.0,0.0,0.0,0.0,0.0,0.0,0.16916702345273774,0.0,1.0,0.187215172707006,43.0,3.784189633918261,3.8586358499753564,2.273129420146493,5.255813953488372
0.17391304347826086,0.0,0.0,0.0,0.34782608695652173,0.4782608695652174,0.0,0.0,0.043478260869565216,0.0,0.4782608695652174,0.0,0.0,0.0,0.0,0.0,0.0,0.0,0.0,0.0,0.0,0.043478260869565216,0.043478260869565216,0.0,0.0,0.0,0.0,0.0,0.0,0.0,0.0,0.0,0.0,0.0,0.0,0.0,0.0,0.0,0.0,0.0,0.0,0.0,0.0,0.0,0.13043478260869565,0.0,0.0,0.0,0.0,0.0,0.0,0.0,0.0,0.0,0.0,0.0,0.0,0.0,0.0,0.0,0.11414653196165798,0.0,1.0,0.17563346127252977,23.0,3.1780538303479458,2.960004136091152,4.936266775473033,5.260869565217392
0.2727272727272727,0.0,0.0,0.0,0.45454545454545453,0.45454545454545453,0.0,0.0,0.0,0.0,0.5454545454545454,0.0,0.0,0.0,0.0,0.0,0.0,0.0,0.0,0.0,0.0,0.18181818181818182,0.0,0.0,0.0,0.0,0.0,0.0,0.0,0.0,0.0,0.0,0.0,0.0,0.0,0.0,0.0,0.0,0.0,0.0,0.0,0.0,0.0,0.0,0.18181818181818182,0.0,0.0,0.0,0.0,0.0,0.0,0.0,0.0,0.0,0.0,0.0,0.0,0.0,0.0,0.0,0.18426997245179064,0.0,1.0,0.23544596367800052,11.0,2.4849066497880004,2.916634888481255,3.0989200998289657,4.181818181818182
0.049019607843137254,0.0,0.0,0.0,0.5980392156862745,0.5196078431372549,0.0,0.029411764705882353,0.16666666666666666,0.0,0.4803921568627451,0.0,0.0,0.06862745098039216,0.0,0.0,0.12745098039215685,0.0,0.09803921568627451,0.0,0.0,0.0392156862745098,0.08823529411764706,0.37254901960784315,0.0,0.0,0.0,0.0,0.0,0.0,0.0,0.0,0.0392156862745098,0.0,0.0,0.11764705882352941,0.0,0.17647058823529413,0.08823529411764706,0.0,0.0,0.0,0.0,0.0,0.17647058823529413,0.0,0.0,0.0,0.00980392156862745,0.0,0.0,0.00980392156862745,0.0,0.0,0.0,0.20588235294117646,0.0,0.0,0.09803921568627451,0.0,0.11968470585937258,0.0,0.6470588235294118,0.11048661299052799,102.0,4.634728988229636,6.89914004558071,5.32641744504911,8.77450980392157
0.05555555555555555,0.0,0.0,0.0,0.6666666666666666,0.7037037037037037,0.0,0.018518518518518517,0.2037037037037037,0.0,0.5370370370370371,0.0,0.0,0.037037037037037035,0.0,0.0,0.12962962962962962,0.0,0.07407407407407407,0.0,0.0,0.05555555555555555,0.14814814814814814,0.7222222222222222,0.0,0.0,0.0,0.0,0.0,0.0,0.0,0.0,0.037037037037037035,0.0,0.0,0.14814814814814814,0.0,0.12962962962962962,0.07407407407407407,0.0,0.0,0.0,0.0,0.0,0.14814814814814814,0.0,0.0,0.0,0.0,0.0,0.0,0.0,0.0,0.018518518518518517,0.0,0.0,0.0,0.0,0.037037037037037035,0.0,0.16716660108896808,0.0,0.6666666666666666,0.14331103068395754,54.0,4.007333185232471,5.784701208992006,6.239064507273981,9.0
0.0,0.0,0.0,0.0,1.0,0.2,0.0,0.0,0.0,0.0,0.8,0.0,0.0,0.0,0.0,0.0,0.2,0.0,0.0,0.0,0.0,0.0,0.0,0.0,0.0,0.0,0.0,0.0,0.0,0.0,0.0,0.0,0.0,0.0,0.0,0.0,0.0,0.0,0.0,0.0,0.0,0.0,0.0,0.0,0.0,0.0,0.0,0.0,0.0,0.0,0.0,0.0,0.0,0.0,0.0,0.0,0.0,0.0,0.2,0.0,0.3975278795278795,0.04,1.0,0.29432979566002415,5.0,1.791759469228055,1.6506993328423072,6.675327707311455,9.2
0.043478260869565216,0.0,0.0,0.0,0.43478260869565216,0.45652173913043476,0.0,0.0,0.06521739130434782,0.0,0.3695652173913043,0.0,0.0,0.3695652173913043,0.0,0.0,0.15217391304347827,0.0,0.15217391304347827,0.0,0.0,0.08695652173913043,0.021739130434782608,0.0,0.0,0.0,0.0,0.0,0.0,0.0,0.0,0.0,0.06521739130434782,0.0,0.0,0.13043478260869565,0.0,0.10869565217391304,0.10869565217391304,0.021739130434782608,0.0,0.021739130434782608,0.043478260869565216,0.0,0.1956521739130435,0.0,0.0,0.0,0.021739130434782608,0.0,0.0,0.0,0.0,0.0,0.0,0.2608695652173913,0.0,0.0,0.043478260869565216,0.0,0.08081592982523962,0.0,0.5384615384615384,0.08842420541719874,46.0,3.8501476017100584,6.863008832994401,4.409561702089774,8.347826086956522
0.08333333333333333,0.0,0.0,0.0,0.5833333333333334,0.8333333333333334,0.0,0.0,0.25,0.0,0.3333333333333333,0.0,0.0,0.08333333333333333,0.0,0.0,0.16666666666666666,0.0,0.0,0.08333333333333333,0.0,0.0,0.0,0.16666666666666666,0.0,0.0,0.0,0.0,0.0,0.0,0.0,0.0,0.0,0.0,0.0,0.0,0.0,0.0,0.0,0.0,0.0,0.0,0.0,0.0,0.3333333333333333,0.0,0.0,0.0,0.0,0.0,0.0,0.0,0.0,0.0,0.0,0.0,0.0,0.0,0.0,0.0,0.14711647111425621,0.0,1.0,0.1538509063544297,12.0,2.5649493574615367,3.9873362183166785,3.6817870057290873,7.666666666666667
0.15384615384615385,0.0,0.0,0.0,0.8461538461538461,0.23076923076923078,0.0,0.0,0.23076923076923078,0.0,0.6153846153846154,0.0,0.0,0.0,0.0,0.0,0.0,0.0,0.07692307692307693,0.0,0.0,0.0,0.0,0.3076923076923077,0.0,0.0,0.0,0.0,0.0,0.0,0.0,0.0,0.0,0.0,0.0,0.0,0.0,0.0,0.0,0.0,0.0,0.0,0.0,0.0,0.15384615384615385,0.0,0.0,0.0,0.0,0.0,0.0,0.0,0.0,0.0,0.0,0.0,0.0,0.0,0.07692307692307693,0.0,0.16110186703821833,0.0,0.7142857142857143,0.1492109233967909,13.0,2.6390573296152584,3.5347590250462324,4.873548941986818,9.307692307692308
0.0,0.0,0.0,0.0,0.03571428571428571,0.07142857142857142,0.0,0.0,0.03571428571428571,0.0,0.39285714285714285,0.0,0.0,0.0,0.0,0.0,0.17857142857142858,0.0,0.0,0.0,0.0,0.21428571428571427,0.0,0.0,0.0,0.0,0.0,0.0,0.0,0.0,0.0,0.0,0.0,0.0,0.0,0.03571428571428571,0.0,0.0,0.03571428571428571,0.0,0.0,0.0,0.0,0.0,0.07142857142857142,0.0,0.0,0.0,0.0,0.0,0.03571428571428571,0.03571428571428571,0.0,0.0,0.0,0.0,0.0,0.0,0.0,0.10714285714285714,0.06794462286611778,0.0,0.8571428571428571,0.1339580522932203,28.0,3.367295829986474,3.36890612450281,2.9318361593557927,6.392857142857143
0.0,0.0,0.0,0.0,0.0,0.0,0.0,0.0,0.0,0.0,0.0,0.0,0.0,0.0,0.0,0.0,0.0,0.0,0.0,0.0,0.0,0.7777777777777778,0.0,0.0,0.0,0.0,0.0,0.0,0.0,0.0,0.0,0.0,0.0,0.0,0.0,0.0,0.0,0.0,0.0,0.0,0.0,0.0,0.0,0.0,0.0,0.0,0.0,0.0,0.0,0.0,0.0,0.0,0.0,0.0,0.0,0.0,0.0,1.0,0.0,0.2222222222222222,0.38243346160012825,0.1111111111111111,1.0,0.24125808821012235,9.0,2.302585092994046,0.7642045065086203,1.5713484026367723,4.444444444444445
0.047619047619047616,0.0,0.0,0.0,0.38095238095238093,0.42857142857142855,0.0,0.0,0.14285714285714285,0.0,0.23809523809523808,0.0,0.0,0.0,0.0,0.0,0.09523809523809523,0.0,0.047619047619047616,0.0,0.0,0.0,0.0,0.0,0.0,0.0,0.0,0.0,0.0,0.0,0.0,0.0,0.0,0.0,0.0,0.0,0.0,0.0,0.0,0.0,0.0,0.0,0.0,0.0,0.047619047619047616,0.047619047619047616,0.0,0.0,0.0,0.0,0.0,0.0,0.0,0.0,0.0,0.0,0.0,0.0,0.0,0.0,0.10845882065135441,0.0,0.8571428571428571,0.18818170785069593,21.0,3.091042453358316,3.10799938650288,3.2895078169848655,7.190476190476191
0.05714285714285714,0.0,0.0,0.0,0.4857142857142857,0.34285714285714286,0.0,0.0,0.08571428571428572,0.0,0.42857142857142855,0.0,0.0,0.14285714285714285,0.0,0.0,0.14285714285714285,0.0,0.14285714285714285,0.0,0.0,0.0,0.02857142857142857,0.0,0.0,0.0,0.0,0.0,0.0,0.0,0.0,0.0,0.0,0.0,0.0,0.11428571428571428,0.0,0.22857142857142856,0.11428571428571428,0.0,0.0,0.0,0.0,0.0,0.2,0.0,0.0,0.0,0.0,0.0,0.0,0.0,0.0,0.0,0.0,0.6,0.0,0.0,0.11428571428571428,0.0,0.14346344309791736,0.0,0.75,0.1273623953951036,35.0,3.58351893845611,5.915006983214649,4.5124770336913445,8.457142857142857
0.1111111111111111,0.0,0.0,0.0,0.4444444444444444,0.5833333333333334,0.0,0.08333333333333333,0.3055555555555556,0.0,0.6111111111111112,0.0,0.0,0.027777777777777776,0.0,0.0,0.2777777777777778,0.0,0.0,0.0,0.0,0.05555555555555555,0.19444444444444445,0.3888888888888889,0.0,0.0,0.0,0.0,0.0,0.0,0.0,0.0,0.0,0.0,0.0,0.08333333333333333,0.0,0.05555555555555555,0.027777777777777776,0.0,0.0,0.0,0.0,0.0,0.08333333333333333,0.0,0.0,0.0,0.0,0.0,0.0,0.0,0.0,0.0,0.0,0.0,0.0,0.0,0.027777777777777776,0.0,0.12464432105262122,0.0,0.75,0.1368988916224609,36.0,3.6109179126442243,5.5756283072933694,4.2711890095798335,6.916666666666667
0.0,0.0,0.0,0.0,0.1111111111111111,0.0,0.0,0.0,0.1111111111111111,0.0,1.0,0.0,0.0,0.0,0.0,0.0,0.0,0.0,0.0,0.0,0.0,0.0,0.0,0.0,0.0,0.0,0.0,0.0,0.0,0.0,0.0,0.0,0.0,0.0,0.0,0.1111111111111111,0.0,0.0,0.0,0.0,0.0,0.0,0.0,0.0,0.0,0.0,0.0,0.0,0.0,0.0,0.0,0.0,0.0,0.0,0.0,0.0,0.0,0.0,0.0,0.0,0.4115456123970056,0.05263157894736842,1.0,0.2979282724456776,9.0,2.302585092994046,1.0566416671474375,4.521553322083512,5.0
0.16666666666666666,0.0,0.0,0.0,0.08333333333333333,1.0,0.0,0.0,0.0,0.0,0.0,0.0,0.0,0.0,0.0,0.0,0.0,0.0,0.0,0.0,0.0,0.0,0.0,0.0,0.0,0.0,0.0,0.0,0.0,0.0,0.0,0.0,0.0,0.0,0.0,0.0,0.0,0.0,0.0,0.0,0.0,0.0,0.0,0.0,0.0,0.4166666666666667,0.0,0.0,0.0,0.0,0.0,0.0,0.0,0.0,0.0,0.0,0.0,0.0,0.0,0.0,0.4884461498097862,0.1111111111111111,1.0,0.2078004189847252,12.0,2.5649493574615367,1.2558382942777029,1.35400640077266,5.0
0.0,0.0,0.0,0.0,0.0,0.0,0.0,0.0,0.0,0.0,0.75,0.0,0.0,0.625,0.0,0.0,0.25,0.0,0.0,0.0,0.0,0.0,0.0,0.0,0.0,0.0,0.0,0.0,0.0,0.0,0.0,0.0,0.0,0.0,0.0,0.0,0.0,0.0,0.0,0.0,0.0,0.0,0.125,0.0,0.0,0.0,0.0,0.0,0.0,0.0,0.0,0.0,0.0,0.0,0.0,0.0,0.0,0.0,0.0,0.0,0.21489802061175345,0.0,1.0,0.18376948529927764,8.0,2.1972245773362196,1.6100730651545314,3.2572035551988456,5.875
0.16666666666666666,0.0,0.0,0.0,0.0,0.0,0.0,0.0,0.0,0.0,0.0,0.0,0.0,0.0,0.0,0.0,0.0,0.0,0.0,0.0,0.0,0.0,0.0,0.0,0.0,0.0,0.0,0.0,0.0,0.0,0.0,0.0,0.0,0.5,0.0,0.0,0.0,0.0,0.0,0.0,0.0,0.0,0.0,0.0,0.0,0.0,0.0,0.0,0.0,0.0,0.0,0.0,0.0,0.0,0.0,0.0,0.0,0.0,0.0,0.0,0.2105841951622351,0.0,0.7142857142857143,0.2551286015955457,6.0,1.9459101490553132,0.9308270834535259,5.259911279353167,9.0
0.16666666666666666,0.0,0.0,0.0,0.0,0.0,0.0,0.0,0.6666666666666666,0.0,0.6666666666666666,0.0,0.0,0.0,0.0,0.0,0.3333333333333333,0.0,0.0,0.0,0.0,0.16666666666666666,0.0,0.0,0.0,0.0,0.0,0.0,0.0,0.0,0.0,0.0,0.0,0.0,0.0,0.0,0.0,0.0,0.0,0.0,0.0,0.0,0.0,0.0,0.16666666666666666,0.0,0.0,0.0,0.0,0.0,0.0,0.0,0.0,0.0,0.0,0.0,0.0,0.0,0.0,0.0,0.2298840973840974,0.0,0.8571428571428571,0.2905762057464507,6.0,1.9459101490553132,2.6007520848958388,2.0615528128088303,6.5
0.11764705882352941,0.0,0.0,0.0,0.11764705882352941,0.08823529411764706,0.0,0.0,0.0,0.0,0.11764705882352941,0.0,0.0,0.0,0.0,0.0,0.0,0.0,0.0,0.0,0.0,0.058823529411764705,0.0,0.0,0.0,0.0,0.0,0.0,0.0,0.0,0.3235294117647059,0.0,0.0,0.0,0.0,0.029411764705882353,0.0,0.0,0.0,0.0,0.0,0.0,0.0,0.0,0.14705882352941177,0.0,0.0,0.0,0.47058823529411764,0.0,0.0,0.0,0.0,0.0,0.0,0.0,0.0,0.0,0.0,0.08823529411764706,0.12902289244807127,0.0,1.0,0.20755780496736473,34.0,3.5553480614894135,3.5430108030145284,6.12838424265365,7.176470588235294
0.0,0.0,0.0,0.0,0.0,0.0,0.0,0.0,0.0,0.0,0.75,0.0,0.0,0.625,0.0,0.0,0.25,0.0,0.0,0.0,0.0,0.0,0.0,0.0,0.0,0.0,0.0,0.0,0.0,0.0,0.0,0.0,0.0,0.0,0.0,0.0,0.0,0.0,0.0,0.0,0.0,0.0,0.125,0.0,0.0,0.0,0.0,0.0,0.0,0.0,0.0,0.0,0.0,0.0,0.0,0.0,0.0,0.0,0.0,0.0,0.21489802061175345,0.0,1.0,0.18376948529927764,8.0,2.1972245773362196,1.6100730651545314,3.2572035551988456,5.875
0.0,0.0,0.0,0.0,0.2,1.0,0.0,0.0,0.0,0.0,0.2,0.0,0.0,0.0,0.0,0.0,0.0,0.0,0.0,0.0,0.0,0.0,0.0,0.0,0.0,0.0,0.0,0.0,0.0,0.0,0.0,0.0,0.0,0.0,0.0,0.0,0.0,0.0,0.0,0.0,0.0,0.0,0.0,0.0,0.0,0.0,0.0,0.0,0.2,0.0,0.0,0.0,0.0,0.0,0.0,0.0,0.0,0.0,0.0,0.0,0.5514682539682539,0.375,0.75,0.13050115260580533,5.0,1.791759469228055,1.3931568569324173,1.469693845669907,4.8
0.09090909090909091,0.0,0.0,0.0,0.45454545454545453,0.6363636363636364,0.0,0.0,0.09090909090909091,0.0,0.36363636363636365,0.0,0.0,0.0,0.0,0.0,0.36363636363636365,0.0,0.0,0.0,0.0,0.0,0.0,0.0,0.0,0.0,0.0,0.0,0.0,0.0,0.0,0.0,0.0,0.0,0.0,0.0,0.0,0.0,0.0,0.0,0.0,0.0,0.0,0.0,0.18181818181818182,0.0,0.0,0.0,0.0,0.0,0.0,0.0,0.0,0.0,0.0,0.0,0.0,0.0,0.0,0.0,0.11089167607743458,0.0,0.6666666666666666,0.14755417973190707,11.0,2.4849066497880004,3.0695667198595546,7.75875937940068,8.727272727272727
0.04,0.0,0.0,0.0,0.24,0.28,0.0,0.0,0.04,0.0,0.48,0.0,0.0,0.32,0.04,0.0,0.04,0.0,0.0,0.0,0.0,0.08,0.0,0.0,0.0,0.0,0.04,0.0,0.0,0.0,0.04,0.0,0.0,0.0,0.0,0.08,0.0,0.0,0.0,0.0,0.0,0.0,0.04,0.0,0.12,0.0,0.0,0.0,0.04,0.0,0.0,0.0,0.0,0.0,0.0,0.0,0.0,0.0,0.0,0.0,0.08537701472051414,0.0,1.0,0.16383474739979012,25.0,3.258096538021482,4.47877600558557,4.703360500748374,7.28
0.0,0.0,0.0,0.0,0.6666666666666666,1.0,0.0,0.0,0.0,0.0,0.0,0.0,0.0,0.0,0.0,0.0,0.16666666666666666,0.0,0.0,0.0,0.0,0.0,0.0,0.0,0.0,0.0,0.0,0.0,0.0,0.0,0.0,0.0,0.0,0.0,0.0,0.0,0.0,0.0,0.0,0.0,0.0,0.0,0.0,0.0,0.16666666666666666,0.0,0.0,0.0,0.0,0.0,0.0,0.0,0.0,0.0,0.0,0.0,0.0,0.0,0.0,0.0,0.20900976606858962,0.027777777777777776,0.6666666666666666,0.18496737482991948,6.0,1.9459101490553132,1.2516291673878228,9.702519718551923,10.833333333333334
0.0,0.0,0.0,0.0,0.3888888888888889,0.2222222222222222,0.0,0.0,0.4444444444444444,0.0,1.0,0.0,0.0,0.1111111111111111,0.0,0.0,0.2777777777777778,0.0,0.0,0.0,0.0,0.0,0.0,0.0,0.0,0.0,0.0,0.0,0.0,0.0,0.0,0.0,0.0,0.0,0.0,0.0,0.0,0.0,0.0,0.0,0.0,0.0,0.0,0.0,0.16666666666666666,0.0,0.0,0.0,0.1111111111111111,0.0,0.0,0.0,0.0,0.0,0.0,0.0,0.0,0.0,0.0,0.0,0.21235750784180685,0.041666666666666664,0.7142857142857143,0.1240140808848629,18.0,2.9444389791664403,3.1806479229837876,3.1091263510296048,7.333333333333333
0.0,0.0,0.0,0.0,0.0,0.0,0.0,0.0,0.0,0.0,0.2,0.0,0.0,0.0,0.0,0.0,0.2,0.0,0.0,0.0,0.0,0.0,0.0,0.0,0.0,0.0,0.0,0.0,0.0,0.0,0.0,0.0,0.0,0.0,0.0,0.0,0.0,0.0,0.0,0.0,0.0,0.0,0.0,0.0,0.0,0.0,0.0,0.0,0.1,0.0,0.0,0.0,0.0,0.0,0.0,0.0,0.0,0.0,0.0,0.0,0.38757851112923575,0.045454545454545456,1.0,0.2753328079234584,10.0,2.3978952727983707,1.2609640474436812,4.219004621945797,6.0
0.0,0.0,0.0,0.0,0.2,0.0,0.0,0.0,0.2,0.0,1.0,0.0,0.0,0.0,0.0,0.0,0.0,0.0,0.0,0.0,0.0,0.0,0.0,0.0,0.0,0.0,0.0,0.0,0.0,0.0,0.0,0.0,0.0,0.0,0.0,0.0,0.0,0.0,0.0,0.0,0.0,0.0,0.0,0.0,0.0,0.0,0.0,0.0,0.0,0.0,0.0,0.0,0.0,0.0,0.0,0.0,0.0,0.0,0.0,0.0,0.3383333333333334,0.125,0.8,0.21066302847112459,5.0,1.791759469228055,0.9287712379549449,0.48989794855663565,4.4
0.2,0.0,0.0,0.0,0.0,0.0,0.0,0.0,0.0,0.0,0.0,0.0,0.0,0.0,0.0,0.0,0.0,0.0,0.0,0.0,0.0,0.0,0.0,0.0,0.0,0.0,0.0,0.0,0.0,0.0,0.0,0.0,0.0,0.0,0.0,0.0,0.0,0.0,0.0,0.0,0.0,0.0,0.0,0.0,0.0,0.0,0.0,0.0,0.0,0.0,0.0,0.0,0.0,0.0,0.0,0.0,0.0,0.0,0.0,0.0,0.5178571428571428,0.0,1.0,0.35427419336106414,5.0,1.791759469228055,0.46438561897747244,1.7435595774162693,5.4
0.16666666666666666,0.0,0.0,0.0,0.0,0.16666666666666666,0.0,0.0,0.0,0.0,0.5,0.0,0.0,0.0,0.0,0.0,0.16666666666666666,0.0,0.0,0.0,0.0,0.0,0.0,0.0,0.0,0.0,0.0,0.0,0.0,0.0,0.0,0.0,0.0,0.0,0.0,0.0,0.0,0.0,0.0,0.0,0.0,0.0,0.0,0.0,0.0,0.0,0.0,0.0,0.0,0.0,0.0,0.0,0.0,0.0,0.0,0.0,0.0,0.0,0.0,0.0,0.3078431372549019,0.0,1.0,0.28243235992734245,6.0,1.9459101490553132,1.7924812503605778,5.088112507491249,4.666666666666667
0.09090909090909091,0.0,0.0,0.0,0.09090909090909091,0.06060606060606061,0.0,0.0,0.030303030303030304,0.0,0.5151515151515151,0.0,0.030303030303030304,0.18181818181818182,0.030303030303030304,0.0,0.09090909090909091,0.0,0.0,0.030303030303030304,0.0,0.30303030303030304,0.0,0.0,0.0,0.0,0.0,0.0,0.0,0.0,0.0,0.0,0.0,0.0,0.0,0.030303030303030304,0.0,0.030303030303030304,0.06060606060606061,0.0,0.0,0.0,0.2727272727272727,0.0,0.06060606060606061,0.0,0.0,0.0,0.030303030303030304,0.0,0.0,0.3333333333333333,0.0,0.0,0.0,0.0,0.0,0.0,0.0,0.0,0.1250690609536253,0.0,0.6666666666666666,0.14317202626587408,33.0,3.5263605246161616,5.2504817991801875,3.274690769017823,5.393939393939394
0.1,0.0,0.0,0.0,0.1,0.05,0.0,0.0,0.05,0.0,0.5,0.0,0.05,0.1,0.05,0.0,0.05,0.0,0.0,0.05,0.0,0.0,0.0,0.0,0.0,0.0,0.0,0.0,0.0,0.0,0.0,0.0,0.0,0.0,0.0,0.0,0.0,0.05,0.1,0.0,0.0,0.0,0.0,0.0,0.0,0.0,0.0,0.0,0.05,0.0,0.0,0.3,0.0,0.0,0.0,0.0,0.0,0.0,0.0,0.0,0.09316849816849815,0.0,1.0,0.17297199393418417,20.0,3.044522437723423,4.078632154159751,2.5860201081971503,3.75
0.0,0.0,0.0,0.0,0.0,0.0,0.0,0.0,0.0,0.0,0.07407407407407407,0.0,0.0,0.0,0.0,0.0,0.0,0.0,0.0,0.0,0.0,0.0,0.0,0.0,0.0,0.0,0.0,0.0,0.0,0.0,0.0,0.0,0.0,0.1111111111111111,0.0,0.037037037037037035,0.0,0.0,0.0,0.0,0.0,0.0,0.0,0.0,0.07407407407407407,0.0,0.0,0.0,0.0,0.0,0.0,0.0,0.0,0.0,0.0,0.0,0.0,0.0,0.0,0.0,0.296540232254518,0.0,1.0,0.22902831453103034,27.0,3.332204510175204,1.0846004635238622,1.8885257457751057,4.37037037037037
0.09090909090909091,0.0,0.0,0.0,0.09090909090909091,0.06060606060606061,0.0,0.0,0.030303030303030304,0.0,0.5151515151515151,0.0,0.030303030303030304,0.18181818181818182,0.030303030303030304,0.0,0.09090909090909091,0.0,0.0,0.030303030303030304,0.0,0.30303030303030304,0.0,0.0,0.0,0.0,0.0,0.0,0.0,0.0,0.0,0.0,0.0,0.0,0.0,0.030303030303030304,0.0,0.030303030303030304,0.06060606060606061,0.0,0.0,0.0,0.2727272727272727,0.0,0.06060606060606061,0.0,0.0,0.0,0.030303030303030304,0.0,0.0,0.3333333333333333,0.0,0.0,0.0,0.0,0.0,0.0,0.0,0.0,0.08148277648277649,0.0,1.0,0.15570250232815264,33.0,3.5263605246161616,5.2504817991801875,3.274690769017823,5.393939393939394
0.25,0.0,0.0,0.0,0.0,0.0,0.0,0.0,0.0,0.0,0.17857142857142858,0.0,0.0,0.0,0.0,0.0,0.0,0.0,0.0,0.0,0.0,0.17857142857142858,0.0,0.0,0.0,0.0,0.6428571428571429,0.0,0.0,0.0,0.35714285714285715,0.0,0.0,0.0,0.0,0.03571428571428571,0.0,0.0,0.0,0.0,0.0,0.0,0.0,0.0,0.0,0.0,0.0,0.0,0.0,0.0,0.0,0.0,0.0,0.0,0.0,0.0,0.0,0.0,0.03571428571428571,0.0,0.3207181707181707,0.0,1.0,0.2970430601678601,28.0,3.367295829986474,2.6713208913784032,2.026293993214898,4.464285714285714
0.4,0.0,0.0,0.0,0.0,0.0,0.0,0.0,0.0,0.0,0.1,0.0,0.0,0.0,0.0,0.0,0.0,0.0,0.0,0.0,0.0,0.0,0.0,0.0,0.0,0.0,0.9,0.0,0.0,0.0,0.0,0.0,0.0,0.0,0.0,0.1,0.0,0.0,0.0,0.0,0.0,0.0,0.0,0.0,0.0,0.0,0.0,0.0,0.0,0.0,0.0,0.0,0.0,0.0,0.0,0.0,0.0,0.0,0.0,0.0,0.38490299823633145,0.0,1.0,0.26939248336691046,10.0,2.3978952727983707,1.3299596410329622,1.2649110640673518,4.0
0.16666666666666666,0.0,0.0,0.0,0.5,0.3611111111111111,0.0,0.0,0.0,0.0,0.027777777777777776,0.0,0.0,0.0,0.0,0.0,0.0,0.0,0.027777777777777776,0.0,0.0,0.05555555555555555,0.0,0.0,0.0,0.0,0.2222222222222222,0.0,0.0,0.0,0.1388888888888889,0.027777777777777776,0.0,0.027777777777777776,0.0,0.027777777777777776,0.0,0.0,0.0,0.0,0.027777777777777776,0.0,0.0,0.0,0.08333333333333333,0.0,0.0,0.0,0.0,0.0,0.0,0.0,0.0,0.0,0.0,0.0,0.0,0.0,0.0,0.0,0.10128871128871127,0.0,1.0,0.1890644503255603,36.0,3.6109179126442243,3.731298770701611,2.964163529918477,6.138888888888889
0.5,0.0,0.0,0.0,0.3,0.2,0.0,0.0,0.0,0.0,0.1,0.0,0.0,0.0,0.0,0.0,0.0,0.0,0.0,0.0,0.0,0.0,0.0,0.0,0.0,0.0,0.0,0.0,0.0,0.0,0.0,0.0,0.0,0.0,0.0,0.0,0.0,0.0,0.0,0.0,0.0,0.0,0.0,0.0,0.0,0.0,0.0,0.0,0.0,0.0,0.0,0.0,0.0,0.0,0.0,0.0,0.0,0.0,0.0,0.0,0.23703703703703702,0.0,1.0,0.28551207816203855,10.0,2.3978952727983707,1.8176681067160707,0.7810249675906654,3.3
0.25,0.0,0.0,0.0,0.125,0.0,0.0,0.0,0.0,0.0,0.375,0.0,0.0,0.0,0.0,0.0,0.0,0.0,0.0,0.0,0.0,0.0,0.0,0.0,0.0,0.0,1.0,0.0,0.0,0.0,0.0,0.0,0.0,0.0,0.0,0.0,0.0,0.0,0.0,0.0,0.0,0.0,0.0,0.0,0.0,0.0,0.0,0.0,0.0,0.0,0.0,0.125,0.0,0.0,0.0,0.0,0.0,0.0,0.0,0.125,0.31591156859014,0.16666666666666666,0.75,0.12522824990893022,8.0,2.1972245773362196,2.1556390622295662,1.9364916731037085,5.0
0.07142857142857142,0.0,0.0,0.0,0.32142857142857145,0.25,0.0,0.0,0.03571428571428571,0.0,0.42857142857142855,0.0,0.0,0.2857142857142857,0.03571428571428571,0.0,0.0,0.0,0.0,0.0,0.0,0.10714285714285714,0.0,0.0,0.0,0.0,0.03571428571428571,0.0,0.0,0.0,0.03571428571428571,0.0,0.0,0.0,0.0,0.03571428571428571,0.0,0.0,0.0,0.0,0.0,0.0,0.03571428571428571,0.0,0.10714285714285714,0.0,0.0,0.0,0.03571428571428571,0.0,0.0,0.0,0.0,0.0,0.0,0.0,0.0,0.0,0.0,0.0,0.06933327254755825,0.0,0.625,0.1361596991813803,28.0,3.367295829986474,4.230891662306178,3.014421120858456,6.357142857142857
0.0,0.0,0.0,0.0,0.09523809523809523,0.2857142857142857,0.0,0.0,0.047619047619047616,0.0,0.5238095238095238,0.0,0.0,0.38095238095238093,0.047619047619047616,0.0,0.0,0.0,0.0,0.0,0.0,0.09523809523809523,0.0,0.0,0.0,0.0,0.047619047619047616,0.0,0.0,0.0,0.047619047619047616,0.0,0.0,0.0,0.0,0.047619047619047616,0.0,0.0,0.0,0.0,0.0,0.0,0.047619047619047616,0.0,0.14285714285714285,0.0,0.0,0.0,0.047619047619047616,0.0,0.0,0.0,0.0,0.0,0.0,0.0,0.0,0.0,0.0,0.0,0.1172379884888298,0.0,1.0,0.1790039346817229,21.0,3.091042453358316,4.046760436993855,3.197221015541813,6.666666666666667
0.0,0.0,0.0,0.0,0.0,0.375,0.0,0.0,0.0,0.0,0.75,0.0,0.0,0.125,0.0,0.0,0.0,0.0,0.0,0.0,0.0,0.125,0.0,0.0,0.0,0.0,0.0,0.0,0.0,0.0,0.0,0.875,0.0,0.75,0.0,0.0,0.0,0.0,0.0,0.0,0.875,0.0,0.0,0.0,0.0,0.0,0.0,0.0,0.0,0.75,0.0,0.0,0.0,0.0,0.0,0.0,0.0,0.0,0.0,0.0,0.3382346266012233,0.0,0.875,0.18138892522835767,8.0,2.1972245773362196,2.5516023220061577,2.6339134382131846,7.25
0.0,0.0,0.0,0.0,0.0,0.0,0.0,0.0,0.0,0.0,0.1,0.0,0.0,0.0,0.0,0.0,0.0,0.0,0.1,0.0,0.0,0.0,0.0,0.0,0.0,0.0,0.0,0.0,0.0,0.0,0.0,0.0,0.0,0.0,0.0,0.1,0.0,0.0,0.0,0.0,0.0,0.0,0.0,0.0,0.0,0.0,0.0,0.0,0.0,0.0,0.0,0.0,0.0,0.0,0.0,0.0,0.0,0.0,0.0,0.0,0.2994805194805195,0.0,1.0,0.2416871628155445,10.0,2.3978952727983707,0.9965784284662087,1.5,4.5
0.0,0.0,0.0,0.0,0.0,0.5555555555555556,0.0,0.0,0.0,0.0,0.0,0.0,0.0,0.3333333333333333,0.0,0.0,0.0,0.0,0.0,0.0,0.0,0.0,0.0,0.0,0.0,0.0,0.0,0.0,0.0,0.0,0.0,0.0,0.0,0.0,0.0,0.0,0.0,0.0,0.0,0.0,0.0,0.0,0.0,0.0,0.0,0.0,0.0,0.0,0.0,0.0,0.0,0.0,0.0,0.0,0.0,0.0,0.0,0.0,0.0,0.0,0.21110209235209232,0.0,1.0,0.2751686810195438,9.0,2.302585092994046,0.9994302261042465,2.3934065809486684,4.222222222222222
0.0,0.0,0.0,0.0,1.0,0.6,0.0,0.0,0.0,0.0,0.2,0.0,0.0,0.0,0.0,0.0,0.0,0.0,0.0,0.0,0.0,0.0,0.0,0.0,0.0,0.0,0.0,0.0,0.0,0.0,0.0,0.0,0.0,0.0,0.0,0.0,0.0,0.0,0.0,0.0,0.0,0.0,0.0,0.0,0.0,0.0,0.0,0.0,0.0,0.0,0.0,0.0,0.0,0.0,0.0,0.0,0.0,0.0,0.0,0.0,0.37265873015873013,0.16666666666666666,0.6666666666666666,0.16647158367368253,5.0,1.791759469228055,0.9065649754771962,1.16619037896906,5.8
0.0,0.0,0.0,0.0,0.14285714285714285,0.7142857142857143,0.0,0.0,0.7142857142857143,0.0,1.0,0.0,0.0,0.0,0.0,0.0,0.14285714285714285,0.0,0.0,0.0,0.0,0.0,0.0,0.0,0.0,0.0,0.0,0.0,0.0,0.0,0.0,0.0,0.0,0.0,0.0,0.0,0.0,0.14285714285714285,0.14285714285714285,0.0,0.0,0.0,0.0,0.0,0.0,0.0,0.0,0.0,0.0,0.0,0.0,0.0,0.0,0.0,0.0,0.0,0.0,0.0,0.0,0.0,0.2837417212417212,0.07142857142857142,0.5454545454545454,0.12038479058186503,7.0,2.0794415416798357,2.2976697085618336,2.390457218668787,7.0
0.0,0.0,0.0,0.0,0.3333333333333333,0.0,0.0,0.0,0.8333333333333334,0.0,1.0,0.0,0.0,0.0,0.0,0.0,0.16666666666666666,0.0,0.0,0.0,0.0,0.0,0.0,0.0,0.0,0.0,0.0,0.0,0.0,0.0,0.0,0.0,0.0,0.0,0.0,0.0,0.0,0.0,0.0,0.0,0.0,0.0,0.0,0.0,0.0,0.16666666666666666,0.0,0.0,0.0,0.0,0.0,0.0,0.0,0.0,0.0,0.0,0.0,0.0,0.0,0.0,0.23817941317941313,0.125,0.8,0.1570114864855988,6.0,1.9459101490553132,1.6091703386755989,1.8856180831641267,5.333333333333333
0.0,0.0,0.0,0.0,0.3333333333333333,0.3333333333333333,0.0,0.0,0.0,0.0,0.3333333333333333,0.0,0.0,0.0,0.0,0.0,0.0,0.0,0.0,0.0,0.0,0.0,0.0,0.0,0.0,0.0,0.0,0.0,0.0,0.0,0.0,0.0,0.0,0.0,0.0,0.0,0.0,0.0,0.0,0.0,0.0,0.0,0.0,0.0,0.0,0.0,0.0,0.0,0.0,0.0,0.0,0.0,0.0,0.0,0.0,0.0,0.0,0.0,0.0,0.0,0.06658970658970659,0.0,0.4,0.11312255007567798,6.0,1.9459101490553132,1.584962500721156,1.4907119849998596,4.333333333333333
0.0,0.0,0.0,0.0,0.16666666666666666,0.0,0.0,0.0,0.5,0.0,1.0,0.0,0.0,0.0,0.0,0.0,0.16666666666666666,0.0,0.0,0.0,0.0,0.0,0.0,0.0,0.0,0.0,0.0,0.0,0.0,0.0,0.0,0.0,0.16666666666666666,0.0,0.0,0.0,0.0,0.0,0.0,0.0,0.0,0.0,0.0,0.0,0.16666666666666666,0.0,0.0,0.0,0.0,0.0,0.0,0.0,0.0,0.0,0.0,0.0,0.0,0.0,0.0,0.0,0.27782458282458283,0.07692307692307693,0.8333333333333334,0.18849399842028847,6.0,1.9459101490553132,2.2233083338141038,2.4776781245530843,6.166666666666667
0.15384615384615385,0.0,0.0,0.0,0.23076923076923078,0.8461538461538461,0.0,0.0,0.0,0.0,0.07692307692307693,0.0,0.0,0.0,0.0,0.0,0.07692307692307693,0.0,0.0,0.0,0.0,0.0,0.0,0.0,0.0,0.0,0.0,0.0,0.0,0.0,0.0,0.0,0.0,0.0,0.0,0.07692307692307693,0.0,0.0,0.0,0.0,0.0,0.0,0.0,0.0,0.0,0.0,0.0,0.0,0.0,0.0,0.0,0.0,0.0,0.0,0.0,0.0,0.0,0.0,0.0,0.0,0.33702036567421184,0.0,1.0,0.3124915332598876,13.0,2.6390573296152584,1.9615168721159242,5.7130598854237356,5.769230769230769
0.03571428571428571,0.0,0.0,0.0,0.6785714285714286,0.25,0.0,0.0,0.07142857142857142,0.0,0.35714285714285715,0.0,0.0,0.03571428571428571,0.03571428571428571,0.0,0.07142857142857142,0.0,0.03571428571428571,0.0,0.0,0.0,0.0,0.21428571428571427,0.0,0.0,0.0,0.0,0.0,0.0,0.0,0.0,0.0,0.0,0.0,0.03571428571428571,0.0,0.0,0.07142857142857142,0.0,0.0,0.0,0.0,0.0,0.21428571428571427,0.0,0.0,0.0,0.0,0.0,0.0,0.07142857142857142,0.0,0.0,0.0,0.0,0.0,0.0,0.03571428571428571,0.0,0.10902562562372253,0.0,0.8333333333333334,0.17477510300764848,28.0,3.367295829986474,4.48053810715045,4.271852582872672,7.464285714285714
0.16666666666666666,0.0,0.0,0.0,0.08333333333333333,1.0,0.0,0.0,0.0,0.0,0.0,0.0,0.0,0.0,0.0,0.0,0.0,0.0,0.0,0.0,0.0,0.0,0.0,0.0,0.0,0.0,0.0,0.0,0.0,0.0,0.0,0.0,0.0,0.0,0.0,0.0,0.0,0.0,0.0,0.0,0.0,0.0,0.0,0.0,0.0,0.4166666666666667,0.0,0.0,0.0,0.0,0.0,0.0,0.0,0.0,0.0,0.0,0.0,0.0,0.0,0.0,0.4884461498097862,0.1111111111111111,1.0,0.2078004189847252,12.0,2.5649493574615367,1.2558382942777029,1.35400640077266,5.0
0.05,0.0,0.0,0.0,0.3,0.3,0.0,0.0,0.35,0.0,0.9,0.0,0.0,0.0,0.0,0.0,0.15,0.0,0.0,0.0,0.0,0.0,0.0,0.1,0.0,0.0,0.0,0.0,0.0,0.0,0.0,0.0,0.0,0.2,0.0,0.0,0.0,0.0,0.0,0.0,0.0,0.0,0.0,0.0,0.15,0.0,0.0,0.0,0.0,0.0,0.0,0.0,0.0,0.0,0.0,0.0,0.0,0.0,0.0,0.0,0.15444011612742267,0.0,1.0,0.16679572568258086,20.0,3.044522437723423,3.5428472625511223,2.3764469276632294,6.55
0.0,0.0,0.0,0.0,0.07894736842105263,0.2894736842105263,0.0,0.0,0.0,0.0,0.47368421052631576,0.0,0.0,0.0,0.0,0.0,0.0,0.0,0.0,0.0,0.0,0.10526315789473684,0.0,0.0,0.0,0.0,0.0,0.0,0.0,0.0,0.0,0.8947368421052632,0.0,0.7894736842105263,0.0,0.0,0.0,0.0,0.0,0.0,0.6578947368421053,0.0,0.0,0.0,0.0,0.0,0.0,0.0,0.0,0.39473684210526316,0.0,0.0,0.0,0.0,0.0,0.0,0.0,0.0,0.0,0.0,0.2875666801297053,0.0,0.875,0.15931022029045017,38.0,3.6635616461296463,2.999009168413253,2.770666489815029,6.184210526315789
0.2,0.0,0.0,0.0,0.0,0.0,0.0,0.0,0.0,0.0,0.0,0.0,0.0,0.0,0.0,0.0,0.0,0.0,0.0,0.0,0.0,0.0,0.0,0.0,0.0,0.0,0.0,0.0,0.0,0.0,0.0,0.0,0.0,0.0,0.0,0.0,0.0,0.0,0.0,0.0,0.0,0.0,0.0,0.0,0.0,0.0,0.0,0.0,0.0,0.0,0.0,0.0,0.0,0.0,0.0,0.0,0.0,0.0,0.0,0.0,0.22095238095238096,0.0,1.0,0.28886516560538544,5.0,1.791759469228055,0.46438561897747244,1.4966629547095767,2.6
0.0,0.0,0.0,0.0,0.1111111111111111,0.1111111111111111,0.0,0.0,0.0,0.0,0.0,0.0,0.0,0.0,0.0,0.0,0.0,0.0,0.0,0.0,0.0,0.0,0.0,0.0,0.0,0.0,0.0,0.0,0.0,0.0,0.0,0.0,0.0,0.0,0.0,0.0,0.0,0.0,0.0,0.0,0.0,0.0,0.0,0.0,0.2222222222222222,0.0,0.0,0.0,0.0,0.0,0.0,0.0,0.0,0.0,0.0,0.0,0.0,0.0,0.0,0.0,0.4803088228946073,0.0,0.8888888888888888,0.2658523991178627,9.0,2.302585092994046,1.186633333974361,1.1547005383792515,8.666666666666666
0.2857142857142857,0.0,0.0,0.0,0.7142857142857143,0.5714285714285714,0.0,0.0,0.42857142857142855,0.0,0.5714285714285714,0.0,0.0,0.0,0.0,0.0,0.0,0.0,0.0,0.0,0.0,0.0,0.0,0.0,0.0,0.0,0.0,0.0,0.0,0.0,0.0,0.0,0.0,0.0,0.0,0.0,0.0,0.0,0.0,0.0,0.0,0.0,0.0,0.0,0.0,0.0,0.0,0.0,0.0,0.0,0.0,0.0,0.0,0.0,0.0,0.0,0.0,0.0,0.0,0.0,0.15962086854944,0.0,0.6,0.15624066556041616,7.0,2.0794415416798357,2.309694374348085,2.710523708715754,6.285714285714286
0.0,0.0,0.0,0.0,0.0,0.0,0.0,0.029411764705882353,0.0,0.0,0.23529411764705882,0.0,0.0,0.0,0.0,0.0,0.058823529411764705,0.0,0.20588235294117646,0.0,0.0,0.0,0.029411764705882353,0.0,0.0,0.0,0.0,0.0,0.0,0.0,0.0,0.0,0.0,0.0,0.0,0.08823529411764706,0.0,0.0,0.23529411764705882,0.0,0.0,0.0,0.0,0.0,0.0,0.0,0.0,0.0,0.0,0.0,0.0,0.0,0.0,0.0,0.0,0.0,0.0,0.0,0.0,0.0,0.24446881161166875,0.0,1.0,0.2711161326982657,34.0,3.5553480614894135,2.300515096498338,2.4993078626666914,4.5588235294117645
0.15,0.0,0.0,0.0,0.1,0.35,0.0,0.0,0.0,0.0,0.125,0.0,0.0,0.025,0.0,0.0,0.0,0.0,0.025,0.0,0.0,0.025,0.0,0.0,0.0,0.0,0.0,0.0,0.0,0.0,0.0,0.0,0.0,0.0,0.0,0.025,0.0,0.0,0.0,0.0,0.0,0.0,0.0,0.0,0.1,0.0,0.0,0.0,0.0,0.0,0.0,0.0,0.0,0.0,0.0,0.0,0.0,0.0,0.0,0.0,0.08811805665299695,0.0,0.5,0.10464214978263632,40.0,3.713572066704308,2.512223878081555,3.876531955240405,6.15
0.15384615384615385,0.0,0.0,0.0,0.10256410256410256,0.46153846153846156,0.0,0.0,0.0,0.0,0.10256410256410256,0.0,0.0,0.05128205128205128,0.0,0.0,0.0,0.0,0.02564102564102564,0.0,0.0,0.02564102564102564,0.0,0.0,0.0,0.0,0.0,0.0,0.0,0.0,0.0,0.0,0.0,0.0,0.0,0.05128205128205128,0.0,0.0,0.0,0.0,0.0,0.0,0.0,0.0,0.15384615384615385,0.02564102564102564,0.0,0.0,0.0,0.0,0.0,0.0,0.0,0.0,0.0,0.0,0.0,0.0,0.0,0.0,0.09094753314230822,0.0,0.6153846153846154,0.11756586143554412,39.0,3.6888794541139363,2.8657666619021973,5.305400223535159,7.487179487179487
0.0,0.0,0.0,0.0,0.0,0.7,0.0,0.0,0.1,0.0,0.4,0.0,0.0,0.0,0.0,0.0,0.0,0.0,0.0,0.0,0.0,0.0,0.0,0.0,0.0,0.0,0.0,0.0,0.0,0.0,0.0,0.0,0.0,0.0,0.0,0.0,0.0,0.0,0.0,0.0,0.0,0.0,0.0,0.0,0.1,0.0,0.0,0.0,0.0,0.0,0.0,0.0,0.0,0.0,0.0,0.0,0.0,0.0,0.0,0.0,0.15891128496521434,0.0,0.75,0.1882786087825455,10.0,2.3978952727983707,1.5533580779132483,7.113367697511496,9.0
0.0,0.0,0.0,0.0,0.0,0.7,0.0,0.0,0.1,0.0,0.4,0.0,0.0,0.0,0.0,0.0,0.0,0.0,0.0,0.0,0.0,0.0,0.0,0.0,0.0,0.0,0.0,0.0,0.0,0.0,0.0,0.0,0.0,0.0,0.0,0.0,0.0,0.0,0.0,0.0,0.0,0.0,0.0,0.0,0.1,0.0,0.0,0.0,0.0,0.0,0.0,0.0,0.0,0.0,0.0,0.0,0.0,0.0,0.0,0.0,0.15891128496521434,0.0,0.75,0.1882786087825455,10.0,2.3978952727983707,1.5533580779132483,7.113367697511496,9.0
0.0,0.0,0.0,0.0,0.0,0.8,0.0,0.0,0.0,0.0,0.0,0.0,0.0,0.0,0.0,0.0,0.0,0.0,0.0,0.0,0.0,0.0,0.0,0.0,0.0,0.0,0.0,0.0,0.0,0.0,0.0,0.0,0.0,0.0,0.0,0.0,0.0,0.0,0.0,0.0,0.0,0.0,0.0,0.0,0.2,0.0,0.0,0.0,0.0,0.0,0.0,0.0,0.0,0.0,0.0,0.0,0.0,0.0,0.0,0.0,0.2550405334932189,0.08333333333333333,0.5714285714285714,0.15765930738642558,5.0,1.791759469228055,0.7219280948873623,3.8781438859330635,9.4
0.0,0.0,0.0,0.0,0.0,0.2,0.0,0.0,0.0,0.0,0.1,0.0,0.0,0.0,0.0,0.0,0.0,0.0,0.0,0.0,0.0,0.0,0.0,0.0,0.0,0.0,0.0,0.0,0.0,0.0,0.0,0.0,0.0,0.0,0.0,0.0,0.0,0.0,0.0,0.0,0.0,0.0,0.0,0.0,0.0,0.0,0.0,0.0,0.0,0.0,0.0,0.0,0.0,0.0,0.0,0.0,0.0,0.0,0.0,0.0,0.3318890459576734,0.0,1.0,0.3467751308761683,10.0,2.3978952727983707,0.7965784284662087,2.227105745132009,5.8
0.3,0.0,0.0,0.0,0.0,0.5,0.0,0.0,0.0,0.0,0.0,0.0,0.0,0.0,0.1,0.0,0.1,0.0,0.0,0.0,0.0,0.0,0.0,0.0,0.0,0.0,0.0,0.0,0.0,0.0,0.0,0.0,0.0,0.0,0.0,0.0,0.0,0.0,0.0,0.0,0.0,0.0,0.0,0.0,0.0,0.0,0.0,0.0,0.0,0.0,0.0,0.0,0.0,0.0,0.0,0.0,0.0,0.0,0.0,0.0,0.15739714024522058,0.0,1.0,0.2018276167424887,10.0,2.3978952727983707,1.6854752972273346,5.374941860150676,7.9
0.2222222222222222,0.0,0.0,0.0,0.2222222222222222,0.7777777777777778,0.0,0.0,0.0,0.0,0.2222222222222222,0.0,0.0,0.1111111111111111,0.0,0.0,0.0,0.0,0.0,0.0,0.0,0.0,0.0,0.0,0.0,0.0,0.0,0.0,0.0,0.0,0.0,0.0,0.0,0.0,0.0,0.0,0.0,0.0,0.0,0.0,0.0,0.0,0.0,0.0,0.0,0.0,0.0,0.0,0.1111111111111111,0.0,0.0,0.0,0.0,0.0,0.0,0.0,0.0,0.0,0.0,0.0,0.24425566717233377,0.0,1.0,0.2873059762242783,9.0,2.302585092994046,2.433043396359051,1.8324913891634047,5.555555555555555
0.0,0.0,0.0,0.0,0.0,0.2,0.0,0.0,0.0,0.0,0.0,0.0,0.0,0.6,0.0,0.0,0.0,0.0,0.0,0.0,0.0,0.0,0.0,0.0,0.0,0.0,0.0,0.0,0.0,0.0,0.0,0.0,0.0,0.0,0.0,0.0,0.0,0.0,0.0,0.0,0.0,0.0,0.0,0.0,0.0,0.0,0.0,0.0,0.0,0.0,0.0,0.0,0.0,0.0,0.0,0.0,0.0,0.0,0.0,0.0,0.42080086580086584,0.1,0.875,0.2776709935112853,5.0,1.791759469228055,0.9065649754771962,1.4142135623730951,6.0
0.16666666666666666,0.0,0.0,0.0,0.16666666666666666,0.8333333333333334,0.0,0.0,0.0,0.0,0.0,0.0,0.0,0.0,0.0,0.0,0.0,0.0,0.0,0.0,0.0,0.0,0.0,0.0,0.0,0.0,0.0,0.0,0.0,0.0,0.0,0.0,0.0,0.0,0.0,0.0,0.0,0.0,0.0,0.0,0.0,0.0,0.0,0.0,0.6666666666666666,0.0,0.0,0.0,0.0,0.0,0.0,0.0,0.0,0.0,0.0,0.0,0.0,0.0,0.0,0.0,0.2273219373219373,0.0,0.625,0.22371315089491023,6.0,1.9459101490553132,1.4708245055826508,3.5,6.5
0.0,0.0,0.0,0.0,0.0,0.0,0.0,0.0,0.0,0.0,1.0,0.0,0.0,0.0,0.0,0.0,0.0,0.0,0.0,0.0,0.0,0.0,0.0,0.0,0.0,0.0,0.0,0.0,0.0,0.0,0.0,0.0,0.0,0.0,0.0,0.0,0.0,0.0,0.0,0.0,0.0,0.0,0.0,0.0,0.2,0.0,0.0,0.0,0.0,0.0,0.0,0.0,0.0,0.0,0.0,0.0,0.0,0.0,0.0,0.0,0.2161904761904762,0.14285714285714285,0.3333333333333333,0.058396952674199136,5.0,1.791759469228055,0.46438561897747244,1.16619037896906,3.2
0.125,0.0,0.0,0.0,0.375,0.5,0.0,0.0,0.0,0.0,0.25,0.0,0.0,0.0,0.0,0.0,0.125,0.0,0.0,0.0,0.0,0.0,0.0,0.0,0.0,0.0,0.0,0.0,0.0,0.0,0.0,0.0,0.0,0.0,0.0,0.125,0.0,0.0,0.0,0.0,0.0,0.0,0.0,0.0,0.0,0.0,0.0,0.0,0.0,0.0,0.0,0.0,0.0,0.0,0.0,0.0,0.0,0.0,0.125,0.0,0.07268893115166407,0.0,0.3076923076923077,0.09634762539789558,8.0,2.1972245773362196,3.0306390622295662,4.166458328124739,7.875
0.0,0.0,0.0,0.0,0.0,0.0,0.0,0.0,0.0,0.0,0.2857142857142857,0.0,0.0,0.0,0.0,0.0,0.0,0.0,0.0,0.0,0.0,0.2857142857142857,0.0,0.0,0.0,0.0,0.2857142857142857,0.0,0.0,0.0,0.5714285714285714,0.0,0.0,0.0,0.0,0.0,0.0,0.0,0.0,0.0,0.0,0.0,0.0,0.0,0.14285714285714285,0.0,0.0,0.0,0.14285714285714285,0.0,0.0,0.0,0.0,0.0,0.0,0.0,0.0,0.0,0.0,0.0,0.2436613065870032,0.1,0.7,0.14693029448526995,7.0,2.0794415416798357,2.8126084378130356,2.2587697572631282,8.571428571428571
0.09090909090909091,0.0,0.0,0.0,0.09090909090909091,0.2727272727272727,0.0,0.0,0.0,0.0,0.18181818181818182,0.0,0.0,0.0,0.0,0.0,0.0,0.0,0.0,0.0,0.0,0.09090909090909091,0.0,0.0,0.0,0.0,0.0,0.0,0.0,0.0,0.6363636363636364,0.0,0.0,0.09090909090909091,0.0,0.09090909090909091,0.0,0.0,0.0,0.0,0.09090909090909091,0.0,0.0,0.0,0.0,0.0,0.0,0.0,0.0,0.09090909090909091,0.0,0.0,0.0,0.0,0.0,0.0,0.0,0.0,0.0,0.0,0.12068407934436644,0.0,0.8,0.17599846728819268,11.0,2.4849066497880004,3.574802617958359,2.8747978728803445,5.090909090909091
0.07407407407407407,0.0,0.0,0.0,0.5925925925925926,0.2962962962962963,0.0,0.0,0.18518518518518517,0.0,0.5185185185185185,0.0,0.0,0.14814814814814814,0.0,0.0,0.07407407407407407,0.0,0.07407407407407407,0.0,0.0,0.0,0.037037037037037035,0.0,0.0,0.0,0.0,0.0,0.0,0.0,0.0,0.0,0.0,0.0,0.0,0.14814814814814814,0.0,0.14814814814814814,0.07407407407407407,0.0,0.0,0.0,0.0,0.0,0.18518518518518517,0.0,0.0,0.0,0.0,0.0,0.0,0.0,0.0,0.0,0.0,0.6666666666666666,0.0,0.0,0.1111111111111111,0.0,0.20187087422808442,0.0,0.8571428571428571,0.20707432618160013,27.0,3.332204510175204,5.614966215144704,4.298849815865751,7.962962962962963
0.25,0.0,0.0,0.0,0.0,0.3333333333333333,0.0,0.0,0.0,0.0,0.0,0.0,0.0,0.0,0.08333333333333333,0.0,0.0,0.0,0.0,0.0,0.0,0.0,0.0,0.0,0.0,0.0,0.0,0.0,0.0,0.0,0.0,0.0,0.0,0.0,0.0,0.0,0.0,0.0,0.0,0.0,0.0,0.0,0.0,0.0,0.0,0.0,0.0,0.0,0.0,0.0,0.0,0.0,0.0,0.0,0.0,0.0,0.0,0.0,0.0,0.0,0.16080475783119907,0.0,1.0,0.18605887912147606,12.0,2.5649493574615367,1.3270677086338152,4.73389081224126,6.916666666666667
0.0,0.0,0.0,0.0,1.0,0.0,0.0,0.0,0.0,0.0,0.2,0.0,0.0,0.0,0.0,0.0,0.0,0.0,0.0,0.0,0.0,0.0,0.0,0.0,0.0,0.0,0.0,0.0,0.0,0.0,0.0,0.0,0.0,0.0,0.0,0.0,0.0,0.0,0.0,0.0,0.0,0.0,0.0,0.0,0.1,0.0,0.0,0.0,0.0,0.0,0.0,0.0,0.0,0.0,0.0,0.0,0.0,0.0,0.1,0.0,0.6092836257309941,0.0625,1.0,0.3142517021841184,10.0,2.3978952727983707,1.128771237954945,2.4819347291981715,5.8
0.3157894736842105,0.0,0.0,0.0,0.21052631578947367,0.3157894736842105,0.0,0.0,0.05263157894736842,0.0,0.3684210526315789,0.0,0.0,0.0,0.0,0.0,0.05263157894736842,0.0,0.05263157894736842,0.0,0.0,0.0,0.0,0.0,0.0,0.0,0.0,0.0,0.0,0.0,0.0,0.0,0.0,0.0,0.0,0.0,0.0,0.0,0.05263157894736842,0.0,0.0,0.0,0.0,0.0,0.05263157894736842,0.0,0.0,0.0,0.10526315789473684,0.0,0.0,0.0,0.0,0.0,0.0,0.0,0.0,0.0,0.0,0.0,0.0847960123811517,0.0,1.0,0.1748868654644785,19.0,2.995732273553991,3.5140416284342346,2.8721607683457373,4.526315789473684
0.2857142857142857,0.0,0.0,0.0,0.23809523809523808,0.2857142857142857,0.0,0.0,0.047619047619047616,0.0,0.42857142857142855,0.0,0.0,0.0,0.0,0.0,0.0,0.0,0.047619047619047616,0.0,0.0,0.047619047619047616,0.0,0.0,0.0,0.0,0.0,0.0,0.0,0.0,0.0,0.0,0.0,0.0,0.0,0.0,0.0,0.0,0.047619047619047616,0.0,0.0,0.0,0.0,0.0,0.14285714285714285,0.0,0.0,0.0,0.09523809523809523,0.047619047619047616,0.0,0.0,0.0,0.0,0.0,0.0,0.0,0.0,0.0,0.0,0.10624489962835827,0.0,1.0,0.19294775121472046,21.0,3.091042453358316,3.8195249629428765,3.0550504633038935,5.0
0.4,0.0,0.0,0.0,0.4,0.2,0.0,0.0,0.0,0.0,0.2,0.0,0.0,0.0,0.0,0.0,0.0,0.0,0.0,0.0,0.0,0.0,0.0,0.0,0.0,0.0,0.0,0.0,0.0,0.0,0.0,0.0,0.0,0.0,0.0,0.0,0.0,0.0,0.2,0.0,0.0,0.0,0.0,0.0,0.2,0.0,0.0,0.0,0.0,0.0,0.0,0.0,0.0,0.0,0.0,0.0,0.0,0.0,0.0,0.0,0.09581453634085213,0.0,0.5,0.14920589290439068,5.0,1.791759469228055,2.9150849518197792,3.006659275674582,8.6
0.2222222222222222,0.0,0.0,0.0,0.6666666666666666,0.5555555555555556,0.0,0.0,0.1111111111111111,0.0,0.2222222222222222,0.0,0.0,0.0,0.0,0.0,0.0,0.0,0.0,0.0,0.0,0.0,0.0,0.0,0.0,0.0,0.0,0.0,0.0,0.0,0.0,0.0,0.0,0.0,0.0,0.0,0.0,0.0,0.2222222222222222,0.0,0.0,0.0,0.0,0.0,0.1111111111111111,0.0,0.0,0.0,0.0,0.0,0.0,0.0,0.0,0.0,0.0,0.0,0.0,0.0,0.0,0.0,0.19046545762554537,0.0,1.0,0.267407503050647,9.0,2.302585092994046,3.012128838737799,3.467663674294941,7.555555555555555
0.35294117647058826,0.0,0.0,0.0,0.17647058823529413,0.23529411764705882,0.0,0.0,0.058823529411764705,0.0,0.4117647058823529,0.0,0.0,0.0,0.0,0.0,0.0,0.0,0.058823529411764705,0.0,0.0,0.0,0.0,0.0,0.0,0.0,0.0,0.0,0.0,0.0,0.0,0.0,0.0,0.0,0.0,0.0,0.0,0.0,0.058823529411764705,0.0,0.0,0.0,0.0,0.0,0.058823529411764705,0.0,0.0,0.0,0.11764705882352941,0.0,0.0,0.0,0.0,0.0,0.0,0.0,0.0,0.0,0.0,0.0,0.12377324429956008,0.0,1.0,0.19528838820234565,17.0,2.8903717578961645,3.3151698183303053,2.952917740708502,4.470588235294118
0.3157894736842105,0.0,0.0,0.0,0.21052631578947367,0.3157894736842105,0.0,0.0,0.05263157894736842,0.0,0.3684210526315789,0.0,0.0,0.0,0.0,0.0,0.05263157894736842,0.0,0.05263157894736842,0.0,0.0,0.0,0.0,0.0,0.0,0.0,0.0,0.0,0.0,0.0,0.0,0.0,0.0,0.0,0.0,0.0,0.0,0.0,0.05263157894736842,0.0,0.0,0.0,0.0,0.0,0.05263157894736842,0.0,0.0,0.0,0.10526315789473684,0.0,0.0,0.0,0.0,0.0,0.0,0.0,0.0,0.0,0.0,0.0,0.09024382828009542,0.0,0.75,0.15432492975021161,19.0,2.995732273553991,3.5140416284342346,2.8721607683457373,4.526315789473684
0.0,0.0,0.0,0.0,0.3333333333333333,0.5333333333333333,0.0,0.0,0.06666666666666667,0.0,0.5333333333333333,0.0,0.0,0.06666666666666667,0.0,0.0,0.0,0.0,0.0,0.0,0.0,0.0,0.0,0.0,0.0,0.0,0.0,0.0,0.0,0.0,0.0,0.0,0.0,0.0,0.0,0.0,0.0,0.0,0.0,0.0,0.0,0.0,0.0,0.0,0.06666666666666667,0.0,0.0,0.0,0.0,0.0,0.0,0.0,0.0,0.0,0.0,0.0,0.0,0.0,0.0,0.0,0.12057532414675272,0.0,0.75,0.1538046721347687,15.0,2.772588722239781,2.277048921344509,1.6996731711975952,5.333333333333333
0.0,0.0,0.0,0.0,0.8,0.6,0.0,0.0,0.0,0.0,0.8,0.0,0.0,0.0,0.0,0.0,0.0,0.0,0.0,0.0,0.0,0.0,0.0,0.0,0.0,0.0,0.0,0.0,0.0,0.0,0.0,0.0,0.0,0.0,0.0,0.0,0.0,0.0,0.0,0.0,0.0,0.0,0.0,0.0,0.0,0.0,0.0,0.0,0.0,0.0,0.0,0.0,0.0,0.0,0.0,0.0,0.0,0.0,0.0,0.0,0.44972582972582975,0.09090909090909091,1.0,0.2965590565440039,5.0,1.791759469228055,0.9572643083195034,0.9797958971132712,5.8
0.0,0.0,0.0,0.0,0.4444444444444444,0.5555555555555556,0.0,0.0,0.0,0.0,0.5555555555555556,0.0,0.0,0.1111111111111111,0.0,0.0,0.0,0.0,0.0,0.0,0.0,0.0,0.0,0.0,0.0,0.0,0.0,0.0,0.0,0.0,0.0,0.0,0.0,0.0,0.0,0.0,0.0,0.0,0.0,0.0,0.0,0.0,0.0,0.0,0.1111111111111111,0.0,0.0,0.0,0.0,0.0,0.0,0.0,0.0,0.0,0.0,0.0,0.0,0.0,0.0,0.0,0.15869069202402533,0.0,0.75,0.19458160202606514,9.0,2.302585092994046,2.166613230467042,1.5713484026367723,5.555555555555555
0.0,0.0,0.0,0.0,0.0,0.0,0.0,0.0,0.0,0.0,0.3333333333333333,0.0,0.0,0.0,0.0,0.0,0.16666666666666666,0.0,0.0,0.0,0.0,0.0,0.0,0.0,0.0,0.0,0.0,0.0,0.0,0.0,0.0,0.0,0.0,0.0,0.0,0.0,0.0,0.0,0.0,0.0,0.0,0.0,0.0,0.0,0.3333333333333333,0.0,0.0,0.0,0.6666666666666666,0.0,0.0,0.3333333333333333,0.0,0.0,0.0,0.0,0.0,0.0,0.0,0.0,0.1183375104427736,0.0,0.5,0.16303422638953494,6.0,1.9459101490553132,2.405764584655453,4.307615994440028,6.666666666666667
0.0,0.0,0.0,0.0,0.0,0.0,0.0,0.0,0.0,0.0,0.0,0.0,0.125,0.0,0.125,0.0,0.0,0.0,0.125,0.125,0.0,0.375,0.0,0.0,0.0,0.0,0.125,0.0,0.0,0.0,0.0,0.0,0.0,0.0,0.0,0.0,0.0,0.0,0.0,0.0,0.0,0.0,0.0,0.0,0.125,0.0,0.0,0.0,0.125,0.0,0.0,0.0,0.0,0.0,0.0,0.0,0.0,0.625,0.0,0.25,0.08300033300033301,0.0,0.75,0.1512125374650201,8.0,2.1972245773362196,4.079434002924964,2.368411915187052,5.875
0.058823529411764705,0.0,0.0,0.0,0.058823529411764705,0.11764705882352941,0.0,0.0,0.058823529411764705,0.0,0.8235294117647058,0.0,0.0,0.0,0.0,0.0,0.17647058823529413,0.0,0.0,0.0,0.0,0.11764705882352941,0.0,0.0,0.0,0.0,0.0,0.0,0.0,0.0,0.0,0.0,0.0,0.0,0.0,0.0,0.0,0.0,0.0,0.0,0.0,0.0,0.0,0.0,0.23529411764705882,0.0,0.0,0.0,0.0,0.0,0.0,0.0,0.0,0.0,0.0,0.0,0.0,0.0,0.0,0.0,0.2168126215476112,0.0,1.0,0.25895057362567053,17.0,2.8903717578961645,2.611241361414093,3.892144515217239,5.705882352941177
0.25,0.0,0.0,0.0,0.125,0.0,0.0,0.0,0.0,0.0,0.375,0.0,0.0,0.0,0.0,0.0,0.0,0.0,0.0,0.0,0.0,0.0,0.0,0.0,0.0,0.0,1.0,0.0,0.0,0.0,0.0,0.0,0.0,0.0,0.0,0.0,0.0,0.0,0.0,0.0,0.0,0.0,0.0,0.0,0.0,0.0,0.0,0.0,0.0,0.0,0.0,0.125,0.0,0.0,0.0,0.0,0.0,0.0,0.0,0.125,0.31591156859014,0.16666666666666666,0.75,0.12522824990893022,8.0,2.1972245773362196,2.1556390622295662,1.9364916731037085,5.0
0.12,0.0,0.0,0.0,0.08,0.0,0.0,0.0,0.0,0.0,0.12,0.0,0.0,0.0,0.0,0.0,0.04,0.04,0.08,0.0,0.0,0.0,0.0,0.0,0.0,0.0,0.0,0.0,0.0,0.0,0.0,0.0,0.0,0.0,0.0,0.12,0.0,0.0,0.24,0.0,0.0,0.0,0.0,0.0,0.0,0.0,0.0,0.0,0.0,0.0,0.0,0.0,0.0,0.0,0.0,0.0,0.0,0.0,0.0,0.0,0.2616663098805956,0.0,1.0,0.33296326073861116,25.0,3.258096538021482,2.5498616989780754,2.6369679558159214,5.08
0.0,0.0,0.0,0.0,0.125,0.125,0.0,0.0,0.75,0.0,0.875,0.0,0.0,0.0,0.0,0.0,0.125,0.0,0.0,0.0,0.0,0.0,0.125,0.0,0.0,0.0,0.0,0.0,0.0,0.0,0.0,0.0,0.0,0.0,0.0,0.0,0.0,0.0,0.0,0.0,0.0,0.0,0.0,0.0,0.25,0.0,0.0,0.0,0.0,0.0,0.0,0.0,0.0,0.0,0.0,0.0,0.0,0.0,0.0,0.0,0.18189251224965514,0.0,0.5,0.11862933167689499,8.0,2.1972245773362196,2.4798425676587295,2.449489742783178,7.0
0.1,0.0,0.0,0.0,0.025,0.05,0.0,0.0,0.0,0.0,0.35,0.0,0.0,0.175,0.0,0.0,0.05,0.0,0.025,0.0,0.0,0.275,0.0,0.0,0.0,0.0,0.025,0.0,0.0,0.0,0.0,0.0,0.0,0.0,0.0,0.025,0.0,0.0,0.0,0.0,0.0,0.0,0.4,0.0,0.1,0.0,0.0,0.0,0.0,0.0,0.0,0.1,0.0,0.0,0.0,0.0,0.0,0.0,0.0,0.2,0.10431721034219928,0.0,0.875,0.1728721209522045,40.0,3.713572066704308,4.436458351080489,2.6868894655344495,5.925
0.0,0.0,0.0,0.0,0.16666666666666666,0.0,0.0,0.0,0.0,0.0,0.3333333333333333,0.0,0.0,0.0,0.0,0.0,0.16666666666666666,0.0,0.0,0.0,0.0,0.0,0.0,0.0,0.0,0.0,0.0,0.0,0.0,0.0,0.0,0.0,0.0,0.0,0.0,0.16666666666666666,0.0,0.16666666666666666,0.0,0.0,0.0,0.0,0.0,0.0,0.0,0.0,0.0,0.0,0.0,0.0,0.0,0.0,0.0,0.0,0.0,0.0,0.0,0.0,0.0,0.0,0.13735893346419661,0.0,0.6666666666666666,0.19110102891813532,6.0,1.9459101490553132,2.2516291673878226,5.07991688470939,7.833333333333333
0.0,0.0,0.0,0.0,0.5,0.3333333333333333,0.0,0.0,0.0,0.0,0.16666666666666666,0.0,0.0,0.0,0.0,0.0,0.0,0.0,0.0,0.0,0.0,0.0,0.0,0.0,0.0,0.0,0.0,0.0,0.0,0.0,0.0,0.0,0.0,0.0,0.0,0.0,0.0,0.0,0.0,0.0,0.0,0.0,0.0,0.0,0.0,0.0,0.0,0.0,0.0,0.0,0.0,0.0,0.0,0.0,0.0,0.0,0.0,0.0,0.0,0.0,0.17097883597883595,0.0,0.625,0.19433734587887988,6.0,1.9459101490553132,1.4591479170272448,2.1147629234082532,4.166666666666667
0.0,0.0,0.0,0.0,0.07142857142857142,0.0,0.0,0.0,0.0,0.0,0.21428571428571427,0.0,0.0,0.0,0.0,0.0,0.0,0.0,0.0,0.0,0.0,0.0,0.0,0.0,0.0,0.0,0.0,0.0,0.0,0.0,0.0,0.0,0.0,0.6428571428571429,0.0,0.2857142857142857,0.0,0.0,0.0,0.0,0.0,0.0,0.0,0.0,0.0,0.0,0.0,0.0,0.0,0.0,0.0,0.0,0.0,0.0,0.0,0.0,0.0,0.0,0.0,0.0,0.2749007456298012,0.0,0.8333333333333334,0.22330209791936098,14.0,2.70805020110221,1.674344368559642,4.642307659791977,7.142857142857143
0.3125,0.0,0.0,0.0,0.5,0.5625,0.0,0.0,0.0625,0.0,0.4375,0.0,0.0,0.0,0.0,0.0,0.0,0.0,0.0,0.0,0.0,0.125,0.0,0.0,0.0,0.0,0.0,0.0,0.0,0.0,0.0,0.0,0.0,0.0,0.0,0.0,0.0,0.0,0.0,0.0,0.0,0.0,0.0,0.0,0.125,0.0,0.0,0.0,0.0625,0.0,0.0,0.0,0.0,0.0,0.0,0.0,0.0,0.0,0.0,0.0,0.17264605764605764,0.0,1.0,0.23383606448149424,16.0,2.833213344056216,3.2630968786361967,3.112474899497183,4.75
0.11428571428571428,0.0,0.0,0.0,0.08571428571428572,0.6571428571428571,0.0,0.0,0.08571428571428572,0.0,0.2857142857142857,0.0,0.0,0.0,0.0,0.0,0.02857142857142857,0.0,0.0,0.0,0.0,0.11428571428571428,0.0,0.0,0.0,0.0,0.02857142857142857,0.0,0.0,0.0,0.0,0.0,0.0,0.0,0.0,0.0,0.0,0.0,0.0,0.0,0.0,0.0,0.05714285714285714,0.0,0.14285714285714285,0.11428571428571428,0.0,0.0,0.0,0.0,0.0,0.0,0.0,0.0,0.0,0.0,0.0,0.0,0.0,0.0,0.09876909590642952,0.0,1.0,0.15759240664940324,35.0,3.58351893845611,3.5250388457071233,3.5520617755245834,4.8
0.18181818181818182,0.0,0.0,0.0,0.6363636363636364,0.45454545454545453,0.0,0.0,0.0,0.0,0.18181818181818182,0.0,0.0,0.0,0.0,0.0,0.0,0.0,0.0,0.0,0.0,0.09090909090909091,0.0,0.0,0.0,0.0,0.0,0.0,0.0,0.0,0.0,0.0,0.0,0.0,0.0,0.0,0.0,0.0,0.0,0.0,0.0,0.0,0.0,0.0,0.0,0.0,0.0,0.0,0.0,0.0,0.0,0.0,0.0,0.0,0.0,0.0,0.0,0.0,0.0,0.0,0.16301057528330257,0.0,1.0,0.19323543736210463,11.0,2.4849066497880004,2.1408375079994557,2.4052284646041735,4.818181818181818
0.07142857142857142,0.0,0.0,0.0,0.08928571428571429,0.16071428571428573,0.0,0.0,0.017857142857142856,0.0,0.375,0.0,0.0,0.08928571428571429,0.0,0.0,0.03571428571428571,0.0,0.03571428571428571,0.0,0.0,0.30357142857142855,0.0,0.0,0.0,0.0,0.0,0.0,0.0,0.0,0.0,0.0,0.0,0.0,0.0,0.03571428571428571,0.0,0.0,0.0,0.0,0.0,0.0,0.16071428571428573,0.0,0.07142857142857142,0.017857142857142856,0.0,0.0,0.0,0.0,0.0,0.07142857142857142,0.0,0.0,0.0,0.0,0.0,0.0,0.0,0.0,0.09010256006054325,0.0,1.0,0.14259938570392736,56.0,4.04305126783455,4.061233181116232,3.086342528638329,6.214285714285714
0.0,0.0,0.0,0.0,0.2,0.5,0.0,0.0,0.0,0.0,0.1,0.0,0.0,0.8,0.0,0.0,0.0,0.0,0.1,0.0,0.0,0.0,0.0,0.0,0.0,0.0,0.0,0.0,0.0,0.0,0.0,0.0,0.1,0.0,0.0,0.2,0.0,0.0,0.2,0.0,0.0,0.0,0.2,0.0,0.0,0.0,0.0,0.0,0.0,0.0,0.0,0.0,0.0,0.0,0.0,0.0,0.0,0.0,0.0,0.0,0.1672044150475523,0.0,0.75,0.1623138285542469,10.0,2.3978952727983707,3.6116633802859885,2.8354893757515653,6.6
0.04819277108433735,0.0,0.0,0.0,0.25301204819277107,0.6385542168674698,0.012048192771084338,0.0,0.08433734939759036,0.0,0.21686746987951808,0.0,0.0,0.08433734939759036,0.0,0.0,0.04819277108433735,0.0,0.12048192771084337,0.0,0.0,0.0,0.0,0.0,0.0,0.5542168674698795,0.0,0.5180722891566265,0.0,0.0,0.0,0.0,0.0,0.0,0.0,0.08433734939759036,0.5662650602409639,0.07228915662650602,0.024096385542168676,0.0,0.0,0.0,0.0,0.0,0.04819277108433735,0.0,0.0,0.1566265060240964,0.0,0.0,0.012048192771084338,0.0,0.0,0.0,0.0,0.0,0.0,0.0,0.0,0.0,0.25558074445259804,0.0,1.0,0.2793416274146881,83.0,4.430816798843313,5.7001970687701755,4.818132394169517,6.879518072289157
0.14285714285714285,0.0,0.0,0.0,0.2857142857142857,0.0,0.0,0.0,0.14285714285714285,0.0,0.7142857142857143,0.0,0.0,0.0,0.0,0.0,0.0,0.0,0.0,0.0,0.0,0.0,0.0,0.0,0.0,0.0,0.0,0.0,0.0,0.0,0.0,0.0,0.0,0.0,0.0,0.0,0.0,0.0,0.0,0.0,0.0,0.0,0.0,0.0,0.0,0.0,0.0,0.0,0.0,0.0,0.0,0.0,0.0,0.0,0.0,0.0,0.0,0.0,0.0,0.0,0.11481534338677195,0.0,0.6666666666666666,0.18604214243052794,7.0,2.0794415416798357,1.6652219748688035,2.4327694808466287,5.285714285714286
0.0,0.0,0.0,0.0,0.25,0.375,0.0,0.0,0.125,0.0,0.375,0.0,0.0,0.0,0.0,0.0,0.125,0.0,0.0,0.0,0.0,0.0,0.0,0.0,0.0,0.0,0.0,0.0,0.0,0.0,0.0,0.0,0.0,0.0,0.0,0.125,0.0,0.0,0.0,0.0,0.0,0.0,0.0,0.0,0.0,0.0,0.0,0.0,0.0,0.0,0.0,0.0,0.0,0.0,0.0,0.0,0.0,0.0,0.125,0.0,0.10974841206265354,0.0,0.5555555555555556,0.13318916247302073,8.0,2.1972245773362196,3.061278124459133,3.7228181529588578,9.875
0.0,0.0,0.0,0.0,0.15384615384615385,0.38461538461538464,0.0,0.0,0.07692307692307693,0.0,0.5384615384615384,0.0,0.0,0.0,0.0,0.0,0.15384615384615385,0.0,0.0,0.0,0.0,0.0,0.0,0.0,0.0,0.0,0.0,0.0,0.0,0.0,0.0,0.0,0.0,0.0,0.0,0.0,0.0,0.0,0.0,0.0,0.0,0.0,0.0,0.0,0.23076923076923078,0.0,0.0,0.0,0.07692307692307693,0.0,0.0,0.0,0.0,0.0,0.0,0.0,0.0,0.0,0.0,0.0,0.10229446479446479,0.0,0.6666666666666666,0.1402440846244058,13.0,2.6390573296152584,2.8994785884584173,3.498097538739099,5.384615384615385
0.0,0.0,0.0,0.0,1.0,0.6,0.0,0.0,0.0,0.0,0.6,0.0,0.0,0.0,0.0,0.0,0.0,0.0,0.0,0.0,0.0,0.0,0.0,0.0,0.0,0.0,0.0,0.0,0.0,0.0,0.0,0.0,0.0,0.0,0.0,0.0,0.0,0.0,0.0,0.0,0.0,0.0,0.0,0.0,0.4,0.0,0.0,0.0,0.0,0.0,0.0,0.0,0.0,0.0,0.0,0.0,0.0,0.0,0.2,0.0,0.41757936507936516,0.2222222222222222,0.75,0.1470394246575663,5.0,1.791759469228055,1.8775155699318646,1.6733200530681511,5.0
0.0,0.0,0.0,0.0,0.2,0.1,0.0,0.0,0.6,0.0,0.7,0.0,0.0,0.0,0.0,0.0,0.0,0.0,0.0,0.0,0.0,0.0,0.0,0.0,0.0,0.0,0.0,0.0,0.0,0.0,0.0,0.0,0.0,0.0,0.0,0.0,0.0,0.0,0.0,0.0,0.0,0.0,0.0,0.0,0.2,0.0,0.0,0.0,0.2,0.0,0.0,0.0,0.0,0.0,0.0,0.0,0.0,0.0,0.0,0.0,0.20570055026195375,0.0,0.7777777777777778,0.2566726250503746,10.0,2.3978952727983707,2.527730243901708,2.973213749463701,7.4
0.06666666666666667,0.0,0.0,0.0,0.2,0.2,0.0,0.0,0.0,0.0,0.4666666666666667,0.0,0.0,0.0,0.0,0.0,0.13333333333333333,0.0,0.06666666666666667,0.0,0.0,0.0,0.0,0.0,0.0,0.0,0.0,0.0,0.0,0.0,0.0,0.0,0.0,0.0,0.0,0.06666666666666667,0.0,0.0,0.0,0.0,0.0,0.0,0.0,0.0,0.0,0.0,0.0,0.0,0.0,0.0,0.0,0.0,0.0,0.0,0.0,0.0,0.0,0.0,0.0,0.0,0.128526744399146,0.0,0.8333333333333334,0.14337916967484232,15.0,2.772588722239781,2.6108514174815443,3.1084115271666044,5.933333333333334
0.0,0.0,0.0,0.0,0.0,0.0,0.0,0.0,0.0,0.0,0.2857142857142857,0.0,0.0,0.0,0.0,0.0,0.0,0.0,0.0,0.0,0.0,0.2857142857142857,0.0,0.0,0.0,0.0,0.2857142857142857,0.0,0.0,0.0,0.5714285714285714,0.0,0.0,0.0,0.0,0.0,0.0,0.0,0.0,0.0,0.0,0.0,0.0,0.0,0.14285714285714285,0.0,0.0,0.0,0.14285714285714285,0.0,0.0,0.0,0.0,0.0,0.0,0.0,0.0,0.0,0.0,0.0,0.2436613065870032,0.1,0.7,0.14693029448526995,7.0,2.0794415416798357,2.8126084378130356,2.2587697572631282,8.571428571428571
0.0,0.0,0.0,0.0,0.6363636363636364,0.5454545454545454,0.0,0.0,0.45454545454545453,0.0,0.7272727272727273,0.0,0.0,0.09090909090909091,0.0,0.0,0.09090909090909091,0.0,0.2727272727272727,0.0,0.0,0.0,0.18181818181818182,0.0,0.0,0.0,0.0,0.0,0.0,0.0,0.0,0.0,0.0,0.0,0.0,0.18181818181818182,0.0,0.09090909090909091,0.0,0.0,0.0,0.0,0.0,0.0,0.18181818181818182,0.0,0.0,0.0,0.0,0.0,0.0,0.0,0.0,0.0,0.0,0.0,0.0,0.0,0.09090909090909091,0.0,0.12211965421769644,0.0,0.45,0.09006597178826033,11.0,2.4849066497880004,4.8538223355931045,5.005781781067711,8.818181818181818
0.041666666666666664,0.0,0.0,0.0,0.2916666666666667,0.25,0.0,0.041666666666666664,0.0,0.0,0.25,0.0,0.0,0.125,0.0,0.0,0.0,0.0,0.0,0.0,0.0,0.5,0.0,0.0,0.0,0.0,0.0,0.0,0.0,0.0,0.0,0.0,0.041666666666666664,0.0,0.0,0.08333333333333333,0.0,0.0,0.08333333333333333,0.0,0.0,0.0,0.0,0.0,0.25,0.0,0.0,0.0,0.0,0.0,0.0,0.0,0.0,0.0,0.0,0.0,0.2916666666666667,0.0,0.0,0.125,0.11185701761817562,0.0,1.0,0.1940708577189528,24.0,3.2188758248682006,4.957551816930742,4.061164310337068,6.583333333333333
0.037037037037037035,0.0,0.0,0.0,0.037037037037037035,0.1111111111111111,0.0,0.037037037037037035,0.0,0.0,0.14814814814814814,0.0,0.0,0.0,0.0,0.0,0.0,0.0,0.0,0.0,0.0,0.0,0.0,0.0,0.0,0.0,0.0,0.0,0.0,0.0,0.0,0.0,0.0,0.0,0.0,0.037037037037037035,0.0,0.0,0.0,0.0,0.0,0.0,0.0,0.0,0.07407407407407407,0.037037037037037035,0.0,0.0,0.0,0.0,0.0,0.0,0.0,0.0,0.0,0.0,0.0,0.0,0.0,0.0,0.14415095388337318,0.0,0.8,0.1828198740755475,27.0,3.332204510175204,1.9190199084490773,2.3870937843440028,6.074074074074074
0.1111111111111111,0.0,0.0,0.0,0.4444444444444444,0.8888888888888888,0.0,0.0,0.2222222222222222,0.0,0.6666666666666666,0.0,0.0,0.2222222222222222,0.0,0.0,0.3333333333333333,0.0,0.3333333333333333,0.0,0.0,0.0,0.1111111111111111,0.0,0.0,0.0,0.0,0.0,0.0,0.0,0.0,0.0,0.0,0.0,0.0,0.2222222222222222,0.0,0.2222222222222222,0.1111111111111111,0.0,0.0,0.0,0.0,0.0,0.3333333333333333,0.0,0.0,0.0,0.0,0.0,0.0,0.0,0.0,0.0,0.0,0.2222222222222222,0.0,0.0,0.0,0.0,0.1698635411354197,0.0,0.5263157894736842,0.12935792182969377,9.0,2.302585092994046,6.113618060763906,6.04509800388242,9.88888888888889
0.07142857142857142,0.0,0.0,0.0,0.5,0.7142857142857143,0.0,0.0,0.21428571428571427,0.0,0.7857142857142857,0.0,0.0,0.14285714285714285,0.0,0.0,0.35714285714285715,0.0,0.2857142857142857,0.0,0.0,0.0,0.07142857142857142,0.0,0.0,0.0,0.0,0.0,0.0,0.0,0.0,0.0,0.0,0.0,0.0,0.21428571428571427,0.0,0.14285714285714285,0.14285714285714285,0.0,0.0,0.0,0.0,0.0,0.21428571428571427,0.0,0.0,0.0,0.0,0.0,0.0,0.07142857142857142,0.0,0.0,0.0,0.21428571428571427,0.0,0.0,0.07142857142857142,0.0,0.17903769740814093,0.0,0.5714285714285714,0.12388298547868383,14.0,2.70805020110221,6.362874050715774,5.2876444352347844,9.428571428571429
0.2,0.0,0.0,0.0,0.0,0.0,0.0,0.0,0.4,0.0,0.6,0.0,0.0,0.0,0.0,0.0,0.6,0.0,0.0,0.0,0.0,0.0,0.0,0.0,0.0,0.0,0.0,0.0,0.0,0.0,0.0,0.0,0.0,0.0,0.0,0.0,0.0,0.0,0.0,0.0,0.0,0.0,0.0,0.0,0.0,0.2,0.0,0.0,0.0,0.0,0.0,0.0,0.0,0.0,0.0,0.0,0.0,0.0,0.0,0.0,0.19543445718368319,0.05263157894736842,0.6428571428571429,0.17051281531362836,5.0,1.791759469228055,2.341901188909337,3.6110940170535577,7.6
0.0,0.0,0.0,0.0,0.2,1.0,0.0,0.0,0.0,0.0,0.0,0.0,0.0,0.0,0.2,0.0,0.2,0.0,0.0,0.0,0.0,0.2,0.0,0.0,0.0,0.0,0.0,0.0,0.0,0.0,0.0,0.0,0.0,0.0,0.0,0.0,0.0,0.0,0.0,0.0,0.0,0.0,0.0,0.0,0.0,0.2,0.0,0.0,0.0,0.0,0.0,0.0,0.0,0.0,0.0,0.0,0.0,0.0,0.0,0.0,0.21125152625152627,0.13333333333333333,0.3333333333333333,0.058384979715105915,5.0,1.791759469228055,2.321928094887362,2.244994432064365,6.6
0.0,0.0,0.0,0.0,0.07692307692307693,0.23076923076923078,0.0,0.0,0.0,0.0,0.6153846153846154,0.0,0.0,0.0,0.0,0.0,0.0,0.0,0.0,0.0,0.0,0.15384615384615385,0.0,0.0,0.0,0.0,0.0,0.0,0.0,0.0,0.0,0.7692307692307693,0.0,0.6923076923076923,0.0,0.0,0.0,0.0,0.0,0.0,0.3076923076923077,0.0,0.0,0.0,0.0,0.0,0.0,0.0,0.0,0.07692307692307693,0.0,0.0,0.0,0.0,0.0,0.0,0.0,0.0,0.0,0.0,0.2281311814965661,0.0,0.8,0.16847939340217175,13.0,2.6390573296152584,3.0856319865648922,2.9612887007569473,5.0
0.0,0.0,0.0,0.0,0.6666666666666666,0.5,0.0,0.0,0.25,0.0,0.25,0.0,0.0,0.0,0.0,0.0,0.16666666666666666,0.0,0.0,0.0,0.0,0.0,0.0,0.0,0.0,0.0,0.0,0.0,0.0,0.0,0.0,0.0,0.0,0.0,0.0,0.0,0.0,0.0,0.0,0.0,0.0,0.0,0.0,0.0,0.08333333333333333,0.08333333333333333,0.0,0.0,0.0,0.0,0.0,0.0,0.0,0.0,0.0,0.0,0.0,0.0,0.0,0.0,0.21099891786505365,0.0,1.0,0.25434655531696493,12.0,2.5649493574615367,2.9182958340544896,2.8613807855648994,8.25
0.0,0.0,0.0,0.0,0.4166666666666667,0.16666666666666666,0.0,0.0,0.0,0.0,0.08333333333333333,0.0,0.0,0.0,0.0,0.0,0.0,0.0,0.08333333333333333,0.0,0.0,0.0,0.0,0.0,0.0,0.0,0.0,0.0,0.0,0.0,0.0,0.0,0.0,0.0,0.0,0.0,0.0,0.0,0.0,0.0,0.0,0.0,0.0,0.0,0.0,0.08333333333333333,0.0,0.0,0.0,0.0,0.0,0.0,0.0,0.0,0.0,0.0,0.0,0.0,0.0,0.0,0.23613703215975942,0.0,1.0,0.29305465614493953,12.0,2.5649493574615367,1.8533320443978958,2.5644470922381863,6.583333333333333
0.16666666666666666,0.0,0.0,0.0,0.5,0.6666666666666666,0.0,0.0,0.0,0.0,0.5,0.0,0.0,0.0,0.0,0.0,0.0,0.0,0.0,0.0,0.0,0.0,0.0,0.0,0.0,0.0,0.0,0.0,0.0,0.0,0.0,0.0,0.0,0.0,0.0,0.0,0.0,0.0,0.0,0.0,0.0,0.0,0.0,0.0,0.16666666666666666,0.0,0.0,0.0,0.0,0.0,0.0,0.0,0.0,0.0,0.0,0.0,0.0,0.0,0.0,0.0,0.20294131794131792,0.0,0.75,0.24651919225726304,6.0,1.9459101490553132,2.251629167387823,2.544056253745625,6.166666666666667
0.07142857142857142,0.0,0.0,0.0,0.5,0.35714285714285715,0.0,0.0,0.07142857142857142,0.0,0.42857142857142855,0.0,0.0,0.0,0.0,0.0,0.0,0.0,0.07142857142857142,0.0,0.0,0.0,0.0,0.0,0.0,0.0,0.0,0.0,0.0,0.0,0.0,0.0,0.0,0.0,0.0,0.0,0.0,0.0,0.0,0.0,0.0,0.0,0.0,0.0,0.0,0.07142857142857142,0.0,0.0,0.0,0.0,0.0,0.0,0.0,0.0,0.0,0.0,0.0,0.0,0.0,0.0,0.16333507762079189,0.0,1.0,0.2364465556651311,14.0,2.70805020110221,2.6422077394357366,1.7971065179155892,4.357142857142857
0.0,0.0,0.0,0.0,0.6,0.3333333333333333,0.0,0.0,0.0,0.0,0.3333333333333333,0.0,0.0,0.0,0.0,0.0,0.0,0.0,0.0,0.0,0.0,0.0,0.0,0.0,0.0,0.0,0.0,0.0,0.0,0.0,0.0,0.0,0.0,0.0,0.0,0.0,0.0,0.0,0.0,0.0,0.0,0.0,0.0,0.0,0.0,0.0,0.0,0.0,0.0,0.0,0.0,0.0,0.0,0.0,0.0,0.0,0.0,0.0,0.06666666666666667,0.0,0.30824675324675327,0.0,1.0,0.3550781553785058,15.0,2.772588722239781,1.759280396687729,1.9933221850301406,4.6
0.0,0.0,0.0,0.0,0.6551724137931034,0.3793103448275862,0.0,0.0,0.13793103448275862,0.0,0.3103448275862069,0.0,0.0,0.0,0.0,0.0,0.10344827586206896,0.0,0.0,0.0,0.0,0.0,0.0,0.0,0.0,0.0,0.0,0.0,0.0,0.0,0.0,0.0,0.0,0.0,0.0,0.0,0.0,0.0,0.0,0.0,0.0,0.0,0.0,0.0,0.06896551724137931,0.034482758620689655,0.0,0.0,0.0,0.0,0.0,0.0,0.0,0.0,0.0,0.0,0.0,0.0,0.034482758620689655,0.0,0.16043950602774135,0.0,1.0,0.2504201710644621,29.0,3.4011973816621555,2.7879471269239975,3.102681897710894,6.448275862068965
0.14285714285714285,0.0,0.0,0.0,0.42857142857142855,0.14285714285714285,0.0,0.0,0.0,0.0,0.5,0.0,0.0,0.0,0.0,0.0,0.07142857142857142,0.0,0.0,0.0,0.0,0.03571428571428571,0.0,0.0,0.0,0.0,0.2857142857142857,0.0,0.0,0.0,0.03571428571428571,0.0,0.0,0.0,0.0,0.0,0.0,0.0,0.0,0.0,0.0,0.0,0.0,0.0,0.03571428571428571,0.0,0.0,0.0,0.17857142857142858,0.0,0.0,0.0,0.0,0.0,0.0,0.0,0.0,0.0,0.03571428571428571,0.0,0.22192812478526766,0.0,1.0,0.2988013552626447,28.0,3.367295829986474,3.7449161241841384,1.9519090602771014,4.607142857142857
0.125,0.0,0.0,0.0,0.4375,0.25,0.0,0.0,0.0,0.0,0.46875,0.0,0.0,0.0,0.0,0.0,0.09375,0.0,0.0,0.0,0.0,0.03125,0.0,0.0,0.0,0.0,0.25,0.0,0.0,0.0,0.03125,0.0,0.0,0.0,0.0,0.0,0.0,0.0,0.0,0.0,0.0,0.0,0.0,0.0,0.03125,0.0,0.0,0.0,0.15625,0.0,0.0,0.0,0.0,0.0,0.0,0.0,0.0,0.0,0.03125,0.0,0.17707986846642312,0.0,1.0,0.28065753934312143,32.0,3.4965075614664802,3.7727857556395463,2.521586492171149,5.21875
0.1,0.0,0.0,0.0,0.3,0.3,0.0,0.0,0.1,0.0,0.4,0.0,0.0,0.1,0.0,0.0,0.1,0.0,0.0,0.0,0.0,0.0,0.0,0.0,0.0,0.0,0.0,0.0,0.0,0.0,0.0,0.0,0.0,0.0,0.0,0.0,0.0,0.0,0.0,0.0,0.0,0.0,0.0,0.0,0.0,0.0,0.0,0.0,0.0,0.0,0.0,0.0,0.0,0.0,0.0,0.0,0.0,0.0,0.0,0.0,0.11123931623931625,0.0,0.6666666666666666,0.14642223142072253,10.0,2.3978952727983707,2.8997218324096132,2.6248809496813372,5.1
0.0,0.0,0.0,0.0,0.6,1.0,0.0,0.0,0.2,0.0,0.4,0.0,0.0,0.0,0.0,0.0,0.4,0.0,0.0,0.0,0.0,0.0,0.0,0.0,0.0,0.0,0.0,0.0,0.0,0.0,0.0,0.0,0.0,0.0,0.0,0.0,0.0,0.0,0.0,0.0,0.0,0.0,0.0,0.0,0.2,0.0,0.0,0.0,0.0,0.0,0.0,0.0,0.0,0.0,0.0,0.0,0.0,0.0,0.0,0.0,0.339438616938617,0.09090909090909091,0.7777777777777778,0.20351911544936227,5.0,1.791759469228055,2.428493070364558,2.8000000000000003,10.4
0.0,0.0,0.0,0.0,0.5625,0.5625,0.0,0.0,0.25,0.0,0.3125,0.0,0.0,0.0,0.0,0.0,0.1875,0.0,0.0,0.0,0.0,0.0,0.0,0.0,0.0,0.0,0.0,0.0,0.0,0.0,0.0,0.0,0.0,0.0,0.0,0.0,0.0,0.0,0.0,0.0,0.0,0.0,0.0,0.0,0.0625,0.0625,0.0,0.0,0.0,0.0,0.0,0.0,0.0,0.0,0.0,0.0,0.0,0.0,0.0,0.0,0.1688872609242588,0.0,1.0,0.22306807355208658,16.0,2.833213344056216,2.911051374839881,3.136852522832401,7.3125
0.045454545454545456,0.0,0.0,0.0,0.5454545454545454,0.5909090909090909,0.0,0.0,0.18181818181818182,0.0,0.36363636363636365,0.0,0.0,0.0,0.0,0.0,0.13636363636363635,0.0,0.0,0.0,0.0,0.0,0.0,0.0,0.0,0.0,0.0,0.0,0.0,0.0,0.0,0.0,0.0,0.0,0.0,0.0,0.0,0.0,0.0,0.0,0.0,0.0,0.0,0.0,0.13636363636363635,0.045454545454545456,0.0,0.0,0.0,0.0,0.0,0.0,0.0,0.0,0.0,0.0,0.0,0.0,0.0,0.0,0.10679645392301393,0.0,1.0,0.15444653007480696,22.0,3.1354942159291497,3.092699158630153,2.692582403567252,7.5
0.06666666666666667,0.0,0.0,0.0,0.06666666666666667,0.6,0.0,0.0,0.26666666666666666,0.0,0.4,0.0,0.0,0.0,0.0,0.0,0.26666666666666666,0.0,0.13333333333333333,0.0,0.0,0.0,0.0,0.0,0.0,0.0,0.0,0.0,0.0,0.0,0.0,0.0,0.0,0.0,0.0,0.06666666666666667,0.0,0.13333333333333333,0.0,0.0,0.0,0.0,0.0,0.0,0.06666666666666667,0.0,0.0,0.0,0.0,0.0,0.13333333333333333,0.0,0.0,0.0,0.0,0.0,0.0,0.0,0.0,0.0,0.14242563516225612,0.0,1.0,0.19458473594511994,15.0,2.772588722239781,4.1925526425182245,2.3513589451397863,6.266666666666667
0.0,0.0,0.0,0.0,0.7142857142857143,0.7142857142857143,0.0,0.0,0.14285714285714285,0.0,0.42857142857142855,0.0,0.0,0.0,0.0,0.0,0.14285714285714285,0.0,0.0,0.0,0.0,0.0,0.0,0.0,0.0,0.0,0.0,0.0,0.0,0.0,0.0,0.0,0.0,0.0,0.0,0.0,0.0,0.0,0.0,0.0,0.0,0.0,0.0,0.0,0.14285714285714285,0.0,0.0,0.0,0.0,0.0,0.0,0.0,0.0,0.0,0.0,0.0,0.0,0.0,0.0,0.0,0.18601855947057183,0.0,0.5714285714285714,0.14599094275438618,7.0,2.0794415416798357,2.420501471697796,3.653346243584121,6.285714285714286
0.06666666666666667,0.0,0.0,0.0,0.6333333333333333,0.26666666666666666,0.0,0.0,0.13333333333333333,0.0,0.4666666666666667,0.0,0.0,0.0,0.0,0.0,0.1,0.0,0.06666666666666667,0.0,0.0,0.03333333333333333,0.0,0.2,0.0,0.0,0.0,0.0,0.0,0.0,0.0,0.0,0.0,0.13333333333333333,0.0,0.06666666666666667,0.0,0.0,0.0,0.0,0.0,0.0,0.0,0.0,0.06666666666666667,0.0,0.0,0.0,0.0,0.0,0.0,0.0,0.0,0.0,0.0,0.0,0.0,0.0,0.06666666666666667,0.0,0.08753406592214875,0.0,0.5263157894736842,0.11392449522579084,30.0,3.4339872044851463,4.4765732308754265,4.564232928129569,7.966666666666667
0.0,0.0,0.0,0.0,0.5172413793103449,0.27586206896551724,0.0,0.0,0.5862068965517241,0.0,0.896551724137931,0.0,0.0,0.034482758620689655,0.0,0.0,0.10344827586206896,0.0,0.10344827586206896,0.0,0.0,0.0,0.06896551724137931,0.0,0.0,0.0,0.0,0.0,0.0,0.0,0.0,0.0,0.0,0.0,0.0,0.06896551724137931,0.0,0.06896551724137931,0.0,0.0,0.0,0.0,0.0,0.0,0.06896551724137931,0.0,0.0,0.0,0.0,0.0,0.0,0.0,0.0,0.0,0.0,0.0,0.0,0.0,0.034482758620689655,0.0,0.17200590477310088,0.0,0.8333333333333334,0.14445755062196008,29.0,3.4011973816621555,3.6738967823821396,4.0882069890424635,6.896551724137931
0.4,0.0,0.0,0.0,0.0,1.0,0.0,0.0,0.0,0.0,0.2,0.0,0.0,0.0,0.0,0.0,0.0,0.0,0.0,0.0,0.0,0.0,0.0,0.0,0.0,0.0,0.0,0.0,0.0,0.0,0.0,0.0,0.0,0.0,0.0,0.0,0.0,0.0,0.0,0.0,0.0,0.0,0.0,0.0,0.0,0.0,0.0,0.0,0.0,0.0,0.0,0.0,0.0,0.0,0.0,0.0,0.0,0.0,0.0,0.0,0.485,0.2,1.0,0.2576011128340352,5.0,1.791759469228055,0.9931568569324173,0.39999999999999997,2.8
0.1,0.0,0.0,0.0,0.6,0.5,0.0,0.0,0.3,0.0,0.6,0.0,0.0,0.0,0.0,0.0,0.1,0.0,0.0,0.0,0.0,0.0,0.0,0.0,0.0,0.0,0.0,0.0,0.0,0.0,0.0,0.0,0.0,0.0,0.0,0.0,0.0,0.0,0.0,0.0,0.0,0.0,0.0,0.0,0.0,0.0,0.0,0.0,0.0,0.0,0.0,0.0,0.0,0.0,0.0,0.0,0.0,0.0,0.1,0.0,0.12587878548898426,0.0,0.6,0.12899175443581815,10.0,2.3978952727983707,2.902026819715518,3.6110940170535573,8.6
0.052083333333333336,0.0,0.0,0.0,0.6875,0.5416666666666666,0.0,0.010416666666666666,0.16666666666666666,0.0,0.5416666666666666,0.0,0.0,0.03125,0.010416666666666666,0.0,0.125,0.0,0.052083333333333336,0.0,0.0,0.03125,0.08333333333333333,0.4583333333333333,0.0,0.0,0.0,0.0,0.0,0.0,0.0,0.0,0.020833333333333332,0.03125,0.0,0.10416666666666667,0.0,0.07291666666666667,0.07291666666666667,0.0,0.0,0.0,0.0,0.0,0.125,0.0,0.0,0.0,0.0,0.0,0.0,0.020833333333333332,0.0,0.010416666666666666,0.0,0.0,0.0,0.0,0.052083333333333336,0.0,0.12960230164970116,0.0,0.6,0.1337637919510688,96.0,4.574710978503383,5.78945255353589,5.560031833816741,8.552083333333334
0.2,0.0,0.0,0.0,0.0,1.0,0.0,0.0,0.0,0.0,0.0,0.0,0.0,0.0,0.0,0.0,0.0,0.0,0.0,0.0,0.0,0.0,0.0,0.0,0.0,0.0,0.0,0.0,0.0,0.0,0.0,0.0,0.0,0.0,0.0,0.0,0.0,0.0,0.2,0.0,0.0,0.0,0.0,0.0,0.0,0.0,0.0,0.0,0.0,0.0,0.0,0.0,0.0,0.0,0.0,0.0,0.0,0.0,0.0,0.0,0.4833333333333333,0.1111111111111111,1.0,0.30192285009155473,5.0,1.791759469228055,0.9287712379549449,2.244994432064365,5.6
0.058823529411764705,0.0,0.0,0.0,0.17647058823529413,0.4117647058823529,0.0,0.0,0.058823529411764705,0.0,0.5294117647058824,0.0,0.0,0.29411764705882354,0.0,0.0,0.0,0.0,0.11764705882352941,0.0,0.0,0.11764705882352941,0.058823529411764705,0.0,0.0,0.0,0.0,0.0,0.0,0.0,0.0,0.0,0.058823529411764705,0.0,0.0,0.058823529411764705,0.0,0.0,0.058823529411764705,0.0,0.0,0.0,0.0,0.0,0.17647058823529413,0.0,0.0,0.0,0.29411764705882354,0.0,0.0,0.0,0.0,0.0,0.0,0.0,0.0,0.0,0.0,0.0,0.12525775189348487,0.0,1.0,0.1495703656812961,17.0,2.8903717578961645,5.103739641878215,4.741774885603907,9.470588235294118
0.09090909090909091,0.0,0.0,0.0,0.45454545454545453,0.0,0.0,0.0,0.09090909090909091,0.0,0.6363636363636364,0.0,0.0,0.0,0.0,0.0,0.0,0.0,0.0,0.0,0.0,0.0,0.0,0.0,0.0,0.0,0.0,0.0,0.0,0.0,0.0,0.0,0.0,0.0,0.0,0.0,0.0,0.0,0.0,0.0,0.0,0.0,0.0,0.0,0.0,0.0,0.0,0.0,0.0,0.0,0.0,0.0,0.0,0.0,0.0,0.0,0.0,0.0,0.0,0.0,0.10938470620288804,0.0,0.6666666666666666,0.1392860698282266,11.0,2.4849066497880004,1.5609925210983748,2.3496087242400154,4.545454545454546
0.07692307692307693,0.0,0.0,0.0,0.15384615384615385,0.07692307692307693,0.0,0.0,0.0,0.0,0.38461538461538464,0.0,0.0,0.15384615384615385,0.0,0.0,0.0,0.0,0.0,0.0,0.0,0.0,0.0,0.0,0.0,0.0,0.0,0.0,0.0,0.0,0.0,0.0,0.0,0.0,0.0,0.0,0.0,0.07692307692307693,0.15384615384615385,0.0,0.0,0.0,0.07692307692307693,0.0,0.0,0.0,0.0,0.0,0.0,0.0,0.0,0.38461538461538464,0.0,0.0,0.0,0.0,0.0,0.0,0.0,0.0,0.12081156023463717,0.0,1.0,0.2777914794025087,13.0,2.6390573296152584,3.4453471856883247,2.8781979898261087,3.8461538461538463
0.08,0.0,0.0,0.0,0.32,0.32,0.0,0.0,0.04,0.0,0.48,0.0,0.0,0.32,0.0,0.0,0.0,0.0,0.0,0.0,0.0,0.08,0.0,0.0,0.0,0.0,0.0,0.0,0.0,0.0,0.0,0.0,0.0,0.0,0.0,0.04,0.0,0.0,0.0,0.0,0.0,0.0,0.04,0.0,0.04,0.0,0.0,0.0,0.0,0.0,0.0,0.0,0.0,0.0,0.0,0.0,0.0,0.0,0.0,0.0,0.11007951293223296,0.0,1.0,0.1863360780270533,25.0,3.258096538021482,3.41240489365736,2.7787767092733446,5.72
0.0,0.0,0.0,0.0,0.0,0.2,0.0,0.0,0.0,0.0,0.4,0.0,0.0,0.0,0.0,0.0,0.2,0.0,0.0,0.0,0.0,0.2,0.0,0.0,0.0,0.0,0.0,0.0,0.0,0.0,0.0,0.0,0.0,0.0,0.0,0.1,0.0,0.0,0.1,0.0,0.0,0.0,0.0,0.0,0.1,0.0,0.0,0.0,0.0,0.0,0.0,0.0,0.0,0.0,0.0,0.0,0.0,0.0,0.0,0.0,0.058346001626703385,0.0,0.75,0.12100015808923059,10.0,2.3978952727983707,2.9185065233535705,4.050925820105819,6.7
0.18181818181818182,0.0,0.0,0.0,0.0,0.18181818181818182,0.0,0.0,0.0,0.0,0.6818181818181818,0.0,0.0,0.0,0.0,0.0,0.0,0.0,0.0,0.0,0.0,0.0,0.0,0.0,0.0,0.0,0.0,0.0,0.0,0.0,0.0,0.22727272727272727,0.0,0.7272727272727273,0.0,0.0,0.0,0.0,0.0,0.0,0.09090909090909091,0.0,0.0,0.0,0.0,0.0,0.0,0.0,0.0,0.5909090909090909,0.0,0.0,0.0,0.0,0.0,0.0,0.0,0.0,0.0,0.0,0.2559173102030245,0.0,1.0,0.27241089152832193,22.0,3.1354942159291497,2.8539886252364433,1.7031812722904722,4.090909090909091
0.0,0.0,0.0,0.0,0.4,0.8,0.0,0.0,0.0,0.0,0.0,0.0,0.0,0.0,0.0,0.0,0.0,0.0,0.0,0.0,0.0,0.0,0.0,0.0,0.0,0.0,0.0,0.0,0.0,0.0,0.0,0.0,0.0,0.0,0.0,0.0,0.0,0.0,0.0,0.0,0.0,0.0,0.0,0.0,0.4,0.0,0.0,0.0,0.0,0.0,0.0,0.0,0.0,0.0,0.0,0.0,0.0,0.0,0.0,0.0,0.2742532467532467,0.1,0.625,0.15160829272282872,5.0,1.791759469228055,1.3150849518197796,2.0591260281974,4.6
0.08333333333333333,0.0,0.0,0.0,0.16666666666666666,0.08333333333333333,0.0,0.0,0.4166666666666667,0.0,0.9166666666666666,0.0,0.0,0.0,0.0,0.0,0.25,0.0,0.0,0.0,0.0,0.0,0.0,0.0,0.0,0.0,0.0,0.0,0.0,0.0,0.0,0.0,0.0,0.0,0.0,0.0,0.0,0.0,0.0,0.0,0.0,0.0,0.0,0.0,0.08333333333333333,0.0,0.0,0.0,0.0,0.0,0.0,0.0,0.0,0.0,0.0,0.0,0.0,0.0,0.0,0.0,0.15832591848634628,0.0,0.6666666666666666,0.1309200957843966,12.0,2.5649493574615367,2.468402019641433,2.1921577396609844,5.833333333333333
0.25,0.0,0.0,0.0,0.125,0.0,0.0,0.0,0.0,0.0,0.375,0.0,0.0,0.0,0.0,0.0,0.0,0.0,0.0,0.0,0.0,0.0,0.0,0.0,0.0,0.0,1.0,0.0,0.0,0.0,0.0,0.0,0.0,0.0,0.0,0.0,0.0,0.0,0.0,0.0,0.0,0.0,0.0,0.0,0.0,0.0,0.0,0.0,0.0,0.0,0.0,0.125,0.0,0.0,0.0,0.0,0.0,0.0,0.0,0.125,0.31591156859014,0.16666666666666666,0.75,0.12522824990893022,8.0,2.1972245773362196,2.1556390622295662,1.9364916731037085,5.0
0.0,0.0,0.0,0.0,0.0,0.8,0.0,0.0,0.0,0.0,0.4,0.0,0.0,0.2,0.0,0.0,0.0,0.0,0.0,0.0,0.0,0.0,0.0,0.0,0.0,0.0,0.0,0.0,0.0,0.0,0.0,0.0,0.0,0.0,0.0,0.0,0.0,0.0,0.0,0.0,0.0,0.0,0.0,0.0,0.0,0.0,0.0,0.0,0.0,0.0,0.0,0.0,0.0,0.0,0.0,0.0,0.0,0.0,0.0,0.0,0.2535470085470085,0.1,1.0,0.25323850622080796,5.0,1.791759469228055,1.250699332842307,1.4696938456699071,6.2
0.0,0.0,0.0,0.0,0.08333333333333333,0.16666666666666666,0.0,0.0,0.0,0.0,0.75,0.0,0.0,0.0,0.0,0.0,0.0,0.0,0.0,0.0,0.0,0.08333333333333333,0.0,0.0,0.0,0.0,0.0,0.0,0.0,0.0,0.0,0.0,0.0,0.0,0.0,0.0,0.0,0.0,0.0,0.0,0.0,0.0,0.25,0.0,0.08333333333333333,0.0,0.0,0.0,0.0,0.0,0.0,0.0,0.0,0.0,0.0,0.0,0.0,0.0,0.0,0.4166666666666667,0.15867317224269098,0.0,0.6666666666666666,0.17153646977303583,12.0,2.5649493574615367,2.6646101688570285,2.059867849051379,5.916666666666667
0.0,0.0,0.0,0.0,0.6666666666666666,0.3333333333333333,0.0,0.0,0.0,0.0,0.8333333333333334,0.0,0.0,0.0,0.0,0.0,0.0,0.0,0.0,0.0,0.0,0.0,0.0,0.0,0.0,0.0,0.0,0.0,0.0,0.0,0.0,0.0,0.0,0.0,0.0,0.0,0.0,0.0,0.0,0.0,0.0,0.0,0.0,0.0,0.0,0.0,0.0,0.0,0.0,0.0,0.0,0.0,0.0,0.0,0.0,0.0,0.0,0.0,0.0,0.0,0.4006926406926406,0.09090909090909091,1.0,0.32317620536012454,6.0,1.9459101490553132,1.1374911722493177,0.9428090415820634,5.666666666666667
0.07692307692307693,0.0,0.0,0.0,0.07692307692307693,0.15384615384615385,0.0,0.0,0.0,0.0,0.6153846153846154,0.0,0.0,0.0,0.0,0.0,0.23076923076923078,0.0,0.38461538461538464,0.0,0.0,0.07692307692307693,0.0,0.0,0.0,0.0,0.0,0.0,0.0,0.0,0.0,0.0,0.23076923076923078,0.0,0.0,0.07692307692307693,0.0,0.3076923076923077,0.23076923076923078,0.0,0.0,0.0,0.0,0.0,0.0,0.0,0.0,0.0,0.0,0.0,0.0,0.0,0.0,0.0,0.0,0.0,0.0,0.0,0.46153846153846156,0.0,0.26754685762494307,0.045454545454545456,0.6,0.14001371617898425,13.0,2.6390573296152584,5.0178947157005656,3.925338714514792,8.76923076923077
0.16666666666666666,0.0,0.0,0.0,0.3333333333333333,0.0,0.0,0.0,0.0,0.0,0.16666666666666666,0.0,0.0,0.0,0.0,0.0,0.0,0.0,0.0,0.0,0.0,0.0,0.0,0.0,0.0,0.0,0.16666666666666666,0.0,0.0,0.0,0.16666666666666666,0.0,0.0,0.0,0.0,0.0,0.0,0.0,0.0,0.0,0.0,0.0,0.0,0.0,0.16666666666666666,0.16666666666666666,0.0,0.0,0.0,0.0,0.0,0.0,0.0,0.0,0.0,0.0,0.0,0.0,0.0,0.0,0.0746031746031746,0.0,0.3333333333333333,0.12496913199113326,6.0,1.9459101490553132,3.113283334294875,1.7950549357115015,4.666666666666667
0.0,0.0,0.0,0.0,0.375,0.75,0.0,0.0,0.125,0.0,0.375,0.0,0.0,0.0,0.0,0.0,0.0,0.0,0.125,0.0,0.0,0.0,0.0,0.0,0.0,0.0,0.0,0.0,0.0,0.0,0.0,0.0,0.0,0.0,0.0,0.0,0.0,0.0,0.0,0.0,0.0,0.0,0.0,0.0,0.125,0.0,0.0,0.0,0.0,0.0,0.0,0.0,0.0,0.0,0.0,0.0,0.0,0.0,0.0,0.0,0.09365111909448294,0.0,0.5,0.10195128690744681,8.0,2.1972245773362196,2.497556248918266,4.520785330006281,6.25
0.0,0.0,0.0,0.0,0.8571428571428571,0.2857142857142857,0.0,0.0,0.0,0.0,0.5714285714285714,0.0,0.0,0.14285714285714285,0.0,0.0,0.0,0.0,0.0,0.0,0.0,0.0,0.14285714285714285,0.0,0.0,0.0,0.0,0.0,0.0,0.0,0.0,0.0,0.0,0.0,0.0,0.0,0.0,0.0,0.0,0.0,0.0,0.0,0.0,0.0,0.0,0.0,0.0,0.0,0.0,0.0,0.0,0.0,0.0,0.0,0.0,0.0,0.0,0.0,0.0,0.0,0.21845470511436899,0.0,0.6666666666666666,0.1814232140378627,7.0,2.0794415416798357,1.9704562720685033,3.010186786529354,6.285714285714286
0.45454545454545453,0.0,0.0,0.0,0.0,0.45454545454545453,0.0,0.0,0.0,0.0,0.09090909090909091,0.0,0.0,0.0,0.0,0.0,0.0,0.0,0.0,0.0,0.0,0.09090909090909091,0.0,0.0,0.0,0.0,0.0,0.0,0.0,0.0,0.09090909090909091,0.0,0.0,0.0,0.0,0.0,0.0,0.0,0.5454545454545454,0.0,0.0,0.0,0.0,0.0,0.09090909090909091,0.0,0.0,0.0,0.2727272727272727,0.0,0.0,0.0,0.0,0.0,0.0,0.0,0.0,0.0,0.0,0.0,0.2119981029071938,0.0,1.0,0.266907461617467,11.0,2.4849066497880004,3.280271252117619,2.0610516452281153,4.454545454545454
0.0,0.0,0.0,0.0,0.0,0.5714285714285714,0.0,0.0,0.0,0.0,0.14285714285714285,0.0,0.0,0.0,0.0,0.0,0.0,0.0,0.0,0.0,0.0,0.0,0.0,0.0,0.0,0.0,0.0,0.0,0.0,0.0,0.0,0.0,0.0,0.0,0.0,0.0,0.0,0.0,0.14285714285714285,0.0,0.0,0.0,0.0,0.0,0.0,0.0,0.0,0.0,0.2857142857142857,0.0,0.0,0.0,0.0,0.0,0.0,0.0,0.0,0.0,0.0,0.0,0.3163832199546485,0.0,1.0,0.390495991739197,7.0,2.0794415416798357,1.7798341966372617,0.4948716593053935,4.428571428571429
0.4,0.0,0.0,0.0,0.0,0.0,0.0,0.0,0.0,0.0,0.2,0.0,0.0,0.0,0.0,0.0,0.0,0.0,0.0,0.0,0.0,0.0,0.0,0.0,0.0,0.0,0.0,0.0,0.0,0.0,0.0,0.0,0.0,0.0,0.0,0.0,0.0,0.0,0.0,0.0,0.0,0.0,0.0,0.0,0.0,0.0,0.0,0.0,0.0,0.0,0.0,0.0,0.0,0.0,0.0,0.0,0.0,0.0,0.0,0.0,0.21388888888888888,0.0,1.0,0.29659851485188804,5.0,1.791759469228055,0.9931568569324173,2.227105745132009,4.2
0.0,0.0,0.0,0.0,0.07692307692307693,0.38461538461538464,0.0,0.0,0.038461538461538464,0.0,0.4230769230769231,0.0,0.0,0.34615384615384615,0.038461538461538464,0.0,0.0,0.0,0.038461538461538464,0.0,0.0,0.11538461538461539,0.0,0.0,0.0,0.0,0.038461538461538464,0.0,0.0,0.0,0.038461538461538464,0.0,0.0,0.0,0.0,0.07692307692307693,0.0,0.0,0.038461538461538464,0.0,0.0,0.0,0.038461538461538464,0.0,0.3076923076923077,0.0,0.0,0.0,0.038461538461538464,0.0,0.0,0.0,0.0,0.0,0.0,0.0,0.0,0.0,0.0,0.0,0.10424253321761157,0.0,1.0,0.183418411017363,26.0,3.295836866004329,4.48331014586345,3.9518177975870095,7.1923076923076925
0.0,0.0,0.0,0.0,0.21428571428571427,0.0,0.0,0.0,0.0,0.0,1.0,0.0,0.0,0.0,0.0,0.0,0.14285714285714285,0.0,0.0,0.0,0.0,0.0,0.35714285714285715,0.0,0.0,0.0,0.0,0.0,0.0,0.0,0.0,0.0,0.0,0.0,0.0,0.0,0.0,0.0,0.0,0.0,0.0,0.0,0.0,0.0,0.21428571428571427,0.0,0.0,0.0,0.07142857142857142,0.0,0.0,0.0,0.0,0.0,0.0,0.0,0.0,0.0,0.0,0.0,0.17407919836771943,0.05,1.0,0.13811171737541872,14.0,2.70805020110221,2.155968102145908,3.959617586152914,7.5
0.09375,0.0,0.0,0.0,0.09375,0.0625,0.0,0.0,0.0,0.0,0.53125,0.0,0.03125,0.1875,0.03125,0.0,0.09375,0.0,0.0,0.03125,0.0,0.3125,0.0,0.0,0.0,0.0,0.0,0.0,0.0,0.0,0.0,0.0,0.0,0.0,0.0,0.03125,0.0,0.03125,0.0625,0.0,0.0,0.0,0.3125,0.0,0.0625,0.0,0.0,0.0,0.0,0.0,0.0,0.34375,0.0,0.0,0.0,0.0,0.0,0.0,0.0,0.0,0.09820962106676391,0.0,0.7142857142857143,0.1472437544488971,32.0,3.4965075614664802,5.007699515161543,3.2366009852158175,5.34375
0.09375,0.0,0.0,0.0,0.09375,0.0625,0.0,0.0,0.0,0.0,0.53125,0.0,0.03125,0.1875,0.03125,0.0,0.09375,0.0,0.0,0.03125,0.0,0.3125,0.0,0.0,0.0,0.0,0.0,0.0,0.0,0.0,0.0,0.0,0.0,0.0,0.0,0.03125,0.0,0.03125,0.0625,0.0,0.0,0.0,0.3125,0.0,0.0625,0.0,0.0,0.0,0.0,0.0,0.0,0.34375,0.0,0.0,0.0,0.0,0.0,0.0,0.0,0.0,0.09600067921496493,0.0,1.0,0.1995460145013344,32.0,3.4965075614664802,5.007699515161543,3.2366009852158175,5.34375
0.13636363636363635,0.0,0.0,0.0,0.045454545454545456,0.8181818181818182,0.0,0.0,0.0,0.0,0.13636363636363635,0.0,0.0,0.0,0.0,0.0,0.09090909090909091,0.0,0.0,0.0,0.0,0.0,0.0,0.0,0.0,0.0,0.0,0.0,0.0,0.0,0.0,0.0,0.0,0.0,0.0,0.0,0.0,0.0,0.0,0.0,0.0,0.0,0.0,0.0,0.045454545454545456,0.0,0.0,0.0,0.0,0.0,0.0,0.0,0.0,0.0,0.0,0.0,0.0,0.0,0.0,0.0,0.3860894299240164,0.0,1.0,0.3191557173801268,22.0,3.1354942159291497,1.7407118314343528,2.7827687027298125,3.727272727272727
0.08695652173913043,0.0,0.0,0.0,0.5652173913043478,0.5652173913043478,0.0,0.08695652173913043,0.34782608695652173,0.0,0.6956521739130435,0.0,0.0,0.13043478260869565,0.0,0.0,0.21739130434782608,0.0,0.08695652173913043,0.0,0.0,0.0,0.2608695652173913,0.0,0.0,0.0,0.0,0.0,0.0,0.0,0.0,0.0,0.0,0.0,0.0,0.043478260869565216,0.0,0.0,0.0,0.0,0.0,0.0,0.0,0.0,0.13043478260869565,0.0,0.0,0.0,0.0,0.0,0.0,0.0,0.0,0.0,0.0,0.0,0.0,0.0,0.043478260869565216,0.0,0.14899461185742746,0.0,0.7,0.13385292145546235,23.0,3.1780538303479458,4.888109719544212,4.481425644078304,9.217391304347826
0.0,0.0,0.0,0.0,0.14285714285714285,0.42857142857142855,0.0,0.0,0.14285714285714285,0.0,0.7142857142857143,0.0,0.0,0.0,0.0,0.0,0.14285714285714285,0.0,0.0,0.0,0.0,0.0,0.14285714285714285,0.0,0.0,0.0,0.14285714285714285,0.0,0.0,0.0,0.0,0.0,0.0,0.0,0.0,0.0,0.0,0.0,0.0,0.0,0.0,0.0,0.0,0.0,0.14285714285714285,0.0,0.0,0.0,0.0,0.0,0.0,0.0,0.0,0.0,0.0,0.0,0.0,0.0,0.0,0.0,0.20737611175931492,0.0,0.6470588235294118,0.1578212541728436,7.0,2.0794415416798357,3.276920133172311,5.421047417431508,11.571428571428571
0.0,0.0,0.0,0.0,0.16666666666666666,0.5,0.0,0.0,0.16666666666666666,0.0,0.6666666666666666,0.0,0.0,0.0,0.0,0.0,0.16666666666666666,0.0,0.0,0.0,0.0,0.0,0.16666666666666666,0.0,0.0,0.0,0.0,0.0,0.0,0.0,0.0,0.0,0.0,0.0,0.0,0.0,0.0,0.0,0.0,0.0,0.0,0.0,0.0,0.0,0.16666666666666666,0.0,0.0,0.0,0.0,0.0,0.0,0.0,0.0,0.0,0.0,0.0,0.0,0.0,0.0,0.0,0.2730389747636944,0.10526315789473684,0.6470588235294118,0.1388643576787457,6.0,1.9459101490553132,3.044110417748401,4.810289896553937,12.833333333333334
0.030303030303030304,0.0,0.0,0.0,0.2727272727272727,0.5757575757575758,0.0,0.0,0.3939393939393939,0.0,0.6060606060606061,0.0,0.0,0.0,0.0,0.0,0.21212121212121213,0.0,0.06060606060606061,0.0,0.0,0.0,0.0,0.0,0.0,0.0,0.0,0.0,0.0,0.0,0.0,0.0,0.0,0.0,0.0,0.030303030303030304,0.0,0.09090909090909091,0.030303030303030304,0.0,0.0,0.0,0.0,0.0,0.06060606060606061,0.030303030303030304,0.0,0.0,0.0,0.0,0.06060606060606061,0.0,0.0,0.0,0.0,0.0,0.0,0.0,0.0,0.0,0.11118380804249887,0.0,1.0,0.1268556720700338,33.0,3.5263605246161616,4.072888657862959,2.6947556455049346,6.363636363636363
0.0,0.0,0.0,0.0,0.4,0.8,0.0,0.0,0.2,0.0,0.6,0.0,0.0,0.0,0.0,0.0,0.0,0.0,0.2,0.0,0.0,0.0,0.0,0.0,0.0,0.0,0.0,0.0,0.0,0.0,0.0,0.0,0.0,0.0,0.0,0.2,0.0,0.0,0.0,0.0,0.0,0.0,0.0,0.0,0.2,0.0,0.0,0.0,0.0,0.0,0.0,0.0,0.0,0.0,0.0,0.0,0.0,0.0,0.0,0.0,0.16007326007326006,0.0,0.375,0.1236182672691615,5.0,1.791759469228055,3.086035546274448,3.1368774282716245,5.4
0.0,0.0,0.0,0.0,0.6,0.8,0.0,0.0,0.0,0.0,0.4,0.0,0.0,0.0,0.0,0.0,0.2,0.0,0.0,0.0,0.0,0.0,0.0,0.0,0.0,0.0,0.0,0.0,0.0,0.0,0.0,0.0,0.0,0.0,0.0,0.2,0.0,0.0,0.0,0.0,0.0,0.0,0.0,0.0,0.0,0.0,0.0,0.0,0.0,0.0,0.0,0.0,0.0,0.0,0.0,0.0,0.0,0.0,0.0,0.0,0.20162631214101806,0.0,0.48148148148148145,0.15184010617949717,5.0,1.791759469228055,2.1572643083195033,8.890444308357146,16.4
0.0,0.0,0.0,0.0,0.3333333333333333,0.8333333333333334,0.0,0.0,0.0,0.0,0.3333333333333333,0.0,0.0,0.0,0.0,0.0,0.0,0.0,0.0,0.0,0.0,0.0,0.0,0.0,0.0,0.0,0.0,0.0,0.0,0.0,0.0,0.0,0.0,0.0,0.0,0.0,0.0,0.0,0.0,0.0,0.0,0.0,0.0,0.0,0.0,0.0,0.0,0.0,0.0,0.0,0.0,0.0,0.0,0.0,0.0,0.0,0.0,0.0,0.0,0.0,0.13976445074944205,0.047619047619047616,0.4375,0.10059694165173708,6.0,1.9459101490553132,1.2758370053422656,3.624760528488591,8.166666666666666
0.0,0.0,0.0,0.0,0.4,0.3,0.0,0.0,0.0,0.0,0.4,0.0,0.0,0.2,0.0,0.0,0.2,0.0,0.0,0.0,0.0,0.1,0.0,0.0,0.0,0.0,0.0,0.0,0.0,0.0,0.0,0.0,0.0,0.0,0.0,0.1,0.0,0.0,0.0,0.0,0.0,0.0,0.0,0.0,0.1,0.0,0.0,0.0,0.0,0.0,0.0,0.0,0.0,0.0,0.0,0.0,0.0,0.2,0.0,0.2,0.09151373318039986,0.0,0.6666666666666666,0.12135927844019155,10.0,2.3978952727983707,4.43275305853585,1.7916472867168918,6.7
0.1111111111111111,0.0,0.0,0.0,0.7777777777777778,0.0,0.0,0.0,0.0,0.0,0.4444444444444444,0.0,0.0,0.0,0.0,0.0,0.0,0.0,0.1111111111111111,0.0,0.0,0.0,0.0,0.4444444444444444,0.0,0.0,0.0,0.0,0.0,0.0,0.0,0.0,0.0,0.0,0.0,0.0,0.0,0.0,0.0,0.0,0.0,0.0,0.0,0.0,0.2222222222222222,0.0,0.0,0.0,0.0,0.0,0.0,0.0,0.0,0.0,0.0,0.0,0.0,0.0,0.1111111111111111,0.0,0.17846525645102168,0.0,0.7142857142857143,0.18481123105312317,9.0,2.302585092994046,2.8607795082714462,5.672110674711208,9.777777777777779
0.0,0.0,0.0,0.0,0.1,0.3,0.0,0.0,0.3,0.0,0.8,0.0,0.0,0.0,0.0,0.0,0.3,0.0,0.0,0.0,0.0,0.1,0.0,0.0,0.0,0.0,0.0,0.0,0.0,0.0,0.0,0.0,0.0,0.0,0.0,0.0,0.0,0.0,0.0,0.0,0.0,0.0,0.0,0.0,0.3,0.0,0.0,0.0,0.0,0.0,0.0,0.7,0.0,0.0,0.0,0.0,0.0,0.0,0.0,0.0,0.19082194761245325,0.0,1.0,0.19237490145396832,10.0,2.3978952727983707,3.36648802886764,3.3105890714493698,5.8
0.0,0.0,0.0,0.0,0.1111111111111111,0.0,0.0,0.0,0.0,0.0,0.6666666666666666,0.0,0.0,0.0,0.0,0.0,0.3333333333333333,0.0,0.0,0.0,0.0,0.2222222222222222,0.0,0.0,0.0,0.0,0.0,0.0,0.0,0.0,0.0,0.0,0.0,0.0,0.0,0.0,0.0,0.0,0.0,0.0,0.0,0.0,0.0,0.0,0.0,0.0,0.0,0.0,0.0,0.0,0.0,0.0,0.0,0.0,0.0,0.0,0.0,0.0,0.0,0.3333333333333333,0.18016500959289916,0.0,0.8571428571428571,0.20343418319987236,9.0,2.302585092994046,2.2810361125534233,2.1081851067789197,6.666666666666667
0.0,0.0,0.0,0.0,0.5,0.0,0.0,0.0,0.0,0.0,0.16666666666666666,0.0,0.0,0.0,0.0,0.0,0.16666666666666666,0.0,0.0,0.0,0.0,0.0,0.0,0.0,0.0,0.0,0.0,0.0,0.0,0.0,0.0,0.0,0.0,0.0,0.0,0.0,0.0,0.0,0.0,0.0,0.0,0.0,0.0,0.0,0.5,0.0,0.0,0.0,0.16666666666666666,0.0,0.0,0.0,0.0,0.0,0.0,0.0,0.0,0.0,0.3333333333333333,0.0,0.1815815284932932,0.0625,0.6666666666666666,0.1457532085291041,6.0,1.9459101490553132,2.820802083934297,2.1147629234082532,6.833333333333333
0.0,0.0,0.0,0.0,0.45454545454545453,0.45454545454545453,0.0,0.18181818181818182,0.36363636363636365,0.0,0.6363636363636364,0.0,0.0,0.0,0.0,0.0,0.18181818181818182,0.0,0.0,0.0,0.0,0.0,0.2727272727272727,0.0,0.0,0.0,0.0,0.0,0.0,0.0,0.0,0.0,0.0,0.0,0.0,0.09090909090909091,0.0,0.0,0.0,0.0,0.0,0.0,0.0,0.0,0.2727272727272727,0.0,0.0,0.0,0.0,0.0,0.0,0.0,0.0,0.0,0.0,0.0,0.0,0.0,0.09090909090909091,0.0,0.20036326194042228,0.0,0.7,0.16132139981776494,11.0,2.4849066497880004,4.525518455220638,4.844695488899719,11.272727272727273
0.0,0.0,0.0,0.0,0.5625,0.5625,0.0,0.0,0.25,0.0,0.3125,0.0,0.0,0.0,0.0,0.0,0.1875,0.0,0.0,0.0,0.0,0.0,0.0,0.0,0.0,0.0,0.0,0.0,0.0,0.0,0.0,0.0,0.0,0.0,0.0,0.0,0.0,0.0,0.0,0.0,0.0,0.0,0.0,0.0,0.125,0.0625,0.0,0.0,0.0,0.0,0.0,0.0,0.0,0.0,0.0,0.0,0.0,0.0,0.0,0.0,0.15374452256281188,0.0,1.0,0.21382768063779337,16.0,2.833213344056216,3.036051374839881,2.57390753524675,8.0
0.16666666666666666,0.0,0.0,0.0,0.5,0.6666666666666666,0.0,0.0,0.0,0.0,0.5,0.0,0.0,0.0,0.0,0.0,0.0,0.0,0.0,0.0,0.0,0.0,0.0,0.0,0.0,0.0,0.0,0.0,0.0,0.0,0.0,0.0,0.0,0.0,0.0,0.0,0.0,0.0,0.0,0.0,0.0,0.0,0.0,0.0,0.16666666666666666,0.0,0.0,0.0,0.0,0.0,0.0,0.0,0.0,0.0,0.0,0.0,0.0,0.0,0.0,0.0,0.20294131794131792,0.0,0.75,0.24651919225726304,6.0,1.9459101490553132,2.251629167387823,2.544056253745625,6.166666666666667
0.0,0.0,0.0,0.0,0.9,0.1,0.0,0.0,0.0,0.0,0.4,0.0,0.0,0.0,0.0,0.0,0.0,0.0,0.0,0.0,0.0,0.0,0.0,0.0,0.0,0.0,0.0,0.0,0.0,0.0,0.0,0.0,0.0,0.0,0.0,0.0,0.0,0.0,0.0,0.0,0.0,0.0,0.0,0.0,0.0,0.0,0.0,0.0,0.0,0.0,0.0,0.0,0.0,0.0,0.0,0.0,0.0,0.0,0.0,0.0,0.6788359788359789,0.0,1.0,0.338241350878701,10.0,2.3978952727983707,0.9977668315442261,1.004987562112089,4.3
0.0,0.0,0.0,0.0,0.0,0.4,0.0,0.0,0.0,0.0,0.6,0.0,0.0,0.0,0.0,0.0,0.0,0.0,0.0,0.0,0.0,0.0,0.0,0.0,0.0,0.0,0.0,0.0,0.0,0.0,0.0,0.0,0.0,0.0,0.0,0.0,0.0,0.0,0.0,0.0,0.0,0.0,0.0,0.0,0.2,0.0,0.0,0.0,0.0,0.0,0.0,0.0,0.0,0.0,0.0,0.0,0.0,0.0,0.0,0.0,0.2814682539682539,0.08333333333333333,0.6666666666666666,0.17511613412486868,5.0,1.791759469228055,1.435336213432141,1.469693845669907,4.8
0.0,0.0,0.0,0.0,0.2,1.0,0.0,0.0,0.0,0.0,0.8,0.0,0.0,0.0,0.0,0.0,0.2,0.0,0.0,0.0,0.0,0.0,0.0,0.0,0.0,0.0,0.0,0.0,0.0,0.0,0.0,0.0,0.0,0.0,0.0,0.2,0.0,0.0,0.0,0.0,0.0,0.0,0.0,0.0,0.0,0.0,0.0,0.0,0.0,0.0,0.0,0.0,0.0,0.0,0.0,0.0,0.0,0.0,0.0,0.0,0.7738095238095238,0.5,1.0,0.19803933124401504,5.0,1.791759469228055,1.6506993328423072,0.8,6.6
0.0,0.0,0.0,0.0,0.07692307692307693,0.23076923076923078,0.0,0.0,0.0,0.0,0.0,0.0,0.0,0.0,0.0,0.0,0.0,0.0,0.0,0.0,0.0,0.0,0.0,0.0,0.0,0.0,0.0,0.0,0.0,0.0,0.0,0.0,0.0,0.0,0.0,0.0,0.0,0.0,0.0,0.0,0.0,0.0,0.0,0.0,0.23076923076923078,0.0,0.0,0.0,0.0,0.0,0.0,0.0,0.0,0.0,0.0,0.0,0.0,0.0,0.0,0.0,0.43595144695257815,0.0,1.0,0.28815483672796466,13.0,2.6390573296152584,1.2610233094354393,1.8873606379054304,7.769230769230769
0.0,0.0,0.0,0.0,0.0,0.1111111111111111,0.0,0.0,0.0,0.0,0.0,0.0,0.0,0.0,0.0,0.0,0.0,0.0,0.0,0.0,0.0,0.0,0.0,0.0,0.0,0.0,0.0,0.0,0.0,0.0,0.0,0.0,0.0,0.0,0.0,0.0,0.0,0.0,0.0,0.0,0.0,0.0,0.0,0.0,0.0,0.0,0.0,0.0,0.0,0.0,0.0,0.2222222222222222,0.0,0.0,0.0,0.0,0.0,0.0,0.0,0.0,0.4812870771204105,0.13333333333333333,1.0,0.23868482333363558,9.0,2.302585092994046,0.8344194449252152,1.8724777273725242,5.222222222222222
0.0625,0.0,0.0,0.0,0.125,0.125,0.0,0.0,0.0,0.0,0.0625,0.0,0.0,0.0,0.0,0.0,0.0,0.0,0.0,0.0,0.0,0.0,0.0,0.0,0.0,0.0,0.0,0.0,0.0,0.0,0.0,0.0,0.0,0.0,0.0,0.0,0.0,0.0,0.0,0.0,0.0,0.0,0.0,0.0,0.125,0.0,0.0,0.0,0.0,0.0,0.0,0.0,0.0,0.0,0.0,0.0,0.0,0.0,0.0,0.0,0.29186662543805403,0.0,1.0,0.3086763020298914,16.0,2.833213344056216,1.625,2.8661548719495253,6.3125
0.07142857142857142,0.0,0.0,0.0,0.07142857142857142,0.07142857142857142,0.0,0.0,0.0,0.0,0.0,0.0,0.0,0.0,0.0,0.0,0.0,0.0,0.0,0.0,0.0,0.07142857142857142,0.0,0.0,0.0,0.0,0.07142857142857142,0.0,0.0,0.0,0.0,0.0,0.0,0.0,0.0,0.0,0.0,0.0,0.0,0.0,0.0,0.0,0.0,0.0,0.21428571428571427,0.07142857142857142,0.0,0.0,0.0,0.0,0.0,0.0,0.0,0.0,0.0,0.0,0.0,0.0,0.0,0.0,0.24053287981859414,0.0,1.0,0.29204471294580786,14.0,2.70805020110221,2.1079504854539266,1.540275618060559,3.642857142857143
0.0,0.0,0.0,0.0,0.2857142857142857,0.14285714285714285,0.0,0.0,0.42857142857142855,0.0,1.0,0.0,0.0,0.0,0.0,0.0,0.42857142857142855,0.0,0.0,0.0,0.0,0.0,0.0,0.0,0.0,0.0,0.0,0.0,0.0,0.0,0.0,0.0,0.0,0.0,0.0,0.0,0.0,0.0,0.0,0.0,0.0,0.0,0.0,0.0,0.14285714285714285,0.0,0.0,0.0,0.0,0.0,0.0,0.0,0.0,0.0,0.0,0.0,0.0,0.0,0.0,0.0,0.35733525733525734,0.16666666666666666,0.875,0.17273084988853157,7.0,2.0794415416798357,2.3662534594641578,0.989743318610787,6.857142857142857
0.0,0.0,0.0,0.0,0.3,0.7,0.0,0.0,0.0,0.0,0.1,0.0,0.0,0.0,0.0,0.0,0.0,0.0,0.0,0.0,0.0,0.0,0.0,0.0,0.0,0.0,0.0,0.0,0.0,0.0,0.0,0.0,0.0,0.0,0.0,0.0,0.0,0.0,0.0,0.0,0.0,0.0,0.0,0.0,0.2,0.0,0.0,0.0,0.0,0.0,0.0,0.0,0.0,0.0,0.0,0.0,0.0,0.0,0.0,0.0,0.10865231355427434,0.0,1.0,0.18066246321408894,10.0,2.3978952727983707,1.6778693276969014,2.773084924772409,6.1
0.0,0.0,0.0,0.0,0.0,0.5714285714285714,0.0,0.0,0.0,0.0,0.0,0.0,0.0,0.0,0.0,0.0,0.0,0.0,0.0,0.0,0.0,0.0,0.0,0.0,0.0,0.0,0.0,0.0,0.0,0.0,0.0,0.0,0.0,0.0,0.0,0.0,0.0,0.0,0.0,0.0,0.0,0.0,0.0,0.0,0.0,0.0,0.0,0.0,0.0,0.0,0.0,0.0,0.0,0.0,0.0,0.0,0.0,0.0,0.0,0.0,0.21666666666666665,0.0,1.0,0.32812845558215126,7.0,2.0794415416798357,0.46134566974720237,1.8844151368961313,3.857142857142857
0.09090909090909091,0.0,0.0,0.0,0.0,0.7272727272727273,0.0,0.0,0.0,0.0,0.0,0.0,0.0,0.0,0.0,0.0,0.0,0.0,0.18181818181818182,0.0,0.0,0.0,0.09090909090909091,0.0,0.0,0.0,0.0,0.0,0.0,0.0,0.0,0.0,0.0,0.0,0.0,0.0,0.0,0.0,0.09090909090909091,0.0,0.0,0.0,0.0,0.0,0.0,0.0,0.0,0.0,0.0,0.0,0.0,0.0,0.0,0.0,0.0,0.0,0.0,0.0,0.0,0.0,0.12706607266767692,0.0,0.8,0.1776589788936791,11.0,2.4849066497880004,1.724782822025897,2.8429992311112526,5.090909090909091
0.125,0.0,0.0,0.0,0.0,0.875,0.0,0.0,0.0,0.0,0.125,0.0,0.0,0.0,0.0,0.0,0.0,0.0,0.25,0.0,0.0,0.0,0.125,0.0,0.0,0.0,0.0,0.0,0.0,0.0,0.0,0.0,0.0,0.0,0.0,0.0,0.0,0.0,0.125,0.0,0.0,0.0,0.0,0.0,0.0,0.0,0.0,0.0,0.0,0.0,0.0,0.0,0.0,0.0,0.0,0.0,0.0,0.0,0.0,0.0,0.15892848689592384,0.0,0.6666666666666666,0.18833780511852982,8.0,2.1972245773362196,2.1685644431995965,2.331844763272204,6.25
0.125,0.0,0.0,0.0,0.0,0.875,0.0,0.0,0.0,0.0,0.125,0.0,0.0,0.0,0.0,0.0,0.0,0.0,0.25,0.0,0.0,0.0,0.125,0.0,0.0,0.0,0.0,0.0,0.0,0.0,0.0,0.0,0.0,0.0,0.0,0.0,0.0,0.0,0.125,0.0,0.0,0.0,0.0,0.0,0.0,0.0,0.0,0.0,0.0,0.0,0.0,0.0,0.0,0.0,0.0,0.0,0.0,0.0,0.0,0.0,0.15892848689592384,0.0,0.6666666666666666,0.18833780511852982,8.0,2.1972245773362196,2.1685644431995965,2.331844763272204,6.25
0.0,0.0,0.0,0.0,0.07692307692307693,0.23076923076923078,0.0,0.0,0.0,0.0,0.5384615384615384,0.0,0.0,0.0,0.0,0.0,0.23076923076923078,0.0,0.0,0.0,0.0,0.15384615384615385,0.0,0.0,0.0,0.0,0.0,0.0,0.0,0.0,0.0,0.0,0.0,0.0,0.0,0.0,0.0,0.0,0.0,0.0,0.0,0.0,0.0,0.0,0.0,0.0,0.0,0.0,0.0,0.0,0.0,0.0,0.0,0.0,0.0,0.0,0.0,0.0,0.0,0.23076923076923078,0.11374718767996929,0.0,1.0,0.19063217007963704,13.0,2.6390573296152584,2.645554437214394,2.7326645643587093,6.615384615384615
0.0,0.0,0.0,0.0,0.03125,0.15625,0.0,0.0,0.03125,0.0,0.375,0.0,0.0,0.0,0.0,0.0,0.15625,0.0,0.0,0.0,0.0,0.1875,0.0,0.0,0.0,0.0,0.0,0.0,0.0,0.0,0.0,0.0,0.0,0.0,0.0,0.03125,0.0,0.0,0.03125,0.0,0.0,0.0,0.0,0.0,0.0625,0.0,0.0,0.0,0.0,0.0,0.03125,0.03125,0.0,0.0,0.0,0.0,0.0,0.0,0.0,0.09375,0.08048782364343006,0.0,0.8571428571428571,0.17059118248385158,32.0,3.4965075614664802,3.328015829249441,3.050198507884364,6.40625
0.0,0.0,0.0,0.0,0.6666666666666666,0.3333333333333333,0.0,0.0,0.16666666666666666,0.0,0.6666666666666666,0.0,0.0,0.3333333333333333,0.0,0.0,0.16666666666666666,0.0,0.0,0.0,0.0,0.0,0.0,0.0,0.0,0.0,0.0,0.0,0.0,0.0,0.0,0.0,0.0,0.0,0.0,0.0,0.0,0.0,0.0,0.0,0.0,0.0,0.0,0.0,0.0,0.0,0.0,0.0,0.0,0.0,0.0,0.0,0.0,0.0,0.0,0.0,0.0,0.0,0.16666666666666666,0.0,0.10881834215167548,0.0,0.4,0.10603904765246103,6.0,1.9459101490553132,3.1290729184695576,6.361778227997438,8.833333333333334
0.0,0.0,0.0,0.0,0.0,0.3333333333333333,0.0,0.0,0.0,0.0,0.5,0.0,0.0,0.3333333333333333,0.0,0.0,0.16666666666666666,0.0,0.0,0.0,0.0,0.0,0.0,0.0,0.0,0.0,0.0,0.0,0.0,0.0,0.0,0.0,0.0,0.0,0.0,0.16666666666666666,0.0,0.0,0.0,0.0,0.0,0.0,0.0,0.0,0.16666666666666666,0.0,0.0,0.0,0.0,0.0,0.0,0.0,0.0,0.0,0.0,0.0,0.0,0.0,0.0,0.0,0.051481481481481475,0.0,0.3,0.08013534504435124,6.0,1.9459101490553132,2.8491229175080157,2.5,5.5
0.0,0.0,0.0,0.0,0.5,0.75,0.0,0.08333333333333333,0.16666666666666666,0.0,0.5833333333333334,0.0,0.0,0.08333333333333333,0.0,0.0,0.16666666666666666,0.0,0.0,0.0,0.0,0.0,0.08333333333333333,0.0,0.0,0.0,0.0,0.0,0.0,0.0,0.0,0.0,0.0,0.0,0.0,0.08333333333333333,0.0,0.0,0.0,0.0,0.0,0.0,0.0,0.0,0.25,0.0,0.0,0.0,0.0,0.0,0.0,0.0,0.0,0.0,0.0,0.0,0.0,0.0,0.08333333333333333,0.0,0.2300745131786813,0.034482758620689655,0.75,0.18172284401058866,12.0,2.5649493574615367,4.120271087553738,5.155902766086006,9.5
0.6,0.0,0.0,0.0,0.2,0.2,0.0,0.0,0.0,0.0,0.0,0.0,0.0,0.0,0.0,0.0,0.0,0.0,0.0,0.0,0.0,0.0,0.0,0.0,0.0,0.0,0.0,0.0,0.0,0.0,0.0,0.0,0.0,0.0,0.0,0.0,0.0,0.0,0.0,0.0,0.0,0.0,0.0,0.0,0.0,0.0,0.0,0.0,0.0,0.0,0.0,0.0,0.0,0.2,0.0,0.0,0.0,0.0,0.0,0.0,0.2606060606060606,0.0,1.0,0.30019889335892136,5.0,1.791759469228055,1.8353362134321412,2.33238075793812,4.4
0.10526315789473684,0.0,0.0,0.0,0.10526315789473684,0.05263157894736842,0.0,0.0,0.0,0.0,0.5263157894736842,0.0,0.05263157894736842,0.10526315789473684,0.05263157894736842,0.0,0.05263157894736842,0.0,0.0,0.05263157894736842,0.0,0.0,0.0,0.0,0.0,0.0,0.0,0.0,0.0,0.0,0.0,0.0,0.0,0.0,0.0,0.0,0.0,0.05263157894736842,0.10526315789473684,0.0,0.0,0.0,0.05263157894736842,0.0,0.0,0.0,0.0,0.0,0.0,0.0,0.0,0.3157894736842105,0.0,0.0,0.0,0.0,0.0,0.0,0.0,0.0,0.14152395223823794,0.0,1.0,0.2192974930581437,19.0,2.995732273553991,3.945089313871083,2.3690057757740837,3.5789473684210527
0.0,0.0,0.0,0.0,0.13333333333333333,0.13333333333333333,0.0,0.0,0.0,0.0,0.13333333333333333,0.0,0.0,0.0,0.0,0.0,0.0,0.0,0.0,0.0,0.0,0.06666666666666667,0.0,0.0,0.0,0.0,0.0,0.0,0.0,0.0,0.7333333333333333,0.0,0.0,0.0,0.0,0.0,0.0,0.0,0.0,0.0,0.0,0.0,0.0,0.0,0.13333333333333333,0.0,0.0,0.0,0.0,0.0,0.0,0.0,0.0,0.0,0.0,0.0,0.0,0.0,0.0,0.2,0.21107290086669656,0.0,0.7142857142857143,0.17740292898378066,15.0,2.772588722239781,2.6033232261214794,7.259017380701973,10.8
0.047619047619047616,0.0,0.0,0.0,0.38095238095238093,0.8095238095238095,0.0,0.0,0.14285714285714285,0.0,0.38095238095238093,0.0,0.0,0.0,0.0,0.0,0.047619047619047616,0.0,0.0,0.0,0.0,0.0,0.047619047619047616,0.0,0.0,0.0,0.0,0.0,0.0,0.0,0.0,0.0,0.0,0.0,0.0,0.047619047619047616,0.0,0.0,0.0,0.0,0.0,0.0,0.0,0.0,0.14285714285714285,0.0,0.0,0.0,0.0,0.0,0.0,0.0,0.0,0.0,0.0,0.047619047619047616,0.0,0.0,0.047619047619047616,0.0,0.13382020004641135,0.0,0.6666666666666666,0.13158605875764365,21.0,3.091042453358316,3.3646495580695954,4.123930494211613,5.428571428571429
0.0,0.0,0.0,0.0,0.3333333333333333,0.5833333333333334,0.0,0.0,0.16666666666666666,0.0,0.5833333333333334,0.0,0.0,0.0,0.0,0.0,0.08333333333333333,0.0,0.08333333333333333,0.0,0.0,0.0,0.0,0.0,0.0,0.0,0.0,0.0,0.0,0.0,0.0,0.0,0.0,0.0,0.0,0.0,0.0,0.0,0.0,0.0,0.0,0.0,0.0,0.0,0.08333333333333333,0.0,0.0,0.0,0.0,0.0,0.0,0.0,0.0,0.0,0.0,0.0,0.0,0.0,0.0,0.0,0.15833858902040718,0.0,0.75,0.17138077562260615,12.0,2.5649493574615367,2.762597383981678,2.7487370837451075,4.333333333333333
0.0,0.0,0.0,0.0,0.11764705882352941,0.11764705882352941,0.0,0.0,0.058823529411764705,0.0,0.8235294117647058,0.0,0.0,0.0,0.0,0.0,0.23529411764705882,0.0,0.0,0.0,0.0,0.11764705882352941,0.0,0.0,0.0,0.0,0.0,0.0,0.0,0.0,0.0,0.0,0.0,0.0,0.0,0.0,0.0,0.0,0.0,0.0,0.0,0.0,0.0,0.0,0.17647058823529413,0.0,0.0,0.0,0.0,0.0,0.0,0.0,0.0,0.0,0.0,0.0,0.0,0.0,0.0,0.0,0.22352856138570423,0.0,1.0,0.24103135803224995,17.0,2.8903717578961645,2.4935943025905636,1.984367975698,4.9411764705882355
0.0,0.0,0.0,0.0,0.2,0.0,0.0,0.0,0.8,0.0,1.0,0.0,0.0,0.0,0.0,0.0,0.6,0.0,0.0,0.0,0.0,0.0,0.0,0.0,0.0,0.0,0.0,0.0,0.0,0.0,0.0,0.0,0.0,0.0,0.0,0.0,0.0,0.0,0.0,0.0,0.0,0.0,0.0,0.0,0.0,0.0,0.0,0.0,0.0,0.0,0.0,0.0,0.0,0.0,0.0,0.0,0.0,0.0,0.0,0.0,0.3105769230769231,0.14285714285714285,0.5714285714285714,0.11999238562220198,5.0,1.791759469228055,1.164107451387086,2.6832815729997477,6.0
0.034482758620689655,0.0,0.0,0.0,0.46551724137931033,0.3620689655172414,0.0,0.0,0.15517241379310345,0.0,0.5172413793103449,0.0,0.0,0.017241379310344827,0.017241379310344827,0.0,0.08620689655172414,0.0,0.017241379310344827,0.0,0.0,0.0,0.0,0.10344827586206896,0.0,0.0,0.0,0.0,0.0,0.0,0.0,0.0,0.0,0.06896551724137931,0.0,0.017241379310344827,0.0,0.0,0.05172413793103448,0.0,0.0,0.0,0.0,0.0,0.15517241379310345,0.0,0.0,0.0,0.0,0.0,0.0,0.034482758620689655,0.0,0.0,0.0,0.0,0.0,0.0,0.034482758620689655,0.0,0.07517902226384429,0.0,0.6666666666666666,0.10484675175447924,58.0,4.07753744390572,4.407402484205292,3.7145470371021325,6.827586206896552
0.1702127659574468,0.0,0.0,0.0,0.2553191489361702,0.574468085106383,0.0,0.0,0.0,0.0,0.02127659574468085,0.0,0.0,0.0,0.0,0.0,0.0,0.0,0.0425531914893617,0.0,0.0,0.0,0.0,0.0,0.0,0.0,0.02127659574468085,0.0,0.0,0.0,0.2765957446808511,0.02127659574468085,0.0,0.0425531914893617,0.0,0.0425531914893617,0.0,0.0,0.0,0.0,0.02127659574468085,0.0,0.0,0.0,0.02127659574468085,0.0,0.0,0.0,0.0,0.0,0.0,0.0,0.0,0.0,0.0,0.0,0.0,0.0,0.0,0.0,0.08556493770779484,0.0,0.75,0.1367966408713146,47.0,3.871201010907891,3.082310203536394,3.0630909274583686,5.0212765957446805
0.1875,0.0,0.0,0.0,0.3125,0.40625,0.0,0.0,0.0,0.0,0.03125,0.0,0.0,0.0,0.0,0.0,0.0,0.0,0.0625,0.0,0.0,0.0,0.0,0.0,0.0,0.0,0.03125,0.0,0.0,0.0,0.375,0.03125,0.0,0.03125,0.0,0.03125,0.0,0.0,0.0,0.0,0.03125,0.0,0.0,0.0,0.03125,0.0,0.0,0.0,0.0,0.0,0.0,0.0,0.0,0.0,0.0,0.0,0.0,0.0,0.0,0.0,0.10624977108170383,0.0,0.75,0.15158245913584434,32.0,3.4965075614664802,3.37955242819723,3.106822130409142,5.8125
0.1875,0.0,0.0,0.0,0.3125,0.40625,0.0,0.0,0.0,0.0,0.03125,0.0,0.0,0.0,0.0,0.0,0.0,0.0,0.0625,0.0,0.0,0.0,0.0,0.0,0.0,0.0,0.03125,0.0,0.0,0.0,0.375,0.03125,0.0,0.03125,0.0,0.03125,0.0,0.0,0.0,0.0,0.03125,0.0,0.0,0.0,0.03125,0.0,0.0,0.0,0.0,0.0,0.0,0.0,0.0,0.0,0.0,0.0,0.0,0.0,0.0,0.0,0.11130201808773235,0.0,0.75,0.16426290675151664,32.0,3.4965075614664802,3.37955242819723,3.106822130409142,5.8125
0.1875,0.0,0.0,0.0,0.3125,0.40625,0.0,0.0,0.0,0.0,0.03125,0.0,0.0,0.0,0.0,0.0,0.0,0.0,0.0625,0.0,0.0,0.0,0.0,0.0,0.0,0.0,0.03125,0.0,0.0,0.0,0.375,0.03125,0.0,0.03125,0.0,0.03125,0.0,0.0,0.0,0.0,0.03125,0.0,0.0,0.0,0.03125,0.0,0.0,0.0,0.0,0.0,0.0,0.0,0.0,0.0,0.0,0.0,0.0,0.0,0.0,0.0,0.11025619395920148,0.0,0.6666666666666666,0.1328465799213243,32.0,3.4965075614664802,3.37955242819723,3.106822130409142,5.8125
0.18181818181818182,0.0,0.0,0.0,0.30303030303030304,0.3939393939393939,0.0,0.0,0.0,0.0,0.030303030303030304,0.0,0.0,0.0,0.0,0.0,0.0,0.0,0.06060606060606061,0.0,0.0,0.0,0.0,0.0,0.0,0.0,0.030303030303030304,0.0,0.0,0.0,0.3939393939393939,0.030303030303030304,0.0,0.030303030303030304,0.0,0.030303030303030304,0.0,0.0,0.0,0.0,0.030303030303030304,0.0,0.0,0.0,0.030303030303030304,0.0,0.0,0.0,0.0,0.0,0.0,0.0,0.0,0.0,0.0,0.0,0.0,0.0,0.0,0.0,0.10225582922427334,0.0,0.5714285714285714,0.13842417007309263,33.0,3.5263605246161616,3.343139741285217,3.05955577538631,5.818181818181818
0.16666666666666666,0.0,0.0,0.0,0.4444444444444444,0.0,0.0,0.0,0.0,0.0,0.1111111111111111,0.0,0.0,0.05555555555555555,0.0,0.0,0.05555555555555555,0.05555555555555555,0.0,0.0,0.0,0.05555555555555555,0.0,0.0,0.0,0.0,0.3888888888888889,0.0,0.0,0.0,0.2222222222222222,0.0,0.0,0.0,0.0,0.0,0.0,0.05555555555555555,0.0,0.0,0.0,0.0,0.0,0.0,0.1111111111111111,0.0,0.0,0.0,0.0,0.0,0.0,0.0,0.0,0.0,0.0,0.0,0.0,0.0,0.0,0.0,0.14614196493239048,0.0,1.0,0.22841349438270528,18.0,2.9444389791664403,3.825627949341388,4.242640687119285,7.333333333333333
0.05555555555555555,0.0,0.0,0.0,0.4722222222222222,0.3333333333333333,0.0,0.0,0.08333333333333333,0.0,0.3888888888888889,0.0,0.0,0.1388888888888889,0.0,0.0,0.1111111111111111,0.0,0.1388888888888889,0.0,0.0,0.0,0.027777777777777776,0.0,0.0,0.0,0.0,0.0,0.0,0.0,0.0,0.0,0.0,0.0,0.0,0.1111111111111111,0.0,0.2222222222222222,0.1111111111111111,0.0,0.0,0.0,0.0,0.0,0.19444444444444445,0.0,0.0,0.0,0.0,0.0,0.0,0.0,0.0,0.0,0.0,0.6111111111111112,0.0,0.0,0.1111111111111111,0.0,0.18584991205407655,0.0,0.8,0.16522149290933447,36.0,3.6109179126442243,5.819140678537834,4.509249752822893,8.333333333333334
0.0,0.0,0.0,0.0,0.0,0.0,0.0,0.0,0.09090909090909091,0.0,0.5454545454545454,0.0,0.0,0.0,0.0,0.0,0.36363636363636365,0.0,0.0,0.0,0.0,0.2727272727272727,0.0,0.0,0.0,0.0,0.0,0.0,0.0,0.0,0.0,0.0,0.0,0.0,0.0,0.0,0.0,0.0,0.0,0.0,0.0,0.0,0.0,0.0,0.0,0.0,0.0,0.0,0.0,0.0,0.0,0.0,0.0,0.0,0.0,0.0,0.0,0.0,0.0,0.2727272727272727,0.13784460301558527,0.0,0.8571428571428571,0.18820699945485972,11.0,2.4849066497880004,2.344617046198198,2.0123585110162416,6.363636363636363
0.0,0.0,0.0,0.0,0.3333333333333333,0.19047619047619047,0.0,0.0,0.38095238095238093,0.0,0.9523809523809523,0.0,0.0,0.09523809523809523,0.0,0.0,0.23809523809523808,0.0,0.0,0.0,0.0,0.0,0.0,0.0,0.0,0.0,0.0,0.0,0.0,0.0,0.0,0.0,0.0,0.0,0.0,0.0,0.0,0.0,0.0,0.0,0.0,0.0,0.0,0.0,0.19047619047619047,0.0,0.0,0.0,0.09523809523809523,0.0,0.0,0.0,0.0,0.0,0.0,0.0,0.0,0.0,0.0,0.0,0.17530172118739126,0.041666666666666664,0.7142857142857143,0.11460166077490383,21.0,3.091042453358316,3.1762294837099163,3.028212018206599,7.142857142857143
0.0,0.0,0.0,0.0,0.75,0.25,0.0,0.0,0.0,0.0,0.125,0.0,0.0,0.0,0.0,0.0,0.0,0.0,0.0,0.0,0.0,0.0,0.0,0.0,0.0,0.0,0.0,0.0,0.0,0.0,0.0,0.0,0.0,0.0,0.0,0.0,0.0,0.0,0.0,0.0,0.0,0.0,0.0,0.0,0.5,0.0,0.0,0.0,0.0,0.0,0.0,0.0,0.0,0.0,0.0,0.0,0.0,0.0,0.0,0.0,0.30396736200307634,0.0,0.8,0.20885810139680183,8.0,2.1972245773362196,1.686278124459133,2.2325713874364688,6.375
0.0,0.0,0.0,0.0,0.0,0.4,0.0,0.0,0.0,0.0,0.6,0.0,0.0,0.0,0.0,0.0,0.0,0.0,0.0,0.0,0.0,0.0,0.0,0.0,0.0,0.0,0.0,0.0,0.0,0.0,0.0,0.0,0.0,0.0,0.0,0.0,0.0,0.0,0.0,0.0,0.0,0.0,0.0,0.0,0.0,0.0,0.0,0.0,0.0,0.0,0.0,0.0,0.0,0.0,0.0,0.0,0.0,0.0,0.0,0.0,0.15319264069264069,0.06666666666666667,0.2857142857142857,0.08071775456065222,5.0,1.791759469228055,0.9709505944546686,1.7888543819998317,6.0
0.0,0.0,0.0,0.0,0.5,0.0625,0.0,0.125,0.3125,0.0,0.5625,0.0,0.0,0.0,0.0,0.0,0.125,0.0,0.0625,0.0,0.0,0.0625,0.0,0.0,0.0,0.0,0.0,0.0,0.0,0.0,0.0,0.0,0.125,0.0,0.0,0.0,0.0,0.1875,0.0,0.0,0.0,0.0,0.0,0.0,0.125,0.0,0.0,0.0,0.0625,0.0,0.0,0.0625,0.0,0.0,0.0,0.0,0.0,0.0,0.25,0.0,0.17888220466283272,0.0,0.7333333333333333,0.15191790680373313,16.0,2.833213344056216,5.194134188151182,3.5745410544572014,8.1875
0.07692307692307693,0.0,0.0,0.0,0.15384615384615385,0.15384615384615385,0.0,0.0,0.23076923076923078,0.0,0.8461538461538461,0.0,0.0,0.0,0.0,0.0,0.0,0.0,0.0,0.0,0.0,0.0,0.0,0.0,0.0,0.0,0.0,0.0,0.0,0.0,0.0,0.0,0.0,0.0,0.0,0.0,0.0,0.0,0.0,0.0,0.0,0.0,0.0,0.0,0.0,0.0,0.0,0.0,0.0,0.0,0.0,0.0,0.0,0.0,0.0,0.0,0.0,0.0,0.0,0.0,0.16284239265008496,0.0,0.75,0.14430554546691238,13.0,2.6390573296152584,1.8076707182697702,1.598816130063579,4.461538461538462
0.0,0.0,0.0,0.0,0.23076923076923078,0.6153846153846154,0.0,0.07692307692307693,0.5384615384615384,0.0,0.7692307692307693,0.0,0.0,0.0,0.0,0.0,0.38461538461538464,0.0,0.0,0.0,0.0,0.0,0.07692307692307693,0.0,0.0,0.0,0.0,0.0,0.0,0.0,0.0,0.0,0.0,0.0,0.0,0.07692307692307693,0.0,0.0,0.0,0.0,0.0,0.0,0.0,0.0,0.23076923076923078,0.0,0.0,0.0,0.0,0.0,0.0,0.0,0.0,0.0,0.0,0.0,0.0,0.0,0.07692307692307693,0.0,0.21153594920201926,0.0,0.7,0.14667990625344854,13.0,2.6390573296152584,3.8482621418156224,4.720595690020387,10.153846153846153
0.0,0.0,0.0,0.0,0.0,0.5,0.0,0.0,0.8333333333333334,0.0,1.0,0.0,0.0,0.0,0.0,0.0,0.5,0.0,0.0,0.0,0.0,0.0,0.0,0.0,0.0,0.0,0.0,0.0,0.0,0.0,0.0,0.0,0.0,0.0,0.0,0.0,0.0,0.0,0.0,0.0,0.0,0.0,0.0,0.0,0.16666666666666666,0.0,0.0,0.0,0.0,0.0,0.0,0.0,0.0,0.0,0.0,0.0,0.0,0.0,0.0,0.0,0.24748718601659775,0.0625,0.6666666666666666,0.13483254898485797,6.0,1.9459101490553132,1.650022421648354,2.1147629234082532,8.166666666666666
0.025,0.0,0.0,0.0,0.7,0.475,0.0,0.025,0.3,0.0,0.55,0.0,0.0,0.025,0.0,0.0,0.175,0.0,0.1,0.0,0.0,0.05,0.15,0.425,0.0,0.0,0.0,0.0,0.0,0.0,0.0,0.0,0.05,0.075,0.0,0.15,0.0,0.125,0.075,0.0,0.0,0.0,0.0,0.0,0.175,0.0,0.0,0.0,0.0,0.0,0.0,0.0,0.0,0.0,0.0,0.0,0.0,0.0,0.075,0.0,0.10998429783454147,0.0,0.6,0.11090588831922106,40.0,3.713572066704308,6.470999743671457,6.081940479813987,10.1
0.1111111111111111,0.0,0.0,0.0,0.2222222222222222,0.1111111111111111,0.0,0.0,0.2222222222222222,0.0,0.7777777777777778,0.0,0.0,0.0,0.0,0.0,0.1111111111111111,0.0,0.0,0.0,0.0,0.0,0.0,0.0,0.0,0.0,0.0,0.0,0.0,0.0,0.0,0.0,0.0,0.0,0.0,0.0,0.0,0.0,0.0,0.0,0.0,0.0,0.0,0.0,0.0,0.0,0.0,0.0,0.0,0.0,0.0,0.0,0.0,0.0,0.0,0.0,0.0,0.0,0.0,0.0,0.1035600202266869,0.0,0.6666666666666666,0.15017344986097836,9.0,2.302585092994046,2.303051729532127,2.499382639822665,5.555555555555555
0.0,0.0,0.0,0.0,0.47368421052631576,0.2631578947368421,0.0,0.0,0.42105263157894735,0.0,0.7368421052631579,0.0,0.0,0.10526315789473684,0.0,0.0,0.21052631578947367,0.0,0.05263157894736842,0.0,0.0,0.0,0.0,0.0,0.0,0.0,0.0,0.0,0.0,0.0,0.0,0.0,0.0,0.0,0.0,0.05263157894736842,0.0,0.10526315789473684,0.05263157894736842,0.0,0.0,0.0,0.0,0.0,0.05263157894736842,0.0,0.0,0.0,0.0,0.0,0.0,0.0,0.0,0.0,0.0,0.0,0.0,0.0,0.0,0.0,0.14266231041551694,0.0,0.7142857142857143,0.14191398971268313,19.0,2.995732273553991,3.9188729604772643,6.335058325613085,8.842105263157896
0.0,0.0,0.0,0.0,0.047619047619047616,0.7142857142857143,0.0,0.0,0.0,0.0,0.38095238095238093,0.0,0.0,0.0,0.0,0.0,0.0,0.0,0.0,0.0,0.0,0.0,0.0,0.0,0.0,0.0,0.0,0.0,0.0,0.0,0.0,0.0,0.047619047619047616,0.47619047619047616,0.0,0.0,0.0,0.0,0.0,0.0,0.0,0.0,0.0,0.0,0.0,0.0,0.0,0.0,0.0,0.0,0.0,0.0,0.0,0.0,0.0,0.0,0.0,0.0,0.0,0.0,0.35403769216352143,0.1,1.0,0.20853935510185442,21.0,3.091042453358316,1.805165234012153,2.4798507745317213,4.428571428571429
0.0,0.0,0.0,0.0,0.017543859649122806,0.15789473684210525,0.0,0.0,0.017543859649122806,0.0,0.2631578947368421,0.0,0.0,0.0,0.0,0.0,0.07017543859649122,0.0,0.017543859649122806,0.0,0.0,0.14035087719298245,0.0,0.0,0.0,0.0,0.0,0.0,0.0,0.0,0.0,0.0,0.0,0.017543859649122806,0.0,0.017543859649122806,0.0,0.0,0.017543859649122806,0.0,0.0,0.0,0.0,0.0,0.07017543859649122,0.0,0.0,0.0,0.0,0.0,0.03508771929824561,0.017543859649122806,0.0,0.0,0.0,0.0,0.0,0.0,0.0,0.03508771929824561,0.14378984284999322,0.0,1.0,0.2276123508266076,57.0,4.060443010546419,2.9183281890402313,3.2467044161765504,5.947368421052632
0.09523809523809523,0.0,0.0,0.0,0.19047619047619047,0.47619047619047616,0.0,0.0,0.38095238095238093,0.0,0.8095238095238095,0.0,0.0,0.0,0.0,0.0,0.047619047619047616,0.0,0.0,0.0,0.0,0.0,0.0,0.0,0.0,0.0,0.0,0.0,0.0,0.0,0.0,0.0,0.0,0.0,0.0,0.0,0.0,0.047619047619047616,0.0,0.0,0.0,0.0,0.0,0.0,0.09523809523809523,0.0,0.0,0.0,0.0,0.0,0.0,0.0,0.0,0.0,0.0,0.0,0.0,0.0,0.0,0.0,0.2508723403891471,0.0,1.0,0.17798754308674739,21.0,3.091042453358316,2.807054036900706,2.322130540997449,5.476190476190476
0.0,0.0,0.0,0.0,0.5,0.9,0.0,0.0,0.0,0.0,0.0,0.0,0.0,0.0,0.0,0.0,0.2,0.0,0.0,0.0,0.0,0.0,0.0,0.0,0.0,0.2,0.0,0.2,0.0,0.0,0.0,0.0,0.0,0.0,0.0,0.0,0.2,0.0,0.0,0.0,0.0,0.0,0.0,0.0,0.1,0.0,0.0,0.0,0.0,0.0,0.0,0.0,0.0,0.0,0.0,0.0,0.0,0.0,0.0,0.0,0.17954641737149474,0.0,0.8571428571428571,0.17403444159019027,10.0,2.3978952727983707,2.8265380694991706,7.848566748139434,9.0
0.0625,0.0,0.0,0.0,0.625,0.3125,0.0,0.0,0.0625,0.0,0.4375,0.0,0.0,0.0,0.0,0.0,0.125,0.0,0.0625,0.0,0.0,0.0,0.0,0.375,0.0,0.0,0.0,0.0,0.0,0.0,0.0,0.0,0.0,0.0,0.0,0.0625,0.0,0.0,0.0,0.0,0.0,0.0,0.0,0.0,0.125,0.0,0.0,0.0,0.0,0.0,0.0,0.0,0.0,0.0,0.0,0.0,0.0,0.0,0.125,0.0,0.09797839639989894,0.0,0.75,0.1479725923166018,16.0,2.833213344056216,4.125613694872463,4.311594107751795,10.6875
0.0,0.0,0.0,0.0,0.2857142857142857,0.14285714285714285,0.0,0.0,0.07142857142857142,0.0,0.5,0.0,0.0,0.0,0.0,0.0,0.07142857142857142,0.0,0.0,0.0,0.0,0.0,0.0,0.0,0.0,0.0,0.0,0.0,0.0,0.0,0.0,0.0,0.0,0.0,0.0,0.0,0.0,0.0,0.0,0.0,0.0,0.0,0.0,0.0,0.14285714285714285,0.07142857142857142,0.0,0.0,0.0,0.0,0.0,0.0,0.0,0.0,0.0,0.0,0.0,0.0,0.0,0.0,0.2877178072233017,0.0,1.0,0.270769956274723,14.0,2.70805020110221,2.6343502959024034,1.8294640678379568,4.714285714285714
0.0,0.0,0.0,0.0,0.14285714285714285,0.2857142857142857,0.0,0.0,0.5714285714285714,0.0,1.0,0.0,0.0,0.0,0.0,0.0,0.2857142857142857,0.0,0.0,0.0,0.0,0.0,0.0,0.0,0.0,0.0,0.0,0.0,0.0,0.0,0.0,0.0,0.0,0.0,0.0,0.0,0.0,0.2857142857142857,0.14285714285714285,0.0,0.0,0.0,0.0,0.0,0.2857142857142857,0.0,0.0,0.0,0.0,0.0,0.0,0.0,0.0,0.0,0.0,0.0,0.0,0.0,0.0,0.0,0.21288622266065876,0.0625,0.5714285714285714,0.15032703255933308,7.0,2.0794415416798357,3.328995558400922,3.522522287410844,7.142857142857143
0.008403361344537815,0.0,0.0,0.0,0.7142857142857143,0.6134453781512605,0.0,0.025210084033613446,0.20168067226890757,0.0,0.4957983193277311,0.0,0.0,0.03361344537815126,0.0,0.0,0.14285714285714285,0.0,0.06722689075630252,0.0,0.0,0.058823529411764705,0.06722689075630252,0.3949579831932773,0.0,0.0,0.0,0.0,0.0,0.0,0.0,0.0,0.04201680672268908,0.0,0.0,0.07563025210084033,0.0,0.08403361344537816,0.05042016806722689,0.0,0.0,0.0,0.0,0.0,0.1092436974789916,0.0,0.0,0.0,0.01680672268907563,0.0,0.0,0.025210084033613446,0.0,0.0,0.0,0.0,0.0,0.0,0.13445378151260504,0.0,0.10962729391455883,0.0,1.0,0.1632760684980134,119.0,4.787491742782046,5.760244550069645,5.021794179222811,8.579831932773109
0.0,0.0,0.0,0.0,0.546875,0.28125,0.0,0.046875,0.15625,0.0,0.40625,0.0,0.0,0.09375,0.0,0.0,0.171875,0.0,0.09375,0.0,0.0,0.015625,0.015625,0.0,0.0,0.0,0.0,0.0,0.0,0.0,0.0,0.0,0.046875,0.0,0.0,0.078125,0.0,0.1875,0.078125,0.0,0.0,0.0,0.0,0.0,0.15625,0.0,0.0,0.0,0.015625,0.0,0.0,0.0625,0.0,0.0,0.0,0.453125,0.0,0.0,0.203125,0.0,0.1288296196080362,0.0,0.7142857142857143,0.10778360369091815,64.0,4.174387269895637,6.389959075648384,3.879030162295725,8.625
0.0,0.0,0.0,0.0,0.7413793103448276,0.6896551724137931,0.0,0.017241379310344827,0.3448275862068966,0.0,0.6379310344827587,0.0,0.0,0.034482758620689655,0.0,0.0,0.1896551724137931,0.0,0.034482758620689655,0.0,0.0,0.017241379310344827,0.10344827586206896,0.29310344827586204,0.0,0.0,0.0,0.0,0.0,0.0,0.0,0.0,0.017241379310344827,0.0,0.0,0.05172413793103448,0.0,0.034482758620689655,0.034482758620689655,0.0,0.0,0.0,0.0,0.0,0.1896551724137931,0.0,0.0,0.0,0.0,0.0,0.0,0.0,0.0,0.0,0.0,0.0,0.0,0.0,0.017241379310344827,0.0,0.17796826586521408,0.0,0.8571428571428571,0.13351199659554205,58.0,4.07753744390572,4.695557378173182,3.9468827537763365,7.793103448275862
0.027777777777777776,0.0,0.0,0.0,0.16666666666666666,0.18518518518518517,0.0,0.0,0.009259259259259259,0.0,0.09259259259259259,0.0,0.0,0.009259259259259259,0.0,0.0,0.06481481481481481,0.0,0.018518518518518517,0.0,0.0,0.027777777777777776,0.009259259259259259,0.0,0.0,0.0,0.0,0.0,0.0,0.0,0.0,0.0,0.0,0.0,0.0,0.027777777777777776,0.0,0.0,0.07407407407407407,0.0,0.0,0.0,0.0,0.0,0.027777777777777776,0.0,0.0,0.0,0.0,0.0,0.0,0.0,0.0,0.0,0.0,0.0,0.0,0.0,0.0,0.0,0.1458841158841159,0.0,1.0,0.19564211338601134,108.0,4.6913478822291435,2.6018840077540544,3.1865845332666636,4.222222222222222
0.016129032258064516,0.0,0.0,0.0,0.6774193548387096,0.5967741935483871,0.0,0.016129032258064516,0.14516129032258066,0.0,0.3225806451612903,0.0,0.0,0.03225806451612903,0.0,0.0,0.06451612903225806,0.0,0.06451612903225806,0.016129032258064516,0.0,0.03225806451612903,0.08064516129032258,0.3225806451612903,0.0,0.0,0.0,0.0,0.0,0.0,0.0,0.0,0.016129032258064516,0.0,0.0,0.08064516129032258,0.0,0.04838709677419355,0.04838709677419355,0.0,0.0,0.0,0.0,0.0,0.1935483870967742,0.0,0.0,0.0,0.0,0.0,0.0,0.03225806451612903,0.0,0.0,0.0,0.0,0.0,0.0,0.016129032258064516,0.0,0.1036258334105125,0.0,0.625,0.12493057362953486,62.0,4.143134726391533,5.219390213909587,4.618229498896141,7.725806451612903
0.0,0.0,0.0,0.0,0.4153846153846154,0.3230769230769231,0.0,0.0,0.015384615384615385,0.0,0.2153846153846154,0.0,0.0,0.0,0.0,0.0,0.015384615384615385,0.0,0.09230769230769231,0.0,0.0,0.0,0.015384615384615385,0.15384615384615385,0.0,0.0,0.0,0.0,0.0,0.0,0.0,0.0,0.0,0.09230769230769231,0.0,0.03076923076923077,0.0,0.0,0.06153846153846154,0.0,0.0,0.0,0.0,0.0,0.06153846153846154,0.0,0.0,0.0,0.0,0.0,0.0,0.0,0.0,0.0,0.0,0.0,0.0,0.0,0.03076923076923077,0.0,0.07821589630413159,0.0,1.0,0.1649277377614628,65.0,4.189654742026425,3.6623382336417754,3.469085789227149,6.507692307692308
0.08064516129032258,0.0,0.0,0.0,0.2903225806451613,0.41935483870967744,0.0,0.0,0.0967741935483871,0.0,0.3225806451612903,0.0,0.0,0.06451612903225806,0.0,0.11290322580645161,0.0967741935483871,0.0,0.04838709677419355,0.0,0.0,0.04838709677419355,0.016129032258064516,0.0,0.0,0.0,0.0,0.0,0.0,0.0,0.0,0.0,0.0,0.0,0.0,0.06451612903225806,0.0,0.016129032258064516,0.08064516129032258,0.0,0.0,0.0,0.0,0.0,0.08064516129032258,0.0,0.0,0.0,0.1935483870967742,0.0,0.0,0.0,0.0,0.0,0.0,0.0,0.0,0.0,0.0,0.0,0.05302167399130323,0.0,1.0,0.11635172441870717,62.0,4.143134726391533,5.040174348613236,4.505546356532544,7.080645161290323
0.0,0.0,0.0,0.0,0.09523809523809523,0.023809523809523808,0.0,0.0,0.2857142857142857,0.0,0.8095238095238095,0.0,0.0,0.09523809523809523,0.0,0.0,0.2619047619047619,0.0,0.0,0.0,0.0,0.23809523809523808,0.0,0.0,0.0,0.0,0.0,0.0,0.0,0.0,0.0,0.0,0.0,0.0,0.0,0.023809523809523808,0.0,0.07142857142857142,0.047619047619047616,0.0,0.0,0.0,0.42857142857142855,0.0,0.09523809523809523,0.0,0.0,0.0,0.0,0.0,0.0,0.5952380952380952,0.0,0.0,0.0,0.0,0.0,0.0,0.0,0.0,0.198327141636518,0.0,1.0,0.18159690777932,42.0,3.7612001156935624,4.438873569069465,3.116411099420224,6.9523809523809526
0.08333333333333333,0.0,0.0,0.0,0.08333333333333333,0.3611111111111111,0.0,0.027777777777777776,0.0,0.0,0.3611111111111111,0.0,0.0,0.05555555555555555,0.0,0.0,0.0,0.0,0.027777777777777776,0.0,0.0,0.6944444444444444,0.0,0.0,0.0,0.0,0.0,0.0,0.0,0.0,0.0,0.0,0.0,0.0,0.0,0.0,0.0,0.027777777777777776,0.0,0.0,0.0,0.0,0.05555555555555555,0.0,0.1111111111111111,0.0,0.0,0.0,0.0,0.0,0.0,0.027777777777777776,0.0,0.0,0.0,0.0,0.6111111111111112,0.0,0.0,0.08333333333333333,0.262551291649036,0.0,1.0,0.27265351691761364,36.0,3.6109179126442243,4.14702651675083,3.643868518179241,6.0
0.0,0.0,0.0,0.0,0.3404255319148936,0.425531914893617,0.0,0.0,0.0,0.0,0.3829787234042553,0.0,0.0,0.40425531914893614,0.0,0.0,0.14893617021276595,0.0,0.0851063829787234,0.0,0.0,0.2765957446808511,0.0,0.0,0.0,0.0,0.0,0.0,0.0,0.0,0.0,0.0,0.0425531914893617,0.0,0.0,0.10638297872340426,0.0,0.0,0.0425531914893617,0.0,0.0,0.0,0.23404255319148937,0.0,0.06382978723404255,0.0,0.0,0.0,0.02127659574468085,0.0,0.0,0.1276595744680851,0.0,0.0,0.0,0.0,0.0,0.0,0.19148936170212766,0.0425531914893617,0.09543096825610016,0.0,0.7142857142857143,0.1416534017945361,47.0,3.871201010907891,5.959805324749388,3.6551185142965807,7.957446808510638
0.13846153846153847,0.0,0.0,0.0,0.015384615384615385,0.046153846153846156,0.0,0.0,0.0,0.0,0.2153846153846154,0.0,0.0,0.0,0.0,0.0,0.015384615384615385,0.0,0.03076923076923077,0.0,0.0,0.1076923076923077,0.0,0.0,0.0,0.0,0.07692307692307693,0.0,0.0,0.0,0.1076923076923077,0.0,0.0,0.0,0.0,0.0,0.0,0.0,0.0,0.0,0.0,0.0,0.13846153846153847,0.0,0.09230769230769231,0.0,0.0,0.0,0.06153846153846154,0.0,0.0,0.015384615384615385,0.0,0.0,0.0,0.0,0.0,0.0,0.0,0.13846153846153847,0.04845272452415309,0.0,1.0,0.1291380976201515,65.0,4.189654742026425,3.841176516595952,3.674443966308163,5.4
0.0,0.0,0.0,0.0,0.027777777777777776,0.0,0.0,0.0,0.0,0.0,0.0,0.0,0.0,0.0,0.0,0.0,0.027777777777777776,0.0,0.08333333333333333,0.0,0.0,0.5277777777777778,0.0,0.0,0.0,0.0,0.0,0.0,0.0,0.0,0.0,0.0,0.0,0.0,0.0,0.05555555555555555,0.0,0.0,0.0,0.0,0.0,0.0,0.0,0.0,0.19444444444444445,0.0,0.0,0.0,0.1388888888888889,0.0,0.0,0.0,0.0,0.0,0.0,0.0,0.0,0.6388888888888888,0.0,0.25,0.09767070396245636,0.0,1.0,0.18280462042363654,36.0,3.6109179126442243,3.072135136451059,2.6799437989316304,5.611111111111111
0.0,0.0,0.0,0.0,0.275,0.325,0.0,0.0,0.0,0.0,0.5,0.0,0.0,0.2,0.0,0.0,0.175,0.0,0.05,0.0,0.0,0.05,0.0,0.0,0.0,0.0,0.0,0.0,0.0,0.0,0.0,0.0,0.0,0.0,0.0,0.05,0.0,0.0,0.05,0.0,0.0,0.0,0.05,0.0,0.075,0.025,0.0,0.0,0.025,0.0,0.0,0.0,0.0,0.0,0.0,0.0,0.0,0.0,0.0,0.0,0.0873887433761383,0.0,1.0,0.16707349467446128,40.0,3.713572066704308,4.07045702566266,3.7046423579071703,7.025
0.08208955223880597,0.0,0.0,0.0,0.2537313432835821,0.08208955223880597,0.0,0.014925373134328358,0.007462686567164179,0.0,0.27611940298507465,0.0,0.0,0.022388059701492536,0.0,0.0,0.13432835820895522,0.0,0.22388059701492538,0.0,0.0,0.014925373134328358,0.029850746268656716,0.0,0.0,0.0,0.0,0.0,0.0,0.0,0.0,0.0,0.029850746268656716,0.0,0.0,0.05970149253731343,0.0,0.05223880597014925,0.022388059701492536,0.0,0.0,0.0,0.0,0.0,0.09701492537313433,0.0,0.0,0.0,0.05970149253731343,0.0,0.0,0.007462686567164179,0.0,0.0,0.0,0.007462686567164179,0.0,0.0,0.08208955223880597,0.0,0.08638954064251643,0.0,0.6666666666666666,0.1125310520527514,134.0,4.90527477843843,4.696981660978205,3.4671307687238304,7.037313432835821
0.0,0.0,0.0,0.0,0.2391304347826087,0.0,0.0,0.0,0.2608695652173913,0.0,1.0,0.0,0.0,0.021739130434782608,0.0,0.0,0.08695652173913043,0.0,0.021739130434782608,0.0,0.0,0.0,0.32608695652173914,0.0,0.0,0.0,0.0,0.0,0.0,0.0,0.0,0.0,0.0,0.0,0.0,0.0,0.0,0.043478260869565216,0.0,0.0,0.0,0.0,0.0,0.0,0.2826086956521739,0.0,0.0,0.0,0.021739130434782608,0.0,0.0,0.0,0.0,0.0,0.0,0.0,0.0,0.0,0.0,0.0,0.19665133100228194,0.0625,0.5833333333333334,0.11899118771661196,46.0,3.8501476017100584,2.905029223473797,4.898400649446232,8.695652173913043
0.0,0.0,0.0,0.0,0.22727272727272727,0.0,0.0,0.0,0.0,0.0,1.0,0.0,0.0,0.0,0.0,0.0,0.045454545454545456,0.0,0.045454545454545456,0.0,0.0,0.09090909090909091,0.5909090909090909,0.0,0.0,0.0,0.0,0.0,0.0,0.0,0.0,0.0,0.0,0.0,0.0,0.0,0.0,0.0,0.0,0.0,0.0,0.0,0.0,0.0,0.3181818181818182,0.0,0.0,0.0,0.0,0.0,0.0,0.0,0.0,0.0,0.0,0.0,0.0,0.0,0.0,0.0,0.35683989870907296,0.041666666666666664,0.875,0.18466937210021458,22.0,3.1354942159291497,2.179848894354881,5.734483195603694,12.545454545454545
0.0,0.0,0.0,0.0,0.5263157894736842,0.5,0.0,0.10526315789473684,0.34210526315789475,0.0,0.6052631578947368,0.0,0.0,0.10526315789473684,0.0,0.0,0.21052631578947367,0.0,0.13157894736842105,0.0,0.0,0.07894736842105263,0.10526315789473684,0.0,0.0,0.0,0.0,0.0,0.0,0.0,0.0,0.0,0.02631578947368421,0.0,0.0,0.07894736842105263,0.0,0.2631578947368421,0.05263157894736842,0.0,0.0,0.0,0.0,0.0,0.15789473684210525,0.0,0.0,0.0,0.02631578947368421,0.0,0.0,0.0,0.0,0.0,0.0,0.0,0.0,0.0,0.05263157894736842,0.0,0.10463309175673846,0.0,0.6428571428571429,0.10066730465148273,38.0,3.6635616461296463,6.068142745012994,3.374993587764505,8.368421052631579
0.03125,0.0,0.0,0.0,0.375,0.5416666666666666,0.0,0.0,0.20833333333333334,0.0,0.5729166666666666,0.0,0.010416666666666666,0.03125,0.010416666666666666,0.0,0.15625,0.0,0.052083333333333336,0.0,0.0,0.041666666666666664,0.0,0.0,0.0,0.0,0.0,0.0,0.0,0.0,0.0,0.0,0.0,0.0,0.0,0.03125,0.0,0.052083333333333336,0.020833333333333332,0.0,0.0,0.0,0.0,0.0,0.11458333333333333,0.010416666666666666,0.0,0.0,0.020833333333333332,0.0,0.0,0.0,0.0,0.0,0.0,0.0,0.0,0.0,0.020833333333333332,0.0,0.06839378269608257,0.0,0.5555555555555556,0.09474002166544541,96.0,4.574710978503383,4.376897405500104,3.1571780813726678,6.96875
0.015384615384615385,0.0,0.0,0.0,0.4461538461538462,0.5384615384615384,0.0,0.0,0.1076923076923077,0.0,0.4307692307692308,0.0,0.0,0.03076923076923077,0.0,0.0,0.09230769230769231,0.0,0.046153846153846156,0.0,0.0,0.015384615384615385,0.0,0.0,0.0,0.0,0.0,0.0,0.0,0.0,0.0,0.0,0.0,0.0,0.0,0.015384615384615385,0.0,0.0,0.0,0.0,0.0,0.0,0.0,0.0,0.09230769230769231,0.015384615384615385,0.0,0.0,0.0,0.015384615384615385,0.0,0.0,0.0,0.0,0.0,0.0,0.0,0.0,0.046153846153846156,0.0,0.09909510035560457,0.0,0.8,0.11969207265453759,65.0,4.189654742026425,3.5320078012116616,2.9742882396540486,6.723076923076923
0.0,0.0,0.0,0.0,0.5098039215686274,0.49019607843137253,0.0,0.0784313725490196,0.35294117647058826,0.0,0.5686274509803921,0.0,0.0,0.09803921568627451,0.0,0.0,0.2549019607843137,0.0,0.11764705882352941,0.0,0.0,0.0,0.09803921568627451,0.0,0.0,0.0,0.0,0.0,0.0,0.0,0.0,0.0,0.0,0.0,0.0,0.09803921568627451,0.0,0.17647058823529413,0.058823529411764705,0.0,0.0,0.0,0.0,0.0,0.09803921568627451,0.0,0.0,0.0,0.0196078431372549,0.0,0.0,0.0,0.0,0.0,0.0,0.0,0.0,0.0,0.11764705882352941,0.0,0.10255437748933316,0.0,0.5,0.09070861847711471,51.0,3.9512437185814275,5.617491718771803,4.740152989645391,8.372549019607844
0.0,0.0,0.0,0.0,0.45714285714285713,0.35714285714285715,0.0,0.02857142857142857,0.34285714285714286,0.0,0.6857142857142857,0.0,0.0,0.1,0.0,0.0,0.1,0.0,0.04285714285714286,0.0,0.0,0.014285714285714285,0.11428571428571428,0.014285714285714285,0.0,0.0,0.0,0.0,0.0,0.0,0.0,0.0,0.014285714285714285,0.0,0.0,0.04285714285714286,0.0,0.12857142857142856,0.02857142857142857,0.0,0.0,0.0,0.0,0.0,0.08571428571428572,0.05714285714285714,0.0,0.0,0.014285714285714285,0.0,0.0,0.0,0.0,0.0,0.0,0.0,0.0,0.0,0.05714285714285714,0.0,0.07187189675094034,0.0,0.3333333333333333,0.07279795078680278,70.0,4.2626798770413155,5.16056654941316,4.299501632249287,9.0
0.0,0.0,0.0,0.0,0.35714285714285715,0.0,0.0,0.0,0.7142857142857143,0.0,1.0,0.0,0.0,0.0,0.0,0.0,0.14285714285714285,0.0,0.0,0.0,0.0,0.0,0.0,0.0,0.0,0.0,0.0,0.0,0.0,0.0,0.0,0.0,0.0,0.0,0.0,0.0,0.0,0.0,0.0,0.0,0.0,0.0,0.0,0.0,0.0,0.0,0.0,0.0,0.0,0.0,0.0,0.0,0.0,0.0,0.0,0.0,0.0,0.0,0.0,0.0,0.24683713811865074,0.058823529411764705,1.0,0.1963715261935413,14.0,2.70805020110221,1.2782937322620596,2.7039276043925287,6.214285714285714
0.0,0.0,0.0,0.0,0.552,0.56,0.0,0.0,0.184,0.0,0.472,0.0,0.0,0.048,0.008,0.0,0.12,0.0,0.072,0.0,0.0,0.016,0.056,0.0,0.0,0.0,0.0,0.0,0.0,0.0,0.0,0.0,0.016,0.0,0.0,0.088,0.0,0.08,0.048,0.0,0.0,0.0,0.0,0.0,0.256,0.016,0.0,0.0,0.0,0.0,0.0,0.0,0.0,0.0,0.0,0.016,0.0,0.0,0.032,0.0,0.1078049205559129,0.0,0.5714285714285714,0.07996531738576032,125.0,4.836281906951478,4.895809625351504,3.84329858324851,7.584
0.0,0.0,0.0,0.0,0.25,0.19230769230769232,0.0,0.019230769230769232,0.057692307692307696,0.0,0.5769230769230769,0.0,0.0,0.09615384615384616,0.0,0.0,0.07692307692307693,0.0,0.07692307692307693,0.0,0.0,0.057692307692307696,0.0,0.0,0.0,0.0,0.0,0.0,0.0,0.0,0.0,0.0,0.038461538461538464,0.0,0.0,0.038461538461538464,0.0,0.057692307692307696,0.0,0.0,0.0,0.0,0.019230769230769232,0.0,0.1346153846153846,0.019230769230769232,0.0,0.0,0.07692307692307693,0.0,0.0,0.019230769230769232,0.0,0.0,0.0,0.0,0.0,0.0,0.09615384615384616,0.0,0.09479393622250766,0.0,0.5,0.09756176629890165,52.0,3.970291913552122,4.820699789100721,3.464261749270055,6.365384615384615
0.0,0.0,0.0,0.0,0.38095238095238093,0.14285714285714285,0.0,0.0,0.5714285714285714,0.0,1.0,0.0,0.0,0.09523809523809523,0.0,0.0,0.42857142857142855,0.0,0.0,0.0,0.0,0.0,0.0,0.0,0.0,0.0,0.0,0.0,0.0,0.0,0.0,0.0,0.0,0.0,0.0,0.0,0.0,0.09523809523809523,0.047619047619047616,0.0,0.0,0.0,0.0,0.0,0.19047619047619047,0.0,0.0,0.0,0.0,0.0,0.0,0.0,0.0,0.0,0.0,0.0,0.0,0.0,0.0,0.0,0.21829573938928207,0.05,1.0,0.16472465253465313,21.0,3.091042453358316,3.2276786576252863,2.980663305624538,7.142857142857143
0.0,0.0,0.0,0.0,0.4666666666666667,0.0,0.0,0.0,0.7333333333333333,0.0,1.0,0.0,0.0,0.0,0.0,0.0,0.13333333333333333,0.0,0.0,0.0,0.0,0.0,0.0,0.0,0.0,0.0,0.0,0.0,0.0,0.0,0.0,0.0,0.0,0.0,0.0,0.0,0.0,0.06666666666666667,0.0,0.0,0.0,0.0,0.0,0.0,0.0,0.0,0.0,0.0,0.0,0.0,0.0,0.0,0.0,0.0,0.0,0.0,0.0,0.0,0.0,0.0,0.2524532159406109,0.047619047619047616,1.0,0.18474305402796828,15.0,2.772588722239781,1.4892980165576928,2.8565713714171403,6.2
0.0,0.0,0.0,0.0,0.1875,0.1875,0.0,0.03125,0.0625,0.0,0.34375,0.0,0.0,0.0625,0.0,0.0,0.125,0.0,0.03125,0.0,0.0,0.0625,0.0,0.0,0.0,0.0,0.0,0.0,0.0,0.0,0.0,0.0,0.03125,0.0,0.0,0.0625,0.0,0.0625,0.0,0.0,0.0,0.0,0.0,0.0,0.34375,0.03125,0.0,0.0,0.03125,0.0,0.0,0.0,0.0,0.0,0.0,0.0625,0.0,0.0,0.125,0.0,0.08858301183087343,0.0,0.7142857142857143,0.12646170548410965,32.0,3.4965075614664802,4.996029824416424,4.293891009329417,8.5
0.018518518518518517,0.0,0.0,0.0,0.3888888888888889,0.25925925925925924,0.0,0.0,0.037037037037037035,0.0,0.3333333333333333,0.0,0.0,0.09259259259259259,0.0,0.0,0.14814814814814814,0.0,0.05555555555555555,0.0,0.0,0.1111111111111111,0.0,0.0,0.0,0.0,0.0,0.0,0.0,0.0,0.0,0.0,0.0,0.0,0.0,0.05555555555555555,0.0,0.037037037037037035,0.037037037037037035,0.0,0.0,0.0,0.0,0.0,0.12962962962962962,0.0,0.0,0.0,0.0,0.0,0.0,0.0,0.0,0.0,0.0,0.0,0.0,0.0,0.037037037037037035,0.0,0.08630645151188197,0.0,0.75,0.15214705248895788,54.0,4.007333185232471,4.2977493602361125,3.5883900582122537,7.555555555555555
0.0,0.0,0.0,0.0,0.2,0.35,0.0,0.0,0.35,0.0,0.8,0.0,0.0,0.0,0.0,0.0,0.25,0.0,0.05,0.0,0.0,0.1,0.0,0.0,0.0,0.0,0.0,0.0,0.0,0.0,0.0,0.0,0.0,0.0,0.0,0.05,0.0,0.0,0.0,0.0,0.0,0.0,0.0,0.0,0.0,0.0,0.0,0.0,0.0,0.0,0.0,0.0,0.0,0.0,0.0,0.0,0.0,0.0,0.0,0.0,0.15139742058030425,0.0,1.0,0.16846468594960043,20.0,3.044522437723423,3.0465149348456655,3.84545185901475,6.25
0.0,0.0,0.0,0.0,0.5853658536585366,0.6341463414634146,0.0,0.0,0.07317073170731707,0.0,0.2926829268292683,0.0,0.0,0.12195121951219512,0.0,0.0,0.14634146341463414,0.0,0.04878048780487805,0.0,0.0,0.0,0.0,0.0,0.0,0.04878048780487805,0.0,0.04878048780487805,0.0,0.0,0.0,0.0,0.0,0.0,0.0,0.024390243902439025,0.04878048780487805,0.2682926829268293,0.04878048780487805,0.0,0.0,0.0,0.0,0.0,0.024390243902439025,0.0975609756097561,0.0,0.0,0.024390243902439025,0.0,0.0,0.0,0.0,0.0,0.0,0.0,0.0,0.0,0.21951219512195122,0.0,0.1655873471382457,0.0,0.8571428571428571,0.2198884772385877,41.0,3.7376696182833684,5.211607756714516,4.144475907433083,8.512195121951219
0.0,0.0,0.0,0.0,0.3939393939393939,0.5454545454545454,0.0,0.0,0.09090909090909091,0.0,0.36363636363636365,0.0,0.0,0.18181818181818182,0.0,0.0,0.12121212121212122,0.0,0.06060606060606061,0.0,0.0,0.0,0.0,0.0,0.0,0.0,0.0,0.0,0.0,0.0,0.0,0.0,0.0,0.0,0.0,0.030303030303030304,0.0,0.2727272727272727,0.06060606060606061,0.0,0.0,0.0,0.0,0.0,0.15151515151515152,0.12121212121212122,0.0,0.0,0.030303030303030304,0.0,0.0,0.0,0.0,0.0,0.0,0.0,0.0,0.0,0.0,0.0,0.10468959092293091,0.0,0.8,0.17571769730692277,33.0,3.5263605246161616,4.756484399524806,4.214191773622417,8.242424242424242
0.015625,0.0,0.0,0.0,0.3125,0.3125,0.0,0.09375,0.046875,0.0,0.34375,0.0,0.0,0.109375,0.0,0.0,0.140625,0.078125,0.0625,0.0,0.0,0.0625,0.046875,0.0,0.0,0.0,0.046875,0.0,0.0,0.0,0.171875,0.015625,0.015625,0.015625,0.0,0.078125,0.0,0.03125,0.03125,0.0,0.015625,0.0,0.0,0.0,0.15625,0.0,0.0,0.0,0.078125,0.0,0.0,0.0,0.0,0.0,0.0,0.03125,0.0,0.0,0.0625,0.046875,0.045167702549767715,0.0,0.5,0.07349831296798566,64.0,4.174387269895637,6.878176499014466,6.821381824821127,10.25
0.03571428571428571,0.0,0.0,0.0,0.32142857142857145,0.5178571428571429,0.0,0.0,0.25,0.0,0.7857142857142857,0.0,0.0,0.03571428571428571,0.0,0.0,0.16071428571428573,0.0,0.017857142857142856,0.0,0.0,0.0,0.0,0.0,0.0,0.0,0.0,0.0,0.0,0.0,0.0,0.0,0.017857142857142856,0.0,0.0,0.017857142857142856,0.0,0.05357142857142857,0.017857142857142856,0.0,0.0,0.0,0.0,0.0,0.08928571428571429,0.0,0.0,0.0,0.0,0.0,0.0,0.0,0.0,0.0,0.0,0.0,0.0,0.0,0.0,0.0,0.13196752438349077,0.0,0.6666666666666666,0.1124057252258172,56.0,4.04305126783455,3.510789783292834,2.598014842615219,6.232142857142857
0.0,0.0,0.0,0.0,0.3829787234042553,0.14893617021276595,0.0,0.0,0.02127659574468085,0.0,0.2978723404255319,0.0,0.0,0.2765957446808511,0.0,0.0,0.10638297872340426,0.0,0.0425531914893617,0.0,0.0,0.0851063829787234,0.0,0.0,0.0,0.0,0.0,0.0,0.0,0.0,0.0,0.0,0.0,0.0,0.0,0.06382978723404255,0.0,0.1702127659574468,0.02127659574468085,0.0,0.0,0.0,0.0,0.0,0.02127659574468085,0.10638297872340426,0.0,0.0,0.0,0.0,0.0,0.02127659574468085,0.0,0.0,0.0,0.0,0.0,0.0,0.0,0.0,0.10508405349679412,0.0,0.6,0.1211205627079671,47.0,3.871201010907891,4.317827372621305,3.890767472565944,7.425531914893617
0.09090909090909091,0.0,0.0,0.0,0.45454545454545453,0.0,0.0,0.0,0.0,0.0,0.18181818181818182,0.0,0.0,0.0,0.0,0.0,0.0,0.0,0.0,0.0,0.0,0.0,0.0,0.0,0.0,0.0,0.0,0.0,0.0,0.0,0.18181818181818182,0.0,0.0,0.0,0.0,0.18181818181818182,0.0,0.0,0.0,0.0,0.0,0.0,0.0,0.0,0.0,0.0,0.0,0.0,0.0,0.0,0.0,0.0,0.0,0.0,0.0,0.0,0.0,0.0,0.0,0.0,0.1384292979747525,0.0,0.8,0.23262421589190097,11.0,2.4849066497880004,2.173048995382796,2.606412943060264,5.454545454545454
0.0,0.0,0.0,0.0,0.0,0.4,0.0,0.0,0.0,0.0,0.0,0.0,0.0,0.0,0.0,0.0,0.0,0.0,0.0,0.0,0.0,0.0,0.0,0.0,0.0,0.0,0.0,0.0,0.0,0.0,0.0,0.0,0.0,0.0,0.0,0.0,0.0,0.0,0.0,0.0,0.0,0.0,0.0,0.0,0.0,0.0,0.0,0.0,0.0,0.0,0.0,0.0,0.0,0.0,0.0,0.0,0.0,0.0,0.0,0.0,0.1161111111111111,0.0,0.8,0.23500000000000001,5.0,1.791759469228055,0.5287712379549449,2.9664793948382653,4.0
0.0,0.0,0.0,0.0,0.5625,0.375,0.0,0.0,0.4375,0.0,0.75,0.0,0.0,0.0625,0.0,0.0,0.125,0.0,0.0625,0.0,0.0,0.0,0.125,0.0,0.0,0.0,0.0,0.0,0.0,0.0,0.0,0.0,0.0,0.0,0.0,0.125,0.0,0.0625,0.0,0.0,0.0,0.0,0.0,0.0,0.125,0.0,0.0,0.0,0.0,0.0,0.0,0.0,0.0,0.0,0.0,0.0,0.0,0.0,0.0625,0.0,0.11334776053615993,0.0,0.625,0.11396074381992674,16.0,2.833213344056216,4.330616594977197,3.44544536308443,8.4375
0.0,0.0,0.0,0.0,0.19718309859154928,0.16901408450704225,0.0,0.028169014084507043,0.028169014084507043,0.0,0.3380281690140845,0.0,0.0,0.056338028169014086,0.0,0.0,0.056338028169014086,0.6619718309859155,0.08450704225352113,0.0,0.0,0.056338028169014086,0.04225352112676056,0.0,0.0,0.0,0.014084507042253521,0.0,0.0,0.0,0.0,0.0,0.0,0.0,0.0,0.11267605633802817,0.0,0.028169014084507043,0.04225352112676056,0.0,0.0,0.0,0.0,0.0,0.08450704225352113,0.0,0.0,0.0,0.0,0.0,0.0,0.0,0.0,0.0,0.0,0.0,0.0,0.0,0.014084507042253521,0.0,0.11184684420531392,0.0,0.6,0.13055502663832771,71.0,4.276666119016055,4.471228424120728,4.6746985980639995,6.323943661971831
0.0,0.0,0.0,0.0,0.6666666666666666,0.0,0.0,0.0,0.5,0.0,1.0,0.0,0.0,0.0,0.0,0.0,0.0,0.0,0.0,0.0,0.0,0.0,0.0,0.0,0.0,0.0,0.0,0.0,0.0,0.0,0.0,0.0,0.0,0.0,0.0,0.0,0.0,0.0,0.0,0.0,0.0,0.0,0.0,0.0,0.0,0.0,0.0,0.0,0.0,0.0,0.0,0.0,0.0,0.0,0.0,0.0,0.0,0.0,0.0,0.0,0.21982498982498985,0.05,0.6666666666666666,0.20308754962389247,6.0,1.9459101490553132,0.8899750004807708,2.516611478423583,7.0
0.0,0.0,0.0,0.0,0.4411764705882353,0.6764705882352942,0.0,0.0,0.22549019607843138,0.0,0.4411764705882353,0.0,0.0,0.12745098039215685,0.0,0.1568627450980392,0.09803921568627451,0.0,0.09803921568627451,0.0,0.0,0.029411764705882353,0.0,0.0,0.0,0.43137254901960786,0.0,0.4117647058823529,0.0,0.0,0.0,0.0,0.0,0.0,0.0,0.09803921568627451,0.4411764705882353,0.06862745098039216,0.029411764705882353,0.0,0.0,0.0,0.0,0.0,0.13725490196078433,0.0,0.0,0.0,0.0,0.0,0.0,0.0,0.0,0.0,0.0,0.029411764705882353,0.0,0.0,0.0,0.0,0.17057329712915786,0.0,1.0,0.1632591244878535,102.0,4.634728988229636,6.369703028746334,4.497265177771966,7.990196078431373
0.03314917127071823,0.0,0.0,0.0,0.19889502762430938,0.18232044198895028,0.0,0.0055248618784530384,0.07734806629834254,0.0,0.3756906077348066,0.0,0.011049723756906077,0.027624309392265192,0.0,0.0,0.06077348066298342,0.2596685082872928,0.06629834254143646,0.0,0.0,0.03314917127071823,0.0,0.027624309392265192,0.0,0.0,0.0,0.0,0.0,0.0,0.0,0.0,0.0055248618784530384,0.12154696132596685,0.0,0.0718232044198895,0.0,0.0055248618784530384,0.055248618784530384,0.0,0.0,0.0,0.0,0.0,0.06077348066298342,0.0,0.0,0.0,0.0,0.0,0.0,0.011049723756906077,0.0,0.0,0.0,0.0,0.0,0.0,0.0055248618784530384,0.0,0.0684432498718213,0.0,0.5,0.09998491840633204,181.0,5.204006687076795,4.777656871437475,3.4759241616453376,5.45303867403315
0.057692307692307696,0.0,0.0,0.0,0.019230769230769232,0.0,0.0,0.0,0.0,0.0,0.17307692307692307,0.0,0.0,0.0,0.0,0.0,0.057692307692307696,0.0,0.057692307692307696,0.0,0.0,0.5192307692307693,0.0,0.0,0.0,0.0,0.0,0.0,0.0,0.0,0.0,0.0,0.019230769230769232,0.21153846153846154,0.0,0.038461538461538464,0.0,0.0,0.057692307692307696,0.0,0.0,0.0,0.0,0.0,0.07692307692307693,0.0,0.0,0.0,0.0,0.0,0.0,0.0,0.0,0.0,0.0,0.0,0.0,0.0,0.0,0.23076923076923078,0.08659685474811524,0.0,0.5,0.10646889801720932,52.0,3.970291913552122,3.5255885065275736,2.8753697987024105,6.038461538461538
0.0,0.0,0.0,0.0,0.05555555555555555,0.16666666666666666,0.0,0.0,0.0,0.0,0.3888888888888889,0.0,0.0,0.0,0.0,0.0,0.05555555555555555,0.2222222222222222,0.3333333333333333,0.0,0.0,0.05555555555555555,0.0,0.0,0.0,0.0,0.0,0.0,0.0,0.0,0.0,0.0,0.0,0.0,0.0,0.0,0.0,0.0,0.1111111111111111,0.0,0.0,0.0,0.0,0.0,0.0,0.0,0.0,0.0,0.0,0.05555555555555555,0.0,0.0,0.0,0.0,0.0,0.0,0.0,0.0,0.0,0.0,0.0896659028801886,0.0,0.6666666666666666,0.12214038668922077,18.0,2.9444389791664403,3.2501057264781377,2.328699101681632,5.277777777777778
0.07894736842105263,0.0,0.0,0.0,0.02631578947368421,0.0,0.0,0.0,0.0,0.0,0.21052631578947367,0.0,0.0,0.0,0.0,0.0,0.05263157894736842,0.0,0.10526315789473684,0.0,0.0,0.42105263157894735,0.0,0.0,0.0,0.0,0.0,0.0,0.0,0.0,0.0,0.0,0.02631578947368421,0.23684210526315788,0.0,0.05263157894736842,0.0,0.0,0.10526315789473684,0.0,0.0,0.0,0.0,0.0,0.13157894736842105,0.0,0.0,0.0,0.0,0.02631578947368421,0.0,0.0,0.0,0.0,0.0,0.0,0.0,0.0,0.0,0.10526315789473684,0.05928838860616834,0.0,0.5,0.08619643985628647,38.0,3.6635616461296463,4.052152574132474,2.8793851298084068,6.842105263157895
0.0,0.0,0.0,0.0,0.0,0.07692307692307693,0.0,0.0,0.0,0.0,0.0,0.0,0.0,0.0,0.0,0.0,0.07692307692307693,0.0,0.15384615384615385,0.0,0.0,0.0,0.0,0.0,0.0,0.0,0.0,0.0,0.0,0.0,0.0,0.0,0.0,0.46153846153846156,0.0,0.0,0.0,0.0,0.0,0.0,0.0,0.0,0.0,0.0,0.15384615384615385,0.0,0.0,0.0,0.0,0.0,0.0,0.0,0.0,0.0,0.0,0.0,0.0,0.0,0.0,0.0,0.14908169877805505,0.0,1.0,0.2145682819023981,13.0,2.6390573296152584,1.9150385856435514,2.9772311508251734,5.461538461538462
0.024193548387096774,0.0,0.0,0.0,0.3870967741935484,0.3467741935483871,0.0,0.016129032258064516,0.04032258064516129,0.0,0.20161290322580644,0.0,0.0,0.03225806451612903,0.0,0.0,0.07258064516129033,0.008064516129032258,0.056451612903225805,0.008064516129032258,0.0,0.016129032258064516,0.0,0.04032258064516129,0.0,0.0,0.0,0.0,0.0,0.0,0.0,0.0,0.0,0.08870967741935484,0.0,0.04032258064516129,0.0,0.0,0.06451612903225806,0.0,0.0,0.0,0.0,0.0,0.12096774193548387,0.0,0.0,0.0,0.0,0.008064516129032258,0.0,0.016129032258064516,0.0,0.0,0.0,0.0,0.0,0.0,0.024193548387096774,0.0,0.05904321226302651,0.0,0.6,0.08755749845515318,124.0,4.8283137373023015,4.404505324290659,3.5146119840664034,7.048387096774194
0.125,0.0,0.0,0.0,0.0,0.0,0.0,0.0,0.0,0.0,0.375,0.0,0.0,0.0,0.0,0.0,0.0,0.0,0.25,0.0,0.0,0.0,0.0,0.0,0.0,0.0,0.0,0.0,0.0,0.0,0.0,0.0,0.0,0.0,0.0,0.0,0.0,0.0,0.25,0.0,0.0,0.0,0.0,0.0,0.0,0.0,0.0,0.0,0.0,0.125,0.0,0.0,0.0,0.0,0.0,0.0,0.0,0.0,0.0,0.0,0.1701781353567068,0.0,0.6666666666666666,0.18781095317078786,8.0,2.1972245773362196,2.2806390622295662,2.6427968139832467,5.625
0.0,0.0,0.0,0.0,0.0,0.1,0.0,0.0,0.0,0.0,0.8,0.0,0.0,0.0,0.0,0.0,0.0,0.0,0.0,0.0,0.0,0.0,0.0,0.0,0.0,0.0,0.0,0.0,0.0,0.0,0.0,0.0,0.0,0.2,0.0,0.0,0.0,0.0,0.0,0.0,0.0,0.0,0.0,0.0,0.0,0.0,0.0,0.0,0.0,0.0,0.0,0.0,0.0,0.0,0.0,0.0,0.0,0.0,0.0,0.0,0.4631040564373897,0.1111111111111111,1.0,0.23277310832239648,10.0,2.3978952727983707,1.0541209043760986,1.004987562112089,4.7
0.06666666666666667,0.0,0.0,0.0,0.26666666666666666,0.6,0.0,0.0,0.0,0.0,0.3,0.0,0.0,0.03333333333333333,0.0,0.0,0.13333333333333333,0.0,0.0,0.03333333333333333,0.0,0.03333333333333333,0.0,0.0,0.0,0.0,0.0,0.0,0.0,0.0,0.0,0.0,0.0,0.0,0.0,0.1,0.0,0.03333333333333333,0.1,0.0,0.0,0.0,0.0,0.0,0.2,0.0,0.0,0.0,0.03333333333333333,0.0,0.0,0.0,0.0,0.0,0.0,0.0,0.0,0.0,0.0,0.0,0.07807361384431959,0.0,0.7777777777777778,0.12795777378452516,30.0,3.4339872044851463,4.066404316589925,3.6649996210398466,7.366666666666666
0.0,0.0,0.0,0.0,1.0,0.6,0.0,0.0,0.0,0.0,0.6,0.0,0.0,0.0,0.0,0.0,0.0,0.0,0.0,0.0,0.0,0.0,0.0,0.0,0.0,0.0,0.0,0.0,0.0,0.0,0.0,0.0,0.0,0.0,0.0,0.0,0.0,0.0,0.0,0.0,0.0,0.0,0.0,0.0,0.4,0.0,0.0,0.0,0.0,0.0,0.0,0.0,0.0,0.0,0.0,0.0,0.0,0.0,0.2,0.0,0.41757936507936516,0.2222222222222222,0.75,0.1470394246575663,5.0,1.791759469228055,1.8775155699318646,1.6733200530681511,5.0
0.014084507042253521,0.0,0.0,0.0,0.09859154929577464,0.16901408450704225,0.0,0.0,0.028169014084507043,0.0,0.39436619718309857,0.0,0.0,0.0,0.0,0.0,0.11267605633802817,0.014084507042253521,0.056338028169014086,0.0,0.0,0.1267605633802817,0.0,0.0,0.0,0.0,0.0,0.0,0.0,0.0,0.0,0.0,0.0,0.08450704225352113,0.0,0.04225352112676056,0.0,0.0,0.028169014084507043,0.0,0.0,0.0,0.028169014084507043,0.0,0.09859154929577464,0.0,0.0,0.0,0.0,0.0,0.014084507042253521,0.014084507042253521,0.0,0.0,0.0,0.0,0.0,0.0,0.014084507042253521,0.028169014084507043,0.08774556259768651,0.0,0.6666666666666666,0.11988803135727964,71.0,4.276666119016055,4.095817272357883,3.268698214618527,6.859154929577465
0.024096385542168676,0.0,0.0,0.0,0.14457831325301204,0.43373493975903615,0.0,0.0,0.04819277108433735,0.0,0.14457831325301204,0.0,0.0,0.012048192771084338,0.012048192771084338,0.0,0.012048192771084338,0.0,0.024096385542168676,0.0,0.0,0.07228915662650602,0.0,0.024096385542168676,0.0,0.0,0.0,0.0,0.0,0.0,0.0,0.0,0.0,0.0,0.0,0.04819277108433735,0.0,0.024096385542168676,0.012048192771084338,0.0,0.0,0.0,0.0,0.0,0.10843373493975904,0.012048192771084338,0.0,0.0,0.0,0.0,0.0,0.0,0.0,0.0,0.0,0.0,0.0,0.0,0.0,0.0,0.037455415268346504,0.0,0.5714285714285714,0.07488365343833243,83.0,4.430816798843313,3.2747986183465785,4.853014441080517,7.879518072289157
0.034482758620689655,0.0,0.0,0.0,0.0,0.034482758620689655,0.0,0.0,0.0,0.0,0.13793103448275862,0.0,0.0,0.0,0.0,0.0,0.034482758620689655,0.0,0.06896551724137931,0.0,0.0,0.5517241379310345,0.0,0.0,0.0,0.0,0.0,0.0,0.0,0.0,0.0,0.0,0.0,0.10344827586206896,0.0,0.0,0.0,0.0,0.0,0.0,0.0,0.0,0.0,0.0,0.0,0.0,0.0,0.0,0.0,0.0,0.0,0.0,0.0,0.0,0.0,0.0,0.0,0.0,0.0,0.20689655172413793,0.08380416657727582,0.0,1.0,0.14856282062185902,29.0,3.4011973816621555,2.4450583216498982,2.4961325614970837,5.103448275862069
0.0,0.0,0.0,0.0,0.13131313131313133,0.25252525252525254,0.0,0.010101010101010102,0.010101010101010102,0.0,0.1919191919191919,0.0,0.0,0.0,0.0,0.0,0.06060606060606061,0.0,0.020202020202020204,0.0,0.0,0.1111111111111111,0.010101010101010102,0.0,0.0,0.0,0.0,0.0,0.0,0.0,0.0,0.0,0.0,0.0,0.0,0.04040404040404041,0.0,0.0,0.0,0.0,0.0,0.0,0.010101010101010102,0.0,0.12121212121212122,0.010101010101010102,0.0,0.0,0.0,0.0,0.010101010101010102,0.010101010101010102,0.0,0.0,0.0,0.0,0.0,0.0,0.0,0.04040404040404041,0.04580315837001158,0.0,0.3333333333333333,0.05754806722047158,99.0,4.605170185988092,3.265938537520993,3.162793855590646,6.343434343434343
0.0,0.0,0.0,0.0,0.15384615384615385,0.038461538461538464,0.0,0.038461538461538464,0.0,0.0,0.11538461538461539,0.0,0.0,0.0,0.0,0.0,0.0,0.0,0.038461538461538464,0.0,0.0,0.11538461538461539,0.0,0.0,0.0,0.0,0.0,0.0,0.0,0.0,0.0,0.0,0.0,0.0,0.0,0.11538461538461539,0.0,0.0,0.0,0.0,0.0,0.0,0.038461538461538464,0.0,0.3076923076923077,0.038461538461538464,0.0,0.0,0.0,0.0,0.0,0.0,0.0,0.0,0.0,0.0,0.0,0.0,0.0,0.0,0.12554003271928088,0.0,0.75,0.13658194561537684,26.0,3.295836866004329,2.9210296217376155,4.457060086580011,7.5
0.0,0.0,0.0,0.0,0.36363636363636365,0.7272727272727273,0.0,0.0,0.18181818181818182,0.0,0.8181818181818182,0.0,0.0,0.18181818181818182,0.0,0.0,0.36363636363636365,0.0,0.2727272727272727,0.0,0.0,0.0,0.09090909090909091,0.0,0.0,0.0,0.0,0.0,0.0,0.0,0.0,0.0,0.0,0.09090909090909091,0.0,0.18181818181818182,0.0,0.18181818181818182,0.09090909090909091,0.0,0.0,0.0,0.0,0.0,0.2727272727272727,0.0,0.0,0.0,0.0,0.0,0.0,0.0,0.0,0.0,0.0,0.18181818181818182,0.0,0.0,0.09090909090909091,0.0,0.14794639586177977,0.0,0.5263157894736842,0.11624577723040365,11.0,2.4849066497880004,6.1486657110336935,5.0892854553739655,10.090909090909092
0.0,0.0,0.0,0.0,0.08333333333333333,0.25,0.0,0.0,0.0,0.0,0.16666666666666666,0.0,0.0,0.0,0.0,0.0,0.0,0.0,0.0,0.0,0.0,0.0,0.0,0.0,0.0,0.0,0.0,0.0,0.0,0.0,0.0,0.0,0.0,0.0,0.0,0.08333333333333333,0.0,0.0,0.0,0.0,0.0,0.0,0.0,0.0,0.08333333333333333,0.0,0.0,0.0,0.0,0.0,0.0,0.0,0.0,0.0,0.0,0.0,0.0,0.0,0.0,0.0,0.069276430640067,0.0,1.0,0.18346767770741598,12.0,2.5649493574615367,1.827067708633815,2.5967394084804805,3.9166666666666665
0.0,0.0,0.0,0.0,0.1111111111111111,0.3333333333333333,0.0,0.0,0.1111111111111111,0.0,0.4444444444444444,0.0,0.0,0.0,0.0,0.0,0.1111111111111111,0.0,0.0,0.0,0.0,0.0,0.1111111111111111,0.0,0.0,0.0,0.0,0.0,0.0,0.0,0.0,0.0,0.0,0.0,0.0,0.0,0.0,0.0,0.0,0.0,0.0,0.0,0.0,0.0,0.2222222222222222,0.0,0.0,0.0,0.0,0.0,0.0,0.0,0.0,0.0,0.0,0.0,0.0,0.0,0.0,0.0,0.12405430532849408,0.0,0.6470588235294118,0.16380593045561104,9.0,2.302585092994046,2.939348612954066,5.472715713788778,10.222222222222221
0.023255813953488372,0.0,0.0,0.0,0.2558139534883721,0.3023255813953488,0.0,0.0,0.046511627906976744,0.0,0.4418604651162791,0.0,0.0,0.3953488372093023,0.0,0.0,0.023255813953488372,0.0,0.09302325581395349,0.0,0.0,0.046511627906976744,0.023255813953488372,0.0,0.0,0.0,0.0,0.0,0.0,0.0,0.023255813953488372,0.0,0.046511627906976744,0.0,0.0,0.06976744186046512,0.0,0.0,0.046511627906976744,0.0,0.0,0.0,0.023255813953488372,0.0,0.13953488372093023,0.0,0.0,0.0,0.09302325581395349,0.0,0.0,0.0,0.0,0.0,0.0,0.0,0.0,0.0,0.023255813953488372,0.0,0.055458847002089126,0.0,0.6,0.08553832845436561,43.0,3.784189633918261,4.957406394741213,4.9805462546926025,8.720930232558139
0.0,0.0,0.0,0.0,0.05714285714285714,0.05714285714285714,0.0,0.0,0.0,0.0,0.3142857142857143,0.0,0.0,0.0,0.0,0.0,0.02857142857142857,0.11428571428571428,0.2,0.0,0.0,0.34285714285714286,0.0,0.0,0.0,0.0,0.0,0.0,0.0,0.0,0.0,0.0,0.0,0.0,0.0,0.02857142857142857,0.0,0.0,0.08571428571428572,0.0,0.0,0.0,0.0,0.0,0.05714285714285714,0.0,0.0,0.0,0.0,0.02857142857142857,0.0,0.0,0.0,0.0,0.0,0.0,0.0,0.0,0.0,0.11428571428571428,0.05453696501978973,0.0,0.5,0.0951884921082922,35.0,3.58351893845611,3.6852708879147853,3.268401593989306,6.942857142857143
0.4,0.0,0.0,0.0,0.0,0.0,0.0,0.0,0.0,0.0,0.0,0.0,0.0,0.0,0.0,0.0,0.0,0.0,0.0,0.0,0.0,0.0,0.0,0.0,0.0,0.0,0.0,0.0,0.0,0.0,0.0,0.0,0.0,0.8,0.0,0.0,0.0,0.0,0.0,0.0,0.0,0.0,0.0,0.0,0.0,0.0,0.0,0.0,0.0,0.0,0.0,0.0,0.0,0.0,0.0,0.0,0.0,0.0,0.0,0.0,0.625,0.25,1.0,0.2940379794062892,5.0,1.791759469228055,0.7863137138648346,0.4898979485566356,2.4
0.18181818181818182,0.0,0.0,0.0,0.0,0.0,0.0,0.0,0.0,0.0,0.09090909090909091,0.0,0.0,0.0,0.0,0.0,0.0,0.0,0.18181818181818182,0.0,0.0,0.0,0.0,0.0,0.0,0.0,0.0,0.0,0.0,0.0,0.0,0.0,0.0,0.36363636363636365,0.0,0.0,0.0,0.0,0.2727272727272727,0.0,0.0,0.0,0.0,0.0,0.0,0.0,0.0,0.0,0.0,0.09090909090909091,0.0,0.0,0.0,0.0,0.0,0.0,0.0,0.0,0.0,0.0,0.1695702099445415,0.0,1.0,0.2812421117483407,11.0,2.4849066497880004,2.565247594556491,2.7663861917641706,4.7272727272727275
0.010416666666666666,0.0,0.0,0.0,0.5208333333333334,0.5208333333333334,0.0,0.020833333333333332,0.19791666666666666,0.0,0.5625,0.0,0.0,0.0625,0.0,0.0,0.1875,0.0,0.07291666666666667,0.0,0.0,0.052083333333333336,0.03125,0.14583333333333334,0.0,0.0,0.0,0.0,0.0,0.0,0.0,0.0,0.03125,0.0,0.0,0.052083333333333336,0.0,0.052083333333333336,0.020833333333333332,0.0,0.0,0.0,0.0,0.0,0.11458333333333333,0.0,0.0,0.0,0.020833333333333332,0.0,0.0,0.10416666666666667,0.0,0.0,0.0,0.0625,0.0,0.0,0.17708333333333334,0.0,0.1366745562938168,0.0,1.0,0.1444243068780918,96.0,4.574710978503383,6.0796636612375545,3.848348649276582,7.552083333333333
0.025,0.0,0.0,0.0,0.5375,0.475,0.0,0.1625,0.3375,0.0,0.6375,0.0,0.0,0.2375,0.0,0.0,0.225,0.0,0.15,0.0,0.0,0.0125,0.2375,0.0,0.0,0.0,0.0,0.0,0.0,0.0,0.0,0.0,0.0125,0.0,0.0,0.125,0.0,0.1375,0.0875,0.0,0.0,0.0,0.0125,0.0,0.225,0.0,0.0,0.0,0.0125,0.0,0.0,0.0,0.0,0.0,0.0,0.125,0.0,0.0,0.0625,0.0,0.09765018447938022,0.0,0.38461538461538464,0.07843178545492357,80.0,4.394449154672439,6.8748549203693585,5.292550779161216,9.8375
0.0,0.0,0.0,0.0,0.34146341463414637,0.07317073170731707,0.0,0.0,0.17073170731707318,0.0,0.4146341463414634,0.0,0.0,0.1951219512195122,0.0,0.0,0.12195121951219512,0.0,0.0,0.0,0.0,0.04878048780487805,0.0,0.0,0.0,0.0,0.0,0.0,0.0,0.0,0.0,0.0,0.024390243902439025,0.0,0.0,0.024390243902439025,0.0,0.14634146341463414,0.024390243902439025,0.0,0.0,0.0,0.0,0.0,0.04878048780487805,0.024390243902439025,0.0,0.0,0.024390243902439025,0.0,0.0,0.17073170731707318,0.0,0.0,0.0,0.07317073170731707,0.0,0.0,0.07317073170731707,0.0,0.0932832285700174,0.0,0.6,0.14747728336768587,41.0,3.7376696182833684,5.069326348160001,3.346000124808296,7.219512195121951
0.0,0.0,0.0,0.0,0.55,0.15,0.0,0.0,0.15,0.0,0.45,0.0,0.0,0.3,0.0,0.0,0.05,0.0,0.05,0.0,0.0,0.0,0.0,0.0,0.0,0.0,0.0,0.0,0.0,0.0,0.0,0.0,0.0,0.0,0.0,0.1,0.0,0.05,0.0,0.0,0.0,0.0,0.0,0.0,0.25,0.0,0.0,0.0,0.05,0.0,0.0,0.0,0.0,0.0,0.0,0.0,0.0,0.0,0.05,0.0,0.12140620143421264,0.0,0.8,0.15778134827432708,20.0,3.044522437723423,4.247628643698109,6.08769250208977,7.8
0.0,0.0,0.0,0.0,0.5714285714285714,0.0,0.0,0.0,0.7142857142857143,0.0,1.0,0.0,0.0,0.2857142857142857,0.0,0.0,0.5714285714285714,0.0,0.0,0.0,0.0,0.0,0.0,0.0,0.0,0.0,0.0,0.0,0.0,0.0,0.0,0.0,0.0,0.0,0.0,0.0,0.0,0.0,0.0,0.0,0.0,0.0,0.0,0.0,0.42857142857142855,0.0,0.0,0.0,0.0,0.0,0.0,0.0,0.0,0.0,0.0,0.0,0.0,0.0,0.0,0.0,0.23477160463007438,0.05555555555555555,0.7272727272727273,0.17750479909582573,7.0,2.0794415416798357,2.3096943743480844,1.905952009160905,8.714285714285714
0.0,0.0,0.0,0.0,0.6190476190476191,0.5,0.0,0.047619047619047616,0.16666666666666666,0.0,0.4523809523809524,0.0,0.0,0.023809523809523808,0.0,0.0,0.07142857142857142,0.0,0.023809523809523808,0.0,0.0,0.047619047619047616,0.16666666666666666,0.0,0.0,0.0,0.0,0.0,0.0,0.0,0.0,0.0,0.07142857142857142,0.0,0.0,0.11904761904761904,0.0,0.14285714285714285,0.09523809523809523,0.0,0.0,0.0,0.0,0.0,0.19047619047619047,0.0,0.0,0.0,0.023809523809523808,0.0,0.0,0.0,0.0,0.0,0.0,0.0,0.0,0.0,0.07142857142857142,0.0,0.12374104960349984,0.0,0.8,0.1327077351570716,42.0,3.7612001156935624,5.472333455027651,4.318656463623109,8.666666666666666
0.0,0.0,0.0,0.0,0.7,0.5571428571428572,0.0,0.05714285714285714,0.42857142857142855,0.0,0.7428571428571429,0.0,0.0,0.1,0.0,0.0,0.2571428571428571,0.0,0.14285714285714285,0.0,0.0,0.014285714285714285,0.24285714285714285,0.24285714285714285,0.0,0.0,0.0,0.0,0.0,0.0,0.0,0.0,0.04285714285714286,0.0,0.0,0.14285714285714285,0.0,0.17142857142857143,0.11428571428571428,0.0,0.0,0.0,0.0,0.0,0.24285714285714285,0.0,0.0,0.0,0.0,0.0,0.0,0.014285714285714285,0.0,0.0,0.0,0.05714285714285714,0.0,0.0,0.08571428571428572,0.0,0.11982218524746657,0.0,0.5,0.09530141472011433,70.0,4.2626798770413155,6.737953632318941,5.211760641049418,10.742857142857142
0.09523809523809523,0.0,0.0,0.0,0.2857142857142857,0.38095238095238093,0.0,0.0,0.23809523809523808,0.0,0.6666666666666666,0.0,0.0,0.0,0.0,0.0,0.3333333333333333,0.0,0.09523809523809523,0.0,0.0,0.0,0.0,0.0,0.0,0.0,0.0,0.0,0.0,0.0,0.0,0.0,0.0,0.0,0.0,0.0,0.0,0.09523809523809523,0.0,0.0,0.0,0.0,0.0,0.0,0.09523809523809523,0.0,0.0,0.0,0.0,0.0,0.0,0.0,0.0,0.0,0.0,0.0,0.0,0.0,0.09523809523809523,0.0,0.1207482514127804,0.0,0.8571428571428571,0.15321034662863262,21.0,3.091042453358316,4.0734286808078375,2.785612533754222,5.9523809523809526
0.0,0.0,0.0,0.0,0.05,0.1,0.0,0.0,0.15,0.0,0.6,0.0,0.0,0.0,0.0,0.0,0.0,0.0,0.1,0.0,0.0,0.0,0.0,0.0,0.0,0.0,0.0,0.0,0.0,0.0,0.0,0.0,0.0,0.0,0.0,0.0,0.0,0.0,0.0,0.0,0.0,0.0,0.0,0.0,0.05,0.0,0.0,0.0,0.0,0.0,0.0,0.0,0.0,0.0,0.0,0.0,0.0,0.0,0.0,0.0,0.11789871504157218,0.0,0.8,0.16971631238514145,20.0,3.044522437723423,1.9493026240908635,1.5960889699512368,4.95
0.0,0.0,0.0,0.0,0.4,0.6666666666666666,0.0,0.0,0.2,0.0,0.6,0.0,0.0,0.0,0.0,0.0,0.26666666666666666,0.0,0.0,0.0,0.0,0.13333333333333333,0.0,0.0,0.0,0.0,0.0,0.0,0.0,0.0,0.0,0.0,0.0,0.0,0.0,0.0,0.0,0.0,0.0,0.0,0.0,0.0,0.0,0.0,0.13333333333333333,0.0,0.0,0.0,0.0,0.0,0.0,0.0,0.0,0.0,0.0,0.0,0.0,0.0,0.0,0.0,0.11524798217086162,0.0,0.6666666666666666,0.13804222767039467,15.0,2.772588722239781,3.1089861982374556,3.3638602164114304,8.466666666666667
0.07692307692307693,0.0,0.0,0.0,0.4230769230769231,0.5,0.0,0.0,0.0,0.0,0.34615384615384615,0.0,0.0,0.038461538461538464,0.0,0.0,0.0,0.0,0.038461538461538464,0.0,0.0,0.0,0.0,0.0,0.0,0.0,0.0,0.0,0.0,0.0,0.0,0.0,0.0,0.0,0.0,0.0,0.0,0.0,0.0,0.0,0.0,0.0,0.0,0.0,0.19230769230769232,0.0,0.0,0.0,0.0,0.038461538461538464,0.0,0.0,0.0,0.0,0.0,0.0,0.0,0.0,0.0,0.0,0.07838548219353174,0.0,1.0,0.1372597186988434,26.0,3.295836866004329,2.8392491635309565,3.855373564966667,6.461538461538462
0.0,0.0,0.0,0.0,0.3235294117647059,0.4411764705882353,0.0,0.0,0.14705882352941177,0.0,0.5882352941176471,0.0,0.0,0.17647058823529413,0.0,0.0,0.17647058823529413,0.0,0.058823529411764705,0.0,0.0,0.08823529411764706,0.0,0.0,0.0,0.0,0.0,0.0,0.0,0.0,0.0,0.0,0.0,0.0,0.0,0.029411764705882353,0.0,0.058823529411764705,0.029411764705882353,0.0,0.0,0.0,0.0,0.0,0.11764705882352941,0.0,0.0,0.0,0.0,0.0,0.0,0.0,0.0,0.0,0.0,0.0,0.0,0.0,0.029411764705882353,0.0,0.09679366992192213,0.0,1.0,0.14895628077235243,34.0,3.5553480614894135,4.389849769239314,2.821843859636123,7.088235294117647
0.0,0.0,0.0,0.0,0.1875,0.125,0.0,0.0,0.25,0.0,0.6875,0.0,0.0,0.0625,0.0,0.0,0.25,0.0,0.0,0.0,0.0,0.0,0.0,0.0,0.0,0.0,0.0,0.0,0.0,0.0,0.0,0.0,0.0,0.0,0.0,0.0,0.0,0.125,0.125,0.0,0.0,0.0,0.0,0.0,0.125,0.0,0.0,0.0,0.0,0.0,0.0,0.4375,0.0,0.0,0.0,0.0,0.0,0.0,0.0625,0.0,0.1195596309517141,0.0,0.625,0.13162316118572942,16.0,2.833213344056216,4.34624251490144,3.2572035551988456,6.125
0.0,0.0,0.0,0.0,0.3888888888888889,0.05555555555555555,0.0,0.1111111111111111,0.19444444444444445,0.0,0.5,0.0,0.0,0.0,0.0,0.0,0.1111111111111111,0.0,0.027777777777777776,0.0,0.0,0.05555555555555555,0.08333333333333333,0.0,0.0,0.0,0.0,0.0,0.0,0.0,0.0,0.0,0.05555555555555555,0.0,0.0,0.0,0.0,0.08333333333333333,0.0,0.0,0.0,0.0,0.0,0.0,0.1111111111111111,0.0,0.0,0.0,0.027777777777777776,0.0,0.0,0.027777777777777776,0.0,0.0,0.0,0.1111111111111111,0.0,0.0,0.25,0.0,0.12647643824224983,0.0,0.5454545454545454,0.10770778041829085,36.0,3.6109179126442243,5.1214408807628775,3.0945741046045234,7.416666666666667
0.03125,0.0,0.0,0.0,0.3125,0.5,0.0,0.0,0.125,0.0,0.375,0.0,0.0,0.0,0.0,0.0,0.03125,0.0,0.0625,0.0,0.0,0.03125,0.0,0.0,0.0,0.0,0.0,0.0,0.0,0.0,0.0,0.0,0.0,0.0,0.0,0.0,0.0,0.0,0.03125,0.0,0.0,0.0,0.0,0.0,0.09375,0.0,0.0,0.0,0.0,0.0,0.0,0.0,0.0,0.0,0.0,0.0,0.0,0.0,0.0,0.0,0.11229966105381947,0.0,0.75,0.14928997847131764,32.0,3.4965075614664802,3.1251962981346573,3.136852522832401,5.6875
0.0,0.0,0.0,0.0,0.2631578947368421,0.24561403508771928,0.0,0.0,0.2807017543859649,0.0,0.8947368421052632,0.0,0.0,0.03508771929824561,0.0,0.0,0.17543859649122806,0.0,0.017543859649122806,0.0,0.0,0.0,0.08771929824561403,0.0,0.0,0.0,0.0,0.0,0.0,0.0,0.0,0.0,0.0,0.0,0.0,0.0,0.0,0.0,0.017543859649122806,0.0,0.0,0.0,0.0,0.0,0.3157894736842105,0.0,0.0,0.0,0.03508771929824561,0.0,0.0,0.0,0.0,0.0,0.0,0.0,0.0,0.0,0.0,0.0,0.08700972240803558,0.0,0.36363636363636365,0.06966382826095677,57.0,4.060443010546419,3.4798694768331146,3.953795936616176,7.7368421052631575
0.0,0.0,0.0,0.0,0.14754098360655737,0.14754098360655737,0.0,0.0,0.19672131147540983,0.0,0.5901639344262295,0.0,0.0,0.04918032786885246,0.0,0.0,0.14754098360655737,0.0,0.03278688524590164,0.0,0.0,0.21311475409836064,0.0,0.0,0.0,0.0,0.0,0.0,0.0,0.0,0.0,0.0,0.0,0.0,0.0,0.01639344262295082,0.0,0.0,0.0,0.0,0.0,0.0,0.0,0.0,0.14754098360655737,0.0,0.0,0.0,0.0,0.0,0.0,0.0,0.0,0.0,0.0,0.0,0.0,0.03278688524590164,0.01639344262295082,0.11475409836065574,0.06914921835089902,0.0,0.7777777777777778,0.1354023287792512,61.0,4.127134385045092,4.105034110486966,2.946079982194789,6.327868852459017
0.0,0.0,0.0,0.0,0.0,0.2,0.0,0.0,0.0,0.0,0.4,0.0,0.0,0.0,0.0,0.2,0.0,0.0,0.4,0.0,0.0,0.0,0.0,0.0,0.0,0.0,0.0,0.0,0.0,0.0,0.0,0.0,0.0,0.0,0.0,0.4,0.0,0.0,0.6,0.0,0.0,0.0,0.0,0.0,0.0,0.0,0.0,0.0,0.0,0.0,0.0,0.0,0.0,0.0,0.0,0.0,0.0,0.0,0.0,0.0,0.14214285714285715,0.0,0.3333333333333333,0.11916208782411951,5.0,1.791759469228055,2.9572643083195036,2.1354156504062622,6.2
0.14285714285714285,0.0,0.0,0.0,0.2857142857142857,0.2857142857142857,0.0,0.0,0.14285714285714285,0.0,0.7142857142857143,0.0,0.0,0.0,0.0,0.0,0.0,0.0,0.0,0.0,0.0,0.0,0.0,0.0,0.0,0.0,0.0,0.0,0.0,0.0,0.0,0.0,0.0,0.0,0.0,0.0,0.0,0.0,0.0,0.0,0.0,0.0,0.0,0.0,0.14285714285714285,0.0,0.0,0.0,0.0,0.0,0.0,0.0,0.0,0.0,0.0,0.0,0.0,0.0,0.0,0.0,0.21397507721037134,0.0,1.0,0.2511909690649713,7.0,2.0794415416798357,2.582659798607777,2.5475077857324298,7.714285714285714
0.0,0.0,0.0,0.0,0.0,0.56,0.0,0.0,0.04,0.0,0.36,0.0,0.0,0.0,0.0,0.0,0.04,0.0,0.0,0.0,0.0,0.12,0.0,0.0,0.0,0.0,0.04,0.0,0.0,0.0,0.04,0.0,0.0,0.0,0.0,0.0,0.0,0.0,0.0,0.0,0.0,0.0,0.0,0.0,0.12,0.0,0.0,0.0,0.0,0.0,0.0,0.0,0.0,0.0,0.0,0.0,0.0,0.0,0.0,0.0,0.18188800617372045,0.0,1.0,0.19685640348908956,25.0,3.258096538021482,2.4762074134580683,2.2887551201471945,5.96
0.0,0.0,0.0,0.0,0.0,0.0,0.0,0.0,0.0,0.0,0.3333333333333333,0.0,0.0,0.0,0.0,0.0,0.0,0.0,0.0,0.0,0.0,0.2222222222222222,0.0,0.0,0.0,0.0,0.2222222222222222,0.0,0.0,0.0,0.6666666666666666,0.0,0.0,0.0,0.0,0.0,0.0,0.0,0.0,0.0,0.0,0.0,0.0,0.0,0.1111111111111111,0.0,0.0,0.0,0.1111111111111111,0.0,0.0,0.0,0.0,0.0,0.0,0.0,0.0,0.0,0.0,0.0,0.23004973409707677,0.07692307692307693,0.7,0.1201974903291138,9.0,2.302585092994046,2.58713472390492,2.0548046676563256,8.333333333333334
0.0,0.0,0.0,0.0,0.125,0.03125,0.0,0.0,0.25,0.0,0.84375,0.0,0.0,0.03125,0.0,0.0,0.09375,0.03125,0.03125,0.0,0.0,0.03125,0.0,0.0,0.0,0.0,0.0,0.0,0.0,0.0,0.0625,0.0,0.0,0.0,0.0,0.03125,0.0,0.0,0.0,0.0,0.0,0.0,0.03125,0.0,0.15625,0.03125,0.0,0.0,0.03125,0.0,0.0,0.0,0.0,0.0,0.0,0.0,0.0,0.0,0.0,0.0,0.0990349879425275,0.0,0.6428571428571429,0.1110432005013216,32.0,3.4965075614664802,3.4766721707808146,4.095419506900361,7.90625
0.09375,0.0,0.0,0.0,0.09375,0.25,0.0,0.0,0.0,0.0,0.34375,0.0,0.0,0.0,0.0,0.0,0.09375,0.0,0.0,0.0,0.0,0.03125,0.0,0.0,0.0,0.0,0.0,0.0,0.0,0.0,0.0625,0.25,0.0,0.40625,0.0,0.03125,0.0,0.0,0.0,0.0,0.28125,0.0,0.0,0.0,0.0625,0.0,0.0,0.0,0.21875,0.1875,0.0,0.0,0.0,0.0,0.0,0.0,0.0,0.0,0.0,0.0,0.10245213780928066,0.0,0.8333333333333334,0.19808682674145703,32.0,3.4965075614664802,5.277665277529817,2.1007346185322886,6.34375
0.0,0.0,0.0,0.0,0.0,0.0,0.0,0.0,0.0,0.0,0.17391304347826086,0.0,0.0,0.043478260869565216,0.0,0.0,0.0,0.0,0.043478260869565216,0.0,0.0,0.391304347826087,0.0,0.0,0.0,0.0,0.0,0.0,0.0,0.0,0.0,0.0,0.0,0.0,0.0,0.08695652173913043,0.0,0.0,0.0,0.0,0.0,0.0,0.0,0.0,0.0,0.0,0.0,0.0,0.0,0.0,0.0,0.0,0.0,0.0,0.0,0.0,0.0,0.34782608695652173,0.0,0.08695652173913043,0.12850725993583137,0.0,1.0,0.19351047052757,23.0,3.1780538303479458,2.5046455565460235,1.4871853370858321,5.304347826086956
0.0,0.0,0.0,0.0,0.3953488372093023,0.46511627906976744,0.0,0.09302325581395349,0.18604651162790697,0.0,0.4418604651162791,0.0,0.0,0.0,0.0,0.0,0.16279069767441862,0.0,0.09302325581395349,0.0,0.0,0.0,0.16279069767441862,0.0,0.0,0.0,0.0,0.0,0.0,0.0,0.0,0.0,0.0,0.0,0.0,0.06976744186046512,0.0,0.11627906976744186,0.023255813953488372,0.0,0.0,0.0,0.0,0.0,0.20930232558139536,0.0,0.0,0.0,0.046511627906976744,0.0,0.0,0.0,0.0,0.0,0.0,0.0,0.0,0.0,0.06976744186046512,0.0,0.10175801515142514,0.0,1.0,0.14904459375643325,43.0,3.784189633918261,5.206397579245268,4.424109178435246,6.906976744186046
0.0,0.0,0.0,0.0,0.5,0.5,0.0,0.0,0.25,0.0,0.8,0.0,0.0,0.075,0.0,0.0,0.2,0.0,0.025,0.0,0.0,0.0,0.025,0.0,0.0,0.0,0.0,0.025,0.0,0.0,0.0,0.0,0.0,0.0,0.0,0.025,0.0,0.05,0.0,0.0,0.0,0.0,0.0,0.0,0.15,0.0,0.0,0.0,0.0,0.0,0.0,0.0,0.0,0.0,0.0,0.0,0.0,0.0,0.05,0.0,0.15141587730426465,0.0,0.75,0.13333804074886366,40.0,3.713572066704308,3.877130972552231,4.893618293246828,7.55
0.023076923076923078,0.0,0.0,0.0,0.13846153846153847,0.23846153846153847,0.0,0.0,0.0,0.0,0.09230769230769231,0.0,0.0,0.03076923076923077,0.0,0.46923076923076923,0.015384615384615385,0.0,0.05384615384615385,0.0,0.0,0.05384615384615385,0.007692307692307693,0.0,0.0,0.0,0.007692307692307693,0.0,0.0,0.0,0.023076923076923078,0.03076923076923077,0.0,0.05384615384615385,0.0,0.06923076923076923,0.0,0.0,0.47692307692307695,0.0,0.03076923076923077,0.0,0.0,0.0,0.1076923076923077,0.0,0.0,0.0,0.007692307692307693,0.007692307692307693,0.0,0.0,0.0,0.0,0.0,0.0,0.0,0.0,0.0,0.0,0.13385680845764877,0.0,1.0,0.20386566475977755,130.0,4.875197323201151,4.544205631553198,3.4490715670389056,5.492307692307692
0.12,0.0,0.0,0.0,0.24,0.56,0.0,0.0,0.0,0.0,0.2,0.0,0.0,0.04,0.0,0.0,0.0,0.0,0.04,0.0,0.0,0.16,0.0,0.0,0.0,0.0,0.08,0.0,0.0,0.0,0.04,0.0,0.0,0.0,0.0,0.04,0.0,0.0,0.04,0.0,0.0,0.0,0.0,0.0,0.28,0.16,0.0,0.0,0.04,0.0,0.0,0.0,0.0,0.0,0.0,0.0,0.0,0.0,0.0,0.0,0.1038202240049249,0.0,1.0,0.17343954976508624,25.0,3.258096538021482,4.560316373374961,4.489988864128729,6.8
0.2222222222222222,0.0,0.0,0.0,0.5555555555555556,0.4444444444444444,0.0,0.0,0.0,0.0,0.1111111111111111,0.0,0.0,0.1111111111111111,0.0,0.0,0.0,0.0,0.1111111111111111,0.0,0.0,0.2222222222222222,0.0,0.0,0.0,0.0,0.1111111111111111,0.0,0.0,0.0,0.1111111111111111,0.0,0.0,0.0,0.0,0.1111111111111111,0.0,0.0,0.1111111111111111,0.0,0.0,0.0,0.0,0.0,0.3333333333333333,0.0,0.0,0.0,0.0,0.0,0.0,0.0,0.0,0.0,0.0,0.0,0.0,0.0,0.0,0.0,0.1063669968991399,0.0,0.6,0.1369303796033925,9.0,2.302585092994046,4.9493052285081,4.825344611246326,8.777777777777779
0.0,0.0,0.0,0.0,0.5,0.4090909090909091,0.0,0.0,0.09090909090909091,0.0,0.2727272727272727,0.0,0.0,0.18181818181818182,0.0,0.0,0.18181818181818182,0.0,0.09090909090909091,0.0,0.0,0.0,0.0,0.0,0.0,0.0,0.0,0.0,0.0,0.0,0.0,0.0,0.0,0.0,0.0,0.045454545454545456,0.0,0.4090909090909091,0.09090909090909091,0.0,0.0,0.0,0.0,0.0,0.0,0.18181818181818182,0.0,0.0,0.0,0.0,0.0,0.0,0.0,0.0,0.0,0.0,0.0,0.0,0.0,0.0,0.11566188564983594,0.0,0.6875,0.14873826338850377,22.0,3.1354942159291497,4.553960662323419,4.094190603063672,9.318181818181818
0.15384615384615385,0.0,0.0,0.0,0.358974358974359,0.23076923076923078,0.0,0.0,0.07692307692307693,0.0,0.2564102564102564,0.0,0.0,0.3076923076923077,0.0,0.0,0.10256410256410256,0.0,0.05128205128205128,0.0,0.0,0.0,0.0,0.0,0.0,0.0,0.0,0.0,0.0,0.0,0.0,0.0,0.0,0.0,0.0,0.02564102564102564,0.0,0.23076923076923078,0.05128205128205128,0.0,0.0,0.0,0.0,0.0,0.0,0.10256410256410256,0.0,0.0,0.0,0.0,0.0,0.0,0.0,0.0,0.0,0.0,0.0,0.0,0.0,0.0,0.1001389017821243,0.0,0.6875,0.1392421416784658,39.0,3.6888794541139363,4.482704006019099,4.421125545018216,6.6923076923076925
0.0,0.0,0.0,0.0,0.2692307692307692,0.34615384615384615,0.0,0.0,0.19230769230769232,0.0,0.6538461538461539,0.0,0.0,0.0,0.0,0.0,0.15384615384615385,0.0,0.0,0.0,0.0,0.11538461538461539,0.0,0.0,0.0,0.0,0.2692307692307692,0.0,0.0,0.0,0.0,0.038461538461538464,0.0,0.038461538461538464,0.0,0.0,0.0,0.0,0.0,0.0,0.038461538461538464,0.0,0.0,0.0,0.07692307692307693,0.0,0.0,0.0,0.07692307692307693,0.0,0.0,0.0,0.0,0.0,0.0,0.0,0.0,0.0,0.0,0.0,0.15400020776587195,0.0,1.0,0.16144458792415567,26.0,3.295836866004329,4.293932814256966,3.8922240793694893,7.346153846153846
0.0,0.9159021406727829,0.9113149847094801,0.9097859327217125,0.03363914373088685,0.05657492354740061,0.0,0.0,0.02599388379204893,0.0,0.05198776758409786,0.0,0.0,0.0,0.0,0.0,0.00764525993883792,0.0,0.0,0.0,0.0,0.0030581039755351682,0.0015290519877675841,0.0,0.0,0.0,0.0,0.0,0.0015290519877675841,0.0,0.0,0.0,0.0,0.0,0.0,0.0061162079510703364,0.0,0.0,0.0015290519877675841,0.0,0.0,0.0,0.0,0.0,0.0015290519877675841,0.0015290519877675841,0.0,0.0,0.0,0.0,0.0,0.0,0.0,0.0,0.0,0.0,0.0,0.0,0.0,0.0,0.8666666666666667,0.0,1.0,0.339934634239519,654.0,6.484635235635252,1.3157380349169612,0.948860230380278,4.17125382262997
0.02857142857142857,0.0,0.0,0.0,0.15714285714285714,0.18571428571428572,0.0,0.014285714285714285,0.014285714285714285,0.0,0.3142857142857143,0.0,0.0,0.05714285714285714,0.0,0.0,0.02857142857142857,0.6714285714285714,0.07142857142857142,0.0,0.0,0.07142857142857142,0.014285714285714285,0.0,0.0,0.0,0.02857142857142857,0.0,0.0,0.0,0.04285714285714286,0.0,0.02857142857142857,0.0,0.0,0.12857142857142856,0.0,0.04285714285714286,0.08571428571428572,0.0,0.0,0.0,0.0,0.0,0.05714285714285714,0.0,0.0,0.0,0.0,0.0,0.0,0.0,0.0,0.0,0.0,0.0,0.0,0.0,0.0,0.0,0.0880293317588762,0.0,0.6666666666666666,0.13713662708760826,70.0,4.2626798770413155,4.719809709612971,3.6621617347447355,5.6
0.04,0.0,0.0,0.0,0.2,0.08,0.0,0.0,0.08,0.0,0.48,0.0,0.0,0.4,0.0,0.0,0.04,0.0,0.08,0.0,0.0,0.28,0.0,0.0,0.0,0.0,0.0,0.0,0.0,0.0,0.0,0.0,0.04,0.0,0.0,0.04,0.0,0.0,0.0,0.0,0.0,0.0,0.32,0.0,0.2,0.0,0.0,0.0,0.0,0.0,0.0,0.0,0.0,0.0,0.0,0.0,0.04,0.0,0.0,0.12,0.09015793684899312,0.0,0.75,0.1548952691772555,25.0,3.258096538021482,5.176429748531614,4.266333320311483,7.72
0.007326007326007326,0.0,0.0,0.0,0.5860805860805861,0.46153846153846156,0.0,0.047619047619047616,0.27106227106227104,0.0,0.5824175824175825,0.0,0.0,0.1282051282051282,0.0,0.0,0.1978021978021978,0.0,0.08058608058608059,0.0,0.0,0.02564102564102564,0.10622710622710622,0.17216117216117216,0.0,0.0,0.0,0.0,0.0,0.0,0.0,0.0,0.018315018315018316,0.0,0.0,0.07692307692307693,0.0,0.10256410256410256,0.05128205128205128,0.0,0.0,0.0,0.0,0.0,0.17582417582417584,0.003663003663003663,0.0,0.0,0.007326007326007326,0.0,0.0,0.029304029304029304,0.0,0.0,0.0,0.11355311355311355,0.0,0.0,0.11355311355311355,0.0,0.08564525441127752,0.0,0.42857142857142855,0.07125622354619145,273.0,5.6131281063880705,6.575341968418546,4.7555127569941975,8.593406593406593
0.0,0.0,0.0,0.0,0.44660194174757284,0.18446601941747573,0.0,0.02912621359223301,0.2815533980582524,0.0,0.6699029126213593,0.0,0.0,0.10679611650485436,0.0,0.0,0.17475728155339806,0.0,0.06796116504854369,0.0,0.0,0.06796116504854369,0.02912621359223301,0.0,0.0,0.0,0.06796116504854369,0.0,0.0,0.0,0.0,0.009708737864077669,0.02912621359223301,0.009708737864077669,0.0,0.038834951456310676,0.0,0.13592233009708737,0.038834951456310676,0.0,0.009708737864077669,0.0,0.0,0.0,0.13592233009708737,0.0,0.0,0.0,0.02912621359223301,0.0,0.0,0.009708737864077669,0.0,0.0,0.0,0.20388349514563106,0.0,0.0,0.1262135922330097,0.0,0.09189257354699734,0.0,0.5,0.09877696329751416,103.0,4.6443908991413725,6.291872109540795,3.5763226771414116,7.922330097087379
0.043478260869565216,0.0,0.0,0.0,0.14492753623188406,0.10144927536231885,0.0,0.0,0.17391304347826086,0.0,0.6086956521739131,0.0,0.0,0.2463768115942029,0.0,0.0,0.17391304347826086,0.0,0.043478260869565216,0.0,0.0,0.2463768115942029,0.0,0.0,0.0,0.0,0.0,0.0,0.0,0.0,0.0,0.0,0.028985507246376812,0.0,0.0,0.057971014492753624,0.0,0.043478260869565216,0.057971014492753624,0.0,0.0,0.0,0.2608695652173913,0.0,0.13043478260869565,0.0,0.0,0.0,0.0,0.0,0.0,0.3333333333333333,0.0,0.0,0.0,0.0,0.014492753623188406,0.0,0.0,0.043478260869565216,0.09719752060463173,0.0,1.0,0.14461068259699747,69.0,4.248495242049359,5.965351637262905,3.8533830884864098,6.811594202898551
0.008264462809917356,0.0,0.0,0.0,0.49173553719008267,0.5082644628099173,0.0,0.024793388429752067,0.3512396694214876,0.0,0.768595041322314,0.0,0.0,0.05785123966942149,0.0,0.0,0.17768595041322313,0.0,0.049586776859504134,0.0,0.0,0.028925619834710745,0.0743801652892562,0.17355371900826447,0.0,0.0,0.0,0.0,0.0,0.0,0.0,0.0,0.024793388429752067,0.0,0.0,0.09090909090909091,0.0,0.1115702479338843,0.05371900826446281,0.0,0.0,0.0,0.0,0.0,0.15289256198347106,0.0,0.0,0.0,0.0,0.0,0.0,0.008264462809917356,0.0,0.0,0.0,0.07024793388429752,0.0,0.0,0.04132231404958678,0.0,0.0875094641736185,0.0,0.3333333333333333,0.0679996868873301,242.0,5.493061443340548,5.728993538669372,4.335277952946973,7.946280991735537
0.023809523809523808,0.0,0.0,0.0,0.4880952380952381,0.5952380952380952,0.0,0.0,0.10714285714285714,0.0,0.38095238095238093,0.0,0.0,0.011904761904761904,0.0,0.0,0.09523809523809523,0.0,0.05952380952380952,0.0,0.0,0.011904761904761904,0.0,0.0,0.0,0.0,0.0,0.0,0.0,0.0,0.0,0.0,0.0,0.0,0.0,0.023809523809523808,0.0,0.047619047619047616,0.011904761904761904,0.0,0.0,0.0,0.0,0.0,0.08333333333333333,0.011904761904761904,0.0,0.0,0.023809523809523808,0.011904761904761904,0.0,0.0,0.0,0.0,0.0,0.0,0.0,0.0,0.03571428571428571,0.0,0.08329284288041473,0.0,0.625,0.09214252664839129,84.0,4.442651256490317,3.8368593184562765,2.978070834565828,6.488095238095238
0.02092050209205021,0.0,0.0,0.0,0.3263598326359833,0.4435146443514644,0.0,0.0041841004184100415,0.16317991631799164,0.0,0.5146443514644351,0.0,0.0,0.04184100418410042,0.0,0.0,0.15481171548117154,0.0,0.029288702928870293,0.0041841004184100415,0.0,0.02510460251046025,0.008368200836820083,0.0,0.0,0.0,0.0,0.0,0.0,0.0,0.0,0.0,0.012552301255230125,0.0,0.0,0.029288702928870293,0.0,0.03765690376569038,0.03765690376569038,0.0,0.0,0.0,0.008368200836820083,0.0,0.1297071129707113,0.008368200836820083,0.0,0.0,0.04184100418410042,0.0,0.0,0.029288702928870293,0.0,0.0,0.0,0.0,0.0,0.0,0.03765690376569038,0.0,0.09011821296530212,0.0,0.5,0.08244284976562023,239.0,5.480638923341991,4.700296258761078,3.450967293316002,6.945606694560669
0.0297029702970297,0.0,0.0,0.0,0.504950495049505,0.504950495049505,0.0,0.019801980198019802,0.04950495049504951,0.0,0.26732673267326734,0.0,0.0,0.039603960396039604,0.0,0.0,0.09900990099009901,0.0,0.0297029702970297,0.009900990099009901,0.0,0.019801980198019802,0.0,0.04950495049504951,0.0,0.0,0.0,0.0,0.0,0.0,0.0,0.0,0.0,0.0,0.0,0.07920792079207921,0.0,0.0,0.0297029702970297,0.0,0.0,0.0,0.0,0.0,0.1485148514851485,0.0,0.0,0.0,0.0,0.0,0.0,0.019801980198019802,0.0,0.0,0.0,0.0,0.0,0.0,0.0297029702970297,0.0,0.052131048919330354,0.0,0.75,0.0904845211050299,101.0,4.624972813284271,4.151687335213514,3.636670188752157,7.227722772277228
0.0,0.0,0.0,0.0,0.42857142857142855,0.5714285714285714,0.0,0.0,0.42857142857142855,0.0,1.0,0.0,0.0,0.047619047619047616,0.0,0.0,0.38095238095238093,0.0,0.047619047619047616,0.0,0.0,0.0,0.047619047619047616,0.0,0.0,0.0,0.0,0.0,0.0,0.0,0.0,0.0,0.0,0.0,0.0,0.0,0.0,0.09523809523809523,0.0,0.0,0.0,0.0,0.0,0.0,0.14285714285714285,0.0,0.0,0.0,0.0,0.0,0.0,0.0,0.0,0.0,0.0,0.0,0.0,0.0,0.047619047619047616,0.0,0.2192740231000839,0.041666666666666664,0.7142857142857143,0.1407983479646755,21.0,3.091042453358316,3.600277682562989,4.236757413244805,8.380952380952381
0.014705882352941176,0.0,0.0,0.0,0.11764705882352941,0.0,0.0,0.0,0.0,0.0,0.10294117647058823,0.0,0.0,0.029411764705882353,0.0,0.0,0.029411764705882353,0.0,0.058823529411764705,0.0,0.0,0.04411764705882353,0.029411764705882353,0.0,0.0,0.0,0.0,0.0,0.0,0.0,0.0,0.0,0.0,0.0,0.0,0.11764705882352941,0.0,0.0,0.0,0.0,0.0,0.0,0.0,0.0,0.14705882352941177,0.058823529411764705,0.0,0.9411764705882353,0.0,0.0,0.07352941176470588,0.0,0.0,0.0,0.0,0.0,0.0,0.0,0.0,0.014705882352941176,0.23210133020447013,0.0,1.0,0.1965694689789514,68.0,4.23410650459726,3.1374663295796164,7.371197923236726,7.75
0.061224489795918366,0.02040816326530612,0.0,0.0,0.1836734693877551,0.24489795918367346,0.0,0.0,0.0,0.02040816326530612,0.02040816326530612,0.030612244897959183,0.01020408163265306,0.0,0.02040816326530612,0.0,0.05102040816326531,0.0,0.02040816326530612,0.01020408163265306,0.0,0.0,0.16326530612244897,0.0,0.0,0.0,0.0,0.0,0.0,0.0,0.0,0.0,0.336734693877551,0.0,0.030612244897959183,0.08163265306122448,0.0,0.0,0.02040816326530612,0.0,0.0,0.0,0.0,0.0,0.20408163265306123,0.0,0.0,0.0,0.0,0.0,0.0,0.0,0.0,0.0,0.0,0.0,0.0,0.0,0.0,0.0,0.11494769302831656,0.0,0.7647058823529411,0.1019482937967611,98.0,4.59511985013459,4.2609792679014795,3.6112070456470113,7.285714285714286
0.059322033898305086,0.21468926553672316,0.0,0.0,0.2909604519774011,0.5,0.748587570621469,0.3954802259887006,0.0903954802259887,0.3898305084745763,0.2966101694915254,0.2824858757062147,0.0,0.014124293785310734,0.0,0.0,0.1271186440677966,0.0,0.11299435028248588,0.005649717514124294,0.0,0.04519774011299435,0.5988700564971752,0.0,0.0,0.0,0.0,0.0,0.16101694915254236,0.0,0.0,0.0,0.17796610169491525,0.0,0.0,0.20903954802259886,0.0,0.002824858757062147,0.09322033898305085,0.0,0.0,0.0,0.0,0.0,0.0847457627118644,0.0,0.0,0.0,0.0,0.0,0.0,0.0,0.0,0.0,0.0,0.0,0.0,0.0,0.00847457627118644,0.0,0.19277564949833856,0.0,0.5454545454545454,0.1332724780369333,354.0,5.872117789475416,8.007247103981028,3.38276688722943,6.980225988700565
0.0380952380952381,0.047619047619047616,0.0,0.0380952380952381,0.18095238095238095,0.45714285714285713,0.0,0.0,0.0,0.0,0.06666666666666667,0.0,0.0,0.0,0.009523809523809525,0.0,0.05714285714285714,0.0,0.02857142857142857,0.009523809523809525,0.0,0.05714285714285714,0.24761904761904763,0.0,0.0,0.0,0.0,0.0,0.0,0.0,0.0,0.0,0.2,0.0,0.0380952380952381,0.13333333333333333,0.0,0.0,0.0380952380952381,0.0,0.0,0.0,0.0,0.0,0.580952380952381,0.01904761904761905,0.02857142857142857,0.0,0.0,0.0,0.0,0.0,0.0,0.0,0.0,0.0,0.0,0.0,0.0,0.0,0.12485511372176564,0.0,0.75,0.1330077398470201,105.0,4.663439094112067,4.9580701041921325,3.427248421989825,8.333333333333334
0.008403361344537815,0.025210084033613446,0.0,0.0,0.29411764705882354,0.5210084033613446,0.0,0.01680672268907563,0.008403361344537815,0.0,0.05042016806722689,0.0,0.0,0.01680672268907563,0.0,0.0,0.01680672268907563,0.0,0.01680672268907563,0.0,0.0,0.008403361344537815,0.31932773109243695,0.0,0.0,0.0,0.0,0.0,0.0,0.0,0.0,0.0,0.14285714285714285,0.0,0.05042016806722689,0.04201680672268908,0.0,0.0,0.025210084033613446,0.0,0.0,0.0,0.0,0.0,0.5798319327731093,0.0,0.025210084033613446,0.0,0.0,0.0,0.0,0.0,0.0,0.0,0.0,0.0,0.0,0.0,0.0,0.0,0.16378083847124092,0.0,0.8571428571428571,0.14754415847116828,119.0,4.787491742782046,3.9906533762773324,3.6183277548926025,7.378151260504202
0.043859649122807015,0.008771929824561403,0.0,0.0,0.2807017543859649,0.3157894736842105,0.0,0.03508771929824561,0.07894736842105263,0.0,0.21052631578947367,0.0,0.0,0.017543859649122806,0.02631578947368421,0.0,0.03508771929824561,0.0,0.05263157894736842,0.0,0.0,0.02631578947368421,0.19298245614035087,0.08771929824561403,0.0,0.0,0.0,0.0,0.0,0.0,0.0,0.0,0.09649122807017543,0.0,0.06140350877192982,0.017543859649122806,0.0,0.02631578947368421,0.017543859649122806,0.0,0.0,0.0,0.0,0.0,0.3157894736842105,0.0,0.03508771929824561,0.0,0.0,0.0,0.017543859649122806,0.0,0.0,0.0,0.0,0.0,0.0,0.0,0.008771929824561403,0.0,0.04207268607214764,0.0,0.75,0.08389317691941517,114.0,4.74493212836325,5.539585099175692,4.085309130594743,8.68421052631579
0.0,0.0,0.0,0.0,0.0,0.041666666666666664,0.0,0.0,0.0,0.0,0.041666666666666664,0.0,0.0,0.0,0.0,0.0,0.0,0.0,0.020833333333333332,0.0,0.0,0.0,0.0,0.0,0.0,0.0,0.0,0.0,0.0,0.0,0.0,0.0,0.0625,0.0,0.0,0.0625,0.0,0.0,0.0,0.0,0.0,0.0,0.0,0.14583333333333334,0.25,0.0,0.0,0.0,0.0,0.0,0.0,0.0,0.0,0.0,0.0,0.0,0.0,0.0,0.041666666666666664,0.0,0.22676115512249967,0.0,1.0,0.15879287747318085,48.0,3.8918202981106265,2.09454146991027,2.946278254943948,6.666666666666667
0.01818181818181818,0.0,0.0,0.0,0.0,0.10909090909090909,0.0,0.0,0.0,0.0,0.01818181818181818,0.0,0.0,0.0,0.01818181818181818,0.0,0.0,0.0,0.0,0.01818181818181818,0.0,0.0,0.0,0.0,0.0,0.0,0.0,0.0,0.0,0.0,0.0,0.0,0.0,0.0,0.0,0.03636363636363636,0.0,0.0,0.0,0.0,0.0,0.0,0.0,0.45454545454545453,0.34545454545454546,0.0,0.0,0.0,0.0,0.0,0.0,0.0,0.0,0.0,0.0,0.0,0.0,0.0,0.0,0.0,0.2148636323216155,0.058823529411764705,1.0,0.15041920714389517,55.0,4.02535169073515,1.9898062082410501,2.2596715917317143,6.1454545454545455
0.0,0.0,0.0,0.0,0.023255813953488372,0.11627906976744186,0.0,0.0,0.0,0.0,0.06976744186046512,0.0,0.023255813953488372,0.0,0.023255813953488372,0.0,0.023255813953488372,0.0,0.0,0.0,0.0,0.0,0.023255813953488372,0.0,0.0,0.0,0.0,0.0,0.0,0.0,0.0,0.0,0.06976744186046512,0.0,0.0,0.023255813953488372,0.0,0.0,0.0,0.0,0.0,0.0,0.0,0.0,0.3953488372093023,0.0,0.0,0.0,0.0,0.0,0.0,0.0,0.0,0.0,0.0,0.0,0.0,0.0,0.023255813953488372,0.0,0.10509931886107299,0.0,1.0,0.15917344119197202,43.0,3.784189633918261,2.309604247315207,3.9481496100615137,8.604651162790697
0.03292181069958848,0.0,0.0,0.0,0.13168724279835392,0.1646090534979424,0.0,0.00823045267489712,0.00823045267489712,0.0,0.0411522633744856,0.0,0.00411522633744856,0.0,0.00411522633744856,0.0,0.04938271604938271,0.0,0.02880658436213992,0.00411522633744856,0.0,0.00823045267489712,0.2757201646090535,0.0,0.0,0.0,0.0,0.0,0.0,0.0,0.0,0.0,0.17695473251028807,0.0,0.39094650205761317,0.037037037037037035,0.0,0.00823045267489712,0.03292181069958848,0.0,0.0,0.0,0.0,0.0,0.3045267489711934,0.0,0.1934156378600823,0.0,0.0,0.0,0.0,0.0,0.0,0.0,0.14814814814814814,0.0,0.0,0.0,0.0,0.0,0.11037864931274925,0.0,1.0,0.14777328740265036,243.0,5.497168225293202,5.064232538836475,4.776935872200731,6.872427983539095
0.01639344262295082,0.0,0.0,0.0,0.5573770491803278,0.29508196721311475,0.0,0.11475409836065574,0.0,0.0,0.19672131147540983,0.0,0.0,0.01639344262295082,0.0,0.0,0.11475409836065574,0.0,0.11475409836065574,0.0,0.8688524590163934,0.03278688524590164,0.0,0.0,0.0,0.0,0.0,0.0,0.0,0.0,0.0,0.0,0.01639344262295082,0.0,0.0,0.11475409836065574,0.0,0.0,0.04918032786885246,0.0,0.0,0.0,0.0,0.0,0.19672131147540983,0.03278688524590164,0.0,0.0,0.0,0.0,0.0,0.0,0.7377049180327869,0.0,0.0,0.0,0.0,0.0,0.0,0.0,0.18390371337414574,0.0,0.6666666666666666,0.1296360776170917,61.0,4.127134385045092,4.67493164214901,4.543439000007428,9.524590163934427
0.0,0.0,0.0,0.0,0.1935483870967742,0.22580645161290322,0.0,0.0,0.04838709677419355,0.0,0.3709677419354839,0.0,0.0,0.016129032258064516,0.0,0.0,0.0967741935483871,0.0,0.04838709677419355,0.0,0.0,0.24193548387096775,0.03225806451612903,0.0,0.0,0.0,0.0,0.0,0.0,0.0,0.0,0.0,0.016129032258064516,0.0,0.0,0.06451612903225806,0.0,0.0,0.06451612903225806,0.0,0.0,0.0,0.0,0.0,0.20967741935483872,0.0,0.0,0.0,0.0,0.0,0.0,0.0,0.0,0.0,0.0,0.0,0.0,0.0,0.0,0.12903225806451613,0.053156986899110956,0.0,0.875,0.12097420460055287,62.0,4.143134726391533,4.434102074948095,4.081792520069959,6.983870967741935
0.03125,0.0,0.0,0.0,0.09375,0.15625,0.0,0.0,0.0,0.0,0.015625,0.0,0.015625,0.0,0.203125,0.0,0.078125,0.0,0.03125,0.0,0.0,0.0,0.03125,0.0,0.0,0.0,0.0,0.0,0.0,0.0,0.0,0.0,0.15625,0.0,0.0,0.046875,0.0,0.0,0.03125,0.0,0.0,0.0,0.0,0.0,0.609375,0.015625,0.0,0.0,0.0,0.0,0.0,0.0,0.0,0.0,0.0,0.0,0.0,0.0,0.0625,0.0,0.15190796610632964,0.047619047619047616,1.0,0.14829477536376734,64.0,4.174387269895637,3.7101676914041195,4.681845547898286,9.046875
0.0,0.0,0.0,0.0,0.18840579710144928,0.4782608695652174,0.0,0.0,0.0,0.0,0.0,0.0,0.07246376811594203,0.0,0.08695652173913043,0.0,0.014492753623188406,0.0,0.014492753623188406,0.028985507246376812,0.014492753623188406,0.0,0.0,0.0,0.0,0.0,0.0,0.0,0.0,0.028985507246376812,0.0,0.0,0.028985507246376812,0.028985507246376812,0.0,0.043478260869565216,0.0,0.0,0.0,0.0,0.0,0.0,0.0,0.0,0.6376811594202898,0.014492753623188406,0.0,0.0,0.0,0.0,0.0,0.0,0.0,0.0,0.0,0.0,0.0,0.0,0.057971014492753624,0.0,0.18838902148072306,0.041666666666666664,1.0,0.2014445908690649,69.0,4.248495242049359,3.3385930193876643,4.261165325434678,8.043478260869565
0.0,0.0,0.0,0.0,0.10256410256410256,0.358974358974359,0.0,0.0,0.0,0.0,0.02564102564102564,0.0,0.0,0.02564102564102564,0.0,0.0,0.10256410256410256,0.0,0.0,0.0,0.0,0.02564102564102564,0.1794871794871795,0.0,0.0,0.0,0.0,0.0,0.0,0.0,0.0,0.0,0.02564102564102564,0.0,0.0,0.1282051282051282,0.0,0.0,0.02564102564102564,0.0,0.0,0.0,0.0,0.0,0.5641025641025641,0.0,0.0,0.0,0.0,0.0,0.0,0.0,0.0,0.0,0.0,0.0,0.0,0.0,0.0,0.0,0.12555342400749395,0.0,1.0,0.16882708829280038,39.0,3.6888794541139363,3.1727678436648743,4.193699290716955,8.282051282051283
0.0,0.0,0.0,0.0,0.08333333333333333,0.5833333333333334,0.0,0.0,0.0,0.0,0.0,0.0,0.0,0.08333333333333333,0.0,0.0,0.0,0.0,0.0,0.0,0.0,0.0,0.0,0.0,0.0,0.0,0.0,0.0,0.0,0.0,0.0,0.0,0.0,0.0,0.0,0.16666666666666666,0.0,0.0,0.0,0.0,0.0,0.0,0.0,0.0,0.6666666666666666,0.0,0.0,0.0,0.0,0.0,0.0,0.0,0.0,0.0,0.0,0.0,0.0,0.0,0.0,0.0,0.13459362983720333,0.0,0.8461538461538461,0.18776344231591985,12.0,2.5649493574615367,1.8719002549415613,4.687453703475078,9.166666666666666
0.0,0.0,0.0,0.0,0.02,0.08,0.0,0.0,0.0,0.0,0.06,0.0,0.02,0.0,0.02,0.0,0.02,0.0,0.0,0.0,0.0,0.0,0.0,0.0,0.0,0.0,0.0,0.0,0.0,0.0,0.0,0.0,0.14,0.0,0.0,0.0,0.0,0.0,0.0,0.0,0.0,0.0,0.0,0.0,0.26,0.0,0.0,0.0,0.0,0.0,0.0,0.0,0.0,0.0,0.0,0.0,0.0,0.0,0.04,0.0,0.13716274235749076,0.0,1.0,0.1426816744954755,50.0,3.9318256327243257,2.0747033194033,3.8651778743028116,6.98
0.023529411764705882,0.0,0.0,0.0,0.08235294117647059,0.15294117647058825,0.0,0.0,0.0,0.0,0.058823529411764705,0.0,0.011764705882352941,0.0,0.023529411764705882,0.0,0.03529411764705882,0.0,0.011764705882352941,0.0,0.0,0.0,0.0,0.0,0.0,0.0,0.0,0.0,0.0,0.0,0.0,0.0,0.047058823529411764,0.0,0.0,0.023529411764705882,0.0,0.0,0.0,0.0,0.0,0.0,0.0,0.15294117647058825,0.4117647058823529,0.011764705882352941,0.0,0.0,0.0,0.0,0.0,0.0,0.08235294117647059,0.0,0.0,0.0,0.0,0.0,0.03529411764705882,0.0,0.1020043611708035,0.0,0.6666666666666666,0.11519577984001046,85.0,4.454347296253507,3.3455409414743538,3.5492774253662582,8.270588235294118
0.0,0.0,0.0,0.0,0.03125,0.03125,0.0,0.0,0.0,0.0,0.0,0.0,0.0,0.0,0.0,0.0,0.0,0.0,0.0,0.0,0.0,0.0,0.03125,0.0,0.0,0.0,0.0,0.0,0.0,0.0,0.0,0.0,0.09375,0.0,0.0,0.0,0.0,0.0,0.0,0.0,0.0,0.0,0.0,0.0,0.34375,0.0,0.0,0.0,0.0,0.0,0.0,0.0,0.0,0.0,0.0,0.0,0.0,0.0,0.0,0.0,0.12410757268827959,0.0,0.9090909090909091,0.13938611329741096,32.0,3.4965075614664802,1.3184801466508205,2.9605148939838153,7.28125
0.0,0.0,0.0,0.0,0.0,0.13333333333333333,0.0,0.0,0.0,0.0,0.1,0.0,0.0,0.0,0.05,0.0,0.016666666666666666,0.0,0.0,0.0,0.03333333333333333,0.0,0.03333333333333333,0.0,0.0,0.0,0.0,0.0,0.0,0.0,0.0,0.0,0.016666666666666666,0.0,0.0,0.03333333333333333,0.0,0.0,0.0,0.0,0.0,0.0,0.0,0.0,0.3333333333333333,0.0,0.0,0.0,0.0,0.0,0.0,0.0,0.0,0.0,0.0,0.0,0.0,0.0,0.0,0.0,0.10165815188400423,0.0,0.6,0.10161792216967291,60.0,4.110873864173311,2.151780873302428,4.303067381402352,8.683333333333334
0.0,0.0,0.0,0.0,0.0,0.125,0.0,0.0,0.0,0.0,0.0,0.0,0.0,0.0,0.0,0.0,0.0,0.0,0.0,0.0,0.0,0.0,0.0,0.0,0.0,0.0,0.0,0.0,0.0,0.0,0.0,0.0,0.0,0.0,0.0,0.125,0.0,0.0,0.0,0.0,0.0,0.0,0.0,0.0,0.875,0.0,0.0,0.0,0.0,0.0,0.0,0.0,0.0,0.0,0.0,0.0,0.0,0.0,0.0,0.0,0.1852311955263828,0.05263157894736842,0.8181818181818182,0.14280521608742583,8.0,2.1972245773362196,0.9185644431995964,3.3330729064933458,10.125
0.0,0.0,0.0,0.0,0.043478260869565216,0.08695652173913043,0.0,0.0,0.0,0.0,0.06521739130434782,0.0,0.0,0.0,0.06521739130434782,0.0,0.0,0.0,0.0,0.0,0.0,0.0,0.021739130434782608,0.0,0.0,0.0,0.0,0.0,0.0,0.0,0.0,0.0,0.0,0.0,0.0,0.06521739130434782,0.0,0.0,0.0,0.0,0.0,0.0,0.0,0.0,0.15217391304347827,0.0,0.0,0.0,0.0,0.0,0.0,0.0,0.0,0.0,0.0,0.0,0.0,0.0,0.0,0.0,0.11118666129300396,0.034482758620689655,0.8181818181818182,0.10398725590758229,46.0,3.8501476017100584,1.807082131052558,3.9654104644070243,9.282608695652174
0.0,0.0,0.0,0.0,0.18493150684931506,0.4520547945205479,0.0,0.03424657534246575,0.0273972602739726,0.0,0.10273972602739725,0.0,0.0958904109589041,0.03424657534246575,0.0684931506849315,0.0,0.06164383561643835,0.0,0.04794520547945205,0.06164383561643835,0.0,0.0547945205479452,0.0273972602739726,0.0,0.0,0.0,0.0,0.0,0.0,0.0,0.00684931506849315,0.0,0.0,0.0,0.0,0.0136986301369863,0.0,0.0273972602739726,0.02054794520547945,0.00684931506849315,0.0,0.0,0.0,0.0,0.7328767123287672,0.02054794520547945,0.0,0.0,0.00684931506849315,0.0,0.0,0.0,0.0,0.0,0.0,0.0,0.0,0.0,0.0136986301369863,0.0136986301369863,0.09423063997508958,0.0,0.6,0.09664339562679826,146.0,4.990432586778736,4.5509729279969715,6.89449482724259,11.013698630136986
0.02531645569620253,0.0,0.0,0.0,0.20253164556962025,0.46835443037974683,0.0,0.0,0.02531645569620253,0.0,0.13924050632911392,0.0,0.0,0.02531645569620253,0.012658227848101266,0.0,0.0759493670886076,0.0,0.02531645569620253,0.0,0.0,0.08860759493670886,0.0,0.0,0.0,0.0,0.0,0.0,0.0,0.0,0.0,0.0,0.0,0.0,0.0,0.0379746835443038,0.0,0.0,0.0,0.0,0.0,0.0,0.0,0.0,0.17721518987341772,0.0,0.0,0.0,0.0,0.0,0.0,0.0,0.0,0.0,0.0,0.0,0.0,0.0,0.0,0.0379746835443038,0.07423490418750307,0.0,1.0,0.14428080787585723,79.0,4.382026634673881,3.3851042228054173,4.530902987032958,8.050632911392405
0.009237875288683603,0.0,0.0,0.0,0.09237875288683603,0.36027713625866054,0.0,0.009237875288683603,0.006928406466512702,0.0,0.08775981524249422,0.0,0.2956120092378753,0.006928406466512702,0.2702078521939954,0.0,0.03002309468822171,0.0,0.023094688221709007,0.22401847575057737,0.0,0.016166281755196306,0.013856812933025405,0.0,0.0023094688221709007,0.0,0.0,0.0,0.0,0.0,0.025404157043879907,0.0,0.0023094688221709007,0.0,0.0,0.04157043879907621,0.0,0.006928406466512702,0.009237875288683603,0.09930715935334873,0.0,0.09699769053117784,0.0,0.0,0.558891454965358,0.18937644341801385,0.0,0.0,0.0,0.0,0.0,0.0,0.0,0.0,0.0,0.0,0.0,0.0,0.0023094688221709007,0.013856812933025405,0.10007720946950413,0.0,0.8333333333333334,0.12947222434148759,433.0,6.073044534100405,5.517717696257117,6.107768322684468,9.117782909930716
0.0,0.0,0.0,0.0,0.0,0.125,0.0,0.0,0.0,0.0,0.0,0.0,0.0,0.0,0.0,0.0,0.0,0.0,0.0,0.0,0.0,0.125,0.0,0.0,0.0,0.0,0.0,0.0,0.0,0.0,0.0,0.0,0.0,0.0,0.0,0.0,0.0,0.0,0.0,0.0,0.0,0.0,0.0,0.0,0.125,0.0,0.0,0.0,0.0,0.0,0.0,0.0,0.0,0.0,0.0,0.0,0.0,0.0,0.0,0.0,0.259608843537415,0.0,1.0,0.3661601060354415,8.0,2.1972245773362196,1.125,5.998697775350913,7.375
0.0,0.0,0.0,0.0,0.0,0.1111111111111111,0.0,0.0,0.0,0.0,0.0,0.0,0.0,0.0,0.0,0.0,0.0,0.0,0.3333333333333333,0.0,0.0,0.1111111111111111,0.0,0.0,0.0,0.0,0.0,0.0,0.0,0.0,0.0,0.0,0.0,0.0,0.0,0.0,0.0,0.0,0.0,0.0,0.0,0.0,0.0,0.0,0.1111111111111111,0.0,0.0,0.0,0.0,0.0,0.0,0.0,0.0,0.0,0.0,0.0,0.0,0.0,0.0,0.0,0.5182480893592004,0.0,1.0,0.2990797189760617,9.0,2.302585092994046,1.584962500721156,5.637178175095921,6.333333333333333
0.0,0.006134969325153374,0.0,0.0,0.13496932515337423,0.3558282208588957,0.08588957055214724,0.08588957055214724,0.0,0.006134969325153374,0.012269938650306749,0.018404907975460124,0.0,0.006134969325153374,0.0,0.0,0.012269938650306749,0.0,0.03067484662576687,0.0,0.0,0.03680981595092025,0.07975460122699386,0.0,0.0,0.0,0.0,0.0,0.0,0.0,0.0,0.0,0.03680981595092025,0.0,0.012269938650306749,0.024539877300613498,0.0,0.0,0.018404907975460124,0.0,0.0,0.0,0.0,0.0,0.4723926380368098,0.024539877300613498,0.006134969325153374,0.0,0.0,0.0,0.0,0.0,0.11042944785276074,0.0,0.0,0.0,0.0,0.0,0.006134969325153374,0.0,0.18041919720491148,0.0,0.6666666666666666,0.1281033304188471,163.0,5.099866427824199,4.120549921250703,3.6306165857196406,7.533742331288344
0.07692307692307693,0.0,0.0,0.0,0.38461538461538464,0.46153846153846156,0.0,0.0,0.0,0.0,0.38461538461538464,0.0,0.0,0.0,0.0,0.0,0.07692307692307693,0.0,0.0,0.0,0.0,0.07692307692307693,0.0,0.0,0.0,0.0,0.0,0.0,0.0,0.0,0.0,0.0,0.0,0.0,0.0,0.0,0.0,0.0,0.0,0.0,0.0,0.0,0.0,0.0,0.15384615384615385,0.0,0.0,0.0,0.0,0.0,0.0,0.0,0.0,0.0,0.0,0.0,0.0,0.0,0.07692307692307693,0.0,0.1133423200730893,0.0,1.0,0.1625753850358762,13.0,2.6390573296152584,3.129278295838729,1.7027648939368196,6.153846153846154
0.01818181818181818,0.0,0.0,0.0,0.07272727272727272,0.03636363636363636,0.0,0.0,0.0,0.0,0.0,0.0,0.0,0.0,0.0,0.0,0.03636363636363636,0.0,0.10909090909090909,0.0,0.0,0.18181818181818182,0.0,0.0,0.0,0.0,0.0,0.0,0.0,0.0,0.0,0.0,0.0,0.0,0.0,0.12727272727272726,0.0,0.0,0.0,0.0,0.0,0.0,0.0,0.0,0.38181818181818183,0.0,0.0,0.0,0.0,0.0,0.0,0.0,0.0,0.0,0.0,0.0,0.0,0.0,0.0,0.14545454545454545,0.17391367137287012,0.0,0.6470588235294118,0.15312952489924242,55.0,4.02535169073515,2.837158840709936,5.996527921008791,10.527272727272727
0.0,0.0,0.0,0.0,0.21951219512195122,0.6097560975609756,0.0,0.0,0.0,0.0,0.1951219512195122,0.0,0.0,0.04878048780487805,0.0,0.0,0.0,0.0,0.0,0.024390243902439025,0.0,0.0,0.0,0.0,0.0,0.0,0.0,0.0,0.0,0.0,0.0,0.0,0.024390243902439025,0.0,0.0,0.024390243902439025,0.0,0.0,0.0,0.0,0.0,0.0,0.0,0.0,0.6097560975609756,0.024390243902439025,0.0,0.0,0.0,0.0,0.0,0.0,0.0,0.0,0.0,0.0,0.0,0.0,0.0,0.0,0.10441889710167673,0.0,0.8888888888888888,0.12218571889578592,41.0,3.7376696182833684,2.5458332154976357,5.32311136222585,11.609756097560975
0.04484304932735426,0.0,0.0,0.0,0.22869955156950672,0.34977578475336324,0.0,0.013452914798206279,0.026905829596412557,0.0,0.2645739910313901,0.0,0.0,0.0,0.004484304932735426,0.0,0.09417040358744394,0.0,0.12556053811659193,0.0,0.0,0.3273542600896861,0.04484304932735426,0.0,0.0,0.0,0.0,0.0,0.0,0.0,0.0,0.0,0.04484304932735426,0.004484304932735426,0.0,0.08071748878923767,0.0,0.0,0.09417040358744394,0.0,0.0,0.0,0.0,0.0,0.36771300448430494,0.008968609865470852,0.0,0.0,0.0,0.0,0.0,0.0,0.09417040358744394,0.0,0.0,0.0,0.0,0.0,0.013452914798206279,0.1210762331838565,0.07603537080689401,0.0,0.4,0.08397395578871687,223.0,5.4116460518550396,5.624327551411483,5.0629927626626205,8.376681614349776
0.05699481865284974,0.0,0.0,0.0,0.18134715025906736,0.15025906735751296,0.0,0.0051813471502590676,0.0,0.0,0.14507772020725387,0.0,0.0,0.0,0.0,0.0,0.04145077720207254,0.0,0.23834196891191708,0.0051813471502590676,0.0,0.02072538860103627,0.0051813471502590676,0.0,0.0,0.0,0.0,0.0,0.0,0.0,0.0,0.0,0.0,0.0,0.0,0.09844559585492228,0.0,0.0,0.015544041450777202,0.0,0.0,0.0,0.0,0.0,0.19170984455958548,0.0051813471502590676,0.0,0.0,0.0,0.0051813471502590676,0.046632124352331605,0.0,0.0,0.0,0.0,0.0,0.0,0.0,0.0051813471502590676,0.0051813471502590676,0.05227121889527905,0.0,0.625,0.08788546670391394,193.0,5.267858159063328,3.657644357219711,4.491238812753467,7.259067357512953
0.01282051282051282,0.0,0.0,0.0,0.2564102564102564,0.4358974358974359,0.0,0.019230769230769232,0.01282051282051282,0.0,0.11538461538461539,0.0,0.0,0.00641025641025641,0.0,0.0,0.07051282051282051,0.0,0.10897435897435898,0.0,0.0,0.019230769230769232,0.057692307692307696,0.0,0.0,0.0,0.0,0.0,0.0,0.0,0.0,0.0,0.00641025641025641,0.0,0.0,0.11538461538461539,0.0,0.00641025641025641,0.03205128205128205,0.0,0.0,0.0,0.00641025641025641,0.0,0.4423076923076923,0.019230769230769232,0.0,0.0,0.0,0.0,0.0,0.0,0.0,0.0,0.0,0.0,0.0,0.0,0.0,0.0,0.09349923938953916,0.0,0.42857142857142855,0.08664932964600587,156.0,5.056245805348308,3.9567633003860445,4.633334042824857,9.179487179487179
0.04597701149425287,0.0,0.0,0.0,0.28735632183908044,0.3563218390804598,0.0,0.011494252873563218,0.034482758620689655,0.0,0.2413793103448276,0.0,0.0,0.022988505747126436,0.0,0.0,0.06896551724137931,0.0,0.3448275862068966,0.0,0.0,0.12643678160919541,0.13793103448275862,0.0,0.0,0.0,0.0,0.0,0.0,0.0,0.0,0.0,0.06896551724137931,0.0,0.0,0.16091954022988506,0.0,0.0,0.13793103448275862,0.0,0.0,0.0,0.0,0.0,0.3448275862068966,0.0,0.0,0.0,0.0,0.0,0.0,0.0,0.0,0.0,0.0,0.0,0.0,0.0,0.0,0.11494252873563218,0.07331259576945347,0.0,0.8,0.12537468044268435,87.0,4.477336814478207,5.653374194517022,5.717902711220449,11.172413793103448
0.044444444444444446,0.0,0.0,0.0,0.32222222222222224,0.23333333333333334,0.0,0.044444444444444446,0.08888888888888889,0.0,0.4444444444444444,0.0,0.0,0.45555555555555555,0.0,0.0,0.08888888888888889,0.0,0.08888888888888889,0.0,0.0,0.15555555555555556,0.044444444444444446,0.0,0.0,0.0,0.0,0.0,0.0,0.0,0.0,0.0,0.011111111111111112,0.0,0.0,0.06666666666666667,0.0,0.06666666666666667,0.022222222222222223,0.0,0.0,0.0,0.12222222222222222,0.0,0.26666666666666666,0.011111111111111112,0.0,0.011111111111111112,0.022222222222222223,0.0,0.011111111111111112,0.08888888888888889,0.0,0.0,0.0,0.03333333333333333,0.0,0.0,0.0,0.011111111111111112,0.08665011890585778,0.0,0.7142857142857143,0.10411432144410858,90.0,4.51085950651685,6.479471588065866,4.742830847125422,8.5
0.05660377358490566,0.0,0.0,0.0,0.1509433962264151,0.2641509433962264,0.0,0.0,0.018867924528301886,0.0,0.1509433962264151,0.0,0.0,0.0,0.018867924528301886,0.0,0.03773584905660377,0.0,0.1320754716981132,0.0,0.0,0.22641509433962265,0.0,0.0,0.0,0.0,0.0,0.0,0.0,0.0,0.0,0.0,0.07547169811320754,0.0,0.0,0.03773584905660377,0.0,0.0,0.0,0.0,0.0,0.0,0.0,0.0,0.4716981132075472,0.018867924528301886,0.0,0.0,0.03773584905660377,0.0,0.0,0.0,0.0,0.0,0.0,0.0,0.0,0.0,0.0,0.05660377358490566,0.06782337226562085,0.0,0.7142857142857143,0.09538611384311557,53.0,3.9889840465642745,4.322951304789036,6.299457220059116,11.471698113207546
0.0,0.0,0.0,0.0,0.4,0.5428571428571428,0.0,0.0,0.0,0.0,0.17142857142857143,0.0,0.0,0.05714285714285714,0.0,0.0,0.02857142857142857,0.11428571428571428,0.05714285714285714,0.0,0.0,0.08571428571428572,0.0,0.0,0.0,0.0,0.0,0.0,0.0,0.0,0.0,0.0,0.08571428571428572,0.0,0.02857142857142857,0.0,0.0,0.0,0.05714285714285714,0.0,0.0,0.0,0.0,0.0,0.6,0.0,0.0,0.0,0.0,0.0,0.0,0.0,0.0,0.0,0.0,0.0,0.0,0.0,0.0,0.05714285714285714,0.2265649161721696,0.0,0.8571428571428571,0.1840140761264882,35.0,3.58351893845611,4.087738108695854,3.2167926731514447,7.371428571428571
0.02,0.0,0.0,0.0,0.2,0.76,0.0,0.0,0.06,0.0,0.08,0.0,0.0,0.02,0.0,0.0,0.08,0.0,0.06,0.0,0.0,0.0,0.2,0.0,0.0,0.0,0.0,0.0,0.0,0.0,0.0,0.0,0.12,0.0,0.0,0.16,0.0,0.0,0.2,0.0,0.0,0.0,0.0,0.0,0.46,0.0,0.0,0.0,0.0,0.0,0.0,0.0,0.0,0.0,0.0,0.0,0.0,0.0,0.0,0.0,0.13196748008358616,0.0,1.0,0.19375982525742758,50.0,3.9318256327243257,4.295320712145988,6.28662071386528,11.72
0.0,0.0,0.0,0.0,0.07142857142857142,0.6428571428571429,0.0,0.0,0.0,0.0,0.07142857142857142,0.0,0.0,0.0,0.0,0.0,0.0,0.0,0.0,0.07142857142857142,0.0,0.0,0.0,0.0,0.0,0.0,0.0,0.0,0.0,0.0,0.0,0.0,0.2857142857142857,0.0,0.0,0.0,0.0,0.0,0.0,0.0,0.0,0.0,0.0,0.0,0.7142857142857143,0.07142857142857142,0.0,0.0,0.0,0.0,0.0,0.0,0.0,0.0,0.0,0.0,0.0,0.0,0.0,0.0,0.40299351166386377,0.022222222222222223,0.9285714285714286,0.27041709457794444,14.0,2.70805020110221,2.360712638121491,7.406560798180411,19.0
0.015384615384615385,0.0,0.0,0.0,0.2153846153846154,0.7230769230769231,0.0,0.0,0.07692307692307693,0.0,0.1076923076923077,0.0,0.0,0.0,0.0,0.0,0.046153846153846156,0.0,0.06153846153846154,0.0,0.0,0.015384615384615385,0.0,0.0,0.0,0.0,0.0,0.0,0.0,0.0,0.0,0.0,0.07692307692307693,0.0,0.0,0.06153846153846154,0.0,0.0,0.06153846153846154,0.0,0.0,0.0,0.0,0.0,0.49230769230769234,0.0,0.0,0.0,0.0,0.0,0.0,0.0,0.0,0.0,0.0,0.0,0.0,0.0,0.0,0.015384615384615385,0.13250265932717095,0.0,0.6818181818181818,0.12036828531263828,65.0,4.189654742026425,3.459519726531484,6.097433740915277,10.923076923076923
0.0,0.0,0.0,0.0,0.06666666666666667,0.4666666666666667,0.0,0.0,0.0,0.0,0.13333333333333333,0.0,0.0,0.0,0.0,0.0,0.0,0.0,0.06666666666666667,0.0,0.0,0.0,0.0,0.0,0.0,0.0,0.0,0.0,0.0,0.0,0.0,0.0,0.26666666666666666,0.0,0.0,0.0,0.0,0.0,0.0,0.0,0.0,0.0,0.0,0.0,0.7333333333333333,0.0,0.0,0.0,0.0,0.0,0.0,0.0,0.0,0.0,0.0,0.0,0.0,0.0,0.0,0.0,0.3494732487164489,0.0,0.9285714285714286,0.2863880360621053,15.0,2.772588722239781,2.258261548427199,7.035149844412223,16.8
0.07407407407407407,0.0,0.0,0.0,0.19444444444444445,0.5138888888888888,0.0,0.009259259259259259,0.023148148148148147,0.0,0.12037037037037036,0.0,0.037037037037037035,0.023148148148148147,0.018518518518518517,0.0,0.046296296296296294,0.0,0.05092592592592592,0.027777777777777776,0.0,0.10185185185185185,0.023148148148148147,0.0,0.0,0.0,0.0,0.0,0.0,0.0,0.0,0.0,0.009259259259259259,0.0,0.0,0.041666666666666664,0.0,0.0,0.032407407407407406,0.19444444444444445,0.0,0.19444444444444445,0.0,0.0,0.39351851851851855,0.013888888888888888,0.0,0.0,0.0,0.0,0.0,0.0,0.0,0.0,0.0,0.0,0.09722222222222222,0.0,0.013888888888888888,0.004629629629629629,0.1037190652104655,0.0,0.75,0.11474479894880257,216.0,5.37989735354046,5.620901903869478,5.635670415812593,8.662037037037036
0.0,0.0,0.0,0.0,0.27906976744186046,0.2558139534883721,0.0,0.0,0.0,0.0,0.06976744186046512,0.0,0.4186046511627907,0.0,0.32558139534883723,0.0,0.0,0.0,0.023255813953488372,0.09302325581395349,0.0,0.023255813953488372,0.023255813953488372,0.0,0.023255813953488372,0.0,0.0,0.0,0.0,0.0,0.0,0.0,0.06976744186046512,0.0,0.0,0.0,0.0,0.0,0.0,0.0,0.0,0.0,0.0,0.0,0.9069767441860465,0.09302325581395349,0.0,0.0,0.0,0.0,0.0,0.0,0.023255813953488372,0.0,0.0,0.0,0.0,0.0,0.0,0.0,0.1475504731161147,0.034482758620689655,0.875,0.11454453858600622,43.0,3.784189633918261,4.002152069603493,9.77900754895452,14.372093023255815
0.036585365853658534,0.0,0.0,0.0,0.23170731707317074,0.8414634146341463,0.0,0.0,0.08536585365853659,0.0,0.10975609756097561,0.0,0.0,0.024390243902439025,0.0,0.0,0.06097560975609756,0.0,0.06097560975609756,0.0,0.0,0.012195121951219513,0.14634146341463414,0.0,0.0,0.0,0.0,0.0,0.0,0.0,0.0,0.0,0.036585365853658534,0.0,0.0,0.2073170731707317,0.0,0.012195121951219513,0.17073170731707318,0.0,0.0,0.0,0.0,0.0,0.24390243902439024,0.012195121951219513,0.0,0.0,0.0,0.0,0.0,0.0,0.0,0.0,0.0,0.0,0.0,0.0,0.0,0.0,0.15788980717052234,0.0,1.0,0.2049086389801614,82.0,4.418840607796598,4.364184781195488,5.589744263203732,9.670731707317072
0.0,0.0,0.0,0.0,0.25,0.375,0.0,0.0,0.125,0.0,0.375,0.0,0.0,0.125,0.0,0.0,0.0,0.0,0.0,0.0,0.0,0.5,0.0,0.375,0.0,0.0,0.0,0.0,0.0,0.0,0.0,0.0,0.0,0.0,0.0,0.125,0.0,0.125,0.0,0.0,0.0,0.0,0.0,0.0,0.5,0.0,0.0,0.0,0.0,0.0,0.0,0.0,0.0,0.0,0.0,0.0,0.0,0.0,0.0,0.25,0.11108434867833362,0.0,0.8571428571428571,0.18271494481004621,8.0,2.1972245773362196,5.0919171866887,4.166458328124739,10.875
0.0,0.0,0.0,0.0,0.175,0.325,0.0,0.025,0.075,0.0,0.15,0.0,0.0,0.0,0.0,0.0,0.05,0.0,0.0,0.0,0.0,0.025,0.025,0.0,0.0,0.0,0.0,0.0,0.0,0.0,0.0,0.0,0.0,0.0,0.0,0.05,0.0,0.0,0.0,0.0,0.0,0.0,0.0,0.0,0.175,0.0,0.0,0.625,0.0,0.0,0.025,0.0,0.0,0.0,0.0,0.0,0.0,0.0,0.025,0.025,0.16458828748855286,0.0,0.8,0.201540193846302,40.0,3.713572066704308,3.752178556037588,4.576502485523197,7.425
0.0,0.0,0.0,0.0,0.11538461538461539,0.6923076923076923,0.0,0.0,0.0,0.0,0.07692307692307693,0.0,0.0,0.0,0.0,0.0,0.0,0.0,0.11538461538461539,0.0,0.0,0.0,0.038461538461538464,0.0,0.0,0.0,0.0,0.0,0.0,0.0,0.0,0.0,0.15384615384615385,0.0,0.0,0.15384615384615385,0.0,0.0,0.0,0.0,0.0,0.0,0.0,0.0,0.5769230769230769,0.0,0.0,0.0,0.0,0.0,0.0,0.0,0.0,0.0,0.0,0.0,0.0,0.0,0.0,0.0,0.1562161263704209,0.0,0.75,0.1926120899351163,26.0,3.295836866004329,2.8403923824091644,6.446869796848296,14.23076923076923
0.0,0.0,0.0,0.0,0.1794871794871795,0.5384615384615384,0.0,0.02564102564102564,0.01282051282051282,0.0,0.1282051282051282,0.0,0.0641025641025641,0.038461538461538464,0.038461538461538464,0.0,0.05128205128205128,0.0,0.02564102564102564,0.05128205128205128,0.0,0.0641025641025641,0.0,0.0,0.0,0.0,0.0,0.0,0.0,0.0,0.01282051282051282,0.0,0.0,0.0,0.0,0.0,0.0,0.01282051282051282,0.02564102564102564,0.01282051282051282,0.0,0.0,0.0,0.0,0.7435897435897436,0.038461538461538464,0.0,0.0,0.01282051282051282,0.0,0.0,0.0,0.0,0.0,0.0,0.0,0.0,0.0,0.01282051282051282,0.01282051282051282,0.14813296057615033,0.0,1.0,0.19191383701799408,78.0,4.3694478524670215,4.084096680849456,6.034322714653989,10.628205128205128
0.029411764705882353,0.0,0.0,0.0,0.5882352941176471,0.20588235294117646,0.0,0.17647058823529413,0.0,0.0,0.29411764705882354,0.0,0.0,0.0,0.0,0.0,0.08823529411764706,0.0,0.11764705882352941,0.0,0.8235294117647058,0.029411764705882353,0.0,0.058823529411764705,0.0,0.0,0.0,0.0,0.0,0.0,0.0,0.0,0.0,0.0,0.0,0.11764705882352941,0.0,0.0,0.058823529411764705,0.0,0.0,0.0,0.0,0.0,0.14705882352941177,0.0,0.0,0.0,0.0,0.0,0.0,0.0,0.7058823529411765,0.0,0.0,0.0,0.0,0.0,0.0,0.0,0.162714494699784,0.0,0.8181818181818182,0.1576634183297917,34.0,3.5553480614894135,4.68836718557111,3.4636021411801248,9.058823529411764
0.041666666666666664,0.0,0.0,0.0,0.08333333333333333,0.16666666666666666,0.0,0.0,0.041666666666666664,0.0,0.3333333333333333,0.0,0.0,0.041666666666666664,0.0,0.0,0.08333333333333333,0.0,0.125,0.0,0.0,0.25,0.0,0.0,0.0,0.0,0.0,0.0,0.0,0.0,0.0,0.0,0.0,0.25,0.0,0.0,0.0,0.041666666666666664,0.08333333333333333,0.0,0.0,0.0,0.0,0.0,0.08333333333333333,0.0,0.0,0.0,0.0,0.0,0.0,0.0,0.0,0.0,0.0,0.0,0.0,0.0,0.0,0.08333333333333333,0.062317693821895496,0.0,0.9166666666666666,0.133323263706969,24.0,3.2188758248682006,4.592042709114587,4.030267429781249,7.083333333333333
0.037037037037037035,0.0,0.0,0.0,0.25925925925925924,0.2962962962962963,0.0,0.0,0.0,0.0,0.37037037037037035,0.0,0.0,0.25925925925925924,0.0,0.0,0.07407407407407407,0.0,0.07407407407407407,0.0,0.0,0.0,0.0,0.0,0.0,0.0,0.0,0.0,0.0,0.0,0.037037037037037035,0.0,0.037037037037037035,0.0,0.0,0.037037037037037035,0.0,0.0,0.037037037037037035,0.0,0.0,0.0,0.037037037037037035,0.0,0.07407407407407407,0.0,0.0,0.0,0.07407407407407407,0.0,0.0,0.0,0.0,0.0,0.0,0.0,0.0,0.0,0.037037037037037035,0.0,0.061196357601180404,0.0,0.3333333333333333,0.07581874281232805,27.0,3.332204510175204,4.4058319534815915,3.573258398575507,6.518518518518518
0.0,0.0,0.0,0.0,0.4461538461538462,0.2923076923076923,0.0,0.03076923076923077,0.09230769230769231,0.0,0.24615384615384617,0.0,0.0,0.03076923076923077,0.0,0.0,0.06153846153846154,0.0,0.06153846153846154,0.0,0.0,0.015384615384615385,0.0,0.03076923076923077,0.0,0.0,0.0,0.0,0.0,0.0,0.0,0.0,0.0,0.046153846153846156,0.0,0.015384615384615385,0.0,0.0,0.09230769230769231,0.0,0.0,0.0,0.0,0.0,0.12307692307692308,0.0,0.0,0.0,0.0,0.015384615384615385,0.0,0.03076923076923077,0.0,0.0,0.0,0.0,0.0,0.0,0.046153846153846156,0.0,0.05648462239352045,0.0,0.4,0.07404009257185333,65.0,4.189654742026425,4.343333769122969,3.6764402644067915,7.2615384615384615
0.05454545454545454,0.0,0.0,0.0,0.5636363636363636,0.4,0.0,0.05454545454545454,0.21818181818181817,0.0,0.4909090909090909,0.0,0.0,0.01818181818181818,0.0,0.0,0.10909090909090909,0.0,0.10909090909090909,0.0,0.0,0.01818181818181818,0.07272727272727272,0.2545454545454545,0.0,0.0,0.07272727272727272,0.0,0.0,0.0,0.0,0.0,0.03636363636363636,0.0,0.0,0.10909090909090909,0.0,0.14545454545454545,0.07272727272727272,0.0,0.0,0.0,0.0,0.0,0.16363636363636364,0.0,0.0,0.0,0.0,0.0,0.0,0.03636363636363636,0.0,0.0,0.0,0.2,0.0,0.0,0.10909090909090909,0.01818181818181818,0.09782613540438365,0.0,0.5263157894736842,0.09695240328770445,55.0,4.02535169073515,7.117542127772715,4.764330275621813,8.654545454545454
0.0,0.0,0.0,0.0,0.0,0.42857142857142855,0.0,0.0,0.2857142857142857,0.0,0.42857142857142855,0.0,0.0,0.0,0.0,0.0,0.14285714285714285,0.0,0.0,0.0,0.0,0.0,0.0,0.0,0.0,0.0,0.0,0.0,0.0,0.0,0.0,0.0,0.0,0.0,0.0,0.0,0.0,0.0,0.14285714285714285,0.0,0.0,0.0,0.0,0.0,0.14285714285714285,0.0,0.0,0.0,0.0,0.0,0.0,0.0,0.0,0.0,0.0,0.0,0.0,0.0,0.0,0.0,0.231998556998557,0.0,0.875,0.30418466140121436,7.0,2.0794415416798357,2.767304162615244,1.4568627181693672,7.857142857142857
0.03571428571428571,0.0,0.0,0.0,0.21428571428571427,0.32142857142857145,0.0,0.0,0.14285714285714285,0.0,0.5,0.0,0.0,0.0,0.0,0.0,0.07142857142857142,0.0,0.03571428571428571,0.0,0.0,0.03571428571428571,0.03571428571428571,0.0,0.0,0.0,0.0,0.0,0.0,0.0,0.14285714285714285,0.0,0.0,0.0,0.0,0.07142857142857142,0.0,0.0,0.0,0.0,0.0,0.0,0.0,0.0,0.10714285714285714,0.0,0.0,0.0,0.0,0.0,0.0,0.0,0.0,0.0,0.0,0.0,0.0,0.0,0.03571428571428571,0.0,0.05868228545157937,0.0,0.75,0.11968351492184724,28.0,3.367295829986474,4.052265526876605,4.636259047894506,6.928571428571429
0.03225806451612903,0.0,0.0,0.0,0.3763440860215054,0.3978494623655914,0.0,0.010752688172043012,0.12903225806451613,0.0,0.3010752688172043,0.0,0.010752688172043012,0.043010752688172046,0.021505376344086023,0.0,0.0967741935483871,0.0,0.08602150537634409,0.0,0.0,0.010752688172043012,0.06451612903225806,0.21505376344086022,0.0,0.0,0.0,0.0,0.0,0.0,0.0,0.0,0.053763440860215055,0.0,0.0,0.06451612903225806,0.0,0.0967741935483871,0.043010752688172046,0.0,0.0,0.0,0.0,0.07526881720430108,0.3225806451612903,0.010752688172043012,0.0,0.0,0.010752688172043012,0.0,0.0,0.010752688172043012,0.043010752688172046,0.0,0.0,0.10752688172043011,0.0,0.0,0.053763440860215055,0.0,0.07655149127216763,0.0,0.8571428571428571,0.11034122583377638,93.0,4.543294782270004,6.799151840585633,4.994296666264217,9.21505376344086
0.0,0.0,0.0,0.0,0.0,0.16666666666666666,0.0,0.0,0.0,0.0,0.16666666666666666,0.0,0.0,0.0,0.0,0.0,0.0,0.0,0.16666666666666666,0.0,0.0,0.0,0.0,0.0,0.0,0.0,0.0,0.0,0.0,0.0,0.0,0.0,0.0,0.0,0.0,0.0,0.0,0.0,0.0,0.0,0.0,0.0,0.0,0.0,0.16666666666666666,0.0,0.0,0.0,0.0,0.0,0.0,0.16666666666666666,0.0,0.0,0.0,0.0,0.0,0.0,0.16666666666666666,0.0,0.13795093795093794,0.0,0.6666666666666666,0.20420708732653559,6.0,1.9459101490553132,2.584962500721156,1.8856180831641267,5.333333333333333
0.0,0.0,0.0,0.0,0.14285714285714285,0.42857142857142855,0.0,0.0,0.07142857142857142,0.0,0.2857142857142857,0.0,0.0,0.14285714285714285,0.07142857142857142,0.0,0.0,0.0,0.0,0.0,0.0,0.07142857142857142,0.0,0.0,0.0,0.0,0.0,0.0,0.0,0.0,0.0,0.0,0.0,0.0,0.0,0.07142857142857142,0.0,0.0,0.0,0.0,0.0,0.0,0.07142857142857142,0.0,0.14285714285714285,0.0,0.0,0.0,0.07142857142857142,0.0,0.0,0.0,0.0,0.0,0.0,0.0,0.0,0.0,0.0,0.0,0.09041904480146577,0.0,0.875,0.17822235909847187,14.0,2.70805020110221,3.8751452343528827,2.8499910490371434,7.857142857142857
0.038461538461538464,0.0,0.0,0.0,0.19230769230769232,0.34615384615384615,0.0,0.0,0.0,0.0,0.3076923076923077,0.0,0.0,0.038461538461538464,0.0,0.0,0.0,0.0,0.0,0.0,0.0,0.6153846153846154,0.0,0.0,0.0,0.0,0.0,0.0,0.0,0.0,0.0,0.0,0.0,0.0,0.0,0.0,0.0,0.0,0.038461538461538464,0.0,0.0,0.0,0.0,0.0,0.15384615384615385,0.0,0.0,0.0,0.0,0.0,0.0,0.0,0.0,0.0,0.0,0.0,0.5769230769230769,0.0,0.0,0.11538461538461539,0.15076316790160224,0.0,1.0,0.23681097749896,26.0,3.295836866004329,3.716557319968459,2.8557530432071645,6.8076923076923075
0.0,0.0,0.0,0.0,0.631578947368421,0.47368421052631576,0.0,0.0,0.21052631578947367,0.0,0.42105263157894735,0.0,0.0,0.0,0.0,0.0,0.10526315789473684,0.0,0.05263157894736842,0.0,0.0,0.0,0.0,0.21052631578947367,0.0,0.0,0.0,0.0,0.0,0.0,0.0,0.0,0.0,0.0,0.0,0.0,0.0,0.0,0.0,0.0,0.0,0.0,0.0,0.0,0.21052631578947367,0.05263157894736842,0.0,0.0,0.0,0.0,0.0,0.0,0.0,0.0,0.0,0.0,0.0,0.0,0.05263157894736842,0.0,0.09455647068720067,0.0,0.75,0.14285943469975515,19.0,2.995732273553991,3.887146873514223,4.302289540565433,10.263157894736842
0.17857142857142858,0.0,0.0,0.0,0.03571428571428571,0.17857142857142858,0.0,0.0,0.07142857142857142,0.0,0.39285714285714285,0.0,0.0,0.0,0.0,0.0,0.07142857142857142,0.0,0.03571428571428571,0.0,0.0,0.03571428571428571,0.0,0.0,0.0,0.0,0.0,0.0,0.0,0.0,0.0,0.0,0.0,0.0,0.0,0.03571428571428571,0.0,0.0,0.0,0.0,0.0,0.0,0.0,0.0,0.03571428571428571,0.0,0.0,0.0,0.03571428571428571,0.0,0.0,0.0,0.0,0.0,0.0,0.03571428571428571,0.0,0.0,0.0,0.0,0.08003817999616318,0.0,1.0,0.13264252412451427,28.0,3.367295829986474,3.16294031256998,2.1294221693948345,4.964285714285714
0.06666666666666667,0.0,0.0,0.0,0.6666666666666666,0.6333333333333333,0.0,0.03333333333333333,0.23333333333333334,0.0,0.6333333333333333,0.0,0.0,0.06666666666666667,0.0,0.0,0.16666666666666666,0.0,0.06666666666666667,0.0,0.0,0.06666666666666667,0.1,0.7333333333333333,0.0,0.0,0.0,0.0,0.0,0.0,0.0,0.0,0.03333333333333333,0.0,0.0,0.1,0.0,0.1,0.03333333333333333,0.0,0.0,0.0,0.0,0.0,0.13333333333333333,0.0,0.0,0.0,0.0,0.0,0.0,0.0,0.0,0.0,0.0,0.0,0.0,0.0,0.03333333333333333,0.0,0.1679400156522965,0.0,0.6470588235294118,0.1316205342533543,30.0,3.4339872044851463,5.553770307741407,6.2186993995707995,9.166666666666666
0.045454545454545456,0.0,0.0,0.0,0.2727272727272727,0.22727272727272727,0.0,0.09090909090909091,0.045454545454545456,0.0,0.3181818181818182,0.0,0.0,0.0,0.0,0.0,0.045454545454545456,0.0,0.045454545454545456,0.0,0.0,0.0,0.0,0.0,0.0,0.0,0.0,0.0,0.0,0.0,0.0,0.0,0.045454545454545456,0.0,0.0,0.0,0.0,0.09090909090909091,0.0,0.0,0.0,0.0,0.0,0.0,0.0,0.045454545454545456,0.0,0.0,0.0,0.0,0.0,0.0,0.0,0.0,0.0,0.0,0.0,0.0,0.09090909090909091,0.0,0.05123026677648526,0.0,0.5,0.090673407437228,22.0,3.1354942159291497,3.682365846634179,2.41936061494023,6.681818181818182
0.0,0.0,0.0,0.0,0.0,0.08163265306122448,0.0,0.0,0.0,0.0,0.08163265306122448,0.0,0.02040816326530612,0.0,0.02040816326530612,0.0,0.02040816326530612,0.0,0.02040816326530612,0.0,0.0,0.0,0.0,0.0,0.0,0.0,0.0,0.0,0.0,0.0,0.0,0.0,0.08163265306122448,0.0,0.0,0.04081632653061224,0.0,0.0,0.0,0.0,0.0,0.0,0.0,0.10204081632653061,0.3673469387755102,0.0,0.0,0.0,0.0,0.0,0.0,0.0,0.0,0.0,0.0,0.0,0.0,0.0,0.061224489795918366,0.0,0.13453785381166736,0.03571428571428571,0.75,0.10887527674187641,49.0,3.912023005428146,2.645388880377699,3.628064058557206,7.979591836734694
0.0,0.0,0.0,0.0,0.18181818181818182,0.0,0.0,0.0,0.36363636363636365,0.0,1.0,0.0,0.0,0.0,0.0,0.0,0.09090909090909091,0.0,0.0,0.0,0.0,0.0,0.0,0.0,0.0,0.0,0.0,0.0,0.0,0.0,0.0,0.0,0.0,0.0,0.0,0.0,0.0,0.09090909090909091,0.0,0.0,0.0,0.0,0.0,0.0,0.0,0.0,0.0,0.0,0.0,0.0,0.0,0.0,0.0,0.0,0.0,0.0,0.0,0.0,0.0,0.0,0.2058749836022563,0.07142857142857142,1.0,0.17225280880906055,11.0,2.4849066497880004,1.6068593590089435,2.4528613751330983,4.7272727272727275
0.16666666666666666,0.0,0.0,0.0,0.0,0.0,0.0,0.0,0.3333333333333333,0.0,0.6666666666666666,0.0,0.0,0.0,0.0,0.0,0.3333333333333333,0.0,0.0,0.0,0.0,0.0,0.0,0.0,0.0,0.0,0.0,0.0,0.0,0.0,0.0,0.0,0.0,0.0,0.0,0.0,0.0,0.0,0.0,0.0,0.0,0.0,0.0,0.0,0.16666666666666666,0.0,0.0,0.0,0.0,0.0,0.0,0.0,0.0,0.0,0.0,0.0,0.0,0.0,0.0,0.0,0.16465848965848964,0.0,0.6666666666666666,0.2120161294797954,6.0,1.9459101490553132,2.3082708345352607,2.0548046676563256,4.333333333333333
0.0,0.0,0.0,0.0,0.375,0.34375,0.0,0.0,0.28125,0.0,0.875,0.0,0.0,0.0625,0.0,0.0,0.15625,0.0,0.0,0.0,0.0,0.0,0.0,0.0,0.0,0.0,0.0,0.0,0.0,0.0,0.0,0.0,0.03125,0.0,0.0,0.0,0.0,0.0625,0.0,0.0,0.0,0.0,0.0,0.0,0.125,0.0,0.0,0.0,0.0,0.0,0.0,0.0,0.0,0.0,0.0,0.0,0.0,0.0,0.0,0.0,0.12566845006944616,0.0,0.5833333333333334,0.09183101272445032,32.0,3.4965075614664802,3.1931812150407914,3.1118473211261506,6.5625
0.09090909090909091,0.0,0.0,0.0,0.36363636363636365,0.09090909090909091,0.0,0.0,0.36363636363636365,0.0,0.7272727272727273,0.0,0.0,0.0,0.0,0.0,0.09090909090909091,0.0,0.0,0.0,0.0,0.0,0.0,0.0,0.0,0.0,0.0,0.0,0.0,0.0,0.0,0.0,0.0,0.0,0.0,0.0,0.0,0.0,0.0,0.0,0.0,0.0,0.0,0.0,0.09090909090909091,0.0,0.0,0.0,0.0,0.0,0.0,0.0,0.0,0.0,0.0,0.0,0.0,0.0,0.0,0.0,0.1384984185061585,0.0,1.0,0.18497990462272712,11.0,2.4849066497880004,2.6535120338859954,8.060719980967598,7.454545454545454
0.0392156862745098,0.0,0.0,0.0,0.7058823529411765,0.5882352941176471,0.0,0.0196078431372549,0.2549019607843137,0.0,0.5686274509803921,0.0,0.0,0.0392156862745098,0.0196078431372549,0.0,0.13725490196078433,0.0,0.0784313725490196,0.0,0.0,0.0,0.09803921568627451,0.5098039215686274,0.0,0.0,0.0,0.0,0.0,0.0,0.0,0.0,0.0392156862745098,0.0196078431372549,0.0,0.0784313725490196,0.0,0.09803921568627451,0.09803921568627451,0.0,0.0,0.0,0.0,0.0,0.1568627450980392,0.0,0.0,0.0,0.0,0.0,0.0,0.0392156862745098,0.0,0.0,0.0,0.0,0.0,0.0,0.0784313725490196,0.0,0.15387473244335348,0.0,0.6666666666666666,0.1503408722697071,51.0,3.9512437185814275,5.994912103619118,5.817551563151542,8.803921568627452
0.05,0.0,0.0,0.0,0.45,0.4,0.0,0.0,0.05,0.0,0.2,0.0,0.0,0.05,0.0,0.0,0.1,0.0,0.05,0.0,0.0,0.0,0.0,0.0,0.0,0.0,0.0,0.0,0.0,0.0,0.35,0.05,0.0,0.05,0.0,0.1,0.0,0.05,0.05,0.0,0.05,0.0,0.0,0.0,0.05,0.0,0.0,0.0,0.0,0.0,0.0,0.0,0.0,0.0,0.0,0.0,0.0,0.0,0.0,0.0,0.11266158714743411,0.0,0.7272727272727273,0.15423429603475375,20.0,3.044522437723423,4.867008525894259,3.4996428389194234,7.05
0.0,0.0,0.0,0.0,0.5714285714285714,0.5714285714285714,0.0,0.0,0.2857142857142857,0.0,0.5714285714285714,0.0,0.0,0.0,0.0,0.0,0.14285714285714285,0.0,0.14285714285714285,0.0,0.0,0.0,0.0,0.0,0.0,0.0,0.0,0.0,0.0,0.0,0.0,0.0,0.0,0.0,0.0,0.0,0.0,0.0,0.0,0.0,0.0,0.0,0.0,0.0,0.14285714285714285,0.0,0.0,0.0,0.0,0.0,0.0,0.0,0.0,0.0,0.0,0.0,0.0,0.0,0.0,0.0,0.13421509629492823,0.0,0.6666666666666666,0.14974608859469019,7.0,2.0794415416798357,3.103576239282753,4.5175395145262565,6.142857142857143
0.03225806451612903,0.0,0.0,0.0,0.4838709677419355,0.41935483870967744,0.0,0.0,0.1935483870967742,0.0,0.41935483870967744,0.0,0.0,0.0,0.0,0.0,0.0967741935483871,0.0,0.03225806451612903,0.0,0.0,0.0,0.0,0.0967741935483871,0.0,0.0,0.0,0.0,0.0,0.0,0.0,0.0,0.0,0.0,0.0,0.03225806451612903,0.0,0.0,0.03225806451612903,0.0,0.0,0.0,0.0,0.0,0.16129032258064516,0.0,0.0,0.0,0.0,0.0,0.0,0.06451612903225806,0.0,0.0,0.0,0.0,0.0,0.0,0.06451612903225806,0.0,0.06342660968180683,0.0,0.4782608695652174,0.08205546203065975,31.0,3.4657359027997265,4.242999174085384,3.7327473401658318,7.258064516129032
0.0125,0.0,0.0,0.0,0.525,0.325,0.0,0.025,0.25,0.0,0.625,0.0,0.0,0.2625,0.0,0.0,0.225,0.0,0.1,0.0,0.0,0.0875,0.1375,0.1,0.0,0.0,0.0,0.0,0.0,0.0,0.0,0.0,0.0125,0.0,0.0,0.0875,0.0,0.0875,0.0375,0.0,0.0,0.0,0.1,0.0,0.25,0.0125,0.0,0.0,0.025,0.0,0.0,0.075,0.0,0.0,0.0,0.05,0.0,0.0,0.0625,0.0,0.09373815823342772,0.0,0.3,0.07307894488296177,80.0,4.394449154672439,7.1694686576577125,5.229722745997153,9.5
0.04878048780487805,0.0,0.0,0.0,0.04878048780487805,0.0,0.0,0.0,0.0,0.0,0.07317073170731707,0.0,0.0,0.04878048780487805,0.0,0.0,0.04878048780487805,0.0,0.07317073170731707,0.0,0.0,0.04878048780487805,0.024390243902439025,0.0,0.0,0.0,0.0,0.0,0.0,0.0,0.0,0.0,0.0,0.0,0.0,0.07317073170731707,0.0,0.0,0.0,0.0,0.0,0.0,0.0975609756097561,0.0,0.0975609756097561,0.0,0.0,0.8292682926829268,0.0,0.0,0.04878048780487805,0.0,0.0,0.0,0.0,0.0,0.0,0.0,0.0,0.12195121951219512,0.12674167748118972,0.0,0.75,0.13985883163658697,41.0,3.7376696182833684,3.4834889935416835,4.460681556938276,6.829268292682927
0.0,0.0,0.0,0.0,0.2692307692307692,0.23076923076923078,0.0,0.0,0.0,0.0,0.038461538461538464,0.0,0.2692307692307692,0.0,0.23076923076923078,0.0,0.0,0.0,0.038461538461538464,0.11538461538461539,0.0,0.038461538461538464,0.0,0.0,0.0,0.0,0.0,0.0,0.0,0.0,0.0,0.0,0.07692307692307693,0.0,0.0,0.0,0.0,0.0,0.0,0.0,0.0,0.0,0.0,0.0,0.6923076923076923,0.07692307692307693,0.0,0.0,0.0,0.0,0.0,0.0,0.038461538461538464,0.0,0.0,0.0,0.0,0.0,0.0,0.0,0.09713060197637077,0.0,0.6,0.08367186902896237,26.0,3.295836866004329,4.014928002006718,9.747097883973636,12.384615384615385
0.3076923076923077,0.0,0.0,0.0,0.15384615384615385,0.23076923076923078,0.0,0.0,0.23076923076923078,0.0,0.46153846153846156,0.0,0.0,0.0,0.0,0.0,0.23076923076923078,0.0,0.0,0.0,0.0,0.0,0.0,0.0,0.0,0.0,0.0,0.0,0.0,0.0,0.0,0.0,0.0,0.0,0.0,0.0,0.0,0.0,0.0,0.0,0.0,0.0,0.0,0.0,0.0,0.0,0.0,0.0,0.15384615384615385,0.0,0.0,0.0,0.0,0.0,0.0,0.0,0.0,0.0,0.0,0.0,0.08770840982379442,0.0,1.0,0.16122400458108133,13.0,2.6390573296152584,3.3335135389559833,2.0981817995362855,4.538461538461538
0.16,0.0,0.0,0.0,0.12,0.28,0.0,0.0,0.08,0.0,0.28,0.0,0.0,0.08,0.0,0.0,0.0,0.0,0.08,0.0,0.0,0.04,0.0,0.0,0.0,0.0,0.0,0.0,0.0,0.0,0.0,0.0,0.0,0.0,0.0,0.04,0.0,0.12,0.0,0.0,0.0,0.0,0.0,0.0,0.08,0.0,0.0,0.0,0.0,0.0,0.0,0.0,0.0,0.0,0.0,0.0,0.0,0.0,0.0,0.0,0.08015589191640429,0.0,0.6666666666666666,0.11761837053769492,25.0,3.258096538021482,3.72313466156829,5.17779876009101,7.52
0.25,0.0,0.0,0.0,0.0,0.5,0.0,0.0,0.0,0.0,0.125,0.0,0.0,0.125,0.0,0.0,0.0,0.0,0.125,0.0,0.0,0.125,0.0,0.0,0.0,0.0,0.0,0.0,0.0,0.0,0.0,0.0,0.0,0.0,0.0,0.0,0.0,0.0,0.0,0.0,0.0,0.0,0.0,0.0,0.125,0.0,0.0,0.0,0.0,0.0,0.0,0.0,0.0,0.0,0.0,0.0,0.0,0.0,0.0,0.0,0.11705593348450492,0.0,1.0,0.22614978945851347,8.0,2.1972245773362196,2.875,6.077622890571609,6.25
0.07692307692307693,0.0,0.0,0.0,0.07692307692307693,0.9230769230769231,0.0,0.0,0.0,0.0,0.0,0.0,0.0,0.0,0.0,0.0,0.0,0.0,0.0,0.07692307692307693,0.0,0.0,0.0,0.0,0.0,0.0,0.0,0.0,0.0,0.0,0.0,0.0,0.15384615384615385,0.0,0.0,0.0,0.0,0.0,0.0,0.0,0.0,0.0,0.0,0.0,0.38461538461538464,0.3076923076923077,0.0,0.0,0.0,0.0,0.0,0.0,0.0,0.0,0.0,0.0,0.0,0.0,0.0,0.0,0.23701491316018952,0.0,1.0,0.24327402506063917,13.0,2.6390573296152584,2.429403245275209,9.3561990967733,13.0
0.1111111111111111,0.0,0.0,0.0,0.07407407407407407,0.07407407407407407,0.0,0.0,0.14814814814814814,0.0,0.6666666666666666,0.0,0.0,0.14814814814814814,0.0,0.0,0.14814814814814814,0.0,0.0,0.0,0.0,0.2222222222222222,0.0,0.0,0.0,0.0,0.0,0.0,0.0,0.0,0.0,0.0,0.037037037037037035,0.0,0.0,0.0,0.0,0.037037037037037035,0.0,0.0,0.0,0.0,0.2962962962962963,0.0,0.1111111111111111,0.0,0.0,0.0,0.037037037037037035,0.0,0.0,0.2222222222222222,0.0,0.0,0.0,0.0,0.0,0.0,0.07407407407407407,0.0,0.07202838899433327,0.0,0.5,0.10504144303598079,27.0,3.332204510175204,5.165915281543817,4.201051537318293,6.407407407407407
0.011111111111111112,0.0,0.0,0.0,0.26666666666666666,0.3888888888888889,0.0,0.022222222222222223,0.03333333333333333,0.0,0.17777777777777778,0.0,0.0,0.05555555555555555,0.0,0.0,0.08888888888888889,0.0,0.07777777777777778,0.0,0.0,0.011111111111111112,0.06666666666666667,0.0,0.0,0.0,0.0,0.0,0.0,0.0,0.0,0.0,0.0,0.0,0.0,0.12222222222222222,0.0,0.0,0.022222222222222223,0.0,0.0,0.0,0.011111111111111112,0.0,0.4,0.022222222222222223,0.0,0.0,0.0,0.0,0.0,0.0,0.0,0.0,0.0,0.0,0.0,0.0,0.0,0.0,0.06008055124170274,0.0,0.45,0.08055624301389283,90.0,4.51085950651685,4.215951716778916,4.559632322192246,8.855555555555556
0.0,0.0,0.0,0.0,0.6,0.4,0.0,0.0,0.4,0.0,0.6,0.0,0.0,0.3,0.0,0.0,0.1,0.0,0.1,0.0,0.0,0.0,0.0,0.0,0.0,0.0,0.0,0.0,0.0,0.0,0.0,0.0,0.0,0.0,0.0,0.0,0.0,0.0,0.0,0.0,0.0,0.0,0.0,0.0,0.4,0.0,0.0,0.0,0.0,0.0,0.0,0.2,0.0,0.0,0.0,0.0,0.0,0.0,0.0,0.0,0.20979449562782895,0.0,0.8,0.19945178797846946,10.0,2.3978952727983707,4.120533343069089,2.9816103031751147,5.9
0.0,0.0,0.0,0.0,0.2777777777777778,0.5555555555555556,0.0,0.0,0.05555555555555555,0.0,0.2777777777777778,0.0,0.0,0.1111111111111111,0.0,0.0,0.05555555555555555,0.0,0.05555555555555555,0.0,0.0,0.0,0.0,0.0,0.0,0.0,0.0,0.0,0.0,0.0,0.0,0.0,0.0,0.0,0.0,0.0,0.0,0.0,0.05555555555555555,0.0,0.0,0.0,0.0,0.0,0.05555555555555555,0.0,0.0,0.0,0.0,0.0,0.0,0.0,0.0,0.0,0.0,0.0,0.0,0.0,0.0,0.0,0.08619349526912552,0.0,0.6666666666666666,0.12221757909074171,18.0,2.9444389791664403,3.008300730066399,3.435921354681384,6.5
0.0,0.0,0.0,0.0,0.3333333333333333,0.0,0.0,0.0,0.0,0.0,0.5,0.0,0.0,0.0,0.0,0.0,0.16666666666666666,0.0,0.0,0.0,0.0,0.16666666666666666,0.0,0.0,0.0,0.0,0.16666666666666666,0.0,0.0,0.0,0.3333333333333333,0.0,0.0,0.0,0.0,0.0,0.0,0.0,0.0,0.0,0.0,0.0,0.0,0.0,0.16666666666666666,0.0,0.0,0.0,0.16666666666666666,0.0,0.0,0.0,0.0,0.0,0.0,0.0,0.0,0.0,0.0,0.0,0.11944510254107778,0.0,0.5714285714285714,0.14547361119223565,6.0,1.9459101490553132,3.7107770844150676,2.793842435706702,7.833333333333333
0.0,0.0,0.0,0.0,0.0,0.1,0.0,0.0,0.0,0.0,0.8,0.0,0.0,0.3,0.0,0.0,0.0,0.0,0.0,0.0,0.0,0.1,0.0,0.0,0.0,0.0,0.0,0.0,0.0,0.0,0.0,0.0,0.0,0.0,0.0,0.0,0.0,0.0,0.0,0.0,0.0,0.0,0.1,0.0,0.1,0.0,0.0,0.0,0.0,0.0,0.0,0.0,0.0,0.0,0.0,0.0,0.0,0.0,0.0,0.2,0.13394420394420395,0.0,1.0,0.17561828158308693,10.0,2.3978952727983707,2.5717890110921693,1.2206555615733703,4.9
0.043859649122807015,0.0,0.0,0.0,0.2807017543859649,0.3508771929824561,0.0,0.02631578947368421,0.017543859649122806,0.0,0.2719298245614035,0.0,0.0,0.017543859649122806,0.008771929824561403,0.0,0.05263157894736842,0.0,0.11403508771929824,0.0,0.0,0.2894736842105263,0.06140350877192982,0.0,0.0,0.0,0.0,0.0,0.0,0.0,0.0,0.0,0.06140350877192982,0.008771929824561403,0.0,0.07017543859649122,0.0,0.0,0.09649122807017543,0.0,0.0,0.0,0.0,0.0,0.37719298245614036,0.008771929824561403,0.0,0.0,0.0,0.0,0.0,0.0,0.13157894736842105,0.0,0.0,0.0,0.0,0.0,0.03508771929824561,0.13157894736842105,0.07644356150689809,0.0,0.875,0.10705938705439462,114.0,4.74493212836325,5.933457458410414,5.705430663689793,8.973684210526315
0.0,0.0,0.0,0.0,0.4666666666666667,0.36666666666666664,0.0,0.0,0.1,0.0,0.3,0.0,0.0,0.0,0.0,0.0,0.13333333333333333,0.0,0.03333333333333333,0.0,0.0,0.03333333333333333,0.0,0.0,0.0,0.0,0.0,0.0,0.0,0.0,0.0,0.0,0.03333333333333333,0.0,0.0,0.06666666666666667,0.0,0.06666666666666667,0.0,0.0,0.0,0.0,0.0,0.0,0.23333333333333334,0.03333333333333333,0.0,0.0,0.03333333333333333,0.0,0.0,0.0,0.0,0.0,0.0,0.0,0.0,0.0,0.06666666666666667,0.0,0.09774669030086987,0.0,1.0,0.15167968136709348,30.0,3.4339872044851463,4.373804381917945,3.925557285278104,8.3
0.05555555555555555,0.0,0.0,0.0,0.4444444444444444,0.3333333333333333,0.0,0.05555555555555555,0.2222222222222222,0.0,0.6111111111111112,0.0,0.0,0.05555555555555555,0.0,0.0,0.16666666666666666,0.0,0.0,0.0,0.0,0.0,0.16666666666666666,0.0,0.0,0.0,0.0,0.0,0.0,0.0,0.0,0.0,0.0,0.0,0.0,0.0,0.0,0.0,0.0,0.0,0.0,0.0,0.0,0.0,0.1111111111111111,0.0,0.0,0.0,0.0,0.0,0.0,0.0,0.0,0.0,0.0,0.0,0.0,0.0,0.05555555555555555,0.0,0.11172891100577964,0.0,0.6,0.11570451236217967,18.0,2.9444389791664403,4.105201513637259,3.4716666222151096,7.055555555555555
0.0,0.0,0.0,0.0,0.3076923076923077,0.3076923076923077,0.0,0.0,0.46153846153846156,0.0,0.7692307692307693,0.0,0.0,0.07692307692307693,0.0,0.0,0.3076923076923077,0.0,0.0,0.0,0.0,0.0,0.0,0.0,0.0,0.0,0.0,0.0,0.0,0.0,0.0,0.0,0.0,0.0,0.0,0.0,0.0,0.07692307692307693,0.07692307692307693,0.0,0.0,0.0,0.0,0.0,0.3076923076923077,0.07692307692307693,0.0,0.0,0.0,0.0,0.0,0.0,0.0,0.0,0.0,0.0,0.0,0.0,0.0,0.0,0.12434137433839744,0.0,0.6666666666666666,0.139288597707665,13.0,2.6390573296152584,4.037444146144519,3.190221746665803,7.769230769230769
0.15789473684210525,0.0,0.0,0.0,0.05263157894736842,0.7894736842105263,0.0,0.0,0.10526315789473684,0.0,0.15789473684210525,0.0,0.0,0.0,0.0,0.0,0.05263157894736842,0.0,0.0,0.0,0.0,0.05263157894736842,0.0,0.0,0.0,0.0,0.0,0.0,0.0,0.0,0.0,0.0,0.0,0.0,0.0,0.0,0.0,0.0,0.0,0.0,0.0,0.0,0.10526315789473684,0.0,0.15789473684210525,0.05263157894736842,0.0,0.0,0.0,0.0,0.0,0.0,0.0,0.0,0.0,0.0,0.0,0.0,0.0,0.0,0.12174423460137747,0.0,1.0,0.179467002053228,19.0,2.995732273553991,3.108718894188239,3.1438283206459112,5.105263157894737
0.0,0.0,0.0,0.0,0.058823529411764705,0.47058823529411764,0.0,0.0,0.0,0.0,0.29411764705882354,0.0,0.0,0.0,0.0,0.0,0.0,0.0,0.058823529411764705,0.0,0.0,0.0,0.0,0.0,0.0,0.0,0.0,0.0,0.0,0.0,0.0,0.0,0.058823529411764705,0.058823529411764705,0.0,0.058823529411764705,0.0,0.0,0.0,0.0,0.0,0.0,0.0,0.0,0.4117647058823529,0.0,0.0,0.0,0.0,0.0,0.0,0.0,0.0,0.0,0.0,0.0,0.0,0.0,0.0,0.0,0.15898194824769413,0.0,1.0,0.25140030436030447,17.0,2.8903717578961645,2.7603203589657905,6.276776551338476,11.117647058823529
0.13333333333333333,0.0,0.0,0.0,0.4,0.3333333333333333,0.0,0.0,0.06666666666666667,0.0,0.6,0.0,0.0,0.2,0.0,0.0,0.0,0.0,0.0,0.0,0.0,0.06666666666666667,0.0,0.0,0.0,0.0,0.0,0.0,0.0,0.0,0.0,0.0,0.0,0.0,0.0,0.06666666666666667,0.0,0.0,0.0,0.0,0.0,0.0,0.06666666666666667,0.0,0.06666666666666667,0.0,0.0,0.0,0.0,0.0,0.0,0.0,0.0,0.0,0.0,0.0,0.0,0.0,0.0,0.0,0.11424825543025455,0.0,1.0,0.16776426685158422,15.0,2.772588722239781,3.6535393249565016,2.9544693074880453,6.066666666666666
0.2222222222222222,0.0,0.0,0.0,0.2222222222222222,0.5555555555555556,0.0,0.0,0.1111111111111111,0.0,0.2222222222222222,0.0,0.0,0.0,0.0,0.0,0.0,0.0,0.0,0.0,0.0,0.0,0.0,0.0,0.0,0.0,0.0,0.0,0.0,0.0,0.0,0.0,0.0,0.0,0.0,0.0,0.0,0.0,0.0,0.0,0.0,0.0,0.0,0.0,0.1111111111111111,0.0,0.0,0.0,0.0,0.0,0.0,0.0,0.0,0.0,0.0,0.0,0.0,0.0,0.0,0.0,0.10813408285996005,0.0,1.0,0.1963515437375489,9.0,2.302585092994046,2.6221538382570277,4.521553322083512,6.333333333333333
0.0,0.0,0.0,0.0,0.3728813559322034,0.2033898305084746,0.0,0.01694915254237288,0.22033898305084745,0.0,0.5932203389830508,0.0,0.0,0.05084745762711865,0.0,0.0,0.11864406779661017,0.0,0.1016949152542373,0.0,0.0,0.1694915254237288,0.0,0.0,0.0,0.0,0.06779661016949153,0.0,0.0,0.0,0.0,0.0,0.03389830508474576,0.0,0.0,0.03389830508474576,0.0,0.11864406779661017,0.01694915254237288,0.0,0.0,0.0,0.01694915254237288,0.0,0.11864406779661017,0.0,0.0,0.0,0.01694915254237288,0.0,0.0,0.0,0.0,0.0,0.0,0.1694915254237288,0.0,0.0,0.0847457627118644,0.03389830508474576,0.09221119277750625,0.0,0.6,0.09557228006404833,59.0,4.0943445622221,5.902612112952058,3.6095726410424778,7.47457627118644
0.0625,0.0,0.0,0.0,0.3125,0.5,0.0,0.0625,0.375,0.0,0.875,0.0,0.0,0.125,0.0,0.0,0.25,0.0,0.0,0.0,0.0,0.0,0.1875,0.0,0.0,0.0,0.0,0.0,0.0,0.0,0.0,0.0,0.0,0.0,0.0,0.0,0.0,0.0,0.0,0.0,0.0,0.0,0.0,0.0,0.125,0.0,0.0,0.0,0.0,0.0,0.0,0.0,0.0,0.0,0.0,0.0,0.0,0.0,0.0,0.0,0.14535645312768675,0.0,0.8333333333333334,0.13034401832096254,16.0,2.833213344056216,3.9264205068916453,4.998437255783052,8.375
0.0,0.0,0.0,0.0,0.7,0.4,0.0,0.0,0.2,0.0,0.6,0.0,0.0,0.0,0.0,0.0,0.1,0.0,0.0,0.0,0.0,0.0,0.0,0.0,0.0,0.0,0.0,0.0,0.0,0.0,0.0,0.0,0.0,0.0,0.0,0.0,0.0,0.0,0.0,0.0,0.0,0.0,0.0,0.0,0.4,0.0,0.0,0.0,0.0,0.0,0.0,0.0,0.0,0.0,0.0,0.0,0.0,0.0,0.0,0.0,0.1985232632291455,0.0,0.6666666666666666,0.17120276014257013,10.0,2.3978952727983707,2.656501481856653,2.685144316419511,5.7
0.3,0.0,0.0,0.0,0.0,0.1,0.0,0.0,0.0,0.0,0.1,0.0,0.0,0.0,0.0,0.0,0.0,0.0,0.1,0.0,0.0,0.0,0.0,0.0,0.0,0.0,0.0,0.0,0.0,0.0,0.0,0.0,0.0,0.0,0.0,0.0,0.0,0.0,0.1,0.0,0.0,0.0,0.0,0.0,0.0,0.0,0.0,0.0,0.0,0.0,0.0,0.0,0.0,0.0,0.0,0.0,0.0,0.0,0.0,0.0,0.0928130511463845,0.0,0.6666666666666666,0.16647192414959316,10.0,2.3978952727983707,1.849860916204807,2.947880594596735,5.1
0.0,0.0,0.0,0.0,0.2857142857142857,0.42857142857142855,0.0,0.0,0.2857142857142857,0.0,0.5714285714285714,0.0,0.0,0.0,0.0,0.0,0.2857142857142857,0.0,0.0,0.0,0.0,0.14285714285714285,0.0,0.0,0.0,0.0,0.0,0.0,0.0,0.0,0.14285714285714285,0.0,0.0,0.0,0.0,0.14285714285714285,0.0,0.0,0.14285714285714285,0.0,0.0,0.0,0.0,0.0,0.14285714285714285,0.0,0.0,0.0,0.0,0.0,0.0,0.0,0.0,0.0,0.0,0.0,0.0,0.0,0.0,0.0,0.05405777514767663,0.0,0.3,0.07840992986922155,7.0,2.0794415416798357,4.539643013553343,6.91641053537726,8.857142857142858
0.045454545454545456,0.0,0.0,0.0,0.09090909090909091,0.045454545454545456,0.0,0.0,0.045454545454545456,0.0,0.5,0.0,0.0,0.09090909090909091,0.0,0.0,0.22727272727272727,0.0,0.045454545454545456,0.0,0.0,0.22727272727272727,0.0,0.0,0.0,0.0,0.0,0.0,0.0,0.0,0.0,0.0,0.0,0.0,0.0,0.0,0.0,0.13636363636363635,0.09090909090909091,0.0,0.0,0.0,0.22727272727272727,0.0,0.045454545454545456,0.0,0.0,0.0,0.045454545454545456,0.0,0.0,0.2727272727272727,0.0,0.0,0.0,0.0,0.0,0.0,0.13636363636363635,0.0,0.10059072657812153,0.0,0.6666666666666666,0.14751124283427683,22.0,3.1354942159291497,5.412243713404104,3.1403137180756135,5.954545454545454
0.0,0.0,0.0,0.0,0.2222222222222222,0.3333333333333333,0.0,0.2222222222222222,0.3333333333333333,0.0,0.6666666666666666,0.0,0.0,0.0,0.0,0.0,0.2222222222222222,0.0,0.0,0.0,0.0,0.0,0.2222222222222222,0.0,0.0,0.0,0.0,0.0,0.0,0.0,0.1111111111111111,0.0,0.0,0.0,0.0,0.0,0.0,0.0,0.0,0.0,0.0,0.0,0.0,0.0,0.1111111111111111,0.0,0.0,0.0,0.0,0.0,0.0,0.0,0.0,0.0,0.0,0.0,0.0,0.0,0.0,0.0,0.1751458002588525,0.0,1.0,0.24561199060769165,9.0,2.302585092994046,4.079866669230778,5.830951894845301,9.666666666666666
0.04,0.0,0.0,0.0,0.44,0.32,0.0,0.0,0.12,0.0,0.68,0.0,0.0,0.12,0.0,0.0,0.16,0.0,0.16,0.0,0.0,0.08,0.04,0.0,0.0,0.0,0.0,0.0,0.0,0.0,0.0,0.0,0.0,0.0,0.0,0.08,0.0,0.2,0.16,0.0,0.0,0.0,0.0,0.0,0.28,0.0,0.0,0.0,0.0,0.0,0.0,0.0,0.0,0.0,0.0,0.44,0.0,0.0,0.08,0.0,0.11757773683938519,0.0,1.0,0.1347751215217766,25.0,3.258096538021482,6.174500491456332,5.105918134870555,8.64
0.2222222222222222,0.0,0.0,0.0,0.4444444444444444,0.3333333333333333,0.0,0.0,0.1111111111111111,0.0,0.5555555555555556,0.0,0.0,0.0,0.0,0.0,0.0,0.0,0.0,0.0,0.0,0.0,0.0,0.0,0.0,0.0,0.0,0.0,0.0,0.0,0.0,0.0,0.0,0.0,0.0,0.0,0.0,0.0,0.0,0.0,0.0,0.0,0.0,0.0,0.0,0.0,0.0,0.0,0.0,0.0,0.0,0.0,0.0,0.0,0.0,0.0,0.0,0.0,0.0,0.0,0.09083273979107313,0.0,0.6,0.12512183447027325,9.0,2.302585092994046,2.353816338337156,2.282515398241571,5.111111111111111
0.0,0.0,0.0,0.0,0.25,0.25,0.0,0.0,0.125,0.0,0.375,0.0,0.0,0.0,0.0,0.0,0.125,0.0,0.0625,0.0,0.0,0.0,0.0,0.0,0.0,0.0,0.0,0.0,0.0,0.0,0.0,0.0,0.0,0.25,0.0,0.1875,0.0,0.0625,0.0625,0.0,0.0,0.0,0.0,0.0,0.0,0.0,0.0,0.0,0.0,0.0,0.0,0.0,0.0,0.0,0.0,0.0,0.0,0.0,0.0,0.0,0.08027591063415919,0.0,0.5,0.1145545233078567,16.0,2.833213344056216,3.9834585933443494,3.473110997362451,6.75
0.018867924528301886,0.0,0.0,0.0,0.33962264150943394,0.3584905660377358,0.0,0.03773584905660377,0.20754716981132076,0.0,0.5094339622641509,0.0,0.0,0.11320754716981132,0.0,0.0,0.018867924528301886,0.0,0.03773584905660377,0.0,0.0,0.24528301886792453,0.07547169811320754,0.0,0.0,0.0,0.0,0.0,0.0,0.0,0.0,0.0,0.0,0.0,0.0,0.018867924528301886,0.0,0.16981132075471697,0.018867924528301886,0.0,0.0,0.0,0.018867924528301886,0.0,0.09433962264150944,0.07547169811320754,0.0,0.0,0.0,0.0,0.0,0.018867924528301886,0.0,0.0,0.0,0.0,0.20754716981132076,0.0,0.03773584905660377,0.03773584905660377,0.06285039776989279,0.0,0.5,0.09724507102986091,53.0,3.9889840465642745,6.030633892754876,5.03430736278562,8.50943396226415
0.0,0.0,0.0,0.0,0.21621621621621623,0.16216216216216217,0.0,0.0,0.08108108108108109,0.0,0.4864864864864865,0.0,0.0,0.0,0.0,0.0,0.05405405405405406,0.0,0.02702702702702703,0.0,0.0,0.1891891891891892,0.05405405405405406,0.0,0.0,0.0,0.0,0.0,0.0,0.0,0.0,0.0,0.0,0.0,0.0,0.05405405405405406,0.0,0.0,0.05405405405405406,0.0,0.0,0.0,0.0,0.0,0.24324324324324326,0.0,0.0,0.0,0.0,0.0,0.0,0.0,0.0,0.0,0.0,0.0,0.0,0.0,0.0,0.13513513513513514,0.061017812319356025,0.0,0.42857142857142855,0.08437123902205587,37.0,3.6375861597263857,4.094613683556997,3.8704363545822797,7.216216216216216
0.05263157894736842,0.0,0.0,0.0,0.21052631578947367,0.0,0.0,0.0,0.2631578947368421,0.0,0.47368421052631576,0.0,0.0,0.0,0.0,0.0,0.10526315789473684,0.05263157894736842,0.05263157894736842,0.0,0.0,0.0,0.0,0.0,0.0,0.0,0.0,0.0,0.0,0.0,0.0,0.0,0.0,0.0,0.0,0.10526315789473684,0.0,0.0,0.10526315789473684,0.0,0.0,0.0,0.0,0.0,0.0,0.0,0.0,0.0,0.0,0.0,0.0,0.0,0.0,0.0,0.0,0.0,0.0,0.0,0.0,0.0,0.1089032215348005,0.0,1.0,0.20318484804089873,19.0,2.995732273553991,3.1871093355557467,2.923777771017084,5.631578947368421
0.0,0.0,0.0,0.0,0.18181818181818182,0.13636363636363635,0.0,0.0,0.09090909090909091,0.0,0.3409090909090909,0.0,0.0,0.06818181818181818,0.0,0.0,0.09090909090909091,0.0,0.06818181818181818,0.0,0.0,0.045454545454545456,0.022727272727272728,0.0,0.0,0.0,0.0,0.0,0.0,0.0,0.0,0.0,0.0,0.0,0.0,0.09090909090909091,0.0,0.022727272727272728,0.0,0.0,0.0,0.0,0.0,0.0,0.20454545454545456,0.022727272727272728,0.0,0.7045454545454546,0.0,0.0,0.045454545454545456,0.0,0.0,0.0,0.0,0.0,0.0,0.0,0.022727272727272728,0.0,0.13528342757805484,0.0,1.0,0.18954786585169817,44.0,3.8066624897703196,4.566220095290628,5.580505842174655,7.75
0.14285714285714285,0.0,0.0,0.0,0.42857142857142855,0.42857142857142855,0.0,0.0,0.0,0.0,0.2857142857142857,0.0,0.0,0.0,0.0,0.0,0.0,0.0,0.0,0.0,0.0,0.14285714285714285,0.0,0.0,0.0,0.0,0.2857142857142857,0.0,0.0,0.0,0.2857142857142857,0.0,0.0,0.0,0.0,0.0,0.0,0.0,0.0,0.0,0.0,0.0,0.0,0.0,0.0,0.0,0.0,0.0,0.0,0.0,0.0,0.0,0.0,0.0,0.0,0.0,0.0,0.0,0.0,0.0,0.09884150241293099,0.0,0.5,0.15679455120149502,7.0,2.0794415416798357,3.399027700639931,1.2936264483053452,5.428571428571429
0.0,0.0,0.0,0.0,0.0,0.2,0.0,0.0,0.1,0.0,0.6,0.0,0.0,0.0,0.0,0.0,0.1,0.0,0.0,0.0,0.0,0.0,0.0,0.0,0.0,0.0,0.0,0.0,0.0,0.0,0.0,0.0,0.0,0.0,0.0,0.0,0.0,0.0,0.0,0.0,0.0,0.0,0.0,0.0,0.2,0.0,0.0,0.0,0.0,0.0,0.0,0.0,0.0,0.0,0.0,0.0,0.0,0.0,0.0,0.0,0.18419851753185085,0.0,1.0,0.24020020220848445,10.0,2.3978952727983707,2.0353362134321413,1.16619037896906,6.2
0.0,0.0,0.0,0.0,0.5285714285714286,0.44285714285714284,0.0,0.0,0.14285714285714285,0.0,0.5428571428571428,0.0,0.0,0.02857142857142857,0.0,0.0,0.12857142857142856,0.0,0.05714285714285714,0.0,0.0,0.0,0.07142857142857142,0.0,0.0,0.0,0.0,0.0,0.0,0.0,0.0,0.0,0.02857142857142857,0.0,0.0,0.08571428571428572,0.0,0.08571428571428572,0.07142857142857142,0.0,0.0,0.0,0.0,0.0,0.24285714285714285,0.0,0.0,0.0,0.0,0.0,0.0,0.0,0.0,0.0,0.0,0.014285714285714285,0.0,0.0,0.014285714285714285,0.0,0.05254262098721802,0.0,0.2727272727272727,0.061949514554705154,70.0,4.2626798770413155,4.618140486666657,3.8662326756211685,7.371428571428571
0.0,0.0,0.0,0.0,0.21428571428571427,0.21428571428571427,0.0,0.0,0.35714285714285715,0.0,0.7857142857142857,0.0,0.0,0.0,0.0,0.0,0.35714285714285715,0.0,0.0,0.0,0.0,0.0,0.0,0.0,0.0,0.0,0.0,0.0,0.0,0.0,0.0,0.0,0.0,0.0,0.0,0.0,0.0,0.0,0.0,0.0,0.0,0.0,0.0,0.0,0.07142857142857142,0.0,0.0,0.0,0.0,0.0,0.0,0.21428571428571427,0.0,0.0,0.0,0.0,0.0,0.0,0.0,0.0,0.12254674328042135,0.0,1.0,0.15937146205111039,14.0,2.70805020110221,3.0350222373865305,3.150153867314278,5.928571428571429
0.0,0.0,0.0,0.0,0.23076923076923078,0.0,0.0,0.0,0.07692307692307693,0.0,1.0,0.0,0.0,0.0,0.0,0.0,0.07692307692307693,0.0,0.0,0.0,0.0,0.15384615384615385,0.46153846153846156,0.0,0.0,0.0,0.0,0.0,0.0,0.0,0.0,0.0,0.0,0.0,0.0,0.0,0.0,0.0,0.0,0.0,0.0,0.0,0.0,0.0,0.3076923076923077,0.0,0.0,0.0,0.0,0.0,0.0,0.0,0.0,0.0,0.0,0.0,0.0,0.0,0.0,0.0,0.2897398512744882,0.037037037037037035,0.875,0.22152495863494845,13.0,2.6390573296152584,2.510985592454474,6.087138444118864,12.153846153846153
0.1875,0.0,0.0,0.0,0.125,0.0625,0.0,0.0,0.1875,0.0,0.4375,0.0,0.0,0.0,0.0,0.0,0.125,0.0,0.0,0.0,0.0,0.0,0.0,0.0,0.0,0.0,0.0,0.0,0.0,0.0,0.0,0.0,0.0,0.0,0.0,0.0,0.0,0.0,0.0,0.0,0.0,0.0,0.0,0.0,0.0625,0.0,0.0,0.0,0.0,0.0,0.0,0.0,0.0,0.0,0.0,0.0,0.0,0.0,0.0,0.0,0.0800141921570493,0.0,1.0,0.15244105079307035,16.0,2.833213344056216,2.6774212838293643,2.014595182660775,5.0625
0.0,0.0,0.0,0.0,0.1,0.125,0.0,0.025,0.075,0.0,0.425,0.0,0.0,0.0,0.0,0.0,0.125,0.0,0.025,0.0,0.0,0.125,0.025,0.0,0.0,0.0,0.0,0.0,0.0,0.0,0.0,0.0,0.0,0.075,0.0,0.025,0.0,0.05,0.05,0.0,0.0,0.0,0.025,0.0,0.1,0.0,0.0,0.0,0.0,0.0,0.025,0.025,0.0,0.0,0.0,0.0,0.0,0.0,0.05,0.025,0.06305006229375977,0.0,0.625,0.10421590385639357,40.0,3.713572066704308,4.5872530241087155,3.6434015699617848,7.775
0.0,0.0,0.0,0.0,0.5454545454545454,0.2727272727272727,0.0,0.0,0.2727272727272727,0.0,1.0,0.0,0.0,0.18181818181818182,0.0,0.0,0.09090909090909091,0.0,0.0,0.0,0.0,0.0,0.0,0.0,0.0,0.0,0.0,0.0,0.0,0.0,0.0,0.0,0.0,0.0,0.0,0.0,0.0,0.0,0.0,0.0,0.0,0.0,0.0,0.0,0.2727272727272727,0.0,0.0,0.0,0.0,0.0,0.0,0.0,0.0,0.0,0.0,0.0,0.0,0.0,0.09090909090909091,0.0,0.18952141730427682,0.05,0.7142857142857143,0.12929512041624214,11.0,2.4849066497880004,3.086796658481028,3.185711903260951,7.181818181818182
0.0,0.0,0.0,0.0,0.47058823529411764,0.2647058823529412,0.0,0.058823529411764705,0.14705882352941177,0.0,0.38235294117647056,0.0,0.0,0.14705882352941177,0.0,0.0,0.23529411764705882,0.0,0.08823529411764706,0.0,0.0,0.029411764705882353,0.0,0.0,0.0,0.0,0.0,0.0,0.0,0.0,0.0,0.0,0.08823529411764706,0.0,0.0,0.029411764705882353,0.0,0.08823529411764706,0.029411764705882353,0.0,0.0,0.0,0.0,0.0,0.17647058823529413,0.029411764705882353,0.0,0.0,0.029411764705882353,0.0,0.0,0.11764705882352941,0.0,0.0,0.0,0.4411764705882353,0.0,0.0,0.17647058823529413,0.0,0.09795581042599892,0.0,0.75,0.12229055461300348,34.0,3.5553480614894135,6.53725820299483,3.6623257307052124,8.382352941176471
0.0,0.0,0.0,0.0,0.4166666666666667,0.5833333333333334,0.0,0.0,0.08333333333333333,0.0,0.4166666666666667,0.0,0.0,0.08333333333333333,0.0,0.0,0.08333333333333333,0.0,0.0,0.0,0.0,0.0,0.0,0.0,0.0,0.0,0.0,0.0,0.0,0.0,0.0,0.25,0.0,0.25,0.0,0.0,0.0,0.0,0.0,0.0,0.25,0.0,0.0,0.0,0.08333333333333333,0.0,0.0,0.0,0.0,0.25,0.0,0.0,0.0,0.0,0.0,0.0,0.0,0.0,0.0,0.0,0.11591472005910508,0.0,0.7777777777777778,0.1635876132446011,12.0,2.5649493574615367,4.701120592655618,1.6244657241348275,7.833333333333333
0.06060606060606061,0.0,0.0,0.0,0.030303030303030304,0.06060606060606061,0.0,0.0,0.0,0.0,0.21212121212121213,0.0,0.0,0.12121212121212122,0.0,0.0,0.0,0.0,0.0,0.0,0.0,0.18181818181818182,0.0,0.0,0.0,0.0,0.0,0.0,0.0,0.0,0.0,0.0,0.0,0.030303030303030304,0.0,0.06060606060606061,0.0,0.0,0.0,0.0,0.0,0.0,0.2727272727272727,0.0,0.030303030303030304,0.0,0.0,0.0,0.0,0.0,0.0,0.12121212121212122,0.0,0.0,0.0,0.0,0.0,0.0,0.0,0.15151515151515152,0.09541197090622124,0.0,0.75,0.15501743710698535,33.0,3.5263605246161616,3.7773671607764903,2.7376905403915717,5.333333333333333
0.0,0.0,0.0,0.0,0.3333333333333333,0.3333333333333333,0.0,0.0,0.16666666666666666,0.0,0.5833333333333334,0.0,0.0,0.4166666666666667,0.0,0.0,0.25,0.0,0.08333333333333333,0.0,0.0,0.16666666666666666,0.08333333333333333,0.0,0.0,0.0,0.0,0.0,0.0,0.0,0.0,0.0,0.16666666666666666,0.0,0.0,0.08333333333333333,0.0,0.0,0.08333333333333333,0.0,0.0,0.0,0.08333333333333333,0.0,0.25,0.0,0.0,0.0,0.0,0.0,0.0,0.0,0.0,0.0,0.0,0.0,0.0,0.0,0.0,0.0,0.07716791413476089,0.0,0.5454545454545454,0.09022379639797268,12.0,2.5649493574615367,5.822726049459652,3.7518513948301426,8.583333333333334
0.0,0.0,0.0,0.0,0.2857142857142857,0.2857142857142857,0.0,0.0,0.0,0.0,0.2857142857142857,0.0,0.0,0.0,0.0,0.0,0.14285714285714285,0.0,0.0,0.0,0.0,0.0,0.0,0.0,0.0,0.0,0.0,0.0,0.0,0.0,0.42857142857142855,0.0,0.0,0.0,0.0,0.14285714285714285,0.0,0.0,0.0,0.0,0.0,0.0,0.0,0.0,0.0,0.0,0.0,0.0,0.0,0.0,0.0,0.0,0.0,0.0,0.0,0.0,0.0,0.0,0.0,0.0,0.10839002267573696,0.0,0.8,0.22200461371015395,7.0,2.0794415416798357,2.8751452343528827,1.1605769149479943,4.714285714285714
0.14285714285714285,0.0,0.0,0.0,0.14285714285714285,0.14285714285714285,0.0,0.0,0.0,0.0,0.2857142857142857,0.0,0.0,0.0,0.0,0.0,0.0,0.0,0.14285714285714285,0.0,0.0,0.0,0.0,0.0,0.0,0.0,0.0,0.0,0.0,0.0,0.0,0.0,0.0,0.0,0.0,0.0,0.0,0.14285714285714285,0.0,0.0,0.0,0.0,0.0,0.0,0.2857142857142857,0.0,0.0,0.0,0.0,0.0,0.0,0.0,0.0,0.0,0.0,0.0,0.0,0.0,0.0,0.0,0.07221764126526031,0.0,0.8571428571428571,0.1873413731721611,7.0,2.0794415416798357,3.038027756931205,5.855400437691199,8.0
0.35714285714285715,0.0,0.0,0.0,0.14285714285714285,0.2857142857142857,0.0,0.0,0.0,0.0,0.2857142857142857,0.0,0.0,0.0,0.0,0.0,0.07142857142857142,0.0,0.07142857142857142,0.0,0.0,0.0,0.0,0.0,0.0,0.0,0.35714285714285715,0.0,0.0,0.0,0.0,0.0,0.0,0.0,0.0,0.07142857142857142,0.0,0.0,0.07142857142857142,0.0,0.0,0.0,0.0,0.0,0.0,0.0,0.0,0.0,0.0,0.0,0.0,0.0,0.0,0.0,0.0,0.0,0.0,0.0,0.0,0.0,0.099629857322165,0.0,0.6666666666666666,0.15500642157494884,14.0,2.70805020110221,3.582659798607777,2.351725376164904,4.428571428571429
0.0,0.0,0.0,0.0,0.07142857142857142,0.07142857142857142,0.0,0.0,0.03571428571428571,0.0,0.14285714285714285,0.0,0.0,0.03571428571428571,0.0,0.0,0.07142857142857142,0.0,0.0,0.0,0.0,0.0,0.0,0.0,0.0,0.0,0.0,0.0,0.0,0.0,0.0,0.0,0.10714285714285714,0.0,0.0,0.07142857142857142,0.0,0.0,0.0,0.0,0.0,0.0,0.0,0.10714285714285714,0.25,0.0,0.0,0.0,0.0,0.0,0.0,0.0,0.0,0.0,0.0,0.0,0.0,0.0,0.03571428571428571,0.0,0.19976602623219164,0.0,0.8,0.15675189782954313,28.0,3.367295829986474,3.1944527985315267,3.3373275389210475,7.071428571428571
0.05405405405405406,0.0,0.0,0.0,0.10810810810810811,0.2972972972972973,0.0,0.0,0.02702702702702703,0.0,0.32432432432432434,0.0,0.02702702702702703,0.08108108108108109,0.02702702702702703,0.0,0.02702702702702703,0.0,0.0,0.02702702702702703,0.0,0.13513513513513514,0.0,0.0,0.0,0.0,0.0,0.0,0.0,0.0,0.0,0.43243243243243246,0.0,0.2972972972972973,0.0,0.02702702702702703,0.0,0.02702702702702703,0.02702702702702703,0.0,0.35135135135135137,0.0,0.10810810810810811,0.0,0.0,0.0,0.0,0.0,0.02702702702702703,0.10810810810810811,0.0,0.1891891891891892,0.0,0.0,0.0,0.0,0.0,0.0,0.0,0.0,0.07474741256253861,0.0,0.5,0.12379568373837965,37.0,3.6375861597263857,6.294757176838158,2.705944002331638,5.405405405405405
0.0,0.0,0.0,0.0,0.3,0.3,0.0,0.0,0.0,0.0,0.3,0.0,0.0,0.3,0.0,0.0,0.0,0.0,0.1,0.0,0.0,0.0,0.0,0.0,0.0,0.0,0.0,0.0,0.0,0.0,0.0,0.0,0.0,0.0,0.0,0.0,0.0,0.0,0.0,0.0,0.0,0.0,0.1,0.0,0.0,0.0,0.0,0.0,0.0,0.0,0.0,0.0,0.0,0.0,0.0,0.0,0.0,0.0,0.0,0.0,0.06455066538399871,0.0,0.625,0.13326430492198624,10.0,2.3978952727983707,2.7487443319769196,2.6476404589747453,5.3
0.0,0.0,0.0,0.0,0.0,0.25,0.0,0.0,0.0,0.0,0.25,0.0,0.0,0.125,0.0,0.0,0.0,0.0,0.25,0.0,0.0,0.0,0.0,0.0,0.0,0.0,0.0,0.0,0.0,0.0,0.0,0.0,0.0,0.0,0.0,0.0,0.0,0.0,0.375,0.0,0.0,0.0,0.0,0.0,0.0,0.0,0.0,0.0,0.0,0.0,0.0,0.0,0.0,0.0,0.0,0.0,0.0,0.0,0.0,0.0,0.09311270545514241,0.0,0.42857142857142855,0.12501090392908262,8.0,2.1972245773362196,2.4056390622295662,2.277608394786075,6.75
0.14285714285714285,0.0,0.0,0.0,0.2857142857142857,0.42857142857142855,0.0,0.0,0.2857142857142857,0.0,0.42857142857142855,0.0,0.0,0.14285714285714285,0.0,0.0,0.14285714285714285,0.0,0.0,0.0,0.0,0.0,0.2857142857142857,0.0,0.0,0.0,0.0,0.0,0.0,0.0,0.0,0.0,0.0,0.0,0.0,0.0,0.0,0.0,0.0,0.0,0.0,0.0,0.0,0.0,0.2857142857142857,0.0,0.0,0.0,0.0,0.0,0.0,0.0,0.0,0.0,0.0,0.0,0.0,0.0,0.0,0.0,0.0556399953740757,0.0,0.25,0.08301332811313829,7.0,2.0794415416798357,4.316465524378905,5.314592925068078,11.428571428571429
0.0,0.0,0.0,0.0,0.19047619047619047,0.38095238095238093,0.0,0.0,0.0,0.0,0.2857142857142857,0.0,0.0,0.14285714285714285,0.0,0.0,0.047619047619047616,0.0,0.047619047619047616,0.0,0.0,0.14285714285714285,0.0,0.0,0.0,0.0,0.0,0.0,0.0,0.0,0.0,0.0,0.0,0.0,0.0,0.0,0.0,0.23809523809523808,0.047619047619047616,0.0,0.0,0.0,0.0,0.0,0.14285714285714285,0.14285714285714285,0.0,0.0,0.047619047619047616,0.0,0.0,0.0,0.0,0.0,0.0,0.0,0.0,0.0,0.0,0.09523809523809523,0.05293032896009326,0.0,0.5454545454545454,0.0960952734489936,21.0,3.091042453358316,4.759335659357693,4.271404682207444,7.428571428571429
0.2222222222222222,0.0,0.0,0.0,0.2777777777777778,0.5555555555555556,0.0,0.0,0.1111111111111111,0.0,0.2222222222222222,0.0,0.0,0.0,0.0,0.0,0.1111111111111111,0.0,0.0,0.0,0.0,0.1111111111111111,0.0,0.0,0.0,0.0,0.0,0.0,0.0,0.0,0.05555555555555555,0.0,0.0,0.0,0.0,0.0,0.0,0.0,0.0,0.0,0.0,0.0,0.3333333333333333,0.0,0.1111111111111111,0.0,0.0,0.0,0.0,0.0,0.0,0.0,0.0,0.0,0.0,0.0,0.0,0.0,0.0,0.3333333333333333,0.07929165452841971,0.0,0.5714285714285714,0.10760548414494546,18.0,2.9444389791664403,4.646012701749857,3.1446603773522015,7.666666666666667
0.0,0.0,0.0,0.0,0.09090909090909091,0.09090909090909091,0.0,0.0,0.0,0.0,0.45454545454545453,0.0,0.0,0.0,0.0,0.0,0.0,0.0,0.0,0.0,0.0,0.09090909090909091,0.0,0.0,0.0,0.0,0.0,0.0,0.0,0.0,0.0,0.0,0.0,0.0,0.0,0.0,0.0,0.0,0.0,0.0,0.0,0.0,0.2727272727272727,0.0,0.09090909090909091,0.0,0.0,0.0,0.0,0.0,0.0,0.0,0.0,0.0,0.0,0.0,0.0,0.0,0.0,0.36363636363636365,0.10929889035504008,0.0,0.8,0.19291726495692038,11.0,2.4849066497880004,2.816943447417862,2.185602778212965,5.636363636363637
0.13333333333333333,0.0,0.0,0.0,0.0,0.13333333333333333,0.0,0.0,0.0,0.0,0.0,0.0,0.0,0.0,0.0,0.0,0.0,0.0,0.0,0.0,0.0,0.4,0.0,0.0,0.0,0.0,0.06666666666666667,0.0,0.0,0.0,0.0,0.0,0.0,0.0,0.0,0.0,0.0,0.0,0.0,0.0,0.0,0.0,0.0,0.0,0.13333333333333333,0.0,0.0,0.0,0.2,0.0,0.0,0.0,0.0,0.0,0.0,0.0,0.0,0.4666666666666667,0.0,0.26666666666666666,0.07806483141886869,0.0,1.0,0.15572651101314772,15.0,2.772588722239781,3.437993274702424,3.6599939283495475,6.066666666666666
0.05,0.0,0.0,0.0,0.05,0.1,0.0,0.0,0.0,0.0,0.5,0.0,0.0,0.1,0.0,0.0,0.2,0.0,0.0,0.0,0.0,0.4,0.0,0.0,0.0,0.0,0.0,0.0,0.0,0.0,0.0,0.0,0.0,0.0,0.0,0.05,0.0,0.0,0.05,0.0,0.0,0.0,0.2,0.0,0.2,0.0,0.0,0.0,0.0,0.0,0.05,0.15,0.0,0.0,0.0,0.0,0.0,0.0,0.0,0.05,0.09725177610678128,0.0,0.6666666666666666,0.13405584996423467,20.0,3.044522437723423,4.793436981455975,3.412843389316304,7.55
0.05555555555555555,0.0,0.0,0.0,0.16666666666666666,0.3333333333333333,0.0,0.0,0.1388888888888889,0.0,0.4166666666666667,0.0,0.0,0.027777777777777776,0.0,0.0,0.1111111111111111,0.0,0.0,0.0,0.0,0.19444444444444445,0.0,0.0,0.0,0.0,0.0,0.0,0.0,0.0,0.0,0.0,0.0,0.0,0.0,0.027777777777777776,0.0,0.0,0.0,0.0,0.0,0.0,0.0,0.0,0.08333333333333333,0.08333333333333333,0.0,0.0,0.0,0.0,0.0,0.0,0.0,0.0,0.0,0.0,0.0,0.0,0.027777777777777776,0.08333333333333333,0.06752496985416241,0.0,0.8571428571428571,0.1371341317305723,36.0,3.6109179126442243,4.251300103011851,3.3869529989776876,6.027777777777778
0.0,0.0,0.0,0.0,0.4,0.9,0.0,0.0,0.3,0.0,0.6,0.0,0.0,0.0,0.0,0.0,0.3,0.0,0.0,0.0,0.0,0.0,0.0,0.0,0.0,0.0,0.0,0.0,0.0,0.0,0.0,0.0,0.0,0.0,0.0,0.0,0.0,0.0,0.0,0.0,0.0,0.0,0.0,0.0,0.3,0.0,0.0,0.0,0.0,0.0,0.0,0.0,0.0,0.0,0.0,0.0,0.0,0.0,0.0,0.0,0.12785959217176965,0.0,0.6666666666666666,0.10746219106301187,10.0,2.3978952727983707,2.6710224133047995,3.9446165846632044,8.8
0.0,0.0,0.0,0.0,0.25,0.125,0.0,0.0,0.375,0.0,1.0,0.0,0.0,0.0,0.0,0.0,0.125,0.0,0.0,0.0,0.0,0.0,0.0,0.0,0.0,0.0,0.0,0.0,0.0,0.0,0.0,0.0,0.125,0.0,0.0,0.0,0.0,0.0,0.0,0.0,0.0,0.0,0.0,0.0,0.0,0.0,0.0,0.0,0.0,0.0,0.0,0.0,0.0,0.0,0.0,0.0,0.0,0.0,0.125,0.0,0.1762461249068392,0.05,0.8333333333333334,0.1493888189660973,8.0,2.1972245773362196,2.5306390622295662,2.8695600708122493,6.625
0.06779661016949153,0.0,0.0,0.0,0.22033898305084745,0.13559322033898305,0.0,0.0,0.01694915254237288,0.0,0.2711864406779661,0.0,0.0,0.05084745762711865,0.0,0.0,0.1016949152542373,0.0,0.0847457627118644,0.0,0.0,0.1016949152542373,0.0,0.0,0.0,0.0,0.03389830508474576,0.0,0.0,0.0,0.05084745762711865,0.0,0.0,0.0,0.0,0.05084745762711865,0.0,0.01694915254237288,0.03389830508474576,0.0,0.0,0.0,0.0847457627118644,0.0,0.11864406779661017,0.0,0.0,0.0,0.03389830508474576,0.0,0.0,0.0,0.0,0.0,0.0,0.0,0.0,0.0,0.01694915254237288,0.0847457627118644,0.04029454418662733,0.0,0.5,0.08760430553723685,59.0,4.0943445622221,5.037550319694222,3.7406591507287157,6.203389830508475
0.0,0.0,0.0,0.0,0.25,0.3333333333333333,0.0,0.0,0.16666666666666666,0.0,0.75,0.0,0.0,0.0,0.0,0.0,0.0,0.0,0.0,0.0,0.0,0.08333333333333333,0.0,0.0,0.0,0.0,0.0,0.0,0.0,0.0,0.0,0.0,0.0,0.0,0.0,0.08333333333333333,0.0,0.08333333333333333,0.0,0.0,0.0,0.0,0.16666666666666666,0.0,0.16666666666666666,0.0,0.0,0.0,0.0,0.0,0.0,0.0,0.0,0.0,0.0,0.0,0.0,0.0,0.0,0.16666666666666666,0.09608433010839428,0.0,0.5714285714285714,0.11329018251558498,12.0,2.5649493574615367,3.959147917027245,2.217355782608345,5.5
0.05263157894736842,0.0,0.0,0.0,0.2631578947368421,0.47368421052631576,0.0,0.0,0.05263157894736842,0.0,0.15789473684210525,0.0,0.0,0.0,0.0,0.0,0.0,0.0,0.05263157894736842,0.0,0.0,0.0,0.0,0.0,0.0,0.0,0.05263157894736842,0.0,0.0,0.0,0.21052631578947367,0.05263157894736842,0.0,0.05263157894736842,0.0,0.05263157894736842,0.0,0.0,0.0,0.0,0.05263157894736842,0.0,0.0,0.0,0.15789473684210525,0.0,0.0,0.0,0.0,0.0,0.0,0.0,0.0,0.0,0.0,0.0,0.0,0.0,0.0,0.0,0.06815994986715908,0.0,0.6666666666666666,0.12549331025457244,19.0,2.995732273553991,4.1202599967605344,2.9791519364389276,6.578947368421052
0.0,0.0,0.0,0.0,0.7142857142857143,0.8571428571428571,0.0,0.0,0.0,0.0,0.14285714285714285,0.0,0.0,0.0,0.0,0.0,0.0,0.0,0.0,0.0,0.0,0.14285714285714285,0.14285714285714285,0.0,0.0,0.0,0.0,0.0,0.0,0.0,0.0,0.0,0.0,0.0,0.0,0.14285714285714285,0.0,0.14285714285714285,0.0,0.0,0.0,0.0,0.0,0.0,0.2857142857142857,0.0,0.0,0.0,0.0,0.0,0.0,0.0,0.0,0.0,0.0,0.0,0.0,0.0,0.0,0.0,0.164030612244898,0.0,1.0,0.19805026556677063,7.0,2.0794415416798357,3.0589961597533035,2.415933503612538,7.142857142857143
0.09090909090909091,0.0,0.0,0.0,0.18181818181818182,0.36363636363636365,0.0,0.0,0.0,0.0,0.22727272727272727,0.0,0.0,0.09090909090909091,0.0,0.0,0.0,0.0,0.0,0.0,0.0,0.045454545454545456,0.0,0.0,0.0,0.0,0.0,0.0,0.0,0.0,0.0,0.0,0.0,0.0,0.0,0.09090909090909091,0.0,0.0,0.0,0.0,0.0,0.0,0.0,0.0,0.18181818181818182,0.0,0.0,0.0,0.0,0.0,0.0,0.0,0.0,0.0,0.0,0.0,0.0,0.0,0.0,0.0,0.05296108361662532,0.0,0.6666666666666666,0.08714271369290265,22.0,3.1354942159291497,3.0570202203367054,6.189333666855376,8.318181818181818
0.2,0.0,0.0,0.0,0.3,0.1,0.0,0.0,0.0,0.0,0.6,0.0,0.0,0.0,0.0,0.0,0.0,0.0,0.3,0.0,0.0,0.1,0.0,0.1,0.0,0.0,0.0,0.0,0.0,0.0,0.0,0.0,0.2,0.0,0.0,0.0,0.0,0.2,0.1,0.0,0.0,0.0,0.0,0.0,0.1,0.0,0.0,0.0,0.0,0.0,0.0,0.0,0.0,0.0,0.0,0.0,0.0,0.0,0.3,0.0,0.17328244367718054,0.0625,0.45454545454545453,0.10629882312230751,10.0,2.3978952727983707,5.0595692956254075,3.6932370625238775,7.6
0.0,0.0,0.0,0.0,0.17105263157894737,0.5263157894736842,0.0,0.013157894736842105,0.05263157894736842,0.0,0.09210526315789473,0.0,0.09210526315789473,0.013157894736842105,0.06578947368421052,0.0,0.05263157894736842,0.0,0.02631578947368421,0.06578947368421052,0.0,0.039473684210526314,0.013157894736842105,0.0,0.0,0.0,0.013157894736842105,0.0,0.0,0.0,0.013157894736842105,0.0,0.0,0.0,0.0,0.013157894736842105,0.0,0.039473684210526314,0.02631578947368421,0.013157894736842105,0.0,0.0,0.0,0.0,0.7105263157894737,0.02631578947368421,0.0,0.0,0.013157894736842105,0.0,0.0,0.0,0.0,0.0,0.0,0.0,0.0,0.0,0.013157894736842105,0.013157894736842105,0.10617465686758427,0.0,0.8235294117647058,0.1254676656319289,76.0,4.343805421853684,4.475493941503345,7.512086290985567,11.447368421052632
0.0,0.0,0.0,0.0,0.7027027027027027,0.5135135135135135,0.0,0.05405405405405406,0.32432432432432434,0.0,0.5945945945945946,0.0,0.0,0.05405405405405406,0.0,0.0,0.21621621621621623,0.0,0.05405405405405406,0.0,0.0,0.02702702702702703,0.08108108108108109,0.16216216216216217,0.0,0.0,0.0,0.0,0.0,0.0,0.0,0.0,0.02702702702702703,0.0,0.0,0.0,0.0,0.05405405405405406,0.0,0.0,0.0,0.0,0.0,0.0,0.21621621621621623,0.0,0.0,0.0,0.0,0.0,0.0,0.02702702702702703,0.0,0.0,0.0,0.0,0.0,0.0,0.05405405405405406,0.0,0.12951087170237988,0.0,0.6666666666666666,0.10067685091712114,37.0,3.6375861597263857,5.059250816927724,3.2201883261851854,7.8108108108108105
0.06896551724137931,0.0,0.0,0.0,0.06896551724137931,0.06896551724137931,0.0,0.0,0.034482758620689655,0.0,0.20689655172413793,0.0,0.0,0.0,0.0,0.0,0.06896551724137931,0.0,0.06896551724137931,0.0,0.0,0.4482758620689655,0.034482758620689655,0.0,0.0,0.0,0.0,0.0,0.0,0.0,0.0,0.0,0.034482758620689655,0.20689655172413793,0.0,0.06896551724137931,0.0,0.0,0.06896551724137931,0.0,0.0,0.0,0.0,0.0,0.034482758620689655,0.0,0.0,0.0,0.0,0.0,0.0,0.0,0.0,0.0,0.0,0.0,0.0,0.0,0.0,0.13793103448275862,0.0872757134344705,0.0,1.0,0.1811964049059769,29.0,3.4011973816621555,4.386201394017511,4.282253287972856,6.724137931034483
0.0,0.0,0.0,0.0,0.375,0.75,0.0,0.0,0.25,0.0,0.75,0.0,0.0,0.125,0.0,0.0,0.25,0.0,0.375,0.0,0.0,0.0,0.125,0.0,0.0,0.0,0.0,0.0,0.0,0.0,0.0,0.0,0.0,0.125,0.0,0.125,0.0,0.0,0.0,0.0,0.0,0.0,0.0,0.0,0.25,0.0,0.0,0.0,0.0,0.0,0.0,0.0,0.0,0.0,0.0,0.125,0.0,0.0,0.0,0.0,0.0879970844082968,0.0,0.25806451612903225,0.06724532190155827,8.0,2.1972245773362196,5.058834373377398,5.633327169621874,11.625
0.0,0.0,0.0,0.0,0.5,0.3125,0.0,0.0,0.0625,0.0,0.4375,0.0,0.0,0.0625,0.0,0.0,0.125,0.0,0.0,0.0,0.0,0.0,0.0,0.0,0.0,0.0,0.0,0.0,0.0,0.0,0.0,0.0,0.0,0.0,0.0,0.0,0.0,0.0,0.125,0.0,0.0,0.0,0.0,0.0,0.125,0.0625,0.0,0.0,0.0,0.0,0.0,0.125,0.0,0.0,0.0,0.0,0.0,0.0,0.0625,0.0,0.11586436787122323,0.0,1.0,0.20641504867907606,16.0,2.833213344056216,4.046179691947497,2.9973947020704497,6.375
0.0,0.0,0.0,0.0,0.0,0.0,0.0,0.0,0.0,0.0,0.3,0.0,0.0,0.0,0.0,0.0,0.05,0.0,0.1,0.0,0.0,0.0,0.05,0.0,0.0,0.0,0.0,0.0,0.0,0.0,0.0,0.0,0.0,0.0,0.0,0.1,0.0,0.0,0.2,0.0,0.0,0.0,0.0,0.0,0.05,0.0,0.0,0.0,0.0,0.0,0.0,0.0,0.0,0.0,0.0,0.0,0.0,0.0,0.0,0.0,0.2128349692635407,0.0,1.0,0.25676879687506216,20.0,3.044522437723423,2.2981501304379113,2.8635642126552705,5.0
0.022727272727272728,0.0,0.0,0.0,0.045454545454545456,0.022727272727272728,0.0,0.022727272727272728,0.0,0.0,0.09090909090909091,0.0,0.0,0.0,0.0,0.0,0.045454545454545456,0.0,0.13636363636363635,0.0,0.0,0.09090909090909091,0.0,0.0,0.0,0.0,0.0,0.0,0.0,0.0,0.0,0.0,0.0,0.0,0.0,0.06818181818181818,0.0,0.0,0.11363636363636363,0.0,0.0,0.0,0.0,0.0,0.22727272727272727,0.0,0.0,0.0,0.0,0.0,0.0,0.0,0.0,0.0,0.0,0.0,0.0,0.0,0.0,0.09090909090909091,0.10451919928810684,0.0,0.875,0.19289258228603381,44.0,3.8066624897703196,3.2195903561727945,5.0117114907101055,7.795454545454546
0.0,0.0,0.0,0.0,0.25925925925925924,0.037037037037037035,0.0,0.0,0.3333333333333333,0.0,1.0,0.0,0.0,0.07407407407407407,0.0,0.0,0.1111111111111111,0.0,0.0,0.0,0.0,0.0,0.3333333333333333,0.0,0.0,0.0,0.0,0.0,0.0,0.0,0.0,0.0,0.0,0.0,0.0,0.0,0.0,0.037037037037037035,0.0,0.0,0.0,0.0,0.0,0.0,0.25925925925925924,0.0,0.0,0.0,0.07407407407407407,0.0,0.0,0.0,0.0,0.0,0.0,0.0,0.0,0.0,0.0,0.0,0.1649300712963835,0.037037037037037035,0.5,0.10111100097777986,27.0,3.332204510175204,3.327180783398913,4.109609335312651,8.333333333333334
0.0,0.0,0.0,0.0,0.04,0.28,0.0,0.0,0.0,0.0,0.24,0.0,0.0,0.0,0.0,0.0,0.0,0.0,0.0,0.0,0.0,0.0,0.0,0.0,0.0,0.0,0.0,0.0,0.0,0.0,0.0,0.0,0.0,0.0,0.0,0.0,0.0,0.0,0.04,0.0,0.0,0.0,0.0,0.0,0.04,0.0,0.0,0.0,0.0,0.0,0.0,0.0,0.0,0.0,0.0,0.0,0.0,0.0,0.0,0.0,0.10700102263127474,0.0,1.0,0.16988192930515925,25.0,3.258096538021482,1.5656175831066172,2.9191779664830304,4.28
0.0625,0.0,0.0,0.0,0.375,0.4375,0.0,0.0,0.125,0.0,0.1875,0.0,0.0,0.0,0.0,0.0,0.1875,0.0,0.0,0.0,0.0,0.0,0.0,0.0,0.0,0.0,0.0,0.0,0.0,0.0,0.0,0.0,0.0,0.0,0.0,0.0,0.0,0.0,0.0,0.0,0.0,0.0,0.0,0.0,0.125,0.0,0.0,0.0,0.0,0.0,0.0,0.0,0.0,0.0,0.0,0.0,0.0,0.0,0.0,0.0,0.08691304515917518,0.0,0.7777777777777778,0.16315101076600794,16.0,2.833213344056216,2.958060346058931,3.585997071945263,7.125
0.0625,0.0,0.0,0.0,0.3333333333333333,0.6041666666666666,0.0,0.0,0.08333333333333333,0.0,0.25,0.0,0.0,0.0,0.0,0.0,0.0625,0.0,0.0625,0.0,0.0,0.020833333333333332,0.0,0.0,0.0,0.0,0.10416666666666667,0.0,0.0,0.0,0.0,0.0,0.020833333333333332,0.0,0.0,0.08333333333333333,0.0,0.0,0.041666666666666664,0.0,0.0,0.0,0.0,0.0,0.3125,0.0,0.0,0.0,0.0625,0.0,0.0,0.0,0.0,0.0,0.0,0.0,0.0,0.0,0.0,0.020833333333333332,0.1296886470558194,0.0,0.75,0.12961059715821663,48.0,3.8918202981106265,4.469429724770542,5.039427877580285,8.25
0.08108108108108109,0.0,0.0,0.0,0.08108108108108109,0.10810810810810811,0.0,0.0,0.02702702702702703,0.0,0.24324324324324326,0.0,0.0,0.0,0.02702702702702703,0.0,0.02702702702702703,0.0,0.08108108108108109,0.0,0.0,0.16216216216216217,0.0,0.0,0.0,0.0,0.0,0.0,0.0,0.0,0.0,0.02702702702702703,0.05405405405405406,0.2702702702702703,0.0,0.02702702702702703,0.0,0.0,0.0,0.0,0.0,0.0,0.0,0.0,0.35135135135135137,0.0,0.0,0.0,0.02702702702702703,0.1891891891891892,0.0,0.0,0.0,0.0,0.0,0.0,0.0,0.0,0.0,0.02702702702702703,0.07015438703053539,0.0,1.0,0.1824940360112334,37.0,3.6375861597263857,4.858192736060283,6.565064588107187,9.621621621621621
0.0,0.0,0.0,0.0,0.2222222222222222,0.1111111111111111,0.0,0.0,0.3333333333333333,0.0,0.5555555555555556,0.0,0.0,0.0,0.0,0.0,0.0,0.0,0.0,0.0,0.0,0.0,0.0,0.0,0.0,0.0,0.0,0.0,0.0,0.0,0.0,0.0,0.0,0.0,0.0,0.0,0.0,0.0,0.0,0.0,0.0,0.0,0.0,0.0,0.1111111111111111,0.0,0.0,0.0,0.0,0.0,0.0,0.0,0.0,0.0,0.0,0.0,0.0,0.0,0.0,0.0,0.20550294612794615,0.0,0.7272727272727273,0.2436259496754777,9.0,2.302585092994046,2.186063560078608,2.748737083745107,6.333333333333333
0.0,0.0,0.0,0.0,0.3333333333333333,1.0,0.0,0.0,0.16666666666666666,0.0,0.16666666666666666,0.0,0.0,0.0,0.0,0.0,0.0,0.0,0.16666666666666666,0.0,0.0,0.0,0.0,0.0,0.0,0.0,0.0,0.0,0.0,0.0,0.0,0.0,0.0,0.0,0.0,0.0,0.0,0.0,0.0,0.0,0.0,0.0,0.0,0.0,0.0,0.0,0.0,0.0,0.0,0.0,0.0,0.0,0.0,0.0,0.0,0.0,0.0,0.0,0.0,0.0,0.213970658970659,0.06666666666666667,0.75,0.18343191214973878,6.0,1.9459101490553132,1.8208020839342967,3.8297084310253524,5.0
0.08695652173913043,0.0,0.0,0.0,0.13043478260869565,0.6521739130434783,0.0,0.0,0.08695652173913043,0.0,0.30434782608695654,0.0,0.0,0.0,0.0,0.0,0.043478260869565216,0.0,0.0,0.0,0.0,0.13043478260869565,0.0,0.0,0.0,0.0,0.0,0.0,0.0,0.0,0.0,0.0,0.0,0.0,0.0,0.0,0.0,0.0,0.0,0.0,0.0,0.0,0.043478260869565216,0.0,0.2608695652173913,0.13043478260869565,0.0,0.0,0.0,0.0,0.0,0.0,0.0,0.0,0.0,0.0,0.0,0.0,0.0,0.0,0.1357263402098607,0.0,1.0,0.17512191433292693,23.0,3.1780538303479458,3.586255791787096,4.467060709231765,6.043478260869565
0.02702702702702703,0.0,0.0,0.0,0.5135135135135135,0.32432432432432434,0.0,0.08108108108108109,0.0,0.0,0.24324324324324326,0.0,0.0,0.0,0.0,0.0,0.10810810810810811,0.0,0.08108108108108109,0.0,0.7027027027027027,0.02702702702702703,0.0,0.0,0.0,0.0,0.02702702702702703,0.0,0.0,0.0,0.0,0.0,0.0,0.0,0.0,0.08108108108108109,0.0,0.0,0.0,0.0,0.0,0.0,0.0,0.0,0.21621621621621623,0.08108108108108109,0.0,0.0,0.0,0.0,0.0,0.0,0.6216216216216216,0.0,0.0,0.0,0.0,0.0,0.0,0.0,0.19898429444623894,0.0,0.8,0.19970186036794207,37.0,3.6375861597263857,4.723356350439508,5.079930864635991,8.756756756756756
0.047619047619047616,0.0,0.0,0.0,0.14285714285714285,0.14285714285714285,0.0,0.0,0.2857142857142857,0.0,0.8571428571428571,0.0,0.0,0.0,0.0,0.0,0.2857142857142857,0.0,0.0,0.0,0.0,0.047619047619047616,0.0,0.0,0.0,0.0,0.0,0.0,0.0,0.0,0.0,0.0,0.0,0.0,0.0,0.0,0.0,0.0,0.0,0.0,0.0,0.0,0.0,0.0,0.14285714285714285,0.0,0.0,0.0,0.0,0.0,0.0,0.0,0.0,0.0,0.0,0.0,0.0,0.0,0.0,0.0,0.13374003494171563,0.0,1.0,0.1334924214228616,21.0,3.091042453358316,2.844864371086822,3.8913824205360674,6.0
0.07462686567164178,0.0,0.0,0.0,0.1791044776119403,0.19402985074626866,0.0,0.0,0.014925373134328358,0.0,0.16417910447761194,0.0,0.0,0.0,0.0,0.0,0.029850746268656716,0.0,0.014925373134328358,0.0,0.0,0.029850746268656716,0.014925373134328358,0.0,0.0,0.0,0.0,0.0,0.0,0.0,0.0,0.0,0.0,0.0,0.0,0.029850746268656716,0.0,0.0,0.07462686567164178,0.0,0.0,0.0,0.0,0.0,0.029850746268656716,0.0,0.0,0.0,0.0,0.0,0.0,0.0,0.0,0.0,0.0,0.0,0.0,0.0,0.0,0.0,0.07758950044664328,0.0,1.0,0.198066229545306,67.0,4.219507705176107,2.7666983396674785,3.337081133612809,4.402985074626866
0.0,0.0,0.0,0.0,0.6,0.4,0.0,0.0,0.4,0.0,0.6,0.0,0.0,0.1,0.0,0.0,0.2,0.0,0.1,0.0,0.0,0.1,0.0,0.0,0.0,0.0,0.0,0.0,0.0,0.0,0.0,0.0,0.0,0.0,0.0,0.0,0.0,0.0,0.0,0.0,0.0,0.0,0.0,0.0,0.4,0.0,0.0,0.0,0.0,0.0,0.0,0.0,0.0,0.0,0.0,0.0,0.0,0.0,0.0,0.0,0.18106481064324198,0.0,0.8333333333333334,0.20440498266511564,10.0,2.3978952727983707,3.9316364743079633,4.223742416388575,7.4
0.0,0.0,0.0,0.0,0.11538461538461539,0.038461538461538464,0.0,0.0,0.23076923076923078,0.0,0.8076923076923077,0.0,0.0,0.07692307692307693,0.0,0.0,0.34615384615384615,0.0,0.0,0.0,0.0,0.19230769230769232,0.0,0.0,0.0,0.0,0.0,0.0,0.0,0.0,0.0,0.0,0.0,0.0,0.0,0.038461538461538464,0.0,0.038461538461538464,0.038461538461538464,0.0,0.0,0.0,0.38461538461538464,0.0,0.07692307692307693,0.0,0.0,0.0,0.0,0.0,0.0,0.5,0.0,0.0,0.0,0.0,0.0,0.0,0.0,0.038461538461538464,0.1285484113207033,0.0,0.75,0.10991307530751986,26.0,3.295836866004329,4.587158746990507,3.2617561610944907,7.230769230769231
0.0,0.0,0.0,0.0,0.375,0.25,0.0,0.0,0.0,0.0,0.375,0.0,0.0,0.125,0.0,0.0,0.0,0.0,0.0,0.0,0.0,0.0,0.0,0.0,0.0,0.0,0.0,0.0,0.0,0.0,0.0,0.0,0.0,0.0,0.0,0.0,0.0,0.125,0.125,0.0,0.0,0.0,0.125,0.0,0.125,0.0,0.0,0.0,0.0,0.0,0.0,0.25,0.0,0.0,0.0,0.0,0.0,0.0,0.0,0.0,0.1424081870510442,0.0,1.0,0.3109870739659085,8.0,2.1972245773362196,3.936278124459133,3.0388114452858046,3.625
0.10526315789473684,0.0,0.0,0.0,0.15789473684210525,0.21052631578947367,0.0,0.0,0.0,0.0,0.2631578947368421,0.0,0.0,0.05263157894736842,0.0,0.0,0.05263157894736842,0.0,0.05263157894736842,0.0,0.0,0.0,0.0,0.0,0.0,0.0,0.0,0.0,0.0,0.0,0.0,0.0,0.0,0.0,0.0,0.05263157894736842,0.0,0.0,0.15789473684210525,0.0,0.0,0.0,0.0,0.0,0.0,0.0,0.0,0.0,0.0,0.0,0.0,0.0,0.0,0.0,0.0,0.0,0.0,0.0,0.0,0.0,0.10773078773078774,0.0,1.0,0.1701831770389265,19.0,2.995732273553991,3.0572138054500813,2.124908340861721,5.105263157894737
0.0,0.8982035928143712,0.8892215568862275,0.8862275449101796,0.03592814371257485,0.0718562874251497,0.0,0.0,0.020958083832335328,0.0,0.05688622754491018,0.0,0.0,0.0,0.0,0.0,0.005988023952095809,0.0,0.0029940119760479044,0.0,0.0,0.0029940119760479044,0.0029940119760479044,0.0,0.0,0.0,0.0,0.0,0.0,0.0,0.0,0.0,0.005988023952095809,0.0,0.0,0.0029940119760479044,0.0,0.0,0.0,0.0,0.0,0.0,0.0,0.0,0.017964071856287425,0.0,0.0,0.0,0.0,0.0,0.0,0.0,0.0,0.0,0.0,0.0,0.0,0.0,0.0,0.0,1.0,1.0,1.0,0.0,334.0,5.814130531825066,1.5346776793846586,2.07827568042965,4.407185628742515
0.0,0.0,0.0,0.0,0.4444444444444444,0.2222222222222222,0.0,0.0,0.0,0.0,0.4444444444444444,0.0,0.0,0.0,0.05555555555555555,0.0,0.05555555555555555,0.16666666666666666,0.2777777777777778,0.0,0.0,0.05555555555555555,0.0,0.16666666666666666,0.0,0.0,0.0,0.0,0.0,0.0,0.0,0.0,0.0,0.0,0.0,0.05555555555555555,0.0,0.0,0.05555555555555555,0.0,0.0,0.0,0.0,0.0,0.1111111111111111,0.0,0.0,0.0,0.0,0.0,0.0,0.05555555555555555,0.0,0.0,0.0,0.0,0.0,0.0,0.05555555555555555,0.0,0.07837349837724816,0.0,0.6666666666666666,0.13012612858405143,18.0,2.9444389791664403,4.8709769210515965,4.398723159292792,7.611111111111111
0.025,0.0,0.0,0.0,0.35,0.475,0.0,0.0,0.0,0.0,0.2,0.0,0.0,0.0,0.0,0.0,0.025,0.0,0.075,0.0,0.0,0.0,0.0,0.125,0.0,0.0,0.0,0.0,0.0,0.0,0.0,0.0,0.0,0.125,0.0,0.025,0.0,0.0,0.025,0.0,0.0,0.0,0.0,0.0,0.05,0.0,0.0,0.0,0.0,0.0,0.0,0.0,0.0,0.0,0.0,0.0,0.0,0.0,0.0,0.0,0.10576156549398477,0.0,1.0,0.1602047398093234,40.0,3.713572066704308,3.2831981394492513,2.964793416074719,5.9
0.0,0.0,0.0,0.0,0.15384615384615385,0.15384615384615385,0.0,0.0,0.0,0.0,0.46153846153846156,0.0,0.0,0.0,0.0,0.0,0.0,0.0,0.0,0.0,0.0,0.07692307692307693,0.0,0.0,0.0,0.0,0.0,0.0,0.0,0.0,0.46153846153846156,0.0,0.0,0.0,0.0,0.0,0.0,0.0,0.0,0.0,0.0,0.0,0.15384615384615385,0.0,0.0,0.0,0.0,0.0,0.0,0.0,0.0,0.0,0.0,0.0,0.0,0.0,0.0,0.0,0.0,0.38461538461538464,0.09466204945606767,0.0,0.5454545454545454,0.13627932996321032,13.0,2.6390573296152584,3.090874057868887,5.119865013013458,8.692307692307692
0.0,0.0,0.0,0.0,0.3333333333333333,0.2222222222222222,0.0,0.0,0.6666666666666666,0.0,0.7777777777777778,0.0,0.0,0.0,0.0,0.0,0.0,0.0,0.0,0.0,0.0,0.0,0.0,0.0,0.0,0.0,0.0,0.0,0.0,0.0,0.0,0.0,0.0,0.0,0.0,0.0,0.0,0.0,0.0,0.0,0.0,0.0,0.0,0.0,0.1111111111111111,0.0,0.0,0.0,0.0,0.0,0.0,0.0,0.0,0.0,0.0,0.0,0.0,0.0,0.0,0.0,0.16485525186505579,0.0,0.9166666666666666,0.2157868536930528,9.0,2.302585092994046,2.034714229612256,2.9101779674908435,7.444444444444445
0.0,0.0,0.0,0.0,0.32,0.56,0.0,0.0,0.0,0.0,0.32,0.0,0.0,0.32,0.0,0.0,0.16,0.0,0.04,0.0,0.0,0.12,0.0,0.0,0.0,0.0,0.0,0.0,0.0,0.0,0.0,0.0,0.0,0.0,0.0,0.08,0.0,0.0,0.04,0.0,0.0,0.0,0.08,0.0,0.04,0.0,0.0,0.0,0.04,0.0,0.0,0.08,0.0,0.0,0.0,0.0,0.0,0.0,0.16,0.04,0.1095194778111629,0.0,0.8571428571428571,0.16330350266066443,25.0,3.258096538021482,5.062940599020542,4.099560952102066,7.44
0.03225806451612903,0.0,0.0,0.0,0.3548387096774194,0.2903225806451613,0.0,0.0,0.03225806451612903,0.0,0.2903225806451613,0.0,0.0,0.12903225806451613,0.0,0.0,0.12903225806451613,0.0,0.03225806451612903,0.0,0.0,0.03225806451612903,0.0,0.0,0.0,0.0,0.0,0.0,0.0,0.0,0.0,0.0,0.0,0.0,0.0,0.06451612903225806,0.0,0.03225806451612903,0.03225806451612903,0.0,0.0,0.0,0.0,0.0,0.0967741935483871,0.03225806451612903,0.0,0.0,0.0,0.0,0.0,0.0,0.0,0.0,0.0,0.0,0.0,0.0,0.03225806451612903,0.0,0.08005050308677024,0.0,0.6666666666666666,0.13399384948064733,31.0,3.4657359027997265,4.188468715684142,3.007448263433978,6.709677419354839
0.0425531914893617,0.0,0.0,0.0,0.0425531914893617,0.1276595744680851,0.0,0.0,0.0,0.0,0.02127659574468085,0.0,0.0,0.0,0.02127659574468085,0.0,0.02127659574468085,0.0,0.02127659574468085,0.0,0.0,0.0,0.0,0.0,0.0,0.0,0.0,0.0,0.0,0.0,0.0,0.0,0.06382978723404255,0.0425531914893617,0.0,0.02127659574468085,0.0,0.0,0.0425531914893617,0.0,0.0,0.0,0.0,0.1276595744680851,0.3404255319148936,0.02127659574468085,0.0,0.0,0.0,0.02127659574468085,0.0,0.0,0.0425531914893617,0.0,0.0,0.0,0.0,0.0,0.06382978723404255,0.0,0.09115092862910296,0.0,0.625,0.10028803837946589,47.0,3.871201010907891,3.5905256685655043,3.5305047171999524,7.702127659574468
0.0,0.0,0.0,0.0,0.375,0.5,0.0,0.0,0.0,0.0,0.5,0.0,0.0,0.0,0.0,0.0,0.0,0.0,0.0,0.0,0.0,0.0,0.0,0.0,0.0,0.0,0.0,0.0,0.0,0.0,0.0,0.0,0.0,0.0,0.0,0.0,0.0,0.0,0.0,0.0,0.0,0.0,0.0,0.0,0.25,0.0,0.0,0.0,0.0,0.0,0.0,0.5,0.0,0.0,0.0,0.0,0.0,0.0,0.0,0.0,0.12011756257526933,0.0,1.0,0.20783547654800058,8.0,2.1972245773362196,2.5306390622295662,3.391164991562634,6.0
0.14285714285714285,0.0,0.0,0.0,0.03571428571428571,0.10714285714285714,0.0,0.0,0.10714285714285714,0.0,0.5714285714285714,0.0,0.0,0.0,0.0,0.0,0.07142857142857142,0.0,0.0,0.0,0.0,0.0,0.0,0.0,0.0,0.0,0.0,0.0,0.0,0.0,0.0,0.0,0.0,0.10714285714285714,0.0,0.0,0.0,0.0,0.0,0.0,0.0,0.0,0.0,0.0,0.07142857142857142,0.0,0.0,0.0,0.0,0.0,0.0,0.0,0.0,0.0,0.0,0.0,0.0,0.0,0.0,0.0,0.07383846312417741,0.0,0.5,0.09884538102152096,28.0,3.367295829986474,2.6137644586952904,1.753640528170131,5.321428571428571
0.17647058823529413,0.0,0.0,0.0,0.4117647058823529,0.17647058823529413,0.0,0.0,0.058823529411764705,0.0,0.7058823529411765,0.0,0.0,0.47058823529411764,0.0,0.0,0.0,0.0,0.0,0.0,0.0,0.11764705882352941,0.0,0.0,0.0,0.0,0.0,0.0,0.0,0.0,0.0,0.0,0.0,0.0,0.0,0.058823529411764705,0.0,0.0,0.0,0.0,0.0,0.0,0.11764705882352941,0.0,0.0,0.0,0.0,0.0,0.0,0.0,0.0,0.0,0.0,0.0,0.0,0.0,0.0,0.0,0.0,0.0,0.18166025478608405,0.0,1.0,0.19217862257475693,17.0,2.8903717578961645,3.484131843610541,2.7703321974862627,5.823529411764706
0.0,0.0,0.0,0.0,0.0851063829787234,0.2553191489361702,0.0,0.0,0.0,0.0,0.2127659574468085,0.0,0.0,0.02127659574468085,0.0,0.0,0.0425531914893617,0.0,0.0,0.0,0.0,0.06382978723404255,0.10638297872340426,0.0,0.0,0.0,0.0,0.0,0.0,0.0,0.0,0.0,0.0,0.02127659574468085,0.0,0.10638297872340426,0.0,0.0,0.0425531914893617,0.0,0.0,0.0,0.0,0.0,0.3829787234042553,0.0,0.0,0.0,0.0,0.0,0.0,0.02127659574468085,0.0,0.0,0.0,0.0,0.0,0.0,0.0,0.02127659574468085,0.04720525813440965,0.0,1.0,0.11638712136320507,47.0,3.871201010907891,3.612268636691919,3.977073272558735,7.276595744680851
0.0,0.0,0.0,0.0,0.3,0.6,0.0,0.0,0.4,0.0,0.4,0.0,0.0,0.0,0.0,0.0,0.2,0.0,0.0,0.0,0.0,0.0,0.0,0.0,0.0,0.0,0.0,0.0,0.0,0.0,0.0,0.0,0.0,0.0,0.0,0.0,0.0,0.0,0.0,0.0,0.0,0.0,0.0,0.0,0.2,0.0,0.0,0.0,0.0,0.0,0.0,0.0,0.0,0.0,0.0,0.0,0.0,0.0,0.0,0.0,0.1006275366937412,0.0,0.75,0.14743119910008678,10.0,2.3978952727983707,2.94958274861442,3.3600595232822887,7.1
0.0,0.9118541033434651,0.9088145896656535,0.9088145896656535,0.030395136778115502,0.06382978723404255,0.0,0.0,0.0243161094224924,0.0,0.0547112462006079,0.0,0.0,0.0,0.0,0.0,0.0060790273556231,0.0,0.0,0.0,0.0,0.00303951367781155,0.00303951367781155,0.0,0.0,0.0,0.0,0.0,0.0,0.0,0.0,0.0,0.0,0.0,0.0,0.0121580547112462,0.0,0.0,0.0,0.0,0.0,0.0,0.0,0.0,0.00303951367781155,0.0,0.0,0.0,0.0,0.0,0.0,0.0,0.0,0.0,0.0,0.0,0.0,0.0,0.0,0.0,0.7449735449735451,0.0,1.0,0.43398372288383713,329.0,5.799092654460526,1.3367738380193086,1.207257182674484,4.237082066869301
0.1111111111111111,0.0,0.0,0.0,0.6111111111111112,0.3888888888888889,0.0,0.0,0.3333333333333333,0.0,0.7222222222222222,0.0,0.0,0.05555555555555555,0.0,0.0,0.2222222222222222,0.0,0.0,0.0,0.0,0.05555555555555555,0.0,0.0,0.0,0.0,0.0,0.0,0.0,0.0,0.0,0.0,0.0,0.0,0.0,0.0,0.0,0.1111111111111111,0.05555555555555555,0.0,0.0,0.0,0.0,0.0,0.1111111111111111,0.0,0.0,0.0,0.05555555555555555,0.0,0.0,0.0,0.0,0.0,0.0,0.0,0.0,0.0,0.0,0.0,0.13948801280623482,0.0,0.6,0.13104401285191267,18.0,2.9444389791664403,4.296969526332405,3.643444984904354,6.944444444444445
0.0,0.0,0.0,0.0,0.047619047619047616,0.0,0.0,0.0,0.047619047619047616,0.0,0.47619047619047616,0.0,0.0,0.0,0.0,0.0,0.14285714285714285,0.0,0.0,0.0,0.0,0.09523809523809523,0.0,0.0,0.0,0.0,0.0,0.0,0.0,0.0,0.0,0.0,0.0,0.5714285714285714,0.0,0.0,0.0,0.0,0.0,0.0,0.0,0.0,0.0,0.0,0.14285714285714285,0.0,0.0,0.0,0.0,0.0,0.0,0.0,0.0,0.0,0.0,0.0,0.0,0.0,0.0,0.0,0.20901509378952984,0.0,1.0,0.2652264106921704,21.0,3.091042453358316,2.5145500746221856,2.7063375692157754,5.238095238095238
0.020833333333333332,0.0,0.0,0.0,0.2916666666666667,0.3541666666666667,0.0,0.0,0.10416666666666667,0.0,0.4375,0.0,0.020833333333333332,0.08333333333333333,0.020833333333333332,0.0,0.08333333333333333,0.0,0.020833333333333332,0.020833333333333332,0.0,0.08333333333333333,0.0,0.0,0.0,0.0,0.0,0.0,0.0,0.0,0.0,0.0,0.0,0.0,0.0,0.041666666666666664,0.0,0.020833333333333332,0.020833333333333332,0.0,0.0,0.0,0.041666666666666664,0.0,0.10416666666666667,0.020833333333333332,0.0,0.0,0.0,0.020833333333333332,0.0,0.10416666666666667,0.0,0.0,0.0,0.0,0.0,0.0,0.020833333333333332,0.0,0.05173383723914462,0.0,1.0,0.11005214911598236,48.0,3.8918202981106265,5.0321685011529365,3.648629879831606,6.75
0.01098901098901099,0.0,0.0,0.0,0.3076923076923077,0.25274725274725274,0.0,0.01098901098901099,0.02197802197802198,0.0,0.26373626373626374,0.0,0.0,0.03296703296703297,0.0,0.0,0.04395604395604396,0.01098901098901099,0.03296703296703297,0.01098901098901099,0.0,0.02197802197802198,0.0,0.03296703296703297,0.0,0.0,0.0,0.0,0.0,0.0,0.0,0.0,0.0,0.07692307692307693,0.0,0.054945054945054944,0.0,0.0,0.02197802197802198,0.0,0.0,0.0,0.0,0.0,0.0989010989010989,0.01098901098901099,0.0,0.0,0.0,0.0,0.0,0.01098901098901099,0.0,0.0,0.0,0.0,0.0,0.0,0.0,0.0,0.058374623149059245,0.0,1.0,0.12930490228884084,91.0,4.5217885770490405,3.853857980126363,3.292561500802321,6.450549450549451
0.020833333333333332,0.0,0.0,0.0,0.3020833333333333,0.25,0.0,0.0,0.07291666666666667,0.0,0.3854166666666667,0.0,0.0,0.09375,0.0,0.0,0.08333333333333333,0.010416666666666666,0.041666666666666664,0.0,0.0,0.10416666666666667,0.0,0.03125,0.0,0.0,0.0,0.0,0.0,0.0,0.0,0.0,0.010416666666666666,0.041666666666666664,0.0,0.052083333333333336,0.0,0.010416666666666666,0.052083333333333336,0.0,0.0,0.0,0.11458333333333333,0.0,0.11458333333333333,0.0,0.0,0.0,0.0,0.010416666666666666,0.0,0.13541666666666666,0.0,0.0,0.0,0.0,0.010416666666666666,0.0,0.020833333333333332,0.010416666666666666,0.07620141452074226,0.0,0.6,0.0944731406921447,96.0,4.574710978503383,5.519636259579081,3.842931258781794,7.114583333333333
0.1111111111111111,0.0,0.0,0.0,0.3333333333333333,0.4444444444444444,0.0,0.0,0.2222222222222222,0.0,0.5555555555555556,0.0,0.0,0.1111111111111111,0.0,0.2222222222222222,0.1111111111111111,0.0,0.1111111111111111,0.0,0.0,0.1111111111111111,0.0,0.0,0.0,0.0,0.0,0.0,0.0,0.0,0.0,0.0,0.0,0.0,0.0,0.1111111111111111,0.0,0.1111111111111111,0.1111111111111111,0.0,0.0,0.0,0.0,0.0,0.1111111111111111,0.0,0.0,0.0,0.2222222222222222,0.0,0.0,0.0,0.0,0.1111111111111111,0.0,0.0,0.0,0.0,0.0,0.2222222222222222,0.07909542086572137,0.0,0.5,0.11727573779904013,9.0,2.302585092994046,6.970358007407676,6.849348892187752,9.555555555555555
0.0,0.0,0.0,0.0,0.35714285714285715,0.0,0.0,0.0,0.2857142857142857,0.0,0.9285714285714286,0.0,0.0,0.03571428571428571,0.0,0.0,0.07142857142857142,0.0,0.03571428571428571,0.0,0.0,0.03571428571428571,0.21428571428571427,0.0,0.0,0.0,0.0,0.0,0.0,0.0,0.0,0.0,0.03571428571428571,0.0,0.0,0.0,0.0,0.07142857142857142,0.0,0.0,0.0,0.0,0.0,0.0,0.21428571428571427,0.0,0.0,0.0,0.07142857142857142,0.0,0.0,0.0,0.0,0.0,0.0,0.0,0.0,0.0,0.03571428571428571,0.0,0.16877942537100962,0.0,0.45454545454545453,0.11505345078374435,28.0,3.367295829986474,3.772947005309413,5.4271614710318925,8.785714285714286
0.0,0.0,0.0,0.0,0.6595744680851063,0.5319148936170213,0.0,0.06382978723404255,0.3404255319148936,0.0,0.6170212765957447,0.0,0.0,0.0851063829787234,0.0,0.0,0.10638297872340426,0.0,0.06382978723404255,0.0,0.0,0.19148936170212766,0.19148936170212766,0.1702127659574468,0.0,0.0,0.0,0.0,0.0,0.0,0.0,0.0,0.0425531914893617,0.0,0.0,0.1276595744680851,0.0,0.0851063829787234,0.0851063829787234,0.0,0.0,0.0,0.0,0.0,0.3404255319148936,0.0,0.0,0.0,0.0,0.0,0.0,0.0,0.0,0.0,0.0,0.06382978723404255,0.0851063829787234,0.0,0.0851063829787234,0.0425531914893617,0.11329808038634856,0.0,0.75,0.1010455162221172,47.0,3.871201010907891,7.100158468668969,5.334870383613763,10.085106382978724
0.125,0.0,0.0,0.0,0.125,0.1875,0.0,0.0,0.0625,0.0,0.75,0.0,0.0,0.0625,0.0,0.0,0.25,0.0,0.0,0.0,0.0,0.375,0.0,0.0,0.0,0.0,0.0,0.0,0.0,0.0,0.0,0.0,0.0,0.0,0.0,0.0625,0.0,0.0,0.0,0.0,0.0,0.0,0.4375,0.0,0.1875,0.0,0.0,0.0,0.0,0.0,0.0,0.3125,0.0,0.0,0.0,0.0,0.0,0.0,0.0,0.0,0.13532175837873586,0.0,1.0,0.1787526750363569,16.0,2.833213344056216,4.793735940865763,3.724916106437835,7.0
0.0,0.0,0.0,0.0,0.14285714285714285,0.2857142857142857,0.0,0.0,0.05714285714285714,0.0,0.14285714285714285,0.0,0.0,0.0,0.0,0.0,0.0,0.0,0.0,0.0,0.0,0.0,0.02857142857142857,0.0,0.0,0.0,0.0,0.0,0.0,0.0,0.0,0.0,0.11428571428571428,0.0,0.0,0.02857142857142857,0.0,0.0,0.0,0.0,0.0,0.0,0.0,0.0,0.22857142857142856,0.0,0.0,0.0,0.0,0.0,0.0,0.0,0.0,0.0,0.0,0.02857142857142857,0.0,0.0,0.08571428571428572,0.0,0.06794084067193311,0.0,0.6666666666666666,0.09184645310941501,35.0,3.58351893845611,3.1422248936539408,4.029077982337286,6.628571428571429
0.0,0.0,0.0,0.0,0.4782608695652174,0.4782608695652174,0.0,0.0,0.21739130434782608,0.0,0.5217391304347826,0.0,0.0,0.0,0.0,0.0,0.17391304347826086,0.0,0.0,0.0,0.0,0.0,0.0,0.0,0.0,0.0,0.0,0.0,0.0,0.0,0.0,0.0,0.0,0.0,0.0,0.0,0.0,0.043478260869565216,0.043478260869565216,0.0,0.0,0.0,0.0,0.0,0.21739130434782608,0.0,0.0,0.0,0.0,0.043478260869565216,0.0,0.0,0.0,0.0,0.0,0.0,0.0,0.0,0.0,0.0,0.084908714990797,0.0,0.5,0.10474163616542259,23.0,3.1780538303479458,3.4937101387547655,6.567376552521463,8.0
0.05,0.0,0.0,0.0,0.45,0.5,0.0,0.0,0.0,0.0,0.25,0.0,0.0,0.05,0.0,0.0,0.0,0.0,0.0,0.0,0.0,0.0,0.0,0.05,0.0,0.0,0.0,0.0,0.0,0.0,0.0,0.0,0.0,0.0,0.0,0.0,0.0,0.0,0.1,0.0,0.0,0.0,0.0,0.0,0.15,0.15,0.0,0.0,0.0,0.0,0.0,0.0,0.0,0.0,0.0,0.0,0.0,0.0,0.0,0.0,0.09819174207940241,0.0,0.8,0.1323055788910445,20.0,3.044522437723423,3.319973094021975,2.8191310718020897,6.05
0.0,0.0,0.0,0.0,0.125,0.625,0.0,0.0,0.125,0.0,0.25,0.0,0.0,0.0,0.0,0.0,0.0,0.0,0.125,0.0,0.0,0.0,0.125,0.0,0.0,0.0,0.0,0.0,0.0,0.0,0.0,0.0,0.0,0.0,0.0,0.125,0.0,0.0,0.125,0.0,0.0,0.0,0.0,0.0,0.0,0.0,0.0,0.0,0.0,0.0,0.0,0.0,0.0,0.0,0.0,0.0,0.0,0.0,0.0,0.0,0.05114101431273037,0.0,0.3076923076923077,0.06315469533200857,8.0,2.1972245773362196,3.1737949406953985,2.9154759474226504,8.0
0.0,0.0,0.0,0.0,0.9,0.8,0.0,0.0,0.3,0.0,0.5,0.0,0.0,0.1,0.0,0.0,0.1,0.0,0.0,0.0,0.0,0.0,0.0,0.0,0.0,0.0,0.0,0.0,0.0,0.0,0.0,0.0,0.0,0.0,0.0,0.0,0.0,0.0,0.0,0.0,0.0,0.0,0.0,0.0,0.3,0.0,0.0,0.0,0.0,0.0,0.0,0.0,0.0,0.0,0.0,0.0,0.0,0.0,0.0,0.0,0.2516043216043216,0.0,0.7142857142857143,0.12978922143826316,10.0,2.3978952727983707,2.600910235487631,2.0518284528683193,6.3
0.2222222222222222,0.0,0.0,0.0,0.2222222222222222,0.4444444444444444,0.0,0.0,0.3333333333333333,0.0,0.6666666666666666,0.0,0.0,0.2222222222222222,0.0,0.0,0.1111111111111111,0.0,0.1111111111111111,0.0,0.0,0.0,0.2222222222222222,0.0,0.0,0.0,0.0,0.0,0.0,0.0,0.0,0.0,0.0,0.0,0.0,0.0,0.0,0.0,0.0,0.0,0.0,0.0,0.0,0.0,0.1111111111111111,0.0,0.0,0.0,0.0,0.0,0.0,0.0,0.0,0.0,0.0,0.0,0.0,0.0,0.0,0.0,0.08709685966349863,0.0,0.6,0.1319225834112966,9.0,2.302585092994046,4.423726392013899,8.812168915065934,9.11111111111111
0.0,0.0,0.0,0.0,0.8518518518518519,0.8148148148148148,0.0,0.0,0.1111111111111111,0.0,0.4444444444444444,0.0,0.0,0.07407407407407407,0.0,0.0,0.07407407407407407,0.0,0.07407407407407407,0.0,0.0,0.037037037037037035,0.2962962962962963,0.7777777777777778,0.0,0.0,0.0,0.0,0.0,0.0,0.0,0.0,0.1111111111111111,0.0,0.0,0.14814814814814814,0.0,0.18518518518518517,0.18518518518518517,0.0,0.0,0.0,0.0,0.0,0.25925925925925924,0.0,0.0,0.0,0.0,0.0,0.0,0.0,0.0,0.0,0.0,0.0,0.0,0.0,0.07407407407407407,0.0,0.23175982213009666,0.05,0.8,0.14387666455297163,27.0,3.332204510175204,5.566966606296285,6.404944934651056,9.703703703703704
0.08,0.0,0.0,0.0,0.12,0.16,0.0,0.04,0.04,0.0,0.08,0.0,0.0,0.0,0.0,0.0,0.0,0.0,0.0,0.0,0.0,0.0,0.04,0.0,0.0,0.0,0.0,0.0,0.0,0.0,0.0,0.0,0.0,0.0,0.0,0.0,0.0,0.0,0.0,0.0,0.0,0.0,0.0,0.0,0.16,0.0,0.0,0.64,0.0,0.0,0.0,0.0,0.0,0.0,0.0,0.0,0.0,0.0,0.0,0.04,0.20934470655933163,0.0,1.0,0.23594668147014014,25.0,3.258096538021482,2.9512031655980753,5.401629383806335,6.68
0.0,0.0,0.0,0.0,0.4444444444444444,0.8888888888888888,0.0,0.0,0.1111111111111111,0.0,0.6666666666666666,0.0,0.0,0.0,0.0,0.0,0.2222222222222222,0.0,0.1111111111111111,0.0,0.0,0.0,0.1111111111111111,0.0,0.0,0.0,0.0,0.0,0.0,0.0,0.0,0.0,0.0,0.0,0.0,0.2222222222222222,0.0,0.2222222222222222,0.1111111111111111,0.0,0.0,0.0,0.0,0.0,0.2222222222222222,0.0,0.0,0.0,0.0,0.0,0.0,0.0,0.0,0.0,0.0,0.1111111111111111,0.0,0.0,0.1111111111111111,0.0,0.20405558570923352,0.034482758620689655,0.7,0.15097667786242802,9.0,2.302585092994046,5.103091671314118,3.9189315752329774,9.444444444444445
0.023255813953488372,0.0,0.0,0.0,0.46511627906976744,0.46511627906976744,0.0,0.18604651162790697,0.37209302325581395,0.0,0.6744186046511628,0.0,0.0,0.23255813953488372,0.0,0.0,0.23255813953488372,0.0,0.13953488372093023,0.0,0.0,0.0,0.2558139534883721,0.0,0.0,0.0,0.0,0.0,0.0,0.0,0.0,0.0,0.0,0.0,0.0,0.046511627906976744,0.0,0.16279069767441862,0.09302325581395349,0.0,0.0,0.0,0.0,0.0,0.2558139534883721,0.0,0.0,0.0,0.0,0.0,0.0,0.06976744186046512,0.0,0.0,0.0,0.09302325581395349,0.0,0.0,0.06976744186046512,0.0,0.11137073239164463,0.0,0.5555555555555556,0.09417854797589473,43.0,3.784189633918261,6.706000462809935,5.574996331793703,9.418604651162791
0.15384615384615385,0.0,0.0,0.0,0.3076923076923077,0.46153846153846156,0.0,0.0,0.46153846153846156,0.0,0.9230769230769231,0.0,0.0,0.0,0.0,0.0,0.07692307692307693,0.0,0.0,0.0,0.0,0.0,0.0,0.0,0.0,0.0,0.0,0.0,0.0,0.0,0.0,0.0,0.0,0.0,0.0,0.0,0.0,0.0,0.0,0.0,0.0,0.0,0.0,0.0,0.07692307692307693,0.0,0.0,0.0,0.0,0.0,0.0,0.0,0.0,0.0,0.0,0.0,0.0,0.0,0.0,0.0,0.1757702767318152,0.0,0.5,0.11215259981551914,13.0,2.6390573296152584,2.6442285356313233,1.716608738801646,6.230769230769231
0.1,0.0,0.0,0.0,0.2,0.2,0.0,0.0,0.1,0.0,0.2,0.0,0.0,0.0,0.0,0.0,0.1,0.0,0.0,0.0,0.0,0.1,0.0,0.0,0.0,0.0,0.0,0.0,0.0,0.0,0.1,0.0,0.0,0.2,0.0,0.1,0.0,0.0,0.0,0.0,0.0,0.0,0.0,0.0,0.0,0.0,0.0,0.0,0.0,0.2,0.0,0.0,0.0,0.0,0.0,0.0,0.0,0.0,0.0,0.0,0.09079846079846078,0.0,0.75,0.1941950876960513,10.0,2.3978952727983707,4.315084951819779,4.050925820105819,5.3
0.0,0.0,0.0,0.0,0.10526315789473684,0.15789473684210525,0.0,0.0,0.0,0.0,0.2631578947368421,0.0,0.0,0.05263157894736842,0.0,0.0,0.15789473684210525,0.0,0.10526315789473684,0.0,0.0,0.631578947368421,0.0,0.0,0.0,0.0,0.0,0.0,0.0,0.0,0.0,0.0,0.0,0.10526315789473684,0.0,0.05263157894736842,0.0,0.05263157894736842,0.0,0.0,0.0,0.0,0.0,0.0,0.05263157894736842,0.0,0.0,0.0,0.0,0.0,0.0,0.0,0.0,0.0,0.0,0.05263157894736842,0.0,0.0,0.05263157894736842,0.21052631578947367,0.10602427508442547,0.0,1.0,0.15706584272374702,19.0,2.995732273553991,4.606853028256957,2.6431325325241515,6.473684210526316
0.16666666666666666,0.0,0.0,0.0,0.3333333333333333,0.5833333333333334,0.0,0.0,0.0,0.0,0.25,0.0,0.0,0.08333333333333333,0.0,0.0,0.0,0.0,0.0,0.0,0.0,0.08333333333333333,0.0,0.0,0.0,0.0,0.0,0.0,0.0,0.0,0.0,0.0,0.0,0.0,0.0,0.16666666666666666,0.0,0.0,0.0,0.0,0.0,0.0,0.0,0.0,0.16666666666666666,0.0,0.0,0.0,0.0,0.0,0.0,0.0,0.0,0.0,0.0,0.0,0.0,0.16666666666666666,0.0,0.16666666666666666,0.08471027973912859,0.0,0.6666666666666666,0.1314533539090102,12.0,2.5649493574615367,4.233554421848614,2.6087459737497545,6.833333333333333
0.024390243902439025,0.0,0.0,0.0,0.24390243902439024,0.1951219512195122,0.0,0.0,0.0975609756097561,0.0,0.3902439024390244,0.0,0.0,0.04878048780487805,0.0,0.0,0.04878048780487805,0.4878048780487805,0.04878048780487805,0.0,0.0,0.04878048780487805,0.04878048780487805,0.0,0.0,0.0,0.024390243902439025,0.0,0.0,0.0,0.04878048780487805,0.0,0.04878048780487805,0.0,0.0,0.0975609756097561,0.0,0.0975609756097561,0.04878048780487805,0.0,0.0,0.0,0.0,0.0,0.12195121951219512,0.0,0.0,0.0,0.0,0.0,0.0,0.0,0.0,0.0,0.0,0.0,0.0,0.0,0.0,0.0,0.08359822716965573,0.0,1.0,0.14351638159228716,41.0,3.7376696182833684,5.306210855852482,3.9009143362975136,5.951219512195122
0.0,0.0,0.0,0.0,0.5,0.3333333333333333,0.0,0.0,0.16666666666666666,0.0,0.6666666666666666,0.0,0.0,0.16666666666666666,0.0,0.0,0.0,0.0,0.0,0.0,0.0,0.0,0.3333333333333333,0.0,0.0,0.0,0.0,0.0,0.0,0.0,0.0,0.0,0.16666666666666666,0.0,0.0,0.16666666666666666,0.0,0.0,0.16666666666666666,0.0,0.0,0.0,0.0,0.0,0.16666666666666666,0.0,0.0,0.0,0.0,0.0,0.0,0.0,0.0,0.0,0.0,0.0,0.0,0.0,0.0,0.0,0.11666907166907167,0.0,0.42857142857142855,0.13630761531945218,6.0,1.9459101490553132,4.5315791683493645,2.9249881291307074,6.666666666666667
0.02702702702702703,0.0,0.0,0.0,0.08108108108108109,0.13513513513513514,0.0,0.0,0.0,0.0,0.05405405405405406,0.0,0.0,0.0,0.16216216216216217,0.0,0.08108108108108109,0.0,0.05405405405405406,0.0,0.0,0.0,0.0,0.0,0.0,0.0,0.0,0.0,0.0,0.0,0.0,0.0,0.10810810810810811,0.0,0.0,0.0,0.0,0.0,0.05405405405405406,0.0,0.0,0.0,0.0,0.0,0.6216216216216216,0.0,0.0,0.0,0.0,0.0,0.0,0.0,0.0,0.0,0.0,0.0,0.0,0.0,0.05405405405405406,0.0,0.1549807209195129,0.047619047619047616,1.0,0.13864873092115404,37.0,3.6375861597263857,3.2278354839441183,4.298232092785099,9.108108108108109
0.0,0.0,0.0,0.0,0.18181818181818182,0.36363636363636365,0.0,0.0,0.2727272727272727,0.0,0.7272727272727273,0.0,0.0,0.0,0.0,0.0,0.0,0.0,0.0,0.0,0.0,0.09090909090909091,0.09090909090909091,0.0,0.0,0.0,0.0,0.0,0.0,0.0,0.0,0.45454545454545453,0.0,0.45454545454545453,0.0,0.0,0.0,0.0,0.0,0.0,0.18181818181818182,0.0,0.0,0.0,0.09090909090909091,0.0,0.0,0.0,0.0,0.0,0.0,0.0,0.0,0.0,0.0,0.0,0.0,0.0,0.0,0.0,0.1569621792349065,0.0,0.6,0.14553641990656685,11.0,2.4849066497880004,4.247967576850583,3.0559520570857477,5.545454545454546
0.2,0.0,0.0,0.0,0.4,0.0,0.0,0.0,0.0,0.0,0.2,0.0,0.0,0.0,0.0,0.0,0.0,0.0,0.0,0.0,0.0,0.0,0.0,0.0,0.0,0.0,0.0,0.0,0.0,0.0,0.0,0.0,0.0,0.0,0.0,0.0,0.0,0.0,0.0,0.0,0.0,0.0,0.0,0.0,0.0,0.0,0.0,0.0,0.0,0.0,0.0,0.0,0.0,0.0,0.0,0.0,0.0,0.0,0.0,0.0,0.031313131313131314,0.0,0.2222222222222222,0.06916795279098986,5.0,1.791759469228055,1.4575424759098898,1.5491933384829668,5.0
0.0,0.0,0.0,0.0,0.2916666666666667,0.375,0.0,0.08333333333333333,0.125,0.0,0.4166666666666667,0.0,0.0,0.0,0.0,0.0,0.125,0.0,0.08333333333333333,0.0,0.0,0.0,0.16666666666666666,0.0,0.0,0.0,0.0,0.0,0.0,0.0,0.0,0.0,0.0,0.0,0.0,0.125,0.0,0.08333333333333333,0.041666666666666664,0.0,0.0,0.0,0.0,0.0,0.3333333333333333,0.0,0.0,0.0,0.041666666666666664,0.0,0.0,0.0,0.0,0.0,0.0,0.0,0.0,0.0,0.08333333333333333,0.0,0.07151677642425291,0.0,0.6666666666666666,0.12000751615288659,24.0,3.2188758248682006,5.236587900764908,4.3714271125114275,7.125
0.125,0.0,0.0,0.0,0.4375,0.5,0.0,0.0,0.0,0.0,0.4375,0.0,0.0,0.25,0.0,0.0,0.0625,0.0,0.0625,0.0,0.0,0.0625,0.0,0.0,0.0,0.0,0.0,0.0,0.0,0.0,0.0,0.0,0.0,0.0,0.0,0.0625,0.0,0.125,0.0625,0.0,0.0,0.0,0.0,0.0,0.0625,0.0,0.0,0.0,0.0,0.0,0.0,0.0,0.0,0.0,0.0,0.25,0.0,0.0,0.0625,0.0,0.08507528945623861,0.0,0.5,0.09666804805881199,16.0,2.833213344056216,5.043564443199596,2.9889118003045856,6.9375
0.0,0.0,0.0,0.0,0.10344827586206896,0.3103448275862069,0.0,0.0,0.10344827586206896,0.0,0.6206896551724138,0.0,0.0,0.06896551724137931,0.0,0.0,0.06896551724137931,0.0,0.0,0.0,0.0,0.034482758620689655,0.0,0.0,0.0,0.0,0.0,0.0,0.0,0.0,0.0,0.6206896551724138,0.0,0.5172413793103449,0.0,0.0,0.0,0.0,0.0,0.0,0.4827586206896552,0.0,0.0,0.0,0.06896551724137931,0.0,0.0,0.0,0.034482758620689655,0.27586206896551724,0.0,0.0,0.0,0.0,0.0,0.0,0.0,0.0,0.0,0.0,0.10952019569142618,0.0,0.6666666666666666,0.1086762206625455,29.0,3.4011973816621555,4.700118883451092,2.9067963332010476,6.586206896551724
0.06837606837606838,0.0,0.0,0.0,0.1452991452991453,0.47863247863247865,0.0,0.008547008547008548,0.017094017094017096,0.0,0.15384615384615385,0.0,0.03418803418803419,0.017094017094017096,0.017094017094017096,0.0,0.042735042735042736,0.0,0.03418803418803419,0.02564102564102564,0.0,0.11965811965811966,0.03418803418803419,0.0,0.0,0.0,0.0,0.0,0.0,0.0,0.0,0.05982905982905983,0.008547008547008548,0.06837606837606838,0.0,0.042735042735042736,0.0,0.0,0.05128205128205128,0.1794871794871795,0.042735042735042736,0.1794871794871795,0.0,0.0,0.3162393162393162,0.008547008547008548,0.0,0.0,0.0,0.02564102564102564,0.0,0.0,0.0,0.0,0.0,0.0,0.1111111111111111,0.0,0.008547008547008548,0.008547008547008548,0.12765177996026816,0.0,1.0,0.21850583266241203,117.0,4.770684624465665,6.402609682983664,4.563686398645536,8.042735042735043
0.0,0.0,0.0,0.0,0.25,0.3333333333333333,0.0,0.0,0.125,0.0,0.375,0.0,0.0,0.0,0.0,0.0,0.125,0.0,0.041666666666666664,0.0,0.0,0.0,0.125,0.0,0.0,0.0,0.0,0.0,0.0,0.0,0.0,0.0,0.0,0.0,0.0,0.0,0.0,0.0,0.041666666666666664,0.0,0.0,0.0,0.0,0.0,0.125,0.0,0.0,0.0,0.125,0.0,0.0,0.0,0.0,0.0,0.0,0.0,0.0,0.0,0.041666666666666664,0.0,0.08986265307251597,0.0,1.0,0.17031916417268492,24.0,3.2188758248682006,4.00708020839343,3.8727592087410865,5.541666666666667
0.0,0.0,0.0,0.0,0.8571428571428571,0.14285714285714285,0.0,0.14285714285714285,0.42857142857142855,0.0,0.42857142857142855,0.0,0.0,0.0,0.0,0.0,0.42857142857142855,0.0,0.0,0.0,0.0,0.0,0.0,0.0,0.0,0.0,0.0,0.0,0.0,0.0,0.0,0.0,0.14285714285714285,0.0,0.0,0.14285714285714285,0.0,0.0,0.0,0.0,0.0,0.0,0.0,0.0,0.0,0.0,0.0,0.0,0.14285714285714285,0.0,0.0,0.0,0.0,0.0,0.0,0.2857142857142857,0.0,0.0,0.2857142857142857,0.0,0.12767288456908651,0.0,0.7333333333333333,0.14850229298514245,7.0,2.0794415416798357,4.8002972312235945,5.138887356744271,9.142857142857142
0.13043478260869565,0.0,0.0,0.0,0.4782608695652174,0.17391304347826086,0.0,0.0,0.043478260869565216,0.0,0.2608695652173913,0.0,0.0,0.0,0.0,0.0,0.17391304347826086,0.0,0.08695652173913043,0.0,0.0,0.0,0.0,0.0,0.0,0.0,0.0,0.0,0.0,0.0,0.08695652173913043,0.0,0.0,0.0,0.0,0.13043478260869565,0.0,0.21739130434782608,0.043478260869565216,0.0,0.0,0.0,0.0,0.0,0.21739130434782608,0.0,0.0,0.0,0.0,0.0,0.0,0.0,0.0,0.0,0.0,0.43478260869565216,0.0,0.0,0.043478260869565216,0.0,0.0803984516517541,0.0,0.8571428571428571,0.12783658935162295,23.0,3.1780538303479458,5.341510162604146,4.343476084779888,8.217391304347826
0.0,0.0,0.0,0.0,0.5238095238095238,0.5714285714285714,0.0,0.0,0.23809523809523808,0.0,0.47619047619047616,0.0,0.0,0.047619047619047616,0.0,0.0,0.09523809523809523,0.0,0.047619047619047616,0.0,0.0,0.047619047619047616,0.0,0.0,0.0,0.0,0.0,0.0,0.0,0.0,0.0,0.0,0.047619047619047616,0.0,0.0,0.14285714285714285,0.0,0.14285714285714285,0.047619047619047616,0.0,0.0,0.0,0.0,0.0,0.38095238095238093,0.0,0.0,0.0,0.047619047619047616,0.0,0.0,0.0,0.0,0.0,0.0,0.047619047619047616,0.0,0.0,0.0,0.0,0.1373941934766791,0.0,0.875,0.19554207181810493,21.0,3.091042453358316,5.072350883247756,3.2014735836136405,7.523809523809524
0.0,0.0,0.0,0.0,0.5833333333333334,0.0,0.0,0.0,0.4166666666666667,0.0,0.6666666666666666,0.0,0.0,0.0,0.0,0.0,0.16666666666666666,0.0,0.0,0.0,0.0,0.0,0.0,0.0,0.0,0.0,0.0,0.0,0.0,0.0,0.0,0.0,0.0,0.0,0.0,0.0,0.0,0.0,0.0,0.0,0.0,0.0,0.0,0.0,0.0,0.0,0.0,0.0,0.0,0.0,0.0,0.0,0.0,0.0,0.0,0.0,0.0,0.0,0.0,0.0,0.23490333072552322,0.0,1.0,0.3248403601715731,12.0,2.5649493574615367,1.8006708405854497,2.8284271247461903,6.0
0.08333333333333333,0.0,0.0,0.0,0.08333333333333333,0.5,0.0,0.0,0.0,0.0,0.0,0.0,0.0,0.3333333333333333,0.0,0.0,0.0,0.0,0.08333333333333333,0.0,0.0,0.0,0.0,0.0,0.0,0.0,0.0,0.0,0.0,0.0,0.0,0.0,0.0,0.0,0.0,0.0,0.0,0.0,0.0,0.0,0.0,0.0,0.16666666666666666,0.0,0.16666666666666666,0.08333333333333333,0.0,0.0,0.0,0.0,0.0,0.0,0.0,0.0,0.0,0.0,0.0,0.0,0.0,0.0,0.07669352087801286,0.0,0.75,0.1392247959938068,12.0,2.5649493574615367,3.084962500721156,2.48327740429189,6.0
0.2,0.0,0.0,0.0,0.2,0.44,0.0,0.0,0.0,0.0,0.04,0.0,0.0,0.04,0.0,0.0,0.0,0.0,0.04,0.0,0.0,0.12,0.04,0.0,0.0,0.0,0.36,0.0,0.0,0.0,0.2,0.0,0.04,0.0,0.0,0.16,0.0,0.08,0.08,0.0,0.0,0.0,0.0,0.0,0.08,0.0,0.0,0.0,0.0,0.0,0.0,0.0,0.0,0.0,0.0,0.04,0.0,0.0,0.04,0.0,0.13646447467876038,0.0,1.0,0.24127217220523198,25.0,3.258096538021482,5.409808347765795,4.01915413986575,5.92
0.0,0.0,0.0,0.0,0.6578947368421053,0.5263157894736842,0.0,0.07894736842105263,0.5,0.0,0.7894736842105263,0.0,0.0,0.15789473684210525,0.0,0.0,0.2631578947368421,0.0,0.15789473684210525,0.0,0.0,0.02631578947368421,0.2894736842105263,0.18421052631578946,0.0,0.0,0.0,0.0,0.0,0.0,0.0,0.0,0.05263157894736842,0.05263157894736842,0.0,0.10526315789473684,0.0,0.10526315789473684,0.10526315789473684,0.0,0.0,0.0,0.05263157894736842,0.0,0.2894736842105263,0.0,0.0,0.0,0.0,0.0,0.0,0.02631578947368421,0.0,0.0,0.0,0.07894736842105263,0.0,0.0,0.07894736842105263,0.0,0.12526659138109594,0.0,0.875,0.11522666215764124,38.0,3.6635616461296463,7.326963330130084,5.460320224392392,11.973684210526315
0.0,0.0,0.0,0.0,0.5,0.5,0.0,0.0,0.0,0.0,0.3333333333333333,0.0,0.0,0.0,0.0,0.0,0.0,0.0,0.0,0.0,0.0,0.0,0.0,0.0,0.0,0.0,0.0,0.0,0.0,0.0,0.0,0.0,0.0,0.0,0.0,0.16666666666666666,0.0,0.0,0.0,0.0,0.0,0.0,0.0,0.0,0.5,0.0,0.0,0.0,0.0,0.0,0.0,0.0,0.0,0.0,0.0,0.0,0.0,0.0,0.0,0.0,0.11209790209790209,0.0,0.45454545454545453,0.16818985561318545,6.0,1.9459101490553132,2.459147917027245,1.8027756377319946,6.5
0.02127659574468085,0.0,0.0,0.0,0.1276595744680851,0.2127659574468085,0.0,0.0,0.0,0.0,0.10638297872340426,0.0,0.0,0.0,0.02127659574468085,0.0,0.02127659574468085,0.0,0.0,0.0,0.0,0.0,0.0,0.0,0.0,0.0,0.0,0.0,0.0,0.0,0.0,0.0,0.0425531914893617,0.0,0.0,0.02127659574468085,0.0,0.0,0.0,0.0,0.0,0.0,0.0,0.14893617021276595,0.3404255319148936,0.0,0.0,0.0,0.0,0.0,0.0,0.0,0.06382978723404255,0.0,0.0,0.0,0.0,0.0,0.02127659574468085,0.0,0.13565300032025027,0.04,0.9090909090909091,0.11957772400962736,47.0,3.871201010907891,3.1745261618380494,3.2513534459392455,7.638297872340425
0.07692307692307693,0.0,0.0,0.0,0.46153846153846156,0.3076923076923077,0.0,0.0,0.23076923076923078,0.0,0.6923076923076923,0.0,0.0,0.3076923076923077,0.0,0.0,0.15384615384615385,0.0,0.0,0.0,0.0,0.07692307692307693,0.0,0.0,0.0,0.0,0.0,0.0,0.0,0.0,0.0,0.0,0.0,0.0,0.0,0.0,0.0,0.0,0.0,0.0,0.0,0.0,0.07692307692307693,0.0,0.07692307692307693,0.07692307692307693,0.0,0.0,0.0,0.0,0.0,0.0,0.0,0.0,0.0,0.0,0.0,0.0,0.0,0.0,0.12271056405581185,0.0,1.0,0.19732546073889481,13.0,2.6390573296152584,4.255424859937294,2.9772311508251734,7.538461538461538
0.25,0.0,0.0,0.0,0.25,0.0,0.0,0.0,0.25,0.0,0.75,0.0,0.0,0.0,0.0,0.0,0.0,0.0,0.0,0.0,0.0,0.0,0.0,0.0,0.0,0.0,0.0,0.0,0.0,0.0,0.0,0.0,0.0,0.0,0.0,0.0,0.0,0.0,0.0,0.0,0.0,0.0,0.0,0.0,0.0,0.0,0.0,0.0,0.0,0.0,0.0,0.0,0.0,0.0,0.0,0.0,0.0,0.0,0.0,0.0,0.13898978006120863,0.0,0.6,0.15429695767266752,8.0,2.1972245773362196,1.811278124459133,1.653594569415369,4.625
0.029411764705882353,0.0,0.0,0.0,0.3382352941176471,0.3382352941176471,0.0,0.014705882352941176,0.029411764705882353,0.0,0.23529411764705882,0.0,0.0,0.029411764705882353,0.0,0.0,0.07352941176470588,0.0,0.04411764705882353,0.014705882352941176,0.0,0.014705882352941176,0.0,0.014705882352941176,0.0,0.0,0.0,0.0,0.0,0.0,0.0,0.0,0.0,0.11764705882352941,0.0,0.029411764705882353,0.0,0.0,0.058823529411764705,0.0,0.0,0.0,0.0,0.0,0.11764705882352941,0.0,0.0,0.0,0.0,0.014705882352941176,0.0,0.014705882352941176,0.0,0.0,0.0,0.0,0.0,0.0,0.014705882352941176,0.0,0.045304314284998086,0.0,0.5,0.08873940384572881,68.0,4.23410650459726,4.216694417295042,3.235294117647059,7.0588235294117645
0.0,0.0,0.0,0.0,0.5384615384615384,0.38461538461538464,0.0,0.0,0.3076923076923077,0.0,0.6923076923076923,0.0,0.0,0.15384615384615385,0.0,0.0,0.3076923076923077,0.0,0.0,0.0,0.0,0.0,0.0,0.0,0.0,0.0,0.0,0.0,0.0,0.0,0.0,0.0,0.0,0.0,0.0,0.0,0.0,0.07692307692307693,0.0,0.0,0.0,0.0,0.0,0.0,0.07692307692307693,0.0,0.0,0.0,0.0,0.0,0.0,0.0,0.0,0.0,0.0,0.0,0.0,0.0,0.0,0.0,0.12465906929760899,0.0,0.75,0.14591973528682936,13.0,2.6390573296152584,3.4095431351411687,7.0710678118654755,10.0
0.0,0.0,0.0,0.0,0.5555555555555556,0.5555555555555556,0.0,0.0,0.0,0.0,0.5555555555555556,0.0,0.0,0.0,0.0,0.0,0.0,0.0,0.0,0.0,0.0,0.0,0.0,0.0,0.0,0.0,0.0,0.0,0.0,0.0,0.0,0.0,0.0,0.0,0.0,0.0,0.0,0.0,0.0,0.0,0.0,0.0,0.0,0.0,0.0,0.1111111111111111,0.0,0.0,0.0,0.0,0.0,0.0,0.0,0.0,0.0,0.0,0.0,0.0,0.0,0.0,0.15932940516273847,0.0,0.75,0.17288439315305296,9.0,2.302585092994046,1.765542066640729,2.3570226039551585,4.666666666666667
0.15789473684210525,0.0,0.0,0.0,0.42105263157894735,0.631578947368421,0.0,0.0,0.0,0.0,0.0,0.0,0.0,0.0,0.0,0.0,0.0,0.0,0.10526315789473684,0.0,0.0,0.0,0.0,0.0,0.0,0.0,0.0,0.0,0.0,0.0,0.3684210526315789,0.05263157894736842,0.0,0.05263157894736842,0.0,0.0,0.0,0.0,0.0,0.0,0.05263157894736842,0.0,0.0,0.0,0.0,0.0,0.0,0.0,0.0,0.0,0.0,0.0,0.0,0.0,0.0,0.0,0.0,0.0,0.0,0.0,0.14340734506700892,0.0,1.0,0.18583552229538758,19.0,2.995732273553991,2.9079758423844693,2.796911632755036,5.578947368421052
0.36363636363636365,0.0,0.0,0.0,0.18181818181818182,0.45454545454545453,0.0,0.0,0.09090909090909091,0.0,0.2727272727272727,0.0,0.0,0.0,0.0,0.0,0.0,0.0,0.0,0.0,0.0,0.0,0.0,0.0,0.0,0.0,0.0,0.0,0.0,0.0,0.0,0.0,0.0,0.0,0.0,0.0,0.0,0.0,0.0,0.0,0.0,0.0,0.0,0.0,0.09090909090909091,0.0,0.0,0.0,0.0,0.0,0.0,0.0,0.0,0.0,0.0,0.0,0.0,0.0,0.0,0.0,0.10286795419922355,0.0,1.0,0.20137660847985372,11.0,2.4849066497880004,2.63512526559968,2.9232609437842774,5.0
0.13636363636363635,0.0,0.0,0.0,0.3181818181818182,0.22727272727272727,0.0,0.0,0.22727272727272727,0.0,0.5454545454545454,0.0,0.0,0.045454545454545456,0.0,0.0,0.13636363636363635,0.0,0.045454545454545456,0.0,0.0,0.045454545454545456,0.0,0.0,0.0,0.0,0.0,0.0,0.0,0.0,0.0,0.0,0.0,0.0,0.0,0.0,0.0,0.045454545454545456,0.0,0.0,0.0,0.0,0.0,0.0,0.09090909090909091,0.0,0.0,0.0,0.0,0.0,0.0,0.0,0.0,0.0,0.0,0.0,0.0,0.0,0.0,0.0,0.07134366981978657,0.0,0.625,0.11378481678214929,22.0,3.1354942159291497,3.8834820885396146,3.842186447091666,6.318181818181818
0.1891891891891892,0.0,0.0,0.0,0.2972972972972973,0.43243243243243246,0.0,0.0,0.0,0.0,0.21621621621621623,0.0,0.0,0.16216216216216217,0.02702702702702703,0.0,0.0,0.0,0.0,0.0,0.0,0.02702702702702703,0.0,0.0,0.0,0.0,0.05405405405405406,0.0,0.0,0.0,0.1891891891891892,0.02702702702702703,0.0,0.02702702702702703,0.0,0.0,0.0,0.0,0.0,0.0,0.02702702702702703,0.0,0.0,0.0,0.05405405405405406,0.0,0.0,0.0,0.02702702702702703,0.0,0.0,0.0,0.0,0.0,0.0,0.0,0.0,0.0,0.0,0.0,0.06916208130493845,0.0,1.0,0.15010237930460102,37.0,3.6375861597263857,4.155350731019948,2.7797136343461806,5.945945945945946
0.0,0.0,0.0,0.0,0.6666666666666666,0.5555555555555556,0.0,0.0,0.0,0.0,0.7777777777777778,0.0,0.0,0.0,0.0,0.0,0.2222222222222222,0.0,0.1111111111111111,0.0,0.0,0.0,0.0,0.3333333333333333,0.0,0.0,0.0,0.0,0.0,0.0,0.0,0.0,0.0,0.0,0.0,0.0,0.0,0.0,0.0,0.0,0.0,0.0,0.0,0.0,0.1111111111111111,0.0,0.0,0.0,0.0,0.0,0.0,0.0,0.0,0.0,0.0,0.0,0.0,0.0,0.1111111111111111,0.0,0.17283761770227418,0.0,0.7,0.19837011123881595,9.0,2.302585092994046,3.210251400241075,4.901498888913951,9.555555555555555
0.06896551724137931,0.0,0.0,0.0,0.1724137931034483,0.39655172413793105,0.0,0.0,0.06896551724137931,0.0,0.25862068965517243,0.0,0.0,0.0,0.0,0.0,0.034482758620689655,0.0,0.034482758620689655,0.0,0.0,0.08620689655172414,0.0,0.0,0.0,0.0,0.0,0.0,0.0,0.0,0.0,0.0,0.0,0.0,0.0,0.05172413793103448,0.0,0.0,0.0,0.0,0.0,0.0,0.0,0.0,0.1206896551724138,0.0,0.0,0.0,0.0,0.0,0.0,0.0,0.0,0.0,0.0,0.0,0.0,0.0,0.0,0.0,0.050565239672935386,0.0,1.0,0.1315091116848759,58.0,4.07753744390572,3.232206850538822,4.215261609906607,7.086206896551724
0.09523809523809523,0.0,0.0,0.0,0.09523809523809523,0.47619047619047616,0.0,0.0,0.19047619047619047,0.0,0.6190476190476191,0.0,0.0,0.047619047619047616,0.0,0.0,0.0,0.047619047619047616,0.047619047619047616,0.0,0.0,0.047619047619047616,0.0,0.0,0.0,0.0,0.0,0.0,0.0,0.0,0.0,0.42857142857142855,0.0,0.38095238095238093,0.0,0.047619047619047616,0.0,0.047619047619047616,0.0,0.0,0.23809523809523808,0.0,0.0,0.0,0.09523809523809523,0.0,0.0,0.0,0.0,0.14285714285714285,0.0,0.0,0.0,0.0,0.0,0.0,0.0,0.0,0.0,0.0,0.1493415260432067,0.0,1.0,0.15543878079001985,21.0,3.091042453358316,5.56616498969294,4.846393333673114,6.523809523809524
0.0,0.8324022346368715,0.8268156424581006,0.8240223463687151,0.0893854748603352,0.10893854748603352,0.0,0.002793296089385475,0.036312849162011177,0.0,0.0782122905027933,0.0,0.0,0.00558659217877095,0.0,0.0,0.013966480446927373,0.0,0.008379888268156424,0.002793296089385475,0.0,0.00558659217877095,0.00558659217877095,0.0223463687150838,0.0,0.0,0.0,0.0,0.0,0.0,0.0,0.0,0.002793296089385475,0.0,0.0,0.008379888268156424,0.0,0.002793296089385475,0.00558659217877095,0.0,0.0,0.0,0.0,0.0,0.013966480446927373,0.002793296089385475,0.0,0.0,0.0,0.0,0.0,0.00558659217877095,0.0,0.0,0.0,0.0,0.0,0.0,0.002793296089385475,0.0,0.8357142857142857,0.0,1.0,0.3377597262153397,358.0,5.883322388488279,2.5598377782469477,1.8687881506537787,4.441340782122905
0.0,0.0,0.0,0.0,0.10344827586206896,0.10344827586206896,0.0,0.0,0.06896551724137931,0.0,0.13793103448275862,0.0,0.0,0.0,0.0,0.0,0.0,0.0,0.0,0.0,0.0,0.0,0.0,0.0,0.0,0.0,0.0,0.0,0.0,0.0,0.0,0.0,0.034482758620689655,0.0,0.0,0.034482758620689655,0.0,0.13793103448275862,0.0,0.0,0.0,0.0,0.0,0.1724137931034483,0.2413793103448276,0.0,0.0,0.0,0.0,0.0,0.0,0.0,0.0,0.0,0.0,0.0,0.0,0.0,0.0,0.0,0.14344782956371158,0.0,0.8571428571428571,0.15261655514043052,29.0,3.4011973816621555,2.9989148248503508,4.936697977427112,8.206896551724139
0.0,0.0,0.0,0.0,0.0,0.09090909090909091,0.0,0.0,0.0,0.0,0.18181818181818182,0.0,0.0,0.0,0.0,0.0,0.0,0.0,0.0,0.0,0.0,0.09090909090909091,0.0,0.0,0.0,0.0,0.09090909090909091,0.0,0.0,0.0,0.09090909090909091,0.0,0.0,0.0,0.0,0.0,0.0,0.0,0.0,0.0,0.0,0.0,0.0,0.0,0.0,0.0,0.0,0.0,0.09090909090909091,0.0,0.0,0.0,0.0,0.0,0.0,0.0,0.0,0.0,0.0,0.0,0.1006998556998557,0.0,0.75,0.20751441417911723,11.0,2.4849066497880004,2.0196383027691898,3.2192602199319587,6.0
0.05555555555555555,0.0,0.0,0.0,0.05555555555555555,0.1111111111111111,0.0,0.0,0.16666666666666666,0.0,0.8333333333333334,0.0,0.0,0.16666666666666666,0.0,0.0,0.16666666666666666,0.0,0.0,0.0,0.0,0.05555555555555555,0.0,0.0,0.0,0.0,0.0,0.0,0.0,0.0,0.0,0.0,0.0,0.0,0.0,0.0,0.0,0.0,0.0,0.0,0.0,0.0,0.0,0.0,0.0,0.0,0.0,0.0,0.0,0.0,0.0,0.0,0.0,0.0,0.0,0.0,0.0,0.0,0.0,0.0,0.1359152487723916,0.0,1.0,0.15613059445811123,18.0,2.9444389791664403,2.5588779778449373,1.5112745009706048,4.777777777777778
0.036585365853658534,0.0,0.0,0.0,0.43902439024390244,0.32926829268292684,0.0,0.0,0.08536585365853659,0.0,0.32926829268292684,0.0,0.0,0.024390243902439025,0.0,0.0,0.08536585365853659,0.0,0.04878048780487805,0.0,0.0,0.012195121951219513,0.024390243902439025,0.2682926829268293,0.0,0.0,0.0,0.0,0.0,0.0,0.0,0.0,0.0,0.036585365853658534,0.0,0.10975609756097561,0.0,0.024390243902439025,0.04878048780487805,0.0,0.0,0.0,0.0,0.0,0.07317073170731707,0.024390243902439025,0.0,0.3902439024390244,0.0,0.0,0.036585365853658534,0.012195121951219513,0.0,0.012195121951219513,0.0,0.0,0.0,0.0,0.024390243902439025,0.0,0.07768375515352292,0.0,0.75,0.1183184599658481,82.0,4.418840607796598,5.682775667391406,4.996965170593183,7.390243902439025
0.05263157894736842,0.0,0.0,0.0,0.2631578947368421,0.6842105263157895,0.0,0.0,0.0,0.0,0.21052631578947367,0.0,0.0,0.05263157894736842,0.0,0.0,0.15789473684210525,0.0,0.0,0.05263157894736842,0.0,0.05263157894736842,0.0,0.0,0.0,0.0,0.0,0.0,0.0,0.0,0.0,0.0,0.0,0.0,0.0,0.10526315789473684,0.0,0.05263157894736842,0.10526315789473684,0.0,0.0,0.0,0.0,0.0,0.10526315789473684,0.0,0.0,0.0,0.05263157894736842,0.0,0.0,0.0,0.0,0.0,0.0,0.0,0.0,0.0,0.0,0.0,0.09437007437007439,0.0,1.0,0.15210393977611675,19.0,2.995732273553991,4.142267036051483,2.8391797808970898,6.2105263157894735
0.0,0.0,0.0,0.0,0.0,0.14285714285714285,0.0,0.0,0.0,0.0,0.7142857142857143,0.0,0.0,0.14285714285714285,0.0,0.0,0.2857142857142857,0.0,0.0,0.0,0.0,0.0,0.0,0.0,0.0,0.0,0.0,0.0,0.0,0.0,0.0,0.0,0.0,0.0,0.0,0.0,0.0,0.0,0.0,0.0,0.0,0.0,0.0,0.0,0.0,0.0,0.0,0.0,0.0,0.0,0.0,0.0,0.0,0.0,0.0,0.0,0.0,0.0,0.0,0.14285714285714285,0.13152271009413866,0.0,0.8571428571428571,0.18985679540016726,7.0,2.0794415416798357,2.0662726780198897,0.9035079029052513,5.428571428571429
0.16666666666666666,0.0,0.0,0.0,0.2222222222222222,0.16666666666666666,0.0,0.0,0.16666666666666666,0.0,0.5555555555555556,0.0,0.0,0.05555555555555555,0.0,0.0,0.1111111111111111,0.0,0.05555555555555555,0.0,0.0,0.0,0.0,0.0,0.0,0.0,0.0,0.0,0.0,0.0,0.0,0.0,0.0,0.0,0.0,0.05555555555555555,0.0,0.0,0.0,0.0,0.0,0.0,0.0,0.0,0.0,0.0,0.0,0.0,0.0,0.0,0.0,0.0,0.0,0.0,0.0,0.0,0.0,0.0,0.0,0.0,0.08030707387850246,0.0,0.5714285714285714,0.10833047873807536,18.0,2.9444389791664403,3.292997588056706,2.067532673992044,5.055555555555555
0.07142857142857142,0.0,0.0,0.0,0.14285714285714285,0.7857142857142857,0.0,0.0,0.0,0.0,0.35714285714285715,0.0,0.0,0.0,0.0,0.0,0.07142857142857142,0.0,0.0,0.0,0.0,0.0,0.0,0.0,0.0,0.0,0.0,0.0,0.0,0.0,0.0,0.07142857142857142,0.0,0.07142857142857142,0.0,0.0,0.0,0.0,0.0,0.0,0.07142857142857142,0.0,0.0,0.0,0.14285714285714285,0.21428571428571427,0.0,0.0,0.07142857142857142,0.07142857142857142,0.0,0.0,0.0,0.0,0.0,0.0,0.0,0.0,0.0,0.0,0.16292645545520376,0.0,1.0,0.22345542338418145,14.0,2.70805020110221,3.985883705722684,3.233277227930364,6.214285714285714
0.043478260869565216,0.0,0.0,0.0,0.13043478260869565,0.13043478260869565,0.0,0.0,0.17391304347826086,0.0,0.5652173913043478,0.0,0.0,0.043478260869565216,0.0,0.0,0.08695652173913043,0.0,0.0,0.0,0.0,0.0,0.0,0.0,0.0,0.0,0.0,0.0,0.0,0.0,0.0,0.0,0.0,0.0,0.0,0.0,0.0,0.0,0.0,0.0,0.0,0.0,0.0,0.0,0.0,0.043478260869565216,0.0,0.0,0.0,0.0,0.0,0.0,0.0,0.0,0.0,0.0,0.0,0.0,0.0,0.0,0.09061719772356658,0.0,1.0,0.16716570932130698,23.0,3.1780538303479458,2.567141018671097,2.8264213848947835,6.521739130434782
0.0,0.0,0.0,0.0,0.2857142857142857,0.5714285714285714,0.0,0.0,0.0,0.0,0.7142857142857143,0.0,0.0,0.42857142857142855,0.0,0.0,0.42857142857142855,0.0,0.14285714285714285,0.0,0.0,0.0,0.0,0.0,0.0,0.0,0.0,0.0,0.0,0.0,0.0,0.0,0.0,0.14285714285714285,0.0,0.14285714285714285,0.0,0.0,0.0,0.0,0.0,0.0,0.0,0.0,0.14285714285714285,0.0,0.0,0.0,0.0,0.0,0.0,0.0,0.0,0.0,0.0,0.14285714285714285,0.0,0.0,0.0,0.0,0.11330314831531106,0.0,0.5,0.10392976092415211,7.0,2.0794415416798357,4.377484686643363,2.381904571504724,8.571428571428571
0.07692307692307693,0.0,0.0,0.0,0.6666666666666666,0.6153846153846154,0.0,0.0,0.20512820512820512,0.0,0.46153846153846156,0.0,0.0,0.0,0.0,0.0,0.23076923076923078,0.0,0.05128205128205128,0.0,0.0,0.07692307692307693,0.15384615384615385,0.5128205128205128,0.0,0.0,0.0,0.0,0.0,0.0,0.0,0.0,0.02564102564102564,0.0,0.0,0.10256410256410256,0.0,0.10256410256410256,0.05128205128205128,0.0,0.0,0.0,0.0,0.0,0.15384615384615385,0.02564102564102564,0.0,0.0,0.0,0.0,0.0,0.0,0.0,0.02564102564102564,0.0,0.0,0.0,0.0,0.02564102564102564,0.0,0.13117248901783335,0.0,0.5,0.08732931979192479,39.0,3.6888794541139363,5.842679840595023,5.667420764303468,9.333333333333334
0.09090909090909091,0.0,0.0,0.0,0.18181818181818182,0.2727272727272727,0.0,0.0,0.09090909090909091,0.0,0.6363636363636364,0.0,0.0,0.18181818181818182,0.0,0.0,0.09090909090909091,0.0,0.0,0.0,0.0,0.0,0.0,0.0,0.0,0.0,0.0,0.0,0.0,0.0,0.0,0.0,0.0,0.0,0.0,0.0,0.0,0.0,0.0,0.0,0.0,0.0,0.09090909090909091,0.0,0.0,0.09090909090909091,0.0,0.0,0.0,0.0,0.0,0.0,0.0,0.0,0.0,0.0,0.0,0.0,0.0,0.0,0.08490428388261206,0.0,0.6,0.1284524964220535,11.0,2.4849066497880004,3.392984436140178,3.1701083225750355,5.363636363636363
0.0,0.0,0.0,0.0,0.2857142857142857,0.14285714285714285,0.0,0.0,0.0,0.0,0.2857142857142857,0.0,0.0,0.0,0.0,0.0,0.0,0.0,0.0,0.0,0.0,0.0,0.0,0.0,0.0,0.0,0.0,0.0,0.0,0.0,0.0,0.0,0.0,0.42857142857142855,0.0,0.0,0.0,0.0,0.14285714285714285,0.0,0.0,0.0,0.0,0.0,0.0,0.0,0.0,0.0,0.0,0.14285714285714285,0.0,0.0,0.0,0.0,0.0,0.0,0.0,0.0,0.0,0.0,0.17687074829931973,0.0,1.0,0.36860454922841,7.0,2.0794415416798357,2.7598088169160815,2.1946130708196026,4.428571428571429
0.0625,0.0,0.0,0.0,0.375,0.4375,0.0,0.125,0.1875,0.0,0.5,0.0,0.0,0.0625,0.0,0.0,0.125,0.0,0.125,0.0,0.0,0.125,0.1875,0.0,0.0,0.0,0.0,0.0,0.0,0.0,0.0,0.0,0.0,0.0,0.0,0.0,0.0,0.0,0.0,0.0,0.0,0.0,0.0,0.0,0.125,0.0,0.0,0.0,0.0,0.0,0.0,0.0,0.0,0.0,0.0,0.0,0.0,0.0,0.0,0.0,0.07518815849150208,0.0,0.5,0.09290137857487486,16.0,2.833213344056216,4.833060346058931,5.218656436287025,7.875
0.21428571428571427,0.0,0.0,0.0,0.4642857142857143,0.39285714285714285,0.0,0.03571428571428571,0.07142857142857142,0.0,0.35714285714285715,0.0,0.0,0.0,0.0,0.0,0.0,0.0,0.07142857142857142,0.0,0.0,0.0,0.07142857142857142,0.0,0.0,0.0,0.03571428571428571,0.0,0.0,0.0,0.25,0.0,0.0,0.0,0.0,0.03571428571428571,0.0,0.03571428571428571,0.0,0.0,0.0,0.0,0.0,0.0,0.14285714285714285,0.0,0.0,0.0,0.0,0.0,0.0,0.0,0.0,0.0,0.0,0.0,0.0,0.0,0.0,0.0,0.07069158624708304,0.0,0.375,0.08618589209248065,28.0,3.367295829986474,4.453880203466628,4.8212962944817725,6.571428571428571
0.0,0.0,0.0,0.0,0.3333333333333333,0.8333333333333334,0.0,0.0,0.0,0.0,0.0,0.0,0.0,0.3333333333333333,0.0,0.0,0.0,0.0,0.0,0.0,0.0,0.0,0.0,0.0,0.0,0.0,0.0,0.0,0.0,0.0,0.0,0.0,0.0,0.0,0.0,0.0,0.0,0.0,0.0,0.0,0.0,0.0,0.0,0.0,0.16666666666666666,0.0,0.0,0.0,0.0,0.0,0.0,0.0,0.0,0.0,0.0,0.0,0.0,0.0,0.0,0.0,0.13361212861212862,0.0,0.5555555555555556,0.16464755179761215,6.0,1.9459101490553132,1.7066640887957916,4.112987559751022,5.5
0.14285714285714285,0.0,0.0,0.0,0.2857142857142857,0.0,0.0,0.0,0.0,0.0,0.14285714285714285,0.0,0.0,0.0,0.0,0.0,0.0,0.0,0.0,0.0,0.0,0.2857142857142857,0.0,0.0,0.0,0.0,0.2857142857142857,0.0,0.0,0.0,0.42857142857142855,0.0,0.0,0.0,0.0,0.0,0.0,0.0,0.0,0.0,0.0,0.0,0.0,0.0,0.42857142857142855,0.0,0.0,0.0,0.2857142857142857,0.0,0.0,0.0,0.0,0.0,0.0,0.0,0.0,0.0,0.0,0.0,0.06471109524178578,0.0,0.29411764705882354,0.08374838012876366,7.0,2.0794415416798357,3.9154148212278184,3.313546715640915,8.857142857142858
0.0,0.0,0.0,0.0,0.5,0.625,0.0,0.0,0.25,0.0,0.5,0.0,0.0,0.0,0.0,0.0,0.25,0.0,0.0,0.0,0.0,0.0,0.0,0.0,0.0,0.0,0.0,0.0,0.0,0.0,0.0,0.0,0.0,0.0,0.0,0.0,0.0,0.0,0.0,0.0,0.0,0.0,0.0,0.0,0.125,0.0,0.0,0.0,0.0,0.0,0.0,0.0,0.0,0.0,0.0,0.0,0.0,0.0,0.0,0.0,0.13684627697232737,0.0,0.7777777777777778,0.17852318075026166,8.0,2.1972245773362196,2.7987949406953985,3.799671038392666,7.75
0.07142857142857142,0.04285714285714286,0.0,0.02857142857142857,0.17142857142857143,0.38571428571428573,0.0,0.0,0.0,0.0,0.21428571428571427,0.0,0.0,0.014285714285714285,0.014285714285714285,0.0,0.014285714285714285,0.0,0.02857142857142857,0.014285714285714285,0.0,0.22857142857142856,0.18571428571428572,0.0,0.0,0.0,0.0,0.0,0.0,0.0,0.0,0.0,0.14285714285714285,0.0,0.02857142857142857,0.08571428571428572,0.0,0.014285714285714285,0.04285714285714286,0.0,0.0,0.0,0.02857142857142857,0.0,0.5,0.014285714285714285,0.02857142857142857,0.0,0.0,0.0,0.0,0.014285714285714285,0.0,0.0,0.0,0.0,0.15714285714285714,0.0,0.0,0.014285714285714285,0.09839535674018299,0.0,0.5833333333333334,0.10942334139546976,70.0,4.2626798770413155,6.099393318304947,3.676067108712122,7.9714285714285715
0.0,0.0,0.0,0.0,0.32142857142857145,0.4642857142857143,0.0,0.0,0.0,0.0,0.39285714285714285,0.0,0.0,0.35714285714285715,0.0,0.0,0.21428571428571427,0.0,0.07142857142857142,0.0,0.0,0.17857142857142858,0.0,0.0,0.0,0.0,0.0,0.0,0.0,0.0,0.0,0.0,0.07142857142857142,0.0,0.0,0.07142857142857142,0.0,0.0,0.07142857142857142,0.0,0.0,0.0,0.14285714285714285,0.0,0.10714285714285714,0.0,0.0,0.0,0.0,0.0,0.0,0.07142857142857142,0.0,0.0,0.0,0.0,0.0,0.0,0.07142857142857142,0.03571428571428571,0.06731157655078598,0.0,0.5,0.08994664015075116,28.0,3.367295829986474,5.570067541022736,5.206329546517275,8.535714285714286
0.09090909090909091,0.0,0.0,0.0,0.6363636363636364,0.5454545454545454,0.0,0.0,0.18181818181818182,0.0,0.2727272727272727,0.0,0.0,0.0,0.0,0.0,0.0,0.0,0.0,0.0,0.0,0.0,0.0,0.0,0.0,0.0,0.0,0.0,0.0,0.0,0.0,0.0,0.0,0.0,0.0,0.0,0.0,0.0,0.0,0.0,0.0,0.0,0.0,0.0,0.09090909090909091,0.0,0.0,0.0,0.0,0.0,0.0,0.0,0.0,0.0,0.0,0.0,0.0,0.0,0.0,0.0,0.13451332683953005,0.0,1.0,0.20050008354086152,11.0,2.4849066497880004,2.4793168556229372,1.9917183909278768,7.181818181818182
0.0,0.0,0.0,0.0,0.3333333333333333,0.2222222222222222,0.0,0.0,0.4444444444444444,0.0,0.8888888888888888,0.0,0.0,0.0,0.0,0.0,0.1111111111111111,0.0,0.0,0.0,0.0,0.0,0.0,0.0,0.0,0.0,0.0,0.0,0.0,0.0,0.0,0.0,0.2222222222222222,0.0,0.0,0.0,0.0,0.2222222222222222,0.0,0.0,0.0,0.0,0.0,0.0,0.3333333333333333,0.0,0.0,0.0,0.0,0.0,0.0,0.0,0.0,0.0,0.0,0.0,0.0,0.0,0.0,0.0,0.11375377300622398,0.0,0.2857142857142857,0.08201076924084033,9.0,2.302585092994046,3.526483336858986,2.9101779674908435,6.555555555555555
0.11320754716981132,0.0,0.0,0.0,0.6037735849056604,0.4716981132075472,0.0,0.0,0.1509433962264151,0.0,0.5094339622641509,0.0,0.0,0.018867924528301886,0.0,0.0,0.16981132075471697,0.0,0.03773584905660377,0.0,0.0,0.018867924528301886,0.05660377358490566,0.32075471698113206,0.0,0.0,0.0,0.0,0.0,0.0,0.0,0.0,0.0,0.05660377358490566,0.0,0.07547169811320754,0.0,0.03773584905660377,0.09433962264150944,0.0,0.0,0.0,0.0,0.0,0.07547169811320754,0.0,0.0,0.0,0.0,0.0,0.0,0.018867924528301886,0.0,0.0,0.0,0.0,0.0,0.0,0.018867924528301886,0.0,0.1160171680772896,0.0,0.5,0.09510566565966498,53.0,3.9889840465642745,5.316834670545925,5.14163925749201,7.547169811320755
0.0,0.0,0.0,0.0,0.125,0.875,0.0,0.0,0.0,0.0,0.0,0.0,0.0,0.125,0.0,0.0,0.0,0.0,0.0,0.0,0.0,0.0,0.0,0.0,0.0,0.0,0.0,0.0,0.0,0.0,0.0,0.0,0.0,0.0,0.0,0.125,0.0,0.0,0.0,0.0,0.0,0.0,0.0,0.0,0.75,0.0,0.0,0.0,0.0,0.0,0.0,0.0,0.0,0.0,0.0,0.0,0.0,0.0,0.0,0.0,0.17511699144549656,0.0,0.8461538461538461,0.20177272539818913,8.0,2.1972245773362196,1.6048425676587295,5.194648688795037,9.375
0.01818181818181818,0.0,0.0,0.0,0.43636363636363634,0.509090909090909,0.0,0.0,0.14545454545454545,0.0,0.5272727272727272,0.0,0.0,0.05454545454545454,0.0,0.0,0.10909090909090909,0.0,0.07272727272727272,0.0,0.0,0.07272727272727272,0.03636363636363636,0.16363636363636364,0.0,0.0,0.0,0.0,0.0,0.0,0.0,0.0,0.07272727272727272,0.0,0.0,0.05454545454545454,0.0,0.01818181818181818,0.01818181818181818,0.0,0.0,0.0,0.0,0.0,0.2,0.0,0.0,0.0,0.01818181818181818,0.0,0.0,0.05454545454545454,0.0,0.0,0.0,0.03636363636363636,0.0,0.0,0.12727272727272726,0.0,0.0711273635904521,0.0,0.6666666666666666,0.12469743660112097,55.0,4.02535169073515,5.808178823007122,5.12469309703937,8.745454545454546
0.0,0.0,0.0,0.0,0.36666666666666664,0.23333333333333334,0.0,0.0,0.16666666666666666,0.0,0.3333333333333333,0.0,0.0,0.26666666666666666,0.0,0.0,0.1,0.0,0.03333333333333333,0.0,0.0,0.03333333333333333,0.0,0.0,0.0,0.0,0.0,0.0,0.0,0.0,0.0,0.0,0.0,0.0,0.0,0.03333333333333333,0.0,0.23333333333333334,0.03333333333333333,0.0,0.0,0.0,0.0,0.0,0.13333333333333333,0.13333333333333333,0.0,0.0,0.0,0.0,0.0,0.0,0.0,0.0,0.0,0.0,0.0,0.0,0.0,0.0,0.07831473327712968,0.0,0.6666666666666666,0.1421344176653061,30.0,3.4339872044851463,4.739786062801535,4.091861841916627,7.7
0.09615384615384616,0.0,0.0,0.0,0.5576923076923077,0.6730769230769231,0.0,0.0,0.17307692307692307,0.0,0.3269230769230769,0.0,0.0,0.019230769230769232,0.0,0.0,0.09615384615384616,0.0,0.057692307692307696,0.0,0.0,0.019230769230769232,0.057692307692307696,0.11538461538461539,0.0,0.0,0.019230769230769232,0.0,0.0,0.0,0.11538461538461539,0.019230769230769232,0.019230769230769232,0.038461538461538464,0.0,0.057692307692307696,0.0,0.038461538461538464,0.019230769230769232,0.0,0.019230769230769232,0.0,0.0,0.0,0.11538461538461539,0.0,0.0,0.0,0.0,0.0,0.0,0.0,0.0,0.0,0.0,0.0,0.0,0.0,0.0,0.0,0.08282211700308093,0.0,0.6,0.08581339478072304,52.0,3.970291913552122,5.388939709021461,4.157539312633697,6.9423076923076925
0.053763440860215055,0.0,0.0,0.0,0.21505376344086022,0.16129032258064516,0.0,0.010752688172043012,0.06451612903225806,0.0,0.41935483870967744,0.0,0.010752688172043012,0.03225806451612903,0.0,0.0,0.07526881720430108,0.24731182795698925,0.07526881720430108,0.0,0.0,0.03225806451612903,0.0,0.021505376344086023,0.0,0.0,0.0,0.0,0.0,0.0,0.0,0.0,0.010752688172043012,0.11827956989247312,0.0,0.07526881720430108,0.0,0.0,0.06451612903225806,0.0,0.0,0.0,0.0,0.0,0.07526881720430108,0.0,0.0,0.0,0.0,0.0,0.0,0.0,0.0,0.0,0.0,0.0,0.0,0.0,0.010752688172043012,0.0,0.05647314947735116,0.0,1.0,0.14674562363404167,93.0,4.543294782270004,4.870408821139466,3.1672462364640444,5.559139784946237
0.0,0.0,0.0,0.0,0.3333333333333333,0.3333333333333333,0.0,0.0,0.16666666666666666,0.0,0.8333333333333334,0.0,0.0,0.0,0.0,0.0,0.16666666666666666,0.0,0.0,0.0,0.0,0.0,0.0,0.0,0.0,0.0,0.0,0.0,0.0,0.0,0.0,0.0,0.0,0.0,0.0,0.0,0.0,0.0,0.0,0.0,0.0,0.0,0.0,0.0,0.16666666666666666,0.0,0.0,0.0,0.0,0.0,0.0,0.0,0.0,0.0,0.0,0.0,0.0,0.0,0.16666666666666666,0.0,0.0722049247049247,0.0,0.2222222222222222,0.0524463029151528,6.0,1.9459101490553132,2.99914533915637,2.2852182001336816,6.666666666666667
0.0,0.0,0.0,0.0,0.36363636363636365,0.18181818181818182,0.0,0.0,0.09090909090909091,0.0,0.8181818181818182,0.0,0.0,0.0,0.0,0.0,0.18181818181818182,0.0,0.0,0.0,0.0,0.09090909090909091,0.0,0.0,0.0,0.0,0.0,0.0,0.0,0.0,0.0,0.0,0.0,0.0,0.0,0.0,0.0,0.0,0.0,0.0,0.0,0.0,0.0,0.0,0.18181818181818182,0.0,0.0,0.0,0.0,0.0,0.0,0.0,0.0,0.0,0.0,0.0,0.0,0.0,0.0,0.0,0.14678482867478082,0.0,1.0,0.17280120890255485,11.0,2.4849066497880004,2.738067179854766,2.5324342322152944,6.363636363636363
0.09375,0.0,0.0,0.0,0.65625,0.84375,0.0,0.0,0.125,0.0,0.4375,0.0,0.0,0.03125,0.0,0.0,0.0625,0.0,0.03125,0.0,0.0,0.03125,0.15625,0.59375,0.0,0.0,0.0,0.0,0.0,0.0,0.0,0.0,0.03125,0.0,0.0,0.0625,0.0,0.03125,0.0625,0.0,0.0,0.0,0.0,0.0,0.09375,0.0,0.0,0.0,0.0,0.0,0.0,0.0,0.0,0.0,0.0,0.0,0.0,0.0,0.0,0.0,0.19334704056243196,0.0,0.6666666666666666,0.1686308873317426,32.0,3.4965075614664802,4.538948888132314,4.123105625617661,7.25
0.03333333333333333,0.0,0.0,0.0,0.2,0.36666666666666664,0.0,0.0,0.06666666666666667,0.0,0.13333333333333333,0.0,0.0,0.0,0.0,0.0,0.03333333333333333,0.0,0.06666666666666667,0.0,0.0,0.23333333333333334,0.0,0.0,0.0,0.0,0.0,0.0,0.0,0.0,0.0,0.0,0.0,0.06666666666666667,0.0,0.0,0.0,0.0,0.0,0.0,0.0,0.0,0.0,0.0,0.03333333333333333,0.0,0.0,0.0,0.0,0.0,0.0,0.0,0.0,0.0,0.0,0.0,0.0,0.0,0.0,0.1,0.08539829062938306,0.0,0.75,0.12839925053652232,30.0,3.4339872044851463,3.476857635281228,3.0149626863362666,5.1
0.0,0.0,0.0,0.0,0.0,0.3333333333333333,0.0,0.0,0.16666666666666666,0.0,0.16666666666666666,0.0,0.0,0.0,0.0,0.0,0.16666666666666666,0.0,0.0,0.0,0.0,0.6666666666666666,0.0,0.0,0.0,0.0,0.0,0.0,0.0,0.0,0.0,0.0,0.0,0.0,0.0,0.0,0.0,0.0,0.0,0.0,0.0,0.0,0.0,0.0,0.16666666666666666,0.0,0.0,0.0,0.0,0.0,0.0,0.0,0.0,0.0,0.0,0.0,0.0,0.6666666666666666,0.0,0.16666666666666666,0.15014430014430016,0.0,0.5,0.19165908553089367,6.0,1.9459101490553132,3.4624062518028906,3.7267799624996494,7.666666666666667
0.0,0.0,0.0,0.0,0.0,0.0,0.0,0.0,0.0,0.0,0.058823529411764705,0.0,0.0,0.0,0.0,0.0,0.0,0.0,0.0,0.0,0.0,0.0,0.0,0.0,0.0,0.0,0.0,0.0,0.0,0.0,0.0,0.0,0.0,0.11764705882352941,0.0,0.058823529411764705,0.0,0.0,0.0,0.0,0.0,0.0,0.0,0.0,0.23529411764705882,0.0,0.0,0.0,0.0,0.0,0.0,0.0,0.0,0.0,0.0,0.0,0.0,0.0,0.0,0.0,0.12519830542939786,0.0,0.75,0.16766837148017086,17.0,2.8903717578961645,1.3352766311766304,3.1524143545821794,5.9411764705882355
0.0,0.0,0.0,0.0,0.35294117647058826,0.4117647058823529,0.0,0.0,0.058823529411764705,0.0,0.47058823529411764,0.0,0.0,0.058823529411764705,0.0,0.0,0.0,0.0,0.0,0.0,0.0,0.0,0.0,0.0,0.0,0.0,0.0,0.0,0.0,0.0,0.0,0.0,0.0,0.0,0.0,0.0,0.0,0.0,0.0,0.0,0.0,0.0,0.0,0.0,0.0,0.0,0.0,0.0,0.0,0.0,0.0,0.0,0.0,0.0,0.0,0.0,0.0,0.0,0.0,0.0,0.13883901812473243,0.0,1.0,0.203476324000739,17.0,2.8903717578961645,2.0500226994133905,1.2806788857104259,5.647058823529412
0.0091324200913242,0.0,0.0,0.0,0.0958904109589041,0.3698630136986301,0.0,0.0045662100456621,0.0045662100456621,0.0,0.0867579908675799,0.0,0.2785388127853881,0.0045662100456621,0.2694063926940639,0.0,0.0410958904109589,0.0,0.0136986301369863,0.2009132420091324,0.0,0.0182648401826484,0.0136986301369863,0.0,0.0,0.0,0.0,0.0,0.0,0.0,0.0182648401826484,0.0,0.0045662100456621,0.0,0.0,0.0182648401826484,0.0,0.0045662100456621,0.0091324200913242,0.091324200913242,0.0,0.0867579908675799,0.0,0.0,0.54337899543379,0.2191780821917808,0.0,0.0,0.0,0.0,0.0,0.0,0.0,0.0,0.0,0.0,0.0,0.0,0.0045662100456621,0.0091324200913242,0.13753574988708855,0.0,1.0,0.19109392497091715,219.0,5.393627546352362,5.302941988395961,6.517899773061832,9.383561643835616
0.0,0.0,0.0,0.0,0.42857142857142855,0.7142857142857143,0.0,0.0,0.0,0.0,0.14285714285714285,0.0,0.0,0.7142857142857143,0.0,0.0,0.0,0.0,0.0,0.0,0.0,0.0,0.0,0.0,0.0,0.0,0.0,0.0,0.0,0.0,0.0,0.0,0.14285714285714285,0.0,0.0,0.2857142857142857,0.0,0.0,0.2857142857142857,0.0,0.0,0.0,0.14285714285714285,0.0,0.0,0.0,0.0,0.0,0.0,0.0,0.0,0.0,0.0,0.0,0.0,0.0,0.0,0.0,0.14285714285714285,0.0,0.12683876723889279,0.0,0.5555555555555556,0.1429425134388669,7.0,2.0794415416798357,3.854326416024656,5.5805785670356025,10.0
0.0,0.0,0.0,0.0,0.5,0.3333333333333333,0.0,0.0,0.3333333333333333,0.0,0.5555555555555556,0.0,0.0,0.0,0.0,0.0,0.05555555555555555,0.0,0.0,0.0,0.0,0.0,0.0,0.0,0.0,0.0,0.0,0.0,0.0,0.0,0.0,0.0,0.0,0.0,0.0,0.0,0.0,0.05555555555555555,0.0,0.0,0.0,0.0,0.0,0.0,0.0,0.0,0.0,0.0,0.0,0.0,0.0,0.0,0.0,0.0,0.0,0.0,0.0,0.0,0.0,0.0,0.09060719703576846,0.0,1.0,0.17264327515993175,18.0,2.9444389791664403,2.4910760598382224,2.445075676073932,5.722222222222222
0.0,0.0,0.0,0.0,0.375,0.625,0.0,0.0,0.125,0.0,0.625,0.0,0.0,0.0,0.0,0.0,0.125,0.0,0.0,0.0,0.0,0.0,0.0,0.0,0.0,0.0,0.0,0.0,0.0,0.0,0.0,0.0,0.0,0.0,0.0,0.0,0.0,0.0,0.0,0.0,0.0,0.0,0.0,0.0,0.25,0.0,0.0,0.0,0.0,0.0,0.0,0.0,0.0,0.0,0.0,0.0,0.0,0.0,0.0,0.0,0.1597001650310474,0.0,0.8,0.2275049091791988,8.0,2.1972245773362196,2.6282289436203636,2.0615528128088303,7.0
0.0,0.0,0.0,0.0,0.0,0.0,0.0,0.0,0.0,0.0,0.6666666666666666,0.0,0.0,0.0,0.0,0.0,0.0,0.0,0.0,0.0,0.0,0.4,0.0,0.0,0.0,0.0,0.0,0.0,0.0,0.0,0.0,0.0,0.0,0.0,0.0,0.0,0.0,0.0,0.0,0.0,0.0,0.0,0.0,0.0,0.06666666666666667,0.0,0.0,0.0,0.0,0.0,0.0,0.0,0.0,0.0,0.0,0.0,0.0,0.0,0.0,0.13333333333333333,0.1559970981399553,0.0,1.0,0.20682556364235735,15.0,2.772588722239781,1.5667910242240861,2.2050447211388304,5.733333333333333
0.03571428571428571,0.0,0.0,0.0,0.14285714285714285,0.19642857142857142,0.0,0.0,0.017857142857142856,0.0,0.23214285714285715,0.0,0.0,0.0,0.0,0.0,0.07142857142857142,0.0,0.0,0.0,0.0,0.017857142857142856,0.0,0.0,0.0,0.0,0.0,0.0,0.0,0.0,0.0,0.0,0.017857142857142856,0.0,0.0,0.0,0.0,0.0,0.0,0.0,0.0,0.0,0.0,0.08928571428571429,0.3392857142857143,0.0,0.0,0.0,0.0,0.0,0.0,0.0,0.08928571428571429,0.0,0.0,0.0,0.0,0.0,0.017857142857142856,0.0,0.13385762909425006,0.0,0.9090909090909091,0.1769226287264943,56.0,4.04305126783455,3.361300564659709,3.7278255959029774,7.678571428571429
0.18181818181818182,0.0,0.0,0.0,0.36363636363636365,1.0,0.0,0.0,0.18181818181818182,0.0,0.36363636363636365,0.0,0.0,0.18181818181818182,0.0,0.0,0.09090909090909091,0.0,0.09090909090909091,0.0,0.0,0.0,0.18181818181818182,0.0,0.0,0.0,0.0,0.0,0.0,0.0,0.0,0.0,0.0,0.0,0.0,0.09090909090909091,0.0,0.0,0.0,0.0,0.0,0.0,0.0,0.0,0.09090909090909091,0.18181818181818182,0.0,0.0,0.0,0.0,0.0,0.0,0.0,0.0,0.0,0.0,0.0,0.0,0.0,0.0,0.2288838589718128,0.058823529411764705,1.0,0.20667318664796713,11.0,2.4849066497880004,4.555226873638231,3.0287874998104876,7.909090909090909
0.0,0.0,0.0,0.0,0.0967741935483871,0.06451612903225806,0.0,0.0,0.3225806451612903,0.0,0.8064516129032258,0.0,0.0,0.03225806451612903,0.0,0.0,0.1935483870967742,0.0,0.06451612903225806,0.0,0.0,0.06451612903225806,0.0,0.0,0.0,0.0,0.0,0.0,0.0,0.0,0.0,0.0,0.0,0.0,0.0,0.03225806451612903,0.0,0.06451612903225806,0.03225806451612903,0.0,0.0,0.0,0.16129032258064516,0.0,0.06451612903225806,0.0,0.0,0.0,0.0,0.0,0.0,0.4838709677419355,0.0,0.0,0.0,0.0,0.0,0.0,0.0,0.0,0.14787917187076852,0.0,0.8,0.1252256755782039,31.0,3.4657359027997265,4.2477344610158925,2.788783838264644,6.354838709677419
0.024096385542168676,0.0,0.0,0.0,0.2289156626506024,0.4578313253012048,0.0,0.03614457831325301,0.024096385542168676,0.0,0.12048192771084337,0.0,0.0,0.012048192771084338,0.0,0.0,0.07228915662650602,0.0,0.0963855421686747,0.0,0.0,0.024096385542168676,0.04819277108433735,0.0,0.0,0.0,0.0,0.0,0.0,0.0,0.0,0.0,0.012048192771084338,0.0,0.0,0.10843373493975904,0.0,0.0,0.04819277108433735,0.0,0.0,0.0,0.0,0.0,0.40963855421686746,0.024096385542168676,0.0,0.0,0.0,0.0,0.0,0.0,0.0,0.0,0.0,0.0,0.0,0.0,0.0,0.0,0.09083527616358927,0.0,0.625,0.095145917993524,83.0,4.430816798843313,4.1115884844357025,5.583840193099707,9.397590361445783
0.045454545454545456,0.0,0.0,0.0,0.13636363636363635,0.045454545454545456,0.0,0.045454545454545456,0.0,0.0,0.22727272727272727,0.0,0.045454545454545456,0.045454545454545456,0.045454545454545456,0.0,0.0,0.0,0.0,0.045454545454545456,0.0,0.0,0.0,0.0,0.0,0.0,0.0,0.0,0.0,0.0,0.0,0.0,0.0,0.0,0.0,0.045454545454545456,0.0,0.045454545454545456,0.045454545454545456,0.0,0.0,0.0,0.045454545454545456,0.0,0.22727272727272727,0.045454545454545456,0.0,0.0,0.0,0.0,0.0,0.09090909090909091,0.0,0.0,0.0,0.0,0.0,0.0,0.0,0.0,0.08047064047064048,0.0,1.0,0.190491405023179,22.0,3.1354942159291497,4.110476602371361,3.364864640603954,5.363636363636363
0.01818181818181818,0.0,0.0,0.0,0.43636363636363634,0.5818181818181818,0.0,0.01818181818181818,0.01818181818181818,0.0,0.18181818181818182,0.0,0.0,0.05454545454545454,0.0,0.0,0.07272727272727272,0.0,0.03636363636363636,0.01818181818181818,0.0,0.01818181818181818,0.0,0.03636363636363636,0.0,0.0,0.0,0.0,0.0,0.0,0.0,0.0,0.0,0.0,0.0,0.09090909090909091,0.0,0.0,0.05454545454545454,0.0,0.0,0.0,0.0,0.0,0.14545454545454545,0.0,0.0,0.0,0.0,0.0,0.0,0.0,0.0,0.0,0.0,0.0,0.0,0.0,0.03636363636363636,0.0,0.07717412450605728,0.0,0.8,0.09409671096680117,55.0,4.02535169073515,3.9228759074094697,3.7801569778065436,6.763636363636364
0.0,0.0,0.0,0.0,0.11764705882352941,0.058823529411764705,0.0,0.0,0.0,0.0,0.0,0.0,0.058823529411764705,0.0,0.058823529411764705,0.0,0.0,0.0,0.11764705882352941,0.058823529411764705,0.0,0.29411764705882354,0.0,0.0,0.0,0.0,0.0,0.0,0.0,0.0,0.0,0.0,0.0,0.0,0.0,0.058823529411764705,0.0,0.0,0.0,0.0,0.0,0.0,0.0,0.0,0.29411764705882354,0.0,0.0,0.0,0.0,0.0,0.0,0.0,0.0,0.0,0.0,0.0,0.0,0.11764705882352941,0.0,0.11764705882352941,0.08554207311077107,0.0,0.6,0.12455400629379595,17.0,2.8903717578961645,3.6936684941108346,3.351392831351556,6.9411764705882355
0.028169014084507043,0.0,0.0,0.0,0.4788732394366197,0.5211267605633803,0.0,0.0,0.028169014084507043,0.0,0.2535211267605634,0.0,0.0,0.028169014084507043,0.0,0.0,0.07042253521126761,0.0,0.0,0.014084507042253521,0.0,0.028169014084507043,0.0,0.056338028169014086,0.0,0.0,0.0,0.0,0.0,0.0,0.0,0.2112676056338028,0.0,0.11267605633802817,0.0,0.08450704225352113,0.0,0.0,0.0,0.0,0.15492957746478872,0.0,0.0,0.0,0.11267605633802817,0.014084507042253521,0.0,0.0,0.0,0.056338028169014086,0.0,0.0,0.0,0.0,0.0,0.0,0.0,0.0,0.0,0.0,0.07350540083747784,0.0,0.4444444444444444,0.08095743358748986,71.0,4.276666119016055,4.892969799240888,3.321555599545617,6.577464788732394
0.1,0.0,0.0,0.0,0.6,0.0,0.0,0.0,0.5,0.0,0.8,0.0,0.0,0.0,0.0,0.0,0.1,0.0,0.0,0.0,0.0,0.0,0.0,0.0,0.0,0.0,0.0,0.0,0.0,0.0,0.0,0.0,0.0,0.0,0.0,0.0,0.0,0.0,0.0,0.0,0.0,0.0,0.0,0.0,0.0,0.0,0.0,0.0,0.0,0.0,0.0,0.0,0.0,0.0,0.0,0.0,0.0,0.0,0.0,0.0,0.18732729507239315,0.0,0.8333333333333334,0.203748262619641,10.0,2.3978952727983707,1.8641074513870861,2.2715633383201097,6.2
0.0,0.0,0.0,0.0,0.625,0.4583333333333333,0.0,0.041666666666666664,0.25,0.0,0.5,0.0,0.0,0.041666666666666664,0.0,0.0,0.041666666666666664,0.0,0.16666666666666666,0.0,0.0,0.041666666666666664,0.125,0.375,0.0,0.0,0.0,0.0,0.0,0.0,0.0,0.0,0.08333333333333333,0.041666666666666664,0.0,0.20833333333333334,0.0,0.125,0.125,0.0,0.0,0.0,0.0,0.0,0.16666666666666666,0.0,0.0,0.0,0.0,0.0,0.0,0.0,0.0,0.0,0.0,0.0,0.0,0.0,0.041666666666666664,0.0,0.1125159210281984,0.0,0.6470588235294118,0.14420319583197114,24.0,3.2188758248682006,6.373409492242876,7.14616738772143,10.375
0.03389830508474576,0.01694915254237288,0.0,0.0,0.1864406779661017,0.1694915254237288,0.0,0.0,0.11864406779661017,0.01694915254237288,0.1864406779661017,0.01694915254237288,0.0,0.01694915254237288,0.01694915254237288,0.0,0.1694915254237288,0.0,0.0,0.0,0.0,0.0,0.13559322033898305,0.0,0.0,0.0,0.0,0.0,0.0,0.0,0.0,0.0,0.2711864406779661,0.0,0.03389830508474576,0.05084745762711865,0.0,0.03389830508474576,0.03389830508474576,0.0,0.0,0.0,0.0,0.0,0.13559322033898305,0.0,0.0,0.0,0.0,0.0,0.0,0.0,0.0,0.0,0.0,0.0,0.0,0.0,0.0,0.0,0.08351265119559577,0.0,0.8,0.1078947948491678,59.0,4.0943445622221,4.807863497012951,3.770186498548958,7.4576271186440675
0.041666666666666664,0.0,0.0,0.0,0.16666666666666666,0.16666666666666666,0.0,0.0,0.041666666666666664,0.0,0.4166666666666667,0.0,0.0,0.08333333333333333,0.0,0.0,0.08333333333333333,0.0,0.20833333333333334,0.0,0.0,0.0,0.041666666666666664,0.0,0.0,0.0,0.0,0.0,0.0,0.0,0.0,0.0,0.0,0.0,0.0,0.125,0.0,0.0,0.25,0.0,0.0,0.0,0.0,0.0,0.041666666666666664,0.0,0.0,0.0,0.0,0.0,0.0,0.0,0.0,0.0,0.0,0.0,0.0,0.0,0.0,0.0,0.12119265262268551,0.0,1.0,0.18512930551036827,24.0,3.2188758248682006,4.096038170793558,4.272001872658765,6.0
0.034482758620689655,0.0,0.0,0.0,0.27586206896551724,0.41379310344827586,0.0,0.0,0.2413793103448276,0.0,0.5517241379310345,0.0,0.0,0.0,0.0,0.0,0.10344827586206896,0.0,0.06896551724137931,0.0,0.0,0.034482758620689655,0.034482758620689655,0.0,0.0,0.0,0.0,0.0,0.0,0.0,0.0,0.0,0.0,0.0,0.0,0.034482758620689655,0.0,0.0,0.0,0.0,0.0,0.0,0.0,0.0,0.06896551724137931,0.0,0.0,0.0,0.0,0.0,0.0,0.0,0.0,0.0,0.0,0.0,0.0,0.0,0.034482758620689655,0.0,0.06711385077484149,0.0,0.8571428571428571,0.11874201930578013,29.0,3.4011973816621555,3.7159666471308928,3.3979080085724167,5.620689655172414
0.0625,0.0,0.0,0.0,0.125,0.125,0.0,0.0,0.1875,0.0,0.6875,0.0,0.0,0.375,0.0,0.0,0.125,0.0,0.0625,0.0,0.0,0.25,0.0,0.0,0.0,0.0,0.0,0.0,0.0,0.0,0.0,0.0,0.0625,0.0,0.0,0.0,0.0,0.0,0.0,0.0,0.0,0.0,0.25,0.0,0.125,0.0,0.0,0.0,0.0,0.0,0.0,0.0,0.0,0.0,0.0,0.0,0.0,0.0,0.0,0.0625,0.08469479341726631,0.0,1.0,0.1322173321932217,16.0,2.833213344056216,4.855099355531207,3.999511688944039,8.4375
0.010638297872340425,0.0,0.0,0.0,0.46808510638297873,0.4574468085106383,0.0,0.02127659574468085,0.1595744680851064,0.0,0.44680851063829785,0.0,0.0,0.05319148936170213,0.0,0.0,0.13829787234042554,0.24468085106382978,0.10638297872340426,0.0,0.0,0.06382978723404255,0.05319148936170213,0.26595744680851063,0.0,0.0,0.010638297872340425,0.0,0.0,0.0,0.02127659574468085,0.0,0.02127659574468085,0.0,0.0,0.0851063829787234,0.0,0.05319148936170213,0.0425531914893617,0.0,0.0,0.0,0.0,0.0,0.0851063829787234,0.0,0.0,0.0,0.010638297872340425,0.0,0.0,0.02127659574468085,0.0,0.0,0.0,0.0,0.0,0.0,0.07446808510638298,0.0,0.0808879155518726,0.0,0.6666666666666666,0.08990621533675948,94.0,4.553876891600541,6.40296564995934,4.878805058191525,7.5212765957446805
0.027777777777777776,0.0,0.0,0.0,0.20833333333333334,0.3472222222222222,0.0,0.0,0.0,0.0,0.06944444444444445,0.0,0.0,0.013888888888888888,0.0,0.3611111111111111,0.013888888888888888,0.0,0.041666666666666664,0.0,0.0,0.05555555555555555,0.0,0.0,0.0,0.0,0.013888888888888888,0.0,0.0,0.0,0.041666666666666664,0.041666666666666664,0.0,0.08333333333333333,0.0,0.041666666666666664,0.0,0.0,0.3333333333333333,0.0,0.041666666666666664,0.0,0.0,0.0,0.1388888888888889,0.0,0.0,0.0,0.013888888888888888,0.013888888888888888,0.0,0.0,0.0,0.0,0.0,0.0,0.0,0.0,0.0,0.0,0.10886028002598203,0.0,1.0,0.18947802192592889,72.0,4.290459441148391,4.780781873495418,2.678647853113144,5.638888888888889
0.0,0.0,0.0,0.0,0.2727272727272727,0.045454545454545456,0.0,0.0,0.0,0.0,0.2727272727272727,0.0,0.0,0.0,0.0,0.0,0.0,0.13636363636363635,0.22727272727272727,0.0,0.0,0.2727272727272727,0.0,0.0,0.0,0.0,0.0,0.0,0.0,0.0,0.0,0.0,0.0,0.0,0.0,0.0,0.0,0.0,0.13636363636363635,0.0,0.0,0.0,0.0,0.0,0.045454545454545456,0.0,0.0,0.0,0.0,0.045454545454545456,0.0,0.0,0.0,0.0,0.0,0.0,0.0,0.0,0.0,0.045454545454545456,0.07108236493795982,0.0,1.0,0.15789084237468898,22.0,3.1354942159291497,3.614204678331193,3.407575420725693,6.545454545454546
0.0,0.0,0.0,0.0,0.76,0.64,0.0,0.0,0.2,0.0,0.52,0.0,0.0,0.04,0.0,0.0,0.16,0.0,0.08,0.0,0.0,0.08,0.12,0.36,0.0,0.0,0.0,0.0,0.0,0.0,0.0,0.0,0.08,0.04,0.0,0.2,0.0,0.12,0.08,0.0,0.0,0.0,0.0,0.0,0.16,0.0,0.0,0.0,0.0,0.0,0.0,0.0,0.0,0.0,0.0,0.0,0.0,0.0,0.08,0.0,0.11699049646490478,0.0,0.5,0.10482684086551951,25.0,3.258096538021482,6.072156223664228,5.1793435877531815,9.12
0.05555555555555555,0.0,0.0,0.0,0.2222222222222222,0.2222222222222222,0.0,0.0,0.1111111111111111,0.0,0.8888888888888888,0.0,0.0,0.0,0.0,0.0,0.1111111111111111,0.0,0.05555555555555555,0.0,0.0,0.05555555555555555,0.0,0.0,0.0,0.0,0.0,0.0,0.0,0.0,0.0,0.0,0.0,0.0,0.0,0.0,0.0,0.0,0.0,0.0,0.0,0.0,0.0,0.0,0.2222222222222222,0.0,0.0,0.0,0.05555555555555555,0.0,0.0,0.0,0.0,0.0,0.0,0.0,0.0,0.0,0.0,0.0,0.11877623956266878,0.0,0.6666666666666666,0.11176494353196188,18.0,2.9444389791664403,3.2287388917735136,4.096068575814836,7.0
0.0,0.0,0.0,0.0,0.4,0.375,0.0,0.0,0.25,0.0,0.7,0.0,0.0,0.125,0.0,0.0,0.125,0.0,0.075,0.0,0.0,0.025,0.05,0.025,0.0,0.0,0.0,0.0,0.0,0.0,0.0,0.0,0.0,0.0,0.0,0.05,0.0,0.175,0.025,0.0,0.0,0.0,0.0,0.0,0.1,0.1,0.0,0.0,0.0,0.0,0.0,0.075,0.0,0.0,0.0,0.0,0.0,0.0,0.025,0.0,0.11276259256002732,0.0,0.7333333333333333,0.14804067897280548,40.0,3.713572066704308,5.298977903490426,3.949367037893541,8.45
0.0,0.0,0.0,0.0,0.2222222222222222,0.4444444444444444,0.0,0.0,0.0,0.0,0.2222222222222222,0.0,0.0,0.0,0.0,0.0,0.0,0.0,0.05555555555555555,0.0,0.0,0.0,0.0,0.0,0.0,0.0,0.0,0.0,0.0,0.0,0.0,0.0,0.0,0.0,0.0,0.0,0.0,0.0,0.0,0.0,0.0,0.0,0.0,0.0,0.2222222222222222,0.0,0.0,0.0,0.0,0.05555555555555555,0.0,0.0,0.0,0.0,0.0,0.0,0.0,0.0,0.0,0.0,0.09256686739245437,0.0,1.0,0.2135009119385638,18.0,2.9444389791664403,2.4299083350961594,4.066196086920053,6.722222222222222
0.0,0.0,0.0,0.0,0.17391304347826086,0.2608695652173913,0.0,0.0,0.043478260869565216,0.0,0.2608695652173913,0.0,0.0,0.0,0.0,0.0,0.13043478260869565,0.0,0.0,0.0,0.0,0.043478260869565216,0.0,0.0,0.0,0.0,0.0,0.0,0.0,0.0,0.0,0.0,0.0,0.0,0.0,0.08695652173913043,0.0,0.043478260869565216,0.0,0.0,0.0,0.0,0.0,0.0,0.13043478260869565,0.0,0.0,0.5652173913043478,0.0,0.0,0.0,0.0,0.0,0.0,0.0,0.0,0.0,0.0,0.043478260869565216,0.0,0.16500419883325676,0.0,0.8,0.20760701553103772,23.0,3.1780538303479458,3.775260819544457,4.2728314788768476,7.782608695652174
0.05263157894736842,0.0,0.0,0.0,0.47368421052631576,0.631578947368421,0.0,0.0,0.0,0.0,0.3684210526315789,0.0,0.0,0.10526315789473684,0.0,0.0,0.15789473684210525,0.0,0.05263157894736842,0.0,0.0,0.0,0.0,0.0,0.0,0.0,0.0,0.0,0.0,0.0,0.0,0.0,0.0,0.0,0.0,0.05263157894736842,0.0,0.10526315789473684,0.10526315789473684,0.0,0.0,0.0,0.0,0.0,0.15789473684210525,0.0,0.0,0.0,0.0,0.0,0.0,0.0,0.0,0.0,0.0,0.0,0.0,0.0,0.0,0.0,0.09324104607609106,0.0,0.625,0.1305064661143217,19.0,2.995732273553991,3.99740782093207,4.295846089981445,8.421052631578947
0.0,0.0,0.0,0.0,0.23684210526315788,0.4868421052631579,0.0,0.039473684210526314,0.05263157894736842,0.0,0.10526315789473684,0.0,0.11842105263157894,0.05263157894736842,0.06578947368421052,0.0,0.07894736842105263,0.0,0.02631578947368421,0.07894736842105263,0.0,0.06578947368421052,0.02631578947368421,0.0,0.0,0.0,0.0,0.0,0.0,0.0,0.013157894736842105,0.0,0.0,0.0,0.0,0.013157894736842105,0.0,0.02631578947368421,0.02631578947368421,0.0,0.0,0.0,0.0,0.0,0.7631578947368421,0.013157894736842105,0.0,0.0,0.013157894736842105,0.0,0.0,0.0,0.0,0.0,0.0,0.0,0.0,0.0,0.0,0.013157894736842105,0.11298349162698983,0.0,0.6153846153846154,0.09828301402368093,76.0,4.343805421853684,4.691327323970624,6.471383844608966,11.552631578947368
0.0,0.0,0.0,0.0,0.4166666666666667,0.6666666666666666,0.0,0.0,0.25,0.0,0.25,0.0,0.0,0.0,0.0,0.0,0.16666666666666666,0.0,0.0,0.0,0.0,0.0,0.0,0.0,0.0,0.0,0.0,0.0,0.0,0.0,0.0,0.0,0.0,0.0,0.0,0.0,0.0,0.0,0.0,0.0,0.0,0.0,0.0,0.0,0.16666666666666666,0.08333333333333333,0.0,0.0,0.0,0.0,0.0,0.0,0.0,0.0,0.0,0.0,0.0,0.0,0.0,0.0,0.10582242179800581,0.0,0.8571428571428571,0.16083578362372794,12.0,2.5649493574615367,3.076640378212,3.418698582794336,6.75
0.0,0.0,0.0,0.0,0.23076923076923078,0.23076923076923078,0.0,0.0,0.3076923076923077,0.0,0.5384615384615384,0.0,0.0,0.0,0.0,0.0,0.23076923076923078,0.0,0.07692307692307693,0.0,0.0,0.07692307692307693,0.0,0.0,0.0,0.0,0.0,0.0,0.0,0.0,0.0,0.0,0.0,0.0,0.0,0.07692307692307693,0.0,0.0,0.0,0.0,0.0,0.0,0.0,0.0,0.0,0.0,0.0,0.0,0.0,0.0,0.0,0.0,0.0,0.0,0.0,0.0,0.0,0.0,0.0,0.0,0.09100916983002003,0.0,1.0,0.16337293239437067,13.0,2.6390573296152584,3.322612812027038,4.253783557753382,6.461538461538462
0.16666666666666666,0.0,0.0,0.0,0.3333333333333333,0.08333333333333333,0.0,0.0,0.16666666666666666,0.0,0.6666666666666666,0.0,0.0,0.08333333333333333,0.0,0.0,0.0,0.0,0.0,0.0,0.0,0.0,0.0,0.0,0.0,0.0,0.0,0.0,0.0,0.0,0.0,0.0,0.0,0.0,0.0,0.0,0.0,0.0,0.08333333333333333,0.0,0.0,0.0,0.0,0.0,0.08333333333333333,0.0,0.0,0.0,0.08333333333333333,0.0,0.0,0.0,0.0,0.0,0.0,0.0,0.0,0.0,0.0,0.0,0.10835623817083145,0.0,0.7142857142857143,0.15945154899838995,12.0,2.5649493574615367,3.273684376262023,2.967415635794143,5.833333333333333
0.125,0.0,0.0,0.0,0.25,0.125,0.0,0.0,0.25,0.0,0.625,0.0,0.0,0.0,0.0,0.0,0.0,0.0,0.0,0.0,0.0,0.0,0.0,0.0,0.0,0.0,0.0,0.0,0.0,0.0,0.0,0.0,0.0,0.0,0.0,0.0,0.0,0.0,0.0,0.0,0.0,0.0,0.0,0.0,0.0,0.0,0.0,0.0,0.0,0.0,0.0,0.0,0.0,0.0,0.0,0.0,0.0,0.0,0.0,0.0,0.11047464440321583,0.0,0.6,0.16363870386553975,8.0,2.1972245773362196,2.1737949406953985,1.6583123951777,4.5
0.034482758620689655,0.0,0.0,0.0,0.1724137931034483,0.15517241379310345,0.0,0.0,0.0,0.0,0.10344827586206896,0.0,0.0,0.0,0.0,0.0,0.034482758620689655,0.0,0.017241379310344827,0.0,0.0,0.034482758620689655,0.017241379310344827,0.0,0.0,0.0,0.0,0.0,0.0,0.0,0.0,0.0,0.0,0.0,0.0,0.034482758620689655,0.0,0.0,0.06896551724137931,0.0,0.0,0.0,0.0,0.0,0.034482758620689655,0.0,0.0,0.0,0.0,0.0,0.0,0.0,0.0,0.0,0.0,0.0,0.0,0.0,0.0,0.0,0.13603349208111112,0.0,1.0,0.17604655470797181,58.0,4.07753744390572,2.49860068679395,3.335081784798699,4.258620689655173
0.2727272727272727,0.0,0.0,0.0,0.18181818181818182,0.2727272727272727,0.0,0.0,0.09090909090909091,0.0,0.45454545454545453,0.0,0.0,0.0,0.0,0.0,0.09090909090909091,0.0,0.09090909090909091,0.0,0.0,0.0,0.0,0.0,0.0,0.0,0.0,0.0,0.0,0.0,0.0,0.0,0.0,0.0,0.0,0.0,0.0,0.0,0.0,0.0,0.0,0.0,0.0,0.0,0.18181818181818182,0.0,0.0,0.0,0.09090909090909091,0.0,0.0,0.0,0.0,0.0,0.0,0.0,0.0,0.0,0.09090909090909091,0.0,0.07843478713799568,0.0,0.75,0.15094001431568177,11.0,2.4849066497880004,4.006292444907473,2.854603357837742,5.181818181818182
0.06779661016949153,0.0,0.0,0.0,0.4745762711864407,0.3389830508474576,0.0,0.1016949152542373,0.22033898305084745,0.0,0.4915254237288136,0.0,0.0,0.2033898305084746,0.0,0.0,0.15254237288135594,0.0,0.1016949152542373,0.0,0.0,0.01694915254237288,0.13559322033898305,0.0,0.0,0.0,0.0,0.0,0.0,0.0,0.0,0.0,0.0,0.0,0.0,0.06779661016949153,0.0,0.22033898305084745,0.06779661016949153,0.0,0.0,0.0,0.01694915254237288,0.0,0.15254237288135594,0.03389830508474576,0.0,0.0,0.0,0.0,0.0,0.0,0.0,0.0,0.0,0.11864406779661017,0.0,0.0,0.06779661016949153,0.0,0.08168447815219715,0.0,0.55,0.07244243296628823,59.0,4.0943445622221,6.643883612571706,4.711681498705703,8.372881355932204
0.1,0.0,0.0,0.0,0.1,0.2,0.0,0.0,0.1,0.0,0.3,0.0,0.0,0.0,0.1,0.0,0.0,0.0,0.0,0.0,0.0,0.0,0.0,0.0,0.0,0.0,0.0,0.0,0.0,0.0,0.0,0.0,0.1,0.0,0.0,0.0,0.0,0.1,0.0,0.0,0.0,0.0,0.0,0.0,0.0,0.0,0.0,0.0,0.1,0.0,0.0,0.0,0.0,0.0,0.0,0.0,0.0,0.0,0.2,0.0,0.07405288701087495,0.0,0.6666666666666666,0.13930368501693216,10.0,2.3978952727983707,3.7752105826259603,4.903060268852505,8.6
0.07692307692307693,0.0,0.0,0.0,0.3333333333333333,0.358974358974359,0.0,0.02564102564102564,0.02564102564102564,0.0,0.14102564102564102,0.0,0.0,0.02564102564102564,0.0,0.0,0.038461538461538464,0.01282051282051282,0.08974358974358974,0.01282051282051282,0.0,0.01282051282051282,0.0,0.02564102564102564,0.0,0.0,0.01282051282051282,0.0,0.0,0.0,0.07692307692307693,0.01282051282051282,0.0,0.11538461538461539,0.0,0.038461538461538464,0.0,0.0,0.05128205128205128,0.0,0.01282051282051282,0.0,0.0,0.0,0.11538461538461539,0.0,0.0,0.0,0.0,0.01282051282051282,0.0,0.01282051282051282,0.0,0.0,0.0,0.0,0.0,0.0,0.02564102564102564,0.0,0.05072467059684143,0.0,0.75,0.11029926568560706,78.0,4.3694478524670215,4.961432188005834,3.579656156470002,6.82051282051282
0.0,0.0,0.0,0.0,0.2222222222222222,0.05555555555555555,0.0,0.0,0.2777777777777778,0.0,0.9444444444444444,0.0,0.0,0.05555555555555555,0.0,0.0,0.2777777777777778,0.0,0.0,0.0,0.0,0.05555555555555555,0.0,0.0,0.0,0.0,0.0,0.0,0.0,0.0,0.0,0.0,0.0,0.0,0.0,0.0,0.0,0.0,0.0,0.0,0.0,0.0,0.0,0.0,0.16666666666666666,0.0,0.0,0.0,0.1111111111111111,0.0,0.0,0.0,0.0,0.0,0.0,0.0,0.0,0.0,0.0,0.0,0.17810304075009958,0.0,1.0,0.17873630060047324,18.0,2.9444389791664403,3.0647799057754064,2.748737083745107,5.333333333333333
0.0,0.0,0.0,0.0,0.5714285714285714,0.7142857142857143,0.0,0.07142857142857142,0.2857142857142857,0.0,0.35714285714285715,0.0,0.0,0.14285714285714285,0.0,0.0,0.35714285714285715,0.21428571428571427,0.14285714285714285,0.0,0.0,0.07142857142857142,0.0,0.0,0.0,0.0,0.0,0.0,0.0,0.0,0.0,0.0,0.0,0.0,0.0,0.07142857142857142,0.0,0.0,0.0,0.0,0.0,0.0,0.0,0.0,0.35714285714285715,0.0,0.0,0.0,0.0,0.0,0.0,0.0,0.0,0.0,0.0,0.0,0.0,0.0,0.0,0.0,0.15403828399080888,0.0,0.6666666666666666,0.15741289144179682,14.0,2.70805020110221,5.010185104454276,3.833259389999639,8.142857142857142
0.1,0.0,0.0,0.0,0.7,0.2,0.0,0.0,0.6,0.0,0.9,0.0,0.0,0.2,0.0,0.0,0.1,0.0,0.1,0.0,0.0,0.0,0.2,0.0,0.0,0.0,0.0,0.0,0.0,0.0,0.0,0.0,0.0,0.0,0.0,0.0,0.0,0.0,0.0,0.0,0.0,0.0,0.0,0.0,0.0,0.0,0.0,0.0,0.0,0.0,0.0,0.0,0.0,0.0,0.0,0.0,0.0,0.0,0.0,0.0,0.19536745933804758,0.0,0.8,0.19097953382862304,10.0,2.3978952727983707,3.3289186469797256,3.195309061734091,6.7
0.0,0.0,0.0,0.0,0.43333333333333335,0.4666666666666667,0.0,0.0,0.06666666666666667,0.0,0.3,0.0,0.0,0.1,0.06666666666666667,0.0,0.1,0.0,0.03333333333333333,0.0,0.0,0.06666666666666667,0.0,0.1,0.0,0.0,0.03333333333333333,0.0,0.0,0.0,0.03333333333333333,0.0,0.0,0.03333333333333333,0.0,0.1,0.0,0.0,0.06666666666666667,0.0,0.0,0.0,0.03333333333333333,0.0,0.26666666666666666,0.0,0.0,0.0,0.03333333333333333,0.0,0.0,0.0,0.0,0.0,0.0,0.0,0.0,0.0,0.03333333333333333,0.0,0.06819765661568057,0.0,0.6,0.09435797927325985,30.0,3.4339872044851463,5.581055734064316,3.82099463490856,8.0
0.0,0.0,0.0,0.0,0.16666666666666666,0.3333333333333333,0.0,0.0,0.16666666666666666,0.0,0.5833333333333334,0.0,0.0,0.08333333333333333,0.0,0.0,0.16666666666666666,0.16666666666666666,0.0,0.0,0.0,0.08333333333333333,0.0,0.0,0.0,0.0,0.0,0.0,0.0,0.0,0.0,0.0,0.0,0.0,0.0,0.0,0.0,0.0,0.0,0.0,0.0,0.0,0.0,0.0,0.16666666666666666,0.0,0.0,0.0,0.0,0.0,0.0,0.0,0.0,0.0,0.0,0.0,0.0,0.0,0.0,0.0,0.09845581889757662,0.0,0.6,0.14871036964767248,12.0,2.5649493574615367,3.7335544218486136,3.6996621467371855,6.75
0.0,0.0,0.0,0.0,0.29411764705882354,0.17647058823529413,0.0,0.0,0.17647058823529413,0.0,0.6764705882352942,0.0,0.0,0.058823529411764705,0.0,0.0,0.17647058823529413,0.0,0.029411764705882353,0.0,0.0,0.058823529411764705,0.0,0.0,0.0,0.0,0.0,0.0,0.0,0.0,0.0,0.0,0.029411764705882353,0.0,0.0,0.058823529411764705,0.0,0.08823529411764706,0.0,0.0,0.0,0.0,0.029411764705882353,0.0,0.11764705882352941,0.0,0.0,0.0,0.08823529411764706,0.0,0.0,0.14705882352941177,0.0,0.0,0.0,0.0,0.0,0.0,0.08823529411764706,0.0,0.0822544696385148,0.0,0.5,0.10323147737028558,34.0,3.5553480614894135,5.092860814277457,3.788070876958103,6.9411764705882355
0.05434782608695652,0.0,0.0,0.0,0.44565217391304346,0.6086956521739131,0.0,0.03260869565217391,0.17391304347826086,0.0,0.41304347826086957,0.0,0.0,0.09782608695652174,0.0,0.0,0.11956521739130435,0.0,0.14130434782608695,0.0,0.0,0.03260869565217391,0.05434782608695652,0.22826086956521738,0.0,0.2826086956521739,0.0,0.25,0.0,0.0,0.0,0.0,0.021739130434782608,0.0,0.0,0.13043478260869565,0.2608695652173913,0.15217391304347827,0.05434782608695652,0.0,0.0,0.0,0.0,0.0,0.15217391304347827,0.0,0.0,0.043478260869565216,0.0,0.0,0.010869565217391304,0.010869565217391304,0.0,0.0,0.0,0.09782608695652174,0.0,0.0,0.010869565217391304,0.0,0.1214297321228556,0.0,1.0,0.15487914648513207,92.0,4.532599493153256,8.096798293473679,5.501106178501335,8.402173913043478
0.0,0.0,0.0,0.0,0.0,0.0,0.0,0.0,0.0,0.0,0.0,0.0,0.0,0.0,0.0,0.0,0.0,0.0,0.09090909090909091,0.0,0.0,0.2727272727272727,0.0,0.0,0.0,0.0,0.09090909090909091,0.0,0.0,0.0,0.18181818181818182,0.0,0.0,0.0,0.0,0.09090909090909091,0.0,0.0,0.0,0.0,0.0,0.0,0.0,0.0,0.09090909090909091,0.0,0.0,0.0,0.0,0.0,0.0,0.0,0.0,0.0,0.0,0.0,0.0,0.18181818181818182,0.0,0.18181818181818182,0.10918157599975782,0.0,0.75,0.18803542326530706,11.0,2.4849066497880004,3.1107021400110364,2.4291616756158887,4.909090909090909
0.047619047619047616,0.0,0.0,0.0,0.14285714285714285,0.42857142857142855,0.0,0.0,0.19047619047619047,0.0,0.6190476190476191,0.0,0.0,0.09523809523809523,0.0,0.0,0.14285714285714285,0.0,0.047619047619047616,0.0,0.0,0.047619047619047616,0.047619047619047616,0.0,0.0,0.0,0.0,0.0,0.0,0.0,0.0,0.0,0.0,0.0,0.0,0.047619047619047616,0.0,0.047619047619047616,0.047619047619047616,0.0,0.0,0.0,0.0,0.0,0.09523809523809523,0.0,0.0,0.0,0.0,0.0,0.0,0.0,0.0,0.0,0.0,0.0,0.0,0.0,0.047619047619047616,0.0,0.08103592021194851,0.0,0.5,0.09922112162447592,21.0,3.091042453358316,4.529388107101118,2.942379372528649,6.761904761904762
0.0,0.0,0.0,0.0,0.15789473684210525,0.15789473684210525,0.0,0.0,0.0,0.0,0.21052631578947367,0.0,0.0,0.0,0.0,0.0,0.0,0.05263157894736842,0.2631578947368421,0.0,0.0,0.3684210526315789,0.0,0.0,0.0,0.0,0.0,0.0,0.0,0.0,0.0,0.0,0.0,0.0,0.0,0.0,0.0,0.0,0.10526315789473684,0.0,0.0,0.0,0.0,0.0,0.0,0.0,0.0,0.0,0.0,0.0,0.0,0.0,0.0,0.0,0.0,0.0,0.0,0.0,0.0,0.15789473684210525,0.04380147585145374,0.0,1.0,0.10624580899401216,19.0,2.995732273553991,3.337693839004734,3.1385371612369632,7.2105263157894735
0.043478260869565216,0.0,0.0,0.0,0.2608695652173913,0.6086956521739131,0.0,0.0,0.391304347826087,0.0,0.5652173913043478,0.0,0.0,0.0,0.0,0.0,0.2608695652173913,0.0,0.08695652173913043,0.0,0.0,0.0,0.0,0.0,0.0,0.0,0.0,0.0,0.0,0.0,0.0,0.0,0.0,0.0,0.0,0.043478260869565216,0.0,0.13043478260869565,0.043478260869565216,0.0,0.0,0.0,0.0,0.0,0.08695652173913043,0.043478260869565216,0.0,0.0,0.0,0.0,0.08695652173913043,0.0,0.0,0.0,0.0,0.0,0.0,0.0,0.0,0.0,0.09273373247389172,0.0,0.5714285714285714,0.10168422215500288,23.0,3.1780538303479458,4.5315144152625635,2.791426246830352,6.6521739130434785
0.13333333333333333,0.0,0.0,0.0,0.03333333333333333,0.06666666666666667,0.0,0.0,0.03333333333333333,0.0,0.3333333333333333,0.0,0.0,0.06666666666666667,0.0,0.0,0.03333333333333333,0.0,0.0,0.0,0.0,0.3333333333333333,0.0,0.0,0.0,0.0,0.0,0.0,0.0,0.0,0.0,0.0,0.0,0.0,0.0,0.0,0.0,0.0,0.0,0.0,0.0,0.0,0.2,0.0,0.03333333333333333,0.03333333333333333,0.0,0.0,0.0,0.0,0.0,0.1,0.0,0.0,0.0,0.0,0.0,0.0,0.0,0.0,0.06276146102329208,0.0,0.7142857142857143,0.10868761350003868,30.0,3.4339872044851463,3.579539353710671,3.0368111930481,6.333333333333333
0.0,0.0,0.0,0.0,0.6363636363636364,0.36363636363636365,0.0,0.0,0.0,0.0,0.2727272727272727,0.0,0.0,0.0,0.0,0.0,0.0,0.0,0.0,0.0,0.0,0.0,0.0,0.0,0.0,0.0,0.0,0.0,0.0,0.0,0.0,0.0,0.0,0.0,0.0,0.0,0.0,0.0,0.0,0.0,0.0,0.0,0.0,0.0,0.0,0.0,0.0,0.0,0.0,0.0,0.0,0.0,0.0,0.0,0.0,0.0,0.0,0.0,0.0,0.0,0.3687878787878789,0.0,1.0,0.3915453649870444,11.0,2.4849066497880004,1.4568791549414057,1.3545149477955765,4.7272727272727275
0.0,0.0,0.0,0.0,0.0,0.0,0.0,0.0,0.0,0.0,0.05263157894736842,0.0,0.0,0.0,0.0,0.0,0.0,0.0,0.0,0.0,0.0,0.10526315789473684,0.0,0.0,0.0,0.0,0.0,0.0,0.0,0.0,0.0,0.0,0.0,0.8947368421052632,0.0,0.05263157894736842,0.0,0.0,0.05263157894736842,0.0,0.0,0.0,0.0,0.0,0.2631578947368421,0.0,0.0,0.0,0.0,0.0,0.0,0.0,0.0,0.0,0.0,0.0,0.0,0.0,0.0,0.0,0.4560598512500326,0.0625,1.0,0.23031630599346753,19.0,2.995732273553991,1.6630281098570645,3.281780477498925,8.421052631578947
0.0,0.0,0.0,0.0,0.3333333333333333,0.16666666666666666,0.0,0.0,0.3333333333333333,0.0,1.0,0.0,0.0,0.0,0.0,0.0,0.3333333333333333,0.0,0.0,0.0,0.0,0.0,0.16666666666666666,0.0,0.0,0.0,0.0,0.0,0.0,0.0,0.0,0.0,0.0,0.0,0.0,0.0,0.0,0.0,0.0,0.0,0.0,0.0,0.0,0.0,0.5,0.0,0.0,0.0,0.16666666666666666,0.0,0.0,0.0,0.0,0.0,0.0,0.0,0.0,0.0,0.0,0.0,0.19775738966915438,0.07142857142857142,0.3125,0.07564634499743816,6.0,1.9459101490553132,3.377443751081734,2.494438257849294,7.666666666666667
0.0,0.0,0.0,0.0,0.4,0.6,0.0,0.0,0.0,0.0,0.2,0.0,0.0,0.0,0.0,0.0,0.0,0.0,0.0,0.0,0.0,0.0,0.0,0.0,0.0,0.0,0.0,0.0,0.0,0.0,0.0,0.0,0.0,0.0,0.0,0.0,0.0,0.0,0.0,0.0,0.0,0.0,0.0,0.0,0.2,0.0,0.0,0.0,0.0,0.0,0.0,0.0,0.0,0.0,0.0,0.0,0.0,0.0,0.0,0.0,0.08688644688644688,0.0,0.5,0.14616420134623437,5.0,1.791759469228055,1.8997218324096135,4.445222154178574,4.2
0.2,0.0,0.0,0.0,0.0,0.0,0.0,0.0,0.0,0.0,0.6,0.0,0.0,0.0,0.0,0.0,0.2,0.0,0.0,0.0,0.0,0.0,0.0,0.0,0.0,0.0,0.0,0.0,0.0,0.0,0.0,0.0,0.0,0.0,0.0,0.0,0.0,0.0,0.0,0.0,0.0,0.0,0.0,0.0,0.0,0.0,0.0,0.0,0.0,0.0,0.0,0.0,0.0,0.0,0.0,0.0,0.0,0.0,0.0,0.0,0.45,0.25,1.0,0.24209731743889917,5.0,1.791759469228055,1.3709505944546687,0.4898979485566356,2.4
0.0,0.0,0.0,0.0,0.3333333333333333,0.20512820512820512,0.0,0.05128205128205128,0.05128205128205128,0.0,0.28205128205128205,0.0,0.0,0.05128205128205128,0.0,0.0,0.10256410256410256,0.07692307692307693,0.02564102564102564,0.0,0.0,0.10256410256410256,0.05128205128205128,0.0,0.0,0.0,0.07692307692307693,0.0,0.0,0.0,0.20512820512820512,0.0,0.02564102564102564,0.0,0.0,0.02564102564102564,0.0,0.05128205128205128,0.0,0.0,0.0,0.0,0.0,0.0,0.1282051282051282,0.0,0.0,0.0,0.10256410256410256,0.0,0.0,0.0,0.0,0.0,0.0,0.05128205128205128,0.0,0.0,0.10256410256410256,0.07692307692307693,0.055614358258468534,0.0,0.7142857142857143,0.10148147045468081,39.0,3.6888794541139363,6.2878313200389595,5.908351102868431,9.743589743589743
0.0,0.0,0.0,0.0,0.25,0.45,0.0,0.0,0.5,0.0,0.7,0.0,0.0,0.0,0.0,0.0,0.2,0.0,0.05,0.0,0.0,0.0,0.0,0.0,0.0,0.0,0.0,0.0,0.0,0.0,0.0,0.0,0.0,0.0,0.0,0.0,0.0,0.1,0.05,0.0,0.0,0.0,0.0,0.0,0.05,0.05,0.0,0.0,0.0,0.0,0.1,0.0,0.0,0.0,0.0,0.0,0.0,0.0,0.0,0.0,0.13893430643430643,0.0,0.5,0.11120383151559875,20.0,3.044522437723423,3.8717594699635205,2.03654118544163,5.95
0.037037037037037035,0.0,0.0,0.0,0.1111111111111111,0.4074074074074074,0.0,0.0,0.037037037037037035,0.0,0.14814814814814814,0.0,0.0,0.018518518518518517,0.0,0.0,0.018518518518518517,0.0,0.018518518518518517,0.0,0.0,0.05555555555555555,0.0,0.0,0.0,0.0,0.0,0.0,0.0,0.0,0.0,0.0,0.0,0.0,0.0,0.018518518518518517,0.0,0.018518518518518517,0.0,0.0,0.0,0.0,0.0,0.0,0.09259259259259259,0.018518518518518517,0.0,0.0,0.0,0.0,0.0,0.0,0.0,0.0,0.0,0.0,0.0,0.0,0.0,0.0,0.05284770142465852,0.0,0.5,0.09108031416569567,54.0,4.007333185232471,2.8292986393681403,4.668723826416866,7.592592592592593
0.0,0.0,0.0,0.0,0.42857142857142855,0.8571428571428571,0.0,0.0,0.0,0.0,0.0,0.0,0.0,0.0,0.0,0.0,0.2857142857142857,0.0,0.0,0.0,0.0,0.0,0.0,0.0,0.0,0.2857142857142857,0.0,0.2857142857142857,0.0,0.0,0.0,0.0,0.0,0.0,0.0,0.0,0.2857142857142857,0.0,0.0,0.0,0.0,0.0,0.0,0.0,0.0,0.0,0.0,0.0,0.0,0.0,0.0,0.0,0.0,0.0,0.0,0.0,0.0,0.0,0.0,0.0,0.20114926701061153,0.0,0.8571428571428571,0.18159479673449067,7.0,2.0794415416798357,2.7800530240698373,1.8070158058105024,6.857142857142857
0.05263157894736842,0.0,0.0,0.0,0.2631578947368421,0.42105263157894735,0.0,0.0,0.21052631578947367,0.0,0.42105263157894735,0.0,0.0,0.0,0.0,0.0,0.05263157894736842,0.0,0.05263157894736842,0.0,0.0,0.0,0.0,0.0,0.0,0.0,0.0,0.0,0.0,0.0,0.0,0.0,0.0,0.0,0.0,0.0,0.0,0.0,0.05263157894736842,0.0,0.0,0.0,0.0,0.0,0.05263157894736842,0.0,0.0,0.0,0.0,0.0,0.0,0.0,0.0,0.0,0.0,0.0,0.0,0.0,0.0,0.0,0.06236074072208526,0.0,0.625,0.0942893283388333,19.0,2.995732273553991,3.1488518383616184,2.4965349948697733,5.368421052631579
0.0,0.0,0.0,0.0,0.0,0.14285714285714285,0.0,0.0,0.0,0.0,0.0,0.0,0.0,0.0,0.0,0.0,0.0,0.0,0.0,0.0,0.0,0.0,0.0,0.0,0.0,0.0,0.0,0.0,0.0,0.0,0.0,0.0,0.0,0.0,0.0,0.0,0.0,0.0,0.0,0.0,0.0,0.0,0.0,0.0,0.14285714285714285,0.0,0.0,0.0,0.0,0.0,0.0,0.0,0.0,0.0,0.0,0.0,0.0,0.0,0.0,0.0,0.1141912320483749,0.0,0.8,0.22349207640156796,7.0,2.0794415416798357,0.8021014063021725,2.050385727772475,3.7142857142857144
0.0,0.0,0.0,0.0,0.8,0.0,0.0,0.0,0.6,0.0,1.0,0.0,0.0,0.4,0.0,0.0,0.6,0.0,0.0,0.0,0.0,0.0,0.0,0.0,0.0,0.0,0.0,0.0,0.0,0.0,0.0,0.0,0.0,0.0,0.0,0.0,0.0,0.0,0.0,0.0,0.0,0.0,0.0,0.0,0.4,0.0,0.0,0.0,0.0,0.0,0.0,0.0,0.0,0.0,0.0,0.0,0.0,0.0,0.0,0.0,0.2432291684923264,0.07142857142857142,0.7272727272727273,0.2059898147496622,5.0,1.791759469228055,2.1994436648192273,2.1540659228538015,8.4
0.0,0.0,0.0,0.0,0.6,0.4,0.0,0.0,0.0,0.0,0.0,0.0,0.0,0.0,0.0,0.0,0.0,0.0,0.0,0.0,0.0,0.0,0.0,0.0,0.0,0.0,0.0,0.0,0.0,0.0,0.0,0.0,0.0,0.0,0.0,0.0,0.0,0.0,0.0,0.0,0.0,0.0,0.0,0.0,0.6,0.0,0.0,0.0,0.0,0.0,0.0,0.0,0.0,0.0,0.0,0.0,0.0,0.0,0.0,0.0,0.20777777777777778,0.0,0.4166666666666667,0.15404424568814518,5.0,1.791759469228055,1.4131299509543922,2.4,7.2
0.16666666666666666,0.0,0.0,0.0,0.3333333333333333,0.3333333333333333,0.0,0.0,0.0,0.0,0.3333333333333333,0.0,0.0,0.0,0.0,0.0,0.0,0.0,0.0,0.0,0.0,0.0,0.0,0.0,0.0,0.0,0.0,0.0,0.0,0.0,0.0,0.0,0.0,0.0,0.0,0.16666666666666666,0.0,0.0,0.0,0.0,0.0,0.0,0.0,0.0,0.0,0.0,0.0,0.0,0.0,0.0,0.0,0.0,0.0,0.0,0.0,0.0,0.0,0.0,0.16666666666666666,0.0,0.03650793650793651,0.0,0.2777777777777778,0.07488968960054253,6.0,1.9459101490553132,2.8774437510817346,4.561310727801336,7.166666666666667
0.0,0.0,0.0,0.0,0.16666666666666666,0.16666666666666666,0.0,0.0,0.0,0.0,0.8333333333333334,0.0,0.0,0.0,0.0,0.0,0.25,0.0,0.0,0.0,0.0,0.08333333333333333,0.0,0.0,0.0,0.0,0.0,0.0,0.0,0.0,0.0,0.0,0.0,0.0,0.0,0.0,0.0,0.0,0.0,0.0,0.0,0.0,0.0,0.0,0.16666666666666666,0.0,0.0,0.0,0.0,0.0,0.0,0.0,0.0,0.0,0.0,0.0,0.0,0.0,0.0,0.0,0.24864933046751223,0.0,1.0,0.2227114672026622,12.0,2.5649493574615367,2.3104234636155025,2.3570226039551585,5.333333333333333
0.0,0.0,0.0,0.0,0.8,0.6,0.0,0.0,0.0,0.0,0.8,0.0,0.0,0.0,0.0,0.0,0.0,0.0,0.0,0.0,0.0,0.0,0.0,0.0,0.0,0.0,0.0,0.0,0.0,0.0,0.0,0.0,0.0,0.0,0.0,0.0,0.0,0.0,0.0,0.0,0.0,0.0,0.0,0.0,0.0,0.0,0.0,0.0,0.0,0.0,0.0,0.0,0.0,0.0,0.0,0.0,0.0,0.0,0.0,0.0,0.44972582972582975,0.09090909090909091,1.0,0.2965590565440039,5.0,1.791759469228055,0.9572643083195034,0.9797958971132712,5.8
0.0,0.0,0.0,0.0,0.7666666666666667,0.6666666666666666,0.0,0.03333333333333333,0.2,0.0,0.5666666666666667,0.0,0.0,0.03333333333333333,0.0,0.0,0.23333333333333334,0.0,0.06666666666666667,0.0,0.0,0.03333333333333333,0.16666666666666666,0.7333333333333333,0.0,0.0,0.0,0.0,0.0,0.0,0.0,0.0,0.06666666666666667,0.0,0.0,0.13333333333333333,0.0,0.13333333333333333,0.1,0.0,0.0,0.0,0.0,0.0,0.2,0.0,0.0,0.0,0.0,0.0,0.0,0.0,0.0,0.03333333333333333,0.0,0.0,0.0,0.0,0.06666666666666667,0.0,0.15076617296342482,0.0,0.5714285714285714,0.11469732764729837,30.0,3.4339872044851463,5.868823080142988,6.211548384528075,10.5
0.16666666666666666,0.0,0.0,0.0,0.0,0.8333333333333334,0.0,0.0,0.0,0.0,0.16666666666666666,0.0,0.0,0.0,0.0,0.0,0.08333333333333333,0.0,0.0,0.0,0.0,0.0,0.0,0.0,0.0,0.0,0.0,0.0,0.0,0.0,0.0,0.0,0.0,0.0,0.0,0.0,0.0,0.0,0.0,0.0,0.0,0.0,0.0,0.0,0.08333333333333333,0.0,0.0,0.0,0.0,0.0,0.0,0.0,0.0,0.0,0.0,0.0,0.0,0.0,0.0,0.0,0.3362785362785362,0.0,1.0,0.35562162389948837,12.0,2.5649493574615367,1.6783432552220727,1.7539637649874324,3.4166666666666665
0.0,0.0,0.0,0.0,0.5,0.3,0.0,0.0,0.4,0.0,0.8,0.0,0.0,0.3,0.0,0.6,0.2,0.0,0.2,0.0,0.0,0.0,0.0,0.0,0.0,0.0,0.0,0.0,0.0,0.0,0.0,0.0,0.0,0.0,0.0,0.2,0.0,0.1,0.1,0.0,0.0,0.0,0.0,0.0,0.4,0.0,0.0,0.0,0.1,0.0,0.0,0.0,0.0,0.0,0.0,0.0,0.0,0.0,0.0,0.1,0.16715255783859717,0.0,0.6,0.15985061155347374,10.0,2.3978952727983707,6.02137175970659,6.024118192731614,12.1
0.0,0.0,0.0,0.0,0.6,0.2,0.0,0.0,0.0,0.0,1.0,0.0,0.0,0.0,0.0,0.0,0.0,0.0,0.0,0.0,0.0,0.0,0.0,0.0,0.0,0.0,0.0,0.0,0.0,0.0,0.0,0.0,0.0,0.0,0.0,0.0,0.0,0.0,0.0,0.0,0.0,0.0,0.0,0.0,0.0,0.0,0.0,0.0,0.0,0.0,0.0,0.0,0.0,0.0,0.0,0.0,0.0,0.0,0.0,0.0,0.4273015873015874,0.1111111111111111,1.0,0.3638577213980938,5.0,1.791759469228055,0.9065649754771962,0.7999999999999999,5.4
0.0,0.0,0.0,0.0,0.07692307692307693,0.7692307692307693,0.0,0.0,0.0,0.0,0.5384615384615384,0.0,0.0,0.0,0.0,0.0,0.0,0.0,0.0,0.0,0.0,0.0,0.0,0.0,0.0,0.0,0.0,0.0,0.0,0.0,0.0,0.0,0.0,0.5384615384615384,0.0,0.0,0.0,0.0,0.0,0.0,0.0,0.0,0.0,0.0,0.0,0.0,0.0,0.0,0.0,0.0,0.0,0.0,0.0,0.0,0.0,0.0,0.0,0.0,0.0,0.0,0.38627337574705994,0.13333333333333333,1.0,0.18740821951983966,13.0,2.6390573296152584,1.5375956227574785,2.9472683170258485,4.923076923076923
0.0,0.0,0.0,0.0,0.5,0.3333333333333333,0.0,0.0,0.25,0.0,0.75,0.0,0.0,0.16666666666666666,0.0,0.5,0.08333333333333333,0.0,0.08333333333333333,0.0,0.0,0.08333333333333333,0.0,0.0,0.0,0.0,0.0,0.0,0.0,0.0,0.0,0.0,0.0,0.0,0.0,0.08333333333333333,0.0,0.08333333333333333,0.08333333333333333,0.0,0.0,0.0,0.0,0.0,0.25,0.0,0.0,0.0,0.16666666666666666,0.0,0.0,0.0,0.0,0.0,0.0,0.0,0.0,0.0,0.0,0.16666666666666666,0.15168319508727643,0.0,0.6,0.15364988430167667,12.0,2.5649493574615367,5.924561458754008,5.407684860969208,11.083333333333334
0.0,0.0,0.0,0.0,0.0,0.2,0.0,0.0,0.0,0.0,0.3,0.0,0.0,0.0,0.0,0.0,0.0,0.0,0.1,0.0,0.0,0.3,0.0,0.0,0.0,0.0,0.0,0.0,0.0,0.0,0.0,0.0,0.0,0.0,0.0,0.0,0.0,0.0,0.0,0.0,0.0,0.0,0.0,0.0,0.0,0.0,0.0,0.0,0.0,0.0,0.0,0.0,0.0,0.0,0.0,0.0,0.0,0.0,0.0,0.4,0.07545503617776692,0.0,1.0,0.17085716838599846,10.0,2.3978952727983707,2.3675290229208774,3.0594117081556713,7.8
0.0,0.0,0.0,0.0,0.0,0.5714285714285714,0.0,0.0,0.0,0.0,0.0,0.0,0.0,0.0,0.0,0.0,0.0,0.0,0.0,0.0,0.0,0.0,0.0,0.0,0.0,0.0,0.0,0.0,0.0,0.0,0.14285714285714285,0.0,0.0,0.0,0.0,0.0,0.0,0.0,0.0,0.0,0.0,0.0,0.0,0.0,0.14285714285714285,0.0,0.0,0.0,0.0,0.0,0.0,0.0,0.0,0.0,0.0,0.0,0.0,0.0,0.0,0.0,0.20521541950113378,0.0,1.0,0.29738051125458975,7.0,2.0794415416798357,1.263447076049375,1.4982983545287878,3.5714285714285716
0.0,0.0,0.0,0.0,0.16666666666666666,0.16666666666666666,0.0,0.0,0.0,0.0,0.8333333333333334,0.0,0.0,0.0,0.0,0.0,0.0,0.0,0.0,0.0,0.0,0.0,0.0,0.0,0.0,0.0,0.0,0.0,0.0,0.0,0.0,0.0,0.0,0.0,0.0,0.0,0.0,0.0,0.0,0.0,0.0,0.0,0.16666666666666666,0.0,0.0,0.0,0.0,0.0,0.0,0.0,0.0,0.0,0.0,0.0,0.0,0.0,0.0,0.0,0.0,0.16666666666666666,0.20796296296296296,0.0,0.5714285714285714,0.20918736348457612,6.0,1.9459101490553132,1.942503672008932,1.5723301886761007,5.166666666666667
0.07142857142857142,0.0,0.0,0.0,0.35714285714285715,0.2857142857142857,0.0,0.0,0.07142857142857142,0.0,0.42857142857142855,0.0,0.0,0.21428571428571427,0.07142857142857142,0.0,0.0,0.0,0.0,0.0,0.0,0.07142857142857142,0.0,0.0,0.0,0.0,0.07142857142857142,0.0,0.0,0.0,0.07142857142857142,0.0,0.0,0.0,0.0,0.07142857142857142,0.0,0.0,0.0,0.0,0.0,0.0,0.07142857142857142,0.0,0.14285714285714285,0.0,0.0,0.0,0.07142857142857142,0.0,0.0,0.0,0.0,0.0,0.0,0.0,0.0,0.0,0.0,0.0,0.08996978178415935,0.0,1.0,0.17029092004783333,14.0,2.70805020110221,4.895642125624523,3.5549620394655155,6.928571428571429
0.0,0.0,0.0,0.0,0.4,0.4,0.0,0.0,0.2,0.0,0.2,0.0,0.0,0.0,0.0,0.0,0.0,0.0,0.0,0.0,0.0,0.0,0.0,0.0,0.0,0.0,0.0,0.0,0.0,0.0,0.0,0.0,0.0,0.0,0.0,0.0,0.0,0.0,0.0,0.0,0.0,0.0,0.0,0.0,0.0,0.0,0.0,0.0,0.0,0.0,0.0,0.0,0.0,0.0,0.0,0.0,0.0,0.0,0.0,0.0,0.08228696741854637,0.0,0.375,0.1046020638484647,5.0,1.791759469228055,1.9863137138648346,4.147288270665544,10.0
0.0,0.0,0.0,0.0,0.35714285714285715,0.42857142857142855,0.0,0.0,0.21428571428571427,0.0,0.21428571428571427,0.0,0.0,0.0,0.0,0.0,0.07142857142857142,0.0,0.07142857142857142,0.0,0.0,0.0,0.0,0.0,0.0,0.0,0.0,0.0,0.0,0.0,0.0,0.0,0.0,0.0,0.0,0.0,0.0,0.0,0.0,0.0,0.0,0.0,0.0,0.0,0.07142857142857142,0.07142857142857142,0.0,0.0,0.0,0.0,0.0,0.0,0.0,0.0,0.0,0.0,0.0,0.0,0.0,0.0,0.11530931143967522,0.0,0.8571428571428571,0.20378782257682046,14.0,2.70805020110221,3.0946616342942144,3.5087354545186105,7.214285714285714
0.01694915254237288,0.06779661016949153,0.0,0.05084745762711865,0.2033898305084746,0.4576271186440678,0.0,0.0,0.0,0.0,0.06779661016949153,0.0,0.0,0.0,0.01694915254237288,0.0,0.01694915254237288,0.0,0.03389830508474576,0.01694915254237288,0.0,0.06779661016949153,0.288135593220339,0.0,0.0,0.0,0.0,0.0,0.0,0.0,0.0,0.0,0.2711864406779661,0.0,0.05084745762711865,0.13559322033898305,0.0,0.0,0.03389830508474576,0.0,0.0,0.0,0.0,0.0,0.6610169491525424,0.03389830508474576,0.03389830508474576,0.0,0.0,0.0,0.0,0.0,0.0,0.0,0.0,0.0,0.0,0.0,0.0,0.0,0.13235225018727892,0.0,0.6923076923076923,0.1122000607127202,59.0,4.0943445622221,5.08449104994299,3.4751136417859243,8.694915254237289
0.0,0.0,0.0,0.0,0.34615384615384615,0.5384615384615384,0.0,0.0,0.11538461538461539,0.0,0.3076923076923077,0.0,0.0,0.19230769230769232,0.0,0.0,0.15384615384615385,0.0,0.038461538461538464,0.0,0.0,0.0,0.0,0.0,0.0,0.0,0.0,0.0,0.0,0.0,0.0,0.0,0.0,0.0,0.0,0.038461538461538464,0.0,0.2692307692307692,0.07692307692307693,0.0,0.0,0.0,0.0,0.0,0.15384615384615385,0.15384615384615385,0.0,0.0,0.038461538461538464,0.0,0.0,0.0,0.0,0.0,0.0,0.0,0.0,0.0,0.0,0.0,0.09311371328340219,0.0,0.7333333333333333,0.14199179380591018,26.0,3.295836866004329,4.933822918849924,4.373805838716769,8.153846153846153
0.0,0.0,0.0,0.0,0.037037037037037035,0.07407407407407407,0.0,0.0,0.0,0.0,0.1111111111111111,0.0,0.037037037037037035,0.0,0.037037037037037035,0.0,0.037037037037037035,0.0,0.0,0.0,0.0,0.0,0.037037037037037035,0.0,0.0,0.0,0.0,0.0,0.0,0.0,0.0,0.0,0.07407407407407407,0.0,0.0,0.0,0.0,0.0,0.0,0.0,0.0,0.0,0.0,0.0,0.37037037037037035,0.0,0.0,0.0,0.0,0.0,0.0,0.0,0.0,0.0,0.0,0.0,0.0,0.0,0.037037037037037035,0.0,0.1010516336630251,0.0,1.0,0.1384954452588477,27.0,3.332204510175204,2.4958608925452848,3.9454441438772663,8.37037037037037
0.0,0.0,0.0,0.0,1.0,0.8333333333333334,0.0,0.0,0.0,0.0,0.3333333333333333,0.0,0.0,0.0,0.0,0.0,0.0,0.0,0.16666666666666666,0.0,0.0,0.16666666666666666,0.5,0.0,0.0,0.0,0.0,0.0,0.0,0.0,0.0,0.0,0.16666666666666666,0.0,0.0,0.6666666666666666,0.0,0.5,0.16666666666666666,0.0,0.0,0.0,0.0,0.0,0.5,0.0,0.0,0.0,0.0,0.0,0.0,0.0,0.0,0.0,0.0,0.0,0.0,0.0,0.0,0.0,0.2233141425711085,0.058823529411764705,0.5384615384615384,0.13597233639461317,6.0,1.9459101490553132,4.360799506063422,3.2145502536643185,9.0
0.02564102564102564,0.0,0.0,0.0,0.38461538461538464,0.2564102564102564,0.0,0.0,0.05128205128205128,0.0,0.358974358974359,0.0,0.0,0.07692307692307693,0.0,0.0,0.1282051282051282,0.0,0.05128205128205128,0.0,0.0,0.1282051282051282,0.0,0.0,0.0,0.0,0.0,0.0,0.0,0.0,0.0,0.0,0.0,0.0,0.0,0.02564102564102564,0.0,0.02564102564102564,0.02564102564102564,0.0,0.0,0.0,0.0,0.0,0.07692307692307693,0.0,0.0,0.0,0.0,0.0,0.0,0.0,0.0,0.0,0.0,0.0,0.0,0.0,0.02564102564102564,0.0,0.08387132786292449,0.0,0.6666666666666666,0.13045792224825548,39.0,3.6888794541139363,4.010540442619884,3.499412930946486,7.435897435897436
0.0,0.0,0.0,0.0,0.2,0.4,0.0,0.0,0.0,0.0,0.4,0.0,0.0,0.0,0.0,0.0,0.0,0.0,0.0,0.0,0.0,0.6,0.0,0.2,0.0,0.0,0.0,0.0,0.0,0.0,0.0,0.0,0.0,0.0,0.0,0.2,0.0,0.2,0.0,0.0,0.0,0.0,0.0,0.0,0.6,0.0,0.0,0.0,0.0,0.0,0.0,0.0,0.0,0.0,0.0,0.0,0.0,0.0,0.0,0.2,0.0928042328042328,0.0,0.5,0.14249359974370088,5.0,1.791759469228055,4.263829283796699,4.166533331199932,12.2
0.0,0.0,0.0,0.0,1.0,0.0,0.0,0.0,0.0,0.0,0.0,0.0,0.0,0.0,0.0,0.0,0.0,0.0,0.0,0.0,0.0,0.0,0.0,0.0,0.0,0.0,0.0,0.0,0.0,0.0,0.0,0.0,0.0,0.0,0.0,0.0,0.0,0.0,0.0,0.0,0.0,0.0,0.0,0.0,0.2,0.0,0.0,0.0,0.0,0.0,0.0,0.0,0.0,0.0,0.0,0.0,0.0,0.0,0.0,0.0,0.5654166666666666,0.0625,1.0,0.41703754327398396,5.0,1.791759469228055,0.46438561897747244,2.9257477676655586,6.2
0.0,0.0,0.0,0.0,0.4,0.8,0.0,0.0,0.0,0.0,0.0,0.0,0.0,0.0,0.0,0.0,0.0,0.0,0.0,0.0,0.0,0.0,0.0,0.0,0.0,0.0,0.0,0.0,0.0,0.0,0.0,0.0,0.0,0.0,0.0,0.0,0.0,0.0,0.0,0.0,0.0,0.0,0.0,0.0,0.0,0.0,0.0,0.0,0.0,0.0,0.0,0.0,0.0,0.0,0.0,0.0,0.0,0.0,0.0,0.0,0.1548217468805704,0.0,0.6666666666666666,0.1858763856478652,5.0,1.791759469228055,0.7863137138648346,3.1240998703626617,5.2
0.0,0.0,0.0,0.0,0.0,0.3,0.0,0.0,0.0,0.0,0.1,0.0,0.0,0.0,0.0,0.0,0.0,0.0,0.0,0.0,0.0,0.0,0.0,0.0,0.0,0.0,0.0,0.0,0.0,0.0,0.0,0.0,0.0,0.0,0.0,0.0,0.0,0.0,0.0,0.0,0.0,0.0,0.0,0.0,0.0,0.0,0.0,0.0,0.0,0.0,0.0,0.2,0.0,0.0,0.0,0.0,0.0,0.0,0.0,0.0,0.2732323232323232,0.0,1.0,0.2861006577565628,10.0,2.3978952727983707,1.3176681067160705,2.0880613017821097,3.8
0.0,0.0,0.0,0.0,0.0,0.0,0.0,0.0,0.0,0.0,0.75,0.0,0.0,0.0,0.0,0.0,0.0,0.0,0.0,0.0,0.0,0.0,0.0,0.0,0.0,0.0,0.0,0.0,0.0,0.0,0.0,0.0,0.0,0.25,0.0,0.0,0.0,0.0,0.0,0.0,0.0,0.0,0.0,0.0,0.0,0.0,0.0,0.0,0.0,0.0,0.0,0.0,0.0,0.0,0.0,0.0,0.0,0.0,0.0,0.0,0.4741496598639456,0.125,1.0,0.2558216042155076,8.0,2.1972245773362196,0.8112781244591328,1.0897247358851685,4.75
0.4,0.0,0.0,0.0,0.0,0.4,0.0,0.0,0.0,0.0,0.0,0.0,0.0,0.0,0.0,0.0,0.0,0.0,0.0,0.0,0.0,0.0,0.0,0.0,0.0,0.0,0.0,0.0,0.0,0.0,0.0,0.0,0.0,0.0,0.0,0.0,0.0,0.0,0.0,0.0,0.0,0.0,0.0,0.0,0.0,0.0,0.0,0.0,0.0,0.0,0.0,0.0,0.0,0.0,0.0,0.0,0.0,0.0,0.0,0.0,0.19079530976270107,0.0625,0.6666666666666666,0.1730828840428868,5.0,1.791759469228055,1.0575424759098897,5.1146847410177685,6.8
0.0,0.0,0.0,0.0,0.6666666666666666,0.4444444444444444,0.0,0.0,0.4444444444444444,0.0,0.7777777777777778,0.0,0.0,0.0,0.0,0.0,0.3333333333333333,0.0,0.0,0.0,0.0,0.0,0.1111111111111111,0.0,0.0,0.0,0.0,0.0,0.0,0.0,0.0,0.0,0.0,0.0,0.0,0.0,0.0,0.0,0.0,0.0,0.0,0.0,0.0,0.0,0.0,0.0,0.0,0.0,0.0,0.0,0.0,0.0,0.0,0.0,0.0,0.0,0.0,0.0,0.0,0.0,0.1801585170457719,0.0,0.75,0.17372437881979708,9.0,2.302585092994046,2.5924420083515747,3.3591592128513272,6.777777777777778
0.0,0.0,0.0,0.0,0.375,0.5,0.0,0.0,0.0,0.0,0.25,0.0,0.0,0.0,0.0,0.0,0.25,0.375,0.0,0.0,0.0,0.0,0.125,0.0,0.0,0.0,0.0,0.0,0.0,0.0,0.0,0.0,0.0,0.0,0.0,0.0,0.0,0.0,0.0,0.0,0.0,0.0,0.0,0.0,0.125,0.0,0.0,0.0,0.0,0.0,0.0,0.0,0.0,0.0,0.0,0.0,0.0,0.0,0.0,0.0,0.16113036123540322,0.0,0.75,0.2435819575899619,8.0,2.1972245773362196,3.3112781244591325,3.515590277606308,6.125
0.0,0.0,0.0,0.0,0.6875,0.6041666666666666,0.0,0.020833333333333332,0.16666666666666666,0.0,0.3541666666666667,0.0,0.0,0.041666666666666664,0.0,0.0,0.08333333333333333,0.0,0.08333333333333333,0.020833333333333332,0.0,0.041666666666666664,0.10416666666666667,0.3333333333333333,0.0,0.0,0.0,0.0,0.0,0.0,0.0,0.0,0.020833333333333332,0.0,0.0,0.10416666666666667,0.0,0.0625,0.0625,0.0,0.0,0.0,0.0,0.0,0.20833333333333334,0.0,0.0,0.0,0.0,0.0,0.0,0.020833333333333332,0.0,0.0,0.0,0.0,0.0,0.0,0.020833333333333332,0.0,0.09318828130449575,0.0,0.8,0.10913019411172598,48.0,3.8918202981106265,5.512976356342298,4.789854729877862,8.125
0.0,0.0,0.0,0.0,0.2,0.8,0.0,0.0,0.2,0.0,0.6,0.0,0.0,0.0,0.0,0.0,0.0,0.0,0.0,0.0,0.0,0.0,0.0,0.0,0.0,0.0,0.0,0.0,0.0,0.0,0.0,0.0,0.0,0.0,0.0,0.0,0.0,0.0,0.0,0.0,0.0,0.0,0.0,0.0,0.2,0.0,0.0,0.0,0.0,0.0,0.0,0.0,0.0,0.0,0.0,0.0,0.0,0.0,0.0,0.0,0.11016306792622584,0.0,0.25,0.07028309732493267,5.0,1.791759469228055,2.092878689342031,4.498888751680798,6.6
0.0,0.0,0.0,0.0,0.25,0.0,0.0,0.0,0.625,0.0,0.75,0.0,0.0,0.0,0.0,0.0,0.0,0.0,0.0,0.0,0.0,0.0,0.0,0.0,0.0,0.0,0.0,0.0,0.0,0.0,0.0,0.0,0.0,0.0,0.0,0.0,0.0,0.0,0.0,0.0,0.0,0.0,0.0,0.0,0.25,0.0,0.0,0.0,0.125,0.0,0.0,0.0,0.0,0.0,0.0,0.0,0.0,0.0,0.0,0.0,0.2043417839470471,0.0,0.7777777777777778,0.23136627147477348,8.0,2.1972245773362196,2.1100730651545314,2.8722813232690143,8.0
0.0,0.0,0.0,0.0,0.4,0.1,0.0,0.0,0.1,0.0,0.6,0.0,0.0,0.0,0.0,0.0,0.0,0.0,0.0,0.0,0.0,0.0,0.0,0.0,0.0,0.0,0.0,0.0,0.0,0.0,0.0,0.0,0.0,0.0,0.0,0.0,0.0,0.0,0.0,0.0,0.0,0.0,0.0,0.0,0.2,0.0,0.0,0.0,0.0,0.0,0.0,0.0,0.0,0.0,0.0,0.0,0.0,0.0,0.0,0.0,0.269054279054279,0.0,1.0,0.22702457974878015,10.0,2.3978952727983707,2.0997218324096134,1.8867962264113207,4.8
0.16666666666666666,0.0,0.0,0.0,0.0,0.8333333333333334,0.0,0.0,0.0,0.0,0.16666666666666666,0.0,0.0,0.0,0.0,0.0,0.0,0.0,0.3333333333333333,0.0,0.0,0.0,0.16666666666666666,0.0,0.0,0.0,0.0,0.0,0.0,0.0,0.0,0.0,0.0,0.0,0.0,0.0,0.0,0.0,0.16666666666666666,0.0,0.0,0.0,0.0,0.0,0.0,0.0,0.0,0.0,0.0,0.0,0.0,0.0,0.0,0.0,0.0,0.0,0.0,0.0,0.0,0.0,0.1177528299587123,0.0,0.625,0.15479057365921098,6.0,1.9459101490553132,2.470824505582651,2.4267032964268394,6.333333333333333
0.2,0.0,0.0,0.0,0.0,1.0,0.0,0.0,0.0,0.0,0.0,0.0,0.0,0.0,0.0,0.0,0.0,0.0,0.0,0.0,0.0,0.0,0.0,0.0,0.0,0.0,0.0,0.0,0.0,0.0,0.0,0.0,0.0,0.0,0.0,0.0,0.0,0.0,0.2,0.0,0.0,0.0,0.0,0.0,0.0,0.0,0.0,0.0,0.0,0.0,0.0,0.0,0.0,0.0,0.0,0.0,0.0,0.0,0.0,0.0,0.4833333333333333,0.1111111111111111,1.0,0.30192285009155473,5.0,1.791759469228055,0.9287712379549449,2.244994432064365,5.6
0.02631578947368421,0.0,0.0,0.0,0.18421052631578946,0.7105263157894737,0.0,0.0,0.07894736842105263,0.0,0.10526315789473684,0.0,0.0,0.02631578947368421,0.0,0.0,0.07894736842105263,0.0,0.07894736842105263,0.0,0.0,0.0,0.18421052631578946,0.0,0.0,0.0,0.0,0.0,0.0,0.0,0.0,0.0,0.10526315789473684,0.0,0.0,0.15789473684210525,0.0,0.0,0.21052631578947367,0.0,0.0,0.0,0.0,0.0,0.4473684210526316,0.0,0.0,0.0,0.0,0.0,0.0,0.0,0.0,0.0,0.0,0.0,0.0,0.0,0.0,0.0,0.15338842781978498,0.0,0.75,0.17529013260460907,38.0,3.6635616461296463,4.489872801159818,6.3823249699588835,12.052631578947368
0.0,0.0,0.0,0.0,0.16666666666666666,0.0,0.0,0.0,0.3333333333333333,0.0,0.8333333333333334,0.0,0.0,0.0,0.0,0.0,0.0,0.0,0.0,0.0,0.0,0.0,0.0,0.0,0.0,0.0,0.0,0.0,0.0,0.0,0.0,0.0,0.0,0.0,0.0,0.0,0.0,0.0,0.0,0.0,0.0,0.0,0.0,0.0,0.16666666666666666,0.0,0.0,0.0,0.0,0.0,0.0,0.0,0.0,0.0,0.0,0.0,0.0,0.0,0.0,0.0,0.27794117647058825,0.0,1.0,0.2668783401531615,6.0,1.9459101490553132,1.6091703386755989,3.253203549323856,10.5
0.05,0.0,0.0,0.0,0.05,0.1,0.0,0.0,0.0,0.0,0.35,0.0,0.0,0.2,0.0,0.0,0.0,0.0,0.0,0.0,0.0,0.3,0.0,0.0,0.0,0.0,0.0,0.0,0.0,0.0,0.0,0.0,0.0,0.0,0.0,0.0,0.0,0.0,0.0,0.0,0.0,0.0,0.45,0.0,0.1,0.0,0.0,0.0,0.0,0.0,0.0,0.1,0.0,0.0,0.0,0.0,0.0,0.0,0.0,0.25,0.08166713886306987,0.0,1.0,0.15646966311903615,20.0,3.044522437723423,3.962748537722967,3.191786333700926,5.25
0.0,0.0,0.0,0.0,0.15789473684210525,0.18421052631578946,0.0,0.0,0.0,0.0,0.3684210526315789,0.0,0.0,0.02631578947368421,0.0,0.0,0.13157894736842105,0.0,0.07894736842105263,0.0,0.0,0.23684210526315788,0.02631578947368421,0.0,0.0,0.0,0.0,0.0,0.0,0.0,0.0,0.0,0.02631578947368421,0.0,0.0,0.05263157894736842,0.0,0.0,0.07894736842105263,0.0,0.0,0.0,0.0,0.0,0.21052631578947367,0.0,0.0,0.0,0.0,0.0,0.0,0.0,0.0,0.0,0.0,0.0,0.0,0.0,0.0,0.13157894736842105,0.0623566004332145,0.0,0.84,0.11521440577243479,38.0,3.6635616461296463,4.352438922108291,4.507304013896134,7.0
0.0,0.0,0.0,0.0,0.2,0.0,0.0,0.0,0.8,0.0,1.0,0.0,0.0,0.0,0.0,0.0,0.4,0.0,0.0,0.0,0.0,0.0,0.0,0.0,0.0,0.0,0.0,0.0,0.0,0.0,0.0,0.0,0.0,0.0,0.0,0.0,0.0,0.4,0.2,0.0,0.0,0.0,0.0,0.0,0.2,0.0,0.0,0.0,0.0,0.0,0.0,0.0,0.0,0.0,0.0,0.0,0.0,0.0,0.0,0.0,0.1915848771111929,0.07692307692307693,0.5,0.11201280436702538,5.0,1.791759469228055,2.708241808752197,3.9698866482558417,7.8
0.05263157894736842,0.0,0.0,0.0,0.05263157894736842,0.3684210526315789,0.0,0.0,0.0,0.0,0.3684210526315789,0.0,0.0,0.0,0.0,0.0,0.15789473684210525,0.0,0.0,0.0,0.0,0.0,0.0,0.0,0.0,0.0,0.0,0.0,0.0,0.0,0.05263157894736842,0.3684210526315789,0.0,0.47368421052631576,0.0,0.0,0.0,0.0,0.0,0.0,0.3684210526315789,0.0,0.0,0.0,0.05263157894736842,0.0,0.0,0.0,0.15789473684210525,0.15789473684210525,0.0,0.0,0.0,0.0,0.0,0.0,0.0,0.0,0.0,0.0,0.1380894238037095,0.0,1.0,0.24998399423798165,19.0,2.995732273553991,4.789286859741849,2.0013845622980573,6.315789473684211
0.0,0.0,0.0,0.0,0.16666666666666666,0.0,0.0,0.0,0.0,0.0,0.0,0.0,0.0,0.0,0.0,0.0,0.0,0.0,0.0,0.0,0.0,0.0,0.0,0.0,0.0,0.0,0.0,0.0,0.0,0.0,0.0,0.0,0.0,0.0,0.0,0.0,0.0,0.0,0.0,0.0,0.0,0.0,0.0,0.0,0.3333333333333333,0.0,0.0,0.0,0.0,0.0,0.0,0.0,0.0,0.0,0.0,0.0,0.0,0.0,0.0,0.0,0.40689017409605643,0.0,0.8888888888888888,0.2881622172304666,6.0,1.9459101490553132,0.9591479170272448,1.1547005383792515,9.0
0.0,0.0,0.0,0.0,0.18181818181818182,0.2727272727272727,0.0,0.0,0.09090909090909091,0.0,0.6363636363636364,0.0,0.0,0.36363636363636365,0.0,0.0,0.0,0.0,0.0,0.0,0.0,0.18181818181818182,0.0,0.0,0.0,0.0,0.09090909090909091,0.0,0.0,0.0,0.09090909090909091,0.0,0.0,0.0,0.0,0.09090909090909091,0.0,0.0,0.0,0.0,0.0,0.0,0.09090909090909091,0.0,0.18181818181818182,0.0,0.0,0.0,0.0,0.0,0.0,0.0,0.0,0.0,0.0,0.0,0.0,0.0,0.0,0.0,0.16253042539475315,0.0,1.0,0.20412385289919227,11.0,2.4849066497880004,4.3708562281241585,3.895324597387009,7.090909090909091
0.0,0.0,0.0,0.0,0.0,0.25,0.0,0.0,0.0,0.0,0.75,0.0,0.0,0.0,0.0,0.0,0.0,0.0,0.0,0.0,0.0,0.25,0.0,0.0,0.0,0.0,0.0,0.0,0.0,0.0,0.0,0.75,0.0,0.875,0.0,0.0,0.0,0.0,0.0,0.0,0.25,0.0,0.0,0.0,0.0,0.0,0.0,0.0,0.0,0.125,0.0,0.0,0.0,0.0,0.0,0.0,0.0,0.0,0.0,0.0,0.3093406593406593,0.0,0.8,0.1990522572125042,8.0,2.1972245773362196,2.6661206921178624,3.059309562630104,5.125
0.125,0.0,0.0,0.0,0.0,0.25,0.0,0.0,0.0,0.0,0.0,0.0,0.0,0.0,0.0,0.0,0.0,0.0,0.0,0.0,0.0,0.0,0.0,0.0,0.0,0.0,0.0,0.0,0.0,0.0,0.0,0.0,0.0,0.0,0.0,0.0,0.0,0.0,0.0,0.0,0.0,0.0,0.0,0.0,0.125,0.0,0.0,0.0,0.0,0.0,0.0,0.0,0.0,0.0,0.0,0.0,0.0,0.0,0.0,0.0,0.10759637188208619,0.0,0.625,0.14630825741478498,8.0,2.1972245773362196,1.25,3.0,6.0
0.0,0.0,0.0,0.0,0.2727272727272727,0.18181818181818182,0.0,0.0,0.09090909090909091,0.0,0.6363636363636364,0.0,0.0,0.0,0.0,0.0,0.09090909090909091,0.0,0.0,0.0,0.0,0.0,0.0,0.0,0.0,0.0,0.0,0.0,0.0,0.0,0.0,0.0,0.0,0.0,0.0,0.0,0.0,0.0,0.0,0.0,0.0,0.0,0.0,0.0,0.18181818181818182,0.09090909090909091,0.0,0.0,0.0,0.0,0.0,0.0,0.0,0.0,0.0,0.0,0.0,0.0,0.0,0.0,0.2702030797485342,0.0,1.0,0.22206344347813664,11.0,2.4849066497880004,2.7639968691152146,1.656442468935327,4.7272727272727275
0.0,0.0,0.0,0.0,0.46153846153846156,0.5384615384615384,0.0,0.0,0.46153846153846156,0.0,1.0,0.0,0.0,0.07692307692307693,0.0,0.0,0.3076923076923077,0.0,0.07692307692307693,0.0,0.0,0.0,0.07692307692307693,0.0,0.0,0.0,0.0,0.0,0.0,0.0,0.0,0.0,0.0,0.0,0.0,0.0,0.0,0.07692307692307693,0.0,0.0,0.0,0.0,0.0,0.0,0.07692307692307693,0.0,0.0,0.0,0.0,0.0,0.0,0.0,0.0,0.0,0.0,0.0,0.0,0.0,0.0,0.0,0.22959496751218636,0.043478260869565216,0.8333333333333334,0.1559518235444454,13.0,2.6390573296152584,3.4570213572994986,4.231468473684636,7.6923076923076925
0.0,0.0,0.0,0.0,0.5,0.7142857142857143,0.0,0.0,0.10714285714285714,0.0,0.32142857142857145,0.0,0.0,0.03571428571428571,0.0,0.0,0.14285714285714285,0.0,0.07142857142857142,0.0,0.0,0.0,0.0,0.0,0.0,0.07142857142857142,0.0,0.07142857142857142,0.0,0.0,0.0,0.0,0.0,0.0,0.0,0.03571428571428571,0.07142857142857142,0.21428571428571427,0.03571428571428571,0.0,0.0,0.0,0.0,0.0,0.03571428571428571,0.07142857142857142,0.0,0.0,0.03571428571428571,0.0,0.0,0.0,0.0,0.0,0.0,0.0,0.0,0.0,0.21428571428571427,0.0,0.11003782805649194,0.0,1.0,0.1646826373072255,28.0,3.367295829986474,5.290036988145845,4.161748798428912,8.535714285714286
0.4,0.0,0.0,0.0,0.0,0.0,0.0,0.0,0.0,0.0,0.0,0.0,0.0,0.0,0.0,0.0,0.0,0.0,0.0,0.0,0.0,0.0,0.0,0.0,0.0,0.0,0.0,0.0,0.0,0.0,0.0,0.0,0.0,0.8,0.0,0.0,0.0,0.0,0.0,0.0,0.0,0.0,0.0,0.0,0.0,0.0,0.0,0.0,0.0,0.0,0.0,0.0,0.0,0.0,0.0,0.0,0.0,0.0,0.0,0.0,0.625,0.25,1.0,0.2940379794062892,5.0,1.791759469228055,0.7863137138648346,0.4898979485566356,2.4
0.0,0.0,0.0,0.0,0.24324324324324326,0.16216216216216217,0.0,0.0,0.05405405405405406,0.0,0.35135135135135137,0.0,0.0,0.0,0.0,0.0,0.08108108108108109,0.0,0.0,0.0,0.0,0.16216216216216217,0.02702702702702703,0.0,0.0,0.0,0.0,0.0,0.0,0.0,0.0,0.0,0.0,0.0,0.0,0.02702702702702703,0.0,0.0,0.05405405405405406,0.0,0.0,0.0,0.0,0.0,0.16216216216216217,0.0,0.0,0.0,0.0,0.0,0.0,0.0,0.0,0.0,0.0,0.0,0.0,0.0,0.0,0.13513513513513514,0.047543707459673845,0.0,0.5,0.09178864582157269,37.0,3.6375861597263857,3.723826686636951,3.1758769343931634,6.45945945945946
0.0,0.0,0.0,0.0,0.3333333333333333,0.2222222222222222,0.0,0.0,0.5555555555555556,0.0,0.7777777777777778,0.0,0.0,0.0,0.0,0.0,0.1111111111111111,0.0,0.0,0.0,0.0,0.0,0.1111111111111111,0.0,0.0,0.0,0.0,0.0,0.0,0.0,0.0,0.0,0.1111111111111111,0.0,0.0,0.0,0.0,0.2222222222222222,0.0,0.0,0.0,0.0,0.0,0.0,0.2222222222222222,0.0,0.0,0.0,0.0,0.0,0.0,0.0,0.0,0.0,0.0,0.0,0.0,0.0,0.0,0.0,0.1200008710425377,0.0,0.375,0.10061312076041834,9.0,2.302585092994046,3.7846875115124434,2.581988897471611,5.666666666666667
0.0,0.0,0.0,0.0,0.25,0.75,0.0,0.0,0.0,0.0,0.25,0.0,0.0,0.0,0.0,0.0,0.0,0.0,0.0,0.0,0.0,0.0,0.0,0.0,0.0,0.0,0.0,0.0,0.0,0.0,0.0,0.0,0.0,0.0,0.0,0.0,0.0,0.0,0.0,0.0,0.0,0.0,0.0,0.0,0.0,0.0,0.0,0.0,0.0,0.0,0.0,0.0,0.0,0.0,0.0,0.0,0.0,0.0,0.0,0.0,0.15485843521557802,0.0,1.0,0.22442863802276292,8.0,2.1972245773362196,1.311278124459133,1.1989578808281798,6.25
0.07407407407407407,0.0,0.0,0.0,0.4444444444444444,0.2962962962962963,0.0,0.0,0.0,0.0,0.37037037037037035,0.0,0.0,0.1111111111111111,0.0,0.0,0.1111111111111111,0.0,0.037037037037037035,0.0,0.0,0.0,0.0,0.0,0.0,0.0,0.0,0.0,0.0,0.0,0.0,0.0,0.0,0.0,0.0,0.1111111111111111,0.0,0.18518518518518517,0.07407407407407407,0.0,0.0,0.0,0.0,0.0,0.14814814814814814,0.0,0.0,0.0,0.0,0.0,0.0,0.0,0.0,0.0,0.0,0.6296296296296297,0.0,0.0,0.1111111111111111,0.0,0.138750286928517,0.0,0.5714285714285714,0.12956851386504992,27.0,3.332204510175204,4.990811033928121,3.277725465161124,7.185185185185185
0.09375,0.0,0.0,0.0,0.125,0.125,0.0,0.0,0.03125,0.0,0.40625,0.0,0.0,0.125,0.0,0.0,0.03125,0.0,0.03125,0.0,0.0,0.34375,0.0,0.0,0.0,0.0,0.0,0.0,0.0,0.0,0.0,0.0,0.0,0.0,0.0,0.0625,0.0,0.0,0.0,0.0,0.0,0.0,0.1875,0.0,0.125,0.03125,0.0,0.0,0.0,0.0,0.0,0.0625,0.0,0.0,0.0,0.0,0.0,0.0,0.0,0.0,0.09084053512624941,0.0,0.8571428571428571,0.14781278802315573,32.0,3.4965075614664802,4.455496042270784,3.316035848720577,6.5625
0.03571428571428571,0.0,0.0,0.0,0.5,0.6071428571428571,0.0,0.10714285714285714,0.32142857142857145,0.0,0.6428571428571429,0.0,0.0,0.03571428571428571,0.0,0.0,0.2857142857142857,0.0,0.0,0.0,0.0,0.07142857142857142,0.17857142857142858,0.39285714285714285,0.0,0.0,0.0,0.0,0.0,0.0,0.0,0.0,0.0,0.0,0.0,0.10714285714285714,0.0,0.07142857142857142,0.03571428571428571,0.0,0.0,0.0,0.0,0.0,0.10714285714285714,0.0,0.0,0.0,0.0,0.0,0.0,0.0,0.0,0.0,0.0,0.0,0.0,0.0,0.03571428571428571,0.0,0.18984946270660555,0.0,1.0,0.2180259684770056,28.0,3.367295829986474,5.629366937455737,4.4658568663830245,7.642857142857143
0.0,0.0,0.0,0.0,0.14285714285714285,0.8571428571428571,0.0,0.0,0.14285714285714285,0.0,1.0,0.0,0.0,0.0,0.0,0.0,0.2857142857142857,0.0,0.0,0.0,0.0,0.0,0.0,0.0,0.0,0.0,0.0,0.0,0.0,0.0,0.0,0.0,0.0,0.0,0.0,0.0,0.0,0.0,0.0,0.0,0.0,0.0,0.0,0.0,0.0,0.0,0.0,0.0,0.0,0.0,0.0,0.0,0.0,0.0,0.0,0.0,0.0,0.0,0.0,0.0,0.3009352614394631,0.05555555555555555,0.8,0.2655935394790344,7.0,2.0794415416798357,1.5091106023213006,2.2038926600773587,7.0
0.0,0.0,0.0,0.0,0.0,0.6,0.0,0.0,0.0,0.0,0.0,0.0,0.0,0.0,0.0,0.0,0.0,0.0,0.0,0.0,0.0,0.0,0.0,0.0,0.0,0.0,0.0,0.0,0.0,0.0,0.0,0.0,0.0,0.0,0.0,0.0,0.0,0.0,0.0,0.0,0.0,0.0,0.0,0.0,0.0,0.0,0.0,0.0,0.0,0.0,0.0,0.0,0.0,0.0,0.0,0.0,0.0,0.0,0.0,0.0,0.13055555555555556,0.0,0.8333333333333334,0.2521665381508081,5.0,1.791759469228055,0.44217935649972373,2.1540659228538015,3.6
0.11538461538461539,0.0,0.0,0.0,0.38461538461538464,0.2692307692307692,0.0,0.0,0.0,0.0,0.5,0.0,0.0,0.0,0.0,0.0,0.11538461538461539,0.0,0.0,0.0,0.0,0.038461538461538464,0.0,0.0,0.0,0.0,0.23076923076923078,0.0,0.0,0.0,0.038461538461538464,0.0,0.0,0.0,0.0,0.0,0.0,0.0,0.0,0.0,0.0,0.0,0.0,0.0,0.0,0.0,0.0,0.0,0.19230769230769232,0.0,0.0,0.0,0.0,0.0,0.0,0.0,0.0,0.0,0.038461538461538464,0.0,0.12303702792203454,0.0,1.0,0.2037020031421119,26.0,3.295836866004329,3.7467812955712643,2.661360598770184,5.384615384615385
0.0,0.0,0.0,0.0,0.45652173913043476,0.6521739130434783,0.0,0.0,0.06521739130434782,0.0,0.2608695652173913,0.0,0.0,0.0,0.0,0.0,0.10869565217391304,0.0,0.06521739130434782,0.0,0.0,0.0,0.0,0.0,0.0,0.0,0.0,0.0,0.0,0.0,0.0,0.0,0.0,0.0,0.0,0.0,0.0,0.043478260869565216,0.021739130434782608,0.0,0.0,0.0,0.0,0.0,0.06521739130434782,0.021739130434782608,0.0,0.0,0.021739130434782608,0.021739130434782608,0.0,0.0,0.0,0.0,0.0,0.0,0.0,0.0,0.021739130434782608,0.0,0.08229605709703013,0.0,0.8571428571428571,0.10263571927207585,46.0,3.8501476017100584,3.339999295056488,2.7418895696395764,6.217391304347826
0.1111111111111111,0.0,0.0,0.0,0.4444444444444444,0.3333333333333333,0.0,0.0,0.1111111111111111,0.0,0.6666666666666666,0.0,0.0,0.1111111111111111,0.0,0.0,0.1111111111111111,0.0,0.1111111111111111,0.0,0.0,0.0,0.0,0.0,0.0,0.0,0.0,0.0,0.0,0.0,0.0,0.0,0.0,0.0,0.0,0.0,0.0,0.0,0.0,0.0,0.0,0.0,0.0,0.0,0.0,0.0,0.0,0.0,0.0,0.0,0.0,0.0,0.0,0.0,0.0,0.0,0.0,0.0,0.1111111111111111,0.0,0.1351575462482325,0.0,0.5,0.12279077920228355,9.0,2.302585092994046,3.5515458356570586,2.748737083745107,6.0
0.0,0.0,0.0,0.0,0.1,0.4,0.0,0.0,0.0,0.0,0.2,0.0,0.0,0.0,0.0,0.0,0.0,0.0,0.0,0.0,0.0,0.0,0.1,0.0,0.0,0.0,0.0,0.0,0.0,0.0,0.0,0.0,0.0,0.6,0.0,0.1,0.0,0.0,0.0,0.0,0.0,0.0,0.0,0.0,0.0,0.0,0.0,0.0,0.0,0.0,0.0,0.0,0.0,0.0,0.0,0.0,0.0,0.0,0.0,0.0,0.257375155708489,0.0,1.0,0.2512398291363793,10.0,2.3978952727983707,2.4319146418983495,2.6832815729997477,6.0
0.034482758620689655,0.0,0.0,0.0,0.3793103448275862,0.5172413793103449,0.0,0.0,0.034482758620689655,0.0,0.3448275862068966,0.0,0.0,0.3793103448275862,0.0,0.0,0.20689655172413793,0.0,0.13793103448275862,0.0,0.0,0.10344827586206896,0.0,0.0,0.0,0.0,0.0,0.0,0.0,0.0,0.0,0.0,0.034482758620689655,0.0,0.0,0.10344827586206896,0.0,0.10344827586206896,0.10344827586206896,0.034482758620689655,0.0,0.034482758620689655,0.06896551724137931,0.0,0.20689655172413793,0.0,0.0,0.0,0.034482758620689655,0.0,0.0,0.0,0.0,0.0,0.0,0.2413793103448276,0.0,0.0,0.06896551724137931,0.0,0.08121260506819994,0.0,0.75,0.10634058097273047,29.0,3.4011973816621555,6.8039148823104725,4.116034016931525,8.241379310344827
0.0,0.0,0.0,0.0,0.375,0.25,0.0,0.0,0.0,0.0,0.125,0.0,0.0,0.0,0.0,0.0,0.0,0.0,0.0,0.0,0.0,0.0,0.0,0.0,0.0,0.0,0.0,0.0,0.0,0.0,0.0,0.0,0.0,0.0,0.0,0.0,0.0,0.0,0.0,0.0,0.0,0.0,0.0,0.0,0.0,0.125,0.0,0.0,0.0,0.0,0.0,0.0,0.0,0.0,0.0,0.0,0.0,0.0,0.0,0.0,0.21455176767676767,0.0,0.8571428571428571,0.2792233808519729,8.0,2.1972245773362196,1.7806390622295665,2.7271780286589284,7.25
0.0,0.0,0.0,0.0,0.6,0.6,0.0,0.0,0.0,0.0,0.6,0.0,0.0,0.0,0.0,0.0,0.2,0.0,0.0,0.0,0.0,0.0,0.0,0.0,0.0,0.0,0.0,0.0,0.0,0.0,0.0,0.0,0.0,0.0,0.0,0.0,0.0,0.0,0.0,0.0,0.0,0.0,0.0,0.0,0.0,0.0,0.0,0.0,0.0,0.0,0.0,0.0,0.0,0.0,0.0,0.0,0.0,0.0,0.0,0.0,0.09391636141636141,0.0,0.2222222222222222,0.07810740378959576,5.0,1.791759469228055,1.7909236884766435,3.1368774282716245,6.4
0.07894736842105263,0.0,0.0,0.0,0.0,0.0,0.0,0.0,0.0,0.0,0.15789473684210525,0.0,0.0,0.0,0.0,0.0,0.02631578947368421,0.0,0.05263157894736842,0.0,0.0,0.5,0.0,0.0,0.0,0.0,0.0,0.0,0.0,0.0,0.0,0.0,0.02631578947368421,0.23684210526315788,0.0,0.02631578947368421,0.0,0.0,0.05263157894736842,0.0,0.0,0.0,0.0,0.0,0.07894736842105263,0.0,0.0,0.0,0.0,0.0,0.0,0.0,0.0,0.0,0.0,0.0,0.0,0.0,0.0,0.21052631578947367,0.08189047176552704,0.0,1.0,0.12305574992758057,38.0,3.6635616461296463,3.325697775324589,2.854869000201279,5.815789473684211
0.13333333333333333,0.0,0.0,0.0,0.2,0.6,0.0,0.0,0.0,0.0,0.2,0.0,0.0,0.06666666666666667,0.0,0.0,0.0,0.0,0.06666666666666667,0.0,0.0,0.13333333333333333,0.0,0.0,0.0,0.0,0.13333333333333333,0.0,0.0,0.0,0.06666666666666667,0.0,0.0,0.0,0.0,0.06666666666666667,0.0,0.0,0.06666666666666667,0.0,0.0,0.0,0.0,0.0,0.2,0.13333333333333333,0.0,0.0,0.06666666666666667,0.0,0.0,0.0,0.0,0.0,0.0,0.0,0.0,0.0,0.0,0.0,0.09351660510358847,0.0,1.0,0.1657969332007863,15.0,2.772588722239781,4.948434102666758,4.5382326466980025,6.733333333333333
0.0,0.0,0.0,0.0,0.0,0.0,0.0,0.0,0.0,0.0,0.0,0.0,0.0,0.0,0.0,0.0,0.0,0.0,0.16666666666666666,0.0,0.0,0.0,0.0,0.0,0.0,0.0,0.0,0.0,0.0,0.0,0.0,0.0,0.0,0.0,0.0,0.0,0.0,0.0,0.0,0.0,0.0,0.0,0.0,0.0,0.0,0.0,0.0,0.0,0.0,0.0,0.0,0.0,0.0,0.0,0.0,0.0,0.0,0.0,0.0,0.0,0.38653679653679646,0.0,1.0,0.26016460286580473,6.0,1.9459101490553132,0.430827083453526,1.3437096247164249,5.166666666666667
0.0,0.0,0.0,0.0,0.125,0.25,0.0,0.0,0.125,0.0,0.875,0.0,0.0,0.0,0.0,0.0,0.25,0.0,0.0,0.0,0.0,0.0,0.0,0.0,0.0,0.0,0.0,0.0,0.0,0.0,0.0,0.0,0.0,0.0,0.0,0.0,0.0,0.125,0.25,0.0,0.0,0.0,0.0,0.0,0.25,0.0,0.0,0.0,0.0,0.0,0.0,0.375,0.0,0.0,0.0,0.0,0.0,0.0,0.0,0.0,0.15138928531785675,0.0,0.625,0.145296036876304,8.0,2.1972245773362196,3.824203505429163,3.059309562630104,4.875
0.4,0.0,0.0,0.0,0.0,0.0,0.0,0.0,0.0,0.0,0.0,0.0,0.0,0.0,0.0,0.0,0.0,0.0,0.0,0.0,0.0,0.0,0.0,0.0,0.0,0.0,0.0,0.0,0.0,0.0,0.0,0.0,0.0,0.8,0.0,0.0,0.0,0.0,0.0,0.0,0.0,0.0,0.0,0.0,0.0,0.0,0.0,0.0,0.0,0.0,0.0,0.0,0.0,0.0,0.0,0.0,0.0,0.0,0.0,0.0,0.625,0.25,1.0,0.2940379794062892,5.0,1.791759469228055,0.7863137138648346,0.4898979485566356,2.4
0.07142857142857142,0.0,0.0,0.0,0.2857142857142857,0.14285714285714285,0.0,0.0,0.0,0.0,0.5,0.0,0.0,0.35714285714285715,0.0,0.0,0.0,0.0,0.0,0.0,0.0,0.07142857142857142,0.0,0.0,0.0,0.0,0.0,0.0,0.0,0.0,0.0,0.0,0.0,0.0,0.0,0.0,0.0,0.0,0.0,0.0,0.0,0.0,0.0,0.0,0.07142857142857142,0.0,0.0,0.0,0.0,0.0,0.0,0.0,0.0,0.0,0.0,0.0,0.0,0.0,0.0,0.0,0.10946379627698309,0.0,0.6666666666666666,0.16545052322842832,14.0,2.70805020110221,2.763809173883546,1.7202277969703277,5.428571428571429
0.0,0.0,0.0,0.0,0.5806451612903226,0.6129032258064516,0.0,0.0,0.0967741935483871,0.0,0.3225806451612903,0.0,0.0,0.12903225806451613,0.0,0.0,0.16129032258064516,0.0,0.03225806451612903,0.0,0.0,0.0,0.0,0.0,0.0,0.06451612903225806,0.0,0.06451612903225806,0.0,0.0,0.0,0.0,0.0,0.0,0.0,0.0,0.06451612903225806,0.22580645161290322,0.03225806451612903,0.0,0.0,0.0,0.0,0.0,0.03225806451612903,0.06451612903225806,0.0,0.0,0.03225806451612903,0.0,0.0,0.0,0.0,0.0,0.0,0.0,0.0,0.0,0.22580645161290322,0.0,0.0970906459874404,0.0,0.8571428571428571,0.13709463401907407,31.0,3.4657359027997265,5.175826960232719,4.117423196286155,8.419354838709678
0.0,0.0,0.0,0.0,0.4666666666666667,0.43333333333333335,0.0,0.1,0.16666666666666666,0.0,0.43333333333333335,0.0,0.0,0.0,0.0,0.0,0.16666666666666666,0.0,0.06666666666666667,0.0,0.0,0.0,0.2,0.0,0.0,0.0,0.0,0.0,0.0,0.0,0.0,0.0,0.0,0.0,0.0,0.1,0.0,0.1,0.03333333333333333,0.0,0.0,0.0,0.0,0.0,0.23333333333333334,0.0,0.0,0.0,0.03333333333333333,0.0,0.0,0.0,0.0,0.0,0.0,0.0,0.0,0.0,0.06666666666666667,0.0,0.10645570973157842,0.0,1.0,0.17004000569321645,30.0,3.4339872044851463,5.219262065429846,4.688164767677101,7.233333333333333
0.0,0.0,0.0,0.0,0.6,0.0,0.0,0.0,0.7,0.0,1.0,0.0,0.0,0.0,0.0,0.0,0.1,0.0,0.0,0.0,0.0,0.0,0.0,0.0,0.0,0.0,0.0,0.0,0.0,0.0,0.0,0.0,0.0,0.0,0.0,0.0,0.0,0.0,0.0,0.0,0.0,0.0,0.0,0.0,0.0,0.0,0.0,0.0,0.0,0.0,0.0,0.0,0.0,0.0,0.0,0.0,0.0,0.0,0.0,0.0,0.2680105696772363,0.047619047619047616,0.8333333333333334,0.19742868917607592,10.0,2.3978952727983707,1.1345733869692909,2.756809750418044,6.0
0.0,0.0,0.0,0.0,0.4,0.6,0.0,0.0,0.2,0.0,1.0,0.0,0.0,0.0,0.0,0.0,0.4,0.0,0.0,0.0,0.0,0.0,0.0,0.0,0.0,0.0,0.0,0.0,0.0,0.0,0.0,0.0,0.0,0.0,0.0,0.0,0.0,0.0,0.0,0.0,0.0,0.0,0.0,0.0,0.0,0.0,0.0,0.0,0.0,0.0,0.0,0.0,0.0,0.0,0.0,0.0,0.0,0.0,0.0,0.0,0.24406417112299467,0.05555555555555555,0.7,0.2532616635823207,5.0,1.791759469228055,1.9641074513870858,2.4979991993593593,7.6
0.2222222222222222,0.0,0.0,0.0,0.4444444444444444,0.2777777777777778,0.0,0.0,0.0,0.0,0.4444444444444444,0.0,0.0,0.0,0.0,0.0,0.1111111111111111,0.0,0.0,0.0,0.0,0.0,0.0,0.0,0.0,0.0,0.2777777777777778,0.0,0.0,0.0,0.0,0.0,0.0,0.0,0.0,0.0,0.0,0.0,0.0,0.0,0.0,0.0,0.0,0.0,0.05555555555555555,0.0,0.0,0.0,0.1111111111111111,0.0,0.0,0.0,0.0,0.0,0.0,0.0,0.0,0.0,0.0,0.0,0.13524325270123588,0.0,1.0,0.26114680864906686,18.0,2.9444389791664403,3.4848941167559615,2.4845199749997664,5.222222222222222
0.0,0.0,0.0,0.0,0.25,0.125,0.0,0.0,0.375,0.0,1.0,0.0,0.0,0.0,0.0,0.0,0.25,0.0,0.0,0.0,0.0,0.0,0.0,0.0,0.0,0.0,0.0,0.0,0.0,0.0,0.0,0.0,0.0,0.0,0.0,0.0,0.0,0.0,0.0,0.0,0.0,0.0,0.0,0.0,0.125,0.0,0.0,0.0,0.0,0.0,0.0,0.0,0.0,0.0,0.0,0.0,0.0,0.0,0.0,0.0,0.21509938474224186,0.07692307692307693,0.6666666666666666,0.14746939613180196,8.0,2.1972245773362196,2.2806390622295662,1.4523687548277813,6.125
0.0,0.0,0.0,0.0,0.0,0.0,0.0,0.0,0.0,0.0,0.0,0.0,0.0,0.0,0.0,0.0,0.0,0.0,0.0,0.0,0.0,0.0,0.0,0.0,0.0,0.0,0.0,0.0,0.0,0.0,0.0,0.0,0.0,0.0,0.0,0.2,0.0,0.0,0.0,0.0,0.0,0.0,0.0,0.0,0.8,0.0,0.0,0.0,0.0,0.0,0.0,0.0,0.0,0.0,0.0,0.0,0.0,0.0,0.0,0.0,0.1364823592113604,0.05555555555555555,0.23529411764705882,0.0628715414570679,5.0,1.791759469228055,0.7219280948873623,3.059411708155671,9.8
0.0,0.0,0.0,0.0,0.09090909090909091,0.09090909090909091,0.0,0.0,0.0,0.0,0.8181818181818182,0.0,0.0,0.0,0.0,0.0,0.18181818181818182,0.0,0.0,0.0,0.0,0.0,0.0,0.0,0.0,0.0,0.0,0.0,0.0,0.0,0.0,0.0,0.0,0.0,0.0,0.0,0.0,0.0,0.0,0.0,0.0,0.0,0.0,0.0,0.2727272727272727,0.0,0.0,0.0,0.0,0.0,0.0,0.0,0.0,0.0,0.0,0.0,0.0,0.0,0.0,0.0,0.21758625213170665,0.0,1.0,0.23244294287901143,11.0,2.4849066497880004,1.8242448530047706,2.2081741457256583,5.181818181818182
0.2,0.0,0.0,0.0,0.06666666666666667,0.5333333333333333,0.0,0.0,0.0,0.0,0.3333333333333333,0.0,0.0,0.0,0.0,0.0,0.0,0.0,0.0,0.0,0.0,0.06666666666666667,0.0,0.0,0.0,0.0,0.0,0.0,0.0,0.0,0.0,0.6,0.0,0.8666666666666667,0.0,0.0,0.0,0.0,0.0,0.0,0.6,0.0,0.0,0.0,0.0,0.0,0.0,0.0,0.0,0.5333333333333333,0.0,0.0,0.0,0.0,0.0,0.0,0.0,0.0,0.0,0.0,0.2631782301110032,0.0,1.0,0.21121716971095442,15.0,2.772588722239781,3.544257974085964,3.095516470998373,5.866666666666666
0.0,0.0,0.0,0.0,0.10144927536231885,0.21739130434782608,0.0,0.014492753623188406,0.014492753623188406,0.0,0.2608695652173913,0.0,0.0,0.0,0.0,0.0,0.07246376811594203,0.0,0.014492753623188406,0.0,0.0,0.11594202898550725,0.014492753623188406,0.0,0.0,0.0,0.0,0.0,0.0,0.0,0.0,0.0,0.0,0.0,0.0,0.028985507246376812,0.0,0.0,0.0,0.0,0.0,0.0,0.014492753623188406,0.0,0.10144927536231885,0.014492753623188406,0.0,0.0,0.0,0.0,0.0,0.014492753623188406,0.0,0.0,0.0,0.0,0.0,0.0,0.0,0.043478260869565216,0.05038291266287727,0.0,0.75,0.10345263418786253,69.0,4.248495242049359,3.253395000616406,3.2687505409129582,6.507246376811594
0.13333333333333333,0.0,0.0,0.0,0.4666666666666667,0.5333333333333333,0.0,0.0,0.13333333333333333,0.0,0.4666666666666667,0.0,0.0,0.2,0.0,0.0,0.13333333333333333,0.0,0.2,0.0,0.0,0.0,0.0,0.0,0.0,0.0,0.0,0.0,0.0,0.0,0.0,0.0,0.0,0.0,0.0,0.06666666666666667,0.0,0.26666666666666666,0.2,0.0,0.0,0.0,0.0,0.0,0.13333333333333333,0.0,0.0,0.0,0.0,0.0,0.0,0.0,0.0,0.0,0.0,0.4,0.0,0.0,0.06666666666666667,0.0,0.13140913846800542,0.0,0.7142857142857143,0.15505168753323248,15.0,2.772588722239781,6.011600930427376,5.499898988971423,8.533333333333333
0.07692307692307693,0.0,0.0,0.0,0.3076923076923077,0.15384615384615385,0.0,0.0,0.0,0.0,0.5384615384615384,0.0,0.0,0.38461538461538464,0.0,0.0,0.07692307692307693,0.0,0.0,0.0,0.0,0.07692307692307693,0.0,0.0,0.0,0.0,0.07692307692307693,0.0,0.0,0.0,0.07692307692307693,0.0,0.0,0.0,0.0,0.07692307692307693,0.0,0.0,0.0,0.0,0.0,0.0,0.0,0.0,0.07692307692307693,0.0,0.0,0.0,0.0,0.0,0.0,0.0,0.0,0.0,0.0,0.0,0.0,0.0,0.0,0.0,0.11731849756726713,0.0,1.0,0.18542912324024421,13.0,2.6390573296152584,3.942297540360559,5.691268096336589,7.615384615384615
0.0,0.0,0.0,0.0,0.3,0.5,0.0,0.0,0.4,0.0,0.8,0.0,0.0,0.0,0.0,0.0,0.1,0.0,0.0,0.0,0.0,0.0,0.1,0.0,0.0,0.0,0.0,0.0,0.0,0.0,0.0,0.0,0.1,0.0,0.0,0.1,0.0,0.1,0.0,0.0,0.0,0.0,0.0,0.0,0.2,0.0,0.0,0.0,0.0,0.0,0.0,0.0,0.0,0.0,0.0,0.0,0.0,0.0,0.0,0.0,0.13221229387896052,0.0,0.42857142857142855,0.10617846849525397,10.0,2.3978952727983707,3.93275305853585,1.8330302779823362,5.2
0.0,0.0,0.0,0.0,0.42857142857142855,0.2857142857142857,0.0,0.0,0.42857142857142855,0.0,1.0,0.0,0.0,0.0,0.0,0.0,0.2857142857142857,0.0,0.0,0.0,0.0,0.0,0.14285714285714285,0.0,0.0,0.0,0.0,0.0,0.0,0.0,0.0,0.0,0.0,0.0,0.0,0.0,0.0,0.0,0.0,0.0,0.0,0.0,0.0,0.0,0.42857142857142855,0.0,0.0,0.0,0.14285714285714285,0.0,0.0,0.0,0.0,0.0,0.0,0.0,0.0,0.0,0.0,0.0,0.18315658431204648,0.047619047619047616,0.4,0.0873337082731452,7.0,2.0794415416798357,3.4065230463390934,3.0169588688489823,7.428571428571429
0.0,0.0,0.0,0.0,0.16666666666666666,0.16666666666666666,0.0,0.0,0.08333333333333333,0.0,0.75,0.0,0.0,0.0,0.0,0.0,0.3333333333333333,0.0,0.0,0.0,0.0,0.16666666666666666,0.0,0.0,0.0,0.0,0.0,0.0,0.0,0.0,0.0,0.0,0.0,0.0,0.0,0.0,0.0,0.0,0.0,0.0,0.0,0.0,0.0,0.0,0.16666666666666666,0.0,0.0,0.0,0.0,0.0,0.0,0.0,0.0,0.0,0.0,0.0,0.0,0.0,0.0,0.0,0.2177476143385234,0.0,1.0,0.23701890921246097,12.0,2.5649493574615367,2.8616541669070523,2.1778557242286634,5.083333333333333
0.16666666666666666,0.0,0.0,0.0,0.0,0.16666666666666666,0.0,0.0,0.6666666666666666,0.0,0.8333333333333334,0.0,0.0,0.0,0.0,0.0,0.3333333333333333,0.0,0.0,0.0,0.0,0.0,0.0,0.0,0.0,0.0,0.0,0.0,0.0,0.0,0.0,0.0,0.0,0.0,0.0,0.0,0.0,0.0,0.0,0.0,0.0,0.0,0.0,0.0,0.16666666666666666,0.0,0.0,0.0,0.0,0.0,0.0,0.0,0.0,0.0,0.0,0.0,0.0,0.0,0.0,0.0,0.13572871572871573,0.0,0.3333333333333333,0.10826895119636776,6.0,1.9459101490553132,2.4299724226098958,2.0615528128088303,6.5
0.0,0.0,0.0,0.0,0.8,0.2,0.0,0.0,0.0,0.0,0.0,0.0,0.0,0.0,0.0,0.0,0.0,0.0,0.0,0.0,0.0,0.0,0.0,0.0,0.0,0.0,0.0,0.0,0.0,0.0,0.0,0.0,0.0,0.0,0.0,0.0,0.0,0.0,0.0,0.0,0.0,0.0,0.0,0.0,0.6,0.0,0.0,0.0,0.0,0.0,0.0,0.0,0.0,0.0,0.0,0.0,0.0,0.0,0.0,0.0,0.31441558441558437,0.08333333333333333,0.5714285714285714,0.14516688397448446,5.0,1.791759469228055,1.164107451387086,2.4819347291981715,6.2
0.125,0.0,0.0,0.0,0.4375,0.3125,0.0,0.0,0.1875,0.0,0.6875,0.0,0.0,0.1875,0.0,0.3125,0.0,0.0,0.1875,0.0,0.0,0.125,0.0,0.0,0.0,0.0625,0.0,0.0625,0.0,0.0,0.0,0.0,0.0,0.0,0.0,0.0625,0.0625,0.3125,0.0,0.0,0.0,0.0,0.0,0.0,0.25,0.0,0.0,0.0,0.0,0.0,0.0,0.0,0.0,0.0,0.0,0.0,0.0,0.0,0.0,0.0,0.117720739150049,0.0,0.5384615384615384,0.1192775316878371,16.0,2.833213344056216,6.075073988174104,6.067330549755798,10.25
0.05555555555555555,0.0,0.0,0.0,0.5925925925925926,0.4444444444444444,0.0,0.018518518518518517,0.18518518518518517,0.0,0.5,0.0,0.0,0.09259259259259259,0.0,0.0,0.07407407407407407,0.0,0.1111111111111111,0.0,0.0,0.018518518518518517,0.09259259259259259,0.3333333333333333,0.0,0.0,0.0,0.0,0.0,0.0,0.0,0.0,0.037037037037037035,0.0,0.0,0.12962962962962962,0.0,0.14814814814814814,0.09259259259259259,0.0,0.0,0.0,0.0,0.0,0.16666666666666666,0.0,0.0,0.0,0.018518518518518517,0.0,0.0,0.018518518518518517,0.0,0.0,0.0,0.2777777777777778,0.0,0.0,0.1111111111111111,0.0,0.11956870368453412,0.0,1.0,0.1299445558442432,54.0,4.007333185232471,6.950779713423384,4.763724666931535,8.462962962962964
0.08571428571428572,0.0,0.0,0.0,0.6285714285714286,0.6571428571428571,0.0,0.02857142857142857,0.2,0.0,0.5142857142857142,0.0,0.0,0.02857142857142857,0.0,0.0,0.17142857142857143,0.0,0.05714285714285714,0.0,0.0,0.0,0.14285714285714285,0.6857142857142857,0.0,0.0,0.0,0.0,0.0,0.0,0.0,0.0,0.02857142857142857,0.0,0.0,0.11428571428571428,0.0,0.05714285714285714,0.05714285714285714,0.0,0.0,0.0,0.0,0.0,0.11428571428571428,0.0,0.0,0.0,0.0,0.0,0.0,0.0,0.0,0.02857142857142857,0.0,0.0,0.0,0.0,0.02857142857142857,0.0,0.13964678638058625,0.0,0.6111111111111112,0.14187078727929858,35.0,3.58351893845611,5.447028144973688,5.616738831567729,8.228571428571428
0.0,0.0,0.0,0.0,0.0,0.3333333333333333,0.0,0.0,0.0,0.0,0.0,0.0,0.0,0.5,0.0,0.0,0.0,0.0,0.0,0.0,0.0,0.0,0.0,0.0,0.0,0.0,0.0,0.0,0.0,0.0,0.0,0.0,0.0,0.0,0.0,0.0,0.0,0.0,0.0,0.0,0.0,0.0,0.0,0.0,0.0,0.0,0.0,0.0,0.0,0.0,0.0,0.0,0.0,0.0,0.0,0.0,0.0,0.0,0.0,0.0,0.29603174603174603,0.0,1.0,0.3708128970054007,6.0,1.9459101490553132,1.0283208335737188,2.753785273643051,4.5
0.0,0.0,0.0,0.0,0.2,0.8,0.0,0.0,0.0,0.0,0.0,0.0,0.0,0.0,0.0,0.0,0.0,0.0,0.0,0.0,0.0,0.0,0.0,0.0,0.0,0.0,0.0,0.0,0.0,0.0,0.0,0.0,0.0,0.0,0.0,0.0,0.0,0.0,0.0,0.0,0.0,0.0,0.0,0.0,0.8,0.0,0.0,0.0,0.0,0.0,0.0,0.0,0.0,0.0,0.0,0.0,0.0,0.0,0.0,0.0,0.28051282051282056,0.0,0.625,0.2510831565025618,5.0,1.791759469228055,0.9794705707972522,3.1368774282716245,7.4
0.05,0.0,0.0,0.0,0.125,0.15,0.0,0.0,0.025,0.0,0.325,0.0,0.0,0.025,0.0,0.0,0.0,0.0,0.05,0.0,0.0,0.05,0.0,0.0,0.0,0.0,0.0,0.0,0.0,0.0,0.0,0.0,0.0,0.0,0.0,0.05,0.0,0.0,0.0,0.0,0.0,0.0,0.0,0.0,0.025,0.025,0.0,0.0,0.0,0.0,0.0,0.0,0.0,0.0,0.0,0.0,0.0,0.0,0.0,0.0,0.10651590763488154,0.0,1.0,0.1524871393961463,40.0,3.713572066704308,2.7091069900336775,2.930870177950569,5.9
0.15789473684210525,0.0,0.0,0.0,0.3684210526315789,0.5263157894736842,0.0,0.0,0.0,0.0,0.0,0.0,0.0,0.0,0.0,0.0,0.0,0.0,0.0,0.0,0.0,0.0,0.0,0.0,0.0,0.0,0.0,0.0,0.0,0.0,0.3157894736842105,0.05263157894736842,0.0,0.05263157894736842,0.0,0.05263157894736842,0.0,0.0,0.0,0.0,0.05263157894736842,0.0,0.0,0.0,0.05263157894736842,0.0,0.0,0.0,0.0,0.0,0.0,0.0,0.0,0.0,0.0,0.0,0.0,0.0,0.0,0.0,0.13844529653353183,0.0,1.0,0.1884994207031278,19.0,2.995732273553991,3.081596052999152,3.1296986836460015,5.315789473684211
0.0,0.0,0.0,0.0,0.625,0.5,0.0,0.125,0.375,0.0,0.5,0.0,0.0,0.0,0.0,0.0,0.125,0.0,0.0,0.0,0.0,0.0,0.25,0.0,0.0,0.0,0.0,0.0,0.0,0.0,0.0,0.0,0.0,0.0,0.0,0.125,0.0,0.0,0.0,0.0,0.0,0.0,0.0,0.0,0.375,0.0,0.0,0.0,0.0,0.0,0.0,0.0,0.0,0.0,0.0,0.0,0.0,0.0,0.0,0.0,0.19218112386841835,0.0,0.5454545454545454,0.15374860899668602,8.0,2.1972245773362196,4.110073065154531,5.655473012931809,11.375
0.0,0.0,0.0,0.0,0.0,0.0,0.0,0.0,0.0,0.0,0.2,0.0,0.0,0.0,0.0,0.0,0.0,0.0,0.0,0.0,0.0,0.4,0.0,0.0,0.0,0.0,0.2,0.0,0.0,0.0,0.8,0.0,0.0,0.0,0.0,0.0,0.0,0.0,0.0,0.0,0.0,0.0,0.0,0.0,0.2,0.0,0.0,0.0,0.0,0.0,0.0,0.0,0.0,0.0,0.0,0.0,0.0,0.0,0.0,0.0,0.26182943647339935,0.11764705882352941,0.5555555555555556,0.12411835936053327,5.0,1.791759469228055,2.1794705707972524,2.315167380558045,8.8
0.125,0.0,0.0,0.0,0.25,0.5,0.0,0.0,0.5,0.0,0.8125,0.0,0.0,0.0,0.0,0.0,0.0625,0.0,0.0,0.0,0.0,0.0,0.0,0.0,0.0,0.0,0.0,0.0,0.0,0.0,0.0,0.0,0.0,0.0,0.0,0.0,0.0,0.0625,0.0,0.0,0.0,0.0,0.0,0.0,0.125,0.0,0.0,0.0,0.0,0.0,0.0,0.0,0.0,0.0,0.0,0.0,0.0,0.0,0.0,0.0,0.22238709392070738,0.0,1.0,0.1606330500495324,16.0,2.833213344056216,2.9933927290103624,2.315032397181517,5.625
0.375,0.0,0.0,0.0,0.0,0.5,0.0,0.0,0.0,0.0,0.0,0.0,0.0,0.0,0.0,0.0,0.125,0.0,0.0,0.0,0.0,0.0,0.0,0.0,0.0,0.0,0.0,0.0,0.0,0.0,0.0,0.0,0.0,0.0,0.0,0.0,0.0,0.0,0.0,0.0,0.0,0.0,0.0,0.0,0.0,0.0,0.0,0.0,0.0,0.0,0.0,0.0,0.0,0.0,0.0,0.0,0.0,0.0,0.0,0.0,0.139296165790731,0.0,0.6666666666666666,0.17312425304624593,8.0,2.1972245773362196,1.4056390622295665,4.741769184597665,7.375
0.0,0.0,0.0,0.0,0.0,0.4,0.0,0.0,0.0,0.0,0.6,0.0,0.0,0.0,0.0,0.0,0.0,0.0,0.0,0.0,0.0,0.0,0.0,0.0,0.0,0.0,0.0,0.0,0.0,0.0,0.0,0.0,0.0,0.0,0.0,0.0,0.0,0.0,0.0,0.0,0.0,0.0,0.0,0.0,0.0,0.0,0.0,0.0,0.0,0.0,0.0,0.0,0.0,0.0,0.0,0.0,0.0,0.0,0.0,0.0,0.15319264069264069,0.06666666666666667,0.2857142857142857,0.08071775456065222,5.0,1.791759469228055,0.9709505944546686,1.7888543819998317,6.0
0.0,0.0,0.0,0.0,0.8,0.6,0.0,0.0,0.0,0.0,0.8,0.0,0.0,0.0,0.0,0.0,0.0,0.0,0.0,0.0,0.0,0.0,0.0,0.0,0.0,0.0,0.0,0.0,0.0,0.0,0.0,0.0,0.0,0.0,0.0,0.0,0.0,0.0,0.0,0.0,0.0,0.0,0.0,0.0,0.0,0.0,0.0,0.0,0.0,0.0,0.0,0.0,0.0,0.0,0.0,0.0,0.0,0.0,0.0,0.0,0.44972582972582975,0.09090909090909091,1.0,0.2965590565440039,5.0,1.791759469228055,0.9572643083195034,0.9797958971132712,5.8
0.0,0.0,0.0,0.0,0.0,0.0,0.0,0.0,0.0,0.0,0.2857142857142857,0.0,0.0,0.0,0.0,0.0,0.2857142857142857,0.0,0.0,0.0,0.0,0.0,0.0,0.0,0.0,0.0,0.0,0.0,0.0,0.0,0.0,0.0,0.0,0.0,0.0,0.0,0.0,0.0,0.0,0.0,0.0,0.0,0.0,0.0,0.0,0.0,0.0,0.0,0.14285714285714285,0.0,0.0,0.0,0.0,0.0,0.0,0.0,0.0,0.0,0.0,0.0,0.37940877273175405,0.045454545454545456,1.0,0.24614987886555706,7.0,2.0794415416798357,1.4338249443268598,4.80221037542046,6.714285714285714
0.0,0.0,0.0,0.0,0.4,0.2,0.0,0.0,0.6,0.0,0.6,0.0,0.0,0.0,0.0,0.0,0.0,0.0,0.0,0.0,0.0,0.0,0.0,0.0,0.0,0.0,0.0,0.0,0.0,0.0,0.0,0.0,0.0,0.0,0.0,0.0,0.0,0.0,0.0,0.0,0.0,0.0,0.0,0.0,0.4,0.0,0.0,0.0,0.2,0.0,0.0,0.0,0.0,0.0,0.0,0.0,0.0,0.0,0.0,0.0,0.13682668208984,0.0,0.5,0.16597638663828404,5.0,1.791759469228055,2.870672426864282,3.2,8.4
0.0,0.0,0.0,0.0,0.09090909090909091,0.4090909090909091,0.0,0.0,0.0,0.0,0.3181818181818182,0.0,0.0,0.0,0.0,0.0,0.0,0.0,0.0,0.0,0.0,0.09090909090909091,0.0,0.0,0.0,0.0,0.0,0.0,0.0,0.0,0.0,0.8636363636363636,0.0,0.6818181818181818,0.0,0.0,0.0,0.0,0.0,0.0,0.5909090909090909,0.0,0.0,0.0,0.0,0.0,0.0,0.0,0.0,0.2727272727272727,0.0,0.0,0.0,0.0,0.0,0.0,0.0,0.0,0.0,0.0,0.22558477314779837,0.0,1.0,0.16116752111968305,22.0,3.1354942159291497,3.201282984700983,2.5877173322709606,5.590909090909091
0.0,0.0,0.0,0.0,0.2,0.0,0.0,0.0,0.0,0.0,0.6,0.0,0.0,0.0,0.0,0.0,0.2,0.0,0.0,0.0,0.0,0.2,0.0,0.0,0.0,0.0,0.0,0.0,0.0,0.0,0.0,0.0,0.0,0.0,0.0,0.0,0.0,0.0,0.0,0.0,0.0,0.0,0.0,0.0,0.0,0.0,0.0,0.0,0.0,0.0,0.0,0.0,0.0,0.0,0.0,0.0,0.0,0.0,0.0,0.4,0.1138034188034188,0.0,0.625,0.17748257871188255,5.0,1.791759469228055,2.364107451387086,1.3564659966250536,5.6
0.0,0.0,0.0,0.0,0.06666666666666667,0.6666666666666666,0.0,0.0,0.0,0.0,0.4,0.0,0.0,0.0,0.0,0.0,0.0,0.0,0.0,0.0,0.0,0.0,0.0,0.0,0.0,0.0,0.0,0.0,0.0,0.0,0.0,0.0,0.06666666666666667,0.3333333333333333,0.0,0.0,0.0,0.0,0.0,0.0,0.0,0.0,0.0,0.0,0.0,0.0,0.0,0.0,0.0,0.0,0.0,0.0,0.0,0.0,0.0,0.0,0.0,0.0,0.0,0.0,0.386588332302618,0.1,1.0,0.1936134936566236,15.0,2.772588722239781,1.96798581809057,1.4079141387961918,4.133333333333334
0.2,0.0,0.0,0.0,0.0,0.0,0.0,0.0,0.0,0.0,0.6,0.0,0.2,0.0,0.2,0.0,0.2,0.0,0.0,0.2,0.0,0.0,0.0,0.0,0.0,0.0,0.0,0.0,0.0,0.0,0.0,0.0,0.0,0.0,0.0,0.0,0.0,0.0,0.0,0.0,0.0,0.0,0.0,0.0,0.0,0.0,0.0,0.0,0.0,0.0,0.0,0.2,0.0,0.0,0.0,0.0,0.0,0.0,0.0,0.0,0.1457142857142857,0.0,0.6,0.18755135351172922,5.0,1.791759469228055,3.2284930703645585,1.3564659966250536,3.6
0.0967741935483871,0.0,0.0,0.0,0.03225806451612903,0.06451612903225806,0.0,0.0,0.0,0.0,0.25806451612903225,0.0,0.0,0.1935483870967742,0.0,0.0,0.03225806451612903,0.0,0.03225806451612903,0.0,0.0,0.2903225806451613,0.0,0.0,0.0,0.0,0.03225806451612903,0.0,0.0,0.0,0.0,0.0,0.0,0.0,0.0,0.03225806451612903,0.0,0.0,0.0,0.0,0.0,0.0,0.4838709677419355,0.0,0.0967741935483871,0.0,0.0,0.0,0.0,0.0,0.0,0.12903225806451613,0.0,0.0,0.0,0.0,0.0,0.0,0.0,0.25806451612903225,0.07123621525656024,0.0,0.5384615384615384,0.11673441949268396,31.0,3.4657359027997265,4.579423664471312,2.929273828321675,6.0
0.0,0.0,0.0,0.0,0.4,0.2,0.0,0.0,0.4666666666666667,0.0,1.0,0.0,0.0,0.13333333333333333,0.0,0.0,0.3333333333333333,0.0,0.0,0.0,0.0,0.0,0.0,0.0,0.0,0.0,0.0,0.0,0.0,0.0,0.0,0.0,0.0,0.0,0.0,0.0,0.0,0.06666666666666667,0.0,0.0,0.0,0.0,0.0,0.0,0.26666666666666666,0.0,0.0,0.0,0.0,0.0,0.0,0.0,0.0,0.0,0.0,0.0,0.0,0.0,0.0,0.0,0.18063870974308832,0.05,0.7272727272727273,0.13849943422569594,15.0,2.772588722239781,3.191143282780538,2.780887148615228,7.0
0.0,0.0,0.0,0.0,0.4,0.8,0.0,0.0,0.0,0.0,0.0,0.0,0.0,0.0,0.0,0.0,0.0,0.0,0.0,0.0,0.0,0.0,0.0,0.0,0.0,0.0,0.0,0.0,0.0,0.0,0.0,0.0,0.0,0.0,0.0,0.0,0.0,0.0,0.0,0.0,0.0,0.0,0.0,0.0,0.4,0.0,0.0,0.0,0.0,0.0,0.0,0.0,0.0,0.0,0.0,0.0,0.0,0.0,0.0,0.0,0.2742532467532467,0.1,0.625,0.15160829272282872,5.0,1.791759469228055,1.3150849518197796,2.0591260281974,4.6
0.0,0.0,0.0,0.0,0.4,0.6,0.0,0.0,0.0,0.0,0.4,0.0,0.0,0.0,0.0,0.0,0.2,0.0,0.2,0.0,0.0,0.0,0.0,0.0,0.0,0.0,0.0,0.0,0.0,0.0,0.0,0.0,0.0,0.0,0.0,0.2,0.0,0.0,0.2,0.0,0.0,0.0,0.0,0.0,0.0,0.2,0.0,0.0,0.0,0.0,0.0,0.0,0.0,0.0,0.0,0.0,0.0,0.0,0.0,0.0,0.21463536463536462,0.047619047619047616,0.6666666666666666,0.17454774698890843,5.0,1.791759469228055,3.8216499272969755,3.370459909270543,8.2
0.07692307692307693,0.0,0.0,0.0,0.3076923076923077,0.46153846153846156,0.0,0.0,0.07692307692307693,0.0,0.3076923076923077,0.0,0.0,0.0,0.0,0.0,0.15384615384615385,0.0,0.07692307692307693,0.0,0.0,0.0,0.0,0.0,0.0,0.0,0.0,0.0,0.0,0.0,0.0,0.0,0.0,0.0,0.0,0.0,0.0,0.0,0.0,0.0,0.0,0.0,0.0,0.0,0.07692307692307693,0.07692307692307693,0.0,0.0,0.0,0.0,0.0,0.0,0.0,0.0,0.0,0.0,0.0,0.0,0.0,0.0,0.12816691715635906,0.0,0.7692307692307693,0.1884849480170263,13.0,2.6390573296152584,3.399958390510462,3.738493193914728,7.846153846153846
0.0,0.0,0.0,0.0,0.5254237288135594,0.13559322033898305,0.0,0.0,0.2542372881355932,0.0,0.7288135593220338,0.0,0.0,0.15254237288135594,0.0,0.0,0.1864406779661017,0.0,0.06779661016949153,0.0,0.0,0.03389830508474576,0.05084745762711865,0.0,0.0,0.0,0.05084745762711865,0.0,0.0,0.0,0.0,0.0,0.01694915254237288,0.0,0.0,0.03389830508474576,0.0,0.0847457627118644,0.05084745762711865,0.0,0.0,0.0,0.0,0.0,0.11864406779661017,0.0,0.0,0.0,0.01694915254237288,0.0,0.0,0.0,0.0,0.0,0.0,0.1864406779661017,0.0,0.0,0.11864406779661017,0.0,0.14121322429924818,0.0,1.0,0.13516059535584773,59.0,4.0943445622221,5.511725841915585,3.088096522478845,7.5423728813559325
0.0,0.0,0.0,0.0,0.375,0.5,0.0,0.0,0.125,0.0,0.625,0.0,0.0,0.0,0.0,0.0,0.0,0.0,0.0,0.0,0.0,0.0,0.0,0.0,0.0,0.0,0.0,0.0,0.0,0.0,0.0,0.0,0.0,0.0,0.0,0.0,0.0,0.0,0.0,0.0,0.0,0.0,0.0,0.0,0.375,0.0,0.0,0.0,0.0,0.0,0.0,0.0,0.0,0.0,0.0,0.0,0.0,0.0,0.0,0.0,0.1038323440344117,0.0,0.38461538461538464,0.10304919501498244,8.0,2.1972245773362196,2.3600730651545314,8.926785535678562,9.25
0.0,0.0,0.0,0.0,0.5,0.5833333333333334,0.0,0.0,0.0,0.0,0.0,0.0,0.0,0.0,0.0,0.0,0.0,0.0,0.08333333333333333,0.0,0.0,0.0,0.0,0.0,0.0,0.0,0.08333333333333333,0.0,0.0,0.0,0.0,0.08333333333333333,0.0,0.08333333333333333,0.0,0.08333333333333333,0.0,0.0,0.0,0.0,0.08333333333333333,0.0,0.0,0.0,0.08333333333333333,0.0,0.0,0.0,0.0,0.0,0.0,0.0,0.0,0.0,0.0,0.0,0.0,0.0,0.0,0.0,0.08737678738428258,0.0,0.5714285714285714,0.11801385769250826,12.0,2.5649493574615367,3.0448325463077466,3.5355339059327378,7.0
0.3333333333333333,0.0,0.0,0.0,0.0,0.16666666666666666,0.0,0.0,0.0,0.0,0.0,0.0,0.0,0.0,0.16666666666666666,0.0,0.0,0.0,0.0,0.0,0.0,0.0,0.0,0.0,0.0,0.0,0.0,0.0,0.0,0.0,0.0,0.0,0.0,0.0,0.0,0.0,0.0,0.0,0.0,0.0,0.0,0.0,0.0,0.0,0.0,0.0,0.0,0.0,0.0,0.0,0.0,0.0,0.0,0.0,0.0,0.0,0.0,0.0,0.0,0.0,0.15124768993190046,0.0,0.625,0.17453651427789318,6.0,1.9459101490553132,1.3899750004807707,5.024937810560445,6.5
0.0,0.0,0.0,0.0,0.42857142857142855,0.0,0.0,0.0,0.0,0.0,0.2857142857142857,0.0,0.0,0.0,0.0,0.0,0.0,0.0,0.0,0.0,0.0,0.0,0.0,0.0,0.0,0.0,0.0,0.0,0.0,0.0,0.14285714285714285,0.0,0.0,0.0,0.0,0.14285714285714285,0.0,0.0,0.0,0.0,0.0,0.0,0.0,0.0,0.0,0.0,0.0,0.0,0.0,0.0,0.0,0.0,0.0,0.0,0.0,0.0,0.0,0.0,0.0,0.0,0.14469696969696969,0.0,0.6666666666666666,0.23263585528653083,7.0,2.0794415416798357,1.8423709931771088,2.0995626366712954,6.857142857142857
0.0,0.0,0.0,0.0,0.0,0.5,0.0,0.0,0.0,0.0,0.125,0.0,0.0,0.0,0.0,0.0,0.0,0.0,0.0,0.0,0.0,0.0,0.0,0.0,0.0,0.0,0.0,0.0,0.0,0.0,0.0,0.0,0.0,0.375,0.0,0.125,0.0,0.0,0.0,0.0,0.0,0.0,0.0,0.0,0.0,0.0,0.0,0.0,0.0,0.0,0.0,0.0,0.0,0.0,0.0,0.0,0.0,0.0,0.0,0.0,0.20603503639217924,0.0,0.75,0.18587683109276484,8.0,2.1972245773362196,1.7806390622295665,2.5708704751503917,6.125
0.2,0.0,0.0,0.0,0.9,0.3,0.0,0.0,0.2,0.0,0.6,0.0,0.0,0.0,0.0,0.0,0.0,0.0,0.0,0.0,0.0,0.0,0.0,0.2,0.0,0.0,0.0,0.0,0.0,0.0,0.0,0.0,0.0,0.0,0.0,0.0,0.0,0.0,0.0,0.0,0.0,0.0,0.0,0.0,0.1,0.0,0.0,0.0,0.0,0.0,0.0,0.0,0.0,0.0,0.0,0.0,0.0,0.0,0.0,0.0,0.15895806380079724,0.0,0.6,0.1153107252890313,10.0,2.3978952727983707,2.825421485271284,3.893584466786357,8.8
0.2,0.0,0.0,0.0,0.4,0.4,0.0,0.0,0.0,0.0,0.2,0.0,0.0,0.0,0.0,0.0,0.0,0.0,0.0,0.0,0.0,0.0,0.0,0.0,0.0,0.0,0.0,0.0,0.0,0.0,0.0,0.0,0.0,0.0,0.0,0.0,0.0,0.0,0.0,0.0,0.0,0.0,0.0,0.0,0.0,0.0,0.0,0.0,0.0,0.0,0.0,0.0,0.0,0.0,0.0,0.0,0.0,0.0,0.2,0.0,0.04427881297446515,0.0,0.21739130434782608,0.0683451121695676,5.0,1.791759469228055,2.450699332842307,4.963869458396343,8.6
0.0,0.0,0.0,0.0,0.0,0.2,0.0,0.0,0.0,0.0,0.0,0.0,0.0,0.6,0.0,0.0,0.0,0.0,0.0,0.0,0.0,0.0,0.0,0.0,0.0,0.0,0.0,0.0,0.0,0.0,0.0,0.0,0.0,0.0,0.0,0.0,0.0,0.0,0.0,0.0,0.0,0.0,0.0,0.0,0.0,0.0,0.0,0.0,0.0,0.0,0.0,0.0,0.0,0.0,0.0,0.0,0.0,0.0,0.0,0.0,0.42080086580086584,0.1,0.875,0.2776709935112853,5.0,1.791759469228055,0.9065649754771962,1.4142135623730951,6.0
0.0,0.0,0.0,0.0,0.0,0.0,0.0,0.0,0.0,0.0,0.0,0.0,0.0,0.0,0.0,0.0,0.0,0.0,0.0,0.0,0.0,0.6,0.0,0.0,0.0,0.0,0.2,0.0,0.0,0.0,0.0,0.0,0.0,0.0,0.0,0.0,0.0,0.0,0.0,0.0,0.0,0.0,0.0,0.0,0.2,0.0,0.0,0.0,0.2,0.0,0.0,0.0,0.0,0.0,0.0,0.0,0.0,0.8,0.0,0.4,0.1185120435120435,0.0,0.3076923076923077,0.09570200516506983,5.0,1.791759469228055,2.6216499272969758,2.4819347291981715,6.2
0.2,0.0,0.0,0.0,0.6666666666666666,0.6,0.0,0.0,0.0,0.0,0.3333333333333333,0.0,0.0,0.0,0.0,0.0,0.0,0.0,0.0,0.0,0.0,0.0,0.0,0.0,0.0,0.0,0.0,0.0,0.0,0.0,0.0,0.0,0.0,0.0,0.0,0.0,0.0,0.0,0.0,0.0,0.0,0.0,0.0,0.0,0.0,0.0,0.0,0.0,0.0,0.0,0.0,0.0,0.0,0.0,0.0,0.0,0.0,0.0,0.0,0.0,0.13291645599473995,0.0,1.0,0.16696036492900765,15.0,2.772588722239781,1.8248608095316858,2.3513589451397863,5.933333333333334
0.13333333333333333,0.0,0.0,0.0,0.06666666666666667,0.8666666666666667,0.0,0.0,0.0,0.0,0.06666666666666667,0.0,0.0,0.0,0.0,0.0,0.0,0.0,0.0,0.0,0.0,0.0,0.0,0.0,0.0,0.0,0.0,0.0,0.0,0.0,0.0,0.0,0.0,0.0,0.0,0.0,0.0,0.0,0.0,0.0,0.0,0.0,0.0,0.0,0.06666666666666667,0.0,0.0,0.0,0.0,0.0,0.0,0.0,0.0,0.0,0.0,0.0,0.0,0.0,0.0,0.0,0.3927853363567649,0.0,1.0,0.3733460961749054,15.0,2.772588722239781,1.3478876256746093,1.3097921802925665,2.8666666666666667
0.2,0.0,0.0,0.0,0.4,0.0,0.0,0.0,0.0,0.0,0.0,0.0,0.0,0.0,0.0,0.0,0.0,0.0,0.0,0.0,0.0,0.0,0.0,0.0,0.0,0.0,0.2,0.0,0.0,0.0,0.2,0.0,0.0,0.0,0.0,0.0,0.0,0.0,0.0,0.0,0.0,0.0,0.0,0.0,0.2,0.2,0.0,0.0,0.0,0.0,0.0,0.0,0.0,0.0,0.0,0.0,0.0,0.0,0.0,0.0,0.05833333333333333,0.0,0.3333333333333333,0.1181453906563152,5.0,1.791759469228055,2.850699332842307,1.7888543819998317,5.0
0.0,0.0,0.0,0.0,0.8,0.0,0.0,0.0,0.8,0.0,1.0,0.0,0.0,0.0,0.0,0.0,0.2,0.0,0.0,0.0,0.0,0.0,0.0,0.0,0.0,0.0,0.0,0.0,0.0,0.0,0.0,0.0,0.0,0.0,0.0,0.0,0.0,0.0,0.0,0.0,0.0,0.0,0.0,0.0,0.0,0.0,0.0,0.0,0.0,0.0,0.0,0.0,0.0,0.0,0.0,0.0,0.0,0.0,0.0,0.0,0.4042124542124542,0.07692307692307693,0.9166666666666666,0.2399313535892846,5.0,1.791759469228055,0.9794705707972521,3.3823069050575527,7.6
0.0,0.0,0.0,0.0,0.2727272727272727,0.36363636363636365,0.0,0.0,0.2727272727272727,0.0,0.7272727272727273,0.0,0.0,0.0,0.0,0.0,0.18181818181818182,0.0,0.0,0.0,0.0,0.0,0.0,0.0,0.0,0.0,0.0,0.0,0.0,0.0,0.0,0.0,0.0,0.0,0.0,0.0,0.0,0.0,0.0,0.0,0.0,0.0,0.0,0.0,0.18181818181818182,0.0,0.0,0.0,0.0,0.0,0.0,0.0,0.0,0.0,0.0,0.0,0.0,0.0,0.09090909090909091,0.0,0.11073804982895892,0.0,0.75,0.15290204640677296,11.0,2.4849066497880004,3.0961047476664456,2.215646837627989,6.0
0.016129032258064516,0.0,0.0,0.0,0.24193548387096775,0.4435483870967742,0.0,0.0,0.016129032258064516,0.0,0.0967741935483871,0.0,0.0,0.008064516129032258,0.0,0.0,0.08064516129032258,0.0,0.10483870967741936,0.0,0.0,0.016129032258064516,0.04838709677419355,0.0,0.0,0.0,0.0,0.0,0.0,0.0,0.0,0.0,0.0,0.0,0.0,0.12096774193548387,0.0,0.008064516129032258,0.016129032258064516,0.0,0.0,0.0,0.008064516129032258,0.0,0.46774193548387094,0.024193548387096774,0.0,0.0,0.0,0.0,0.0,0.0,0.0,0.0,0.0,0.0,0.0,0.0,0.0,0.0,0.09090134266640429,0.0,0.6875,0.09520009794444007,124.0,4.8283137373023015,3.7507003673299475,4.26059156440371,8.975806451612904
0.0,0.0,0.0,0.0,0.2037037037037037,0.14814814814814814,0.0,0.037037037037037035,0.018518518518518517,0.0,0.3148148148148148,0.0,0.0,0.05555555555555555,0.0,0.0,0.05555555555555555,0.7222222222222222,0.09259259259259259,0.0,0.0,0.05555555555555555,0.05555555555555555,0.0,0.0,0.0,0.018518518518518517,0.0,0.0,0.0,0.0,0.0,0.0,0.0,0.0,0.1111111111111111,0.0,0.018518518518518517,0.05555555555555555,0.0,0.0,0.0,0.0,0.0,0.07407407407407407,0.0,0.0,0.0,0.0,0.0,0.0,0.0,0.0,0.0,0.0,0.0,0.0,0.0,0.018518518518518517,0.0,0.16921966271479763,0.0,0.8333333333333334,0.15776824876711543,54.0,4.007333185232471,4.44865476127167,4.224008718867005,6.481481481481482
0.1111111111111111,0.0,0.0,0.0,0.1111111111111111,1.0,0.0,0.0,0.0,0.0,0.0,0.0,0.0,0.0,0.0,0.0,0.0,0.0,0.0,0.0,0.0,0.0,0.0,0.0,0.0,0.0,0.0,0.0,0.0,0.0,0.0,0.0,0.0,0.0,0.0,0.0,0.0,0.0,0.0,0.0,0.0,0.0,0.0,0.0,0.0,0.4444444444444444,0.0,0.0,0.0,0.0,0.0,0.0,0.0,0.0,0.0,0.0,0.0,0.0,0.0,0.0,0.48157166907166904,0.1111111111111111,1.0,0.19555358642256326,9.0,2.302585092994046,1.224394445405986,1.3698697784375504,4.888888888888889
0.02857142857142857,0.0,0.0,0.0,0.42857142857142855,0.4857142857142857,0.0,0.0,0.05714285714285714,0.0,0.42857142857142855,0.0,0.0,0.37142857142857144,0.0,0.0,0.17142857142857143,0.0,0.14285714285714285,0.0,0.0,0.11428571428571428,0.02857142857142857,0.0,0.0,0.0,0.0,0.0,0.0,0.0,0.0,0.0,0.05714285714285714,0.0,0.0,0.11428571428571428,0.0,0.11428571428571428,0.08571428571428572,0.02857142857142857,0.0,0.02857142857142857,0.05714285714285714,0.0,0.22857142857142856,0.0,0.0,0.0,0.02857142857142857,0.0,0.0,0.0,0.0,0.0,0.0,0.2571428571428571,0.0,0.0,0.02857142857142857,0.0,0.10818748528916852,0.0,0.5555555555555556,0.10407640109611287,35.0,3.58351893845611,6.876131898554788,4.388854157559412,8.371428571428572
0.2222222222222222,0.0,0.0,0.0,0.5555555555555556,0.6666666666666666,0.0,0.0,0.0,0.0,0.3333333333333333,0.0,0.0,0.0,0.0,0.0,0.0,0.0,0.0,0.0,0.0,0.1111111111111111,0.0,0.0,0.0,0.0,0.0,0.0,0.0,0.0,0.0,0.0,0.0,0.0,0.0,0.0,0.0,0.0,0.0,0.0,0.0,0.0,0.0,0.0,0.0,0.0,0.0,0.0,0.0,0.0,0.0,0.0,0.0,0.0,0.0,0.0,0.0,0.0,0.0,0.0,0.1725021120854454,0.0,1.0,0.23421028684719475,9.0,2.302585092994046,2.2238246715102328,2.6434171674156266,4.111111111111111
0.0,0.0,0.0,0.0,0.5714285714285714,0.5714285714285714,0.0,0.0,0.0,0.0,0.14285714285714285,0.0,0.0,0.0,0.0,0.0,0.0,0.0,0.0,0.0,0.0,0.0,0.0,0.0,0.0,0.0,0.0,0.0,0.0,0.0,0.0,0.0,0.0,0.0,0.0,0.0,0.0,0.0,0.0,0.0,0.0,0.0,0.0,0.0,0.0,0.0,0.0,0.0,0.0,0.0,0.0,0.0,0.0,0.0,0.0,0.0,0.0,0.0,0.0,0.0,0.15793465793465794,0.0,1.0,0.219551445135234,7.0,2.0794415416798357,1.323742042645491,2.864276807966203,5.285714285714286
0.0,0.0,0.0,0.0,0.25,0.125,0.0,0.0,0.0,0.0,0.25,0.0,0.0,0.0,0.0,0.0,0.0,0.0,0.0,0.0,0.0,0.125,0.0,0.0,0.0,0.0,0.0,0.0,0.0,0.0,0.625,0.0,0.0,0.0,0.0,0.0,0.0,0.0,0.0,0.0,0.0,0.0,0.0,0.0,0.0,0.0,0.0,0.0,0.0,0.0,0.0,0.0,0.0,0.0,0.0,0.0,0.0,0.0,0.0,0.25,0.18382541116736204,0.0,0.7142857142857143,0.19190826227187283,8.0,2.1972245773362196,2.6737949406953985,5.7608593109014565,10.25
0.0,0.0,0.0,0.0,0.375,0.625,0.0,0.0,0.0,0.0,0.125,0.0,0.0,0.0,0.0,0.0,0.0,0.0,0.0,0.0,0.0,0.0,0.0,0.0,0.0,0.0,0.0,0.0,0.0,0.0,0.0,0.0,0.0,0.0,0.0,0.0,0.0,0.0,0.0,0.0,0.0,0.0,0.0,0.0,0.0,0.0,0.0,0.0,0.0,0.0,0.0,0.0,0.0,0.0,0.0,0.0,0.0,0.0,0.0,0.0,0.12682733932733933,0.0,1.0,0.2188181597254061,8.0,2.1972245773362196,1.3294340029249652,2.1469455046647083,5.125
0.25,0.0,0.0,0.0,0.25,0.375,0.0,0.0,0.125,0.0,0.5,0.0,0.0,0.0,0.0,0.0,0.125,0.0,0.0,0.0,0.0,0.125,0.0,0.0,0.0,0.0,0.0,0.0,0.0,0.0,0.0,0.0,0.0,0.0,0.0,0.0,0.0,0.0,0.0,0.0,0.0,0.0,0.0,0.0,0.0,0.0,0.0,0.0,0.0,0.0,0.0,0.0,0.0,0.0,0.0,0.0,0.0,0.0,0.125,0.0,0.09888311093668237,0.0,0.4,0.11329067681364217,8.0,2.1972245773362196,3.5306390622295662,2.666341125962693,5.125
0.0,0.0,0.0,0.0,0.28125,0.25,0.0,0.0,0.0,0.0,0.09375,0.0,0.375,0.0,0.28125,0.0,0.0,0.0,0.03125,0.09375,0.0,0.0,0.03125,0.0,0.03125,0.0,0.0,0.0,0.0,0.0,0.0,0.0,0.03125,0.0,0.0,0.0,0.0,0.0,0.0,0.0,0.0,0.0,0.0,0.0,0.9375,0.09375,0.0,0.0,0.0,0.0,0.0,0.0,0.03125,0.0,0.0,0.0,0.0,0.0,0.0,0.0,0.11990322747488513,0.0,0.5555555555555556,0.09574374487395333,32.0,3.4965075614664802,3.8890756122074546,10.749227806568246,15.78125
0.04,0.0,0.0,0.0,0.28,0.4,0.0,0.0,0.12,0.0,0.4,0.0,0.0,0.0,0.0,0.0,0.04,0.0,0.08,0.0,0.0,0.04,0.0,0.0,0.0,0.0,0.0,0.0,0.0,0.0,0.0,0.0,0.0,0.0,0.0,0.0,0.0,0.0,0.04,0.0,0.0,0.0,0.0,0.0,0.08,0.0,0.0,0.0,0.0,0.0,0.0,0.0,0.0,0.0,0.0,0.0,0.0,0.0,0.0,0.0,0.10136606779463922,0.0,0.6666666666666666,0.11904563617857454,25.0,3.258096538021482,3.2648640542850234,2.0807690885823926,5.48
0.0,0.0,0.0,0.0,0.0,0.0,0.0,0.047619047619047616,0.0,0.0,0.2857142857142857,0.0,0.0,0.0,0.0,0.0,0.09523809523809523,0.0,0.2857142857142857,0.0,0.0,0.0,0.0,0.0,0.0,0.0,0.0,0.0,0.0,0.0,0.0,0.0,0.0,0.0,0.0,0.09523809523809523,0.0,0.0,0.19047619047619047,0.0,0.0,0.0,0.0,0.0,0.0,0.0,0.0,0.0,0.0,0.0,0.0,0.0,0.0,0.0,0.0,0.0,0.0,0.0,0.0,0.0,0.2238464880901856,0.0,1.0,0.22697645943320222,21.0,3.091042453358316,2.3437674223666707,2.4420726485634447,4.523809523809524
0.0,0.0,0.0,0.0,0.0,0.0,0.0,0.0,0.0,0.0,0.16666666666666666,0.0,0.0,0.0,0.0,0.0,0.3333333333333333,0.0,0.0,0.0,0.0,0.0,0.0,0.0,0.0,0.0,0.0,0.0,0.0,0.0,0.0,0.0,0.0,0.0,0.0,0.0,0.0,0.0,0.0,0.0,0.0,0.0,0.0,0.0,0.0,0.0,0.0,0.0,0.0,0.0,0.0,0.0,0.0,0.0,0.0,0.0,0.0,0.0,0.0,0.0,0.5376984126984127,0.3,1.0,0.17841774692060694,6.0,1.9459101490553132,0.9591479170272448,1.4907119849998596,4.666666666666667
0.2,0.0,0.0,0.0,0.2,0.8,0.0,0.0,0.0,0.0,0.0,0.0,0.0,0.0,0.0,0.0,0.0,0.0,0.0,0.0,0.0,0.0,0.0,0.0,0.0,0.0,0.0,0.0,0.0,0.0,0.0,0.0,0.0,0.0,0.0,0.0,0.0,0.0,0.0,0.0,0.0,0.0,0.0,0.0,0.6,0.0,0.0,0.0,0.0,0.0,0.0,0.0,0.0,0.0,0.0,0.0,0.0,0.0,0.0,0.0,0.193482905982906,0.0,0.625,0.22931663851343512,5.0,1.791759469228055,1.6284930703645584,3.4292856398964497,7.2
0.07407407407407407,0.0,0.0,0.0,0.6666666666666666,0.5555555555555556,0.0,0.1111111111111111,0.48148148148148145,0.0,0.7037037037037037,0.0,0.0,0.0,0.0,0.0,0.2222222222222222,0.0,0.1111111111111111,0.0,0.0,0.037037037037037035,0.2222222222222222,0.4074074074074074,0.0,0.0,0.0,0.0,0.0,0.0,0.0,0.0,0.037037037037037035,0.0,0.0,0.14814814814814814,0.0,0.14814814814814814,0.14814814814814814,0.0,0.0,0.0,0.0,0.0,0.2222222222222222,0.0,0.0,0.0,0.0,0.0,0.0,0.0,0.0,0.0,0.0,0.0,0.0,0.0,0.0,0.0,0.19107141556039883,0.0,0.5555555555555556,0.10691064628959215,27.0,3.332204510175204,6.2591020139738,6.273597428219157,10.777777777777779
0.1111111111111111,0.0,0.0,0.0,0.3333333333333333,0.5,0.0,0.0,0.0,0.0,0.4444444444444444,0.0,0.0,0.3333333333333333,0.0,0.0,0.05555555555555555,0.0,0.0,0.0,0.0,0.1111111111111111,0.0,0.0,0.0,0.0,0.0,0.0,0.0,0.0,0.0,0.0,0.0,0.0,0.0,0.0,0.0,0.0,0.0,0.0,0.0,0.0,0.1111111111111111,0.0,0.1111111111111111,0.0,0.0,0.0,0.0,0.0,0.0,0.0,0.0,0.0,0.0,0.0,0.0,0.0,0.05555555555555555,0.0,0.12934298407540334,0.0,1.0,0.19718181180519226,18.0,2.9444389791664403,3.9487888908119717,1.922093765778466,6.166666666666667
0.029411764705882353,0.0,0.0,0.0,0.058823529411764705,0.029411764705882353,0.0,0.0,0.0,0.0,0.0,0.0,0.0,0.0,0.0,0.0,0.058823529411764705,0.0,0.08823529411764706,0.0,0.0,0.14705882352941177,0.0,0.0,0.0,0.0,0.0,0.0,0.0,0.0,0.0,0.0,0.0,0.0,0.0,0.14705882352941177,0.0,0.0,0.0,0.0,0.0,0.0,0.0,0.0,0.4117647058823529,0.0,0.0,0.0,0.0,0.0,0.0,0.0,0.0,0.0,0.0,0.0,0.0,0.0,0.0,0.17647058823529413,0.20595481327521994,0.0,0.9090909090909091,0.18006776117229245,34.0,3.5553480614894135,2.8712981895468452,5.5938052736439055,10.941176470588236
0.0,0.0,0.0,0.0,0.0,0.0,0.0,0.0,0.0,0.0,0.6,0.0,0.0,0.0,0.0,0.0,0.0,0.0,0.2,0.0,0.0,0.0,0.0,0.0,0.0,0.0,0.0,0.0,0.0,0.0,0.0,0.0,0.0,0.0,0.0,0.0,0.0,0.0,0.0,0.0,0.0,0.0,0.0,0.0,0.2,0.0,0.0,0.0,0.0,0.0,0.0,0.0,0.0,0.0,0.0,0.0,0.0,0.0,0.0,0.0,0.15587301587301586,0.0,0.42857142857142855,0.1360083141827475,5.0,1.791759469228055,1.3709505944546687,1.6,4.2
0.2857142857142857,0.0,0.0,0.0,0.42857142857142855,0.42857142857142855,0.0,0.0,0.0,0.0,0.5714285714285714,0.0,0.0,0.0,0.0,0.0,0.0,0.0,0.0,0.0,0.0,0.14285714285714285,0.0,0.0,0.0,0.0,0.0,0.0,0.0,0.0,0.0,0.0,0.0,0.0,0.0,0.0,0.0,0.0,0.0,0.0,0.0,0.0,0.0,0.0,0.2857142857142857,0.0,0.0,0.0,0.0,0.0,0.0,0.0,0.0,0.0,0.0,0.0,0.0,0.0,0.0,0.0,0.14552669552669553,0.0,0.75,0.1902278760977305,7.0,2.0794415416798357,2.942935546648161,2.8499910490371434,4.142857142857143
0.03225806451612903,0.0,0.0,0.0,0.16129032258064516,0.46774193548387094,0.0,0.0,0.04838709677419355,0.0,0.12903225806451613,0.0,0.0,0.0,0.016129032258064516,0.0,0.0,0.0,0.0,0.0,0.0,0.04838709677419355,0.0,0.016129032258064516,0.0,0.0,0.0,0.0,0.0,0.0,0.0,0.0,0.0,0.0,0.0,0.04838709677419355,0.0,0.016129032258064516,0.0,0.0,0.0,0.0,0.0,0.0,0.0967741935483871,0.0,0.0,0.0,0.0,0.0,0.0,0.0,0.0,0.0,0.0,0.0,0.0,0.0,0.0,0.0,0.05533589808968235,0.0,0.42857142857142855,0.08292856365850494,62.0,4.143134726391533,2.726709443185969,4.635546725503781,7.790322580645161
0.2,0.0,0.0,0.0,0.8,0.4,0.0,0.0,0.0,0.0,0.8,0.0,0.0,0.0,0.0,0.0,0.0,0.0,0.0,0.0,0.0,0.0,0.0,0.0,0.0,0.0,0.0,0.0,0.0,0.0,0.0,0.0,0.0,0.0,0.0,0.0,0.0,0.2,0.0,0.0,0.0,0.0,0.0,0.0,0.0,0.0,0.0,0.0,0.0,0.0,0.0,0.0,0.0,0.0,0.0,0.0,0.0,0.0,0.0,0.0,0.3148088023088023,0.1111111111111111,1.0,0.2663765133735268,5.0,1.791759469228055,1.9726274277296694,1.32664991614216,5.2
0.0,0.0,0.0,0.0,0.047619047619047616,0.0,0.0,0.0,0.047619047619047616,0.0,0.38095238095238093,0.0,0.0,0.0,0.0,0.0,0.19047619047619047,0.0,0.0,0.0,0.0,0.23809523809523808,0.0,0.0,0.0,0.0,0.0,0.0,0.0,0.0,0.0,0.0,0.0,0.0,0.0,0.047619047619047616,0.0,0.0,0.0,0.0,0.0,0.0,0.0,0.0,0.09523809523809523,0.0,0.0,0.0,0.0,0.0,0.047619047619047616,0.047619047619047616,0.0,0.0,0.0,0.0,0.0,0.0,0.0,0.14285714285714285,0.16115394155862975,0.0,0.8,0.2313338197387054,21.0,3.091042453358316,3.2489544018298213,2.348348191607229,5.904761904761905
0.0,0.0,0.0,0.0,0.5714285714285714,0.5714285714285714,0.0,0.0,0.0,0.0,0.2857142857142857,0.0,0.0,0.0,0.0,0.0,0.0,0.0,0.0,0.0,0.0,0.0,0.0,0.0,0.0,0.0,0.0,0.0,0.0,0.0,0.0,0.0,0.0,0.0,0.0,0.0,0.0,0.0,0.0,0.0,0.0,0.0,0.0,0.0,0.14285714285714285,0.0,0.0,0.0,0.0,0.0,0.0,0.0,0.0,0.0,0.0,0.0,0.0,0.0,0.14285714285714285,0.0,0.24722394008108292,0.0,0.7142857142857143,0.2824275604555024,7.0,2.0794415416798357,2.2411798663844644,0.7284313590846835,5.428571428571429
0.045454545454545456,0.0,0.0,0.0,0.7272727272727273,0.4090909090909091,0.0,0.0,0.13636363636363635,0.0,0.5454545454545454,0.0,0.0,0.045454545454545456,0.0,0.0,0.13636363636363635,0.0,0.045454545454545456,0.0,0.0,0.0,0.0,0.18181818181818182,0.0,0.0,0.0,0.0,0.0,0.0,0.0,0.0,0.0,0.09090909090909091,0.0,0.09090909090909091,0.0,0.0,0.09090909090909091,0.0,0.0,0.0,0.0,0.0,0.045454545454545456,0.0,0.0,0.0,0.0,0.0,0.0,0.0,0.0,0.0,0.0,0.0,0.0,0.0,0.045454545454545456,0.0,0.10633070141994627,0.0,0.8333333333333334,0.14367635776674526,22.0,3.1354942159291497,4.526744720681892,4.842349337608556,8.227272727272727
0.0,0.0,0.0,0.0,0.24390243902439024,0.43902439024390244,0.0,0.0,0.0,0.0,0.0,0.0,0.04878048780487805,0.0,0.07317073170731707,0.0,0.024390243902439025,0.0,0.024390243902439025,0.04878048780487805,0.024390243902439025,0.0,0.0,0.0,0.0,0.0,0.0,0.0,0.0,0.0,0.0,0.0,0.04878048780487805,0.04878048780487805,0.0,0.024390243902439025,0.0,0.0,0.0,0.0,0.0,0.0,0.0,0.0,0.6341463414634146,0.0,0.0,0.0,0.0,0.0,0.0,0.0,0.0,0.0,0.0,0.0,0.0,0.0,0.04878048780487805,0.0,0.19587994933053365,0.03571428571428571,1.0,0.1928870073469664,41.0,3.7376696182833684,3.2961449068101665,4.8184159906686626,8.048780487804878
0.0,0.0,0.0,0.0,0.0,0.4,0.0,0.0,0.0,0.0,0.6,0.0,0.0,0.0,0.0,0.0,0.0,0.0,0.0,0.0,0.0,0.0,0.0,0.0,0.0,0.0,0.0,0.0,0.0,0.0,0.0,0.0,0.0,0.0,0.0,0.0,0.0,0.0,0.0,0.0,0.0,0.0,0.0,0.0,0.0,0.0,0.0,0.0,0.0,0.0,0.0,0.0,0.0,0.0,0.0,0.0,0.0,0.0,0.0,0.0,0.15319264069264069,0.06666666666666667,0.2857142857142857,0.08071775456065222,5.0,1.791759469228055,0.9709505944546686,1.7888543819998317,6.0
0.0,0.0,0.0,0.0,0.23076923076923078,0.8461538461538461,0.0,0.0,0.11538461538461539,0.0,0.038461538461538464,0.0,0.0,0.0,0.0,0.0,0.07692307692307693,0.0,0.11538461538461539,0.0,0.0,0.0,0.3076923076923077,0.0,0.0,0.0,0.0,0.0,0.0,0.0,0.0,0.0,0.15384615384615385,0.0,0.0,0.15384615384615385,0.0,0.0,0.19230769230769232,0.0,0.0,0.0,0.0,0.0,0.5769230769230769,0.0,0.0,0.0,0.0,0.0,0.0,0.0,0.0,0.0,0.0,0.0,0.0,0.0,0.0,0.0,0.14477886817878913,0.0,0.75,0.19537615791588928,26.0,3.295836866004329,4.1458482460407975,6.911207774290126,12.346153846153847
0.0,0.0,0.0,0.0,0.3,0.0,0.0,0.0,0.23333333333333334,0.0,1.0,0.0,0.0,0.03333333333333333,0.0,0.0,0.06666666666666667,0.0,0.03333333333333333,0.0,0.0,0.0,0.4,0.0,0.0,0.0,0.0,0.0,0.0,0.0,0.0,0.0,0.0,0.0,0.0,0.0,0.0,0.03333333333333333,0.0,0.0,0.0,0.0,0.0,0.0,0.36666666666666664,0.0,0.0,0.0,0.03333333333333333,0.0,0.0,0.0,0.0,0.0,0.0,0.0,0.0,0.0,0.0,0.0,0.2136358884130103,0.043478260869565216,0.5384615384615384,0.11948427684700773,30.0,3.4339872044851463,2.985198984044505,4.871686908385363,9.0
0.0,0.0,0.0,0.0,0.5,0.5,0.0,0.0,0.1,0.0,0.2,0.0,0.0,0.2,0.0,0.0,0.2,0.0,0.1,0.0,0.0,0.0,0.0,0.0,0.0,0.0,0.0,0.0,0.0,0.0,0.0,0.0,0.0,0.0,0.0,0.1,0.0,0.2,0.1,0.0,0.0,0.0,0.0,0.0,0.1,0.0,0.0,0.0,0.0,0.0,0.0,0.0,0.0,0.0,0.0,0.0,0.0,0.0,0.0,0.0,0.10578295314363421,0.0,0.6666666666666666,0.15236208745952345,10.0,2.3978952727983707,4.5185065233535715,7.876547467006087,10.4
0.0,0.0,0.0,0.0,0.4375,0.375,0.0,0.0,0.125,0.0,0.3125,0.0,0.0,0.1875,0.0,0.0,0.125,0.0,0.0,0.0,0.0,0.0,0.0,0.0,0.0,0.0,0.0,0.0,0.0,0.0,0.0,0.0,0.0,0.0,0.0,0.0,0.0,0.375,0.0625,0.0,0.0,0.0,0.0,0.0,0.0,0.1875,0.0,0.0,0.0,0.0,0.0,0.0,0.0,0.0,0.0,0.0,0.0,0.0,0.0,0.0,0.1014291778673618,0.0,0.6666666666666666,0.15661382318929878,16.0,2.833213344056216,4.013096878636197,4.36203435910356,9.1875
0.05555555555555555,0.0,0.0,0.0,0.05555555555555555,0.5555555555555556,0.0,0.0,0.0,0.0,0.3888888888888889,0.0,0.0,0.0,0.0,0.0,0.0,0.0,0.0,0.0,0.0,0.1111111111111111,0.0,0.0,0.0,0.0,0.0,0.0,0.0,0.0,0.0,0.6111111111111112,0.0,0.8888888888888888,0.0,0.0,0.0,0.0,0.0,0.0,0.6666666666666666,0.0,0.0,0.0,0.0,0.0,0.0,0.0,0.0,0.4444444444444444,0.0,0.0,0.0,0.0,0.0,0.0,0.0,0.0,0.0,0.0,0.2294376849418866,0.0,1.0,0.20350203308862058,18.0,2.9444389791664403,3.3117131600631247,3.309171691518985,6.222222222222222
0.0,0.0,0.0,0.0,0.4,0.6,0.0,0.0,0.2,0.0,1.0,0.0,0.0,0.0,0.0,0.0,0.4,0.0,0.0,0.0,0.0,0.0,0.0,0.0,0.0,0.0,0.0,0.0,0.0,0.0,0.0,0.0,0.0,0.0,0.0,0.0,0.0,0.0,0.0,0.0,0.0,0.0,0.0,0.0,0.0,0.0,0.0,0.0,0.0,0.0,0.0,0.0,0.0,0.0,0.0,0.0,0.0,0.0,0.0,0.0,0.24406417112299467,0.05555555555555555,0.7,0.2532616635823207,5.0,1.791759469228055,1.9641074513870858,2.4979991993593593,7.6
0.25,0.0,0.0,0.0,0.0,0.375,0.0,0.0,0.0,0.0,0.0,0.0,0.0,0.0,0.125,0.0,0.0,0.0,0.0,0.0,0.0,0.0,0.0,0.0,0.0,0.0,0.0,0.0,0.0,0.0,0.0,0.0,0.0,0.0,0.0,0.0,0.0,0.0,0.0,0.0,0.0,0.0,0.0,0.0,0.0,0.0,0.0,0.0,0.0,0.0,0.0,0.0,0.0,0.0,0.0,0.0,0.0,0.0,0.0,0.0,0.14192968157029126,0.0,0.625,0.15878182053863815,8.0,2.1972245773362196,1.4056390622295665,5.206666399914632,8.125
0.2,0.0,0.0,0.0,0.2,0.8,0.0,0.0,0.0,0.0,0.0,0.0,0.0,0.0,0.0,0.0,0.0,0.0,0.0,0.0,0.0,0.0,0.0,0.0,0.0,0.0,0.0,0.0,0.0,0.0,0.0,0.0,0.0,0.0,0.0,0.0,0.0,0.0,0.0,0.0,0.0,0.0,0.0,0.0,0.6,0.0,0.0,0.0,0.0,0.0,0.0,0.0,0.0,0.0,0.0,0.0,0.0,0.0,0.0,0.0,0.16014957264957266,0.0,0.5384615384615384,0.17814314777156565,5.0,1.791759469228055,1.6284930703645584,3.7629775444453557,6.8
0.0,0.0,0.0,0.0,0.7142857142857143,0.5714285714285714,0.0,0.0,0.42857142857142855,0.0,0.7142857142857143,0.0,0.0,0.2857142857142857,0.0,0.0,0.2857142857142857,0.0,0.0,0.0,0.0,0.0,0.0,0.0,0.0,0.0,0.0,0.0,0.0,0.0,0.0,0.0,0.0,0.0,0.0,0.0,0.0,0.0,0.0,0.0,0.0,0.0,0.0,0.0,0.5714285714285714,0.0,0.0,0.0,0.0,0.0,0.0,0.0,0.0,0.0,0.0,0.0,0.0,0.0,0.0,0.0,0.22623789220427878,0.0,0.5384615384615384,0.13662095410427852,7.0,2.0794415416798357,3.1728149429147154,3.8332593899996397,7.142857142857143
0.0,0.0,0.0,0.0,0.5333333333333333,1.0,0.0,0.0,0.0,0.0,0.0,0.0,0.0,0.06666666666666667,0.0,0.0,0.0,0.0,0.06666666666666667,0.0,0.0,0.13333333333333333,0.06666666666666667,0.0,0.0,0.0,0.0,0.0,0.0,0.0,0.0,0.0,0.13333333333333333,0.0,0.0,0.3333333333333333,0.0,0.26666666666666666,0.2,0.0,0.0,0.0,0.0,0.0,0.26666666666666666,0.0,0.0,0.0,0.0,0.0,0.0,0.0,0.0,0.0,0.0,0.06666666666666667,0.0,0.0,0.0,0.0,0.17315089947582304,0.045454545454545456,1.0,0.1619550852360653,15.0,2.772588722239781,4.310398072191488,4.475116385823576,7.8
0.0,0.0,0.0,0.0,0.75,0.625,0.0,0.0,0.5,0.0,0.75,0.0,0.0,0.125,0.0,0.0,0.125,0.0,0.375,0.0,0.0,0.0,0.25,0.0,0.0,0.0,0.0,0.0,0.0,0.0,0.0,0.0,0.0,0.0,0.0,0.25,0.0,0.125,0.0,0.0,0.0,0.0,0.0,0.0,0.125,0.0,0.0,0.0,0.0,0.0,0.0,0.0,0.0,0.0,0.0,0.0,0.0,0.0,0.125,0.0,0.15277610154155738,0.0,0.45,0.09670042776447244,8.0,2.1972245773362196,4.951990251843231,5.11737237261468,9.25
0.0625,0.0,0.0,0.0,0.4375,0.34375,0.0,0.0,0.1875,0.0,0.5625,0.0,0.0,0.0,0.0,0.0,0.125,0.0,0.0,0.0,0.0,0.0,0.0,0.0,0.0,0.0,0.0,0.0,0.0,0.0,0.0,0.0,0.0,0.0,0.0,0.0625,0.0,0.03125,0.0,0.0,0.0,0.0,0.0,0.0,0.0625,0.03125,0.0,0.0,0.0,0.0,0.0,0.0,0.0,0.0,0.0,0.0,0.0,0.0,0.03125,0.0,0.08898656043436969,0.0,0.75,0.10958332249749664,32.0,3.4965075614664802,3.5648393204967097,3.6827299656640586,7.5
0.0,0.0,0.0,0.0,0.2,0.0,0.0,0.0,0.2,0.0,0.8,0.0,0.0,0.0,0.0,0.0,0.0,0.0,0.0,0.0,0.0,0.0,0.0,0.0,0.0,0.0,0.0,0.0,0.0,0.0,0.0,0.0,0.0,0.0,0.0,0.0,0.0,0.0,0.0,0.0,0.0,0.0,0.0,0.0,0.0,0.0,0.0,0.0,0.0,0.0,0.0,0.0,0.0,0.0,0.0,0.0,0.0,0.0,0.0,0.0,0.06675324675324676,0.0,0.14285714285714285,0.051106385083257266,5.0,1.791759469228055,1.1863137138648348,2.5298221281347035,6.0
0.0547945205479452,0.0,0.0,0.0,0.273972602739726,0.3424657534246575,0.0,0.0547945205479452,0.0958904109589041,0.0,0.2328767123287671,0.0,0.0,0.0273972602739726,0.0136986301369863,0.0,0.0410958904109589,0.0,0.0821917808219178,0.0,0.0,0.0410958904109589,0.1506849315068493,0.0958904109589041,0.0,0.0,0.0,0.0,0.0,0.0,0.0,0.0,0.0958904109589041,0.0,0.0821917808219178,0.0273972602739726,0.0,0.0410958904109589,0.0273972602739726,0.0,0.0,0.0,0.0,0.0,0.3424657534246575,0.0,0.0410958904109589,0.0,0.0,0.0,0.0136986301369863,0.0,0.0,0.0,0.0,0.0,0.0,0.0,0.0136986301369863,0.0,0.062298487352875236,0.0,0.6666666666666666,0.11511281687731345,73.0,4.30406509320417,5.934334089692271,4.16587031859526,9.04109589041096
0.0,0.0,0.0,0.0,0.5,0.0,0.0,0.0,0.3333333333333333,0.0,1.0,0.0,0.0,0.16666666666666666,0.0,0.0,0.16666666666666666,0.0,0.0,0.0,0.0,0.0,0.0,0.0,0.0,0.0,0.0,0.0,0.0,0.0,0.0,0.0,0.0,0.0,0.0,0.0,0.0,0.0,0.0,0.0,0.0,0.0,0.0,0.0,0.16666666666666666,0.0,0.0,0.0,0.3333333333333333,0.0,0.0,0.0,0.0,0.0,0.0,0.0,0.0,0.0,0.0,0.0,0.17968747998933757,0.0625,0.4,0.09585344082455426,6.0,1.9459101490553132,2.8491229175080157,3.2360813064912666,7.166666666666667
0.0,0.0,0.0,0.0,0.0,0.0,0.0,0.0,0.0,0.0,0.5,0.0,0.0,0.0,0.0,0.0,0.0,0.0,0.0,0.0,0.0,0.0,0.0,0.0,0.0,0.0,0.3333333333333333,0.0,0.0,0.0,0.5,0.0,0.0,0.0,0.0,0.0,0.0,0.0,0.0,0.0,0.0,0.0,0.0,0.0,0.0,0.0,0.0,0.0,0.16666666666666666,0.0,0.0,0.0,0.0,0.0,0.0,0.0,0.0,0.0,0.0,0.0,0.23574536574536573,0.07692307692307693,0.7,0.14292806995739685,6.0,1.9459101490553132,1.9591479170272448,1.3743685418725535,7.333333333333333
0.0,0.0,0.0,0.0,0.6,0.7,0.0,0.0,0.0,0.0,0.3,0.0,0.0,0.1,0.0,0.0,0.0,0.0,0.0,0.0,0.0,0.0,0.0,0.0,0.0,0.0,0.0,0.0,0.0,0.0,0.0,0.0,0.0,0.0,0.0,0.0,0.0,0.0,0.0,0.0,0.0,0.0,0.0,0.0,0.1,0.0,0.0,0.0,0.0,0.0,0.0,0.0,0.0,0.0,0.0,0.0,0.0,0.0,0.1,0.0,0.23916466249799578,0.0,0.8333333333333334,0.25332423467747056,10.0,2.3978952727983707,2.320048684196625,0.6708203932499369,5.5
0.0,0.0,0.0,0.0,0.06666666666666667,0.0,0.0,0.0,0.0,0.0,0.0,0.0,0.0,0.0,0.0,0.0,0.0,0.0,0.06666666666666667,0.0,0.0,0.3333333333333333,0.0,0.0,0.0,0.0,0.06666666666666667,0.0,0.0,0.0,0.0,0.0,0.0,0.0,0.0,0.0,0.0,0.0,0.0,0.0,0.0,0.0,0.0,0.0,0.26666666666666666,0.0,0.0,0.0,0.13333333333333333,0.0,0.0,0.0,0.0,0.0,0.0,0.0,0.0,0.6,0.0,0.4,0.10513047200036411,0.0,1.0,0.17014574368554586,15.0,2.772588722239781,3.176739118726832,3.460250472629595,5.6
0.0,0.0,0.0,0.0,0.0,0.3333333333333333,0.0,0.0,0.0,0.0,0.3333333333333333,0.0,0.0,0.0,0.0,0.0,0.0,0.0,0.0,0.0,0.0,0.3333333333333333,0.0,0.0,0.0,0.0,0.5,0.0,0.0,0.0,0.16666666666666666,0.0,0.0,0.0,0.0,0.0,0.0,0.0,0.0,0.0,0.0,0.0,0.0,0.0,0.0,0.0,0.0,0.0,0.0,0.0,0.0,0.0,0.0,0.0,0.0,0.0,0.0,0.0,0.0,0.0,0.10777777777777778,0.0,0.6,0.21036711004254996,6.0,1.9459101490553132,2.5157895841746822,1.6072751268321592,4.5
0.0,0.0,0.0,0.0,0.6666666666666666,0.5833333333333334,0.0,0.0,0.08333333333333333,0.0,0.16666666666666666,0.0,0.0,0.16666666666666666,0.0,0.0,0.08333333333333333,0.0,0.16666666666666666,0.0,0.0,0.0,0.0,0.0,0.0,0.0,0.0,0.0,0.0,0.0,0.0,0.0,0.0,0.0,0.0,0.08333333333333333,0.0,0.4166666666666667,0.08333333333333333,0.0,0.0,0.0,0.0,0.0,0.0,0.08333333333333333,0.0,0.0,0.0,0.0,0.0,0.0,0.0,0.0,0.0,0.0,0.0,0.0,0.0,0.0,0.1490383611827829,0.0,0.8,0.19716307873325964,12.0,2.5649493574615367,4.156059382792983,3.5463204718255352,8.083333333333334
0.0,0.0,0.0,0.0,0.0,0.4,0.0,0.0,0.0,0.0,0.6,0.0,0.0,0.0,0.0,0.0,0.0,0.0,0.0,0.0,0.0,0.1,0.0,0.0,0.0,0.0,0.0,0.0,0.0,0.0,0.0,0.8,0.0,0.7,0.0,0.0,0.0,0.0,0.0,0.0,0.6,0.0,0.0,0.0,0.0,0.0,0.0,0.0,0.0,0.3,0.0,0.0,0.0,0.0,0.0,0.0,0.0,0.0,0.0,0.0,0.21001061927790513,0.0,0.5,0.1209990982030985,10.0,2.3978952727983707,2.8841561355837113,3.104834939252005,6.4
0.4,0.0,0.0,0.0,0.6,0.4,0.0,0.0,0.0,0.0,0.8,0.0,0.0,0.0,0.0,0.0,0.0,0.0,0.0,0.0,0.0,0.0,0.0,0.0,0.0,0.0,0.0,0.0,0.0,0.0,0.0,0.0,0.0,0.0,0.0,0.0,0.0,0.2,0.0,0.0,0.0,0.0,0.0,0.0,0.0,0.0,0.0,0.0,0.0,0.0,0.0,0.0,0.0,0.0,0.0,0.0,0.0,0.0,0.0,0.0,0.2259199134199134,0.0,0.6666666666666666,0.19053916192153794,5.0,1.791759469228055,2.2216499272969754,1.8547236990991407,4.6
0.0,0.0,0.0,0.0,0.2,0.0,0.0,0.0,0.0,0.0,0.8,0.0,0.0,0.0,0.0,0.0,0.2,0.2,0.0,0.0,0.0,0.0,0.0,0.0,0.0,0.0,0.0,0.0,0.0,0.0,0.0,0.0,0.0,0.8,0.0,0.0,0.0,0.0,0.0,0.0,0.0,0.0,0.4,0.0,0.0,0.0,0.0,0.0,0.0,0.0,0.0,0.0,0.0,0.0,0.0,0.0,0.0,0.0,0.0,0.0,0.27214817861876683,0.13636363636363635,0.7,0.16152875551099105,5.0,1.791759469228055,2.437013046707142,1.9390719429665317,10.2
0.0,0.0,0.0,0.0,0.375,0.375,0.0,0.0,0.125,0.0,0.625,0.0,0.0,0.0,0.0,0.0,0.0,0.0,0.0,0.0,0.0,0.0,0.0,0.0,0.0,0.0,0.0,0.0,0.0,0.0,0.0,0.0,0.0,0.0,0.0,0.0,0.0,0.0,0.0,0.0,0.0,0.0,0.0,0.0,0.25,0.0,0.0,0.0,0.0,0.0,0.0,0.0,0.0,0.0,0.0,0.0,0.0,0.0,0.0,0.0,0.14796701314558458,0.0,0.5,0.1541978822900093,8.0,2.1972245773362196,2.3600730651545314,9.150648884095597,8.375
0.0,0.0,0.0,0.0,0.13333333333333333,0.26666666666666666,0.0,0.06666666666666667,0.0,0.0,0.2,0.0,0.0,0.13333333333333333,0.0,0.0,0.0,0.0,0.0,0.0,0.0,0.6666666666666666,0.0,0.0,0.0,0.0,0.0,0.0,0.0,0.0,0.0,0.0,0.0,0.0,0.0,0.06666666666666667,0.0,0.0,0.06666666666666667,0.0,0.0,0.0,0.0,0.0,0.4,0.0,0.0,0.0,0.0,0.0,0.0,0.0,0.0,0.0,0.0,0.0,0.4,0.0,0.0,0.13333333333333333,0.106854833048918,0.0,1.0,0.15680432859796242,15.0,2.772588722239781,4.364541611562183,4.513682901282869,7.6
0.0,0.0,0.0,0.0,0.0,0.2857142857142857,0.0,0.0,0.0,0.0,0.5714285714285714,0.0,0.0,0.0,0.0,0.0,0.0,0.0,0.0,0.0,0.0,0.14285714285714285,0.0,0.0,0.0,0.0,0.0,0.0,0.0,0.0,0.0,0.0,0.0,0.0,0.0,0.0,0.0,0.0,0.0,0.0,0.0,0.0,0.14285714285714285,0.0,0.0,0.0,0.0,0.0,0.0,0.0,0.0,0.0,0.0,0.0,0.0,0.0,0.0,0.0,0.0,0.2857142857142857,0.10204526254946425,0.0,0.5,0.14699601082876038,7.0,2.0794415416798357,2.2962213172251484,2.5872528966106905,6.142857142857143
0.0,0.0,0.0,0.0,0.4,0.8,0.0,0.0,0.0,0.0,0.0,0.0,0.0,0.0,0.0,0.0,0.0,0.0,0.0,0.0,0.0,0.0,0.0,0.0,0.0,0.0,0.0,0.0,0.0,0.0,0.0,0.0,0.0,0.0,0.0,0.0,0.0,0.0,0.0,0.0,0.0,0.0,0.0,0.0,0.0,0.0,0.0,0.0,0.0,0.0,0.0,0.0,0.0,0.0,0.0,0.0,0.0,0.0,0.0,0.0,0.1548217468805704,0.0,0.6666666666666666,0.1858763856478652,5.0,1.791759469228055,0.7863137138648346,3.1240998703626617,5.2
0.0,0.0,0.0,0.0,0.18181818181818182,0.45454545454545453,0.0,0.0,0.36363636363636365,0.0,0.8181818181818182,0.0,0.0,0.0,0.0,0.0,0.18181818181818182,0.0,0.09090909090909091,0.0,0.0,0.18181818181818182,0.0,0.0,0.0,0.0,0.0,0.0,0.0,0.0,0.0,0.0,0.0,0.0,0.0,0.09090909090909091,0.0,0.0,0.0,0.0,0.0,0.0,0.0,0.0,0.0,0.0,0.0,0.0,0.0,0.0,0.0,0.0,0.0,0.0,0.0,0.0,0.0,0.0,0.0,0.0,0.21978063935001732,0.0,1.0,0.2107984240461971,11.0,2.4849066497880004,3.2551142361047374,3.0151134457776365,6.0
0.0,0.0,0.0,0.0,0.15584415584415584,0.38961038961038963,0.0,0.03896103896103896,0.025974025974025976,0.0,0.1038961038961039,0.0,0.11688311688311688,0.05194805194805195,0.07792207792207792,0.0,0.05194805194805195,0.0,0.07792207792207792,0.06493506493506493,0.0,0.05194805194805195,0.03896103896103896,0.0,0.0,0.0,0.0,0.0,0.0,0.0,0.012987012987012988,0.0,0.0,0.0,0.0,0.025974025974025976,0.0,0.012987012987012988,0.03896103896103896,0.0,0.0,0.0,0.0,0.0,0.7272727272727273,0.025974025974025976,0.0,0.0,0.012987012987012988,0.0,0.0,0.0,0.0,0.0,0.0,0.0,0.0,0.0,0.0,0.025974025974025976,0.06619839493927476,0.0,0.5,0.08145246180940502,77.0,4.356708826689592,4.816774950120347,7.14514721258368,11.454545454545455
0.0,0.0,0.0,0.0,0.0,0.5,0.0,0.0,0.0,0.0,0.0,0.0,0.0,0.3333333333333333,0.0,0.0,0.0,0.0,0.0,0.0,0.0,0.0,0.0,0.0,0.0,0.0,0.0,0.0,0.0,0.0,0.0,0.0,0.0,0.0,0.0,0.0,0.0,0.0,0.0,0.0,0.0,0.0,0.0,0.0,0.0,0.0,0.0,0.0,0.0,0.0,0.0,0.0,0.0,0.0,0.0,0.0,0.0,0.0,0.0,0.0,0.24339105339105338,0.0,1.0,0.30149223786027024,6.0,1.9459101490553132,1.0283208335737188,2.6874192494328497,4.333333333333333
0.0,0.0,0.0,0.0,0.3,0.5,0.0,0.0,0.1,0.0,0.3,0.0,0.0,0.1,0.0,0.0,0.1,0.0,0.0,0.0,0.0,0.0,0.0,0.0,0.0,0.0,0.0,0.0,0.0,0.0,0.0,0.0,0.0,0.0,0.0,0.0,0.0,0.0,0.0,0.0,0.0,0.0,0.0,0.0,0.1,0.0,0.0,0.0,0.0,0.0,0.0,0.0,0.0,0.0,0.0,0.0,0.0,0.0,0.0,0.0,0.08086410159423575,0.0,0.6666666666666666,0.1410643696828594,10.0,2.3978952727983707,2.8709505944546683,8.393449827097319,8.5
0.0,0.0,0.0,0.0,0.0,1.0,0.0,0.0,0.0,0.0,0.0,0.0,0.0,0.0,0.0,0.0,0.0,0.0,0.0,0.0,0.0,0.0,0.0,0.0,0.0,0.0,0.0,0.0,0.0,0.0,0.0,0.0,0.0,0.0,0.0,0.0,0.0,0.0,0.0,0.0,0.0,0.0,0.0,0.0,0.0,0.625,0.0,0.0,0.0,0.0,0.0,0.0,0.0,0.0,0.0,0.0,0.0,0.0,0.0,0.0,0.5065192743764172,0.1111111111111111,1.0,0.21154261809131042,8.0,2.1972245773362196,0.4237949406953986,1.5360257159305635,5.125
0.0,0.0,0.0,0.0,0.0,0.0,0.0,0.0,0.0,0.0,0.0,0.0,0.0,0.0,0.0,0.0,0.0,0.0,0.0,0.0,0.0,0.8333333333333334,0.0,0.0,0.0,0.0,0.0,0.0,0.0,0.0,0.0,0.0,0.0,0.0,0.0,0.0,0.0,0.0,0.0,0.0,0.0,0.0,0.0,0.0,0.0,0.0,0.0,0.0,0.0,0.0,0.0,0.0,0.0,0.0,0.0,0.0,0.0,1.0,0.0,0.16666666666666666,0.4966931216931217,0.1111111111111111,1.0,0.27801062299411955,6.0,1.9459101490553132,0.6500224216483541,1.0671873729054746,4.166666666666667
0.0,0.0,0.0,0.0,0.18181818181818182,0.18181818181818182,0.0,0.0,0.0,0.0,0.8181818181818182,0.0,0.0,0.0,0.0,0.0,0.2727272727272727,0.0,0.0,0.0,0.0,0.09090909090909091,0.0,0.0,0.0,0.0,0.0,0.0,0.0,0.0,0.0,0.0,0.0,0.0,0.0,0.0,0.0,0.0,0.0,0.0,0.0,0.0,0.0,0.0,0.2727272727272727,0.0,0.0,0.0,0.0,0.0,0.0,0.0,0.0,0.0,0.0,0.0,0.0,0.0,0.0,0.0,0.24925312061675697,0.0,1.0,0.2560437444790766,11.0,2.4849066497880004,2.468139305039836,2.1513017393089515,5.090909090909091
0.0,0.0,0.0,0.0,0.15555555555555556,0.2,0.0,0.0,0.0,0.0,0.35555555555555557,0.0,0.0,0.08888888888888889,0.0,0.0,0.044444444444444446,0.7555555555555555,0.1111111111111111,0.0,0.0,0.08888888888888889,0.022222222222222223,0.0,0.0,0.0,0.0,0.0,0.0,0.0,0.0,0.0,0.0,0.0,0.0,0.13333333333333333,0.0,0.044444444444444446,0.022222222222222223,0.0,0.0,0.0,0.0,0.0,0.06666666666666667,0.0,0.0,0.0,0.0,0.0,0.0,0.0,0.0,0.0,0.0,0.0,0.0,0.0,0.0,0.0,0.1218382063398139,0.0,0.5,0.10391863375133847,45.0,3.828641396489095,3.9823409334259248,4.516089207311461,6.222222222222222
0.0,0.0,0.0,0.0,0.75,0.5,0.0,0.0,0.25,0.0,0.625,0.0,0.0,0.375,0.0,0.75,0.0,0.0,0.125,0.0,0.0,0.125,0.0,0.0,0.0,0.125,0.0,0.125,0.0,0.0,0.0,0.0,0.0,0.0,0.0,0.125,0.125,0.125,0.0,0.0,0.0,0.0,0.0,0.0,0.125,0.0,0.0,0.0,0.0,0.0,0.0,0.0,0.0,0.0,0.0,0.0,0.0,0.0,0.0,0.0,0.18825990990321653,0.0,0.4444444444444444,0.10887826678201802,8.0,2.1972245773362196,5.576990251843231,4.630064794363034,9.25
0.25,0.0,0.0,0.0,0.3333333333333333,0.5,0.0,0.0,0.0,0.0,0.3333333333333333,0.0,0.0,0.0,0.0,0.0,0.0,0.0,0.0,0.0,0.0,0.0,0.0,0.0,0.0,0.0,0.0,0.0,0.0,0.0,0.0,0.0,0.0,0.0,0.0,0.0,0.0,0.0,0.0,0.0,0.0,0.0,0.0,0.0,0.0,0.0,0.0,0.0,0.0,0.0,0.0,0.0,0.0,0.0,0.0,0.0,0.0,0.0,0.0,0.0,0.09672325347459036,0.0,0.75,0.15562533290575833,12.0,2.5649493574615367,2.0566416671474377,2.277608394786075,5.75
0.0,0.0,0.0,0.0,0.0,0.14285714285714285,0.0,0.07142857142857142,0.0,0.0,0.2857142857142857,0.0,0.0,0.0,0.0,0.0,0.0,0.0,0.0,0.0,0.0,0.0,0.0,0.0,0.0,0.0,0.0,0.0,0.0,0.0,0.0,0.0,0.0,0.0,0.0,0.0,0.0,0.0,0.0,0.0,0.0,0.0,0.0,0.0,0.0,0.0,0.0,0.0,0.0,0.0,0.0,0.0,0.0,0.0,0.0,0.0,0.0,0.0,0.0,0.0,0.14918171297283672,0.0,1.0,0.22766557517833652,14.0,2.70805020110221,1.1893917467430877,2.1285234893930483,6.428571428571429
0.0,0.0,0.0,0.0,0.2,0.2,0.0,0.0,0.6,0.0,1.0,0.0,0.0,0.0,0.0,0.0,0.2,0.0,0.0,0.0,0.0,0.0,0.0,0.0,0.0,0.0,0.0,0.0,0.0,0.0,0.0,0.0,0.0,0.0,0.0,0.0,0.0,0.2,0.2,0.0,0.0,0.0,0.0,0.0,0.2,0.0,0.0,0.0,0.0,0.0,0.0,0.0,0.0,0.0,0.0,0.0,0.0,0.0,0.0,0.0,0.2095661283161283,0.0625,0.5,0.13370608868126935,5.0,1.791759469228055,3.2284930703645585,3.7202150475476548,6.6
0.0,0.0,0.0,0.0,0.4,0.8,0.0,0.0,0.2,0.0,0.6,0.0,0.0,0.0,0.0,0.0,0.0,0.0,0.2,0.0,0.0,0.0,0.0,0.0,0.0,0.0,0.0,0.0,0.0,0.0,0.0,0.0,0.0,0.0,0.0,0.2,0.0,0.0,0.0,0.0,0.0,0.0,0.0,0.0,0.2,0.0,0.0,0.0,0.0,0.0,0.0,0.0,0.0,0.0,0.0,0.0,0.0,0.0,0.0,0.0,0.16007326007326006,0.0,0.375,0.1236182672691615,5.0,1.791759469228055,3.086035546274448,3.1368774282716245,5.4
0.0,0.0,0.0,0.0,0.0,0.21052631578947367,0.0,0.0,0.05263157894736842,0.0,0.42105263157894735,0.0,0.0,0.0,0.0,0.0,0.21052631578947367,0.0,0.0,0.0,0.0,0.15789473684210525,0.0,0.0,0.0,0.0,0.0,0.0,0.0,0.0,0.0,0.0,0.0,0.0,0.0,0.05263157894736842,0.0,0.0,0.05263157894736842,0.0,0.0,0.0,0.0,0.0,0.10526315789473684,0.0,0.0,0.0,0.0,0.0,0.0,0.05263157894736842,0.0,0.0,0.0,0.0,0.0,0.0,0.0,0.05263157894736842,0.06946727606922211,0.0,0.75,0.11520045973724713,19.0,2.995732273553991,3.352169886703671,3.5735253045827275,6.578947368421052
0.025,0.0,0.0,0.0,0.65,0.325,0.0,0.075,0.475,0.0,0.875,0.0,0.0,0.0,0.0,0.0,0.2,0.0,0.05,0.0,0.0,0.025,0.3,0.275,0.0,0.0,0.0,0.0,0.0,0.0,0.0,0.0,0.025,0.0,0.0,0.075,0.0,0.15,0.075,0.0,0.0,0.0,0.0,0.0,0.25,0.0,0.0,0.0,0.025,0.0,0.0,0.0,0.0,0.0,0.0,0.0,0.0,0.0,0.0,0.0,0.17869158206281036,0.0,1.0,0.15877560303708654,40.0,3.713572066704308,5.606979026954537,5.7043842787806645,10.6
0.0,0.0,0.0,0.0,0.0,0.4,0.0,0.0,1.0,0.0,1.0,0.0,0.0,0.0,0.0,0.0,0.4,0.0,0.0,0.0,0.0,0.0,0.0,0.0,0.0,0.0,0.0,0.0,0.0,0.0,0.0,0.0,0.0,0.0,0.0,0.0,0.0,0.0,0.0,0.0,0.0,0.0,0.0,0.0,0.2,0.0,0.0,0.0,0.0,0.0,0.0,0.0,0.0,0.0,0.0,0.0,0.0,0.0,0.0,0.0,0.27556901431901426,0.125,0.6666666666666666,0.1458638772605076,5.0,1.791759469228055,1.5219280948873621,1.8547236990991407,7.6
0.0,0.0,0.0,0.0,0.8,0.2,0.0,0.0,0.0,0.0,0.0,0.0,0.0,0.0,0.0,0.0,0.0,0.0,0.0,0.0,0.0,0.0,0.0,0.0,0.0,0.0,0.0,0.0,0.0,0.0,0.0,0.0,0.0,0.0,0.0,0.0,0.0,0.0,0.0,0.0,0.0,0.0,0.0,0.0,0.6,0.0,0.0,0.0,0.0,0.0,0.0,0.0,0.0,0.0,0.0,0.0,0.0,0.0,0.0,0.0,0.34223665223665223,0.08333333333333333,0.7142857142857143,0.16805082360733997,5.0,1.791759469228055,1.164107451387086,2.33238075793812,6.4
0.18181818181818182,0.0,0.0,0.0,0.6363636363636364,0.36363636363636365,0.0,0.0,0.09090909090909091,0.0,0.45454545454545453,0.0,0.0,0.2727272727272727,0.0,0.36363636363636365,0.0,0.0,0.2727272727272727,0.0,0.0,0.09090909090909091,0.0,0.0,0.0,0.09090909090909091,0.0,0.09090909090909091,0.0,0.0,0.0,0.0,0.0,0.0,0.0,0.09090909090909091,0.09090909090909091,0.36363636363636365,0.0,0.0,0.0,0.0,0.0,0.0,0.18181818181818182,0.0,0.0,0.0,0.0,0.0,0.0,0.0,0.0,0.0,0.0,0.0,0.0,0.0,0.0,0.0,0.10527993025237317,0.0,0.75,0.13108498038077288,11.0,2.4849066497880004,6.327851346574991,5.653931565624077,10.181818181818182
0.0,0.0,0.0,0.0,0.8,0.0,0.0,0.0,0.8,0.0,0.6,0.0,0.0,0.0,0.0,0.0,0.2,0.0,0.0,0.0,0.0,0.0,0.0,0.0,0.0,0.0,0.0,0.0,0.0,0.0,0.0,0.0,0.0,0.0,0.0,0.0,0.0,0.0,0.0,0.0,0.0,0.0,0.0,0.0,0.0,0.0,0.0,0.0,0.0,0.0,0.0,0.0,0.0,0.0,0.0,0.0,0.0,0.0,0.0,0.0,0.1641908457040036,0.0,0.375,0.13002176801374105,5.0,1.791759469228055,1.4216499272969758,2.7856776554368237,8.2
0.0,0.0,0.0,0.0,0.0,0.2857142857142857,0.0,0.0,0.0,0.0,0.5714285714285714,0.0,0.0,0.0,0.0,0.0,0.0,0.0,0.0,0.0,0.0,0.14285714285714285,0.0,0.0,0.0,0.0,0.0,0.0,0.0,0.0,0.0,0.0,0.0,0.0,0.0,0.0,0.0,0.0,0.0,0.0,0.0,0.0,0.14285714285714285,0.0,0.14285714285714285,0.0,0.0,0.0,0.0,0.0,0.0,0.0,0.0,0.0,0.0,0.0,0.0,0.0,0.0,0.42857142857142855,0.10969687020107187,0.0,0.42857142857142855,0.12964115682714583,7.0,2.0794415416798357,2.704767366075397,2.4411439272335804,6.571428571428571
0.0,0.0,0.0,0.0,0.0,0.7142857142857143,0.0,0.0,0.14285714285714285,0.0,0.5714285714285714,0.0,0.0,0.0,0.0,0.0,0.0,0.0,0.0,0.0,0.0,0.0,0.0,0.0,0.0,0.0,0.0,0.0,0.0,0.0,0.0,0.0,0.0,0.0,0.0,0.0,0.0,0.0,0.0,0.0,0.0,0.0,0.0,0.0,0.14285714285714285,0.0,0.0,0.0,0.0,0.0,0.0,0.0,0.0,0.0,0.0,0.0,0.0,0.0,0.0,0.0,0.20722237342721742,0.0,0.75,0.21180525788896687,7.0,2.0794415416798357,1.6101805240281193,7.907630001770312,8.428571428571429
0.0,0.0,0.0,0.0,0.10526315789473684,0.05263157894736842,0.0,0.05263157894736842,0.0,0.0,0.15789473684210525,0.0,0.0,0.0,0.0,0.0,0.0,0.0,0.05263157894736842,0.0,0.0,0.10526315789473684,0.0,0.0,0.0,0.0,0.0,0.0,0.0,0.0,0.0,0.0,0.0,0.0,0.0,0.15789473684210525,0.0,0.0,0.0,0.0,0.0,0.0,0.05263157894736842,0.0,0.21052631578947367,0.0,0.0,0.0,0.0,0.0,0.0,0.0,0.0,0.0,0.0,0.0,0.0,0.0,0.0,0.0,0.10138443798631733,0.0,0.75,0.14150080321035077,19.0,2.995732273553991,2.892258959876716,4.847251270085579,7.368421052631579
0.2,0.0,0.0,0.0,0.0,0.0,0.0,0.0,0.0,0.0,0.0,0.0,0.0,0.0,0.0,0.0,0.0,0.0,0.0,0.0,0.0,0.0,0.0,0.0,0.0,0.0,0.0,0.0,0.0,0.0,0.0,0.0,0.0,0.0,0.0,0.0,0.0,0.0,0.0,0.0,0.0,0.0,0.0,0.0,0.0,0.0,0.0,0.0,0.0,0.0,0.0,0.0,0.0,0.0,0.0,0.0,0.0,0.0,0.0,0.0,0.22095238095238096,0.0,1.0,0.28886516560538544,5.0,1.791759469228055,0.46438561897747244,1.4966629547095767,2.6
0.0,0.0,0.0,0.0,0.25,0.5,0.0,0.0,0.08333333333333333,0.0,0.6666666666666666,0.0,0.0,0.08333333333333333,0.0,0.0,0.0,0.0,0.0,0.0,0.0,0.0,0.0,0.0,0.0,0.0,0.0,0.0,0.0,0.0,0.0,0.0,0.0,0.0,0.0,0.0,0.0,0.0,0.0,0.0,0.0,0.0,0.0,0.0,0.0,0.0,0.0,0.0,0.0,0.0,0.0,0.0,0.0,0.0,0.0,0.0,0.0,0.0,0.0,0.0,0.13556540261085712,0.0,0.6666666666666666,0.1448251002388722,12.0,2.5649493574615367,1.9874687506009634,1.674979270186815,5.166666666666667
0.0,0.0,0.0,0.0,0.14285714285714285,0.0,0.0,0.0,0.5714285714285714,0.0,0.7142857142857143,0.0,0.0,0.0,0.0,0.0,0.0,0.0,0.0,0.0,0.0,0.0,0.0,0.0,0.0,0.0,0.0,0.0,0.0,0.0,0.0,0.0,0.0,0.0,0.0,0.0,0.0,0.0,0.0,0.0,0.0,0.0,0.0,0.0,0.14285714285714285,0.0,0.0,0.0,0.14285714285714285,0.0,0.0,0.0,0.0,0.0,0.0,0.0,0.0,0.0,0.0,0.0,0.21060874519521133,0.0,0.7777777777777778,0.2679525661411609,7.0,2.0794415416798357,2.011231227179205,3.070597894314954,8.0
0.375,0.0,0.0,0.0,0.0,0.5,0.0,0.0,0.0,0.0,0.125,0.0,0.0,0.0,0.0,0.0,0.0,0.0,0.0,0.0,0.0,0.125,0.0,0.0,0.0,0.0,0.0,0.0,0.0,0.0,0.125,0.0,0.0,0.0,0.0,0.0,0.0,0.0,0.5,0.0,0.0,0.0,0.0,0.0,0.125,0.0,0.0,0.0,0.25,0.0,0.0,0.0,0.0,0.0,0.0,0.0,0.0,0.0,0.0,0.0,0.1802003552003552,0.0,0.8333333333333334,0.25680993965409077,8.0,2.1972245773362196,3.5306390622295662,2.2603926650031405,4.875
0.0,0.0,0.0,0.0,0.2,0.1,0.0,0.0,0.0,0.0,0.4,0.0,0.0,0.1,0.0,0.0,0.0,0.0,0.0,0.0,0.0,0.0,0.0,0.0,0.0,0.0,0.0,0.0,0.0,0.0,0.0,0.0,0.0,0.0,0.0,0.0,0.0,0.1,0.1,0.0,0.0,0.0,0.1,0.0,0.0,0.0,0.0,0.0,0.0,0.0,0.0,0.4,0.0,0.0,0.0,0.0,0.0,0.0,0.0,0.0,0.10433751433751433,0.0,1.0,0.2540243655451647,10.0,2.3978952727983707,3.1828921423310437,2.932575659723036,4.0
0.16,0.0,0.0,0.0,0.02,0.04,0.0,0.0,0.0,0.0,0.22,0.0,0.0,0.0,0.0,0.0,0.02,0.0,0.0,0.0,0.0,0.1,0.0,0.0,0.0,0.0,0.1,0.0,0.0,0.0,0.1,0.0,0.0,0.0,0.0,0.0,0.0,0.0,0.0,0.0,0.0,0.0,0.14,0.0,0.1,0.0,0.0,0.0,0.06,0.0,0.0,0.02,0.0,0.0,0.0,0.0,0.0,0.0,0.0,0.14,0.09873341333425364,0.0,1.0,0.19462935761995484,50.0,3.9318256327243257,3.7945012292506153,3.2533674861595334,5.34
0.0,0.0,0.0,0.0,0.47619047619047616,0.047619047619047616,0.0,0.09523809523809523,0.09523809523809523,0.0,0.3333333333333333,0.0,0.0,0.0,0.0,0.0,0.14285714285714285,0.0,0.047619047619047616,0.0,0.0,0.0,0.09523809523809523,0.0,0.0,0.0,0.0,0.0,0.0,0.0,0.0,0.0,0.047619047619047616,0.0,0.0,0.0,0.0,0.14285714285714285,0.0,0.0,0.0,0.0,0.0,0.0,0.0,0.0,0.0,0.0,0.0,0.0,0.0,0.0,0.0,0.0,0.0,0.19047619047619047,0.0,0.0,0.3333333333333333,0.0,0.15716937046768978,0.045454545454545456,0.75,0.11487644236383417,21.0,3.091042453358316,4.420839253213318,2.9168367297359152,7.333333333333333
0.0,0.0,0.0,0.0,0.39285714285714285,0.07142857142857142,0.0,0.10714285714285714,0.17857142857142858,0.0,0.4642857142857143,0.0,0.0,0.0,0.0,0.0,0.10714285714285714,0.0,0.03571428571428571,0.0,0.0,0.03571428571428571,0.10714285714285714,0.0,0.0,0.0,0.0,0.0,0.0,0.0,0.0,0.0,0.03571428571428571,0.0,0.0,0.0,0.0,0.07142857142857142,0.0,0.0,0.0,0.0,0.0,0.0,0.10714285714285714,0.0,0.0,0.0,0.0,0.0,0.0,0.03571428571428571,0.0,0.0,0.0,0.07142857142857142,0.0,0.0,0.17857142857142858,0.0,0.1813472937533088,0.0,0.7,0.11950526949496416,28.0,3.367295829986474,4.814770733459067,2.724604446108664,7.071428571428571
0.058823529411764705,0.0,0.0,0.0,0.47058823529411764,0.23529411764705882,0.0,0.0,0.0,0.0,0.47058823529411764,0.0,0.0,0.0,0.0,0.0,0.058823529411764705,0.0,0.0,0.0,0.0,0.058823529411764705,0.0,0.0,0.0,0.0,0.23529411764705882,0.0,0.0,0.0,0.058823529411764705,0.0,0.0,0.0,0.0,0.0,0.0,0.0,0.0,0.0,0.0,0.0,0.0,0.0,0.058823529411764705,0.0,0.0,0.0,0.11764705882352941,0.0,0.0,0.0,0.0,0.0,0.0,0.0,0.0,0.0,0.058823529411764705,0.0,0.13310417910263111,0.0,1.0,0.23805996395474271,17.0,2.8903717578961645,3.811694760000639,2.9482268437980395,5.882352941176471
0.07692307692307693,0.0,0.0,0.0,0.46153846153846156,0.3076923076923077,0.0,0.0,0.07692307692307693,0.0,0.6153846153846154,0.0,0.0,0.3076923076923077,0.0,0.0,0.0,0.0,0.0,0.0,0.0,0.15384615384615385,0.0,0.0,0.0,0.0,0.0,0.0,0.0,0.0,0.0,0.0,0.0,0.0,0.0,0.07692307692307693,0.0,0.0,0.0,0.0,0.0,0.0,0.07692307692307693,0.0,0.07692307692307693,0.0,0.0,0.0,0.0,0.0,0.0,0.0,0.0,0.0,0.0,0.0,0.0,0.0,0.0,0.0,0.13981245153548083,0.0,1.0,0.1840334502683069,13.0,2.6390573296152584,3.830998217058826,3.2924514706204144,5.923076923076923
0.0,0.0,0.0,0.0,0.4,0.4,0.0,0.0,0.0,0.0,0.4,0.0,0.0,0.0,0.0,0.0,0.2,0.0,0.0,0.0,0.0,0.0,0.0,0.0,0.0,0.0,0.0,0.0,0.0,0.0,0.0,0.0,0.0,0.0,0.0,0.2,0.0,0.0,0.0,0.0,0.0,0.0,0.0,0.0,0.0,0.0,0.0,0.0,0.0,0.0,0.0,0.0,0.0,0.0,0.0,0.0,0.0,0.2,0.0,0.2,0.04316849816849817,0.0,0.1,0.0439641361598841,5.0,1.791759469228055,3.443856189774724,1.3564659966250536,6.4
0.0,0.0,0.0,0.0,0.0,0.4,0.0,0.0,0.0,0.0,0.8,0.0,0.0,0.0,0.0,0.0,0.0,0.0,0.0,0.0,0.0,0.2,0.0,0.0,0.0,0.0,0.0,0.0,0.0,0.0,0.0,0.8,0.0,0.8,0.0,0.0,0.0,0.0,0.0,0.0,0.8,0.0,0.0,0.0,0.0,0.0,0.0,0.0,0.0,0.8,0.0,0.0,0.0,0.0,0.0,0.0,0.0,0.0,0.0,0.0,0.2633168220668221,0.0,0.6,0.14067390046252218,5.0,1.791759469228055,2.280869236481866,3.2619012860600183,7.6
0.0,0.0,0.0,0.0,0.2,0.0,0.0,0.0,0.8,0.0,1.0,0.0,0.0,0.0,0.0,0.0,0.6,0.0,0.0,0.0,0.0,0.0,0.0,0.0,0.0,0.0,0.0,0.0,0.0,0.0,0.0,0.0,0.0,0.0,0.0,0.0,0.0,0.0,0.0,0.0,0.0,0.0,0.0,0.0,0.0,0.0,0.0,0.0,0.0,0.0,0.0,0.0,0.0,0.0,0.0,0.0,0.0,0.0,0.0,0.0,0.3105769230769231,0.14285714285714285,0.5714285714285714,0.11999238562220198,5.0,1.791759469228055,1.164107451387086,2.6832815729997477,6.0
0.0,0.0,0.0,0.0,0.2,0.6,0.0,0.0,0.2,0.0,0.2,0.0,0.0,0.0,0.0,0.0,0.4,0.0,0.2,0.0,0.0,0.0,0.0,0.0,0.0,0.0,0.0,0.0,0.0,0.0,0.0,0.0,0.0,0.0,0.0,0.2,0.0,0.2,0.2,0.0,0.0,0.0,0.0,0.0,0.2,0.0,0.0,0.0,0.0,0.0,0.0,0.0,0.0,0.0,0.0,0.0,0.0,0.0,0.0,0.0,0.14324696545284782,0.0,0.6666666666666666,0.1911888762307668,5.0,1.791759469228055,4.686035546274448,9.89141041510259,13.6
0.2,0.0,0.0,0.0,0.2,0.0,0.0,0.0,0.0,0.0,0.4,0.0,0.0,0.0,0.0,0.0,0.0,0.0,0.0,0.0,0.0,0.0,0.0,0.0,0.0,0.0,1.0,0.0,0.0,0.0,0.0,0.0,0.0,0.0,0.0,0.0,0.0,0.0,0.0,0.0,0.0,0.0,0.0,0.0,0.0,0.0,0.0,0.0,0.0,0.0,0.0,0.2,0.0,0.0,0.0,0.0,0.0,0.0,0.0,0.2,0.2403857253857254,0.16666666666666666,0.5,0.09355759941524841,5.0,1.791759469228055,2.3863137138648347,1.7888543819998317,6.0
0.0,0.0,0.0,0.0,0.45,0.475,0.0,0.075,0.375,0.0,0.6,0.0,0.0,0.1,0.0,0.0,0.175,0.0,0.125,0.0,0.0,0.0,0.125,0.0,0.0,0.0,0.0,0.0,0.0,0.0,0.0,0.0,0.0,0.0,0.0,0.075,0.0,0.2,0.025,0.0,0.0,0.0,0.0,0.0,0.1,0.0,0.0,0.0,0.0,0.0,0.0,0.0,0.0,0.0,0.0,0.0,0.0,0.0,0.1,0.0,0.13989341301481947,0.0,0.8,0.12029345751744264,40.0,3.713572066704308,5.345977481151361,4.015516778697357,7.775
0.0,0.0,0.0,0.0,0.0,0.0,0.0,0.0,0.0,0.0,0.5714285714285714,0.0,0.0,0.0,0.0,0.0,0.42857142857142855,0.0,0.0,0.0,0.0,0.0,0.0,0.0,0.0,0.0,0.0,0.0,0.0,0.0,0.14285714285714285,0.0,0.0,0.0,0.0,0.14285714285714285,0.0,0.0,0.0,0.0,0.0,0.0,0.0,0.0,0.0,0.0,0.0,0.0,0.0,0.0,0.0,0.0,0.0,0.0,0.0,0.0,0.0,0.0,0.0,0.0,0.5576146076146076,0.07692307692307693,1.0,0.3110785359278252,7.0,2.0794415416798357,1.787329542336424,1.2936264483053455,7.428571428571429
0.0,0.0,0.0,0.0,0.2,0.8,0.0,0.0,0.2,0.0,0.4,0.0,0.0,0.0,0.0,0.0,0.0,0.0,0.0,0.0,0.0,0.0,0.0,0.0,0.0,0.0,0.0,0.0,0.0,0.0,0.0,0.0,0.0,0.0,0.0,0.0,0.0,0.0,0.0,0.0,0.0,0.0,0.0,0.0,0.2,0.0,0.0,0.0,0.0,0.0,0.0,0.0,0.0,0.0,0.0,0.0,0.0,0.0,0.0,0.0,0.16273809523809524,0.0,0.5,0.13859520537298883,5.0,1.791759469228055,2.179470570797252,2.1354156504062622,6.8
0.0,0.0,0.0,0.0,1.0,0.6,0.0,0.0,0.0,0.0,0.6,0.0,0.0,0.0,0.0,0.0,0.0,0.0,0.0,0.0,0.0,0.0,0.0,0.0,0.0,0.0,0.0,0.0,0.0,0.0,0.0,0.0,0.0,0.0,0.0,0.0,0.0,0.0,0.0,0.0,0.0,0.0,0.0,0.0,0.4,0.0,0.0,0.0,0.0,0.0,0.0,0.0,0.0,0.0,0.0,0.0,0.0,0.0,0.2,0.0,0.41757936507936516,0.2222222222222222,0.75,0.1470394246575663,5.0,1.791759469228055,1.8775155699318646,1.6733200530681511,5.0
0.0,0.0,0.0,0.0,0.5,0.3333333333333333,0.0,0.0,0.4166666666666667,0.0,0.8333333333333334,0.0,0.0,0.08333333333333333,0.0,0.0,0.16666666666666666,0.0,0.0,0.0,0.0,0.0,0.0,0.0,0.0,0.0,0.0,0.0,0.0,0.0,0.0,0.0,0.0,0.0,0.0,0.0,0.0,0.0,0.0,0.0,0.0,0.0,0.0,0.0,0.08333333333333333,0.0,0.0,0.0,0.0,0.0,0.0,0.0,0.0,0.0,0.0,0.0,0.0,0.0,0.0,0.0,0.14525781327427825,0.0,0.7142857142857143,0.1424889352868751,12.0,2.5649493574615367,2.8021013411063467,7.58424902896347,8.75
0.0,0.0,0.0,0.0,0.8,0.2,0.0,0.0,0.0,0.0,0.2,0.0,0.0,0.0,0.0,0.0,0.0,0.0,0.0,0.0,0.0,0.0,0.0,0.0,0.0,0.0,0.0,0.0,0.0,0.0,0.0,0.0,0.0,0.0,0.0,0.0,0.0,0.0,0.0,0.0,0.0,0.0,0.0,0.0,0.6,0.0,0.0,0.0,0.0,0.0,0.0,0.0,0.0,0.0,0.0,0.0,0.0,0.0,0.0,0.0,0.356024531024531,0.08333333333333333,0.7142857142857143,0.17013521704546936,5.0,1.791759469228055,1.6284930703645584,2.3151673805580453,6.2
0.0,0.0,0.0,0.0,0.3,0.1,0.0,0.0,0.1,0.0,0.6,0.0,0.0,0.1,0.0,0.0,0.0,0.0,0.0,0.0,0.0,0.0,0.0,0.0,0.0,0.0,0.0,0.0,0.0,0.0,0.0,0.0,0.0,0.0,0.0,0.0,0.0,0.2,0.2,0.0,0.0,0.0,0.1,0.0,0.0,0.0,0.0,0.0,0.1,0.0,0.0,0.5,0.0,0.0,0.0,0.0,0.0,0.0,0.0,0.0,0.10437719687719685,0.0,1.0,0.18648592718395374,10.0,2.3978952727983707,4.0530043201482115,3.2572994949804666,5.3
0.0625,0.0,0.0,0.0,0.5,0.1875,0.0,0.0,0.0,0.0,0.5,0.0,0.0,0.0,0.0,0.0,0.125,0.0,0.0,0.0,0.0,0.0,0.0,0.0,0.0,0.0,0.1875,0.0,0.0,0.0,0.0,0.0,0.0,0.0,0.0,0.0,0.0,0.0,0.0,0.0,0.0,0.0,0.0,0.0,0.0625,0.0,0.0,0.0,0.1875,0.0,0.0,0.0,0.0,0.0,0.0,0.0,0.0,0.0,0.0625,0.0,0.17826586112300402,0.0,1.0,0.2797227058483071,16.0,2.833213344056216,3.4834585933443494,1.911110606427582,4.8125
0.0,0.015625,0.0,0.0,0.34375,0.625,0.0,0.015625,0.015625,0.0,0.046875,0.0,0.0,0.03125,0.0,0.0,0.03125,0.0,0.015625,0.0,0.0,0.0,0.328125,0.0,0.0,0.0,0.0,0.0,0.0,0.0,0.0,0.0,0.234375,0.0,0.0625,0.015625,0.0,0.0,0.03125,0.0,0.0,0.0,0.0,0.0,0.6875,0.0,0.03125,0.0,0.0,0.0,0.0,0.0,0.0,0.0,0.0,0.0,0.0,0.0,0.0,0.0,0.14044739120037664,0.0,0.5555555555555556,0.10583090393988367,64.0,4.174387269895637,3.8938043290593543,3.596568188478428,8.453125
0.0,0.0,0.0,0.0,0.2,0.2,0.0,0.0,0.6,0.0,1.0,0.0,0.0,0.0,0.0,0.0,0.2,0.0,0.0,0.0,0.0,0.0,0.0,0.0,0.0,0.0,0.0,0.0,0.0,0.0,0.0,0.0,0.2,0.0,0.0,0.0,0.0,0.0,0.0,0.0,0.0,0.0,0.0,0.0,0.2,0.0,0.0,0.0,0.0,0.0,0.0,0.0,0.0,0.0,0.0,0.0,0.0,0.0,0.0,0.0,0.2810737873237873,0.14285714285714285,0.8333333333333334,0.18981351279748035,5.0,1.791759469228055,2.764107451387086,2.280350850198276,7.0
0.4,0.0,0.0,0.0,0.0,0.0,0.0,0.0,0.0,0.0,0.0,0.0,0.0,0.0,0.0,0.0,0.0,0.0,0.0,0.0,0.0,0.0,0.0,0.0,0.0,0.0,0.8,0.0,0.0,0.0,0.0,0.0,0.0,0.0,0.0,0.0,0.0,0.0,0.0,0.0,0.0,0.0,0.0,0.0,0.0,0.0,0.0,0.0,0.0,0.0,0.0,0.0,0.0,0.0,0.0,0.0,0.0,0.0,0.0,0.0,0.2635714285714286,0.0,0.8,0.25679440676724014,5.0,1.791759469228055,0.7863137138648346,1.16619037896906,4.2
0.0,0.0,0.0,0.0,0.5789473684210527,0.47368421052631576,0.0,0.0,0.10526315789473684,0.0,0.2631578947368421,0.0,0.0,0.0,0.0,0.0,0.05263157894736842,0.0,0.0,0.0,0.0,0.0,0.0,0.0,0.0,0.0,0.0,0.0,0.0,0.0,0.0,0.0,0.0,0.0,0.0,0.0,0.0,0.0,0.0,0.0,0.0,0.0,0.0,0.0,0.0,0.05263157894736842,0.0,0.0,0.0,0.0,0.0,0.0,0.0,0.0,0.0,0.0,0.0,0.0,0.05263157894736842,0.0,0.15102109023382795,0.0,1.0,0.23243659027579147,19.0,2.995732273553991,2.486584847941035,2.7690413553612436,6.2631578947368425
0.08333333333333333,0.0,0.0,0.0,0.5833333333333334,0.5833333333333334,0.0,0.0,0.08333333333333333,0.0,0.5,0.0,0.0,0.25,0.0,0.0,0.08333333333333333,0.0,0.16666666666666666,0.0,0.0,0.0,0.0,0.0,0.0,0.0,0.0,0.0,0.0,0.0,0.0,0.0,0.0,0.0,0.0,0.25,0.0,0.4166666666666667,0.25,0.0,0.0,0.0,0.0,0.0,0.16666666666666666,0.0,0.0,0.0,0.0,0.0,0.0,0.0,0.0,0.0,0.0,0.5833333333333334,0.0,0.0,0.08333333333333333,0.0,0.15831573265493162,0.0,0.6,0.13975127171247897,12.0,2.5649493574615367,5.943719265572733,4.86198404860494,9.166666666666666
0.0,0.0,0.0,0.0,1.0,0.6,0.0,0.0,0.0,0.0,0.6,0.0,0.0,0.0,0.0,0.0,0.0,0.0,0.0,0.0,0.0,0.0,0.0,0.0,0.0,0.0,0.0,0.0,0.0,0.0,0.0,0.0,0.0,0.0,0.0,0.0,0.0,0.0,0.0,0.0,0.0,0.0,0.0,0.0,0.4,0.0,0.0,0.0,0.0,0.0,0.0,0.0,0.0,0.0,0.0,0.0,0.0,0.0,0.2,0.0,0.41757936507936516,0.2222222222222222,0.75,0.1470394246575663,5.0,1.791759469228055,1.8775155699318646,1.6733200530681511,5.0
0.125,0.0,0.0,0.0,0.041666666666666664,0.041666666666666664,0.0,0.0,0.0,0.0,0.375,0.0,0.0,0.16666666666666666,0.0,0.0,0.041666666666666664,0.0,0.0,0.0,0.0,0.25,0.0,0.0,0.0,0.0,0.041666666666666664,0.0,0.0,0.0,0.0,0.0,0.0,0.0,0.0,0.0,0.0,0.0,0.0,0.0,0.0,0.0,0.25,0.0,0.08333333333333333,0.0,0.0,0.0,0.0,0.0,0.0,0.08333333333333333,0.0,0.0,0.0,0.0,0.0,0.0,0.0,0.125,0.07263292107829923,0.0,0.6666666666666666,0.1344018974114975,24.0,3.2188758248682006,4.073120312590144,2.656229575084871,5.666666666666667
0.0,0.0,0.0,0.0,0.125,0.625,0.0,0.0,0.0,0.0,0.5,0.0,0.0,0.125,0.0,0.0,0.0,0.0,0.0,0.0,0.0,0.0,0.0,0.0,0.0,0.0,0.0,0.0,0.0,0.0,0.0,0.0,0.0,0.0,0.0,0.0,0.0,0.0,0.0,0.0,0.0,0.0,0.0,0.0,0.0,0.0,0.0,0.0,0.0,0.0,0.0,0.0,0.0,0.0,0.0,0.0,0.0,0.0,0.125,0.0,0.2017032570603999,0.0,1.0,0.24109465341678388,8.0,2.1972245773362196,2.0487949406953985,0.7071067811865476,5.5
0.06976744186046512,0.0,0.0,0.0,0.6976744186046512,0.7441860465116279,0.0,0.023255813953488372,0.20930232558139536,0.0,0.5116279069767442,0.0,0.0,0.023255813953488372,0.0,0.0,0.18604651162790697,0.0,0.06976744186046512,0.0,0.0,0.06976744186046512,0.16279069767441862,0.7441860465116279,0.0,0.0,0.0,0.0,0.0,0.0,0.0,0.0,0.023255813953488372,0.0,0.0,0.13953488372093023,0.0,0.11627906976744186,0.046511627906976744,0.0,0.0,0.0,0.0,0.0,0.13953488372093023,0.0,0.0,0.0,0.0,0.0,0.0,0.0,0.0,0.0,0.0,0.0,0.0,0.0,0.023255813953488372,0.0,0.15334195201362066,0.0,1.0,0.1452447636849794,43.0,3.784189633918261,5.5099688807795255,6.086540133361838,9.023255813953488
0.0,0.0,0.0,0.0,0.1951219512195122,0.43902439024390244,0.0,0.024390243902439025,0.036585365853658534,0.0,0.10975609756097561,0.0,0.0975609756097561,0.024390243902439025,0.08536585365853659,0.0,0.08536585365853659,0.0,0.04878048780487805,0.06097560975609756,0.0,0.024390243902439025,0.04878048780487805,0.0,0.0,0.0,0.0,0.0,0.0,0.0,0.0,0.0,0.0,0.0,0.0,0.024390243902439025,0.0,0.024390243902439025,0.012195121951219513,0.012195121951219513,0.0,0.0,0.0,0.0,0.7560975609756098,0.012195121951219513,0.0,0.0,0.0,0.0,0.0,0.0,0.0,0.0,0.0,0.0,0.0,0.0,0.0,0.012195121951219513,0.0645101174264414,0.0,0.6153846153846154,0.07648980461742648,82.0,4.418840607796598,4.379235458705702,7.940897459907701,11.646341463414634
0.023255813953488372,0.0,0.0,0.0,0.16279069767441862,0.0,0.0,0.0,0.0,0.0,0.11627906976744186,0.0,0.0,0.046511627906976744,0.0,0.0,0.0,0.0,0.06976744186046512,0.0,0.0,0.046511627906976744,0.046511627906976744,0.0,0.0,0.0,0.0,0.0,0.0,0.0,0.0,0.0,0.0,0.0,0.0,0.11627906976744186,0.0,0.0,0.0,0.0,0.0,0.0,0.0,0.0,0.16279069767441862,0.06976744186046512,0.0,0.9534883720930233,0.0,0.0,0.06976744186046512,0.0,0.0,0.0,0.0,0.0,0.0,0.0,0.0,0.023255813953488372,0.2322657594955619,0.0,0.75,0.16943781150667517,43.0,3.784189633918261,3.314120124001398,8.517789103168575,8.651162790697674
0.0625,0.0,0.0,0.0,0.25,0.1875,0.0,0.0,0.0,0.0,0.375,0.0,0.0,0.3125,0.0,0.0,0.0,0.0,0.0,0.0,0.0,0.125,0.0,0.0,0.0,0.0,0.0,0.0,0.0,0.0,0.0,0.0,0.0,0.0,0.0,0.0,0.0,0.0,0.0,0.0,0.0,0.0,0.0,0.0,0.0625,0.0,0.0,0.0,0.0625,0.0,0.0,0.0,0.0,0.0,0.0,0.0,0.0,0.0,0.0,0.0,0.08075455745623812,0.0,0.6666666666666666,0.14989047042651837,16.0,2.833213344056216,3.1328560636920493,2.358495283014151,6.25
0.2,0.0,0.0,0.0,0.6,0.8,0.0,0.0,0.0,0.0,1.0,0.0,0.0,0.0,0.0,0.0,0.2,0.0,0.0,0.0,0.0,0.0,0.0,0.0,0.0,0.0,0.0,0.0,0.0,0.0,0.0,0.0,0.0,0.0,0.0,0.0,0.0,0.0,0.0,0.0,0.0,0.0,0.0,0.0,0.0,0.0,0.0,0.0,0.0,0.0,0.0,0.0,0.0,0.0,0.0,0.0,0.0,0.0,0.0,0.0,0.39659451659451656,0.18181818181818182,0.7777777777777778,0.16656514089467275,5.0,1.791759469228055,1.6284930703645584,1.6733200530681511,6.0
0.0,0.0,0.0,0.0,0.4406779661016949,0.6271186440677966,0.0,0.0,0.2033898305084746,0.0,0.423728813559322,0.0,0.0,0.1016949152542373,0.0,0.15254237288135594,0.1016949152542373,0.0,0.06779661016949153,0.0,0.0,0.05084745762711865,0.0,0.0,0.0,0.3389830508474576,0.0,0.3050847457627119,0.0,0.0,0.0,0.0,0.0,0.0,0.0,0.05084745762711865,0.3559322033898305,0.06779661016949153,0.03389830508474576,0.0,0.0,0.0,0.0,0.0,0.0847457627118644,0.0,0.0,0.0,0.0,0.0,0.0,0.0,0.0,0.0,0.0,0.01694915254237288,0.0,0.0,0.0,0.0,0.12583769017858398,0.0,1.0,0.18461771647599282,59.0,4.0943445622221,6.132416368062189,3.72758068986882,7.372881355932203
0.16666666666666666,0.0,0.0,0.0,0.3333333333333333,0.4444444444444444,0.0,0.0,0.0,0.0,0.05555555555555555,0.0,0.0,0.0,0.0,0.0,0.0,0.0,0.05555555555555555,0.0,0.0,0.0,0.0,0.0,0.0,0.0,0.0,0.0,0.0,0.0,0.3888888888888889,0.05555555555555555,0.0,0.05555555555555555,0.0,0.05555555555555555,0.0,0.0,0.0,0.0,0.05555555555555555,0.0,0.0,0.0,0.0,0.0,0.0,0.0,0.0,0.0,0.0,0.0,0.0,0.0,0.0,0.0,0.0,0.0,0.0,0.0,0.10942958862684647,0.0,0.75,0.16123387892982463,18.0,2.9444389791664403,3.3989779490208742,2.9149465827433123,6.055555555555555
0.0,0.0,0.0,0.0,0.1,0.1,0.0,0.0,0.225,0.0,0.675,0.0,0.0,0.05,0.0,0.0,0.125,0.0,0.025,0.0,0.0,0.225,0.0,0.0,0.0,0.0,0.0,0.0,0.0,0.0,0.0,0.0,0.0,0.0,0.0,0.0,0.0,0.0,0.0,0.0,0.0,0.0,0.0,0.0,0.1,0.0,0.0,0.0,0.0,0.0,0.0,0.0,0.0,0.0,0.0,0.0,0.0,0.025,0.0,0.125,0.14759335746730703,0.0,1.0,0.2008473257801468,40.0,3.713572066704308,3.579925030093846,2.249305448355114,5.875
0.0,0.0,0.0,0.0,0.6,1.0,0.0,0.0,0.0,0.0,0.0,0.0,0.0,0.0,0.0,0.0,0.2,0.0,0.0,0.0,0.0,0.0,0.0,0.0,0.0,0.0,0.0,0.0,0.0,0.0,0.0,0.0,0.0,0.0,0.0,0.0,0.0,0.0,0.0,0.0,0.0,0.0,0.0,0.0,0.2,0.0,0.0,0.0,0.0,0.0,0.0,0.0,0.0,0.0,0.0,0.0,0.0,0.0,0.0,0.0,0.16867337926161458,0.05405405405405406,0.5,0.12489723799071166,5.0,1.791759469228055,1.3709505944546687,10.237187113655782,12.0
0.1111111111111111,0.0,0.0,0.0,0.3333333333333333,0.2222222222222222,0.0,0.0,0.2222222222222222,0.0,0.5555555555555556,0.0,0.0,0.1111111111111111,0.0,0.0,0.0,0.0,0.2222222222222222,0.0,0.0,0.0,0.0,0.0,0.0,0.0,0.0,0.0,0.0,0.0,0.0,0.0,0.0,0.0,0.0,0.0,0.0,0.5555555555555556,0.0,0.0,0.0,0.0,0.0,0.0,0.3333333333333333,0.0,0.0,0.0,0.0,0.0,0.0,0.0,0.0,0.0,0.0,0.0,0.0,0.0,0.0,0.0,0.17070197953084393,0.0,0.5384615384615384,0.1370319026197019,9.0,2.302585092994046,4.149904897934992,5.734883511361751,12.0
0.4444444444444444,0.0,0.0,0.0,0.6666666666666666,0.7777777777777778,0.0,0.0,0.0,0.0,0.2222222222222222,0.0,0.0,0.0,0.0,0.0,0.0,0.0,0.0,0.0,0.0,0.1111111111111111,0.0,0.0,0.0,0.0,0.0,0.0,0.0,0.0,0.0,0.0,0.0,0.0,0.0,0.0,0.0,0.0,0.0,0.0,0.0,0.0,0.0,0.0,0.0,0.0,0.0,0.0,0.0,0.0,0.0,0.0,0.0,0.0,0.0,0.0,0.0,0.0,0.0,0.0,0.2268371289204623,0.0,0.75,0.20469139497857683,9.0,2.302585092994046,2.0263600633462313,2.3147407395555177,4.555555555555555
0.009404388714733543,0.0,0.0,0.0,0.09404388714733543,0.3573667711598746,0.0,0.012539184952978056,0.009404388714733543,0.0,0.07836990595611286,0.0,0.3072100313479624,0.009404388714733543,0.28213166144200624,0.0,0.034482758620689655,0.0,0.025078369905956112,0.23824451410658307,0.0,0.0219435736677116,0.018808777429467086,0.0,0.003134796238244514,0.0,0.0,0.0,0.0,0.0,0.025078369905956112,0.0,0.0,0.0,0.0,0.04075235109717868,0.0,0.009404388714733543,0.006269592476489028,0.0877742946708464,0.0,0.0877742946708464,0.0,0.0,0.5611285266457681,0.18495297805642633,0.0,0.0,0.0,0.0,0.0,0.0,0.0,0.0,0.0,0.0,0.0,0.0,0.003134796238244514,0.012539184952978056,0.10931767116451596,0.0,0.7777777777777778,0.14466529154734464,319.0,5.768320995793772,5.5654081803723265,6.171793648626467,8.921630094043888
0.0,0.0,0.0,0.0,0.3333333333333333,0.5,0.0,0.0,0.16666666666666666,0.0,0.6666666666666666,0.0,0.0,0.0,0.0,0.0,0.0,0.0,0.0,0.0,0.0,0.0,0.0,0.0,0.0,0.0,0.0,0.0,0.0,0.0,0.0,0.0,0.16666666666666666,0.0,0.0,0.0,0.0,0.16666666666666666,0.0,0.0,0.0,0.0,0.0,0.0,0.3333333333333333,0.0,0.0,0.0,0.0,0.0,0.0,0.0,0.0,0.0,0.0,0.0,0.0,0.0,0.0,0.0,0.10742183742183742,0.0,0.42857142857142855,0.11999512993518786,6.0,1.9459101490553132,3.239097917988787,1.9148542155126762,5.0
0.0,0.0,0.0,0.0,0.5714285714285714,0.5714285714285714,0.0,0.0,0.0,0.0,0.2857142857142857,0.0,0.0,0.0,0.0,0.0,0.14285714285714285,0.0,0.0,0.0,0.0,0.0,0.0,0.0,0.0,0.0,0.0,0.0,0.0,0.0,0.0,0.0,0.0,0.0,0.0,0.0,0.0,0.0,0.0,0.0,0.0,0.0,0.0,0.0,0.14285714285714285,0.0,0.0,0.0,0.0,0.0,0.0,0.0,0.0,0.0,0.0,0.0,0.0,0.0,0.0,0.0,0.11663183819309426,0.0,0.6666666666666666,0.17834582179449526,7.0,2.0794415416798357,2.2411798663844644,9.00566714998542,10.571428571428571
0.0,0.0,0.0,0.0,0.0,0.0,0.0,0.0,0.0,0.0,0.15,0.0,0.0,0.0,0.0,0.0,0.1,0.0,0.25,0.0,0.0,0.0,0.05,0.0,0.0,0.0,0.0,0.0,0.0,0.0,0.0,0.0,0.0,0.0,0.0,0.1,0.0,0.0,0.3,0.0,0.0,0.0,0.0,0.0,0.0,0.0,0.0,0.0,0.0,0.0,0.0,0.0,0.0,0.0,0.0,0.0,0.0,0.0,0.0,0.0,0.263892398451222,0.0,1.0,0.232306899676117,20.0,3.044522437723423,2.3121165410966333,2.1424285285628546,5.1
0.0,0.0,0.0,0.0,0.6,0.0,0.0,0.0,0.0,0.0,0.2,0.0,0.0,0.0,0.0,0.0,0.2,0.0,0.0,0.0,0.0,0.0,0.0,0.0,0.0,0.0,0.0,0.0,0.0,0.0,0.0,0.0,0.0,0.0,0.0,0.0,0.0,0.0,0.0,0.0,0.0,0.0,0.0,0.0,0.4,0.0,0.0,0.0,0.0,0.0,0.0,0.0,0.0,0.0,0.0,0.0,0.0,0.0,0.4,0.0,0.1905234471410942,0.06666666666666667,0.6666666666666666,0.16681855654197406,5.0,1.791759469228055,2.4284930703645586,2.3151673805580453,6.8
0.2222222222222222,0.0,0.0,0.0,0.7777777777777778,0.3333333333333333,0.0,0.0,0.0,0.0,0.2222222222222222,0.0,0.0,0.0,0.0,0.0,0.0,0.0,0.0,0.0,0.0,0.1111111111111111,0.0,0.0,0.0,0.0,0.0,0.0,0.0,0.0,0.0,0.0,0.0,0.0,0.0,0.0,0.0,0.0,0.0,0.0,0.0,0.0,0.0,0.0,0.0,0.0,0.0,0.0,0.0,0.0,0.0,0.0,0.0,0.0,0.0,0.0,0.0,0.0,0.0,0.0,0.19594649177982512,0.0,0.6,0.1662188523615075,9.0,2.302585092994046,2.1269447850075545,2.249828525701843,4.777777777777778
0.0,0.0,0.0,0.0,0.047619047619047616,0.23809523809523808,0.0,0.0,0.0,0.0,0.5238095238095238,0.0,0.0,0.0,0.0,0.0,0.0,0.0,0.0,0.0,0.0,0.19047619047619047,0.0,0.0,0.0,0.0,0.0,0.0,0.0,0.0,0.0,0.8095238095238095,0.0,0.7142857142857143,0.0,0.0,0.0,0.0,0.0,0.0,0.6190476190476191,0.0,0.0,0.0,0.0,0.0,0.0,0.0,0.0,0.3333333333333333,0.0,0.0,0.0,0.0,0.0,0.0,0.0,0.0,0.0,0.0,0.24997079639936778,0.0,0.8,0.15903148264178088,21.0,3.091042453358316,3.1965883598943545,2.6658161909101725,5.809523809523809
0.0,0.0,0.0,0.0,0.0,0.0,0.0,0.0,0.0,0.0,0.13333333333333333,0.0,0.0,0.0,0.0,0.0,0.06666666666666667,0.0,0.06666666666666667,0.0,0.0,0.6,0.0,0.0,0.0,0.0,0.0,0.0,0.0,0.0,0.0,0.0,0.0,0.06666666666666667,0.0,0.0,0.0,0.0,0.0,0.0,0.0,0.0,0.0,0.0,0.0,0.0,0.0,0.0,0.0,0.0,0.0,0.0,0.0,0.0,0.0,0.0,0.0,0.0,0.0,0.2,0.10298306191163334,0.0,1.0,0.1345102864152048,15.0,2.772588722239781,2.0755285073467027,1.8547236990991407,5.4
0.01694915254237288,0.0,0.0,0.0,0.5932203389830508,0.6271186440677966,0.0,0.0,0.11864406779661017,0.0,0.3898305084745763,0.0,0.0,0.01694915254237288,0.0,0.0,0.06779661016949153,0.0,0.03389830508474576,0.0,0.0,0.01694915254237288,0.0,0.0,0.0,0.0,0.0,0.0,0.0,0.0,0.0,0.0,0.0,0.0,0.0,0.03389830508474576,0.0,0.03389830508474576,0.01694915254237288,0.0,0.0,0.0,0.0,0.0,0.11864406779661017,0.01694915254237288,0.0,0.0,0.0,0.01694915254237288,0.0,0.0,0.0,0.0,0.0,0.0,0.0,0.0,0.05084745762711865,0.0,0.11357725452263268,0.0,0.8,0.12324033587593836,59.0,4.0943445622221,3.705149979604907,3.0054054528840566,6.864406779661017
0.09090909090909091,0.0,0.0,0.0,0.13636363636363635,0.6363636363636364,0.0,0.0,0.09090909090909091,0.0,0.2727272727272727,0.0,0.0,0.0,0.0,0.0,0.045454545454545456,0.0,0.0,0.0,0.0,0.13636363636363635,0.0,0.0,0.0,0.0,0.045454545454545456,0.0,0.0,0.0,0.0,0.0,0.0,0.0,0.0,0.0,0.0,0.0,0.0,0.0,0.0,0.0,0.09090909090909091,0.0,0.13636363636363635,0.13636363636363635,0.0,0.0,0.0,0.0,0.0,0.0,0.0,0.0,0.0,0.0,0.0,0.0,0.0,0.0,0.11216715167679535,0.0,1.0,0.18006574791368027,22.0,3.1354942159291497,3.8429532192593014,3.8785807236348795,4.954545454545454
0.3333333333333333,0.0,0.0,0.0,0.6666666666666666,0.5,0.0,0.0,0.0,0.0,0.16666666666666666,0.0,0.0,0.0,0.0,0.0,0.0,0.0,0.0,0.0,0.0,0.0,0.0,0.0,0.0,0.0,0.0,0.0,0.0,0.0,0.0,0.0,0.0,0.0,0.0,0.0,0.0,0.0,0.0,0.0,0.0,0.0,0.0,0.0,0.16666666666666666,0.0,0.0,0.0,0.0,0.0,0.0,0.0,0.0,0.0,0.0,0.0,0.0,0.0,0.0,0.0,0.16607835519600225,0.0,0.6,0.1760746153784453,6.0,1.9459101490553132,2.2799500009615414,2.449489742783178,7.0
0.07142857142857142,0.07142857142857142,0.07142857142857142,0.07142857142857142,0.2857142857142857,0.35714285714285715,0.07142857142857142,0.07142857142857142,0.07142857142857142,0.0,0.42857142857142855,0.07142857142857142,0.0,0.07142857142857142,0.0,0.0,0.07142857142857142,0.0,0.14285714285714285,0.0,0.0,0.14285714285714285,0.14285714285714285,0.07142857142857142,0.0,0.0,0.0,0.0,0.0,0.0,0.0,0.0,0.07142857142857142,0.0,0.0,0.14285714285714285,0.0,0.0,0.0,0.0,0.0,0.0,0.0,0.0,0.14285714285714285,0.0,0.0,0.0,0.0,0.0,0.0,0.0,0.0,0.0,0.0,0.0,0.0,0.0,0.07142857142857142,0.07142857142857142,0.03327212083931371,0.0,0.2,0.05024129874221477,14.0,2.70805020110221,7.383387605820202,3.537697856297083,7.642857142857143
0.034482758620689655,0.034482758620689655,0.034482758620689655,0.034482758620689655,0.20689655172413793,0.3793103448275862,0.0,0.0,0.06896551724137931,0.0,0.20689655172413793,0.034482758620689655,0.034482758620689655,0.0,0.034482758620689655,0.0,0.034482758620689655,0.034482758620689655,0.0,0.034482758620689655,0.0,0.034482758620689655,0.034482758620689655,0.0,0.0,0.0,0.0,0.0,0.0,0.0,0.0,0.0,0.06896551724137931,0.034482758620689655,0.0,0.06896551724137931,0.0,0.0,0.034482758620689655,0.0,0.0,0.0,0.0,0.0,0.2413793103448276,0.0,0.034482758620689655,0.0,0.034482758620689655,0.0,0.0,0.0,0.0,0.0,0.0,0.0,0.0,0.0,0.0,0.034482758620689655,0.05592226413323274,0.0,0.3333333333333333,0.07350180654329798,29.0,3.4011973816621555,5.612007257713584,2.927584176109121,6.655172413793103
0.07142857142857142,0.14285714285714285,0.14285714285714285,0.14285714285714285,0.17857142857142858,0.2857142857142857,0.07142857142857142,0.0,0.07142857142857142,0.0,0.32142857142857145,0.03571428571428571,0.03571428571428571,0.0,0.03571428571428571,0.0,0.03571428571428571,0.0,0.0,0.03571428571428571,0.0,0.07142857142857142,0.07142857142857142,0.0,0.0,0.0,0.0,0.0,0.0,0.0,0.0,0.0,0.0,0.0,0.0,0.0,0.0,0.0,0.0,0.0,0.0,0.0,0.03571428571428571,0.0,0.32142857142857145,0.03571428571428571,0.0,0.0,0.03571428571428571,0.0,0.0,0.03571428571428571,0.0,0.0,0.0,0.0,0.0,0.0,0.0,0.0,0.043031621124103844,0.0,1.0,0.11124794938818608,28.0,3.367295829986474,6.120989809541894,4.5079295215684745,6.5
0.06666666666666667,0.03333333333333333,0.0,0.0,0.13333333333333333,0.36666666666666664,0.03333333333333333,0.03333333333333333,0.1,0.0,0.16666666666666666,0.06666666666666667,0.03333333333333333,0.06666666666666667,0.03333333333333333,0.0,0.13333333333333333,0.0,0.1,0.03333333333333333,0.03333333333333333,0.1,0.06666666666666667,0.0,0.0,0.0,0.0,0.0,0.0,0.0,0.0,0.0,0.1,0.0,0.0,0.16666666666666666,0.0,0.0,0.03333333333333333,0.03333333333333333,0.0,0.03333333333333333,0.0,0.0,0.3,0.0,0.0,0.03333333333333333,0.06666666666666667,0.0,0.0,0.03333333333333333,0.03333333333333333,0.0,0.0,0.0,0.0,0.0,0.0,0.0,0.04712287705350606,0.0,0.5,0.07457056630419633,30.0,3.4339872044851463,7.44603699013011,4.1063636251825315,7.266666666666667
0.0,0.12,0.08,0.08,0.24,0.28,0.08,0.04,0.04,0.0,0.16,0.04,0.0,0.0,0.0,0.04,0.08,0.04,0.04,0.0,0.0,0.08,0.04,0.0,0.0,0.0,0.0,0.0,0.0,0.0,0.0,0.0,0.0,0.04,0.0,0.12,0.0,0.0,0.08,0.04,0.0,0.04,0.04,0.0,0.28,0.04,0.0,0.04,0.04,0.0,0.0,0.0,0.0,0.0,0.0,0.0,0.04,0.0,0.04,0.04,0.026598055352112092,0.0,0.21052631578947367,0.046353316843172516,25.0,3.258096538021482,7.586599851169936,3.688685402687521,6.56
0.0,0.0,0.0,0.0,0.0,0.2,0.0,0.0,0.0,0.0,0.0,0.0,0.0,0.0,0.0,0.0,0.0,0.0,0.0,0.0,0.0,0.2,0.0,0.0,0.0,0.0,0.0,0.0,0.0,0.0,0.0,0.0,0.0,0.0,0.0,0.0,0.0,0.0,0.0,0.0,0.0,0.0,0.0,0.0,0.0,0.0,0.0,0.0,0.0,0.0,0.0,0.0,0.0,0.0,0.0,0.0,0.0,0.2,0.0,0.2,0.016408668730650156,0.0,0.058823529411764705,0.02511559221344529,5.0,1.791759469228055,1.8575424759098897,2.939387691339814,7.4
0.0,0.2,0.1,0.1,0.1,0.5,0.2,0.0,0.0,0.1,0.1,0.1,0.0,0.1,0.0,0.0,0.0,0.0,0.0,0.0,0.0,0.0,0.2,0.0,0.0,0.0,0.0,0.0,0.1,0.0,0.0,0.0,0.0,0.0,0.0,0.1,0.0,0.0,0.0,0.0,0.0,0.0,0.0,0.0,0.2,0.0,0.0,0.0,0.0,0.0,0.0,0.0,0.0,0.0,0.0,0.0,0.0,0.0,0.0,0.0,0.049655650697962364,0.0,0.2727272727272727,0.059024362121859755,10.0,2.3978952727983707,5.347277761308517,2.343074902771996,6.9
0.07142857142857142,0.10714285714285714,0.10714285714285714,0.10714285714285714,0.14285714285714285,0.21428571428571427,0.03571428571428571,0.03571428571428571,0.07142857142857142,0.03571428571428571,0.32142857142857145,0.0,0.07142857142857142,0.0,0.03571428571428571,0.0,0.10714285714285714,0.0,0.07142857142857142,0.07142857142857142,0.03571428571428571,0.03571428571428571,0.07142857142857142,0.0,0.0,0.0,0.0,0.0,0.03571428571428571,0.0,0.0,0.0,0.07142857142857142,0.0,0.0,0.0,0.0,0.07142857142857142,0.0,0.0,0.0,0.0,0.0,0.0,0.10714285714285714,0.03571428571428571,0.0,0.0,0.0,0.0,0.0,0.0,0.03571428571428571,0.0,0.0,0.0,0.0,0.0,0.03571428571428571,0.0,0.03410525156794603,0.0,0.25,0.06109747044056516,28.0,3.367295829986474,7.022419921261827,3.9821028185046727,7.0
0.125,0.125,0.125,0.125,0.375,0.0625,0.0,0.0,0.0,0.0,0.25,0.0,0.0,0.0,0.0,0.0,0.0625,0.0625,0.125,0.0,0.0,0.0625,0.0625,0.0,0.0,0.0,0.0,0.0,0.0,0.0,0.0,0.0,0.0,0.0625,0.0,0.125,0.0,0.125,0.0625,0.0,0.0,0.0,0.0,0.0,0.3125,0.0,0.0,0.0,0.0,0.0625,0.0,0.0,0.0,0.0,0.0,0.0,0.0,0.0,0.0,0.0,0.040330208678204624,0.0,1.0,0.10592864149850031,16.0,2.833213344056216,6.180036532577265,4.924428900898052,7.5
0.07142857142857142,0.07142857142857142,0.07142857142857142,0.07142857142857142,0.14285714285714285,0.2857142857142857,0.07142857142857142,0.07142857142857142,0.0,0.0,0.35714285714285715,0.0,0.07142857142857142,0.0,0.07142857142857142,0.0,0.0,0.0,0.14285714285714285,0.0,0.0,0.0,0.07142857142857142,0.0,0.0,0.0,0.0,0.0,0.0,0.0,0.07142857142857142,0.0,0.07142857142857142,0.0,0.0,0.07142857142857142,0.0,0.0,0.07142857142857142,0.0,0.0,0.0,0.0,0.0,0.21428571428571427,0.0,0.0,0.0,0.0,0.0,0.0,0.0,0.0,0.0,0.0,0.0,0.0,0.0,0.0,0.0,0.03404479837420586,0.0,0.25,0.05397754220716658,14.0,2.70805020110221,5.860626054505017,7.036711314417338,7.357142857142857
0.10526315789473684,0.15789473684210525,0.10526315789473684,0.10526315789473684,0.05263157894736842,0.10526315789473684,0.05263157894736842,0.0,0.05263157894736842,0.0,0.3157894736842105,0.0,0.05263157894736842,0.0,0.05263157894736842,0.0,0.10526315789473684,0.0,0.0,0.05263157894736842,0.0,0.0,0.05263157894736842,0.0,0.0,0.0,0.0,0.0,0.0,0.0,0.0,0.0,0.05263157894736842,0.0,0.05263157894736842,0.05263157894736842,0.0,0.0,0.0,0.0,0.0,0.0,0.0,0.0,0.2631578947368421,0.0,0.0,0.05263157894736842,0.15789473684210525,0.0,0.0,0.0,0.0,0.0,0.0,0.0,0.0,0.0,0.0,0.0,0.03291946451831458,0.0,1.0,0.10385115064362159,19.0,2.995732273553991,6.041687106724504,4.266080869296725,6.105263157894737
0.04,0.12,0.08,0.08,0.08,0.28,0.08,0.0,0.0,0.08,0.12,0.0,0.04,0.0,0.08,0.04,0.12,0.0,0.04,0.04,0.0,0.04,0.16,0.0,0.0,0.0,0.0,0.0,0.04,0.0,0.04,0.08,0.08,0.12,0.0,0.08,0.0,0.0,0.04,0.0,0.04,0.0,0.0,0.0,0.44,0.04,0.0,0.0,0.0,0.0,0.0,0.0,0.0,0.0,0.0,0.0,0.0,0.0,0.04,0.0,0.049334111001139824,0.0,1.0,0.10665661174585447,25.0,3.258096538021482,7.7792805551006,3.561123418248797,7.28
0.043478260869565216,0.21739130434782608,0.21739130434782608,0.21739130434782608,0.2608695652173913,0.08695652173913043,0.043478260869565216,0.0,0.043478260869565216,0.0,0.17391304347826086,0.0,0.043478260869565216,0.0,0.043478260869565216,0.0,0.0,0.043478260869565216,0.0,0.0,0.0,0.0,0.08695652173913043,0.0,0.0,0.0,0.0,0.0,0.0,0.0,0.0,0.0,0.043478260869565216,0.043478260869565216,0.08695652173913043,0.0,0.0,0.0,0.0,0.043478260869565216,0.0,0.043478260869565216,0.0,0.0,0.08695652173913043,0.0,0.043478260869565216,0.0,0.0,0.0,0.0,0.0,0.0,0.0,0.043478260869565216,0.0,0.0,0.0,0.0,0.08695652173913043,0.02498648467688715,0.0,0.21428571428571427,0.04696528291734728,23.0,3.1780538303479458,6.272552848132269,4.099887037956968,7.130434782608695
0.1111111111111111,0.16666666666666666,0.16666666666666666,0.16666666666666666,0.1111111111111111,0.16666666666666666,0.0,0.0,0.0,0.0,0.16666666666666666,0.0,0.0,0.0,0.0,0.0,0.0,0.0,0.0,0.0,0.0,0.05555555555555555,0.0,0.0,0.0,0.0,0.05555555555555555,0.0,0.0,0.0,0.0,0.0,0.0,0.0,0.0,0.05555555555555555,0.0,0.0,0.05555555555555555,0.0,0.0,0.0,0.0,0.0,0.05555555555555555,0.0,0.0,0.0,0.0,0.0,0.0,0.0,0.0,0.0,0.0,0.0,0.0,0.0,0.0,0.0,0.039684918256346825,0.0,1.0,0.11140741563340566,18.0,2.9444389791664403,4.016875695766563,2.650995620097811,5.5
0.125,0.25,0.25,0.25,0.0,0.375,0.0,0.0,0.0,0.0,0.375,0.0,0.125,0.0,0.125,0.0,0.125,0.0,0.0,0.0,0.0,0.125,0.0,0.0,0.0,0.0,0.0,0.0,0.0,0.0,0.0,0.0,0.0,0.0,0.0,0.0,0.0,0.0,0.0,0.0,0.0,0.0,0.125,0.0,0.25,0.0,0.0,0.0,0.125,0.0,0.0,0.0,0.0,0.0,0.0,0.0,0.0,0.0,0.0,0.0,0.060886827226930194,0.0,1.0,0.18722525975299975,8.0,2.1972245773362196,5.6862781244591325,4.741769184597665,6.625
0.08333333333333333,0.041666666666666664,0.041666666666666664,0.041666666666666664,0.125,0.3333333333333333,0.0,0.0,0.0,0.0,0.08333333333333333,0.0,0.0,0.041666666666666664,0.0,0.0,0.0,0.0,0.125,0.0,0.0,0.125,0.08333333333333333,0.0,0.0,0.0,0.0,0.0,0.0,0.0,0.041666666666666664,0.0,0.041666666666666664,0.041666666666666664,0.08333333333333333,0.08333333333333333,0.0,0.0,0.041666666666666664,0.0,0.0,0.0,0.0,0.0,0.20833333333333334,0.0,0.08333333333333333,0.041666666666666664,0.0,0.0,0.0,0.0,0.0,0.0,0.08333333333333333,0.0,0.0,0.0,0.0,0.041666666666666664,0.030410902912163546,0.0,0.2222222222222222,0.043025252768675394,24.0,3.2188758248682006,6.126415502176915,4.33793825835884,7.375
0.0,0.0,0.0,0.0,0.375,0.25,0.125,0.0,0.0,0.0,0.125,0.125,0.0,0.0,0.125,0.0,0.0,0.0,0.0,0.0,0.0,0.25,0.0,0.0,0.0,0.0,0.0,0.0,0.0,0.0,0.125,0.0,0.0,0.125,0.0,0.25,0.0,0.0,0.0,0.0,0.0,0.0,0.0,0.0,0.375,0.25,0.0,0.125,0.0,0.0,0.0,0.0,0.0,0.0,0.0,0.0,0.0,0.0,0.0,0.0,0.033839801266302524,0.0,0.13333333333333333,0.044633642248729566,8.0,2.1972245773362196,5.6862781244591325,4.3857011982122085,9.375
0.0,0.0,0.0,0.0,0.14285714285714285,0.42857142857142855,0.14285714285714285,0.14285714285714285,0.0,0.0,0.2857142857142857,0.0,0.0,0.0,0.0,0.0,0.0,0.0,0.0,0.0,0.0,0.0,0.0,0.0,0.0,0.0,0.0,0.0,0.0,0.0,0.0,0.14285714285714285,0.0,0.0,0.0,0.0,0.0,0.0,0.0,0.0,0.14285714285714285,0.0,0.0,0.0,0.2857142857142857,0.0,0.0,0.0,0.0,0.14285714285714285,0.0,0.0,0.0,0.0,0.0,0.0,0.0,0.0,0.0,0.0,0.028700796557939414,0.0,0.13333333333333333,0.041262323188590994,7.0,2.0794415416798357,3.9629609263693406,3.989782869648269,8.285714285714286
0.0,0.13333333333333333,0.06666666666666667,0.06666666666666667,0.06666666666666667,0.4666666666666667,0.06666666666666667,0.0,0.0,0.0,0.13333333333333333,0.0,0.0,0.06666666666666667,0.0,0.0,0.13333333333333333,0.0,0.0,0.0,0.0,0.06666666666666667,0.06666666666666667,0.0,0.0,0.0,0.06666666666666667,0.0,0.0,0.0,0.0,0.0,0.0,0.0,0.0,0.0,0.0,0.0,0.0,0.0,0.0,0.0,0.0,0.0,0.2,0.0,0.0,0.06666666666666667,0.2,0.0,0.0,0.06666666666666667,0.0,0.0,0.0,0.0,0.0,0.0,0.0,0.0,0.049944684944684944,0.0,0.3,0.07684277247848759,15.0,2.772588722239781,5.209237854261125,1.6275407487644937,4.466666666666667
0.0,0.14285714285714285,0.14285714285714285,0.14285714285714285,0.2857142857142857,0.0,0.0,0.0,0.14285714285714285,0.0,0.2857142857142857,0.0,0.0,0.14285714285714285,0.0,0.0,0.14285714285714285,0.14285714285714285,0.0,0.0,0.0,0.0,0.0,0.0,0.0,0.0,0.0,0.0,0.0,0.0,0.0,0.0,0.0,0.14285714285714285,0.0,0.0,0.0,0.0,0.0,0.0,0.0,0.0,0.0,0.0,0.0,0.14285714285714285,0.0,0.0,0.0,0.0,0.0,0.0,0.0,0.0,0.0,0.14285714285714285,0.0,0.0,0.0,0.0,0.020024420024420026,0.0,0.1,0.036422284274661536,7.0,2.0794415416798357,5.043281272686636,1.8405855323893037,5.571428571428571
0.05,0.1,0.05,0.05,0.35,0.4,0.05,0.0,0.15,0.0,0.25,0.05,0.0,0.0,0.0,0.0,0.1,0.0,0.05,0.0,0.0,0.0,0.2,0.05,0.0,0.0,0.05,0.0,0.0,0.0,0.0,0.0,0.05,0.0,0.0,0.05,0.0,0.0,0.05,0.0,0.0,0.0,0.0,0.0,0.2,0.0,0.0,0.05,0.0,0.0,0.05,0.0,0.0,0.0,0.0,0.0,0.0,0.0,0.0,0.05,0.034785411006121855,0.0,0.36363636363636365,0.05640901108618241,20.0,3.044522437723423,6.5879232109238615,6.280724480503822,7.55
0.0,0.045454545454545456,0.045454545454545456,0.045454545454545456,0.13636363636363635,0.3181818181818182,0.0,0.0,0.13636363636363635,0.0,0.18181818181818182,0.0,0.0,0.0,0.0,0.045454545454545456,0.0,0.0,0.0,0.0,0.0,0.045454545454545456,0.09090909090909091,0.0,0.0,0.0,0.0,0.0,0.0,0.0,0.0,0.045454545454545456,0.0,0.045454545454545456,0.0,0.045454545454545456,0.0,0.0,0.09090909090909091,0.0,0.045454545454545456,0.0,0.0,0.0,0.18181818181818182,0.0,0.0,0.0,0.0,0.0,0.0,0.0,0.0,0.0,0.0,0.0,0.0,0.045454545454545456,0.0,0.045454545454545456,0.03425249353820782,0.0,1.0,0.10627472693703009,22.0,3.1354942159291497,5.062649036918751,3.5628941713209867,5.818181818181818
0.0625,0.25,0.25,0.25,0.125,0.1875,0.0,0.0,0.0,0.0,0.1875,0.0,0.0,0.0,0.0,0.0625,0.0625,0.0,0.0,0.0,0.0,0.0,0.0,0.0,0.0,0.0,0.0,0.0,0.0,0.0,0.0,0.0625,0.0625,0.0,0.0,0.0625,0.0,0.0,0.0625,0.0,0.0625,0.0,0.0,0.0,0.25,0.0,0.0,0.0,0.0,0.0,0.0,0.0,0.0,0.0,0.0,0.0625,0.0,0.0,0.0,0.0,0.04806727119752329,0.0,1.0,0.17006235568335462,16.0,2.833213344056216,5.530639062229566,2.554866679496212,5.1875
0.0,0.045454545454545456,0.0,0.0,0.18181818181818182,0.2727272727272727,0.13636363636363635,0.045454545454545456,0.0,0.045454545454545456,0.2727272727272727,0.045454545454545456,0.0,0.0,0.0,0.0,0.09090909090909091,0.0,0.045454545454545456,0.0,0.045454545454545456,0.045454545454545456,0.13636363636363635,0.0,0.0,0.045454545454545456,0.045454545454545456,0.045454545454545456,0.045454545454545456,0.0,0.0,0.0,0.045454545454545456,0.0,0.045454545454545456,0.0,0.045454545454545456,0.0,0.045454545454545456,0.0,0.0,0.0,0.09090909090909091,0.0,0.09090909090909091,0.0,0.045454545454545456,0.0,0.0,0.0,0.0,0.0,0.045454545454545456,0.0,0.045454545454545456,0.0,0.0,0.0,0.0,0.0,0.02974074613282928,0.0,0.2,0.049968651434578425,22.0,3.1354942159291497,6.845660429287948,2.718546646237396,6.136363636363637
0.0,0.08695652173913043,0.08695652173913043,0.08695652173913043,0.17391304347826086,0.2608695652173913,0.043478260869565216,0.0,0.13043478260869565,0.0,0.2608695652173913,0.0,0.0,0.0,0.0,0.0,0.13043478260869565,0.0,0.0,0.0,0.0,0.043478260869565216,0.0,0.0,0.0,0.0,0.0,0.0,0.0,0.0,0.0,0.0,0.0,0.0,0.043478260869565216,0.043478260869565216,0.0,0.0,0.0,0.0,0.0,0.0,0.0,0.0,0.08695652173913043,0.0,0.0,0.043478260869565216,0.0,0.0,0.0,0.0,0.0,0.0,0.0,0.0,0.0,0.0,0.043478260869565216,0.0,0.0381319141569031,0.0,1.0,0.10408159937521172,23.0,3.1780538303479458,4.622561104568332,3.195578230437036,6.304347826086956
0.0,0.0,0.0,0.0,0.0,0.3333333333333333,0.0,0.0,0.2222222222222222,0.0,0.2222222222222222,0.0,0.0,0.0,0.0,0.0,0.2222222222222222,0.0,0.0,0.0,0.0,0.0,0.0,0.0,0.0,0.0,0.0,0.0,0.0,0.0,0.0,0.0,0.1111111111111111,0.1111111111111111,0.1111111111111111,0.0,0.0,0.0,0.0,0.0,0.0,0.0,0.0,0.0,0.3333333333333333,0.1111111111111111,0.0,0.0,0.0,0.1111111111111111,0.0,0.0,0.0,0.0,0.0,0.0,0.0,0.0,0.0,0.0,0.02676222032022686,0.0,0.25,0.05712885909039209,9.0,2.302585092994046,4.264327780021375,4.871180048173994,8.222222222222221
0.1,0.06666666666666667,0.06666666666666667,0.06666666666666667,0.13333333333333333,0.36666666666666664,0.03333333333333333,0.0,0.03333333333333333,0.0,0.13333333333333333,0.03333333333333333,0.0,0.0,0.0,0.0,0.03333333333333333,0.0,0.03333333333333333,0.0,0.0,0.1,0.06666666666666667,0.0,0.0,0.03333333333333333,0.0,0.03333333333333333,0.0,0.0,0.0,0.0,0.06666666666666667,0.0,0.0,0.03333333333333333,0.03333333333333333,0.03333333333333333,0.03333333333333333,0.0,0.0,0.0,0.0,0.03333333333333333,0.3333333333333333,0.03333333333333333,0.0,0.0,0.0,0.0,0.03333333333333333,0.0,0.0,0.0,0.0,0.0,0.03333333333333333,0.0,0.0,0.03333333333333333,0.05116507746353089,0.0,1.0,0.10759267988469126,30.0,3.4339872044851463,6.417917419130294,4.402145941343709,7.566666666666666
0.05555555555555555,0.1111111111111111,0.1111111111111111,0.1111111111111111,0.2222222222222222,0.2777777777777778,0.1111111111111111,0.0,0.1111111111111111,0.05555555555555555,0.3333333333333333,0.0,0.0,0.0,0.0,0.05555555555555555,0.0,0.0,0.05555555555555555,0.0,0.0,0.0,0.05555555555555555,0.0,0.0,0.0,0.0,0.0,0.05555555555555555,0.0,0.0,0.0,0.0,0.0,0.0,0.0,0.0,0.0,0.16666666666666666,0.0,0.0,0.0,0.0,0.05555555555555555,0.0,0.0,0.05555555555555555,0.0,0.0,0.0,0.0,0.0,0.0,0.0,0.05555555555555555,0.0,0.0,0.0,0.0,0.0,0.03197138545435759,0.0,0.25,0.056251422329997317,18.0,2.9444389791664403,5.800717892913241,3.21694970928965,5.388888888888889
0.0,0.2857142857142857,0.14285714285714285,0.14285714285714285,0.14285714285714285,0.14285714285714285,0.14285714285714285,0.0,0.0,0.0,0.42857142857142855,0.0,0.0,0.0,0.0,0.0,0.0,0.0,0.0,0.0,0.0,0.0,0.14285714285714285,0.0,0.0,0.0,0.0,0.0,0.0,0.0,0.0,0.0,0.0,0.0,0.0,0.0,0.0,0.14285714285714285,0.0,0.0,0.0,0.0,0.0,0.0,0.0,0.14285714285714285,0.0,0.0,0.0,0.0,0.0,0.0,0.0,0.0,0.0,0.0,0.0,0.0,0.14285714285714285,0.0,0.03709372637944066,0.0,0.2,0.06882829118164198,7.0,2.0794415416798357,4.649725915234713,2.8642768079662027,4.714285714285714
0.11764705882352941,0.058823529411764705,0.058823529411764705,0.058823529411764705,0.11764705882352941,0.17647058823529413,0.0,0.058823529411764705,0.11764705882352941,0.0,0.35294117647058826,0.0,0.0,0.17647058823529413,0.0,0.0,0.0,0.0,0.0,0.0,0.0,0.0,0.058823529411764705,0.0,0.0,0.0,0.0,0.0,0.0,0.0,0.058823529411764705,0.0,0.0,0.058823529411764705,0.0,0.058823529411764705,0.0,0.0,0.0,0.0,0.0,0.0,0.058823529411764705,0.0,0.11764705882352941,0.058823529411764705,0.0,0.0,0.0,0.0,0.0,0.0,0.0,0.0,0.0,0.0,0.0,0.0,0.0,0.0,0.027861583802539128,0.0,0.18181818181818182,0.046653611672877876,17.0,2.8903717578961645,5.270843248756254,2.431056272914332,5.823529411764706
0.06666666666666667,0.06666666666666667,0.06666666666666667,0.06666666666666667,0.06666666666666667,0.3333333333333333,0.0,0.0,0.0,0.0,0.2,0.0,0.06666666666666667,0.2,0.06666666666666667,0.0,0.06666666666666667,0.0,0.2,0.06666666666666667,0.0,0.13333333333333333,0.13333333333333333,0.0,0.0,0.06666666666666667,0.0,0.06666666666666667,0.0,0.0,0.0,0.0,0.0,0.0,0.0,0.13333333333333333,0.06666666666666667,0.0,0.06666666666666667,0.0,0.0,0.0,0.0,0.0,0.26666666666666666,0.06666666666666667,0.0,0.06666666666666667,0.0,0.0,0.0,0.0,0.0,0.0,0.0,0.0,0.0,0.0,0.0,0.0,0.02648980671433863,0.0,0.2,0.04941810650339751,15.0,2.772588722239781,7.499628683187002,7.4910316749801265,8.133333333333333
0.0,0.12,0.12,0.12,0.2,0.32,0.04,0.04,0.0,0.0,0.24,0.04,0.0,0.08,0.04,0.0,0.04,0.0,0.0,0.0,0.0,0.04,0.04,0.0,0.0,0.04,0.0,0.04,0.0,0.0,0.0,0.0,0.0,0.04,0.0,0.0,0.04,0.0,0.04,0.0,0.0,0.0,0.0,0.0,0.16,0.0,0.0,0.0,0.0,0.0,0.0,0.0,0.0,0.0,0.0,0.0,0.0,0.04,0.0,0.0,0.03047221769335878,0.0,1.0,0.10724880453733149,25.0,3.258096538021482,5.7150865173663155,8.444074845712821,7.24
0.03571428571428571,0.10714285714285714,0.10714285714285714,0.10714285714285714,0.14285714285714285,0.32142857142857145,0.07142857142857142,0.03571428571428571,0.03571428571428571,0.03571428571428571,0.17857142857142858,0.03571428571428571,0.0,0.0,0.0,0.0,0.07142857142857142,0.0,0.0,0.0,0.0,0.10714285714285714,0.07142857142857142,0.0,0.0,0.03571428571428571,0.0,0.03571428571428571,0.03571428571428571,0.0,0.0,0.0,0.07142857142857142,0.07142857142857142,0.0,0.07142857142857142,0.03571428571428571,0.0,0.0,0.0,0.0,0.0,0.0,0.0,0.14285714285714285,0.03571428571428571,0.0,0.0,0.03571428571428571,0.0,0.0,0.0,0.0,0.0,0.0,0.0,0.0,0.0,0.0,0.0,0.03834424692480958,0.0,1.0,0.10830526138279464,28.0,3.367295829986474,6.673596966471856,4.187414330527874,6.035714285714286
0.0,0.2857142857142857,0.2857142857142857,0.2857142857142857,0.0,0.2857142857142857,0.0,0.0,0.0,0.0,0.0,0.0,0.0,0.0,0.0,0.0,0.0,0.0,0.14285714285714285,0.0,0.0,0.0,0.0,0.0,0.0,0.0,0.0,0.0,0.0,0.0,0.0,0.0,0.14285714285714285,0.0,0.0,0.0,0.0,0.0,0.0,0.0,0.0,0.0,0.0,0.0,0.0,0.0,0.0,0.0,0.0,0.0,0.0,0.0,0.0,0.0,0.0,0.0,0.0,0.0,0.14285714285714285,0.0,0.06659279873565588,0.0,1.0,0.21249207995618172,7.0,2.0794415416798357,3.2687005918048064,2.2677868380553634,5.0
0.04,0.08,0.08,0.08,0.12,0.12,0.0,0.0,0.0,0.0,0.36,0.0,0.0,0.0,0.0,0.0,0.08,0.0,0.12,0.0,0.0,0.04,0.0,0.0,0.0,0.0,0.0,0.0,0.0,0.0,0.0,0.0,0.0,0.0,0.0,0.04,0.0,0.0,0.04,0.0,0.0,0.0,0.0,0.0,0.12,0.0,0.0,0.04,0.0,0.0,0.0,0.0,0.0,0.0,0.0,0.0,0.0,0.0,0.0,0.04,0.03871974099417708,0.0,1.0,0.10964869357868971,25.0,3.258096538021482,4.279443664819226,3.6625674055230713,5.84
0.058823529411764705,0.058823529411764705,0.058823529411764705,0.058823529411764705,0.11764705882352941,0.23529411764705882,0.058823529411764705,0.0,0.11764705882352941,0.058823529411764705,0.29411764705882354,0.0,0.058823529411764705,0.0,0.058823529411764705,0.0,0.11764705882352941,0.0,0.11764705882352941,0.058823529411764705,0.0,0.11764705882352941,0.058823529411764705,0.0,0.0,0.0,0.0,0.0,0.0,0.0,0.0,0.0,0.0,0.058823529411764705,0.0,0.11764705882352941,0.0,0.0,0.058823529411764705,0.0,0.0,0.0,0.0,0.0,0.11764705882352941,0.058823529411764705,0.0,0.0,0.0,0.0,0.0,0.0,0.0,0.0,0.0,0.0,0.0,0.0,0.0,0.0,0.02666251560351669,0.0,0.16666666666666666,0.04292523478473492,17.0,2.8903717578961645,6.678765988857377,3.6932558005511207,7.647058823529412
0.06666666666666667,0.13333333333333333,0.13333333333333333,0.13333333333333333,0.1,0.13333333333333333,0.0,0.0,0.0,0.0,0.26666666666666666,0.0,0.0,0.0,0.0,0.0,0.03333333333333333,0.0,0.06666666666666667,0.0,0.0,0.03333333333333333,0.06666666666666667,0.0,0.0,0.0,0.0,0.0,0.0,0.0,0.0,0.0,0.03333333333333333,0.0,0.0,0.03333333333333333,0.0,0.0,0.03333333333333333,0.06666666666666667,0.0,0.06666666666666667,0.0,0.03333333333333333,0.23333333333333334,0.0,0.03333333333333333,0.0,0.03333333333333333,0.0,0.0,0.03333333333333333,0.0,0.0,0.0,0.0,0.0,0.0,0.0,0.03333333333333333,0.03494502891133854,0.0,1.0,0.10516920447531102,30.0,3.4339872044851463,5.818857340209777,3.60185137579736,6.4
0.1,0.05,0.05,0.05,0.35,0.4,0.0,0.0,0.05,0.0,0.25,0.0,0.0,0.0,0.0,0.0,0.05,0.0,0.0,0.0,0.0,0.2,0.0,0.0,0.0,0.0,0.0,0.0,0.0,0.0,0.0,0.05,0.05,0.05,0.0,0.05,0.0,0.0,0.0,0.05,0.05,0.05,0.05,0.0,0.15,0.0,0.0,0.0,0.0,0.0,0.0,0.0,0.0,0.0,0.0,0.0,0.05,0.0,0.0,0.1,0.04111112432541004,0.0,0.4,0.0685512942084899,20.0,3.044522437723423,6.1235375919463895,2.569046515733026,6.0
0.0,0.09523809523809523,0.09523809523809523,0.09523809523809523,0.09523809523809523,0.2857142857142857,0.0,0.0,0.047619047619047616,0.0,0.19047619047619047,0.0,0.047619047619047616,0.0,0.09523809523809523,0.0,0.09523809523809523,0.047619047619047616,0.0,0.0,0.047619047619047616,0.0,0.0,0.0,0.0,0.0,0.047619047619047616,0.0,0.0,0.0,0.0,0.0,0.0,0.047619047619047616,0.0,0.047619047619047616,0.0,0.0,0.0,0.047619047619047616,0.0,0.047619047619047616,0.0,0.0,0.19047619047619047,0.047619047619047616,0.0,0.0,0.0,0.0,0.0,0.0,0.047619047619047616,0.0,0.0,0.0,0.0,0.0,0.0,0.0,0.029253209741114283,0.0,0.3333333333333333,0.05959005195374795,21.0,3.091042453358316,5.666950935166057,4.019228161144608,6.809523809523809
0.1,0.0,0.0,0.0,0.2,0.5,0.0,0.0,0.0,0.0,0.1,0.0,0.0,0.1,0.0,0.0,0.0,0.0,0.0,0.0,0.0,0.2,0.0,0.0,0.0,0.0,0.0,0.0,0.0,0.0,0.0,0.0,0.1,0.2,0.0,0.0,0.0,0.0,0.1,0.0,0.0,0.0,0.0,0.0,0.2,0.0,0.0,0.0,0.0,0.0,0.0,0.0,0.0,0.0,0.0,0.0,0.0,0.0,0.0,0.0,0.05320932154265488,0.0,0.25,0.07187924888010537,10.0,2.3978952727983707,4.018506523353571,2.5377155080899043,5.4
0.125,0.0625,0.0,0.0,0.0625,0.25,0.0625,0.0,0.0,0.0,0.3125,0.0,0.0,0.0,0.0,0.0,0.0,0.0,0.0,0.0,0.0,0.0625,0.125,0.0,0.0,0.0,0.0,0.0,0.0,0.0,0.0,0.0,0.0625,0.0,0.0,0.0625,0.0,0.0625,0.0,0.0,0.0,0.0,0.0,0.0,0.1875,0.0,0.0,0.0,0.0,0.0,0.0,0.0,0.0,0.0,0.0,0.0,0.0,0.0,0.0625,0.0,0.04416522630808344,0.0,0.3333333333333333,0.07348674689777035,16.0,2.833213344056216,4.227217001462482,2.8256636388643286,5.875
0.0,0.2,0.13333333333333333,0.13333333333333333,0.06666666666666667,0.4,0.13333333333333333,0.06666666666666667,0.06666666666666667,0.06666666666666667,0.26666666666666666,0.06666666666666667,0.06666666666666667,0.0,0.06666666666666667,0.0,0.13333333333333333,0.0,0.0,0.06666666666666667,0.0,0.13333333333333333,0.2,0.0,0.0,0.0,0.0,0.0,0.0,0.0,0.0,0.06666666666666667,0.13333333333333333,0.13333333333333333,0.0,0.13333333333333333,0.0,0.0,0.06666666666666667,0.0,0.06666666666666667,0.0,0.0,0.0,0.2,0.0,0.06666666666666667,0.0,0.0,0.0,0.0,0.0,0.0,0.0,0.06666666666666667,0.0,0.0,0.0,0.0,0.0,0.04191970134673941,0.0,1.0,0.10507241260243652,15.0,2.772588722239781,8.917087405226106,5.813394495091103,8.933333333333334
0.0,0.1,0.1,0.1,0.15,0.35,0.05,0.0,0.0,0.0,0.15,0.05,0.0,0.05,0.0,0.0,0.1,0.0,0.1,0.0,0.0,0.0,0.05,0.0,0.0,0.05,0.0,0.05,0.0,0.0,0.05,0.0,0.0,0.05,0.0,0.05,0.05,0.0,0.05,0.0,0.0,0.0,0.05,0.0,0.15,0.0,0.0,0.0,0.0,0.0,0.0,0.05,0.0,0.0,0.0,0.0,0.0,0.0,0.0,0.0,0.023568743695899817,0.0,0.25,0.049578565675445635,20.0,3.044522437723423,6.231952436985675,3.650684867254362,6.15
0.0,0.11538461538461539,0.11538461538461539,0.11538461538461539,0.2692307692307692,0.2692307692307692,0.038461538461538464,0.038461538461538464,0.07692307692307693,0.038461538461538464,0.34615384615384615,0.0,0.0,0.038461538461538464,0.0,0.0,0.11538461538461539,0.0,0.07692307692307693,0.0,0.038461538461538464,0.0,0.15384615384615385,0.0,0.0,0.0,0.0,0.0,0.0,0.0,0.0,0.038461538461538464,0.07692307692307693,0.038461538461538464,0.0,0.07692307692307693,0.0,0.0,0.07692307692307693,0.0,0.038461538461538464,0.0,0.0,0.0,0.2692307692307692,0.038461538461538464,0.0,0.0,0.0,0.0,0.0,0.038461538461538464,0.038461538461538464,0.0,0.0,0.0,0.0,0.0,0.0,0.0,0.04438501906091133,0.0,1.0,0.10534960676146303,26.0,3.295836866004329,7.324082028100339,5.253344947373499,8.307692307692308
0.0,0.2,0.2,0.2,0.2,0.2,0.0,0.0,0.0,0.0,0.26666666666666666,0.0,0.0,0.0,0.0,0.0,0.06666666666666667,0.0,0.06666666666666667,0.0,0.0,0.0,0.0,0.0,0.0,0.0,0.0,0.0,0.0,0.0,0.0,0.0,0.13333333333333333,0.0,0.06666666666666667,0.06666666666666667,0.0,0.0,0.0,0.0,0.0,0.0,0.0,0.0,0.2,0.0,0.06666666666666667,0.0,0.0,0.0,0.0,0.0,0.0,0.0,0.0,0.0,0.0,0.0,0.06666666666666667,0.0,0.053402041399897286,0.0,1.0,0.16740536508214704,15.0,2.772588722239781,5.245159523684984,3.5112517552703175,7.733333333333333
0.1111111111111111,0.037037037037037035,0.037037037037037035,0.037037037037037035,0.14814814814814814,0.37037037037037035,0.037037037037037035,0.037037037037037035,0.0,0.0,0.2962962962962963,0.037037037037037035,0.0,0.037037037037037035,0.0,0.0,0.1111111111111111,0.0,0.0,0.0,0.0,0.037037037037037035,0.14814814814814814,0.0,0.0,0.0,0.0,0.0,0.0,0.0,0.0,0.0,0.037037037037037035,0.037037037037037035,0.1111111111111111,0.037037037037037035,0.0,0.0,0.037037037037037035,0.037037037037037035,0.0,0.037037037037037035,0.037037037037037035,0.0,0.25925925925925924,0.0,0.037037037037037035,0.0,0.0,0.0,0.0,0.0,0.0,0.0,0.0,0.0,0.0,0.0,0.0,0.0,0.04294385488215652,0.0,0.3333333333333333,0.0654054083169945,27.0,3.332204510175204,6.246223970952366,2.943920288775949,6.333333333333333
0.0,0.0,0.0,0.0,0.2,0.3,0.0,0.0,0.05,0.0,0.15,0.0,0.05,0.0,0.1,0.05,0.0,0.0,0.1,0.05,0.0,0.1,0.05,0.05,0.0,0.0,0.0,0.0,0.0,0.0,0.0,0.05,0.0,0.1,0.0,0.05,0.0,0.0,0.1,0.05,0.0,0.05,0.0,0.0,0.3,0.0,0.0,0.0,0.0,0.05,0.0,0.05,0.0,0.0,0.0,0.0,0.0,0.0,0.05,0.05,0.03362471101937415,0.0,0.2,0.04899122603370003,20.0,3.044522437723423,6.603423528466962,4.528796749689701,7.7
0.09090909090909091,0.0,0.0,0.0,0.09090909090909091,0.09090909090909091,0.09090909090909091,0.0,0.0,0.09090909090909091,0.09090909090909091,0.0,0.0,0.09090909090909091,0.0,0.0,0.0,0.0,0.0,0.0,0.0,0.0,0.0,0.0,0.0,0.0,0.0,0.0,0.09090909090909091,0.0,0.0,0.0,0.0,0.0,0.0,0.0,0.0,0.0,0.18181818181818182,0.0,0.0,0.0,0.0,0.0,0.0,0.0,0.0,0.0,0.09090909090909091,0.0,0.0,0.0,0.0,0.0,0.0,0.0,0.0,0.0,0.0,0.0,0.020353535353535356,0.0,0.2222222222222222,0.05250742704521602,11.0,2.4849066497880004,3.2776134368191157,1.4937887931959075,4.636363636363637
0.18181818181818182,0.0,0.0,0.0,0.09090909090909091,0.45454545454545453,0.0,0.0,0.0,0.0,0.09090909090909091,0.0,0.0,0.0,0.0,0.0,0.0,0.0,0.0,0.0,0.0,0.0,0.09090909090909091,0.0,0.0,0.0,0.0,0.0,0.0,0.0,0.0,0.09090909090909091,0.0,0.09090909090909091,0.0,0.0,0.0,0.0,0.0,0.0,0.09090909090909091,0.0,0.0,0.0,0.18181818181818182,0.0,0.0,0.0,0.0,0.09090909090909091,0.0,0.0,0.0,0.0,0.0,0.0,0.0,0.0,0.0,0.0,0.042087490643640375,0.0,0.25,0.07052610485122382,11.0,2.4849066497880004,3.6128423112509043,2.5389527352307164,4.909090909090909
0.0,0.25,0.25,0.25,0.375,0.375,0.125,0.125,0.0,0.0,0.125,0.125,0.0,0.125,0.0,0.0,0.0,0.0,0.0,0.0,0.0,0.0,0.125,0.0,0.0,0.0,0.0,0.0,0.0,0.0,0.125,0.0,0.0,0.0,0.0,0.0,0.0,0.125,0.0,0.0,0.0,0.0,0.0,0.0,0.125,0.0,0.0,0.0,0.0,0.0,0.0,0.0,0.0,0.0,0.0,0.0,0.0,0.0,0.0,0.0,0.0658420266033048,0.0,1.0,0.1884503548502059,8.0,2.1972245773362196,5.9362781244591325,3.7416573867739413,6.5
0.0,0.09090909090909091,0.09090909090909091,0.09090909090909091,0.09090909090909091,0.22727272727272727,0.045454545454545456,0.045454545454545456,0.09090909090909091,0.0,0.22727272727272727,0.045454545454545456,0.0,0.0,0.0,0.0,0.0,0.045454545454545456,0.0,0.0,0.0,0.09090909090909091,0.09090909090909091,0.0,0.0,0.0,0.0,0.0,0.0,0.0,0.045454545454545456,0.0,0.045454545454545456,0.09090909090909091,0.0,0.0,0.045454545454545456,0.0,0.0,0.0,0.0,0.0,0.0,0.0,0.045454545454545456,0.045454545454545456,0.0,0.0,0.045454545454545456,0.0,0.0,0.0,0.0,0.0,0.0,0.0,0.0,0.0,0.0,0.045454545454545456,0.046085105370819654,0.0,1.0,0.12986831854926567,22.0,3.1354942159291497,5.717258588213925,2.5857204824232527,5.363636363636363
0.0,0.16,0.16,0.16,0.2,0.24,0.04,0.08,0.12,0.04,0.2,0.0,0.04,0.0,0.04,0.04,0.08,0.0,0.08,0.04,0.0,0.04,0.08,0.0,0.0,0.0,0.0,0.0,0.0,0.0,0.0,0.0,0.04,0.0,0.0,0.12,0.0,0.0,0.04,0.0,0.0,0.0,0.0,0.0,0.36,0.04,0.0,0.0,0.04,0.0,0.0,0.04,0.0,0.0,0.0,0.0,0.0,0.0,0.0,0.0,0.05438325317833681,0.0,1.0,0.16854506165258767,25.0,3.258096538021482,7.3517913594119735,4.907137658554118,7.6
0.0,0.03333333333333333,0.03333333333333333,0.03333333333333333,0.23333333333333334,0.3,0.03333333333333333,0.06666666666666667,0.06666666666666667,0.03333333333333333,0.3333333333333333,0.0,0.06666666666666667,0.0,0.1,0.03333333333333333,0.2,0.0,0.06666666666666667,0.06666666666666667,0.06666666666666667,0.0,0.13333333333333333,0.0,0.0,0.0,0.03333333333333333,0.0,0.0,0.0,0.0,0.0,0.1,0.0,0.0,0.03333333333333333,0.0,0.0,0.0,0.0,0.0,0.0,0.0,0.0,0.16666666666666666,0.0,0.0,0.03333333333333333,0.0,0.0,0.03333333333333333,0.03333333333333333,0.1,0.0,0.0,0.0,0.0,0.0,0.0,0.0,0.04430289131969804,0.0,0.3333333333333333,0.06827355811420098,30.0,3.4339872044851463,7.180628169263668,3.19739477283199,6.1
0.0,0.047619047619047616,0.047619047619047616,0.047619047619047616,0.19047619047619047,0.19047619047619047,0.0,0.0,0.09523809523809523,0.0,0.19047619047619047,0.0,0.09523809523809523,0.0,0.09523809523809523,0.0,0.047619047619047616,0.0,0.0,0.09523809523809523,0.0,0.047619047619047616,0.047619047619047616,0.047619047619047616,0.0,0.0,0.0,0.0,0.0,0.0,0.047619047619047616,0.0,0.047619047619047616,0.047619047619047616,0.047619047619047616,0.047619047619047616,0.0,0.0,0.0,0.0,0.0,0.0,0.0,0.047619047619047616,0.3333333333333333,0.047619047619047616,0.047619047619047616,0.0,0.047619047619047616,0.0,0.0,0.0,0.0,0.0,0.047619047619047616,0.0,0.0,0.09523809523809523,0.0,0.047619047619047616,0.02019036068090234,0.0,0.2,0.03703386170267566,21.0,3.091042453358316,7.275592115057072,8.197671258287741,9.476190476190476
0.047619047619047616,0.0,0.0,0.0,0.23809523809523808,0.5238095238095238,0.09523809523809523,0.09523809523809523,0.09523809523809523,0.047619047619047616,0.23809523809523808,0.047619047619047616,0.0,0.0,0.0,0.047619047619047616,0.047619047619047616,0.0,0.09523809523809523,0.0,0.0,0.0,0.09523809523809523,0.0,0.0,0.047619047619047616,0.0,0.047619047619047616,0.047619047619047616,0.0,0.0,0.0,0.047619047619047616,0.14285714285714285,0.0,0.14285714285714285,0.047619047619047616,0.0,0.0,0.0,0.0,0.0,0.0,0.0,0.047619047619047616,0.0,0.0,0.0,0.0,0.047619047619047616,0.047619047619047616,0.0,0.0,0.0,0.0,0.0,0.0,0.0,0.0,0.047619047619047616,0.038433835074510536,0.0,0.25,0.051772670630145866,21.0,3.091042453358316,6.820256419214569,4.345613160590413,6.857142857142857
0.12,0.08,0.08,0.08,0.2,0.16,0.0,0.0,0.08,0.0,0.28,0.0,0.0,0.04,0.04,0.04,0.04,0.04,0.0,0.0,0.04,0.12,0.04,0.04,0.0,0.0,0.04,0.0,0.0,0.0,0.04,0.0,0.04,0.0,0.0,0.08,0.04,0.04,0.12,0.0,0.0,0.0,0.0,0.0,0.12,0.04,0.0,0.0,0.0,0.0,0.0,0.0,0.04,0.0,0.0,0.04,0.0,0.0,0.0,0.0,0.040935232678930164,0.0,1.0,0.11332405168096353,25.0,3.258096538021482,7.299502372413649,3.0854497241083023,6.4
0.0,0.2,0.2,0.2,0.1,0.2,0.0,0.0,0.1,0.0,0.3,0.0,0.0,0.0,0.0,0.0,0.1,0.0,0.0,0.0,0.0,0.1,0.1,0.0,0.0,0.0,0.0,0.0,0.0,0.0,0.0,0.0,0.2,0.1,0.0,0.0,0.0,0.0,0.0,0.0,0.0,0.0,0.0,0.0,0.0,0.1,0.0,0.0,0.0,0.0,0.0,0.0,0.0,0.0,0.0,0.0,0.0,0.0,0.0,0.0,0.03579398379398379,0.0,1.0,0.14888923220053066,10.0,2.3978952727983707,5.168367439558379,3.556683848755748,7.5
0.2222222222222222,0.1111111111111111,0.1111111111111111,0.1111111111111111,0.2222222222222222,0.1111111111111111,0.0,0.0,0.0,0.0,0.2222222222222222,0.0,0.0,0.0,0.0,0.0,0.0,0.0,0.0,0.0,0.0,0.1111111111111111,0.0,0.0,0.0,0.0,0.0,0.0,0.0,0.0,0.0,0.1111111111111111,0.0,0.1111111111111111,0.0,0.0,0.0,0.0,0.0,0.0,0.1111111111111111,0.0,0.2222222222222222,0.0,0.1111111111111111,0.0,0.0,0.0,0.0,0.0,0.0,0.1111111111111111,0.0,0.0,0.0,0.0,0.0,0.0,0.0,0.1111111111111111,0.029560433069204996,0.0,0.2,0.05211179106255134,9.0,2.302585092994046,5.803175003044883,2.943920288775949,6.333333333333333
0.07142857142857142,0.07142857142857142,0.07142857142857142,0.07142857142857142,0.2857142857142857,0.21428571428571427,0.0,0.03571428571428571,0.10714285714285714,0.0,0.32142857142857145,0.0,0.07142857142857142,0.03571428571428571,0.07142857142857142,0.0,0.07142857142857142,0.03571428571428571,0.0,0.03571428571428571,0.0,0.0,0.03571428571428571,0.0,0.0,0.0,0.0,0.0,0.0,0.0,0.0,0.0,0.0,0.0,0.03571428571428571,0.03571428571428571,0.0,0.0,0.0,0.0,0.0,0.0,0.0,0.0,0.2857142857142857,0.0,0.03571428571428571,0.0,0.0,0.0,0.0,0.0,0.0,0.0,0.0,0.0,0.0,0.0,0.0,0.0,0.044474580798883015,0.0,0.2857142857142857,0.06652835834868492,28.0,3.367295829986474,5.657781718419809,4.1062110744279945,6.821428571428571
0.0,0.0,0.0,0.0,0.6,0.4,0.0,0.0,0.0,0.0,0.6,0.0,0.0,0.2,0.0,0.0,0.0,0.0,0.0,0.0,0.0,0.0,0.0,0.0,0.0,0.0,0.0,0.0,0.0,0.0,0.0,0.0,0.0,0.0,0.0,0.2,0.0,0.0,0.0,0.0,0.0,0.0,0.0,0.0,0.0,0.0,0.0,0.0,0.0,0.0,0.0,0.0,0.0,0.0,0.0,0.0,0.0,0.0,0.0,0.0,0.06871753246753247,0.0,0.14285714285714285,0.05231858771113479,5.0,1.791759469228055,2.341901188909337,3.4292856398964493,6.8
0.0,0.10526315789473684,0.05263157894736842,0.05263157894736842,0.15789473684210525,0.42105263157894735,0.10526315789473684,0.10526315789473684,0.05263157894736842,0.05263157894736842,0.3684210526315789,0.05263157894736842,0.0,0.05263157894736842,0.0,0.0,0.05263157894736842,0.0,0.05263157894736842,0.0,0.0,0.10526315789473684,0.10526315789473684,0.0,0.0,0.0,0.0,0.0,0.0,0.0,0.0,0.0,0.05263157894736842,0.0,0.0,0.21052631578947367,0.0,0.0,0.10526315789473684,0.0,0.0,0.0,0.0,0.0,0.15789473684210525,0.0,0.0,0.0,0.0,0.0,0.0,0.0,0.0,0.0,0.0,0.0,0.0,0.05263157894736842,0.0,0.0,0.047438757860544425,0.0,0.4375,0.07400566403791047,19.0,2.995732273553991,6.657438614374651,3.8156987285035493,6.578947368421052
0.0,0.16666666666666666,0.1111111111111111,0.1111111111111111,0.2777777777777778,0.3333333333333333,0.05555555555555555,0.16666666666666666,0.1111111111111111,0.05555555555555555,0.2222222222222222,0.0,0.0,0.05555555555555555,0.0,0.0,0.0,0.0,0.05555555555555555,0.0,0.05555555555555555,0.0,0.16666666666666666,0.0,0.0,0.0,0.0,0.0,0.0,0.0,0.0,0.0,0.05555555555555555,0.0,0.0,0.1111111111111111,0.0,0.0,0.05555555555555555,0.0,0.0,0.0,0.0,0.05555555555555555,0.05555555555555555,0.05555555555555555,0.0,0.0,0.0,0.0,0.0,0.0,0.0,0.0,0.0,0.0,0.0,0.0,0.0,0.0,0.05013933064692078,0.0,1.0,0.11094956183834505,18.0,2.9444389791664403,6.541820670851275,5.887840577551897,6.666666666666667
0.043478260869565216,0.13043478260869565,0.13043478260869565,0.13043478260869565,0.2608695652173913,0.21739130434782608,0.0,0.0,0.0,0.0,0.13043478260869565,0.0,0.043478260869565216,0.0,0.043478260869565216,0.0,0.0,0.043478260869565216,0.08695652173913043,0.0,0.043478260869565216,0.043478260869565216,0.0,0.0,0.0,0.0,0.0,0.0,0.0,0.0,0.0,0.0,0.0,0.0,0.0,0.043478260869565216,0.0,0.0,0.0,0.0,0.0,0.0,0.0,0.0,0.13043478260869565,0.0,0.0,0.0,0.043478260869565216,0.0,0.0,0.0,0.0,0.0,0.0,0.0,0.043478260869565216,0.0,0.0,0.0,0.032878161365556324,0.0,1.0,0.10816927773168658,23.0,3.1780538303479458,4.9773017123707985,2.4285634858728598,5.434782608695652
0.047619047619047616,0.047619047619047616,0.047619047619047616,0.047619047619047616,0.14285714285714285,0.2857142857142857,0.0,0.0,0.09523809523809523,0.0,0.19047619047619047,0.0,0.047619047619047616,0.0,0.047619047619047616,0.047619047619047616,0.0,0.0,0.0,0.047619047619047616,0.0,0.0,0.0,0.0,0.0,0.0,0.0,0.0,0.0,0.0,0.0,0.047619047619047616,0.0,0.14285714285714285,0.0,0.09523809523809523,0.0,0.047619047619047616,0.047619047619047616,0.0,0.047619047619047616,0.0,0.0,0.0,0.23809523809523808,0.047619047619047616,0.0,0.047619047619047616,0.0,0.0,0.047619047619047616,0.0,0.0,0.0,0.0,0.047619047619047616,0.0,0.0,0.0,0.0,0.038135438991543445,0.0,0.2,0.050413621896840934,21.0,3.091042453358316,6.259801135754215,2.7651868839919955,7.142857142857143
0.07407407407407407,0.07407407407407407,0.07407407407407407,0.07407407407407407,0.2222222222222222,0.2962962962962963,0.037037037037037035,0.037037037037037035,0.037037037037037035,0.0,0.25925925925925924,0.037037037037037035,0.037037037037037035,0.07407407407407407,0.0,0.0,0.0,0.037037037037037035,0.07407407407407407,0.0,0.037037037037037035,0.18518518518518517,0.0,0.0,0.0,0.037037037037037035,0.0,0.037037037037037035,0.037037037037037035,0.037037037037037035,0.037037037037037035,0.037037037037037035,0.0,0.037037037037037035,0.037037037037037035,0.0,0.037037037037037035,0.037037037037037035,0.037037037037037035,0.0,0.037037037037037035,0.0,0.037037037037037035,0.0,0.14814814814814814,0.0,0.0,0.0,0.0,0.0,0.0,0.0,0.037037037037037035,0.0,0.0,0.0,0.0,0.0,0.0,0.0,0.03562529457045158,0.0,0.1875,0.04542721072004426,27.0,3.332204510175204,7.732852322338205,3.1150768375280413,6.333333333333333
0.0,0.09090909090909091,0.09090909090909091,0.09090909090909091,0.2727272727272727,0.18181818181818182,0.0,0.09090909090909091,0.0,0.0,0.18181818181818182,0.0,0.0,0.0,0.0,0.0,0.18181818181818182,0.0,0.09090909090909091,0.09090909090909091,0.18181818181818182,0.09090909090909091,0.0,0.0,0.0,0.0,0.0,0.0,0.0,0.0,0.0,0.0,0.0,0.0,0.09090909090909091,0.0,0.0,0.0,0.0,0.0,0.0,0.0,0.0,0.0,0.36363636363636365,0.0,0.09090909090909091,0.0,0.0,0.0,0.0,0.0,0.18181818181818182,0.0,0.09090909090909091,0.0,0.0,0.0,0.09090909090909091,0.0,0.030057853614003344,0.0,0.25,0.05062900697757448,11.0,2.4849066497880004,6.737199801789169,2.185602778212965,5.636363636363637
0.125,0.0,0.0,0.0,0.375,0.25,0.25,0.0,0.125,0.125,0.25,0.0,0.125,0.0,0.0,0.0,0.0,0.0,0.0,0.125,0.0,0.125,0.125,0.0,0.0,0.0,0.0,0.0,0.0,0.0,0.0,0.0,0.0,0.0,0.0,0.0,0.0,0.0,0.0,0.0,0.0,0.0,0.0,0.0,0.125,0.125,0.0,0.0,0.0,0.0,0.0,0.0,0.0,0.0,0.0,0.0,0.0,0.0,0.0,0.125,0.06841992333063762,0.0,0.25,0.07521121473151535,8.0,2.1972245773362196,5.780639062229566,5.829611908180509,7.625
0.14285714285714285,0.14285714285714285,0.0,0.0,0.14285714285714285,0.14285714285714285,0.14285714285714285,0.0,0.14285714285714285,0.0,0.14285714285714285,0.14285714285714285,0.0,0.0,0.0,0.0,0.0,0.0,0.0,0.0,0.0,0.0,0.14285714285714285,0.0,0.0,0.0,0.0,0.0,0.0,0.0,0.0,0.14285714285714285,0.0,0.14285714285714285,0.0,0.14285714285714285,0.0,0.0,0.14285714285714285,0.0,0.0,0.0,0.0,0.0,0.14285714285714285,0.0,0.0,0.0,0.0,0.0,0.0,0.0,0.0,0.0,0.0,0.0,0.0,0.0,0.0,0.0,0.020655534941249228,0.0,0.2,0.05332423396066699,7.0,2.0794415416798357,5.614709844115208,2.8713930346059686,5.428571428571429
0.14285714285714285,0.07142857142857142,0.07142857142857142,0.07142857142857142,0.14285714285714285,0.14285714285714285,0.07142857142857142,0.07142857142857142,0.0,0.0,0.21428571428571427,0.07142857142857142,0.0,0.0,0.0,0.0,0.07142857142857142,0.0,0.07142857142857142,0.0,0.0,0.0,0.07142857142857142,0.0,0.0,0.0,0.0,0.0,0.0,0.0,0.0,0.0,0.07142857142857142,0.07142857142857142,0.14285714285714285,0.07142857142857142,0.0,0.0,0.07142857142857142,0.0,0.0,0.0,0.0,0.0,0.14285714285714285,0.0,0.0,0.0,0.07142857142857142,0.0,0.0,0.0,0.07142857142857142,0.0,0.0,0.0,0.0,0.0,0.07142857142857142,0.0,0.03438993851081763,0.0,0.3333333333333333,0.07085545613471249,14.0,2.70805020110221,6.832743231250504,2.2417649752107454,5.214285714285714
0.0,0.0,0.0,0.0,0.2,0.3,0.0,0.0,0.2,0.0,0.5,0.0,0.0,0.1,0.0,0.0,0.0,0.0,0.1,0.0,0.0,0.0,0.0,0.0,0.0,0.1,0.0,0.1,0.0,0.0,0.0,0.1,0.1,0.1,0.0,0.0,0.1,0.0,0.0,0.0,0.1,0.0,0.1,0.0,0.0,0.0,0.2,0.0,0.0,0.0,0.0,0.0,0.0,0.0,0.2,0.0,0.0,0.0,0.0,0.0,0.04782148271914354,0.0,0.25,0.06798128898568527,10.0,2.3978952727983707,6.200560249047114,4.360045871318328,6.3
0.125,0.25,0.125,0.125,0.125,0.375,0.125,0.125,0.125,0.0,0.25,0.125,0.125,0.0,0.125,0.0,0.0,0.0,0.125,0.0,0.0,0.125,0.125,0.0,0.0,0.0,0.0,0.0,0.0,0.0,0.0,0.0,0.0,0.0,0.0,0.125,0.0,0.0,0.0,0.0,0.0,0.0,0.0,0.0,0.375,0.0,0.0,0.0,0.0,0.0,0.0,0.0,0.0,0.125,0.0,0.0,0.0,0.0,0.0,0.0,0.05470980564965527,0.0,0.3333333333333333,0.07402886616820496,8.0,2.1972245773362196,7.6862781244591325,3.1598061649411346,6.375
0.0,0.13043478260869565,0.13043478260869565,0.13043478260869565,0.17391304347826086,0.30434782608695654,0.08695652173913043,0.0,0.043478260869565216,0.043478260869565216,0.30434782608695654,0.043478260869565216,0.0,0.0,0.0,0.0,0.043478260869565216,0.0,0.08695652173913043,0.0,0.0,0.08695652173913043,0.043478260869565216,0.0,0.0,0.0,0.043478260869565216,0.0,0.043478260869565216,0.0,0.0,0.0,0.043478260869565216,0.0,0.0,0.0,0.0,0.0,0.0,0.043478260869565216,0.0,0.043478260869565216,0.0,0.0,0.13043478260869565,0.13043478260869565,0.0,0.0,0.0,0.0,0.0,0.0,0.0,0.0,0.0,0.0,0.0,0.0,0.0,0.0,0.04013319857857674,0.0,1.0,0.11225124210029916,23.0,3.1780538303479458,6.285962149007382,3.381256016560623,5.956521739130435
0.07692307692307693,0.038461538461538464,0.038461538461538464,0.038461538461538464,0.11538461538461539,0.19230769230769232,0.038461538461538464,0.038461538461538464,0.07692307692307693,0.038461538461538464,0.2692307692307692,0.0,0.0,0.0,0.038461538461538464,0.038461538461538464,0.038461538461538464,0.0,0.11538461538461539,0.0,0.0,0.07692307692307693,0.038461538461538464,0.0,0.0,0.0,0.0,0.0,0.0,0.0,0.07692307692307693,0.0,0.0,0.038461538461538464,0.0,0.0,0.0,0.038461538461538464,0.07692307692307693,0.0,0.0,0.0,0.0,0.0,0.19230769230769232,0.0,0.0,0.0,0.0,0.0,0.0,0.0,0.0,0.0,0.0,0.0,0.0,0.0,0.0,0.038461538461538464,0.023438347366918796,0.0,0.2,0.04297753553901883,26.0,3.295836866004329,5.916911024111018,2.980459040932211,6.038461538461538
0.0,0.4,0.4,0.4,0.0,0.0,0.2,0.0,0.0,0.0,0.2,0.0,0.0,0.0,0.0,0.0,0.0,0.0,0.0,0.2,0.0,0.0,0.0,0.0,0.0,0.0,0.0,0.0,0.0,0.0,0.0,0.0,0.0,0.0,0.0,0.0,0.0,0.0,0.0,0.0,0.0,0.0,0.0,0.0,0.2,0.0,0.0,0.0,0.0,0.0,0.0,0.0,0.0,0.0,0.0,0.0,0.0,0.0,0.0,0.0,0.10666666666666666,0.0,1.0,0.29844039047465853,5.0,1.791759469228055,3.443856189774724,2.7129319932501073,5.2
0.15789473684210525,0.05263157894736842,0.0,0.0,0.10526315789473684,0.3684210526315789,0.05263157894736842,0.05263157894736842,0.10526315789473684,0.0,0.3157894736842105,0.05263157894736842,0.0,0.05263157894736842,0.0,0.0,0.05263157894736842,0.0,0.10526315789473684,0.0,0.0,0.0,0.10526315789473684,0.0,0.0,0.0,0.0,0.0,0.0,0.0,0.0,0.05263157894736842,0.0,0.05263157894736842,0.0,0.10526315789473684,0.0,0.0,0.05263157894736842,0.0,0.05263157894736842,0.0,0.0,0.0,0.21052631578947367,0.05263157894736842,0.0,0.05263157894736842,0.0,0.0,0.0,0.0,0.0,0.0,0.05263157894736842,0.0,0.0,0.0,0.0,0.0,0.029938655924208038,0.0,0.2857142857142857,0.05077968586045047,19.0,2.995732273553991,6.565512427220029,4.353493836823204,6.684210526315789
0.07692307692307693,0.07692307692307693,0.07692307692307693,0.07692307692307693,0.3076923076923077,0.15384615384615385,0.07692307692307693,0.0,0.15384615384615385,0.0,0.38461538461538464,0.07692307692307693,0.0,0.07692307692307693,0.0,0.0,0.07692307692307693,0.0,0.0,0.0,0.0,0.07692307692307693,0.15384615384615385,0.0,0.0,0.0,0.0,0.0,0.0,0.0,0.0,0.0,0.0,0.0,0.0,0.0,0.0,0.0,0.07692307692307693,0.0,0.0,0.0,0.0,0.0,0.46153846153846156,0.0,0.0,0.0,0.0,0.0,0.0,0.0,0.0,0.0,0.0,0.0,0.0,0.0,0.07692307692307693,0.07692307692307693,0.03232418234152602,0.0,0.16666666666666666,0.04697859801423387,13.0,2.6390573296152584,6.230391939991716,3.197632260127158,7.076923076923077
0.0,0.18518518518518517,0.18518518518518517,0.18518518518518517,0.1111111111111111,0.2222222222222222,0.0,0.0,0.1111111111111111,0.0,0.2222222222222222,0.0,0.0,0.0,0.0,0.037037037037037035,0.07407407407407407,0.037037037037037035,0.0,0.0,0.0,0.037037037037037035,0.0,0.037037037037037035,0.0,0.0,0.0,0.0,0.0,0.0,0.0,0.0,0.0,0.037037037037037035,0.0,0.0,0.0,0.0,0.0,0.0,0.0,0.0,0.0,0.037037037037037035,0.037037037037037035,0.0,0.0,0.07407407407407407,0.0,0.0,0.0,0.0,0.0,0.0,0.0,0.0,0.0,0.0,0.037037037037037035,0.037037037037037035,0.02216345099574913,0.0,0.25,0.053744865327204266,27.0,3.332204510175204,5.161725135675123,3.676567254438036,6.037037037037037
0.0625,0.0625,0.0625,0.0625,0.0625,0.3125,0.0625,0.0,0.0,0.0,0.3125,0.0625,0.0625,0.0625,0.0625,0.0,0.125,0.0625,0.0,0.0625,0.0,0.125,0.0625,0.0625,0.0,0.0,0.0,0.0,0.0,0.0,0.0,0.0,0.0625,0.0,0.0,0.125,0.0,0.0625,0.125,0.0,0.0,0.0,0.0,0.0,0.375,0.0625,0.0,0.0,0.0,0.0,0.0,0.0,0.0,0.0,0.0,0.0,0.0625,0.0,0.0625,0.0,0.0324133431197712,0.0,0.2857142857142857,0.04867232548824488,16.0,2.833213344056216,7.829434002924964,5.002733627727944,7.8125
0.041666666666666664,0.08333333333333333,0.08333333333333333,0.08333333333333333,0.125,0.3333333333333333,0.0,0.0,0.0,0.0,0.2916666666666667,0.041666666666666664,0.0,0.0,0.0,0.0,0.041666666666666664,0.041666666666666664,0.041666666666666664,0.0,0.0,0.041666666666666664,0.041666666666666664,0.0,0.0,0.0,0.0,0.0,0.0,0.0,0.0,0.041666666666666664,0.041666666666666664,0.041666666666666664,0.041666666666666664,0.041666666666666664,0.0,0.0,0.041666666666666664,0.0,0.041666666666666664,0.0,0.041666666666666664,0.041666666666666664,0.25,0.0,0.0,0.0,0.0,0.041666666666666664,0.0,0.0,0.0,0.0,0.0,0.0,0.0,0.0,0.0,0.0,0.04295981238167265,0.0,1.0,0.10888258734571038,24.0,3.2188758248682006,6.065712107208363,3.013856886670854,6.5
0.0,0.0,0.0,0.0,0.25,0.25,0.08333333333333333,0.0,0.0,0.0,0.3333333333333333,0.08333333333333333,0.0,0.0,0.0,0.0,0.08333333333333333,0.0,0.08333333333333333,0.0,0.0,0.25,0.0,0.0,0.0,0.0,0.08333333333333333,0.0,0.08333333333333333,0.0,0.0,0.0,0.08333333333333333,0.0,0.08333333333333333,0.08333333333333333,0.0,0.0,0.16666666666666666,0.0,0.0,0.0,0.0,0.0,0.4166666666666667,0.0,0.0,0.0,0.0,0.0,0.0,0.0,0.0,0.0,0.0,0.0,0.08333333333333333,0.0,0.08333333333333333,0.0,0.03238588182805736,0.0,0.17647058823529413,0.04088893142520191,12.0,2.5649493574615367,6.271627878452385,6.080478782318232,10.833333333333334
0.0,0.06896551724137931,0.06896551724137931,0.06896551724137931,0.034482758620689655,0.27586206896551724,0.034482758620689655,0.0,0.034482758620689655,0.0,0.20689655172413793,0.034482758620689655,0.034482758620689655,0.0,0.0,0.0,0.0,0.034482758620689655,0.06896551724137931,0.034482758620689655,0.0,0.06896551724137931,0.0,0.0,0.0,0.034482758620689655,0.034482758620689655,0.034482758620689655,0.0,0.0,0.034482758620689655,0.0,0.0,0.0,0.0,0.06896551724137931,0.034482758620689655,0.034482758620689655,0.034482758620689655,0.0,0.0,0.0,0.034482758620689655,0.0,0.13793103448275862,0.06896551724137931,0.0,0.0,0.0,0.0,0.0,0.0,0.0,0.0,0.0,0.034482758620689655,0.0,0.0,0.0,0.10344827586206896,0.025665569080254375,0.0,0.6666666666666666,0.07872958198945083,29.0,3.4011973816621555,6.258357525690198,4.440651043311792,6.068965517241379
0.0,0.0,0.0,0.0,0.2727272727272727,0.09090909090909091,0.0,0.0,0.0,0.0,0.18181818181818182,0.0,0.09090909090909091,0.0,0.09090909090909091,0.0,0.09090909090909091,0.0,0.0,0.0,0.0,0.18181818181818182,0.0,0.0,0.0,0.0,0.0,0.0,0.0,0.0,0.0,0.0,0.0,0.09090909090909091,0.0,0.0,0.0,0.0,0.18181818181818182,0.0,0.0,0.0,0.0,0.0,0.2727272727272727,0.0,0.0,0.0,0.0,0.0,0.0,0.0,0.0,0.0,0.0,0.0,0.0,0.09090909090909091,0.0,0.0,0.020229994619946772,0.0,0.2,0.04469580995982394,11.0,2.4849066497880004,4.250908557376765,3.6522380775637573,6.454545454545454
0.0,0.08,0.08,0.08,0.16,0.32,0.0,0.0,0.08,0.0,0.16,0.0,0.0,0.0,0.0,0.0,0.04,0.0,0.0,0.0,0.04,0.0,0.08,0.0,0.0,0.0,0.0,0.0,0.0,0.0,0.0,0.0,0.0,0.0,0.0,0.08,0.0,0.04,0.0,0.04,0.0,0.04,0.0,0.04,0.36,0.04,0.0,0.04,0.0,0.0,0.0,0.0,0.0,0.0,0.0,0.04,0.0,0.0,0.0,0.0,0.045542666593888,0.0,1.0,0.1090957579390437,25.0,3.258096538021482,5.323522388666261,3.6035538014576667,7.12
0.125,0.0,0.0,0.0,0.0,0.25,0.0,0.0,0.0,0.0,0.5,0.0,0.0,0.0,0.0,0.0,0.0,0.0,0.0,0.0,0.0,0.0,0.0,0.0,0.0,0.0,0.0,0.0,0.0,0.0,0.0,0.0,0.0,0.0,0.0,0.0,0.0,0.0,0.0,0.0,0.0,0.0,0.0,0.0,0.25,0.0,0.0,0.0,0.0,0.0,0.0,0.0,0.0,0.0,0.0,0.0,0.0,0.0,0.0,0.0,0.0497055341275266,0.0,0.2,0.05669519398218431,8.0,2.1972245773362196,1.875,3.550968177835448,5.125
0.05263157894736842,0.05263157894736842,0.05263157894736842,0.05263157894736842,0.2631578947368421,0.21052631578947367,0.0,0.0,0.10526315789473684,0.0,0.2631578947368421,0.0,0.0,0.10526315789473684,0.0,0.0,0.05263157894736842,0.0,0.0,0.0,0.0,0.05263157894736842,0.0,0.0,0.0,0.0,0.0,0.0,0.0,0.0,0.0,0.05263157894736842,0.0,0.05263157894736842,0.0,0.0,0.0,0.0,0.0,0.0,0.05263157894736842,0.0,0.0,0.0,0.05263157894736842,0.0,0.0,0.0,0.0,0.05263157894736842,0.0,0.0,0.0,0.0,0.0,0.0,0.0,0.05263157894736842,0.05263157894736842,0.05263157894736842,0.03068931748056029,0.0,0.2222222222222222,0.05187550203454406,19.0,2.995732273553991,5.300757867437954,2.679562539233233,6.368421052631579
0.0,0.047619047619047616,0.047619047619047616,0.047619047619047616,0.14285714285714285,0.19047619047619047,0.047619047619047616,0.0,0.0,0.0,0.19047619047619047,0.0,0.0,0.047619047619047616,0.0,0.0,0.0,0.0,0.0,0.0,0.0,0.047619047619047616,0.047619047619047616,0.0,0.0,0.0,0.0,0.0,0.0,0.0,0.0,0.0,0.0,0.047619047619047616,0.0,0.047619047619047616,0.0,0.0,0.0,0.0,0.0,0.0,0.0,0.0,0.14285714285714285,0.0,0.0,0.0,0.047619047619047616,0.0,0.047619047619047616,0.0,0.0,0.0,0.0,0.0,0.0,0.0,0.0,0.0,0.014440809802519704,0.0,0.2,0.0372181338384249,21.0,3.091042453358316,4.0141981221496215,3.6296836190780013,6.666666666666667
0.14285714285714285,0.047619047619047616,0.047619047619047616,0.047619047619047616,0.14285714285714285,0.3333333333333333,0.0,0.0,0.09523809523809523,0.0,0.19047619047619047,0.0,0.0,0.0,0.0,0.047619047619047616,0.0,0.0,0.0,0.0,0.0,0.047619047619047616,0.09523809523809523,0.047619047619047616,0.0,0.0,0.0,0.0,0.0,0.0,0.0,0.047619047619047616,0.047619047619047616,0.0,0.0,0.09523809523809523,0.0,0.0,0.09523809523809523,0.0,0.047619047619047616,0.0,0.0,0.0,0.09523809523809523,0.047619047619047616,0.0,0.0,0.0,0.0,0.0,0.0,0.0,0.0,0.0,0.0,0.0,0.0,0.0,0.047619047619047616,0.033374467659207645,0.0,0.25,0.05308765372516394,21.0,3.091042453358316,5.702228695564892,4.432921570566487,7.666666666666667
0.07407407407407407,0.18518518518518517,0.18518518518518517,0.18518518518518517,0.25925925925925924,0.25925925925925924,0.0,0.0,0.037037037037037035,0.0,0.18518518518518517,0.0,0.0,0.07407407407407407,0.0,0.037037037037037035,0.037037037037037035,0.0,0.07407407407407407,0.0,0.0,0.1111111111111111,0.037037037037037035,0.0,0.0,0.0,0.0,0.0,0.0,0.0,0.0,0.037037037037037035,0.037037037037037035,0.1111111111111111,0.0,0.0,0.0,0.0,0.07407407407407407,0.0,0.037037037037037035,0.0,0.07407407407407407,0.0,0.07407407407407407,0.0,0.0,0.0,0.037037037037037035,0.07407407407407407,0.0,0.0,0.0,0.0,0.0,0.0,0.0,0.0,0.0,0.037037037037037035,0.03960606328390648,0.0,1.0,0.1131850898180726,27.0,3.332204510175204,7.048392845385847,3.413038824743192,5.407407407407407
0.05,0.0,0.0,0.0,0.05,0.25,0.05,0.05,0.05,0.05,0.35,0.05,0.05,0.0,0.05,0.0,0.1,0.0,0.15,0.05,0.0,0.1,0.15,0.0,0.0,0.05,0.0,0.05,0.05,0.0,0.0,0.05,0.0,0.05,0.05,0.1,0.05,0.0,0.1,0.0,0.05,0.0,0.0,0.0,0.2,0.05,0.0,0.0,0.0,0.05,0.0,0.0,0.0,0.0,0.0,0.0,0.0,0.0,0.05,0.0,0.029876580779942128,0.0,0.25,0.049193078411619316,20.0,3.044522437723423,8.182371645304425,2.7386127875258306,7.0
0.0,0.0,0.0,0.0,0.1,0.2,0.0,0.0,0.0,0.0,0.3,0.0,0.0,0.0,0.0,0.0,0.0,0.0,0.0,0.0,0.0,0.2,0.0,0.0,0.0,0.0,0.0,0.0,0.0,0.0,0.1,0.0,0.0,0.0,0.0,0.1,0.0,0.0,0.0,0.0,0.0,0.0,0.0,0.1,0.1,0.0,0.0,0.0,0.0,0.0,0.0,0.0,0.0,0.0,0.0,0.0,0.0,0.2,0.1,0.0,0.024179894179894183,0.0,0.25,0.05469620064702245,10.0,2.3978952727983707,3.9074033921146967,1.9078784028338913,5.4
0.0,0.21739130434782608,0.17391304347826086,0.17391304347826086,0.21739130434782608,0.34782608695652173,0.08695652173913043,0.043478260869565216,0.08695652173913043,0.0,0.2608695652173913,0.043478260869565216,0.0,0.0,0.0,0.043478260869565216,0.13043478260869565,0.0,0.043478260869565216,0.0,0.043478260869565216,0.0,0.13043478260869565,0.0,0.0,0.043478260869565216,0.0,0.043478260869565216,0.0,0.0,0.0,0.0,0.0,0.0,0.0,0.13043478260869565,0.043478260869565216,0.0,0.17391304347826086,0.0,0.0,0.0,0.0,0.0,0.2608695652173913,0.0,0.0,0.0,0.0,0.0,0.0,0.0,0.043478260869565216,0.0,0.0,0.0,0.0,0.0,0.0,0.0,0.027447876382165462,0.0,0.16666666666666666,0.03942157646102962,23.0,3.1780538303479458,7.348020509723082,11.339910615998168,10.434782608695652
0.03333333333333333,0.06666666666666667,0.06666666666666667,0.06666666666666667,0.1,0.16666666666666666,0.0,0.0,0.06666666666666667,0.0,0.36666666666666664,0.0,0.0,0.03333333333333333,0.0,0.0,0.06666666666666667,0.0,0.0,0.0,0.0,0.1,0.03333333333333333,0.0,0.0,0.0,0.0,0.0,0.0,0.0,0.03333333333333333,0.03333333333333333,0.03333333333333333,0.06666666666666667,0.0,0.03333333333333333,0.0,0.0,0.06666666666666667,0.0,0.0,0.0,0.0,0.0,0.2,0.0,0.0,0.03333333333333333,0.0,0.0,0.0,0.0,0.0,0.0,0.0,0.03333333333333333,0.0,0.0,0.0,0.0,0.031109416326134592,0.0,0.2,0.047858065546463824,30.0,3.4339872044851463,5.385616069597784,3.1699982474583304,6.533333333333333
0.0,0.0,0.0,0.0,0.09523809523809523,0.2857142857142857,0.047619047619047616,0.047619047619047616,0.14285714285714285,0.0,0.42857142857142855,0.047619047619047616,0.0,0.09523809523809523,0.047619047619047616,0.0,0.09523809523809523,0.09523809523809523,0.09523809523809523,0.0,0.0,0.09523809523809523,0.19047619047619047,0.0,0.0,0.0,0.0,0.0,0.0,0.0,0.0,0.0,0.047619047619047616,0.0,0.0,0.09523809523809523,0.0,0.047619047619047616,0.0,0.0,0.0,0.0,0.0,0.0,0.23809523809523808,0.0,0.0,0.0,0.0,0.0,0.0,0.047619047619047616,0.0,0.0,0.0,0.047619047619047616,0.0,0.0,0.047619047619047616,0.0,0.06874041196604128,0.0,0.25,0.06574789058929183,21.0,3.091042453358316,6.533916340239524,4.542068415108732,6.809523809523809
0.0,0.2727272727272727,0.2727272727272727,0.2727272727272727,0.0,0.09090909090909091,0.0,0.0,0.0,0.0,0.09090909090909091,0.0,0.0,0.0,0.0,0.0,0.0,0.0,0.09090909090909091,0.0,0.0,0.0,0.0,0.0,0.0,0.0,0.0,0.0,0.0,0.0,0.0,0.09090909090909091,0.09090909090909091,0.09090909090909091,0.0,0.09090909090909091,0.0,0.0,0.0,0.0,0.0,0.0,0.0,0.0,0.0,0.0,0.0,0.0,0.0,0.09090909090909091,0.0,0.0,0.0,0.0,0.0,0.0,0.0,0.0,0.0,0.0,0.0716017316017316,0.0,1.0,0.22777768681884705,11.0,2.4849066497880004,4.04960681912215,1.7486712783337586,4.181818181818182
0.1,0.1,0.1,0.1,0.0,0.4,0.0,0.0,0.0,0.0,0.3,0.0,0.0,0.0,0.0,0.0,0.0,0.0,0.1,0.0,0.0,0.0,0.0,0.0,0.0,0.0,0.0,0.0,0.0,0.0,0.0,0.1,0.0,0.1,0.1,0.0,0.0,0.0,0.0,0.0,0.1,0.0,0.0,0.0,0.1,0.0,0.0,0.0,0.0,0.1,0.0,0.0,0.0,0.0,0.0,0.0,0.0,0.0,0.0,0.0,0.026524301775763766,0.0,0.16666666666666666,0.0437016986006287,10.0,2.3978952727983707,4.703981820580906,5.095095681142799,6.8
0.16666666666666666,0.0,0.0,0.0,0.0,0.3333333333333333,0.0,0.0,0.16666666666666666,0.0,0.5,0.0,0.0,0.0,0.0,0.0,0.16666666666666666,0.0,0.0,0.0,0.0,0.0,0.0,0.0,0.0,0.0,0.0,0.0,0.0,0.0,0.0,0.0,0.0,0.0,0.0,0.0,0.0,0.0,0.0,0.0,0.0,0.0,0.0,0.0,0.0,0.0,0.0,0.0,0.0,0.0,0.0,0.0,0.0,0.0,0.0,0.0,0.0,0.0,0.0,0.0,0.029148148148148145,0.0,0.16666666666666666,0.05022945976474252,6.0,1.9459101490553132,2.320802083934297,4.740487551109297,7.166666666666667
0.0,0.0,0.0,0.0,0.125,0.25,0.0,0.0,0.0,0.0,0.125,0.0,0.125,0.0,0.0,0.125,0.0,0.0,0.125,0.125,0.0,0.0,0.0,0.0,0.0,0.0,0.0,0.0,0.0,0.0,0.0,0.0,0.0,0.0,0.0,0.0,0.0,0.0,0.125,0.0,0.0,0.0,0.0,0.0,0.375,0.0,0.0,0.0,0.0,0.0,0.0,0.0,0.0,0.0,0.0,0.0,0.0,0.0,0.0,0.0,0.14530573593073592,0.0,1.0,0.3008305632934455,8.0,2.1972245773362196,3.6556390622295662,3.3888604279314896,4.625
0.125,0.125,0.125,0.125,0.25,0.5,0.125,0.125,0.0,0.0,0.5,0.125,0.0,0.0,0.0,0.0,0.0,0.0,0.125,0.0,0.0,0.0,0.125,0.0,0.0,0.125,0.0,0.125,0.0,0.0,0.0,0.0,0.125,0.0,0.0,0.125,0.125,0.125,0.125,0.0,0.0,0.0,0.0,0.0,0.125,0.0,0.0,0.0,0.0,0.0,0.0,0.0,0.0,0.0,0.0,0.0,0.0,0.0,0.0,0.0,0.03962874757517614,0.0,0.25,0.05565044223304183,8.0,2.1972245773362196,7.875,5.348773223833667,7.125
0.07142857142857142,0.07142857142857142,0.07142857142857142,0.07142857142857142,0.07142857142857142,0.14285714285714285,0.07142857142857142,0.0,0.14285714285714285,0.07142857142857142,0.21428571428571427,0.0,0.0,0.07142857142857142,0.0,0.07142857142857142,0.07142857142857142,0.0,0.07142857142857142,0.0,0.0,0.0,0.0,0.0,0.0,0.07142857142857142,0.0,0.07142857142857142,0.07142857142857142,0.0,0.07142857142857142,0.0,0.0,0.0,0.0,0.07142857142857142,0.07142857142857142,0.0,0.07142857142857142,0.0,0.0,0.0,0.0,0.0,0.2857142857142857,0.0,0.0,0.0,0.0,0.0,0.0,0.0,0.0,0.0,0.0,0.0,0.0,0.0,0.0,0.0,0.01607944333099613,0.0,0.2,0.03834561225433622,14.0,2.70805020110221,6.6898860883933615,3.261557159094535,6.071428571428571
0.0,0.0,0.0,0.0,0.2857142857142857,0.42857142857142855,0.07142857142857142,0.07142857142857142,0.07142857142857142,0.07142857142857142,0.21428571428571427,0.0,0.07142857142857142,0.07142857142857142,0.07142857142857142,0.0,0.0,0.0,0.07142857142857142,0.07142857142857142,0.0,0.0,0.21428571428571427,0.0,0.0,0.0,0.0,0.0,0.07142857142857142,0.0,0.0,0.0,0.0,0.0,0.0,0.07142857142857142,0.0,0.0,0.07142857142857142,0.0,0.0,0.0,0.0,0.0,0.07142857142857142,0.0,0.0,0.07142857142857142,0.0,0.0,0.0,0.0,0.0,0.0,0.0,0.0,0.0,0.0,0.0,0.0,0.026664674542655694,0.0,0.19047619047619047,0.04746580895836814,14.0,2.70805020110221,5.8000784037910185,3.7307328163430267,6.714285714285714
0.0,0.2222222222222222,0.2222222222222222,0.2222222222222222,0.2222222222222222,0.1111111111111111,0.0,0.0,0.0,0.0,0.4444444444444444,0.0,0.0,0.1111111111111111,0.0,0.1111111111111111,0.0,0.0,0.0,0.0,0.0,0.0,0.0,0.0,0.0,0.0,0.0,0.0,0.0,0.0,0.0,0.0,0.0,0.0,0.0,0.0,0.0,0.0,0.0,0.0,0.0,0.0,0.0,0.0,0.2222222222222222,0.0,0.0,0.0,0.0,0.0,0.0,0.0,0.0,0.0,0.0,0.0,0.0,0.0,0.0,0.0,0.05847471564383328,0.0,1.0,0.17266074122384883,9.0,2.302585092994046,3.9876361138354794,3.446236093171294,5.111111111111111
0.1111111111111111,0.0,0.0,0.0,0.6666666666666666,0.5555555555555556,0.1111111111111111,0.0,0.1111111111111111,0.1111111111111111,0.2222222222222222,0.0,0.0,0.1111111111111111,0.0,0.0,0.0,0.0,0.1111111111111111,0.0,0.0,0.0,0.1111111111111111,0.0,0.0,0.0,0.0,0.0,0.0,0.0,0.0,0.0,0.1111111111111111,0.0,0.0,0.1111111111111111,0.0,0.0,0.1111111111111111,0.0,0.0,0.0,0.1111111111111111,0.0,0.2222222222222222,0.1111111111111111,0.0,0.0,0.0,0.0,0.0,0.0,0.0,0.0,0.0,0.1111111111111111,0.0,0.0,0.1111111111111111,0.0,0.0754377798132842,0.0,0.5,0.11006047689257108,9.0,2.302585092994046,6.75648995145148,5.964918013986466,8.444444444444445
0.14285714285714285,0.0,0.0,0.0,0.0,0.14285714285714285,0.07142857142857142,0.07142857142857142,0.0,0.0,0.5,0.07142857142857142,0.0,0.07142857142857142,0.07142857142857142,0.0,0.0,0.0,0.07142857142857142,0.0,0.07142857142857142,0.0,0.0,0.0,0.0,0.0,0.07142857142857142,0.0,0.0,0.0,0.0,0.0,0.0,0.0,0.0,0.0,0.0,0.0,0.0,0.0,0.0,0.0,0.0,0.0,0.07142857142857142,0.0,0.0,0.0,0.07142857142857142,0.0,0.0,0.0,0.0,0.0,0.0,0.0,0.0,0.0,0.07142857142857142,0.0,0.053515007401562016,0.0,0.3333333333333333,0.07810263873034828,14.0,2.70805020110221,4.293594559347434,2.623481096029566,4.785714285714286
0.0,0.08333333333333333,0.08333333333333333,0.08333333333333333,0.125,0.2916666666666667,0.041666666666666664,0.0,0.08333333333333333,0.041666666666666664,0.25,0.0,0.0,0.0,0.0,0.041666666666666664,0.041666666666666664,0.0,0.041666666666666664,0.0,0.0,0.08333333333333333,0.041666666666666664,0.0,0.0,0.041666666666666664,0.0,0.041666666666666664,0.0,0.0,0.0,0.0,0.041666666666666664,0.0,0.0,0.0,0.041666666666666664,0.041666666666666664,0.041666666666666664,0.0,0.0,0.0,0.0,0.0,0.2916666666666667,0.0,0.0,0.0,0.041666666666666664,0.0,0.0,0.0,0.0,0.0,0.0,0.0,0.0,0.0,0.041666666666666664,0.0,0.022803737802002323,0.0,1.0,0.10017294465479569,24.0,3.2188758248682006,6.080233588274893,4.410963298670962,7.958333333333333
0.0,0.045454545454545456,0.0,0.0,0.36363636363636365,0.18181818181818182,0.09090909090909091,0.0,0.045454545454545456,0.0,0.18181818181818182,0.0,0.0,0.045454545454545456,0.0,0.0,0.0,0.0,0.045454545454545456,0.0,0.0,0.0,0.045454545454545456,0.0,0.0,0.0,0.045454545454545456,0.0,0.0,0.0,0.0,0.0,0.045454545454545456,0.0,0.0,0.09090909090909091,0.0,0.0,0.0,0.0,0.0,0.0,0.0,0.0,0.09090909090909091,0.0,0.0,0.045454545454545456,0.045454545454545456,0.0,0.045454545454545456,0.0,0.0,0.0,0.0,0.0,0.0,0.0,0.0,0.0,0.022954531258379113,0.0,0.16666666666666666,0.04236705203157152,22.0,3.1354942159291497,4.395536899836069,3.0559520570857472,6.545454545454546
0.10526315789473684,0.15789473684210525,0.15789473684210525,0.15789473684210525,0.2631578947368421,0.2631578947368421,0.0,0.0,0.05263157894736842,0.0,0.15789473684210525,0.0,0.0,0.0,0.0,0.0,0.0,0.0,0.0,0.0,0.0,0.05263157894736842,0.0,0.0,0.0,0.0,0.0,0.0,0.0,0.0,0.0,0.10526315789473684,0.0,0.15789473684210525,0.0,0.05263157894736842,0.0,0.0,0.05263157894736842,0.0,0.10526315789473684,0.0,0.0,0.0,0.0,0.05263157894736842,0.0,0.0,0.0,0.05263157894736842,0.0,0.0,0.0,0.0,0.0,0.0,0.0,0.0,0.05263157894736842,0.0,0.05830068914655381,0.0,1.0,0.17083550845104983,19.0,2.995732273553991,5.70671195006133,2.579484369440599,5.631578947368421
0.0,0.2857142857142857,0.2857142857142857,0.2857142857142857,0.07142857142857142,0.07142857142857142,0.0,0.0,0.07142857142857142,0.0,0.2857142857142857,0.0,0.07142857142857142,0.0,0.0,0.0,0.07142857142857142,0.0,0.0,0.07142857142857142,0.0,0.0,0.07142857142857142,0.0,0.0,0.0,0.0,0.0,0.0,0.0,0.0,0.0,0.0,0.0,0.0,0.0,0.0,0.0,0.0,0.0,0.0,0.0,0.0,0.0,0.07142857142857142,0.0,0.0,0.0,0.14285714285714285,0.0,0.0,0.0,0.0,0.0,0.0,0.0,0.0,0.0,0.0,0.0,0.08774174543405312,0.0,1.0,0.249492696093217,14.0,2.70805020110221,4.642230569535551,1.9219462924391015,4.142857142857143
0.0,0.0,0.0,0.0,0.0,0.0,0.0,0.0,0.16666666666666666,0.0,0.16666666666666666,0.0,0.0,0.0,0.0,0.0,0.0,0.0,0.16666666666666666,0.0,0.0,0.0,0.0,0.0,0.0,0.0,0.0,0.0,0.0,0.0,0.0,0.0,0.0,0.0,0.0,0.0,0.0,0.0,0.0,0.0,0.0,0.0,0.0,0.0,0.3333333333333333,0.0,0.0,0.0,0.0,0.0,0.0,0.0,0.0,0.0,0.0,0.0,0.0,0.0,0.0,0.16666666666666666,0.018818681318681318,0.0,0.09523809523809523,0.032505524397583,6.0,1.9459101490553132,2.251629167387823,4.6097722286464435,8.5
0.0,0.13333333333333333,0.06666666666666667,0.06666666666666667,0.13333333333333333,0.4,0.13333333333333333,0.0,0.0,0.13333333333333333,0.13333333333333333,0.0,0.0,0.06666666666666667,0.0,0.06666666666666667,0.0,0.0,0.06666666666666667,0.0,0.0,0.06666666666666667,0.13333333333333333,0.0,0.0,0.0,0.0,0.0,0.06666666666666667,0.0,0.06666666666666667,0.0,0.06666666666666667,0.0,0.0,0.0,0.0,0.06666666666666667,0.06666666666666667,0.0,0.0,0.0,0.0,0.0,0.2,0.0,0.0,0.0,0.0,0.0,0.0,0.0,0.0,0.0,0.0,0.0,0.0,0.0,0.0,0.0,0.026283187711759144,0.0,0.4166666666666667,0.060050279337015955,15.0,2.772588722239781,6.18372243686548,2.5681813712344295,5.933333333333334
0.07142857142857142,0.03571428571428571,0.03571428571428571,0.03571428571428571,0.17857142857142858,0.2857142857142857,0.0,0.0,0.07142857142857142,0.0,0.39285714285714285,0.0,0.0,0.10714285714285714,0.0,0.07142857142857142,0.03571428571428571,0.0,0.07142857142857142,0.0,0.0,0.10714285714285714,0.03571428571428571,0.0,0.0,0.0,0.0,0.0,0.0,0.0,0.0,0.0,0.0,0.0,0.0,0.0,0.0,0.03571428571428571,0.07142857142857142,0.0,0.0,0.0,0.0,0.0,0.21428571428571427,0.0,0.0,0.0,0.07142857142857142,0.0,0.0,0.0,0.0,0.0,0.0,0.0,0.0,0.0,0.07142857142857142,0.03571428571428571,0.027354367924687584,0.0,0.3333333333333333,0.057712262659091774,28.0,3.367295829986474,5.762010438185089,3.8177552438626567,7.321428571428571
0.2222222222222222,0.0,0.0,0.0,0.2222222222222222,0.2222222222222222,0.1111111111111111,0.0,0.1111111111111111,0.1111111111111111,0.4444444444444444,0.0,0.0,0.0,0.0,0.0,0.1111111111111111,0.0,0.2222222222222222,0.0,0.1111111111111111,0.0,0.1111111111111111,0.1111111111111111,0.0,0.0,0.0,0.0,0.0,0.0,0.0,0.0,0.0,0.0,0.0,0.2222222222222222,0.0,0.2222222222222222,0.2222222222222222,0.0,0.0,0.0,0.0,0.0,0.1111111111111111,0.1111111111111111,0.0,0.0,0.0,0.0,0.0,0.0,0.0,0.0,0.0,0.0,0.0,0.0,0.1111111111111111,0.0,0.04321312040244789,0.0,0.25,0.05646427727865139,9.0,2.302585092994046,7.41754444893164,4.637474834379824,8.222222222222221
0.0,0.2,0.2,0.2,0.0,0.2,0.0,0.0,0.0,0.0,0.2,0.0,0.0,0.2,0.0,0.2,0.2,0.0,0.0,0.0,0.0,0.0,0.2,0.0,0.0,0.0,0.0,0.0,0.0,0.0,0.0,0.0,0.0,0.0,0.0,0.2,0.0,0.0,0.2,0.0,0.0,0.0,0.0,0.0,0.2,0.0,0.0,0.0,0.0,0.0,0.0,0.0,0.0,0.0,0.0,0.0,0.0,0.0,0.0,0.0,0.016993464052287584,0.0,0.1111111111111111,0.03594177015651639,5.0,1.791759469228055,5.5726274277296675,3.4409301068170506,7.4
0.0,0.0,0.0,0.0,0.25,0.5,0.125,0.125,0.125,0.0,0.125,0.125,0.125,0.0,0.0,0.0,0.0,0.0,0.0,0.125,0.0,0.125,0.0,0.0,0.0,0.0,0.0,0.0,0.125,0.0,0.0,0.0,0.0,0.0,0.0,0.0,0.0,0.0,0.0,0.0,0.0,0.0,0.0,0.0,0.125,0.0,0.0,0.0,0.0,0.0,0.0,0.0,0.0,0.0,0.0,0.0,0.0,0.0,0.0,0.0,0.02553636839351125,0.0,0.125,0.038744152928703826,8.0,2.1972245773362196,4.75,1.9364916731037085,7.0
0.09090909090909091,0.09090909090909091,0.0,0.0,0.13636363636363635,0.22727272727272727,0.13636363636363635,0.0,0.045454545454545456,0.045454545454545456,0.4090909090909091,0.045454545454545456,0.045454545454545456,0.045454545454545456,0.045454545454545456,0.0,0.0,0.045454545454545456,0.13636363636363635,0.045454545454545456,0.0,0.09090909090909091,0.0,0.0,0.0,0.0,0.0,0.0,0.0,0.0,0.0,0.0,0.0,0.0,0.0,0.045454545454545456,0.0,0.0,0.09090909090909091,0.0,0.0,0.0,0.045454545454545456,0.0,0.3181818181818182,0.0,0.0,0.0,0.0,0.0,0.0,0.0,0.0,0.0,0.0,0.0,0.0,0.0,0.0,0.0,0.04849382954352917,0.0,0.6666666666666666,0.09161793757123758,22.0,3.1354942159291497,5.999891147558136,6.092435358298134,6.863636363636363
0.0,0.1111111111111111,0.1111111111111111,0.1111111111111111,0.1111111111111111,0.14814814814814814,0.037037037037037035,0.0,0.037037037037037035,0.0,0.3333333333333333,0.0,0.037037037037037035,0.0,0.037037037037037035,0.0,0.037037037037037035,0.0,0.07407407407407407,0.037037037037037035,0.0,0.1111111111111111,0.07407407407407407,0.0,0.0,0.0,0.07407407407407407,0.0,0.0,0.0,0.037037037037037035,0.0,0.037037037037037035,0.0,0.0,0.037037037037037035,0.0,0.0,0.037037037037037035,0.0,0.0,0.0,0.0,0.0,0.18518518518518517,0.037037037037037035,0.0,0.0,0.037037037037037035,0.0,0.0,0.0,0.0,0.0,0.0,0.0,0.037037037037037035,0.0,0.037037037037037035,0.037037037037037035,0.03537212740846826,0.0,1.0,0.10496849536334378,27.0,3.332204510175204,6.624093411799716,3.6616126785075735,6.666666666666667
0.13043478260869565,0.08695652173913043,0.08695652173913043,0.08695652173913043,0.13043478260869565,0.34782608695652173,0.0,0.0,0.13043478260869565,0.0,0.30434782608695654,0.0,0.0,0.043478260869565216,0.0,0.0,0.08695652173913043,0.0,0.08695652173913043,0.0,0.0,0.043478260869565216,0.043478260869565216,0.0,0.0,0.0,0.0,0.0,0.0,0.0,0.0,0.0,0.043478260869565216,0.043478260869565216,0.043478260869565216,0.043478260869565216,0.0,0.043478260869565216,0.043478260869565216,0.0,0.0,0.0,0.0,0.0,0.13043478260869565,0.0,0.043478260869565216,0.0,0.0,0.0,0.0,0.0,0.0,0.0,0.043478260869565216,0.0,0.0,0.0,0.043478260869565216,0.08695652173913043,0.04219923167224284,0.0,0.5,0.07192392455454133,23.0,3.1780538303479458,6.783940230254372,4.20459735782142,7.130434782608695
0.0,0.14285714285714285,0.14285714285714285,0.14285714285714285,0.047619047619047616,0.23809523809523808,0.047619047619047616,0.0,0.0,0.0,0.2857142857142857,0.047619047619047616,0.0,0.0,0.0,0.0,0.047619047619047616,0.0,0.0,0.0,0.0,0.09523809523809523,0.09523809523809523,0.0,0.0,0.0,0.0,0.0,0.0,0.0,0.0,0.047619047619047616,0.047619047619047616,0.047619047619047616,0.047619047619047616,0.09523809523809523,0.0,0.0,0.09523809523809523,0.0,0.047619047619047616,0.0,0.0,0.0,0.23809523809523808,0.0,0.0,0.0,0.0,0.047619047619047616,0.0,0.0,0.0,0.0,0.0,0.0,0.0,0.0,0.0,0.0,0.04618841165059652,0.0,1.0,0.10868989842912329,21.0,3.091042453358316,6.089330034275987,3.379275237944795,6.095238095238095
0.0,0.10344827586206896,0.10344827586206896,0.10344827586206896,0.10344827586206896,0.10344827586206896,0.034482758620689655,0.0,0.034482758620689655,0.0,0.2413793103448276,0.0,0.0,0.06896551724137931,0.0,0.0,0.034482758620689655,0.0,0.034482758620689655,0.0,0.0,0.034482758620689655,0.13793103448275862,0.0,0.0,0.0,0.0,0.0,0.0,0.0,0.034482758620689655,0.0,0.034482758620689655,0.0,0.034482758620689655,0.0,0.0,0.034482758620689655,0.034482758620689655,0.0,0.0,0.0,0.0,0.034482758620689655,0.3448275862068966,0.0,0.0,0.0,0.034482758620689655,0.0,0.0,0.0,0.0,0.0,0.0,0.0,0.0,0.0,0.0,0.0,0.03930931580091244,0.0,0.3076923076923077,0.06395145378265919,29.0,3.4011973816621555,5.388063684216703,2.3720528995751504,6.448275862068965
0.0,0.14285714285714285,0.14285714285714285,0.14285714285714285,0.2857142857142857,0.14285714285714285,0.0,0.0,0.0,0.0,0.42857142857142855,0.0,0.0,0.0,0.14285714285714285,0.0,0.14285714285714285,0.0,0.0,0.0,0.14285714285714285,0.14285714285714285,0.0,0.0,0.0,0.0,0.14285714285714285,0.0,0.0,0.0,0.0,0.0,0.0,0.0,0.0,0.14285714285714285,0.0,0.0,0.0,0.0,0.0,0.0,0.0,0.0,0.14285714285714285,0.0,0.0,0.0,0.0,0.0,0.0,0.14285714285714285,0.14285714285714285,0.0,0.0,0.0,0.0,0.0,0.0,0.0,0.020313020313020316,0.0,0.09090909090909091,0.03649051623523869,7.0,2.0794415416798357,6.2539287278390585,1.498298354528788,5.428571428571429
0.038461538461538464,0.11538461538461539,0.11538461538461539,0.11538461538461539,0.07692307692307693,0.3076923076923077,0.07692307692307693,0.07692307692307693,0.07692307692307693,0.0,0.07692307692307693,0.038461538461538464,0.0,0.0,0.0,0.038461538461538464,0.07692307692307693,0.038461538461538464,0.0,0.0,0.0,0.0,0.11538461538461539,0.0,0.0,0.0,0.0,0.0,0.038461538461538464,0.0,0.0,0.0,0.038461538461538464,0.0,0.0,0.0,0.0,0.038461538461538464,0.11538461538461539,0.0,0.0,0.0,0.0,0.0,0.15384615384615385,0.0,0.0,0.0,0.07692307692307693,0.0,0.0,0.0,0.0,0.0,0.0,0.0,0.0,0.0,0.0,0.0,0.031576278761296935,0.0,0.4,0.06179042180269482,26.0,3.295836866004329,5.994102652305965,3.805943654416302,5.769230769230769
0.0,0.14285714285714285,0.14285714285714285,0.14285714285714285,0.5714285714285714,0.0,0.0,0.0,0.0,0.0,0.42857142857142855,0.0,0.0,0.0,0.14285714285714285,0.0,0.0,0.0,0.14285714285714285,0.0,0.0,0.14285714285714285,0.14285714285714285,0.0,0.0,0.0,0.0,0.0,0.0,0.0,0.0,0.0,0.2857142857142857,0.0,0.14285714285714285,0.14285714285714285,0.0,0.0,0.14285714285714285,0.0,0.0,0.0,0.0,0.0,0.2857142857142857,0.0,0.14285714285714285,0.0,0.0,0.0,0.0,0.0,0.0,0.0,0.0,0.0,0.0,0.0,0.0,0.0,0.042307909270151836,0.0,0.13333333333333333,0.04653320390516419,7.0,2.0794415416798357,6.429560111871975,2.821202522590214,8.428571428571429
0.0,0.1,0.1,0.1,0.2,0.2,0.0,0.1,0.1,0.0,0.4,0.0,0.0,0.0,0.0,0.1,0.0,0.0,0.1,0.0,0.0,0.2,0.2,0.0,0.0,0.0,0.0,0.0,0.0,0.0,0.0,0.0,0.0,0.1,0.0,0.2,0.0,0.0,0.2,0.0,0.0,0.0,0.1,0.0,0.2,0.0,0.0,0.0,0.0,0.0,0.0,0.1,0.0,0.0,0.0,0.0,0.0,0.0,0.0,0.0,0.028175297717609377,0.0,0.125,0.03979163749921456,10.0,2.3978952727983707,7.101398665684615,4.172529209005012,7.3
0.09090909090909091,0.09090909090909091,0.09090909090909091,0.09090909090909091,0.18181818181818182,0.36363636363636365,0.0,0.0,0.0,0.0,0.09090909090909091,0.0,0.18181818181818182,0.0,0.18181818181818182,0.0,0.0,0.0,0.0,0.09090909090909091,0.0,0.0,0.0,0.0,0.0,0.0,0.0,0.0,0.0,0.0,0.0,0.0,0.0,0.0,0.0,0.0,0.0,0.0,0.0,0.0,0.0,0.0,0.0,0.0,0.45454545454545453,0.0,0.0,0.0,0.0,0.0,0.0,0.0,0.0,0.0,0.0,0.0,0.0,0.0,0.0,0.0,0.07269478121715667,0.0,0.46153846153846156,0.07823572431107842,11.0,2.4849066497880004,4.276220319722404,2.8108408788618737,8.090909090909092
0.09523809523809523,0.09523809523809523,0.09523809523809523,0.09523809523809523,0.14285714285714285,0.42857142857142855,0.0,0.0,0.047619047619047616,0.0,0.19047619047619047,0.0,0.0,0.047619047619047616,0.047619047619047616,0.047619047619047616,0.047619047619047616,0.047619047619047616,0.0,0.0,0.047619047619047616,0.0,0.0,0.0,0.0,0.0,0.0,0.0,0.0,0.0,0.0,0.0,0.047619047619047616,0.047619047619047616,0.0,0.047619047619047616,0.0,0.0,0.047619047619047616,0.047619047619047616,0.0,0.047619047619047616,0.0,0.047619047619047616,0.14285714285714285,0.0,0.0,0.0,0.047619047619047616,0.047619047619047616,0.0,0.0,0.0,0.0,0.0,0.0,0.0,0.0,0.0,0.0,0.03861360302781057,0.0,1.0,0.11017463436633156,21.0,3.091042453358316,6.420502341056141,6.093749818303387,7.238095238095238
0.2,0.0,0.0,0.0,0.13333333333333333,0.2,0.06666666666666667,0.0,0.0,0.0,0.3333333333333333,0.0,0.0,0.0,0.0,0.0,0.06666666666666667,0.0,0.0,0.0,0.0,0.0,0.06666666666666667,0.0,0.0,0.0,0.0,0.0,0.0,0.0,0.06666666666666667,0.0,0.06666666666666667,0.0,0.0,0.06666666666666667,0.0,0.0,0.06666666666666667,0.0,0.0,0.0,0.0,0.0,0.0,0.0,0.0,0.0,0.0,0.0,0.0,0.0,0.06666666666666667,0.0,0.0,0.0,0.0,0.0,0.0,0.0,0.04271504950076378,0.0,1.0,0.11430836485676323,15.0,2.772588722239781,3.928352468601009,2.36267268622258,5.133333333333334
0.0625,0.0625,0.0,0.0,0.125,0.3125,0.0625,0.0,0.0625,0.0625,0.1875,0.0,0.0,0.0,0.0,0.0,0.0625,0.0,0.0,0.0,0.0,0.0,0.0625,0.0625,0.0,0.0,0.0,0.0,0.0,0.0,0.0,0.0,0.125,0.0,0.125,0.0,0.0,0.0,0.0625,0.0,0.0,0.0,0.0,0.0,0.125,0.0,0.125,0.0,0.0,0.0,0.0,0.0,0.0,0.0,0.0625,0.0,0.0,0.0,0.0,0.0,0.025767556439825347,0.0,0.2,0.050998195015719394,16.0,2.833213344056216,5.352217001462482,3.6996621467371855,5.75
0.047619047619047616,0.09523809523809523,0.09523809523809523,0.09523809523809523,0.047619047619047616,0.19047619047619047,0.0,0.0,0.09523809523809523,0.0,0.38095238095238093,0.0,0.09523809523809523,0.09523809523809523,0.09523809523809523,0.09523809523809523,0.0,0.0,0.0,0.09523809523809523,0.0,0.09523809523809523,0.047619047619047616,0.0,0.0,0.0,0.0,0.0,0.0,0.0,0.0,0.0,0.0,0.0,0.047619047619047616,0.09523809523809523,0.0,0.0,0.047619047619047616,0.0,0.0,0.0,0.0,0.0,0.23809523809523808,0.0,0.0,0.0,0.0,0.0,0.0,0.0,0.0,0.0,0.0,0.0,0.0,0.0,0.0,0.0,0.035189651618223045,0.0,1.0,0.10866707549223686,21.0,3.091042453358316,6.0786821965632685,4.042854338436404,6.476190476190476
0.2,0.0,0.0,0.0,0.3,0.1,0.0,0.0,0.1,0.0,0.2,0.0,0.0,0.0,0.0,0.0,0.0,0.1,0.0,0.0,0.0,0.2,0.0,0.0,0.0,0.0,0.0,0.0,0.0,0.0,0.1,0.0,0.0,0.0,0.0,0.0,0.0,0.0,0.0,0.0,0.0,0.0,0.0,0.0,0.1,0.2,0.0,0.0,0.0,0.0,0.0,0.0,0.0,0.0,0.0,0.0,0.0,0.0,0.0,0.0,0.03784679191541937,0.0,0.2,0.05506811949238481,10.0,2.3978952727983707,4.039596201603433,2.749545416973504,6.2
0.058823529411764705,0.058823529411764705,0.0,0.0,0.23529411764705882,0.35294117647058826,0.11764705882352941,0.11764705882352941,0.058823529411764705,0.058823529411764705,0.35294117647058826,0.11764705882352941,0.058823529411764705,0.0,0.058823529411764705,0.0,0.11764705882352941,0.0,0.11764705882352941,0.058823529411764705,0.0,0.058823529411764705,0.058823529411764705,0.0,0.0,0.0,0.058823529411764705,0.0,0.0,0.0,0.0,0.0,0.0,0.058823529411764705,0.0,0.17647058823529413,0.0,0.0,0.11764705882352941,0.0,0.0,0.0,0.058823529411764705,0.0,0.23529411764705882,0.058823529411764705,0.0,0.0,0.0,0.0,0.0,0.0,0.0,0.0,0.0,0.0,0.0,0.0,0.058823529411764705,0.0,0.033416714246451644,0.0,0.3333333333333333,0.06059900102613504,17.0,2.8903717578961645,8.030073041791134,6.444331754705517,9.0
0.0,0.0,0.0,0.0,0.0,0.16666666666666666,0.0,0.0,0.0,0.0,0.3333333333333333,0.0,0.16666666666666666,0.16666666666666666,0.16666666666666666,0.0,0.0,0.0,0.0,0.16666666666666666,0.0,0.0,0.0,0.0,0.0,0.0,0.0,0.0,0.0,0.0,0.0,0.0,0.0,0.0,0.0,0.16666666666666666,0.0,0.0,0.0,0.0,0.0,0.0,0.0,0.0,0.16666666666666666,0.0,0.0,0.0,0.0,0.0,0.0,0.0,0.0,0.0,0.0,0.0,0.0,0.0,0.0,0.0,0.019708994708994707,0.0,0.14285714285714285,0.04371367924893014,6.0,1.9459101490553132,3.544110417748401,5.398044913567215,7.166666666666667
0.0,0.034482758620689655,0.034482758620689655,0.034482758620689655,0.10344827586206896,0.27586206896551724,0.0,0.0,0.10344827586206896,0.0,0.3103448275862069,0.0,0.034482758620689655,0.034482758620689655,0.06896551724137931,0.034482758620689655,0.06896551724137931,0.0,0.0,0.034482758620689655,0.0,0.034482758620689655,0.0,0.0,0.0,0.0,0.0,0.0,0.0,0.0,0.0,0.0,0.034482758620689655,0.06896551724137931,0.0,0.0,0.0,0.034482758620689655,0.034482758620689655,0.0,0.0,0.0,0.0,0.0,0.13793103448275862,0.034482758620689655,0.0,0.0,0.034482758620689655,0.0,0.0,0.0,0.0,0.0,0.0,0.0,0.0,0.0,0.034482758620689655,0.0,0.020137884377159035,0.0,0.25,0.04344578850266117,29.0,3.4011973816621555,5.25124161219614,4.464418717230567,7.0
0.05,0.05,0.05,0.05,0.3,0.3,0.05,0.1,0.2,0.05,0.4,0.0,0.0,0.05,0.0,0.0,0.15,0.0,0.0,0.0,0.0,0.05,0.1,0.0,0.0,0.0,0.0,0.0,0.05,0.0,0.0,0.05,0.0,0.05,0.05,0.0,0.0,0.0,0.05,0.0,0.05,0.0,0.0,0.0,0.4,0.0,0.05,0.0,0.0,0.05,0.0,0.0,0.0,0.0,0.05,0.05,0.05,0.0,0.0,0.0,0.03430672755394406,0.0,0.23529411764705882,0.05102668629063649,20.0,3.044522437723423,7.744869599632484,3.887158345115362,7.3
0.11764705882352941,0.058823529411764705,0.058823529411764705,0.058823529411764705,0.47058823529411764,0.4117647058823529,0.058823529411764705,0.058823529411764705,0.058823529411764705,0.0,0.17647058823529413,0.058823529411764705,0.0,0.058823529411764705,0.0,0.058823529411764705,0.058823529411764705,0.0,0.0,0.0,0.0,0.0,0.058823529411764705,0.0,0.0,0.0,0.0,0.0,0.0,0.0,0.0,0.0,0.0,0.058823529411764705,0.0,0.11764705882352941,0.0,0.058823529411764705,0.17647058823529413,0.0,0.0,0.0,0.0,0.0,0.17647058823529413,0.0,0.0,0.0,0.0,0.0,0.0,0.0,0.0,0.0,0.0,0.0,0.0,0.0,0.0,0.0,0.0463381366532627,0.0,0.3076923076923077,0.06816380230041243,17.0,2.8903717578961645,6.215872325315899,2.5667557916789914,6.0
0.0,0.0,0.0,0.0,0.25,0.375,0.125,0.125,0.0,0.125,0.125,0.0,0.125,0.125,0.125,0.0,0.0,0.0,0.0,0.125,0.0,0.25,0.125,0.0,0.0,0.0,0.0,0.0,0.0,0.0,0.0,0.0,0.0,0.125,0.0,0.125,0.0,0.125,0.0,0.0,0.0,0.0,0.0,0.0,0.125,0.0,0.0,0.0,0.0,0.0,0.0,0.0,0.0,0.0,0.0,0.0,0.125,0.0,0.0,0.125,0.021918805400948257,0.0,0.1111111111111111,0.034148484770044174,8.0,2.1972245773362196,7.155639062229566,3.4550687402713134,7.75
0.0,0.3333333333333333,0.16666666666666666,0.16666666666666666,0.0,0.3333333333333333,0.0,0.0,0.0,0.0,0.0,0.16666666666666666,0.0,0.0,0.0,0.0,0.0,0.0,0.0,0.0,0.0,0.0,0.0,0.0,0.0,0.16666666666666666,0.16666666666666666,0.16666666666666666,0.0,0.0,0.0,0.0,0.16666666666666666,0.0,0.0,0.0,0.16666666666666666,0.0,0.0,0.0,0.0,0.0,0.0,0.0,0.0,0.0,0.0,0.0,0.0,0.0,0.0,0.0,0.0,0.0,0.0,0.0,0.0,0.0,0.0,0.0,0.028148148148148144,0.0,0.2,0.06270535536316535,6.0,1.9459101490553132,4.503258334775645,4.546060565661952,5.0
0.05555555555555555,0.1111111111111111,0.1111111111111111,0.1111111111111111,0.05555555555555555,0.0,0.05555555555555555,0.0,0.1111111111111111,0.05555555555555555,0.16666666666666666,0.0,0.1111111111111111,0.0,0.1111111111111111,0.0,0.16666666666666666,0.0,0.0,0.1111111111111111,0.0,0.05555555555555555,0.1111111111111111,0.0,0.0,0.0,0.0,0.0,0.0,0.0,0.0,0.0,0.0,0.0,0.05555555555555555,0.05555555555555555,0.0,0.0,0.0,0.0,0.0,0.0,0.0,0.0,0.3333333333333333,0.05555555555555555,0.0,0.0,0.0,0.0,0.05555555555555555,0.0,0.0,0.0,0.0,0.0,0.0,0.0,0.05555555555555555,0.0,0.031750104272951815,0.0,0.2,0.0472836289820081,18.0,2.9444389791664403,6.524311113675221,6.673376253238232,9.277777777777779
0.0,0.1,0.1,0.1,0.1,0.1,0.0,0.0,0.1,0.0,0.2,0.0,0.0,0.0,0.0,0.0,0.0,0.0,0.1,0.0,0.0,0.0,0.0,0.0,0.0,0.0,0.0,0.0,0.0,0.0,0.0,0.0,0.0,0.0,0.0,0.0,0.0,0.0,0.0,0.0,0.0,0.0,0.0,0.0,0.0,0.0,0.0,0.1,0.0,0.0,0.0,0.0,0.0,0.0,0.0,0.0,0.0,0.0,0.1,0.0,0.03288914788914789,0.0,0.3333333333333333,0.06266571274105824,10.0,2.3978952727983707,3.454120904376098,2.4819347291981715,5.2
0.11764705882352941,0.0,0.0,0.0,0.17647058823529413,0.23529411764705882,0.058823529411764705,0.0,0.0,0.0,0.17647058823529413,0.058823529411764705,0.0,0.0,0.0,0.0,0.0,0.0,0.058823529411764705,0.0,0.058823529411764705,0.058823529411764705,0.11764705882352941,0.0,0.0,0.0,0.0,0.0,0.0,0.0,0.0,0.0,0.11764705882352941,0.0,0.0,0.23529411764705882,0.0,0.058823529411764705,0.058823529411764705,0.0,0.0,0.0,0.0,0.0,0.35294117647058826,0.0,0.0,0.0,0.058823529411764705,0.0,0.0,0.0,0.0,0.0,0.0,0.0,0.0,0.0,0.058823529411764705,0.058823529411764705,0.03619896667658697,0.0,0.18181818181818182,0.048920621408144425,17.0,2.8903717578961645,5.889947780962256,4.859977074290552,7.294117647058823
0.0,0.07407407407407407,0.07407407407407407,0.07407407407407407,0.1111111111111111,0.2962962962962963,0.0,0.037037037037037035,0.0,0.0,0.18518518518518517,0.0,0.1111111111111111,0.037037037037037035,0.07407407407407407,0.0,0.037037037037037035,0.0,0.0,0.1111111111111111,0.0,0.07407407407407407,0.037037037037037035,0.0,0.0,0.0,0.0,0.0,0.0,0.0,0.037037037037037035,0.07407407407407407,0.037037037037037035,0.07407407407407407,0.037037037037037035,0.037037037037037035,0.0,0.0,0.037037037037037035,0.037037037037037035,0.07407407407407407,0.037037037037037035,0.0,0.0,0.3333333333333333,0.07407407407407407,0.0,0.0,0.07407407407407407,0.0,0.0,0.0,0.037037037037037035,0.0,0.0,0.0,0.0,0.0,0.0,0.0,0.04464237434307771,0.0,0.5,0.07329008682440476,27.0,3.332204510175204,7.450158690458907,4.537301579589202,7.074074074074074
0.08333333333333333,0.08333333333333333,0.0,0.0,0.0,0.16666666666666666,0.08333333333333333,0.08333333333333333,0.0,0.08333333333333333,0.25,0.0,0.0,0.0,0.0,0.0,0.08333333333333333,0.0,0.16666666666666666,0.0,0.0,0.16666666666666666,0.08333333333333333,0.0,0.0,0.08333333333333333,0.0,0.08333333333333333,0.0,0.0,0.0,0.0,0.08333333333333333,0.0,0.0,0.16666666666666666,0.08333333333333333,0.0,0.16666666666666666,0.0,0.0,0.0,0.0,0.0,0.16666666666666666,0.0,0.0,0.0,0.0,0.0,0.0,0.0,0.0,0.0,0.0,0.0,0.0,0.08333333333333333,0.0,0.0,0.036824082779965135,0.0,0.25,0.06592848878492176,12.0,2.5649493574615367,6.66992500144231,3.4641016151377544,6.0
0.14814814814814814,0.1111111111111111,0.07407407407407407,0.07407407407407407,0.1111111111111111,0.18518518518518517,0.07407407407407407,0.037037037037037035,0.1111111111111111,0.0,0.25925925925925924,0.037037037037037035,0.0,0.0,0.0,0.07407407407407407,0.1111111111111111,0.037037037037037035,0.07407407407407407,0.0,0.0,0.1111111111111111,0.0,0.037037037037037035,0.0,0.0,0.037037037037037035,0.0,0.0,0.0,0.0,0.0,0.0,0.037037037037037035,0.037037037037037035,0.037037037037037035,0.0,0.0,0.07407407407407407,0.0,0.0,0.0,0.0,0.0,0.037037037037037035,0.037037037037037035,0.0,0.0,0.0,0.0,0.0,0.0,0.0,0.0,0.037037037037037035,0.0,0.0,0.0,0.037037037037037035,0.0,0.035134841746143015,0.0,0.75,0.09755600379340972,27.0,3.332204510175204,6.906787043679015,3.3222036417169005,6.0
0.0,0.16666666666666666,0.16666666666666666,0.16666666666666666,0.3333333333333333,0.3333333333333333,0.0,0.0,0.0,0.0,0.0,0.0,0.0,0.0,0.0,0.0,0.0,0.0,0.0,0.0,0.0,0.0,0.16666666666666666,0.0,0.0,0.0,0.0,0.0,0.0,0.0,0.0,0.0,0.0,0.0,0.0,0.0,0.0,0.0,0.0,0.0,0.0,0.0,0.0,0.0,0.0,0.0,0.0,0.0,0.0,0.0,0.0,0.0,0.0,0.0,0.0,0.0,0.0,0.16666666666666666,0.16666666666666666,0.0,0.020634920634920634,0.0,0.16666666666666666,0.05278821951846314,6.0,1.9459101490553132,3.6416041678685938,2.6874192494328497,4.666666666666667
0.09090909090909091,0.09090909090909091,0.045454545454545456,0.045454545454545456,0.13636363636363635,0.22727272727272727,0.045454545454545456,0.0,0.09090909090909091,0.0,0.2727272727272727,0.0,0.045454545454545456,0.0,0.045454545454545456,0.045454545454545456,0.13636363636363635,0.0,0.045454545454545456,0.045454545454545456,0.0,0.045454545454545456,0.045454545454545456,0.0,0.0,0.045454545454545456,0.0,0.045454545454545456,0.0,0.0,0.0,0.0,0.0,0.0,0.0,0.0,0.045454545454545456,0.0,0.09090909090909091,0.0,0.0,0.0,0.0,0.0,0.18181818181818182,0.045454545454545456,0.0,0.0,0.045454545454545456,0.0,0.0,0.0,0.0,0.0,0.0,0.0,0.0,0.0,0.0,0.0,0.022504258890813516,0.0,0.2222222222222222,0.04769603012564749,22.0,3.1354942159291497,6.526627306225018,2.1841843230425386,6.045454545454546
0.041666666666666664,0.041666666666666664,0.041666666666666664,0.041666666666666664,0.125,0.4166666666666667,0.0,0.0,0.0,0.0,0.2916666666666667,0.0,0.041666666666666664,0.041666666666666664,0.041666666666666664,0.0,0.041666666666666664,0.0,0.0,0.0,0.0,0.08333333333333333,0.041666666666666664,0.0,0.0,0.0,0.0,0.0,0.0,0.0,0.0,0.0,0.041666666666666664,0.041666666666666664,0.0,0.0,0.0,0.0,0.125,0.041666666666666664,0.0,0.041666666666666664,0.0,0.0,0.25,0.0,0.0,0.0,0.041666666666666664,0.041666666666666664,0.0,0.0,0.0,0.0,0.0,0.0,0.0,0.0,0.0,0.0,0.04081166904526774,0.0,0.23076923076923078,0.05773092010398837,24.0,3.2188758248682006,5.4590816508851,4.509057243174256,6.791666666666667
0.0,0.3076923076923077,0.23076923076923078,0.23076923076923078,0.07692307692307693,0.07692307692307693,0.0,0.0,0.0,0.0,0.15384615384615385,0.07692307692307693,0.07692307692307693,0.0,0.07692307692307693,0.0,0.0,0.0,0.0,0.07692307692307693,0.0,0.0,0.0,0.0,0.0,0.0,0.07692307692307693,0.0,0.0,0.0,0.0,0.0,0.0,0.07692307692307693,0.0,0.0,0.0,0.0,0.07692307692307693,0.0,0.0,0.0,0.0,0.0,0.07692307692307693,0.07692307692307693,0.0,0.0,0.0,0.0,0.0,0.0,0.0,0.0,0.0,0.0,0.0,0.0,0.0,0.0,0.06068891446332503,0.0,1.0,0.19708339684102588,13.0,2.6390573296152584,5.046179885609091,4.196363599072571,6.076923076923077
0.06896551724137931,0.0,0.0,0.0,0.10344827586206896,0.10344827586206896,0.0,0.0,0.0,0.0,0.3448275862068966,0.0,0.10344827586206896,0.0,0.10344827586206896,0.0,0.034482758620689655,0.0,0.034482758620689655,0.06896551724137931,0.0,0.034482758620689655,0.0,0.0,0.0,0.0,0.0,0.0,0.0,0.0,0.0,0.034482758620689655,0.0,0.06896551724137931,0.034482758620689655,0.0,0.0,0.0,0.0,0.0,0.034482758620689655,0.0,0.0,0.0,0.3103448275862069,0.0,0.0,0.0,0.06896551724137931,0.034482758620689655,0.0,0.0,0.0,0.0,0.0,0.0,0.0,0.0,0.0,0.034482758620689655,0.039754150026442,0.0,0.26666666666666666,0.054311244834558924,29.0,3.4011973816621555,4.8123086482926745,3.307110488926713,6.448275862068965
0.0,0.0,0.0,0.0,0.4,0.2,0.0,0.0,0.0,0.0,0.4,0.0,0.0,0.0,0.0,0.0,0.0,0.0,0.2,0.0,0.0,0.0,0.0,0.0,0.0,0.0,0.0,0.0,0.0,0.0,0.0,0.0,0.0,0.0,0.0,0.0,0.0,0.0,0.0,0.0,0.0,0.0,0.0,0.0,0.2,0.0,0.0,0.0,0.0,0.0,0.0,0.0,0.0,0.0,0.0,0.0,0.0,0.0,0.0,0.0,0.020192307692307693,0.0,0.125,0.041790988100193716,5.0,1.791759469228055,2.450699332842307,4.1952353926806065,7.0
0.05,0.1,0.1,0.1,0.3,0.2,0.0,0.05,0.1,0.0,0.25,0.0,0.0,0.0,0.0,0.05,0.1,0.0,0.0,0.0,0.0,0.05,0.05,0.05,0.0,0.0,0.05,0.0,0.0,0.0,0.0,0.0,0.0,0.05,0.0,0.0,0.0,0.0,0.0,0.0,0.0,0.0,0.0,0.0,0.2,0.0,0.0,0.05,0.0,0.0,0.0,0.0,0.0,0.0,0.0,0.0,0.0,0.0,0.0,0.0,0.022583870036468924,0.0,1.0,0.10490501767520832,20.0,3.044522437723423,5.555692606347801,5.075431016179809,7.2
0.0,0.05,0.0,0.0,0.15,0.3,0.05,0.0,0.15,0.0,0.35,0.0,0.0,0.0,0.0,0.0,0.15,0.0,0.05,0.0,0.0,0.05,0.0,0.05,0.0,0.0,0.0,0.0,0.0,0.0,0.0,0.05,0.05,0.05,0.05,0.0,0.0,0.0,0.0,0.0,0.05,0.0,0.0,0.0,0.15,0.05,0.0,0.0,0.0,0.05,0.0,0.0,0.0,0.0,0.05,0.0,0.0,0.0,0.0,0.0,0.04440934639099167,0.0,0.3333333333333333,0.07591687312024677,20.0,3.044522437723423,5.502622906916786,3.9560080889704965,6.5
0.0,0.0,0.0,0.0,0.0,0.0,0.0,0.0,0.0,0.0,0.3333333333333333,0.0,0.0,0.0,0.0,0.0,0.0,0.0,0.0,0.0,0.0,0.0,0.0,0.0,0.0,0.0,0.0,0.0,0.0,0.0,0.0,0.16666666666666666,0.0,0.16666666666666666,0.0,0.0,0.0,0.0,0.16666666666666666,0.0,0.16666666666666666,0.0,0.0,0.0,0.16666666666666666,0.0,0.0,0.0,0.0,0.16666666666666666,0.0,0.16666666666666666,0.0,0.0,0.0,0.0,0.0,0.0,0.0,0.0,0.013461538461538462,0.0,0.125,0.035425004819610514,6.0,1.9459101490553132,3.544110417748401,1.7716909687891083,5.833333333333333
0.0,0.07692307692307693,0.07692307692307693,0.07692307692307693,0.15384615384615385,0.15384615384615385,0.0,0.0,0.07692307692307693,0.0,0.15384615384615385,0.0,0.07692307692307693,0.0,0.07692307692307693,0.0,0.0,0.0,0.15384615384615385,0.07692307692307693,0.0,0.07692307692307693,0.07692307692307693,0.07692307692307693,0.0,0.0,0.0,0.0,0.0,0.0,0.07692307692307693,0.07692307692307693,0.0,0.0,0.07692307692307693,0.0,0.0,0.0,0.07692307692307693,0.0,0.07692307692307693,0.0,0.0,0.0,0.23076923076923078,0.0,0.07692307692307693,0.07692307692307693,0.0,0.0,0.07692307692307693,0.0,0.0,0.0,0.0,0.0,0.0,0.0,0.0,0.07692307692307693,0.024775242563704104,0.0,0.25,0.05197145178994701,13.0,2.6390573296152584,7.558331080159178,4.781621620898479,7.538461538461538
0.0,0.0,0.0,0.0,0.14285714285714285,0.0,0.14285714285714285,0.14285714285714285,0.0,0.0,0.0,0.0,0.0,0.14285714285714285,0.0,0.0,0.0,0.0,0.0,0.0,0.0,0.0,0.14285714285714285,0.0,0.0,0.0,0.0,0.0,0.0,0.0,0.0,0.0,0.0,0.0,0.0,0.2857142857142857,0.0,0.0,0.14285714285714285,0.0,0.0,0.0,0.0,0.0,0.2857142857142857,0.14285714285714285,0.0,0.14285714285714285,0.14285714285714285,0.0,0.0,0.0,0.0,0.0,0.0,0.0,0.0,0.0,0.0,0.0,0.035947975681500675,0.0,0.16666666666666666,0.04941906635471549,7.0,2.0794415416798357,4.64223056953555,4.558016038155376,7.714285714285714
0.06666666666666667,0.0,0.0,0.0,0.26666666666666666,0.5333333333333333,0.0,0.0,0.13333333333333333,0.0,0.26666666666666666,0.0,0.0,0.0,0.0,0.06666666666666667,0.13333333333333333,0.0,0.06666666666666667,0.0,0.0,0.0,0.06666666666666667,0.0,0.0,0.0,0.0,0.0,0.0,0.0,0.0,0.0,0.0,0.0,0.0,0.13333333333333333,0.0,0.0,0.06666666666666667,0.0,0.0,0.0,0.0,0.0,0.06666666666666667,0.0,0.0,0.0,0.0,0.0,0.06666666666666667,0.0,0.0,0.0,0.0,0.0,0.0,0.0,0.0,0.0,0.05819424733669584,0.0,0.6666666666666666,0.0981120584801384,15.0,2.772588722239781,4.486655151509804,6.9550940563973205,7.6
0.03333333333333333,0.23333333333333334,0.2,0.2,0.13333333333333333,0.13333333333333333,0.03333333333333333,0.0,0.0,0.03333333333333333,0.13333333333333333,0.0,0.06666666666666667,0.06666666666666667,0.03333333333333333,0.03333333333333333,0.0,0.0,0.0,0.03333333333333333,0.0,0.03333333333333333,0.1,0.0,0.0,0.0,0.0,0.0,0.0,0.0,0.0,0.0,0.06666666666666667,0.0,0.0,0.03333333333333333,0.0,0.0,0.03333333333333333,0.0,0.0,0.0,0.0,0.0,0.2,0.0,0.03333333333333333,0.0,0.0,0.0,0.0,0.0,0.0,0.0,0.03333333333333333,0.0,0.0,0.0,0.0,0.0,0.07725580810167278,0.0,1.0,0.23297815254046508,30.0,3.4339872044851463,5.958568899337935,4.039389392800187,6.5
0.09090909090909091,0.09090909090909091,0.0,0.0,0.36363636363636365,0.18181818181818182,0.09090909090909091,0.09090909090909091,0.18181818181818182,0.0,0.2727272727272727,0.0,0.09090909090909091,0.09090909090909091,0.09090909090909091,0.0,0.09090909090909091,0.0,0.09090909090909091,0.09090909090909091,0.0,0.0,0.09090909090909091,0.0,0.0,0.0,0.0,0.0,0.0,0.0,0.09090909090909091,0.0,0.0,0.0,0.0,0.0,0.0,0.0,0.09090909090909091,0.0,0.0,0.0,0.0,0.0,0.36363636363636365,0.0,0.0,0.0,0.0,0.0,0.0,0.0,0.09090909090909091,0.0,0.0,0.0,0.0,0.0,0.0,0.09090909090909091,0.03164315601736246,0.0,0.16666666666666666,0.05120217040113802,11.0,2.4849066497880004,7.18436918699595,5.176233034722458,8.545454545454545
0.0,0.14285714285714285,0.14285714285714285,0.14285714285714285,0.0,0.14285714285714285,0.0,0.0,0.0,0.0,0.2857142857142857,0.0,0.0,0.0,0.0,0.0,0.14285714285714285,0.0,0.0,0.0,0.0,0.14285714285714285,0.0,0.0,0.0,0.0,0.0,0.0,0.0,0.0,0.0,0.0,0.0,0.0,0.0,0.0,0.0,0.0,0.0,0.0,0.0,0.0,0.14285714285714285,0.0,0.0,0.0,0.0,0.0,0.0,0.0,0.0,0.0,0.0,0.0,0.0,0.0,0.0,0.0,0.0,0.0,0.010317460317460317,0.0,0.1,0.026465606350052486,7.0,2.0794415416798357,3.323742042645491,3.3135467156409146,5.857142857142857
0.05555555555555555,0.05555555555555555,0.05555555555555555,0.05555555555555555,0.2222222222222222,0.1111111111111111,0.0,0.0,0.1111111111111111,0.0,0.3333333333333333,0.0,0.05555555555555555,0.05555555555555555,0.05555555555555555,0.0,0.0,0.0,0.05555555555555555,0.05555555555555555,0.0,0.1111111111111111,0.1111111111111111,0.0,0.0,0.0,0.0,0.0,0.0,0.0,0.0,0.0,0.0,0.0,0.0,0.05555555555555555,0.0,0.0,0.0,0.0,0.0,0.0,0.05555555555555555,0.0,0.16666666666666666,0.0,0.0,0.0,0.0,0.0,0.0,0.0,0.0,0.0,0.0,0.0,0.0,0.0,0.0,0.0,0.04273809493821104,0.0,0.3333333333333333,0.06367453919067292,18.0,2.9444389791664403,5.39849652998131,4.608432957197886,6.611111111111111
0.043478260869565216,0.043478260869565216,0.043478260869565216,0.043478260869565216,0.21739130434782608,0.2608695652173913,0.043478260869565216,0.043478260869565216,0.043478260869565216,0.043478260869565216,0.21739130434782608,0.0,0.0,0.0,0.0,0.0,0.13043478260869565,0.0,0.043478260869565216,0.0,0.0,0.0,0.08695652173913043,0.0,0.0,0.0,0.043478260869565216,0.0,0.043478260869565216,0.0,0.0,0.0,0.0,0.0,0.0,0.13043478260869565,0.0,0.043478260869565216,0.043478260869565216,0.0,0.0,0.0,0.0,0.043478260869565216,0.13043478260869565,0.0,0.0,0.0,0.0,0.0,0.0,0.0,0.0,0.0,0.0,0.0,0.0,0.0,0.043478260869565216,0.0,0.03149414853874212,0.0,0.2,0.04784513938599586,23.0,3.1780538303479458,5.8693862475958065,3.77034493716153,6.956521739130435
0.0,0.14285714285714285,0.14285714285714285,0.14285714285714285,0.2857142857142857,0.2857142857142857,0.0,0.0,0.0,0.0,0.2857142857142857,0.0,0.0,0.0,0.0,0.0,0.0,0.0,0.0,0.0,0.0,0.14285714285714285,0.0,0.0,0.0,0.0,0.0,0.0,0.0,0.0,0.0,0.0,0.0,0.0,0.0,0.0,0.0,0.0,0.0,0.0,0.0,0.0,0.14285714285714285,0.0,0.2857142857142857,0.0,0.0,0.0,0.0,0.0,0.0,0.0,0.14285714285714285,0.0,0.0,0.0,0.0,0.0,0.0,0.0,0.04396225467654039,0.0,0.1111111111111111,0.04210959787879027,7.0,2.0794415416798357,4.471852701258065,4.130523512800274,7.285714285714286
0.0,0.0,0.0,0.0,0.1111111111111111,0.3888888888888889,0.0,0.0,0.05555555555555555,0.0,0.2222222222222222,0.0,0.0,0.0,0.0,0.0,0.0,0.0,0.0,0.0,0.1111111111111111,0.0,0.05555555555555555,0.0,0.0,0.0,0.05555555555555555,0.0,0.0,0.0,0.05555555555555555,0.0,0.1111111111111111,0.1111111111111111,0.05555555555555555,0.05555555555555555,0.0,0.0,0.05555555555555555,0.0,0.0,0.0,0.0,0.0,0.05555555555555555,0.05555555555555555,0.05555555555555555,0.0,0.0,0.0,0.0,0.0,0.1111111111111111,0.0,0.0,0.0,0.0,0.0,0.0,0.0,0.03920945438872289,0.0,0.2857142857142857,0.05457924396545507,18.0,2.9444389791664403,5.089788366128248,3.063625706436053,6.055555555555555
0.06666666666666667,0.06666666666666667,0.06666666666666667,0.06666666666666667,0.4,0.2,0.13333333333333333,0.13333333333333333,0.0,0.06666666666666667,0.2,0.06666666666666667,0.06666666666666667,0.0,0.06666666666666667,0.0,0.13333333333333333,0.0,0.0,0.06666666666666667,0.0,0.06666666666666667,0.2,0.0,0.0,0.0,0.0,0.0,0.06666666666666667,0.0,0.06666666666666667,0.0,0.0,0.0,0.13333333333333333,0.06666666666666667,0.0,0.0,0.06666666666666667,0.0,0.0,0.0,0.0,0.0,0.26666666666666666,0.0,0.0,0.0,0.0,0.0,0.0,0.0,0.0,0.0,0.0,0.0,0.06666666666666667,0.0,0.0,0.0,0.0405889901022853,0.0,0.2222222222222222,0.05662563806841019,15.0,2.772588722239781,7.8876645003160295,4.616877251514876,7.133333333333334
0.0,0.2,0.2,0.2,0.0,0.4,0.1,0.0,0.0,0.0,0.2,0.1,0.0,0.0,0.0,0.0,0.0,0.0,0.0,0.0,0.0,0.0,0.0,0.0,0.0,0.0,0.0,0.0,0.0,0.0,0.0,0.0,0.0,0.1,0.0,0.0,0.0,0.0,0.0,0.0,0.0,0.0,0.0,0.0,0.1,0.0,0.0,0.1,0.0,0.0,0.0,0.1,0.0,0.0,0.0,0.0,0.0,0.0,0.0,0.0,0.04443497533693612,0.0,1.0,0.15211133430606316,10.0,2.3978952727983707,4.3794705707972525,4.049691346263317,6.0
0.16666666666666666,0.16666666666666666,0.16666666666666666,0.16666666666666666,0.16666666666666666,0.0,0.0,0.0,0.0,0.0,0.0,0.16666666666666666,0.0,0.0,0.0,0.0,0.0,0.0,0.0,0.0,0.0,0.0,0.3333333333333333,0.0,0.0,0.0,0.0,0.0,0.0,0.0,0.0,0.16666666666666666,0.0,0.16666666666666666,0.0,0.16666666666666666,0.0,0.0,0.16666666666666666,0.0,0.16666666666666666,0.0,0.0,0.0,0.16666666666666666,0.0,0.0,0.0,0.0,0.16666666666666666,0.0,0.0,0.0,0.0,0.0,0.0,0.0,0.0,0.0,0.0,0.03564311027725662,0.0,0.25,0.06678324068797918,6.0,1.9459101490553132,6.129072918469556,11.818065267490557,10.0
0.0,0.0,0.0,0.0,0.3333333333333333,0.1111111111111111,0.0,0.0,0.0,0.0,0.1111111111111111,0.0,0.0,0.0,0.0,0.0,0.0,0.1111111111111111,0.0,0.0,0.0,0.1111111111111111,0.0,0.0,0.0,0.0,0.0,0.0,0.0,0.0,0.0,0.0,0.0,0.0,0.0,0.1111111111111111,0.0,0.1111111111111111,0.0,0.0,0.0,0.0,0.0,0.0,0.3333333333333333,0.0,0.0,0.0,0.0,0.0,0.0,0.0,0.0,0.0,0.0,0.0,0.0,0.0,0.0,0.1111111111111111,0.022116001282667948,0.0,0.18181818181818182,0.04834726478875387,9.0,2.302585092994046,3.522138890491458,2.0548046676563256,5.666666666666667
0.0,0.13636363636363635,0.13636363636363635,0.13636363636363635,0.22727272727272727,0.09090909090909091,0.0,0.0,0.0,0.0,0.2727272727272727,0.0,0.045454545454545456,0.045454545454545456,0.045454545454545456,0.045454545454545456,0.0,0.0,0.045454545454545456,0.045454545454545456,0.0,0.045454545454545456,0.0,0.0,0.0,0.0,0.0,0.0,0.0,0.0,0.0,0.045454545454545456,0.0,0.0,0.0,0.13636363636363635,0.0,0.0,0.045454545454545456,0.0,0.0,0.0,0.0,0.0,0.09090909090909091,0.0,0.0,0.0,0.045454545454545456,0.0,0.0,0.0,0.045454545454545456,0.0,0.0,0.0,0.0,0.0,0.0,0.0,0.05565795315795316,0.0,1.0,0.16994766467718106,22.0,3.1354942159291497,5.423610728218166,3.652238077563758,6.454545454545454
0.1111111111111111,0.0,0.0,0.0,0.2222222222222222,0.3333333333333333,0.1111111111111111,0.05555555555555555,0.05555555555555555,0.1111111111111111,0.2777777777777778,0.0,0.0,0.05555555555555555,0.0,0.0,0.0,0.0,0.05555555555555555,0.0,0.0,0.05555555555555555,0.05555555555555555,0.0,0.0,0.0,0.05555555555555555,0.0,0.1111111111111111,0.0,0.0,0.1111111111111111,0.0,0.1111111111111111,0.0,0.05555555555555555,0.0,0.0,0.0,0.0,0.1111111111111111,0.0,0.0,0.0,0.3333333333333333,0.0,0.0,0.0,0.0,0.0,0.0,0.0,0.0,0.0,0.0,0.0,0.0,0.0,0.0,0.0,0.06222326962928467,0.0,0.5714285714285714,0.08247661954771039,18.0,2.9444389791664403,6.370976921051597,2.6034165586355513,6.666666666666667
0.038461538461538464,0.038461538461538464,0.038461538461538464,0.038461538461538464,0.19230769230769232,0.2692307692307692,0.0,0.0,0.0,0.0,0.15384615384615385,0.0,0.07692307692307693,0.038461538461538464,0.07692307692307693,0.0,0.0,0.0,0.038461538461538464,0.038461538461538464,0.0,0.07692307692307693,0.11538461538461539,0.038461538461538464,0.0,0.0,0.038461538461538464,0.0,0.0,0.0,0.0,0.0,0.038461538461538464,0.0,0.0,0.0,0.0,0.0,0.0,0.0,0.0,0.0,0.0,0.0,0.3076923076923077,0.07692307692307693,0.0,0.038461538461538464,0.0,0.0,0.038461538461538464,0.0,0.0,0.0,0.0,0.0,0.0,0.038461538461538464,0.038461538461538464,0.0,0.03419379281194945,0.0,0.3333333333333333,0.06552103703292497,26.0,3.295836866004329,5.934828221458076,2.9525337629401927,6.115384615384615
0.0,0.058823529411764705,0.058823529411764705,0.058823529411764705,0.17647058823529413,0.17647058823529413,0.058823529411764705,0.0,0.0,0.0,0.23529411764705882,0.058823529411764705,0.0,0.058823529411764705,0.0,0.0,0.11764705882352941,0.058823529411764705,0.0,0.0,0.0,0.0,0.11764705882352941,0.0,0.0,0.0,0.0,0.0,0.0,0.0,0.0,0.058823529411764705,0.058823529411764705,0.11764705882352941,0.058823529411764705,0.058823529411764705,0.0,0.058823529411764705,0.17647058823529413,0.0,0.058823529411764705,0.0,0.0,0.0,0.058823529411764705,0.058823529411764705,0.058823529411764705,0.058823529411764705,0.0,0.0,0.0,0.0,0.0,0.0,0.0,0.0,0.0,0.0,0.0,0.0,0.027173263244691815,0.0,0.25,0.06005138928383959,17.0,2.8903717578961645,6.993176457560106,3.5235245016169268,6.235294117647059
0.0625,0.25,0.25,0.25,0.1875,0.125,0.0625,0.0,0.0,0.0,0.25,0.0,0.0,0.0,0.0,0.0,0.0,0.0,0.0,0.0,0.0,0.0625,0.0625,0.0,0.0,0.0,0.0625,0.0,0.0,0.0,0.0625,0.0,0.0625,0.0625,0.0,0.0625,0.0,0.0,0.0,0.0,0.0,0.0,0.0,0.0,0.0625,0.0,0.0,0.0,0.0,0.0,0.0,0.0,0.0,0.0,0.0,0.0,0.0,0.0,0.0,0.0,0.09533143908199194,0.0,1.0,0.23401770848838696,16.0,2.833213344056216,5.327819531114783,3.0,5.5
0.0,0.15384615384615385,0.15384615384615385,0.15384615384615385,0.15384615384615385,0.23076923076923078,0.0,0.0,0.07692307692307693,0.0,0.15384615384615385,0.0,0.0,0.0,0.0,0.0,0.0,0.0,0.07692307692307693,0.0,0.0,0.15384615384615385,0.07692307692307693,0.07692307692307693,0.0,0.0,0.0,0.0,0.0,0.0,0.0,0.0,0.0,0.0,0.0,0.0,0.0,0.0,0.0,0.0,0.0,0.0,0.0,0.0,0.07692307692307693,0.0,0.0,0.07692307692307693,0.0,0.0,0.0,0.0,0.0,0.0,0.0,0.0,0.0,0.0,0.0,0.0,0.039419136468208084,0.0,1.0,0.12292127514297498,13.0,2.6390573296152584,4.688795890676882,6.071565310975728,6.538461538461538
0.03333333333333333,0.03333333333333333,0.03333333333333333,0.03333333333333333,0.23333333333333334,0.3333333333333333,0.06666666666666667,0.06666666666666667,0.06666666666666667,0.0,0.26666666666666666,0.06666666666666667,0.06666666666666667,0.0,0.03333333333333333,0.0,0.03333333333333333,0.0,0.03333333333333333,0.03333333333333333,0.0,0.03333333333333333,0.06666666666666667,0.0,0.0,0.0,0.0,0.0,0.0,0.0,0.0,0.03333333333333333,0.0,0.06666666666666667,0.03333333333333333,0.0,0.0,0.0,0.0,0.0,0.03333333333333333,0.0,0.0,0.0,0.2,0.0,0.0,0.0,0.0,0.0,0.0,0.0,0.0,0.0,0.03333333333333333,0.0,0.0,0.0,0.0,0.0,0.029810336036949773,0.0,0.25,0.051829060335819896,30.0,3.4339872044851463,5.9406371379230105,4.597704741377907,6.833333333333333
0.0,0.07692307692307693,0.07692307692307693,0.07692307692307693,0.23076923076923078,0.07692307692307693,0.0,0.0,0.0,0.0,0.3076923076923077,0.0,0.0,0.0,0.0,0.0,0.23076923076923078,0.0,0.23076923076923078,0.0,0.0,0.15384615384615385,0.0,0.0,0.0,0.0,0.0,0.0,0.0,0.0,0.07692307692307693,0.0,0.0,0.07692307692307693,0.07692307692307693,0.0,0.0,0.0,0.0,0.0,0.0,0.0,0.0,0.0,0.3076923076923077,0.07692307692307693,0.0,0.0,0.0,0.0,0.0,0.0,0.0,0.0,0.0,0.0,0.0,0.0,0.0,0.0,0.0373530191504623,0.0,0.2,0.04358338647699028,13.0,2.6390573296152584,5.203631529486084,4.908632656475021,8.538461538461538
0.047619047619047616,0.09523809523809523,0.047619047619047616,0.047619047619047616,0.047619047619047616,0.2857142857142857,0.09523809523809523,0.09523809523809523,0.0,0.14285714285714285,0.19047619047619047,0.0,0.0,0.0,0.047619047619047616,0.0,0.047619047619047616,0.0,0.047619047619047616,0.0,0.0,0.09523809523809523,0.09523809523809523,0.0,0.0,0.0,0.09523809523809523,0.0,0.047619047619047616,0.0,0.047619047619047616,0.0,0.0,0.0,0.0,0.0,0.0,0.0,0.0,0.0,0.0,0.0,0.0,0.0,0.14285714285714285,0.0,0.0,0.0,0.0,0.0,0.0,0.0,0.0,0.0,0.0,0.0,0.0,0.0,0.0,0.0,0.03702910649394506,0.0,0.3125,0.060850041111425585,21.0,3.091042453358316,5.595056887340965,2.647893099896732,5.523809523809524
0.045454545454545456,0.09090909090909091,0.09090909090909091,0.09090909090909091,0.13636363636363635,0.18181818181818182,0.0,0.0,0.045454545454545456,0.0,0.22727272727272727,0.0,0.045454545454545456,0.0,0.09090909090909091,0.0,0.045454545454545456,0.045454545454545456,0.09090909090909091,0.0,0.0,0.0,0.0,0.045454545454545456,0.0,0.0,0.0,0.0,0.0,0.0,0.045454545454545456,0.0,0.0,0.045454545454545456,0.0,0.045454545454545456,0.0,0.0,0.0,0.0,0.0,0.0,0.0,0.0,0.18181818181818182,0.0,0.0,0.0,0.0,0.045454545454545456,0.0,0.0,0.0,0.0,0.0,0.0,0.0,0.0,0.0,0.0,0.03034579892652432,0.0,1.0,0.10612568209623216,22.0,3.1354942159291497,5.371591377015565,5.1250881871066225,6.2272727272727275
0.03571428571428571,0.10714285714285714,0.07142857142857142,0.07142857142857142,0.21428571428571427,0.14285714285714285,0.03571428571428571,0.0,0.0,0.0,0.25,0.03571428571428571,0.03571428571428571,0.03571428571428571,0.0,0.0,0.07142857142857142,0.03571428571428571,0.03571428571428571,0.03571428571428571,0.0,0.0,0.03571428571428571,0.0,0.0,0.0,0.0,0.0,0.0,0.0,0.0,0.0,0.07142857142857142,0.03571428571428571,0.0,0.03571428571428571,0.0,0.03571428571428571,0.0,0.0,0.0,0.0,0.0,0.0,0.2857142857142857,0.0,0.0,0.0,0.03571428571428571,0.0,0.0,0.0,0.0,0.0,0.0,0.0,0.0,0.0,0.0,0.0,0.03836703543062813,0.0,1.0,0.10649392264710415,28.0,3.367295829986474,5.558723007854608,4.065001192358688,7.107142857142857
0.0,0.08695652173913043,0.08695652173913043,0.08695652173913043,0.17391304347826086,0.21739130434782608,0.0,0.0,0.0,0.0,0.2608695652173913,0.0,0.043478260869565216,0.0,0.043478260869565216,0.0,0.043478260869565216,0.0,0.0,0.043478260869565216,0.0,0.043478260869565216,0.0,0.0,0.0,0.0,0.0,0.0,0.0,0.0,0.0,0.0,0.043478260869565216,0.08695652173913043,0.043478260869565216,0.0,0.0,0.0,0.0,0.0,0.0,0.0,0.0,0.0,0.08695652173913043,0.0,0.043478260869565216,0.0,0.0,0.043478260869565216,0.0,0.0,0.0,0.0,0.0,0.0,0.0,0.0,0.0,0.0,0.03343746589544909,0.0,0.2857142857142857,0.06652715421123258,23.0,3.1780538303479458,4.725290914224986,4.153937708694325,5.304347826086956
0.0,0.14285714285714285,0.14285714285714285,0.14285714285714285,0.14285714285714285,0.21428571428571427,0.0,0.0,0.14285714285714285,0.0,0.5,0.0,0.0,0.0,0.0,0.0,0.0,0.0,0.0,0.0,0.0,0.0,0.0,0.0,0.0,0.0,0.0,0.0,0.0,0.0,0.0,0.0,0.0,0.07142857142857142,0.0,0.0,0.0,0.0,0.0,0.07142857142857142,0.0,0.07142857142857142,0.0,0.0,0.21428571428571427,0.14285714285714285,0.0,0.0,0.07142857142857142,0.0,0.0,0.0,0.0,0.0,0.0,0.0,0.0,0.0,0.0,0.0,0.043307243954932184,0.0,1.0,0.11232198429908662,14.0,2.70805020110221,4.946573805781454,2.913725436338734,6.285714285714286
0.10526315789473684,0.05263157894736842,0.05263157894736842,0.05263157894736842,0.15789473684210525,0.3157894736842105,0.0,0.0,0.15789473684210525,0.0,0.5263157894736842,0.0,0.0,0.0,0.0,0.0,0.15789473684210525,0.0,0.05263157894736842,0.0,0.0,0.0,0.05263157894736842,0.05263157894736842,0.0,0.0,0.0,0.0,0.0,0.0,0.0,0.0,0.0,0.0,0.0,0.05263157894736842,0.0,0.0,0.05263157894736842,0.0,0.0,0.0,0.0,0.0,0.21052631578947367,0.0,0.0,0.0,0.0,0.0,0.0,0.05263157894736842,0.05263157894736842,0.0,0.0,0.0,0.0,0.0,0.0,0.0,0.050289388684654754,0.0,1.0,0.10578482757311955,19.0,2.995732273553991,5.3248057679734755,4.246556369251434,7.578947368421052
0.0,0.07142857142857142,0.07142857142857142,0.07142857142857142,0.2857142857142857,0.2857142857142857,0.07142857142857142,0.07142857142857142,0.0,0.0,0.07142857142857142,0.07142857142857142,0.0,0.0,0.0,0.0,0.07142857142857142,0.0,0.07142857142857142,0.0,0.0,0.14285714285714285,0.07142857142857142,0.0,0.0,0.0,0.0,0.0,0.07142857142857142,0.0,0.0,0.0,0.0,0.07142857142857142,0.0,0.0,0.0,0.0,0.07142857142857142,0.0,0.0,0.0,0.0,0.0,0.07142857142857142,0.0,0.0,0.0,0.0,0.07142857142857142,0.0,0.0,0.0,0.0,0.0,0.0,0.07142857142857142,0.0,0.0,0.0,0.031672021507186336,0.0,0.25,0.05526687770772478,14.0,2.70805020110221,5.785087712392694,1.546886273407694,5.5
0.058823529411764705,0.058823529411764705,0.058823529411764705,0.058823529411764705,0.058823529411764705,0.058823529411764705,0.0,0.0,0.0,0.0,0.23529411764705882,0.0,0.0,0.058823529411764705,0.0,0.0,0.0,0.0,0.058823529411764705,0.0,0.0,0.17647058823529413,0.058823529411764705,0.0,0.0,0.0,0.0,0.0,0.0,0.0,0.058823529411764705,0.0,0.058823529411764705,0.0,0.0,0.0,0.0,0.0,0.0,0.0,0.0,0.0,0.0,0.0,0.17647058823529413,0.0,0.0,0.0,0.0,0.0,0.0,0.0,0.0,0.0,0.0,0.0,0.0,0.0,0.0,0.0,0.026353434924863493,0.0,0.3333333333333333,0.059885207573361424,17.0,2.8903717578961645,4.01923203893707,1.816875907233,4.588235294117647
0.08333333333333333,0.08333333333333333,0.08333333333333333,0.08333333333333333,0.25,0.25,0.08333333333333333,0.08333333333333333,0.08333333333333333,0.0,0.3333333333333333,0.08333333333333333,0.0,0.0,0.0,0.0,0.0,0.0,0.0,0.0,0.0,0.0,0.16666666666666666,0.0,0.0,0.0,0.08333333333333333,0.0,0.08333333333333333,0.0,0.0,0.0,0.16666666666666666,0.0,0.08333333333333333,0.08333333333333333,0.0,0.0,0.0,0.0,0.0,0.0,0.0,0.0,0.16666666666666666,0.0,0.0,0.0,0.0,0.0,0.0,0.0,0.0,0.0,0.0,0.0,0.0,0.0,0.0,0.0,0.042483121808569384,0.0,0.25,0.06943125129705742,12.0,2.5649493574615367,6.4057645846554525,3.8396686778360913,6.083333333333333
0.041666666666666664,0.125,0.125,0.125,0.08333333333333333,0.125,0.041666666666666664,0.041666666666666664,0.0,0.0,0.2916666666666667,0.0,0.041666666666666664,0.041666666666666664,0.041666666666666664,0.0,0.041666666666666664,0.041666666666666664,0.125,0.041666666666666664,0.0,0.041666666666666664,0.0,0.0,0.0,0.0,0.0,0.0,0.0,0.0,0.0,0.0,0.0,0.08333333333333333,0.0,0.125,0.0,0.0,0.0,0.0,0.0,0.0,0.0,0.0,0.16666666666666666,0.0,0.0,0.0,0.0,0.041666666666666664,0.0,0.0,0.0,0.0,0.0,0.0,0.0,0.041666666666666664,0.0,0.0,0.04914506128791843,0.0,1.0,0.16929579237886244,24.0,3.2188758248682006,6.089270961044498,4.409388657550311,7.125
0.09090909090909091,0.22727272727272727,0.22727272727272727,0.22727272727272727,0.09090909090909091,0.22727272727272727,0.0,0.0,0.0,0.0,0.18181818181818182,0.0,0.045454545454545456,0.045454545454545456,0.045454545454545456,0.0,0.0,0.0,0.0,0.0,0.0,0.045454545454545456,0.045454545454545456,0.0,0.0,0.0,0.045454545454545456,0.0,0.0,0.0,0.0,0.0,0.0,0.0,0.0,0.045454545454545456,0.0,0.0,0.045454545454545456,0.0,0.0,0.0,0.0,0.0,0.18181818181818182,0.0,0.0,0.0,0.0,0.045454545454545456,0.0,0.0,0.0,0.0,0.0,0.0,0.0,0.0,0.0,0.0,0.0792400919658001,0.0,1.0,0.23129809395247397,22.0,3.1354942159291497,5.290824293926452,4.33513418820595,6.545454545454546
0.0,0.11764705882352941,0.11764705882352941,0.11764705882352941,0.11764705882352941,0.23529411764705882,0.11764705882352941,0.11764705882352941,0.058823529411764705,0.058823529411764705,0.23529411764705882,0.0,0.058823529411764705,0.058823529411764705,0.058823529411764705,0.0,0.11764705882352941,0.058823529411764705,0.11764705882352941,0.058823529411764705,0.0,0.0,0.11764705882352941,0.0,0.0,0.0,0.0,0.0,0.0,0.0,0.0,0.0,0.0,0.0,0.0,0.11764705882352941,0.0,0.0,0.058823529411764705,0.0,0.0,0.0,0.0,0.0,0.058823529411764705,0.058823529411764705,0.0,0.0,0.0,0.0,0.0,0.058823529411764705,0.058823529411764705,0.0,0.0,0.0,0.0,0.0,0.0,0.0,0.030906896625749386,0.0,1.0,0.10825483140054494,17.0,2.8903717578961645,7.499912567647857,4.296131679178874,6.117647058823529
0.06666666666666667,0.13333333333333333,0.13333333333333333,0.13333333333333333,0.23333333333333334,0.43333333333333335,0.03333333333333333,0.0,0.1,0.03333333333333333,0.23333333333333334,0.0,0.03333333333333333,0.03333333333333333,0.03333333333333333,0.0,0.13333333333333333,0.0,0.06666666666666667,0.03333333333333333,0.0,0.0,0.06666666666666667,0.0,0.0,0.0,0.03333333333333333,0.0,0.0,0.0,0.0,0.0,0.06666666666666667,0.0,0.0,0.06666666666666667,0.0,0.06666666666666667,0.06666666666666667,0.03333333333333333,0.0,0.03333333333333333,0.0,0.0,0.23333333333333334,0.0,0.03333333333333333,0.0,0.03333333333333333,0.0,0.0,0.0,0.0,0.0,0.0,0.03333333333333333,0.0,0.0,0.13333333333333333,0.0,0.044302569342143425,0.0,1.0,0.10737838207143617,30.0,3.4339872044851463,8.048562074476656,4.7151057487846675,7.366666666666666
0.18181818181818182,0.0,0.0,0.0,0.2727272727272727,0.2727272727272727,0.18181818181818182,0.18181818181818182,0.0,0.09090909090909091,0.09090909090909091,0.09090909090909091,0.0,0.0,0.0,0.09090909090909091,0.0,0.0,0.0,0.0,0.0,0.09090909090909091,0.18181818181818182,0.0,0.0,0.0,0.0,0.0,0.09090909090909091,0.0,0.0,0.0,0.0,0.0,0.0,0.18181818181818182,0.0,0.0,0.09090909090909091,0.0,0.0,0.0,0.0,0.0,0.09090909090909091,0.0,0.0,0.0,0.09090909090909091,0.0,0.0,0.0,0.0,0.0,0.0,0.0,0.0,0.0,0.0,0.0,0.0440981240981241,0.0,0.5,0.0933317521089422,11.0,2.4849066497880004,6.088728678327772,2.0610516452281153,4.545454545454546
0.0,0.07692307692307693,0.0,0.0,0.23076923076923078,0.3076923076923077,0.07692307692307693,0.07692307692307693,0.0,0.0,0.15384615384615385,0.07692307692307693,0.07692307692307693,0.0,0.0,0.07692307692307693,0.0,0.0,0.0,0.07692307692307693,0.0,0.07692307692307693,0.07692307692307693,0.0,0.0,0.0,0.0,0.0,0.0,0.0,0.0,0.07692307692307693,0.07692307692307693,0.0,0.0,0.0,0.0,0.0,0.07692307692307693,0.0,0.07692307692307693,0.0,0.0,0.0,0.38461538461538464,0.07692307692307693,0.0,0.0,0.0,0.0,0.0,0.0,0.0,0.0,0.0,0.0,0.0,0.0,0.0,0.0,0.03136954825758837,0.0,0.18181818181818182,0.04817880059518212,13.0,2.6390573296152584,5.942137240873101,3.2252700451133274,7.461538461538462
0.09090909090909091,0.13636363636363635,0.13636363636363635,0.13636363636363635,0.18181818181818182,0.6363636363636364,0.0,0.0,0.0,0.0,0.22727272727272727,0.0,0.0,0.0,0.0,0.09090909090909091,0.0,0.0,0.0,0.0,0.045454545454545456,0.0,0.0,0.0,0.0,0.0,0.0,0.0,0.0,0.0,0.045454545454545456,0.045454545454545456,0.0,0.045454545454545456,0.0,0.045454545454545456,0.0,0.045454545454545456,0.045454545454545456,0.0,0.045454545454545456,0.0,0.0,0.0,0.18181818181818182,0.0,0.0,0.0,0.0,0.0,0.0,0.045454545454545456,0.0,0.0,0.0,0.0,0.0,0.0,0.0,0.0,0.05199820717635416,0.0,1.0,0.11027988835920158,22.0,3.1354942159291497,5.424312610158814,5.861521817457385,7.2272727272727275
0.06896551724137931,0.0,0.0,0.0,0.10344827586206896,0.41379310344827586,0.034482758620689655,0.0,0.0,0.0,0.20689655172413793,0.034482758620689655,0.034482758620689655,0.0,0.034482758620689655,0.0,0.06896551724137931,0.0,0.034482758620689655,0.0,0.0,0.10344827586206896,0.06896551724137931,0.0,0.0,0.0,0.0,0.0,0.0,0.0,0.034482758620689655,0.10344827586206896,0.034482758620689655,0.13793103448275862,0.0,0.06896551724137931,0.0,0.0,0.034482758620689655,0.034482758620689655,0.10344827586206896,0.034482758620689655,0.0,0.0,0.1724137931034483,0.034482758620689655,0.0,0.06896551724137931,0.034482758620689655,0.034482758620689655,0.0,0.0,0.034482758620689655,0.0,0.0,0.0,0.0,0.0,0.0,0.0,0.0348823854900812,0.0,0.25,0.05267884059390719,29.0,3.4011973816621555,6.858423696447086,8.543516639856525,8.206896551724139
0.043478260869565216,0.08695652173913043,0.08695652173913043,0.08695652173913043,0.17391304347826086,0.391304347826087,0.08695652173913043,0.08695652173913043,0.043478260869565216,0.043478260869565216,0.2608695652173913,0.0,0.0,0.13043478260869565,0.0,0.0,0.043478260869565216,0.0,0.17391304347826086,0.0,0.0,0.17391304347826086,0.0,0.0,0.0,0.043478260869565216,0.0,0.043478260869565216,0.0,0.0,0.0,0.0,0.0,0.0,0.0,0.043478260869565216,0.043478260869565216,0.08695652173913043,0.08695652173913043,0.043478260869565216,0.0,0.043478260869565216,0.0,0.0,0.08695652173913043,0.0,0.0,0.043478260869565216,0.0,0.0,0.0,0.0,0.08695652173913043,0.0,0.0,0.0,0.0,0.0,0.043478260869565216,0.0,0.05072757649935508,0.0,0.2857142857142857,0.06619700817468868,23.0,3.1780538303479458,7.853031732345632,4.19018567066322,7.086956521739131
0.034482758620689655,0.034482758620689655,0.034482758620689655,0.034482758620689655,0.1724137931034483,0.1724137931034483,0.0,0.0,0.0,0.0,0.13793103448275862,0.0,0.034482758620689655,0.034482758620689655,0.034482758620689655,0.06896551724137931,0.034482758620689655,0.0,0.0,0.0,0.0,0.034482758620689655,0.10344827586206896,0.0,0.0,0.0,0.0,0.0,0.0,0.0,0.034482758620689655,0.0,0.10344827586206896,0.0,0.13793103448275862,0.034482758620689655,0.0,0.0,0.06896551724137931,0.034482758620689655,0.0,0.034482758620689655,0.034482758620689655,0.0,0.20689655172413793,0.13793103448275862,0.034482758620689655,0.0,0.034482758620689655,0.0,0.0,0.0,0.0,0.0,0.0,0.0,0.0,0.0,0.0,0.0,0.03312471919614777,0.0,0.75,0.08788267374105131,29.0,3.4011973816621555,6.416970440667633,3.575248509194435,5.896551724137931
0.0,0.125,0.0,0.0,0.375,0.0,0.125,0.0,0.125,0.0,0.5,0.125,0.0,0.125,0.0,0.125,0.0,0.0,0.25,0.0,0.0,0.0,0.25,0.0,0.0,0.0,0.0,0.0,0.0,0.0,0.0,0.0,0.0,0.0,0.0,0.125,0.0,0.0,0.125,0.0,0.0,0.0,0.0,0.0,0.0,0.0,0.0,0.0,0.0,0.0,0.0,0.0,0.0,0.0,0.0,0.0,0.0,0.0,0.0,0.0,0.0728551793611141,0.0,0.25,0.06604660690329435,8.0,2.1972245773362196,5.030639062229566,3.6206870894900596,7.125
0.0,0.0,0.0,0.0,0.2,0.3,0.0,0.0,0.0,0.0,0.1,0.0,0.2,0.0,0.1,0.0,0.0,0.0,0.0,0.1,0.0,0.1,0.0,0.0,0.0,0.0,0.0,0.0,0.0,0.0,0.0,0.0,0.0,0.2,0.0,0.1,0.0,0.0,0.0,0.0,0.0,0.0,0.1,0.0,0.5,0.0,0.0,0.0,0.1,0.0,0.0,0.0,0.0,0.0,0.0,0.0,0.0,0.0,0.0,0.0,0.04278816562490902,0.0,0.2222222222222222,0.06691819029725284,10.0,2.3978952727983707,4.739596201603433,4.920365840057018,7.7
0.0,0.0,0.0,0.0,0.0,0.2,0.0,0.0,0.0,0.0,0.0,0.0,0.4,0.0,0.4,0.0,0.0,0.0,0.0,0.2,0.0,0.0,0.0,0.0,0.0,0.0,0.0,0.0,0.0,0.0,0.0,0.0,0.0,0.0,0.0,0.0,0.0,0.0,0.0,0.0,0.0,0.0,0.0,0.0,0.2,0.0,0.0,0.0,0.0,0.0,0.0,0.0,0.0,0.0,0.0,0.0,0.0,0.0,0.0,0.0,0.0611904761904762,0.0,0.42857142857142855,0.12774003682010868,5.0,1.791759469228055,2.450699332842307,1.8973665961010275,6.0
0.038461538461538464,0.07692307692307693,0.038461538461538464,0.038461538461538464,0.2692307692307692,0.23076923076923078,0.038461538461538464,0.038461538461538464,0.0,0.038461538461538464,0.2692307692307692,0.0,0.11538461538461539,0.0,0.11538461538461539,0.038461538461538464,0.0,0.0,0.07692307692307693,0.038461538461538464,0.0,0.07692307692307693,0.07692307692307693,0.0,0.0,0.0,0.0,0.0,0.0,0.0,0.0,0.0,0.07692307692307693,0.0,0.038461538461538464,0.038461538461538464,0.0,0.0,0.07692307692307693,0.0,0.0,0.0,0.0,0.0,0.15384615384615385,0.07692307692307693,0.07692307692307693,0.0,0.038461538461538464,0.0,0.0,0.0,0.0,0.0,0.07692307692307693,0.0,0.038461538461538464,0.0,0.0,0.038461538461538464,0.053477875123563834,0.0,0.5,0.08489299990135452,26.0,3.295836866004329,7.554011688044088,4.969284353128579,7.1923076923076925
0.0,0.1111111111111111,0.1111111111111111,0.1111111111111111,0.1111111111111111,0.1111111111111111,0.0,0.0,0.0,0.0,0.2222222222222222,0.0,0.1111111111111111,0.0,0.1111111111111111,0.0,0.0,0.0,0.0,0.1111111111111111,0.0,0.1111111111111111,0.0,0.0,0.0,0.0,0.0,0.0,0.0,0.0,0.1111111111111111,0.0,0.0,0.0,0.0,0.0,0.0,0.0,0.0,0.0,0.0,0.0,0.0,0.0,0.2222222222222222,0.0,0.1111111111111111,0.0,0.0,0.0,0.0,0.0,0.0,0.0,0.1111111111111111,0.0,0.0,0.0,0.1111111111111111,0.0,0.018719159691166914,0.0,0.125,0.035278628252659615,9.0,2.302585092994046,5.543191669391035,3.675074535231384,6.777777777777778
0.0,0.2222222222222222,0.2222222222222222,0.2222222222222222,0.0,0.2222222222222222,0.0,0.0,0.0,0.0,0.1111111111111111,0.0,0.0,0.1111111111111111,0.0,0.0,0.0,0.0,0.0,0.0,0.0,0.0,0.0,0.0,0.0,0.0,0.0,0.0,0.0,0.0,0.0,0.0,0.0,0.0,0.0,0.0,0.0,0.0,0.1111111111111111,0.0,0.0,0.0,0.0,0.0,0.0,0.0,0.0,0.1111111111111111,0.0,0.0,0.0,0.0,0.0,0.0,0.0,0.0,0.0,0.0,0.0,0.0,0.030555555555555558,0.0,1.0,0.1646873206420182,9.0,2.302585092994046,3.337677779700861,1.8257418583505538,4.333333333333333
0.045454545454545456,0.18181818181818182,0.13636363636363635,0.13636363636363635,0.13636363636363635,0.18181818181818182,0.09090909090909091,0.0,0.045454545454545456,0.0,0.2727272727272727,0.0,0.045454545454545456,0.0,0.045454545454545456,0.0,0.0,0.0,0.045454545454545456,0.0,0.0,0.13636363636363635,0.045454545454545456,0.045454545454545456,0.0,0.0,0.045454545454545456,0.0,0.0,0.0,0.0,0.0,0.0,0.0,0.0,0.045454545454545456,0.0,0.045454545454545456,0.0,0.0,0.0,0.0,0.0,0.0,0.18181818181818182,0.045454545454545456,0.0,0.0,0.045454545454545456,0.0,0.0,0.045454545454545456,0.0,0.0,0.0,0.0,0.0,0.0,0.0,0.045454545454545456,0.032415895506992816,0.0,1.0,0.10356606218893537,22.0,3.1354942159291497,6.5729331565606754,4.006193552096493,6.636363636363637
0.08695652173913043,0.17391304347826086,0.13043478260869565,0.13043478260869565,0.21739130434782608,0.21739130434782608,0.043478260869565216,0.0,0.13043478260869565,0.0,0.21739130434782608,0.0,0.043478260869565216,0.043478260869565216,0.043478260869565216,0.0,0.043478260869565216,0.0,0.0,0.043478260869565216,0.0,0.0,0.08695652173913043,0.0,0.0,0.0,0.0,0.0,0.0,0.0,0.0,0.0,0.0,0.0,0.0,0.043478260869565216,0.0,0.0,0.0,0.043478260869565216,0.0,0.043478260869565216,0.0,0.0,0.13043478260869565,0.043478260869565216,0.043478260869565216,0.0,0.0,0.0,0.0,0.0,0.0,0.0,0.0,0.0,0.0,0.0,0.0,0.0,0.06592045570766092,0.0,1.0,0.17198409583546787,23.0,3.1780538303479458,6.184146893332967,4.983906045532904,7.173913043478261
0.1111111111111111,0.1111111111111111,0.1111111111111111,0.1111111111111111,0.1111111111111111,0.3333333333333333,0.1111111111111111,0.1111111111111111,0.0,0.1111111111111111,0.3333333333333333,0.1111111111111111,0.0,0.1111111111111111,0.0,0.0,0.1111111111111111,0.1111111111111111,0.1111111111111111,0.0,0.0,0.0,0.1111111111111111,0.0,0.0,0.0,0.0,0.0,0.0,0.0,0.0,0.1111111111111111,0.0,0.1111111111111111,0.0,0.1111111111111111,0.0,0.0,0.0,0.0,0.0,0.0,0.0,0.0,0.1111111111111111,0.0,0.0,0.0,0.0,0.0,0.0,0.0,0.0,0.0,0.0,0.0,0.0,0.0,0.0,0.0,0.0265898952173462,0.0,0.2,0.058886735199421045,9.0,2.302585092994046,7.396491670032063,4.521553322083513,5.333333333333333
0.043478260869565216,0.043478260869565216,0.0,0.0,0.13043478260869565,0.13043478260869565,0.08695652173913043,0.043478260869565216,0.13043478260869565,0.0,0.391304347826087,0.0,0.0,0.043478260869565216,0.0,0.0,0.13043478260869565,0.0,0.043478260869565216,0.0,0.0,0.043478260869565216,0.043478260869565216,0.0,0.0,0.043478260869565216,0.0,0.043478260869565216,0.0,0.0,0.043478260869565216,0.043478260869565216,0.043478260869565216,0.08695652173913043,0.0,0.0,0.043478260869565216,0.0,0.0,0.0,0.043478260869565216,0.0,0.043478260869565216,0.0,0.13043478260869565,0.0,0.0,0.0,0.0,0.0,0.0,0.043478260869565216,0.0,0.0,0.0,0.0,0.0,0.0,0.0,0.0,0.05029943151349608,0.0,0.5,0.07827562129998133,23.0,3.1780538303479458,6.205781023596105,3.3077785394104757,6.565217391304348
0.0,0.0,0.0,0.0,0.3333333333333333,0.3333333333333333,0.0,0.0,0.0,0.0,0.2,0.0,0.06666666666666667,0.13333333333333333,0.06666666666666667,0.0,0.06666666666666667,0.06666666666666667,0.06666666666666667,0.0,0.0,0.06666666666666667,0.0,0.0,0.0,0.0,0.0,0.0,0.0,0.0,0.06666666666666667,0.0,0.0,0.06666666666666667,0.0,0.06666666666666667,0.0,0.06666666666666667,0.06666666666666667,0.06666666666666667,0.0,0.06666666666666667,0.0,0.0,0.4,0.0,0.0,0.0,0.0,0.0,0.0,0.0,0.0,0.0,0.0,0.06666666666666667,0.0,0.0,0.0,0.0,0.050457288556116184,0.0,0.23529411764705882,0.0634720237925107,15.0,2.772588722239781,6.083815159395608,3.043389922803554,8.266666666666667
0.045454545454545456,0.045454545454545456,0.0,0.0,0.13636363636363635,0.36363636363636365,0.22727272727272727,0.13636363636363635,0.045454545454545456,0.045454545454545456,0.22727272727272727,0.13636363636363635,0.045454545454545456,0.045454545454545456,0.045454545454545456,0.0,0.045454545454545456,0.0,0.045454545454545456,0.09090909090909091,0.0,0.045454545454545456,0.13636363636363635,0.0,0.0,0.0,0.0,0.0,0.045454545454545456,0.0,0.0,0.0,0.045454545454545456,0.0,0.045454545454545456,0.09090909090909091,0.0,0.0,0.09090909090909091,0.0,0.0,0.0,0.0,0.0,0.22727272727272727,0.09090909090909091,0.045454545454545456,0.0,0.045454545454545456,0.0,0.0,0.0,0.0,0.0,0.045454545454545456,0.0,0.0,0.0,0.0,0.0,0.0467852286889554,0.0,0.38461538461538464,0.08283029127981112,22.0,3.1354942159291497,8.05718154852892,3.273989655521656,6.090909090909091
0.1111111111111111,0.05555555555555555,0.05555555555555555,0.05555555555555555,0.2222222222222222,0.3333333333333333,0.0,0.05555555555555555,0.0,0.0,0.1111111111111111,0.0,0.0,0.0,0.0,0.05555555555555555,0.0,0.0,0.1111111111111111,0.05555555555555555,0.0,0.05555555555555555,0.05555555555555555,0.0,0.0,0.0,0.0,0.0,0.0,0.0,0.0,0.0,0.05555555555555555,0.0,0.05555555555555555,0.0,0.0,0.05555555555555555,0.05555555555555555,0.05555555555555555,0.0,0.05555555555555555,0.0,0.0,0.2222222222222222,0.0,0.05555555555555555,0.0,0.0,0.0,0.0,0.0,0.0,0.0,0.0,0.0,0.05555555555555555,0.0,0.0,0.0,0.024113997647976452,0.0,0.25,0.04778918212080143,18.0,2.9444389791664403,6.25597361375535,4.692060538693574,7.611111111111111
0.034482758620689655,0.10344827586206896,0.10344827586206896,0.10344827586206896,0.27586206896551724,0.3103448275862069,0.0,0.0,0.06896551724137931,0.0,0.20689655172413793,0.0,0.10344827586206896,0.034482758620689655,0.10344827586206896,0.0,0.10344827586206896,0.0,0.034482758620689655,0.034482758620689655,0.0,0.06896551724137931,0.06896551724137931,0.0,0.0,0.0,0.0,0.0,0.0,0.0,0.0,0.0,0.0,0.0,0.0,0.034482758620689655,0.0,0.0,0.0,0.0,0.0,0.0,0.0,0.034482758620689655,0.20689655172413793,0.0,0.0,0.034482758620689655,0.0,0.0,0.0,0.0,0.06896551724137931,0.0,0.0,0.0,0.0,0.0,0.0,0.034482758620689655,0.05085063292619764,0.0,1.0,0.10625449281171748,29.0,3.4011973816621555,6.412917333049017,4.3791745838310465,7.172413793103448
0.07692307692307693,0.23076923076923078,0.23076923076923078,0.23076923076923078,0.15384615384615385,0.23076923076923078,0.0,0.0,0.0,0.0,0.23076923076923078,0.0,0.0,0.07692307692307693,0.0,0.0,0.0,0.0,0.0,0.0,0.0,0.0,0.0,0.0,0.0,0.0,0.0,0.0,0.0,0.0,0.0,0.0,0.0,0.0,0.0,0.0,0.0,0.0,0.0,0.0,0.0,0.0,0.0,0.0,0.0,0.0,0.0,0.0,0.07692307692307693,0.0,0.0,0.0,0.0,0.0,0.0,0.0,0.0,0.0,0.0,0.0,0.05076586518894211,0.0,1.0,0.19273628074637297,13.0,2.6390573296152584,3.710335142461885,2.3076923076923075,5.461538461538462
0.0,0.0,0.0,0.0,0.17391304347826086,0.17391304347826086,0.08695652173913043,0.08695652173913043,0.043478260869565216,0.0,0.2608695652173913,0.043478260869565216,0.043478260869565216,0.0,0.043478260869565216,0.08695652173913043,0.0,0.0,0.043478260869565216,0.043478260869565216,0.0,0.043478260869565216,0.13043478260869565,0.0,0.0,0.0,0.0,0.0,0.0,0.0,0.0,0.0,0.043478260869565216,0.0,0.0,0.13043478260869565,0.0,0.0,0.043478260869565216,0.0,0.0,0.0,0.0,0.0,0.21739130434782608,0.0,0.0,0.0,0.0,0.0,0.0,0.0,0.0,0.0,0.0,0.0,0.0,0.0,0.0,0.0,0.03201209248290068,0.0,0.6666666666666666,0.07782919604287508,23.0,3.1780538303479458,5.317969033008254,5.081565333456341,8.217391304347826
0.0,0.1111111111111111,0.1111111111111111,0.1111111111111111,0.1111111111111111,0.0,0.0,0.0,0.1111111111111111,0.0,0.2222222222222222,0.0,0.1111111111111111,0.0,0.1111111111111111,0.0,0.3333333333333333,0.0,0.0,0.0,0.1111111111111111,0.1111111111111111,0.0,0.0,0.0,0.0,0.0,0.0,0.0,0.0,0.0,0.1111111111111111,0.1111111111111111,0.1111111111111111,0.0,0.1111111111111111,0.0,0.0,0.0,0.0,0.0,0.0,0.0,0.0,0.2222222222222222,0.0,0.0,0.0,0.0,0.0,0.0,0.0,0.1111111111111111,0.0,0.0,0.0,0.0,0.0,0.0,0.1111111111111111,0.03820735018812934,0.0,0.13333333333333333,0.03996587743879364,9.0,2.302585092994046,6.775940281063045,2.753224820747526,7.555555555555555
0.0,0.0,0.0,0.0,0.125,0.5,0.0,0.0,0.0,0.0,0.375,0.0,0.0,0.125,0.0,0.0,0.0,0.0,0.0,0.0,0.0,0.0,0.0,0.0,0.0,0.125,0.0,0.125,0.0,0.0,0.0,0.125,0.0,0.25,0.125,0.0,0.125,0.0,0.125,0.0,0.125,0.0,0.0,0.0,0.125,0.0,0.125,0.0,0.0,0.0,0.0,0.0,0.0,0.0,0.125,0.0,0.0,0.0,0.0,0.0,0.035714548056985033,0.0,0.1111111111111111,0.03962709972216268,8.0,2.1972245773362196,6.030639062229566,2.23606797749979,7.0
0.0,0.09090909090909091,0.09090909090909091,0.09090909090909091,0.18181818181818182,0.3181818181818182,0.0,0.0,0.0,0.0,0.18181818181818182,0.0,0.045454545454545456,0.0,0.045454545454545456,0.0,0.045454545454545456,0.0,0.13636363636363635,0.0,0.0,0.13636363636363635,0.045454545454545456,0.045454545454545456,0.0,0.0,0.045454545454545456,0.0,0.0,0.0,0.045454545454545456,0.0,0.0,0.045454545454545456,0.0,0.13636363636363635,0.0,0.0,0.0,0.0,0.0,0.0,0.0,0.0,0.2727272727272727,0.045454545454545456,0.0,0.045454545454545456,0.0,0.0,0.0,0.0,0.0,0.0,0.0,0.0,0.0,0.0,0.045454545454545456,0.0,0.04542927660574719,0.0,1.0,0.11112438311660407,22.0,3.1354942159291497,6.280334732306018,9.436280434035014,8.045454545454545
0.07692307692307693,0.07692307692307693,0.07692307692307693,0.07692307692307693,0.2692307692307692,0.46153846153846156,0.07692307692307693,0.038461538461538464,0.038461538461538464,0.038461538461538464,0.19230769230769232,0.0,0.07692307692307693,0.0,0.07692307692307693,0.038461538461538464,0.038461538461538464,0.0,0.0,0.038461538461538464,0.0,0.0,0.07692307692307693,0.0,0.0,0.0,0.0,0.0,0.038461538461538464,0.0,0.0,0.038461538461538464,0.038461538461538464,0.038461538461538464,0.0,0.038461538461538464,0.0,0.0,0.11538461538461539,0.0,0.038461538461538464,0.0,0.0,0.0,0.15384615384615385,0.07692307692307693,0.0,0.0,0.0,0.0,0.0,0.0,0.0,0.0,0.0,0.0,0.0,0.0,0.0,0.038461538461538464,0.046012025429318655,0.0,0.2222222222222222,0.05619298962216332,26.0,3.295836866004329,7.168911541734243,2.5642628155051206,6.038461538461538
0.0,0.07142857142857142,0.07142857142857142,0.07142857142857142,0.14285714285714285,0.35714285714285715,0.07142857142857142,0.0,0.0,0.07142857142857142,0.07142857142857142,0.07142857142857142,0.0,0.07142857142857142,0.0,0.0,0.07142857142857142,0.07142857142857142,0.07142857142857142,0.0,0.0,0.07142857142857142,0.14285714285714285,0.0,0.0,0.0,0.0,0.0,0.0,0.0,0.0,0.0,0.07142857142857142,0.0,0.0,0.14285714285714285,0.0,0.0,0.0,0.0,0.0,0.0,0.0,0.0,0.5,0.07142857142857142,0.0,0.0,0.07142857142857142,0.0,0.0,0.0,0.0,0.0,0.0,0.0,0.0,0.0,0.0,0.0,0.0344487301352031,0.0,0.2,0.05359829126044177,14.0,2.70805020110221,6.3129705356472074,3.5742845723419436,6.714285714285714
0.14285714285714285,0.0,0.0,0.0,0.14285714285714285,0.2857142857142857,0.0,0.0,0.0,0.0,0.0,0.0,0.0,0.0,0.0,0.0,0.14285714285714285,0.0,0.2857142857142857,0.0,0.0,0.0,0.14285714285714285,0.14285714285714285,0.0,0.0,0.0,0.0,0.0,0.0,0.14285714285714285,0.0,0.0,0.14285714285714285,0.0,0.0,0.0,0.0,0.0,0.0,0.0,0.0,0.0,0.0,0.2857142857142857,0.0,0.0,0.0,0.0,0.0,0.0,0.0,0.0,0.0,0.0,0.0,0.0,0.0,0.0,0.0,0.026482003057633312,0.0,0.15384615384615385,0.046935882804277226,7.0,2.0794415416798357,4.356516283821264,2.4327694808466287,6.714285714285714
0.0,0.4,0.4,0.4,0.0,0.4,0.0,0.0,0.0,0.0,0.0,0.0,0.0,0.0,0.0,0.0,0.0,0.0,0.0,0.0,0.0,0.0,0.0,0.0,0.0,0.0,0.0,0.0,0.0,0.0,0.0,0.0,0.0,0.0,0.0,0.0,0.0,0.0,0.0,0.0,0.0,0.0,0.0,0.0,0.0,0.0,0.0,0.0,0.0,0.0,0.0,0.0,0.0,0.0,0.0,0.0,0.0,0.0,0.0,0.0,0.11428571428571428,0.0,1.0,0.2982944716831586,5.0,1.791759469228055,2.1150849518197794,1.4966629547095767,3.6
0.08,0.08,0.08,0.08,0.04,0.16,0.04,0.04,0.04,0.0,0.16,0.04,0.0,0.04,0.0,0.0,0.16,0.0,0.08,0.0,0.0,0.0,0.12,0.04,0.0,0.0,0.0,0.0,0.0,0.0,0.0,0.0,0.04,0.04,0.04,0.04,0.0,0.0,0.04,0.0,0.0,0.0,0.04,0.0,0.08,0.0,0.04,0.04,0.0,0.04,0.0,0.0,0.0,0.0,0.04,0.0,0.0,0.04,0.0,0.04,0.03922056468274956,0.0,1.0,0.11123937873417246,25.0,3.258096538021482,6.914499889098954,3.5777087639996634,5.6
0.06666666666666667,0.06666666666666667,0.06666666666666667,0.06666666666666667,0.2,0.26666666666666666,0.0,0.0,0.0,0.0,0.13333333333333333,0.0,0.0,0.0,0.0,0.06666666666666667,0.06666666666666667,0.0,0.0,0.0,0.06666666666666667,0.0,0.06666666666666667,0.0,0.0,0.0,0.0,0.0,0.0,0.0,0.06666666666666667,0.0,0.06666666666666667,0.06666666666666667,0.0,0.06666666666666667,0.0,0.0,0.06666666666666667,0.06666666666666667,0.0,0.06666666666666667,0.0,0.0,0.3333333333333333,0.0,0.0,0.0,0.0,0.0,0.0,0.0,0.06666666666666667,0.0,0.0,0.0,0.0,0.0,0.0,0.0,0.023429538640195167,0.0,0.25,0.04245833566022788,15.0,2.772588722239781,6.05614599277702,5.778888782071823,8.733333333333333
0.043478260869565216,0.08695652173913043,0.08695652173913043,0.08695652173913043,0.13043478260869565,0.30434782608695654,0.0,0.0,0.0,0.0,0.21739130434782608,0.0,0.043478260869565216,0.043478260869565216,0.0,0.043478260869565216,0.043478260869565216,0.08695652173913043,0.043478260869565216,0.0,0.0,0.0,0.043478260869565216,0.0,0.0,0.0,0.0,0.0,0.0,0.043478260869565216,0.0,0.043478260869565216,0.0,0.08695652173913043,0.043478260869565216,0.0,0.0,0.0,0.043478260869565216,0.0,0.0,0.0,0.0,0.0,0.17391304347826086,0.0,0.0,0.0,0.0,0.0,0.0,0.0,0.0,0.0,0.0,0.0,0.0,0.0,0.0,0.0,0.024378476700458125,0.0,0.2857142857142857,0.0526152745059129,23.0,3.1780538303479458,5.518541991794651,2.999054671474876,5.695652173913044
0.1,0.0,0.0,0.0,0.23333333333333334,0.3,0.03333333333333333,0.03333333333333333,0.06666666666666667,0.0,0.2,0.0,0.0,0.03333333333333333,0.06666666666666667,0.0,0.06666666666666667,0.03333333333333333,0.06666666666666667,0.0,0.0,0.03333333333333333,0.1,0.0,0.0,0.0,0.0,0.0,0.0,0.0,0.0,0.0,0.03333333333333333,0.0,0.0,0.03333333333333333,0.0,0.03333333333333333,0.06666666666666667,0.0,0.0,0.0,0.0,0.0,0.16666666666666666,0.03333333333333333,0.0,0.03333333333333333,0.03333333333333333,0.0,0.0,0.0,0.0,0.0,0.0,0.0,0.0,0.0,0.0,0.03333333333333333,0.029371672083349853,0.0,0.3333333333333333,0.06083811589170306,30.0,3.4339872044851463,5.83563276026646,7.634716031974527,7.333333333333333
0.0,0.2,0.2,0.2,0.2,0.2,0.0,0.0,0.0,0.0,0.2,0.0,0.06666666666666667,0.0,0.06666666666666667,0.0,0.06666666666666667,0.0,0.0,0.06666666666666667,0.0,0.0,0.06666666666666667,0.0,0.0,0.0,0.0,0.0,0.0,0.0,0.0,0.0,0.0,0.0,0.0,0.0,0.0,0.0,0.0,0.0,0.0,0.0,0.06666666666666667,0.0,0.4,0.06666666666666667,0.0,0.06666666666666667,0.0,0.0,0.0,0.0,0.0,0.0,0.0,0.0,0.0,0.0,0.06666666666666667,0.0,0.05435288144833748,0.0,1.0,0.17013784202981516,15.0,2.772588722239781,5.659219309184891,3.5752233807445126,6.466666666666667
0.0,0.2,0.2,0.2,0.3,0.25,0.05,0.05,0.05,0.05,0.15,0.0,0.05,0.1,0.1,0.0,0.1,0.05,0.05,0.05,0.0,0.1,0.0,0.0,0.0,0.0,0.0,0.0,0.05,0.0,0.0,0.0,0.0,0.0,0.0,0.1,0.0,0.0,0.0,0.0,0.0,0.0,0.0,0.0,0.25,0.05,0.0,0.05,0.0,0.0,0.0,0.0,0.0,0.0,0.0,0.0,0.0,0.0,0.05,0.0,0.053630057879283884,0.0,1.0,0.17012476112978556,20.0,3.044522437723423,7.578912278683308,4.574658457196558,7.35
0.1111111111111111,0.05555555555555555,0.05555555555555555,0.05555555555555555,0.1111111111111111,0.3333333333333333,0.0,0.0,0.05555555555555555,0.0,0.2222222222222222,0.0,0.0,0.0,0.0,0.0,0.16666666666666666,0.0,0.05555555555555555,0.0,0.0,0.1111111111111111,0.05555555555555555,0.0,0.0,0.0,0.0,0.0,0.0,0.0,0.05555555555555555,0.0,0.0,0.05555555555555555,0.0,0.05555555555555555,0.0,0.0,0.05555555555555555,0.0,0.0,0.0,0.0,0.0,0.1111111111111111,0.0,0.0,0.0,0.1111111111111111,0.0,0.0,0.0,0.0,0.0,0.0,0.0,0.0,0.0,0.0,0.0,0.026695505119591394,0.0,0.25,0.050667226385337265,18.0,2.9444389791664403,5.519047918950328,4.606758320361751,6.666666666666667
0.047619047619047616,0.09523809523809523,0.09523809523809523,0.09523809523809523,0.2857142857142857,0.42857142857142855,0.047619047619047616,0.047619047619047616,0.0,0.047619047619047616,0.14285714285714285,0.0,0.0,0.0,0.0,0.0,0.0,0.0,0.14285714285714285,0.0,0.0,0.0,0.09523809523809523,0.0,0.0,0.0,0.0,0.0,0.047619047619047616,0.0,0.0,0.0,0.0,0.047619047619047616,0.0,0.19047619047619047,0.0,0.0,0.047619047619047616,0.0,0.0,0.0,0.0,0.0,0.19047619047619047,0.0,0.0,0.047619047619047616,0.0,0.0,0.0,0.0,0.0,0.0,0.0,0.0,0.0,0.0,0.0,0.0,0.03521891530309314,0.0,1.0,0.10893580980757084,21.0,3.091042453358316,5.719305190638549,4.443650722776458,6.666666666666667
0.0,0.23076923076923078,0.23076923076923078,0.23076923076923078,0.11538461538461539,0.23076923076923078,0.0,0.0,0.038461538461538464,0.0,0.15384615384615385,0.0,0.07692307692307693,0.0,0.07692307692307693,0.0,0.0,0.0,0.0,0.038461538461538464,0.038461538461538464,0.07692307692307693,0.0,0.0,0.038461538461538464,0.0,0.038461538461538464,0.0,0.0,0.0,0.0,0.0,0.038461538461538464,0.038461538461538464,0.0,0.07692307692307693,0.0,0.038461538461538464,0.0,0.0,0.0,0.0,0.0,0.0,0.19230769230769232,0.07692307692307693,0.0,0.038461538461538464,0.0,0.0,0.0,0.0,0.0,0.0,0.0,0.0,0.0,0.038461538461538464,0.0,0.038461538461538464,0.06946019520205687,0.0,1.0,0.23111558044875466,26.0,3.295836866004329,6.5969783053897775,4.116642510849124,6.769230769230769
0.1111111111111111,0.2222222222222222,0.2222222222222222,0.2222222222222222,0.16666666666666666,0.2222222222222222,0.0,0.1111111111111111,0.1111111111111111,0.0,0.2777777777777778,0.0,0.0,0.0,0.0,0.0,0.1111111111111111,0.0,0.05555555555555555,0.0,0.05555555555555555,0.0,0.1111111111111111,0.0,0.0,0.0,0.0,0.0,0.0,0.0,0.0,0.0,0.0,0.0,0.0,0.05555555555555555,0.0,0.05555555555555555,0.0,0.0,0.0,0.0,0.0,0.0,0.2222222222222222,0.05555555555555555,0.0,0.0,0.0,0.0,0.0,0.0,0.05555555555555555,0.0,0.0,0.0,0.0,0.0,0.0,0.0,0.07573631365817393,0.0,1.0,0.2315960855620701,18.0,2.9444389791664403,6.506231782603415,5.795112883571237,8.5
0.07407407407407407,0.07407407407407407,0.07407407407407407,0.07407407407407407,0.07407407407407407,0.2962962962962963,0.037037037037037035,0.0,0.07407407407407407,0.0,0.2962962962962963,0.0,0.0,0.0,0.0,0.0,0.07407407407407407,0.0,0.0,0.0,0.0,0.037037037037037035,0.0,0.0,0.0,0.037037037037037035,0.0,0.037037037037037035,0.0,0.0,0.037037037037037035,0.0,0.0,0.07407407407407407,0.0,0.0,0.037037037037037035,0.0,0.0,0.0,0.0,0.0,0.0,0.0,0.1111111111111111,0.0,0.0,0.0,0.07407407407407407,0.0,0.0,0.0,0.0,0.0,0.0,0.0,0.0,0.0,0.0,0.0,0.034965275727106775,0.0,1.0,0.10926215885045189,27.0,3.332204510175204,4.952047225587618,2.6712922844825124,4.777777777777778
0.0,0.125,0.125,0.125,0.0625,0.1875,0.0,0.0,0.0,0.0,0.1875,0.0,0.0,0.0625,0.0,0.0,0.0,0.0,0.125,0.0,0.0,0.0625,0.0,0.0,0.0,0.0,0.0,0.0,0.0,0.0,0.0,0.0,0.0,0.0625,0.0625,0.0625,0.0,0.0625,0.0,0.0,0.0,0.0,0.0,0.0,0.0625,0.0625,0.0625,0.0625,0.0,0.0,0.0,0.0,0.0,0.0,0.0,0.0,0.0,0.0,0.0,0.0625,0.030353005497324097,0.0,1.0,0.10132544630643649,16.0,2.833213344056216,5.405639062229566,3.7893765978060294,7.125
0.041666666666666664,0.125,0.125,0.125,0.16666666666666666,0.4583333333333333,0.041666666666666664,0.08333333333333333,0.125,0.041666666666666664,0.3333333333333333,0.0,0.0,0.0,0.0,0.041666666666666664,0.0,0.0,0.08333333333333333,0.0,0.0,0.0,0.125,0.041666666666666664,0.0,0.0,0.0,0.0,0.041666666666666664,0.0,0.0,0.0,0.08333333333333333,0.041666666666666664,0.08333333333333333,0.125,0.0,0.125,0.08333333333333333,0.0,0.0,0.0,0.0,0.0,0.20833333333333334,0.0,0.041666666666666664,0.0,0.0,0.0,0.0,0.0,0.0,0.0,0.0,0.041666666666666664,0.0,0.0,0.0,0.0,0.06565418839049206,0.0,1.0,0.1712856649367919,24.0,3.2188758248682006,7.784577052268635,5.391447702921112,7.625
0.1,0.25,0.25,0.25,0.05,0.2,0.1,0.0,0.0,0.05,0.25,0.0,0.0,0.0,0.0,0.0,0.1,0.0,0.0,0.0,0.0,0.05,0.05,0.05,0.0,0.0,0.0,0.0,0.05,0.0,0.0,0.05,0.0,0.0,0.0,0.05,0.0,0.0,0.0,0.0,0.05,0.0,0.0,0.0,0.1,0.0,0.0,0.05,0.0,0.05,0.0,0.0,0.0,0.0,0.0,0.0,0.0,0.0,0.0,0.0,0.08013547299261585,0.0,1.0,0.24040758635074125,20.0,3.044522437723423,6.170217309120467,1.4866068747318506,4.7
0.03333333333333333,0.13333333333333333,0.1,0.1,0.06666666666666667,0.16666666666666666,0.03333333333333333,0.03333333333333333,0.0,0.03333333333333333,0.1,0.0,0.03333333333333333,0.0,0.0,0.0,0.06666666666666667,0.0,0.0,0.03333333333333333,0.0,0.06666666666666667,0.0,0.0,0.0,0.0,0.0,0.0,0.0,0.0,0.03333333333333333,0.03333333333333333,0.03333333333333333,0.06666666666666667,0.03333333333333333,0.06666666666666667,0.0,0.0,0.03333333333333333,0.0,0.03333333333333333,0.0,0.0,0.0,0.2,0.0,0.0,0.0,0.0,0.0,0.03333333333333333,0.0,0.0,0.0,0.0,0.0,0.0,0.0,0.03333333333333333,0.0,0.04139114366557975,0.0,1.0,0.1067659489583412,30.0,3.4339872044851463,5.871555686798491,2.5967928938083094,5.3
0.034482758620689655,0.06896551724137931,0.06896551724137931,0.06896551724137931,0.1724137931034483,0.20689655172413793,0.0,0.034482758620689655,0.06896551724137931,0.0,0.10344827586206896,0.0,0.0,0.0,0.0,0.034482758620689655,0.034482758620689655,0.0,0.0,0.0,0.0,0.034482758620689655,0.0,0.0,0.0,0.0,0.0,0.0,0.0,0.0,0.034482758620689655,0.0,0.0,0.034482758620689655,0.0,0.0,0.0,0.0,0.034482758620689655,0.0,0.0,0.0,0.034482758620689655,0.034482758620689655,0.10344827586206896,0.0,0.0,0.034482758620689655,0.034482758620689655,0.0,0.0,0.0,0.0,0.0,0.0,0.034482758620689655,0.0,0.0,0.0,0.034482758620689655,0.03999922870223622,0.0,1.0,0.12000815728508503,29.0,3.4011973816621555,4.994209252651192,3.3074700160777377,5.482758620689655
0.05555555555555555,0.05555555555555555,0.0,0.0,0.2777777777777778,0.3333333333333333,0.0,0.0,0.1111111111111111,0.05555555555555555,0.2222222222222222,0.0,0.0,0.0,0.0,0.0,0.05555555555555555,0.0,0.05555555555555555,0.0,0.0,0.1111111111111111,0.16666666666666666,0.0,0.0,0.0,0.05555555555555555,0.0,0.0,0.0,0.0,0.0,0.0,0.05555555555555555,0.05555555555555555,0.0,0.0,0.0,0.0,0.0,0.0,0.0,0.0,0.0,0.1111111111111111,0.0,0.0,0.0,0.0,0.05555555555555555,0.05555555555555555,0.0,0.0,0.0,0.0,0.0,0.0,0.0,0.0,0.0,0.04022411545078507,0.0,0.8,0.09248952773429532,18.0,2.9444389791664403,5.327952614895078,3.0550504633038935,5.333333333333333
0.034482758620689655,0.13793103448275862,0.10344827586206896,0.10344827586206896,0.13793103448275862,0.20689655172413793,0.06896551724137931,0.0,0.0,0.0,0.3793103448275862,0.0,0.0,0.0,0.0,0.034482758620689655,0.06896551724137931,0.034482758620689655,0.034482758620689655,0.0,0.0,0.034482758620689655,0.0,0.034482758620689655,0.0,0.0,0.034482758620689655,0.0,0.0,0.0,0.034482758620689655,0.034482758620689655,0.0,0.034482758620689655,0.0,0.034482758620689655,0.0,0.0,0.06896551724137931,0.0,0.034482758620689655,0.0,0.0,0.0,0.20689655172413793,0.0,0.0,0.034482758620689655,0.034482758620689655,0.034482758620689655,0.0,0.0,0.0,0.0,0.0,0.0,0.0,0.0,0.0,0.0,0.03587853544194634,0.0,1.0,0.11201013879677464,29.0,3.4011973816621555,6.247580168945106,4.896066027392786,6.551724137931035
0.0,0.0,0.0,0.0,0.3333333333333333,0.4444444444444444,0.0,0.0,0.0,0.0,0.1111111111111111,0.0,0.0,0.0,0.0,0.0,0.0,0.0,0.0,0.0,0.0,0.0,0.1111111111111111,0.0,0.0,0.0,0.0,0.0,0.0,0.0,0.0,0.0,0.0,0.1111111111111111,0.0,0.0,0.0,0.0,0.0,0.0,0.0,0.0,0.0,0.0,0.1111111111111111,0.0,0.0,0.0,0.0,0.0,0.0,0.0,0.1111111111111111,0.0,0.0,0.0,0.0,0.0,0.0,0.0,0.03278690884470038,0.0,0.16666666666666666,0.05043552386927134,9.0,2.302585092994046,2.8093569461271417,2.671292284482513,6.555555555555555
0.07142857142857142,0.07142857142857142,0.07142857142857142,0.07142857142857142,0.21428571428571427,0.42857142857142855,0.03571428571428571,0.03571428571428571,0.0,0.03571428571428571,0.03571428571428571,0.03571428571428571,0.0,0.03571428571428571,0.0,0.07142857142857142,0.0,0.0,0.10714285714285714,0.03571428571428571,0.0,0.03571428571428571,0.03571428571428571,0.0,0.0,0.0,0.0,0.0,0.03571428571428571,0.0,0.0,0.0,0.0,0.03571428571428571,0.0,0.10714285714285714,0.0,0.0,0.03571428571428571,0.0,0.0,0.0,0.0,0.0,0.07142857142857142,0.0,0.0,0.0,0.0,0.0,0.0,0.0,0.0,0.0,0.0,0.0,0.0,0.0,0.03571428571428571,0.0,0.025131871871146533,0.0,0.3333333333333333,0.05126633248105392,28.0,3.367295829986474,5.55433182726839,3.251961731330923,6.178571428571429
0.0,0.0,0.0,0.0,0.15384615384615385,0.07692307692307693,0.0,0.0,0.07692307692307693,0.0,0.23076923076923078,0.0,0.07692307692307693,0.07692307692307693,0.07692307692307693,0.0,0.0,0.0,0.0,0.07692307692307693,0.0,0.0,0.23076923076923078,0.0,0.0,0.0,0.0,0.0,0.0,0.0,0.0,0.0,0.15384615384615385,0.0,0.15384615384615385,0.0,0.0,0.07692307692307693,0.0,0.0,0.0,0.0,0.0,0.0,0.46153846153846156,0.07692307692307693,0.0,0.0,0.07692307692307693,0.0,0.0,0.0,0.0,0.0,0.0,0.0,0.0,0.0,0.0,0.0,0.03775038593850818,0.0,0.2222222222222222,0.054632918468255666,13.0,2.6390573296152584,5.299409413935049,4.392031514960061,8.307692307692308
0.0,0.047619047619047616,0.047619047619047616,0.047619047619047616,0.14285714285714285,0.23809523809523808,0.09523809523809523,0.09523809523809523,0.0,0.047619047619047616,0.23809523809523808,0.047619047619047616,0.0,0.0,0.0,0.09523809523809523,0.09523809523809523,0.0,0.09523809523809523,0.0,0.047619047619047616,0.09523809523809523,0.09523809523809523,0.0,0.0,0.0,0.047619047619047616,0.0,0.0,0.0,0.0,0.0,0.047619047619047616,0.0,0.0,0.047619047619047616,0.0,0.0,0.14285714285714285,0.0,0.0,0.0,0.0,0.0,0.047619047619047616,0.0,0.0,0.0,0.0,0.0,0.0,0.0,0.047619047619047616,0.0,0.0,0.0,0.0,0.0,0.0,0.0,0.03432101855800489,0.0,0.42857142857142855,0.060328030528066366,21.0,3.091042453358316,6.35028373241565,3.998866052422289,6.238095238095238
0.0,0.0,0.0,0.0,0.0,0.0,0.16666666666666666,0.0,0.3333333333333333,0.0,0.3333333333333333,0.0,0.0,0.0,0.0,0.0,0.0,0.0,0.16666666666666666,0.0,0.0,0.16666666666666666,0.16666666666666666,0.0,0.0,0.0,0.0,0.0,0.0,0.0,0.0,0.0,0.0,0.0,0.0,0.0,0.0,0.0,0.0,0.0,0.0,0.0,0.0,0.0,0.0,0.0,0.0,0.0,0.0,0.0,0.0,0.0,0.0,0.0,0.0,0.0,0.0,0.0,0.0,0.0,0.03074074074074074,0.0,0.16666666666666666,0.05347460712975604,6.0,1.9459101490553132,2.7799500009615414,2.1147629234082532,5.166666666666667
0.0,0.0,0.0,0.0,0.0,0.2,0.2,0.0,0.2,0.0,0.6,0.0,0.0,0.0,0.0,0.0,0.0,0.0,0.0,0.0,0.0,0.0,0.2,0.0,0.0,0.0,0.0,0.0,0.0,0.0,0.0,0.0,0.0,0.2,0.0,0.0,0.0,0.0,0.0,0.0,0.0,0.0,0.0,0.0,0.4,0.0,0.0,0.0,0.0,0.0,0.0,0.0,0.0,0.0,0.0,0.0,0.0,0.0,0.0,0.2,0.030604066985645932,0.0,0.1,0.039464802991769,5.0,1.791759469228055,3.7572643083195034,3.521363372331802,7.0
0.07692307692307693,0.07692307692307693,0.038461538461538464,0.038461538461538464,0.11538461538461539,0.2692307692307692,0.07692307692307693,0.038461538461538464,0.11538461538461539,0.0,0.34615384615384615,0.038461538461538464,0.0,0.0,0.0,0.0,0.07692307692307693,0.0,0.0,0.0,0.038461538461538464,0.038461538461538464,0.11538461538461539,0.0,0.0,0.0,0.038461538461538464,0.0,0.0,0.0,0.0,0.0,0.038461538461538464,0.038461538461538464,0.0,0.0,0.0,0.0,0.038461538461538464,0.0,0.0,0.0,0.0,0.0,0.07692307692307693,0.038461538461538464,0.0,0.0,0.07692307692307693,0.0,0.0,0.0,0.038461538461538464,0.0,0.0,0.0,0.0,0.0,0.0,0.0,0.050922780205425205,0.0,0.36363636363636365,0.06354685835374692,26.0,3.295836866004329,5.9952336236553485,4.801380472100687,6.846153846153846
0.13333333333333333,0.13333333333333333,0.13333333333333333,0.13333333333333333,0.3333333333333333,0.26666666666666666,0.0,0.0,0.0,0.0,0.13333333333333333,0.0,0.06666666666666667,0.0,0.0,0.0,0.06666666666666667,0.0,0.0,0.06666666666666667,0.0,0.06666666666666667,0.0,0.06666666666666667,0.0,0.0,0.0,0.0,0.0,0.0,0.0,0.0,0.0,0.06666666666666667,0.0,0.0,0.0,0.0,0.0,0.0,0.0,0.0,0.0,0.0,0.06666666666666667,0.0,0.0,0.0,0.0,0.0,0.0,0.06666666666666667,0.0,0.0,0.0,0.0,0.0,0.0,0.0,0.06666666666666667,0.04893121817491565,0.0,1.0,0.113549713692999,15.0,2.772588722239781,5.318886413506781,2.7438820836342237,5.733333333333333
0.05,0.0,0.0,0.0,0.15,0.4,0.0,0.0,0.05,0.0,0.35,0.0,0.0,0.0,0.0,0.0,0.0,0.0,0.0,0.0,0.0,0.0,0.1,0.0,0.0,0.0,0.05,0.0,0.0,0.0,0.0,0.0,0.0,0.0,0.0,0.0,0.0,0.0,0.05,0.05,0.0,0.05,0.0,0.0,0.2,0.0,0.0,0.0,0.0,0.0,0.0,0.0,0.0,0.0,0.0,0.0,0.0,0.0,0.05,0.0,0.05976536239803743,0.0,0.2727272727272727,0.0665138954228518,20.0,3.044522437723423,3.7786699492470768,4.44156503948777,6.65
0.09523809523809523,0.14285714285714285,0.14285714285714285,0.14285714285714285,0.14285714285714285,0.23809523809523808,0.0,0.0,0.047619047619047616,0.0,0.23809523809523808,0.047619047619047616,0.0,0.047619047619047616,0.0,0.0,0.09523809523809523,0.047619047619047616,0.047619047619047616,0.0,0.0,0.09523809523809523,0.09523809523809523,0.0,0.0,0.0,0.0,0.0,0.0,0.0,0.0,0.0,0.0,0.047619047619047616,0.0,0.14285714285714285,0.0,0.0,0.09523809523809523,0.0,0.0,0.0,0.0,0.0,0.14285714285714285,0.0,0.0,0.0,0.0,0.0,0.0,0.0,0.0,0.0,0.0,0.0,0.047619047619047616,0.0,0.0,0.0,0.04733100233100233,0.0,1.0,0.16982431080839658,21.0,3.091042453358316,6.471698955389989,3.8726905926376123,6.380952380952381
0.0,0.0,0.0,0.0,0.42857142857142855,0.2857142857142857,0.0,0.0,0.14285714285714285,0.0,0.42857142857142855,0.0,0.07142857142857142,0.0,0.14285714285714285,0.0,0.07142857142857142,0.07142857142857142,0.0,0.14285714285714285,0.0,0.14285714285714285,0.14285714285714285,0.0,0.0,0.0,0.0,0.0,0.0,0.0,0.0,0.0,0.07142857142857142,0.0,0.07142857142857142,0.07142857142857142,0.0,0.0,0.0,0.0,0.0,0.0,0.0,0.0,0.2857142857142857,0.0,0.07142857142857142,0.0,0.0,0.0,0.0,0.0,0.0,0.0,0.0,0.0,0.0,0.0,0.0,0.07142857142857142,0.036840967357501905,0.0,0.35294117647058826,0.05356931748508993,14.0,2.70805020110221,6.26142407353822,4.108850576648473,7.785714285714286
0.09090909090909091,0.09090909090909091,0.09090909090909091,0.09090909090909091,0.36363636363636365,0.18181818181818182,0.0,0.0,0.09090909090909091,0.0,0.09090909090909091,0.0,0.0,0.0,0.0,0.09090909090909091,0.18181818181818182,0.0,0.0,0.0,0.0,0.0,0.0,0.0,0.0,0.0,0.0,0.0,0.0,0.0,0.0,0.0,0.09090909090909091,0.09090909090909091,0.0,0.18181818181818182,0.0,0.0,0.09090909090909091,0.0,0.0,0.0,0.0,0.09090909090909091,0.09090909090909091,0.0,0.0,0.0,0.09090909090909091,0.0,0.0,0.0,0.0,0.0,0.0,0.0,0.0,0.0,0.0,0.0,0.02035079299785182,0.0,0.16666666666666666,0.043342609564234705,11.0,2.4849066497880004,5.960629748059803,2.6285149626910838,6.0
0.0,0.16666666666666666,0.1111111111111111,0.1111111111111111,0.2222222222222222,0.2222222222222222,0.05555555555555555,0.05555555555555555,0.1111111111111111,0.1111111111111111,0.16666666666666666,0.0,0.0,0.0,0.0,0.0,0.05555555555555555,0.05555555555555555,0.05555555555555555,0.0,0.05555555555555555,0.05555555555555555,0.1111111111111111,0.0,0.0,0.0,0.0,0.0,0.05555555555555555,0.0,0.0,0.0,0.0,0.05555555555555555,0.05555555555555555,0.0,0.0,0.0,0.0,0.0,0.0,0.0,0.0,0.0,0.16666666666666666,0.0,0.0,0.0,0.0,0.0,0.0,0.0,0.05555555555555555,0.0,0.0,0.0,0.0,0.0,0.0,0.0,0.027216487748332067,0.0,0.25,0.051636623352331025,18.0,2.9444389791664403,6.566249308239858,2.8910248513905974,5.555555555555555
0.045454545454545456,0.045454545454545456,0.045454545454545456,0.045454545454545456,0.22727272727272727,0.22727272727272727,0.045454545454545456,0.0,0.045454545454545456,0.0,0.22727272727272727,0.0,0.0,0.045454545454545456,0.0,0.0,0.045454545454545456,0.045454545454545456,0.09090909090909091,0.0,0.0,0.09090909090909091,0.0,0.0,0.0,0.0,0.09090909090909091,0.0,0.0,0.0,0.045454545454545456,0.045454545454545456,0.045454545454545456,0.045454545454545456,0.0,0.09090909090909091,0.0,0.045454545454545456,0.045454545454545456,0.0,0.0,0.0,0.0,0.0,0.13636363636363635,0.0,0.0,0.0,0.0,0.0,0.0,0.0,0.0,0.0,0.0,0.0,0.0,0.0,0.045454545454545456,0.0,0.02447402169669052,0.0,0.2222222222222222,0.04970024363278418,22.0,3.1354942159291497,6.350559957149663,6.399412421374557,6.954545454545454
0.08,0.0,0.0,0.0,0.16,0.24,0.04,0.04,0.12,0.0,0.32,0.04,0.04,0.0,0.0,0.0,0.12,0.08,0.08,0.0,0.0,0.08,0.04,0.0,0.0,0.0,0.0,0.0,0.0,0.0,0.04,0.0,0.04,0.08,0.0,0.12,0.0,0.04,0.0,0.0,0.0,0.0,0.0,0.0,0.16,0.0,0.0,0.04,0.0,0.0,0.08,0.0,0.0,0.0,0.0,0.0,0.0,0.0,0.0,0.04,0.027806046159718805,0.0,0.5,0.06055541961758544,25.0,3.258096538021482,6.573997621889722,5.3879866369544755,7.64
0.125,0.125,0.08333333333333333,0.08333333333333333,0.16666666666666666,0.4166666666666667,0.041666666666666664,0.0,0.08333333333333333,0.0,0.20833333333333334,0.041666666666666664,0.0,0.0,0.0,0.0,0.041666666666666664,0.0,0.041666666666666664,0.0,0.0,0.0,0.125,0.0,0.0,0.0,0.0,0.0,0.0,0.0,0.0,0.0,0.08333333333333333,0.0,0.0,0.125,0.0,0.0,0.08333333333333333,0.0,0.0,0.0,0.0,0.041666666666666664,0.041666666666666664,0.08333333333333333,0.0,0.08333333333333333,0.0,0.0,0.0,0.0,0.0,0.0,0.0,0.0,0.0,0.0,0.0,0.0,0.032403201991258825,0.0,0.3333333333333333,0.05966392954613363,24.0,3.2188758248682006,6.1660256710339425,5.64810071321915,7.625
0.0,0.16666666666666666,0.16666666666666666,0.16666666666666666,0.4166666666666667,0.25,0.0,0.0,0.16666666666666666,0.0,0.5833333333333334,0.0,0.0,0.0,0.0,0.0,0.08333333333333333,0.0,0.08333333333333333,0.0,0.0,0.0,0.25,0.0,0.0,0.0,0.0,0.0,0.0,0.0,0.0,0.0,0.0,0.0,0.0,0.08333333333333333,0.0,0.08333333333333333,0.0,0.0,0.0,0.0,0.0,0.0,0.16666666666666666,0.0,0.0,0.0,0.0,0.0,0.0,0.0,0.0,0.0,0.0,0.0,0.0,0.0,0.08333333333333333,0.0,0.07127431698041042,0.0,1.0,0.13678420685239642,12.0,2.5649493574615367,5.627738549219265,2.752524094152291,6.416666666666667
0.10526315789473684,0.21052631578947367,0.21052631578947367,0.21052631578947367,0.10526315789473684,0.21052631578947367,0.0,0.0,0.0,0.0,0.15789473684210525,0.0,0.0,0.0,0.0,0.0,0.05263157894736842,0.0,0.0,0.0,0.0,0.05263157894736842,0.10526315789473684,0.0,0.0,0.0,0.0,0.0,0.0,0.0,0.0,0.0,0.05263157894736842,0.05263157894736842,0.0,0.10526315789473684,0.0,0.05263157894736842,0.05263157894736842,0.0,0.0,0.0,0.0,0.05263157894736842,0.15789473684210525,0.0,0.0,0.0,0.0,0.0,0.05263157894736842,0.0,0.0,0.0,0.0,0.0,0.0,0.0,0.0,0.0,0.03988509538295127,0.0,1.0,0.11488304641483126,19.0,2.995732273553991,5.890077395080491,3.4800579483824294,5.315789473684211
0.07142857142857142,0.21428571428571427,0.14285714285714285,0.14285714285714285,0.25,0.25,0.10714285714285714,0.07142857142857142,0.0,0.03571428571428571,0.17857142857142858,0.07142857142857142,0.0,0.03571428571428571,0.0,0.0,0.0,0.0,0.07142857142857142,0.0,0.03571428571428571,0.07142857142857142,0.10714285714285714,0.0,0.0,0.0,0.0,0.0,0.0,0.0,0.0,0.0,0.03571428571428571,0.0,0.0,0.03571428571428571,0.0,0.0,0.07142857142857142,0.0,0.0,0.0,0.0,0.0,0.32142857142857145,0.07142857142857142,0.0,0.03571428571428571,0.0,0.0,0.0,0.0,0.03571428571428571,0.0,0.0,0.03571428571428571,0.0,0.0,0.07142857142857142,0.03571428571428571,0.058997551991802316,0.0,1.0,0.15565608889821653,28.0,3.367295829986474,7.6598366037616845,6.403423032301728,8.821428571428571
0.0,0.03571428571428571,0.03571428571428571,0.03571428571428571,0.17857142857142858,0.32142857142857145,0.07142857142857142,0.07142857142857142,0.03571428571428571,0.0,0.32142857142857145,0.07142857142857142,0.0,0.03571428571428571,0.0,0.03571428571428571,0.07142857142857142,0.0,0.0,0.0,0.07142857142857142,0.10714285714285714,0.03571428571428571,0.0,0.0,0.0,0.0,0.0,0.0,0.0,0.0,0.0,0.0,0.0,0.0,0.07142857142857142,0.0,0.0,0.07142857142857142,0.03571428571428571,0.0,0.03571428571428571,0.0,0.0,0.32142857142857145,0.0,0.0,0.0,0.0,0.0,0.0,0.03571428571428571,0.03571428571428571,0.0,0.0,0.0,0.0,0.0,0.0,0.0,0.056207086564229417,0.0,0.3333333333333333,0.07023533964035554,28.0,3.367295829986474,6.160314010996915,1.8708286933869707,6.0
0.125,0.0,0.0,0.0,0.5,0.25,0.0,0.0,0.0,0.0,0.375,0.0,0.0,0.125,0.0,0.0,0.0,0.0,0.0,0.0,0.125,0.0,0.0,0.0,0.0,0.0,0.125,0.0,0.0,0.0,0.0,0.0,0.0,0.0,0.0,0.0,0.0,0.0,0.0,0.0,0.0,0.0,0.0,0.0,0.25,0.0,0.0,0.0,0.0,0.0,0.0,0.0,0.125,0.0,0.0,0.0,0.0,0.0,0.0,0.0,0.05091467162868091,0.0,0.2222222222222222,0.063646907814866,8.0,2.1972245773362196,3.9056390622295662,2.7838821814150108,6.5
0.06666666666666667,0.06666666666666667,0.03333333333333333,0.03333333333333333,0.26666666666666666,0.43333333333333335,0.06666666666666667,0.06666666666666667,0.03333333333333333,0.06666666666666667,0.16666666666666666,0.0,0.03333333333333333,0.06666666666666667,0.03333333333333333,0.0,0.06666666666666667,0.0,0.06666666666666667,0.0,0.0,0.06666666666666667,0.13333333333333333,0.0,0.0,0.0,0.0,0.0,0.0,0.0,0.0,0.03333333333333333,0.03333333333333333,0.03333333333333333,0.0,0.1,0.0,0.03333333333333333,0.03333333333333333,0.0,0.03333333333333333,0.0,0.0,0.0,0.26666666666666666,0.0,0.0,0.0,0.0,0.03333333333333333,0.0,0.0,0.0,0.0,0.0,0.03333333333333333,0.0,0.0,0.0,0.06666666666666667,0.04680243708242202,0.0,0.23076923076923078,0.058461654520103566,30.0,3.4339872044851463,7.421321992086531,4.348179695765421,7.6
0.0,0.1111111111111111,0.1111111111111111,0.1111111111111111,0.1111111111111111,0.2222222222222222,0.0,0.0,0.1111111111111111,0.0,0.4444444444444444,0.0,0.0,0.0,0.0,0.0,0.0,0.0,0.0,0.0,0.0,0.0,0.0,0.0,0.0,0.0,0.0,0.0,0.0,0.0,0.0,0.0,0.0,0.0,0.0,0.0,0.0,0.0,0.0,0.0,0.0,0.0,0.0,0.0,0.0,0.0,0.0,0.0,0.0,0.0,0.0,0.0,0.0,0.0,0.0,0.0,0.0,0.0,0.0,0.0,0.03259479717813051,0.0,0.16666666666666666,0.05756226771808564,9.0,2.302585092994046,2.763241668429493,1.1331154474650633,4.222222222222222
0.0,0.2857142857142857,0.21428571428571427,0.21428571428571427,0.21428571428571427,0.2857142857142857,0.0,0.0,0.0,0.0,0.2857142857142857,0.07142857142857142,0.0,0.07142857142857142,0.0,0.07142857142857142,0.0,0.0,0.0,0.0,0.0,0.14285714285714285,0.0,0.0,0.0,0.07142857142857142,0.0,0.07142857142857142,0.0,0.0,0.0,0.07142857142857142,0.0,0.14285714285714285,0.0,0.0,0.07142857142857142,0.0,0.0,0.0,0.07142857142857142,0.0,0.0,0.0,0.14285714285714285,0.0,0.0,0.0,0.0,0.0,0.0,0.0,0.0,0.0,0.0,0.0,0.07142857142857142,0.07142857142857142,0.0,0.0,0.0654954472406757,0.0,1.0,0.18438984649184811,14.0,2.70805020110221,6.900533543545783,3.917516914514882,6.714285714285714
0.037037037037037035,0.14814814814814814,0.14814814814814814,0.14814814814814814,0.18518518518518517,0.1111111111111111,0.037037037037037035,0.037037037037037035,0.0,0.037037037037037035,0.07407407407407407,0.0,0.07407407407407407,0.037037037037037035,0.037037037037037035,0.0,0.037037037037037035,0.037037037037037035,0.07407407407407407,0.037037037037037035,0.0,0.1111111111111111,0.1111111111111111,0.0,0.0,0.0,0.0,0.0,0.0,0.0,0.0,0.0,0.0,0.0,0.0,0.037037037037037035,0.0,0.0,0.0,0.0,0.0,0.0,0.0,0.0,0.25925925925925924,0.037037037037037035,0.0,0.0,0.037037037037037035,0.0,0.0,0.0,0.0,0.0,0.0,0.0,0.0,0.0,0.0,0.0,0.03922251667607704,0.0,1.0,0.10786051505205692,27.0,3.332204510175204,6.1842027842595,4.295018967207178,7.185185185185185
0.0,0.2,0.2,0.2,0.3,0.2,0.0,0.0,0.1,0.0,0.4,0.0,0.1,0.2,0.1,0.0,0.1,0.0,0.2,0.0,0.0,0.1,0.1,0.0,0.0,0.0,0.0,0.0,0.0,0.0,0.0,0.2,0.0,0.3,0.0,0.0,0.0,0.0,0.0,0.0,0.1,0.0,0.0,0.0,0.1,0.0,0.0,0.0,0.0,0.0,0.1,0.0,0.0,0.0,0.0,0.0,0.0,0.0,0.0,0.0,0.05863164965395712,0.0,1.0,0.15687882365102668,10.0,2.3978952727983707,7.811385212695603,4.604345773288535,8.0
0.1,0.1,0.1,0.1,0.15,0.2,0.0,0.0,0.1,0.0,0.25,0.0,0.05,0.0,0.05,0.0,0.0,0.0,0.0,0.0,0.0,0.0,0.0,0.0,0.0,0.0,0.0,0.0,0.0,0.0,0.0,0.0,0.0,0.0,0.0,0.05,0.0,0.0,0.0,0.0,0.0,0.0,0.05,0.0,0.25,0.05,0.0,0.0,0.0,0.0,0.0,0.0,0.0,0.0,0.0,0.0,0.0,0.0,0.05,0.05,0.025348177712175943,0.0,0.25,0.05325740348458242,20.0,3.044522437723423,5.0485693387566615,3.4263683398023628,6.4
0.0,0.03571428571428571,0.03571428571428571,0.03571428571428571,0.25,0.42857142857142855,0.03571428571428571,0.03571428571428571,0.07142857142857142,0.03571428571428571,0.17857142857142858,0.0,0.03571428571428571,0.0,0.03571428571428571,0.0,0.10714285714285714,0.0,0.03571428571428571,0.03571428571428571,0.0,0.0,0.10714285714285714,0.0,0.0,0.03571428571428571,0.0,0.0,0.0,0.0,0.0,0.0,0.03571428571428571,0.0,0.07142857142857142,0.07142857142857142,0.0,0.0,0.03571428571428571,0.0,0.0,0.0,0.0,0.0,0.14285714285714285,0.03571428571428571,0.03571428571428571,0.03571428571428571,0.0,0.0,0.0,0.0,0.0,0.0,0.0,0.0,0.0,0.0,0.0,0.0,0.03587986087986088,0.0,0.25,0.056478985065601395,28.0,3.367295829986474,6.122193774764464,4.030495994190252,6.428571428571429
0.0,0.0,0.0,0.0,0.14285714285714285,0.5714285714285714,0.2857142857142857,0.14285714285714285,0.0,0.14285714285714285,0.2857142857142857,0.14285714285714285,0.0,0.14285714285714285,0.0,0.0,0.14285714285714285,0.0,0.0,0.0,0.0,0.0,0.2857142857142857,0.0,0.0,0.0,0.0,0.0,0.14285714285714285,0.0,0.0,0.0,0.0,0.0,0.0,0.14285714285714285,0.0,0.0,0.0,0.0,0.0,0.0,0.0,0.0,0.14285714285714285,0.0,0.0,0.0,0.0,0.0,0.0,0.0,0.0,0.0,0.0,0.0,0.0,0.0,0.0,0.0,0.04450405831984779,0.0,0.3333333333333333,0.07518950710180063,7.0,2.0794415416798357,5.61996335987064,3.1102201510110343,7.571428571428571
0.14285714285714285,0.14285714285714285,0.14285714285714285,0.14285714285714285,0.0,0.14285714285714285,0.0,0.0,0.0,0.0,0.14285714285714285,0.0,0.14285714285714285,0.0,0.14285714285714285,0.14285714285714285,0.0,0.0,0.14285714285714285,0.14285714285714285,0.0,0.0,0.0,0.0,0.0,0.0,0.14285714285714285,0.0,0.0,0.0,0.0,0.0,0.0,0.0,0.0,0.0,0.0,0.0,0.14285714285714285,0.0,0.0,0.0,0.0,0.0,0.0,0.0,0.14285714285714285,0.0,0.0,0.0,0.0,0.0,0.0,0.0,0.14285714285714285,0.0,0.0,0.0,0.14285714285714285,0.0,0.002976190476190476,0.0,0.0625,0.01330992843749875,7.0,2.0794415416798357,6.41681125041738,2.449489742783178,5.0
0.0,0.07692307692307693,0.07692307692307693,0.07692307692307693,0.15384615384615385,0.07692307692307693,0.07692307692307693,0.07692307692307693,0.07692307692307693,0.0,0.15384615384615385,0.0,0.07692307692307693,0.0,0.07692307692307693,0.0,0.0,0.0,0.07692307692307693,0.07692307692307693,0.0,0.07692307692307693,0.15384615384615385,0.0,0.0,0.0,0.0,0.0,0.0,0.0,0.07692307692307693,0.0,0.0,0.0,0.0,0.07692307692307693,0.0,0.0,0.0,0.0,0.0,0.0,0.0,0.0,0.15384615384615385,0.07692307692307693,0.0,0.0,0.0,0.0,0.07692307692307693,0.0,0.0,0.0,0.0,0.0,0.0,0.0,0.0,0.0,0.027801073344745752,0.0,0.2,0.04795217033043761,13.0,2.6390573296152584,6.216196402722017,3.7794210758579223,7.846153846153846
0.125,0.08333333333333333,0.0,0.0,0.20833333333333334,0.2916666666666667,0.125,0.041666666666666664,0.041666666666666664,0.041666666666666664,0.375,0.0,0.08333333333333333,0.08333333333333333,0.08333333333333333,0.0,0.041666666666666664,0.0,0.041666666666666664,0.0,0.041666666666666664,0.0,0.08333333333333333,0.0,0.0,0.041666666666666664,0.0,0.041666666666666664,0.041666666666666664,0.0,0.0,0.0,0.041666666666666664,0.0,0.0,0.041666666666666664,0.041666666666666664,0.0,0.0,0.0,0.0,0.0,0.0,0.0,0.16666666666666666,0.0,0.0,0.0,0.0,0.0,0.0,0.0,0.041666666666666664,0.0,0.0,0.0,0.0,0.0,0.0,0.0,0.027630661003793324,0.0,0.3333333333333333,0.0540850836383536,24.0,3.2188758248682006,6.678656253866443,3.719085535749645,6.541666666666667
0.0,0.0,0.0,0.0,0.3333333333333333,0.3333333333333333,0.0,0.0,0.16666666666666666,0.0,0.3333333333333333,0.0,0.0,0.0,0.0,0.0,0.16666666666666666,0.0,0.0,0.0,0.0,0.0,0.16666666666666666,0.0,0.0,0.0,0.0,0.0,0.0,0.0,0.0,0.0,0.16666666666666666,0.0,0.0,0.16666666666666666,0.0,0.0,0.16666666666666666,0.0,0.0,0.0,0.0,0.16666666666666666,0.5,0.0,0.0,0.0,0.0,0.0,0.0,0.0,0.16666666666666666,0.0,0.0,0.0,0.0,0.0,0.0,0.0,0.036035393074608756,0.0,0.1,0.0349798426961533,6.0,1.9459101490553132,5.531579168349364,5.899623340142619,10.166666666666666
0.125,0.375,0.375,0.375,0.125,0.25,0.0,0.0,0.0,0.0,0.0,0.0,0.0,0.0,0.0,0.0,0.0,0.0,0.0,0.0,0.0,0.0,0.0,0.0,0.0,0.0,0.0,0.0,0.0,0.0,0.0,0.25,0.125,0.25,0.0,0.0,0.0,0.0,0.0,0.0,0.25,0.0,0.0,0.0,0.0,0.0,0.0,0.0,0.0,0.0,0.0,0.0,0.0,0.0,0.0,0.0,0.0,0.0,0.0,0.0,0.14795918367346936,0.0,1.0,0.3152342894200372,8.0,2.1972245773362196,4.7169171866887,1.5360257159305635,4.125
0.041666666666666664,0.08333333333333333,0.0,0.0,0.25,0.2916666666666667,0.08333333333333333,0.08333333333333333,0.08333333333333333,0.041666666666666664,0.2916666666666667,0.041666666666666664,0.0,0.0,0.0,0.0,0.08333333333333333,0.0,0.08333333333333333,0.0,0.0,0.041666666666666664,0.08333333333333333,0.0,0.0,0.0,0.041666666666666664,0.0,0.0,0.0,0.0,0.0,0.08333333333333333,0.08333333333333333,0.0,0.125,0.0,0.041666666666666664,0.041666666666666664,0.041666666666666664,0.0,0.041666666666666664,0.0,0.0,0.2916666666666667,0.0,0.0,0.0,0.0,0.0,0.0,0.041666666666666664,0.08333333333333333,0.0,0.0,0.0,0.041666666666666664,0.0,0.0,0.0,0.039981096172585294,0.0,0.21428571428571427,0.05296123314854533,24.0,3.2188758248682006,7.519316528095434,5.715476066494082,9.0
0.07692307692307693,0.07692307692307693,0.07692307692307693,0.07692307692307693,0.07692307692307693,0.07692307692307693,0.0,0.07692307692307693,0.15384615384615385,0.0,0.23076923076923078,0.07692307692307693,0.0,0.07692307692307693,0.0,0.0,0.0,0.07692307692307693,0.15384615384615385,0.0,0.0,0.15384615384615385,0.07692307692307693,0.0,0.0,0.0,0.0,0.0,0.0,0.0,0.0,0.0,0.07692307692307693,0.0,0.0,0.07692307692307693,0.0,0.0,0.0,0.0,0.0,0.0,0.0,0.0,0.15384615384615385,0.0,0.0,0.0,0.0,0.0,0.0,0.0,0.0,0.0,0.0,0.0,0.0,0.0,0.0,0.0,0.027722093559197632,0.0,0.3333333333333333,0.06130602841781419,13.0,2.6390573296152584,5.850435825632519,6.510801221384254,7.384615384615385
0.027777777777777776,0.1388888888888889,0.1111111111111111,0.1111111111111111,0.19444444444444445,0.2777777777777778,0.08333333333333333,0.027777777777777776,0.0,0.08333333333333333,0.19444444444444445,0.0,0.0,0.027777777777777776,0.0,0.0,0.027777777777777776,0.05555555555555555,0.05555555555555555,0.0,0.0,0.16666666666666666,0.08333333333333333,0.0,0.0,0.027777777777777776,0.0,0.027777777777777776,0.027777777777777776,0.0,0.0,0.0,0.027777777777777776,0.0,0.0,0.1111111111111111,0.027777777777777776,0.0,0.027777777777777776,0.027777777777777776,0.0,0.027777777777777776,0.027777777777777776,0.0,0.16666666666666666,0.027777777777777776,0.0,0.0,0.027777777777777776,0.0,0.0,0.027777777777777776,0.0,0.0,0.0,0.0,0.0,0.027777777777777776,0.027777777777777776,0.027777777777777776,0.04179968076872102,0.0,0.4,0.06797055147589497,36.0,3.6109179126442243,7.834097840981538,3.3677620146997205,6.861111111111111
0.034482758620689655,0.2413793103448276,0.2413793103448276,0.2413793103448276,0.13793103448275862,0.2413793103448276,0.034482758620689655,0.034482758620689655,0.06896551724137931,0.034482758620689655,0.10344827586206896,0.0,0.034482758620689655,0.0,0.034482758620689655,0.034482758620689655,0.034482758620689655,0.0,0.0,0.0,0.034482758620689655,0.06896551724137931,0.06896551724137931,0.0,0.0,0.06896551724137931,0.034482758620689655,0.06896551724137931,0.034482758620689655,0.0,0.10344827586206896,0.0,0.0,0.034482758620689655,0.0,0.06896551724137931,0.06896551724137931,0.0,0.034482758620689655,0.0,0.0,0.0,0.0,0.0,0.06896551724137931,0.034482758620689655,0.0,0.034482758620689655,0.0,0.0,0.0,0.0,0.034482758620689655,0.0,0.0,0.0,0.0,0.0,0.0,0.0,0.08923953049322506,0.0,1.0,0.24812212800045585,29.0,3.4011973816621555,7.860101959896212,4.36012632222724,5.758620689655173
0.0,0.2,0.2,0.2,0.0,0.2,0.0,0.0,0.0,0.0,0.0,0.0,0.0,0.0,0.0,0.0,0.0,0.0,0.0,0.0,0.0,0.0,0.0,0.0,0.0,0.0,0.0,0.0,0.0,0.0,0.2,0.0,0.0,0.0,0.0,0.0,0.0,0.0,0.2,0.0,0.0,0.0,0.0,0.0,0.0,0.0,0.0,0.0,0.0,0.0,0.0,0.0,0.0,0.0,0.0,0.0,0.0,0.0,0.2,0.0,0.02159090909090909,0.0,0.125,0.04384950313994259,5.0,1.791759469228055,3.250699332842307,0.8944271909999159,5.0
0.0,0.0,0.0,0.0,0.125,0.25,0.125,0.0,0.25,0.125,0.375,0.0,0.0,0.0,0.0,0.0,0.0,0.0,0.125,0.0,0.0,0.0,0.125,0.0,0.0,0.0,0.0,0.0,0.0,0.0,0.0,0.0,0.0,0.0,0.0,0.0,0.0,0.0,0.0,0.0,0.0,0.0,0.0,0.0,0.125,0.125,0.0,0.0,0.0,0.0,0.0,0.0,0.0,0.0,0.0,0.0,0.0,0.0,0.0,0.0,0.01844658317872604,0.0,0.2,0.04308675827004848,8.0,2.1972245773362196,4.155639062229566,3.7080992435478315,8.5
0.0,0.0,0.0,0.0,0.14285714285714285,0.2857142857142857,0.0,0.0,0.0,0.0,0.21428571428571427,0.0,0.0,0.07142857142857142,0.0,0.0,0.07142857142857142,0.0,0.0,0.0,0.0,0.0,0.21428571428571427,0.0,0.0,0.0,0.0,0.0,0.0,0.0,0.0,0.07142857142857142,0.0,0.0,0.0,0.0,0.0,0.0,0.0,0.0,0.0,0.0,0.0,0.0,0.35714285714285715,0.0,0.0,0.0,0.07142857142857142,0.0,0.0,0.0,0.0,0.0,0.0,0.07142857142857142,0.0,0.0,0.0,0.07142857142857142,0.028258705634522714,0.0,0.3333333333333333,0.05281088039224224,14.0,2.70805020110221,4.032124837754368,4.451553271680824,8.428571428571429
0.0,0.1875,0.1875,0.1875,0.0,0.1875,0.0,0.0,0.0625,0.0,0.125,0.0,0.0,0.0625,0.0,0.0,0.0625,0.0625,0.0625,0.0,0.0,0.125,0.0,0.0,0.0,0.0625,0.0,0.0625,0.0,0.0,0.0625,0.0,0.0,0.0,0.0,0.0,0.0625,0.0,0.0,0.0,0.0,0.0,0.0,0.0,0.125,0.0,0.0,0.0,0.0,0.0,0.0,0.0,0.0,0.0,0.0,0.0,0.0,0.0,0.0,0.0,0.048987150415721846,0.0,1.0,0.17208646244766695,16.0,2.833213344056216,5.1862781244591325,2.214123697989794,5.1875
0.0,0.0,0.0,0.0,0.0,0.2,0.0,0.0,0.2,0.0,0.4,0.0,0.0,0.0,0.0,0.0,0.2,0.0,0.0,0.0,0.0,0.0,0.0,0.0,0.0,0.0,0.0,0.0,0.0,0.0,0.0,0.0,0.0,0.0,0.0,0.0,0.0,0.0,0.0,0.0,0.0,0.0,0.0,0.0,0.0,0.0,0.0,0.0,0.0,0.0,0.0,0.0,0.0,0.0,0.0,0.0,0.0,0.0,0.0,0.0,0.01111111111111111,0.0,0.1111111111111111,0.03333333333333333,5.0,1.791759469228055,1.9219280948873623,1.9595917942265424,4.4
0.09375,0.0625,0.0625,0.0625,0.3125,0.25,0.0,0.03125,0.125,0.0,0.3125,0.0,0.0,0.03125,0.0,0.0,0.09375,0.0,0.09375,0.0,0.0625,0.0625,0.0625,0.0,0.0,0.0,0.03125,0.0,0.0,0.0,0.03125,0.0,0.0,0.0,0.0625,0.0625,0.0,0.0,0.0,0.0,0.0,0.0,0.0,0.0,0.15625,0.0,0.03125,0.0,0.0,0.0,0.0,0.0,0.0625,0.0,0.0,0.0,0.0,0.0,0.0,0.0,0.036133853915071665,0.0,0.3333333333333333,0.06351369197992299,32.0,3.4965075614664802,6.333972972541423,3.3888604279314896,6.125
0.0,0.0,0.0,0.0,0.14285714285714285,0.42857142857142855,0.0,0.0,0.14285714285714285,0.0,0.2857142857142857,0.0,0.0,0.14285714285714285,0.0,0.0,0.14285714285714285,0.0,0.14285714285714285,0.0,0.0,0.0,0.0,0.0,0.0,0.0,0.0,0.0,0.0,0.0,0.0,0.0,0.0,0.0,0.0,0.0,0.0,0.0,0.0,0.14285714285714285,0.0,0.14285714285714285,0.0,0.0,0.0,0.0,0.0,0.14285714285714285,0.0,0.0,0.0,0.0,0.0,0.0,0.0,0.0,0.0,0.0,0.0,0.0,0.02131963896669779,0.0,0.1111111111111111,0.03967183417471959,7.0,2.0794415416798357,4.248675212083626,3.136356914300021,5.142857142857143
0.0,0.125,0.125,0.125,0.125,0.125,0.0625,0.0,0.0,0.0,0.375,0.0625,0.0,0.0625,0.0,0.0,0.0,0.0,0.0,0.0,0.0,0.125,0.0625,0.0,0.0,0.0,0.0,0.0,0.0,0.0,0.0,0.0,0.0,0.0625,0.0625,0.0,0.0,0.0,0.0625,0.0,0.0,0.0,0.0,0.0,0.1875,0.0,0.0625,0.0,0.0,0.0,0.0,0.0625,0.0,0.0,0.0625,0.0,0.0,0.0,0.0,0.0625,0.02563838122661652,0.0,0.75,0.08100919021707764,16.0,2.833213344056216,5.98345859334435,2.7613402542968153,6.0
0.08333333333333333,0.1388888888888889,0.1111111111111111,0.1111111111111111,0.2222222222222222,0.19444444444444445,0.0,0.0,0.0,0.027777777777777776,0.16666666666666666,0.0,0.027777777777777776,0.0,0.0,0.0,0.08333333333333333,0.0,0.05555555555555555,0.027777777777777776,0.027777777777777776,0.027777777777777776,0.1388888888888889,0.0,0.0,0.027777777777777776,0.027777777777777776,0.027777777777777776,0.0,0.0,0.027777777777777776,0.0,0.08333333333333333,0.0,0.05555555555555555,0.05555555555555555,0.027777777777777776,0.0,0.0,0.0,0.0,0.0,0.0,0.0,0.16666666666666666,0.027777777777777776,0.027777777777777776,0.0,0.027777777777777776,0.0,0.0,0.0,0.027777777777777776,0.0,0.027777777777777776,0.0,0.0,0.0,0.0,0.0,0.027103537732607208,0.0,0.16666666666666666,0.04183929225859689,36.0,3.6109179126442243,7.044149921937564,3.937003937005906,6.666666666666667
0.0,0.0,0.0,0.0,0.2,0.3,0.2,0.1,0.1,0.0,0.2,0.2,0.0,0.1,0.1,0.0,0.1,0.0,0.1,0.0,0.0,0.0,0.1,0.0,0.0,0.0,0.0,0.0,0.0,0.0,0.1,0.0,0.0,0.0,0.0,0.1,0.0,0.0,0.0,0.0,0.0,0.0,0.0,0.0,0.4,0.0,0.0,0.0,0.0,0.0,0.0,0.0,0.0,0.0,0.0,0.0,0.0,0.0,0.1,0.0,0.028488773390734176,0.0,0.2,0.0522238059029854,10.0,2.3978952727983707,6.229331487002059,4.123105625617661,7.0
0.0,0.16666666666666666,0.16666666666666666,0.16666666666666666,0.16666666666666666,0.3333333333333333,0.0,0.0,0.0,0.16666666666666666,0.16666666666666666,0.0,0.16666666666666666,0.0,0.16666666666666666,0.0,0.3333333333333333,0.0,0.0,0.16666666666666666,0.0,0.0,0.16666666666666666,0.0,0.0,0.0,0.0,0.0,0.0,0.0,0.0,0.0,0.16666666666666666,0.0,0.16666666666666666,0.0,0.0,0.0,0.3333333333333333,0.0,0.0,0.0,0.0,0.0,0.5,0.0,0.0,0.0,0.0,0.0,0.0,0.0,0.0,0.0,0.0,0.0,0.0,0.0,0.0,0.0,0.052179908913681246,0.0,0.13793103448275862,0.04552753119456267,6.0,1.9459101490553132,7.254887502163468,5.477225575051661,11.0
0.07692307692307693,0.15384615384615385,0.07692307692307693,0.07692307692307693,0.07692307692307693,0.07692307692307693,0.15384615384615385,0.0,0.15384615384615385,0.0,0.38461538461538464,0.0,0.0,0.0,0.0,0.0,0.07692307692307693,0.0,0.07692307692307693,0.0,0.0,0.15384615384615385,0.15384615384615385,0.0,0.0,0.0,0.0,0.0,0.0,0.0,0.0,0.07692307692307693,0.0,0.07692307692307693,0.0,0.07692307692307693,0.0,0.0,0.0,0.0,0.07692307692307693,0.0,0.0,0.0,0.23076923076923078,0.07692307692307693,0.0,0.0,0.0,0.07692307692307693,0.0,0.0,0.0,0.0,0.0,0.0,0.0,0.0,0.0,0.15384615384615385,0.03701488382662471,0.0,0.38461538461538464,0.07441849208852318,13.0,2.6390573296152584,7.2115371324658275,2.9911110915728587,5.769230769230769
0.0625,0.125,0.125,0.125,0.1875,0.3125,0.0625,0.0,0.0625,0.0625,0.25,0.0,0.0,0.0625,0.0,0.0,0.0625,0.0,0.0,0.0,0.0,0.0625,0.0625,0.0,0.0,0.0,0.0,0.0,0.0625,0.0,0.0,0.0625,0.0625,0.0625,0.0625,0.0,0.0,0.0,0.0,0.0,0.0625,0.0,0.0,0.0,0.1875,0.0,0.0,0.0,0.0,0.0,0.0,0.0,0.0,0.0,0.0,0.0,0.0,0.0,0.0,0.0,0.03125421264076726,0.0,1.0,0.1069172435620456,16.0,2.833213344056216,6.555036532577266,4.512136411945011,6.125
0.0,0.2857142857142857,0.2857142857142857,0.2857142857142857,0.14285714285714285,0.14285714285714285,0.0,0.0,0.0,0.0,0.0,0.0,0.0,0.0,0.0,0.0,0.0,0.0,0.0,0.0,0.0,0.14285714285714285,0.0,0.0,0.0,0.0,0.0,0.0,0.0,0.0,0.0,0.0,0.0,0.0,0.0,0.0,0.0,0.0,0.0,0.0,0.0,0.0,0.0,0.0,0.0,0.0,0.0,0.0,0.0,0.0,0.0,0.0,0.0,0.0,0.0,0.0,0.0,0.0,0.0,0.0,0.047619047619047616,0.0,1.0,0.21295885499998,7.0,2.0794415416798357,2.7523134712169197,0.9258200997725514,4.0
0.0,0.0,0.0,0.0,0.125,0.25,0.0,0.0,0.0,0.0,0.0,0.0,0.125,0.0,0.125,0.0,0.0,0.0,0.0,0.125,0.0,0.125,0.0,0.0,0.0,0.0,0.0,0.0,0.0,0.0,0.0,0.0,0.0,0.125,0.0,0.0,0.0,0.0,0.0,0.0,0.0,0.0,0.0,0.0,0.0,0.0,0.0,0.0,0.125,0.0,0.0,0.0,0.0,0.0,0.0,0.0,0.0,0.0,0.0,0.0,0.02223639455782313,0.0,0.14285714285714285,0.044010893831610394,8.0,2.1972245773362196,3.125,2.23606797749979,5.0
0.01904761904761905,0.0761904761904762,0.05714285714285714,0.05714285714285714,0.17142857142857143,0.2857142857142857,0.0380952380952381,0.009523809523809525,0.05714285714285714,0.0,0.2857142857142857,0.009523809523809525,0.02857142857142857,0.05714285714285714,0.02857142857142857,0.0380952380952381,0.047619047619047616,0.009523809523809525,0.047619047619047616,0.02857142857142857,0.0,0.02857142857142857,0.05714285714285714,0.009523809523809525,0.0,0.009523809523809525,0.0,0.009523809523809525,0.0,0.0,0.009523809523809525,0.0,0.01904761904761905,0.009523809523809525,0.009523809523809525,0.05714285714285714,0.009523809523809525,0.01904761904761905,0.06666666666666667,0.0,0.0,0.0,0.0,0.0,0.2761904761904762,0.01904761904761905,0.0,0.0,0.009523809523809525,0.0,0.009523809523809525,0.0,0.0,0.0,0.0,0.0,0.0,0.0,0.01904761904761905,0.0,0.051762064927480506,0.0,0.3333333333333333,0.07316514993144922,105.0,4.663439094112067,6.616086272864962,4.849536527870204,7.076190476190476
0.030303030303030304,0.030303030303030304,0.030303030303030304,0.030303030303030304,0.30303030303030304,0.36363636363636365,0.06060606060606061,0.06060606060606061,0.030303030303030304,0.0,0.24242424242424243,0.030303030303030304,0.0,0.09090909090909091,0.0,0.0,0.12121212121212122,0.030303030303030304,0.030303030303030304,0.0,0.0,0.030303030303030304,0.06060606060606061,0.030303030303030304,0.0,0.0,0.0,0.0,0.0,0.0,0.0,0.0,0.0,0.06060606060606061,0.0,0.06060606060606061,0.0,0.06060606060606061,0.0,0.030303030303030304,0.0,0.030303030303030304,0.0,0.0,0.12121212121212122,0.09090909090909091,0.0,0.0,0.030303030303030304,0.0,0.0,0.0,0.0,0.0,0.0,0.0,0.0,0.0,0.030303030303030304,0.0,0.027336254049501366,0.0,0.25,0.04593225146412298,33.0,3.5263605246161616,6.52602976949204,3.541956316141483,7.0
0.06896551724137931,0.08620689655172414,0.06896551724137931,0.06896551724137931,0.22413793103448276,0.3103448275862069,0.08620689655172414,0.05172413793103448,0.017241379310344827,0.017241379310344827,0.1896551724137931,0.034482758620689655,0.034482758620689655,0.0,0.017241379310344827,0.017241379310344827,0.10344827586206896,0.0,0.034482758620689655,0.06896551724137931,0.0,0.08620689655172414,0.06896551724137931,0.017241379310344827,0.0,0.017241379310344827,0.0,0.017241379310344827,0.017241379310344827,0.0,0.0,0.0,0.034482758620689655,0.017241379310344827,0.017241379310344827,0.05172413793103448,0.017241379310344827,0.017241379310344827,0.05172413793103448,0.017241379310344827,0.0,0.017241379310344827,0.034482758620689655,0.034482758620689655,0.20689655172413793,0.034482758620689655,0.0,0.0,0.017241379310344827,0.0,0.034482758620689655,0.017241379310344827,0.0,0.0,0.0,0.0,0.0,0.0,0.034482758620689655,0.034482758620689655,0.037755859780983336,0.0,1.0,0.10585712925799455,58.0,4.07753744390572,8.47028131393573,3.3572467628098392,7.068965517241379
0.0,0.15151515151515152,0.15151515151515152,0.15151515151515152,0.18181818181818182,0.06060606060606061,0.0,0.030303030303030304,0.0,0.0,0.24242424242424243,0.0,0.030303030303030304,0.0,0.030303030303030304,0.0,0.030303030303030304,0.030303030303030304,0.030303030303030304,0.030303030303030304,0.0,0.12121212121212122,0.030303030303030304,0.06060606060606061,0.0,0.0,0.0,0.0,0.0,0.0,0.030303030303030304,0.0,0.030303030303030304,0.030303030303030304,0.0,0.0,0.0,0.0,0.0,0.0,0.0,0.0,0.0,0.030303030303030304,0.15151515151515152,0.06060606060606061,0.030303030303030304,0.06060606060606061,0.06060606060606061,0.0,0.0,0.0,0.0,0.0,0.030303030303030304,0.0,0.030303030303030304,0.030303030303030304,0.0,0.06060606060606061,0.03909453744496916,0.0,1.0,0.10448137505745424,33.0,3.5263605246161616,6.878232575017691,3.7519508240681803,6.7272727272727275
0.14285714285714285,0.07142857142857142,0.07142857142857142,0.07142857142857142,0.0,0.21428571428571427,0.07142857142857142,0.07142857142857142,0.0,0.0,0.2857142857142857,0.07142857142857142,0.0,0.0,0.07142857142857142,0.07142857142857142,0.21428571428571427,0.0,0.14285714285714285,0.0,0.0,0.0,0.07142857142857142,0.0,0.0,0.0,0.0,0.0,0.0,0.0,0.0,0.0,0.0,0.0,0.0,0.21428571428571427,0.0,0.0,0.21428571428571427,0.0,0.0,0.0,0.0,0.0,0.2857142857142857,0.0,0.0,0.0,0.0,0.0,0.0,0.0,0.0,0.0,0.0,0.0,0.0,0.0,0.0,0.0,0.043705581569188544,0.0,0.2857142857142857,0.06881330461726526,14.0,2.70805020110221,6.187368744231933,3.17274747350183,5.928571428571429
0.0,0.18181818181818182,0.18181818181818182,0.18181818181818182,0.0,0.2727272727272727,0.0,0.0,0.0,0.0,0.18181818181818182,0.0,0.0,0.0,0.0,0.0,0.0,0.0,0.0,0.0,0.0,0.09090909090909091,0.09090909090909091,0.0,0.0,0.0,0.0,0.0,0.0,0.0,0.0,0.0,0.0,0.09090909090909091,0.0,0.09090909090909091,0.0,0.0,0.0,0.09090909090909091,0.0,0.09090909090909091,0.0,0.0,0.09090909090909091,0.0,0.0,0.0,0.09090909090909091,0.0,0.0,0.0,0.0,0.0,0.0,0.0,0.0,0.0,0.0,0.0,0.03475593331208304,0.0,1.0,0.13653508309432863,11.0,2.4849066497880004,4.815846659267743,2.0123585110162416,5.363636363636363
0.03125,0.1875,0.15625,0.15625,0.125,0.1875,0.0625,0.0625,0.09375,0.03125,0.25,0.03125,0.03125,0.0,0.03125,0.0,0.0625,0.0,0.0625,0.0,0.03125,0.03125,0.0625,0.0,0.0,0.03125,0.0,0.03125,0.0,0.0,0.0,0.0,0.0,0.03125,0.0,0.03125,0.03125,0.0,0.0625,0.0,0.0,0.0,0.0,0.0,0.1875,0.03125,0.0,0.03125,0.0,0.0,0.0,0.0,0.03125,0.0,0.0,0.0,0.0,0.0,0.0,0.03125,0.07624371602632471,0.0,1.0,0.23075562065348035,32.0,3.4965075614664802,7.39051582924944,5.234724801744596,7.3125
0.07142857142857142,0.21428571428571427,0.21428571428571427,0.21428571428571427,0.21428571428571427,0.2857142857142857,0.0,0.0,0.07142857142857142,0.0,0.21428571428571427,0.0,0.0,0.07142857142857142,0.0,0.0,0.0,0.0,0.07142857142857142,0.0,0.0,0.0,0.0,0.0,0.0,0.07142857142857142,0.07142857142857142,0.07142857142857142,0.0,0.0,0.0,0.0,0.0,0.0,0.0,0.14285714285714285,0.07142857142857142,0.07142857142857142,0.0,0.0,0.0,0.0,0.0,0.0,0.14285714285714285,0.0,0.0,0.07142857142857142,0.0,0.0,0.0,0.0,0.0,0.0,0.0,0.0,0.0,0.0,0.0,0.0,0.05858990905574757,0.0,1.0,0.18272396109276107,14.0,2.70805020110221,6.4191624940773995,4.352456496166321,5.357142857142857
0.07692307692307693,0.15384615384615385,0.15384615384615385,0.15384615384615385,0.0,0.23076923076923078,0.07692307692307693,0.0,0.07692307692307693,0.07692307692307693,0.23076923076923078,0.0,0.0,0.0,0.0,0.0,0.07692307692307693,0.0,0.07692307692307693,0.0,0.0,0.23076923076923078,0.07692307692307693,0.0,0.0,0.0,0.0,0.0,0.07692307692307693,0.0,0.0,0.0,0.0,0.07692307692307693,0.0,0.15384615384615385,0.0,0.0,0.0,0.0,0.0,0.0,0.0,0.0,0.07692307692307693,0.0,0.0,0.0,0.0,0.0,0.0,0.0,0.0,0.0,0.0,0.0,0.07692307692307693,0.07692307692307693,0.07692307692307693,0.0,0.03333897751318565,0.0,1.0,0.1177974046365308,13.0,2.6390573296152584,6.826809925980182,3.285254846778865,6.230769230769231
0.125,0.0,0.0,0.0,0.25,0.25,0.125,0.0625,0.0,0.0625,0.3125,0.0,0.0625,0.0625,0.0625,0.0,0.0,0.0,0.0625,0.0625,0.0,0.0,0.0625,0.0,0.0,0.0,0.0,0.0,0.0625,0.0,0.0,0.0,0.0625,0.0,0.0,0.0625,0.0,0.0625,0.0,0.0,0.0,0.0,0.0,0.0,0.25,0.0625,0.0,0.0,0.0,0.0,0.0,0.0,0.0,0.0,0.0,0.0,0.0,0.0,0.0,0.0,0.03897628403214619,0.0,0.3333333333333333,0.056860087591557654,16.0,2.833213344056216,6.024397470347699,3.2493989828889895,6.9375
0.0,0.09090909090909091,0.09090909090909091,0.09090909090909091,0.2727272727272727,0.2727272727272727,0.0,0.0,0.09090909090909091,0.0,0.2727272727272727,0.0,0.0,0.09090909090909091,0.0,0.045454545454545456,0.09090909090909091,0.045454545454545456,0.09090909090909091,0.0,0.045454545454545456,0.045454545454545456,0.045454545454545456,0.0,0.0,0.0,0.0,0.0,0.0,0.0,0.0,0.0,0.09090909090909091,0.0,0.09090909090909091,0.09090909090909091,0.0,0.0,0.0,0.0,0.0,0.0,0.0,0.045454545454545456,0.22727272727272727,0.0,0.0,0.0,0.0,0.0,0.0,0.0,0.0,0.0,0.0,0.0,0.0,0.0,0.0,0.0,0.03931958834325044,0.0,0.2857142857142857,0.06321915591992089,22.0,3.1354942159291497,6.380599264809542,3.7405528384438154,7.090909090909091
0.037037037037037035,0.18518518518518517,0.18518518518518517,0.18518518518518517,0.07407407407407407,0.25925925925925924,0.0,0.0,0.0,0.0,0.07407407407407407,0.0,0.07407407407407407,0.0,0.037037037037037035,0.0,0.037037037037037035,0.0,0.0,0.037037037037037035,0.0,0.0,0.037037037037037035,0.0,0.037037037037037035,0.0,0.0,0.0,0.0,0.0,0.037037037037037035,0.0,0.0,0.0,0.0,0.037037037037037035,0.0,0.0,0.037037037037037035,0.0,0.0,0.0,0.0,0.0,0.2962962962962963,0.037037037037037035,0.0,0.0,0.0,0.0,0.0,0.0,0.0,0.0,0.0,0.0,0.0,0.0,0.0,0.0,0.03736085427568475,0.0,1.0,0.11306985963914953,27.0,3.332204510175204,4.972015526733553,6.19637488604386,6.555555555555555
0.0410958904109589,0.0958904109589041,0.0958904109589041,0.0958904109589041,0.2191780821917808,0.22602739726027396,0.0273972602739726,0.02054794520547945,0.08904109589041095,0.00684931506849315,0.2808219178082192,0.0136986301369863,0.02054794520547945,0.0410958904109589,0.02054794520547945,0.00684931506849315,0.06164383561643835,0.03424657534246575,0.0547945205479452,0.0273972602739726,0.0,0.04794520547945205,0.0273972602739726,0.0,0.0,0.02054794520547945,0.0,0.02054794520547945,0.0,0.0,0.0136986301369863,0.0,0.0136986301369863,0.0273972602739726,0.00684931506849315,0.0410958904109589,0.02054794520547945,0.02054794520547945,0.03424657534246575,0.0136986301369863,0.0,0.0136986301369863,0.00684931506849315,0.00684931506849315,0.1643835616438356,0.0136986301369863,0.00684931506849315,0.0136986301369863,0.0,0.0,0.0,0.0,0.0,0.0,0.00684931506849315,0.00684931506849315,0.0,0.0,0.00684931506849315,0.0136986301369863,0.04490839308288478,0.0,0.3333333333333333,0.06950654531477833,146.0,4.990432586778736,7.276476396938429,4.793052612855043,6.739726027397261
0.02564102564102564,0.15384615384615385,0.15384615384615385,0.15384615384615385,0.15384615384615385,0.358974358974359,0.02564102564102564,0.02564102564102564,0.05128205128205128,0.05128205128205128,0.1794871794871795,0.0,0.02564102564102564,0.05128205128205128,0.02564102564102564,0.02564102564102564,0.07692307692307693,0.0,0.0,0.05128205128205128,0.02564102564102564,0.0,0.05128205128205128,0.02564102564102564,0.0,0.02564102564102564,0.0,0.02564102564102564,0.0,0.0,0.0,0.0,0.02564102564102564,0.0,0.0,0.02564102564102564,0.02564102564102564,0.0,0.02564102564102564,0.0,0.0,0.0,0.0,0.0,0.10256410256410256,0.02564102564102564,0.02564102564102564,0.0,0.0,0.0,0.0,0.0,0.02564102564102564,0.0,0.0,0.0,0.0,0.0,0.0,0.0,0.03002973132590655,0.0,0.3333333333333333,0.05352432373120368,39.0,3.6888794541139363,6.661495754036838,3.6692657096653867,6.153846153846154
0.1,0.0,0.0,0.0,0.25,0.35,0.0,0.05,0.05,0.0,0.2,0.0,0.0,0.05,0.0,0.0,0.05,0.0,0.05,0.0,0.0,0.15,0.05,0.0,0.0,0.0,0.05,0.0,0.0,0.0,0.0,0.0,0.0,0.0,0.0,0.05,0.0,0.0,0.0,0.0,0.0,0.0,0.0,0.0,0.3,0.05,0.0,0.05,0.0,0.0,0.0,0.0,0.0,0.0,0.0,0.0,0.0,0.0,0.0,0.05,0.04714019960983596,0.0,0.3,0.06376099233417327,20.0,3.044522437723423,5.135374008519467,4.5541190146942805,7.4
0.0,0.125,0.125,0.125,0.125,0.5,0.125,0.125,0.125,0.125,0.375,0.0,0.0,0.0,0.0,0.0,0.25,0.0,0.0,0.0,0.0,0.125,0.125,0.0,0.0,0.125,0.0,0.125,0.125,0.0,0.0,0.0,0.0,0.125,0.0,0.125,0.125,0.0,0.125,0.0,0.0,0.0,0.125,0.0,0.0,0.0,0.0,0.0,0.0,0.0,0.0,0.0,0.0,0.0,0.0,0.0,0.0,0.0,0.0,0.0,0.030466160823303678,0.0,0.1111111111111111,0.04164929359045853,8.0,2.1972245773362196,8.280639062229566,2.117634293262177,6.625
0.08,0.08,0.08,0.08,0.24,0.2,0.0,0.0,0.04,0.0,0.22,0.0,0.08,0.02,0.1,0.0,0.06,0.0,0.06,0.06,0.0,0.02,0.02,0.0,0.0,0.0,0.0,0.0,0.0,0.0,0.0,0.0,0.0,0.02,0.0,0.06,0.0,0.04,0.0,0.0,0.0,0.0,0.0,0.0,0.24,0.1,0.02,0.0,0.02,0.0,0.0,0.0,0.0,0.0,0.02,0.02,0.0,0.0,0.04,0.02,0.042678795372335494,0.0,0.375,0.06136752198732276,50.0,3.9318256327243257,6.6024474325660565,7.66448954595151,7.34
0.125,0.125,0.0625,0.0625,0.125,0.3125,0.1875,0.0625,0.0625,0.0625,0.25,0.0625,0.0625,0.0,0.0625,0.0,0.0625,0.0,0.125,0.0625,0.0,0.0,0.25,0.0,0.0,0.0,0.0,0.0,0.0625,0.0,0.0,0.0,0.0625,0.0,0.0,0.0,0.0,0.0,0.0,0.0,0.0,0.0,0.0,0.0,0.375,0.125,0.0,0.0,0.0625,0.0,0.0,0.125,0.0,0.0,0.0,0.0,0.0,0.0,0.0,0.0,0.056967310363554416,0.0,0.5,0.06746271128516378,16.0,2.833213344056216,8.00785606369205,4.077376607575022,8.5
0.03571428571428571,0.09523809523809523,0.05952380952380952,0.05952380952380952,0.25,0.2857142857142857,0.05952380952380952,0.03571428571428571,0.07142857142857142,0.03571428571428571,0.23809523809523808,0.023809523809523808,0.011904761904761904,0.011904761904761904,0.0,0.011904761904761904,0.047619047619047616,0.011904761904761904,0.08333333333333333,0.011904761904761904,0.0,0.09523809523809523,0.05952380952380952,0.011904761904761904,0.0,0.0,0.011904761904761904,0.0,0.0,0.0,0.011904761904761904,0.011904761904761904,0.011904761904761904,0.023809523809523808,0.03571428571428571,0.07142857142857142,0.011904761904761904,0.011904761904761904,0.03571428571428571,0.011904761904761904,0.011904761904761904,0.011904761904761904,0.0,0.0,0.2619047619047619,0.011904761904761904,0.023809523809523808,0.03571428571428571,0.047619047619047616,0.0,0.0,0.0,0.0,0.0,0.011904761904761904,0.011904761904761904,0.0,0.0,0.011904761904761904,0.03571428571428571,0.03747397418478895,0.0,0.25,0.0541586268932954,84.0,4.442651256490317,7.924721221253082,4.658946481011041,7.357142857142857
0.0,0.125,0.0625,0.0625,0.1875,0.3125,0.0625,0.0,0.0625,0.0,0.25,0.0625,0.0,0.0,0.0,0.0625,0.0625,0.0,0.0,0.0,0.0,0.0625,0.125,0.0,0.0,0.0,0.0,0.0,0.0,0.0,0.0,0.0,0.0625,0.0,0.0625,0.0,0.0,0.0,0.0625,0.0,0.0,0.0,0.0,0.0,0.125,0.0,0.0625,0.0,0.0,0.0,0.0,0.0625,0.0,0.0,0.0,0.0,0.0,0.0,0.0,0.0,0.024949218865358176,0.0,0.4,0.05087369035823393,16.0,2.833213344056216,5.852217001462482,5.78488061674569,8.3125
0.0,0.0,0.0,0.0,0.07692307692307693,0.15384615384615385,0.0,0.0,0.0,0.0,0.3076923076923077,0.0,0.07692307692307693,0.07692307692307693,0.07692307692307693,0.0,0.07692307692307693,0.0,0.0,0.07692307692307693,0.0,0.0,0.0,0.0,0.0,0.0,0.0,0.0,0.0,0.0,0.0,0.0,0.0,0.07692307692307693,0.07692307692307693,0.0,0.0,0.07692307692307693,0.0,0.07692307692307693,0.0,0.07692307692307693,0.0,0.0,0.23076923076923078,0.07692307692307693,0.0,0.0,0.0,0.0,0.0,0.0,0.0,0.0,0.0,0.0,0.0,0.0,0.0,0.0,0.024341082801128497,0.0,0.3333333333333333,0.05038029588901375,13.0,2.6390573296152584,4.842642044523036,3.839995069030364,6.846153846153846
0.0,0.08333333333333333,0.08333333333333333,0.08333333333333333,0.3333333333333333,0.5,0.08333333333333333,0.08333333333333333,0.0,0.08333333333333333,0.16666666666666666,0.0,0.0,0.08333333333333333,0.0,0.0,0.0,0.0,0.0,0.0,0.0,0.0,0.16666666666666666,0.0,0.0,0.0,0.0,0.0,0.0,0.0,0.0,0.0,0.08333333333333333,0.08333333333333333,0.0,0.16666666666666666,0.0,0.0,0.16666666666666666,0.0,0.0,0.0,0.0,0.0,0.3333333333333333,0.0,0.0,0.0,0.0,0.08333333333333333,0.0,0.0,0.0,0.0,0.0,0.0,0.0,0.0,0.0,0.0,0.04660107092832922,0.0,0.2857142857142857,0.054300652108547294,12.0,2.5649493574615367,6.267418751562504,4.342138490037676,8.75
0.08064516129032258,0.0967741935483871,0.08064516129032258,0.08064516129032258,0.1774193548387097,0.20967741935483872,0.08064516129032258,0.04838709677419355,0.03225806451612903,0.03225806451612903,0.25806451612903225,0.016129032258064516,0.0,0.03225806451612903,0.0,0.0,0.0967741935483871,0.0,0.04838709677419355,0.0,0.016129032258064516,0.06451612903225806,0.04838709677419355,0.0,0.0,0.0,0.03225806451612903,0.0,0.016129032258064516,0.0,0.016129032258064516,0.04838709677419355,0.08064516129032258,0.06451612903225806,0.0,0.11290322580645161,0.0,0.0,0.0,0.0,0.03225806451612903,0.0,0.0,0.0,0.1935483870967742,0.016129032258064516,0.0,0.0,0.0,0.03225806451612903,0.0,0.03225806451612903,0.0,0.0,0.0,0.0,0.0,0.0,0.0,0.0,0.030470180302113074,0.0,0.25,0.049336955004515355,62.0,4.143134726391533,7.30481775659411,4.361762715397508,6.32258064516129
0.03125,0.09375,0.09375,0.09375,0.125,0.3125,0.0625,0.03125,0.125,0.0625,0.375,0.0,0.03125,0.0,0.03125,0.0,0.09375,0.0,0.03125,0.03125,0.0,0.125,0.09375,0.0,0.0,0.0,0.03125,0.0,0.03125,0.0,0.0,0.03125,0.0,0.0,0.0,0.15625,0.0,0.0,0.0625,0.0,0.03125,0.0,0.03125,0.0,0.125,0.03125,0.0,0.0,0.03125,0.0,0.03125,0.0,0.0,0.0,0.0,0.0,0.03125,0.03125,0.0,0.03125,0.05146812182526469,0.0,1.0,0.11778397413760906,32.0,3.4965075614664802,7.980534095538073,4.463392767839281,6.625
0.14285714285714285,0.14285714285714285,0.14285714285714285,0.14285714285714285,0.14285714285714285,0.14285714285714285,0.14285714285714285,0.0,0.0,0.14285714285714285,0.0,0.0,0.0,0.0,0.0,0.0,0.0,0.0,0.0,0.0,0.0,0.0,0.0,0.0,0.0,0.0,0.0,0.0,0.0,0.0,0.0,0.0,0.0,0.0,0.0,0.14285714285714285,0.0,0.0,0.0,0.0,0.0,0.0,0.0,0.0,0.0,0.0,0.0,0.0,0.0,0.0,0.0,0.0,0.0,0.0,0.0,0.0,0.0,0.0,0.0,0.0,0.018789054083171733,0.0,0.2,0.04650856314808096,7.0,2.0794415416798357,3.6094563283597765,2.813959371941744,5.714285714285714
0.1111111111111111,0.1111111111111111,0.1111111111111111,0.1111111111111111,0.0,0.1111111111111111,0.0,0.0,0.0,0.0,0.1111111111111111,0.0,0.0,0.0,0.1111111111111111,0.1111111111111111,0.0,0.0,0.2222222222222222,0.0,0.0,0.0,0.0,0.0,0.0,0.0,0.0,0.0,0.0,0.0,0.1111111111111111,0.0,0.1111111111111111,0.0,0.0,0.0,0.0,0.0,0.1111111111111111,0.0,0.0,0.0,0.0,0.0,0.0,0.1111111111111111,0.1111111111111111,0.0,0.0,0.0,0.0,0.0,0.0,0.0,0.1111111111111111,0.0,0.0,0.0,0.0,0.0,0.010043865599421156,0.0,0.2,0.035716796184820813,9.0,2.302585092994046,5.413200002564112,5.166367972250075,7.444444444444445
0.07692307692307693,0.15384615384615385,0.07692307692307693,0.07692307692307693,0.0,0.23076923076923078,0.07692307692307693,0.07692307692307693,0.0,0.0,0.07692307692307693,0.07692307692307693,0.07692307692307693,0.0,0.07692307692307693,0.0,0.0,0.0,0.0,0.07692307692307693,0.0,0.0,0.15384615384615385,0.0,0.0,0.0,0.0,0.0,0.0,0.0,0.07692307692307693,0.0,0.07692307692307693,0.0,0.07692307692307693,0.07692307692307693,0.0,0.0,0.0,0.0,0.0,0.0,0.07692307692307693,0.0,0.23076923076923078,0.07692307692307693,0.15384615384615385,0.0,0.0,0.0,0.0,0.0,0.0,0.0,0.0,0.0,0.0,0.0,0.0,0.07692307692307693,0.03540618060593055,0.0,0.8181818181818182,0.09990646324675814,13.0,2.6390573296152584,7.061767447828056,2.4997041245033724,6.461538461538462
0.0,0.14285714285714285,0.14285714285714285,0.14285714285714285,0.0,0.5714285714285714,0.14285714285714285,0.0,0.14285714285714285,0.0,0.2857142857142857,0.14285714285714285,0.0,0.0,0.0,0.0,0.14285714285714285,0.0,0.0,0.0,0.0,0.0,0.0,0.0,0.0,0.14285714285714285,0.0,0.14285714285714285,0.0,0.0,0.0,0.0,0.0,0.0,0.0,0.0,0.14285714285714285,0.0,0.0,0.0,0.0,0.0,0.0,0.0,0.0,0.0,0.0,0.0,0.0,0.0,0.0,0.0,0.0,0.0,0.0,0.0,0.0,0.0,0.0,0.0,0.03625703870064772,0.0,0.16666666666666666,0.055284502882295423,7.0,2.0794415416798357,4.988239821845952,3.3685217493004562,5.285714285714286
0.02564102564102564,0.05128205128205128,0.05128205128205128,0.05128205128205128,0.23076923076923078,0.1794871794871795,0.02564102564102564,0.05128205128205128,0.1282051282051282,0.02564102564102564,0.2564102564102564,0.0,0.0,0.02564102564102564,0.0,0.02564102564102564,0.05128205128205128,0.02564102564102564,0.02564102564102564,0.0,0.0,0.05128205128205128,0.02564102564102564,0.0,0.0,0.0,0.02564102564102564,0.0,0.0,0.0,0.02564102564102564,0.0,0.0,0.02564102564102564,0.0,0.07692307692307693,0.0,0.0,0.07692307692307693,0.0,0.0,0.0,0.0,0.02564102564102564,0.10256410256410256,0.0,0.0,0.02564102564102564,0.02564102564102564,0.0,0.0,0.0,0.0,0.0,0.0,0.0,0.0,0.0,0.0,0.0,0.04704823826230283,0.0,1.0,0.11342510007326259,39.0,3.6888794541139363,5.9385241735576715,3.444306586709125,6.333333333333333
0.0,0.047619047619047616,0.047619047619047616,0.047619047619047616,0.23809523809523808,0.14285714285714285,0.0,0.0,0.047619047619047616,0.0,0.23809523809523808,0.0,0.047619047619047616,0.14285714285714285,0.047619047619047616,0.0,0.047619047619047616,0.047619047619047616,0.14285714285714285,0.047619047619047616,0.0,0.047619047619047616,0.0,0.0,0.0,0.047619047619047616,0.0,0.047619047619047616,0.0,0.0,0.0,0.047619047619047616,0.047619047619047616,0.14285714285714285,0.047619047619047616,0.09523809523809523,0.047619047619047616,0.0,0.047619047619047616,0.0,0.047619047619047616,0.0,0.0,0.0,0.2857142857142857,0.0,0.0,0.047619047619047616,0.0,0.0,0.0,0.0,0.0,0.0,0.0,0.047619047619047616,0.0,0.0,0.0,0.0,0.025927902257592454,0.0,0.2222222222222222,0.04434541296466817,21.0,3.091042453358316,7.612726913194457,3.7981974481160514,8.619047619047619
0.0,0.06666666666666667,0.06666666666666667,0.06666666666666667,0.3333333333333333,0.3333333333333333,0.06666666666666667,0.0,0.0,0.06666666666666667,0.2,0.0,0.0,0.0,0.0,0.0,0.0,0.0,0.0,0.0,0.06666666666666667,0.0,0.0,0.0,0.0,0.0,0.0,0.0,0.06666666666666667,0.0,0.0,0.0,0.06666666666666667,0.0,0.0,0.06666666666666667,0.0,0.06666666666666667,0.0,0.0,0.0,0.0,0.0,0.0,0.2,0.0,0.0,0.0,0.0,0.0,0.0,0.0,0.0,0.0,0.0,0.0,0.0,0.0,0.06666666666666667,0.0,0.027778117194248126,0.0,0.35714285714285715,0.05673685585534112,15.0,2.772588722239781,4.850466008548629,4.888080741286229,7.8
0.0,0.0,0.0,0.0,0.23076923076923078,0.38461538461538464,0.0,0.0,0.07692307692307693,0.0,0.3076923076923077,0.0,0.0,0.07692307692307693,0.0,0.0,0.23076923076923078,0.0,0.0,0.0,0.0,0.07692307692307693,0.07692307692307693,0.07692307692307693,0.0,0.07692307692307693,0.0,0.07692307692307693,0.0,0.0,0.0,0.0,0.07692307692307693,0.0,0.0,0.07692307692307693,0.07692307692307693,0.15384615384615385,0.07692307692307693,0.0,0.0,0.0,0.0,0.0,0.23076923076923078,0.0,0.0,0.0,0.0,0.0,0.0,0.0,0.0,0.0,0.0,0.0,0.0,0.0,0.07692307692307693,0.0,0.033432761619100845,0.0,0.16666666666666666,0.04594053071228522,13.0,2.6390573296152584,6.349212923045211,4.420233199556505,8.0
0.0,0.0,0.0,0.0,0.125,0.125,0.0,0.0,0.0,0.0,0.375,0.0,0.0,0.125,0.0,0.0,0.125,0.0,0.0,0.0,0.0,0.375,0.0,0.0,0.0,0.0,0.0,0.0,0.0,0.0,0.0,0.0,0.0,0.0,0.0,0.0,0.0,0.0,0.0,0.0,0.0,0.0,0.0,0.0,0.125,0.0,0.0,0.0,0.0,0.0,0.0,0.0,0.0,0.0,0.0,0.0,0.0,0.0,0.0,0.0,0.025927972403536313,0.0,0.16666666666666666,0.04178585787355282,8.0,2.1972245773362196,2.9362781244591325,2.6457513110645907,7.0
0.0,0.0,0.0,0.0,0.2,0.4,0.2,0.2,0.0,0.2,0.0,0.0,0.0,0.0,0.0,0.0,0.2,0.0,0.0,0.0,0.0,0.4,0.2,0.0,0.0,0.0,0.0,0.0,0.2,0.0,0.0,0.0,0.0,0.2,0.0,0.2,0.0,0.0,0.0,0.0,0.0,0.0,0.0,0.0,0.4,0.0,0.0,0.0,0.0,0.0,0.0,0.0,0.0,0.0,0.0,0.0,0.0,0.0,0.0,0.0,0.038173374613003096,0.0,0.1,0.033687866879500844,5.0,1.791759469228055,5.765784284662085,1.7888543819998317,9.0
0.0,0.16666666666666666,0.16666666666666666,0.16666666666666666,0.3333333333333333,0.3333333333333333,0.3333333333333333,0.0,0.16666666666666666,0.0,0.16666666666666666,0.0,0.0,0.0,0.0,0.0,0.16666666666666666,0.0,0.0,0.0,0.0,0.0,0.0,0.0,0.0,0.0,0.0,0.0,0.0,0.0,0.0,0.0,0.0,0.0,0.0,0.0,0.0,0.0,0.16666666666666666,0.0,0.0,0.0,0.0,0.0,0.16666666666666666,0.0,0.0,0.0,0.0,0.0,0.0,0.0,0.0,0.0,0.0,0.0,0.0,0.0,0.0,0.0,0.04285714285714285,0.0,0.25,0.07933878532686807,6.0,1.9459101490553132,5.031579168349364,3.947573094109004,5.5
0.05,0.0,0.0,0.0,0.15,0.35,0.1,0.0,0.05,0.0,0.3,0.1,0.0,0.0,0.05,0.0,0.0,0.0,0.0,0.0,0.0,0.05,0.1,0.0,0.0,0.0,0.0,0.0,0.0,0.0,0.0,0.0,0.05,0.05,0.0,0.0,0.0,0.0,0.0,0.0,0.0,0.0,0.0,0.0,0.3,0.0,0.0,0.0,0.0,0.0,0.0,0.0,0.0,0.0,0.0,0.0,0.0,0.0,0.05,0.0,0.04032921363681128,0.0,0.2727272727272727,0.05534851808563147,20.0,3.044522437723423,4.492078067791855,2.993325909419153,6.2
0.12903225806451613,0.04838709677419355,0.04838709677419355,0.04838709677419355,0.14516129032258066,0.27419354838709675,0.016129032258064516,0.0,0.03225806451612903,0.016129032258064516,0.2903225806451613,0.0,0.0,0.016129032258064516,0.0,0.016129032258064516,0.03225806451612903,0.0,0.03225806451612903,0.0,0.0,0.016129032258064516,0.03225806451612903,0.0,0.0,0.016129032258064516,0.0,0.016129032258064516,0.0,0.0,0.016129032258064516,0.03225806451612903,0.016129032258064516,0.04838709677419355,0.0,0.0,0.016129032258064516,0.0,0.016129032258064516,0.0,0.016129032258064516,0.0,0.0,0.016129032258064516,0.08064516129032258,0.0,0.0,0.0,0.0,0.016129032258064516,0.0,0.0,0.0,0.0,0.016129032258064516,0.0,0.0,0.0,0.016129032258064516,0.0,0.02950697935583832,0.0,0.25,0.04917307631320404,62.0,4.143134726391533,5.289429284894583,3.5050506148549565,6.145161290322581
0.16666666666666666,0.0,0.0,0.0,0.0,0.3333333333333333,0.0,0.0,0.3333333333333333,0.0,0.5,0.0,0.0,0.0,0.0,0.0,0.0,0.16666666666666666,0.0,0.0,0.0,0.0,0.0,0.0,0.0,0.0,0.0,0.0,0.0,0.0,0.0,0.0,0.0,0.0,0.0,0.0,0.0,0.0,0.0,0.0,0.0,0.0,0.0,0.0,0.0,0.0,0.0,0.0,0.0,0.0,0.0,0.0,0.0,0.0,0.0,0.0,0.0,0.0,0.0,0.0,0.029049773755656108,0.0,0.15,0.04598479969652888,6.0,1.9459101490553132,2.4182958340544896,4.193248541803041,6.5
0.0,0.08064516129032258,0.06451612903225806,0.06451612903225806,0.20967741935483872,0.2903225806451613,0.03225806451612903,0.03225806451612903,0.04838709677419355,0.016129032258064516,0.20967741935483872,0.016129032258064516,0.0,0.0,0.0,0.0,0.04838709677419355,0.0,0.03225806451612903,0.0,0.0,0.0967741935483871,0.06451612903225806,0.0,0.0,0.0,0.0,0.0,0.016129032258064516,0.0,0.016129032258064516,0.0,0.04838709677419355,0.0,0.016129032258064516,0.11290322580645161,0.0,0.016129032258064516,0.0,0.016129032258064516,0.0,0.016129032258064516,0.0,0.0,0.3225806451612903,0.03225806451612903,0.0,0.0,0.016129032258064516,0.0,0.0,0.0,0.0,0.0,0.016129032258064516,0.016129032258064516,0.0,0.016129032258064516,0.0,0.04838709677419355,0.03594233103421055,0.0,0.2,0.04822266109948679,62.0,4.143134726391533,6.366607105992711,4.3772422528179,8.03225806451613
0.0,0.0,0.0,0.0,0.3333333333333333,0.6666666666666666,0.0,0.0,0.0,0.0,0.16666666666666666,0.0,0.16666666666666666,0.0,0.16666666666666666,0.0,0.0,0.0,0.0,0.0,0.0,0.0,0.0,0.0,0.0,0.0,0.0,0.0,0.0,0.0,0.0,0.0,0.0,0.0,0.0,0.0,0.0,0.0,0.0,0.0,0.0,0.0,0.0,0.0,0.5,0.0,0.0,0.0,0.0,0.0,0.0,0.0,0.0,0.0,0.0,0.0,0.0,0.0,0.16666666666666666,0.0,0.05294028456499852,0.0,0.17391304347826086,0.05688623285356027,6.0,1.9459101490553132,3.1416041678685938,3.2489314482696545,10.333333333333334
0.038461538461538464,0.0,0.0,0.0,0.19230769230769232,0.46153846153846156,0.07692307692307693,0.07692307692307693,0.07692307692307693,0.038461538461538464,0.23076923076923078,0.038461538461538464,0.038461538461538464,0.0,0.038461538461538464,0.0,0.11538461538461539,0.0,0.07692307692307693,0.038461538461538464,0.0,0.0,0.0,0.07692307692307693,0.0,0.0,0.0,0.0,0.038461538461538464,0.0,0.0,0.0,0.038461538461538464,0.038461538461538464,0.0,0.038461538461538464,0.0,0.038461538461538464,0.038461538461538464,0.038461538461538464,0.0,0.0,0.038461538461538464,0.0,0.23076923076923078,0.07692307692307693,0.0,0.038461538461538464,0.0,0.0,0.0,0.0,0.0,0.0,0.0,0.0,0.0,0.0,0.0,0.038461538461538464,0.02584920419291994,0.0,0.2,0.04164492137742796,26.0,3.295836866004329,6.908567503636827,5.895038531675669,7.6923076923076925
0.03076923076923077,0.046153846153846156,0.015384615384615385,0.015384615384615385,0.26153846153846155,0.27692307692307694,0.06153846153846154,0.03076923076923077,0.046153846153846156,0.03076923076923077,0.24615384615384617,0.015384615384615385,0.0,0.046153846153846156,0.0,0.0,0.06153846153846154,0.015384615384615385,0.046153846153846156,0.0,0.0,0.046153846153846156,0.12307692307692308,0.03076923076923077,0.0,0.0,0.0,0.0,0.03076923076923077,0.0,0.015384615384615385,0.0,0.046153846153846156,0.015384615384615385,0.0,0.06153846153846154,0.0,0.046153846153846156,0.07692307692307693,0.046153846153846156,0.0,0.046153846153846156,0.0,0.0,0.18461538461538463,0.0,0.0,0.0,0.015384615384615385,0.0,0.0,0.0,0.015384615384615385,0.0,0.03076923076923077,0.03076923076923077,0.0,0.0,0.0,0.015384615384615385,0.027429797715512003,0.0,0.2222222222222222,0.04308526178659316,65.0,4.189654742026425,7.12489325950996,4.239850393698668,7.153846153846154
0.029411764705882353,0.0784313725490196,0.0784313725490196,0.0784313725490196,0.12745098039215685,0.3333333333333333,0.029411764705882353,0.0196078431372549,0.0,0.0,0.3333333333333333,0.029411764705882353,0.0,0.0392156862745098,0.0,0.0196078431372549,0.029411764705882353,0.00980392156862745,0.0784313725490196,0.0,0.0,0.09803921568627451,0.049019607843137254,0.00980392156862745,0.0,0.00980392156862745,0.0,0.00980392156862745,0.0,0.0,0.0196078431372549,0.00980392156862745,0.029411764705882353,0.0392156862745098,0.00980392156862745,0.06862745098039216,0.00980392156862745,0.00980392156862745,0.049019607843137254,0.0,0.00980392156862745,0.0,0.0196078431372549,0.0,0.16666666666666666,0.0196078431372549,0.0,0.0,0.00980392156862745,0.0,0.00980392156862745,0.0,0.0,0.0,0.0,0.0,0.00980392156862745,0.0,0.0,0.029411764705882353,0.028810232744476926,0.0,0.5,0.06185000297816364,102.0,4.634728988229636,6.643997704871689,4.334320267346518,7.088235294117647
0.0,0.1111111111111111,0.1111111111111111,0.1111111111111111,0.3333333333333333,0.3333333333333333,0.0,0.0,0.1111111111111111,0.0,0.4444444444444444,0.0,0.0,0.1111111111111111,0.0,0.0,0.1111111111111111,0.0,0.0,0.0,0.0,0.0,0.2222222222222222,0.1111111111111111,0.0,0.0,0.0,0.0,0.0,0.0,0.0,0.1111111111111111,0.0,0.2222222222222222,0.0,0.0,0.0,0.0,0.0,0.0,0.1111111111111111,0.0,0.1111111111111111,0.0,0.1111111111111111,0.0,0.1111111111111111,0.0,0.0,0.1111111111111111,0.0,0.0,0.0,0.0,0.0,0.0,0.0,0.0,0.0,0.0,0.03322239443562972,0.0,0.18181818181818182,0.05101568856822552,9.0,2.302585092994046,7.1198000038461675,2.298684540619689,6.777777777777778
0.21428571428571427,0.07142857142857142,0.0,0.0,0.14285714285714285,0.2857142857142857,0.14285714285714285,0.14285714285714285,0.0,0.14285714285714285,0.14285714285714285,0.0,0.0,0.0,0.0,0.0,0.0,0.0,0.07142857142857142,0.0,0.0,0.0,0.14285714285714285,0.0,0.0,0.0,0.0,0.0,0.0,0.0,0.0,0.0,0.14285714285714285,0.0,0.0,0.14285714285714285,0.0,0.0,0.0,0.0,0.0,0.0,0.07142857142857142,0.0,0.2857142857142857,0.0,0.0,0.0,0.0,0.0,0.0,0.0,0.0,0.0,0.0,0.0,0.07142857142857142,0.0,0.0,0.14285714285714285,0.03256446479136498,0.0,0.5,0.07431332192385025,14.0,2.70805020110221,6.206273208981248,5.079470485017437,7.642857142857143
0.0,0.2,0.2,0.2,0.0,0.2,0.4,0.2,0.2,0.4,0.2,0.0,0.0,0.2,0.0,0.0,0.0,0.0,0.0,0.0,0.0,0.0,0.2,0.0,0.0,0.0,0.0,0.0,0.0,0.0,0.0,0.0,0.2,0.0,0.0,0.0,0.0,0.2,0.0,0.0,0.0,0.0,0.0,0.0,0.0,0.2,0.0,0.0,0.0,0.0,0.0,0.0,0.0,0.0,0.0,0.0,0.0,0.0,0.0,0.0,0.018333333333333333,0.0,0.13333333333333333,0.04112987559751022,5.0,1.791759469228055,6.6301699036395565,4.33589667773576,8.0
0.0,0.07692307692307693,0.07692307692307693,0.07692307692307693,0.19230769230769232,0.3076923076923077,0.038461538461538464,0.038461538461538464,0.0,0.038461538461538464,0.19230769230769232,0.0,0.0,0.0,0.0,0.0,0.07692307692307693,0.038461538461538464,0.07692307692307693,0.038461538461538464,0.0,0.23076923076923078,0.038461538461538464,0.0,0.0,0.038461538461538464,0.0,0.038461538461538464,0.0,0.0,0.0,0.038461538461538464,0.0,0.07692307692307693,0.0,0.19230769230769232,0.038461538461538464,0.0,0.0,0.0,0.038461538461538464,0.0,0.0,0.038461538461538464,0.11538461538461539,0.038461538461538464,0.0,0.0,0.0,0.0,0.0,0.0,0.0,0.0,0.0,0.0,0.0,0.038461538461538464,0.0,0.0,0.037298136405832114,0.0,0.3333333333333333,0.06024830243062125,26.0,3.295836866004329,6.981996912399326,3.584359515463631,6.8076923076923075
0.03278688524590164,0.11475409836065574,0.11475409836065574,0.11475409836065574,0.21311475409836064,0.21311475409836064,0.04918032786885246,0.01639344262295082,0.03278688524590164,0.01639344262295082,0.18032786885245902,0.0,0.01639344262295082,0.03278688524590164,0.03278688524590164,0.0,0.03278688524590164,0.0,0.01639344262295082,0.01639344262295082,0.01639344262295082,0.03278688524590164,0.03278688524590164,0.01639344262295082,0.0,0.01639344262295082,0.0,0.01639344262295082,0.0,0.0,0.01639344262295082,0.0,0.04918032786885246,0.03278688524590164,0.0,0.03278688524590164,0.01639344262295082,0.01639344262295082,0.01639344262295082,0.03278688524590164,0.0,0.03278688524590164,0.01639344262295082,0.0,0.22950819672131148,0.01639344262295082,0.0,0.0,0.03278688524590164,0.0,0.0,0.0,0.01639344262295082,0.0,0.0,0.01639344262295082,0.0,0.0,0.0,0.0,0.06115087035420477,0.0,1.0,0.17472342249419265,61.0,4.127134385045092,6.979104351097732,5.573770491803279,7.688524590163935
0.0,0.07142857142857142,0.07142857142857142,0.07142857142857142,0.07142857142857142,0.07142857142857142,0.0,0.0,0.07142857142857142,0.0,0.21428571428571427,0.0,0.0,0.0,0.0,0.0,0.07142857142857142,0.07142857142857142,0.0,0.0,0.0,0.14285714285714285,0.0,0.0,0.0,0.0,0.0,0.0,0.0,0.0,0.0,0.0,0.0,0.0,0.0,0.07142857142857142,0.0,0.0,0.0,0.0,0.0,0.0,0.07142857142857142,0.0,0.07142857142857142,0.0,0.0,0.0,0.0,0.0,0.0,0.0,0.0,0.0,0.0,0.0,0.0,0.0,0.0,0.0,0.028235418248346498,0.0,0.25,0.06005025202100731,14.0,2.70805020110221,3.868770803625586,3.1533914363777313,5.642857142857143
0.0,0.23076923076923078,0.23076923076923078,0.23076923076923078,0.23076923076923078,0.23076923076923078,0.0,0.0,0.07692307692307693,0.0,0.23076923076923078,0.0,0.0,0.07692307692307693,0.0,0.07692307692307693,0.07692307692307693,0.0,0.07692307692307693,0.0,0.0,0.23076923076923078,0.23076923076923078,0.0,0.0,0.0,0.0,0.0,0.0,0.0,0.0,0.07692307692307693,0.07692307692307693,0.07692307692307693,0.0,0.0,0.0,0.07692307692307693,0.0,0.0,0.07692307692307693,0.0,0.07692307692307693,0.0,0.15384615384615385,0.0,0.0,0.0,0.07692307692307693,0.07692307692307693,0.0,0.0,0.0,0.0,0.0,0.0,0.0,0.07692307692307693,0.0,0.07692307692307693,0.06560163562428742,0.0,1.0,0.19294662343295696,13.0,2.6390573296152584,8.590686802036696,5.354862856602189,7.3076923076923075
0.0,0.0,0.0,0.0,0.25,0.25,0.0625,0.0625,0.0,0.0,0.25,0.125,0.0,0.0,0.0,0.0,0.0625,0.0,0.0625,0.0,0.0,0.0,0.1875,0.0625,0.0,0.0,0.0,0.0,0.0,0.0,0.0,0.0625,0.25,0.0625,0.0625,0.0625,0.0,0.0625,0.125,0.0,0.0,0.0,0.0,0.0,0.25,0.0,0.0,0.0,0.0,0.0,0.0,0.0,0.0,0.0,0.0,0.0,0.0,0.0,0.0,0.0,0.0372586885975671,0.0,0.3076923076923077,0.055771169974917774,16.0,2.833213344056216,6.202819531114783,4.662014049742879,8.625
0.08333333333333333,0.08333333333333333,0.08333333333333333,0.08333333333333333,0.08333333333333333,0.16666666666666666,0.08333333333333333,0.0,0.0,0.0,0.25,0.08333333333333333,0.08333333333333333,0.0,0.08333333333333333,0.0,0.0,0.0,0.0,0.08333333333333333,0.08333333333333333,0.08333333333333333,0.08333333333333333,0.0,0.0,0.0,0.0,0.0,0.0,0.0,0.0,0.0,0.08333333333333333,0.0,0.0,0.16666666666666666,0.0,0.0,0.0,0.0,0.0,0.0,0.0,0.0,0.08333333333333333,0.08333333333333333,0.0,0.08333333333333333,0.08333333333333333,0.0,0.0,0.0,0.08333333333333333,0.0,0.0,0.0,0.0,0.0,0.0,0.0,0.03433408540360413,0.0,0.3333333333333333,0.060704540763699515,12.0,2.5649493574615367,7.037844793048883,2.9190466480228325,5.75
0.025,0.1,0.05,0.075,0.225,0.375,0.1,0.05,0.075,0.025,0.325,0.025,0.075,0.025,0.025,0.025,0.075,0.0,0.075,0.075,0.025,0.025,0.125,0.05,0.0,0.025,0.0,0.025,0.0,0.0,0.0,0.025,0.0,0.025,0.05,0.075,0.025,0.0,0.025,0.0,0.025,0.0,0.0,0.0,0.3,0.05,0.0,0.0,0.05,0.025,0.0,0.0,0.025,0.0,0.0,0.0,0.0,0.0,0.0,0.0,0.05306026793641931,0.0,0.45454545454545453,0.06482201624068096,40.0,3.713572066704308,8.62260358365517,4.657252408878008,7.9
0.16666666666666666,0.16666666666666666,0.16666666666666666,0.16666666666666666,0.16666666666666666,0.3333333333333333,0.0,0.0,0.16666666666666666,0.0,0.3333333333333333,0.0,0.0,0.0,0.0,0.0,0.0,0.0,0.0,0.0,0.0,0.0,0.0,0.0,0.0,0.0,0.0,0.0,0.0,0.0,0.0,0.0,0.0,0.0,0.0,0.0,0.0,0.0,0.0,0.0,0.0,0.0,0.0,0.16666666666666666,0.16666666666666666,0.0,0.0,0.0,0.0,0.0,0.0,0.0,0.0,0.0,0.0,0.0,0.0,0.0,0.0,0.0,0.029489762616697602,0.0,0.14285714285714285,0.046084416214940166,6.0,1.9459101490553132,4.503258334775645,3.5433819375782165,5.666666666666667
0.0,0.1,0.1,0.1,0.2,0.3,0.0,0.0,0.1,0.0,0.3,0.0,0.0,0.0,0.0,0.0,0.2,0.0,0.0,0.0,0.0,0.0,0.0,0.1,0.0,0.0,0.0,0.0,0.0,0.0,0.0,0.0,0.1,0.0,0.0,0.0,0.0,0.0,0.0,0.0,0.0,0.0,0.0,0.0,0.2,0.0,0.0,0.0,0.2,0.0,0.0,0.0,0.0,0.0,0.0,0.0,0.0,0.0,0.0,0.0,0.06797258297258298,0.0,1.0,0.17813021865654566,10.0,2.3978952727983707,4.89287868934203,2.3,4.1
0.09243697478991597,0.1092436974789916,0.10084033613445378,0.10084033613445378,0.2184873949579832,0.21008403361344538,0.008403361344537815,0.025210084033613446,0.03361344537815126,0.0,0.23529411764705882,0.0,0.008403361344537815,0.03361344537815126,0.008403361344537815,0.025210084033613446,0.08403361344537816,0.008403361344537815,0.04201680672268908,0.008403361344537815,0.01680672268907563,0.06722689075630252,0.06722689075630252,0.008403361344537815,0.0,0.008403361344537815,0.01680672268907563,0.008403361344537815,0.008403361344537815,0.0,0.0,0.008403361344537815,0.03361344537815126,0.01680672268907563,0.01680672268907563,0.025210084033613446,0.008403361344537815,0.01680672268907563,0.05042016806722689,0.0,0.008403361344537815,0.0,0.01680672268907563,0.0,0.18487394957983194,0.025210084033613446,0.01680672268907563,0.025210084033613446,0.01680672268907563,0.008403361344537815,0.0,0.0,0.025210084033613446,0.0,0.0,0.008403361344537815,0.0,0.0,0.0,0.008403361344537815,0.019825901055224363,0.0,0.75,0.07824667615635086,119.0,4.787491742782046,7.419597740290939,4.297035631438474,6.848739495798319
0.14285714285714285,0.0,0.0,0.0,0.0,0.14285714285714285,0.0,0.0,0.0,0.0,0.14285714285714285,0.0,0.0,0.0,0.0,0.0,0.0,0.0,0.0,0.0,0.0,0.0,0.0,0.0,0.0,0.0,0.0,0.0,0.0,0.0,0.0,0.0,0.0,0.0,0.0,0.14285714285714285,0.0,0.0,0.0,0.0,0.0,0.0,0.0,0.0,0.14285714285714285,0.0,0.0,0.0,0.0,0.0,0.0,0.0,0.0,0.0,0.0,0.0,0.0,0.0,0.0,0.0,0.0438397581254724,0.0,0.25,0.07365337344387825,7.0,2.0794415416798357,2.0052535157554314,3.116774889895918,5.0
0.0,0.0,0.0,0.0,0.0,0.09090909090909091,0.0,0.0,0.0,0.0,0.2727272727272727,0.0,0.0,0.0,0.0,0.0,0.0,0.0,0.09090909090909091,0.0,0.0,0.18181818181818182,0.0,0.0,0.0,0.0,0.0,0.0,0.0,0.0,0.0,0.0,0.0,0.18181818181818182,0.0,0.09090909090909091,0.0,0.0,0.0,0.0,0.0,0.0,0.0,0.0,0.09090909090909091,0.0,0.0,0.0,0.0,0.0,0.0,0.0,0.0,0.0,0.0,0.0,0.0,0.09090909090909091,0.0,0.0,0.017366068275159182,0.0,0.14285714285714285,0.04012321733038349,11.0,2.4849066497880004,2.978026538316737,1.7580981459830651,5.0
0.08571428571428572,0.02857142857142857,0.02857142857142857,0.02857142857142857,0.08571428571428572,0.22857142857142856,0.02857142857142857,0.0,0.08571428571428572,0.02857142857142857,0.3142857142857143,0.02857142857142857,0.02857142857142857,0.05714285714285714,0.02857142857142857,0.05714285714285714,0.14285714285714285,0.0,0.08571428571428572,0.0,0.0,0.08571428571428572,0.11428571428571428,0.0,0.0,0.0,0.02857142857142857,0.0,0.0,0.0,0.05714285714285714,0.02857142857142857,0.02857142857142857,0.02857142857142857,0.02857142857142857,0.02857142857142857,0.0,0.0,0.05714285714285714,0.0,0.02857142857142857,0.0,0.0,0.0,0.22857142857142856,0.05714285714285714,0.0,0.0,0.05714285714285714,0.02857142857142857,0.0,0.0,0.0,0.0,0.0,0.0,0.0,0.0,0.0,0.02857142857142857,0.032035471150974104,0.0,0.2,0.04490395934015109,35.0,3.58351893845611,7.682994730438082,4.718180209550703,7.714285714285714
0.03389830508474576,0.06779661016949153,0.03389830508474576,0.03389830508474576,0.2033898305084746,0.3389830508474576,0.05084745762711865,0.03389830508474576,0.0847457627118644,0.01694915254237288,0.2542372881355932,0.03389830508474576,0.0,0.01694915254237288,0.0,0.0,0.06779661016949153,0.01694915254237288,0.05084745762711865,0.0,0.01694915254237288,0.0847457627118644,0.1016949152542373,0.03389830508474576,0.0,0.0,0.01694915254237288,0.0,0.0,0.0,0.03389830508474576,0.01694915254237288,0.01694915254237288,0.01694915254237288,0.0,0.0847457627118644,0.0,0.03389830508474576,0.05084745762711865,0.0,0.01694915254237288,0.0,0.0,0.0,0.3220338983050847,0.01694915254237288,0.0,0.0,0.0,0.01694915254237288,0.0,0.01694915254237288,0.03389830508474576,0.0,0.0,0.0,0.0,0.0,0.03389830508474576,0.0,0.04865228351185893,0.0,0.25,0.06356938432752927,59.0,4.0943445622221,7.299389867510603,4.788308081488903,7.491525423728813
0.03626943005181347,0.08290155440414508,0.08290155440414508,0.08290155440414508,0.15544041450777202,0.24352331606217617,0.031088082901554404,0.031088082901554404,0.04145077720207254,0.015544041450777202,0.21761658031088082,0.02072538860103627,0.05181347150259067,0.02072538860103627,0.05181347150259067,0.02072538860103627,0.06217616580310881,0.02072538860103627,0.07772020725388601,0.025906735751295335,0.0,0.06217616580310881,0.03626943005181347,0.015544041450777202,0.0,0.0,0.02072538860103627,0.0,0.015544041450777202,0.0,0.015544041450777202,0.010362694300518135,0.046632124352331605,0.010362694300518135,0.0051813471502590676,0.05181347150259067,0.0,0.015544041450777202,0.05699481865284974,0.010362694300518135,0.0051813471502590676,0.0051813471502590676,0.0051813471502590676,0.010362694300518135,0.22797927461139897,0.015544041450777202,0.015544041450777202,0.0,0.0,0.0051813471502590676,0.0051813471502590676,0.0051813471502590676,0.0,0.0,0.0051813471502590676,0.0,0.0,0.0051813471502590676,0.0,0.015544041450777202,0.04731083085992098,0.0,1.0,0.11004011754459721,193.0,5.267858159063328,7.601883233202726,4.0096731275790125,6.984455958549223
0.0,0.0,0.0,0.0,0.25,0.5,0.0,0.125,0.125,0.0,0.375,0.0,0.0,0.0,0.0,0.0,0.25,0.0,0.125,0.0,0.0,0.125,0.0,0.0,0.0,0.0,0.0,0.0,0.0,0.0,0.0,0.0,0.125,0.0,0.0,0.0,0.0,0.0,0.125,0.0,0.0,0.0,0.0,0.0,0.25,0.0,0.0,0.0,0.0,0.0,0.0,0.0,0.0,0.0,0.0,0.0,0.0,0.0,0.375,0.0,0.03842806918879453,0.0,0.15789473684210525,0.05090491279767986,8.0,2.1972245773362196,5.3112781244591325,8.181534085976786,9.25
0.06666666666666667,0.13333333333333333,0.13333333333333333,0.13333333333333333,0.06666666666666667,0.13333333333333333,0.0,0.0,0.06666666666666667,0.0,0.2,0.0,0.06666666666666667,0.0,0.06666666666666667,0.0,0.13333333333333333,0.0,0.0,0.06666666666666667,0.0,0.0,0.0,0.0,0.0,0.0,0.0,0.0,0.0,0.0,0.0,0.0,0.06666666666666667,0.06666666666666667,0.06666666666666667,0.0,0.0,0.0,0.0,0.0,0.0,0.0,0.06666666666666667,0.0,0.2,0.0,0.0,0.0,0.0,0.0,0.06666666666666667,0.0,0.0,0.0,0.0,0.0,0.0,0.0,0.0,0.0,0.02262588288904079,0.0,1.0,0.10459670415946588,15.0,2.772588722239781,5.731751405140205,2.999259167787198,5.266666666666667
0.046153846153846156,0.11538461538461539,0.1,0.1076923076923077,0.18461538461538463,0.3153846153846154,0.038461538461538464,0.03076923076923077,0.015384615384615385,0.015384615384615385,0.16923076923076924,0.023076923076923078,0.015384615384615385,0.015384615384615385,0.023076923076923078,0.023076923076923078,0.05384615384615385,0.007692307692307693,0.06153846153846154,0.007692307692307693,0.023076923076923078,0.038461538461538464,0.05384615384615385,0.0,0.0,0.0,0.015384615384615385,0.0,0.0,0.0,0.007692307692307693,0.0,0.015384615384615385,0.007692307692307693,0.0,0.03076923076923077,0.007692307692307693,0.007692307692307693,0.05384615384615385,0.0,0.0,0.0,0.023076923076923078,0.007692307692307693,0.2076923076923077,0.038461538461538464,0.0,0.007692307692307693,0.015384615384615385,0.007692307692307693,0.0,0.007692307692307693,0.03076923076923077,0.0,0.0,0.0,0.0,0.0,0.015384615384615385,0.015384615384615385,0.04520740053709073,0.0,0.25,0.05956719647101232,130.0,4.875197323201151,7.058232133422389,4.623940787074036,6.938461538461539
0.0,0.11538461538461539,0.07692307692307693,0.07692307692307693,0.19230769230769232,0.19230769230769232,0.07692307692307693,0.07692307692307693,0.07692307692307693,0.038461538461538464,0.2692307692307692,0.038461538461538464,0.0,0.07692307692307693,0.0,0.0,0.038461538461538464,0.0,0.0,0.0,0.0,0.038461538461538464,0.19230769230769232,0.038461538461538464,0.0,0.0,0.0,0.0,0.0,0.0,0.0,0.0,0.038461538461538464,0.0,0.038461538461538464,0.038461538461538464,0.0,0.038461538461538464,0.11538461538461539,0.0,0.0,0.0,0.0,0.0,0.23076923076923078,0.038461538461538464,0.038461538461538464,0.038461538461538464,0.0,0.0,0.0,0.0,0.0,0.0,0.0,0.038461538461538464,0.0,0.0,0.0,0.0,0.03328085837042051,0.0,1.0,0.10593859417201237,26.0,3.295836866004329,7.147153364767573,4.2274462474581425,7.115384615384615
0.0,0.1,0.1,0.1,0.1,0.2,0.0,0.1,0.0,0.0,0.1,0.0,0.0,0.0,0.0,0.0,0.0,0.0,0.0,0.0,0.0,0.1,0.0,0.0,0.0,0.0,0.0,0.0,0.0,0.0,0.0,0.0,0.1,0.0,0.0,0.0,0.0,0.0,0.1,0.0,0.0,0.0,0.0,0.0,0.4,0.0,0.0,0.0,0.1,0.0,0.0,0.0,0.0,0.0,0.0,0.0,0.0,0.0,0.0,0.0,0.038188704299815406,0.0,0.16666666666666666,0.055226223258081915,10.0,2.3978952727983707,4.315084951819779,4.801041553663121,6.5
0.08196721311475409,0.11475409836065574,0.09836065573770492,0.09836065573770492,0.16393442622950818,0.29508196721311475,0.06557377049180328,0.03278688524590164,0.08196721311475409,0.03278688524590164,0.3114754098360656,0.01639344262295082,0.01639344262295082,0.0,0.03278688524590164,0.03278688524590164,0.09836065573770492,0.0,0.01639344262295082,0.01639344262295082,0.03278688524590164,0.08196721311475409,0.13114754098360656,0.0,0.0,0.01639344262295082,0.0,0.01639344262295082,0.01639344262295082,0.0,0.01639344262295082,0.0,0.03278688524590164,0.01639344262295082,0.0,0.01639344262295082,0.01639344262295082,0.0,0.04918032786885246,0.0,0.0,0.0,0.01639344262295082,0.01639344262295082,0.08196721311475409,0.0,0.0,0.0,0.0,0.0,0.0,0.0,0.04918032786885246,0.0,0.0,0.0,0.0,0.01639344262295082,0.0,0.01639344262295082,0.03681117338029781,0.0,0.3333333333333333,0.0643625688210247,61.0,4.127134385045092,7.498251067973668,4.480061235040481,6.377049180327869
0.027777777777777776,0.1111111111111111,0.1111111111111111,0.1111111111111111,0.1388888888888889,0.25,0.0,0.0,0.05555555555555555,0.0,0.19444444444444445,0.0,0.027777777777777776,0.027777777777777776,0.027777777777777776,0.0,0.05555555555555555,0.0,0.08333333333333333,0.027777777777777776,0.027777777777777776,0.08333333333333333,0.0,0.0,0.0,0.0,0.05555555555555555,0.0,0.0,0.0,0.027777777777777776,0.027777777777777776,0.027777777777777776,0.027777777777777776,0.0,0.08333333333333333,0.0,0.0,0.027777777777777776,0.0,0.027777777777777776,0.0,0.0,0.0,0.16666666666666666,0.027777777777777776,0.0,0.0,0.0,0.027777777777777776,0.0,0.0,0.027777777777777776,0.0,0.0,0.0,0.0,0.0,0.027777777777777776,0.0,0.04062532856761074,0.0,1.0,0.11245942892595118,36.0,3.6109179126442243,6.731385073564546,4.7325866651557345,6.861111111111111
0.0,0.2,0.2,0.2,0.0,0.2,0.2,0.0,0.2,0.0,0.2,0.0,0.0,0.0,0.0,0.0,0.2,0.0,0.0,0.0,0.0,0.0,0.0,0.0,0.0,0.0,0.0,0.0,0.0,0.0,0.0,0.0,0.0,0.0,0.0,0.0,0.0,0.0,0.0,0.0,0.0,0.0,0.0,0.0,0.4,0.0,0.0,0.0,0.0,0.0,0.0,0.0,0.0,0.0,0.0,0.0,0.0,0.0,0.0,0.0,0.016666666666666666,0.0,0.16666666666666666,0.049999999999999996,5.0,1.791759469228055,4.243856189774724,1.8547236990991407,5.6
0.10344827586206896,0.034482758620689655,0.034482758620689655,0.034482758620689655,0.10344827586206896,0.20689655172413793,0.06896551724137931,0.0,0.034482758620689655,0.0,0.1724137931034483,0.0,0.06896551724137931,0.034482758620689655,0.034482758620689655,0.0,0.10344827586206896,0.0,0.06896551724137931,0.10344827586206896,0.0,0.1724137931034483,0.06896551724137931,0.0,0.0,0.0,0.0,0.0,0.0,0.0,0.0,0.0,0.0,0.13793103448275862,0.0,0.034482758620689655,0.0,0.0,0.0,0.034482758620689655,0.0,0.034482758620689655,0.0,0.0,0.20689655172413793,0.10344827586206896,0.0,0.0,0.0,0.034482758620689655,0.0,0.0,0.0,0.0,0.0,0.0,0.0,0.0,0.0,0.034482758620689655,0.04157457830390161,0.0,0.25,0.06281710497003709,29.0,3.4011973816621555,6.809158318596878,3.625448432634675,6.551724137931035
0.047619047619047616,0.09523809523809523,0.09523809523809523,0.09523809523809523,0.09523809523809523,0.23809523809523808,0.0,0.0,0.09523809523809523,0.0,0.2857142857142857,0.0,0.0,0.0,0.0,0.0,0.0,0.0,0.0,0.0,0.0,0.19047619047619047,0.0,0.0,0.0,0.0,0.0,0.0,0.0,0.0,0.0,0.0,0.047619047619047616,0.047619047619047616,0.0,0.0,0.0,0.0,0.0,0.0,0.0,0.0,0.0,0.047619047619047616,0.19047619047619047,0.0,0.0,0.0,0.0,0.0,0.0,0.0,0.0,0.0,0.0,0.0,0.047619047619047616,0.0,0.0,0.047619047619047616,0.0324900022642076,0.0,0.5,0.06240154784597543,21.0,3.091042453358316,4.791033062785374,3.472600886381816,6.476190476190476
0.10204081632653061,0.10204081632653061,0.10204081632653061,0.09183673469387756,0.1836734693877551,0.23469387755102042,0.01020408163265306,0.030612244897959183,0.05102040816326531,0.01020408163265306,0.21428571428571427,0.0,0.04081632653061224,0.01020408163265306,0.04081632653061224,0.0,0.030612244897959183,0.0,0.08163265306122448,0.030612244897959183,0.02040816326530612,0.04081632653061224,0.05102040816326531,0.0,0.0,0.01020408163265306,0.0,0.01020408163265306,0.0,0.0,0.01020408163265306,0.01020408163265306,0.02040816326530612,0.02040816326530612,0.01020408163265306,0.05102040816326531,0.01020408163265306,0.01020408163265306,0.04081632653061224,0.0,0.01020408163265306,0.0,0.0,0.0,0.19387755102040816,0.02040816326530612,0.0,0.02040816326530612,0.05102040816326531,0.01020408163265306,0.0,0.01020408163265306,0.02040816326530612,0.0,0.0,0.0,0.0,0.0,0.0,0.01020408163265306,0.08939615144730234,0.0,1.0,0.23316647950334965,98.0,4.59511985013459,7.218234725163593,3.407674411964732,6.0
0.037037037037037035,0.14814814814814814,0.1111111111111111,0.1111111111111111,0.1111111111111111,0.18518518518518517,0.037037037037037035,0.037037037037037035,0.0,0.0,0.2222222222222222,0.037037037037037035,0.0,0.0,0.037037037037037035,0.0,0.0,0.0,0.07407407407407407,0.0,0.0,0.07407407407407407,0.07407407407407407,0.0,0.0,0.0,0.07407407407407407,0.0,0.0,0.0,0.037037037037037035,0.0,0.0,0.037037037037037035,0.0,0.037037037037037035,0.0,0.0,0.037037037037037035,0.0,0.0,0.0,0.0,0.0,0.07407407407407407,0.0,0.0,0.037037037037037035,0.037037037037037035,0.0,0.0,0.0,0.0,0.0,0.0,0.0,0.0,0.0,0.0,0.0,0.025291507696195887,0.0,1.0,0.10384243346793914,27.0,3.332204510175204,5.725402207855629,3.593547028621384,6.222222222222222
0.0,0.0,0.0,0.0,0.0,0.42857142857142855,0.0,0.0,0.0,0.0,0.14285714285714285,0.0,0.0,0.0,0.0,0.0,0.0,0.0,0.0,0.0,0.0,0.14285714285714285,0.0,0.0,0.0,0.0,0.0,0.0,0.0,0.0,0.0,0.0,0.0,0.0,0.0,0.0,0.0,0.0,0.14285714285714285,0.0,0.0,0.0,0.0,0.0,0.2857142857142857,0.0,0.0,0.0,0.0,0.0,0.0,0.0,0.0,0.0,0.0,0.0,0.0,0.0,0.0,0.0,0.029077536220393368,0.0,0.1111111111111111,0.041824680139412325,7.0,2.0794415416798357,2.2434216963281948,1.9587584572574412,6.142857142857143
0.08333333333333333,0.041666666666666664,0.020833333333333332,0.020833333333333332,0.14583333333333334,0.22916666666666666,0.08333333333333333,0.08333333333333333,0.020833333333333332,0.020833333333333332,0.3125,0.041666666666666664,0.020833333333333332,0.041666666666666664,0.020833333333333332,0.041666666666666664,0.10416666666666667,0.0,0.041666666666666664,0.020833333333333332,0.020833333333333332,0.0,0.10416666666666667,0.0,0.0,0.0,0.020833333333333332,0.0,0.020833333333333332,0.0,0.0,0.0,0.020833333333333332,0.020833333333333332,0.0,0.041666666666666664,0.0,0.0,0.10416666666666667,0.020833333333333332,0.0,0.020833333333333332,0.0,0.020833333333333332,0.16666666666666666,0.020833333333333332,0.0,0.020833333333333332,0.0,0.0,0.0,0.020833333333333332,0.020833333333333332,0.0,0.0,0.0,0.0,0.0,0.0,0.0,0.03816097453130252,0.0,0.2857142857142857,0.0549353794146981,48.0,3.8918202981106265,7.120286978219641,4.220434334546887,6.645833333333333
0.07142857142857142,0.14285714285714285,0.07142857142857142,0.07142857142857142,0.07142857142857142,0.2857142857142857,0.07142857142857142,0.0,0.14285714285714285,0.07142857142857142,0.35714285714285715,0.0,0.0,0.14285714285714285,0.0,0.0,0.14285714285714285,0.0,0.0,0.07142857142857142,0.0,0.0,0.07142857142857142,0.0,0.0,0.0,0.0,0.0,0.0,0.0,0.0,0.0,0.0,0.0,0.0,0.0,0.0,0.0,0.0,0.0,0.0,0.0,0.0,0.0,0.21428571428571427,0.0,0.0,0.0,0.0,0.0,0.0,0.07142857142857142,0.0,0.0,0.0,0.0,0.0,0.0,0.0,0.0,0.03510686774261435,0.0,0.5454545454545454,0.07312644440531928,14.0,2.70805020110221,5.574911768790731,2.767338661115788,6.642857142857143
0.1,0.2,0.2,0.2,0.0,0.4,0.0,0.0,0.0,0.0,0.2,0.0,0.0,0.0,0.0,0.0,0.0,0.0,0.1,0.0,0.0,0.0,0.0,0.0,0.0,0.0,0.0,0.0,0.0,0.0,0.0,0.0,0.1,0.0,0.0,0.0,0.0,0.0,0.0,0.0,0.0,0.0,0.0,0.0,0.2,0.0,0.0,0.0,0.1,0.0,0.0,0.0,0.0,0.0,0.0,0.0,0.0,0.0,0.0,0.0,0.053371011704345044,0.0,1.0,0.15367861387119247,10.0,2.3978952727983707,4.179470570797252,2.467792535850613,5.1
0.03571428571428571,0.03571428571428571,0.03571428571428571,0.03571428571428571,0.17857142857142858,0.4107142857142857,0.017857142857142856,0.03571428571428571,0.017857142857142856,0.017857142857142856,0.17857142857142858,0.017857142857142856,0.0,0.03571428571428571,0.0,0.0,0.07142857142857142,0.0,0.03571428571428571,0.0,0.0,0.07142857142857142,0.03571428571428571,0.017857142857142856,0.0,0.017857142857142856,0.0,0.017857142857142856,0.017857142857142856,0.0,0.0,0.0,0.03571428571428571,0.0,0.0,0.03571428571428571,0.017857142857142856,0.0,0.017857142857142856,0.03571428571428571,0.0,0.03571428571428571,0.0,0.0,0.30357142857142855,0.017857142857142856,0.0,0.0,0.017857142857142856,0.0,0.0,0.0,0.0,0.0,0.0,0.0,0.0,0.0,0.0,0.0,0.037517278084504974,0.0,0.3333333333333333,0.06353831923608047,56.0,4.04305126783455,5.785670655458511,4.066373741820009,6.517857142857143
0.0,0.2,0.0,0.0,0.4,0.4,0.2,0.0,0.0,0.2,0.0,0.0,0.0,0.2,0.0,0.0,0.0,0.0,0.2,0.0,0.0,0.2,0.0,0.0,0.0,0.0,0.0,0.0,0.0,0.0,0.2,0.0,0.0,0.0,0.0,0.2,0.0,0.0,0.0,0.0,0.0,0.0,0.0,0.0,0.4,0.2,0.0,0.0,0.2,0.0,0.0,0.0,0.0,0.0,0.0,0.0,0.0,0.0,0.0,0.0,0.027911044477761115,0.0,0.16666666666666666,0.051608250770584285,5.0,1.791759469228055,6.230169903639558,3.919183588453085,10.8
0.0,0.05128205128205128,0.05128205128205128,0.05128205128205128,0.23076923076923078,0.3076923076923077,0.07692307692307693,0.07692307692307693,0.0,0.02564102564102564,0.15384615384615385,0.02564102564102564,0.0,0.02564102564102564,0.0,0.02564102564102564,0.15384615384615385,0.02564102564102564,0.0,0.0,0.0,0.1282051282051282,0.07692307692307693,0.0,0.0,0.0,0.0,0.0,0.02564102564102564,0.0,0.02564102564102564,0.0,0.02564102564102564,0.02564102564102564,0.0,0.05128205128205128,0.02564102564102564,0.05128205128205128,0.07692307692307693,0.0,0.0,0.0,0.0,0.0,0.2564102564102564,0.0,0.0,0.0,0.0,0.0,0.0,0.0,0.0,0.0,0.0,0.0,0.02564102564102564,0.0,0.0,0.0,0.0484393105767462,0.0,0.5,0.07322009785605409,39.0,3.6888794541139363,6.453863673476647,4.748092111387989,6.615384615384615
0.057692307692307696,0.17307692307692307,0.1346153846153846,0.1346153846153846,0.23076923076923078,0.25,0.057692307692307696,0.07692307692307693,0.057692307692307696,0.057692307692307696,0.15384615384615385,0.019230769230769232,0.0,0.0,0.0,0.0,0.038461538461538464,0.0,0.038461538461538464,0.0,0.0,0.019230769230769232,0.1346153846153846,0.0,0.0,0.0,0.0,0.0,0.0,0.0,0.038461538461538464,0.019230769230769232,0.07692307692307693,0.057692307692307696,0.0,0.057692307692307696,0.0,0.0,0.0,0.019230769230769232,0.019230769230769232,0.019230769230769232,0.0,0.019230769230769232,0.21153846153846154,0.0,0.0,0.0,0.0,0.0,0.0,0.0,0.0,0.0,0.0,0.0,0.0,0.019230769230769232,0.019230769230769232,0.019230769230769232,0.057254791567042794,0.0,1.0,0.17493157727680977,52.0,3.970291913552122,7.11651711087879,4.4440556001826526,6.519230769230769
0.0,0.2222222222222222,0.2222222222222222,0.2222222222222222,0.1111111111111111,0.3333333333333333,0.05555555555555555,0.0,0.05555555555555555,0.05555555555555555,0.16666666666666666,0.0,0.0,0.0,0.0,0.0,0.0,0.0,0.0,0.0,0.0,0.0,0.05555555555555555,0.0,0.0,0.0,0.0,0.0,0.05555555555555555,0.0,0.0,0.0,0.0,0.0,0.0,0.05555555555555555,0.0,0.0,0.0,0.05555555555555555,0.0,0.05555555555555555,0.05555555555555555,0.0,0.05555555555555555,0.0,0.0,0.0,0.0,0.0,0.0,0.0,0.0,0.0,0.0,0.0,0.0,0.0,0.0,0.0,0.0830637862199324,0.0,1.0,0.2338717931706895,18.0,2.9444389791664403,5.074603474505883,6.0420338330322325,6.222222222222222
0.03278688524590164,0.11475409836065574,0.11475409836065574,0.11475409836065574,0.22950819672131148,0.19672131147540983,0.06557377049180328,0.01639344262295082,0.08196721311475409,0.03278688524590164,0.22950819672131148,0.03278688524590164,0.01639344262295082,0.01639344262295082,0.01639344262295082,0.01639344262295082,0.09836065573770492,0.01639344262295082,0.09836065573770492,0.01639344262295082,0.01639344262295082,0.06557377049180328,0.06557377049180328,0.01639344262295082,0.0,0.0,0.0,0.0,0.03278688524590164,0.0,0.0,0.0,0.03278688524590164,0.01639344262295082,0.01639344262295082,0.04918032786885246,0.0,0.03278688524590164,0.01639344262295082,0.0,0.0,0.0,0.0,0.0,0.2459016393442623,0.03278688524590164,0.03278688524590164,0.01639344262295082,0.01639344262295082,0.0,0.0,0.0,0.01639344262295082,0.0,0.0,0.0,0.01639344262295082,0.0,0.01639344262295082,0.01639344262295082,0.0350067064408064,0.0,1.0,0.1070907225820915,61.0,4.127134385045092,7.9933987512306794,3.509269025641876,6.524590163934426
0.0,0.0,0.0,0.0,0.38461538461538464,0.23076923076923078,0.07692307692307693,0.15384615384615385,0.0,0.07692307692307693,0.07692307692307693,0.0,0.0,0.0,0.0,0.07692307692307693,0.0,0.0,0.15384615384615385,0.0,0.0,0.07692307692307693,0.15384615384615385,0.0,0.0,0.0,0.0,0.0,0.0,0.0,0.0,0.0,0.07692307692307693,0.0,0.0,0.15384615384615385,0.0,0.0,0.15384615384615385,0.07692307692307693,0.0,0.07692307692307693,0.0,0.0,0.3076923076923077,0.0,0.0,0.15384615384615385,0.0,0.0,0.07692307692307693,0.0,0.0,0.0,0.0,0.0,0.07692307692307693,0.0,0.0,0.0,0.04570615044127976,0.0,0.3333333333333333,0.061797973958228,13.0,2.6390573296152584,6.880801726168989,4.829642200720696,8.538461538461538
0.02564102564102564,0.05128205128205128,0.05128205128205128,0.05128205128205128,0.3076923076923077,0.358974358974359,0.05128205128205128,0.07692307692307693,0.05128205128205128,0.05128205128205128,0.28205128205128205,0.02564102564102564,0.0,0.05128205128205128,0.0,0.0,0.02564102564102564,0.0,0.02564102564102564,0.0,0.0,0.0,0.07692307692307693,0.0,0.0,0.0,0.0,0.0,0.0,0.0,0.0,0.0,0.07692307692307693,0.0,0.02564102564102564,0.0,0.0,0.0,0.05128205128205128,0.0,0.0,0.0,0.0,0.02564102564102564,0.28205128205128205,0.0,0.0,0.02564102564102564,0.0,0.0,0.0,0.02564102564102564,0.0,0.0,0.0,0.0,0.0,0.0,0.0,0.0,0.04977809530475419,0.0,0.3333333333333333,0.052310372259380455,39.0,3.6888794541139363,5.780074428047971,4.811776043380473,7.358974358974359
0.02564102564102564,0.1282051282051282,0.1282051282051282,0.1282051282051282,0.1282051282051282,0.20512820512820512,0.02564102564102564,0.02564102564102564,0.05128205128205128,0.02564102564102564,0.15384615384615385,0.0,0.02564102564102564,0.02564102564102564,0.07692307692307693,0.0,0.02564102564102564,0.02564102564102564,0.0,0.0,0.02564102564102564,0.02564102564102564,0.05128205128205128,0.0,0.0,0.0,0.0,0.0,0.0,0.0,0.02564102564102564,0.02564102564102564,0.0,0.05128205128205128,0.07692307692307693,0.02564102564102564,0.02564102564102564,0.02564102564102564,0.02564102564102564,0.0,0.0,0.0,0.0,0.05128205128205128,0.15384615384615385,0.0,0.02564102564102564,0.0,0.02564102564102564,0.0,0.0,0.0,0.02564102564102564,0.0,0.0,0.0,0.0,0.0,0.0,0.0,0.05129577063800431,0.0,1.0,0.1730965382444771,39.0,3.6888794541139363,6.842730129902977,5.260473726427115,6.384615384615385
0.043478260869565216,0.1956521739130435,0.15217391304347827,0.15217391304347827,0.06521739130434782,0.13043478260869565,0.021739130434782608,0.0,0.06521739130434782,0.0,0.15217391304347827,0.0,0.021739130434782608,0.0,0.0,0.0,0.043478260869565216,0.021739130434782608,0.043478260869565216,0.0,0.0,0.06521739130434782,0.021739130434782608,0.0,0.0,0.0,0.021739130434782608,0.0,0.0,0.0,0.0,0.0,0.0,0.043478260869565216,0.0,0.021739130434782608,0.0,0.021739130434782608,0.021739130434782608,0.021739130434782608,0.0,0.021739130434782608,0.021739130434782608,0.0,0.15217391304347827,0.021739130434782608,0.0,0.021739130434782608,0.021739130434782608,0.0,0.0,0.0,0.0,0.0,0.0,0.0,0.0,0.0,0.021739130434782608,0.06521739130434782,0.029063793349507632,0.0,0.16666666666666666,0.04660703816675158,46.0,3.8501476017100584,6.11246184193201,4.362421155331513,6.456521739130435
0.0425531914893617,0.1702127659574468,0.1702127659574468,0.1702127659574468,0.14893617021276595,0.23404255319148937,0.02127659574468085,0.0,0.02127659574468085,0.06382978723404255,0.19148936170212766,0.0,0.0425531914893617,0.0425531914893617,0.0425531914893617,0.0,0.0,0.0,0.0425531914893617,0.02127659574468085,0.0,0.0851063829787234,0.10638297872340426,0.02127659574468085,0.0,0.0,0.0,0.0,0.02127659574468085,0.0,0.0,0.02127659574468085,0.0425531914893617,0.02127659574468085,0.0,0.02127659574468085,0.0,0.0,0.06382978723404255,0.0,0.02127659574468085,0.0,0.0,0.0,0.10638297872340426,0.0,0.02127659574468085,0.02127659574468085,0.0,0.0,0.0,0.0,0.02127659574468085,0.0,0.0,0.0,0.0,0.0,0.0,0.0,0.04191208262636834,0.0,1.0,0.14450355140578625,47.0,3.871201010907891,6.738772929442144,3.329362354783907,6.0212765957446805
0.0,0.0,0.0,0.0,0.16666666666666666,0.16666666666666666,0.16666666666666666,0.0,0.3333333333333333,0.16666666666666666,0.3333333333333333,0.0,0.0,0.0,0.0,0.0,0.0,0.0,0.0,0.0,0.0,0.0,0.16666666666666666,0.0,0.0,0.0,0.0,0.0,0.0,0.0,0.0,0.0,0.0,0.0,0.0,0.0,0.0,0.0,0.0,0.0,0.0,0.0,0.0,0.0,0.0,0.0,0.0,0.0,0.0,0.0,0.0,0.0,0.0,0.0,0.0,0.0,0.0,0.0,0.0,0.0,0.010793650793650793,0.0,0.09523809523809523,0.02800856507950828,6.0,1.9459101490553132,3.210777084415068,4.384315479321969,5.666666666666667
0.02857142857142857,0.11428571428571428,0.11428571428571428,0.11428571428571428,0.11428571428571428,0.2571428571428571,0.05714285714285714,0.0,0.0,0.02857142857142857,0.11428571428571428,0.0,0.05714285714285714,0.0,0.02857142857142857,0.0,0.02857142857142857,0.02857142857142857,0.0,0.0,0.0,0.05714285714285714,0.08571428571428572,0.0,0.0,0.02857142857142857,0.0,0.02857142857142857,0.02857142857142857,0.0,0.02857142857142857,0.0,0.02857142857142857,0.0,0.0,0.05714285714285714,0.02857142857142857,0.02857142857142857,0.02857142857142857,0.02857142857142857,0.0,0.02857142857142857,0.02857142857142857,0.02857142857142857,0.14285714285714285,0.0,0.0,0.0,0.0,0.0,0.0,0.0,0.0,0.0,0.0,0.02857142857142857,0.0,0.0,0.0,0.0,0.041047122750089024,0.0,1.0,0.16669397371378078,35.0,3.58351893845611,6.578599345084335,5.579554513707038,7.2
0.12280701754385964,0.12280701754385964,0.12280701754385964,0.12280701754385964,0.15789473684210525,0.17543859649122806,0.03508771929824561,0.0,0.07017543859649122,0.017543859649122806,0.2982456140350877,0.0,0.0,0.05263157894736842,0.0,0.017543859649122806,0.10526315789473684,0.0,0.017543859649122806,0.0,0.0,0.07017543859649122,0.03508771929824561,0.0,0.0,0.0,0.03508771929824561,0.0,0.0,0.0,0.017543859649122806,0.017543859649122806,0.0,0.017543859649122806,0.017543859649122806,0.05263157894736842,0.0,0.0,0.017543859649122806,0.0,0.017543859649122806,0.0,0.03508771929824561,0.017543859649122806,0.17543859649122806,0.03508771929824561,0.0,0.0,0.0,0.017543859649122806,0.017543859649122806,0.017543859649122806,0.0,0.0,0.0,0.0,0.0,0.0,0.0,0.0,0.06795664652807511,0.0,1.0,0.12345935853325915,57.0,4.060443010546419,6.813471730158318,3.334902677665168,6.298245614035087
0.0,0.0,0.0,0.0,0.6,0.2,0.0,0.0,0.0,0.0,0.2,0.0,0.0,0.0,0.0,0.0,0.2,0.0,0.0,0.0,0.0,0.0,0.0,0.0,0.0,0.0,0.0,0.0,0.0,0.0,0.0,0.0,0.0,0.0,0.0,0.0,0.0,0.0,0.0,0.0,0.0,0.0,0.0,0.0,0.6,0.0,0.0,0.0,0.0,0.0,0.0,0.0,0.0,0.0,0.0,0.0,0.0,0.0,0.2,0.0,0.06984487734487735,0.0,0.16666666666666666,0.06173302947445194,5.0,1.791759469228055,2.7419011889093374,3.826225293941798,8.6
0.16666666666666666,0.0,0.0,0.0,0.16666666666666666,0.3333333333333333,0.0,0.0,0.0,0.0,0.5,0.0,0.0,0.0,0.0,0.0,0.0,0.0,0.0,0.0,0.0,0.0,0.16666666666666666,0.0,0.0,0.0,0.0,0.0,0.0,0.0,0.0,0.0,0.16666666666666666,0.0,0.0,0.16666666666666666,0.0,0.0,0.16666666666666666,0.0,0.0,0.0,0.0,0.0,0.3333333333333333,0.0,0.0,0.0,0.16666666666666666,0.0,0.0,0.0,0.0,0.0,0.0,0.0,0.0,0.0,0.0,0.0,0.04275485008818342,0.0,0.2,0.05972944676462739,6.0,1.9459101490553132,4.572431251322119,5.428832491634111,7.833333333333333
0.023809523809523808,0.11904761904761904,0.09523809523809523,0.09523809523809523,0.20238095238095238,0.23809523809523808,0.047619047619047616,0.03571428571428571,0.05952380952380952,0.011904761904761904,0.16666666666666666,0.0,0.08333333333333333,0.023809523809523808,0.07142857142857142,0.023809523809523808,0.05952380952380952,0.0,0.023809523809523808,0.07142857142857142,0.0,0.03571428571428571,0.07142857142857142,0.011904761904761904,0.0,0.023809523809523808,0.011904761904761904,0.03571428571428571,0.011904761904761904,0.0,0.0,0.023809523809523808,0.011904761904761904,0.023809523809523808,0.023809523809523808,0.05952380952380952,0.023809523809523808,0.0,0.023809523809523808,0.0,0.011904761904761904,0.0,0.011904761904761904,0.0,0.2976190476190476,0.08333333333333333,0.011904761904761904,0.011904761904761904,0.0,0.023809523809523808,0.011904761904761904,0.011904761904761904,0.0,0.0,0.0,0.0,0.0,0.0,0.023809523809523808,0.011904761904761904,0.04379257246630283,0.0,1.0,0.10759835045760632,84.0,4.442651256490317,8.240581988780418,3.843210433987358,6.940476190476191
0.038461538461538464,0.09615384615384616,0.038461538461538464,0.038461538461538464,0.1346153846153846,0.4230769230769231,0.057692307692307696,0.057692307692307696,0.057692307692307696,0.057692307692307696,0.23076923076923078,0.019230769230769232,0.0,0.019230769230769232,0.0,0.019230769230769232,0.038461538461538464,0.019230769230769232,0.057692307692307696,0.0,0.0,0.038461538461538464,0.15384615384615385,0.019230769230769232,0.0,0.0,0.019230769230769232,0.0,0.0,0.0,0.0,0.0,0.09615384615384616,0.019230769230769232,0.019230769230769232,0.07692307692307693,0.019230769230769232,0.019230769230769232,0.057692307692307696,0.0,0.0,0.0,0.019230769230769232,0.0,0.21153846153846154,0.0,0.0,0.019230769230769232,0.038461538461538464,0.0,0.0,0.019230769230769232,0.0,0.0,0.0,0.0,0.0,0.0,0.0,0.0,0.051162541752017364,0.0,0.25,0.06653244999203708,52.0,3.970291913552122,7.160972368895489,3.8106049466156415,6.3076923076923075
0.037037037037037035,0.0,0.0,0.0,0.25925925925925924,0.25925925925925924,0.0,0.037037037037037035,0.1111111111111111,0.0,0.3333333333333333,0.0,0.037037037037037035,0.037037037037037035,0.037037037037037035,0.037037037037037035,0.037037037037037035,0.0,0.0,0.0,0.0,0.1111111111111111,0.1111111111111111,0.0,0.0,0.0,0.0,0.0,0.0,0.0,0.037037037037037035,0.0,0.037037037037037035,0.0,0.0,0.0,0.0,0.037037037037037035,0.07407407407407407,0.0,0.0,0.0,0.0,0.0,0.3333333333333333,0.0,0.0,0.07407407407407407,0.0,0.0,0.0,0.0,0.0,0.0,0.0,0.0,0.0,0.0,0.0,0.0,0.03451883553795525,0.0,0.5,0.06597832342826457,27.0,3.332204510175204,5.4404641176937885,5.19602042508375,7.962962962962963
0.05714285714285714,0.11428571428571428,0.08571428571428572,0.08571428571428572,0.14285714285714285,0.2571428571428571,0.0,0.0,0.0,0.0,0.2,0.0,0.05714285714285714,0.0,0.05714285714285714,0.0,0.11428571428571428,0.0,0.05714285714285714,0.02857142857142857,0.0,0.05714285714285714,0.02857142857142857,0.0,0.0,0.0,0.0,0.0,0.0,0.02857142857142857,0.02857142857142857,0.0,0.0,0.0,0.0,0.02857142857142857,0.0,0.0,0.0,0.0,0.0,0.0,0.0,0.02857142857142857,0.2571428571428571,0.08571428571428572,0.0,0.0,0.02857142857142857,0.0,0.0,0.02857142857142857,0.0,0.0,0.0,0.0,0.0,0.0,0.0,0.0,0.04272104273762831,0.0,0.3333333333333333,0.06181211689173423,35.0,3.58351893845611,5.851970246860878,3.789782181021996,5.742857142857143
0.0,0.2857142857142857,0.14285714285714285,0.14285714285714285,0.5714285714285714,0.2857142857142857,0.14285714285714285,0.0,0.0,0.14285714285714285,0.2857142857142857,0.0,0.0,0.14285714285714285,0.0,0.0,0.0,0.0,0.2857142857142857,0.0,0.0,0.0,0.14285714285714285,0.0,0.0,0.0,0.0,0.0,0.14285714285714285,0.0,0.0,0.0,0.0,0.0,0.0,0.14285714285714285,0.0,0.0,0.0,0.0,0.0,0.0,0.0,0.0,0.2857142857142857,0.0,0.14285714285714285,0.0,0.0,0.0,0.0,0.0,0.0,0.0,0.0,0.0,0.0,0.0,0.14285714285714285,0.0,0.048312401883830465,0.0,0.25,0.0608501386280315,7.0,2.0794415416798357,7.053788304197499,3.8438925848782026,7.714285714285714
0.05660377358490566,0.03773584905660377,0.018867924528301886,0.018867924528301886,0.11320754716981132,0.24528301886792453,0.03773584905660377,0.018867924528301886,0.05660377358490566,0.0,0.22641509433962265,0.03773584905660377,0.018867924528301886,0.0,0.018867924528301886,0.0,0.018867924528301886,0.018867924528301886,0.018867924528301886,0.0,0.0,0.03773584905660377,0.03773584905660377,0.0,0.0,0.018867924528301886,0.0,0.018867924528301886,0.0,0.0,0.0,0.0,0.018867924528301886,0.0,0.03773584905660377,0.03773584905660377,0.018867924528301886,0.018867924528301886,0.018867924528301886,0.0,0.0,0.0,0.018867924528301886,0.03773584905660377,0.2641509433962264,0.018867924528301886,0.0,0.0,0.03773584905660377,0.0,0.0,0.0,0.018867924528301886,0.0,0.0,0.018867924528301886,0.0,0.018867924528301886,0.018867924528301886,0.018867924528301886,0.04841407688870212,0.0,0.25,0.05878827898747502,53.0,3.9889840465642745,6.189906710353576,3.718178142666808,6.7924528301886795
0.08695652173913043,0.0,0.0,0.0,0.0,0.2608695652173913,0.0,0.0,0.0,0.0,0.2608695652173913,0.0,0.0,0.08695652173913043,0.0,0.0,0.0,0.0,0.08695652173913043,0.0,0.0,0.08695652173913043,0.0,0.0,0.0,0.043478260869565216,0.043478260869565216,0.043478260869565216,0.0,0.0,0.0,0.0,0.0,0.043478260869565216,0.0,0.0,0.043478260869565216,0.043478260869565216,0.08695652173913043,0.0,0.0,0.0,0.0,0.0,0.17391304347826086,0.043478260869565216,0.0,0.0,0.0,0.0,0.0,0.0,0.0,0.0,0.0,0.0,0.0,0.0,0.0,0.0,0.03517841946413374,0.0,0.25,0.0595687368437648,23.0,3.1780538303479458,4.359043240922937,2.8721990547676075,5.521739130434782
0.0,0.0,0.0,0.0,0.3333333333333333,0.16666666666666666,0.0,0.0,0.0,0.0,0.5,0.0,0.0,0.0,0.0,0.0,0.0,0.0,0.0,0.0,0.0,0.16666666666666666,0.0,0.0,0.0,0.0,0.0,0.0,0.0,0.0,0.0,0.0,0.0,0.0,0.0,0.0,0.0,0.0,0.0,0.0,0.0,0.0,0.0,0.0,0.16666666666666666,0.0,0.0,0.0,0.0,0.0,0.0,0.0,0.0,0.0,0.0,0.0,0.0,0.0,0.0,0.0,0.03972222222222222,0.0,0.3333333333333333,0.08615858906189099,6.0,1.9459101490553132,2.320802083934297,2.793842435706702,6.833333333333333
0.0,0.08108108108108109,0.05405405405405406,0.05405405405405406,0.16216216216216217,0.40540540540540543,0.05405405405405406,0.0,0.02702702702702703,0.05405405405405406,0.2972972972972973,0.0,0.0,0.02702702702702703,0.0,0.0,0.05405405405405406,0.0,0.08108108108108109,0.0,0.0,0.10810810810810811,0.02702702702702703,0.0,0.0,0.0,0.02702702702702703,0.0,0.0,0.0,0.0,0.02702702702702703,0.0,0.02702702702702703,0.0,0.05405405405405406,0.0,0.02702702702702703,0.02702702702702703,0.0,0.02702702702702703,0.0,0.02702702702702703,0.0,0.16216216216216217,0.0,0.0,0.0,0.0,0.0,0.02702702702702703,0.0,0.02702702702702703,0.0,0.0,0.0,0.0,0.0,0.02702702702702703,0.02702702702702703,0.03889196865512655,0.0,1.0,0.11384437975800404,37.0,3.6375861597263857,6.170624792011446,4.696952060214501,7.216216216216216
0.041666666666666664,0.1875,0.16666666666666666,0.16666666666666666,0.16666666666666666,0.22916666666666666,0.020833333333333332,0.0,0.10416666666666667,0.0,0.20833333333333334,0.0,0.020833333333333332,0.0625,0.041666666666666664,0.020833333333333332,0.08333333333333333,0.0,0.08333333333333333,0.020833333333333332,0.0,0.10416666666666667,0.041666666666666664,0.020833333333333332,0.0,0.0,0.041666666666666664,0.0,0.0,0.0,0.020833333333333332,0.0,0.0,0.020833333333333332,0.0,0.020833333333333332,0.0,0.020833333333333332,0.020833333333333332,0.020833333333333332,0.0,0.020833333333333332,0.0,0.041666666666666664,0.20833333333333334,0.020833333333333332,0.0,0.0,0.0,0.0,0.0,0.0,0.0,0.0,0.0,0.0,0.0,0.020833333333333332,0.0,0.0,0.07917185444496369,0.0,1.0,0.2314624994783937,48.0,3.8918202981106265,7.286773112746472,3.585997071945263,6.875
0.0,0.2857142857142857,0.2857142857142857,0.2857142857142857,0.14285714285714285,0.2857142857142857,0.0,0.0,0.14285714285714285,0.0,0.2857142857142857,0.0,0.0,0.0,0.0,0.0,0.0,0.0,0.14285714285714285,0.0,0.0,0.14285714285714285,0.0,0.0,0.0,0.0,0.0,0.0,0.0,0.0,0.0,0.0,0.0,0.14285714285714285,0.0,0.14285714285714285,0.0,0.0,0.14285714285714285,0.0,0.0,0.0,0.0,0.0,0.14285714285714285,0.0,0.0,0.0,0.0,0.0,0.0,0.0,0.0,0.0,0.0,0.0,0.0,0.0,0.0,0.0,0.07308201058201058,0.0,1.0,0.21351169077707544,7.0,2.0794415416798357,5.790341228148125,3.3685217493004562,6.714285714285714
0.0,0.0625,0.0625,0.0625,0.375,0.4375,0.125,0.0625,0.125,0.0625,0.375,0.0,0.125,0.125,0.125,0.0,0.0625,0.0625,0.125,0.125,0.0,0.0625,0.125,0.0,0.0,0.0,0.0,0.0,0.0,0.0,0.0,0.0625,0.0625,0.0625,0.0,0.125,0.0,0.0625,0.125,0.0,0.0625,0.0,0.0,0.0,0.375,0.0625,0.0,0.0,0.0,0.0,0.0,0.0,0.0,0.0,0.0,0.0,0.0,0.0,0.0,0.0,0.048114817003278576,0.0,0.4444444444444444,0.06368652700548882,16.0,2.833213344056216,9.363699408288497,7.197818679989098,9.9375
0.047058823529411764,0.08235294117647059,0.07058823529411765,0.07058823529411765,0.17647058823529413,0.35294117647058826,0.047058823529411764,0.03529411764705882,0.058823529411764705,0.0,0.23529411764705882,0.047058823529411764,0.011764705882352941,0.07058823529411765,0.011764705882352941,0.0,0.047058823529411764,0.023529411764705882,0.07058823529411765,0.011764705882352941,0.0,0.03529411764705882,0.10588235294117647,0.0,0.0,0.011764705882352941,0.023529411764705882,0.011764705882352941,0.0,0.0,0.0,0.0,0.058823529411764705,0.011764705882352941,0.0,0.10588235294117647,0.011764705882352941,0.023529411764705882,0.047058823529411764,0.011764705882352941,0.0,0.011764705882352941,0.011764705882352941,0.023529411764705882,0.2,0.011764705882352941,0.0,0.011764705882352941,0.011764705882352941,0.0,0.0,0.0,0.0,0.0,0.0,0.011764705882352941,0.0,0.0,0.011764705882352941,0.011764705882352941,0.036058884481566994,0.0,0.2,0.04854826224024822,85.0,4.454347296253507,7.56446907470637,4.764546112063481,7.870588235294117
0.16666666666666666,0.16666666666666666,0.16666666666666666,0.16666666666666666,0.16666666666666666,0.6666666666666666,0.0,0.0,0.0,0.0,0.16666666666666666,0.0,0.0,0.0,0.0,0.0,0.16666666666666666,0.0,0.0,0.0,0.0,0.0,0.0,0.0,0.0,0.0,0.0,0.0,0.0,0.0,0.0,0.0,0.0,0.0,0.0,0.0,0.0,0.0,0.16666666666666666,0.0,0.0,0.0,0.0,0.0,0.16666666666666666,0.0,0.0,0.0,0.0,0.0,0.0,0.0,0.0,0.0,0.0,0.0,0.0,0.0,0.0,0.16666666666666666,0.0661111111111111,0.0,0.5,0.12488760378935498,6.0,1.9459101490553132,4.6982458350160305,2.68741924943285,5.333333333333333
0.08,0.08,0.08,0.08,0.12,0.32,0.0,0.04,0.08,0.0,0.24,0.0,0.0,0.04,0.0,0.04,0.12,0.0,0.04,0.0,0.0,0.12,0.0,0.0,0.0,0.0,0.0,0.0,0.0,0.0,0.0,0.0,0.0,0.04,0.0,0.04,0.0,0.0,0.04,0.0,0.0,0.0,0.0,0.0,0.12,0.04,0.0,0.0,0.0,0.0,0.0,0.0,0.0,0.0,0.0,0.0,0.0,0.0,0.04,0.0,0.03961690464468189,0.0,0.5,0.06871746291662809,25.0,3.258096538021482,5.617768141075271,3.5067934070885896,6.32
0.037037037037037035,0.037037037037037035,0.037037037037037035,0.037037037037037035,0.25925925925925924,0.1111111111111111,0.037037037037037035,0.037037037037037035,0.14814814814814814,0.0,0.3333333333333333,0.0,0.07407407407407407,0.0,0.07407407407407407,0.0,0.14814814814814814,0.0,0.037037037037037035,0.07407407407407407,0.0,0.07407407407407407,0.037037037037037035,0.0,0.0,0.0,0.0,0.0,0.0,0.0,0.0,0.0,0.07407407407407407,0.037037037037037035,0.0,0.0,0.0,0.037037037037037035,0.037037037037037035,0.037037037037037035,0.0,0.037037037037037035,0.0,0.0,0.14814814814814814,0.07407407407407407,0.037037037037037035,0.0,0.037037037037037035,0.0,0.0,0.0,0.037037037037037035,0.0,0.0,0.0,0.0,0.0,0.0,0.0,0.03939919868491296,0.0,0.375,0.08011253743700975,27.0,3.332204510175204,7.096395024373969,2.8931592369536747,6.0
0.1,0.15,0.15,0.15,0.1,0.2,0.0,0.0,0.05,0.0,0.15,0.0,0.0,0.0,0.0,0.05,0.1,0.0,0.05,0.0,0.0,0.0,0.05,0.0,0.0,0.0,0.0,0.0,0.0,0.0,0.0,0.0,0.0,0.05,0.0,0.0,0.0,0.0,0.05,0.0,0.0,0.0,0.1,0.0,0.15,0.0,0.0,0.0,0.05,0.0,0.05,0.05,0.0,0.0,0.0,0.0,0.0,0.0,0.0,0.1,0.045902557604238274,0.0,1.0,0.17480336552487175,20.0,3.044522437723423,6.122941504745121,2.4269322199023193,5.1
0.0,0.2,0.2,0.2,0.0,0.0,0.0,0.0,0.0,0.0,0.4,0.0,0.0,0.0,0.0,0.0,0.0,0.0,0.0,0.0,0.0,0.0,0.0,0.0,0.0,0.0,0.0,0.0,0.0,0.0,0.0,0.0,0.0,0.2,0.0,0.0,0.0,0.0,0.0,0.0,0.0,0.0,0.0,0.0,0.2,0.0,0.0,0.0,0.0,0.0,0.0,0.0,0.0,0.0,0.0,0.0,0.0,0.0,0.0,0.0,0.004545454545454545,0.0,0.045454545454545456,0.013636363636363636,5.0,1.791759469228055,2.850699332842307,7.249827584156743,9.2
0.046875,0.0625,0.0625,0.0625,0.234375,0.296875,0.0625,0.046875,0.046875,0.015625,0.265625,0.03125,0.03125,0.03125,0.015625,0.0,0.03125,0.0,0.0625,0.03125,0.0,0.109375,0.046875,0.0,0.0,0.0,0.0,0.0,0.015625,0.0,0.015625,0.0,0.03125,0.03125,0.0,0.078125,0.0,0.015625,0.015625,0.0,0.0,0.0,0.0,0.0,0.15625,0.0,0.0,0.0,0.0,0.015625,0.0,0.015625,0.0,0.0,0.0,0.015625,0.046875,0.015625,0.03125,0.0625,0.03913935271078127,0.0,0.25,0.06781580837918041,64.0,4.174387269895637,7.29600479094777,3.6313253004240753,6.53125
0.047619047619047616,0.23809523809523808,0.23809523809523808,0.23809523809523808,0.14285714285714285,0.3333333333333333,0.047619047619047616,0.0,0.047619047619047616,0.09523809523809523,0.19047619047619047,0.0,0.0,0.047619047619047616,0.0,0.0,0.047619047619047616,0.0,0.0,0.0,0.047619047619047616,0.0,0.0,0.0,0.0,0.047619047619047616,0.0,0.047619047619047616,0.047619047619047616,0.0,0.0,0.047619047619047616,0.047619047619047616,0.047619047619047616,0.0,0.047619047619047616,0.047619047619047616,0.0,0.0,0.0,0.0,0.0,0.0,0.0,0.14285714285714285,0.0,0.0,0.0,0.047619047619047616,0.0,0.0,0.047619047619047616,0.047619047619047616,0.0,0.0,0.0,0.0,0.0,0.0,0.0,0.07330587790671825,0.0,1.0,0.23184647270056608,21.0,3.091042453358316,7.143714651413151,2.6726124191242437,5.0
0.0,0.2,0.2,0.2,0.2,0.4,0.0,0.0,0.0,0.0,0.4,0.0,0.0,0.0,0.0,0.0,0.0,0.0,0.2,0.0,0.0,0.0,0.0,0.0,0.0,0.0,0.0,0.0,0.0,0.0,0.0,0.0,0.0,0.0,0.0,0.0,0.0,0.0,0.0,0.0,0.0,0.0,0.0,0.0,0.0,0.0,0.0,0.0,0.0,0.0,0.0,0.0,0.0,0.0,0.0,0.0,0.0,0.0,0.0,0.0,0.02357466063348416,0.0,0.1,0.03717488552225935,5.0,1.791759469228055,3.379470570797252,2.1540659228538015,6.6
0.0,0.14285714285714285,0.14285714285714285,0.14285714285714285,0.0,0.42857142857142855,0.0,0.0,0.0,0.0,0.2857142857142857,0.0,0.0,0.0,0.0,0.0,0.0,0.0,0.0,0.0,0.0,0.0,0.0,0.0,0.0,0.14285714285714285,0.0,0.14285714285714285,0.0,0.0,0.0,0.0,0.0,0.0,0.0,0.0,0.14285714285714285,0.0,0.0,0.0,0.0,0.0,0.0,0.0,0.14285714285714285,0.0,0.0,0.0,0.14285714285714285,0.0,0.0,0.0,0.0,0.0,0.0,0.0,0.0,0.0,0.0,0.0,0.03887944066515495,0.0,0.5,0.10794888155530295,7.0,2.0794415416798357,4.248675212083627,3.016958868848982,4.571428571428571
0.02127659574468085,0.10638297872340426,0.0851063829787234,0.0851063829787234,0.23404255319148937,0.3191489361702128,0.02127659574468085,0.02127659574468085,0.0425531914893617,0.02127659574468085,0.2127659574468085,0.0,0.02127659574468085,0.02127659574468085,0.02127659574468085,0.0,0.06382978723404255,0.0,0.10638297872340426,0.02127659574468085,0.02127659574468085,0.06382978723404255,0.06382978723404255,0.02127659574468085,0.0,0.0,0.0,0.0,0.0,0.0,0.0,0.02127659574468085,0.02127659574468085,0.02127659574468085,0.0,0.10638297872340426,0.0,0.0,0.0,0.0,0.02127659574468085,0.0,0.0,0.02127659574468085,0.2127659574468085,0.0,0.0,0.0,0.0,0.0,0.0,0.0,0.02127659574468085,0.0,0.0,0.0,0.0,0.0,0.0,0.02127659574468085,0.04013856513856514,0.0,0.25,0.07001608133113366,47.0,3.871201010907891,6.5660822562988255,3.1704269526388735,6.23404255319149
0.0,0.038461538461538464,0.038461538461538464,0.038461538461538464,0.23076923076923078,0.11538461538461539,0.0,0.038461538461538464,0.15384615384615385,0.0,0.38461538461538464,0.0,0.038461538461538464,0.0,0.0,0.0,0.07692307692307693,0.038461538461538464,0.038461538461538464,0.038461538461538464,0.0,0.038461538461538464,0.038461538461538464,0.0,0.0,0.0,0.0,0.0,0.0,0.0,0.038461538461538464,0.0,0.038461538461538464,0.038461538461538464,0.0,0.0,0.0,0.07692307692307693,0.0,0.0,0.0,0.0,0.038461538461538464,0.0,0.3076923076923077,0.0,0.038461538461538464,0.0,0.11538461538461539,0.0,0.0,0.0,0.0,0.0,0.0,0.0,0.0,0.0,0.038461538461538464,0.0,0.03780824174587354,0.0,0.3,0.06417102463143864,26.0,3.295836866004329,6.137881300849672,3.941322578607219,6.653846153846154
0.018518518518518517,0.12962962962962962,0.09259259259259259,0.09259259259259259,0.18518518518518517,0.25925925925925924,0.05555555555555555,0.037037037037037035,0.07407407407407407,0.0,0.25925925925925924,0.05555555555555555,0.018518518518518517,0.018518518518518517,0.018518518518518517,0.0,0.05555555555555555,0.018518518518518517,0.05555555555555555,0.018518518518518517,0.018518518518518517,0.07407407407407407,0.14814814814814814,0.018518518518518517,0.0,0.0,0.0,0.0,0.0,0.0,0.0,0.0,0.018518518518518517,0.0,0.018518518518518517,0.18518518518518517,0.0,0.0,0.1111111111111111,0.0,0.0,0.0,0.0,0.0,0.25925925925925924,0.018518518518518517,0.018518518518518517,0.0,0.0,0.0,0.0,0.0,0.018518518518518517,0.0,0.0,0.0,0.018518518518518517,0.0,0.018518518518518517,0.0,0.05285202005487871,0.0,1.0,0.111973423772041,54.0,4.007333185232471,7.451626226681974,5.5168093301459304,7.5
0.0,0.17391304347826086,0.13043478260869565,0.13043478260869565,0.13043478260869565,0.21739130434782608,0.08695652173913043,0.0,0.0,0.0,0.21739130434782608,0.08695652173913043,0.08695652173913043,0.043478260869565216,0.043478260869565216,0.0,0.043478260869565216,0.0,0.0,0.043478260869565216,0.0,0.043478260869565216,0.08695652173913043,0.0,0.0,0.0,0.0,0.0,0.0,0.0,0.0,0.0,0.0,0.0,0.043478260869565216,0.043478260869565216,0.0,0.0,0.0,0.0,0.0,0.0,0.0,0.0,0.30434782608695654,0.0,0.0,0.0,0.0,0.0,0.0,0.0,0.0,0.0,0.0,0.0,0.0,0.0,0.0,0.0,0.04343192088105843,0.0,1.0,0.11098962750465559,23.0,3.1780538303479458,5.670646091860797,2.8277587028711477,6.782608695652174
0.0,0.2,0.2,0.2,0.4,0.8,0.0,0.0,0.0,0.0,0.2,0.0,0.0,0.0,0.0,0.0,0.2,0.0,0.0,0.0,0.0,0.0,0.2,0.0,0.0,0.0,0.0,0.0,0.0,0.0,0.0,0.0,0.0,0.0,0.0,0.2,0.0,0.0,0.2,0.0,0.0,0.0,0.0,0.0,0.4,0.0,0.0,0.0,0.0,0.0,0.0,0.0,0.0,0.0,0.0,0.0,0.0,0.0,0.0,0.0,0.045683940242763774,0.0,0.125,0.044765076469994926,5.0,1.791759469228055,5.030169903639558,9.736529155710468,10.0
0.10526315789473684,0.10526315789473684,0.10526315789473684,0.10526315789473684,0.15789473684210525,0.5789473684210527,0.05263157894736842,0.0,0.0,0.05263157894736842,0.2631578947368421,0.0,0.0,0.05263157894736842,0.0,0.0,0.0,0.0,0.0,0.0,0.0,0.0,0.05263157894736842,0.0,0.0,0.0,0.05263157894736842,0.0,0.05263157894736842,0.0,0.0,0.0,0.05263157894736842,0.0,0.0,0.0,0.0,0.0,0.05263157894736842,0.05263157894736842,0.0,0.05263157894736842,0.0,0.0,0.15789473684210525,0.0,0.0,0.05263157894736842,0.0,0.0,0.0,0.0,0.0,0.0,0.0,0.0,0.0,0.0,0.0,0.0,0.046312613407973935,0.0,1.0,0.12065418304217171,19.0,2.995732273553991,5.631150777232263,6.109345277768453,6.7894736842105265
0.025,0.2,0.175,0.175,0.1,0.25,0.05,0.075,0.0,0.0,0.175,0.05,0.0,0.025,0.0,0.025,0.05,0.0,0.05,0.0,0.025,0.075,0.05,0.0,0.0,0.025,0.025,0.025,0.0,0.0,0.0,0.0,0.025,0.0,0.0,0.025,0.025,0.0,0.025,0.0,0.0,0.0,0.025,0.025,0.125,0.0,0.0,0.05,0.025,0.0,0.0,0.0,0.025,0.0,0.0,0.0,0.0,0.0,0.0,0.1,0.0325737375738818,0.0,1.0,0.106208265591021,40.0,3.713572066704308,7.17676845686447,3.3443048605053933,5.625
0.05384615384615385,0.15384615384615385,0.14615384615384616,0.15384615384615385,0.2,0.3076923076923077,0.046153846153846156,0.015384615384615385,0.05384615384615385,0.046153846153846156,0.23846153846153847,0.0,0.03076923076923077,0.0,0.03076923076923077,0.007692307692307693,0.038461538461538464,0.0,0.023076923076923078,0.023076923076923078,0.007692307692307693,0.06153846153846154,0.038461538461538464,0.0,0.0,0.007692307692307693,0.007692307692307693,0.007692307692307693,0.023076923076923078,0.0,0.007692307692307693,0.015384615384615385,0.03076923076923077,0.038461538461538464,0.007692307692307693,0.03076923076923077,0.007692307692307693,0.0,0.015384615384615385,0.0,0.015384615384615385,0.0,0.007692307692307693,0.0,0.15384615384615385,0.0,0.0,0.007692307692307693,0.007692307692307693,0.0,0.007692307692307693,0.023076923076923078,0.015384615384615385,0.0,0.0,0.0,0.0,0.0,0.0,0.023076923076923078,0.09720878221652215,0.0,0.3333333333333333,0.08385989063392553,130.0,4.875197323201151,7.143057104865357,3.4351903214201536,5.915384615384616
0.0,0.2,0.2,0.2,0.1,0.4,0.0,0.0,0.0,0.0,0.1,0.0,0.0,0.0,0.0,0.0,0.1,0.0,0.0,0.0,0.0,0.0,0.0,0.0,0.0,0.0,0.0,0.0,0.0,0.0,0.0,0.0,0.1,0.0,0.0,0.0,0.0,0.0,0.1,0.0,0.0,0.0,0.0,0.0,0.1,0.0,0.0,0.0,0.0,0.0,0.0,0.0,0.0,0.0,0.0,0.0,0.0,0.0,0.0,0.0,0.05106301106301106,0.0,1.0,0.1589224616742479,10.0,2.3978952727983707,3.9150849518197797,3.3105890714493698,5.8
0.0,0.14285714285714285,0.14285714285714285,0.14285714285714285,0.14285714285714285,0.14285714285714285,0.0,0.0,0.0,0.0,0.14285714285714285,0.0,0.0,0.0,0.0,0.14285714285714285,0.0,0.0,0.2857142857142857,0.0,0.0,0.14285714285714285,0.0,0.0,0.0,0.0,0.0,0.0,0.0,0.0,0.0,0.0,0.0,0.14285714285714285,0.0,0.0,0.0,0.0,0.2857142857142857,0.0,0.0,0.0,0.0,0.0,0.2857142857142857,0.0,0.0,0.0,0.0,0.0,0.0,0.0,0.0,0.0,0.0,0.0,0.0,0.0,0.0,0.0,0.015301120448179273,0.0,0.2,0.044960219234602146,7.0,2.0794415416798357,5.158617690123438,1.8516401995451028,7.0
0.046511627906976744,0.11627906976744186,0.11627906976744186,0.11627906976744186,0.11627906976744186,0.27906976744186046,0.0,0.023255813953488372,0.023255813953488372,0.023255813953488372,0.18604651162790697,0.0,0.046511627906976744,0.0,0.046511627906976744,0.0,0.023255813953488372,0.0,0.023255813953488372,0.046511627906976744,0.0,0.06976744186046512,0.046511627906976744,0.0,0.0,0.0,0.0,0.0,0.0,0.0,0.023255813953488372,0.0,0.023255813953488372,0.023255813953488372,0.023255813953488372,0.046511627906976744,0.0,0.023255813953488372,0.0,0.0,0.0,0.0,0.023255813953488372,0.023255813953488372,0.23255813953488372,0.06976744186046512,0.0,0.0,0.023255813953488372,0.0,0.0,0.0,0.046511627906976744,0.0,0.0,0.0,0.023255813953488372,0.0,0.0,0.0,0.035856241486493586,0.0,0.25,0.05713449804398241,43.0,3.784189633918261,6.642303989194756,2.9718346140892815,6.348837209302325
0.0,0.11627906976744186,0.09302325581395349,0.09302325581395349,0.18604651162790697,0.20930232558139536,0.06976744186046512,0.046511627906976744,0.023255813953488372,0.023255813953488372,0.20930232558139536,0.023255813953488372,0.0,0.0,0.0,0.0,0.13953488372093023,0.0,0.09302325581395349,0.0,0.0,0.046511627906976744,0.09302325581395349,0.0,0.0,0.0,0.0,0.0,0.023255813953488372,0.0,0.0,0.023255813953488372,0.06976744186046512,0.023255813953488372,0.023255813953488372,0.09302325581395349,0.0,0.046511627906976744,0.046511627906976744,0.0,0.0,0.0,0.0,0.0,0.09302325581395349,0.0,0.023255813953488372,0.0,0.023255813953488372,0.0,0.0,0.0,0.0,0.0,0.0,0.0,0.0,0.0,0.0,0.0,0.033919365750990846,0.0,1.0,0.10698991410161653,43.0,3.784189633918261,6.560892997347068,4.357347722862386,6.883720930232558
0.0,0.07407407407407407,0.07407407407407407,0.07407407407407407,0.18518518518518517,0.2222222222222222,0.037037037037037035,0.037037037037037035,0.037037037037037035,0.037037037037037035,0.3333333333333333,0.037037037037037035,0.0,0.1111111111111111,0.0,0.07407407407407407,0.07407407407407407,0.0,0.07407407407407407,0.0,0.0,0.14814814814814814,0.07407407407407407,0.0,0.0,0.0,0.0,0.0,0.0,0.0,0.037037037037037035,0.037037037037037035,0.07407407407407407,0.07407407407407407,0.037037037037037035,0.0,0.0,0.0,0.037037037037037035,0.0,0.037037037037037035,0.0,0.1111111111111111,0.0,0.14814814814814814,0.0,0.037037037037037035,0.0,0.0,0.037037037037037035,0.0,0.037037037037037035,0.0,0.0,0.037037037037037035,0.0,0.0,0.0,0.0,0.0,0.03563974381845466,0.0,1.0,0.10573968349522217,27.0,3.332204510175204,7.950520727656202,6.482222179899017,8.592592592592593
0.043478260869565216,0.043478260869565216,0.043478260869565216,0.043478260869565216,0.1956521739130435,0.17391304347826086,0.0,0.0,0.06521739130434782,0.0,0.30434782608695654,0.0,0.043478260869565216,0.043478260869565216,0.043478260869565216,0.0,0.021739130434782608,0.021739130434782608,0.043478260869565216,0.0,0.0,0.13043478260869565,0.021739130434782608,0.0,0.021739130434782608,0.0,0.021739130434782608,0.0,0.0,0.0,0.0,0.021739130434782608,0.021739130434782608,0.043478260869565216,0.021739130434782608,0.021739130434782608,0.0,0.0,0.0,0.0,0.043478260869565216,0.0,0.043478260869565216,0.0,0.15217391304347827,0.0,0.021739130434782608,0.0,0.021739130434782608,0.021739130434782608,0.0,0.043478260869565216,0.0,0.0,0.021739130434782608,0.021739130434782608,0.0,0.043478260869565216,0.021739130434782608,0.06521739130434782,0.03457405748691828,0.0,0.25,0.06093444824099831,46.0,3.8501476017100584,7.0900176003553,5.051717408096631,6.956521739130435
0.017241379310344827,0.10344827586206896,0.10344827586206896,0.10344827586206896,0.08620689655172414,0.22413793103448276,0.0,0.0,0.05172413793103448,0.0,0.1896551724137931,0.0,0.0,0.034482758620689655,0.0,0.034482758620689655,0.06896551724137931,0.0,0.05172413793103448,0.0,0.0,0.05172413793103448,0.034482758620689655,0.0,0.0,0.0,0.0,0.0,0.0,0.0,0.0,0.017241379310344827,0.05172413793103448,0.017241379310344827,0.034482758620689655,0.08620689655172414,0.0,0.017241379310344827,0.06896551724137931,0.0,0.0,0.0,0.0,0.0,0.1724137931034483,0.017241379310344827,0.017241379310344827,0.017241379310344827,0.017241379310344827,0.017241379310344827,0.017241379310344827,0.0,0.0,0.0,0.0,0.017241379310344827,0.017241379310344827,0.0,0.017241379310344827,0.017241379310344827,0.03807533845958894,0.0,1.0,0.11622285193785777,58.0,4.07753744390572,6.501433145397261,4.3051347822641,6.982758620689655
0.046296296296296294,0.21296296296296297,0.18518518518518517,0.18518518518518517,0.2037037037037037,0.24074074074074073,0.08333333333333333,0.027777777777777776,0.06481481481481481,0.037037037037037035,0.23148148148148148,0.018518518518518517,0.027777777777777776,0.009259259259259259,0.027777777777777776,0.0,0.07407407407407407,0.018518518518518517,0.027777777777777776,0.0,0.0,0.027777777777777776,0.10185185185185185,0.0,0.0,0.0,0.009259259259259259,0.0,0.018518518518518517,0.0,0.037037037037037035,0.009259259259259259,0.018518518518518517,0.027777777777777776,0.009259259259259259,0.046296296296296294,0.0,0.0,0.027777777777777776,0.0,0.009259259259259259,0.0,0.0,0.0,0.18518518518518517,0.018518518518518517,0.009259259259259259,0.018518518518518517,0.009259259259259259,0.0,0.0,0.0,0.0,0.0,0.0,0.0,0.0,0.0,0.009259259259259259,0.0,0.04504903592791791,0.0,1.0,0.1684886722077585,108.0,4.6913478822291435,7.353804454591153,3.9509488190363484,6.601851851851852
0.0,0.0,0.0,0.0,0.2857142857142857,0.2857142857142857,0.14285714285714285,0.14285714285714285,0.0,0.0,0.2857142857142857,0.14285714285714285,0.0,0.14285714285714285,0.0,0.0,0.0,0.0,0.14285714285714285,0.0,0.14285714285714285,0.0,0.14285714285714285,0.0,0.0,0.0,0.0,0.0,0.14285714285714285,0.0,0.0,0.0,0.14285714285714285,0.0,0.0,0.14285714285714285,0.0,0.0,0.0,0.0,0.0,0.0,0.0,0.0,0.0,0.0,0.0,0.0,0.0,0.0,0.0,0.0,0.0,0.0,0.0,0.0,0.0,0.0,0.0,0.0,0.03239005003710886,0.0,0.2,0.05325954751361614,7.0,2.0794415416798357,5.5596683932745234,2.821202522590214,6.428571428571429
0.05,0.05,0.0,0.0,0.15,0.2,0.1,0.05,0.05,0.0,0.2,0.05,0.0,0.05,0.0,0.0,0.1,0.05,0.05,0.0,0.0,0.05,0.1,0.0,0.0,0.0,0.0,0.0,0.0,0.0,0.05,0.0,0.0,0.0,0.0,0.05,0.0,0.05,0.0,0.0,0.0,0.0,0.05,0.0,0.25,0.0,0.0,0.05,0.0,0.0,0.0,0.05,0.0,0.0,0.0,0.0,0.0,0.0,0.0,0.05,0.036893754577854536,0.0,0.5,0.0684770787660893,20.0,3.044522437723423,6.293436981455974,6.155485358604957,7.9
0.14285714285714285,0.0,0.0,0.0,0.14285714285714285,0.5714285714285714,0.14285714285714285,0.0,0.0,0.2857142857142857,0.2857142857142857,0.0,0.0,0.0,0.0,0.0,0.0,0.0,0.0,0.0,0.0,0.0,0.14285714285714285,0.0,0.0,0.0,0.0,0.0,0.0,0.0,0.0,0.0,0.0,0.0,0.0,0.0,0.0,0.0,0.0,0.0,0.0,0.0,0.0,0.0,0.14285714285714285,0.14285714285714285,0.0,0.0,0.0,0.0,0.0,0.0,0.0,0.0,0.0,0.0,0.0,0.0,0.0,0.0,0.08198472371404701,0.0,0.5,0.11634115920262467,7.0,2.0794415416798357,3.900424129829494,4.746642207381757,5.571428571428571
0.0,0.0,0.0,0.0,0.16666666666666666,0.16666666666666666,0.0,0.0,0.16666666666666666,0.0,0.3333333333333333,0.0,0.16666666666666666,0.0,0.16666666666666666,0.0,0.0,0.0,0.16666666666666666,0.16666666666666666,0.0,0.16666666666666666,0.16666666666666666,0.16666666666666666,0.0,0.0,0.0,0.0,0.0,0.0,0.0,0.0,0.0,0.0,0.16666666666666666,0.0,0.0,0.0,0.0,0.0,0.0,0.0,0.0,0.0,0.3333333333333333,0.0,0.16666666666666666,0.0,0.0,0.0,0.0,0.0,0.16666666666666666,0.0,0.0,0.0,0.0,0.0,0.0,0.16666666666666666,0.039000594921647556,0.0,0.1111111111111111,0.03871895357898381,6.0,1.9459101490553132,7.088220835496802,2.0548046676563256,8.666666666666666
0.0,0.0,0.0,0.0,0.2,0.3,0.1,0.1,0.0,0.1,0.3,0.0,0.0,0.0,0.0,0.0,0.1,0.0,0.1,0.0,0.0,0.1,0.1,0.0,0.0,0.0,0.0,0.0,0.1,0.0,0.0,0.0,0.0,0.0,0.0,0.0,0.0,0.0,0.0,0.0,0.0,0.0,0.0,0.0,0.3,0.0,0.0,0.0,0.1,0.0,0.0,0.0,0.0,0.0,0.0,0.0,0.0,0.0,0.0,0.1,0.03507198320923811,0.0,0.2,0.05359646850930853,10.0,2.3978952727983707,5.349582748614421,2.6907248094147422,5.6
0.0,0.0,0.0,0.0,0.0,0.2,0.0,0.0,0.0,0.0,0.6,0.0,0.0,0.0,0.0,0.0,0.2,0.0,0.0,0.0,0.0,0.2,0.0,0.0,0.0,0.0,0.0,0.0,0.0,0.0,0.0,0.0,0.0,0.0,0.0,0.0,0.0,0.0,0.0,0.0,0.0,0.0,0.0,0.0,0.2,0.0,0.0,0.0,0.4,0.0,0.0,0.0,0.0,0.0,0.0,0.0,0.0,0.0,0.2,0.0,0.05506715506715507,0.0,0.2857142857142857,0.09344680596731147,5.0,1.791759469228055,3.292878689342031,2.4979991993593593,4.6
0.0625,0.046875,0.03125,0.03125,0.171875,0.3125,0.03125,0.03125,0.046875,0.015625,0.25,0.0,0.046875,0.046875,0.046875,0.0,0.0625,0.015625,0.125,0.03125,0.0,0.078125,0.03125,0.0,0.0,0.0,0.0,0.0,0.0,0.0,0.0,0.0,0.0625,0.015625,0.015625,0.078125,0.0,0.03125,0.046875,0.015625,0.0,0.015625,0.015625,0.0,0.15625,0.03125,0.0,0.0,0.0,0.015625,0.0,0.0,0.015625,0.0,0.015625,0.015625,0.0,0.0,0.0,0.03125,0.043226129605056667,0.0,0.18518518518518517,0.04628656006715089,64.0,4.174387269895637,7.258434427914288,4.667770981689226,7.15625
0.058823529411764705,0.11764705882352941,0.09803921568627451,0.11764705882352941,0.19607843137254902,0.17647058823529413,0.0,0.0,0.058823529411764705,0.0,0.19607843137254902,0.0,0.0196078431372549,0.058823529411764705,0.0196078431372549,0.0,0.058823529411764705,0.0,0.058823529411764705,0.0,0.0,0.058823529411764705,0.0392156862745098,0.0,0.0,0.0196078431372549,0.0,0.0196078431372549,0.0,0.0,0.0,0.0,0.0392156862745098,0.0196078431372549,0.0,0.0784313725490196,0.0196078431372549,0.058823529411764705,0.0392156862745098,0.0,0.0,0.0,0.0,0.0,0.13725490196078433,0.0,0.0,0.0196078431372549,0.0392156862745098,0.0,0.0196078431372549,0.0,0.0,0.0,0.0,0.0,0.0196078431372549,0.0,0.0,0.0,0.040742146390402925,0.0,1.0,0.10670629793397979,51.0,3.9512437185814275,6.516620257331879,4.949572698344149,7.176470588235294
0.2222222222222222,0.1111111111111111,0.1111111111111111,0.1111111111111111,0.0,0.2222222222222222,0.0,0.0,0.0,0.0,0.3333333333333333,0.0,0.0,0.0,0.0,0.0,0.0,0.0,0.0,0.0,0.0,0.1111111111111111,0.0,0.0,0.0,0.0,0.1111111111111111,0.0,0.0,0.0,0.0,0.0,0.0,0.2222222222222222,0.0,0.0,0.0,0.0,0.0,0.0,0.0,0.0,0.0,0.0,0.0,0.0,0.0,0.0,0.1111111111111111,0.2222222222222222,0.0,0.0,0.0,0.0,0.0,0.0,0.1111111111111111,0.0,0.0,0.0,0.03686167227833894,0.0,0.4,0.07936613510831089,9.0,2.302585092994046,4.9226402804220175,2.260776661041756,4.666666666666667
0.08333333333333333,0.08333333333333333,0.08333333333333333,0.08333333333333333,0.08333333333333333,0.3333333333333333,0.0,0.0,0.0,0.0,0.25,0.0,0.08333333333333333,0.0,0.0,0.0,0.08333333333333333,0.0,0.08333333333333333,0.0,0.0,0.0,0.0,0.0,0.0,0.0,0.0,0.0,0.0,0.0,0.0,0.0,0.0,0.08333333333333333,0.08333333333333333,0.0,0.0,0.0,0.08333333333333333,0.0,0.0,0.0,0.0,0.0,0.25,0.0,0.0,0.08333333333333333,0.0,0.0,0.0,0.0,0.0,0.0,0.0,0.0,0.0,0.0,0.0,0.08333333333333333,0.034036396609926016,0.0,0.25,0.061178105409539996,12.0,2.5649493574615367,5.412030209354971,3.8908725099762504,6.166666666666667
0.07142857142857142,0.07142857142857142,0.07142857142857142,0.07142857142857142,0.19642857142857142,0.3392857142857143,0.017857142857142856,0.03571428571428571,0.08928571428571429,0.017857142857142856,0.2857142857142857,0.0,0.07142857142857142,0.0,0.07142857142857142,0.0,0.05357142857142857,0.0,0.07142857142857142,0.03571428571428571,0.0,0.017857142857142856,0.03571428571428571,0.017857142857142856,0.0,0.0,0.0,0.0,0.0,0.0,0.0,0.0,0.0,0.017857142857142856,0.017857142857142856,0.05357142857142857,0.0,0.017857142857142856,0.017857142857142856,0.017857142857142856,0.0,0.017857142857142856,0.0,0.0,0.23214285714285715,0.03571428571428571,0.0,0.0,0.0,0.017857142857142856,0.0,0.0,0.0,0.0,0.0,0.0,0.0,0.0,0.017857142857142856,0.0,0.048199146149456716,0.0,0.6666666666666666,0.096074472584748,56.0,4.04305126783455,6.594256757638589,3.554962039465515,6.071428571428571
0.0,0.12,0.12,0.12,0.2,0.2,0.08,0.04,0.0,0.04,0.2,0.0,0.0,0.0,0.0,0.04,0.0,0.0,0.08,0.0,0.0,0.0,0.12,0.0,0.0,0.0,0.0,0.0,0.04,0.0,0.0,0.0,0.04,0.0,0.0,0.08,0.0,0.0,0.08,0.0,0.0,0.0,0.0,0.0,0.16,0.0,0.0,0.04,0.04,0.0,0.0,0.0,0.0,0.0,0.0,0.0,0.0,0.0,0.04,0.0,0.039300120367126115,0.0,1.0,0.1122992304680982,25.0,3.258096538021482,5.936510779497909,3.0818176454813155,5.32
0.09090909090909091,0.0,0.0,0.0,0.09090909090909091,0.45454545454545453,0.09090909090909091,0.0,0.0,0.0,0.18181818181818182,0.09090909090909091,0.09090909090909091,0.0,0.09090909090909091,0.0,0.09090909090909091,0.0,0.0,0.0,0.0,0.0,0.09090909090909091,0.0,0.0,0.0,0.0,0.0,0.0,0.0,0.0,0.0,0.0,0.0,0.0,0.0,0.0,0.0,0.0,0.0,0.0,0.0,0.0,0.0,0.09090909090909091,0.0,0.0,0.0,0.0,0.0,0.0,0.0,0.0,0.0,0.0,0.0,0.0,0.0,0.0,0.0,0.03431962719395874,0.0,0.2,0.04921578805802175,11.0,2.4849066497880004,3.7946604930690864,3.7416573867739413,8.0
0.0,0.0,0.0,0.0,0.2,0.0,0.0,0.0,0.0,0.0,0.4,0.0,0.0,0.0,0.0,0.0,0.0,0.0,0.0,0.0,0.0,0.2,0.2,0.0,0.0,0.0,0.0,0.0,0.0,0.0,0.0,0.0,0.0,0.0,0.0,0.0,0.0,0.0,0.0,0.0,0.0,0.0,0.0,0.0,0.2,0.0,0.0,0.0,0.0,0.0,0.0,0.0,0.0,0.0,0.0,0.0,0.0,0.0,0.0,0.0,0.027142857142857146,0.0,0.2,0.06142857142857143,5.0,1.791759469228055,2.3863137138648347,3.5777087639996634,5.0
0.05555555555555555,0.16666666666666666,0.16666666666666666,0.16666666666666666,0.0,0.3333333333333333,0.05555555555555555,0.05555555555555555,0.05555555555555555,0.0,0.16666666666666666,0.05555555555555555,0.0,0.05555555555555555,0.0,0.0,0.0,0.0,0.05555555555555555,0.0,0.0,0.0,0.05555555555555555,0.0,0.0,0.0,0.0,0.0,0.0,0.0,0.0,0.05555555555555555,0.05555555555555555,0.05555555555555555,0.0,0.1111111111111111,0.0,0.0,0.0,0.05555555555555555,0.05555555555555555,0.05555555555555555,0.0,0.0,0.2777777777777778,0.0,0.0,0.0,0.0,0.05555555555555555,0.0,0.0,0.0,0.0,0.0,0.0,0.0,0.0,0.0,0.0,0.054456794489454625,0.0,1.0,0.16713328660900675,18.0,2.9444389791664403,6.5921130316819365,4.878777422244477,7.555555555555555
0.0,0.16666666666666666,0.0,0.0,0.16666666666666666,0.0,0.16666666666666666,0.0,0.0,0.0,0.16666666666666666,0.0,0.0,0.0,0.0,0.16666666666666666,0.16666666666666666,0.0,0.0,0.0,0.0,0.16666666666666666,0.0,0.0,0.0,0.0,0.0,0.0,0.0,0.0,0.0,0.0,0.0,0.0,0.0,0.0,0.0,0.0,0.0,0.0,0.0,0.0,0.0,0.0,0.0,0.0,0.0,0.5,0.0,0.0,0.0,0.0,0.0,0.0,0.0,0.0,0.0,0.0,0.0,0.0,0.08190476190476191,0.0,0.42857142857142855,0.1481660372797174,6.0,1.9459101490553132,3.515789584174682,1.3437096247164249,5.833333333333333
0.03125,0.11458333333333333,0.09375,0.09375,0.14583333333333334,0.19791666666666666,0.052083333333333336,0.020833333333333332,0.03125,0.0,0.23958333333333334,0.020833333333333332,0.010416666666666666,0.041666666666666664,0.020833333333333332,0.0,0.03125,0.0,0.0625,0.0,0.010416666666666666,0.041666666666666664,0.09375,0.0,0.010416666666666666,0.010416666666666666,0.0,0.010416666666666666,0.010416666666666666,0.0,0.03125,0.010416666666666666,0.03125,0.03125,0.0,0.041666666666666664,0.020833333333333332,0.010416666666666666,0.020833333333333332,0.010416666666666666,0.0,0.010416666666666666,0.020833333333333332,0.0,0.125,0.010416666666666666,0.0,0.010416666666666666,0.010416666666666666,0.0,0.0,0.0,0.020833333333333332,0.0,0.0,0.010416666666666666,0.0,0.010416666666666666,0.020833333333333332,0.010416666666666666,0.026001379572808143,0.0,0.3333333333333333,0.05626443285672485,96.0,4.574710978503383,7.066070391991563,3.6985914877228003,5.864583333333333
0.0,0.0,0.0,0.0,0.29411764705882354,0.29411764705882354,0.0,0.0,0.058823529411764705,0.0,0.23529411764705882,0.0,0.0,0.0,0.0,0.0,0.17647058823529413,0.0,0.0,0.0,0.0,0.0,0.058823529411764705,0.0,0.0,0.0,0.0,0.0,0.0,0.0,0.0,0.0,0.058823529411764705,0.0,0.058823529411764705,0.11764705882352941,0.0,0.0,0.11764705882352941,0.0,0.0,0.0,0.0,0.0,0.17647058823529413,0.0,0.0,0.058823529411764705,0.058823529411764705,0.058823529411764705,0.0,0.0,0.0,0.0,0.0,0.0,0.0,0.0,0.058823529411764705,0.0,0.028811644614675207,0.0,0.16666666666666666,0.04508086887044048,17.0,2.8903717578961645,5.0629267627535475,3.7536602667161922,6.705882352941177
0.0,0.10714285714285714,0.03571428571428571,0.03571428571428571,0.17857142857142858,0.32142857142857145,0.07142857142857142,0.03571428571428571,0.0,0.03571428571428571,0.17857142857142858,0.0,0.0,0.03571428571428571,0.0,0.0,0.03571428571428571,0.0,0.07142857142857142,0.0,0.0,0.10714285714285714,0.10714285714285714,0.0,0.0,0.0,0.0,0.0,0.0,0.0,0.0,0.0,0.0,0.07142857142857142,0.0,0.07142857142857142,0.0,0.0,0.03571428571428571,0.0,0.0,0.0,0.03571428571428571,0.0,0.2857142857142857,0.0,0.0,0.0,0.0,0.0,0.0,0.0,0.0,0.0,0.0,0.0,0.0,0.0,0.03571428571428571,0.07142857142857142,0.030201363373632283,0.0,0.6,0.07427495831630683,28.0,3.367295829986474,5.871116151600837,3.0380243311623913,6.357142857142857
0.07142857142857142,0.07142857142857142,0.07142857142857142,0.07142857142857142,0.14285714285714285,0.5,0.03571428571428571,0.0,0.07142857142857142,0.0,0.21428571428571427,0.03571428571428571,0.0,0.07142857142857142,0.0,0.0,0.10714285714285714,0.0,0.07142857142857142,0.0,0.0,0.03571428571428571,0.10714285714285714,0.0,0.0,0.0,0.0,0.0,0.0,0.0,0.0,0.03571428571428571,0.0,0.10714285714285714,0.03571428571428571,0.0,0.0,0.03571428571428571,0.03571428571428571,0.0,0.03571428571428571,0.0,0.03571428571428571,0.0,0.21428571428571427,0.03571428571428571,0.0,0.03571428571428571,0.0,0.03571428571428571,0.0,0.0,0.03571428571428571,0.0,0.0,0.0,0.03571428571428571,0.0,0.0,0.0,0.036469511483440166,0.0,1.0,0.10563647929170969,28.0,3.367295829986474,7.196628512639599,3.4895982459829593,7.464285714285714
0.0410958904109589,0.1095890410958904,0.1095890410958904,0.1095890410958904,0.1780821917808219,0.273972602739726,0.0273972602739726,0.02054794520547945,0.02054794520547945,0.02054794520547945,0.1780821917808219,0.00684931506849315,0.02054794520547945,0.0136986301369863,0.0136986301369863,0.0136986301369863,0.03424657534246575,0.00684931506849315,0.0684931506849315,0.02054794520547945,0.02054794520547945,0.0547945205479452,0.04794520547945205,0.00684931506849315,0.0,0.0136986301369863,0.0,0.0136986301369863,0.0,0.0,0.0136986301369863,0.0136986301369863,0.00684931506849315,0.03424657534246575,0.0136986301369863,0.0821917808219178,0.0136986301369863,0.02054794520547945,0.0410958904109589,0.00684931506849315,0.00684931506849315,0.00684931506849315,0.0,0.0,0.15753424657534246,0.0136986301369863,0.00684931506849315,0.00684931506849315,0.0136986301369863,0.00684931506849315,0.00684931506849315,0.0,0.02054794520547945,0.0,0.0,0.0136986301369863,0.00684931506849315,0.0,0.0136986301369863,0.02054794520547945,0.02939875132157308,0.0,0.2,0.04871729151476411,146.0,4.990432586778736,7.4518760179247465,3.981944613484748,6.602739726027397
0.05263157894736842,0.10526315789473684,0.10526315789473684,0.10526315789473684,0.10526315789473684,0.21052631578947367,0.0,0.0,0.10526315789473684,0.0,0.2631578947368421,0.0,0.05263157894736842,0.05263157894736842,0.05263157894736842,0.0,0.05263157894736842,0.0,0.05263157894736842,0.0,0.0,0.0,0.0,0.0,0.05263157894736842,0.0,0.0,0.0,0.0,0.0,0.0,0.05263157894736842,0.0,0.10526315789473684,0.0,0.05263157894736842,0.0,0.0,0.0,0.0,0.0,0.0,0.0,0.0,0.3157894736842105,0.0,0.0,0.0,0.0,0.0,0.0,0.0,0.0,0.0,0.0,0.0,0.0,0.0,0.05263157894736842,0.0,0.02832875988137223,0.0,0.25,0.050422204953290306,19.0,2.995732273553991,5.792310658876259,4.1861134368733,5.947368421052632
0.0,0.2,0.0,0.0,0.1,0.1,0.2,0.1,0.0,0.0,0.1,0.2,0.0,0.1,0.0,0.1,0.1,0.0,0.1,0.0,0.0,0.0,0.2,0.0,0.0,0.0,0.0,0.0,0.0,0.0,0.0,0.0,0.0,0.0,0.1,0.2,0.0,0.0,0.3,0.0,0.0,0.0,0.1,0.1,0.2,0.0,0.0,0.0,0.0,0.0,0.0,0.0,0.0,0.0,0.0,0.0,0.0,0.0,0.0,0.0,0.037451529951529956,0.0,0.38461538461538464,0.07449973094240255,10.0,2.3978952727983707,6.961524296490795,3.3823069050575527,7.6
0.0,0.0,0.0,0.0,0.25,0.125,0.0,0.0,0.0,0.0,0.0,0.0,0.0,0.0,0.0,0.125,0.0,0.0,0.0,0.0,0.0,0.125,0.125,0.0,0.0,0.0,0.0,0.0,0.0,0.0,0.0,0.0,0.0,0.0,0.0,0.125,0.0,0.0,0.125,0.0,0.0,0.0,0.0,0.125,0.0,0.0,0.125,0.0,0.0,0.0,0.0,0.0,0.0,0.0,0.0,0.0,0.0,0.0,0.0,0.125,0.03280097878312164,0.0,0.16666666666666666,0.05194935567244286,8.0,2.1972245773362196,3.875,2.0879116360612584,5.875
0.0,0.2,0.2,0.2,0.2,0.2,0.0,0.0,0.0,0.0,0.0,0.0,0.0,0.0,0.0,0.0,0.0,0.0,0.0,0.0,0.0,0.0,0.0,0.0,0.0,0.0,0.0,0.0,0.0,0.0,0.0,0.0,0.2,0.0,0.2,0.0,0.0,0.0,0.0,0.0,0.0,0.0,0.0,0.0,0.2,0.0,0.0,0.0,0.0,0.0,0.0,0.0,0.0,0.0,0.0,0.0,0.0,0.0,0.0,0.0,0.00909090909090909,0.0,0.09090909090909091,0.02727272727272727,5.0,1.791759469228055,3.7150849518197795,2.0591260281974,5.4
0.0,0.0,0.0,0.0,0.1111111111111111,0.3333333333333333,0.0,0.0,0.0,0.0,0.1111111111111111,0.0,0.0,0.0,0.0,0.0,0.0,0.0,0.0,0.0,0.0,0.1111111111111111,0.0,0.0,0.0,0.0,0.0,0.0,0.0,0.0,0.0,0.0,0.0,0.0,0.0,0.0,0.0,0.0,0.0,0.0,0.0,0.0,0.0,0.0,0.2222222222222222,0.0,0.0,0.0,0.0,0.0,0.0,0.0,0.0,0.0,0.0,0.0,0.0,0.0,0.0,0.0,0.011833806718355924,0.0,0.1,0.026414089571380764,9.0,2.302585092994046,2.0671680565972257,15.90248058916875,11.0
0.0,0.0,0.0,0.0,0.14285714285714285,0.2857142857142857,0.0,0.0,0.0,0.0,0.14285714285714285,0.0,0.0,0.0,0.0,0.0,0.0,0.0,0.0,0.0,0.0,0.0,0.0,0.0,0.0,0.0,0.0,0.0,0.0,0.0,0.0,0.0,0.0,0.0,0.0,0.14285714285714285,0.0,0.0,0.14285714285714285,0.0,0.0,0.0,0.14285714285714285,0.0,0.42857142857142855,0.0,0.0,0.0,0.0,0.0,0.0,0.0,0.0,0.0,0.0,0.0,0.0,0.0,0.0,0.14285714285714285,0.048184751756180325,0.0,0.2,0.06693564606188696,7.0,2.0794415416798357,3.446573805781454,2.381904571504724,5.428571428571429
0.0,0.16666666666666666,0.16666666666666666,0.16666666666666666,0.0,0.5,0.16666666666666666,0.16666666666666666,0.0,0.0,0.0,0.16666666666666666,0.0,0.0,0.0,0.0,0.16666666666666666,0.0,0.0,0.0,0.0,0.16666666666666666,0.16666666666666666,0.0,0.0,0.0,0.0,0.0,0.16666666666666666,0.0,0.0,0.0,0.0,0.0,0.0,0.0,0.0,0.0,0.16666666666666666,0.0,0.0,0.0,0.0,0.0,0.0,0.0,0.0,0.0,0.0,0.16666666666666666,0.0,0.0,0.0,0.0,0.0,0.0,0.16666666666666666,0.0,0.0,0.0,0.0202385849444673,0.0,0.09090909090909091,0.03407343553824597,6.0,1.9459101490553132,6.100752084895837,2.309401076758503,6.0
0.058823529411764705,0.11764705882352941,0.11764705882352941,0.11764705882352941,0.21568627450980393,0.4117647058823529,0.0,0.0196078431372549,0.0,0.0,0.21568627450980393,0.0,0.0196078431372549,0.0196078431372549,0.0196078431372549,0.0,0.0392156862745098,0.0,0.11764705882352941,0.0196078431372549,0.0196078431372549,0.0392156862745098,0.058823529411764705,0.0196078431372549,0.0,0.0,0.0196078431372549,0.0,0.0,0.0,0.0,0.0392156862745098,0.0392156862745098,0.058823529411764705,0.0,0.0784313725490196,0.0,0.0392156862745098,0.058823529411764705,0.0,0.0392156862745098,0.0,0.0,0.0,0.0784313725490196,0.0,0.0,0.0196078431372549,0.0392156862745098,0.0,0.0392156862745098,0.0,0.0196078431372549,0.0,0.0,0.0,0.0196078431372549,0.0,0.0196078431372549,0.0,0.039728723657295094,0.0,1.0,0.10802209196978872,51.0,3.9512437185814275,7.273021623772271,5.191451880342638,7.098039215686274
0.07692307692307693,0.0,0.0,0.0,0.3076923076923077,0.3076923076923077,0.07692307692307693,0.07692307692307693,0.0,0.07692307692307693,0.38461538461538464,0.0,0.0,0.0,0.0,0.0,0.15384615384615385,0.0,0.0,0.0,0.0,0.07692307692307693,0.07692307692307693,0.0,0.0,0.0,0.0,0.0,0.07692307692307693,0.0,0.0,0.0,0.07692307692307693,0.07692307692307693,0.0,0.15384615384615385,0.0,0.07692307692307693,0.07692307692307693,0.0,0.0,0.0,0.0,0.0,0.23076923076923078,0.0,0.0,0.07692307692307693,0.0,0.07692307692307693,0.0,0.0,0.0,0.0,0.0,0.0,0.0,0.0,0.0,0.0,0.05715150757571571,0.0,0.3333333333333333,0.06990927391768086,13.0,2.6390573296152584,6.5961525170812125,2.5372957696108682,6.846153846153846
0.06164383561643835,0.1232876712328767,0.1095890410958904,0.1095890410958904,0.13013698630136986,0.273972602739726,0.0547945205479452,0.0410958904109589,0.04794520547945205,0.02054794520547945,0.2191780821917808,0.0273972602739726,0.02054794520547945,0.0273972602739726,0.0273972602739726,0.0136986301369863,0.0958904109589041,0.00684931506849315,0.06164383561643835,0.00684931506849315,0.0,0.0547945205479452,0.0684931506849315,0.0,0.0,0.0,0.00684931506849315,0.0,0.0,0.0,0.00684931506849315,0.00684931506849315,0.0273972602739726,0.02054794520547945,0.00684931506849315,0.0410958904109589,0.0,0.0136986301369863,0.0273972602739726,0.0,0.00684931506849315,0.0,0.0136986301369863,0.0136986301369863,0.19863013698630136,0.00684931506849315,0.0136986301369863,0.00684931506849315,0.00684931506849315,0.0,0.0,0.0,0.00684931506849315,0.0,0.0,0.0136986301369863,0.0,0.0136986301369863,0.00684931506849315,0.0136986301369863,0.03613472506329649,0.0,0.25,0.06225165735965266,146.0,4.990432586778736,7.367549476785975,3.86811088956953,6.493150684931507
0.0,0.14285714285714285,0.14285714285714285,0.14285714285714285,0.14285714285714285,0.35714285714285715,0.07142857142857142,0.0,0.0,0.07142857142857142,0.21428571428571427,0.0,0.0,0.0,0.0,0.0,0.07142857142857142,0.0,0.07142857142857142,0.0,0.0,0.07142857142857142,0.14285714285714285,0.0,0.0,0.0,0.0,0.0,0.07142857142857142,0.0,0.0,0.0,0.0,0.0,0.07142857142857142,0.0,0.0,0.0,0.0,0.0,0.0,0.0,0.0,0.0,0.0,0.0,0.07142857142857142,0.07142857142857142,0.0,0.0,0.0,0.0,0.0,0.0,0.0,0.07142857142857142,0.0,0.0,0.0,0.0,0.03712212695729179,0.0,1.0,0.11486238124546157,14.0,2.70805020110221,5.731529274358046,2.721794126179664,5.142857142857143
0.0,0.0,0.0,0.0,0.0,0.2,0.0,0.0,0.0,0.0,0.2,0.0,0.0,0.0,0.0,0.0,0.0,0.0,0.0,0.0,0.0,0.2,0.0,0.0,0.0,0.0,0.2,0.0,0.0,0.0,0.0,0.0,0.0,0.0,0.0,0.0,0.0,0.0,0.0,0.0,0.0,0.0,0.0,0.0,0.0,0.0,0.0,0.0,0.0,0.0,0.0,0.0,0.0,0.0,0.0,0.0,0.0,0.0,0.0,0.0,0.016025641025641024,0.0,0.08333333333333333,0.032083317323697944,5.0,1.791759469228055,1.8575424759098897,2.6076809620810595,5.0
0.04411764705882353,0.19117647058823528,0.1323529411764706,0.1323529411764706,0.22058823529411764,0.3382352941176471,0.058823529411764705,0.029411764705882353,0.029411764705882353,0.04411764705882353,0.22058823529411764,0.0,0.029411764705882353,0.04411764705882353,0.029411764705882353,0.0,0.04411764705882353,0.029411764705882353,0.029411764705882353,0.029411764705882353,0.0,0.04411764705882353,0.04411764705882353,0.014705882352941176,0.0,0.0,0.0,0.0,0.029411764705882353,0.0,0.029411764705882353,0.0,0.014705882352941176,0.04411764705882353,0.0,0.058823529411764705,0.014705882352941176,0.0,0.04411764705882353,0.0,0.0,0.0,0.0,0.014705882352941176,0.20588235294117646,0.029411764705882353,0.0,0.014705882352941176,0.014705882352941176,0.014705882352941176,0.0,0.0,0.029411764705882353,0.0,0.0,0.0,0.0,0.0,0.014705882352941176,0.0,0.02576899208561791,0.0,1.0,0.10216404128905913,68.0,4.23410650459726,7.621161418449669,4.534636978408697,6.397058823529412
0.0625,0.0625,0.0625,0.0625,0.0625,0.125,0.0,0.0625,0.0,0.0,0.0,0.0,0.125,0.0,0.125,0.0,0.0625,0.0,0.0,0.0,0.0,0.0625,0.0625,0.0,0.0,0.0,0.0,0.0,0.0,0.0,0.0,0.0,0.0625,0.0,0.0,0.0625,0.0,0.0,0.0,0.0,0.0,0.0,0.0,0.0,0.5,0.0,0.0,0.0,0.0,0.0,0.0,0.0,0.0,0.0,0.0,0.0,0.0,0.0,0.0,0.0,0.037714717273829246,0.0,0.2727272727272727,0.06117610824686428,16.0,2.833213344056216,4.375,4.509971590819614,7.3125
0.08,0.12,0.12,0.12,0.24,0.28,0.0,0.0,0.0,0.0,0.28,0.0,0.0,0.04,0.0,0.0,0.0,0.04,0.04,0.04,0.0,0.0,0.0,0.04,0.0,0.0,0.0,0.0,0.0,0.0,0.0,0.0,0.04,0.04,0.0,0.04,0.0,0.0,0.04,0.0,0.0,0.0,0.0,0.0,0.12,0.0,0.0,0.0,0.0,0.0,0.0,0.04,0.0,0.0,0.0,0.0,0.0,0.0,0.12,0.0,0.05420844442958551,0.0,1.0,0.17065471220273248,25.0,3.258096538021482,5.506962379818453,3.897486369443773,6.36
0.0,0.0,0.0,0.0,0.23684210526315788,0.3157894736842105,0.02631578947368421,0.02631578947368421,0.05263157894736842,0.0,0.23684210526315788,0.02631578947368421,0.02631578947368421,0.07894736842105263,0.02631578947368421,0.0,0.02631578947368421,0.02631578947368421,0.07894736842105263,0.0,0.0,0.02631578947368421,0.02631578947368421,0.0,0.0,0.0,0.0,0.0,0.0,0.0,0.0,0.0,0.0,0.05263157894736842,0.0,0.15789473684210525,0.0,0.0,0.07894736842105263,0.0,0.0,0.0,0.0,0.0,0.18421052631578946,0.02631578947368421,0.0,0.05263157894736842,0.0,0.0,0.0,0.0,0.0,0.0,0.0,0.02631578947368421,0.0,0.0,0.0,0.0,0.027606655620440082,0.0,0.18181818181818182,0.041677068887088276,38.0,3.6635616461296463,5.436917800730826,4.668513023481407,7.315789473684211
0.015625,0.078125,0.078125,0.078125,0.234375,0.296875,0.078125,0.03125,0.078125,0.046875,0.25,0.015625,0.0,0.0,0.015625,0.0,0.109375,0.015625,0.0625,0.0,0.0,0.09375,0.078125,0.03125,0.0,0.0,0.0,0.0,0.03125,0.0,0.0,0.015625,0.0,0.046875,0.0,0.03125,0.0,0.015625,0.015625,0.015625,0.0,0.015625,0.0,0.015625,0.1875,0.046875,0.0,0.015625,0.0,0.015625,0.0,0.015625,0.0,0.0,0.0,0.0,0.0,0.0,0.0,0.03125,0.03309892753200894,0.0,1.0,0.10305521960477237,64.0,4.174387269895637,7.227854742030449,4.744625866111574,7.640625
0.2,0.2,0.2,0.2,0.2,0.1,0.0,0.0,0.1,0.0,0.2,0.0,0.0,0.0,0.0,0.0,0.1,0.0,0.0,0.0,0.0,0.0,0.0,0.1,0.0,0.0,0.0,0.0,0.0,0.0,0.1,0.0,0.0,0.0,0.0,0.1,0.0,0.0,0.1,0.0,0.0,0.0,0.0,0.0,0.0,0.0,0.0,0.0,0.1,0.0,0.0,0.0,0.0,0.0,0.0,0.0,0.0,0.0,0.0,0.0,0.04788359788359788,0.0,1.0,0.15677845533426235,10.0,2.3978952727983707,5.443856189774726,2.4166091947189146,5.4
0.0,0.1,0.1,0.1,0.2,0.4,0.0,0.0,0.0,0.0,0.1,0.0,0.2,0.0,0.2,0.0,0.1,0.0,0.0,0.1,0.0,0.0,0.0,0.0,0.0,0.0,0.0,0.0,0.0,0.0,0.0,0.1,0.0,0.1,0.0,0.0,0.0,0.0,0.0,0.0,0.1,0.0,0.0,0.0,0.2,0.1,0.0,0.0,0.1,0.0,0.0,0.0,0.0,0.0,0.0,0.1,0.0,0.0,0.0,0.0,0.037856640461043624,0.0,0.19230769230769232,0.04971520445294824,10.0,2.3978952727983707,6.37262742772967,4.874423042781577,8.8
0.0,0.10526315789473684,0.05263157894736842,0.05263157894736842,0.2631578947368421,0.42105263157894735,0.05263157894736842,0.0,0.10526315789473684,0.05263157894736842,0.3157894736842105,0.0,0.0,0.0,0.0,0.0,0.10526315789473684,0.0,0.05263157894736842,0.0,0.0,0.0,0.15789473684210525,0.0,0.0,0.05263157894736842,0.05263157894736842,0.05263157894736842,0.0,0.0,0.0,0.0,0.0,0.10526315789473684,0.0,0.05263157894736842,0.05263157894736842,0.05263157894736842,0.05263157894736842,0.0,0.0,0.0,0.0,0.0,0.3157894736842105,0.0,0.0,0.0,0.0,0.0,0.0,0.0,0.0,0.0,0.0,0.0,0.0,0.0,0.0,0.0,0.033853151170051325,0.0,0.2857142857142857,0.05325998993875107,19.0,2.995732273553991,6.553496982107261,4.806505287086684,7.947368421052632
0.0,0.15384615384615385,0.07692307692307693,0.07692307692307693,0.23076923076923078,0.46153846153846156,0.15384615384615385,0.15384615384615385,0.0,0.07692307692307693,0.38461538461538464,0.07692307692307693,0.0,0.0,0.0,0.0,0.0,0.0,0.07692307692307693,0.0,0.0,0.15384615384615385,0.07692307692307693,0.07692307692307693,0.0,0.0,0.0,0.0,0.07692307692307693,0.0,0.07692307692307693,0.0,0.0,0.0,0.15384615384615385,0.15384615384615385,0.0,0.0,0.07692307692307693,0.0,0.0,0.0,0.0,0.0,0.07692307692307693,0.0,0.0,0.0,0.0,0.0,0.0,0.0,0.0,0.0,0.07692307692307693,0.0,0.0,0.0,0.0,0.0,0.043576129565353186,0.0,0.3333333333333333,0.061428572393068266,13.0,2.6390573296152584,7.441723562187253,3.2490326279912116,6.461538461538462
0.0,0.16666666666666666,0.16666666666666666,0.16666666666666666,0.16666666666666666,0.3333333333333333,0.16666666666666666,0.16666666666666666,0.0,0.0,0.0,0.16666666666666666,0.0,0.0,0.0,0.0,0.0,0.0,0.0,0.0,0.0,0.0,0.16666666666666666,0.0,0.0,0.0,0.0,0.0,0.0,0.0,0.16666666666666666,0.0,0.0,0.0,0.0,0.16666666666666666,0.16666666666666666,0.0,0.16666666666666666,0.0,0.0,0.0,0.0,0.0,0.16666666666666666,0.0,0.0,0.0,0.0,0.0,0.0,0.0,0.0,0.0,0.16666666666666666,0.0,0.0,0.0,0.0,0.0,0.019444444444444445,0.0,0.125,0.04033042536195897,6.0,1.9459101490553132,6.559900001923082,2.6874192494328497,5.333333333333333
0.16666666666666666,0.08333333333333333,0.08333333333333333,0.08333333333333333,0.16666666666666666,0.25,0.0,0.0,0.0,0.08333333333333333,0.25,0.0,0.0,0.0,0.0,0.0,0.08333333333333333,0.0,0.0,0.08333333333333333,0.0,0.08333333333333333,0.08333333333333333,0.0,0.0,0.0,0.0,0.0,0.0,0.0,0.0,0.0,0.08333333333333333,0.08333333333333333,0.0,0.08333333333333333,0.0,0.0,0.0,0.0,0.0,0.0,0.0,0.0,0.16666666666666666,0.0,0.0,0.0,0.0,0.0,0.0,0.0,0.0,0.0,0.0,0.0,0.0,0.0,0.0,0.0,0.01849947099453028,0.0,0.3333333333333333,0.05237501772919562,12.0,2.5649493574615367,5.578696876021638,3.707162736589204,6.083333333333333
0.02857142857142857,0.14285714285714285,0.14285714285714285,0.14285714285714285,0.08571428571428572,0.42857142857142855,0.05714285714285714,0.0,0.05714285714285714,0.02857142857142857,0.14285714285714285,0.02857142857142857,0.02857142857142857,0.02857142857142857,0.0,0.0,0.05714285714285714,0.0,0.0,0.0,0.0,0.0,0.08571428571428572,0.0,0.0,0.0,0.0,0.0,0.0,0.0,0.0,0.0,0.02857142857142857,0.02857142857142857,0.02857142857142857,0.05714285714285714,0.0,0.05714285714285714,0.11428571428571428,0.02857142857142857,0.0,0.02857142857142857,0.02857142857142857,0.0,0.11428571428571428,0.05714285714285714,0.0,0.0,0.02857142857142857,0.0,0.0,0.0,0.0,0.0,0.02857142857142857,0.0,0.0,0.0,0.02857142857142857,0.0,0.03102973243442062,0.0,0.3333333333333333,0.06351255059757845,35.0,3.58351893845611,6.918415155276301,3.372881043056847,5.771428571428571
0.09523809523809523,0.14285714285714285,0.09523809523809523,0.09523809523809523,0.14285714285714285,0.14285714285714285,0.047619047619047616,0.0,0.09523809523809523,0.0,0.19047619047619047,0.0,0.047619047619047616,0.047619047619047616,0.047619047619047616,0.0,0.047619047619047616,0.0,0.047619047619047616,0.047619047619047616,0.0,0.0,0.047619047619047616,0.0,0.0,0.0,0.0,0.0,0.0,0.0,0.0,0.0,0.0,0.047619047619047616,0.047619047619047616,0.047619047619047616,0.0,0.0,0.0,0.0,0.0,0.0,0.0,0.0,0.14285714285714285,0.0,0.0,0.0,0.0,0.0,0.0,0.0,0.0,0.0,0.0,0.047619047619047616,0.0,0.0,0.0,0.0,0.042030910541079824,0.0,0.3333333333333333,0.06737227550250753,21.0,3.091042453358316,5.862089391018167,4.59122696883579,6.666666666666667
0.0,0.0,0.0,0.0,0.2727272727272727,0.2727272727272727,0.09090909090909091,0.09090909090909091,0.09090909090909091,0.0,0.6363636363636364,0.09090909090909091,0.0,0.09090909090909091,0.0,0.0,0.09090909090909091,0.0,0.18181818181818182,0.0,0.0,0.09090909090909091,0.09090909090909091,0.0,0.0,0.0,0.0,0.0,0.0,0.0,0.0,0.0,0.0,0.09090909090909091,0.0,0.09090909090909091,0.0,0.09090909090909091,0.18181818181818182,0.0,0.0,0.0,0.0,0.0,0.18181818181818182,0.0,0.0,0.0,0.0,0.0,0.0,0.0,0.0,0.0,0.0,0.09090909090909091,0.0,0.0,0.09090909090909091,0.18181818181818182,0.04431963875729095,0.0,0.17647058823529413,0.043875267513451104,11.0,2.4849066497880004,7.314492324994358,3.4926132204179177,10.272727272727273
0.0,0.08695652173913043,0.08695652173913043,0.08695652173913043,0.13043478260869565,0.17391304347826086,0.0,0.043478260869565216,0.08695652173913043,0.0,0.21739130434782608,0.0,0.043478260869565216,0.0,0.043478260869565216,0.0,0.08695652173913043,0.0,0.08695652173913043,0.043478260869565216,0.043478260869565216,0.13043478260869565,0.08695652173913043,0.0,0.0,0.0,0.0,0.0,0.0,0.0,0.0,0.0,0.0,0.0,0.0,0.043478260869565216,0.0,0.043478260869565216,0.0,0.0,0.0,0.0,0.0,0.0,0.2608695652173913,0.0,0.0,0.0,0.043478260869565216,0.0,0.0,0.0,0.043478260869565216,0.0,0.0,0.0,0.043478260869565216,0.0,0.0,0.08695652173913043,0.03150679450008335,0.0,1.0,0.1036695579390561,23.0,3.1780538303479458,6.607748758764734,3.6173285947741722,6.043478260869565
0.0,0.0,0.0,0.0,0.3333333333333333,0.4666666666666667,0.06666666666666667,0.06666666666666667,0.0,0.13333333333333333,0.26666666666666666,0.0,0.0,0.0,0.0,0.06666666666666667,0.06666666666666667,0.0,0.2,0.0,0.0,0.06666666666666667,0.13333333333333333,0.0,0.0,0.0,0.0,0.0,0.06666666666666667,0.0,0.0,0.0,0.2,0.0,0.0,0.2,0.0,0.06666666666666667,0.13333333333333333,0.0,0.0,0.0,0.06666666666666667,0.0,0.2,0.0,0.0,0.0,0.0,0.0,0.0,0.0,0.0,0.0,0.0,0.0,0.0,0.0,0.06666666666666667,0.06666666666666667,0.05302781274002485,0.0,0.2,0.05532188642802815,15.0,2.772588722239781,7.174834084618727,4.693257575146144,8.2
0.2,0.0,0.0,0.0,0.1,0.1,0.0,0.0,0.1,0.0,0.2,0.0,0.0,0.1,0.1,0.0,0.1,0.0,0.0,0.0,0.0,0.0,0.0,0.0,0.0,0.0,0.0,0.0,0.0,0.0,0.1,0.1,0.0,0.1,0.0,0.0,0.0,0.0,0.0,0.0,0.1,0.0,0.0,0.0,0.3,0.0,0.0,0.0,0.2,0.0,0.0,0.0,0.0,0.0,0.0,0.0,0.0,0.0,0.0,0.0,0.0385668652335319,0.0,0.6666666666666666,0.11113670387096282,10.0,2.3978952727983707,5.236174630069641,4.267317658670374,6.3
0.0,0.16666666666666666,0.16666666666666666,0.16666666666666666,0.05555555555555555,0.1111111111111111,0.0,0.05555555555555555,0.0,0.0,0.2777777777777778,0.0,0.0,0.05555555555555555,0.0,0.0,0.05555555555555555,0.05555555555555555,0.0,0.0,0.0,0.0,0.0,0.0,0.0,0.0,0.0,0.0,0.0,0.0,0.0,0.0,0.0,0.0,0.0,0.0,0.0,0.0,0.05555555555555555,0.05555555555555555,0.0,0.05555555555555555,0.0,0.0,0.1111111111111111,0.0,0.0,0.0,0.1111111111111111,0.0,0.0,0.0,0.0,0.0,0.0,0.0,0.0,0.0,0.05555555555555555,0.0,0.050408378580647485,0.0,1.0,0.16919187443075312,18.0,2.9444389791664403,4.947417892272213,2.8894230275435207,6.388888888888889
0.07692307692307693,0.0,0.0,0.0,0.38461538461538464,0.3076923076923077,0.0,0.0,0.0,0.0,0.38461538461538464,0.0,0.0,0.0,0.0,0.0,0.0,0.0,0.15384615384615385,0.0,0.0,0.07692307692307693,0.0,0.0,0.0,0.0,0.0,0.0,0.0,0.0,0.0,0.0,0.0,0.0,0.0,0.07692307692307693,0.0,0.0,0.0,0.07692307692307693,0.0,0.07692307692307693,0.0,0.0,0.38461538461538464,0.0,0.0,0.0,0.07692307692307693,0.0,0.0,0.0,0.0,0.0,0.0,0.0,0.0,0.0,0.0,0.0,0.050752018369890635,0.0,0.23076923076923078,0.05847561667130423,13.0,2.6390573296152584,4.237150074346081,3.4538375877913303,7.384615384615385
0.0625,0.0625,0.0625,0.0625,0.125,0.4375,0.0,0.0,0.0,0.0625,0.375,0.0,0.0,0.0,0.0,0.0,0.1875,0.0,0.0,0.0,0.0625,0.125,0.125,0.0,0.0,0.0,0.0,0.0,0.0,0.0,0.0,0.0,0.0,0.0,0.0,0.0625,0.0,0.0,0.0,0.0,0.0,0.0,0.0,0.0,0.375,0.0625,0.0,0.0,0.0625,0.0,0.0,0.0,0.0625,0.0,0.0,0.0,0.0,0.0,0.0,0.0625,0.037617134717680197,0.0,0.17647058823529413,0.04698833655593114,16.0,2.833213344056216,5.9108798771737145,4.16082924427331,8.75
0.02857142857142857,0.07142857142857142,0.05714285714285714,0.05714285714285714,0.15714285714285714,0.2714285714285714,0.04285714285714286,0.02857142857142857,0.05714285714285714,0.0,0.2714285714285714,0.014285714285714285,0.04285714285714286,0.04285714285714286,0.04285714285714286,0.02857142857142857,0.02857142857142857,0.0,0.014285714285714285,0.02857142857142857,0.0,0.07142857142857142,0.1,0.0,0.0,0.014285714285714285,0.014285714285714285,0.014285714285714285,0.0,0.0,0.02857142857142857,0.0,0.04285714285714286,0.014285714285714285,0.04285714285714286,0.02857142857142857,0.014285714285714285,0.014285714285714285,0.05714285714285714,0.0,0.0,0.0,0.014285714285714285,0.0,0.12857142857142856,0.02857142857142857,0.0,0.014285714285714285,0.0,0.0,0.0,0.0,0.0,0.0,0.014285714285714285,0.014285714285714285,0.014285714285714285,0.0,0.014285714285714285,0.014285714285714285,0.0337835563622814,0.0,0.375,0.06563251134838394,70.0,4.2626798770413155,7.295645908959861,3.687707102451249,6.0285714285714285
0.15384615384615385,0.0,0.0,0.0,0.0,0.38461538461538464,0.07692307692307693,0.07692307692307693,0.0,0.0,0.23076923076923078,0.07692307692307693,0.0,0.0,0.0,0.0,0.07692307692307693,0.0,0.07692307692307693,0.0,0.0,0.0,0.15384615384615385,0.0,0.0,0.0,0.0,0.0,0.0,0.0,0.0,0.0,0.0,0.0,0.0,0.07692307692307693,0.0,0.0,0.07692307692307693,0.0,0.0,0.0,0.0,0.0,0.07692307692307693,0.0,0.0,0.0,0.0,0.0,0.0,0.0,0.0,0.0,0.0,0.0,0.0,0.0,0.0,0.0,0.038450763874972024,0.0,0.6666666666666666,0.08696317142222904,13.0,2.6390573296152584,4.126482029709352,2.4925925763107157,5.6923076923076925
0.0,0.07142857142857142,0.07142857142857142,0.07142857142857142,0.0,0.2857142857142857,0.0,0.0,0.07142857142857142,0.07142857142857142,0.42857142857142855,0.0,0.0,0.0,0.0,0.0,0.0,0.0,0.0,0.07142857142857142,0.0,0.0,0.07142857142857142,0.0,0.0,0.0,0.0,0.0,0.0,0.0,0.0,0.07142857142857142,0.0,0.14285714285714285,0.0,0.14285714285714285,0.0,0.0,0.0,0.07142857142857142,0.07142857142857142,0.07142857142857142,0.0,0.0,0.07142857142857142,0.0,0.0,0.0,0.07142857142857142,0.0,0.0,0.0,0.0,0.0,0.0,0.0,0.0,0.0,0.0,0.0,0.027717995889070337,0.0,0.2,0.047434210906886244,14.0,2.70805020110221,5.377771992230598,5.118992247762548,6.285714285714286
0.13043478260869565,0.08695652173913043,0.043478260869565216,0.043478260869565216,0.21739130434782608,0.21739130434782608,0.043478260869565216,0.043478260869565216,0.043478260869565216,0.043478260869565216,0.2608695652173913,0.0,0.0,0.043478260869565216,0.0,0.0,0.08695652173913043,0.0,0.043478260869565216,0.0,0.0,0.0,0.043478260869565216,0.0,0.0,0.0,0.0,0.0,0.0,0.0,0.0,0.043478260869565216,0.0,0.08695652173913043,0.0,0.043478260869565216,0.0,0.08695652173913043,0.0,0.0,0.043478260869565216,0.0,0.0,0.0,0.13043478260869565,0.0,0.0,0.0,0.0,0.043478260869565216,0.0,0.043478260869565216,0.0,0.0,0.0,0.0,0.0,0.0,0.0,0.0,0.028831703106139195,0.0,0.25,0.05678543957893353,23.0,3.1780538303479458,6.208604135173088,3.474454438957748,5.565217391304348
0.0,0.3125,0.25,0.3125,0.25,0.1875,0.0625,0.0625,0.0,0.0625,0.1875,0.0,0.0,0.0,0.0,0.0,0.0625,0.0,0.125,0.0,0.0,0.0625,0.125,0.0,0.0,0.0,0.0,0.0,0.0,0.0,0.0,0.0,0.125,0.0,0.0,0.125,0.0,0.0,0.0,0.0,0.0,0.0,0.0,0.0,0.125,0.0,0.0,0.0,0.0625,0.0,0.0,0.0,0.0,0.0,0.0,0.0,0.0,0.0,0.0,0.0,0.08933462273798408,0.0,1.0,0.24236961019472186,16.0,2.833213344056216,6.329434002924965,3.7059917700933984,6.375
0.0,0.0,0.0,0.0,0.16666666666666666,0.5,0.0,0.0,0.0,0.0,0.16666666666666666,0.0,0.0,0.0,0.0,0.0,0.0,0.0,0.0,0.0,0.0,0.0,0.16666666666666666,0.0,0.0,0.0,0.0,0.0,0.0,0.0,0.0,0.0,0.0,0.16666666666666666,0.0,0.0,0.0,0.0,0.0,0.0,0.0,0.0,0.0,0.0,0.16666666666666666,0.0,0.0,0.0,0.0,0.0,0.0,0.0,0.0,0.0,0.0,0.0,0.0,0.0,0.0,0.0,0.042657065157065154,0.0,0.16666666666666666,0.05714276594583274,6.0,1.9459101490553132,2.65413541726763,2.362907813126304,5.5
0.0,0.0,0.0,0.0,0.3333333333333333,0.1111111111111111,0.0,0.0,0.0,0.0,0.5555555555555556,0.0,0.0,0.0,0.0,0.0,0.2222222222222222,0.0,0.0,0.0,0.0,0.2222222222222222,0.2222222222222222,0.0,0.0,0.0,0.0,0.0,0.0,0.0,0.0,0.0,0.0,0.0,0.1111111111111111,0.0,0.0,0.0,0.0,0.0,0.0,0.0,0.0,0.0,0.4444444444444444,0.0,0.0,0.0,0.0,0.0,0.0,0.0,0.0,0.0,0.0,0.0,0.0,0.0,0.0,0.1111111111111111,0.059424718799718806,0.0,0.36363636363636365,0.08772179187499525,9.0,2.302585092994046,4.022655228187587,1.8856180831641267,6.333333333333333
0.05714285714285714,0.08571428571428572,0.08571428571428572,0.08571428571428572,0.14285714285714285,0.2571428571428571,0.02857142857142857,0.02857142857142857,0.0,0.0,0.2857142857142857,0.02857142857142857,0.08571428571428572,0.0,0.08571428571428572,0.02857142857142857,0.02857142857142857,0.0,0.05714285714285714,0.08571428571428572,0.0,0.02857142857142857,0.0,0.0,0.0,0.02857142857142857,0.0,0.02857142857142857,0.0,0.0,0.0,0.02857142857142857,0.02857142857142857,0.02857142857142857,0.0,0.05714285714285714,0.02857142857142857,0.02857142857142857,0.02857142857142857,0.02857142857142857,0.02857142857142857,0.02857142857142857,0.0,0.0,0.22857142857142856,0.02857142857142857,0.0,0.0,0.02857142857142857,0.02857142857142857,0.0,0.0,0.0,0.0,0.0,0.02857142857142857,0.02857142857142857,0.0,0.0,0.02857142857142857,0.029023397237682956,0.0,0.25,0.0585131200661704,35.0,3.58351893845611,7.809308196839436,3.004758131459407,6.0
0.0,0.0,0.0,0.0,0.0,0.2,0.0,0.0,0.0,0.0,0.2,0.0,0.2,0.0,0.2,0.0,0.0,0.0,0.0,0.2,0.0,0.2,0.0,0.0,0.0,0.0,0.0,0.0,0.0,0.0,0.0,0.0,0.0,0.0,0.0,0.0,0.0,0.0,0.2,0.0,0.0,0.0,0.0,0.0,0.4,0.2,0.0,0.0,0.2,0.0,0.0,0.0,0.0,0.0,0.0,0.0,0.0,0.0,0.0,0.0,0.015789473684210527,0.0,0.15789473684210525,0.047368421052631574,5.0,1.791759469228055,4.708241808752197,3.54400902933387,6.8
0.0,0.0,0.0,0.0,0.3333333333333333,0.5833333333333334,0.0,0.08333333333333333,0.0,0.0,0.25,0.0,0.0,0.0,0.0,0.0,0.16666666666666666,0.0,0.0,0.0,0.0,0.08333333333333333,0.0,0.0,0.0,0.0,0.0,0.0,0.0,0.0,0.08333333333333333,0.0,0.08333333333333333,0.0,0.0,0.16666666666666666,0.0,0.0,0.16666666666666666,0.0,0.0,0.0,0.0,0.0,0.3333333333333333,0.0,0.0,0.0,0.0,0.0,0.0,0.0,0.08333333333333333,0.0,0.0,0.0,0.0,0.0,0.0,0.08333333333333333,0.038780522693363934,0.0,0.16666666666666666,0.04717486748622763,12.0,2.5649493574615367,5.095208588755666,7.551214030428043,11.25
0.06521739130434782,0.10869565217391304,0.10869565217391304,0.10869565217391304,0.13043478260869565,0.2391304347826087,0.021739130434782608,0.0,0.021739130434782608,0.021739130434782608,0.2391304347826087,0.0,0.06521739130434782,0.021739130434782608,0.08695652173913043,0.0,0.043478260869565216,0.021739130434782608,0.10869565217391304,0.043478260869565216,0.0,0.13043478260869565,0.043478260869565216,0.021739130434782608,0.0,0.0,0.043478260869565216,0.0,0.0,0.0,0.043478260869565216,0.0,0.043478260869565216,0.0,0.0,0.10869565217391304,0.0,0.0,0.043478260869565216,0.021739130434782608,0.0,0.021739130434782608,0.0,0.0,0.2826086956521739,0.0,0.0,0.0,0.021739130434782608,0.0,0.0,0.0,0.021739130434782608,0.0,0.0,0.0,0.0,0.0,0.021739130434782608,0.021739130434782608,0.04919127870616887,0.0,1.0,0.1101748142533746,46.0,3.8501476017100584,7.646825041807343,3.3635992064941633,6.3478260869565215
0.04,0.04,0.04,0.04,0.16,0.32,0.08,0.04,0.04,0.08,0.28,0.0,0.12,0.04,0.08,0.0,0.08,0.0,0.0,0.12,0.0,0.04,0.12,0.0,0.0,0.0,0.0,0.0,0.0,0.0,0.0,0.0,0.04,0.0,0.08,0.04,0.0,0.0,0.0,0.0,0.0,0.0,0.0,0.0,0.28,0.04,0.0,0.04,0.04,0.0,0.0,0.0,0.04,0.0,0.0,0.0,0.0,0.0,0.0,0.0,0.027689228736466398,0.0,0.5,0.06491378939167326,25.0,3.258096538021482,7.136795351256476,3.7735924528226414,7.4
0.05555555555555555,0.0,0.0,0.0,0.2222222222222222,0.2777777777777778,0.0,0.0,0.0,0.0,0.3333333333333333,0.0,0.05555555555555555,0.0,0.05555555555555555,0.0,0.0,0.0,0.1111111111111111,0.0,0.0,0.1111111111111111,0.05555555555555555,0.0,0.05555555555555555,0.05555555555555555,0.0,0.05555555555555555,0.0,0.0,0.0,0.0,0.05555555555555555,0.05555555555555555,0.0,0.1111111111111111,0.05555555555555555,0.0,0.05555555555555555,0.0,0.0,0.0,0.05555555555555555,0.0,0.2222222222222222,0.0,0.05555555555555555,0.0,0.0,0.0,0.0,0.0,0.0,0.0,0.05555555555555555,0.0,0.0,0.05555555555555555,0.0,0.1111111111111111,0.03512033202862578,0.0,0.25,0.055312817000224127,18.0,2.9444389791664403,6.889857476767409,4.103596736137642,6.777777777777778
0.0,0.3333333333333333,0.3333333333333333,0.3333333333333333,0.16666666666666666,0.16666666666666666,0.0,0.0,0.0,0.0,0.3333333333333333,0.0,0.16666666666666666,0.0,0.16666666666666666,0.0,0.16666666666666666,0.0,0.0,0.16666666666666666,0.0,0.0,0.16666666666666666,0.0,0.0,0.0,0.0,0.0,0.0,0.0,0.16666666666666666,0.0,0.0,0.0,0.0,0.0,0.0,0.0,0.0,0.0,0.0,0.0,0.0,0.0,0.5,0.16666666666666666,0.0,0.0,0.0,0.0,0.0,0.0,0.0,0.0,0.0,0.0,0.0,0.0,0.0,0.0,0.0808862433862434,0.0,1.0,0.2467642669442907,6.0,1.9459101490553132,6.490727085376608,3.0776975521032313,7.833333333333333
0.0625,0.0,0.0,0.0,0.1875,0.25,0.0,0.0,0.0,0.0,0.3125,0.0,0.0625,0.0,0.0,0.0,0.0,0.0,0.0,0.0,0.0,0.0625,0.0,0.0,0.0,0.0,0.0,0.0,0.0,0.0,0.0,0.0,0.0,0.0,0.0,0.0,0.0,0.0,0.0,0.0,0.0,0.0,0.0,0.0,0.1875,0.0625,0.0,0.0,0.0,0.0,0.0,0.0,0.0,0.0,0.0,0.0,0.0,0.0625,0.0,0.0625,0.028828777359442254,0.0,0.25,0.05124920229362387,16.0,2.833213344056216,3.4300365325772657,4.152841647595054,6.5625
0.0,0.1111111111111111,0.1111111111111111,0.1111111111111111,0.2962962962962963,0.3148148148148148,0.018518518518518517,0.0,0.037037037037037035,0.018518518518518517,0.18518518518518517,0.0,0.018518518518518517,0.037037037037037035,0.018518518518518517,0.037037037037037035,0.018518518518518517,0.0,0.018518518518518517,0.018518518518518517,0.0,0.018518518518518517,0.037037037037037035,0.018518518518518517,0.0,0.0,0.037037037037037035,0.0,0.018518518518518517,0.0,0.018518518518518517,0.0,0.037037037037037035,0.018518518518518517,0.0,0.018518518518518517,0.0,0.018518518518518517,0.05555555555555555,0.05555555555555555,0.0,0.05555555555555555,0.0,0.0,0.25925925925925924,0.018518518518518517,0.0,0.0,0.037037037037037035,0.0,0.0,0.0,0.0,0.0,0.0,0.0,0.0,0.0,0.018518518518518517,0.0,0.0283145569563999,0.0,0.2,0.04956851865756166,54.0,4.007333185232471,6.689890177189413,3.8749308591557234,7.148148148148148
0.09090909090909091,0.0,0.0,0.0,0.2727272727272727,0.36363636363636365,0.0,0.0,0.18181818181818182,0.0,0.2727272727272727,0.0,0.0,0.0,0.0,0.0,0.0,0.0,0.09090909090909091,0.0,0.0,0.0,0.09090909090909091,0.0,0.0,0.0,0.0,0.0,0.0,0.0,0.0,0.0,0.09090909090909091,0.0,0.0,0.18181818181818182,0.0,0.09090909090909091,0.0,0.0,0.0,0.0,0.0,0.0,0.09090909090909091,0.0,0.0,0.0,0.0,0.0,0.0,0.0,0.0,0.0,0.0,0.0,0.0,0.0,0.0,0.09090909090909091,0.05475920085671184,0.0,0.23076923076923078,0.059385481732193296,11.0,2.4849066497880004,4.648935362459663,3.325334756031251,6.818181818181818
0.0,0.13043478260869565,0.10869565217391304,0.10869565217391304,0.1956521739130435,0.2608695652173913,0.08695652173913043,0.08695652173913043,0.021739130434782608,0.06521739130434782,0.10869565217391304,0.021739130434782608,0.021739130434782608,0.0,0.043478260869565216,0.0,0.021739130434782608,0.0,0.08695652173913043,0.0,0.043478260869565216,0.08695652173913043,0.13043478260869565,0.0,0.0,0.0,0.0,0.0,0.021739130434782608,0.0,0.0,0.0,0.0,0.021739130434782608,0.021739130434782608,0.043478260869565216,0.0,0.0,0.021739130434782608,0.0,0.0,0.0,0.021739130434782608,0.0,0.17391304347826086,0.0,0.021739130434782608,0.0,0.0,0.0,0.0,0.0,0.021739130434782608,0.0,0.0,0.0,0.0,0.0,0.0,0.021739130434782608,0.03782188152945609,0.0,1.0,0.10846723571680764,46.0,3.8501476017100584,6.729109303424775,4.096485191755976,7.1521739130434785
0.0,0.14285714285714285,0.14285714285714285,0.14285714285714285,0.21428571428571427,0.35714285714285715,0.0,0.0,0.14285714285714285,0.0,0.2857142857142857,0.0,0.0,0.07142857142857142,0.0,0.0,0.0,0.07142857142857142,0.0,0.0,0.0,0.0,0.0,0.07142857142857142,0.0,0.0,0.0,0.0,0.0,0.0,0.0,0.07142857142857142,0.0,0.07142857142857142,0.0,0.07142857142857142,0.0,0.0,0.0,0.0,0.07142857142857142,0.0,0.0,0.0,0.2857142857142857,0.0,0.0,0.0,0.0,0.07142857142857142,0.0,0.0,0.0,0.0,0.0,0.0,0.0,0.0,0.07142857142857142,0.0,0.040422324252990825,0.0,1.0,0.11428342782139957,14.0,2.70805020110221,6.091298889378618,4.62689564020047,6.857142857142857
0.08333333333333333,0.16666666666666666,0.16666666666666666,0.16666666666666666,0.16666666666666666,0.08333333333333333,0.0,0.0,0.08333333333333333,0.0,0.25,0.0,0.0,0.08333333333333333,0.0,0.0,0.08333333333333333,0.0,0.0,0.0,0.0,0.16666666666666666,0.0,0.0,0.0,0.0,0.0,0.0,0.0,0.0,0.0,0.0,0.0,0.0,0.0,0.0,0.0,0.08333333333333333,0.0,0.0,0.0,0.0,0.0,0.0,0.16666666666666666,0.0,0.0,0.08333333333333333,0.0,0.0,0.0,0.0,0.0,0.0,0.0,0.08333333333333333,0.0,0.0,0.0,0.0,0.02515987800078709,0.0,1.0,0.12505961196814264,12.0,2.5649493574615367,5.474937501201927,3.496029493900505,6.666666666666667
0.05555555555555555,0.08333333333333333,0.08333333333333333,0.08333333333333333,0.19444444444444445,0.3611111111111111,0.0,0.0,0.08333333333333333,0.0,0.3055555555555556,0.0,0.0,0.08333333333333333,0.0,0.0,0.08333333333333333,0.027777777777777776,0.027777777777777776,0.0,0.0,0.027777777777777776,0.027777777777777776,0.0,0.0,0.0,0.0,0.0,0.0,0.0,0.0,0.0,0.05555555555555555,0.0,0.027777777777777776,0.0,0.0,0.0,0.027777777777777776,0.0,0.0,0.0,0.0,0.0,0.1388888888888889,0.0,0.0,0.0,0.027777777777777776,0.0,0.0,0.0,0.0,0.0,0.0,0.0,0.0,0.0,0.0,0.05555555555555555,0.027436003150288865,0.0,0.3333333333333333,0.06313825846954672,36.0,3.6109179126442243,5.400973917054712,4.871417645464532,6.361111111111111
0.0,0.14285714285714285,0.14285714285714285,0.14285714285714285,0.35714285714285715,0.35714285714285715,0.07142857142857142,0.07142857142857142,0.0,0.07142857142857142,0.07142857142857142,0.0,0.07142857142857142,0.07142857142857142,0.07142857142857142,0.0,0.0,0.0,0.07142857142857142,0.0,0.07142857142857142,0.07142857142857142,0.07142857142857142,0.0,0.0,0.0,0.0,0.0,0.0,0.0,0.0,0.0,0.07142857142857142,0.0,0.0,0.2857142857142857,0.0,0.0,0.07142857142857142,0.0,0.0,0.0,0.0,0.0,0.14285714285714285,0.0,0.0,0.0,0.0,0.0,0.0,0.07142857142857142,0.07142857142857142,0.0,0.0,0.0,0.0,0.0,0.0,0.0,0.044674062635822236,0.0,1.0,0.1125661822024644,14.0,2.70805020110221,7.260917940518411,3.2111095418555746,6.785714285714286
0.027777777777777776,0.1111111111111111,0.08333333333333333,0.08333333333333333,0.25,0.3611111111111111,0.05555555555555555,0.027777777777777776,0.027777777777777776,0.0,0.25,0.05555555555555555,0.0,0.0,0.0,0.027777777777777776,0.1111111111111111,0.027777777777777776,0.08333333333333333,0.0,0.0,0.08333333333333333,0.1111111111111111,0.0,0.0,0.0,0.027777777777777776,0.027777777777777776,0.0,0.0,0.05555555555555555,0.05555555555555555,0.08333333333333333,0.08333333333333333,0.0,0.08333333333333333,0.0,0.05555555555555555,0.08333333333333333,0.0,0.027777777777777776,0.0,0.027777777777777776,0.0,0.16666666666666666,0.0,0.027777777777777776,0.0,0.0,0.0,0.0,0.0,0.0,0.0,0.0,0.0,0.0,0.0,0.0,0.027777777777777776,0.040357799292190896,0.0,0.2857142857142857,0.05680933616335479,36.0,3.6109179126442243,8.146103020892967,3.8476985264723225,6.527777777777778
0.0625,0.07291666666666667,0.0625,0.0625,0.21875,0.2916666666666667,0.041666666666666664,0.020833333333333332,0.08333333333333333,0.010416666666666666,0.22916666666666666,0.010416666666666666,0.041666666666666664,0.03125,0.03125,0.020833333333333332,0.052083333333333336,0.020833333333333332,0.041666666666666664,0.010416666666666666,0.010416666666666666,0.07291666666666667,0.0625,0.010416666666666666,0.0,0.0,0.0,0.0,0.0,0.0,0.020833333333333332,0.0,0.041666666666666664,0.03125,0.010416666666666666,0.0625,0.0,0.010416666666666666,0.03125,0.0,0.0,0.0,0.03125,0.010416666666666666,0.1875,0.020833333333333332,0.0,0.010416666666666666,0.0,0.0,0.0,0.0,0.010416666666666666,0.0,0.0,0.010416666666666666,0.0,0.0,0.041666666666666664,0.010416666666666666,0.03048599263607253,0.0,0.3333333333333333,0.06092358616286468,96.0,4.574710978503383,7.401049129153649,4.44496389108568,7.052083333333333
0.10714285714285714,0.0,0.0,0.0,0.21428571428571427,0.2857142857142857,0.017857142857142856,0.0,0.03571428571428571,0.017857142857142856,0.32142857142857145,0.017857142857142856,0.017857142857142856,0.03571428571428571,0.017857142857142856,0.0,0.14285714285714285,0.03571428571428571,0.05357142857142857,0.017857142857142856,0.0,0.03571428571428571,0.0,0.017857142857142856,0.0,0.0,0.0,0.0,0.0,0.0,0.0,0.0,0.017857142857142856,0.0,0.0,0.07142857142857142,0.0,0.0,0.05357142857142857,0.017857142857142856,0.0,0.0,0.0,0.0,0.125,0.0,0.0,0.017857142857142856,0.0,0.0,0.0,0.0,0.0,0.0,0.0,0.0,0.0,0.0,0.0,0.0,0.03175692514375513,0.0,0.42857142857142855,0.06020373573610944,56.0,4.04305126783455,5.088383626746426,4.862785587856963,6.678571428571429
0.0,0.0625,0.0625,0.0625,0.21875,0.21875,0.0,0.03125,0.0625,0.0,0.28125,0.0,0.03125,0.03125,0.03125,0.03125,0.0625,0.0,0.0625,0.03125,0.0,0.09375,0.0625,0.0,0.0,0.0,0.0,0.0,0.0,0.0,0.03125,0.0,0.0625,0.0,0.0,0.09375,0.0,0.0,0.03125,0.0,0.0,0.0,0.0,0.0,0.125,0.03125,0.0,0.03125,0.03125,0.0,0.0,0.0,0.0,0.0,0.0,0.0,0.0,0.0,0.0,0.0,0.022861075658286076,0.0,0.2,0.0399784198314443,32.0,3.4965075614664802,6.2080603460589305,3.73525747941156,7.28125
0.023255813953488372,0.09302325581395349,0.06976744186046512,0.09302325581395349,0.18604651162790697,0.20930232558139536,0.046511627906976744,0.0,0.11627906976744186,0.0,0.37209302325581395,0.0,0.0,0.046511627906976744,0.0,0.0,0.09302325581395349,0.0,0.09302325581395349,0.0,0.0,0.09302325581395349,0.023255813953488372,0.0,0.0,0.0,0.0,0.0,0.0,0.0,0.023255813953488372,0.0,0.023255813953488372,0.023255813953488372,0.023255813953488372,0.09302325581395349,0.0,0.0,0.023255813953488372,0.0,0.0,0.0,0.023255813953488372,0.0,0.18604651162790697,0.0,0.0,0.046511627906976744,0.023255813953488372,0.0,0.0,0.046511627906976744,0.0,0.0,0.0,0.0,0.0,0.0,0.0,0.023255813953488372,0.03967351722106255,0.0,0.2222222222222222,0.05598959192654143,43.0,3.784189633918261,6.53247069042581,3.3713712138456042,6.511627906976744
0.0,0.0,0.0,0.0,0.5555555555555556,0.1111111111111111,0.0,0.0,0.0,0.0,0.3333333333333333,0.0,0.1111111111111111,0.0,0.0,0.0,0.0,0.0,0.0,0.1111111111111111,0.0,0.0,0.0,0.0,0.0,0.0,0.0,0.0,0.0,0.0,0.0,0.0,0.0,0.0,0.0,0.0,0.0,0.0,0.0,0.0,0.0,0.0,0.0,0.0,0.2222222222222222,0.1111111111111111,0.0,0.0,0.0,0.0,0.0,0.0,0.0,0.0,0.0,0.0,0.0,0.0,0.0,0.0,0.0464538232029583,0.0,0.18181818181818182,0.052202239631794996,9.0,2.302585092994046,2.8904913381768993,5.858411700650697,7.888888888888889
0.07692307692307693,0.07692307692307693,0.07692307692307693,0.07692307692307693,0.23076923076923078,0.46153846153846156,0.15384615384615385,0.07692307692307693,0.07692307692307693,0.07692307692307693,0.07692307692307693,0.0,0.0,0.0,0.0,0.0,0.07692307692307693,0.0,0.0,0.0,0.0,0.0,0.07692307692307693,0.0,0.0,0.0,0.0,0.0,0.07692307692307693,0.0,0.0,0.0,0.07692307692307693,0.07692307692307693,0.0,0.07692307692307693,0.0,0.0,0.0,0.0,0.0,0.0,0.0,0.0,0.3076923076923077,0.07692307692307693,0.0,0.0,0.0,0.0,0.0,0.0,0.0,0.0,0.0,0.0,0.0,0.0,0.07692307692307693,0.0,0.03675894954145728,0.0,0.3333333333333333,0.06256354378938916,13.0,2.6390573296152584,6.496074519683343,3.6923076923076925,6.461538461538462
0.0,0.4444444444444444,0.4444444444444444,0.4444444444444444,0.2222222222222222,0.2222222222222222,0.0,0.1111111111111111,0.0,0.0,0.1111111111111111,0.0,0.0,0.0,0.0,0.1111111111111111,0.0,0.0,0.1111111111111111,0.0,0.0,0.0,0.1111111111111111,0.0,0.0,0.0,0.0,0.0,0.0,0.0,0.0,0.0,0.1111111111111111,0.0,0.0,0.1111111111111111,0.0,0.0,0.2222222222222222,0.0,0.0,0.0,0.0,0.0,0.1111111111111111,0.0,0.0,0.0,0.0,0.0,0.0,0.0,0.0,0.0,0.0,0.0,0.0,0.0,0.0,0.0,0.15366809116809116,0.0,1.0,0.3279809643326672,9.0,2.302585092994046,5.824227781944459,6.000000000000001,6.333333333333333
0.0,0.0,0.0,0.0,0.18181818181818182,0.5454545454545454,0.0,0.0,0.0,0.0,0.0,0.0,0.0,0.0,0.0,0.0,0.0,0.0,0.09090909090909091,0.0,0.0,0.18181818181818182,0.0,0.0,0.0,0.0,0.0,0.0,0.0,0.0,0.0,0.0,0.0,0.0,0.0,0.18181818181818182,0.0,0.0,0.0,0.09090909090909091,0.0,0.09090909090909091,0.0,0.0,0.2727272727272727,0.09090909090909091,0.0,0.0,0.0,0.0,0.0,0.0,0.0,0.0,0.0,0.0,0.0,0.0,0.0,0.0,0.04410913030213182,0.0,0.3333333333333333,0.06519398878097543,11.0,2.4849066497880004,3.5876852952380225,7.940897382517257,9.818181818181818
0.027777777777777776,0.1388888888888889,0.1388888888888889,0.1388888888888889,0.19444444444444445,0.2777777777777778,0.0,0.027777777777777776,0.05555555555555555,0.0,0.25,0.027777777777777776,0.0,0.05555555555555555,0.0,0.027777777777777776,0.08333333333333333,0.0,0.0,0.0,0.0,0.027777777777777776,0.027777777777777776,0.0,0.0,0.0,0.0,0.0,0.0,0.0,0.0,0.027777777777777776,0.0,0.027777777777777776,0.027777777777777776,0.05555555555555555,0.0,0.0,0.08333333333333333,0.027777777777777776,0.027777777777777776,0.027777777777777776,0.027777777777777776,0.0,0.1388888888888889,0.0,0.027777777777777776,0.0,0.05555555555555555,0.027777777777777776,0.0,0.027777777777777776,0.0,0.0,0.0,0.0,0.0,0.0,0.0,0.027777777777777776,0.02615934593296476,0.0,0.2,0.04769322876411849,36.0,3.6109179126442243,7.0204388275757275,4.890151352147863,6.555555555555555
0.07692307692307693,0.07692307692307693,0.038461538461538464,0.038461538461538464,0.2692307692307692,0.3076923076923077,0.038461538461538464,0.0,0.07692307692307693,0.0,0.38461538461538464,0.0,0.07692307692307693,0.0,0.07692307692307693,0.0,0.07692307692307693,0.038461538461538464,0.11538461538461539,0.038461538461538464,0.0,0.07692307692307693,0.11538461538461539,0.0,0.0,0.0,0.0,0.0,0.0,0.0,0.0,0.0,0.038461538461538464,0.07692307692307693,0.0,0.0,0.0,0.038461538461538464,0.038461538461538464,0.0,0.0,0.0,0.0,0.0,0.07692307692307693,0.038461538461538464,0.0,0.0,0.038461538461538464,0.038461538461538464,0.0,0.0,0.07692307692307693,0.0,0.0,0.038461538461538464,0.0,0.0,0.0,0.0,0.04566713083630377,0.0,0.3333333333333333,0.060546817018794996,26.0,3.295836866004329,7.297967762895578,3.9836945772997083,7.230769230769231
0.2,0.2,0.2,0.2,0.2,0.6,0.0,0.0,0.0,0.0,0.0,0.0,0.0,0.0,0.0,0.0,0.0,0.0,0.0,0.0,0.0,0.0,0.0,0.0,0.0,0.0,0.0,0.0,0.0,0.0,0.0,0.0,0.0,0.0,0.0,0.0,0.0,0.0,0.0,0.0,0.0,0.0,0.0,0.0,0.4,0.2,0.0,0.0,0.0,0.0,0.0,0.0,0.2,0.0,0.0,0.0,0.0,0.0,0.0,0.0,0.033125,0.0,0.1,0.03670598589481291,5.0,1.791759469228055,4.221649927296976,8.212186067059124,10.4
0.0,0.06666666666666667,0.06666666666666667,0.06666666666666667,0.2,0.26666666666666666,0.06666666666666667,0.0,0.13333333333333333,0.0,0.2,0.0,0.0,0.0,0.0,0.0,0.06666666666666667,0.0,0.06666666666666667,0.0,0.0,0.13333333333333333,0.0,0.0,0.0,0.0,0.0,0.0,0.0,0.0,0.0,0.06666666666666667,0.06666666666666667,0.06666666666666667,0.0,0.0,0.0,0.0,0.0,0.0,0.06666666666666667,0.0,0.0,0.0,0.13333333333333333,0.0,0.0,0.0,0.0,0.06666666666666667,0.0,0.0,0.0,0.0,0.0,0.0,0.0,0.0,0.0,0.06666666666666667,0.025294181304796076,0.0,0.25,0.05687227807353652,15.0,2.772588722239781,5.725544111514106,3.434465832637669,6.066666666666666
0.0,0.0,0.0,0.0,0.0,0.0,0.0,0.0,0.0,0.0,0.16666666666666666,0.0,0.16666666666666666,0.0,0.16666666666666666,0.0,0.0,0.0,0.0,0.16666666666666666,0.0,0.16666666666666666,0.0,0.0,0.0,0.0,0.0,0.0,0.0,0.0,0.0,0.0,0.0,0.0,0.0,0.16666666666666666,0.0,0.0,0.16666666666666666,0.0,0.0,0.0,0.0,0.0,0.3333333333333333,0.0,0.0,0.0,0.0,0.0,0.0,0.0,0.0,0.0,0.0,0.0,0.0,0.0,0.0,0.0,0.02650793650793651,0.0,0.14285714285714285,0.046126339588457264,6.0,1.9459101490553132,3.544110417748401,2.2110831935702664,6.333333333333333
0.0,0.07142857142857142,0.0,0.0,0.14285714285714285,0.21428571428571427,0.07142857142857142,0.0,0.14285714285714285,0.0,0.21428571428571427,0.0,0.0,0.0,0.0,0.0,0.0,0.0,0.0,0.0,0.0,0.07142857142857142,0.14285714285714285,0.0,0.0,0.0,0.0,0.0,0.0,0.0,0.07142857142857142,0.0,0.0,0.0,0.0,0.0,0.0,0.0,0.07142857142857142,0.0,0.0,0.0,0.0,0.0,0.2857142857142857,0.0,0.0,0.0,0.0,0.0,0.0,0.07142857142857142,0.0,0.0,0.0,0.0,0.0,0.0,0.0,0.0,0.03762240903269379,0.0,0.3,0.058400657130196564,14.0,2.70805020110221,4.3037166629243115,2.7930306851453075,6.357142857142857
0.0,0.0,0.0,0.0,0.0625,0.375,0.0625,0.0625,0.0625,0.0625,0.1875,0.0,0.0,0.0,0.0,0.0,0.125,0.0,0.125,0.0,0.0,0.1875,0.125,0.0,0.0,0.0,0.0,0.0,0.0625,0.0,0.0,0.0,0.0625,0.0625,0.0,0.0625,0.0,0.0625,0.0,0.0,0.0,0.0,0.0,0.0,0.1875,0.0,0.0,0.0,0.0,0.0,0.0,0.0,0.0,0.0,0.0,0.0,0.0,0.0,0.0,0.0,0.02380126357990135,0.0,0.16666666666666666,0.04086667803040818,16.0,2.833213344056216,5.514097655573916,4.115044805345381,8.0625
0.04395604395604396,0.09157509157509157,0.08424908424908426,0.08424908424908426,0.18681318681318682,0.2857142857142857,0.02197802197802198,0.029304029304029304,0.05128205128205128,0.01098901098901099,0.23809523809523808,0.01098901098901099,0.02197802197802198,0.02197802197802198,0.014652014652014652,0.02197802197802198,0.05860805860805861,0.003663003663003663,0.04395604395604396,0.014652014652014652,0.003663003663003663,0.08058608058608059,0.047619047619047616,0.007326007326007326,0.0,0.003663003663003663,0.007326007326007326,0.007326007326007326,0.003663003663003663,0.0,0.014652014652014652,0.014652014652014652,0.018315018315018316,0.029304029304029304,0.018315018315018316,0.05128205128205128,0.003663003663003663,0.018315018315018316,0.040293040293040296,0.01098901098901099,0.01098901098901099,0.01098901098901099,0.01098901098901099,0.003663003663003663,0.1978021978021978,0.018315018315018316,0.0,0.007326007326007326,0.018315018315018316,0.01098901098901099,0.007326007326007326,0.003663003663003663,0.007326007326007326,0.0,0.003663003663003663,0.0,0.003663003663003663,0.0,0.014652014652014652,0.018315018315018316,0.04770910313205949,0.0,1.0,0.11366163486442019,273.0,5.6131281063880705,7.547844243429996,4.721149916176649,6.989010989010989
0.047619047619047616,0.047619047619047616,0.047619047619047616,0.047619047619047616,0.14285714285714285,0.14285714285714285,0.0,0.0,0.047619047619047616,0.0,0.38095238095238093,0.0,0.0,0.0,0.0,0.0,0.0,0.0,0.047619047619047616,0.0,0.0,0.09523809523809523,0.047619047619047616,0.0,0.0,0.0,0.047619047619047616,0.0,0.0,0.0,0.047619047619047616,0.0,0.0,0.0,0.0,0.0,0.0,0.0,0.047619047619047616,0.0,0.0,0.0,0.0,0.047619047619047616,0.2857142857142857,0.0,0.0,0.0,0.0,0.0,0.0,0.047619047619047616,0.0,0.0,0.0,0.0,0.0,0.0,0.0,0.047619047619047616,0.029106196480146063,0.0,0.2222222222222222,0.048014612631708836,21.0,3.091042453358316,4.891026656600131,3.7585880496516406,6.666666666666667
0.03680981595092025,0.10429447852760736,0.09815950920245399,0.09815950920245399,0.18404907975460122,0.25766871165644173,0.018404907975460124,0.018404907975460124,0.0736196319018405,0.012269938650306749,0.27607361963190186,0.0,0.006134969325153374,0.049079754601226995,0.018404907975460124,0.024539877300613498,0.06748466257668712,0.0,0.049079754601226995,0.006134969325153374,0.018404907975460124,0.04294478527607362,0.06134969325153374,0.006134969325153374,0.0,0.006134969325153374,0.0,0.0,0.012269938650306749,0.0,0.012269938650306749,0.0,0.024539877300613498,0.018404907975460124,0.012269938650306749,0.03067484662576687,0.0,0.018404907975460124,0.04294478527607362,0.006134969325153374,0.006134969325153374,0.006134969325153374,0.018404907975460124,0.012269938650306749,0.17177914110429449,0.018404907975460124,0.012269938650306749,0.012269938650306749,0.012269938650306749,0.006134969325153374,0.006134969325153374,0.018404907975460124,0.012269938650306749,0.0,0.0,0.0,0.0,0.0,0.012269938650306749,0.006134969325153374,0.04175231590202842,0.0,1.0,0.10973225993481765,163.0,5.099866427824199,7.2804127583478655,4.1584141744099075,6.693251533742331
0.06060606060606061,0.12121212121212122,0.12121212121212122,0.12121212121212122,0.18181818181818182,0.30303030303030304,0.0,0.0,0.09090909090909091,0.030303030303030304,0.24242424242424243,0.0,0.0,0.030303030303030304,0.030303030303030304,0.030303030303030304,0.12121212121212122,0.0,0.06060606060606061,0.0,0.0,0.06060606060606061,0.12121212121212122,0.0,0.0,0.0,0.0,0.0,0.0,0.0,0.0,0.0,0.030303030303030304,0.030303030303030304,0.0,0.030303030303030304,0.0,0.0,0.06060606060606061,0.0,0.0,0.0,0.0,0.030303030303030304,0.30303030303030304,0.0,0.0,0.0,0.030303030303030304,0.0,0.0,0.030303030303030304,0.0,0.0,0.030303030303030304,0.0,0.0,0.0,0.0,0.0,0.03694359165002935,0.0,0.3333333333333333,0.059220888918877015,33.0,3.5263605246161616,6.808203899000146,4.593283714302162,6.848484848484849
0.21428571428571427,0.0,0.0,0.0,0.07142857142857142,0.5714285714285714,0.0,0.07142857142857142,0.0,0.0,0.21428571428571427,0.0,0.07142857142857142,0.0,0.07142857142857142,0.0,0.07142857142857142,0.0,0.0,0.14285714285714285,0.0,0.07142857142857142,0.0,0.0,0.0,0.0,0.0,0.0,0.0,0.0,0.0,0.0,0.0,0.07142857142857142,0.0,0.07142857142857142,0.0,0.07142857142857142,0.14285714285714285,0.0,0.0,0.0,0.0,0.07142857142857142,0.35714285714285715,0.0,0.0,0.0,0.0,0.0,0.0,0.0,0.0,0.0,0.0,0.0,0.0,0.0,0.0,0.0,0.08168138781422556,0.0,0.5833333333333334,0.09631753891994538,14.0,2.70805020110221,5.4659497820812275,3.440455593940656,6.142857142857143
0.06329113924050633,0.13924050632911392,0.13924050632911392,0.13924050632911392,0.1518987341772152,0.17721518987341772,0.012658227848101266,0.012658227848101266,0.05063291139240506,0.0,0.26582278481012656,0.012658227848101266,0.02531645569620253,0.02531645569620253,0.02531645569620253,0.012658227848101266,0.05063291139240506,0.012658227848101266,0.0,0.0379746835443038,0.0,0.02531645569620253,0.012658227848101266,0.0,0.0,0.0,0.0379746835443038,0.0,0.012658227848101266,0.0,0.0,0.012658227848101266,0.0,0.02531645569620253,0.02531645569620253,0.02531645569620253,0.0,0.012658227848101266,0.05063291139240506,0.012658227848101266,0.012658227848101266,0.012658227848101266,0.012658227848101266,0.02531645569620253,0.10126582278481013,0.0,0.0,0.012658227848101266,0.0,0.0,0.012658227848101266,0.02531645569620253,0.0,0.0,0.0,0.0,0.0,0.012658227848101266,0.012658227848101266,0.02531645569620253,0.028624891940938223,0.0,0.15625,0.045327357686233104,79.0,4.382026634673881,6.849591228362057,3.548370180879441,6.063291139240507
0.0,0.1,0.1,0.1,0.2,0.0,0.0,0.0,0.1,0.0,0.4,0.0,0.0,0.0,0.0,0.0,0.0,0.0,0.0,0.0,0.0,0.2,0.0,0.0,0.0,0.0,0.0,0.0,0.0,0.0,0.0,0.1,0.0,0.1,0.0,0.0,0.0,0.0,0.1,0.0,0.1,0.0,0.1,0.0,0.1,0.1,0.0,0.0,0.0,0.1,0.0,0.1,0.0,0.0,0.0,0.0,0.0,0.0,0.0,0.0,0.019963369963369962,0.0,0.2,0.045519079089993135,10.0,2.3978952727983707,5.776048999263461,4.94064773081425,7.7
0.08333333333333333,0.1111111111111111,0.1111111111111111,0.1111111111111111,0.1111111111111111,0.25,0.05555555555555555,0.027777777777777776,0.0,0.0,0.19444444444444445,0.027777777777777776,0.05555555555555555,0.0,0.05555555555555555,0.0,0.08333333333333333,0.0,0.0,0.027777777777777776,0.027777777777777776,0.0,0.08333333333333333,0.0,0.0,0.0,0.05555555555555555,0.0,0.0,0.0,0.0,0.027777777777777776,0.0,0.027777777777777776,0.0,0.05555555555555555,0.0,0.0,0.0,0.0,0.027777777777777776,0.0,0.0,0.027777777777777776,0.2222222222222222,0.05555555555555555,0.0,0.0,0.027777777777777776,0.0,0.0,0.0,0.027777777777777776,0.0,0.0,0.0,0.027777777777777776,0.0,0.0,0.027777777777777776,0.03250405093947774,0.0,1.0,0.10573085477734677,36.0,3.6109179126442243,6.8599736980948425,2.9533408577782247,6.333333333333333
0.0,0.2,0.2,0.2,0.2,0.2,0.0,0.0,0.0,0.0,0.1,0.0,0.0,0.1,0.0,0.1,0.0,0.0,0.0,0.0,0.0,0.1,0.0,0.0,0.0,0.0,0.0,0.0,0.0,0.0,0.0,0.0,0.0,0.0,0.0,0.0,0.0,0.0,0.0,0.0,0.0,0.0,0.0,0.0,0.1,0.0,0.0,0.0,0.0,0.0,0.0,0.0,0.0,0.0,0.0,0.0,0.0,0.0,0.0,0.0,0.044265743334370784,0.0,1.0,0.1570562768184397,10.0,2.3978952727983707,3.982892142331043,2.7294688127912363,4.5
0.18181818181818182,0.09090909090909091,0.0,0.0,0.18181818181818182,0.2727272727272727,0.09090909090909091,0.09090909090909091,0.0,0.0,0.18181818181818182,0.09090909090909091,0.0,0.0,0.0,0.0,0.18181818181818182,0.0,0.0,0.0,0.0,0.0,0.09090909090909091,0.0,0.0,0.0,0.09090909090909091,0.0,0.0,0.0,0.0,0.09090909090909091,0.0,0.09090909090909091,0.18181818181818182,0.09090909090909091,0.0,0.0,0.0,0.0,0.0,0.0,0.0,0.0,0.09090909090909091,0.0,0.0,0.0,0.0,0.0,0.0,0.0,0.0,0.0,0.0,0.0,0.0,0.0,0.0,0.0,0.03170584885079066,0.0,0.2222222222222222,0.05342779586344778,11.0,2.4849066497880004,5.892003611499488,2.9681504940571832,6.909090909090909
0.11538461538461539,0.0,0.0,0.0,0.2692307692307692,0.46153846153846156,0.0,0.0,0.11538461538461539,0.0,0.19230769230769232,0.0,0.038461538461538464,0.0,0.038461538461538464,0.0,0.0,0.038461538461538464,0.038461538461538464,0.038461538461538464,0.0,0.038461538461538464,0.15384615384615385,0.038461538461538464,0.0,0.0,0.0,0.0,0.0,0.0,0.0,0.0,0.038461538461538464,0.0,0.038461538461538464,0.038461538461538464,0.0,0.0,0.15384615384615385,0.0,0.0,0.0,0.0,0.0,0.23076923076923078,0.0,0.0,0.0,0.0,0.0,0.0,0.0,0.0,0.0,0.0,0.0,0.0,0.0,0.038461538461538464,0.0,0.05427443252977036,0.0,0.6666666666666666,0.0884378232805872,26.0,3.295836866004329,5.508613828908164,5.25010566250391,8.115384615384615
0.045454545454545456,0.09090909090909091,0.06818181818181818,0.06818181818181818,0.25,0.2727272727272727,0.022727272727272728,0.045454545454545456,0.022727272727272728,0.045454545454545456,0.2727272727272727,0.0,0.0,0.06818181818181818,0.0,0.0,0.11363636363636363,0.0,0.022727272727272728,0.0,0.0,0.06818181818181818,0.045454545454545456,0.0,0.0,0.0,0.022727272727272728,0.0,0.022727272727272728,0.0,0.0,0.022727272727272728,0.0,0.045454545454545456,0.0,0.09090909090909091,0.0,0.022727272727272728,0.022727272727272728,0.0,0.022727272727272728,0.0,0.0,0.0,0.13636363636363635,0.022727272727272728,0.0,0.0,0.022727272727272728,0.022727272727272728,0.0,0.0,0.0,0.0,0.0,0.022727272727272728,0.0,0.022727272727272728,0.06818181818181818,0.022727272727272728,0.022419201353301308,0.0,0.25,0.04475360106692575,44.0,3.8066624897703196,7.095451621363792,4.2286776746440555,6.931818181818182
0.3333333333333333,0.0,0.0,0.0,0.0,0.5,0.0,0.0,0.0,0.16666666666666666,0.16666666666666666,0.0,0.16666666666666666,0.0,0.0,0.0,0.0,0.0,0.0,0.16666666666666666,0.0,0.0,0.0,0.0,0.0,0.0,0.0,0.0,0.0,0.0,0.0,0.0,0.0,0.0,0.0,0.16666666666666666,0.0,0.0,0.0,0.0,0.0,0.0,0.0,0.0,0.3333333333333333,0.0,0.0,0.0,0.0,0.0,0.0,0.0,0.0,0.0,0.0,0.0,0.0,0.0,0.16666666666666666,0.0,0.09415343915343916,0.0,0.5,0.13189929144790777,6.0,1.9459101490553132,4.141604167868594,4.310839052125854,6.5
0.10909090909090909,0.03636363636363636,0.03636363636363636,0.03636363636363636,0.2,0.2545454545454545,0.03636363636363636,0.01818181818181818,0.10909090909090909,0.03636363636363636,0.2909090909090909,0.0,0.03636363636363636,0.0,0.03636363636363636,0.0,0.01818181818181818,0.0,0.01818181818181818,0.03636363636363636,0.03636363636363636,0.07272727272727272,0.03636363636363636,0.01818181818181818,0.0,0.01818181818181818,0.01818181818181818,0.01818181818181818,0.03636363636363636,0.0,0.01818181818181818,0.0,0.0,0.03636363636363636,0.01818181818181818,0.05454545454545454,0.01818181818181818,0.01818181818181818,0.0,0.0,0.0,0.0,0.01818181818181818,0.0,0.18181818181818182,0.0,0.0,0.0,0.0,0.01818181818181818,0.0,0.01818181818181818,0.03636363636363636,0.0,0.0,0.0,0.0,0.0,0.0,0.0,0.04579662310933119,0.0,0.3333333333333333,0.06206839601568002,55.0,4.02535169073515,6.865438787530997,4.526140785837659,6.636363636363637
0.05555555555555555,0.1111111111111111,0.05555555555555555,0.05555555555555555,0.2222222222222222,0.2222222222222222,0.05555555555555555,0.0,0.05555555555555555,0.05555555555555555,0.16666666666666666,0.0,0.1111111111111111,0.05555555555555555,0.1111111111111111,0.05555555555555555,0.1111111111111111,0.0,0.05555555555555555,0.1111111111111111,0.0,0.0,0.1111111111111111,0.0,0.0,0.0,0.0,0.0,0.0,0.0,0.0,0.0,0.0,0.0,0.0,0.05555555555555555,0.0,0.0,0.05555555555555555,0.0,0.0,0.0,0.05555555555555555,0.0,0.2777777777777778,0.1111111111111111,0.0,0.05555555555555555,0.0,0.0,0.0,0.0,0.05555555555555555,0.0,0.0,0.0,0.0,0.0,0.0,0.0,0.02764761635951207,0.0,0.6363636363636364,0.07001916411954744,18.0,2.9444389791664403,7.617342893714525,3.9440531887330774,7.333333333333333
0.0,0.09090909090909091,0.09090909090909091,0.09090909090909091,0.0,0.09090909090909091,0.0,0.0,0.0,0.0,0.18181818181818182,0.0,0.0,0.0,0.0,0.0,0.09090909090909091,0.0,0.09090909090909091,0.0,0.0,0.09090909090909091,0.0,0.0,0.0,0.09090909090909091,0.0,0.09090909090909091,0.0,0.0,0.0,0.09090909090909091,0.0,0.2727272727272727,0.09090909090909091,0.0,0.09090909090909091,0.0,0.0,0.0,0.0,0.0,0.0,0.0,0.0,0.0,0.0,0.0,0.0,0.09090909090909091,0.0,0.0,0.0,0.0,0.0,0.0,0.0,0.0,0.0,0.0,0.05442279942279943,0.0,1.0,0.14637031025320119,11.0,2.4849066497880004,5.046807421209807,2.391444806902892,3.909090909090909
0.03571428571428571,0.10714285714285714,0.10714285714285714,0.10714285714285714,0.10714285714285714,0.14285714285714285,0.03571428571428571,0.03571428571428571,0.07142857142857142,0.0,0.35714285714285715,0.03571428571428571,0.03571428571428571,0.0,0.03571428571428571,0.03571428571428571,0.03571428571428571,0.03571428571428571,0.0,0.03571428571428571,0.03571428571428571,0.0,0.03571428571428571,0.0,0.0,0.0,0.0,0.0,0.0,0.0,0.03571428571428571,0.0,0.03571428571428571,0.03571428571428571,0.03571428571428571,0.03571428571428571,0.0,0.03571428571428571,0.03571428571428571,0.0,0.0,0.0,0.0,0.0,0.10714285714285714,0.03571428571428571,0.0,0.0,0.10714285714285714,0.0,0.0,0.0,0.03571428571428571,0.0,0.0,0.0,0.0,0.0,0.0,0.0,0.0436110808227586,0.0,1.0,0.16883241402658947,28.0,3.367295829986474,6.880568383975494,4.64999451393137,7.142857142857143
0.0,0.16666666666666666,0.16666666666666666,0.16666666666666666,0.3333333333333333,0.5,0.0,0.0,0.16666666666666666,0.0,0.3333333333333333,0.0,0.0,0.0,0.16666666666666666,0.0,0.0,0.0,0.16666666666666666,0.0,0.0,0.0,0.16666666666666666,0.3333333333333333,0.0,0.0,0.0,0.0,0.0,0.0,0.0,0.0,0.16666666666666666,0.0,0.0,0.16666666666666666,0.0,0.16666666666666666,0.16666666666666666,0.0,0.0,0.0,0.0,0.0,0.5,0.0,0.0,0.16666666666666666,0.0,0.0,0.0,0.0,0.0,0.0,0.0,0.0,0.0,0.0,0.0,0.0,0.032971107838163274,0.0,0.12,0.038872664892171505,6.0,1.9459101490553132,7.754887502163468,5.377421934967226,9.5
0.023255813953488372,0.13953488372093023,0.11627906976744186,0.11627906976744186,0.13953488372093023,0.23255813953488372,0.023255813953488372,0.0,0.06976744186046512,0.023255813953488372,0.23255813953488372,0.0,0.046511627906976744,0.023255813953488372,0.046511627906976744,0.0,0.046511627906976744,0.0,0.046511627906976744,0.046511627906976744,0.0,0.0,0.06976744186046512,0.023255813953488372,0.0,0.0,0.0,0.0,0.0,0.0,0.0,0.0,0.023255813953488372,0.023255813953488372,0.0,0.023255813953488372,0.0,0.023255813953488372,0.023255813953488372,0.0,0.0,0.0,0.0,0.0,0.16279069767441862,0.023255813953488372,0.0,0.0,0.046511627906976744,0.023255813953488372,0.0,0.0,0.0,0.0,0.0,0.0,0.0,0.0,0.023255813953488372,0.0,0.014278255570825231,0.0,0.16666666666666666,0.031906691561053906,43.0,3.784189633918261,6.331686699120068,4.8144590230007775,7.534883720930233
0.0,0.125,0.0,0.0,0.125,0.375,0.125,0.0,0.0,0.125,0.25,0.0,0.0,0.0,0.0,0.0,0.0,0.0,0.125,0.0,0.0,0.0,0.125,0.0,0.0,0.0,0.0,0.0,0.0,0.0,0.0,0.0,0.0,0.125,0.0,0.375,0.0,0.0,0.0,0.125,0.0,0.125,0.0,0.0,0.375,0.0,0.0,0.125,0.0,0.0,0.0,0.0,0.0,0.0,0.0,0.0,0.0,0.0,0.0,0.0,0.05946709824280589,0.0,0.2857142857142857,0.07995529250314631,8.0,2.1972245773362196,5.841917186688699,2.8034576865007255,7.875
0.0,0.2727272727272727,0.2727272727272727,0.2727272727272727,0.2727272727272727,0.45454545454545453,0.0,0.0,0.0,0.0,0.2727272727272727,0.0,0.0,0.0,0.0,0.0,0.0,0.0,0.0,0.0,0.0,0.0,0.09090909090909091,0.09090909090909091,0.0,0.0,0.09090909090909091,0.0,0.0,0.0,0.0,0.0,0.0,0.0,0.0,0.0,0.0,0.0,0.0,0.0,0.0,0.0,0.0,0.0,0.18181818181818182,0.0,0.0,0.0,0.0,0.0,0.0,0.09090909090909091,0.0,0.0,0.0,0.0,0.0,0.0,0.0,0.0,0.0890430398634733,0.0,1.0,0.23213269805656522,11.0,2.4849066497880004,4.778285827210507,3.0260576321987704,5.454545454545454
0.0,0.2777777777777778,0.2222222222222222,0.2222222222222222,0.16666666666666666,0.16666666666666666,0.1111111111111111,0.0,0.1111111111111111,0.0,0.16666666666666666,0.0,0.0,0.0,0.0,0.1111111111111111,0.05555555555555555,0.0,0.05555555555555555,0.0,0.0,0.05555555555555555,0.1111111111111111,0.0,0.0,0.0,0.0,0.0,0.0,0.0,0.0,0.0,0.05555555555555555,0.0,0.0,0.05555555555555555,0.0,0.0,0.1111111111111111,0.0,0.0,0.0,0.0,0.0,0.3333333333333333,0.0,0.05555555555555555,0.0,0.0,0.0,0.0,0.0,0.0,0.0,0.0,0.0,0.0,0.0,0.0,0.05555555555555555,0.08707477565533832,0.0,1.0,0.23564659412877167,18.0,2.9444389791664403,6.681252615536105,3.4641016151377544,6.666666666666667
0.043478260869565216,0.08695652173913043,0.08695652173913043,0.08695652173913043,0.13043478260869565,0.21739130434782608,0.0,0.0,0.08695652173913043,0.0,0.1956521739130435,0.0,0.0,0.021739130434782608,0.0,0.021739130434782608,0.043478260869565216,0.043478260869565216,0.0,0.0,0.0,0.021739130434782608,0.043478260869565216,0.0,0.0,0.0,0.021739130434782608,0.0,0.0,0.0,0.0,0.021739130434782608,0.06521739130434782,0.08695652173913043,0.0,0.06521739130434782,0.0,0.0,0.043478260869565216,0.0,0.021739130434782608,0.0,0.021739130434782608,0.021739130434782608,0.1956521739130435,0.0,0.0,0.0,0.021739130434782608,0.0,0.0,0.0,0.0,0.0,0.0,0.0,0.0,0.0,0.021739130434782608,0.021739130434782608,0.03873552177178891,0.0,0.6666666666666666,0.08205983185743032,46.0,3.8501476017100584,6.132848640372368,2.9664953257941287,6.065217391304348
0.07407407407407407,0.1111111111111111,0.07407407407407407,0.07407407407407407,0.18518518518518517,0.2962962962962963,0.07407407407407407,0.037037037037037035,0.07407407407407407,0.07407407407407407,0.37037037037037035,0.0,0.0,0.0,0.0,0.0,0.037037037037037035,0.0,0.037037037037037035,0.0,0.0,0.14814814814814814,0.037037037037037035,0.0,0.0,0.0,0.0,0.0,0.0,0.0,0.07407407407407407,0.0,0.0,0.037037037037037035,0.0,0.0,0.0,0.037037037037037035,0.037037037037037035,0.037037037037037035,0.0,0.037037037037037035,0.0,0.0,0.3333333333333333,0.0,0.0,0.0,0.0,0.0,0.0,0.037037037037037035,0.0,0.0,0.0,0.037037037037037035,0.037037037037037035,0.0,0.0,0.1111111111111111,0.0419298142418347,0.0,1.0,0.1112109361405502,27.0,3.332204510175204,7.202382544685099,5.094444107866488,7.481481481481482
0.0625,0.0625,0.0625,0.0625,0.375,0.3125,0.125,0.0625,0.0,0.0,0.3125,0.0,0.0,0.0,0.0,0.0625,0.0,0.0,0.0,0.0,0.0,0.0,0.0625,0.0,0.0,0.0625,0.0,0.0625,0.0,0.0,0.0,0.0,0.0,0.0,0.0,0.0625,0.0625,0.0625,0.0,0.0625,0.0,0.0625,0.0,0.0,0.0625,0.0,0.0,0.0,0.0625,0.0,0.0,0.0,0.0,0.0,0.0,0.0,0.0,0.0,0.0,0.0,0.04149805843083154,0.0,0.2222222222222222,0.06679972497193462,16.0,2.833213344056216,5.954434002924964,3.278719262151,5.5
0.09090909090909091,0.09090909090909091,0.09090909090909091,0.09090909090909091,0.0,0.2727272727272727,0.0,0.0,0.09090909090909091,0.0,0.18181818181818182,0.0,0.0,0.0,0.0,0.0,0.0,0.0,0.0,0.0,0.0,0.18181818181818182,0.0,0.0,0.0,0.0,0.09090909090909091,0.0,0.0,0.0,0.0,0.0,0.09090909090909091,0.0,0.0,0.0,0.0,0.0,0.0,0.0,0.0,0.0,0.0,0.0,0.0,0.0,0.0,0.0,0.0,0.0,0.0,0.0,0.0,0.0,0.0,0.0,0.0,0.0,0.0,0.0,0.020191945735423995,0.0,0.25,0.04882987775100425,11.0,2.4849066497880004,3.6070141053416998,3.4233037061386784,6.090909090909091
0.0,0.03571428571428571,0.03571428571428571,0.03571428571428571,0.25,0.32142857142857145,0.05357142857142857,0.03571428571428571,0.10714285714285714,0.05357142857142857,0.39285714285714285,0.017857142857142856,0.017857142857142856,0.03571428571428571,0.017857142857142856,0.05357142857142857,0.08928571428571429,0.017857142857142856,0.07142857142857142,0.017857142857142856,0.0,0.03571428571428571,0.08928571428571429,0.0,0.0,0.0,0.0,0.0,0.017857142857142856,0.0,0.0,0.0,0.07142857142857142,0.017857142857142856,0.017857142857142856,0.05357142857142857,0.0,0.0,0.017857142857142856,0.0,0.0,0.0,0.0,0.0,0.21428571428571427,0.017857142857142856,0.017857142857142856,0.0,0.017857142857142856,0.0,0.0,0.03571428571428571,0.017857142857142856,0.0,0.0,0.017857142857142856,0.0,0.0,0.0,0.03571428571428571,0.03959549150369753,0.0,0.2631578947368421,0.05490221591502956,56.0,4.04305126783455,7.273813914219764,5.079470485017436,7.642857142857143
0.0,0.2,0.2,0.2,0.2,0.6,0.2,0.0,0.0,0.0,0.0,0.0,0.0,0.0,0.0,0.0,0.0,0.0,0.0,0.0,0.0,0.2,0.0,0.0,0.0,0.0,0.0,0.0,0.0,0.0,0.0,0.0,0.0,0.0,0.0,0.2,0.0,0.0,0.0,0.0,0.0,0.0,0.0,0.0,0.4,0.0,0.0,0.0,0.0,0.0,0.0,0.0,0.0,0.0,0.0,0.0,0.0,0.0,0.0,0.0,0.027142857142857146,0.0,0.13333333333333333,0.04467316431569767,5.0,1.791759469228055,4.221649927296975,2.3151673805580453,6.2
0.0,0.25,0.25,0.25,0.25,0.25,0.0,0.0,0.0,0.0,0.375,0.0,0.0,0.0,0.0,0.0,0.125,0.0,0.0,0.0,0.0,0.0,0.0,0.0,0.0,0.0,0.0,0.0,0.0,0.0,0.0,0.125,0.0,0.125,0.0,0.0,0.0,0.0,0.0,0.0,0.125,0.0,0.0,0.0,0.125,0.0,0.0,0.0,0.0,0.0,0.125,0.0,0.0,0.0,0.0,0.0,0.0,0.0,0.0,0.0,0.0660293079935937,0.0,1.0,0.18858359441435638,8.0,2.1972245773362196,5.280639062229566,1.984313483298443,5.25
