sample_id,label,strategy,source,genes_list
AraCyc::ALACAT2-PWY,1,positive,AraCyc,"['AT1G17290', 'AT1G17300', 'AT1G23310', 'AT1G70560', 'AT1G70580', 'AT1G72330', 'AT2G45630', 'AT3G03910']"
AraCyc::ALANINE-DEG3-PWY,1,positive,AraCyc,"['AT1G17290', 'AT1G17300', 'AT1G23310', 'AT1G70560', 'AT1G70580', 'AT1G72330']"
AraCyc::ALANINE-SYN2-PWY,1,positive,AraCyc,"['AT1G17290', 'AT1G17300', 'AT1G23310', 'AT1G70560', 'AT1G70580', 'AT1G72330']"
AraCyc::ARGSPECAT-PWY,1,positive,AraCyc,"['AT3G17717', 'AT3G25570', 'AT5G15950', 'AT5G18930', 'AT5G19530', 'AT5G53120']"
AraCyc::ARGSYN-PWY,1,positive,AraCyc,"['AT1G60000', 'AT1G75330', 'AT1G80600', 'AT2G19940', 'AT2G22905', 'AT2G22910', 'AT2G37500', 'AT3G57560', 'AT4G17830', 'AT4G24830', 'AT4G37670', 'AT5G10920', 'AT5G67430']"
AraCyc::ARGSYNBSUB-PWY,1,positive,AraCyc,"['AT1G48470', 'AT1G60000', 'AT1G75330', 'AT1G80600', 'AT2G19940', 'AT2G22905', 'AT2G22910', 'AT2G37500', 'AT3G57560', 'AT4G24830', 'AT4G37670', 'AT5G10920', 'AT5G67430']"
AraCyc::ARO-PWY,1,positive,AraCyc,"['AT1G22410', 'AT1G48850', 'AT1G48860', 'AT2G21940', 'AT2G45300', 'AT3G06350', 'AT4G33510', 'AT4G39540', 'AT4G39980', 'AT5G66120']"
AraCyc::ASPARAGINE-DEG1-PWY,1,positive,AraCyc,"['AT3G16150', 'AT4G00590', 'AT5G08100', 'AT5G22300', 'AT5G60540']"
AraCyc::ASPARAGINE-DEG1-PWY-1,1,positive,AraCyc,"['AT1G62800', 'AT1G62960', 'AT1G70560', 'AT2G22250', 'AT2G30970', 'AT3G16150', 'AT4G00590', 'AT4G31990', 'AT5G08100', 'AT5G11520', 'AT5G19550', 'AT5G22300', 'AT5G51690', 'AT5G60540', 'AT5G61540']"
AraCyc::ASPARTATE-DEG1-PWY,1,positive,AraCyc,"['AT1G62800', 'AT1G62960', 'AT1G70560', 'AT2G22250', 'AT2G30970', 'AT4G31990', 'AT5G11520', 'AT5G19550', 'AT5G51690']"
AraCyc::ASPARTATESYN-PWY,1,positive,AraCyc,"['AT1G62800', 'AT1G62960', 'AT1G70560', 'AT2G22250', 'AT2G30970', 'AT4G31990', 'AT5G11520', 'AT5G19550', 'AT5G51690']"
AraCyc::ASPASN-ARA-PWY,1,positive,AraCyc,"['AT1G62800', 'AT1G62960', 'AT1G70560', 'AT2G03667', 'AT2G22250', 'AT2G30970', 'AT3G16150', 'AT3G47340', 'AT4G00590', 'AT4G31990', 'AT5G08100', 'AT5G10240', 'AT5G11520', 'AT5G19550', 'AT5G22300', 'AT5G51690', 'AT5G60540', 'AT5G65010']"
AraCyc::BRANCHED-CHAIN-AA-SYN-PWY,1,positive,AraCyc,"['AT1G10060', 'AT1G10070', 'AT1G31180', 'AT1G50090', 'AT1G50110', 'AT1G68490', 'AT1G70560', 'AT1G80555', 'AT1G80560', 'AT2G43090', 'AT2G43100', 'AT3G05190', 'AT3G19710', 'AT3G23940', 'AT3G48560', 'AT3G49680', 'AT3G58610', 'AT3G58990', 'AT5G14200', 'AT5G27410', 'AT5G65780']"
AraCyc::BSUBPOLYAMSYN-PWY,1,positive,AraCyc,"['AT1G23820', 'AT1G70310', 'AT3G17717', 'AT3G25570', 'AT5G15950', 'AT5G18930', 'AT5G53120']"
AraCyc::CALVIN-PWY,1,positive,AraCyc,"['AT1G08940', 'AT1G43670', 'AT1G56190', 'AT1G63290', 'AT1G67090', 'AT1G71100', 'AT1G79550', 'AT2G01140', 'AT2G01290', 'AT2G07732', 'AT2G21170', 'AT2G21330', 'AT2G36460', 'AT2G45290', 'AT3G01850', 'AT3G04790', 'AT3G04880', 'AT3G05170', 'AT3G12780', 'AT3G52930', 'AT3G54050', 'AT3G55440', 'AT3G55800', 'AT3G60750', 'AT4G26520', 'AT4G26530', 'AT4G38970', 'AT5G03690', 'AT5G38410', 'AT5G38420', 'AT5G38430', 'AT5G44520', 'AT5G61410', 'AT5G64380', 'ATMG00280']"
AraCyc::CAMALEXIN-SYN,1,positive,AraCyc,"['AT1G13080', 'AT1G13090', 'AT1G13110', 'AT1G58265', 'AT1G69820', 'AT2G23960', 'AT2G23970', 'AT2G30770', 'AT3G26150', 'AT3G26160', 'AT3G26170', 'AT3G26180', 'AT3G26190', 'AT3G26200', 'AT3G26210', 'AT3G26220', 'AT3G26230', 'AT3G26280', 'AT3G26830', 'AT3G44250', 'AT3G53280', 'AT3G53290', 'AT4G13290', 'AT4G20235', 'AT4G29210', 'AT4G30530', 'AT4G30540', 'AT4G30550', 'AT4G39640', 'AT4G39650', 'AT5G35715']"
AraCyc::CHLOROPHYLL-SYN,1,positive,AraCyc,"['AT1G03475', 'AT2G40490', 'AT3G14930', 'AT3G56940', 'AT4G01690', 'AT4G03205', 'AT4G25080', 'AT5G14220', 'AT5G45930', 'AT5G58250']"
AraCyc::CITRULBIO-PWY,1,positive,AraCyc,"['AT1G24807', 'AT1G24909', 'AT1G25083', 'AT1G25155', 'AT1G25220', 'AT1G30820', 'AT1G48520', 'AT1G63660', 'AT1G70570', 'AT1G75330', 'AT2G03667', 'AT2G28880', 'AT2G29690', 'AT2G34890', 'AT2G38210', 'AT2G39800', 'AT2G41220', 'AT3G12670', 'AT3G16050', 'AT3G25660', 'AT3G30775', 'AT3G47340', 'AT3G55610', 'AT3G55870', 'AT4G02120', 'AT4G05400', 'AT4G08870', 'AT4G08900', 'AT4G20320', 'AT4G26900', 'AT4G32915', 'AT4G34880', 'AT5G01410', 'AT5G04140', 'AT5G05730', 'AT5G07360', 'AT5G10240', 'AT5G38710', 'AT5G46180', 'AT5G53460', 'AT5G57890', 'AT5G60540', 'AT5G65010']"
AraCyc::COA-PWY,1,positive,AraCyc,"['AT1G12350', 'AT1G48605', 'AT2G18250', 'AT2G27490', 'AT3G18030', 'AT5G02080']"
AraCyc::COMPLETE-ARO-ARA-PWY,1,positive,AraCyc,"['AT1G07780', 'AT1G08250', 'AT1G11790', 'AT1G24807', 'AT1G24909', 'AT1G25083', 'AT1G25155', 'AT1G25220', 'AT1G29410', 'AT1G69370', 'AT1G70570', 'AT2G04400', 'AT2G22250', 'AT2G27820', 'AT2G29690', 'AT3G07630', 'AT3G29200', 'AT3G44720', 'AT3G54640', 'AT3G55870', 'AT4G02610', 'AT4G27070', 'AT5G05590', 'AT5G05730', 'AT5G10870', 'AT5G17990', 'AT5G22630', 'AT5G28237', 'AT5G34930', 'AT5G48220', 'AT5G54810', 'AT5G57890']"
AraCyc::CYANCAT-PWY,1,positive,AraCyc,"['AT1G08065', 'AT1G08080', 'AT1G19580', 'AT1G23730', 'AT1G47260', 'AT1G58180', 'AT1G70410', 'AT2G28210', 'AT3G01500', 'AT3G52720', 'AT4G20990', 'AT4G21000', 'AT4G33580', 'AT5G04180', 'AT5G14740', 'AT5G56330']"
AraCyc::CYSTSYN-PWY,1,positive,AraCyc,"['AT1G55880', 'AT1G55920', 'AT2G17640', 'AT3G03630', 'AT3G04940', 'AT3G13110', 'AT3G22460', 'AT3G52750', 'AT3G61440', 'AT4G35640', 'AT5G28020', 'AT5G28030', 'AT5G56760']"
AraCyc::DETOX1-PWY,1,positive,AraCyc,"['AT1G08830', 'AT1G47980', 'AT2G28190', 'AT3G10920', 'AT3G56350', 'AT3G62730', 'AT4G00651', 'AT4G25100', 'AT5G18100', 'AT5G23310', 'AT5G51100']"
AraCyc::DETOX1-PWY-1,1,positive,AraCyc,"['AT1G08830', 'AT1G21864', 'AT1G47980', 'AT1G63460', 'AT2G28190', 'AT2G30860', 'AT2G31570', 'AT2G43350', 'AT2G48150', 'AT3G10920', 'AT3G56350', 'AT3G62730', 'AT3G63080', 'AT4G00651', 'AT4G11600', 'AT4G25100', 'AT4G31870', 'AT5G18100', 'AT5G23310', 'AT5G51100']"
AraCyc::DTDPRHAMSYN-PWY,1,positive,AraCyc,"['AT1G23190', 'AT1G63000', 'AT1G70730', 'AT1G70820', 'AT4G00560', 'AT5G17530', 'AT5G51820']"
AraCyc::ETHYL-PWY,1,positive,AraCyc,"['AT1G05010', 'AT1G12010', 'AT1G62380', 'AT1G62960', 'AT1G77330', 'AT2G19590', 'AT2G36880', 'AT3G17390', 'AT3G49620', 'AT3G49630', 'AT3G49700', 'AT3G50210', 'AT3G61510', 'AT4G01850', 'AT4G08040', 'AT4G11280', 'AT4G16765', 'AT4G16770', 'AT4G26200', 'AT4G35830', 'AT4G37770', 'AT5G51690', 'AT5G65800']"
AraCyc::FASYN-ELONG-PWY,1,positive,AraCyc,"['AT1G07440', 'AT1G10310', 'AT1G62610', 'AT1G63380', 'AT2G04540', 'AT2G05990', 'AT2G17845', 'AT2G22230', 'AT3G45770', 'AT3G46170', 'AT3G55290', 'AT3G55310', 'AT5G10160', 'AT5G60335', 'AT5G64250']"
AraCyc::GLUCONEO-PWY,1,positive,AraCyc,"['AT1G04410', 'AT1G08940', 'AT1G09780', 'AT1G13440', 'AT1G16300', 'AT1G43670', 'AT1G53240', 'AT1G56190', 'AT1G74030', 'AT1G79530', 'AT1G79550', 'AT1G79750', 'AT2G01140', 'AT2G19900', 'AT2G21170', 'AT2G21330', 'AT2G22780', 'AT2G29560', 'AT2G36460', 'AT2G36530', 'AT3G04120', 'AT3G04530', 'AT3G05170', 'AT3G08590', 'AT3G12780', 'AT3G15020', 'AT3G30841', 'AT3G47520', 'AT3G52930', 'AT3G53910', 'AT3G54050', 'AT3G55440', 'AT4G09520', 'AT4G24620', 'AT4G26520', 'AT4G26530', 'AT4G37870', 'AT4G38970', 'AT5G03690', 'AT5G09660', 'AT5G11670', 'AT5G25880', 'AT5G42740', 'AT5G43330', 'AT5G56720', 'AT5G58330', 'AT5G64380', 'AT5G65690']"
AraCyc::GLUCOSE1PMETAB-PWY,1,positive,AraCyc,"['AT1G23190', 'AT1G47840', 'AT1G47845', 'AT1G50460', 'AT1G70730', 'AT1G70820', 'AT2G19860', 'AT3G20040', 'AT4G29130', 'AT4G37840', 'AT5G17530', 'AT5G51820', 'AT5G62573']"
AraCyc::GLUTAMINDEG-PWY,1,positive,AraCyc,"['AT1G24807', 'AT1G24909', 'AT1G25083', 'AT1G25155', 'AT1G25220', 'AT1G30820', 'AT1G48520', 'AT1G63660', 'AT1G70570', 'AT2G03667', 'AT2G28880', 'AT2G29690', 'AT2G34890', 'AT2G38210', 'AT2G41220', 'AT3G12670', 'AT3G16050', 'AT3G25660', 'AT3G47340', 'AT3G55870', 'AT4G02120', 'AT4G05400', 'AT4G20320', 'AT4G26900', 'AT4G32915', 'AT4G34880', 'AT5G01410', 'AT5G04140', 'AT5G05730', 'AT5G07360', 'AT5G10240', 'AT5G53460', 'AT5G57890', 'AT5G60540', 'AT5G65010']"
AraCyc::GLUTORN-PWY,1,positive,AraCyc,"['AT1G60000', 'AT1G80600', 'AT2G19940', 'AT2G22905', 'AT2G22910', 'AT2G37500', 'AT3G57560', 'AT4G17830', 'AT4G37670', 'AT5G67430']"
AraCyc::GLYCLEAV-PWY,1,positive,AraCyc,"['AT1G11860', 'AT1G32470', 'AT1G48030', 'AT1G60990', 'AT2G26080', 'AT2G35370', 'AT3G16950', 'AT3G17240', 'AT4G16155', 'AT4G33010']"
AraCyc::GLYCOLYSIS,1,positive,AraCyc,"['AT1G06730', 'AT1G08940', 'AT1G09780', 'AT1G13440', 'AT1G16300', 'AT1G19600', 'AT1G22170', 'AT1G43670', 'AT1G56190', 'AT1G74030', 'AT1G78050', 'AT1G79530', 'AT1G79550', 'AT2G01140', 'AT2G21170', 'AT2G21330', 'AT2G22480', 'AT2G29560', 'AT2G36460', 'AT2G36530', 'AT2G36580', 'AT3G04050', 'AT3G04120', 'AT3G05170', 'AT3G08590', 'AT3G12780', 'AT3G25960', 'AT3G26780', 'AT3G30841', 'AT3G49160', 'AT3G52930', 'AT3G52990', 'AT3G54050', 'AT3G55440', 'AT3G55650', 'AT3G55810', 'AT4G09520', 'AT4G24620', 'AT4G26270', 'AT4G26390', 'AT4G26520', 'AT4G26530', 'AT4G27600', 'AT4G29220', 'AT4G32840', 'AT4G38970', 'AT5G03690', 'AT5G08570', 'AT5G42740', 'AT5G47810', 'AT5G56350', 'AT5G56630', 'AT5G61580', 'AT5G62840', 'AT5G63680', 'AT5G64380']"
AraCyc::GLYOXYLATE-BYPASS,1,positive,AraCyc,"['AT1G04410', 'AT1G53240', 'AT2G05710', 'AT2G11270', 'AT2G22780', 'AT2G42790', 'AT2G44350', 'AT3G15020', 'AT3G21720', 'AT3G47520', 'AT3G53910', 'AT3G58740', 'AT3G58750', 'AT3G60100', 'AT4G26970', 'AT4G35830', 'AT5G03860', 'AT5G09660', 'AT5G43330', 'AT5G54950', 'AT5G56720']"
AraCyc::GLYSYN-ALA-PWY,1,positive,AraCyc,"['AT1G23310', 'AT1G70580', 'AT2G38400', 'AT3G08860', 'AT4G39660']"
AraCyc::GLYSYN-PWY,1,positive,AraCyc,"['AT1G22020', 'AT1G36370', 'AT4G13890', 'AT4G13930', 'AT4G32520', 'AT4G37930', 'AT5G26780']"
AraCyc::GLYSYN2-PWY,1,positive,AraCyc,"['AT1G08630', 'AT1G22020', 'AT1G23310', 'AT1G36370', 'AT1G70580', 'AT3G04520', 'AT4G13890', 'AT4G13930', 'AT4G32520', 'AT4G37930', 'AT5G26780']"
AraCyc::HEME-BIOSYNTHESIS-II,1,positive,AraCyc,"['AT1G03475', 'AT2G30390', 'AT2G40490', 'AT3G14930', 'AT4G01690', 'AT4G03205', 'AT4G03240', 'AT5G14220', 'AT5G26030']"
AraCyc::HISTSYN-PWY,1,positive,AraCyc,"['AT1G09795', 'AT1G31860', 'AT1G58080', 'AT1G71920', 'AT2G36230', 'AT3G22425', 'AT4G14910', 'AT4G26900', 'AT4G39120', 'AT5G10330', 'AT5G63890']"
AraCyc::HOMOSERSYN-PWY,1,positive,AraCyc,"['AT1G31230', 'AT3G02020', 'AT4G19710', 'AT5G13280', 'AT5G14060', 'AT5G21060']"
AraCyc::ILE-VAL-PWY,1,positive,AraCyc,"['AT1G10060', 'AT1G10070', 'AT3G23940', 'AT3G48560', 'AT3G49680', 'AT3G58610', 'AT5G65780']"
AraCyc::ILEUDEG-PWY,1,positive,AraCyc,"['AT1G04710', 'AT1G10060', 'AT1G10070', 'AT2G33150', 'AT3G49680', 'AT5G47720', 'AT5G48230', 'AT5G48880', 'AT5G65780']"
AraCyc::ILEUSYN-PWY,1,positive,AraCyc,"['AT1G10060', 'AT1G10070', 'AT3G23940', 'AT3G48560', 'AT3G49680', 'AT5G65780']"
AraCyc::LEU-DEG2-PWY,1,positive,AraCyc,"['AT1G10060', 'AT1G10070', 'AT1G50090', 'AT1G50110', 'AT1G70560', 'AT2G26800', 'AT3G05190', 'AT3G19710', 'AT3G45300', 'AT3G49680', 'AT4G16800', 'AT5G27410', 'AT5G65780']"
AraCyc::LEUSYN-PWY,1,positive,AraCyc,"['AT1G10060', 'AT1G10070', 'AT1G31180', 'AT1G50090', 'AT1G50110', 'AT1G68490', 'AT1G70560', 'AT1G80555', 'AT1G80560', 'AT2G43090', 'AT2G43100', 'AT3G05190', 'AT3G19710', 'AT3G49680', 'AT3G58990', 'AT5G14200', 'AT5G27410', 'AT5G65780']"
AraCyc::LIPAS-PWY,1,positive,AraCyc,"['AT1G05790', 'AT1G05800', 'AT1G06250', 'AT1G06800', 'AT1G08310', 'AT1G18360', 'AT1G21390', 'AT1G30370', 'AT1G33990', 'AT1G51440', 'AT1G61850', 'AT1G76980', 'AT1G78210', 'AT2G15230', 'AT2G18360', 'AT2G26560', 'AT2G30550', 'AT2G31100', 'AT2G31690', 'AT2G39220', 'AT2G42450', 'AT3G14075', 'AT3G44510', 'AT3G49050', 'AT3G54950', 'AT3G63200', 'AT4G00500', 'AT4G09900', 'AT4G16070', 'AT4G16820', 'AT4G17150', 'AT4G18550', 'AT4G19420', 'AT4G29800', 'AT4G36610', 'AT4G37050', 'AT4G37060', 'AT5G04040', 'AT5G11650', 'AT5G37710', 'AT5G38360', 'AT5G42930', 'AT5G43590', 'AT5G67050']"
AraCyc::LIPASYN-PWY,1,positive,AraCyc,"['AT1G02660', 'AT1G05800', 'AT1G06250', 'AT1G06800', 'AT1G07230', 'AT1G10040', 'AT1G10740', 'AT1G23330', 'AT1G27480', 'AT1G29120', 'AT1G30370', 'AT1G31480', 'AT1G33270', 'AT1G34340', 'AT1G51440', 'AT1G52570', 'AT1G52700', 'AT1G55180', 'AT1G61850', 'AT2G03140', 'AT2G06925', 'AT2G19690', 'AT2G26870', 'AT2G30550', 'AT2G31690', 'AT2G40116', 'AT2G42690', 'AT3G03310', 'AT3G03370', 'AT3G03520', 'AT3G03530', 'AT3G03540', 'AT3G05630', 'AT3G27325', 'AT3G47220', 'AT3G47290', 'AT3G48610', 'AT3G50790', 'AT3G55940', 'AT3G61680', 'AT3G62590', 'AT4G00240', 'AT4G11830', 'AT4G11840', 'AT4G16820', 'AT4G19860', 'AT4G25770', 'AT4G29460', 'AT4G29470', 'AT4G34930', 'AT4G38530', 'AT5G18630', 'AT5G18640', 'AT5G25370', 'AT5G42930', 'AT5G49950', 'AT5G51180', 'AT5G58690', 'AT5G58700']"
AraCyc::LYSINE-DEG2-PWY,1,positive,AraCyc,"['AT1G76150', 'AT3G06860', 'AT4G33150', 'AT5G47720', 'AT5G48230']"
AraCyc::MANNOSYL-CHITO-DOLICHOL-BIOSYNTHESIS,1,positive,AraCyc,"['AT1G02145', 'AT1G16570', 'AT1G16900', 'AT1G78800', 'AT2G39630', 'AT2G40190', 'AT2G41490', 'AT2G44660', 'AT2G47760', 'AT3G57220', 'AT4G16710', 'AT5G02410', 'AT5G14850', 'AT5G38460']"
AraCyc::METHIONINE-DEG1-PWY,1,positive,AraCyc,"['AT2G36880', 'AT3G17390', 'AT3G23810', 'AT4G01850', 'AT4G13940']"
AraCyc::NAGLIPASYN-PWY,1,positive,AraCyc,"['AT1G24793', 'AT1G25054', 'AT1G25145', 'AT1G25210', 'AT2G04560', 'AT3G20480', 'AT4G05210', 'AT4G21220', 'AT4G29540']"
AraCyc::NONMEVIPP-PWY,1,positive,AraCyc,"['AT1G63970', 'AT2G02497', 'AT2G02500', 'AT2G26930', 'AT3G02780', 'AT3G21500', 'AT4G15560', 'AT5G11380', 'AT5G16440', 'AT5G62790']"
AraCyc::NONOXIPENT-PWY,1,positive,AraCyc,"['AT1G12230', 'AT1G63290', 'AT1G71100', 'AT2G01290', 'AT2G45290', 'AT3G01850', 'AT3G04790', 'AT3G04880', 'AT3G60750', 'AT5G13420', 'AT5G44520', 'AT5G61410']"
AraCyc::OXIDATIVEPENT-PWY,1,positive,AraCyc,"['AT1G09420', 'AT1G13700', 'AT1G24280', 'AT1G64190', 'AT3G02360', 'AT3G27300', 'AT3G49360', 'AT5G13110', 'AT5G24400', 'AT5G24410', 'AT5G24420', 'AT5G35790', 'AT5G40760', 'AT5G41670']"
AraCyc::PANTO-PWY,1,positive,AraCyc,"['AT1G60440', 'AT2G17320', 'AT2G17340', 'AT2G46110', 'AT3G61530', 'AT4G32180', 'AT4G35360', 'AT5G34780', 'AT5G48840']"
AraCyc::PENTOSE-P-PWY,1,positive,AraCyc,"['AT1G09420', 'AT1G12230', 'AT1G13700', 'AT1G24280', 'AT1G63290', 'AT1G64190', 'AT1G71100', 'AT2G01290', 'AT2G45290', 'AT3G01850', 'AT3G02360', 'AT3G04790', 'AT3G04880', 'AT3G27300', 'AT3G49360', 'AT3G60750', 'AT5G13110', 'AT5G13420', 'AT5G24400', 'AT5G24410', 'AT5G24420', 'AT5G35790', 'AT5G40760', 'AT5G41670', 'AT5G44520', 'AT5G61410']"
AraCyc::PHOTOALL-PWY,1,positive,AraCyc,"['AT1G08380', 'AT1G08940', 'AT1G14150', 'AT1G20020', 'AT1G30510', 'AT1G43670', 'AT1G55670', 'AT1G56190', 'AT1G63290', 'AT1G67090', 'AT1G71100', 'AT1G79550', 'AT2G01140', 'AT2G01290', 'AT2G01918', 'AT2G07732', 'AT2G21170', 'AT2G21330', 'AT2G36460', 'AT2G45290', 'AT3G01440', 'AT3G01850', 'AT3G04790', 'AT3G04880', 'AT3G05170', 'AT3G12780', 'AT3G50820', 'AT3G52930', 'AT3G54050', 'AT3G55440', 'AT3G55800', 'AT3G60750', 'AT4G02770', 'AT4G03280', 'AT4G05180', 'AT4G05390', 'AT4G26520', 'AT4G26530', 'AT4G37230', 'AT4G38970', 'AT5G03690', 'AT5G38410', 'AT5G38420', 'AT5G38430', 'AT5G44520', 'AT5G61410', 'AT5G64380', 'AT5G66190', 'ATCG00210', 'ATCG00540', 'ATCG00600', 'ATCG00720', 'ATMG00280']"
AraCyc::POLYAMINSYN3-PWY,1,positive,AraCyc,"['AT1G23820', 'AT1G70310', 'AT2G16500', 'AT3G17717', 'AT3G25570', 'AT4G08870', 'AT4G08900', 'AT4G34710', 'AT5G15950', 'AT5G18930', 'AT5G19530', 'AT5G53120']"
AraCyc::PWY-1001,1,positive,AraCyc,"['AT1G02730', 'AT1G32180', 'AT1G55850', 'AT2G21770', 'AT2G25540', 'AT2G32530', 'AT2G32540', 'AT2G32610', 'AT2G32620', 'AT2G33100', 'AT3G03050', 'AT3G28180', 'AT4G15290', 'AT4G15320', 'AT4G18780', 'AT4G23990', 'AT4G24000', 'AT4G24010', 'AT4G32410', 'AT4G38190', 'AT4G39350', 'AT5G05170', 'AT5G09870', 'AT5G16910', 'AT5G17420', 'AT5G44030', 'AT5G64740']"
AraCyc::PWY-101,1,positive,AraCyc,"['AT1G08380', 'AT1G14150', 'AT1G20020', 'AT1G30510', 'AT1G55670', 'AT2G01918', 'AT3G01440', 'AT3G50820', 'AT4G02770', 'AT4G03280', 'AT4G05180', 'AT4G05390', 'AT4G37230', 'AT5G66190', 'ATCG00210', 'ATCG00540', 'ATCG00600', 'ATCG00720']"
AraCyc::PWY-102,1,positive,AraCyc,"['AT1G02400', 'AT1G14130', 'AT1G30040', 'AT1G47990', 'AT1G50960', 'AT1G78440', 'AT2G34555', 'AT2G38500', 'AT3G11150', 'AT3G21420', 'AT3G46500', 'AT3G47190', 'AT4G21200', 'AT4G25420', 'AT5G07200', 'AT5G58660']"
AraCyc::PWY-1042,1,positive,AraCyc,"['AT1G06730', 'AT1G09780', 'AT1G12000', 'AT1G13440', 'AT1G16300', 'AT1G19600', 'AT1G20950', 'AT1G56190', 'AT1G74030', 'AT1G76550', 'AT1G79530', 'AT1G79550', 'AT2G01140', 'AT2G21170', 'AT2G21330', 'AT2G22480', 'AT2G24270', 'AT2G29560', 'AT2G36460', 'AT2G36530', 'AT2G36580', 'AT3G04050', 'AT3G04120', 'AT3G08590', 'AT3G12780', 'AT3G25960', 'AT3G30841', 'AT3G49160', 'AT3G52930', 'AT3G52990', 'AT3G55440', 'AT3G55650', 'AT3G55810', 'AT4G04040', 'AT4G08876', 'AT4G09520', 'AT4G26270', 'AT4G26390', 'AT4G26520', 'AT4G26530', 'AT4G27600', 'AT4G29220', 'AT4G32840', 'AT4G38970', 'AT5G03690', 'AT5G08570', 'AT5G47810', 'AT5G56350', 'AT5G56630', 'AT5G61580', 'AT5G63680']"
AraCyc::PWY-1061,1,positive,AraCyc,"['AT1G02720', 'AT1G06780', 'AT1G13250', 'AT1G18580', 'AT1G19300', 'AT1G24170', 'AT1G70090', 'AT1G74088', 'AT2G20810', 'AT2G30575', 'AT2G38650', 'AT2G46480', 'AT3G01040', 'AT3G02350', 'AT3G06260', 'AT3G25140', 'AT3G28340', 'AT3G50760', 'AT3G58790', 'AT3G61130', 'AT3G62660', 'AT4G02130', 'AT4G38270', 'AT5G15470', 'AT5G47780', 'AT5G54690']"
AraCyc::PWY-112,1,positive,AraCyc,"['AT1G66960', 'AT1G78480', 'AT1G78500', 'AT1G78960', 'AT1G78970', 'AT5G36150']"
AraCyc::PWY-1121,1,positive,AraCyc,"['AT1G01600', 'AT1G04290', 'AT1G12570', 'AT1G14185', 'AT1G20560', 'AT1G24735', 'AT1G33030', 'AT1G49430', 'AT1G51680', 'AT1G51990', 'AT1G52191', 'AT1G62940', 'AT1G63710', 'AT1G64400', 'AT1G65060', 'AT1G67980', 'AT1G67990', 'AT1G69500', 'AT1G72970', 'AT1G74540', 'AT1G74550', 'AT1G77590', 'AT2G04350', 'AT2G27690', 'AT2G29590', 'AT2G30490', 'AT2G30720', 'AT2G37040', 'AT2G40890', 'AT2G45970', 'AT2G47240', 'AT2G47245', 'AT3G05970', 'AT3G09405', 'AT3G10340', 'AT3G16175', 'AT3G21240', 'AT3G48520', 'AT3G53260', 'AT3G56060', 'AT3G61990', 'AT3G62000', 'AT4G00360', 'AT4G00520', 'AT4G10030', 'AT4G11030', 'AT4G23850', 'AT4G26220', 'AT4G33540', 'AT4G34050', 'AT5G04230', 'AT5G09970', 'AT5G23190', 'AT5G27600', 'AT5G48370', 'AT5G51930', 'AT5G51950', 'AT5G54160', 'AT5G58860']"
AraCyc::PWY-1187,1,positive,AraCyc,"['AT1G12130', 'AT1G12140', 'AT1G12160', 'AT1G12200', 'AT1G18590', 'AT1G24100', 'AT1G62540', 'AT1G62560', 'AT1G62580', 'AT1G62600', 'AT1G62620', 'AT1G63340', 'AT1G63370', 'AT1G63390', 'AT1G65860', 'AT1G69820', 'AT1G74090', 'AT1G74100', 'AT1G79370', 'AT2G20610', 'AT2G23960', 'AT2G23970', 'AT2G24850', 'AT4G23600', 'AT4G28410', 'AT4G29210', 'AT4G30530', 'AT4G30540', 'AT4G30550', 'AT4G39640', 'AT4G39650', 'AT5G07800']"
AraCyc::PWY-1722,1,positive,AraCyc,"['AT1G50480', 'AT2G12200', 'AT2G12280', 'AT2G38660', 'AT3G12290', 'AT4G00600', 'AT4G00620']"
AraCyc::PWY-1741,1,positive,AraCyc,"['AT1G05530', 'AT1G05560', 'AT2G23260', 'AT2G26790', 'AT2G31750']"
AraCyc::PWY-1782,1,positive,AraCyc,"['AT1G05530', 'AT1G05560', 'AT1G28130', 'AT1G59500', 'AT2G14960', 'AT2G23170', 'AT2G23260', 'AT2G26790', 'AT2G31750', 'AT2G47750', 'AT4G27260', 'AT4G37390', 'AT5G13350', 'AT5G13360', 'AT5G13370', 'AT5G13380', 'AT5G54510']"
AraCyc::PWY-181,1,positive,AraCyc,"['AT1G11860', 'AT1G12550', 'AT1G22020', 'AT1G23310', 'AT1G32470', 'AT1G36370', 'AT1G68010', 'AT1G70580', 'AT1G72190', 'AT1G79870', 'AT1G80380', 'AT2G45630', 'AT3G25530', 'AT4G13890', 'AT4G13930', 'AT4G32520', 'AT4G33010', 'AT4G37930', 'AT5G26780', 'AT5G28310', 'AT5G36700', 'AT5G36790', 'AT5G47760']"
AraCyc::PWY-2021,1,positive,AraCyc,"['AT1G28130', 'AT1G59500', 'AT2G14960', 'AT2G23170', 'AT2G47750', 'AT4G27260', 'AT4G37390', 'AT5G13350', 'AT5G13360', 'AT5G13370', 'AT5G13380', 'AT5G54510']"
AraCyc::PWY-2161,1,positive,AraCyc,"['AT1G22020', 'AT1G36370', 'AT1G50480', 'AT2G12200', 'AT2G12280', 'AT3G10160', 'AT3G55630', 'AT4G13890', 'AT4G13930', 'AT4G32520', 'AT4G37930', 'AT5G05980', 'AT5G26780', 'AT5G41480']"
AraCyc::PWY-2181,1,positive,AraCyc,"['AT1G33030', 'AT1G51990', 'AT1G74540', 'AT1G74550', 'AT2G40890', 'AT4G26220', 'AT4G36220', 'AT5G09970', 'AT5G54160']"
AraCyc::PWY-2261,1,positive,AraCyc,"['AT1G07890', 'AT1G19550', 'AT1G19570', 'AT1G75270', 'AT1G77370', 'AT1G77490', 'AT3G09640', 'AT4G08390', 'AT4G08550', 'AT4G09010', 'AT4G32320', 'AT4G35000', 'AT4G35970', 'AT5G16710', 'AT5G20500']"
AraCyc::PWY-2301,1,positive,AraCyc,"['AT1G31190', 'AT2G22240', 'AT3G02870', 'AT4G39120', 'AT4G39800', 'AT5G10170']"
AraCyc::PWY-2463,1,positive,AraCyc,"['AT1G66540', 'AT2G45400', 'AT3G28740', 'AT4G34540', 'AT4G37320', 'AT4G37330', 'AT4G37370', 'AT4G37410', 'AT5G42655']"
AraCyc::PWY-2541,1,positive,AraCyc,"['AT1G07420', 'AT1G11680', 'AT1G20050', 'AT1G47290', 'AT1G50430', 'AT1G76090', 'AT2G26260', 'AT2G29390', 'AT2G33630', 'AT2G34490', 'AT2G34500', 'AT3G02580', 'AT3G02590', 'AT3G04030', 'AT3G19820', 'AT3G20960', 'AT3G52940', 'AT4G12110', 'AT4G22755', 'AT4G22756', 'AT4G24805', 'AT5G13710', 'AT5G50375']"
AraCyc::PWY-2582,1,positive,AraCyc,"['AT2G38050', 'AT3G13730', 'AT3G30180', 'AT3G50660', 'AT4G36380', 'AT5G05690', 'AT5G38970']"
AraCyc::PWY-2681,1,positive,AraCyc,"['AT1G25410', 'AT1G67110', 'AT1G68460', 'AT3G19160', 'AT3G23630', 'AT3G63110', 'AT4G24650', 'AT5G19040', 'AT5G38450']"
AraCyc::PWY-282,1,positive,AraCyc,"['AT1G02205', 'AT1G47620', 'AT1G57750', 'AT1G65340', 'AT1G66030', 'AT2G21910', 'AT2G23180', 'AT4G32170', 'AT4G33790', 'AT4G39490', 'AT4G39500', 'AT4G39510', 'AT5G37300', 'AT5G51900', 'AT5G52320']"
AraCyc::PWY-2821,1,positive,AraCyc,"['AT1G18590', 'AT1G24100', 'AT1G69820', 'AT1G74090', 'AT1G74100', 'AT2G20610', 'AT2G23960', 'AT2G23970', 'AT2G24850', 'AT4G23600', 'AT4G28410', 'AT4G29210', 'AT4G30530', 'AT4G30540', 'AT4G30550', 'AT4G39640', 'AT4G39650', 'AT5G05260', 'AT5G35917', 'AT5G35920']"
AraCyc::PWY-2902,1,positive,AraCyc,"['AT1G22340', 'AT1G22360', 'AT1G22370', 'AT1G22380', 'AT1G22400', 'AT1G78270', 'AT2G28080', 'AT2G36750', 'AT2G36760', 'AT2G36770', 'AT2G36780', 'AT2G36790', 'AT2G36800', 'AT2G36970', 'AT3G11340', 'AT3G22250', 'AT3G53150', 'AT3G53160', 'AT3G55700', 'AT3G55710', 'AT5G05860', 'AT5G05870', 'AT5G05880', 'AT5G05890', 'AT5G05900']"
AraCyc::PWY-3001,1,positive,AraCyc,"['AT1G10060', 'AT1G10070', 'AT1G31230', 'AT1G62800', 'AT1G62960', 'AT1G70560', 'AT1G72810', 'AT2G17265', 'AT2G22250', 'AT2G30970', 'AT3G02020', 'AT3G23940', 'AT3G48560', 'AT3G49680', 'AT4G19710', 'AT4G29840', 'AT4G31990', 'AT4G35295', 'AT5G11520', 'AT5G13280', 'AT5G14060', 'AT5G19550', 'AT5G21060', 'AT5G51690', 'AT5G65780']"
AraCyc::PWY-3041,1,positive,AraCyc,"['AT1G70080', 'AT2G24210', 'AT3G25810', 'AT3G25820', 'AT3G25830', 'AT3G29410', 'AT4G16740', 'AT5G24350']"
AraCyc::PWY-3101,1,positive,AraCyc,"['AT1G01190', 'AT2G06960', 'AT2G46660', 'AT3G19000', 'AT3G19010', 'AT3G61880', 'AT5G07990', 'AT5G08640', 'AT5G43935', 'AT5G48020', 'AT5G63580', 'AT5G63590', 'AT5G63595', 'AT5G63600']"
AraCyc::PWY-321,1,positive,AraCyc,"['AT1G01600', 'AT1G04290', 'AT1G12570', 'AT1G14185', 'AT1G20560', 'AT1G49430', 'AT1G52191', 'AT1G62940', 'AT1G63710', 'AT1G64400', 'AT1G69500', 'AT1G72970', 'AT1G77590', 'AT2G04350', 'AT2G27690', 'AT2G29590', 'AT2G30720', 'AT2G45970', 'AT2G47240', 'AT2G47245', 'AT3G05970', 'AT3G09405', 'AT3G10570', 'AT3G16175', 'AT3G48520', 'AT3G56060', 'AT4G00360', 'AT4G00520', 'AT4G10030', 'AT4G11030', 'AT4G23850', 'AT4G33540', 'AT5G27600', 'AT5G48370', 'AT5G51930', 'AT5G51950', 'AT5G58860']"
AraCyc::PWY-3461,1,positive,AraCyc,"['AT1G69370', 'AT2G22250', 'AT3G29200', 'AT5G10870', 'AT5G34930']"
AraCyc::PWY-3462,1,positive,AraCyc,"['AT1G08250', 'AT1G11790', 'AT1G69370', 'AT2G22250', 'AT2G27820', 'AT3G07630', 'AT3G29200', 'AT3G44720', 'AT5G10870', 'AT5G22630']"
AraCyc::PWY-3481,1,positive,AraCyc,"['AT1G08250', 'AT1G11790', 'AT1G69370', 'AT2G22250', 'AT2G27820', 'AT3G07630', 'AT3G29200', 'AT3G44720', 'AT5G10870', 'AT5G22630', 'AT5G34930']"
AraCyc::PWY-3561,1,positive,AraCyc,"['AT1G13560', 'AT1G52570', 'AT1G55180', 'AT2G32260', 'AT3G05630', 'AT3G25585', 'AT4G00240', 'AT4G11830', 'AT4G11840', 'AT4G15130', 'AT5G25370']"
AraCyc::PWY-3742,1,positive,AraCyc,"['AT1G50480', 'AT1G68760', 'AT1G69190', 'AT2G12200', 'AT2G12280', 'AT2G16370', 'AT2G19180', 'AT2G21550', 'AT2G28880', 'AT2G38660', 'AT3G10160', 'AT3G12290', 'AT3G21730', 'AT3G54970', 'AT3G55630', 'AT4G00600', 'AT4G00620', 'AT4G24380', 'AT4G30000', 'AT4G34570', 'AT5G05980', 'AT5G41480', 'AT5G57850', 'AT5G62980', 'AT5G65400']"
AraCyc::PWY-3781,1,positive,AraCyc,"['AT1G16700', 'AT1G52710', 'AT1G67350', 'AT2G07687', 'AT2G07689', 'AT2G07695', 'AT2G07718', 'AT2G07751', 'AT2G07785', 'AT2G18450', 'AT2G46505', 'AT3G27380', 'AT3G27890', 'AT3G44190', 'AT3G62400', 'AT4G28005', 'AT4G32210', 'AT4G37380', 'AT5G04750', 'AT5G09600', 'AT5G22140', 'AT5G59200', 'AT5G61310', 'AT5G65165', 'ATCG00420', 'ATCG00430', 'ATCG01050', 'ATCG01090', 'ATCG01110', 'ATMG00220', 'ATMG00270', 'ATMG00285', 'ATMG00580', 'ATMG00590', 'ATMG00650', 'ATMG00990', 'ATMG01275', 'ATMG01280', 'ATMG01320']"
AraCyc::PWY-3801,1,positive,AraCyc,"['AT1G06020', 'AT1G06030', 'AT1G23190', 'AT1G47840', 'AT1G47845', 'AT1G50390', 'AT1G50460', 'AT1G66430', 'AT1G69200', 'AT1G70730', 'AT1G70820', 'AT1G73370', 'AT2G31390', 'AT2G35020', 'AT3G20040', 'AT3G43190', 'AT3G54090', 'AT3G56040', 'AT3G59480', 'AT4G02280', 'AT4G10260', 'AT4G24620', 'AT4G28706', 'AT4G29130', 'AT4G37840', 'AT5G17310', 'AT5G17530', 'AT5G18200', 'AT5G20830', 'AT5G37180', 'AT5G42740', 'AT5G49190', 'AT5G51820', 'AT5G51830', 'AT5G52560']"
AraCyc::PWY-3841,1,positive,AraCyc,"['AT1G11860', 'AT1G22020', 'AT1G32470', 'AT1G36370', 'AT1G50480', 'AT2G12200', 'AT2G12280', 'AT2G16370', 'AT2G21550', 'AT2G38660', 'AT3G12290', 'AT4G00600', 'AT4G00620', 'AT4G13890', 'AT4G13930', 'AT4G24380', 'AT4G32520', 'AT4G33010', 'AT4G34570', 'AT4G37930', 'AT5G13050', 'AT5G20980', 'AT5G26780', 'AT5G65400']"
AraCyc::PWY-3941,1,positive,AraCyc,"['AT1G21530', 'AT1G21540', 'AT1G75960', 'AT1G77240', 'AT3G05970', 'AT3G08860', 'AT5G16340', 'AT5G16370', 'AT5G23050', 'AT5G27600']"
AraCyc::PWY-401,1,positive,AraCyc,"['AT2G11810', 'AT3G06510', 'AT3G11670', 'AT4G00550', 'AT4G31780', 'AT5G20410']"
AraCyc::PWY-4041,1,positive,AraCyc,"['AT1G44790', 'AT3G02910', 'AT4G23100', 'AT4G31290', 'AT5G26220', 'AT5G37830']"
AraCyc::PWY-4081,1,positive,AraCyc,"['AT1G21864', 'AT1G63460', 'AT2G25080', 'AT2G30860', 'AT2G31570', 'AT2G43350', 'AT2G48150', 'AT3G24170', 'AT3G63080', 'AT4G11600', 'AT4G31870']"
AraCyc::PWY-4101,1,positive,AraCyc,"['AT1G06020', 'AT1G06030', 'AT1G47840', 'AT1G47845', 'AT1G50390', 'AT1G50460', 'AT1G66430', 'AT1G69200', 'AT2G31390', 'AT3G20040', 'AT3G54090', 'AT3G59480', 'AT4G10260', 'AT4G28706', 'AT4G29130', 'AT4G37840', 'AT5G51830', 'AT5G51970']"
AraCyc::PWY-4203,1,positive,AraCyc,"['AT1G19640', 'AT1G31490', 'AT1G32910', 'AT1G78990', 'AT2G14060', 'AT3G21950', 'AT4G36470', 'AT5G04370', 'AT5G04380', 'AT5G16410', 'AT5G38020', 'AT5G55250', 'AT5G66430']"
AraCyc::PWY-4221,1,positive,AraCyc,"['AT1G12350', 'AT1G21530', 'AT1G21540', 'AT1G48605', 'AT1G60440', 'AT1G75960', 'AT1G77240', 'AT2G17320', 'AT2G17340', 'AT2G18250', 'AT2G27490', 'AT2G46110', 'AT3G05970', 'AT3G08860', 'AT3G18030', 'AT3G61530', 'AT4G32180', 'AT4G35360', 'AT5G16340', 'AT5G16370', 'AT5G23050', 'AT5G27600', 'AT5G34780', 'AT5G48840']"
AraCyc::PWY-4221ARA,1,positive,AraCyc,"['AT1G12350', 'AT1G48605', 'AT1G60440', 'AT2G17320', 'AT2G17340', 'AT2G18250', 'AT2G27490', 'AT2G46110', 'AT3G18030', 'AT3G61530', 'AT4G32180', 'AT4G35360', 'AT5G02080', 'AT5G34780', 'AT5G48840']"
AraCyc::PWY-4302,1,positive,AraCyc,"['AT1G16700', 'AT1G32350', 'AT1G67350', 'AT2G07689', 'AT2G07751', 'AT2G07785', 'AT2G18450', 'AT2G46505', 'AT3G22360', 'AT3G22370', 'AT3G27380', 'AT3G27620', 'AT3G27890', 'AT3G44190', 'AT4G22260', 'AT4G28005', 'AT4G32210', 'AT5G04750', 'AT5G09600', 'AT5G22140', 'AT5G63625', 'AT5G64210', 'AT5G64687', 'AT5G65165', 'ATCG00420', 'ATCG00430', 'ATCG01050', 'ATCG01090', 'ATCG01110', 'ATMG00270', 'ATMG00285', 'ATMG00580', 'ATMG00650', 'ATMG00990', 'ATMG01275', 'ATMG01320']"
AraCyc::PWY-4321,1,positive,AraCyc,"['AT1G65960', 'AT2G02000', 'AT2G02010', 'AT2G04137', 'AT3G17720', 'AT3G17760', 'AT3G25530', 'AT5G17330', 'AT5G63620']"
AraCyc::PWY-4361,1,positive,AraCyc,"['AT1G77670', 'AT2G05830', 'AT2G26400', 'AT4G14710', 'AT4G14716', 'AT5G12040', 'AT5G43850', 'AT5G53850']"
AraCyc::PWY-4381,1,positive,AraCyc,"['AT1G52670', 'AT1G62640', 'AT2G30200', 'AT2G38040', 'AT3G15690', 'AT5G15530']"
AraCyc::PWY-4541,1,positive,AraCyc,"['AT1G22100', 'AT1G58643', 'AT1G58936', 'AT1G59171', 'AT1G59312', 'AT5G07370', 'AT5G42810', 'AT5G61760']"
AraCyc::PWY-4562,1,positive,AraCyc,"['AT1G22100', 'AT1G58643', 'AT1G58936', 'AT1G59171', 'AT1G59312', 'AT2G43980', 'AT4G08170', 'AT4G33770', 'AT5G07370', 'AT5G16760', 'AT5G42810', 'AT5G61760']"
AraCyc::PWY-4661,1,positive,AraCyc,"['AT1G22100', 'AT1G58643', 'AT1G58936', 'AT1G59171', 'AT1G59312', 'AT2G22240', 'AT2G43980', 'AT4G08170', 'AT4G33770', 'AT4G39800', 'AT5G10170', 'AT5G16760', 'AT5G42810', 'AT5G58730']"
AraCyc::PWY-4702,1,positive,AraCyc,"['AT1G09870', 'AT1G31190', 'AT1G55990', 'AT3G02870', 'AT4G39120']"
AraCyc::PWY-4765,1,positive,AraCyc,"['AT1G22100', 'AT1G58643', 'AT1G58936', 'AT1G59171', 'AT1G59312', 'AT2G43980', 'AT4G08170', 'AT4G33770', 'AT5G07370', 'AT5G16760', 'AT5G42810', 'AT5G61760']"
AraCyc::PWY-4821,1,positive,AraCyc,"['AT1G08200', 'AT1G26570', 'AT2G28755', 'AT2G28760', 'AT2G47650', 'AT3G01010', 'AT3G29360', 'AT3G46440', 'AT3G53520', 'AT5G15490', 'AT5G39320', 'AT5G59290']"
AraCyc::PWY-4841,1,positive,AraCyc,"['AT1G14520', 'AT2G19800', 'AT3G01640', 'AT4G26260', 'AT5G14470', 'AT5G52560', 'AT5G56640']"
AraCyc::PWY-4861,1,positive,AraCyc,"['AT1G02000', 'AT3G23820', 'AT4G00110', 'AT4G12250', 'AT4G30440']"
AraCyc::PWY-4984,1,positive,AraCyc,"['AT1G75330', 'AT4G08870', 'AT4G08900', 'AT4G24830', 'AT5G10920']"
AraCyc::PWY-5004,1,positive,AraCyc,"['AT1G24807', 'AT1G24909', 'AT1G25083', 'AT1G25155', 'AT1G25220', 'AT1G30820', 'AT1G48520', 'AT1G63660', 'AT1G70570', 'AT1G75330', 'AT2G03667', 'AT2G28880', 'AT2G29690', 'AT2G34890', 'AT2G38210', 'AT2G39800', 'AT2G41220', 'AT3G12670', 'AT3G16050', 'AT3G25660', 'AT3G30775', 'AT3G47340', 'AT3G47450', 'AT3G55610', 'AT3G55870', 'AT4G02120', 'AT4G05400', 'AT4G08870', 'AT4G08900', 'AT4G20320', 'AT4G24830', 'AT4G26900', 'AT4G32915', 'AT4G34880', 'AT5G01410', 'AT5G04140', 'AT5G05730', 'AT5G07360', 'AT5G10240', 'AT5G10920', 'AT5G38710', 'AT5G46180', 'AT5G53460', 'AT5G57890', 'AT5G60540', 'AT5G65010']"
AraCyc::PWY-5027,1,positive,AraCyc,"['AT1G23360', 'AT1G60600', 'AT3G27890', 'AT4G27270', 'AT4G36750', 'AT5G08740', 'AT5G54500', 'AT5G58800']"
AraCyc::PWY-5035,1,positive,AraCyc,"['AT1G14120', 'AT1G15550', 'AT1G44090', 'AT1G60980', 'AT1G80330', 'AT1G80340', 'AT4G21690', 'AT4G23340', 'AT4G25420', 'AT5G07200', 'AT5G24900', 'AT5G24910', 'AT5G51310', 'AT5G51810']"
AraCyc::PWY-5041,1,positive,AraCyc,"['AT2G36880', 'AT3G03780', 'AT3G17390', 'AT3G23810', 'AT4G01850', 'AT4G13940', 'AT5G17920', 'AT5G20980']"
AraCyc::PWY-5044,1,positive,AraCyc,"['AT1G05620', 'AT1G16350', 'AT1G72880', 'AT1G75210', 'AT1G79470', 'AT2G23890', 'AT2G36310', 'AT2G38280', 'AT2G38680', 'AT3G04390', 'AT3G05300', 'AT4G02180', 'AT4G14930', 'AT4G29260', 'AT4G31196', 'AT4G34890', 'AT4G34900', 'AT4G37500', 'AT5G18860', 'AT5G18870', 'AT5G18890', 'AT5G28050', 'AT5G48960']"
AraCyc::PWY-5046,1,positive,AraCyc,"['AT1G21400', 'AT1G48030', 'AT1G55510', 'AT3G06850', 'AT3G16950', 'AT3G17240', 'AT4G16155', 'AT5G34780']"
AraCyc::PWY-5049,1,positive,AraCyc,"['AT1G12550', 'AT1G79870', 'AT2G45630', 'AT4G29250', 'AT5G28310']"
AraCyc::PWY-5068,1,positive,AraCyc,"['AT1G04620', 'AT1G44446', 'AT3G51820', 'AT4G13250', 'AT4G25650', 'AT5G04900']"
AraCyc::PWY-5070,1,positive,AraCyc,"['AT1G15550', 'AT1G44090', 'AT1G60980', 'AT1G80340', 'AT4G23340', 'AT4G25420', 'AT5G07200', 'AT5G51810']"
AraCyc::PWY-5079,1,positive,AraCyc,"['AT1G62960', 'AT1G70560', 'AT1G80360', 'AT4G33070', 'AT5G01320', 'AT5G01330', 'AT5G51690', 'AT5G53970', 'AT5G54960']"
AraCyc::PWY-5080,1,positive,AraCyc,"['AT1G01120', 'AT1G04220', 'AT1G07720', 'AT1G19440', 'AT1G24470', 'AT1G25450', 'AT1G64590', 'AT1G67730', 'AT1G68530', 'AT1G71160', 'AT1G75000', 'AT1G76150', 'AT2G15090', 'AT2G16280', 'AT2G26250', 'AT2G26640', 'AT2G28630', 'AT2G37540', 'AT2G46720', 'AT3G06460', 'AT3G06470', 'AT3G10280', 'AT3G23840', 'AT3G50560', 'AT3G52160', 'AT3G55360', 'AT4G11410', 'AT4G13840', 'AT4G23420', 'AT4G23430', 'AT4G24050', 'AT4G24510', 'AT4G34250', 'AT4G34510', 'AT4G34520', 'AT4G36830', 'AT5G02540', 'AT5G02890', 'AT5G04530', 'AT5G10480', 'AT5G43760', 'AT5G49070', 'AT5G50130', 'AT5G59770']"
AraCyc::PWY-5083,1,positive,AraCyc,"['AT1G04280', 'AT1G06750', 'AT1G16700', 'AT1G21640', 'AT1G67350', 'AT2G07689', 'AT2G07751', 'AT2G07785', 'AT2G30630', 'AT3G21080', 'AT3G27890', 'AT3G44190', 'AT4G28005', 'AT5G04750', 'AT5G22140', 'ATCG00420', 'ATCG00430', 'ATCG01050', 'ATCG01090', 'ATCG01110', 'ATMG00270', 'ATMG00285', 'ATMG00580', 'ATMG00650', 'ATMG00990', 'ATMG01275', 'ATMG01320']"
AraCyc::PWY-5084,1,positive,AraCyc,"['AT1G48030', 'AT3G16950', 'AT3G17240', 'AT3G55410', 'AT4G16155', 'AT4G26910', 'AT5G55070', 'AT5G65750']"
AraCyc::PWY-5097,1,positive,AraCyc,"['AT1G31230', 'AT2G13810', 'AT2G44040', 'AT2G45440', 'AT3G02020', 'AT3G14390', 'AT3G53580', 'AT3G59890', 'AT3G60880', 'AT4G19710', 'AT4G33680', 'AT5G11880', 'AT5G13280', 'AT5G14060', 'AT5G52100']"
AraCyc::PWY-5098,1,positive,AraCyc,"['AT1G19670', 'AT1G44000', 'AT2G24820', 'AT3G44880', 'AT4G11910', 'AT4G11911', 'AT4G22920', 'AT4G37000', 'AT5G43860']"
AraCyc::PWY-5120,1,positive,AraCyc,"['AT1G17050', 'AT1G36623', 'AT1G49530', 'AT1G78510', 'AT2G18620', 'AT2G18640', 'AT2G23800', 'AT3G14510', 'AT3G14530', 'AT3G14550', 'AT3G20160', 'AT3G29430', 'AT3G32040', 'AT3G59380', 'AT4G36810', 'AT4G38460']"
AraCyc::PWY-5121,1,positive,AraCyc,"['AT1G17050', 'AT1G36623', 'AT1G49530', 'AT1G63970', 'AT1G78510', 'AT2G02497', 'AT2G02500', 'AT2G18620', 'AT2G18640', 'AT2G23800', 'AT2G26930', 'AT2G34630', 'AT3G02780', 'AT3G14510', 'AT3G14530', 'AT3G14550', 'AT3G20160', 'AT3G21500', 'AT3G29430', 'AT3G32040', 'AT3G59380', 'AT4G15560', 'AT4G17190', 'AT4G36810', 'AT4G38460', 'AT5G11380', 'AT5G16440', 'AT5G47770', 'AT5G62790']"
AraCyc::PWY-5122,1,positive,AraCyc,"['AT1G49530', 'AT2G18620', 'AT2G18640', 'AT2G23800', 'AT2G34630', 'AT3G14510', 'AT3G14530', 'AT3G14550', 'AT3G20160', 'AT3G29430', 'AT3G32040', 'AT4G17190', 'AT4G36810', 'AT4G38460', 'AT5G47770']"
AraCyc::PWY-5123,1,positive,AraCyc,"['AT1G49530', 'AT1G78510', 'AT2G18620', 'AT2G18640', 'AT2G23800', 'AT2G34630', 'AT3G14510', 'AT3G14530', 'AT3G14550', 'AT3G20160', 'AT3G29430', 'AT3G32040', 'AT4G17190', 'AT4G36810', 'AT4G38460', 'AT5G47770']"
AraCyc::PWY-5125,1,positive,AraCyc,"['AT1G49390', 'AT2G18560', 'AT2G18570', 'AT2G38240', 'AT3G11180', 'AT3G55970', 'AT4G16330', 'AT4G22870', 'AT4G22880', 'AT4G36770', 'AT5G05600', 'AT5G17030', 'AT5G17040', 'AT5G17050']"
AraCyc::PWY-5129,1,positive,AraCyc,"['AT1G06515', 'AT1G14290', 'AT1G69640', 'AT2G34770', 'AT2G37940', 'AT2G46210', 'AT3G06060', 'AT3G48780', 'AT3G48790', 'AT3G61580', 'AT4G04930', 'AT4G20870', 'AT4G21534', 'AT4G21540', 'AT4G36480', 'AT5G19200', 'AT5G51290']"
AraCyc::PWY-5136,1,positive,AraCyc,"['AT1G04710', 'AT1G06290', 'AT1G06310', 'AT2G33150', 'AT2G35690', 'AT3G05970', 'AT3G06690', 'AT3G06860', 'AT3G15290', 'AT4G16800', 'AT4G29010', 'AT5G27600', 'AT5G47720', 'AT5G48230', 'AT5G48880']"
AraCyc::PWY-5137,1,positive,AraCyc,"['AT1G65520', 'AT3G06860', 'AT4G14430', 'AT4G14440', 'AT4G29010']"
AraCyc::PWY-5138,1,positive,AraCyc,"['AT1G36580', 'AT1G65520', 'AT1G76150', 'AT2G07640', 'AT3G06860', 'AT3G12800', 'AT4G14430', 'AT4G14440', 'AT4G16800', 'AT4G29010']"
AraCyc::PWY-5142,1,positive,AraCyc,"['AT1G08510', 'AT1G35250', 'AT1G35290', 'AT1G66550', 'AT1G68260', 'AT1G68280', 'AT3G25110']"
AraCyc::PWY-5143,1,positive,AraCyc,"['AT1G20560', 'AT1G49430', 'AT1G62940', 'AT1G64400', 'AT1G77590', 'AT2G04350', 'AT2G47240', 'AT2G47245', 'AT3G05970', 'AT4G11030', 'AT4G23850', 'AT5G27600']"
AraCyc::PWY-5147,1,positive,AraCyc,"['AT1G08510', 'AT1G20560', 'AT1G35250', 'AT1G35290', 'AT1G43800', 'AT1G49430', 'AT1G62940', 'AT1G64400', 'AT1G66550', 'AT1G68260', 'AT1G68280', 'AT1G77590', 'AT2G04350', 'AT2G43710', 'AT2G47240', 'AT2G47245', 'AT3G02610', 'AT3G02620', 'AT3G02630', 'AT3G05970', 'AT3G25110', 'AT4G11030', 'AT4G13050', 'AT4G23850', 'AT5G16230', 'AT5G16240', 'AT5G27600']"
AraCyc::PWY-5156,1,positive,AraCyc,"['AT1G07440', 'AT1G08510', 'AT1G10310', 'AT1G20560', 'AT1G35250', 'AT1G35290', 'AT1G43800', 'AT1G49430', 'AT1G52670', 'AT1G62610', 'AT1G62640', 'AT1G62940', 'AT1G63380', 'AT1G64400', 'AT1G66550', 'AT1G68260', 'AT1G68280', 'AT1G77590', 'AT2G04350', 'AT2G04540', 'AT2G05990', 'AT2G17845', 'AT2G22230', 'AT2G30200', 'AT2G38040', 'AT2G43710', 'AT2G47240', 'AT2G47245', 'AT3G02610', 'AT3G02620', 'AT3G02630', 'AT3G05970', 'AT3G15690', 'AT3G25110', 'AT3G46170', 'AT3G55290', 'AT3G55310', 'AT4G11030', 'AT4G13050', 'AT4G23850', 'AT5G10160', 'AT5G15530', 'AT5G16230', 'AT5G16240', 'AT5G27600', 'AT5G60335', 'AT5G64250']"
AraCyc::PWY-5173,1,positive,AraCyc,"['AT1G01090', 'AT1G09430', 'AT1G24180', 'AT1G30120', 'AT1G34430', 'AT1G48030', 'AT1G54220', 'AT1G59900', 'AT1G60810', 'AT2G34590', 'AT3G06650', 'AT3G13930', 'AT3G16950', 'AT3G17240', 'AT3G25860', 'AT3G52200', 'AT4G16155', 'AT5G17780', 'AT5G50850']"
AraCyc::PWY-5188,1,positive,AraCyc,"['AT1G09940', 'AT1G44318', 'AT1G58290', 'AT1G69740', 'AT2G26540', 'AT2G31250', 'AT3G48730', 'AT5G08280', 'AT5G63570']"
AraCyc::PWY-5203,1,positive,AraCyc,"['AT1G66960', 'AT1G78480', 'AT1G78500', 'AT1G78950', 'AT1G78955', 'AT1G78960', 'AT1G78970', 'AT2G22590', 'AT3G14610', 'AT3G14630', 'AT3G14680', 'AT3G29255', 'AT5G36150', 'AT5G65550']"
AraCyc::PWY-5267,1,positive,AraCyc,"['AT1G47600', 'AT1G51470', 'AT1G51490', 'AT1G54040', 'AT2G33070', 'AT2G44490', 'AT3G07720', 'AT3G16390', 'AT3G16400', 'AT3G16410', 'AT5G25980', 'AT5G26000', 'AT5G48180', 'AT5G48375']"
AraCyc::PWY-5269,1,positive,AraCyc,"['AT2G35680', 'AT3G55030', 'AT3G58830', 'AT4G04870', 'AT5G56610']"
AraCyc::PWY-5272,1,positive,AraCyc,"['AT1G05530', 'AT1G05560', 'AT1G05675', 'AT1G07250', 'AT1G52400', 'AT2G16890', 'AT2G23210', 'AT2G23250', 'AT2G23260', 'AT2G30150', 'AT2G31750', 'AT3G21760', 'AT3G21780', 'AT3G21790', 'AT3G21800', 'AT3G46700', 'AT4G14090', 'AT4G15260', 'AT4G15270', 'AT4G15280', 'AT4G34138', 'AT5G59580']"
AraCyc::PWY-5320,1,positive,AraCyc,"['AT1G01390', 'AT1G01420', 'AT1G05675', 'AT1G05680', 'AT1G30530', 'AT2G23260', 'AT2G26480', 'AT2G36790', 'AT2G43840', 'AT3G21760', 'AT3G21790', 'AT3G21800', 'AT3G50740', 'AT4G15280', 'AT4G34135', 'AT4G34138', 'AT5G05860', 'AT5G66690']"
AraCyc::PWY-5321,1,positive,AraCyc,"['AT1G01390', 'AT1G01420', 'AT1G05675', 'AT1G05680', 'AT1G07240', 'AT1G07250', 'AT1G07260', 'AT1G30530', 'AT1G73880', 'AT2G15480', 'AT2G15490', 'AT2G23260', 'AT2G26480', 'AT2G29730', 'AT2G29740', 'AT2G29750', 'AT2G36790', 'AT2G36800', 'AT2G43840', 'AT3G16520', 'AT3G21750', 'AT3G21760', 'AT3G21790', 'AT3G21800', 'AT3G46660', 'AT3G46670', 'AT3G50740', 'AT4G15280', 'AT4G34131', 'AT4G34135', 'AT4G34138', 'AT5G05860', 'AT5G17030', 'AT5G17040', 'AT5G17050', 'AT5G59580', 'AT5G59590', 'AT5G66690']"
AraCyc::PWY-5337,1,positive,AraCyc,"['AT1G09350', 'AT1G55740', 'AT1G56600', 'AT1G60450', 'AT1G60470', 'AT2G47180', 'AT3G57520', 'AT4G01970', 'AT4G26250', 'AT5G20250', 'AT5G23790', 'AT5G30500', 'AT5G40390']"
AraCyc::PWY-5340,1,positive,AraCyc,"['AT1G19920', 'AT2G14750', 'AT3G03900', 'AT3G22890', 'AT4G39940', 'AT5G67520']"
AraCyc::PWY-5350,1,positive,AraCyc,"['AT1G16460', 'AT1G79230', 'AT2G17850', 'AT4G35770', 'AT5G66040', 'AT5G66170']"
AraCyc::PWY-5366,1,positive,AraCyc,"['AT1G08510', 'AT1G35250', 'AT1G35290', 'AT1G66550', 'AT1G68260', 'AT1G68280']"
AraCyc::PWY-5381,1,positive,AraCyc,"['AT1G08980', 'AT1G14860', 'AT1G18300', 'AT1G28960', 'AT1G55090', 'AT1G68760', 'AT1G73540', 'AT2G01670', 'AT2G04430', 'AT2G04440', 'AT2G04450', 'AT2G22570', 'AT2G23420', 'AT2G33980', 'AT4G25434', 'AT4G36940', 'AT5G20070', 'AT5G23220', 'AT5G23230', 'AT5G45940', 'AT5G47240', 'AT5G47650', 'AT5G55810']"
AraCyc::PWY-5386,1,positive,AraCyc,"['AT1G06130', 'AT1G08110', 'AT1G11840', 'AT1G25375', 'AT1G67280', 'AT2G28420', 'AT2G31350', 'AT2G32090', 'AT2G43430', 'AT3G02720', 'AT3G10850']"
AraCyc::PWY-5386-1,1,positive,AraCyc,"['AT1G06130', 'AT1G08110', 'AT1G11840', 'AT1G25375', 'AT1G67280', 'AT2G28420', 'AT2G31350', 'AT2G32090', 'AT2G43430', 'AT3G02720', 'AT3G10850']"
AraCyc::PWY-5390,1,positive,AraCyc,"['AT1G01390', 'AT1G01420', 'AT1G05675', 'AT1G05680', 'AT1G07240', 'AT1G07250', 'AT1G07260', 'AT1G30530', 'AT1G73880', 'AT2G06960', 'AT2G15480', 'AT2G15490', 'AT2G29730', 'AT2G29740', 'AT2G36790', 'AT3G16520', 'AT3G19000', 'AT3G19010', 'AT3G21750', 'AT3G21760', 'AT3G21790', 'AT3G21800', 'AT3G46660', 'AT3G46670', 'AT3G50740', 'AT4G15280', 'AT4G34131', 'AT4G34135', 'AT4G34138', 'AT5G05860', 'AT5G08640', 'AT5G17030', 'AT5G17040', 'AT5G17050', 'AT5G43935', 'AT5G48020', 'AT5G59580', 'AT5G59590', 'AT5G63580', 'AT5G63590', 'AT5G63595', 'AT5G63600', 'AT5G66690']"
AraCyc::PWY-5410,1,positive,AraCyc,"['AT1G17420', 'AT1G31490', 'AT1G32910', 'AT1G54870', 'AT1G67560', 'AT1G72520', 'AT1G78990', 'AT2G21250', 'AT2G24190', 'AT2G37770', 'AT2G37790', 'AT3G03480', 'AT3G03980', 'AT3G04000', 'AT3G05260', 'AT3G45140', 'AT3G53880', 'AT3G61220', 'AT4G13180', 'AT5G16410', 'AT5G17540', 'AT5G18210', 'AT5G62420']"
AraCyc::PWY-5453,1,positive,AraCyc,"['AT1G54870', 'AT2G24190', 'AT2G37760', 'AT2G37770', 'AT3G03980', 'AT3G04000', 'AT3G05260', 'AT3G53880', 'AT4G13180', 'AT5G18210', 'AT5G62420']"
AraCyc::PWY-5464,1,positive,AraCyc,"['AT1G01090', 'AT1G04410', 'AT1G06730', 'AT1G09780', 'AT1G12000', 'AT1G13440', 'AT1G16300', 'AT1G19600', 'AT1G20950', 'AT1G24180', 'AT1G30120', 'AT1G32480', 'AT1G34430', 'AT1G48030', 'AT1G53240', 'AT1G54220', 'AT1G56190', 'AT1G59900', 'AT1G74030', 'AT1G76550', 'AT1G79530', 'AT1G79550', 'AT2G01140', 'AT2G05710', 'AT2G11270', 'AT2G17130', 'AT2G18450', 'AT2G20420', 'AT2G21170', 'AT2G21330', 'AT2G22480', 'AT2G22780', 'AT2G24270', 'AT2G29560', 'AT2G34590', 'AT2G36460', 'AT2G36530', 'AT2G36580', 'AT2G42790', 'AT2G44350', 'AT2G47510', 'AT3G04050', 'AT3G04120', 'AT3G08590', 'AT3G09810', 'AT3G12780', 'AT3G13930', 'AT3G15020', 'AT3G16950', 'AT3G17240', 'AT3G25860', 'AT3G25960', 'AT3G27380', 'AT3G30841', 'AT3G47520', 'AT3G49160', 'AT3G52200', 'AT3G52930', 'AT3G52990', 'AT3G53910', 'AT3G55440', 'AT3G55650', 'AT3G55810', 'AT3G58740', 'AT3G58750', 'AT3G60100', 'AT4G04040', 'AT4G08876', 'AT4G09520', 'AT4G16155', 'AT4G26270', 'AT4G26390', 'AT4G26520', 'AT4G26530', 'AT4G26970', 'AT4G27600', 'AT4G29220', 'AT4G32840', 'AT4G35260', 'AT4G35650', 'AT4G35830', 'AT4G38970', 'AT5G03290', 'AT5G03690', 'AT5G08300', 'AT5G08570', 'AT5G09600', 'AT5G09660', 'AT5G17780', 'AT5G23250', 'AT5G43330', 'AT5G47810', 'AT5G50850', 'AT5G50950', 'AT5G54950', 'AT5G56350', 'AT5G56630', 'AT5G56720', 'AT5G61580', 'AT5G62575', 'AT5G63680', 'AT5G65165']"
AraCyc::PWY-5484,1,positive,AraCyc,"['AT1G06730', 'AT1G08940', 'AT1G09780', 'AT1G13440', 'AT1G16300', 'AT1G19600', 'AT1G22170', 'AT1G43670', 'AT1G56190', 'AT1G74030', 'AT1G78050', 'AT1G79530', 'AT1G79550', 'AT2G01140', 'AT2G21170', 'AT2G21330', 'AT2G22480', 'AT2G29560', 'AT2G36460', 'AT2G36530', 'AT2G36580', 'AT3G04050', 'AT3G04120', 'AT3G05170', 'AT3G08590', 'AT3G12780', 'AT3G25960', 'AT3G26780', 'AT3G30841', 'AT3G49160', 'AT3G52930', 'AT3G52990', 'AT3G54050', 'AT3G55440', 'AT3G55650', 'AT3G55810', 'AT4G09520', 'AT4G26270', 'AT4G26390', 'AT4G26520', 'AT4G26530', 'AT4G27600', 'AT4G29220', 'AT4G32840', 'AT4G38970', 'AT5G03690', 'AT5G08570', 'AT5G47810', 'AT5G56350', 'AT5G56630', 'AT5G61580', 'AT5G62840', 'AT5G63680', 'AT5G64380']"
AraCyc::PWY-5486,1,positive,AraCyc,"['AT1G77120', 'AT4G33070', 'AT5G01320', 'AT5G01330', 'AT5G54960']"
AraCyc::PWY-561,1,positive,AraCyc,"['AT1G04410', 'AT1G04710', 'AT1G06290', 'AT1G06310', 'AT1G53240', 'AT2G05710', 'AT2G11270', 'AT2G18450', 'AT2G22780', 'AT2G33150', 'AT2G35690', 'AT2G42790', 'AT2G44350', 'AT2G47510', 'AT3G04530', 'AT3G05970', 'AT3G06690', 'AT3G06860', 'AT3G15020', 'AT3G15290', 'AT3G21720', 'AT3G27380', 'AT3G47520', 'AT3G53910', 'AT3G58740', 'AT3G58750', 'AT3G60100', 'AT4G16800', 'AT4G26970', 'AT4G29010', 'AT4G35830', 'AT4G37870', 'AT5G03860', 'AT5G09600', 'AT5G09660', 'AT5G27600', 'AT5G43330', 'AT5G47720', 'AT5G48230', 'AT5G48880', 'AT5G50950', 'AT5G54950', 'AT5G56720', 'AT5G62575', 'AT5G65165', 'AT5G65690']"
AraCyc::PWY-5659,1,positive,AraCyc,"['AT1G67070', 'AT1G70820', 'AT1G74910', 'AT2G04650', 'AT2G39770', 'AT2G45790', 'AT3G02570', 'AT3G55590', 'AT4G24620', 'AT4G30570', 'AT5G17530', 'AT5G42740']"
AraCyc::PWY-5661,1,positive,AraCyc,"['AT1G23190', 'AT1G47840', 'AT1G47845', 'AT1G50460', 'AT1G70730', 'AT1G70820', 'AT2G19860', 'AT3G20040', 'AT4G29130', 'AT4G37840', 'AT5G17530', 'AT5G51820', 'AT5G62573']"
AraCyc::PWY-5667,1,positive,AraCyc,"['AT1G01610', 'AT1G06520', 'AT1G32200', 'AT1G51260', 'AT1G62430', 'AT1G64670', 'AT1G75020', 'AT1G80950', 'AT2G38110', 'AT2G45150', 'AT3G11325', 'AT3G11430', 'AT3G18850', 'AT3G47170', 'AT3G47630', 'AT3G57650', 'AT3G60620', 'AT4G00400', 'AT4G01950', 'AT4G22340', 'AT4G24160', 'AT4G26770', 'AT4G30580', 'AT5G06090', 'AT5G23110', 'AT5G40610', 'AT5G60620', 'ATCG01010']"
AraCyc::PWY-5670,1,positive,AraCyc,"['AT1G58440', 'AT2G22830', 'AT4G34640', 'AT4G34650', 'AT4G37760', 'AT5G24140', 'AT5G24150', 'AT5G24155', 'AT5G24160']"
AraCyc::PWY-5687,1,positive,AraCyc,"['AT1G14230', 'AT1G14240', 'AT1G14250', 'AT1G30820', 'AT2G02970', 'AT2G34890', 'AT3G04080', 'AT3G10030', 'AT3G12670', 'AT3G18680', 'AT3G60180', 'AT3G60961', 'AT4G02120', 'AT4G19180', 'AT4G20320', 'AT4G25280', 'AT5G17760', 'AT5G18280', 'AT5G26667', 'AT5G63310', 'AT5G66005']"
AraCyc::PWY-5690,1,positive,AraCyc,"['AT1G04410', 'AT1G32480', 'AT1G53240', 'AT2G05710', 'AT2G11270', 'AT2G17130', 'AT2G18450', 'AT2G20420', 'AT2G22780', 'AT2G42790', 'AT2G44350', 'AT2G47510', 'AT3G09810', 'AT3G15020', 'AT3G27380', 'AT3G47520', 'AT3G53910', 'AT3G58740', 'AT3G58750', 'AT3G60100', 'AT4G26970', 'AT4G35260', 'AT4G35650', 'AT4G35830', 'AT5G03290', 'AT5G08300', 'AT5G09600', 'AT5G09660', 'AT5G23250', 'AT5G43330', 'AT5G50950', 'AT5G54950', 'AT5G56720', 'AT5G62575', 'AT5G65165']"
AraCyc::PWY-5723,1,positive,AraCyc,"['AT1G09780', 'AT1G12230', 'AT1G63290', 'AT1G67090', 'AT1G71100', 'AT1G74030', 'AT2G01290', 'AT2G07732', 'AT2G29560', 'AT2G36530', 'AT2G36580', 'AT2G45290', 'AT3G01850', 'AT3G04050', 'AT3G04790', 'AT3G04880', 'AT3G08590', 'AT3G25960', 'AT3G30841', 'AT3G49160', 'AT3G52990', 'AT3G55650', 'AT3G55810', 'AT3G60750', 'AT4G09520', 'AT4G26390', 'AT5G08570', 'AT5G13420', 'AT5G38410', 'AT5G38420', 'AT5G38430', 'AT5G44520', 'AT5G56350', 'AT5G61410', 'AT5G63680', 'ATMG00280']"
AraCyc::PWY-5725,1,positive,AraCyc,"['AT1G31950', 'AT1G33750', 'AT1G70080', 'AT2G37140', 'AT3G14490', 'AT3G29410', 'AT4G16730', 'AT4G16740', 'AT5G44630']"
AraCyc::PWY-5788,1,positive,AraCyc,"['AT1G28130', 'AT1G59500', 'AT2G14960', 'AT2G23170', 'AT2G47750', 'AT4G27260', 'AT4G37390', 'AT5G13350', 'AT5G13360', 'AT5G13370', 'AT5G13380', 'AT5G54510']"
AraCyc::PWY-5791,1,positive,AraCyc,"['AT1G18870', 'AT1G30520', 'AT1G48320', 'AT1G60550', 'AT1G68890', 'AT1G74710', 'AT3G61200', 'AT5G48950']"
AraCyc::PWY-5800,1,positive,AraCyc,"['AT1G02730', 'AT1G27600', 'AT1G80525', 'AT2G37090', 'AT4G36890', 'AT5G67230']"
AraCyc::PWY-5807,1,positive,AraCyc,"['AT1G17050', 'AT1G36623', 'AT1G78510', 'AT5G58780', 'AT5G58782', 'AT5G58784']"
AraCyc::PWY-581,1,positive,AraCyc,"['AT1G04180', 'AT1G04610', 'AT1G08980', 'AT1G11610', 'AT1G21430', 'AT1G23320', 'AT1G48910', 'AT1G58265', 'AT1G70560', 'AT1G80360', 'AT2G30750', 'AT2G30770', 'AT2G33230', 'AT3G48270', 'AT3G48280', 'AT3G48290', 'AT3G48300', 'AT3G48310', 'AT3G48320', 'AT4G13260', 'AT4G13290', 'AT4G13310', 'AT4G20235', 'AT4G20240', 'AT4G24670', 'AT4G28720', 'AT4G32540', 'AT5G11320', 'AT5G22300', 'AT5G24950', 'AT5G24960', 'AT5G25620', 'AT5G42590', 'AT5G43890']"
AraCyc::PWY-5837,1,positive,AraCyc,"['AT1G18870', 'AT1G30520', 'AT1G48320', 'AT1G60550', 'AT1G68890', 'AT1G74710', 'AT3G61200', 'AT5G48950']"
AraCyc::PWY-5859,1,positive,AraCyc,"['AT1G19540', 'AT1G75280', 'AT1G75290', 'AT1G75300', 'AT4G39230']"
AraCyc::PWY-5864,1,positive,AraCyc,"['AT1G17050', 'AT1G36623', 'AT1G70560', 'AT1G78510', 'AT1G80360', 'AT3G11945', 'AT3G11950', 'AT4G28420', 'AT5G36160', 'AT5G51690', 'AT5G53970']"
AraCyc::PWY-5868,1,positive,AraCyc,"['AT1G20480', 'AT1G20490', 'AT1G20500', 'AT1G20510', 'AT1G33030', 'AT1G51680', 'AT1G51990', 'AT1G62940', 'AT1G65060', 'AT1G65450', 'AT1G74540', 'AT1G74550', 'AT2G40890', 'AT3G21230', 'AT3G21240', 'AT3G48990', 'AT4G05160', 'AT4G19010', 'AT4G26220', 'AT5G09970', 'AT5G38120', 'AT5G48930', 'AT5G54160', 'AT5G57840', 'AT5G63380']"
AraCyc::PWY-5886,1,positive,AraCyc,"['AT1G70560', 'AT1G80360', 'AT4G28420', 'AT5G36160', 'AT5G51690', 'AT5G53970']"
AraCyc::PWY-5918,1,positive,AraCyc,"['AT1G03475', 'AT1G09940', 'AT1G44318', 'AT1G58290', 'AT1G69740', 'AT2G26540', 'AT2G30390', 'AT2G31250', 'AT2G40490', 'AT3G14930', 'AT3G48730', 'AT4G01690', 'AT4G03205', 'AT4G03240', 'AT5G08280', 'AT5G14220', 'AT5G26030', 'AT5G63570']"
AraCyc::PWY-5934,1,positive,AraCyc,"['AT1G01580', 'AT1G01590', 'AT1G23020', 'AT4G19680', 'AT4G19690', 'AT5G23980', 'AT5G23990', 'AT5G49730', 'AT5G49740', 'AT5G50160']"
AraCyc::PWY-5947,1,positive,AraCyc,"['AT1G31800', 'AT3G53130', 'AT4G15110', 'AT4G25700', 'AT5G52570']"
AraCyc::PWY-5957,1,positive,AraCyc,"['AT1G09240', 'AT1G56430', 'AT4G26483', 'AT5G04950', 'AT5G56080']"
AraCyc::PWY-5963,1,positive,AraCyc,"['AT1G16540', 'AT2G23520', 'AT4G22980', 'AT4G37100', 'AT5G51920', 'AT5G66950']"
AraCyc::PWY-5971,1,positive,AraCyc,"['AT1G07440', 'AT1G08510', 'AT1G10310', 'AT1G20560', 'AT1G35250', 'AT1G35290', 'AT1G49430', 'AT1G62610', 'AT1G62940', 'AT1G63380', 'AT1G64400', 'AT1G66550', 'AT1G68260', 'AT1G68280', 'AT1G77590', 'AT2G04350', 'AT2G04540', 'AT2G05990', 'AT2G17845', 'AT2G22230', 'AT2G47240', 'AT2G47245', 'AT3G05970', 'AT3G25110', 'AT3G46170', 'AT3G55290', 'AT3G55310', 'AT4G11030', 'AT4G23850', 'AT5G10160', 'AT5G27600', 'AT5G60335', 'AT5G64250']"
AraCyc::PWY-5973,1,positive,AraCyc,"['AT1G07440', 'AT1G08510', 'AT1G10310', 'AT1G35250', 'AT1G35290', 'AT1G62610', 'AT1G63380', 'AT1G66550', 'AT1G68260', 'AT1G68280', 'AT2G05990', 'AT2G17845', 'AT2G22230', 'AT3G25110', 'AT3G46170', 'AT3G55290', 'AT3G55310', 'AT5G10160', 'AT5G60335', 'AT5G64250']"
AraCyc::PWY-5980,1,positive,AraCyc,"['AT1G21480', 'AT1G27440', 'AT1G34270', 'AT1G67410', 'AT1G74680', 'AT2G28110', 'AT2G35100', 'AT3G03650', 'AT3G07620', 'AT3G42180', 'AT3G45400', 'AT4G16745', 'AT4G32790', 'AT4G38040', 'AT5G03795', 'AT5G11130', 'AT5G11610', 'AT5G16890', 'AT5G19670', 'AT5G20260', 'AT5G22940', 'AT5G25310', 'AT5G25820', 'AT5G33290', 'AT5G37000', 'AT5G44930', 'AT5G61840']"
AraCyc::PWY-5989,1,positive,AraCyc,"['AT1G07440', 'AT1G08510', 'AT1G10310', 'AT1G20560', 'AT1G35250', 'AT1G35290', 'AT1G49430', 'AT1G62610', 'AT1G62940', 'AT1G63380', 'AT1G64400', 'AT1G66550', 'AT1G68260', 'AT1G68280', 'AT1G77590', 'AT2G04350', 'AT2G04540', 'AT2G05990', 'AT2G17845', 'AT2G22230', 'AT2G47240', 'AT2G47245', 'AT3G05970', 'AT3G25110', 'AT3G46170', 'AT3G55290', 'AT3G55310', 'AT4G11030', 'AT4G23850', 'AT5G10160', 'AT5G27600', 'AT5G60335', 'AT5G64250']"
AraCyc::PWY-5992,1,positive,AraCyc,"['AT1G50520', 'AT1G50560', 'AT1G65670', 'AT1G78490', 'AT2G05180', 'AT2G27000', 'AT2G27010', 'AT3G20080', 'AT3G20090', 'AT3G20100', 'AT3G20110', 'AT3G20120', 'AT3G20140', 'AT3G20935', 'AT3G20940', 'AT3G20950', 'AT3G20960', 'AT3G30290', 'AT3G44970', 'AT4G15300', 'AT4G15310', 'AT4G15350', 'AT4G15380', 'AT4G15393', 'AT4G15396', 'AT5G47990', 'AT5G48000', 'AT5G48010']"
AraCyc::PWY-6007,1,positive,AraCyc,"['AT1G28430', 'AT2G14100', 'AT3G20090', 'AT3G20110', 'AT3G20130', 'AT3G32047', 'AT4G15330', 'AT4G15340', 'AT4G15360', 'AT5G42580']"
AraCyc::PWY-601,1,positive,AraCyc,"['AT1G18590', 'AT1G21100', 'AT1G21110', 'AT1G21120', 'AT1G21130', 'AT1G24100', 'AT1G58265', 'AT1G66540', 'AT1G69820', 'AT1G74090', 'AT1G74100', 'AT1G76790', 'AT1G77530', 'AT2G20610', 'AT2G23190', 'AT2G23220', 'AT2G23960', 'AT2G23970', 'AT2G24850', 'AT4G23600', 'AT4G28410', 'AT4G29210', 'AT4G30530', 'AT4G30540', 'AT4G30550', 'AT4G37320', 'AT4G37400', 'AT4G37410', 'AT4G37430', 'AT4G39640', 'AT4G39650', 'AT5G36220', 'AT5G37170', 'AT5G53810', 'AT5G57220', 'AT5G67310']"
AraCyc::PWY-6012,1,positive,AraCyc,"['AT1G30060', 'AT1G55865', 'AT2G01800', 'AT2G02765', 'AT2G02770', 'AT3G11470', 'AT4G00580', 'AT4G00920', 'AT4G00930', 'AT5G37190']"
AraCyc::PWY-6014,1,positive,AraCyc,"['AT1G11600', 'AT1G64900', 'AT3G03470', 'AT3G10560', 'AT3G10570', 'AT5G04630', 'AT5G04660', 'AT5G61320']"
AraCyc::PWY-6039,1,positive,AraCyc,"['AT1G20480', 'AT1G20490', 'AT1G20500', 'AT1G20510', 'AT1G24735', 'AT1G51680', 'AT1G62940', 'AT1G65060', 'AT1G65450', 'AT1G67980', 'AT1G67990', 'AT1G74540', 'AT1G74550', 'AT2G40890', 'AT3G21230', 'AT3G21240', 'AT3G48990', 'AT3G61990', 'AT3G62000', 'AT4G05160', 'AT4G19010', 'AT4G26220', 'AT4G34050', 'AT5G09970', 'AT5G38120', 'AT5G48930', 'AT5G57840', 'AT5G63380']"
AraCyc::PWY-6040,1,positive,AraCyc,"['AT1G20480', 'AT1G20490', 'AT1G20500', 'AT1G20510', 'AT1G51680', 'AT1G62940', 'AT1G65060', 'AT1G65450', 'AT1G74540', 'AT1G74550', 'AT2G40890', 'AT3G21230', 'AT3G21240', 'AT3G48990', 'AT4G05160', 'AT4G19010', 'AT5G09970', 'AT5G38120', 'AT5G48930', 'AT5G57840', 'AT5G63380']"
AraCyc::PWY-6051,1,positive,AraCyc,"['AT1G05675', 'AT1G05680', 'AT2G15480', 'AT2G15490', 'AT2G31790', 'AT2G36750', 'AT2G36790', 'AT4G34135']"
AraCyc::PWY-6115,1,positive,AraCyc,"['AT1G66960', 'AT1G78480', 'AT1G78500', 'AT1G78950', 'AT1G78955', 'AT1G78960', 'AT1G78970', 'AT2G07050', 'AT3G29255', 'AT5G36150']"
AraCyc::PWY-6117,1,positive,AraCyc,"['AT1G65840', 'AT2G32020', 'AT2G32030', 'AT2G39030', 'AT2G43020', 'AT3G22560', 'AT3G59050', 'AT4G29720', 'AT5G13700']"
AraCyc::PWY-6118,1,positive,AraCyc,"['AT2G40690', 'AT2G41540', 'AT3G07690', 'AT3G10370', 'AT5G40610']"
AraCyc::PWY-6121,1,positive,AraCyc,"['AT1G09830', 'AT1G31220', 'AT1G74260', 'AT2G16570', 'AT3G55010', 'AT4G34740', 'AT4G38880']"
AraCyc::PWY-6124,1,positive,AraCyc,"['AT1G36280', 'AT2G05140', 'AT2G35040', 'AT2G37690', 'AT3G21110', 'AT4G18440']"
AraCyc::PWY-6147,1,positive,AraCyc,"['AT1G68760', 'AT1G69190', 'AT2G19180', 'AT3G21730', 'AT4G30000', 'AT5G62980']"
AraCyc::PWY-6163,1,positive,AraCyc,"['AT1G48850', 'AT1G48860', 'AT2G21940', 'AT2G45300', 'AT3G06350', 'AT4G39540']"
AraCyc::PWY-6199,1,positive,AraCyc,"['AT1G13430', 'AT1G28170', 'AT2G03750', 'AT2G14920', 'AT2G27570', 'AT3G45070', 'AT3G45080', 'AT3G51210', 'AT4G26220', 'AT4G26280', 'AT5G37170', 'AT5G43690', 'AT5G54160']"
AraCyc::PWY-621,1,positive,AraCyc,"['AT1G06020', 'AT1G06030', 'AT1G35580', 'AT1G47840', 'AT1G47845', 'AT1G50390', 'AT1G50460', 'AT1G56560', 'AT1G66430', 'AT1G69200', 'AT1G72000', 'AT2G19860', 'AT2G31390', 'AT2G36190', 'AT3G13790', 'AT3G20040', 'AT3G54090', 'AT3G59480', 'AT4G09510', 'AT4G10260', 'AT4G24620', 'AT4G28706', 'AT4G29130', 'AT4G37840', 'AT5G22510', 'AT5G42740', 'AT5G51830', 'AT5G62573']"
AraCyc::PWY-6219,1,positive,AraCyc,"['AT1G28130', 'AT1G59500', 'AT2G14960', 'AT2G23170', 'AT2G47750', 'AT4G27260', 'AT4G37390', 'AT5G13350', 'AT5G13360', 'AT5G13370', 'AT5G13380', 'AT5G54510']"
AraCyc::PWY-622,1,positive,AraCyc,"['AT1G05610', 'AT1G11720', 'AT1G23190', 'AT1G27680', 'AT1G32900', 'AT1G70730', 'AT1G70820', 'AT2G21590', 'AT2G36390', 'AT2G39930', 'AT3G01180', 'AT4G18240', 'AT4G24620', 'AT4G39210', 'AT5G03650', 'AT5G17530', 'AT5G24300', 'AT5G42740', 'AT5G51820', 'AT5G65685']"
AraCyc::PWY-6266-ARA,1,positive,AraCyc,"['AT1G01390', 'AT1G01420', 'AT1G05675', 'AT1G05680', 'AT1G07240', 'AT1G07250', 'AT1G07260', 'AT1G30530', 'AT1G73880', 'AT2G15480', 'AT2G15490', 'AT2G23260', 'AT2G26480', 'AT2G29730', 'AT2G29740', 'AT2G29750', 'AT2G36790', 'AT2G36800', 'AT2G43840', 'AT3G16520', 'AT3G21750', 'AT3G21760', 'AT3G21790', 'AT3G21800', 'AT3G46660', 'AT3G46670', 'AT3G50740', 'AT4G15280', 'AT4G34131', 'AT4G34135', 'AT4G34138', 'AT5G05860', 'AT5G17030', 'AT5G17040', 'AT5G17050', 'AT5G59580', 'AT5G59590', 'AT5G66690']"
AraCyc::PWY-63,1,positive,AraCyc,"['AT1G30620', 'AT2G34850', 'AT3G28530', 'AT4G20460', 'AT5G44480']"
AraCyc::PWY-6303,1,positive,AraCyc,"['AT2G23560', 'AT2G23600', 'AT2G23610', 'AT2G23620', 'AT3G10870', 'AT4G16690', 'AT4G37150', 'AT5G55250', 'AT5G58310']"
AraCyc::PWY-6317,1,positive,AraCyc,"['AT1G23190', 'AT1G70730', 'AT1G70820', 'AT3G06580', 'AT3G28530', 'AT5G17530', 'AT5G51820']"
AraCyc::PWY-6348,1,positive,AraCyc,"['AT1G04040', 'AT1G08940', 'AT1G14700', 'AT1G25230', 'AT1G52940', 'AT1G54780', 'AT1G56360', 'AT2G01880', 'AT2G01890', 'AT2G16430', 'AT2G18130', 'AT2G32770', 'AT2G38600', 'AT3G05170', 'AT3G07130', 'AT3G17790', 'AT3G20500', 'AT3G46120', 'AT3G52780', 'AT3G52810', 'AT3G52820', 'AT4G13700', 'AT4G24890', 'AT4G25150', 'AT4G29260', 'AT4G29270', 'AT4G36350', 'AT5G08260', 'AT5G24770', 'AT5G24780', 'AT5G34850', 'AT5G44020', 'AT5G50400', 'AT5G51260']"
AraCyc::PWY-6351,1,positive,AraCyc,"['AT1G01460', 'AT1G10900', 'AT1G13640', 'AT1G21920', 'AT1G21980', 'AT1G26270', 'AT1G27535', 'AT1G27570', 'AT1G49340', 'AT1G51040', 'AT1G60890', 'AT1G64460', 'AT1G67635', 'AT1G77660', 'AT1G77740', 'AT2G03890', 'AT2G26420', 'AT2G35170', 'AT2G40116', 'AT2G40850', 'AT2G41210', 'AT2G46500', 'AT3G07960', 'AT3G09920', 'AT3G43950', 'AT3G47220', 'AT3G47290', 'AT3G55940', 'AT3G56600', 'AT3G56960', 'AT4G01190', 'AT4G17080', 'AT4G34930', 'AT4G38530', 'AT4G38570', 'AT5G09350', 'AT5G24240', 'AT5G58690', 'AT5G58700', 'AT5G64070']"
AraCyc::PWY-6352,1,positive,AraCyc,"['AT1G01460', 'AT1G10900', 'AT1G13640', 'AT1G21920', 'AT1G21980', 'AT1G26270', 'AT1G27535', 'AT1G27570', 'AT1G34260', 'AT1G47510', 'AT1G49340', 'AT1G51040', 'AT1G60490', 'AT1G60890', 'AT1G64460', 'AT1G67635', 'AT1G71010', 'AT1G77660', 'AT1G77740', 'AT2G03890', 'AT2G26420', 'AT2G35170', 'AT2G40850', 'AT2G41210', 'AT2G46500', 'AT3G07960', 'AT3G09920', 'AT3G14270', 'AT3G43950', 'AT3G48190', 'AT3G56600', 'AT3G56960', 'AT4G01190', 'AT4G17080', 'AT4G33240', 'AT4G38570', 'AT5G09350', 'AT5G24240', 'AT5G64070']"
AraCyc::PWY-6358,1,positive,AraCyc,"['AT1G05630', 'AT1G34120', 'AT2G31830', 'AT2G43900', 'AT4G05090', 'AT4G18010', 'AT5G09290', 'AT5G63980', 'AT5G63990', 'AT5G64000']"
AraCyc::PWY-6363,1,positive,AraCyc,"['AT1G05630', 'AT1G34120', 'AT2G31830', 'AT2G43900', 'AT4G05090', 'AT4G18010', 'AT5G09290', 'AT5G63980', 'AT5G63990', 'AT5G64000']"
AraCyc::PWY-6364,1,positive,AraCyc,"['AT1G05630', 'AT1G34120', 'AT2G31830', 'AT2G43900', 'AT4G18010']"
AraCyc::PWY-6367,1,positive,AraCyc,"['AT2G40116', 'AT3G10550', 'AT3G47220', 'AT3G47290', 'AT3G55940', 'AT4G34930', 'AT4G38530', 'AT5G04540', 'AT5G58690', 'AT5G58700']"
AraCyc::PWY-6369,1,positive,AraCyc,"['AT1G22100', 'AT1G58643', 'AT1G58936', 'AT1G59171', 'AT1G59312', 'AT3G01310', 'AT5G07370', 'AT5G15070', 'AT5G42810', 'AT5G61760']"
AraCyc::PWY-641,1,positive,AraCyc,"['AT1G49390', 'AT1G61720', 'AT2G38240', 'AT3G11180', 'AT3G55970', 'AT4G16330', 'AT4G22870', 'AT4G22880', 'AT5G05600']"
AraCyc::PWY-6441,1,positive,AraCyc,"['AT1G65840', 'AT2G43020', 'AT3G59050', 'AT4G29720', 'AT5G13700']"
AraCyc::PWY-6444,1,positive,AraCyc,"['AT1G02590', 'AT1G04580', 'AT2G37040', 'AT3G10340', 'AT3G53260', 'AT5G04230']"
AraCyc::PWY-6475,1,positive,AraCyc,"['AT1G06820', 'AT1G10830', 'AT1G57770', 'AT3G09580', 'AT5G17230']"
AraCyc::PWY-6527,1,positive,AraCyc,"['AT2G35020', 'AT3G06580', 'AT3G28530', 'AT3G56040', 'AT3G57520', 'AT5G17310', 'AT5G18200', 'AT5G52560']"
AraCyc::PWY-6544,1,positive,AraCyc,"['AT2G38050', 'AT3G13730', 'AT3G30180', 'AT3G50660', 'AT4G36380', 'AT5G05690', 'AT5G38970']"
AraCyc::PWY-6546,1,positive,AraCyc,"['AT1G13420', 'AT1G13430', 'AT1G67110', 'AT1G75130', 'AT2G14920', 'AT2G26710', 'AT2G36800', 'AT2G46950', 'AT2G46960', 'AT4G27710', 'AT5G38450']"
AraCyc::PWY-6549,1,positive,AraCyc,"['AT1G32480', 'AT1G53310', 'AT1G54340', 'AT1G65930', 'AT1G68750', 'AT2G05710', 'AT2G11270', 'AT2G17130', 'AT2G41220', 'AT2G42600', 'AT2G42790', 'AT2G44350', 'AT3G09810', 'AT3G14940', 'AT3G42628', 'AT3G58740', 'AT3G58750', 'AT3G60100', 'AT4G15530', 'AT4G26970', 'AT4G35260', 'AT4G35650', 'AT4G35830', 'AT5G03290', 'AT5G04140', 'AT5G14590', 'AT5G54950']"
AraCyc::PWY-6554,1,positive,AraCyc,"['AT1G22100', 'AT1G58643', 'AT1G58936', 'AT1G59171', 'AT1G59312', 'AT2G43980', 'AT4G08170', 'AT4G33770', 'AT5G07370', 'AT5G16760', 'AT5G42810', 'AT5G61760']"
AraCyc::PWY-6556,1,positive,AraCyc,"['AT2G19570', 'AT2G36310', 'AT4G29570', 'AT4G29580', 'AT4G29600', 'AT4G29610', 'AT4G29620', 'AT4G29630', 'AT4G29640', 'AT4G29650']"
AraCyc::PWY-6595,1,positive,AraCyc,"['AT1G72880', 'AT1G75210', 'AT2G23890', 'AT2G36310', 'AT2G38680', 'AT3G04390', 'AT3G05300', 'AT4G02180', 'AT4G14930', 'AT4G29260', 'AT4G31196', 'AT4G34890', 'AT4G34900', 'AT4G37500', 'AT5G18860', 'AT5G18870', 'AT5G18890', 'AT5G28050', 'AT5G48960']"
AraCyc::PWY-6596,1,positive,AraCyc,"['AT1G05620', 'AT1G16350', 'AT1G72880', 'AT1G75210', 'AT1G79470', 'AT2G23890', 'AT2G36310', 'AT2G38280', 'AT2G38680', 'AT3G04390', 'AT4G02180', 'AT4G14930', 'AT4G29260', 'AT4G31196', 'AT4G34890', 'AT4G34900', 'AT4G37500', 'AT5G18860', 'AT5G18870', 'AT5G18890', 'AT5G48960']"
AraCyc::PWY-6599,1,positive,AraCyc,"['AT1G71750', 'AT2G36310', 'AT5G18860', 'AT5G18870', 'AT5G18890']"
AraCyc::PWY-6605,1,positive,AraCyc,"['AT1G27450', 'AT1G80050', 'AT2G36310', 'AT4G12440', 'AT4G22570', 'AT5G11160', 'AT5G18860', 'AT5G18870', 'AT5G18890']"
AraCyc::PWY-6606,1,positive,AraCyc,"['AT1G72880', 'AT1G75210', 'AT2G23890', 'AT2G36310', 'AT2G38680', 'AT3G04390', 'AT4G02180', 'AT4G14930', 'AT4G29260', 'AT4G31196', 'AT4G34890', 'AT4G34900', 'AT4G37500', 'AT5G18860', 'AT5G18870', 'AT5G18890', 'AT5G48960']"
AraCyc::PWY-6607,1,positive,AraCyc,"['AT1G72880', 'AT1G75210', 'AT2G23890', 'AT2G36310', 'AT2G38680', 'AT3G04390', 'AT3G05300', 'AT4G02180', 'AT4G14930', 'AT4G29260', 'AT4G31196', 'AT4G34890', 'AT4G34900', 'AT4G37500', 'AT5G18860', 'AT5G18870', 'AT5G18890', 'AT5G28050', 'AT5G48960']"
AraCyc::PWY-6612,1,positive,AraCyc,"['AT1G68760', 'AT1G69190', 'AT2G16370', 'AT2G19180', 'AT2G21550', 'AT2G28880', 'AT3G21730', 'AT3G54970', 'AT4G24380', 'AT4G30000', 'AT4G34570', 'AT5G41480', 'AT5G57850', 'AT5G62980', 'AT5G65400']"
AraCyc::PWY-6613,1,positive,AraCyc,"['AT1G31220', 'AT2G38660', 'AT3G12290', 'AT4G00600', 'AT4G00620']"
AraCyc::PWY-6614,1,positive,AraCyc,"['AT1G69190', 'AT2G16370', 'AT2G19180', 'AT2G21550', 'AT4G24380', 'AT4G30000', 'AT4G34570', 'AT5G41480', 'AT5G65400']"
AraCyc::PWY-6622,1,positive,AraCyc,"['AT1G02190', 'AT1G02205', 'AT2G37700', 'AT3G23790', 'AT4G14070', 'AT5G57800']"
AraCyc::PWY-6663,1,positive,AraCyc,"['AT1G07420', 'AT1G11680', 'AT2G07050', 'AT3G02580', 'AT3G02590', 'AT3G04030', 'AT3G20960', 'AT4G12110']"
AraCyc::PWY-6691,1,positive,AraCyc,"['AT1G17050', 'AT1G36623', 'AT1G49530', 'AT1G78510', 'AT2G18620', 'AT2G18640', 'AT2G23800', 'AT3G02600', 'AT3G14510', 'AT3G14530', 'AT3G14550', 'AT3G20160', 'AT3G29430', 'AT3G32040', 'AT3G59380', 'AT4G36810', 'AT4G38460']"
AraCyc::PWY-6710,1,positive,AraCyc,"['AT1G11600', 'AT1G64900', 'AT3G03470', 'AT3G10560', 'AT3G10570', 'AT5G04630', 'AT5G04660', 'AT5G61320']"
AraCyc::PWY-6717,1,positive,AraCyc,"['AT1G02640', 'AT1G10050', 'AT1G58370', 'AT1G68560', 'AT1G78060', 'AT2G14690', 'AT3G10740', 'AT3G14050', 'AT3G19620', 'AT3G45940', 'AT3G62710', 'AT4G08160', 'AT4G22475', 'AT4G22495', 'AT4G33810', 'AT4G33820', 'AT4G33830', 'AT4G33840', 'AT4G33860', 'AT4G38300', 'AT4G38650', 'AT5G10560', 'AT5G47000', 'AT5G49360', 'AT5G64570']"
AraCyc::PWY-6724,1,positive,AraCyc,"['AT1G10760', 'AT3G01510', 'AT3G52180', 'AT3G52526', 'AT4G09020', 'AT4G17090', 'AT5G26570', 'AT5G64860']"
AraCyc::PWY-6733,1,positive,AraCyc,"['AT1G01280', 'AT1G01600', 'AT1G04290', 'AT1G20560', 'AT1G49430', 'AT1G52191', 'AT1G62940', 'AT1G63710', 'AT1G64400', 'AT1G69500', 'AT1G77590', 'AT2G04350', 'AT2G27690', 'AT2G29590', 'AT2G30720', 'AT2G45970', 'AT2G47240', 'AT2G47245', 'AT3G05970', 'AT3G09405', 'AT3G11980', 'AT3G16175', 'AT3G44540', 'AT3G44550', 'AT3G44560', 'AT3G48520', 'AT3G56700', 'AT3G60060', 'AT4G00360', 'AT4G00520', 'AT4G10030', 'AT4G11030', 'AT4G23850', 'AT4G33540', 'AT4G33790', 'AT5G22420', 'AT5G22500', 'AT5G27600', 'AT5G48370', 'AT5G58860']"
AraCyc::PWY-6745,1,positive,AraCyc,"['AT1G03980', 'AT1G69820', 'AT4G29210', 'AT4G39640', 'AT4G39650', 'AT5G44070']"
AraCyc::PWY-6754,1,positive,AraCyc,"['AT1G49820', 'AT4G24340', 'AT4G24350', 'AT4G28940', 'AT4G34840', 'AT4G38800']"
AraCyc::PWY-6773,1,positive,AraCyc,"['AT1G05570', 'AT1G06490', 'AT2G13680', 'AT2G30680', 'AT2G31960', 'AT2G36850', 'AT3G07160', 'AT3G14570', 'AT3G14780', 'AT3G59100', 'AT4G03550', 'AT4G04970', 'AT5G13000', 'AT5G36870']"
AraCyc::PWY-6786,1,positive,AraCyc,"['AT1G23740', 'AT1G54870', 'AT1G65560', 'AT2G21250', 'AT2G24190', 'AT2G37760', 'AT2G37770', 'AT2G37790', 'AT3G03980', 'AT3G04000', 'AT3G05260', 'AT3G53880', 'AT3G61220', 'AT4G13180', 'AT5G18210', 'AT5G62420']"
AraCyc::PWY-6787,1,positive,AraCyc,"['AT1G02050', 'AT1G04380', 'AT1G06645', 'AT1G53520', 'AT1G79760', 'AT2G06960', 'AT2G26310', 'AT2G36690', 'AT2G44800', 'AT3G19000', 'AT3G19010', 'AT3G51240', 'AT3G55120', 'AT3G60290', 'AT3G63170', 'AT4G00040', 'AT4G10490', 'AT4G10500', 'AT4G34850', 'AT5G05270', 'AT5G07480', 'AT5G07990', 'AT5G08640', 'AT5G13930', 'AT5G24530', 'AT5G43450', 'AT5G43935', 'AT5G48020', 'AT5G59540', 'AT5G63580', 'AT5G63590', 'AT5G63595', 'AT5G63600', 'AT5G66220', 'AT5G66230']"
AraCyc::PWY-6792,1,positive,AraCyc,"['AT1G24735', 'AT1G55290', 'AT1G67980', 'AT1G67990', 'AT3G13610', 'AT3G61990', 'AT3G62000', 'AT4G23340', 'AT4G26220', 'AT4G34050', 'AT5G12270']"
AraCyc::PWY-6803,1,positive,AraCyc,"['AT1G02660', 'AT1G04010', 'AT1G05800', 'AT1G06250', 'AT1G06800', 'AT1G10040', 'AT1G10740', 'AT1G20560', 'AT1G23330', 'AT1G27480', 'AT1G29120', 'AT1G30370', 'AT1G31480', 'AT1G33270', 'AT1G34340', 'AT1G49430', 'AT1G51440', 'AT1G52700', 'AT1G61850', 'AT1G62940', 'AT1G63050', 'AT1G64400', 'AT1G77590', 'AT1G78690', 'AT1G80950', 'AT2G03140', 'AT2G04350', 'AT2G06925', 'AT2G19690', 'AT2G30550', 'AT2G31690', 'AT2G42690', 'AT2G45670', 'AT2G47240', 'AT2G47245', 'AT3G03310', 'AT3G03370', 'AT3G05510', 'AT3G05970', 'AT3G27325', 'AT3G50790', 'AT3G61680', 'AT3G62590', 'AT4G11030', 'AT4G16820', 'AT4G19860', 'AT4G23850', 'AT4G25770', 'AT4G29460', 'AT4G29470', 'AT5G18630', 'AT5G18640', 'AT5G27600', 'AT5G42930', 'AT5G49950', 'AT5G51180']"
AraCyc::PWY-6837,1,positive,AraCyc,"['AT1G06290', 'AT1G36580', 'AT1G65520', 'AT2G07640', 'AT3G06860', 'AT3G12800', 'AT4G14430', 'AT4G14440', 'AT4G29010', 'AT5G43280']"
AraCyc::PWY-6842,1,positive,AraCyc,"['AT1G02920', 'AT1G02930', 'AT1G02940', 'AT1G02950', 'AT1G10360', 'AT1G10370', 'AT1G14620', 'AT1G17170', 'AT1G17180', 'AT1G17190', 'AT1G19550', 'AT1G19570', 'AT1G24380', 'AT1G27130', 'AT1G27140', 'AT1G30400', 'AT1G49860', 'AT1G53270', 'AT1G53390', 'AT1G53680', 'AT1G59670', 'AT1G59700', 'AT1G66235', 'AT1G69820', 'AT1G69920', 'AT1G69930', 'AT1G74590', 'AT1G75270', 'AT1G77290', 'AT1G78320', 'AT1G78340', 'AT1G78360', 'AT1G78370', 'AT1G78380', 'AT2G02380', 'AT2G02390', 'AT2G02930', 'AT2G13610', 'AT2G20610', 'AT2G29420', 'AT2G29440', 'AT2G29450', 'AT2G29460', 'AT2G29470', 'AT2G29480', 'AT2G29490', 'AT2G30860', 'AT2G30870', 'AT2G37010', 'AT2G37360', 'AT2G39350', 'AT2G43910', 'AT2G47730', 'AT3G01660', 'AT3G03190', 'AT3G09270', 'AT3G43800', 'AT3G47680', 'AT3G55040', 'AT3G55090', 'AT3G55100', 'AT3G55110', 'AT3G62760', 'AT4G02520', 'AT4G10230', 'AT4G23600', 'AT4G29210', 'AT4G39640', 'AT4G39650', 'AT5G02780', 'AT5G02790', 'AT5G13580', 'AT5G16710', 'AT5G17220', 'AT5G41210', 'AT5G41220', 'AT5G41240', 'AT5G44070', 'AT5G44990', 'AT5G52547', 'AT5G52860', 'AT5G60740', 'AT5G62480']"
AraCyc::PWY-6908,1,positive,AraCyc,"['AT1G02880', 'AT1G22940', 'AT1G67440', 'AT2G44750', 'AT4G29530', 'AT5G19460', 'AT5G19470']"
AraCyc::PWY-6922,1,positive,AraCyc,"['AT2G39030', 'AT2G39800', 'AT3G30775', 'AT3G55610', 'AT4G08870', 'AT4G08900', 'AT5G38710', 'AT5G46180']"
AraCyc::PWY-6927,1,positive,AraCyc,"['AT1G44000', 'AT2G24820', 'AT3G02030', 'AT3G44880', 'AT4G11910', 'AT4G11911', 'AT4G22920', 'AT4G25290', 'AT4G36530', 'AT4G37000', 'AT5G13800', 'AT5G19850', 'AT5G38520']"
AraCyc::PWY-6936,1,positive,AraCyc,"['AT1G55920', 'AT2G17640', 'AT3G13110', 'AT4G35640', 'AT5G56760']"
AraCyc::PWY-695,1,positive,AraCyc,"['AT1G04620', 'AT1G30100', 'AT1G52340', 'AT1G78390', 'AT3G14440', 'AT3G24220', 'AT3G42960', 'AT3G51680', 'AT4G18350', 'AT4G19170']"
AraCyc::PWY-6952,1,positive,AraCyc,"['AT1G36005', 'AT1G66970', 'AT1G66980', 'AT1G71340', 'AT1G74210', 'AT3G02040', 'AT3G10370', 'AT3G20520', 'AT4G26690', 'AT5G08030', 'AT5G41080', 'AT5G43300', 'AT5G55480', 'AT5G58050', 'AT5G58170']"
AraCyc::PWY-699,1,positive,AraCyc,"['AT2G38050', 'AT3G13730', 'AT3G30180', 'AT3G50660', 'AT4G36380', 'AT5G05690', 'AT5G38970']"
AraCyc::PWY-702,1,positive,AraCyc,"['AT2G17265', 'AT2G20610', 'AT3G01120', 'AT3G03780', 'AT3G20390', 'AT3G57050', 'AT4G23590', 'AT4G23600', 'AT4G35295', 'AT5G17920', 'AT5G20980']"
AraCyc::PWY-7036,1,positive,AraCyc,"['AT1G01120', 'AT1G04220', 'AT1G24470', 'AT1G25450', 'AT1G64590', 'AT1G67730', 'AT1G68530', 'AT1G76150', 'AT2G37540', 'AT3G06860', 'AT3G50560', 'AT3G55360', 'AT4G11410', 'AT4G16800', 'AT4G23420', 'AT4G23430', 'AT4G24050', 'AT4G29010', 'AT4G34520', 'AT5G02540', 'AT5G10480', 'AT5G43760', 'AT5G50130', 'AT5G59770']"
AraCyc::PWY-7039,1,positive,AraCyc,"['AT1G15080', 'AT1G52570', 'AT1G55180', 'AT2G01180', 'AT2G18730', 'AT2G20900', 'AT2G40116', 'AT2G46090', 'AT3G05630', 'AT3G18220', 'AT3G25850', 'AT3G47220', 'AT3G47290', 'AT3G55940', 'AT4G00240', 'AT4G11830', 'AT4G11840', 'AT4G28130', 'AT4G30340', 'AT4G34930', 'AT4G38530', 'AT5G07920', 'AT5G25370', 'AT5G57690', 'AT5G58690', 'AT5G58700', 'AT5G63770']"
AraCyc::PWY-7047,1,positive,AraCyc,"['AT1G04410', 'AT1G53240', 'AT2G22780', 'AT3G15020', 'AT3G47520', 'AT3G53910', 'AT5G09660', 'AT5G43330', 'AT5G56720']"
AraCyc::PWY-7048,1,positive,AraCyc,"['AT1G04410', 'AT1G53240', 'AT1G79750', 'AT2G19900', 'AT2G22780', 'AT3G15020', 'AT3G47520', 'AT3G53910', 'AT5G09660', 'AT5G11670', 'AT5G25880', 'AT5G43330', 'AT5G56720', 'AT5G58330']"
AraCyc::PWY-7101,1,positive,AraCyc,"['AT1G03055', 'AT1G64680', 'AT2G44990', 'AT4G01995', 'AT4G32810']"
AraCyc::PWY-7120,1,positive,AraCyc,"['AT1G65450', 'AT3G48720', 'AT4G31910', 'AT5G41040', 'AT5G63560']"
AraCyc::PWY-7140,1,positive,AraCyc,"['AT1G01390', 'AT1G01420', 'AT1G05675', 'AT1G05680', 'AT1G30530', 'AT3G21760', 'AT3G21790', 'AT3G21800', 'AT3G50740', 'AT4G15280', 'AT4G34138', 'AT5G05860', 'AT5G66690']"
AraCyc::PWY-7176,1,positive,AraCyc,"['AT1G30820', 'AT2G34890', 'AT3G10030', 'AT3G12670', 'AT3G18680', 'AT3G60180', 'AT3G60961', 'AT4G02120', 'AT4G20320', 'AT4G25280', 'AT5G26667', 'AT5G63310']"
AraCyc::PWY-7177,1,positive,AraCyc,"['AT1G14230', 'AT1G14240', 'AT1G14250', 'AT1G30820', 'AT2G02970', 'AT2G34890', 'AT3G04080', 'AT3G12670', 'AT4G02120', 'AT4G19180', 'AT4G20320', 'AT5G18280']"
AraCyc::PWY-7184,1,positive,AraCyc,"['AT2G16370', 'AT2G21550', 'AT4G34570', 'AT5G17760', 'AT5G59440', 'AT5G66005']"
AraCyc::PWY-7185,1,positive,AraCyc,"['AT1G30820', 'AT1G72880', 'AT1G75210', 'AT2G23890', 'AT2G34890', 'AT2G38680', 'AT3G12670', 'AT4G02120', 'AT4G14930', 'AT4G20320', 'AT4G29260', 'AT5G17760', 'AT5G48960', 'AT5G66005']"
AraCyc::PWY-7193,1,positive,AraCyc,"['AT1G03030', 'AT1G55810', 'AT2G19570', 'AT3G27190', 'AT3G27440', 'AT4G26510', 'AT4G29570', 'AT4G29580', 'AT4G29600', 'AT4G29610', 'AT4G29620', 'AT4G29630', 'AT4G29640', 'AT4G29650', 'AT5G40870']"
AraCyc::PWY-7196,1,positive,AraCyc,"['AT1G03030', 'AT1G30820', 'AT1G55810', 'AT2G19570', 'AT2G34890', 'AT2G36310', 'AT3G10030', 'AT3G12670', 'AT3G18680', 'AT3G27190', 'AT3G27440', 'AT3G53900', 'AT3G60180', 'AT3G60961', 'AT4G02120', 'AT4G20320', 'AT4G25280', 'AT4G26510', 'AT4G29570', 'AT4G29580', 'AT4G29600', 'AT4G29610', 'AT4G29620', 'AT4G29630', 'AT4G29640', 'AT4G29650', 'AT5G26667', 'AT5G40870', 'AT5G63310']"
AraCyc::PWY-7199,1,positive,AraCyc,"['AT1G72040', 'AT2G02580', 'AT2G16370', 'AT2G19570', 'AT2G21550', 'AT2G24180', 'AT3G07800', 'AT3G26290', 'AT3G26300', 'AT3G26310', 'AT3G26320', 'AT3G26330', 'AT3G53305', 'AT4G29570', 'AT4G29580', 'AT4G29600', 'AT4G29610', 'AT4G29620', 'AT4G29630', 'AT4G29640', 'AT4G29650', 'AT4G34570', 'AT5G23070', 'AT5G25120', 'AT5G25130', 'AT5G25140', 'AT5G25180', 'AT5G57260']"
AraCyc::PWY-7200,1,positive,AraCyc,"['AT1G72040', 'AT2G02580', 'AT2G16370', 'AT2G19570', 'AT2G21550', 'AT2G24180', 'AT3G07800', 'AT3G26290', 'AT3G26300', 'AT3G26310', 'AT3G26320', 'AT3G26330', 'AT3G53305', 'AT3G60180', 'AT3G60961', 'AT4G29570', 'AT4G29580', 'AT4G29600', 'AT4G29610', 'AT4G29620', 'AT4G29630', 'AT4G29640', 'AT4G29650', 'AT4G34570', 'AT5G23070', 'AT5G25120', 'AT5G25130', 'AT5G25140', 'AT5G25180', 'AT5G26667', 'AT5G57260', 'AT5G59440']"
AraCyc::PWY-7204,1,positive,AraCyc,"['AT1G06690', 'AT2G27680', 'AT2G32150', 'AT2G46580', 'AT3G62040', 'AT5G02230', 'AT5G10460', 'AT5G49970', 'AT5G59480', 'AT5G59490']"
AraCyc::PWY-7205,1,positive,AraCyc,"['AT3G60180', 'AT3G60961', 'AT4G25280', 'AT5G26667', 'AT5G63310']"
AraCyc::PWY-7208,1,positive,AraCyc,"['AT1G30820', 'AT2G34890', 'AT3G10030', 'AT3G12670', 'AT3G18680', 'AT3G27440', 'AT3G53900', 'AT3G60180', 'AT3G60961', 'AT4G02120', 'AT4G20320', 'AT4G25280', 'AT4G26510', 'AT5G26667', 'AT5G40870', 'AT5G63310']"
AraCyc::PWY-7211,1,positive,AraCyc,"['AT1G30820', 'AT2G16370', 'AT2G21550', 'AT2G34890', 'AT3G10030', 'AT3G12670', 'AT3G18680', 'AT3G20330', 'AT3G54470', 'AT3G60180', 'AT3G60961', 'AT4G02120', 'AT4G20320', 'AT4G22930', 'AT4G25280', 'AT4G34570', 'AT5G17760', 'AT5G23300', 'AT5G26667', 'AT5G59440', 'AT5G63310', 'AT5G66005']"
AraCyc::PWY-7219,1,positive,AraCyc,"['AT1G36280', 'AT2G27170', 'AT2G37250', 'AT2G39270', 'AT3G01820', 'AT3G47460', 'AT3G54670', 'AT4G18440', 'AT5G35170', 'AT5G47840', 'AT5G48600', 'AT5G50370', 'AT5G60340', 'AT5G62410', 'AT5G63400']"
AraCyc::PWY-7221,1,positive,AraCyc,"['AT1G16350', 'AT1G63660', 'AT1G79470', 'AT2G41880', 'AT3G06200', 'AT3G57550', 'AT5G63310']"
AraCyc::PWY-7238,1,positive,AraCyc,"['AT1G04920', 'AT1G23190', 'AT1G47840', 'AT1G47845', 'AT1G50460', 'AT1G51420', 'AT1G70730', 'AT1G70820', 'AT2G19860', 'AT2G35020', 'AT2G35840', 'AT2G40840', 'AT3G20040', 'AT3G46970', 'AT3G52340', 'AT3G54270', 'AT3G56040', 'AT4G10120', 'AT4G24620', 'AT4G29130', 'AT4G37840', 'AT5G11110', 'AT5G17310', 'AT5G17530', 'AT5G18200', 'AT5G20280', 'AT5G42740', 'AT5G51820', 'AT5G52560', 'AT5G62573']"
AraCyc::PWY-724,1,positive,AraCyc,"['AT1G31230', 'AT1G72810', 'AT2G13810', 'AT2G17265', 'AT2G20610', 'AT2G44040', 'AT2G45440', 'AT3G01120', 'AT3G02020', 'AT3G03780', 'AT3G14390', 'AT3G20390', 'AT3G53580', 'AT3G57050', 'AT3G59890', 'AT3G60880', 'AT4G19710', 'AT4G23590', 'AT4G23600', 'AT4G29840', 'AT4G33680', 'AT4G35295', 'AT5G11880', 'AT5G13280', 'AT5G14060', 'AT5G17920', 'AT5G20980', 'AT5G21060', 'AT5G52100']"
AraCyc::PWY-7298,1,positive,AraCyc,"['AT1G17010', 'AT1G17020', 'AT1G78550', 'AT4G25300', 'AT4G25310']"
AraCyc::PWY-7343,1,positive,AraCyc,"['AT1G23190', 'AT1G70730', 'AT1G70820', 'AT2G35020', 'AT3G56040', 'AT5G17310', 'AT5G17530', 'AT5G18200', 'AT5G51820', 'AT5G52560']"
AraCyc::PWY-7345,1,positive,AraCyc,"['AT1G06020', 'AT1G06030', 'AT1G06730', 'AT1G08940', 'AT1G09780', 'AT1G13440', 'AT1G16300', 'AT1G19600', 'AT1G22170', 'AT1G23190', 'AT1G31095', 'AT1G43670', 'AT1G47840', 'AT1G47845', 'AT1G50390', 'AT1G50460', 'AT1G56190', 'AT1G66430', 'AT1G69200', 'AT1G70730', 'AT1G70820', 'AT1G73370', 'AT1G74030', 'AT1G77120', 'AT1G78050', 'AT1G79530', 'AT1G79550', 'AT2G01140', 'AT2G21170', 'AT2G21330', 'AT2G22480', 'AT2G29560', 'AT2G31390', 'AT2G35020', 'AT2G36460', 'AT2G36530', 'AT2G36580', 'AT3G04050', 'AT3G04120', 'AT3G05170', 'AT3G08590', 'AT3G12780', 'AT3G20040', 'AT3G25960', 'AT3G26780', 'AT3G30841', 'AT3G43190', 'AT3G49160', 'AT3G52930', 'AT3G52990', 'AT3G54050', 'AT3G54090', 'AT3G55440', 'AT3G55650', 'AT3G55810', 'AT3G56040', 'AT3G59480', 'AT4G02280', 'AT4G09520', 'AT4G10260', 'AT4G17260', 'AT4G24620', 'AT4G26270', 'AT4G26390', 'AT4G26520', 'AT4G26530', 'AT4G27600', 'AT4G28706', 'AT4G29130', 'AT4G29220', 'AT4G32840', 'AT4G33070', 'AT4G37840', 'AT4G38970', 'AT5G01320', 'AT5G01330', 'AT5G03690', 'AT5G08570', 'AT5G17310', 'AT5G17530', 'AT5G18200', 'AT5G20830', 'AT5G37180', 'AT5G42740', 'AT5G47810', 'AT5G49190', 'AT5G51820', 'AT5G51830', 'AT5G52560', 'AT5G54960', 'AT5G56350', 'AT5G56630', 'AT5G61580', 'AT5G62840', 'AT5G63680', 'AT5G64380']"
AraCyc::PWY-7346,1,positive,AraCyc,"['AT1G26570', 'AT3G01010', 'AT3G29360', 'AT5G15490', 'AT5G39320']"
AraCyc::PWY-735,1,positive,AraCyc,"['AT1G09400', 'AT1G13280', 'AT1G17420', 'AT1G17990', 'AT1G18020', 'AT1G20510', 'AT1G67560', 'AT1G72520', 'AT1G76680', 'AT1G76690', 'AT2G06050', 'AT2G33150', 'AT2G35690', 'AT3G25760', 'AT3G25780', 'AT3G45140', 'AT4G29010']"
AraCyc::PWY-7356,1,positive,AraCyc,"['AT1G02880', 'AT1G22940', 'AT1G67440', 'AT2G44750', 'AT3G16990', 'AT3G24030', 'AT4G28706', 'AT4G29530', 'AT5G19460', 'AT5G19470', 'AT5G32470']"
AraCyc::PWY-7388,1,positive,AraCyc,"['AT1G07440', 'AT1G10310', 'AT1G62610', 'AT1G63380', 'AT2G04540', 'AT2G17845', 'AT2G22230', 'AT3G45770', 'AT3G46170', 'AT3G55290', 'AT3G55310', 'AT5G10160', 'AT5G60335']"
AraCyc::PWY-7398,1,positive,AraCyc,"['AT1G20480', 'AT1G20490', 'AT1G20500', 'AT1G20510', 'AT1G24735', 'AT1G51680', 'AT1G55290', 'AT1G62940', 'AT1G65060', 'AT1G67980', 'AT1G67990', 'AT3G13610', 'AT3G21230', 'AT3G21240', 'AT3G48990', 'AT3G61990', 'AT3G62000', 'AT4G05160', 'AT4G19010', 'AT4G23340', 'AT4G26220', 'AT4G34050', 'AT5G12270', 'AT5G38120', 'AT5G63380']"
AraCyc::PWY-7417,1,positive,AraCyc,"['AT1G51260', 'AT1G64670', 'AT1G75020', 'AT1G80950', 'AT3G18850', 'AT3G47170', 'AT3G57650', 'AT4G24160', 'AT4G30580', 'AT5G23110']"
AraCyc::PWY-7450,1,positive,AraCyc,"['AT1G03495', 'AT1G03940', 'AT1G50580', 'AT1G64910', 'AT1G64920', 'AT2G18560', 'AT2G18570', 'AT2G22930', 'AT2G23000', 'AT3G29590', 'AT3G29630', 'AT4G09500', 'AT4G14090', 'AT4G27560', 'AT4G27570', 'AT4G36770', 'AT5G17030', 'AT5G17040', 'AT5G17050', 'AT5G53990', 'AT5G54010', 'AT5G54060']"
AraCyc::PWY-7546,1,positive,AraCyc,"['AT3G04480', 'AT3G59630', 'AT4G31790', 'AT5G62030', 'AT5G63010']"
AraCyc::PWY-7560,1,positive,AraCyc,"['AT1G63970', 'AT2G02497', 'AT2G02500', 'AT2G26930', 'AT3G02780', 'AT3G21500', 'AT4G15560', 'AT4G34350', 'AT5G11380', 'AT5G16440', 'AT5G60600', 'AT5G62790']"
AraCyc::PWY-7634,1,positive,AraCyc,"['AT1G11600', 'AT1G64900', 'AT3G03470', 'AT3G10560', 'AT3G10570', 'AT5G04630', 'AT5G04660', 'AT5G61320']"
AraCyc::PWY-7851,1,positive,AraCyc,"['AT1G12350', 'AT1G48605', 'AT2G18250', 'AT2G27490', 'AT3G18030']"
AraCyc::PWY-7859,1,positive,AraCyc,"['AT1G34540', 'AT1G44350', 'AT1G51780', 'AT3G01900', 'AT3G02875', 'AT3G48520', 'AT3G56630', 'AT5G07000', 'AT5G07010', 'AT5G54140', 'AT5G56650', 'AT5G63450']"
AraCyc::PWY-7909,1,positive,AraCyc,"['AT2G38660', 'AT3G12290', 'AT4G00600', 'AT4G00620', 'AT4G17360', 'AT5G47435']"
AraCyc::PWY-7980,1,positive,AraCyc,"['AT1G16820', 'AT1G51650', 'AT1G78900', 'AT2G07698', 'AT2G07707', 'AT2G33040', 'AT5G08670', 'AT5G08680', 'AT5G08690', 'AT5G13450', 'AT5G47030', 'ATMG00480', 'ATMG01190']"
AraCyc::PWY-7995,1,positive,AraCyc,"['AT1G01190', 'AT2G46660', 'AT3G61880', 'AT4G26220', 'AT5G07990', 'AT5G37170']"
AraCyc::PWY-801,1,positive,AraCyc,"['AT1G33320', 'AT2G20610', 'AT3G57050', 'AT3G62130', 'AT4G23590', 'AT4G23600', 'AT5G26600', 'AT5G28030']"
AraCyc::PWY-8011,1,positive,AraCyc,"['AT1G12550', 'AT1G68010', 'AT1G72190', 'AT1G79870', 'AT2G45630', 'AT3G25530', 'AT5G28310']"
AraCyc::PWY-8024,1,positive,AraCyc,"['AT1G26380', 'AT1G26390', 'AT1G26400', 'AT1G26410', 'AT1G26420', 'AT1G58265', 'AT2G30770', 'AT4G13290', 'AT4G20235', 'AT4G20800', 'AT4G31970']"
AraCyc::PWY-8142,1,positive,AraCyc,"['AT1G14520', 'AT2G19800', 'AT2G46740', 'AT3G47930', 'AT4G26260', 'AT5G11540', 'AT5G56640']"
AraCyc::PWY-8148,1,positive,AraCyc,"['AT1G04280', 'AT1G06750', 'AT1G21640', 'AT2G30630', 'AT3G21080']"
AraCyc::PWY-8157,1,positive,AraCyc,"['AT1G20480', 'AT1G20490', 'AT1G20500', 'AT1G20510', 'AT1G51680', 'AT1G62940', 'AT1G65060', 'AT1G65450', 'AT1G74540', 'AT1G74550', 'AT2G30490', 'AT2G37040', 'AT2G40890', 'AT3G10340', 'AT3G21230', 'AT3G21240', 'AT3G48990', 'AT3G53260', 'AT4G05160', 'AT4G19010', 'AT5G04230', 'AT5G09970', 'AT5G38120', 'AT5G48930', 'AT5G57840', 'AT5G63380']"
AraCyc::PWY-8270,1,positive,AraCyc,"['AT1G08380', 'AT1G55670', 'AT1G70760', 'AT4G02770', 'AT4G03280', 'AT4G23890', 'ATCG00210', 'ATCG00540', 'ATCG00600', 'ATCG00720', 'ATCG00890', 'ATCG01080', 'ATCG01100', 'ATCG01250']"
AraCyc::PWY-8279,1,positive,AraCyc,"['AT1G07440', 'AT1G08510', 'AT1G10310', 'AT1G20560', 'AT1G35250', 'AT1G35290', 'AT1G49430', 'AT1G62610', 'AT1G62940', 'AT1G63380', 'AT1G64400', 'AT1G66550', 'AT1G68260', 'AT1G68280', 'AT1G77590', 'AT2G04350', 'AT2G04540', 'AT2G17845', 'AT2G22230', 'AT2G47240', 'AT2G47245', 'AT3G05970', 'AT3G25110', 'AT3G45770', 'AT3G46170', 'AT3G55290', 'AT3G55310', 'AT4G11030', 'AT4G23850', 'AT5G10160', 'AT5G27600', 'AT5G60335']"
AraCyc::PWY-8280,1,positive,AraCyc,"['AT1G07440', 'AT1G08510', 'AT1G10310', 'AT1G20560', 'AT1G35250', 'AT1G35290', 'AT1G49430', 'AT1G62610', 'AT1G62940', 'AT1G63380', 'AT1G64400', 'AT1G66550', 'AT1G68260', 'AT1G68280', 'AT1G77590', 'AT2G04350', 'AT2G04540', 'AT2G17845', 'AT2G22230', 'AT2G47240', 'AT2G47245', 'AT3G05970', 'AT3G25110', 'AT3G45770', 'AT3G46170', 'AT3G55290', 'AT3G55310', 'AT4G11030', 'AT4G23850', 'AT5G10160', 'AT5G27600', 'AT5G60335']"
AraCyc::PWY-8321,1,positive,AraCyc,"['AT1G18870', 'AT1G23160', 'AT1G48660', 'AT1G48670', 'AT1G48690', 'AT1G74710', 'AT2G39980', 'AT3G50270', 'AT3G50280', 'AT3G50290', 'AT3G50300', 'AT5G01210', 'AT5G07850', 'AT5G07860', 'AT5G07870', 'AT5G13320', 'AT5G23940', 'AT5G38130', 'AT5G42830', 'AT5G51470', 'AT5G67150', 'AT5G67160']"
AraCyc::PWY-8363,1,positive,AraCyc,"['AT1G11860', 'AT1G12550', 'AT1G22020', 'AT1G23310', 'AT1G32470', 'AT1G36370', 'AT1G68010', 'AT1G70580', 'AT1G72190', 'AT1G79870', 'AT1G80380', 'AT2G45630', 'AT3G25530', 'AT4G13890', 'AT4G13930', 'AT4G32520', 'AT4G33010', 'AT4G37930', 'AT5G26780', 'AT5G28310', 'AT5G36700', 'AT5G36790', 'AT5G47760']"
AraCyc::PWY-8395,1,positive,AraCyc,"['AT1G17420', 'AT1G55020', 'AT1G67560', 'AT1G72520', 'AT3G22400', 'AT3G45140', 'AT5G04660']"
AraCyc::PWY-8398,1,positive,AraCyc,"['AT1G17420', 'AT1G55020', 'AT1G67560', 'AT1G72520', 'AT3G22400', 'AT3G45140']"
AraCyc::PWY-841,1,positive,AraCyc,"['AT1G09830', 'AT1G16350', 'AT1G31220', 'AT1G36280', 'AT1G63660', 'AT1G74260', 'AT1G79470', 'AT2G05140', 'AT2G16570', 'AT2G27170', 'AT2G35040', 'AT2G37250', 'AT2G37690', 'AT2G39270', 'AT2G41880', 'AT3G01820', 'AT3G06200', 'AT3G21110', 'AT3G47460', 'AT3G54670', 'AT3G55010', 'AT3G57550', 'AT4G18440', 'AT4G34740', 'AT4G38880', 'AT5G35170', 'AT5G47840', 'AT5G48600', 'AT5G50370', 'AT5G60340', 'AT5G62410', 'AT5G63310', 'AT5G63400']"
AraCyc::PWY-8458,1,positive,AraCyc,"['AT1G53280', 'AT2G38860', 'AT3G14990', 'AT3G54600', 'AT4G34020']"
AraCyc::PWY-8475,1,positive,AraCyc,"['AT1G26220', 'AT1G32070', 'AT4G35150', 'AT4G35160', 'AT5G54160']"
AraCyc::PWY-882,1,positive,AraCyc,"['AT3G02870', 'AT3G47930', 'AT4G26850', 'AT4G33670', 'AT4G39120', 'AT5G55120']"
AraCyc::PWY-922,1,positive,AraCyc,"['AT1G31910', 'AT1G76490', 'AT2G17370', 'AT3G02780', 'AT3G54250', 'AT4G11820', 'AT5G16440', 'AT5G27450', 'AT5G47720', 'AT5G48230']"
AraCyc::PWY0-1182,1,positive,AraCyc,"['AT1G47840', 'AT1G47845', 'AT1G50460', 'AT2G19860', 'AT3G20040', 'AT4G24040', 'AT4G29130', 'AT4G37840', 'AT5G62573']"
AraCyc::PWY0-1264,1,positive,AraCyc,"['AT1G36160', 'AT1G36180', 'AT1G37150', 'AT1G52670', 'AT1G80040', 'AT2G25710', 'AT2G38040', 'AT3G15690', 'AT5G15530', 'AT5G35360']"
AraCyc::PWY0-1319,1,positive,AraCyc,"['AT1G62430', 'AT2G45150', 'AT3G47630', 'AT3G60620', 'AT4G22340', 'AT4G26770', 'AT4G30580', 'AT5G40610', 'ATCG01010']"
AraCyc::PWY0-1507,1,positive,AraCyc,"['AT2G43360', 'AT4G05450', 'AT4G21090', 'AT4G32360', 'AT5G57590', 'AT5G65720']"
AraCyc::PWY0-1608,1,positive,AraCyc,"['AT1G11860', 'AT1G22020', 'AT1G32470', 'AT1G36370', 'AT4G11640', 'AT4G13890', 'AT4G13930', 'AT4G32520', 'AT4G33010', 'AT4G37930', 'AT5G26780']"
AraCyc::PWY0-162,1,positive,AraCyc,"['AT1G30820', 'AT2G34890', 'AT3G10030', 'AT3G12670', 'AT3G18680', 'AT3G20330', 'AT3G54470', 'AT3G60180', 'AT3G60961', 'AT4G02120', 'AT4G20320', 'AT4G22930', 'AT4G25280', 'AT5G23300', 'AT5G26667', 'AT5G63310']"
AraCyc::PWY0-166,1,positive,AraCyc,"['AT2G16370', 'AT2G21550', 'AT4G34570', 'AT5G17760', 'AT5G59440', 'AT5G66005']"
AraCyc::PWY0-461,1,positive,AraCyc,"['AT1G50575', 'AT2G28305', 'AT2G35990', 'AT2G37210', 'AT3G53450', 'AT4G35190', 'AT5G03270', 'AT5G06300', 'AT5G11950', 'AT5G26140']"
AraCyc::PWY0-501,1,positive,AraCyc,"['AT1G04640', 'AT1G47578', 'AT2G20860', 'AT4G31050', 'AT5G08415']"
AraCyc::PWY0-662,1,positive,AraCyc,"['AT1G10700', 'AT1G32380', 'AT2G35390', 'AT2G42910', 'AT2G44530']"
AraCyc::PWY0A-6303,1,positive,AraCyc,"['AT1G69240', 'AT2G23560', 'AT2G23590', 'AT2G23600', 'AT2G23610', 'AT2G23620', 'AT3G10870', 'AT3G29770', 'AT4G16690', 'AT4G37140', 'AT4G37150', 'AT5G55250', 'AT5G58310']"
AraCyc::PWY18C3-22,1,positive,AraCyc,"['AT1G19640', 'AT2G14060', 'AT3G21950', 'AT4G36470', 'AT5G04370', 'AT5G04380', 'AT5G38020', 'AT5G55250', 'AT5G66430']"
AraCyc::PWY18C3-24,1,positive,AraCyc,"['AT1G15060', 'AT1G74290', 'AT2G23550', 'AT2G23560', 'AT2G23570', 'AT2G23580', 'AT2G23590', 'AT2G23600', 'AT2G23610', 'AT2G23620', 'AT3G03230', 'AT3G29770', 'AT3G50440', 'AT4G16690', 'AT4G37140', 'AT4G37150']"
AraCyc::PWY1F-823,1,positive,AraCyc,"['AT1G09480', 'AT1G09490', 'AT1G09500', 'AT1G09510', 'AT1G25460', 'AT1G51410', 'AT1G66800', 'AT2G02400', 'AT3G51240', 'AT4G27250', 'AT4G35420', 'AT5G07990', 'AT5G42800', 'AT5G58490']"
AraCyc::PWY1ZNC-1,1,positive,AraCyc,"['AT1G19920', 'AT1G62180', 'AT2G14750', 'AT3G03900', 'AT3G22890', 'AT4G39940', 'AT5G67520']"
AraCyc::PWY3O-4107,1,positive,AraCyc,"['AT1G08980', 'AT1G55090', 'AT2G22570', 'AT2G23420', 'AT4G36940', 'AT5G09230', 'AT5G23220', 'AT5G23230', 'AT5G55760', 'AT5G55810']"
AraCyc::PWY3O-450,1,positive,AraCyc,"['AT1G13560', 'AT1G71697', 'AT1G74320', 'AT2G32260', 'AT3G25585', 'AT4G09760', 'AT4G15130']"
AraCyc::PWY4FS-2,1,positive,AraCyc,"['AT1G04430', 'AT1G13560', 'AT1G48600', 'AT1G73600', 'AT2G32260', 'AT3G18000', 'AT3G25585', 'AT4G15130', 'AT5G04060', 'AT5G06050', 'AT5G14430']"
AraCyc::PWY4FS-3,1,positive,AraCyc,"['AT1G04430', 'AT1G48600', 'AT1G73600', 'AT1G80860', 'AT3G18000', 'AT5G04060', 'AT5G06050', 'AT5G14430']"
AraCyc::PWY4FS-4,1,positive,AraCyc,"['AT1G04430', 'AT1G48600', 'AT1G73600', 'AT1G80860', 'AT3G18000', 'AT5G04060', 'AT5G06050', 'AT5G14430']"
AraCyc::PWY4FS-7,1,positive,AraCyc,"['AT1G62430', 'AT2G35680', 'AT2G45150', 'AT3G47630', 'AT3G55030', 'AT3G58830', 'AT3G60620', 'AT4G22340', 'AT4G26770', 'AT4G30580', 'AT5G40610', 'AT5G56610', 'ATCG01010']"
AraCyc::PWY4FS-8,1,positive,AraCyc,"['AT1G01610', 'AT1G06520', 'AT1G32200', 'AT1G51260', 'AT1G62430', 'AT1G64670', 'AT1G75020', 'AT1G80950', 'AT2G35680', 'AT2G38110', 'AT2G45150', 'AT3G11325', 'AT3G11430', 'AT3G18850', 'AT3G47170', 'AT3G47630', 'AT3G55030', 'AT3G57650', 'AT3G58830', 'AT3G60620', 'AT4G00400', 'AT4G01950', 'AT4G22340', 'AT4G24160', 'AT4G26770', 'AT4G30580', 'AT5G06090', 'AT5G23110', 'AT5G40610', 'AT5G56610', 'AT5G60620', 'ATCG01010']"
AraCyc::PWY66-21,1,positive,AraCyc,"['AT1G55320', 'AT1G77120', 'AT3G16910', 'AT3G48000', 'AT5G23050', 'AT5G36880']"
AraCyc::PWY66-367,1,positive,AraCyc,"['AT1G26360', 'AT2G26800', 'AT3G55290', 'AT4G11820', 'AT5G47720', 'AT5G48230']"
AraCyc::PWY66-385,1,positive,AraCyc,"['AT1G22020', 'AT1G36370', 'AT2G16370', 'AT2G21550', 'AT4G13890', 'AT4G13930', 'AT4G24380', 'AT4G32520', 'AT4G34570', 'AT4G37930', 'AT5G26780', 'AT5G65400']"
AraCyc::PWY66-423,1,positive,AraCyc,"['AT1G07110', 'AT1G09935', 'AT1G12850', 'AT3G30200', 'AT4G38370']"
AraCyc::PWY66-430,1,positive,AraCyc,"['AT1G07440', 'AT1G08510', 'AT1G10310', 'AT1G35250', 'AT1G35290', 'AT1G62610', 'AT1G63380', 'AT1G66550', 'AT1G68260', 'AT1G68280', 'AT2G17845', 'AT2G22230', 'AT3G25110', 'AT3G45770', 'AT3G46170', 'AT3G55290', 'AT3G55310', 'AT5G10160', 'AT5G60335']"
AraCyc::PWYDQC-4,1,positive,AraCyc,"['AT1G04180', 'AT1G04610', 'AT1G21430', 'AT1G23320', 'AT1G48910', 'AT1G70560', 'AT1G80360', 'AT2G33230', 'AT4G13260', 'AT4G24670', 'AT4G28720', 'AT4G32540', 'AT5G11320', 'AT5G25620', 'AT5G43890']"
AraCyc::PWYQT-4429,1,positive,AraCyc,"['AT1G08065', 'AT1G08080', 'AT1G19580', 'AT1G23730', 'AT1G47260', 'AT1G53310', 'AT1G58180', 'AT1G68750', 'AT1G70410', 'AT2G28210', 'AT2G42600', 'AT3G01500', 'AT3G14940', 'AT3G42628', 'AT3G52720', 'AT4G20990', 'AT4G21000', 'AT4G33580', 'AT5G04180', 'AT5G14740', 'AT5G56330']"
AraCyc::PWYQT-4445,1,positive,AraCyc,"['AT1G72880', 'AT1G75210', 'AT2G23890', 'AT2G36310', 'AT2G38680', 'AT3G27440', 'AT3G53900', 'AT4G14930', 'AT4G26510', 'AT4G29260', 'AT5G40870', 'AT5G48960']"
AraCyc::PWYQT-4449,1,positive,AraCyc,"['AT1G11755', 'AT1G17050', 'AT1G49530', 'AT1G78510', 'AT2G18620', 'AT2G18640', 'AT2G23800', 'AT3G14510', 'AT3G14530', 'AT3G14550', 'AT3G20160', 'AT3G29430', 'AT3G32040', 'AT4G17190', 'AT4G36810', 'AT4G38460', 'AT5G47770']"
AraCyc::PWYQT-4450,1,positive,AraCyc,"['AT2G43100', 'AT3G49680', 'AT4G13430', 'AT5G14200', 'AT5G23020']"
AraCyc::PWYQT-4466,1,positive,AraCyc,"['AT1G05610', 'AT1G06020', 'AT1G06030', 'AT1G11720', 'AT1G23190', 'AT1G27680', 'AT1G32900', 'AT1G35580', 'AT1G47840', 'AT1G47845', 'AT1G50390', 'AT1G50460', 'AT1G56560', 'AT1G66430', 'AT1G69200', 'AT1G70730', 'AT1G70820', 'AT1G72000', 'AT2G19860', 'AT2G21590', 'AT2G31390', 'AT2G35020', 'AT2G36190', 'AT2G36390', 'AT2G39930', 'AT3G01180', 'AT3G01590', 'AT3G13790', 'AT3G20040', 'AT3G54090', 'AT3G56040', 'AT3G59480', 'AT3G61610', 'AT4G09510', 'AT4G10260', 'AT4G18240', 'AT4G23730', 'AT4G24620', 'AT4G25900', 'AT4G28706', 'AT4G29130', 'AT4G37840', 'AT4G39210', 'AT5G03650', 'AT5G14500', 'AT5G17310', 'AT5G17530', 'AT5G18200', 'AT5G22510', 'AT5G24300', 'AT5G42740', 'AT5G51820', 'AT5G51830', 'AT5G52560', 'AT5G57330', 'AT5G62573', 'AT5G65685', 'AT5G66530']"
AraCyc::PWYQT-4471,1,positive,AraCyc,"['AT1G03400', 'AT1G03410', 'AT1G04350', 'AT1G04380', 'AT1G06620', 'AT1G06640', 'AT1G06650', 'AT1G12130', 'AT1G12140', 'AT1G12160', 'AT1G12200', 'AT1G18590', 'AT1G24100', 'AT1G62540', 'AT1G62560', 'AT1G62570', 'AT1G62580', 'AT1G62600', 'AT1G62620', 'AT1G63340', 'AT1G63370', 'AT1G63390', 'AT1G65860', 'AT1G69820', 'AT1G74090', 'AT1G74100', 'AT1G79370', 'AT2G20610', 'AT2G23960', 'AT2G23970', 'AT2G24850', 'AT2G25450', 'AT2G30830', 'AT2G30840', 'AT3G61400', 'AT4G23600', 'AT4G28410', 'AT4G29210', 'AT4G30530', 'AT4G30540', 'AT4G30550', 'AT4G39640', 'AT4G39650', 'AT5G07800', 'AT5G43440', 'AT5G59530', 'AT5G59540']"
AraCyc::PWYQT-4472,1,positive,AraCyc,"['AT1G12130', 'AT1G12140', 'AT1G12160', 'AT1G12200', 'AT1G18590', 'AT1G24100', 'AT1G62540', 'AT1G62560', 'AT1G62580', 'AT1G62600', 'AT1G62620', 'AT1G63340', 'AT1G63370', 'AT1G63390', 'AT1G65860', 'AT1G69820', 'AT1G74090', 'AT1G74100', 'AT1G79370', 'AT2G20610', 'AT2G23960', 'AT2G23970', 'AT2G24850', 'AT4G23600', 'AT4G28410', 'AT4G29210', 'AT4G30530', 'AT4G30540', 'AT4G30550', 'AT4G39640', 'AT4G39650', 'AT5G07800']"
AraCyc::PWYQT-4473,1,positive,AraCyc,"['AT1G12130', 'AT1G12140', 'AT1G12160', 'AT1G12200', 'AT1G18590', 'AT1G24100', 'AT1G62540', 'AT1G62560', 'AT1G62580', 'AT1G62600', 'AT1G62620', 'AT1G63340', 'AT1G63370', 'AT1G63390', 'AT1G65860', 'AT1G69820', 'AT1G74090', 'AT1G74100', 'AT1G79370', 'AT2G20610', 'AT2G23960', 'AT2G23970', 'AT2G24850', 'AT4G23600', 'AT4G28410', 'AT4G29210', 'AT4G30530', 'AT4G30540', 'AT4G30550', 'AT4G39640', 'AT4G39650', 'AT5G07800']"
AraCyc::PWYQT-4474,1,positive,AraCyc,"['AT1G12130', 'AT1G12140', 'AT1G12160', 'AT1G12200', 'AT1G18590', 'AT1G24100', 'AT1G62540', 'AT1G62560', 'AT1G62580', 'AT1G62600', 'AT1G62620', 'AT1G63340', 'AT1G63370', 'AT1G63390', 'AT1G65860', 'AT1G69820', 'AT1G74090', 'AT1G74100', 'AT1G79370', 'AT2G20610', 'AT2G23960', 'AT2G23970', 'AT2G24850', 'AT4G23600', 'AT4G28410', 'AT4G29210', 'AT4G30530', 'AT4G30540', 'AT4G30550', 'AT4G39640', 'AT4G39650', 'AT5G07800']"
AraCyc::PWYQT-4475,1,positive,AraCyc,"['AT1G12130', 'AT1G12140', 'AT1G12160', 'AT1G12200', 'AT1G18590', 'AT1G24100', 'AT1G62540', 'AT1G62560', 'AT1G62570', 'AT1G62580', 'AT1G62600', 'AT1G62620', 'AT1G63340', 'AT1G63370', 'AT1G63390', 'AT1G65860', 'AT1G69820', 'AT1G74090', 'AT1G74100', 'AT1G79370', 'AT2G20610', 'AT2G23960', 'AT2G23970', 'AT2G24850', 'AT4G23600', 'AT4G28410', 'AT4G29210', 'AT4G30530', 'AT4G30540', 'AT4G30550', 'AT4G39640', 'AT4G39650', 'AT5G07800']"
AraCyc::PWYQT-4477,1,positive,AraCyc,"['AT1G21100', 'AT1G21110', 'AT1G21120', 'AT1G21130', 'AT1G66540', 'AT1G77530', 'AT2G23190', 'AT2G23220', 'AT2G44490', 'AT4G37320', 'AT4G37400', 'AT4G37430', 'AT5G36220', 'AT5G37170', 'AT5G44070', 'AT5G53810', 'AT5G57220', 'AT5G67310']"
AraCyc::PWYQT-4481,1,positive,AraCyc,"['AT1G04410', 'AT1G32480', 'AT1G53240', 'AT2G05710', 'AT2G11270', 'AT2G17130', 'AT2G18450', 'AT2G20420', 'AT2G22780', 'AT2G42790', 'AT2G44350', 'AT2G46505', 'AT2G47510', 'AT3G09810', 'AT3G15020', 'AT3G27380', 'AT3G47520', 'AT3G53910', 'AT3G58740', 'AT3G58750', 'AT3G60100', 'AT4G26970', 'AT4G32210', 'AT4G35260', 'AT4G35650', 'AT4G35830', 'AT5G03290', 'AT5G08300', 'AT5G09600', 'AT5G09660', 'AT5G23250', 'AT5G43330', 'AT5G50950', 'AT5G54950', 'AT5G56720', 'AT5G65165']"
AraCyc::PWYQT-4482,1,positive,AraCyc,"['AT1G32200', 'AT1G62430', 'AT2G45150', 'AT3G47630', 'AT3G55030', 'AT3G60620', 'AT4G00400', 'AT4G22340', 'AT4G26770', 'AT4G30580', 'ATCG01010']"
AraCyc::PWYQT-62,1,positive,AraCyc,"['AT1G03475', 'AT1G09940', 'AT1G44318', 'AT1G50170', 'AT1G58290', 'AT1G69740', 'AT2G26540', 'AT2G30390', 'AT2G31250', 'AT2G40490', 'AT2G44520', 'AT3G14930', 'AT3G48730', 'AT4G01690', 'AT4G03205', 'AT4G03240', 'AT5G08280', 'AT5G14220', 'AT5G26030', 'AT5G40850', 'AT5G63570']"
AraCyc::PWYQT-94,1,positive,AraCyc,"['AT1G23820', 'AT1G70310', 'AT3G17717', 'AT3G25570', 'AT5G15950', 'AT5G18930', 'AT5G19530', 'AT5G53120']"
AraCyc::PYRIDNUCSYN-PWY,1,positive,AraCyc,"['AT1G55090', 'AT2G01350', 'AT5G14760', 'AT5G50210', 'AT5G55810']"
AraCyc::PYRUVDEHYD-PWY,1,positive,AraCyc,"['AT1G01090', 'AT1G24180', 'AT1G30120', 'AT1G34430', 'AT1G48030', 'AT1G54220', 'AT1G59900', 'AT2G34590', 'AT3G13930', 'AT3G16950', 'AT3G17240', 'AT3G25860', 'AT3G52200', 'AT4G16155', 'AT5G17780', 'AT5G50850']"
AraCyc::RIBOSYN2-PWY,1,positive,AraCyc,"['AT1G79790', 'AT2G22450', 'AT3G10970', 'AT3G47390', 'AT3G48420', 'AT4G11570', 'AT4G20960', 'AT4G21470', 'AT5G03430', 'AT5G08340', 'AT5G23330', 'AT5G59750', 'AT5G64300']"
AraCyc::SER-GLYSYN-PWY,1,positive,AraCyc,"['AT1G17745', 'AT1G18640', 'AT1G22020', 'AT1G36370', 'AT2G17630', 'AT3G19480', 'AT4G13890', 'AT4G13930', 'AT4G32520', 'AT4G34200', 'AT4G35630', 'AT4G37930', 'AT5G26780']"
AraCyc::SERSYN-PWY,1,positive,AraCyc,"['AT1G17745', 'AT1G18640', 'AT2G17630', 'AT3G19480', 'AT4G34200', 'AT4G35630']"
AraCyc::SUCSYN-PWY,1,positive,AraCyc,"['AT1G04920', 'AT1G08940', 'AT1G13440', 'AT1G16300', 'AT1G23190', 'AT1G43670', 'AT1G51420', 'AT1G56190', 'AT1G70730', 'AT1G70820', 'AT1G79530', 'AT1G79550', 'AT2G01140', 'AT2G21330', 'AT2G35020', 'AT2G35840', 'AT2G36460', 'AT3G04120', 'AT3G05170', 'AT3G12780', 'AT3G52340', 'AT3G52930', 'AT3G54050', 'AT3G54270', 'AT3G56040', 'AT4G10120', 'AT4G24620', 'AT4G26520', 'AT4G26530', 'AT4G38970', 'AT5G03690', 'AT5G11110', 'AT5G17310', 'AT5G17530', 'AT5G18200', 'AT5G20280', 'AT5G42740', 'AT5G51820', 'AT5G52560', 'AT5G64380']"
AraCyc::THISYNARA-PWY,1,positive,AraCyc,"['AT1G02880', 'AT1G22940', 'AT1G67440', 'AT2G29630', 'AT2G44750', 'AT4G29530', 'AT4G30720', 'AT5G19460', 'AT5G19470']"
AraCyc::THRESYN-PWY,1,positive,AraCyc,"['AT1G31230', 'AT1G62800', 'AT1G62960', 'AT1G70560', 'AT1G72810', 'AT2G17265', 'AT2G22250', 'AT2G30970', 'AT3G02020', 'AT4G19710', 'AT4G29840', 'AT4G31990', 'AT4G35295', 'AT5G11520', 'AT5G13280', 'AT5G14060', 'AT5G19550', 'AT5G21060', 'AT5G51690']"
AraCyc::TRESYN-PWY,1,positive,AraCyc,"['AT1G06410', 'AT1G16980', 'AT1G17000', 'AT1G22210', 'AT1G23870', 'AT1G35910', 'AT1G60140', 'AT1G68020', 'AT1G70290', 'AT1G78090', 'AT1G78580', 'AT2G18700', 'AT2G22190', 'AT4G12430', 'AT4G17770', 'AT4G22590', 'AT4G27550', 'AT4G39770', 'AT5G10100', 'AT5G51460', 'AT5G65140']"
AraCyc::TRIGLSYN-PWY,1,positive,AraCyc,"['AT1G01610', 'AT1G03390', 'AT1G04010', 'AT1G06520', 'AT1G15080', 'AT1G27200', 'AT1G32200', 'AT1G48300', 'AT1G51260', 'AT1G54570', 'AT1G64670', 'AT1G72110', 'AT1G75020', 'AT1G77220', 'AT1G80950', 'AT2G01180', 'AT2G38110', 'AT2G38995', 'AT2G43255', 'AT3G02030', 'AT3G02600', 'AT3G09560', 'AT3G11325', 'AT3G11430', 'AT3G18220', 'AT3G18850', 'AT3G26820', 'AT3G26840', 'AT3G44830', 'AT3G47170', 'AT3G49190', 'AT3G49200', 'AT3G49210', 'AT3G50920', 'AT3G51520', 'AT3G57650', 'AT3G58490', 'AT4G00400', 'AT4G01950', 'AT4G22550', 'AT4G24160', 'AT4G30580', 'AT5G03080', 'AT5G06090', 'AT5G12420', 'AT5G13640', 'AT5G16350', 'AT5G22490', 'AT5G23110', 'AT5G37300', 'AT5G41120', 'AT5G41130', 'AT5G42870', 'AT5G53380', 'AT5G53390', 'AT5G60620', 'AT5G66450']"
AraCyc::TRPSYN-PWY,1,positive,AraCyc,"['AT1G07780', 'AT1G24807', 'AT1G24909', 'AT1G25083', 'AT1G25155', 'AT1G25220', 'AT1G29410', 'AT1G70570', 'AT2G04400', 'AT2G29690', 'AT3G54640', 'AT3G55870', 'AT4G02610', 'AT4G27070', 'AT5G05590', 'AT5G05730', 'AT5G17990', 'AT5G28237', 'AT5G48220', 'AT5G54810', 'AT5G57890']"
AraCyc::TYRFUMCAT-PWY,1,positive,AraCyc,"['AT1G12050', 'AT1G70560', 'AT1G80360', 'AT2G02380', 'AT2G02390', 'AT4G28420', 'AT5G36160', 'AT5G51690', 'AT5G53970', 'AT5G54080']"
AraCyc::UDPNACETYLGALSYN-PWY,1,positive,AraCyc,"['AT1G31070', 'AT1G47840', 'AT1G47845', 'AT1G50460', 'AT2G19860', 'AT2G35020', 'AT3G20040', 'AT3G24090', 'AT4G24620', 'AT4G29130', 'AT4G37840', 'AT5G18070', 'AT5G18200', 'AT5G42740', 'AT5G52560', 'AT5G62573']"
AraCyc::VALDEG-PWY,1,positive,AraCyc,"['AT1G06550', 'AT1G10060', 'AT1G10070', 'AT2G30650', 'AT2G30660', 'AT3G24360', 'AT3G45300', 'AT3G49680', 'AT3G60510', 'AT4G13360', 'AT4G20930', 'AT4G31810', 'AT5G65780', 'AT5G65940']"
AraCyc::VALSYN-PWY,1,positive,AraCyc,"['AT1G10060', 'AT1G10070', 'AT3G23940', 'AT3G48560', 'AT3G49680', 'AT3G58610', 'AT5G65780']"
KEGG::path:ath00010,1,positive,KEGG,"['AT1G01090', 'AT1G09780', 'AT1G09870', 'AT1G12000', 'AT1G13440', 'AT1G16300', 'AT1G20950', 'AT1G22170', 'AT1G22430', 'AT1G22440', 'AT1G23190', 'AT1G23800', 'AT1G24180', 'AT1G30120', 'AT1G32440', 'AT1G32780', 'AT1G34430', 'AT1G43670', 'AT1G44170', 'AT1G47840', 'AT1G48030', 'AT1G50460', 'AT1G54100', 'AT1G54220', 'AT1G56190', 'AT1G59900', 'AT1G64710', 'AT1G70730', 'AT1G74030', 'AT1G76550', 'AT1G77120', 'AT1G78050', 'AT1G79530', 'AT1G79550', 'AT2G01140', 'AT2G19860', 'AT2G21170', 'AT2G21330', 'AT2G22480', 'AT2G24270', 'AT2G29560', 'AT2G34590', 'AT2G36460', 'AT2G36530', 'AT2G36580', 'AT2G37790', 'AT3G01260', 'AT3G01590', 'AT3G04050', 'AT3G04120', 'AT3G08590', 'AT3G12780', 'AT3G13930', 'AT3G16910', 'AT3G16950', 'AT3G17240', 'AT3G17940', 'AT3G20040', 'AT3G22960', 'AT3G25860', 'AT3G25960', 'AT3G47800', 'AT3G48000', 'AT3G49160', 'AT3G50520', 'AT3G52200', 'AT3G52930', 'AT3G52990', 'AT3G54050', 'AT3G55440', 'AT3G55650', 'AT3G55810', 'AT3G61610', 'AT4G04040', 'AT4G15530', 'AT4G16155', 'AT4G17260', 'AT4G22110', 'AT4G23730', 'AT4G24620', 'AT4G25900', 'AT4G26270', 'AT4G26390', 'AT4G26520', 'AT4G26530', 'AT4G29130', 'AT4G29220', 'AT4G32840', 'AT4G33070', 'AT4G34240', 'AT4G36250', 'AT4G37840', 'AT4G37870', 'AT4G38970', 'AT5G01320', 'AT5G01330', 'AT5G01670', 'AT5G03690', 'AT5G08570', 'AT5G14500', 'AT5G15140', 'AT5G24760', 'AT5G36880', 'AT5G42250', 'AT5G42740', 'AT5G43940', 'AT5G47810', 'AT5G50850', 'AT5G51820', 'AT5G52920', 'AT5G54960', 'AT5G56350', 'AT5G56630', 'AT5G57330', 'AT5G61580', 'AT5G63680', 'AT5G64380', 'AT5G65690', 'AT5G66530']"
KEGG::path:ath00020,1,positive,KEGG,"['AT1G01090', 'AT1G04410', 'AT1G09430', 'AT1G10670', 'AT1G24180', 'AT1G30120', 'AT1G32480', 'AT1G34430', 'AT1G48030', 'AT1G53240', 'AT1G54220', 'AT1G54340', 'AT1G59900', 'AT1G60810', 'AT1G65930', 'AT2G05710', 'AT2G17130', 'AT2G18450', 'AT2G20420', 'AT2G22780', 'AT2G34590', 'AT2G42790', 'AT2G44350', 'AT2G46505', 'AT2G47510', 'AT3G06650', 'AT3G09810', 'AT3G13930', 'AT3G15020', 'AT3G16950', 'AT3G17240', 'AT3G25860', 'AT3G27380', 'AT3G47520', 'AT3G52200', 'AT3G55410', 'AT3G58740', 'AT3G58750', 'AT3G60100', 'AT4G16155', 'AT4G26910', 'AT4G26970', 'AT4G32210', 'AT4G35260', 'AT4G35650', 'AT4G35830', 'AT4G37870', 'AT5G03290', 'AT5G08300', 'AT5G09600', 'AT5G09660', 'AT5G14590', 'AT5G23250', 'AT5G40650', 'AT5G43330', 'AT5G49460', 'AT5G50850', 'AT5G50950', 'AT5G55070', 'AT5G56720', 'AT5G65165', 'AT5G65690', 'AT5G65750', 'AT5G66760']"
KEGG::path:ath00030,1,positive,KEGG,"['AT1G09420', 'AT1G12000', 'AT1G12230', 'AT1G13700', 'AT1G17160', 'AT1G20950', 'AT1G23190', 'AT1G24280', 'AT1G32380', 'AT1G43670', 'AT1G63290', 'AT1G64190', 'AT1G70730', 'AT1G71100', 'AT1G76550', 'AT2G01140', 'AT2G01290', 'AT2G16790', 'AT2G21330', 'AT2G22480', 'AT2G24270', 'AT2G35390', 'AT2G36460', 'AT2G44530', 'AT2G45290', 'AT3G01850', 'AT3G02360', 'AT3G04790', 'AT3G27300', 'AT3G49360', 'AT3G52930', 'AT3G54050', 'AT3G60750', 'AT4G04040', 'AT4G24620', 'AT4G26270', 'AT4G26520', 'AT4G26530', 'AT4G29220', 'AT4G32840', 'AT4G38970', 'AT5G03690', 'AT5G13110', 'AT5G13420', 'AT5G24400', 'AT5G24410', 'AT5G24420', 'AT5G35790', 'AT5G40760', 'AT5G41670', 'AT5G42740', 'AT5G44520', 'AT5G47810', 'AT5G51820', 'AT5G56630', 'AT5G61410', 'AT5G61580', 'AT5G64380']"
KEGG::path:ath00040,1,positive,KEGG,"['AT1G02790', 'AT1G02810', 'AT1G04680', 'AT1G05650', 'AT1G05660', 'AT1G11580', 'AT1G11590', 'AT1G11920', 'AT1G14420', 'AT1G26570', 'AT1G30350', 'AT1G53830', 'AT1G63290', 'AT1G65570', 'AT1G67750', 'AT1G69940', 'AT2G02720', 'AT2G21370', 'AT2G21610', 'AT2G37790', 'AT2G41850', 'AT2G43860', 'AT2G43870', 'AT2G43880', 'AT2G43890', 'AT2G45220', 'AT2G47030', 'AT2G47550', 'AT3G01010', 'AT3G01270', 'AT3G01640', 'AT3G01850', 'AT3G03250', 'AT3G05610', 'AT3G05620', 'AT3G06830', 'AT3G07010', 'AT3G07820', 'AT3G07830', 'AT3G07850', 'AT3G07970', 'AT3G09540', 'AT3G10720', 'AT3G14040', 'AT3G14310', 'AT3G15720', 'AT3G24230', 'AT3G24670', 'AT3G27400', 'AT3G29090', 'AT3G29360', 'AT3G43270', 'AT3G47400', 'AT3G53190', 'AT3G54920', 'AT3G55140', 'AT3G57510', 'AT3G59850', 'AT3G60730', 'AT4G00190', 'AT4G02300', 'AT4G02320', 'AT4G02330', 'AT4G03930', 'AT4G13210', 'AT4G13710', 'AT4G18180', 'AT4G22080', 'AT4G22090', 'AT4G24780', 'AT4G30310', 'AT4G32370', 'AT4G32375', 'AT4G32380', 'AT4G33220', 'AT4G35670', 'AT5G01670', 'AT5G04310', 'AT5G04970', 'AT5G07410', 'AT5G09280', 'AT5G14470', 'AT5G14650', 'AT5G15110', 'AT5G15490', 'AT5G17200', 'AT5G17310', 'AT5G19730', 'AT5G27530', 'AT5G27870', 'AT5G39320', 'AT5G39910', 'AT5G44830', 'AT5G44840', 'AT5G48140', 'AT5G48900', 'AT5G49180', 'AT5G49650', 'AT5G51490', 'AT5G51500', 'AT5G51970', 'AT5G52560', 'AT5G55590', 'AT5G55720', 'AT5G57655', 'AT5G61410', 'AT5G61680', 'AT5G63180']"
KEGG::path:ath00051,1,positive,KEGG,"['AT1G02310', 'AT1G06020', 'AT1G06030', 'AT1G07110', 'AT1G12000', 'AT1G17890', 'AT1G20950', 'AT1G43670', 'AT1G47840', 'AT1G50390', 'AT1G50460', 'AT1G66430', 'AT1G67070', 'AT1G73250', 'AT1G74910', 'AT1G76550', 'AT2G01140', 'AT2G04650', 'AT2G19860', 'AT2G20680', 'AT2G21170', 'AT2G21330', 'AT2G22480', 'AT2G31390', 'AT2G36460', 'AT2G39770', 'AT2G45790', 'AT3G02570', 'AT3G10890', 'AT3G10900', 'AT3G20040', 'AT3G30540', 'AT3G51160', 'AT3G52930', 'AT3G54050', 'AT3G55440', 'AT3G55590', 'AT3G59480', 'AT4G04040', 'AT4G10260', 'AT4G11980', 'AT4G26270', 'AT4G26520', 'AT4G26530', 'AT4G28320', 'AT4G29130', 'AT4G29220', 'AT4G30570', 'AT4G32840', 'AT4G37840', 'AT4G38970', 'AT5G01930', 'AT5G03690', 'AT5G47810', 'AT5G51830', 'AT5G51970', 'AT5G56630', 'AT5G57655', 'AT5G61580', 'AT5G64380', 'AT5G66280', 'AT5G66460']"
KEGG::path:ath00052,1,positive,KEGG,"['AT1G09350', 'AT1G12240', 'AT1G12780', 'AT1G22650', 'AT1G23190', 'AT1G35580', 'AT1G47840', 'AT1G50460', 'AT1G55120', 'AT1G55740', 'AT1G56560', 'AT1G56600', 'AT1G60450', 'AT1G60470', 'AT1G62660', 'AT1G63180', 'AT1G64440', 'AT1G70730', 'AT1G72000', 'AT1G72990', 'AT2G19860', 'AT2G22480', 'AT2G36190', 'AT2G47180', 'AT3G01260', 'AT3G03250', 'AT3G05820', 'AT3G06500', 'AT3G13784', 'AT3G13790', 'AT3G17940', 'AT3G20040', 'AT3G47800', 'AT3G52600', 'AT3G54440', 'AT3G56310', 'AT3G57520', 'AT4G01970', 'AT4G09510', 'AT4G10960', 'AT4G23920', 'AT4G26250', 'AT4G26270', 'AT4G29130', 'AT4G29220', 'AT4G32840', 'AT4G34860', 'AT4G37840', 'AT5G08370', 'AT5G08380', 'AT5G11720', 'AT5G11920', 'AT5G15140', 'AT5G17310', 'AT5G18200', 'AT5G20250', 'AT5G22510', 'AT5G23790', 'AT5G30500', 'AT5G40390', 'AT5G47810', 'AT5G51820', 'AT5G52560', 'AT5G56630', 'AT5G61580']"
KEGG::path:ath00053,1,positive,KEGG,"['AT1G02000', 'AT1G07890', 'AT1G14520', 'AT1G19550', 'AT1G19570', 'AT1G23800', 'AT1G26570', 'AT1G32300', 'AT1G44170', 'AT1G54100', 'AT1G55560', 'AT1G55570', 'AT1G63940', 'AT1G75270', 'AT1G77490', 'AT2G19800', 'AT2G37790', 'AT2G45310', 'AT2G46740', 'AT2G46750', 'AT2G46760', 'AT3G01010', 'AT3G01640', 'AT3G02870', 'AT3G09640', 'AT3G09940', 'AT3G13390', 'AT3G13400', 'AT3G23820', 'AT3G27820', 'AT3G29360', 'AT3G47930', 'AT3G48000', 'AT3G52880', 'AT4G00110', 'AT4G08390', 'AT4G12250', 'AT4G26260', 'AT4G26850', 'AT4G30440', 'AT4G32320', 'AT4G33670', 'AT4G34240', 'AT4G35000', 'AT4G35970', 'AT4G36250', 'AT4G39120', 'AT5G01670', 'AT5G03630', 'AT5G11540', 'AT5G14470', 'AT5G15490', 'AT5G16710', 'AT5G21100', 'AT5G21105', 'AT5G28840', 'AT5G39320', 'AT5G52560', 'AT5G55120', 'AT5G56470', 'AT5G56490', 'AT5G56640']"
KEGG::path:ath00061,1,positive,KEGG,"['AT1G08510', 'AT1G24360', 'AT1G36160', 'AT1G36180', 'AT1G43800', 'AT1G49430', 'AT1G62640', 'AT1G64400', 'AT1G74960', 'AT1G77590', 'AT2G04350', 'AT2G04540', 'AT2G05990', 'AT2G22230', 'AT2G30200', 'AT2G38040', 'AT2G43710', 'AT2G47240', 'AT3G02610', 'AT3G02620', 'AT3G02630', 'AT3G03980', 'AT3G04000', 'AT3G05970', 'AT3G16170', 'AT3G23790', 'AT3G25110', 'AT3G45770', 'AT4G11030', 'AT4G13050', 'AT4G13180', 'AT4G14070', 'AT4G23850', 'AT5G10160', 'AT5G15530', 'AT5G16230', 'AT5G16240', 'AT5G16390', 'AT5G18210', 'AT5G27600', 'AT5G35360', 'AT5G46290']"
KEGG::path:ath00062,1,positive,KEGG,"['AT1G01120', 'AT1G01710', 'AT1G04220', 'AT1G07720', 'AT1G19440', 'AT1G24470', 'AT1G25450', 'AT1G67730', 'AT1G68530', 'AT1G71160', 'AT2G15090', 'AT2G16280', 'AT2G26250', 'AT2G26640', 'AT2G28630', 'AT2G46720', 'AT3G10280', 'AT3G45770', 'AT3G52160', 'AT3G55360', 'AT3G60340', 'AT4G00520', 'AT4G17470', 'AT4G17480', 'AT4G17483', 'AT4G34250', 'AT4G34510', 'AT4G34520', 'AT5G04530', 'AT5G10480', 'AT5G43760', 'AT5G47330', 'AT5G47340', 'AT5G47350', 'AT5G49070', 'AT5G59770']"
KEGG::path:ath00071,1,positive,KEGG,"['AT1G04710', 'AT1G06290', 'AT1G06310', 'AT1G22430', 'AT1G22440', 'AT1G23800', 'AT1G32780', 'AT1G44170', 'AT1G49430', 'AT1G54100', 'AT1G64400', 'AT1G64710', 'AT1G65520', 'AT1G69500', 'AT1G77120', 'AT1G77590', 'AT2G04350', 'AT2G33150', 'AT2G35690', 'AT2G47240', 'AT3G05970', 'AT3G06690', 'AT3G06810', 'AT3G06860', 'AT3G23790', 'AT3G48000', 'AT3G51840', 'AT4G11030', 'AT4G14070', 'AT4G14430', 'AT4G14440', 'AT4G16210', 'AT4G16760', 'AT4G22110', 'AT4G23850', 'AT4G29010', 'AT4G34240', 'AT4G36250', 'AT5G24760', 'AT5G27600', 'AT5G42250', 'AT5G43940', 'AT5G47720', 'AT5G48230', 'AT5G48880', 'AT5G58860', 'AT5G65110']"
KEGG::path:ath00073,1,positive,KEGG,"['AT1G01600', 'AT1G02190', 'AT1G02205', 'AT1G11600', 'AT1G23240', 'AT1G34490', 'AT1G34500', 'AT1G34520', 'AT1G54570', 'AT1G57750', 'AT1G63710', 'AT1G69500', 'AT1G70670', 'AT1G70680', 'AT1G72110', 'AT1G72970', 'AT2G33380', 'AT2G37700', 'AT2G38995', 'AT2G45970', 'AT3G02030', 'AT3G10560', 'AT3G10570', 'AT3G11980', 'AT3G26820', 'AT3G26840', 'AT3G44540', 'AT3G44550', 'AT3G44560', 'AT3G48720', 'AT3G49190', 'AT3G49200', 'AT3G49210', 'AT3G56700', 'AT4G00360', 'AT4G26740', 'AT4G33790', 'AT5G04630', 'AT5G04660', 'AT5G08250', 'AT5G12420', 'AT5G16350', 'AT5G22420', 'AT5G22490', 'AT5G22500', 'AT5G23190', 'AT5G29560', 'AT5G37300', 'AT5G41040', 'AT5G41120', 'AT5G41130', 'AT5G51420', 'AT5G53380', 'AT5G53390', 'AT5G55240', 'AT5G55320', 'AT5G55330', 'AT5G55340', 'AT5G55350', 'AT5G55360', 'AT5G55370', 'AT5G55380', 'AT5G57800', 'AT5G58860', 'AT5G63560']"
KEGG::path:ath00100,1,positive,KEGG,"['AT1G07420', 'AT1G11680', 'AT1G20050', 'AT1G20330', 'AT1G47290', 'AT1G50430', 'AT1G58440', 'AT1G76090', 'AT2G07050', 'AT2G15230', 'AT2G22830', 'AT2G26260', 'AT2G28850', 'AT2G28860', 'AT2G29390', 'AT2G34490', 'AT2G34500', 'AT2G43420', 'AT3G02580', 'AT3G02590', 'AT3G19820', 'AT3G45130', 'AT3G52940', 'AT3G57140', 'AT4G12110', 'AT4G22755', 'AT4G22756', 'AT4G34640', 'AT4G34650', 'AT4G37760', 'AT5G04040', 'AT5G13710', 'AT5G24140', 'AT5G24150', 'AT5G24160', 'AT5G50375']"
KEGG::path:ath00130,1,positive,KEGG,"['AT1G06570', 'AT1G18870', 'AT1G23360', 'AT1G30520', 'AT1G48320', 'AT1G51680', 'AT1G60550', 'AT1G60600', 'AT1G62940', 'AT1G64970', 'AT1G65060', 'AT1G68890', 'AT1G74710', 'AT2G03690', 'AT2G18950', 'AT2G24850', 'AT2G30490', 'AT2G30920', 'AT3G11945', 'AT3G21230', 'AT3G21240', 'AT3G24200', 'AT3G63410', 'AT4G05160', 'AT4G19010', 'AT4G23590', 'AT4G23660', 'AT4G27270', 'AT4G28410', 'AT4G28420', 'AT4G32770', 'AT4G36750', 'AT5G08740', 'AT5G36160', 'AT5G48950', 'AT5G53970', 'AT5G54500', 'AT5G57300', 'AT5G58800', 'AT5G63380']"
KEGG::path:ath00190,1,positive,KEGG,"['AT1G01050', 'AT1G02410', 'AT1G04630', 'AT1G07180', 'AT1G12840', 'AT1G15120', 'AT1G15700', 'AT1G16700', 'AT1G17260', 'AT1G19910', 'AT1G20260', 'AT1G22450', 'AT1G22840', 'AT1G32710', 'AT1G49140', 'AT1G51650', 'AT1G53030', 'AT1G64200', 'AT1G65290', 'AT1G75630', 'AT1G76030', 'AT1G78900', 'AT1G79010', 'AT1G80230', 'AT1G80660', 'AT2G01090', 'AT2G02050', 'AT2G07560', 'AT2G07671', 'AT2G07687', 'AT2G07689', 'AT2G07698', 'AT2G07707', 'AT2G07727', 'AT2G07741', 'AT2G07751', 'AT2G07785', 'AT2G16510', 'AT2G18230', 'AT2G18450', 'AT2G18960', 'AT2G19680', 'AT2G20360', 'AT2G20800', 'AT2G21410', 'AT2G24520', 'AT2G25610', 'AT2G28520', 'AT2G29990', 'AT2G33040', 'AT2G33220', 'AT2G44520', 'AT2G44620', 'AT2G46505', 'AT2G46860', 'AT2G47690', 'AT3G01390', 'AT3G03070', 'AT3G03100', 'AT3G06310', 'AT3G08560', 'AT3G08610', 'AT3G12260', 'AT3G15352', 'AT3G15640', 'AT3G18410', 'AT3G27240', 'AT3G27380', 'AT3G28710', 'AT3G28715', 'AT3G42050', 'AT3G42640', 'AT3G47950', 'AT3G52300', 'AT3G52730', 'AT3G53620', 'AT3G58730', 'AT3G60330', 'AT3G62790', 'AT4G01480', 'AT4G02580', 'AT4G02620', 'AT4G04640', 'AT4G05020', 'AT4G09650', 'AT4G10040', 'AT4G11150', 'AT4G11730', 'AT4G21490', 'AT4G23710', 'AT4G25950', 'AT4G26210', 'AT4G26710', 'AT4G28060', 'AT4G28220', 'AT4G29480', 'AT4G30190', 'AT4G32210', 'AT4G32260', 'AT4G32470', 'AT4G32530', 'AT4G34700', 'AT4G34720', 'AT4G37830', 'AT4G38510', 'AT4G38920', 'AT4G39080', 'AT5G08530', 'AT5G08670', 'AT5G08680', 'AT5G08690', 'AT5G09600', 'AT5G09650', 'AT5G11770', 'AT5G13430', 'AT5G13440', 'AT5G13450', 'AT5G18800', 'AT5G25450', 'AT5G37510', 'AT5G40650', 'AT5G40810', 'AT5G47030', 'AT5G47630', 'AT5G47890', 'AT5G52840', 'AT5G55290', 'AT5G56090', 'AT5G57350', 'AT5G57815', 'AT5G62670', 'AT5G65165', 'AT5G66760', 'AT5G67590']"
KEGG::path:ath00195,1,positive,KEGG,"['AT1G03130', 'AT1G03600', 'AT1G06680', 'AT1G08380', 'AT1G10960', 'AT1G14150', 'AT1G15700', 'AT1G20020', 'AT1G20340', 'AT1G30380', 'AT1G30510', 'AT1G31330', 'AT1G32550', 'AT1G44575', 'AT1G52230', 'AT1G55670', 'AT1G60950', 'AT1G67740', 'AT1G76100', 'AT1G79040', 'AT2G07707', 'AT2G20260', 'AT2G27510', 'AT2G30570', 'AT2G30790', 'AT3G01440', 'AT3G16140', 'AT3G50820', 'AT3G55330', 'AT4G02770', 'AT4G03280', 'AT4G04640', 'AT4G05180', 'AT4G05390', 'AT4G09650', 'AT4G12800', 'AT4G14890', 'AT4G21280', 'AT4G28660', 'AT4G28750', 'AT4G32260', 'AT5G10000', 'AT5G45040', 'AT5G64040', 'AT5G66190', 'AT5G66570']"
KEGG::path:ath00196,1,positive,KEGG,"['AT1G15820', 'AT1G19150', 'AT1G29910', 'AT1G29920', 'AT1G29930', 'AT1G45474', 'AT1G61520', 'AT1G76570', 'AT2G05070', 'AT2G05100', 'AT2G34420', 'AT2G34430', 'AT2G40100', 'AT3G08940', 'AT3G27690', 'AT3G47470', 'AT3G54890', 'AT3G61470', 'AT4G10340', 'AT5G01530', 'AT5G28450', 'AT5G54270']"
KEGG::path:ath00220,1,positive,KEGG,"['AT1G17290', 'AT1G23310', 'AT1G29900', 'AT1G44180', 'AT1G44820', 'AT1G48470', 'AT1G51720', 'AT1G62800', 'AT1G66200', 'AT1G67550', 'AT1G70580', 'AT1G72330', 'AT1G75330', 'AT1G80600', 'AT2G19940', 'AT2G22910', 'AT2G30970', 'AT2G37500', 'AT3G03910', 'AT3G17820', 'AT3G27740', 'AT3G47450', 'AT3G57560', 'AT4G08870', 'AT4G08900', 'AT4G17830', 'AT4G24830', 'AT4G31990', 'AT4G37670', 'AT4G38220', 'AT5G07440', 'AT5G10920', 'AT5G11520', 'AT5G16570', 'AT5G18170', 'AT5G19550', 'AT5G35630', 'AT5G37600']"
KEGG::path:ath00230,1,positive,KEGG,"['AT1G09830', 'AT1G14230', 'AT1G14240', 'AT1G14250', 'AT1G16350', 'AT1G17750', 'AT1G19920', 'AT1G23190', 'AT1G26160', 'AT1G27450', 'AT1G30110', 'AT1G31220', 'AT1G32380', 'AT1G36280', 'AT1G54130', 'AT1G63660', 'AT1G67550', 'AT1G70730', 'AT1G71750', 'AT1G72880', 'AT1G73080', 'AT1G74260', 'AT1G79470', 'AT1G80050', 'AT2G02220', 'AT2G02970', 'AT2G04450', 'AT2G14750', 'AT2G16570', 'AT2G21790', 'AT2G23820', 'AT2G26230', 'AT2G35040', 'AT2G35390', 'AT2G37250', 'AT2G37690', 'AT2G38280', 'AT2G39270', 'AT2G41880', 'AT2G42070', 'AT2G44530', 'AT3G01820', 'AT3G03900', 'AT3G04080', 'AT3G06200', 'AT3G09820', 'AT3G14050', 'AT3G17470', 'AT3G21110', 'AT3G22890', 'AT3G23580', 'AT3G27060', 'AT3G55010', 'AT3G57550', 'AT3G57610', 'AT4G02260', 'AT4G04955', 'AT4G09320', 'AT4G11010', 'AT4G11980', 'AT4G12440', 'AT4G12720', 'AT4G13720', 'AT4G14680', 'AT4G14930', 'AT4G17050', 'AT4G18440', 'AT4G20070', 'AT4G22570', 'AT4G23900', 'AT4G24730', 'AT4G25434', 'AT4G29680', 'AT4G34740', 'AT4G34890', 'AT4G34900', 'AT4G38880', 'AT4G39940', 'AT5G03300', 'AT5G11160', 'AT5G18280', 'AT5G28050', 'AT5G35170', 'AT5G43600', 'AT5G43780', 'AT5G47650', 'AT5G47840', 'AT5G50370', 'AT5G51820', 'AT5G58220', 'AT5G58240', 'AT5G60340', 'AT5G63310', 'AT5G63400', 'AT5G66005', 'AT5G67520']"
KEGG::path:ath00240,1,positive,KEGG,"['AT1G05620', 'AT1G14230', 'AT1G14240', 'AT1G14250', 'AT1G26160', 'AT1G26190', 'AT1G29900', 'AT1G30110', 'AT1G30820', 'AT1G50510', 'AT1G55810', 'AT1G72880', 'AT1G73980', 'AT2G02970', 'AT2G16370', 'AT2G19570', 'AT2G21550', 'AT2G21790', 'AT2G23820', 'AT2G34890', 'AT2G36310', 'AT2G38680', 'AT3G04080', 'AT3G07800', 'AT3G12670', 'AT3G17810', 'AT3G18680', 'AT3G20330', 'AT3G23580', 'AT3G25400', 'AT3G27060', 'AT3G27190', 'AT3G27440', 'AT3G27740', 'AT3G46940', 'AT3G48540', 'AT3G53900', 'AT3G54470', 'AT3G60180', 'AT4G02120', 'AT4G09320', 'AT4G11010', 'AT4G14930', 'AT4G20320', 'AT4G22930', 'AT4G23900', 'AT4G25280', 'AT4G26510', 'AT4G29570', 'AT4G29600', 'AT4G29610', 'AT4G29620', 'AT4G29630', 'AT4G29640', 'AT4G29680', 'AT4G34570', 'AT5G12200', 'AT5G18280', 'AT5G23070', 'AT5G23300', 'AT5G26667', 'AT5G40870', 'AT5G59440', 'AT5G63310', 'AT5G64370']"
KEGG::path:ath00250,1,positive,KEGG,"['AT1G17290', 'AT1G23310', 'AT1G29900', 'AT1G36280', 'AT1G48470', 'AT1G51720', 'AT1G62800', 'AT1G65960', 'AT1G66200', 'AT1G70580', 'AT1G72330', 'AT1G79440', 'AT2G02000', 'AT2G02010', 'AT2G13360', 'AT2G16570', 'AT2G30970', 'AT2G38400', 'AT3G03910', 'AT3G08860', 'AT3G16150', 'AT3G17760', 'AT3G17820', 'AT3G20330', 'AT3G22200', 'AT3G24090', 'AT3G27740', 'AT3G47340', 'AT3G57610', 'AT4G18440', 'AT4G24830', 'AT4G31990', 'AT4G34740', 'AT4G38880', 'AT4G39660', 'AT5G07440', 'AT5G08100', 'AT5G10240', 'AT5G10920', 'AT5G11520', 'AT5G12040', 'AT5G14760', 'AT5G16570', 'AT5G17330', 'AT5G18170', 'AT5G19550', 'AT5G35630', 'AT5G37600', 'AT5G53460', 'AT5G62530', 'AT5G65010']"
KEGG::path:ath00260,1,positive,KEGG,"['AT1G08630', 'AT1G09780', 'AT1G11860', 'AT1G12550', 'AT1G14810', 'AT1G17745', 'AT1G18640', 'AT1G22020', 'AT1G22170', 'AT1G23310', 'AT1G31230', 'AT1G31670', 'AT1G31690', 'AT1G31710', 'AT1G32470', 'AT1G36370', 'AT1G48030', 'AT1G54100', 'AT1G62810', 'AT1G68010', 'AT1G70580', 'AT1G72810', 'AT1G74920', 'AT1G78050', 'AT1G79870', 'AT1G80380', 'AT2G13360', 'AT2G17265', 'AT2G17630', 'AT2G24580', 'AT2G26080', 'AT2G35120', 'AT2G35370', 'AT2G38400', 'AT2G42490', 'AT3G02020', 'AT3G04520', 'AT3G08590', 'AT3G08860', 'AT3G10050', 'AT3G16950', 'AT3G17240', 'AT3G19480', 'AT3G43670', 'AT3G48170', 'AT3G50520', 'AT3G54640', 'AT4G02610', 'AT4G11640', 'AT4G12290', 'AT4G13890', 'AT4G13930', 'AT4G14940', 'AT4G16155', 'AT4G19710', 'AT4G27070', 'AT4G29840', 'AT4G29890', 'AT4G32520', 'AT4G33010', 'AT4G34200', 'AT4G35630', 'AT4G37930', 'AT4G39660', 'AT5G13280', 'AT5G14060', 'AT5G26780', 'AT5G28237', 'AT5G38530', 'AT5G54810']"
KEGG::path:ath00261,1,positive,KEGG,"['AT1G14810', 'AT1G19920', 'AT1G31230', 'AT2G44040', 'AT2G45440', 'AT3G02020', 'AT3G22890', 'AT3G59890', 'AT3G60880', 'AT4G14680', 'AT4G19710', 'AT5G13280', 'AT5G14060', 'AT5G43780']"
KEGG::path:ath00270,1,positive,KEGG,"['AT1G01480', 'AT1G02500', 'AT1G04410', 'AT1G05010', 'AT1G09240', 'AT1G10060', 'AT1G10070', 'AT1G12010', 'AT1G14810', 'AT1G16460', 'AT1G17745', 'AT1G23820', 'AT1G31230', 'AT1G33320', 'AT1G48420', 'AT1G49820', 'AT1G50090', 'AT1G50110', 'AT1G53240', 'AT1G55880', 'AT1G55920', 'AT1G56430', 'AT1G62380', 'AT1G62800', 'AT1G64660', 'AT1G69770', 'AT1G70310', 'AT1G77330', 'AT1G77670', 'AT1G79230', 'AT1G80360', 'AT1G80740', 'AT2G05830', 'AT2G17265', 'AT2G17630', 'AT2G17640', 'AT2G19590', 'AT2G22780', 'AT2G22810', 'AT2G24850', 'AT2G26400', 'AT2G30970', 'AT2G36880', 'AT2G38400', 'AT2G43750', 'AT3G01120', 'AT3G02020', 'AT3G02470', 'AT3G03630', 'AT3G03780', 'AT3G04940', 'AT3G08860', 'AT3G13110', 'AT3G15020', 'AT3G17390', 'AT3G19480', 'AT3G22460', 'AT3G22740', 'AT3G23810', 'AT3G25570', 'AT3G25900', 'AT3G26115', 'AT3G47520', 'AT3G49680', 'AT3G49700', 'AT3G57050', 'AT3G59760', 'AT3G61440', 'AT3G61510', 'AT3G62130', 'AT3G63250', 'AT4G01850', 'AT4G08040', 'AT4G08990', 'AT4G11280', 'AT4G13610', 'AT4G13940', 'AT4G14140', 'AT4G14710', 'AT4G14716', 'AT4G14880', 'AT4G17260', 'AT4G19020', 'AT4G19710', 'AT4G23100', 'AT4G23590', 'AT4G23600', 'AT4G26200', 'AT4G28410', 'AT4G28420', 'AT4G31990', 'AT4G34200', 'AT4G34840', 'AT4G35630', 'AT4G35640', 'AT4G37770', 'AT4G38800', 'AT4G39660', 'AT5G04950', 'AT5G09660', 'AT5G11520', 'AT5G13280', 'AT5G14060', 'AT5G15950', 'AT5G17920', 'AT5G18930', 'AT5G19550', 'AT5G20980', 'AT5G26600', 'AT5G27380', 'AT5G27650', 'AT5G28020', 'AT5G28030', 'AT5G36160', 'AT5G43330', 'AT5G43850', 'AT5G49160', 'AT5G53120', 'AT5G53850', 'AT5G53970', 'AT5G56080', 'AT5G56720', 'AT5G56760', 'AT5G65780', 'AT5G65800']"
KEGG::path:ath00280,1,positive,KEGG,"['AT1G03090', 'AT1G04710', 'AT1G06550', 'AT1G10060', 'AT1G10070', 'AT1G21400', 'AT1G23800', 'AT1G44170', 'AT1G48030', 'AT1G50090', 'AT1G50110', 'AT1G54100', 'AT1G55510', 'AT1G71170', 'AT1G71180', 'AT2G14170', 'AT2G26800', 'AT2G30650', 'AT2G30660', 'AT2G33150', 'AT2G38400', 'AT3G06810', 'AT3G06850', 'AT3G08860', 'AT3G13450', 'AT3G16170', 'AT3G16950', 'AT3G17240', 'AT3G24360', 'AT3G45300', 'AT3G48000', 'AT3G49680', 'AT3G60510', 'AT4G11820', 'AT4G13360', 'AT4G16155', 'AT4G16210', 'AT4G16800', 'AT4G20930', 'AT4G29120', 'AT4G31810', 'AT4G34030', 'AT4G34240', 'AT4G36250', 'AT4G39660', 'AT5G09300', 'AT5G34780', 'AT5G47720', 'AT5G48230', 'AT5G48880', 'AT5G65780', 'AT5G65940']"
KEGG::path:ath00290,1,positive,KEGG,"['AT1G10060', 'AT1G10070', 'AT1G18500', 'AT1G31180', 'AT1G50090', 'AT1G50110', 'AT1G74040', 'AT1G80560', 'AT2G31810', 'AT2G43090', 'AT2G43100', 'AT3G10050', 'AT3G23940', 'AT3G48560', 'AT3G49680', 'AT3G58610', 'AT3G58990', 'AT4G13430', 'AT5G14200', 'AT5G16290', 'AT5G65780']"
KEGG::path:ath00300,1,positive,KEGG,"['AT1G14810', 'AT1G31230', 'AT2G13810', 'AT2G44040', 'AT2G45440', 'AT3G02020', 'AT3G14390', 'AT3G53580', 'AT3G59890', 'AT3G60880', 'AT4G19710', 'AT4G33680', 'AT5G11880', 'AT5G13280', 'AT5G14060']"
KEGG::path:ath00310,1,positive,KEGG,"['AT1G02580', 'AT1G07040', 'AT1G23800', 'AT1G44170', 'AT1G48030', 'AT1G54100', 'AT2G17900', 'AT2G22740', 'AT2G24580', 'AT2G33290', 'AT2G35160', 'AT3G03750', 'AT3G16950', 'AT3G17240', 'AT3G48000', 'AT4G02020', 'AT4G13460', 'AT4G15180', 'AT4G16155', 'AT4G16210', 'AT4G26910', 'AT4G33150', 'AT4G34240', 'AT4G35987', 'AT4G36250', 'AT5G04940', 'AT5G09790', 'AT5G13960', 'AT5G24330', 'AT5G47720', 'AT5G48230', 'AT5G55070']"
KEGG::path:ath00330,1,positive,KEGG,"['AT1G08980', 'AT1G20270', 'AT1G23800', 'AT1G23820', 'AT1G44170', 'AT1G54100', 'AT1G62800', 'AT1G65840', 'AT1G70310', 'AT2G14260', 'AT2G16500', 'AT2G17720', 'AT2G23096', 'AT2G27450', 'AT2G30970', 'AT2G39800', 'AT2G43020', 'AT2G43080', 'AT3G02470', 'AT3G06300', 'AT3G25570', 'AT3G28480', 'AT3G28490', 'AT3G30775', 'AT3G47450', 'AT3G48000', 'AT3G55610', 'AT3G59050', 'AT4G08870', 'AT4G08900', 'AT4G25600', 'AT4G29720', 'AT4G31990', 'AT4G33910', 'AT4G34240', 'AT4G34710', 'AT4G34880', 'AT4G35810', 'AT4G35820', 'AT4G36250', 'AT5G08170', 'AT5G11520', 'AT5G13700', 'AT5G14800', 'AT5G15950', 'AT5G18900', 'AT5G18930', 'AT5G19550', 'AT5G38710', 'AT5G46180', 'AT5G53120', 'AT5G61160', 'AT5G62530', 'AT5G66060']"
KEGG::path:ath00340,1,positive,KEGG,"['AT1G09795', 'AT1G23800', 'AT1G31860', 'AT1G44170', 'AT1G54100', 'AT1G58080', 'AT1G71920', 'AT2G32160', 'AT2G32170', 'AT2G36230', 'AT3G22425', 'AT3G48000', 'AT4G14910', 'AT4G23100', 'AT4G26900', 'AT4G34240', 'AT4G36250', 'AT4G39120', 'AT5G10330', 'AT5G63890']"
KEGG::path:ath00350,1,positive,KEGG,"['AT1G06570', 'AT1G12050', 'AT1G22430', 'AT1G22440', 'AT1G31670', 'AT1G31690', 'AT1G31710', 'AT1G32780', 'AT1G62800', 'AT1G62810', 'AT1G64710', 'AT1G71920', 'AT1G77120', 'AT2G02380', 'AT2G02390', 'AT2G20340', 'AT2G22250', 'AT2G24850', 'AT2G30970', 'AT2G42490', 'AT3G16700', 'AT3G43670', 'AT4G12290', 'AT4G14940', 'AT4G15940', 'AT4G22110', 'AT4G23590', 'AT4G28410', 'AT4G28420', 'AT4G28680', 'AT4G31990', 'AT5G10330', 'AT5G11520', 'AT5G19550', 'AT5G24760', 'AT5G36160', 'AT5G42250', 'AT5G43940', 'AT5G53970', 'AT5G54080', 'AT5G57170']"
KEGG::path:ath00360,1,positive,KEGG,"['AT1G06570', 'AT1G08980', 'AT1G31670', 'AT1G31690', 'AT1G31710', 'AT1G62800', 'AT1G62810', 'AT1G71920', 'AT2G20340', 'AT2G22250', 'AT2G24850', 'AT2G30970', 'AT2G37040', 'AT2G42490', 'AT3G10340', 'AT3G15290', 'AT3G43670', 'AT3G53260', 'AT4G12290', 'AT4G14940', 'AT4G16210', 'AT4G23590', 'AT4G28410', 'AT4G28420', 'AT4G31990', 'AT4G34880', 'AT5G04230', 'AT5G10330', 'AT5G11520', 'AT5G19550', 'AT5G36160', 'AT5G53970', 'AT5G57170']"
KEGG::path:ath00380,1,positive,KEGG,"['AT1G04180', 'AT1G04580', 'AT1G04610', 'AT1G08980', 'AT1G11610', 'AT1G14120', 'AT1G14130', 'AT1G20620', 'AT1G20630', 'AT1G21430', 'AT1G23320', 'AT1G23800', 'AT1G24100', 'AT1G26220', 'AT1G32070', 'AT1G44170', 'AT1G47600', 'AT1G48030', 'AT1G48910', 'AT1G51470', 'AT1G51490', 'AT1G54100', 'AT1G70560', 'AT1G74100', 'AT1G80360', 'AT2G20340', 'AT2G20610', 'AT2G22330', 'AT2G30750', 'AT2G30770', 'AT2G33230', 'AT3G16950', 'AT3G17240', 'AT3G43600', 'AT3G44300', 'AT3G44310', 'AT3G44320', 'AT3G48000', 'AT4G13260', 'AT4G16155', 'AT4G16210', 'AT4G24670', 'AT4G26910', 'AT4G28720', 'AT4G31500', 'AT4G32540', 'AT4G34240', 'AT4G34880', 'AT4G35090', 'AT4G35150', 'AT4G35160', 'AT4G36250', 'AT4G39950', 'AT5G11320', 'AT5G20960', 'AT5G25620', 'AT5G25980', 'AT5G26000', 'AT5G43890', 'AT5G47720', 'AT5G48230', 'AT5G48375', 'AT5G54160', 'AT5G55070']"
KEGG::path:ath00400,1,positive,KEGG,"['AT1G07780', 'AT1G08250', 'AT1G11790', 'AT1G15710', 'AT1G22410', 'AT1G24807', 'AT1G24909', 'AT1G25083', 'AT1G25155', 'AT1G25220', 'AT1G29410', 'AT1G48850', 'AT1G48860', 'AT1G62800', 'AT1G69370', 'AT1G71920', 'AT2G04400', 'AT2G21940', 'AT2G22250', 'AT2G24850', 'AT2G27820', 'AT2G29690', 'AT2G30970', 'AT2G45300', 'AT3G06350', 'AT3G07630', 'AT3G29200', 'AT3G44720', 'AT3G54640', 'AT3G55870', 'AT4G02610', 'AT4G23590', 'AT4G27070', 'AT4G28410', 'AT4G28420', 'AT4G31990', 'AT4G33510', 'AT4G39540', 'AT4G39980', 'AT5G05590', 'AT5G05730', 'AT5G10330', 'AT5G10870', 'AT5G11520', 'AT5G17990', 'AT5G19550', 'AT5G22630', 'AT5G28237', 'AT5G34930', 'AT5G36160', 'AT5G38530', 'AT5G48220', 'AT5G53970', 'AT5G54810', 'AT5G57890', 'AT5G66120']"
KEGG::path:ath00410,1,positive,KEGG,"['AT1G06290', 'AT1G06310', 'AT1G06550', 'AT1G23800', 'AT1G31670', 'AT1G31690', 'AT1G31710', 'AT1G44170', 'AT1G54100', 'AT1G62810', 'AT1G65840', 'AT1G65960', 'AT2G02000', 'AT2G02010', 'AT2G14170', 'AT2G30650', 'AT2G30660', 'AT2G35690', 'AT2G42490', 'AT2G43020', 'AT3G06690', 'AT3G17760', 'AT3G17810', 'AT3G24360', 'AT3G43670', 'AT3G48000', 'AT3G51840', 'AT3G59050', 'AT3G60510', 'AT4G04320', 'AT4G12290', 'AT4G13360', 'AT4G14940', 'AT4G16210', 'AT4G16760', 'AT4G20930', 'AT4G29720', 'AT4G31810', 'AT4G34240', 'AT4G36250', 'AT5G12200', 'AT5G13700', 'AT5G17330', 'AT5G48840', 'AT5G64370', 'AT5G65110', 'AT5G65940']"
KEGG::path:ath00430,1,positive,KEGG,"['AT1G19250', 'AT1G65960', 'AT1G69820', 'AT2G02000', 'AT2G02010', 'AT3G17760', 'AT4G29210', 'AT4G39640', 'AT4G39650', 'AT5G17330', 'AT5G45180']"
KEGG::path:ath00440,1,positive,KEGG,"['AT1G13560', 'AT2G32260', 'AT2G38670', 'AT3G25585', 'AT4G15130']"
KEGG::path:ath00450,1,positive,KEGG,"['AT1G08490', 'AT1G19920', 'AT1G64660', 'AT2G17420', 'AT2G41680', 'AT3G03780', 'AT3G22890', 'AT3G55400', 'AT3G57050', 'AT4G13780', 'AT4G14680', 'AT4G35460', 'AT5G17920', 'AT5G20980', 'AT5G43780', 'AT5G49810']"
KEGG::path:ath00460,1,positive,KEGG,"['AT1G02850', 'AT1G22020', 'AT1G26560', 'AT1G36370', 'AT1G45191', 'AT1G60090', 'AT1G60260', 'AT1G60270', 'AT1G61810', 'AT1G61820', 'AT1G66270', 'AT1G66280', 'AT1G69820', 'AT1G73050', 'AT1G75940', 'AT2G25630', 'AT2G32860', 'AT2G44450', 'AT2G44460', 'AT2G44470', 'AT2G44480', 'AT2G44490', 'AT3G03640', 'AT3G09260', 'AT3G16150', 'AT3G18070', 'AT3G18080', 'AT3G21370', 'AT3G44300', 'AT3G44310', 'AT3G44320', 'AT3G47000', 'AT3G47010', 'AT3G47040', 'AT3G47050', 'AT3G60120', 'AT3G60130', 'AT3G60140', 'AT3G61440', 'AT3G62740', 'AT3G62750', 'AT4G13890', 'AT4G13930', 'AT4G21760', 'AT4G22100', 'AT4G27820', 'AT4G27830', 'AT4G29210', 'AT4G32520', 'AT4G37550', 'AT4G37560', 'AT4G37930', 'AT4G39640', 'AT4G39650', 'AT5G04885', 'AT5G05260', 'AT5G08100', 'AT5G10300', 'AT5G16580', 'AT5G20940', 'AT5G20950', 'AT5G22300', 'AT5G24540', 'AT5G24550', 'AT5G26780', 'AT5G28510', 'AT5G35917', 'AT5G36890', 'AT5G42260', 'AT5G44640', 'AT5G54570']"
KEGG::path:ath00470,1,positive,KEGG,"['AT1G48420', 'AT3G14390', 'AT3G26115', 'AT3G53580', 'AT4G11640', 'AT5G11880']"
KEGG::path:ath00480,1,positive,KEGG,"['AT1G02920', 'AT1G02930', 'AT1G02940', 'AT1G02950', 'AT1G07890', 'AT1G09420', 'AT1G10360', 'AT1G10370', 'AT1G17170', 'AT1G17180', 'AT1G17190', 'AT1G19550', 'AT1G19570', 'AT1G23820', 'AT1G24280', 'AT1G27130', 'AT1G27140', 'AT1G44790', 'AT1G48130', 'AT1G49860', 'AT1G53680', 'AT1G54340', 'AT1G59670', 'AT1G59700', 'AT1G63460', 'AT1G63770', 'AT1G64190', 'AT1G65820', 'AT1G65930', 'AT1G69820', 'AT1G69920', 'AT1G69930', 'AT1G70310', 'AT1G74590', 'AT1G75270', 'AT1G77490', 'AT1G78320', 'AT1G78340', 'AT1G78360', 'AT1G78370', 'AT1G78380', 'AT2G02930', 'AT2G21790', 'AT2G24200', 'AT2G25080', 'AT2G29420', 'AT2G29440', 'AT2G29450', 'AT2G29460', 'AT2G29470', 'AT2G29480', 'AT2G29490', 'AT2G30860', 'AT2G30870', 'AT2G31570', 'AT2G43350', 'AT2G47730', 'AT2G48150', 'AT3G02360', 'AT3G03190', 'AT3G09270', 'AT3G09640', 'AT3G23580', 'AT3G24170', 'AT3G27060', 'AT3G27300', 'AT3G43800', 'AT3G54660', 'AT3G55040', 'AT3G62760', 'AT3G63080', 'AT4G02520', 'AT4G08390', 'AT4G11600', 'AT4G23100', 'AT4G29210', 'AT4G30910', 'AT4G30920', 'AT4G31290', 'AT4G31870', 'AT4G32320', 'AT4G35000', 'AT4G35970', 'AT4G39640', 'AT4G39650', 'AT5G02780', 'AT5G02790', 'AT5G13110', 'AT5G14590', 'AT5G16710', 'AT5G17220', 'AT5G26220', 'AT5G27380', 'AT5G35790', 'AT5G37830', 'AT5G40760', 'AT5G41210', 'AT5G41220', 'AT5G41240', 'AT5G41670', 'AT5G53120', 'AT5G62480']"
KEGG::path:ath00500,1,positive,KEGG,"['AT1G02800', 'AT1G02850', 'AT1G03310', 'AT1G04920', 'AT1G05610', 'AT1G06020', 'AT1G06030', 'AT1G06410', 'AT1G11720', 'AT1G11820', 'AT1G12240', 'AT1G16980', 'AT1G17000', 'AT1G22210', 'AT1G22650', 'AT1G22880', 'AT1G23190', 'AT1G23210', 'AT1G23870', 'AT1G26560', 'AT1G27680', 'AT1G32900', 'AT1G35580', 'AT1G35910', 'AT1G45191', 'AT1G47840', 'AT1G48930', 'AT1G50390', 'AT1G50460', 'AT1G51420', 'AT1G55120', 'AT1G56560', 'AT1G60090', 'AT1G60140', 'AT1G60260', 'AT1G60270', 'AT1G61810', 'AT1G61820', 'AT1G62660', 'AT1G64390', 'AT1G65610', 'AT1G66250', 'AT1G66270', 'AT1G66280', 'AT1G66430', 'AT1G68020', 'AT1G69830', 'AT1G70290', 'AT1G70710', 'AT1G70730', 'AT1G71380', 'AT1G72000', 'AT1G73370', 'AT1G75940', 'AT1G76130', 'AT1G78090', 'AT1G78580', 'AT2G01630', 'AT2G18700', 'AT2G19860', 'AT2G21590', 'AT2G22190', 'AT2G25630', 'AT2G31390', 'AT2G32290', 'AT2G32860', 'AT2G35840', 'AT2G36190', 'AT2G36390', 'AT2G39930', 'AT2G40840', 'AT2G44450', 'AT2G44460', 'AT2G44470', 'AT2G44480', 'AT2G44490', 'AT2G44540', 'AT2G44550', 'AT2G44560', 'AT2G44570', 'AT2G45880', 'AT3G01180', 'AT3G03250', 'AT3G03640', 'AT3G05820', 'AT3G06500', 'AT3G09260', 'AT3G13560', 'AT3G13784', 'AT3G13790', 'AT3G18070', 'AT3G18080', 'AT3G20040', 'AT3G20440', 'AT3G21370', 'AT3G23920', 'AT3G29320', 'AT3G43190', 'AT3G43860', 'AT3G46970', 'AT3G47000', 'AT3G47010', 'AT3G47040', 'AT3G47050', 'AT3G52340', 'AT3G52600', 'AT3G54270', 'AT3G59480', 'AT3G60120', 'AT3G60130', 'AT3G60140', 'AT3G62740', 'AT3G62750', 'AT4G00490', 'AT4G02280', 'AT4G02290', 'AT4G09020', 'AT4G09510', 'AT4G10120', 'AT4G10260', 'AT4G11050', 'AT4G11980', 'AT4G12430', 'AT4G15210', 'AT4G17090', 'AT4G17770', 'AT4G18240', 'AT4G21760', 'AT4G22100', 'AT4G22590', 'AT4G24040', 'AT4G24260', 'AT4G24620', 'AT4G25000', 'AT4G27550', 'AT4G27820', 'AT4G27830', 'AT4G29130', 'AT4G29680', 'AT4G31140', 'AT4G34860', 'AT4G37840', 'AT4G38990', 'AT4G39000', 'AT4G39010', 'AT4G39210', 'AT4G39770', 'AT5G03650', 'AT5G04885', 'AT5G10100', 'AT5G11110', 'AT5G11720', 'AT5G11920', 'AT5G16580', 'AT5G17310', 'AT5G19220', 'AT5G20280', 'AT5G20830', 'AT5G20940', 'AT5G20950', 'AT5G22510', 'AT5G24300', 'AT5G24540', 'AT5G24550', 'AT5G28510', 'AT5G36890', 'AT5G37180', 'AT5G42260', 'AT5G42740', 'AT5G44640', 'AT5G45300', 'AT5G48300', 'AT5G49190', 'AT5G49720', 'AT5G51460', 'AT5G51820', 'AT5G51830', 'AT5G54570', 'AT5G58090', 'AT5G64860', 'AT5G65140']"
KEGG::path:ath00510,1,positive,KEGG,"['AT1G02145', 'AT1G11560', 'AT1G12990', 'AT1G16570', 'AT1G16900', 'AT1G20575', 'AT1G24320', 'AT1G30000', 'AT1G32210', 'AT1G34130', 'AT1G48140', 'AT1G51590', 'AT1G61790', 'AT1G67490', 'AT1G67880', 'AT1G72590', 'AT1G74340', 'AT1G76400', 'AT1G77350', 'AT1G78800', 'AT2G01720', 'AT2G05320', 'AT2G13290', 'AT2G16530', 'AT2G35520', 'AT2G39630', 'AT2G40190', 'AT2G41490', 'AT2G44660', 'AT2G47760', 'AT3G01620', 'AT3G09455', 'AT3G12587', 'AT3G21160', 'AT3G27540', 'AT3G45040', 'AT3G57220', 'AT4G16710', 'AT4G18230', 'AT4G21150', 'AT4G29735', 'AT4G29870', 'AT4G38240', 'AT5G02410', 'AT5G02502', 'AT5G03080', 'AT5G14480', 'AT5G14950', 'AT5G19690', 'AT5G38460', 'AT5G63840', 'AT5G66680']"
KEGG::path:ath00511,1,positive,KEGG,"['AT1G05590', 'AT1G33700', 'AT1G65590', 'AT1G67830', 'AT1G72990', 'AT2G28100', 'AT3G11040', 'AT3G24180', 'AT3G26720', 'AT3G54440', 'AT3G55260', 'AT4G10060', 'AT4G34260', 'AT5G05460', 'AT5G13980', 'AT5G49900', 'AT5G61540', 'AT5G66150']"
KEGG::path:ath00513,1,positive,KEGG,"['AT1G02145', 'AT1G05590', 'AT1G11560', 'AT1G16570', 'AT1G16900', 'AT1G26810', 'AT1G30000', 'AT1G32210', 'AT1G34130', 'AT1G49710', 'AT1G51590', 'AT1G61790', 'AT1G65590', 'AT1G71990', 'AT1G76400', 'AT1G77350', 'AT1G78800', 'AT2G01720', 'AT2G05320', 'AT2G35520', 'AT2G40190', 'AT2G47760', 'AT3G09455', 'AT3G12587', 'AT3G19280', 'AT3G21160', 'AT3G55260', 'AT4G16710', 'AT4G18230', 'AT4G21150', 'AT4G29735', 'AT4G29870', 'AT4G38240', 'AT5G02502', 'AT5G14950', 'AT5G19690', 'AT5G55500', 'AT5G66680']"
KEGG::path:ath00514,1,positive,KEGG,"['AT1G17270', 'AT1G19360', 'AT1G53770', 'AT1G75110', 'AT1G75120', 'AT2G25260', 'AT2G35610', 'AT3G01720', 'AT3G04240', 'AT3G11540', 'AT5G13500', 'AT5G25265', 'AT5G50420']"
KEGG::path:ath00520,1,positive,KEGG,"['AT1G01220', 'AT1G02000', 'AT1G02730', 'AT1G05590', 'AT1G05610', 'AT1G06020', 'AT1G06030', 'AT1G06780', 'AT1G08200', 'AT1G12780', 'AT1G18580', 'AT1G23190', 'AT1G26570', 'AT1G27680', 'AT1G30540', 'AT1G30620', 'AT1G31070', 'AT1G47840', 'AT1G50390', 'AT1G50460', 'AT1G56680', 'AT1G63180', 'AT1G64440', 'AT1G65590', 'AT1G66430', 'AT1G67070', 'AT1G70730', 'AT1G74910', 'AT2G04650', 'AT2G19860', 'AT2G20810', 'AT2G21590', 'AT2G27860', 'AT2G28760', 'AT2G30575', 'AT2G31390', 'AT2G34850', 'AT2G35020', 'AT2G38650', 'AT2G39770', 'AT2G43570', 'AT2G43580', 'AT2G43590', 'AT2G43600', 'AT2G43610', 'AT2G43620', 'AT2G45310', 'AT2G45790', 'AT2G46480', 'AT2G47650', 'AT3G01010', 'AT3G01640', 'AT3G02230', 'AT3G02350', 'AT3G02570', 'AT3G03250', 'AT3G06580', 'AT3G08900', 'AT3G10700', 'AT3G10740', 'AT3G12500', 'AT3G19620', 'AT3G20040', 'AT3G23820', 'AT3G24090', 'AT3G25140', 'AT3G29360', 'AT3G42850', 'AT3G46440', 'AT3G47540', 'AT3G53520', 'AT3G54420', 'AT3G55260', 'AT3G55590', 'AT3G59480', 'AT3G61130', 'AT3G62830', 'AT4G00110', 'AT4G10260', 'AT4G10960', 'AT4G12250', 'AT4G16130', 'AT4G19720', 'AT4G19730', 'AT4G19750', 'AT4G19760', 'AT4G19800', 'AT4G19810', 'AT4G19820', 'AT4G20460', 'AT4G23920', 'AT4G24620', 'AT4G29130', 'AT4G30440', 'AT4G30570', 'AT4G33030', 'AT4G37840', 'AT4G38270', 'AT4G39210', 'AT5G09700', 'AT5G09730', 'AT5G14470', 'AT5G15490', 'AT5G15650', 'AT5G15770', 'AT5G16510', 'AT5G17310', 'AT5G18070', 'AT5G18200', 'AT5G19220', 'AT5G24090', 'AT5G26120', 'AT5G28840', 'AT5G39320', 'AT5G42740', 'AT5G44480', 'AT5G47780', 'AT5G48300', 'AT5G50750', 'AT5G51820', 'AT5G51830', 'AT5G52560', 'AT5G59290', 'AT5G64570']"
KEGG::path:ath00531,1,positive,KEGG,"['AT1G05590', 'AT1G65590', 'AT1G72990', 'AT3G55260', 'AT5G07830', 'AT5G13690', 'AT5G34940', 'AT5G61250']"
KEGG::path:ath00540,1,positive,KEGG,"['AT1G24793', 'AT1G25054', 'AT1G25145', 'AT1G25210', 'AT2G04560', 'AT3G20480', 'AT4G05210', 'AT4G21220', 'AT4G29540', 'AT5G03770']"
KEGG::path:ath00541,1,positive,KEGG,"['AT1G16340', 'AT1G17890', 'AT1G26570', 'AT1G31070', 'AT1G53000', 'AT1G53500', 'AT1G63000', 'AT1G73250', 'AT1G74910', 'AT1G78570', 'AT1G79500', 'AT2G04650', 'AT2G35020', 'AT2G39770', 'AT3G01010', 'AT3G03250', 'AT3G14790', 'AT3G29360', 'AT3G51160', 'AT3G54690', 'AT3G55590', 'AT3G56040', 'AT4G30570', 'AT5G15490', 'AT5G17310', 'AT5G17770', 'AT5G20080', 'AT5G39320', 'AT5G52560', 'AT5G66280']"
KEGG::path:ath00543,1,positive,KEGG,"['AT1G55920', 'AT2G17640', 'AT3G13110', 'AT4G35640', 'AT5G56760']"
KEGG::path:ath00561,1,positive,KEGG,"['AT1G01610', 'AT1G02390', 'AT1G06520', 'AT1G11090', 'AT1G12640', 'AT1G15080', 'AT1G18360', 'AT1G23800', 'AT1G32200', 'AT1G44170', 'AT1G48300', 'AT1G51260', 'AT1G54100', 'AT1G54570', 'AT1G63050', 'AT1G73480', 'AT1G75020', 'AT1G80380', 'AT1G80460', 'AT2G01180', 'AT2G11810', 'AT2G18730', 'AT2G19450', 'AT2G20900', 'AT2G37790', 'AT2G38110', 'AT3G02030', 'AT3G02600', 'AT3G03520', 'AT3G06510', 'AT3G09560', 'AT3G11430', 'AT3G11670', 'AT3G18220', 'AT3G18850', 'AT3G26820', 'AT3G26840', 'AT3G44830', 'AT3G48000', 'AT3G51520', 'AT3G56040', 'AT3G56310', 'AT3G57140', 'AT3G57650', 'AT4G00400', 'AT4G00550', 'AT4G01950', 'AT4G25840', 'AT4G28130', 'AT4G30340', 'AT4G30580', 'AT4G31780', 'AT4G33030', 'AT4G34240', 'AT4G36250', 'AT5G01220', 'AT5G01670', 'AT5G04040', 'AT5G06090', 'AT5G07920', 'AT5G08370', 'AT5G08380', 'AT5G13640', 'AT5G20410', 'AT5G41120', 'AT5G41130', 'AT5G42870', 'AT5G57440', 'AT5G57690', 'AT5G60620', 'AT5G63770']"
KEGG::path:ath00562,1,positive,KEGG,"['AT1G01460', 'AT1G07230', 'AT1G09870', 'AT1G10900', 'AT1G14520', 'AT1G17340', 'AT1G21980', 'AT1G22100', 'AT1G22620', 'AT1G31190', 'AT1G34120', 'AT1G34260', 'AT1G49340', 'AT1G51040', 'AT1G58643', 'AT1G58936', 'AT1G59312', 'AT1G60490', 'AT1G60890', 'AT1G68000', 'AT1G71010', 'AT1G77740', 'AT2G14170', 'AT2G19800', 'AT2G21170', 'AT2G22240', 'AT2G26420', 'AT2G26870', 'AT2G40116', 'AT2G41210', 'AT2G43980', 'AT3G01310', 'AT3G02870', 'AT3G03530', 'AT3G03540', 'AT3G07960', 'AT3G08510', 'AT3G09920', 'AT3G10550', 'AT3G14205', 'AT3G14270', 'AT3G19420', 'AT3G43220', 'AT3G47220', 'AT3G47290', 'AT3G48610', 'AT3G50110', 'AT3G51460', 'AT3G51830', 'AT3G55440', 'AT3G55940', 'AT3G56960', 'AT4G01190', 'AT4G08170', 'AT4G18010', 'AT4G26260', 'AT4G33240', 'AT4G33770', 'AT4G38530', 'AT4G38570', 'AT4G39120', 'AT4G39800', 'AT5G04540', 'AT5G07370', 'AT5G09290', 'AT5G09350', 'AT5G10170', 'AT5G15070', 'AT5G16760', 'AT5G20840', 'AT5G39400', 'AT5G42810', 'AT5G56640', 'AT5G58670', 'AT5G58690', 'AT5G58700', 'AT5G58730', 'AT5G61760', 'AT5G63980', 'AT5G63990', 'AT5G64000', 'AT5G64070', 'AT5G66020']"
KEGG::path:ath00563,1,positive,KEGG,"['AT1G08750', 'AT1G11880', 'AT1G12730', 'AT1G16040', 'AT1G16560', 'AT1G53710', 'AT1G57600', 'AT1G61280', 'AT1G63110', 'AT1G74340', 'AT2G22530', 'AT2G27340', 'AT2G34980', 'AT2G39445', 'AT3G01380', 'AT3G07140', 'AT3G07180', 'AT3G27325', 'AT3G45100', 'AT3G57170', 'AT3G58130', 'AT4G17910', 'AT4G35530', 'AT5G14850', 'AT5G17250', 'AT5G19130', 'AT5G22130', 'AT5G46850', 'AT5G62130']"
KEGG::path:ath00564,1,positive,KEGG,"['AT1G01610', 'AT1G02390', 'AT1G06520', 'AT1G07230', 'AT1G12640', 'AT1G13560', 'AT1G15080', 'AT1G15110', 'AT1G32200', 'AT1G43710', 'AT1G48600', 'AT1G51260', 'AT1G52570', 'AT1G55180', 'AT1G62430', 'AT1G63050', 'AT1G68000', 'AT1G71697', 'AT1G73600', 'AT1G74210', 'AT1G74320', 'AT1G75020', 'AT1G78690', 'AT1G80860', 'AT1G80950', 'AT2G01180', 'AT2G06925', 'AT2G18730', 'AT2G20900', 'AT2G26830', 'AT2G26870', 'AT2G32260', 'AT2G38110', 'AT2G38670', 'AT2G39290', 'AT2G40690', 'AT2G41540', 'AT2G42010', 'AT2G44810', 'AT2G45150', 'AT2G45670', 'AT3G02040', 'AT3G02600', 'AT3G03310', 'AT3G03530', 'AT3G03540', 'AT3G05510', 'AT3G05630', 'AT3G07690', 'AT3G09560', 'AT3G10370', 'AT3G11430', 'AT3G15650', 'AT3G15730', 'AT3G16785', 'AT3G18000', 'AT3G18220', 'AT3G18850', 'AT3G25585', 'AT3G48610', 'AT3G55030', 'AT3G57140', 'AT3G57650', 'AT3G58830', 'AT3G60620', 'AT4G00240', 'AT4G00400', 'AT4G01950', 'AT4G04870', 'AT4G09760', 'AT4G11830', 'AT4G11840', 'AT4G11850', 'AT4G15130', 'AT4G16700', 'AT4G19860', 'AT4G22340', 'AT4G24730', 'AT4G25970', 'AT4G26770', 'AT4G28130', 'AT4G30340', 'AT4G30580', 'AT4G35790', 'AT4G38570', 'AT5G04040', 'AT5G06090', 'AT5G07920', 'AT5G08030', 'AT5G20060', 'AT5G25370', 'AT5G40610', 'AT5G41080', 'AT5G42870', 'AT5G43300', 'AT5G57190', 'AT5G57690', 'AT5G60620', 'AT5G63770']"
KEGG::path:ath00565,1,positive,KEGG,"['AT1G07230', 'AT1G12640', 'AT1G13560', 'AT1G52570', 'AT1G55180', 'AT1G63050', 'AT1G80950', 'AT2G06925', 'AT2G26870', 'AT2G42010', 'AT2G45670', 'AT3G03530', 'AT3G03540', 'AT3G05630', 'AT3G15730', 'AT3G16785', 'AT3G25585', 'AT3G48610', 'AT3G57140', 'AT4G00240', 'AT4G11830', 'AT4G11840', 'AT4G11850', 'AT4G35790', 'AT5G04040', 'AT5G25370']"
KEGG::path:ath00566,1,positive,KEGG,"['AT1G04410', 'AT1G53240', 'AT2G22780', 'AT3G15020', 'AT3G47520', 'AT3G56040', 'AT4G33030', 'AT5G01220', 'AT5G09660', 'AT5G43330', 'AT5G56720']"
KEGG::path:ath00590,1,positive,KEGG,"['AT1G69820', 'AT2G06925', 'AT3G57140', 'AT3G59710', 'AT4G29210', 'AT4G39640', 'AT4G39650', 'AT5G04040', 'AT5G13520', 'AT5G42150', 'AT5G51030', 'AT5G61830']"
KEGG::path:ath00591,1,positive,KEGG,"['AT1G17420', 'AT1G55020', 'AT1G67560', 'AT1G72520', 'AT2G06925', 'AT3G22400', 'AT3G45140', 'AT3G57140', 'AT5G04040']"
KEGG::path:ath00592,1,positive,KEGG,"['AT1G04710', 'AT1G06290', 'AT1G06310', 'AT1G09400', 'AT1G13280', 'AT1G17420', 'AT1G18020', 'AT1G19640', 'AT1G20480', 'AT1G20490', 'AT1G20500', 'AT1G20510', 'AT1G67560', 'AT1G72520', 'AT1G73680', 'AT1G76680', 'AT1G76690', 'AT1G77120', 'AT2G06050', 'AT2G06925', 'AT2G33150', 'AT2G35690', 'AT2G44810', 'AT3G01420', 'AT3G03310', 'AT3G03480', 'AT3G06690', 'AT3G06860', 'AT3G25760', 'AT3G25770', 'AT3G25780', 'AT3G45140', 'AT3G51840', 'AT3G57140', 'AT4G13010', 'AT4G16760', 'AT4G19860', 'AT4G29010', 'AT5G04040', 'AT5G38120', 'AT5G42650', 'AT5G48880', 'AT5G65110']"
KEGG::path:ath00600,1,positive,KEGG,"['AT1G05590', 'AT1G07380', 'AT1G13580', 'AT1G14290', 'AT1G26200', 'AT1G27980', 'AT1G33700', 'AT1G65590', 'AT1G69640', 'AT1G72990', 'AT2G38010', 'AT3G06060', 'AT3G19260', 'AT3G24180', 'AT3G25540', 'AT3G48780', 'AT3G48790', 'AT3G51730', 'AT3G54440', 'AT3G55260', 'AT3G56310', 'AT4G04930', 'AT4G10060', 'AT4G21534', 'AT4G21540', 'AT4G22330', 'AT4G36480', 'AT5G01800', 'AT5G08370', 'AT5G08380', 'AT5G19200', 'AT5G23670', 'AT5G49900', 'AT5G51290', 'AT5G58980']"
KEGG::path:ath00601,1,positive,KEGG,"['AT1G61050', 'AT2G38150', 'AT2G38152', 'AT3G09020', 'AT5G01250']"
KEGG::path:ath00603,1,positive,KEGG,"['AT1G05590', 'AT1G61050', 'AT1G65590', 'AT2G38150', 'AT2G38152', 'AT3G09020', 'AT3G55260', 'AT3G56310', 'AT5G01250', 'AT5G08370', 'AT5G08380']"
KEGG::path:ath00620,1,positive,KEGG,"['AT1G01090', 'AT1G04410', 'AT1G06130', 'AT1G08110', 'AT1G11840', 'AT1G18500', 'AT1G22430', 'AT1G22440', 'AT1G23800', 'AT1G24180', 'AT1G30120', 'AT1G32440', 'AT1G32780', 'AT1G34430', 'AT1G36160', 'AT1G36180', 'AT1G44170', 'AT1G48030', 'AT1G53240', 'AT1G53310', 'AT1G54100', 'AT1G54220', 'AT1G59900', 'AT1G64710', 'AT1G67280', 'AT1G68750', 'AT1G74040', 'AT1G77120', 'AT1G79750', 'AT2G13560', 'AT2G19900', 'AT2G22780', 'AT2G31350', 'AT2G34590', 'AT2G36580', 'AT2G37790', 'AT2G38040', 'AT2G38860', 'AT2G42600', 'AT2G43430', 'AT2G47510', 'AT3G02720', 'AT3G04050', 'AT3G10850', 'AT3G13930', 'AT3G14940', 'AT3G15020', 'AT3G16910', 'AT3G16950', 'AT3G17240', 'AT3G22960', 'AT3G25860', 'AT3G25960', 'AT3G47520', 'AT3G48000', 'AT3G49160', 'AT3G52200', 'AT3G52990', 'AT3G54600', 'AT3G55650', 'AT3G55810', 'AT4G00570', 'AT4G15530', 'AT4G16155', 'AT4G17260', 'AT4G22110', 'AT4G26390', 'AT4G34240', 'AT4G36250', 'AT4G37870', 'AT5G01670', 'AT5G03370', 'AT5G03860', 'AT5G06580', 'AT5G08570', 'AT5G09660', 'AT5G11670', 'AT5G15530', 'AT5G16390', 'AT5G24760', 'AT5G25880', 'AT5G35360', 'AT5G36880', 'AT5G42250', 'AT5G43330', 'AT5G43940', 'AT5G47720', 'AT5G48230', 'AT5G50850', 'AT5G50950', 'AT5G52920', 'AT5G56350', 'AT5G56720', 'AT5G58330', 'AT5G63680', 'AT5G65690']"
KEGG::path:ath00630,1,positive,KEGG,"['AT1G04410', 'AT1G11860', 'AT1G12550', 'AT1G17650', 'AT1G20620', 'AT1G20630', 'AT1G22020', 'AT1G23310', 'AT1G32470', 'AT1G36370', 'AT1G48030', 'AT1G48470', 'AT1G53240', 'AT1G66200', 'AT1G67090', 'AT1G68010', 'AT1G70580', 'AT1G79870', 'AT1G80380', 'AT2G05710', 'AT2G13360', 'AT2G22780', 'AT2G26080', 'AT2G35120', 'AT2G35370', 'AT2G38400', 'AT2G41220', 'AT2G42790', 'AT2G44350', 'AT3G08860', 'AT3G14130', 'AT3G14150', 'AT3G14415', 'AT3G14420', 'AT3G15020', 'AT3G16910', 'AT3G16950', 'AT3G17240', 'AT3G17820', 'AT3G21720', 'AT3G25530', 'AT3G47520', 'AT3G48990', 'AT3G58740', 'AT3G58750', 'AT3G60100', 'AT4G13890', 'AT4G13930', 'AT4G16155', 'AT4G17360', 'AT4G18360', 'AT4G26970', 'AT4G32520', 'AT4G33010', 'AT4G35090', 'AT4G35830', 'AT4G37550', 'AT4G37560', 'AT4G37930', 'AT4G39660', 'AT5G03860', 'AT5G04140', 'AT5G09660', 'AT5G14780', 'AT5G16570', 'AT5G26780', 'AT5G35630', 'AT5G36700', 'AT5G36790', 'AT5G36880', 'AT5G37600', 'AT5G38410', 'AT5G38420', 'AT5G38430', 'AT5G43330', 'AT5G47435', 'AT5G47720', 'AT5G47760', 'AT5G48230', 'AT5G56720']"
KEGG::path:ath00640,1,positive,KEGG,"['AT1G06290', 'AT1G06310', 'AT1G06550', 'AT1G21400', 'AT1G36160', 'AT1G36180', 'AT1G48030', 'AT1G55510', 'AT2G14170', 'AT2G20420', 'AT2G30650', 'AT2G30660', 'AT2G35690', 'AT2G38040', 'AT3G06690', 'AT3G06850', 'AT3G13450', 'AT3G16950', 'AT3G17240', 'AT3G21720', 'AT3G24360', 'AT3G51840', 'AT3G60510', 'AT4G04320', 'AT4G13360', 'AT4G16155', 'AT4G16210', 'AT4G16760', 'AT4G17260', 'AT4G20930', 'AT4G31810', 'AT5G08300', 'AT5G09300', 'AT5G15530', 'AT5G16390', 'AT5G23250', 'AT5G34780', 'AT5G35360', 'AT5G36880', 'AT5G65110', 'AT5G65940']"
KEGG::path:ath00650,1,positive,KEGG,"['AT1G17650', 'AT1G65960', 'AT1G79440', 'AT2G02000', 'AT2G02010', 'AT2G26800', 'AT2G31810', 'AT3G15290', 'AT3G16910', 'AT3G17760', 'AT3G22200', 'AT3G25530', 'AT3G48560', 'AT3G56840', 'AT4G11820', 'AT4G16210', 'AT5G16290', 'AT5G17330', 'AT5G47720', 'AT5G48230']"
KEGG::path:ath00660,1,positive,KEGG,"['AT1G31180', 'AT1G80560', 'AT2G31810', 'AT2G43090', 'AT3G48560', 'AT4G13430', 'AT5G16290']"
KEGG::path:ath00670,1,positive,KEGG,"['AT1G02500', 'AT1G11860', 'AT1G22020', 'AT1G31220', 'AT1G32470', 'AT1G36370', 'AT1G48030', 'AT1G50480', 'AT1G54100', 'AT1G74920', 'AT1G76730', 'AT2G16370', 'AT2G21550', 'AT2G26080', 'AT2G35040', 'AT2G35120', 'AT2G35370', 'AT2G36880', 'AT2G44160', 'AT3G16950', 'AT3G17240', 'AT3G17390', 'AT3G22740', 'AT3G23810', 'AT3G25900', 'AT3G48170', 'AT3G59970', 'AT3G63250', 'AT4G01850', 'AT4G13890', 'AT4G13930', 'AT4G13940', 'AT4G16155', 'AT4G17360', 'AT4G29890', 'AT4G32520', 'AT4G33010', 'AT4G34570', 'AT4G37930', 'AT5G13050', 'AT5G26780', 'AT5G47435']"
KEGG::path:ath00710,1,positive,KEGG,"['AT1G04410', 'AT1G12230', 'AT1G12900', 'AT1G13440', 'AT1G16300', 'AT1G17290', 'AT1G23310', 'AT1G32060', 'AT1G42970', 'AT1G43670', 'AT1G53240', 'AT1G53310', 'AT1G56190', 'AT1G62800', 'AT1G63290', 'AT1G67090', 'AT1G68750', 'AT1G70580', 'AT1G71100', 'AT1G72330', 'AT1G79530', 'AT1G79550', 'AT1G79750', 'AT2G01140', 'AT2G01290', 'AT2G13560', 'AT2G19900', 'AT2G21170', 'AT2G21330', 'AT2G22780', 'AT2G30970', 'AT2G36460', 'AT2G42600', 'AT2G45290', 'AT3G01850', 'AT3G04120', 'AT3G04790', 'AT3G12780', 'AT3G14940', 'AT3G15020', 'AT3G26650', 'AT3G47520', 'AT3G52930', 'AT3G54050', 'AT3G55440', 'AT3G55800', 'AT3G60750', 'AT4G00570', 'AT4G15530', 'AT4G26520', 'AT4G26530', 'AT4G37870', 'AT4G38970', 'AT5G03690', 'AT5G09660', 'AT5G11520', 'AT5G11670', 'AT5G13420', 'AT5G19550', 'AT5G25880', 'AT5G38410', 'AT5G38420', 'AT5G38430', 'AT5G43330', 'AT5G44520', 'AT5G56720', 'AT5G58330', 'AT5G61410', 'AT5G64380', 'AT5G65690']"
KEGG::path:ath00730,1,positive,KEGG,"['AT1G02880', 'AT1G22940', 'AT1G67440', 'AT2G29630', 'AT2G37250', 'AT2G39270', 'AT2G44750', 'AT3G01820', 'AT3G16990', 'AT3G21500', 'AT3G24030', 'AT4G15560', 'AT5G11380', 'AT5G32470', 'AT5G35170', 'AT5G47840', 'AT5G50370', 'AT5G54770', 'AT5G63400', 'AT5G65720', 'AT5G66005']"
KEGG::path:ath00740,1,positive,KEGG,"['AT1G14700', 'AT1G25230', 'AT1G79790', 'AT2G01880', 'AT2G01890', 'AT2G20690', 'AT2G22450', 'AT2G42070', 'AT2G44050', 'AT3G17790', 'AT3G24030', 'AT3G47390', 'AT4G11570', 'AT4G20960', 'AT4G21470', 'AT4G29680', 'AT5G08340', 'AT5G23330', 'AT5G59750', 'AT5G64300']"
KEGG::path:ath00750,1,positive,KEGG,"['AT1G17710', 'AT1G72810', 'AT1G73010', 'AT2G17630', 'AT2G38230', 'AT2G46580', 'AT3G16050', 'AT4G29530', 'AT4G29840', 'AT4G35630', 'AT5G01410', 'AT5G37850', 'AT5G49970', 'AT5G53580', 'AT5G60540']"
KEGG::path:ath00760,1,positive,KEGG,"['AT1G05620', 'AT1G21640', 'AT1G55090', 'AT1G72880', 'AT1G78590', 'AT2G01350', 'AT2G04450', 'AT2G22570', 'AT2G23420', 'AT2G36310', 'AT3G21070', 'AT3G62040', 'AT4G12720', 'AT4G14930', 'AT4G25434', 'AT4G29680', 'AT4G36940', 'AT5G09230', 'AT5G14760', 'AT5G20070', 'AT5G23220', 'AT5G23230', 'AT5G47650', 'AT5G50210', 'AT5G55760', 'AT5G55810']"
KEGG::path:ath00770,1,positive,KEGG,"['AT1G10060', 'AT1G10070', 'AT1G12350', 'AT1G23800', 'AT1G44170', 'AT1G48605', 'AT1G50090', 'AT1G50110', 'AT1G60440', 'AT1G65840', 'AT2G18250', 'AT2G27490', 'AT2G31810', 'AT2G43020', 'AT2G46110', 'AT3G11470', 'AT3G17810', 'AT3G18030', 'AT3G23940', 'AT3G48000', 'AT3G48560', 'AT3G49680', 'AT3G58610', 'AT3G59050', 'AT3G61530', 'AT4G29680', 'AT4G34240', 'AT4G36250', 'AT5G02080', 'AT5G12200', 'AT5G16290', 'AT5G48840', 'AT5G64370', 'AT5G65780']"
KEGG::path:ath00780,1,positive,KEGG,"['AT1G24360', 'AT1G37150', 'AT1G74960', 'AT2G04540', 'AT2G05990', 'AT2G22230', 'AT2G25710', 'AT2G43360', 'AT3G03980', 'AT3G04000', 'AT4G13180', 'AT5G04620', 'AT5G10160', 'AT5G18210', 'AT5G46290', 'AT5G57590']"
KEGG::path:ath00785,1,positive,KEGG,"['AT1G01090', 'AT1G04640', 'AT1G11860', 'AT1G21400', 'AT1G24180', 'AT1G30120', 'AT1G32470', 'AT1G34430', 'AT1G47578', 'AT1G48030', 'AT1G54220', 'AT1G55510', 'AT1G59900', 'AT2G20860', 'AT2G26080', 'AT2G34590', 'AT2G35120', 'AT2G35370', 'AT3G06850', 'AT3G13450', 'AT3G13930', 'AT3G16950', 'AT3G17240', 'AT3G25860', 'AT3G52200', 'AT3G55410', 'AT4G16155', 'AT4G26910', 'AT4G31050', 'AT4G33010', 'AT5G08415', 'AT5G09300', 'AT5G34780', 'AT5G50850', 'AT5G55070', 'AT5G65750']"
KEGG::path:ath00790,1,positive,KEGG,"['AT1G01290', 'AT1G16540', 'AT1G29810', 'AT1G69190', 'AT1G78660', 'AT1G78670', 'AT1G78680', 'AT2G16370', 'AT2G21550', 'AT2G22450', 'AT2G28880', 'AT2G31955', 'AT2G43760', 'AT3G07270', 'AT3G10160', 'AT3G11750', 'AT3G21730', 'AT3G55630', 'AT3G59710', 'AT4G30000', 'AT4G34570', 'AT5G05980', 'AT5G20990', 'AT5G41480', 'AT5G42370', 'AT5G51030', 'AT5G51110', 'AT5G57850', 'AT5G59750', 'AT5G61830', 'AT5G62980', 'AT5G64300']"
KEGG::path:ath00860,1,positive,KEGG,"['AT1G03475', 'AT1G03630', 'AT1G04620', 'AT1G08520', 'AT1G09940', 'AT1G19670', 'AT1G44000', 'AT1G44318', 'AT1G44446', 'AT1G50170', 'AT1G58290', 'AT1G58300', 'AT1G69720', 'AT1G69740', 'AT1G74470', 'AT2G26540', 'AT2G26670', 'AT2G30390', 'AT2G31250', 'AT2G40300', 'AT2G40490', 'AT2G44520', 'AT3G09150', 'AT3G11050', 'AT3G14930', 'AT3G44880', 'AT3G48730', 'AT3G51820', 'AT3G56090', 'AT3G56940', 'AT4G01690', 'AT4G03205', 'AT4G03240', 'AT4G11910', 'AT4G11911', 'AT4G13250', 'AT4G16690', 'AT4G18480', 'AT4G22920', 'AT4G25080', 'AT4G27440', 'AT4G37000', 'AT5G01600', 'AT5G04900', 'AT5G08280', 'AT5G13630', 'AT5G14220', 'AT5G18660', 'AT5G26030', 'AT5G26710', 'AT5G40850', 'AT5G43860', 'AT5G45930', 'AT5G54190', 'AT5G56090', 'AT5G63570', 'AT5G64050']"
KEGG::path:ath00900,1,positive,KEGG,"['AT1G11755', 'AT1G17050', 'AT1G26120', 'AT1G26640', 'AT1G31910', 'AT1G49530', 'AT1G63970', 'AT1G74470', 'AT1G76490', 'AT1G78510', 'AT2G02500', 'AT2G17370', 'AT2G17570', 'AT2G18620', 'AT2G18640', 'AT2G23400', 'AT2G23410', 'AT2G23800', 'AT2G26930', 'AT2G34630', 'AT2G36305', 'AT2G38700', 'AT3G02410', 'AT3G02780', 'AT3G14510', 'AT3G14530', 'AT3G14550', 'AT3G20160', 'AT3G21500', 'AT3G29430', 'AT3G32040', 'AT3G54250', 'AT3G59380', 'AT4G01320', 'AT4G11820', 'AT4G15560', 'AT4G17190', 'AT4G33360', 'AT4G34350', 'AT4G36810', 'AT4G38460', 'AT5G08335', 'AT5G11380', 'AT5G15860', 'AT5G16440', 'AT5G23320', 'AT5G27450', 'AT5G40280', 'AT5G47720', 'AT5G47770', 'AT5G48230', 'AT5G58560', 'AT5G58770', 'AT5G58780', 'AT5G58782', 'AT5G58784', 'AT5G60500', 'AT5G60510', 'AT5G60600', 'AT5G62790', 'AT5G63910']"
KEGG::path:ath00901,1,positive,KEGG,"['AT1G71695', 'AT1G74000', 'AT1G74010', 'AT1G74020', 'AT2G20340']"
KEGG::path:ath00902,1,positive,KEGG,"['AT1G61680', 'AT2G24190', 'AT2G24210', 'AT3G25810', 'AT3G25820', 'AT3G25830', 'AT3G61220']"
KEGG::path:ath00904,1,positive,KEGG,"['AT1G02400', 'AT1G05160', 'AT1G15550', 'AT1G30040', 'AT1G44090', 'AT1G47990', 'AT1G50960', 'AT1G60980', 'AT1G61120', 'AT1G78440', 'AT1G79460', 'AT1G80330', 'AT1G80340', 'AT2G32440', 'AT2G34555', 'AT3G25180', 'AT3G47190', 'AT4G02780', 'AT4G21200', 'AT4G21690', 'AT4G25420', 'AT5G07200', 'AT5G25900', 'AT5G51810', 'AT5G58660']"
KEGG::path:ath00905,1,positive,KEGG,"['AT2G26710', 'AT2G38050', 'AT3G13730', 'AT3G30180', 'AT3G50660', 'AT4G36380', 'AT5G05690', 'AT5G14400', 'AT5G38970']"
KEGG::path:ath00906,1,positive,KEGG,"['AT1G03055', 'AT1G06820', 'AT1G08550', 'AT1G10830', 'AT1G30100', 'AT1G31800', 'AT1G52340', 'AT1G52400', 'AT1G78390', 'AT2G26170', 'AT2G27150', 'AT2G29090', 'AT2G44990', 'AT3G04870', 'AT3G10230', 'AT3G14440', 'AT3G19270', 'AT3G21420', 'AT3G24220', 'AT3G53130', 'AT4G14210', 'AT4G18350', 'AT4G19170', 'AT4G19230', 'AT4G25700', 'AT4G32810', 'AT4G36470', 'AT5G17230', 'AT5G45340', 'AT5G52570', 'AT5G57030', 'AT5G67030']"
KEGG::path:ath00908,1,positive,KEGG,"['AT1G22340', 'AT1G22360', 'AT1G22370', 'AT1G22380', 'AT1G22400', 'AT1G25410', 'AT1G67110', 'AT1G68460', 'AT1G75450', 'AT1G78270', 'AT2G19500', 'AT2G27760', 'AT2G36750', 'AT2G36760', 'AT2G36770', 'AT2G36780', 'AT2G36800', 'AT2G41510', 'AT3G19160', 'AT3G23630', 'AT3G53160', 'AT3G63110', 'AT3G63440', 'AT4G24650', 'AT4G29740', 'AT5G05860', 'AT5G05870', 'AT5G19040', 'AT5G20040', 'AT5G21482', 'AT5G38450', 'AT5G56970']"
KEGG::path:ath00909,1,positive,KEGG,"['AT1G58440', 'AT1G78500', 'AT1G78950', 'AT1G78955', 'AT1G78960', 'AT1G78970', 'AT2G22830', 'AT4G13280', 'AT4G13300', 'AT4G15340', 'AT4G15370', 'AT4G33360', 'AT4G34640', 'AT4G34650', 'AT4G37760', 'AT5G23960', 'AT5G24140', 'AT5G24150', 'AT5G24160', 'AT5G36150', 'AT5G42600', 'AT5G44630', 'AT5G48010']"
KEGG::path:ath00910,1,positive,KEGG,"['AT1G08065', 'AT1G08080', 'AT1G08090', 'AT1G08100', 'AT1G12940', 'AT1G23730', 'AT1G37130', 'AT1G48470', 'AT1G51720', 'AT1G58180', 'AT1G66200', 'AT1G70410', 'AT1G77760', 'AT2G15620', 'AT2G28210', 'AT2G41220', 'AT3G01500', 'AT3G03910', 'AT3G17820', 'AT3G23490', 'AT3G44300', 'AT3G44310', 'AT3G44320', 'AT3G45060', 'AT3G52720', 'AT4G20990', 'AT4G21000', 'AT4G33580', 'AT4G37550', 'AT4G37560', 'AT5G04140', 'AT5G04180', 'AT5G07440', 'AT5G14570', 'AT5G14740', 'AT5G16570', 'AT5G18170', 'AT5G35630', 'AT5G37600', 'AT5G53460', 'AT5G56330', 'AT5G60770', 'AT5G60780']"
KEGG::path:ath00920,1,positive,KEGG,"['AT1G16460', 'AT1G19920', 'AT1G53580', 'AT1G55880', 'AT1G55920', 'AT1G62180', 'AT1G79230', 'AT2G14750', 'AT2G17640', 'AT2G43750', 'AT3G01910', 'AT3G03900', 'AT3G04940', 'AT3G13110', 'AT3G22460', 'AT3G22890', 'AT3G23800', 'AT3G59760', 'AT3G61440', 'AT4G04610', 'AT4G05090', 'AT4G14030', 'AT4G14040', 'AT4G14680', 'AT4G14880', 'AT4G16566', 'AT4G21990', 'AT4G35640', 'AT4G39940', 'AT5G04590', 'AT5G09290', 'AT5G28020', 'AT5G28030', 'AT5G43780', 'AT5G54390', 'AT5G56760', 'AT5G63980', 'AT5G63990', 'AT5G64000', 'AT5G67520']"
KEGG::path:ath00940,1,positive,KEGG,"['AT1G05240', 'AT1G05250', 'AT1G05260', 'AT1G14540', 'AT1G14550', 'AT1G15950', 'AT1G24110', 'AT1G24735', 'AT1G30760', 'AT1G30870', 'AT1G34510', 'AT1G44970', 'AT1G48130', 'AT1G49570', 'AT1G51680', 'AT1G52760', 'AT1G62940', 'AT1G65060', 'AT1G67980', 'AT1G67990', 'AT1G68850', 'AT1G72680', 'AT1G74540', 'AT1G74550', 'AT1G77100', 'AT1G77420', 'AT1G80820', 'AT2G18140', 'AT2G18150', 'AT2G18980', 'AT2G19070', 'AT2G21730', 'AT2G21890', 'AT2G22420', 'AT2G22990', 'AT2G24800', 'AT2G30490', 'AT2G34060', 'AT2G34790', 'AT2G35380', 'AT2G37040', 'AT2G37130', 'AT2G38380', 'AT2G38390', 'AT2G39040', 'AT2G39420', 'AT2G40890', 'AT2G41480', 'AT2G43480', 'AT2G47630', 'AT3G01190', 'AT3G03670', 'AT3G10340', 'AT3G17070', 'AT3G19450', 'AT3G21230', 'AT3G21240', 'AT3G21560', 'AT3G21770', 'AT3G24503', 'AT3G28200', 'AT3G32980', 'AT3G49110', 'AT3G49120', 'AT3G49960', 'AT3G50740', 'AT3G50990', 'AT3G53260', 'AT3G55180', 'AT3G62860', 'AT4G05160', 'AT4G08770', 'AT4G08780', 'AT4G11290', 'AT4G15480', 'AT4G15490', 'AT4G15500', 'AT4G16270', 'AT4G17690', 'AT4G19010', 'AT4G21960', 'AT4G25980', 'AT4G26010', 'AT4G26220', 'AT4G30170', 'AT4G31760', 'AT4G33420', 'AT4G33870', 'AT4G34050', 'AT4G34230', 'AT4G36220', 'AT4G36430', 'AT4G37520', 'AT4G37530', 'AT4G37970', 'AT4G37980', 'AT4G37990', 'AT4G39330', 'AT5G04230', 'AT5G04330', 'AT5G05340', 'AT5G06720', 'AT5G06730', 'AT5G09640', 'AT5G14130', 'AT5G15180', 'AT5G16120', 'AT5G17820', 'AT5G19880', 'AT5G19890', 'AT5G22410', 'AT5G24070', 'AT5G26310', 'AT5G39580', 'AT5G40150', 'AT5G42180', 'AT5G47000', 'AT5G48930', 'AT5G51890', 'AT5G54160', 'AT5G57840', 'AT5G58390', 'AT5G58400', 'AT5G63380', 'AT5G64100', 'AT5G64110', 'AT5G64120', 'AT5G66390', 'AT5G66690', 'AT5G67400']"
KEGG::path:ath00941,1,positive,KEGG,"['AT1G24735', 'AT1G61720', 'AT1G67980', 'AT2G19070', 'AT2G30490', 'AT2G40890', 'AT3G51240', 'AT3G55120', 'AT4G22870', 'AT4G22880', 'AT4G26220', 'AT4G34050', 'AT5G05270', 'AT5G07990', 'AT5G08640', 'AT5G13930', 'AT5G42800', 'AT5G43935', 'AT5G48930', 'AT5G57840', 'AT5G63580', 'AT5G63590', 'AT5G63595', 'AT5G63600', 'AT5G66220']"
KEGG::path:ath00945,1,positive,KEGG,"['AT1G24735', 'AT1G67980', 'AT2G19070', 'AT2G30490', 'AT2G40890', 'AT4G26220', 'AT4G34050', 'AT5G48930', 'AT5G57840']"
KEGG::path:ath00950,1,positive,KEGG,"['AT1G31670', 'AT1G31690', 'AT1G31710', 'AT1G62800', 'AT1G62810', 'AT2G20340', 'AT2G22250', 'AT2G24850', 'AT2G30970', 'AT2G42490', 'AT3G43670', 'AT4G12290', 'AT4G14940', 'AT4G23590', 'AT4G28410', 'AT4G28420', 'AT4G28680', 'AT4G31990', 'AT5G11520', 'AT5G19550', 'AT5G36160', 'AT5G53970']"
KEGG::path:ath00960,1,positive,KEGG,"['AT1G07440', 'AT1G07450', 'AT1G31670', 'AT1G31690', 'AT1G31710', 'AT1G62800', 'AT1G62810', 'AT1G71920', 'AT2G22250', 'AT2G24850', 'AT2G29150', 'AT2G29260', 'AT2G29290', 'AT2G29300', 'AT2G29310', 'AT2G29320', 'AT2G29330', 'AT2G29340', 'AT2G29350', 'AT2G29360', 'AT2G29370', 'AT2G30670', 'AT2G30970', 'AT2G42490', 'AT3G43670', 'AT3G53140', 'AT4G12290', 'AT4G14940', 'AT4G23590', 'AT4G28410', 'AT4G28420', 'AT4G31990', 'AT5G04370', 'AT5G06060', 'AT5G10330', 'AT5G11520', 'AT5G19550', 'AT5G36160', 'AT5G53970']"
KEGG::path:ath00966,1,positive,KEGG,"['AT1G10060', 'AT1G10070', 'AT1G16400', 'AT1G16410', 'AT1G18590', 'AT1G24100', 'AT1G50090', 'AT1G50110', 'AT1G74090', 'AT1G74100', 'AT2G20610', 'AT2G22330', 'AT2G43100', 'AT3G19710', 'AT3G49680', 'AT3G58990', 'AT4G13430', 'AT4G13770', 'AT4G31500', 'AT4G39950', 'AT5G05260', 'AT5G14200', 'AT5G23010', 'AT5G23020', 'AT5G35917', 'AT5G65780']"
KEGG::path:ath00970,1,positive,KEGG,"['AT1G01270', 'AT1G01870', 'AT1G01890', 'AT1G02480', 'AT1G02600', 'AT1G02760', 'AT1G03515', 'AT1G03570', 'AT1G03640', 'AT1G04320', 'AT1G04720', 'AT1G05390', 'AT1G05980', 'AT1G06480', 'AT1G06610', 'AT1G06860', 'AT1G06880', 'AT1G07100', 'AT1G07580', 'AT1G07760', 'AT1G08240', 'AT1G08870', 'AT1G08950', 'AT1G09110', 'AT1G09620', 'AT1G10440', 'AT1G11010', 'AT1G11030', 'AT1G11550', 'AT1G11640', 'AT1G11870', 'AT1G12510', 'AT1G12590', 'AT1G13010', 'AT1G13240', 'AT1G13720', 'AT1G13840', 'AT1G13850', 'AT1G14610', 'AT1G15090', 'AT1G15450', 'AT1G15650', 'AT1G16100', 'AT1G16450', 'AT1G17570', 'AT1G17660', 'AT1G17670', 'AT1G17960', 'AT1G18130', 'AT1G18430', 'AT1G18820', 'AT1G20040', 'AT1G20170', 'AT1G20210', 'AT1G20250', 'AT1G20420', 'AT1G20820', 'AT1G21420', 'AT1G21800', 'AT1G22320', 'AT1G24080', 'AT1G25350', 'AT1G26430', 'AT1G26490', 'AT1G27160', 'AT1G28350', 'AT1G28720', 'AT1G28730', 'AT1G28740', 'AT1G28750', 'AT1G28770', 'AT1G28780', 'AT1G28790', 'AT1G28800', 'AT1G28810', 'AT1G28820', 'AT1G28830', 'AT1G28840', 'AT1G28850', 'AT1G28860', 'AT1G28870', 'AT1G28880', 'AT1G28890', 'AT1G28900', 'AT1G28910', 'AT1G28920', 'AT1G28930', 'AT1G28940', 'AT1G28950', 'AT1G28970', 'AT1G28980', 'AT1G28990', 'AT1G29210', 'AT1G29870', 'AT1G29880', 'AT1G30430', 'AT1G30830', 'AT1G31110', 'AT1G32620', 'AT1G36350', 'AT1G42120', 'AT1G43820', 'AT1G45234', 'AT1G45238', 'AT1G45240', 'AT1G45242', 'AT1G45244', 'AT1G45246', 'AT1G48080', 'AT1G48520', 'AT1G49020', 'AT1G49460', 'AT1G49690', 'AT1G50070', 'AT1G50100', 'AT1G50200', 'AT1G52170', 'AT1G52350', 'AT1G52860', 'AT1G53220', 'AT1G53410', 'AT1G54670', 'AT1G55625', 'AT1G56730', 'AT1G56740', 'AT1G56750', 'AT1G56760', 'AT1G56770', 'AT1G56780', 'AT1G56790', 'AT1G56800', 'AT1G56810', 'AT1G56820', 'AT1G56830', 'AT1G56840', 'AT1G56850', 'AT1G56860', 'AT1G56870', 'AT1G56880', 'AT1G56890', 'AT1G56900', 'AT1G56910', 'AT1G56920', 'AT1G56930', 'AT1G56940', 'AT1G56950', 'AT1G56960', 'AT1G56970', 'AT1G56980', 'AT1G56990', 'AT1G57000', 'AT1G57010', 'AT1G57020', 'AT1G57030', 'AT1G57040', 'AT1G57050', 'AT1G57060', 'AT1G57070', 'AT1G57080', 'AT1G57090', 'AT1G57100', 'AT1G57110', 'AT1G57120', 'AT1G57130', 'AT1G57140', 'AT1G57150', 'AT1G57160', 'AT1G57170', 'AT1G57180', 'AT1G57190', 'AT1G57200', 'AT1G57210', 'AT1G57220', 'AT1G57230', 'AT1G57240', 'AT1G57250', 'AT1G57260', 'AT1G57270', 'AT1G57280', 'AT1G57290', 'AT1G57300', 'AT1G57310', 'AT1G57320', 'AT1G57330', 'AT1G57340', 'AT1G57350', 'AT1G57360', 'AT1G57370', 'AT1G57380', 'AT1G57390', 'AT1G57400', 'AT1G57410', 'AT1G57420', 'AT1G57430', 'AT1G57440', 'AT1G57450', 'AT1G57460', 'AT1G57470', 'AT1G57480', 'AT1G57490', 'AT1G57500', 'AT1G57510', 'AT1G57520', 'AT1G57530', 'AT1G59570', 'AT1G59880', 'AT1G60580', 'AT1G60820', 'AT1G60840', 'AT1G60910', 'AT1G61020', 'AT1G61880', 'AT1G61910', 'AT1G63510', 'AT1G63790', 'AT1G64120', 'AT1G64420', 'AT1G65830', 'AT1G66520', 'AT1G66530', 'AT1G68770', 'AT1G68860', 'AT1G68950', 'AT1G68970', 'AT1G69000', 'AT1G69130', 'AT1G69300', 'AT1G70050', 'AT1G70980', 'AT1G71700', 'AT1G72550', 'AT1G72780', 'AT1G73900', 'AT1G74570', 'AT1G74610', 'AT1G75070', 'AT1G75570', 'AT1G75650', 'AT1G75740', 'AT1G75970', 'AT1G76000', 'AT1G76330', 'AT1G77040', 'AT1G77190', 'AT1G77560', 'AT1G78250', 'AT1G79240', 'AT1G79980', 'AT1G80250', 'AT1G80430', 'AT2G01160', 'AT2G02600', 'AT2G02900', 'AT2G03490', 'AT2G03660', 'AT2G03700', 'AT2G03790', 'AT2G04842', 'AT2G05315', 'AT2G07743', 'AT2G07746', 'AT2G07748', 'AT2G07752', 'AT2G07754', 'AT2G07755', 'AT2G07756', 'AT2G07757', 'AT2G07758', 'AT2G07759', 'AT2G07762', 'AT2G07763', 'AT2G07764', 'AT2G07765', 'AT2G07766', 'AT2G07792', 'AT2G07793', 'AT2G07794', 'AT2G15950', 'AT2G16240', 'AT2G17810', 'AT2G18310', 'AT2G21360', 'AT2G21570', 'AT2G21670', 'AT2G21700', 'AT2G22110', 'AT2G22220', 'AT2G22280', 'AT2G22380', 'AT2G22580', 'AT2G23020', 'AT2G23650', 'AT2G24380', 'AT2G25400', 'AT2G25840', 'AT2G26090', 'AT2G27850', 'AT2G28730', 'AT2G28770', 'AT2G29030', 'AT2G29520', 'AT2G30180', 'AT2G30190', 'AT2G30450', 'AT2G30850', 'AT2G31170', 'AT2G32110', 'AT2G33140', 'AT2G33650', 'AT2G33660', 'AT2G33840', 'AT2G33890', 'AT2G33900', 'AT2G33910', 'AT2G33920', 'AT2G33930', 'AT2G33940', 'AT2G33950', 'AT2G33960', 'AT2G33970', 'AT2G35220', 'AT2G36140', 'AT2G36150', 'AT2G36280', 'AT2G36510', 'AT2G36520', 'AT2G36600', 'AT2G36860', 'AT2G38030', 'AT2G39600', 'AT2G39610', 'AT2G39860', 'AT2G42020', 'AT2G42420', 'AT2G42970', 'AT2G43300', 'AT2G44320', 'AT2G45020', 'AT2G45390', 'AT2G46120', 'AT2G47100', 'AT2G47740', 'AT3G01705', 'AT3G02315', 'AT3G02335', 'AT3G02660', 'AT3G02715', 'AT3G02760', 'AT3G03845', 'AT3G03852', 'AT3G04525', 'AT3G04600', 'AT3G05525', 'AT3G05755', 'AT3G05835', 'AT3G06105', 'AT3G06335', 'AT3G06665', 'AT3G07025', 'AT3G07055', 'AT3G07115', 'AT3G07420', 'AT3G09505', 'AT3G09585', 'AT3G09595', 'AT3G10015', 'AT3G10035', 'AT3G10415', 'AT3G11285', 'AT3G11395', 'AT3G11505', 'AT3G11710', 'AT3G12585', 'AT3G13223', 'AT3G13335', 'AT3G13490', 'AT3G14855', 'AT3G15055', 'AT3G15585', 'AT3G16552', 'AT3G18952', 'AT3G19235', 'AT3G20655', 'AT3G20885', 'AT3G21475', 'AT3G25660', 'AT3G25715', 'AT3G26747', 'AT3G27555', 'AT3G27825', 'AT3G27845', 'AT3G28685', 'AT3G28695', 'AT3G29095', 'AT3G30345', 'AT3G44740', 'AT3G44955', 'AT3G45935', 'AT3G45955', 'AT3G45965', 'AT3G46100', 'AT3G46585', 'AT3G46875', 'AT3G48110', 'AT3G48275', 'AT3G48515', 'AT3G48745', 'AT3G49925', 'AT3G50505', 'AT3G50665', 'AT3G50835', 'AT3G50895', 'AT3G51135', 'AT3G51265', 'AT3G52285', 'AT3G52345', 'AT3G52565', 'AT3G52765', 'AT3G52955', 'AT3G53965', 'AT3G55400', 'AT3G55735', 'AT3G55795', 'AT3G56085', 'AT3G56300', 'AT3G58035', 'AT3G58140', 'AT3G58165', 'AT3G59415', 'AT3G59923', 'AT3G59926', 'AT3G60075', 'AT3G60805', 'AT3G61105', 'AT3G61545', 'AT3G61715', 'AT3G61755', 'AT3G61825', 'AT3G62120', 'AT3G62245', 'AT3G62285', 'AT3G62735', 'AT3G63003', 'AT3G63006', 'AT4G00085', 'AT4G00985', 'AT4G01355', 'AT4G01865', 'AT4G02055', 'AT4G03135', 'AT4G03285', 'AT4G03405', 'AT4G03435', 'AT4G04350', 'AT4G08345', 'AT4G10320', 'AT4G10815', 'AT4G11177', 'AT4G11213', 'AT4G11216', 'AT4G11355', 'AT4G11405', 'AT4G11985', 'AT4G12065', 'AT4G12115', 'AT4G12405', 'AT4G13265', 'AT4G13445', 'AT4G13780', 'AT4G14345', 'AT4G15775', 'AT4G16235', 'AT4G16475', 'AT4G17300', 'AT4G17612', 'AT4G17765', 'AT4G17975', 'AT4G18255', 'AT4G18725', 'AT4G18815', 'AT4G22265', 'AT4G22635', 'AT4G22754', 'AT4G23635', 'AT4G23915', 'AT4G24025', 'AT4G24565', 'AT4G25435', 'AT4G25585', 'AT4G25635', 'AT4G26225', 'AT4G26300', 'AT4G26375', 'AT4G26385', 'AT4G26675', 'AT4G26870', 'AT4G27395', 'AT4G27875', 'AT4G27885', 'AT4G28915', 'AT4G29415', 'AT4G31075', 'AT4G31180', 'AT4G31265', 'AT4G31695', 'AT4G31895', 'AT4G32265', 'AT4G32475', 'AT4G32765', 'AT4G32915', 'AT4G33760', 'AT4G34035', 'AT4G34415', 'AT4G34695', 'AT4G36197', 'AT4G36245', 'AT4G36635', 'AT4G37175', 'AT4G39195', 'AT4G39280', 'AT4G39345', 'AT4G39615', 'AT4G39672', 'AT4G39865', 'AT4G39985', 'AT5G01365', 'AT5G02025', 'AT5G02385', 'AT5G02435', 'AT5G02505', 'AT5G02615', 'AT5G02725', 'AT5G02815', 'AT5G03406', 'AT5G03445', 'AT5G03452', 'AT5G03705', 'AT5G03745', 'AT5G03775', 'AT5G05795', 'AT5G05945', 'AT5G05985', 'AT5G06125', 'AT5G06685', 'AT5G07135', 'AT5G07315', 'AT5G07625', 'AT5G07675', 'AT5G08075', 'AT5G09345', 'AT5G09655', 'AT5G09755', 'AT5G09975', 'AT5G10235', 'AT5G10455', 'AT5G10525', 'AT5G10880', 'AT5G11225', 'AT5G11325', 'AT5G11475', 'AT5G14035', 'AT5G14495', 'AT5G15175', 'AT5G15805', 'AT5G15815', 'AT5G16375', 'AT5G16715', 'AT5G18005', 'AT5G18015', 'AT5G18085', 'AT5G18755', 'AT5G19095', 'AT5G19720', 'AT5G20852', 'AT5G20854', 'AT5G20856', 'AT5G20858', 'AT5G21378', 'AT5G22315', 'AT5G22800', 'AT5G23665', 'AT5G25585', 'AT5G25625', 'AT5G26710', 'AT5G26830', 'AT5G27470', 'AT5G27715', 'AT5G32017', 'AT5G35605', 'AT5G37795', 'AT5G38155', 'AT5G38830', 'AT5G38905', 'AT5G39535', 'AT5G39895', 'AT5G40545', 'AT5G40945', 'AT5G41265', 'AT5G41605', 'AT5G41675', 'AT5G43455', 'AT5G43535', 'AT5G44375', 'AT5G45715', 'AT5G45745', 'AT5G46105', 'AT5G46325', 'AT5G46595', 'AT5G48835', 'AT5G49030', 'AT5G49435', 'AT5G50805', 'AT5G50995', 'AT5G51055', 'AT5G52355', 'AT5G52495', 'AT5G52520', 'AT5G53487', 'AT5G54365', 'AT5G54375', 'AT5G54865', 'AT5G55045', 'AT5G55055', 'AT5G55505', 'AT5G56365', 'AT5G56680', 'AT5G56745', 'AT5G56975', 'AT5G57885', 'AT5G58495', 'AT5G59055', 'AT5G59385', 'AT5G59395', 'AT5G59945', 'AT5G60285', 'AT5G60963', 'AT5G60966', 'AT5G61445', 'AT5G61835', 'AT5G63145', 'AT5G64050', 'AT5G64505', 'AT5G64735', 'AT5G64855', 'AT5G65015', 'AT5G65305', 'AT5G65445', 'AT5G65535', 'AT5G65615', 'AT5G66535', 'AT5G66568', 'AT5G66755', 'AT5G66817', 'AT5G67455']"
KEGG::path:ath00999,1,positive,KEGG,"['AT1G02500', 'AT1G02850', 'AT1G09240', 'AT1G26560', 'AT1G32100', 'AT1G45191', 'AT1G55290', 'AT1G56430', 'AT1G59950', 'AT1G59960', 'AT1G60090', 'AT1G60260', 'AT1G60270', 'AT1G61810', 'AT1G61820', 'AT1G66270', 'AT1G66280', 'AT1G75940', 'AT1G78950', 'AT2G25630', 'AT2G32860', 'AT2G36880', 'AT2G44450', 'AT2G44460', 'AT2G44470', 'AT2G44480', 'AT2G44490', 'AT3G03640', 'AT3G06350', 'AT3G09260', 'AT3G12900', 'AT3G13610', 'AT3G17390', 'AT3G18070', 'AT3G18080', 'AT3G21370', 'AT3G47000', 'AT3G47010', 'AT3G47040', 'AT3G47050', 'AT3G60120', 'AT3G60130', 'AT3G60140', 'AT3G62740', 'AT3G62750', 'AT4G01850', 'AT4G13660', 'AT4G21760', 'AT4G22100', 'AT4G27820', 'AT4G27830', 'AT4G31940', 'AT4G31970', 'AT5G04885', 'AT5G04950', 'AT5G16580', 'AT5G20940', 'AT5G20950', 'AT5G24540', 'AT5G24550', 'AT5G28510', 'AT5G36110', 'AT5G36130', 'AT5G36140', 'AT5G36890', 'AT5G42260', 'AT5G44640', 'AT5G54570', 'AT5G56080', 'AT5G61160']"
KEGG::path:ath01040,1,positive,KEGG,"['AT1G01710', 'AT1G04710', 'AT1G06290', 'AT1G06310', 'AT1G24470', 'AT1G43800', 'AT1G67730', 'AT2G33150', 'AT2G35690', 'AT2G43710', 'AT3G02610', 'AT3G02620', 'AT3G02630', 'AT3G06690', 'AT3G12120', 'AT3G51840', 'AT3G55360', 'AT4G00520', 'AT4G16760', 'AT5G10480', 'AT5G16230', 'AT5G16240', 'AT5G48880', 'AT5G59770', 'AT5G65110']"
KEGG::path:ath01200,1,positive,KEGG,"['AT1G01090', 'AT1G04410', 'AT1G06290', 'AT1G06310', 'AT1G06550', 'AT1G09420', 'AT1G09780', 'AT1G11860', 'AT1G12230', 'AT1G12550', 'AT1G12900', 'AT1G13440', 'AT1G13700', 'AT1G16300', 'AT1G17290', 'AT1G17650', 'AT1G17745', 'AT1G18640', 'AT1G20620', 'AT1G20630', 'AT1G22020', 'AT1G22170', 'AT1G22430', 'AT1G22440', 'AT1G23310', 'AT1G24180', 'AT1G24280', 'AT1G30120', 'AT1G32060', 'AT1G32380', 'AT1G32440', 'AT1G32470', 'AT1G32480', 'AT1G34430', 'AT1G36370', 'AT1G42970', 'AT1G43670', 'AT1G47840', 'AT1G48030', 'AT1G50460', 'AT1G50480', 'AT1G53240', 'AT1G53310', 'AT1G54220', 'AT1G54340', 'AT1G55880', 'AT1G55920', 'AT1G56190', 'AT1G59900', 'AT1G62800', 'AT1G63290', 'AT1G64190', 'AT1G65930', 'AT1G67090', 'AT1G68010', 'AT1G68750', 'AT1G70580', 'AT1G71100', 'AT1G72330', 'AT1G74030', 'AT1G78050', 'AT1G79530', 'AT1G79550', 'AT1G79750', 'AT1G79870', 'AT1G80380', 'AT2G01140', 'AT2G01290', 'AT2G05710', 'AT2G13360', 'AT2G13560', 'AT2G14170', 'AT2G16790', 'AT2G17130', 'AT2G17630', 'AT2G17640', 'AT2G18450', 'AT2G19860', 'AT2G19900', 'AT2G20420', 'AT2G21170', 'AT2G21330', 'AT2G22480', 'AT2G22780', 'AT2G24270', 'AT2G26080', 'AT2G29560', 'AT2G30650', 'AT2G30660', 'AT2G30970', 'AT2G34590', 'AT2G35120', 'AT2G35370', 'AT2G35390', 'AT2G35690', 'AT2G36460', 'AT2G36530', 'AT2G36580', 'AT2G38040', 'AT2G38400', 'AT2G41530', 'AT2G42600', 'AT2G42790', 'AT2G43750', 'AT2G44160', 'AT2G44350', 'AT2G44530', 'AT2G45290', 'AT2G46505', 'AT2G47510', 'AT3G01850', 'AT3G02360', 'AT3G03910', 'AT3G04050', 'AT3G04120', 'AT3G04790', 'AT3G04940', 'AT3G06690', 'AT3G08590', 'AT3G08860', 'AT3G09810', 'AT3G10050', 'AT3G12780', 'AT3G13110', 'AT3G13930', 'AT3G14130', 'AT3G14150', 'AT3G14415', 'AT3G14420', 'AT3G14940', 'AT3G15020', 'AT3G15290', 'AT3G16910', 'AT3G16950', 'AT3G17240', 'AT3G19480', 'AT3G20040', 'AT3G21720', 'AT3G22460', 'AT3G22960', 'AT3G24360', 'AT3G25530', 'AT3G25860', 'AT3G25960', 'AT3G26650', 'AT3G27300', 'AT3G27380', 'AT3G47520', 'AT3G49160', 'AT3G49360', 'AT3G50520', 'AT3G51840', 'AT3G52200', 'AT3G52930', 'AT3G52990', 'AT3G54050', 'AT3G55410', 'AT3G55440', 'AT3G55650', 'AT3G55800', 'AT3G55810', 'AT3G58740', 'AT3G58750', 'AT3G59760', 'AT3G59970', 'AT3G60100', 'AT3G60510', 'AT3G60750', 'AT3G61440', 'AT4G00570', 'AT4G13360', 'AT4G13890', 'AT4G13930', 'AT4G14880', 'AT4G15530', 'AT4G16155', 'AT4G16760', 'AT4G18360', 'AT4G20930', 'AT4G22110', 'AT4G24620', 'AT4G26270', 'AT4G26390', 'AT4G26520', 'AT4G26530', 'AT4G26910', 'AT4G26970', 'AT4G29130', 'AT4G29220', 'AT4G31810', 'AT4G32210', 'AT4G32520', 'AT4G32840', 'AT4G33010', 'AT4G34200', 'AT4G35090', 'AT4G35260', 'AT4G35630', 'AT4G35640', 'AT4G35650', 'AT4G35830', 'AT4G37550', 'AT4G37560', 'AT4G37840', 'AT4G37870', 'AT4G37930', 'AT4G38970', 'AT4G39660', 'AT5G03290', 'AT5G03690', 'AT5G03860', 'AT5G07440', 'AT5G08300', 'AT5G08570', 'AT5G09600', 'AT5G09660', 'AT5G11520', 'AT5G11670', 'AT5G13110', 'AT5G13420', 'AT5G14590', 'AT5G14780', 'AT5G15530', 'AT5G16390', 'AT5G18170', 'AT5G19550', 'AT5G23250', 'AT5G24400', 'AT5G24410', 'AT5G24420', 'AT5G25880', 'AT5G26780', 'AT5G28020', 'AT5G28030', 'AT5G35360', 'AT5G35790', 'AT5G36700', 'AT5G36790', 'AT5G36880', 'AT5G38410', 'AT5G38420', 'AT5G38430', 'AT5G40650', 'AT5G40760', 'AT5G41670', 'AT5G42250', 'AT5G42740', 'AT5G43330', 'AT5G43940', 'AT5G44520', 'AT5G47720', 'AT5G47760', 'AT5G47810', 'AT5G48230', 'AT5G50850', 'AT5G50950', 'AT5G52920', 'AT5G55070', 'AT5G56350', 'AT5G56630', 'AT5G56720', 'AT5G56760', 'AT5G58330', 'AT5G61410', 'AT5G61580', 'AT5G63680', 'AT5G64380', 'AT5G65110', 'AT5G65165', 'AT5G65690', 'AT5G65750', 'AT5G65940', 'AT5G66760']"
KEGG::path:ath01210,1,positive,KEGG,"['AT1G01090', 'AT1G10060', 'AT1G10070', 'AT1G14810', 'AT1G16400', 'AT1G16410', 'AT1G17290', 'AT1G18500', 'AT1G21400', 'AT1G23310', 'AT1G24100', 'AT1G24180', 'AT1G30120', 'AT1G31180', 'AT1G32480', 'AT1G34430', 'AT1G44180', 'AT1G44820', 'AT1G48030', 'AT1G50090', 'AT1G50110', 'AT1G54220', 'AT1G54340', 'AT1G55510', 'AT1G59900', 'AT1G62800', 'AT1G65930', 'AT1G70580', 'AT1G72330', 'AT1G74040', 'AT1G74100', 'AT1G80560', 'AT1G80600', 'AT2G05710', 'AT2G13360', 'AT2G17130', 'AT2G19940', 'AT2G20610', 'AT2G22330', 'AT2G22910', 'AT2G30970', 'AT2G31810', 'AT2G34590', 'AT2G37500', 'AT2G38400', 'AT2G42790', 'AT2G43090', 'AT2G43100', 'AT2G44350', 'AT3G02020', 'AT3G06850', 'AT3G08860', 'AT3G09810', 'AT3G13450', 'AT3G13930', 'AT3G16950', 'AT3G17240', 'AT3G19710', 'AT3G23940', 'AT3G25860', 'AT3G48560', 'AT3G49680', 'AT3G52200', 'AT3G55410', 'AT3G57560', 'AT3G58610', 'AT3G58740', 'AT3G58750', 'AT3G58990', 'AT3G60100', 'AT4G13430', 'AT4G13770', 'AT4G16155', 'AT4G17830', 'AT4G26910', 'AT4G26970', 'AT4G31500', 'AT4G31990', 'AT4G35260', 'AT4G35650', 'AT4G35830', 'AT4G37670', 'AT4G38220', 'AT4G39660', 'AT4G39950', 'AT5G03290', 'AT5G05260', 'AT5G09300', 'AT5G11520', 'AT5G13280', 'AT5G14060', 'AT5G14200', 'AT5G14590', 'AT5G16290', 'AT5G19550', 'AT5G23010', 'AT5G23020', 'AT5G34780', 'AT5G35917', 'AT5G50850', 'AT5G55070', 'AT5G65750', 'AT5G65780']"
KEGG::path:ath01212,1,positive,KEGG,"['AT1G04710', 'AT1G06290', 'AT1G06310', 'AT1G08510', 'AT1G24360', 'AT1G24470', 'AT1G36160', 'AT1G36180', 'AT1G43800', 'AT1G49430', 'AT1G62640', 'AT1G64400', 'AT1G67730', 'AT1G74960', 'AT1G77590', 'AT2G04350', 'AT2G04540', 'AT2G05990', 'AT2G22230', 'AT2G30200', 'AT2G33150', 'AT2G35690', 'AT2G38040', 'AT2G43710', 'AT2G47240', 'AT3G02610', 'AT3G02620', 'AT3G02630', 'AT3G03980', 'AT3G04000', 'AT3G05970', 'AT3G06690', 'AT3G06810', 'AT3G06860', 'AT3G12120', 'AT3G16170', 'AT3G23790', 'AT3G45770', 'AT3G51840', 'AT3G55360', 'AT3G60340', 'AT4G11030', 'AT4G13180', 'AT4G14070', 'AT4G16210', 'AT4G16760', 'AT4G17470', 'AT4G17480', 'AT4G17483', 'AT4G23850', 'AT4G29010', 'AT5G10160', 'AT5G10480', 'AT5G15530', 'AT5G16230', 'AT5G16240', 'AT5G16390', 'AT5G18210', 'AT5G27600', 'AT5G35360', 'AT5G46290', 'AT5G47330', 'AT5G47340', 'AT5G47350', 'AT5G47720', 'AT5G48230', 'AT5G48880', 'AT5G59770', 'AT5G65110']"
KEGG::path:ath01230,1,positive,KEGG,"['AT1G02500', 'AT1G07780', 'AT1G08250', 'AT1G08630', 'AT1G09780', 'AT1G09795', 'AT1G10060', 'AT1G10070', 'AT1G11790', 'AT1G12230', 'AT1G13440', 'AT1G14810', 'AT1G15710', 'AT1G16300', 'AT1G17290', 'AT1G17745', 'AT1G18500', 'AT1G18640', 'AT1G22020', 'AT1G22170', 'AT1G22410', 'AT1G23310', 'AT1G24807', 'AT1G24909', 'AT1G25083', 'AT1G25155', 'AT1G25220', 'AT1G29410', 'AT1G31180', 'AT1G31230', 'AT1G31860', 'AT1G32380', 'AT1G32440', 'AT1G32480', 'AT1G36370', 'AT1G44180', 'AT1G44820', 'AT1G48470', 'AT1G48850', 'AT1G48860', 'AT1G50090', 'AT1G50110', 'AT1G54340', 'AT1G55880', 'AT1G55920', 'AT1G56190', 'AT1G58080', 'AT1G62800', 'AT1G63290', 'AT1G65930', 'AT1G66200', 'AT1G69370', 'AT1G70580', 'AT1G71100', 'AT1G71920', 'AT1G72330', 'AT1G72810', 'AT1G74030', 'AT1G74040', 'AT1G75330', 'AT1G78050', 'AT1G79530', 'AT1G79550', 'AT1G80560', 'AT1G80600', 'AT2G01140', 'AT2G01290', 'AT2G04400', 'AT2G05710', 'AT2G13810', 'AT2G17130', 'AT2G17265', 'AT2G17630', 'AT2G17640', 'AT2G19940', 'AT2G21170', 'AT2G21330', 'AT2G21940', 'AT2G22250', 'AT2G22480', 'AT2G22910', 'AT2G27820', 'AT2G29560', 'AT2G29690', 'AT2G30970', 'AT2G31810', 'AT2G35390', 'AT2G36230', 'AT2G36460', 'AT2G36530', 'AT2G36580', 'AT2G36880', 'AT2G37500', 'AT2G39800', 'AT2G42790', 'AT2G43090', 'AT2G43750', 'AT2G44040', 'AT2G44350', 'AT2G44530', 'AT2G45290', 'AT2G45300', 'AT2G45440', 'AT3G01850', 'AT3G02020', 'AT3G03630', 'AT3G03780', 'AT3G04050', 'AT3G04120', 'AT3G04520', 'AT3G04790', 'AT3G04940', 'AT3G06350', 'AT3G07630', 'AT3G08590', 'AT3G09810', 'AT3G10050', 'AT3G12780', 'AT3G13110', 'AT3G14390', 'AT3G17390', 'AT3G17820', 'AT3G19480', 'AT3G22425', 'AT3G22460', 'AT3G22960', 'AT3G23940', 'AT3G25960', 'AT3G29200', 'AT3G44720', 'AT3G47340', 'AT3G48560', 'AT3G49160', 'AT3G49680', 'AT3G50520', 'AT3G52930', 'AT3G52990', 'AT3G53580', 'AT3G54640', 'AT3G55440', 'AT3G55610', 'AT3G55650', 'AT3G55810', 'AT3G55870', 'AT3G57050', 'AT3G57560', 'AT3G58610', 'AT3G58740', 'AT3G58750', 'AT3G59760', 'AT3G59890', 'AT3G60100', 'AT3G60750', 'AT3G60880', 'AT3G61440', 'AT4G01850', 'AT4G02610', 'AT4G08870', 'AT4G08900', 'AT4G13430', 'AT4G13890', 'AT4G13930', 'AT4G14880', 'AT4G14910', 'AT4G17830', 'AT4G19710', 'AT4G24830', 'AT4G26270', 'AT4G26390', 'AT4G26520', 'AT4G26530', 'AT4G26900', 'AT4G26970', 'AT4G27070', 'AT4G29220', 'AT4G29840', 'AT4G31990', 'AT4G32520', 'AT4G32840', 'AT4G33510', 'AT4G33680', 'AT4G34200', 'AT4G35260', 'AT4G35630', 'AT4G35640', 'AT4G35650', 'AT4G35830', 'AT4G37670', 'AT4G37930', 'AT4G38220', 'AT4G38970', 'AT4G39120', 'AT4G39540', 'AT4G39980', 'AT5G03290', 'AT5G03690', 'AT5G05590', 'AT5G05730', 'AT5G08570', 'AT5G10240', 'AT5G10330', 'AT5G10870', 'AT5G10920', 'AT5G11520', 'AT5G11880', 'AT5G13280', 'AT5G13420', 'AT5G14060', 'AT5G14590', 'AT5G14800', 'AT5G16290', 'AT5G16570', 'AT5G17920', 'AT5G17990', 'AT5G19550', 'AT5G20980', 'AT5G22630', 'AT5G26780', 'AT5G28020', 'AT5G28030', 'AT5G28237', 'AT5G34930', 'AT5G35630', 'AT5G37600', 'AT5G38530', 'AT5G44520', 'AT5G47810', 'AT5G48220', 'AT5G52920', 'AT5G53460', 'AT5G54810', 'AT5G56350', 'AT5G56630', 'AT5G56760', 'AT5G57890', 'AT5G61410', 'AT5G61580', 'AT5G63680', 'AT5G63890', 'AT5G65010', 'AT5G65780', 'AT5G66120']"
KEGG::path:ath01232,1,positive,KEGG,"['AT1G05620', 'AT1G14230', 'AT1G14240', 'AT1G14250', 'AT1G16350', 'AT1G26160', 'AT1G26190', 'AT1G27450', 'AT1G30820', 'AT1G36280', 'AT1G55810', 'AT1G63660', 'AT1G71750', 'AT1G72880', 'AT1G73980', 'AT1G79470', 'AT1G80050', 'AT2G02970', 'AT2G16370', 'AT2G19570', 'AT2G21550', 'AT2G21790', 'AT2G23820', 'AT2G34890', 'AT2G36310', 'AT2G37250', 'AT2G38280', 'AT2G38680', 'AT2G39270', 'AT2G41880', 'AT3G01820', 'AT3G04080', 'AT3G06200', 'AT3G07800', 'AT3G09820', 'AT3G12670', 'AT3G18680', 'AT3G23580', 'AT3G25400', 'AT3G27060', 'AT3G27190', 'AT3G27440', 'AT3G46940', 'AT3G48540', 'AT3G53900', 'AT3G57550', 'AT3G57610', 'AT3G60180', 'AT4G02120', 'AT4G09320', 'AT4G11010', 'AT4G12440', 'AT4G13720', 'AT4G14930', 'AT4G18440', 'AT4G20320', 'AT4G22570', 'AT4G23900', 'AT4G25280', 'AT4G26510', 'AT4G29570', 'AT4G29600', 'AT4G29610', 'AT4G29620', 'AT4G29630', 'AT4G29640', 'AT4G29680', 'AT4G34570', 'AT4G34890', 'AT4G34900', 'AT5G03300', 'AT5G11160', 'AT5G18280', 'AT5G23070', 'AT5G26667', 'AT5G35170', 'AT5G40870', 'AT5G47840', 'AT5G50370', 'AT5G59440', 'AT5G60340', 'AT5G63310', 'AT5G63400', 'AT5G66005']"
KEGG::path:ath01240,1,positive,KEGG,"['AT1G01290', 'AT1G02000', 'AT1G02500', 'AT1G02880', 'AT1G03475', 'AT1G04640', 'AT1G06570', 'AT1G09940', 'AT1G10060', 'AT1G10070', 'AT1G12350', 'AT1G17710', 'AT1G18870', 'AT1G21640', 'AT1G22020', 'AT1G22940', 'AT1G23360', 'AT1G23800', 'AT1G24360', 'AT1G26570', 'AT1G29900', 'AT1G30520', 'AT1G30820', 'AT1G32300', 'AT1G36280', 'AT1G36370', 'AT1G44170', 'AT1G44318', 'AT1G47578', 'AT1G48030', 'AT1G48320', 'AT1G48605', 'AT1G50090', 'AT1G50110', 'AT1G50170', 'AT1G50480', 'AT1G55090', 'AT1G58290', 'AT1G60440', 'AT1G60550', 'AT1G60600', 'AT1G64970', 'AT1G67070', 'AT1G68890', 'AT1G69190', 'AT1G69740', 'AT1G73010', 'AT1G74710', 'AT1G74910', 'AT1G74960', 'AT1G78590', 'AT1G78660', 'AT1G78670', 'AT1G78680', 'AT1G79790', 'AT2G01350', 'AT2G03690', 'AT2G04540', 'AT2G04650', 'AT2G05990', 'AT2G16370', 'AT2G17630', 'AT2G18250', 'AT2G18950', 'AT2G20690', 'AT2G20860', 'AT2G21550', 'AT2G22230', 'AT2G22450', 'AT2G22570', 'AT2G23420', 'AT2G26540', 'AT2G27490', 'AT2G28880', 'AT2G29630', 'AT2G30390', 'AT2G30920', 'AT2G31250', 'AT2G31955', 'AT2G34890', 'AT2G36880', 'AT2G37250', 'AT2G37790', 'AT2G38230', 'AT2G39270', 'AT2G39770', 'AT2G40490', 'AT2G43360', 'AT2G43760', 'AT2G44050', 'AT2G44520', 'AT2G44750', 'AT2G45310', 'AT2G45790', 'AT2G46110', 'AT2G46580', 'AT2G46740', 'AT2G46750', 'AT2G46760', 'AT3G01010', 'AT3G01820', 'AT3G02570', 'AT3G02870', 'AT3G03250', 'AT3G03980', 'AT3G04000', 'AT3G07270', 'AT3G10160', 'AT3G11750', 'AT3G11945', 'AT3G12670', 'AT3G14930', 'AT3G16050', 'AT3G16950', 'AT3G17240', 'AT3G17390', 'AT3G18030', 'AT3G18680', 'AT3G20330', 'AT3G21070', 'AT3G21730', 'AT3G23820', 'AT3G24030', 'AT3G24200', 'AT3G27740', 'AT3G29360', 'AT3G47390', 'AT3G47930', 'AT3G48000', 'AT3G48730', 'AT3G49680', 'AT3G54470', 'AT3G55590', 'AT3G55630', 'AT3G57610', 'AT3G60180', 'AT3G61530', 'AT3G63410', 'AT4G00110', 'AT4G01690', 'AT4G01850', 'AT4G02120', 'AT4G03205', 'AT4G09320', 'AT4G11010', 'AT4G11570', 'AT4G12250', 'AT4G13180', 'AT4G13890', 'AT4G13930', 'AT4G16155', 'AT4G18440', 'AT4G20320', 'AT4G20960', 'AT4G21470', 'AT4G22930', 'AT4G23100', 'AT4G23660', 'AT4G23900', 'AT4G25280', 'AT4G26850', 'AT4G27270', 'AT4G29530', 'AT4G30000', 'AT4G30440', 'AT4G30570', 'AT4G31050', 'AT4G32520', 'AT4G32770', 'AT4G33670', 'AT4G34240', 'AT4G34570', 'AT4G35630', 'AT4G36250', 'AT4G36750', 'AT4G36940', 'AT4G37930', 'AT5G01410', 'AT5G01670', 'AT5G02080', 'AT5G04620', 'AT5G05980', 'AT5G08280', 'AT5G08340', 'AT5G08415', 'AT5G08740', 'AT5G10160', 'AT5G11540', 'AT5G14220', 'AT5G14760', 'AT5G15490', 'AT5G17310', 'AT5G18210', 'AT5G20990', 'AT5G23220', 'AT5G23230', 'AT5G23300', 'AT5G23330', 'AT5G26030', 'AT5G26667', 'AT5G26710', 'AT5G26780', 'AT5G27380', 'AT5G28840', 'AT5G32470', 'AT5G35170', 'AT5G37850', 'AT5G39320', 'AT5G40850', 'AT5G41480', 'AT5G42370', 'AT5G46290', 'AT5G47840', 'AT5G48840', 'AT5G48950', 'AT5G50210', 'AT5G50370', 'AT5G54500', 'AT5G54770', 'AT5G55120', 'AT5G55810', 'AT5G56090', 'AT5G56470', 'AT5G56490', 'AT5G57300', 'AT5G57590', 'AT5G57850', 'AT5G58800', 'AT5G59750', 'AT5G60340', 'AT5G60540', 'AT5G62980', 'AT5G63310', 'AT5G63400', 'AT5G63570', 'AT5G64050', 'AT5G64300', 'AT5G65720', 'AT5G65780']"
KEGG::path:ath01250,1,positive,KEGG,"['AT1G01220', 'AT1G02000', 'AT1G05610', 'AT1G06020', 'AT1G06030', 'AT1G08200', 'AT1G12780', 'AT1G14520', 'AT1G16340', 'AT1G17890', 'AT1G23190', 'AT1G26570', 'AT1G27680', 'AT1G30540', 'AT1G30620', 'AT1G31070', 'AT1G47840', 'AT1G50390', 'AT1G50460', 'AT1G53000', 'AT1G53500', 'AT1G63000', 'AT1G63180', 'AT1G64440', 'AT1G66430', 'AT1G67070', 'AT1G70730', 'AT1G73250', 'AT1G74910', 'AT1G78570', 'AT1G79500', 'AT2G04650', 'AT2G19800', 'AT2G19860', 'AT2G21590', 'AT2G27860', 'AT2G28760', 'AT2G31390', 'AT2G34850', 'AT2G35020', 'AT2G39770', 'AT2G45310', 'AT2G45790', 'AT2G47650', 'AT3G01010', 'AT3G01640', 'AT3G02230', 'AT3G02570', 'AT3G03250', 'AT3G06580', 'AT3G08900', 'AT3G10700', 'AT3G14790', 'AT3G20040', 'AT3G23820', 'AT3G24090', 'AT3G29360', 'AT3G42850', 'AT3G46440', 'AT3G51160', 'AT3G53520', 'AT3G54690', 'AT3G55590', 'AT3G59480', 'AT3G62830', 'AT4G00110', 'AT4G10260', 'AT4G10960', 'AT4G12250', 'AT4G16130', 'AT4G20460', 'AT4G23920', 'AT4G24620', 'AT4G26260', 'AT4G29130', 'AT4G30440', 'AT4G30570', 'AT4G33030', 'AT4G37840', 'AT4G39210', 'AT5G14470', 'AT5G15490', 'AT5G15650', 'AT5G15770', 'AT5G16510', 'AT5G17310', 'AT5G18070', 'AT5G18200', 'AT5G19220', 'AT5G28840', 'AT5G39320', 'AT5G42740', 'AT5G44480', 'AT5G48300', 'AT5G50750', 'AT5G51820', 'AT5G51830', 'AT5G52560', 'AT5G56640', 'AT5G59290', 'AT5G66280']"
KEGG::path:ath01320,1,positive,KEGG,"['AT1G19920', 'AT1G55880', 'AT1G62180', 'AT2G14750', 'AT2G43750', 'AT3G03900', 'AT3G04940', 'AT3G22460', 'AT3G22890', 'AT3G59760', 'AT3G61440', 'AT4G04610', 'AT4G14680', 'AT4G14880', 'AT4G21990', 'AT4G39940', 'AT5G04590', 'AT5G28020', 'AT5G28030', 'AT5G43780', 'AT5G67520']"
KEGG::path:ath02010,1,positive,KEGG,"['AT1G02520', 'AT1G02530', 'AT1G10680', 'AT1G15210', 'AT1G15520', 'AT1G17840', 'AT1G27940', 'AT1G28010', 'AT1G31770', 'AT1G51460', 'AT1G51500', 'AT1G53270', 'AT1G59870', 'AT1G66950', 'AT1G71960', 'AT2G01320', 'AT2G07680', 'AT2G13610', 'AT2G26910', 'AT2G29940', 'AT2G36380', 'AT2G36910', 'AT2G37280', 'AT2G37360', 'AT2G39350', 'AT2G39480', 'AT2G41700', 'AT2G47000', 'AT3G13220', 'AT3G16340', 'AT3G21090', 'AT3G25620', 'AT3G28345', 'AT3G28360', 'AT3G28380', 'AT3G28390', 'AT3G28415', 'AT3G28860', 'AT3G30842', 'AT3G52310', 'AT3G53480', 'AT3G53510', 'AT3G55090', 'AT3G55100', 'AT3G55110', 'AT3G55130', 'AT3G55320', 'AT3G62150', 'AT4G01820', 'AT4G01830', 'AT4G15215', 'AT4G15230', 'AT4G15233', 'AT4G15236', 'AT4G18050', 'AT4G25450', 'AT4G25750', 'AT4G25960', 'AT4G27420', 'AT4G28620', 'AT4G28630', 'AT4G39850', 'AT5G06530', 'AT5G13580', 'AT5G19410', 'AT5G46540', 'AT5G52860', 'AT5G58270']"
KEGG::path:ath03008,1,positive,KEGG,"['AT1G04635', 'AT1G06720', 'AT1G08410', 'AT1G10300', 'AT1G10490', 'AT1G15420', 'AT1G15440', 'AT1G26530', 'AT1G27470', 'AT1G43860', 'AT1G50920', 'AT1G52980', 'AT1G56110', 'AT1G63780', 'AT1G63810', 'AT1G67120', 'AT1G75660', 'AT1G80770', 'AT2G01010', 'AT2G01020', 'AT2G03820', 'AT2G18900', 'AT2G20490', 'AT2G21440', 'AT2G23070', 'AT2G23080', 'AT2G24990', 'AT2G25420', 'AT2G26970', 'AT2G27200', 'AT2G39820', 'AT2G43190', 'AT2G44680', 'AT2G46230', 'AT2G47300', 'AT2G47990', 'AT3G01610', 'AT3G03110', 'AT3G03920', 'AT3G05060', 'AT3G06530', 'AT3G07050', 'AT3G12860', 'AT3G21540', 'AT3G22980', 'AT3G23860', 'AT3G26480', 'AT3G41768', 'AT3G41979', 'AT3G50000', 'AT3G50090', 'AT3G50100', 'AT3G51270', 'AT3G55620', 'AT3G57000', 'AT3G57150', 'AT3G57940', 'AT3G60250', 'AT4G02400', 'AT4G04940', 'AT4G07410', 'AT4G12600', 'AT4G17640', 'AT4G22380', 'AT4G25630', 'AT4G28200', 'AT5G05540', 'AT5G08180', 'AT5G08600', 'AT5G11240', 'AT5G14050', 'AT5G15750', 'AT5G16750', 'AT5G17020', 'AT5G18180', 'AT5G20010', 'AT5G20020', 'AT5G20160', 'AT5G22100', 'AT5G25800', 'AT5G27120', 'AT5G27140', 'AT5G37350', 'AT5G38720', 'AT5G41190', 'AT5G42540', 'AT5G47080', 'AT5G52470', 'AT5G52490', 'AT5G53902', 'AT5G54075', 'AT5G55080', 'AT5G55190', 'AT5G59980', 'AT5G60340', 'AT5G66540', 'AT5G67240', 'AT5G67380']"
KEGG::path:ath03010,1,positive,KEGG,"['AT1G01100', 'AT1G02780', 'AT1G02830', 'AT1G04270', 'AT1G04480', 'AT1G05190', 'AT1G07070', 'AT1G07320', 'AT1G07770', 'AT1G07830', 'AT1G08360', 'AT1G09590', 'AT1G09690', 'AT1G12960', 'AT1G14320', 'AT1G14620', 'AT1G15250', 'AT1G15930', 'AT1G16740', 'AT1G16870', 'AT1G17080', 'AT1G17560', 'AT1G18080', 'AT1G18540', 'AT1G22780', 'AT1G23290', 'AT1G23410', 'AT1G26740', 'AT1G26750', 'AT1G26880', 'AT1G26910', 'AT1G27400', 'AT1G29070', 'AT1G29965', 'AT1G29970', 'AT1G32990', 'AT1G33120', 'AT1G33140', 'AT1G33850', 'AT1G34030', 'AT1G35680', 'AT1G36240', 'AT1G41880', 'AT1G43170', 'AT1G48350', 'AT1G48630', 'AT1G48830', 'AT1G49400', 'AT1G52300', 'AT1G52370', 'AT1G56045', 'AT1G57660', 'AT1G57860', 'AT1G58380', 'AT1G58684', 'AT1G58983', 'AT1G59359', 'AT1G61580', 'AT1G64510', 'AT1G64880', 'AT1G66580', 'AT1G67430', 'AT1G68590', 'AT1G69485', 'AT1G69620', 'AT1G70190', 'AT1G70600', 'AT1G71720', 'AT1G72370', 'AT1G74050', 'AT1G74060', 'AT1G74270', 'AT1G74970', 'AT1G75350', 'AT1G77750', 'AT1G77940', 'AT1G78630', 'AT1G79850', 'AT1G80750', 'AT2G01010', 'AT2G01020', 'AT2G01250', 'AT2G04390', 'AT2G05220', 'AT2G07675', 'AT2G07696', 'AT2G07734', 'AT2G09990', 'AT2G16360', 'AT2G16930', 'AT2G17360', 'AT2G18020', 'AT2G18400', 'AT2G19720', 'AT2G19730', 'AT2G19740', 'AT2G19750', 'AT2G20060', 'AT2G20450', 'AT2G21290', 'AT2G21580', 'AT2G24090', 'AT2G25210', 'AT2G27530', 'AT2G27710', 'AT2G27720', 'AT2G31610', 'AT2G32060', 'AT2G32220', 'AT2G33370', 'AT2G33450', 'AT2G33800', 'AT2G34480', 'AT2G34520', 'AT2G36160', 'AT2G36170', 'AT2G36620', 'AT2G37190', 'AT2G37270', 'AT2G37600', 'AT2G38140', 'AT2G39390', 'AT2G39460', 'AT2G39590', 'AT2G40010', 'AT2G40205', 'AT2G40510', 'AT2G40590', 'AT2G41840', 'AT2G42740', 'AT2G43030', 'AT2G43460', 'AT2G44120', 'AT2G44860', 'AT2G45710', 'AT2G47110', 'AT2G47570', 'AT2G47610', 'AT3G01740', 'AT3G01790', 'AT3G02080', 'AT3G02190', 'AT3G02560', 'AT3G03600', 'AT3G04230', 'AT3G04400', 'AT3G04770', 'AT3G04840', 'AT3G04920', 'AT3G05560', 'AT3G05590', 'AT3G06040', 'AT3G06320', 'AT3G06680', 'AT3G06700', 'AT3G07110', 'AT3G08520', 'AT3G09200', 'AT3G09500', 'AT3G09630', 'AT3G09680', 'AT3G10090', 'AT3G10610', 'AT3G10950', 'AT3G11120', 'AT3G11250', 'AT3G11510', 'AT3G11940', 'AT3G12370', 'AT3G13120', 'AT3G13580', 'AT3G13882', 'AT3G14600', 'AT3G15190', 'AT3G16080', 'AT3G16780', 'AT3G17465', 'AT3G18130', 'AT3G18240', 'AT3G18740', 'AT3G18760', 'AT3G18880', 'AT3G20230', 'AT3G22230', 'AT3G22300', 'AT3G22450', 'AT3G23390', 'AT3G24830', 'AT3G25520', 'AT3G25920', 'AT3G26360', 'AT3G27830', 'AT3G27840', 'AT3G27850', 'AT3G28500', 'AT3G28900', 'AT3G41768', 'AT3G41979', 'AT3G43980', 'AT3G44010', 'AT3G44590', 'AT3G44890', 'AT3G45030', 'AT3G46040', 'AT3G47370', 'AT3G48930', 'AT3G48960', 'AT3G49010', 'AT3G49080', 'AT3G49910', 'AT3G51190', 'AT3G52150', 'AT3G52580', 'AT3G52590', 'AT3G53020', 'AT3G53430', 'AT3G53740', 'AT3G53870', 'AT3G53890', 'AT3G54210', 'AT3G55170', 'AT3G55280', 'AT3G55750', 'AT3G56020', 'AT3G56340', 'AT3G56910', 'AT3G57490', 'AT3G58700', 'AT3G59540', 'AT3G59650', 'AT3G60245', 'AT3G60770', 'AT3G61110', 'AT3G61111', 'AT3G62250', 'AT3G62870', 'AT3G63490', 'AT4G00100', 'AT4G00810', 'AT4G01310', 'AT4G02230', 'AT4G09800', 'AT4G10450', 'AT4G13170', 'AT4G14320', 'AT4G15000', 'AT4G16030', 'AT4G16720', 'AT4G17390', 'AT4G17560', 'AT4G18100', 'AT4G18730', 'AT4G21460', 'AT4G23620', 'AT4G25740', 'AT4G25890', 'AT4G26230', 'AT4G27090', 'AT4G28360', 'AT4G29390', 'AT4G29410', 'AT4G29430', 'AT4G30800', 'AT4G30930', 'AT4G31460', 'AT4G31700', 'AT4G31985', 'AT4G33865', 'AT4G34555', 'AT4G34620', 'AT4G34670', 'AT4G35490', 'AT4G36130', 'AT4G36420', 'AT4G37660', 'AT4G39200', 'AT4G39880', 'AT5G02450', 'AT5G02610', 'AT5G02870', 'AT5G02960', 'AT5G03850', 'AT5G04800', 'AT5G07090', 'AT5G09490', 'AT5G09500', 'AT5G09510', 'AT5G09770', 'AT5G10360', 'AT5G13510', 'AT5G14320', 'AT5G15200', 'AT5G15220', 'AT5G15520', 'AT5G15760', 'AT5G16130', 'AT5G17870', 'AT5G18380', 'AT5G18790', 'AT5G20180', 'AT5G20290', 'AT5G22440', 'AT5G23535', 'AT5G23740', 'AT5G23900', 'AT5G24510', 'AT5G27395', 'AT5G27700', 'AT5G27770', 'AT5G27850', 'AT5G28060', 'AT5G30510', 'AT5G35530', 'AT5G39600', 'AT5G39740', 'AT5G39800', 'AT5G39850', 'AT5G40040', 'AT5G40080', 'AT5G40950', 'AT5G41520', 'AT5G43640', 'AT5G44710', 'AT5G45775', 'AT5G46160', 'AT5G46430', 'AT5G47190', 'AT5G47320', 'AT5G47700', 'AT5G47930', 'AT5G48760', 'AT5G51610', 'AT5G52650', 'AT5G53070', 'AT5G54600', 'AT5G55140', 'AT5G56670', 'AT5G56710', 'AT5G56940', 'AT5G57290', 'AT5G58420', 'AT5G59240', 'AT5G59850', 'AT5G60670', 'AT5G61170', 'AT5G62270', 'AT5G62300', 'AT5G63070', 'AT5G64140', 'AT5G64650', 'AT5G64670', 'AT5G65220', 'AT5G66860', 'AT5G67510']"
KEGG::path:ath03013,1,positive,KEGG,"['AT1G02140', 'AT1G02690', 'AT1G07920', 'AT1G07930', 'AT1G07940', 'AT1G09270', 'AT1G10390', 'AT1G11400', 'AT1G12930', 'AT1G13120', 'AT1G14850', 'AT1G15200', 'AT1G15850', 'AT1G16610', 'AT1G24310', 'AT1G24706', 'AT1G26170', 'AT1G33410', 'AT1G33980', 'AT1G35550', 'AT1G45233', 'AT1G51380', 'AT1G51510', 'AT1G55540', 'AT1G59660', 'AT1G64350', 'AT1G66260', 'AT1G72560', 'AT1G73240', 'AT1G75340', 'AT1G79280', 'AT1G80670', 'AT1G80680', 'AT2G03820', 'AT2G05120', 'AT2G13540', 'AT2G16950', 'AT2G19430', 'AT2G29210', 'AT2G30050', 'AT2G31660', 'AT2G32790', 'AT2G39260', 'AT2G41620', 'AT2G45000', 'AT2G45640', 'AT2G46520', 'AT3G01340', 'AT3G02420', 'AT3G02950', 'AT3G03110', 'AT3G04490', 'AT3G05040', 'AT3G05720', 'AT3G06000', 'AT3G06720', 'AT3G08943', 'AT3G08947', 'AT3G08960', 'AT3G14120', 'AT3G16310', 'AT3G19760', 'AT3G20430', 'AT3G53110', 'AT3G56900', 'AT3G57350', 'AT3G57870', 'AT3G59020', 'AT3G63130', 'AT4G02150', 'AT4G24880', 'AT4G27640', 'AT4G27960', 'AT4G30840', 'AT4G32910', 'AT4G37130', 'AT4G38760', 'AT4G39680', 'AT5G02530', 'AT5G03070', 'AT5G05680', 'AT5G06120', 'AT5G09860', 'AT5G11170', 'AT5G11200', 'AT5G16790', 'AT5G17020', 'AT5G19320', 'AT5G19820', 'AT5G20010', 'AT5G20020', 'AT5G37720', 'AT5G40480', 'AT5G42920', 'AT5G44200', 'AT5G47010', 'AT5G49310', 'AT5G51200', 'AT5G53480', 'AT5G55080', 'AT5G55190', 'AT5G56130', 'AT5G59950', 'AT5G60390', 'AT5G62600']"
KEGG::path:ath03015,1,positive,KEGG,"['AT1G02140', 'AT1G03960', 'AT1G10430', 'AT1G11400', 'AT1G12920', 'AT1G13120', 'AT1G13190', 'AT1G13320', 'AT1G13460', 'AT1G15200', 'AT1G16610', 'AT1G17720', 'AT1G17760', 'AT1G17980', 'AT1G18070', 'AT1G22760', 'AT1G25490', 'AT1G27595', 'AT1G30460', 'AT1G33980', 'AT1G34140', 'AT1G49760', 'AT1G51380', 'AT1G51510', 'AT1G51690', 'AT1G54450', 'AT1G58470', 'AT1G59830', 'AT1G61010', 'AT1G64040', 'AT1G66260', 'AT1G66500', 'AT1G69960', 'AT1G71770', 'AT1G71800', 'AT1G73820', 'AT2G13540', 'AT2G23350', 'AT2G25850', 'AT2G29210', 'AT2G29400', 'AT2G33410', 'AT2G36480', 'AT2G36660', 'AT2G39260', 'AT2G39840', 'AT2G42500', 'AT2G45640', 'AT3G04680', 'AT3G05580', 'AT3G06560', 'AT3G07810', 'AT3G09100', 'AT3G09880', 'AT3G16380', 'AT3G19760', 'AT3G20650', 'AT3G21650', 'AT3G25800', 'AT3G26020', 'AT3G26030', 'AT3G26618', 'AT3G46820', 'AT3G52150', 'AT3G52210', 'AT3G53110', 'AT3G54930', 'AT3G58390', 'AT3G58500', 'AT4G04885', 'AT4G11240', 'AT4G14300', 'AT4G15415', 'AT4G25550', 'AT4G26650', 'AT4G27650', 'AT4G29820', 'AT4G32850', 'AT4G34110', 'AT4G36960', 'AT4G39680', 'AT5G01290', 'AT5G01400', 'AT5G02530', 'AT5G03470', 'AT5G10350', 'AT5G10630', 'AT5G11170', 'AT5G11200', 'AT5G13480', 'AT5G14530', 'AT5G18440', 'AT5G18580', 'AT5G19400', 'AT5G23880', 'AT5G25510', 'AT5G27840', 'AT5G28210', 'AT5G28850', 'AT5G28900', 'AT5G37720', 'AT5G39930', 'AT5G43380', 'AT5G43620', 'AT5G44090', 'AT5G44200', 'AT5G47010', 'AT5G47620', 'AT5G47880', 'AT5G51120', 'AT5G51660', 'AT5G55550', 'AT5G55670', 'AT5G58470', 'AT5G59160', 'AT5G59950', 'AT5G60940', 'AT5G65260', 'AT5G66240']"
KEGG::path:ath03018,1,positive,KEGG,"['AT1G02080', 'AT1G03330', 'AT1G03360', 'AT1G03905', 'AT1G06450', 'AT1G06670', 'AT1G07705', 'AT1G08370', 'AT1G15920', 'AT1G19120', 'AT1G21190', 'AT1G22760', 'AT1G26230', 'AT1G27820', 'AT1G27890', 'AT1G31500', 'AT1G31530', 'AT1G34140', 'AT1G48650', 'AT1G49760', 'AT1G54440', 'AT1G55490', 'AT1G55870', 'AT1G59760', 'AT1G60080', 'AT1G61470', 'AT1G65700', 'AT1G71770', 'AT1G74030', 'AT1G75660', 'AT1G76630', 'AT1G76860', 'AT1G79090', 'AT1G80780', 'AT2G01130', 'AT2G03870', 'AT2G06990', 'AT2G17510', 'AT2G22480', 'AT2G23350', 'AT2G25355', 'AT2G28000', 'AT2G28540', 'AT2G29560', 'AT2G30800', 'AT2G32070', 'AT2G32550', 'AT2G33210', 'AT2G35920', 'AT2G36530', 'AT2G36660', 'AT2G43810', 'AT2G45810', 'AT3G03710', 'AT3G07750', 'AT3G12990', 'AT3G13290', 'AT3G13300', 'AT3G13470', 'AT3G13860', 'AT3G14080', 'AT3G16380', 'AT3G20800', 'AT3G22270', 'AT3G23990', 'AT3G25430', 'AT3G44240', 'AT3G44260', 'AT3G45630', 'AT3G46210', 'AT3G46960', 'AT3G52150', 'AT3G58560', 'AT3G58580', 'AT3G59810', 'AT3G60500', 'AT3G61240', 'AT3G61620', 'AT4G00660', 'AT4G14990', 'AT4G26270', 'AT4G27490', 'AT4G29220', 'AT4G29830', 'AT4G32175', 'AT4G32840', 'AT4G34110', 'AT4G37910', 'AT5G02270', 'AT5G04895', 'AT5G09590', 'AT5G10960', 'AT5G12980', 'AT5G13570', 'AT5G14580', 'AT5G18230', 'AT5G18820', 'AT5G22250', 'AT5G25080', 'AT5G27720', 'AT5G35430', 'AT5G35910', 'AT5G38890', 'AT5G42540', 'AT5G44110', 'AT5G47810', 'AT5G48870', 'AT5G53770', 'AT5G56500', 'AT5G56630', 'AT5G59460', 'AT5G59710', 'AT5G60170', 'AT5G61580']"
KEGG::path:ath03020,1,positive,KEGG,"['AT1G01210', 'AT1G06790', 'AT1G11475', 'AT1G29940', 'AT1G53690', 'AT1G54250', 'AT1G60620', 'AT1G60850', 'AT1G61700', 'AT1G63020', 'AT2G04630', 'AT2G15400', 'AT2G15430', 'AT2G29540', 'AT2G40030', 'AT2G41340', 'AT3G13940', 'AT3G16980', 'AT3G18090', 'AT3G22320', 'AT3G22900', 'AT3G23780', 'AT3G25940', 'AT3G28956', 'AT3G49000', 'AT3G52090', 'AT3G54490', 'AT3G57080', 'AT3G57660', 'AT3G59600', 'AT4G01590', 'AT4G07950', 'AT4G14520', 'AT4G14660', 'AT4G16265', 'AT4G21710', 'AT4G25180', 'AT4G35800', 'AT5G09380', 'AT5G09920', 'AT5G23710', 'AT5G41010', 'AT5G45140', 'AT5G49530', 'AT5G51940', 'AT5G57980', 'AT5G59180', 'AT5G60040']"
KEGG::path:ath03022,1,positive,KEGG,"['AT1G02680', 'AT1G03190', 'AT1G03280', 'AT1G04950', 'AT1G05055', 'AT1G07470', 'AT1G07480', 'AT1G12400', 'AT1G17440', 'AT1G18040', 'AT1G18340', 'AT1G20000', 'AT1G27720', 'AT1G31240', 'AT1G32750', 'AT1G54140', 'AT1G54360', 'AT1G55300', 'AT1G55520', 'AT1G55750', 'AT1G62886', 'AT1G66750', 'AT1G73690', 'AT1G73960', 'AT1G75510', 'AT2G41630', 'AT3G02160', 'AT3G10070', 'AT3G10330', 'AT3G13445', 'AT3G19040', 'AT3G29380', 'AT3G52270', 'AT3G57370', 'AT3G61420', 'AT4G10680', 'AT4G12610', 'AT4G17020', 'AT4G20280', 'AT4G20330', 'AT4G20340', 'AT4G20810', 'AT4G21010', 'AT4G24440', 'AT4G30820', 'AT4G31720', 'AT4G34340', 'AT4G36650', 'AT5G15570', 'AT5G25150', 'AT5G27620', 'AT5G41360', 'AT5G41370', 'AT5G43130', 'AT5G59230']"
KEGG::path:ath03030,1,positive,KEGG,"['AT1G07370', 'AT1G08130', 'AT1G08260', 'AT1G08840', 'AT1G09815', 'AT1G21690', 'AT1G44900', 'AT1G50840', 'AT1G63160', 'AT1G67320', 'AT1G67630', 'AT1G77470', 'AT1G78650', 'AT2G06510', 'AT2G07690', 'AT2G16440', 'AT2G24490', 'AT2G25100', 'AT2G27120', 'AT2G27470', 'AT2G29570', 'AT2G39440', 'AT2G42120', 'AT3G02920', 'AT3G18580', 'AT3G20540', 'AT3G52630', 'AT4G02060', 'AT4G18590', 'AT4G19130', 'AT4G20325', 'AT5G08020', 'AT5G22010', 'AT5G22110', 'AT5G26680', 'AT5G27740', 'AT5G41880', 'AT5G44635', 'AT5G45400', 'AT5G46280', 'AT5G61000', 'AT5G63960', 'AT5G67100']"
KEGG::path:ath03040,1,positive,KEGG,"['AT1G02140', 'AT1G02840', 'AT1G03140', 'AT1G03330', 'AT1G04263', 'AT1G04510', 'AT1G04733', 'AT1G04897', 'AT1G04907', 'AT1G05057', 'AT1G05273', 'AT1G05853', 'AT1G06220', 'AT1G06873', 'AT1G06877', 'AT1G06960', 'AT1G07170', 'AT1G07360', 'AT1G08115', 'AT1G09140', 'AT1G09760', 'AT1G09770', 'AT1G10580', 'AT1G14640', 'AT1G14650', 'AT1G16030', 'AT1G17130', 'AT1G17640', 'AT1G20580', 'AT1G20920', 'AT1G20960', 'AT1G21190', 'AT1G23860', 'AT1G24706', 'AT1G26370', 'AT1G27650', 'AT1G27900', 'AT1G28060', 'AT1G28180', 'AT1G30480', 'AT1G31870', 'AT1G32490', 'AT1G33520', 'AT1G44910', 'AT1G45233', 'AT1G51380', 'AT1G51510', 'AT1G54590', 'AT1G55150', 'AT1G55310', 'AT1G56410', 'AT1G60170', 'AT1G60200', 'AT1G60830', 'AT1G60900', 'AT1G65660', 'AT1G65700', 'AT1G66260', 'AT1G70185', 'AT1G74230', 'AT1G76300', 'AT1G76860', 'AT1G77180', 'AT1G80070', 'AT2G02570', 'AT2G03870', 'AT2G04375', 'AT2G04455', 'AT2G13540', 'AT2G14285', 'AT2G14870', 'AT2G16860', 'AT2G18510', 'AT2G18740', 'AT2G19430', 'AT2G23930', 'AT2G24590', 'AT2G29580', 'AT2G30000', 'AT2G30260', 'AT2G32600', 'AT2G33340', 'AT2G33730', 'AT2G35340', 'AT2G36130', 'AT2G37340', 'AT2G38730', 'AT2G38770', 'AT2G40650', 'AT2G41020', 'AT2G41060', 'AT2G41500', 'AT2G42270', 'AT2G43770', 'AT2G43810', 'AT2G43960', 'AT2G44200', 'AT2G46610', 'AT2G47250', 'AT2G47330', 'AT2G47580', 'AT2G47640', 'AT3G01540', 'AT3G01695', 'AT3G01715', 'AT3G02710', 'AT3G02950', 'AT3G05070', 'AT3G06480', 'AT3G06900', 'AT3G07590', 'AT3G09440', 'AT3G09620', 'AT3G11500', 'AT3G11960', 'AT3G12580', 'AT3G13200', 'AT3G13210', 'AT3G13224', 'AT3G13570', 'AT3G13855', 'AT3G14700', 'AT3G14735', 'AT3G15010', 'AT3G16650', 'AT3G18165', 'AT3G18790', 'AT3G19670', 'AT3G19760', 'AT3G19840', 'AT3G20550', 'AT3G23325', 'AT3G26560', 'AT3G27600', 'AT3G32940', 'AT3G44785', 'AT3G45950', 'AT3G47120', 'AT3G49430', 'AT3G50670', 'AT3G53500', 'AT3G55200', 'AT3G55220', 'AT3G55460', 'AT3G55930', 'AT3G56705', 'AT3G56860', 'AT3G57645', 'AT3G57765', 'AT3G59810', 'AT3G61860', 'AT3G62310', 'AT3G62840', 'AT4G01020', 'AT4G02430', 'AT4G02840', 'AT4G03120', 'AT4G03430', 'AT4G03995', 'AT4G04185', 'AT4G04615', 'AT4G07120', 'AT4G07145', 'AT4G07875', 'AT4G08755', 'AT4G09135', 'AT4G10110', 'AT4G12600', 'AT4G14342', 'AT4G15900', 'AT4G16200', 'AT4G16680', 'AT4G20440', 'AT4G21110', 'AT4G21660', 'AT4G22285', 'AT4G22350', 'AT4G22380', 'AT4G22410', 'AT4G24280', 'AT4G25020', 'AT4G25500', 'AT4G30220', 'AT4G30330', 'AT4G31580', 'AT4G35785', 'AT4G36690', 'AT4G37120', 'AT4G38780', 'AT4G39680', 'AT5G02490', 'AT5G02500', 'AT5G02530', 'AT5G04085', 'AT5G04105', 'AT5G04305', 'AT5G04315', 'AT5G04455', 'AT5G04465', 'AT5G06160', 'AT5G06520', 'AT5G08290', 'AT5G09585', 'AT5G09860', 'AT5G10370', 'AT5G10800', 'AT5G11170', 'AT5G11200', 'AT5G12190', 'AT5G13010', 'AT5G14610', 'AT5G14900', 'AT5G16780', 'AT5G16790', 'AT5G18810', 'AT5G20160', 'AT5G25060', 'AT5G25230', 'AT5G27720', 'AT5G28740', 'AT5G37370', 'AT5G37720', 'AT5G40490', 'AT5G41770', 'AT5G42820', 'AT5G42920', 'AT5G44200', 'AT5G44500', 'AT5G45990', 'AT5G46315', 'AT5G48870', 'AT5G49910', 'AT5G51300', 'AT5G52040', 'AT5G56130', 'AT5G57370', 'AT5G58470', 'AT5G59950', 'AT5G61030', 'AT5G61455', 'AT5G63120', 'AT5G64200', 'AT5G64270']"
KEGG::path:ath03050,1,positive,KEGG,"['AT1G04810', 'AT1G09100', 'AT1G13060', 'AT1G16470', 'AT1G20200', 'AT1G21720', 'AT1G29150', 'AT1G45000', 'AT1G47250', 'AT1G53750', 'AT1G53780', 'AT1G53850', 'AT1G56450', 'AT1G64520', 'AT1G64750', 'AT1G67250', 'AT1G75990', 'AT1G77440', 'AT1G79210', 'AT2G05840', 'AT2G20140', 'AT2G20580', 'AT2G26590', 'AT2G27020', 'AT2G32730', 'AT3G05530', 'AT3G11270', 'AT3G13330', 'AT3G14290', 'AT3G22110', 'AT3G22630', 'AT3G26340', 'AT3G27430', 'AT3G51260', 'AT3G53970', 'AT3G60820', 'AT4G14800', 'AT4G15165', 'AT4G19006', 'AT4G24820', 'AT4G28470', 'AT4G29040', 'AT4G31300', 'AT4G38630', 'AT5G05780', 'AT5G09900', 'AT5G19990', 'AT5G20000', 'AT5G23540', 'AT5G35590', 'AT5G38650', 'AT5G40580', 'AT5G42040', 'AT5G42790', 'AT5G43010', 'AT5G45010', 'AT5G45620', 'AT5G57950', 'AT5G58290', 'AT5G64760', 'AT5G66140']"
KEGG::path:ath03060,1,positive,KEGG,"['AT1G01910', 'AT1G06870', 'AT1G09080', 'AT1G15310', 'AT1G21650', 'AT1G23465', 'AT1G24490', 'AT1G29310', 'AT1G29960', 'AT1G48160', 'AT1G48900', 'AT1G52600', 'AT1G53530', 'AT1G67650', 'AT1G67680', 'AT1G78720', 'AT1G79940', 'AT2G01110', 'AT2G18710', 'AT2G18770', 'AT2G22425', 'AT2G23940', 'AT2G28800', 'AT2G30440', 'AT2G34250', 'AT2G39960', 'AT2G43640', 'AT2G45070', 'AT2G45770', 'AT2G46470', 'AT3G05230', 'AT3G08980', 'AT3G10350', 'AT3G15710', 'AT3G20920', 'AT3G24590', 'AT3G48570', 'AT3G49100', 'AT3G60540', 'AT4G01800', 'AT4G04200', 'AT4G08320', 'AT4G16444', 'AT4G21180', 'AT4G24920', 'AT4G30500', 'AT4G30600', 'AT4G40042', 'AT5G03940', 'AT5G05670', 'AT5G27430', 'AT5G28540', 'AT5G28750', 'AT5G42020', 'AT5G49500', 'AT5G50460', 'AT5G60460', 'AT5G60730', 'AT5G61970', 'AT5G62050', 'AT5G63220', 'AT5G66970']"
KEGG::path:ath03082,1,positive,KEGG,"['AT1G02740', 'AT1G08880', 'AT1G16690', 'AT1G18450', 'AT1G20670', 'AT1G21700', 'AT1G51060', 'AT1G52740', 'AT1G54690', 'AT1G65650', 'AT1G76380', 'AT1G79020', 'AT2G16780', 'AT2G17930', 'AT2G18000', 'AT2G19520', 'AT2G25170', 'AT2G27470', 'AT2G33610', 'AT2G36740', 'AT2G38810', 'AT2G46020', 'AT2G47210', 'AT2G47620', 'AT3G01890', 'AT3G06400', 'AT3G12380', 'AT3G12810', 'AT3G17590', 'AT3G20670', 'AT3G33520', 'AT3G44490', 'AT3G44660', 'AT3G44680', 'AT3G45830', 'AT3G49830', 'AT3G54560', 'AT3G57300', 'AT4G13570', 'AT4G14385', 'AT4G27230', 'AT4G29730', 'AT4G34430', 'AT4G35050', 'AT4G36080', 'AT4G37280', 'AT4G38130', 'AT4G38495', 'AT5G02560', 'AT5G14170', 'AT5G16310', 'AT5G18620', 'AT5G22330', 'AT5G27670', 'AT5G35600', 'AT5G37055', 'AT5G43500', 'AT5G45600', 'AT5G54640', 'AT5G55040', 'AT5G58230', 'AT5G59870', 'AT5G63110', 'AT5G67630']"
KEGG::path:ath03083,1,positive,KEGG,"['AT1G02580', 'AT1G03770', 'AT1G04860', 'AT1G10230', 'AT1G12910', 'AT1G16710', 'AT1G20140', 'AT1G36340', 'AT1G55970', 'AT1G64230', 'AT1G67220', 'AT1G75950', 'AT1G79000', 'AT2G03160', 'AT2G03170', 'AT2G03190', 'AT2G16740', 'AT2G16780', 'AT2G19520', 'AT2G20160', 'AT2G25700', 'AT2G32780', 'AT2G35670', 'AT2G44680', 'AT3G04240', 'AT3G08690', 'AT3G08700', 'AT3G11540', 'AT3G11910', 'AT3G12980', 'AT3G20740', 'AT3G21830', 'AT3G21840', 'AT3G21850', 'AT3G21860', 'AT3G25650', 'AT3G26640', 'AT3G44490', 'AT3G44660', 'AT3G44680', 'AT3G49660', 'AT3G53060', 'AT3G60010', 'AT3G60020', 'AT3G60250', 'AT4G02020', 'AT4G02730', 'AT4G16845', 'AT4G17640', 'AT4G29730', 'AT4G34210', 'AT4G34470', 'AT4G35050', 'AT4G38130', 'AT5G02470', 'AT5G03415', 'AT5G06350', 'AT5G06600', 'AT5G24520', 'AT5G35600', 'AT5G41700', 'AT5G42190', 'AT5G44280', 'AT5G47080', 'AT5G51230', 'AT5G53300', 'AT5G56150', 'AT5G58230', 'AT5G63110']"
KEGG::path:ath03250,1,positive,KEGG,"['AT1G08270', 'AT1G12930', 'AT1G13190', 'AT1G15130', 'AT1G16710', 'AT1G27630', 'AT1G35440', 'AT1G55970', 'AT1G67220', 'AT1G79000', 'AT2G18040', 'AT2G19830', 'AT2G27600', 'AT2G34210', 'AT2G38830', 'AT3G03110', 'AT3G12400', 'AT3G12980', 'AT3G17590', 'AT3G54610', 'AT4G08350', 'AT4G19560', 'AT4G19600', 'AT4G29160', 'AT5G08565', 'AT5G09260', 'AT5G13860', 'AT5G17020', 'AT5G20010', 'AT5G20020', 'AT5G40270', 'AT5G40290', 'AT5G45190', 'AT5G55080', 'AT5G55190', 'AT5G55670', 'AT5G62600', 'AT5G63670', 'AT5G63880']"
KEGG::path:ath03272,1,positive,KEGG,"['AT1G08270', 'AT1G15130', 'AT1G17730', 'AT1G73030', 'AT2G19830', 'AT2G27600', 'AT2G38830', 'AT3G12400', 'AT3G62080', 'AT4G29160', 'AT5G13860', 'AT5G24260']"
KEGG::path:ath03410,1,positive,KEGG,"['AT1G05900', 'AT1G07370', 'AT1G08130', 'AT1G08260', 'AT1G09815', 'AT1G10520', 'AT1G13635', 'AT1G15970', 'AT1G19480', 'AT1G21690', 'AT1G21710', 'AT1G50840', 'AT1G52500', 'AT1G63160', 'AT1G75090', 'AT1G75230', 'AT1G77470', 'AT1G78650', 'AT1G80420', 'AT1G80850', 'AT2G27120', 'AT2G27470', 'AT2G29570', 'AT2G31320', 'AT2G31450', 'AT2G31865', 'AT2G31870', 'AT2G41460', 'AT2G42120', 'AT3G07930', 'AT3G12040', 'AT3G12710', 'AT3G14890', 'AT3G18630', 'AT3G20540', 'AT3G47830', 'AT3G50880', 'AT4G02390', 'AT4G12740', 'AT5G01310', 'AT5G13920', 'AT5G15170', 'AT5G22010', 'AT5G22110', 'AT5G22470', 'AT5G26680', 'AT5G27740', 'AT5G44680', 'AT5G57970', 'AT5G63960']"
KEGG::path:ath03420,1,positive,KEGG,"['AT1G03190', 'AT1G05055', 'AT1G07370', 'AT1G08130', 'AT1G08260', 'AT1G09815', 'AT1G11475', 'AT1G12400', 'AT1G16190', 'AT1G18040', 'AT1G18340', 'AT1G19750', 'AT1G21690', 'AT1G27840', 'AT1G50840', 'AT1G53690', 'AT1G54250', 'AT1G55750', 'AT1G61700', 'AT1G62886', 'AT1G63160', 'AT1G66750', 'AT1G73690', 'AT1G77470', 'AT1G78650', 'AT1G79650', 'AT2G04630', 'AT2G06510', 'AT2G15400', 'AT2G15430', 'AT2G18760', 'AT2G24490', 'AT2G27120', 'AT2G27470', 'AT2G29570', 'AT2G41340', 'AT2G42120', 'AT3G02540', 'AT3G02920', 'AT3G05210', 'AT3G16980', 'AT3G20540', 'AT3G22320', 'AT3G28030', 'AT3G42830', 'AT3G46910', 'AT3G52090', 'AT3G52630', 'AT3G54490', 'AT3G57080', 'AT3G59600', 'AT3G61420', 'AT3G61800', 'AT4G05420', 'AT4G12100', 'AT4G16265', 'AT4G17020', 'AT4G18590', 'AT4G19130', 'AT4G21100', 'AT4G21710', 'AT4G30820', 'AT4G35800', 'AT5G08020', 'AT5G09920', 'AT5G16090', 'AT5G16630', 'AT5G20570', 'AT5G22010', 'AT5G22110', 'AT5G27620', 'AT5G27740', 'AT5G38470', 'AT5G41010', 'AT5G41150', 'AT5G41360', 'AT5G41370', 'AT5G45400', 'AT5G46210', 'AT5G51940', 'AT5G57980', 'AT5G58760', 'AT5G59180', 'AT5G61000', 'AT5G63960']"
KEGG::path:ath03430,1,positive,KEGG,"['AT1G07370', 'AT1G08130', 'AT1G09815', 'AT1G18090', 'AT1G21690', 'AT1G29630', 'AT1G63160', 'AT1G65070', 'AT1G77470', 'AT1G78650', 'AT2G06510', 'AT2G24490', 'AT2G29570', 'AT2G42120', 'AT3G02920', 'AT3G18524', 'AT3G18580', 'AT3G24495', 'AT3G52630', 'AT4G02070', 'AT4G02460', 'AT4G09140', 'AT4G18590', 'AT4G19130', 'AT4G25540', 'AT4G35520', 'AT5G08020', 'AT5G22010', 'AT5G27740', 'AT5G45400', 'AT5G61000', 'AT5G63960']"
KEGG::path:ath03440,1,positive,KEGG,"['AT1G04020', 'AT1G05490', 'AT1G07745', 'AT1G09815', 'AT1G10930', 'AT1G20720', 'AT1G20750', 'AT1G50840', 'AT1G60930', 'AT1G64750', 'AT1G77320', 'AT1G78650', 'AT1G79050', 'AT1G80210', 'AT2G01440', 'AT2G06510', 'AT2G16390', 'AT2G19490', 'AT2G21450', 'AT2G21800', 'AT2G22140', 'AT2G24490', 'AT2G28560', 'AT2G31970', 'AT2G32000', 'AT2G42120', 'AT2G45280', 'AT3G02680', 'AT3G02920', 'AT3G06820', 'AT3G18580', 'AT3G19210', 'AT3G20540', 'AT3G24340', 'AT3G32920', 'AT3G42670', 'AT3G48190', 'AT3G52630', 'AT4G00020', 'AT4G02110', 'AT4G18590', 'AT4G19130', 'AT4G21070', 'AT4G30870', 'AT4G32960', 'AT4G35740', 'AT5G01630', 'AT5G08020', 'AT5G20420', 'AT5G20850', 'AT5G39770', 'AT5G42470', 'AT5G45010', 'AT5G45400', 'AT5G54260', 'AT5G57450', 'AT5G61000', 'AT5G63920', 'AT5G63960', 'AT5G64520']"
KEGG::path:ath03450,1,positive,KEGG,"['AT1G10520', 'AT1G16970', 'AT1G48050', 'AT2G31970', 'AT3G23100', 'AT5G26680', 'AT5G54260', 'AT5G57160']"
KEGG::path:ath03460,1,positive,KEGG,"['AT1G08390', 'AT1G10930', 'AT1G20720', 'AT1G20750', 'AT1G35530', 'AT1G48360', 'AT1G49980', 'AT1G60930', 'AT1G67500', 'AT1G78790', 'AT2G06510', 'AT2G21800', 'AT2G22140', 'AT2G24490', 'AT2G30350', 'AT2G32000', 'AT2G45280', 'AT3G02920', 'AT3G05090', 'AT3G05210', 'AT3G24515', 'AT3G48470', 'AT3G52630', 'AT4G00020', 'AT4G02460', 'AT4G09140', 'AT4G14970', 'AT4G18590', 'AT4G19130', 'AT4G30870', 'AT4G35740', 'AT5G01630', 'AT5G08020', 'AT5G20850', 'AT5G39770', 'AT5G40820', 'AT5G41150', 'AT5G43210', 'AT5G44740', 'AT5G44750', 'AT5G45400', 'AT5G49110', 'AT5G61000', 'AT5G63540', 'AT5G63920', 'AT5G65740']"
KEGG::path:ath04016,1,positive,KEGG,"['AT1G01360', 'AT1G01480', 'AT1G01560', 'AT1G04310', 'AT1G05100', 'AT1G07430', 'AT1G09000', 'AT1G09090', 'AT1G10210', 'AT1G10940', 'AT1G12280', 'AT1G17550', 'AT1G18150', 'AT1G19230', 'AT1G20620', 'AT1G20630', 'AT1G32640', 'AT1G34245', 'AT1G43700', 'AT1G50060', 'AT1G51660', 'AT1G54490', 'AT1G54960', 'AT1G59580', 'AT1G60940', 'AT1G63440', 'AT1G63700', 'AT1G64060', 'AT1G66340', 'AT1G66410', 'AT1G72770', 'AT1G73000', 'AT1G73500', 'AT1G73730', 'AT1G75830', 'AT1G78290', 'AT2G14580', 'AT2G14610', 'AT2G18170', 'AT2G19190', 'AT2G19990', 'AT2G20875', 'AT2G23030', 'AT2G25490', 'AT2G26010', 'AT2G26020', 'AT2G26040', 'AT2G26070', 'AT2G26330', 'AT2G27030', 'AT2G27050', 'AT2G29380', 'AT2G30250', 'AT2G32510', 'AT2G38310', 'AT2G38470', 'AT2G40330', 'AT2G40940', 'AT2G41090', 'AT2G41110', 'AT2G43790', 'AT2G46070', 'AT3G04580', 'AT3G06030', 'AT3G06110', 'AT3G11410', 'AT3G12500', 'AT3G18040', 'AT3G18690', 'AT3G19690', 'AT3G20770', 'AT3G21220', 'AT3G23150', 'AT3G23240', 'AT3G25250', 'AT3G26830', 'AT3G43810', 'AT3G45640', 'AT3G50500', 'AT3G51040', 'AT3G56800', 'AT3G59790', 'AT3G61510', 'AT4G01026', 'AT4G01250', 'AT4G01370', 'AT4G08480', 'AT4G08500', 'AT4G09320', 'AT4G11010', 'AT4G11230', 'AT4G11280', 'AT4G11330', 'AT4G13000', 'AT4G17870', 'AT4G18620', 'AT4G23550', 'AT4G23900', 'AT4G25090', 'AT4G26070', 'AT4G26080', 'AT4G27920', 'AT4G29810', 'AT4G33430', 'AT4G33520', 'AT4G33710', 'AT4G33720', 'AT4G33730', 'AT4G33950', 'AT4G35090', 'AT4G36450', 'AT4G40010', 'AT5G03280', 'AT5G03730', 'AT5G05440', 'AT5G07180', 'AT5G07390', 'AT5G08590', 'AT5G10120', 'AT5G21120', 'AT5G21274', 'AT5G21930', 'AT5G24770', 'AT5G25350', 'AT5G37780', 'AT5G40440', 'AT5G44420', 'AT5G44430', 'AT5G44790', 'AT5G45860', 'AT5G45870', 'AT5G46330', 'AT5G46790', 'AT5G47910', 'AT5G49480', 'AT5G51060', 'AT5G51760', 'AT5G53160', 'AT5G53210', 'AT5G57050', 'AT5G59220', 'AT5G62230', 'AT5G63310', 'AT5G63650', 'AT5G65100', 'AT5G66880']"
KEGG::path:ath04070,1,positive,KEGG,"['AT1G01460', 'AT1G10900', 'AT1G21980', 'AT1G22100', 'AT1G31190', 'AT1G34260', 'AT1G49340', 'AT1G51040', 'AT1G58643', 'AT1G58936', 'AT1G59312', 'AT1G60490', 'AT1G60890', 'AT1G62430', 'AT1G66410', 'AT1G68000', 'AT1G71010', 'AT1G77740', 'AT2G18730', 'AT2G20900', 'AT2G26420', 'AT2G27030', 'AT2G40116', 'AT2G41090', 'AT2G41110', 'AT2G41210', 'AT2G45150', 'AT3G01310', 'AT3G02870', 'AT3G07960', 'AT3G08510', 'AT3G09920', 'AT3G10550', 'AT3G14270', 'AT3G19420', 'AT3G43810', 'AT3G47220', 'AT3G47290', 'AT3G50110', 'AT3G51460', 'AT3G51830', 'AT3G55940', 'AT3G56800', 'AT3G56960', 'AT3G60620', 'AT4G01190', 'AT4G08170', 'AT4G22340', 'AT4G26770', 'AT4G28130', 'AT4G30340', 'AT4G33240', 'AT4G33770', 'AT4G38530', 'AT4G38570', 'AT4G39120', 'AT5G04540', 'AT5G07370', 'AT5G07920', 'AT5G09290', 'AT5G09350', 'AT5G15070', 'AT5G16760', 'AT5G21274', 'AT5G37780', 'AT5G39400', 'AT5G42810', 'AT5G49480', 'AT5G57690', 'AT5G58670', 'AT5G58690', 'AT5G58700', 'AT5G61760', 'AT5G63770', 'AT5G63980', 'AT5G63990', 'AT5G64000', 'AT5G64070', 'AT5G66020']"
KEGG::path:ath04075,1,positive,KEGG,"['AT1G01360', 'AT1G01740', 'AT1G03430', 'AT1G03445', 'AT1G03970', 'AT1G04100', 'AT1G04180', 'AT1G04240', 'AT1G04250', 'AT1G04310', 'AT1G04550', 'AT1G04610', 'AT1G06390', 'AT1G07430', 'AT1G08320', 'AT1G09530', 'AT1G10470', 'AT1G10940', 'AT1G12820', 'AT1G13590', 'AT1G14920', 'AT1G15050', 'AT1G15580', 'AT1G16510', 'AT1G17260', 'AT1G17380', 'AT1G17550', 'AT1G18890', 'AT1G19050', 'AT1G19180', 'AT1G19220', 'AT1G19350', 'AT1G19830', 'AT1G19840', 'AT1G19850', 'AT1G20470', 'AT1G21430', 'AT1G22070', 'AT1G23160', 'AT1G23320', 'AT1G24650', 'AT1G27320', 'AT1G28130', 'AT1G29420', 'AT1G29430', 'AT1G29440', 'AT1G29450', 'AT1G29460', 'AT1G29490', 'AT1G29500', 'AT1G29510', 'AT1G30330', 'AT1G32640', 'AT1G34170', 'AT1G34310', 'AT1G34390', 'AT1G34410', 'AT1G35240', 'AT1G35520', 'AT1G35540', 'AT1G35670', 'AT1G43950', 'AT1G45249', 'AT1G48470', 'AT1G48500', 'AT1G48660', 'AT1G48670', 'AT1G48910', 'AT1G49190', 'AT1G49580', 'AT1G49720', 'AT1G50060', 'AT1G50700', 'AT1G50990', 'AT1G51660', 'AT1G51950', 'AT1G52830', 'AT1G56150', 'AT1G59500', 'AT1G59750', 'AT1G59940', 'AT1G60940', 'AT1G61950', 'AT1G63500', 'AT1G64280', 'AT1G66150', 'AT1G66200', 'AT1G66340', 'AT1G66350', 'AT1G66410', 'AT1G67710', 'AT1G68210', 'AT1G68640', 'AT1G70560', 'AT1G70700', 'AT1G72450', 'AT1G72770', 'AT1G73000', 'AT1G73730', 'AT1G74740', 'AT1G74890', 'AT1G74950', 'AT1G75080', 'AT1G75580', 'AT1G75590', 'AT1G76040', 'AT1G76190', 'AT1G77690', 'AT1G77850', 'AT1G77920', 'AT1G78290', 'AT1G79130', 'AT1G80100', 'AT1G80390', 'AT1G80660', 'AT2G01200', 'AT2G01570', 'AT2G01760', 'AT2G01820', 'AT2G01830', 'AT2G02220', 'AT2G07560', 'AT2G14580', 'AT2G14610', 'AT2G14960', 'AT2G16580', 'AT2G17090', 'AT2G17290', 'AT2G17770', 'AT2G17890', 'AT2G18010', 'AT2G18960', 'AT2G19990', 'AT2G20180', 'AT2G21050', 'AT2G21200', 'AT2G21210', 'AT2G21220', 'AT2G22670', 'AT2G22860', 'AT2G23030', 'AT2G23170', 'AT2G24400', 'AT2G24520', 'AT2G25180', 'AT2G25490', 'AT2G26040', 'AT2G27030', 'AT2G27050', 'AT2G27070', 'AT2G28085', 'AT2G28350', 'AT2G28830', 'AT2G29380', 'AT2G30980', 'AT2G31500', 'AT2G33230', 'AT2G33310', 'AT2G33860', 'AT2G35890', 'AT2G36210', 'AT2G36270', 'AT2G37030', 'AT2G38120', 'AT2G38310', 'AT2G38910', 'AT2G39940', 'AT2G40330', 'AT2G40670', 'AT2G40940', 'AT2G41070', 'AT2G41090', 'AT2G41110', 'AT2G41140', 'AT2G41310', 'AT2G41370', 'AT2G41860', 'AT2G43010', 'AT2G43790', 'AT2G45210', 'AT2G46370', 'AT2G46530', 'AT2G46690', 'AT2G46700', 'AT2G46970', 'AT2G46990', 'AT2G47750', 'AT3G03450', 'AT3G03820', 'AT3G03830', 'AT3G03840', 'AT3G03850', 'AT3G04580', 'AT3G04730', 'AT3G05120', 'AT3G09870', 'AT3G10660', 'AT3G11410', 'AT3G12250', 'AT3G12830', 'AT3G15540', 'AT3G16360', 'AT3G16500', 'AT3G16857', 'AT3G17600', 'AT3G17820', 'AT3G17860', 'AT3G19100', 'AT3G19290', 'AT3G19690', 'AT3G20220', 'AT3G20410', 'AT3G20770', 'AT3G21220', 'AT3G21510', 'AT3G23030', 'AT3G23050', 'AT3G23150', 'AT3G23240', 'AT3G23750', 'AT3G26810', 'AT3G29350', 'AT3G42640', 'AT3G43120', 'AT3G43440', 'AT3G43810', 'AT3G44460', 'AT3G44735', 'AT3G45640', 'AT3G46510', 'AT3G47950', 'AT3G48100', 'AT3G49370', 'AT3G49780', 'AT3G50070', 'AT3G50500', 'AT3G50530', 'AT3G50750', 'AT3G51200', 'AT3G51850', 'AT3G53250', 'AT3G54850', 'AT3G56380', 'AT3G56760', 'AT3G56800', 'AT3G56850', 'AT3G57040', 'AT3G57130', 'AT3G57530', 'AT3G59060', 'AT3G59790', 'AT3G60330', 'AT3G60690', 'AT3G61830', 'AT3G61900', 'AT3G62090', 'AT3G62100', 'AT3G62670', 'AT3G62980', 'AT3G63010', 'AT4G00050', 'AT4G00710', 'AT4G00880', 'AT4G01026', 'AT4G02980', 'AT4G03190', 'AT4G03400', 'AT4G04402', 'AT4G04695', 'AT4G04700', 'AT4G04710', 'AT4G04720', 'AT4G04740', 'AT4G09530', 'AT4G09570', 'AT4G11730', 'AT4G12410', 'AT4G13260', 'AT4G13790', 'AT4G14550', 'AT4G14560', 'AT4G16110', 'AT4G17870', 'AT4G18620', 'AT4G18710', 'AT4G19660', 'AT4G21940', 'AT4G22620', 'AT4G23650', 'AT4G23980', 'AT4G24210', 'AT4G24670', 'AT4G26080', 'AT4G26120', 'AT4G26150', 'AT4G27260', 'AT4G27920', 'AT4G28640', 'AT4G28720', 'AT4G28790', 'AT4G28800', 'AT4G28811', 'AT4G29080', 'AT4G30080', 'AT4G30190', 'AT4G30360', 'AT4G31320', 'AT4G31920', 'AT4G32280', 'AT4G32540', 'AT4G33430', 'AT4G33710', 'AT4G33720', 'AT4G33730', 'AT4G33950', 'AT4G34000', 'AT4G34160', 'AT4G34750', 'AT4G34760', 'AT4G34770', 'AT4G34780', 'AT4G34790', 'AT4G34800', 'AT4G34810', 'AT4G35230', 'AT4G35310', 'AT4G35900', 'AT4G36070', 'AT4G36110', 'AT4G36780', 'AT4G36930', 'AT4G37390', 'AT4G37720', 'AT4G38230', 'AT4G38825', 'AT4G38840', 'AT4G38850', 'AT4G38860', 'AT4G39400', 'AT4G40010', 'AT5G01240', 'AT5G03280', 'AT5G03730', 'AT5G04870', 'AT5G05440', 'AT5G06839', 'AT5G06950', 'AT5G06960', 'AT5G07210', 'AT5G08590', 'AT5G10030', 'AT5G10120', 'AT5G10990', 'AT5G11320', 'AT5G12180', 'AT5G12480', 'AT5G13220', 'AT5G13320', 'AT5G13350', 'AT5G13360', 'AT5G13370', 'AT5G13380', 'AT5G16570', 'AT5G17490', 'AT5G18010', 'AT5G18020', 'AT5G18030', 'AT5G18050', 'AT5G18060', 'AT5G18080', 'AT5G19360', 'AT5G19450', 'AT5G20730', 'AT5G20810', 'AT5G20900', 'AT5G21120', 'AT5G21274', 'AT5G23580', 'AT5G24430', 'AT5G25350', 'AT5G25620', 'AT5G25890', 'AT5G27320', 'AT5G27780', 'AT5G35630', 'AT5G35750', 'AT5G37020', 'AT5G37600', 'AT5G37780', 'AT5G39340', 'AT5G41260', 'AT5G42340', 'AT5G42750', 'AT5G42910', 'AT5G43700', 'AT5G43890', 'AT5G44080', 'AT5G45110', 'AT5G45860', 'AT5G45870', 'AT5G46570', 'AT5G46790', 'AT5G47220', 'AT5G49240', 'AT5G49480', 'AT5G50760', 'AT5G51470', 'AT5G51760', 'AT5G53160', 'AT5G53590', 'AT5G53890', 'AT5G54510', 'AT5G56860', 'AT5G57050', 'AT5G57350', 'AT5G57560', 'AT5G58080', 'AT5G59220', 'AT5G60450', 'AT5G61270', 'AT5G62000', 'AT5G62670', 'AT5G62920', 'AT5G63650', 'AT5G65100', 'AT5G65210', 'AT5G65670', 'AT5G65870', 'AT5G66210', 'AT5G66260', 'AT5G66880', 'AT5G67110', 'AT5G67260']"
KEGG::path:ath04081,1,positive,KEGG,"['AT2G24150', 'AT2G38460', 'AT4G30850', 'AT4G34460', 'AT4G37680', 'AT4G38320', 'AT5G03570', 'AT5G20270']"
KEGG::path:ath04082,1,positive,KEGG,"['AT2G39130', 'AT2G41190', 'AT3G09330', 'AT3G09340', 'AT3G28960', 'AT3G54830', 'AT4G34460', 'AT5G02170', 'AT5G02180']"
KEGG::path:ath04120,1,positive,KEGG,"['AT1G02980', 'AT1G04510', 'AT1G06590', 'AT1G08910', 'AT1G10230', 'AT1G14400', 'AT1G16890', 'AT1G17280', 'AT1G19750', 'AT1G20140', 'AT1G21410', 'AT1G23410', 'AT1G26830', 'AT1G27840', 'AT1G36340', 'AT1G43140', 'AT1G45050', 'AT1G50490', 'AT1G53023', 'AT1G53025', 'AT1G53930', 'AT1G55060', 'AT1G55860', 'AT1G59790', 'AT1G59800', 'AT1G63800', 'AT1G64230', 'AT1G65040', 'AT1G65350', 'AT1G66620', 'AT1G66630', 'AT1G66650', 'AT1G66660', 'AT1G69670', 'AT1G70320', 'AT1G73177', 'AT1G75440', 'AT1G75950', 'AT1G77000', 'AT1G78770', 'AT1G78870', 'AT2G02760', 'AT2G03160', 'AT2G03170', 'AT2G03190', 'AT2G04660', 'AT2G16740', 'AT2G16920', 'AT2G18290', 'AT2G18600', 'AT2G20000', 'AT2G20160', 'AT2G21470', 'AT2G25700', 'AT2G30110', 'AT2G32790', 'AT2G32950', 'AT2G33340', 'AT2G33770', 'AT2G36170', 'AT2G39090', 'AT2G41980', 'AT2G46030', 'AT2G47110', 'AT3G05870', 'AT3G07370', 'AT3G08690', 'AT3G08700', 'AT3G09790', 'AT3G13550', 'AT3G13672', 'AT3G15355', 'AT3G16090', 'AT3G16320', 'AT3G17000', 'AT3G17205', 'AT3G20060', 'AT3G21830', 'AT3G21840', 'AT3G21850', 'AT3G21860', 'AT3G25650', 'AT3G42830', 'AT3G46460', 'AT3G46910', 'AT3G48150', 'AT3G52590', 'AT3G53060', 'AT3G53090', 'AT3G55380', 'AT3G57870', 'AT3G58040', 'AT3G60010', 'AT3G60020', 'AT3G61790', 'AT3G62250', 'AT3G62970', 'AT4G02570', 'AT4G02890', 'AT4G05050', 'AT4G05320', 'AT4G05420', 'AT4G10180', 'AT4G11920', 'AT4G12100', 'AT4G21100', 'AT4G21530', 'AT4G22910', 'AT4G24940', 'AT4G27880', 'AT4G27960', 'AT4G33260', 'AT4G33270', 'AT4G34210', 'AT4G34470', 'AT4G36410', 'AT4G36800', 'AT4G38600', 'AT5G02880', 'AT5G03240', 'AT5G05080', 'AT5G05560', 'AT5G06460', 'AT5G13840', 'AT5G15400', 'AT5G18650', 'AT5G19180', 'AT5G20570', 'AT5G20620', 'AT5G22920', 'AT5G23730', 'AT5G25560', 'AT5G26900', 'AT5G27080', 'AT5G27570', 'AT5G27945', 'AT5G37640', 'AT5G37870', 'AT5G37890', 'AT5G37900', 'AT5G37910', 'AT5G37930', 'AT5G41340', 'AT5G41580', 'AT5G41700', 'AT5G42190', 'AT5G42990', 'AT5G46210', 'AT5G50430', 'AT5G50580', 'AT5G50680', 'AT5G50870', 'AT5G52250', 'AT5G53300', 'AT5G53360', 'AT5G56150', 'AT5G58760', 'AT5G59140', 'AT5G59300', 'AT5G62540', 'AT5G62800', 'AT5G65740', 'AT5G67530']"
KEGG::path:ath04122,1,positive,KEGG,"['AT1G01290', 'AT1G16460', 'AT1G76170', 'AT1G79230', 'AT2G31955', 'AT2G43760', 'AT2G44270', 'AT2G45695', 'AT3G61113', 'AT4G10100', 'AT4G35910', 'AT5G55130', 'AT5G65720']"
KEGG::path:ath04130,1,positive,KEGG,"['AT1G04750', 'AT1G04760', 'AT1G08560', 'AT1G11250', 'AT1G11890', 'AT1G15880', 'AT1G16225', 'AT1G16230', 'AT1G16240', 'AT1G26670', 'AT1G28490', 'AT1G29060', 'AT1G51740', 'AT1G54110', 'AT1G61290', 'AT1G79590', 'AT2G18260', 'AT2G25340', 'AT2G32670', 'AT2G33110', 'AT2G33120', 'AT2G36900', 'AT2G45200', 'AT3G03800', 'AT3G05710', 'AT3G09740', 'AT3G11820', 'AT3G24315', 'AT3G24350', 'AT3G24890', 'AT3G29100', 'AT3G45280', 'AT3G52400', 'AT3G54300', 'AT3G55600', 'AT3G58170', 'AT3G61450', 'AT4G02195', 'AT4G03330', 'AT4G14455', 'AT4G14600', 'AT4G15780', 'AT4G32150', 'AT5G05760', 'AT5G07880', 'AT5G08080', 'AT5G11150', 'AT5G22360', 'AT5G26980', 'AT5G39510', 'AT5G39630', 'AT5G50440', 'AT5G52270', 'AT5G58060', 'AT5G58180']"
KEGG::path:ath04136,1,positive,KEGG,"['AT1G10430', 'AT1G50030', 'AT1G54210', 'AT1G59830', 'AT1G60490', 'AT1G62040', 'AT1G69960', 'AT2G05630', 'AT2G22040', 'AT2G31260', 'AT2G37840', 'AT2G42500', 'AT2G44140', 'AT2G45170', 'AT3G06420', 'AT3G07525', 'AT3G08850', 'AT3G13970', 'AT3G15580', 'AT3G18140', 'AT3G18770', 'AT3G19190', 'AT3G49590', 'AT3G53930', 'AT3G58500', 'AT3G59950', 'AT3G60640', 'AT3G61710', 'AT4G04620', 'AT4G16520', 'AT4G21980', 'AT4G29380', 'AT4G30510', 'AT4G30790', 'AT5G01770', 'AT5G17290', 'AT5G45900', 'AT5G50230', 'AT5G53000', 'AT5G61500', 'AT5G66930']"
KEGG::path:ath04141,1,positive,KEGG,"['AT1G02620', 'AT1G02980', 'AT1G04850', 'AT1G04980', 'AT1G05520', 'AT1G07400', 'AT1G08450', 'AT1G09080', 'AT1G09180', 'AT1G09210', 'AT1G10230', 'AT1G11560', 'AT1G11905', 'AT1G16030', 'AT1G16190', 'AT1G17280', 'AT1G18260', 'AT1G18830', 'AT1G19310', 'AT1G20140', 'AT1G21750', 'AT1G24320', 'AT1G27520', 'AT1G29310', 'AT1G30000', 'AT1G32210', 'AT1G34130', 'AT1G35620', 'AT1G36340', 'AT1G43140', 'AT1G50670', 'AT1G51590', 'AT1G52260', 'AT1G52560', 'AT1G53540', 'AT1G54050', 'AT1G56330', 'AT1G56340', 'AT1G56410', 'AT1G59790', 'AT1G59800', 'AT1G59860', 'AT1G61790', 'AT1G64230', 'AT1G65040', 'AT1G67490', 'AT1G71220', 'AT1G72280', 'AT1G73570', 'AT1G75950', 'AT1G76400', 'AT1G77350', 'AT1G77510', 'AT1G78720', 'AT1G79650', 'AT1G79940', 'AT2G01470', 'AT2G01650', 'AT2G01720', 'AT2G03160', 'AT2G03170', 'AT2G03190', 'AT2G04030', 'AT2G16595', 'AT2G16740', 'AT2G17190', 'AT2G17200', 'AT2G17520', 'AT2G18710', 'AT2G20160', 'AT2G21160', 'AT2G21270', 'AT2G21630', 'AT2G23780', 'AT2G25700', 'AT2G29070', 'AT2G29500', 'AT2G30050', 'AT2G32920', 'AT2G34250', 'AT2G35520', 'AT2G38960', 'AT2G40290', 'AT2G43210', 'AT2G45070', 'AT2G47470', 'AT2G47970', 'AT3G01340', 'AT3G02540', 'AT3G07100', 'AT3G07190', 'AT3G07370', 'AT3G07770', 'AT3G08690', 'AT3G08700', 'AT3G09350', 'AT3G09440', 'AT3G09455', 'AT3G09840', 'AT3G12580', 'AT3G12587', 'AT3G16090', 'AT3G16110', 'AT3G17000', 'AT3G18860', 'AT3G20450', 'AT3G20920', 'AT3G21160', 'AT3G21660', 'AT3G21830', 'AT3G21840', 'AT3G21850', 'AT3G21860', 'AT3G23660', 'AT3G25650', 'AT3G42830', 'AT3G44110', 'AT3G44340', 'AT3G46230', 'AT3G46460', 'AT3G48570', 'AT3G51980', 'AT3G52190', 'AT3G53060', 'AT3G53230', 'AT3G53800', 'AT3G54130', 'AT3G54960', 'AT3G55380', 'AT3G57340', 'AT3G58030', 'AT3G60010', 'AT3G60020', 'AT3G60540', 'AT3G62560', 'AT3G62600', 'AT3G63000', 'AT3G63460', 'AT4G02080', 'AT4G02570', 'AT4G03510', 'AT4G04210', 'AT4G04860', 'AT4G10250', 'AT4G14160', 'AT4G15410', 'AT4G16660', 'AT4G20310', 'AT4G21150', 'AT4G21180', 'AT4G21810', 'AT4G21870', 'AT4G22150', 'AT4G24190', 'AT4G24280', 'AT4G24920', 'AT4G25200', 'AT4G25230', 'AT4G27470', 'AT4G27670', 'AT4G28270', 'AT4G29330', 'AT4G29735', 'AT4G29870', 'AT4G32640', 'AT4G32670', 'AT4G34100', 'AT4G34210', 'AT4G34470', 'AT4G38930', 'AT5G02150', 'AT5G02490', 'AT5G02500', 'AT5G02502', 'AT5G03160', 'AT5G03340', 'AT5G05470', 'AT5G05750', 'AT5G07340', 'AT5G12020', 'AT5G12030', 'AT5G14030', 'AT5G15400', 'AT5G16090', 'AT5G19660', 'AT5G19690', 'AT5G20570', 'AT5G20970', 'AT5G22060', 'AT5G28540', 'AT5G35080', 'AT5G37670', 'AT5G38470', 'AT5G41700', 'AT5G42020', 'AT5G42190', 'AT5G42570', 'AT5G43670', 'AT5G43710', 'AT5G48660', 'AT5G49060', 'AT5G49570', 'AT5G49910', 'AT5G50430', 'AT5G50460', 'AT5G50550', 'AT5G50650', 'AT5G51440', 'AT5G51450', 'AT5G52640', 'AT5G53300', 'AT5G56000', 'AT5G56010', 'AT5G56030', 'AT5G56150', 'AT5G56360', 'AT5G59300', 'AT5G59720', 'AT5G60460', 'AT5G60640', 'AT5G61790', 'AT5G63840', 'AT5G66680']"
KEGG::path:ath04142,1,positive,KEGG,"['AT1G02300', 'AT1G02305', 'AT1G02630', 'AT1G04750', 'AT1G04760', 'AT1G05590', 'AT1G08190', 'AT1G10730', 'AT1G12470', 'AT1G12840', 'AT1G13170', 'AT1G14700', 'AT1G15960', 'AT1G17340', 'AT1G19910', 'AT1G20260', 'AT1G22620', 'AT1G22740', 'AT1G23900', 'AT1G25230', 'AT1G31730', 'AT1G34260', 'AT1G42470', 'AT1G47240', 'AT1G47830', 'AT1G48090', 'AT1G48760', 'AT1G49300', 'AT1G50030', 'AT1G52280', 'AT1G56590', 'AT1G60070', 'AT1G60780', 'AT1G61630', 'AT1G62200', 'AT1G62710', 'AT1G64200', 'AT1G65590', 'AT1G67830', 'AT1G69100', 'AT1G70330', 'AT1G71010', 'AT1G72990', 'AT1G75630', 'AT1G75850', 'AT1G76030', 'AT1G78900', 'AT1G79190', 'AT1G80830', 'AT2G01880', 'AT2G01890', 'AT2G02020', 'AT2G02040', 'AT2G05170', 'AT2G15230', 'AT2G16510', 'AT2G17380', 'AT2G17790', 'AT2G19790', 'AT2G20790', 'AT2G21410', 'AT2G21430', 'AT2G21880', 'AT2G22040', 'AT2G23150', 'AT2G25340', 'AT2G25610', 'AT2G25730', 'AT2G25940', 'AT2G28100', 'AT2G28520', 'AT2G30330', 'AT2G31020', 'AT2G31030', 'AT2G32670', 'AT2G33110', 'AT2G33120', 'AT2G38020', 'AT2G42005', 'AT2G46560', 'AT3G01390', 'AT3G08530', 'AT3G08560', 'AT3G08850', 'AT3G09300', 'AT3G09990', 'AT3G11130', 'AT3G11900', 'AT3G14205', 'AT3G14270', 'AT3G15160', 'AT3G16100', 'AT3G17790', 'AT3G18140', 'AT3G18820', 'AT3G19870', 'AT3G20210', 'AT3G24890', 'AT3G27170', 'AT3G28710', 'AT3G28715', 'AT3G29130', 'AT3G42050', 'AT3G43220', 'AT3G45310', 'AT3G47810', 'AT3G48470', 'AT3G49860', 'AT3G49870', 'AT3G50860', 'AT3G51310', 'AT3G51730', 'AT3G54140', 'AT3G54300', 'AT3G54860', 'AT3G54940', 'AT3G55260', 'AT3G55480', 'AT3G58730', 'AT3G60340', 'AT4G01610', 'AT4G02620', 'AT4G05110', 'AT4G05120', 'AT4G05130', 'AT4G05140', 'AT4G08180', 'AT4G09720', 'AT4G11150', 'AT4G11270', 'AT4G11380', 'AT4G12460', 'AT4G15780', 'AT4G16190', 'AT4G17140', 'AT4G17470', 'AT4G17480', 'AT4G17483', 'AT4G18790', 'AT4G22050', 'AT4G22540', 'AT4G23460', 'AT4G23710', 'AT4G24550', 'AT4G25950', 'AT4G26710', 'AT4G27690', 'AT4G32150', 'AT4G32530', 'AT4G32940', 'AT4G33240', 'AT4G34720', 'AT4G35410', 'AT4G36630', 'AT4G38250', 'AT4G38350', 'AT4G38510', 'AT4G38920', 'AT4G39080', 'AT4G39090', 'AT4G39420', 'AT5G01180', 'AT5G01770', 'AT5G01800', 'AT5G02100', 'AT5G06260', 'AT5G07880', 'AT5G11150', 'AT5G13190', 'AT5G13690', 'AT5G20840', 'AT5G22360', 'AT5G22770', 'AT5G22780', 'AT5G26240', 'AT5G33280', 'AT5G37680', 'AT5G40670', 'AT5G40890', 'AT5G46630', 'AT5G47330', 'AT5G47340', 'AT5G47350', 'AT5G49550', 'AT5G49890', 'AT5G53530', 'AT5G55290', 'AT5G59420', 'AT5G60360', 'AT5G61540', 'AT5G65990', 'AT5G67330', 'AT5G67560']"
KEGG::path:ath04144,1,positive,KEGG,"['AT1G01460', 'AT1G01960', 'AT1G02430', 'AT1G03950', 'AT1G06400', 'AT1G07410', 'AT1G08270', 'AT1G09630', 'AT1G10290', 'AT1G10600', 'AT1G10630', 'AT1G10870', 'AT1G10900', 'AT1G13180', 'AT1G13980', 'AT1G15130', 'AT1G16030', 'AT1G17730', 'AT1G21980', 'AT1G22740', 'AT1G23490', 'AT1G28550', 'AT1G30825', 'AT1G47830', 'AT1G48790', 'AT1G49300', 'AT1G52280', 'AT1G52570', 'AT1G55180', 'AT1G56410', 'AT1G59610', 'AT1G60430', 'AT1G60860', 'AT1G60890', 'AT1G70490', 'AT1G71790', 'AT1G73030', 'AT1G75850', 'AT1G77140', 'AT1G77740', 'AT2G06530', 'AT2G15310', 'AT2G17790', 'AT2G17840', 'AT2G19830', 'AT2G21880', 'AT2G26420', 'AT2G27600', 'AT2G30910', 'AT2G31300', 'AT2G33385', 'AT2G35210', 'AT2G36680', 'AT2G37550', 'AT2G38830', 'AT2G41210', 'AT2G42010', 'AT2G43160', 'AT2G47170', 'AT3G03120', 'AT3G05520', 'AT3G05630', 'AT3G07940', 'AT3G07960', 'AT3G08530', 'AT3G09440', 'AT3G09900', 'AT3G09920', 'AT3G10640', 'AT3G11130', 'AT3G12400', 'AT3G12580', 'AT3G15060', 'AT3G15730', 'AT3G16100', 'AT3G16785', 'AT3G17660', 'AT3G18820', 'AT3G20290', 'AT3G27000', 'AT3G45000', 'AT3G46060', 'AT3G46540', 'AT3G46830', 'AT3G47810', 'AT3G51250', 'AT3G51310', 'AT3G53120', 'AT3G53610', 'AT3G53710', 'AT3G54840', 'AT3G56960', 'AT3G59290', 'AT3G60860', 'AT3G62080', 'AT3G62290', 'AT4G00240', 'AT4G01190', 'AT4G01710', 'AT4G05000', 'AT4G05330', 'AT4G05520', 'AT4G09720', 'AT4G11830', 'AT4G11840', 'AT4G11850', 'AT4G12230', 'AT4G14147', 'AT4G16144', 'AT4G17890', 'AT4G18800', 'AT4G19003', 'AT4G19640', 'AT4G21160', 'AT4G21560', 'AT4G24280', 'AT4G26750', 'AT4G27040', 'AT4G27690', 'AT4G29160', 'AT4G35380', 'AT4G35790', 'AT4G35985', 'AT4G38200', 'AT5G02490', 'AT5G02500', 'AT5G03520', 'AT5G04850', 'AT5G04920', 'AT5G06140', 'AT5G09260', 'AT5G11710', 'AT5G13300', 'AT5G13860', 'AT5G14670', 'AT5G17060', 'AT5G19610', 'AT5G22770', 'AT5G22780', 'AT5G22950', 'AT5G25370', 'AT5G39500', 'AT5G44560', 'AT5G45130', 'AT5G45750', 'AT5G46630', 'AT5G46750', 'AT5G49910', 'AT5G53530', 'AT5G54310', 'AT5G59150', 'AT5G59840', 'AT5G60860', 'AT5G61980', 'AT5G63880', 'AT5G65274']"
KEGG::path:ath04145,1,positive,KEGG,"['AT1G04820', 'AT1G08450', 'AT1G09210', 'AT1G11890', 'AT1G12840', 'AT1G19910', 'AT1G20010', 'AT1G20090', 'AT1G20260', 'AT1G22740', 'AT1G29310', 'AT1G34260', 'AT1G49300', 'AT1G50010', 'AT1G51740', 'AT1G52280', 'AT1G56340', 'AT1G60490', 'AT1G64200', 'AT1G64740', 'AT1G71010', 'AT1G75630', 'AT1G75780', 'AT1G75840', 'AT1G76030', 'AT1G78720', 'AT1G78900', 'AT2G16510', 'AT2G17800', 'AT2G18710', 'AT2G21410', 'AT2G21880', 'AT2G25610', 'AT2G28520', 'AT2G29550', 'AT2G34250', 'AT2G44690', 'AT2G45070', 'AT3G01390', 'AT3G08560', 'AT3G14270', 'AT3G16100', 'AT3G18820', 'AT3G28710', 'AT3G28715', 'AT3G42050', 'AT3G48040', 'AT3G48570', 'AT3G51300', 'AT3G54840', 'AT3G58730', 'AT3G60540', 'AT4G02620', 'AT4G09720', 'AT4G11150', 'AT4G14960', 'AT4G19640', 'AT4G20890', 'AT4G23710', 'AT4G24920', 'AT4G25950', 'AT4G26710', 'AT4G28950', 'AT4G32530', 'AT4G33240', 'AT4G34720', 'AT4G35020', 'AT4G35950', 'AT4G38510', 'AT4G38920', 'AT4G39080', 'AT5G07340', 'AT5G12250', 'AT5G19770', 'AT5G19780', 'AT5G23860', 'AT5G44340', 'AT5G45130', 'AT5G45970', 'AT5G50460', 'AT5G52270', 'AT5G55290', 'AT5G60460', 'AT5G61790', 'AT5G62690', 'AT5G62700', 'AT5G62880']"
KEGG::path:ath04146,1,positive,KEGG,"['AT1G03000', 'AT1G04710', 'AT1G06290', 'AT1G06310', 'AT1G08830', 'AT1G20620', 'AT1G20630', 'AT1G29260', 'AT1G48635', 'AT1G49430', 'AT1G52870', 'AT1G54340', 'AT1G64400', 'AT1G65930', 'AT1G77590', 'AT1G79810', 'AT2G01490', 'AT2G04350', 'AT2G07640', 'AT2G13360', 'AT2G14860', 'AT2G24580', 'AT2G26350', 'AT2G26800', 'AT2G28190', 'AT2G33150', 'AT2G35690', 'AT2G39970', 'AT2G42770', 'AT2G45690', 'AT2G47240', 'AT3G03490', 'AT3G04460', 'AT3G05290', 'AT3G05970', 'AT3G06690', 'AT3G07560', 'AT3G10920', 'AT3G11980', 'AT3G12800', 'AT3G14130', 'AT3G14150', 'AT3G14415', 'AT3G14420', 'AT3G18160', 'AT3G23790', 'AT3G24570', 'AT3G44540', 'AT3G44550', 'AT3G44560', 'AT3G51840', 'AT3G56350', 'AT3G56700', 'AT4G03410', 'AT4G04320', 'AT4G04470', 'AT4G05530', 'AT4G11030', 'AT4G14070', 'AT4G14305', 'AT4G16760', 'AT4G18360', 'AT4G23850', 'AT4G25100', 'AT4G33790', 'AT4G33905', 'AT4G34890', 'AT4G34900', 'AT4G35090', 'AT4G39850', 'AT5G08470', 'AT5G14590', 'AT5G17380', 'AT5G17550', 'AT5G18100', 'AT5G19750', 'AT5G20070', 'AT5G22420', 'AT5G22500', 'AT5G23310', 'AT5G27450', 'AT5G27520', 'AT5G27600', 'AT5G43140', 'AT5G43280', 'AT5G48880', 'AT5G51100', 'AT5G56290', 'AT5G62810', 'AT5G65110']"
KEGG::path:ath04148,1,positive,KEGG,"['AT1G07880', 'AT1G08190', 'AT1G08450', 'AT1G09210', 'AT1G10130', 'AT1G12470', 'AT1G16360', 'AT1G20090', 'AT1G22740', 'AT1G22860', 'AT1G49300', 'AT1G52280', 'AT1G54320', 'AT1G56340', 'AT1G59820', 'AT1G75840', 'AT1G79450', 'AT2G04550', 'AT2G05170', 'AT2G15230', 'AT2G17800', 'AT2G21880', 'AT2G38020', 'AT2G44690', 'AT3G12740', 'AT3G16100', 'AT3G18820', 'AT3G48040', 'AT3G51300', 'AT3G54840', 'AT3G54860', 'AT4G00800', 'AT4G08870', 'AT4G08900', 'AT4G09720', 'AT4G19640', 'AT4G20100', 'AT4G21534', 'AT4G21540', 'AT4G28950', 'AT4G35020', 'AT4G35950', 'AT4G36630', 'AT4G36850', 'AT5G04930', 'AT5G13430', 'AT5G13440', 'AT5G27650', 'AT5G45130', 'AT5G45970', 'AT5G46150', 'AT5G56580', 'AT5G62880']"
KEGG::path:ath04382,1,positive,KEGG,"['AT1G03960', 'AT1G10430', 'AT1G13320', 'AT1G13460', 'AT1G17720', 'AT1G25490', 'AT1G33700', 'AT1G51690', 'AT1G54450', 'AT1G59830', 'AT1G69960', 'AT2G42500', 'AT3G06060', 'AT3G09880', 'AT3G21650', 'AT3G24180', 'AT3G25800', 'AT3G26020', 'AT3G26030', 'AT3G48780', 'AT3G48790', 'AT3G54930', 'AT3G58500', 'AT4G10060', 'AT4G15415', 'AT4G36480', 'AT5G03470', 'AT5G18580', 'AT5G19200', 'AT5G23670', 'AT5G25510', 'AT5G28850', 'AT5G28900', 'AT5G44090', 'AT5G49900']"
KEGG::path:ath04517,1,positive,KEGG,"['AT1G04820', 'AT1G07880', 'AT1G09840', 'AT1G13180', 'AT1G20010', 'AT1G20090', 'AT1G23220', 'AT1G30825', 'AT1G50010', 'AT1G52245', 'AT1G57870', 'AT1G60430', 'AT1G64740', 'AT1G75780', 'AT1G75840', 'AT2G17800', 'AT2G18876', 'AT2G29550', 'AT2G30910', 'AT2G31300', 'AT2G33385', 'AT2G44690', 'AT3G10540', 'AT3G16120', 'AT3G27000', 'AT3G48040', 'AT3G51300', 'AT4G01710', 'AT4G14147', 'AT4G14960', 'AT4G15930', 'AT4G20890', 'AT4G27360', 'AT4G28950', 'AT4G35020', 'AT4G35950', 'AT5G04510', 'AT5G12250', 'AT5G19770', 'AT5G19780', 'AT5G20110', 'AT5G23860', 'AT5G44340', 'AT5G45970', 'AT5G56580', 'AT5G57410', 'AT5G62690', 'AT5G62700', 'AT5G62880', 'AT5G65274']"
KEGG::path:ath04518,1,positive,KEGG,"['AT1G09840', 'AT1G20090', 'AT1G50030', 'AT1G57870', 'AT1G75840', 'AT2G17800', 'AT2G44690', 'AT3G48040', 'AT3G51300', 'AT4G28950', 'AT4G35020', 'AT4G35950', 'AT5G45970', 'AT5G62880']"
KEGG::path:ath04519,1,positive,KEGG,"['AT1G07880', 'AT1G08700', 'AT1G09840', 'AT1G13180', 'AT1G16710', 'AT1G20090', 'AT1G22300', 'AT1G26480', 'AT1G30825', 'AT1G34760', 'AT1G35160', 'AT1G55970', 'AT1G57870', 'AT1G60430', 'AT1G64040', 'AT1G67220', 'AT1G75840', 'AT1G78220', 'AT1G78300', 'AT1G79000', 'AT2G17800', 'AT2G22640', 'AT2G29400', 'AT2G29900', 'AT2G30910', 'AT2G31300', 'AT2G31440', 'AT2G33385', 'AT2G35110', 'AT2G39840', 'AT2G42590', 'AT2G44690', 'AT3G02520', 'AT3G05580', 'AT3G12980', 'AT3G27000', 'AT3G46820', 'AT3G48040', 'AT3G51300', 'AT3G52640', 'AT4G01710', 'AT4G09000', 'AT4G11240', 'AT4G14147', 'AT4G19045', 'AT4G19050', 'AT4G28950', 'AT4G35020', 'AT4G35950', 'AT5G09310', 'AT5G10450', 'AT5G16050', 'AT5G18410', 'AT5G20430', 'AT5G20440', 'AT5G27840', 'AT5G38480', 'AT5G43380', 'AT5G45550', 'AT5G45970', 'AT5G56580', 'AT5G59160', 'AT5G62880', 'AT5G65274', 'AT5G65430']"
KEGG::path:ath04620,1,positive,KEGG,"['AT1G04970', 'AT1G07880', 'AT1G20090', 'AT1G75840', 'AT2G17800', 'AT2G44690', 'AT3G20270', 'AT3G48040', 'AT3G51300', 'AT4G28950', 'AT4G35020', 'AT4G35950', 'AT5G45970', 'AT5G56580', 'AT5G62880']"
KEGG::path:ath04626,1,positive,KEGG,"['AT1G01120', 'AT1G01340', 'AT1G01560', 'AT1G04220', 'AT1G05990', 'AT1G06700', 'AT1G07720', 'AT1G09090', 'AT1G12220', 'AT1G12310', 'AT1G15990', 'AT1G18210', 'AT1G18530', 'AT1G18890', 'AT1G19230', 'AT1G19440', 'AT1G19780', 'AT1G21550', 'AT1G24620', 'AT1G25450', 'AT1G32250', 'AT1G35670', 'AT1G48210', 'AT1G49580', 'AT1G50060', 'AT1G50700', 'AT1G51660', 'AT1G61950', 'AT1G62820', 'AT1G64060', 'AT1G66400', 'AT1G66410', 'AT1G68530', 'AT1G71160', 'AT1G73630', 'AT1G74740', 'AT1G76040', 'AT1G76640', 'AT1G76650', 'AT1G80460', 'AT2G04030', 'AT2G04880', 'AT2G13790', 'AT2G14580', 'AT2G14610', 'AT2G15090', 'AT2G15680', 'AT2G16280', 'AT2G17290', 'AT2G17890', 'AT2G19190', 'AT2G19990', 'AT2G21430', 'AT2G23980', 'AT2G24610', 'AT2G26250', 'AT2G26640', 'AT2G27030', 'AT2G27480', 'AT2G28260', 'AT2G28630', 'AT2G30250', 'AT2G30730', 'AT2G30740', 'AT2G31500', 'AT2G34930', 'AT2G35890', 'AT2G36180', 'AT2G38470', 'AT2G38910', 'AT2G41090', 'AT2G41100', 'AT2G41110', 'AT2G41140', 'AT2G41410', 'AT2G41860', 'AT2G43230', 'AT2G43290', 'AT2G43790', 'AT2G46070', 'AT2G46430', 'AT2G46440', 'AT2G46450', 'AT2G46700', 'AT2G46720', 'AT2G47060', 'AT3G01830', 'AT3G03000', 'AT3G03400', 'AT3G03410', 'AT3G03430', 'AT3G07040', 'AT3G07490', 'AT3G07770', 'AT3G10190', 'AT3G10280', 'AT3G10300', 'AT3G10660', 'AT3G17410', 'AT3G17690', 'AT3G17700', 'AT3G19100', 'AT3G19690', 'AT3G20410', 'AT3G21220', 'AT3G21630', 'AT3G22930', 'AT3G24110', 'AT3G25070', 'AT3G25600', 'AT3G28910', 'AT3G43810', 'AT3G45640', 'AT3G47450', 'AT3G47480', 'AT3G48010', 'AT3G48080', 'AT3G48090', 'AT3G49370', 'AT3G50360', 'AT3G50530', 'AT3G50770', 'AT3G51850', 'AT3G51920', 'AT3G52160', 'AT3G54940', 'AT3G56760', 'AT3G56800', 'AT3G57530', 'AT3G59350', 'AT3G59440', 'AT3G59790', 'AT3G62220', 'AT4G01010', 'AT4G01250', 'AT4G01370', 'AT4G02930', 'AT4G03290', 'AT4G04695', 'AT4G04700', 'AT4G04710', 'AT4G04720', 'AT4G04740', 'AT4G08500', 'AT4G09570', 'AT4G11230', 'AT4G11260', 'AT4G11330', 'AT4G12860', 'AT4G14440', 'AT4G14640', 'AT4G16190', 'AT4G20360', 'AT4G20780', 'AT4G21940', 'AT4G23550', 'AT4G23570', 'AT4G23650', 'AT4G24190', 'AT4G25090', 'AT4G26090', 'AT4G26470', 'AT4G30360', 'AT4G30560', 'AT4G33430', 'AT4G33710', 'AT4G33720', 'AT4G33730', 'AT4G34250', 'AT4G34510', 'AT4G34520', 'AT4G35310', 'AT4G36070', 'AT4G37010', 'AT4G38230', 'AT4G39090', 'AT5G04170', 'AT5G04530', 'AT5G04870', 'AT5G07390', 'AT5G12180', 'AT5G12480', 'AT5G13160', 'AT5G14870', 'AT5G15410', 'AT5G17470', 'AT5G17480', 'AT5G19360', 'AT5G19450', 'AT5G20480', 'AT5G21274', 'AT5G23580', 'AT5G24430', 'AT5G37770', 'AT5G37780', 'AT5G42380', 'AT5G43760', 'AT5G44460', 'AT5G45250', 'AT5G45260', 'AT5G46330', 'AT5G47910', 'AT5G49070', 'AT5G49480', 'AT5G51060', 'AT5G51700', 'AT5G52640', 'AT5G53130', 'AT5G54250', 'AT5G56000', 'AT5G56010', 'AT5G56030', 'AT5G56270', 'AT5G56580', 'AT5G57940', 'AT5G66210']"
KEGG::path:ath04712,1,positive,KEGG,"['AT1G01060', 'AT1G04400', 'AT1G09530', 'AT1G09570', 'AT1G22770', 'AT1G53090', 'AT1G56650', 'AT1G65480', 'AT1G68050', 'AT2G18790', 'AT2G23070', 'AT2G23080', 'AT2G25930', 'AT2G32950', 'AT2G44680', 'AT2G46340', 'AT2G46790', 'AT2G46830', 'AT3G02380', 'AT3G15354', 'AT3G17609', 'AT3G50000', 'AT3G60250', 'AT4G08920', 'AT4G11110', 'AT4G17640', 'AT4G20370', 'AT5G02810', 'AT5G08330', 'AT5G11260', 'AT5G13930', 'AT5G15840', 'AT5G15850', 'AT5G23280', 'AT5G23730', 'AT5G24470', 'AT5G47080', 'AT5G52250', 'AT5G57360', 'AT5G60100', 'AT5G61380', 'AT5G62430', 'AT5G67380']"
KEGG::path:ath04814,1,positive,KEGG,"['AT1G04160', 'AT1G04600', 'AT1G04820', 'AT1G08730', 'AT1G17580', 'AT1G18370', 'AT1G18550', 'AT1G20010', 'AT1G21730', 'AT1G23220', 'AT1G49240', 'AT1G50010', 'AT1G52245', 'AT1G54560', 'AT1G59540', 'AT1G64740', 'AT1G71790', 'AT1G75780', 'AT2G20290', 'AT2G21300', 'AT2G21380', 'AT2G28620', 'AT2G29550', 'AT2G31900', 'AT2G33240', 'AT2G36200', 'AT2G37420', 'AT2G37620', 'AT2G42090', 'AT2G42100', 'AT2G42170', 'AT3G05520', 'AT3G10180', 'AT3G12020', 'AT3G12110', 'AT3G16060', 'AT3G16120', 'AT3G16630', 'AT3G17360', 'AT3G18780', 'AT3G19050', 'AT3G20150', 'AT3G23670', 'AT3G43210', 'AT3G44050', 'AT3G45850', 'AT3G46520', 'AT3G49650', 'AT3G51150', 'AT3G53750', 'AT3G58160', 'AT3G61650', 'AT4G14150', 'AT4G14960', 'AT4G15930', 'AT4G20890', 'AT4G24170', 'AT4G27360', 'AT4G27370', 'AT4G28710', 'AT4G33200', 'AT4G38950', 'AT4G39050', 'AT5G02370', 'AT5G05620', 'AT5G06670', 'AT5G09810', 'AT5G12250', 'AT5G19770', 'AT5G19780', 'AT5G20110', 'AT5G20490', 'AT5G23860', 'AT5G23910', 'AT5G42490', 'AT5G43900', 'AT5G44340', 'AT5G54280', 'AT5G59370', 'AT5G62690', 'AT5G62700', 'AT5G66310']"
KEGG::path:ath04820,1,positive,KEGG,"['AT1G71790', 'AT1G74030', 'AT2G29560', 'AT2G36530', 'AT2G38280', 'AT3G05520', 'AT3G10730', 'AT5G04990']"
KEGG::path:ath04981,1,positive,KEGG,"['AT1G17840', 'AT1G22020', 'AT1G31770', 'AT1G36370', 'AT1G51460', 'AT1G51500', 'AT1G53270', 'AT1G71960', 'AT1G76730', 'AT2G01320', 'AT2G13610', 'AT2G37360', 'AT2G39350', 'AT3G10160', 'AT3G13220', 'AT3G21090', 'AT3G22740', 'AT3G25620', 'AT3G25900', 'AT3G52310', 'AT3G53510', 'AT3G55090', 'AT3G55100', 'AT3G55110', 'AT3G55130', 'AT3G55630', 'AT3G63250', 'AT4G13890', 'AT4G13930', 'AT4G25750', 'AT4G27420', 'AT4G32520', 'AT4G37930', 'AT5G05980', 'AT5G06530', 'AT5G13050', 'AT5G13580', 'AT5G19410', 'AT5G26780', 'AT5G52860']"
KEGG::path:ath05100,1,positive,KEGG,"['AT1G10290', 'AT1G13180', 'AT1G16590', 'AT1G20090', 'AT1G30825', 'AT1G59610', 'AT1G60430', 'AT1G75840', 'AT2G17800', 'AT2G30910', 'AT2G31300', 'AT2G33385', 'AT2G44690', 'AT3G08530', 'AT3G11130', 'AT3G27000', 'AT3G48040', 'AT3G51300', 'AT4G01710', 'AT4G14147', 'AT4G28950', 'AT4G35020', 'AT4G35950', 'AT5G45970', 'AT5G62880', 'AT5G65274']"
NEG::mixture::0001,0,cross_pathway_mixture,synthetic_negative,"['AT1G01560', 'AT1G04310', 'AT1G05100', 'AT1G07430', 'AT1G09090', 'AT1G10210', 'AT1G18150', 'AT1G19230', 'AT1G20630', 'AT1G24793', 'AT1G25054', 'AT1G25210', 'AT1G43700', 'AT1G50060', 'AT1G51660', 'AT1G63440', 'AT1G63700', 'AT1G66340', 'AT1G66410', 'AT1G73000', 'AT1G73730', 'AT1G75830', 'AT1G78290', 'AT2G14610', 'AT2G19190', 'AT2G25490', 'AT2G26020', 'AT2G26040', 'AT2G26070', 'AT2G26330', 'AT2G27030', 'AT2G38310', 'AT2G38470', 'AT2G40330', 'AT2G41090', 'AT2G41110', 'AT2G46070', 'AT3G06030', 'AT3G06110', 'AT3G12500', 'AT3G18690', 'AT3G23150', 'AT3G26830', 'AT3G43810', 'AT3G59790', 'AT3G61510', 'AT4G01250', 'AT4G01370', 'AT4G08480', 'AT4G11280', 'AT4G11330', 'AT4G13000', 'AT4G17870', 'AT4G21220', 'AT4G23900', 'AT4G26070', 'AT4G29540', 'AT4G29810', 'AT4G33430', 'AT4G33720', 'AT4G33950', 'AT4G35090', 'AT5G05440', 'AT5G07180', 'AT5G07390', 'AT5G08590', 'AT5G21274', 'AT5G25350', 'AT5G37780', 'AT5G40440', 'AT5G44420', 'AT5G45860', 'AT5G45870', 'AT5G46790', 'AT5G47910', 'AT5G53160', 'AT5G53210', 'AT5G57050']"
NEG::mixture::0002,0,cross_pathway_mixture,synthetic_negative,"['AT1G09100', 'AT1G16470', 'AT1G20200', 'AT1G47840', 'AT1G53750', 'AT1G53780', 'AT1G53850', 'AT1G64750', 'AT1G75990', 'AT1G79210', 'AT2G05840', 'AT2G19860', 'AT2G20140', 'AT2G20580', 'AT2G32730', 'AT3G05530', 'AT3G14290', 'AT3G20040', 'AT3G22110', 'AT3G27430', 'AT3G51260', 'AT4G14800', 'AT4G24820', 'AT4G28470', 'AT4G31300', 'AT5G05780', 'AT5G09900', 'AT5G35590', 'AT5G42040', 'AT5G43010', 'AT5G45010', 'AT5G58290', 'AT5G62573', 'AT5G66140']"
NEG::mixture::0003,0,cross_pathway_mixture,synthetic_negative,"['AT1G02145', 'AT1G11560', 'AT1G30000', 'AT1G34130', 'AT1G49710', 'AT1G51590', 'AT1G65590', 'AT1G71990', 'AT1G77350', 'AT1G78800', 'AT2G01720', 'AT2G22780', 'AT3G09455', 'AT3G15020', 'AT3G19280', 'AT3G21160', 'AT3G47520', 'AT3G55260', 'AT3G56040', 'AT4G16710', 'AT4G18230', 'AT4G29735', 'AT4G38240', 'AT5G56720']"
NEG::mixture::0004,0,cross_pathway_mixture,synthetic_negative,"['AT1G01290', 'AT1G04710', 'AT1G06290', 'AT1G09400', 'AT1G19640', 'AT1G20480', 'AT1G20500', 'AT1G20510', 'AT1G73680', 'AT1G76170', 'AT1G76690', 'AT2G44810', 'AT2G45695', 'AT3G03310', 'AT3G03480', 'AT3G06690', 'AT3G06860', 'AT3G25760', 'AT3G25780', 'AT3G51840', 'AT3G57140', 'AT3G61113', 'AT4G19860', 'AT4G35910', 'AT5G04040', 'AT5G42650', 'AT5G65720']"
NEG::mixture::0005,0,cross_pathway_mixture,synthetic_negative,"['AT1G02000', 'AT1G05590', 'AT1G06780', 'AT1G12780', 'AT1G27680', 'AT1G30620', 'AT1G31070', 'AT1G36280', 'AT1G50390', 'AT1G56680', 'AT1G63180', 'AT1G64440', 'AT1G65590', 'AT1G66430', 'AT1G70730', 'AT2G20810', 'AT2G27860', 'AT2G28760', 'AT2G35040', 'AT2G43570', 'AT2G43580', 'AT2G43600', 'AT2G43610', 'AT2G45790', 'AT3G01640', 'AT3G02230', 'AT3G02570', 'AT3G03250', 'AT3G08900', 'AT3G10700', 'AT3G10740', 'AT3G12500', 'AT3G19620', 'AT3G20040', 'AT3G23820', 'AT3G24090', 'AT3G42850', 'AT3G46440', 'AT3G47540', 'AT3G55590', 'AT3G59480', 'AT3G61130', 'AT3G62830', 'AT4G10260', 'AT4G18440', 'AT4G19730', 'AT4G19760', 'AT4G19800', 'AT4G19810', 'AT4G19820', 'AT4G23920', 'AT4G29130', 'AT4G30570', 'AT4G33030', 'AT5G09700', 'AT5G14470', 'AT5G15650', 'AT5G18200', 'AT5G19220', 'AT5G28840', 'AT5G42740', 'AT5G51820', 'AT5G51830', 'AT5G52560', 'AT5G64570']"
NEG::mixture::0006,0,cross_pathway_mixture,synthetic_negative,"['AT1G01090', 'AT1G04410', 'AT1G06730', 'AT1G09780', 'AT1G11600', 'AT1G12000', 'AT1G19600', 'AT1G24180', 'AT1G30120', 'AT1G34430', 'AT1G48030', 'AT1G74030', 'AT1G79550', 'AT2G01140', 'AT2G05710', 'AT2G17130', 'AT2G18450', 'AT2G20420', 'AT2G21170', 'AT2G21330', 'AT2G34590', 'AT3G03470', 'AT3G08590', 'AT3G15020', 'AT3G17240', 'AT3G25860', 'AT3G25960', 'AT3G27380', 'AT3G47520', 'AT3G52200', 'AT3G52930', 'AT3G52990', 'AT3G53910', 'AT3G58740', 'AT3G60100', 'AT4G04040', 'AT4G16155', 'AT4G26270', 'AT4G26520', 'AT4G26530', 'AT4G26970', 'AT4G35260', 'AT4G35650', 'AT5G04630', 'AT5G08300', 'AT5G08570', 'AT5G09600', 'AT5G43330', 'AT5G47810', 'AT5G50850', 'AT5G54950', 'AT5G61320', 'AT5G61580', 'AT5G62575', 'AT5G65165']"
NEG::mixture::0007,0,cross_pathway_mixture,synthetic_negative,"['AT1G31220', 'AT2G16570', 'AT2G23610', 'AT2G23620', 'AT3G10870', 'AT4G34740', 'AT5G58310']"
NEG::mixture::0008,0,cross_pathway_mixture,synthetic_negative,"['AT1G24807', 'AT1G25083', 'AT1G25155', 'AT1G25220', 'AT1G48520', 'AT1G63660', 'AT1G67110', 'AT1G75130', 'AT2G03667', 'AT2G14920', 'AT2G38210', 'AT2G39800', 'AT2G41220', 'AT2G46950', 'AT3G25660', 'AT3G30775', 'AT3G47450', 'AT3G55610', 'AT4G02120', 'AT4G08900', 'AT4G20320', 'AT4G34880', 'AT5G01410', 'AT5G04140', 'AT5G05730', 'AT5G07360', 'AT5G38450', 'AT5G46180']"
NEG::mixture::0009,0,cross_pathway_mixture,synthetic_negative,"['AT1G01090', 'AT1G03190', 'AT1G04410', 'AT1G06730', 'AT1G07370', 'AT1G08130', 'AT1G08260', 'AT1G09815', 'AT1G12400', 'AT1G16300', 'AT1G18040', 'AT1G18340', 'AT1G19600', 'AT1G19750', 'AT1G27840', 'AT1G30120', 'AT1G32480', 'AT1G50840', 'AT1G53690', 'AT1G54220', 'AT1G56190', 'AT1G61700', 'AT1G63160', 'AT1G66750', 'AT1G73690', 'AT1G77470', 'AT1G78650', 'AT1G79530', 'AT1G79550', 'AT2G05710', 'AT2G15400', 'AT2G18450', 'AT2G18760', 'AT2G21170', 'AT2G22780', 'AT2G24490', 'AT2G27470', 'AT2G29560', 'AT2G34590', 'AT2G41340', 'AT2G42790', 'AT3G02920', 'AT3G04120', 'AT3G05210', 'AT3G09810', 'AT3G12780', 'AT3G15020', 'AT3G16950', 'AT3G17240', 'AT3G20540', 'AT3G25860', 'AT3G30841', 'AT3G42830', 'AT3G47520', 'AT3G49160', 'AT3G52630', 'AT3G52930', 'AT3G52990', 'AT3G55810', 'AT3G58750', 'AT3G59600', 'AT3G61420', 'AT4G04040', 'AT4G08876', 'AT4G09520', 'AT4G16155', 'AT4G18590', 'AT4G26270', 'AT4G26390', 'AT4G26520', 'AT4G26530', 'AT4G26970', 'AT4G29220', 'AT4G32840', 'AT4G35830', 'AT5G03690', 'AT5G08300', 'AT5G08570', 'AT5G17780', 'AT5G20570', 'AT5G22110', 'AT5G27620', 'AT5G38470', 'AT5G41010', 'AT5G41370', 'AT5G43330', 'AT5G45400', 'AT5G46210', 'AT5G50850', 'AT5G51940', 'AT5G59180', 'AT5G63960', 'AT5G65165']"
NEG::mixture::0010,0,cross_pathway_mixture,synthetic_negative,"['AT2G38400', 'AT4G36470', 'AT4G39660', 'AT5G04370', 'AT5G38020', 'AT5G55250']"
NEG::mixture::0011,0,cross_pathway_mixture,synthetic_negative,"['AT1G20480', 'AT1G51680', 'AT1G62940', 'AT1G65450', 'AT1G74540', 'AT2G23600', 'AT2G23610', 'AT2G23620', 'AT3G21240', 'AT3G48990', 'AT4G19010', 'AT5G48930', 'AT5G57840', 'AT5G58310']"
NEG::mixture::0012,0,cross_pathway_mixture,synthetic_negative,"['AT1G07720', 'AT1G19440', 'AT1G25450', 'AT1G64590', 'AT1G67730', 'AT1G68530', 'AT1G71160', 'AT1G75000', 'AT2G15090', 'AT2G26250', 'AT2G26640', 'AT2G36310', 'AT2G46720', 'AT3G06470', 'AT3G10280', 'AT3G55360', 'AT4G22570', 'AT4G23420', 'AT4G23430', 'AT4G24050', 'AT4G24510', 'AT4G34250', 'AT5G02890', 'AT5G18860', 'AT5G18890', 'AT5G43760']"
NEG::mixture::0013,0,cross_pathway_mixture,synthetic_negative,"['AT1G31070', 'AT1G47840', 'AT1G47845', 'AT2G16370', 'AT2G19860', 'AT2G34890', 'AT2G35020', 'AT3G10030', 'AT3G12670', 'AT3G18680', 'AT3G20040', 'AT3G20330', 'AT3G60961', 'AT4G02120', 'AT4G25280', 'AT4G29130', 'AT5G26667', 'AT5G52560', 'AT5G63310']"
NEG::mixture::0014,0,cross_pathway_mixture,synthetic_negative,"['AT1G16700', 'AT1G79470', 'AT2G07689', 'AT2G07751', 'AT2G23890', 'AT2G38280', 'AT2G46505', 'AT3G22370', 'AT3G44190', 'AT4G14930', 'AT4G22260', 'AT4G29260', 'AT4G31196', 'AT4G32210', 'AT4G34900', 'AT4G37500', 'AT5G18870', 'AT5G22140', 'AT5G48960', 'AT5G64687', 'ATCG00420', 'ATCG00430', 'ATCG01110', 'ATMG00270', 'ATMG00285', 'ATMG00580', 'ATMG00650', 'ATMG00990']"
NEG::mixture::0015,0,cross_pathway_mixture,synthetic_negative,"['AT1G06730', 'AT1G08940', 'AT1G13440', 'AT1G16300', 'AT1G22170', 'AT1G56190', 'AT1G78050', 'AT1G79550', 'AT2G01140', 'AT2G21170', 'AT2G21330', 'AT2G22480', 'AT2G29560', 'AT2G36530', 'AT2G36580', 'AT3G04050', 'AT3G04120', 'AT3G25960', 'AT3G55650', 'AT4G26390', 'AT4G29220', 'AT4G38970', 'AT5G03690', 'AT5G08570', 'AT5G17760', 'AT5G59440', 'AT5G62840', 'AT5G63680', 'AT5G64380', 'AT5G66005']"
NEG::mixture::0016,0,cross_pathway_mixture,synthetic_negative,"['AT1G09430', 'AT1G15080', 'AT1G24180', 'AT1G34430', 'AT1G60810', 'AT2G01180', 'AT2G20900', 'AT2G46090', 'AT3G05630', 'AT3G13930', 'AT3G17240', 'AT3G18220', 'AT3G25850', 'AT3G25860', 'AT3G47290', 'AT3G52200', 'AT4G28130', 'AT4G38530', 'AT5G07920', 'AT5G25370', 'AT5G50850', 'AT5G63770']"
NEG::mixture::0017,0,cross_pathway_mixture,synthetic_negative,"['AT1G05900', 'AT1G08260', 'AT1G11475', 'AT1G19480', 'AT1G21710', 'AT1G29940', 'AT1G50840', 'AT1G52500', 'AT1G54250', 'AT1G60620', 'AT1G63020', 'AT1G75230', 'AT1G77470', 'AT1G78650', 'AT2G04630', 'AT2G15430', 'AT2G27120', 'AT2G27470', 'AT2G29540', 'AT2G29570', 'AT2G31320', 'AT2G31865', 'AT2G40030', 'AT2G41340', 'AT2G41460', 'AT3G12040', 'AT3G14890', 'AT3G16980', 'AT3G18630', 'AT3G20540', 'AT3G23780', 'AT3G25940', 'AT3G49000', 'AT3G57080', 'AT4G07950', 'AT4G14520', 'AT4G16265', 'AT4G21710', 'AT4G25180', 'AT4G35800', 'AT5G01310', 'AT5G09380', 'AT5G13920', 'AT5G15170', 'AT5G22470', 'AT5G23710', 'AT5G27740', 'AT5G59180', 'AT5G63960']"
NEG::mixture::0018,0,cross_pathway_mixture,synthetic_negative,"['AT1G33750', 'AT1G70080', 'AT2G13810', 'AT2G45440', 'AT3G02020', 'AT3G14390', 'AT3G14490', 'AT4G16730', 'AT4G33680', 'AT5G11880', 'AT5G52100']"
NEG::mixture::0019,0,cross_pathway_mixture,synthetic_negative,"['AT1G17050', 'AT1G78510', 'AT2G23520', 'AT4G22980', 'AT5G51920', 'AT5G58782']"
NEG::mixture::0020,0,cross_pathway_mixture,synthetic_negative,"['AT1G07780', 'AT1G24807', 'AT1G29410', 'AT1G31950', 'AT1G33750', 'AT1G48850', 'AT1G48860', 'AT1G71920', 'AT2G04400', 'AT2G21940', 'AT2G22250', 'AT2G24850', 'AT2G30970', 'AT2G37140', 'AT3G07630', 'AT3G29200', 'AT3G54640', 'AT4G16740', 'AT4G27070', 'AT4G28420', 'AT4G31990', 'AT4G33510', 'AT4G39540', 'AT4G39980', 'AT5G10330', 'AT5G10870', 'AT5G11520', 'AT5G17990', 'AT5G22630', 'AT5G34930', 'AT5G38530', 'AT5G53970']"
NEG::mixture::0021,0,cross_pathway_mixture,synthetic_negative,"['AT1G14810', 'AT1G17290', 'AT1G17300', 'AT1G70560', 'AT2G45440', 'AT3G02020', 'AT3G03910', 'AT3G14390', 'AT3G60880', 'AT5G11880', 'AT5G13280']"
NEG::mixture::0022,0,cross_pathway_mixture,synthetic_negative,"['AT1G06020', 'AT1G06730', 'AT1G08940', 'AT1G09780', 'AT1G10070', 'AT1G13440', 'AT1G16300', 'AT1G19600', 'AT1G22170', 'AT1G23190', 'AT1G31095', 'AT1G43670', 'AT1G66430', 'AT1G69200', 'AT1G70820', 'AT1G74030', 'AT1G79530', 'AT1G79550', 'AT2G01140', 'AT2G21170', 'AT2G21330', 'AT2G22480', 'AT2G29560', 'AT3G04120', 'AT3G12780', 'AT3G25960', 'AT3G49160', 'AT3G49680', 'AT3G52930', 'AT3G55650', 'AT3G56040', 'AT3G58610', 'AT4G10260', 'AT4G17260', 'AT4G26270', 'AT4G26530', 'AT4G28706', 'AT4G29130', 'AT4G32840', 'AT4G38970', 'AT5G03690', 'AT5G08570', 'AT5G17310', 'AT5G17530', 'AT5G18200', 'AT5G42740', 'AT5G47810', 'AT5G49190', 'AT5G51830', 'AT5G56630', 'AT5G64380']"
NEG::mixture::0023,0,cross_pathway_mixture,synthetic_negative,"['AT1G12130', 'AT1G12160', 'AT1G12200', 'AT1G18590', 'AT1G24100', 'AT1G62540', 'AT1G62560', 'AT1G62570', 'AT1G62800', 'AT1G63370', 'AT1G63390', 'AT2G20610', 'AT2G22250', 'AT2G23960', 'AT4G28410', 'AT4G30530', 'AT4G30550', 'AT4G39640', 'AT5G11520', 'AT5G19550']"
NEG::mixture::0024,0,cross_pathway_mixture,synthetic_negative,"['AT1G17010', 'AT2G20610', 'AT3G01120', 'AT3G20390', 'AT4G23590', 'AT4G25300', 'AT5G20980']"
NEG::mixture::0025,0,cross_pathway_mixture,synthetic_negative,"['AT1G06030', 'AT1G23190', 'AT1G35580', 'AT1G50390', 'AT1G50460', 'AT1G56560', 'AT1G66430', 'AT1G70820', 'AT1G72000', 'AT2G19860', 'AT2G36390', 'AT2G39930', 'AT3G01590', 'AT3G13790', 'AT3G54090', 'AT3G56040', 'AT3G60180', 'AT4G09510', 'AT4G25280', 'AT4G29130', 'AT4G37840', 'AT4G39210', 'AT5G03650', 'AT5G17310', 'AT5G18200', 'AT5G22510', 'AT5G42740', 'AT5G51820', 'AT5G51830', 'AT5G62573', 'AT5G66530']"
NEG::mixture::0026,0,cross_pathway_mixture,synthetic_negative,"['AT1G03000', 'AT1G04410', 'AT1G06290', 'AT1G12230', 'AT1G12900', 'AT1G16300', 'AT1G17290', 'AT1G20620', 'AT1G49430', 'AT1G52870', 'AT1G53310', 'AT1G54340', 'AT1G63290', 'AT1G64400', 'AT1G67090', 'AT1G70580', 'AT1G77590', 'AT1G79530', 'AT1G79550', 'AT1G79750', 'AT2G01490', 'AT2G07640', 'AT2G13560', 'AT2G21170', 'AT2G24580', 'AT2G26350', 'AT2G26800', 'AT2G28190', 'AT2G30970', 'AT2G42600', 'AT2G42770', 'AT2G45290', 'AT3G04120', 'AT3G04460', 'AT3G05970', 'AT3G07560', 'AT3G11980', 'AT3G12780', 'AT3G12800', 'AT3G14415', 'AT3G14940', 'AT3G18160', 'AT3G26650', 'AT3G44550', 'AT3G47520', 'AT3G51840', 'AT3G55800', 'AT3G56700', 'AT3G60750', 'AT4G00570', 'AT4G04320', 'AT4G05530', 'AT4G11030', 'AT4G14070', 'AT4G25100', 'AT4G34890', 'AT4G34900', 'AT4G37870', 'AT4G38970', 'AT5G03690', 'AT5G11520', 'AT5G14590', 'AT5G17380', 'AT5G19550', 'AT5G19750', 'AT5G20070', 'AT5G22420', 'AT5G22500', 'AT5G23310', 'AT5G25880', 'AT5G27450', 'AT5G27600', 'AT5G43140', 'AT5G43280', 'AT5G43330', 'AT5G48880', 'AT5G56290', 'AT5G56720', 'AT5G61410', 'AT5G65690']"
NEG::mixture::0027,0,cross_pathway_mixture,synthetic_negative,"['AT1G15210', 'AT1G17840', 'AT1G27940', 'AT1G31770', 'AT1G47620', 'AT1G65340', 'AT1G66030', 'AT1G66950', 'AT1G71960', 'AT2G07680', 'AT2G13610', 'AT2G21910', 'AT2G23180', 'AT2G26910', 'AT2G37280', 'AT2G39350', 'AT2G39480', 'AT2G41700', 'AT3G13220', 'AT3G16340', 'AT3G28345', 'AT3G28360', 'AT3G28380', 'AT3G52310', 'AT3G53480', 'AT3G53510', 'AT3G55130', 'AT3G62150', 'AT4G01820', 'AT4G15230', 'AT4G18050', 'AT4G28620', 'AT4G33790', 'AT4G39850', 'AT5G06530', 'AT5G13580', 'AT5G19410', 'AT5G37300', 'AT5G46540', 'AT5G52860', 'AT5G58270']"
NEG::mixture::0028,0,cross_pathway_mixture,synthetic_negative,"['AT1G01060', 'AT1G04400', 'AT1G09530', 'AT1G13560', 'AT1G52570', 'AT1G65480', 'AT2G18790', 'AT2G23070', 'AT2G23080', 'AT2G32950', 'AT3G15354', 'AT3G25585', 'AT3G50000', 'AT4G11110', 'AT4G11840', 'AT4G15130', 'AT4G20370', 'AT5G08330', 'AT5G11260', 'AT5G13930', 'AT5G15840', 'AT5G23280', 'AT5G47080', 'AT5G52250', 'AT5G57360', 'AT5G61380']"
NEG::mixture::0029,0,cross_pathway_mixture,synthetic_negative,"['AT1G72880', 'AT2G40490', 'AT3G05300', 'AT3G14930', 'AT4G02180', 'AT4G31196', 'AT4G34900', 'AT5G14220', 'AT5G18870', 'AT5G18890', 'AT5G26030', 'AT5G28050', 'AT5G48960']"
NEG::mixture::0030,0,cross_pathway_mixture,synthetic_negative,"['AT1G01460', 'AT1G13640', 'AT1G27570', 'AT1G49340', 'AT1G64460', 'AT2G03890', 'AT2G26420', 'AT2G28190', 'AT2G40116', 'AT2G40850', 'AT2G41210', 'AT3G43950', 'AT3G47220', 'AT3G47290', 'AT3G55940', 'AT3G56600', 'AT4G00651', 'AT4G01190', 'AT4G25100', 'AT4G34930', 'AT4G38570', 'AT5G09350', 'AT5G18100', 'AT5G23310', 'AT5G24240']"
NEG::mixture::0031,0,cross_pathway_mixture,synthetic_negative,"['AT1G49390', 'AT2G41190', 'AT3G09330', 'AT3G09340', 'AT3G11180', 'AT4G16330', 'AT4G22870', 'AT4G34460']"
NEG::mixture::0032,0,cross_pathway_mixture,synthetic_negative,"['AT1G09840', 'AT1G28130', 'AT1G50030', 'AT1G75840', 'AT2G17800', 'AT4G35020', 'AT4G35950', 'AT4G37390', 'AT5G13350', 'AT5G13360', 'AT5G13370', 'AT5G45970', 'AT5G54510']"
NEG::mixture::0033,0,cross_pathway_mixture,synthetic_negative,"['AT1G08510', 'AT1G10310', 'AT1G20560', 'AT1G21400', 'AT1G35250', 'AT1G35290', 'AT1G48030', 'AT1G62940', 'AT1G63380', 'AT1G64400', 'AT1G68280', 'AT2G38040', 'AT2G43710', 'AT2G47240', 'AT2G47245', 'AT3G02610', 'AT3G02620', 'AT3G06850', 'AT3G16950', 'AT3G46170', 'AT3G55290', 'AT3G55310', 'AT4G11030', 'AT4G13050', 'AT5G15530', 'AT5G16230', 'AT5G27600']"
NEG::mixture::0034,0,cross_pathway_mixture,synthetic_negative,"['AT1G01460', 'AT1G01960', 'AT1G06400', 'AT1G08270', 'AT1G09630', 'AT1G10290', 'AT1G10600', 'AT1G13980', 'AT1G20500', 'AT1G20510', 'AT1G21980', 'AT1G23490', 'AT1G30825', 'AT1G33030', 'AT1G47830', 'AT1G48790', 'AT1G51680', 'AT1G55180', 'AT1G56410', 'AT1G60430', 'AT1G60890', 'AT1G70490', 'AT1G71790', 'AT1G74550', 'AT2G06530', 'AT2G17840', 'AT2G27600', 'AT2G30910', 'AT2G31300', 'AT2G36680', 'AT2G37550', 'AT2G42010', 'AT3G03120', 'AT3G05520', 'AT3G08530', 'AT3G09440', 'AT3G09920', 'AT3G10640', 'AT3G12580', 'AT3G15060', 'AT3G16100', 'AT3G17660', 'AT3G18820', 'AT3G20290', 'AT3G21230', 'AT3G46060', 'AT3G46540', 'AT3G46830', 'AT3G47810', 'AT3G48990', 'AT3G51310', 'AT3G53610', 'AT3G53710', 'AT3G54840', 'AT3G56960', 'AT3G59290', 'AT3G62080', 'AT3G62290', 'AT4G05000', 'AT4G05330', 'AT4G11830', 'AT4G11840', 'AT4G14147', 'AT4G16144', 'AT4G18800', 'AT4G19010', 'AT4G24280', 'AT4G26220', 'AT4G26750', 'AT4G27040', 'AT4G27690', 'AT4G29160', 'AT4G35790', 'AT5G03520', 'AT5G04850', 'AT5G09970', 'AT5G13300', 'AT5G14670', 'AT5G19610', 'AT5G22770', 'AT5G22780', 'AT5G22950', 'AT5G46630', 'AT5G46750', 'AT5G48930', 'AT5G49910', 'AT5G54310', 'AT5G63380', 'AT5G63880', 'AT5G65274']"
NEG::mixture::0035,0,cross_pathway_mixture,synthetic_negative,"['AT1G13700', 'AT1G24280', 'AT1G52670', 'AT1G62640', 'AT2G30200', 'AT3G02360', 'AT3G49360', 'AT5G24400', 'AT5G24410', 'AT5G24420']"
NEG::mixture::0036,0,cross_pathway_mixture,synthetic_negative,"['AT1G01290', 'AT1G16540', 'AT1G76150', 'AT1G78660', 'AT1G78680', 'AT2G16370', 'AT2G22450', 'AT3G07270', 'AT3G10160', 'AT3G11750', 'AT3G21730', 'AT3G55630', 'AT4G30000', 'AT4G34570', 'AT5G05980', 'AT5G41480', 'AT5G48230', 'AT5G61830']"
NEG::mixture::0037,0,cross_pathway_mixture,synthetic_negative,"['AT2G38050', 'AT3G13730', 'AT3G50660', 'AT5G01330', 'AT5G05690', 'AT5G54960']"
NEG::mixture::0038,0,cross_pathway_mixture,synthetic_negative,"['AT1G34540', 'AT1G48320', 'AT1G51780', 'AT1G68890', 'AT3G02875', 'AT3G61200', 'AT5G07000', 'AT5G48950', 'AT5G56650', 'AT5G63450']"
NEG::mixture::0039,0,cross_pathway_mixture,synthetic_negative,"['AT1G02620', 'AT1G02980', 'AT1G04850', 'AT1G04980', 'AT1G05520', 'AT1G09180', 'AT1G10230', 'AT1G16190', 'AT1G17280', 'AT1G20140', 'AT1G21750', 'AT1G27520', 'AT1G29310', 'AT1G36340', 'AT1G50670', 'AT1G52260', 'AT1G52560', 'AT1G53540', 'AT1G55320', 'AT1G56330', 'AT1G59790', 'AT1G59860', 'AT1G64230', 'AT1G65040', 'AT1G67490', 'AT1G71220', 'AT1G72280', 'AT1G75950', 'AT1G77120', 'AT1G79650', 'AT1G79940', 'AT2G01470', 'AT2G01650', 'AT2G03190', 'AT2G04030', 'AT2G16595', 'AT2G16740', 'AT2G17520', 'AT2G18710', 'AT2G21160', 'AT2G21270', 'AT2G29070', 'AT2G29500', 'AT2G32920', 'AT2G38960', 'AT2G43210', 'AT2G47470', 'AT3G07100', 'AT3G07190', 'AT3G08690', 'AT3G09350', 'AT3G09440', 'AT3G09455', 'AT3G09840', 'AT3G12587', 'AT3G16090', 'AT3G16910', 'AT3G17000', 'AT3G18860', 'AT3G21160', 'AT3G21660', 'AT3G25650', 'AT3G42830', 'AT3G44110', 'AT3G44340', 'AT3G46460', 'AT3G48570', 'AT3G53230', 'AT3G55380', 'AT3G60020', 'AT3G60540', 'AT3G62600', 'AT4G02080', 'AT4G04210', 'AT4G04860', 'AT4G10250', 'AT4G14160', 'AT4G20310', 'AT4G21180', 'AT4G21870', 'AT4G22150', 'AT4G24190', 'AT4G25200', 'AT4G27670', 'AT4G29330', 'AT4G29735', 'AT4G29870', 'AT4G32640', 'AT4G32670', 'AT4G34100', 'AT4G34210', 'AT5G02150', 'AT5G02490', 'AT5G02500', 'AT5G03340', 'AT5G05470', 'AT5G07340', 'AT5G12020', 'AT5G15400', 'AT5G19660', 'AT5G20570', 'AT5G38470', 'AT5G41700', 'AT5G43710', 'AT5G49060', 'AT5G50430', 'AT5G51440', 'AT5G51450', 'AT5G56000', 'AT5G56010', 'AT5G56030', 'AT5G59720', 'AT5G61790', 'AT5G63840']"
NEG::mixture::0040,0,cross_pathway_mixture,synthetic_negative,"['AT1G30820', 'AT1G44170', 'AT1G48030', 'AT1G55810', 'AT2G17900', 'AT2G22740', 'AT2G24580', 'AT2G33290', 'AT2G34890', 'AT3G03750', 'AT3G12670', 'AT3G16950', 'AT3G17240', 'AT3G27190', 'AT3G48000', 'AT3G60180', 'AT3G60961', 'AT4G02020', 'AT4G02120', 'AT4G13460', 'AT4G16155', 'AT4G25280', 'AT4G29580', 'AT4G29610', 'AT4G29640', 'AT4G34240', 'AT5G13960', 'AT5G26667', 'AT5G47720', 'AT5G63310']"
NEG::mixture::0041,0,cross_pathway_mixture,synthetic_negative,"['AT1G06550', 'AT1G10070', 'AT1G11860', 'AT1G32470', 'AT1G36370', 'AT1G68010', 'AT2G30660', 'AT3G25530', 'AT3G49680', 'AT4G13360', 'AT4G13890', 'AT4G20930', 'AT4G31810', 'AT4G33010', 'AT5G26780', 'AT5G28310', 'AT5G36700', 'AT5G47760']"
NEG::mixture::0042,0,cross_pathway_mixture,synthetic_negative,"['AT1G50110', 'AT1G74040', 'AT2G22240', 'AT2G43090', 'AT3G48560', 'AT3G49680', 'AT3G58610', 'AT3G58990', 'AT4G39800', 'AT5G10170', 'AT5G14200', 'AT5G16290', 'AT5G65780']"
NEG::mixture::0043,0,cross_pathway_mixture,synthetic_negative,"['AT1G02050', 'AT1G34120', 'AT1G53520', 'AT2G06960', 'AT2G36690', 'AT2G44800', 'AT3G19000', 'AT3G51240', 'AT3G60290', 'AT3G63170', 'AT4G00040', 'AT4G18010', 'AT5G05270', 'AT5G07480', 'AT5G08640', 'AT5G24530', 'AT5G43450', 'AT5G63580', 'AT5G63590']"
NEG::mixture::0044,0,cross_pathway_mixture,synthetic_negative,"['AT1G10290', 'AT1G13180', 'AT1G16590', 'AT1G24793', 'AT1G25145', 'AT1G25210', 'AT1G30825', 'AT1G60430', 'AT2G04560', 'AT2G44690', 'AT3G27000', 'AT3G48040', 'AT4G14147', 'AT4G35020', 'AT5G45970', 'AT5G62880', 'AT5G65274']"
NEG::mixture::0045,0,cross_pathway_mixture,synthetic_negative,"['AT1G20490', 'AT1G20500', 'AT1G24735', 'AT1G62940', 'AT1G67980', 'AT2G38660', 'AT3G21230', 'AT3G21240', 'AT3G48990', 'AT4G17360', 'AT4G23340', 'AT4G26220', 'AT4G34050', 'AT5G47435', 'AT5G63380']"
NEG::mixture::0046,0,cross_pathway_mixture,synthetic_negative,"['AT1G22100', 'AT1G58643', 'AT1G59171', 'AT1G59312', 'AT2G20610', 'AT3G57050', 'AT4G23590', 'AT5G07370', 'AT5G28030']"
NEG::mixture::0047,0,cross_pathway_mixture,synthetic_negative,"['AT1G01090', 'AT1G10060', 'AT1G14810', 'AT1G16400', 'AT1G16410', 'AT1G18500', 'AT1G31180', 'AT1G34430', 'AT1G44180', 'AT1G44820', 'AT1G50090', 'AT1G50110', 'AT1G55510', 'AT1G65930', 'AT1G69640', 'AT1G72330', 'AT1G74040', 'AT1G74100', 'AT2G05710', 'AT2G20610', 'AT2G22330', 'AT2G22910', 'AT2G30970', 'AT2G31810', 'AT2G34590', 'AT2G34770', 'AT2G37500', 'AT2G37940', 'AT2G43100', 'AT2G46210', 'AT3G02020', 'AT3G08860', 'AT3G13450', 'AT3G13930', 'AT3G16950', 'AT3G48780', 'AT3G52200', 'AT3G55410', 'AT3G58740', 'AT3G58990', 'AT3G60100', 'AT3G61580', 'AT4G04930', 'AT4G16155', 'AT4G17830', 'AT4G21540', 'AT4G26970', 'AT4G35260', 'AT4G35650', 'AT4G35830', 'AT4G38220', 'AT4G39660', 'AT5G03290', 'AT5G05260', 'AT5G13280', 'AT5G14200', 'AT5G23010', 'AT5G50850', 'AT5G65780']"
NEG::mixture::0048,0,cross_pathway_mixture,synthetic_negative,"['AT1G12550', 'AT1G22020', 'AT1G22410', 'AT1G36370', 'AT1G48860', 'AT1G68010', 'AT1G70580', 'AT1G80380', 'AT2G21940', 'AT2G45300', 'AT4G13890', 'AT4G32520', 'AT4G37930', 'AT4G39540', 'AT5G36700', 'AT5G47760']"
NEG::mixture::0049,0,cross_pathway_mixture,synthetic_negative,"['AT1G09420', 'AT1G13700', 'AT1G24280', 'AT1G64190', 'AT3G25570', 'AT3G27300', 'AT5G13110', 'AT5G18930', 'AT5G24420', 'AT5G53120']"
NEG::mixture::0050,0,cross_pathway_mixture,synthetic_negative,"['AT1G22100', 'AT1G58643', 'AT1G58936', 'AT2G43980', 'AT5G07830', 'AT5G13690', 'AT5G16760', 'AT5G34940', 'AT5G42810', 'AT5G61250']"
NEG::mixture::0051,0,cross_pathway_mixture,synthetic_negative,"['AT1G09830', 'AT1G31220', 'AT1G51990', 'AT2G16570', 'AT4G36220', 'AT5G09970', 'AT5G54160']"
NEG::mixture::0052,0,cross_pathway_mixture,synthetic_negative,"['AT1G07440', 'AT1G10310', 'AT1G35250', 'AT1G62610', 'AT1G64400', 'AT1G68280', 'AT1G77590', 'AT2G04350', 'AT2G05990', 'AT2G07707', 'AT3G25110', 'AT3G46170', 'AT4G23850', 'AT5G08680', 'AT5G10160', 'AT5G13450', 'AT5G27600', 'AT5G47030', 'AT5G60335', 'AT5G64250', 'ATMG00480', 'ATMG01190']"
NEG::mixture::0053,0,cross_pathway_mixture,synthetic_negative,"['AT1G11860', 'AT1G22020', 'AT1G25410', 'AT3G19160', 'AT3G63110', 'AT4G13890', 'AT4G32520', 'AT4G37930', 'AT5G38450']"
NEG::mixture::0054,0,cross_pathway_mixture,synthetic_negative,"['AT1G04410', 'AT1G17050', 'AT1G49530', 'AT1G53240', 'AT1G78510', 'AT2G05710', 'AT2G11270', 'AT2G18620', 'AT2G18640', 'AT2G22780', 'AT2G23800', 'AT2G44350', 'AT2G47510', 'AT3G09810', 'AT3G20160', 'AT3G27380', 'AT3G58740', 'AT3G59380', 'AT4G26970', 'AT4G35650', 'AT4G35830', 'AT5G08300', 'AT5G09660', 'AT5G50950', 'AT5G56720']"
NEG::mixture::0055,0,cross_pathway_mixture,synthetic_negative,"['AT1G02880', 'AT1G22940', 'AT1G24735', 'AT1G67980', 'AT4G23340', 'AT4G26220', 'AT4G29530', 'AT4G30720', 'AT5G12270']"
NEG::mixture::0056,0,cross_pathway_mixture,synthetic_negative,"['AT1G06490', 'AT1G62800', 'AT1G62960', 'AT2G13680', 'AT2G22250', 'AT2G30680', 'AT3G14780', 'AT3G59100', 'AT4G00590', 'AT4G04970', 'AT4G31990', 'AT5G08100', 'AT5G13000', 'AT5G19550', 'AT5G22300', 'AT5G65010']"
NEG::mixture::0057,0,cross_pathway_mixture,synthetic_negative,"['AT1G01120', 'AT1G04220', 'AT1G09780', 'AT1G12550', 'AT1G22170', 'AT1G31670', 'AT1G31690', 'AT1G31710', 'AT1G36370', 'AT1G48030', 'AT1G62810', 'AT1G68010', 'AT1G68530', 'AT1G70580', 'AT1G72810', 'AT1G79870', 'AT2G13360', 'AT2G15090', 'AT2G17265', 'AT2G24580', 'AT2G26250', 'AT2G28630', 'AT2G35370', 'AT2G46720', 'AT3G08860', 'AT3G17240', 'AT3G43670', 'AT3G45770', 'AT3G48170', 'AT3G50520', 'AT3G54640', 'AT3G55360', 'AT3G60340', 'AT4G00520', 'AT4G12290', 'AT4G13890', 'AT4G14940', 'AT4G17470', 'AT4G17480', 'AT4G19710', 'AT4G27070', 'AT4G29840', 'AT4G29890', 'AT4G34510', 'AT4G34520', 'AT4G35630', 'AT4G37930', 'AT5G04530', 'AT5G10480', 'AT5G13280', 'AT5G38530', 'AT5G47340', 'AT5G54810']"
NEG::mixture::0058,0,cross_pathway_mixture,synthetic_negative,"['AT1G09080', 'AT1G10060', 'AT1G23465', 'AT1G24490', 'AT1G29310', 'AT1G48160', 'AT1G48900', 'AT1G50090', 'AT1G53530', 'AT1G67680', 'AT2G01110', 'AT2G18710', 'AT2G23940', 'AT2G26800', 'AT2G34250', 'AT3G05230', 'AT3G10350', 'AT3G20920', 'AT3G24590', 'AT3G45300', 'AT3G48570', 'AT3G60540', 'AT4G01800', 'AT4G04200', 'AT4G21180', 'AT4G24920', 'AT4G30500', 'AT4G30600', 'AT5G03940', 'AT5G27410', 'AT5G28540', 'AT5G28750', 'AT5G50460', 'AT5G60460', 'AT5G62050', 'AT5G63220', 'AT5G65780']"
NEG::mixture::0059,0,cross_pathway_mixture,synthetic_negative,"['AT1G02640', 'AT1G14810', 'AT1G31230', 'AT1G78060', 'AT2G13810', 'AT2G14690', 'AT3G14050', 'AT3G14390', 'AT3G45940', 'AT3G60880', 'AT3G62710', 'AT4G19710', 'AT4G33810', 'AT4G33820', 'AT4G33840', 'AT4G33860', 'AT5G10560', 'AT5G11880', 'AT5G47000']"
NEG::mixture::0060,0,cross_pathway_mixture,synthetic_negative,"['AT1G02520', 'AT1G15520', 'AT1G31770', 'AT1G51500', 'AT1G53270', 'AT1G55880', 'AT1G71960', 'AT2G01320', 'AT2G13610', 'AT2G26910', 'AT2G36380', 'AT2G36910', 'AT2G37360', 'AT2G39350', 'AT2G39480', 'AT2G41700', 'AT3G22890', 'AT3G25620', 'AT3G28415', 'AT3G52310', 'AT3G53480', 'AT3G55320', 'AT3G59760', 'AT3G61440', 'AT3G62150', 'AT4G01820', 'AT4G04610', 'AT4G14680', 'AT4G14880', 'AT4G15215', 'AT4G15233', 'AT4G15236', 'AT4G18050', 'AT4G25750', 'AT4G25960', 'AT4G27420', 'AT4G28630', 'AT4G39850', 'AT4G39940', 'AT5G13580', 'AT5G19410', 'AT5G28030', 'AT5G58270', 'AT5G67520']"
NEG::mixture::0061,0,cross_pathway_mixture,synthetic_negative,"['AT1G66540', 'AT1G79870', 'AT2G45630', 'AT3G28740', 'AT4G34540', 'AT4G37410', 'AT5G28310']"
NEG::mixture::0062,0,cross_pathway_mixture,synthetic_negative,"['AT1G22410', 'AT1G48860', 'AT2G40116', 'AT3G47290', 'AT4G33510', 'AT4G38530', 'AT4G39980', 'AT5G04540', 'AT5G58700', 'AT5G66120']"
NEG::mixture::0063,0,cross_pathway_mixture,synthetic_negative,"['AT1G02500', 'AT1G04410', 'AT1G05010', 'AT1G10060', 'AT1G10070', 'AT1G12010', 'AT1G23820', 'AT1G48420', 'AT1G49530', 'AT1G49820', 'AT1G50090', 'AT1G50110', 'AT1G53240', 'AT1G55920', 'AT1G56430', 'AT1G62800', 'AT1G69770', 'AT1G77330', 'AT1G79230', 'AT1G80360', 'AT2G17265', 'AT2G17630', 'AT2G18620', 'AT2G38400', 'AT2G43750', 'AT3G02020', 'AT3G02470', 'AT3G04940', 'AT3G14530', 'AT3G14550', 'AT3G17390', 'AT3G19480', 'AT3G23810', 'AT3G25570', 'AT3G29430', 'AT3G49680', 'AT3G59380', 'AT3G61440', 'AT3G61510', 'AT3G62130', 'AT4G01850', 'AT4G08040', 'AT4G08990', 'AT4G13610', 'AT4G13940', 'AT4G14140', 'AT4G14716', 'AT4G17260', 'AT4G19020', 'AT4G28420', 'AT4G31990', 'AT4G35630', 'AT4G35640', 'AT4G36810', 'AT4G38460', 'AT5G11520', 'AT5G13280', 'AT5G17920', 'AT5G18930', 'AT5G19550', 'AT5G20980', 'AT5G26600', 'AT5G27380', 'AT5G28030', 'AT5G36160', 'AT5G43850', 'AT5G56080', 'AT5G56720', 'AT5G56760', 'AT5G65800']"
NEG::mixture::0064,0,cross_pathway_mixture,synthetic_negative,"['AT1G10070', 'AT1G36160', 'AT1G36180', 'AT1G50090', 'AT1G68490', 'AT1G80040', 'AT1G80560', 'AT2G25710', 'AT2G43090', 'AT2G43100', 'AT3G58990', 'AT5G15530', 'AT5G27410', 'AT5G65780']"
NEG::mixture::0065,0,cross_pathway_mixture,synthetic_negative,"['AT1G29910', 'AT1G61520', 'AT2G05100', 'AT2G34420', 'AT2G34430', 'AT2G40100', 'AT3G27690', 'AT3G54890', 'AT3G61470', 'AT4G10340', 'AT4G13430', 'AT5G23020', 'AT5G28450']"
NEG::mixture::0066,0,cross_pathway_mixture,synthetic_negative,"['AT1G04280', 'AT1G06750', 'AT1G21640', 'AT1G67350', 'AT2G07785', 'AT2G30630', 'AT3G21080', 'AT3G22890', 'AT3G27890', 'AT4G28005', 'AT4G39940', 'AT5G04750', 'AT5G67520', 'ATCG01110', 'ATMG00580', 'ATMG00650']"
NEG::mixture::0067,0,cross_pathway_mixture,synthetic_negative,"['AT1G01610', 'AT1G02390', 'AT1G06520', 'AT1G11090', 'AT1G11860', 'AT1G12640', 'AT1G15080', 'AT1G18360', 'AT1G32200', 'AT1G32470', 'AT1G48030', 'AT1G54100', 'AT1G63050', 'AT2G01180', 'AT2G11810', 'AT2G19450', 'AT2G20900', 'AT3G02600', 'AT3G03520', 'AT3G11430', 'AT3G11670', 'AT3G17240', 'AT3G44830', 'AT3G56040', 'AT3G57140', 'AT3G57650', 'AT4G16155', 'AT4G30580', 'AT4G31780', 'AT4G34240', 'AT5G01220', 'AT5G04040', 'AT5G06090', 'AT5G08370', 'AT5G08380', 'AT5G41120', 'AT5G41130', 'AT5G57440', 'AT5G60620', 'AT5G63770']"
NEG::mixture::0068,0,cross_pathway_mixture,synthetic_negative,"['AT1G44318', 'AT1G55920', 'AT1G58290', 'AT1G69740', 'AT2G26540', 'AT2G30390', 'AT2G31250', 'AT3G13110', 'AT3G14930', 'AT4G03240', 'AT5G63570']"
NEG::mixture::0069,0,cross_pathway_mixture,synthetic_negative,"['AT1G10670', 'AT1G30120', 'AT1G32480', 'AT1G34430', 'AT1G60810', 'AT1G64680', 'AT2G22780', 'AT2G34590', 'AT2G42790', 'AT2G47510', 'AT3G06650', 'AT3G13930', 'AT3G16950', 'AT3G47520', 'AT3G52200', 'AT3G58740', 'AT3G58750', 'AT4G26910', 'AT4G26970', 'AT4G32810', 'AT4G35260', 'AT4G35650', 'AT4G37870', 'AT5G03290', 'AT5G09600', 'AT5G09660', 'AT5G14590', 'AT5G23250', 'AT5G49460', 'AT5G50850', 'AT5G50950', 'AT5G55070', 'AT5G65750', 'AT5G66760']"
NEG::mixture::0070,0,cross_pathway_mixture,synthetic_negative,"['AT1G30820', 'AT2G15480', 'AT2G31790', 'AT2G36750', 'AT3G20330', 'AT3G54470', 'AT3G60180', 'AT3G60961', 'AT4G20320', 'AT4G25280', 'AT4G34135', 'AT5G26667']"
NEG::mixture::0071,0,cross_pathway_mixture,synthetic_negative,"['AT1G01600', 'AT1G21480', 'AT1G34270', 'AT1G49430', 'AT1G52191', 'AT1G62940', 'AT1G64400', 'AT1G67410', 'AT1G69500', 'AT2G27690', 'AT2G28110', 'AT2G29590', 'AT2G45970', 'AT3G03650', 'AT3G05970', 'AT3G07620', 'AT3G16175', 'AT3G44550', 'AT3G48520', 'AT3G60060', 'AT4G10030', 'AT4G11030', 'AT4G23850', 'AT4G33540', 'AT5G11130', 'AT5G11610', 'AT5G16890', 'AT5G19670', 'AT5G22500', 'AT5G25820', 'AT5G33290', 'AT5G37000', 'AT5G48370']"
NEG::mixture::0072,0,cross_pathway_mixture,synthetic_negative,"['AT1G06310', 'AT1G22020', 'AT1G32470', 'AT2G33150', 'AT3G06690', 'AT3G06860', 'AT4G11640', 'AT4G32520', 'AT4G33010', 'AT5G27600', 'AT5G47720', 'AT5G48230']"
NEG::mixture::0073,0,cross_pathway_mixture,synthetic_negative,"['AT1G13420', 'AT1G13430', 'AT1G67110', 'AT4G27710', 'AT5G01320', 'AT5G38450', 'AT5G54960']"
NEG::mixture::0074,0,cross_pathway_mixture,synthetic_negative,"['AT1G08830', 'AT1G09240', 'AT1G47980', 'AT3G56350', 'AT4G00651', 'AT5G51100', 'AT5G56080']"
NEG::mixture::0075,0,cross_pathway_mixture,synthetic_negative,"['AT2G14100', 'AT2G23890', 'AT3G05300', 'AT3G20090', 'AT3G20130', 'AT4G14930', 'AT4G15360', 'AT4G29260', 'AT4G37500', 'AT5G18860', 'AT5G18870', 'AT5G18890', 'AT5G28050', 'AT5G42580']"
NEG::mixture::0076,0,cross_pathway_mixture,synthetic_negative,"['AT1G01210', 'AT1G06790', 'AT1G29940', 'AT1G53690', 'AT1G60620', 'AT1G60850', 'AT1G61700', 'AT1G62800', 'AT1G63020', 'AT2G15430', 'AT2G40030', 'AT3G16980', 'AT3G22900', 'AT3G23780', 'AT3G25940', 'AT3G49000', 'AT3G52090', 'AT3G54490', 'AT3G57080', 'AT3G57660', 'AT4G14660', 'AT4G21710', 'AT4G25180', 'AT4G31990', 'AT5G11520', 'AT5G51690', 'AT5G51940', 'AT5G60040']"
NEG::mixture::0077,0,cross_pathway_mixture,synthetic_negative,"['AT1G01420', 'AT1G07240', 'AT1G07440', 'AT1G08510', 'AT1G35290', 'AT1G49430', 'AT1G62610', 'AT1G63380', 'AT1G64400', 'AT1G66550', 'AT1G68260', 'AT1G73880', 'AT2G04540', 'AT2G05990', 'AT2G06960', 'AT2G22230', 'AT2G29730', 'AT2G29740', 'AT3G05970', 'AT3G16520', 'AT3G19000', 'AT3G46660', 'AT3G46670', 'AT3G55310', 'AT4G15280', 'AT4G23850', 'AT4G34131', 'AT4G34135', 'AT4G34138', 'AT5G05860', 'AT5G17030', 'AT5G43935', 'AT5G59580', 'AT5G59590', 'AT5G63595', 'AT5G63600', 'AT5G64250']"
NEG::mixture::0078,0,cross_pathway_mixture,synthetic_negative,"['AT1G02880', 'AT1G36580', 'AT1G65520', 'AT1G67440', 'AT3G12800', 'AT3G16990', 'AT4G14430', 'AT4G14440', 'AT4G29530', 'AT5G19460']"
NEG::mixture::0079,0,cross_pathway_mixture,synthetic_negative,"['AT1G48605', 'AT1G65590', 'AT2G18250', 'AT2G27490', 'AT3G55260', 'AT3G56310', 'AT5G08370', 'AT5G08380']"
NEG::mixture::0080,0,cross_pathway_mixture,synthetic_negative,"['AT1G17290', 'AT1G17300', 'AT1G55020', 'AT1G70580', 'AT1G72520', 'AT2G06925', 'AT3G45140']"
NEG::mixture::0081,0,cross_pathway_mixture,synthetic_negative,"['AT1G31690', 'AT1G62430', 'AT1G62810', 'AT2G24850', 'AT3G15290', 'AT3G43670', 'AT3G53260', 'AT3G55030', 'AT4G00400', 'AT4G12290', 'AT4G14940', 'AT4G16210', 'AT4G22340', 'AT4G23590', 'AT4G34880', 'AT5G04230', 'AT5G10330', 'AT5G11520', 'AT5G53970', 'AT5G57170', 'ATCG01010']"
NEG::mixture::0082,0,cross_pathway_mixture,synthetic_negative,"['AT1G30820', 'AT1G57750', 'AT1G65340', 'AT2G16370', 'AT2G23180', 'AT3G10030', 'AT3G54470', 'AT3G60180', 'AT3G60961', 'AT4G22930', 'AT4G39490', 'AT4G39500', 'AT4G39510', 'AT5G17760', 'AT5G26667', 'AT5G37300', 'AT5G59440', 'AT5G63310']"
NEG::mixture::0083,0,cross_pathway_mixture,synthetic_negative,"['AT1G34540', 'AT1G51780', 'AT3G01900', 'AT3G02875', 'AT3G10550', 'AT3G47220', 'AT3G55940', 'AT3G56630', 'AT4G34930', 'AT5G58700', 'AT5G63450']"
NEG::mixture::0084,0,cross_pathway_mixture,synthetic_negative,"['AT1G07420', 'AT1G11680', 'AT1G58936', 'AT1G59171', 'AT2G29390', 'AT2G33630', 'AT2G34490', 'AT2G34500', 'AT3G02580', 'AT3G20960', 'AT4G12110', 'AT4G22756', 'AT5G07370', 'AT5G42810', 'AT5G50375']"
NEG::mixture::0085,0,cross_pathway_mixture,synthetic_negative,"['AT1G49430', 'AT1G62940', 'AT1G64670', 'AT1G75020', 'AT2G45150', 'AT2G47245', 'AT3G05970', 'AT3G11325', 'AT3G11430', 'AT3G18850', 'AT3G47630', 'AT3G57650', 'AT3G60620', 'AT4G01950', 'AT4G11030', 'AT4G22340', 'AT4G30580', 'AT5G06090', 'AT5G27600', 'AT5G60620']"
NEG::mixture::0086,0,cross_pathway_mixture,synthetic_negative,"['AT1G17050', 'AT1G26640', 'AT1G28130', 'AT1G31910', 'AT2G14960', 'AT2G17570', 'AT2G23410', 'AT2G23800', 'AT2G26930', 'AT2G34630', 'AT2G36305', 'AT3G02780', 'AT3G14510', 'AT3G14530', 'AT3G20160', 'AT3G29430', 'AT3G59380', 'AT4G01320', 'AT4G11820', 'AT4G17190', 'AT5G08335', 'AT5G11380', 'AT5G13350', 'AT5G13360', 'AT5G13380', 'AT5G15860', 'AT5G16440', 'AT5G27450', 'AT5G40280', 'AT5G47770', 'AT5G54510', 'AT5G58560', 'AT5G58782', 'AT5G58784', 'AT5G60500', 'AT5G62790']"
NEG::mixture::0087,0,cross_pathway_mixture,synthetic_negative,"['AT2G16370', 'AT2G17630', 'AT3G16050', 'AT4G29840', 'AT4G35630', 'AT5G01410', 'AT5G17760', 'AT5G49970', 'AT5G53580', 'AT5G59440']"
NEG::mixture::0088,0,cross_pathway_mixture,synthetic_negative,"['AT1G06130', 'AT1G08110', 'AT1G48850', 'AT1G48860', 'AT1G67280', 'AT2G31350', 'AT2G43430', 'AT2G45300']"
NEG::mixture::0089,0,cross_pathway_mixture,synthetic_negative,"['AT1G01600', 'AT1G23800', 'AT1G23820', 'AT1G34500', 'AT1G44170', 'AT1G62800', 'AT1G69500', 'AT1G70310', 'AT2G14260', 'AT2G17720', 'AT2G33380', 'AT2G37700', 'AT2G43020', 'AT3G02030', 'AT3G02470', 'AT3G10560', 'AT3G10570', 'AT3G25570', 'AT3G26840', 'AT3G28480', 'AT3G28490', 'AT3G44540', 'AT3G44550', 'AT3G44560', 'AT3G47450', 'AT3G49190', 'AT3G49200', 'AT3G49210', 'AT3G55610', 'AT3G56700', 'AT3G59050', 'AT4G00360', 'AT4G08870', 'AT4G33910', 'AT4G34880', 'AT5G11520', 'AT5G14800', 'AT5G18900', 'AT5G18930', 'AT5G19550', 'AT5G22420', 'AT5G22490', 'AT5G23190', 'AT5G29560', 'AT5G38710', 'AT5G41120', 'AT5G51420', 'AT5G55240', 'AT5G55340', 'AT5G55350', 'AT5G55360', 'AT5G55370', 'AT5G55380', 'AT5G57800', 'AT5G58860', 'AT5G61160', 'AT5G62530', 'AT5G63560', 'AT5G66060']"
NEG::mixture::0090,0,cross_pathway_mixture,synthetic_negative,"['AT1G48470', 'AT1G51780', 'AT1G80600', 'AT2G22905', 'AT2G22910', 'AT2G37500', 'AT3G01900', 'AT3G02875', 'AT3G56630', 'AT3G57560', 'AT5G07010', 'AT5G56650']"
NEG::mixture::0091,0,cross_pathway_mixture,synthetic_negative,"['AT1G10060', 'AT1G10070', 'AT1G12140', 'AT1G18590', 'AT1G24100', 'AT1G62540', 'AT1G62580', 'AT1G62600', 'AT1G63390', 'AT1G74090', 'AT1G79370', 'AT2G20610', 'AT2G23960', 'AT3G48560', 'AT4G29210', 'AT4G30530', 'AT4G30550', 'AT4G39640', 'AT4G39650']"
NEG::mixture::0092,0,cross_pathway_mixture,synthetic_negative,"['AT1G08980', 'AT2G23420', 'AT2G36880', 'AT3G23810', 'AT4G36940', 'AT5G55760', 'AT5G55810']"
NEG::mixture::0093,0,cross_pathway_mixture,synthetic_negative,"['AT1G01460', 'AT1G21920', 'AT1G21980', 'AT1G27535', 'AT1G34260', 'AT1G49340', 'AT1G51040', 'AT1G60490', 'AT1G77660', 'AT2G03890', 'AT2G16370', 'AT3G09920', 'AT3G14270', 'AT3G48190', 'AT3G56600', 'AT3G56960', 'AT4G01190', 'AT4G17080', 'AT4G34570', 'AT4G38570', 'AT5G24240', 'AT5G59440']"
NEG::mixture::0094,0,cross_pathway_mixture,synthetic_negative,"['AT1G16820', 'AT1G47840', 'AT1G50460', 'AT2G07698', 'AT2G33040', 'AT3G20040', 'AT5G08670', 'AT5G08680', 'AT5G62573', 'ATMG00480']"
NEG::mixture::0095,0,cross_pathway_mixture,synthetic_negative,"['AT1G01360', 'AT1G01560', 'AT1G05100', 'AT1G07430', 'AT1G10210', 'AT1G17550', 'AT1G18150', 'AT1G19230', 'AT1G20620', 'AT1G32640', 'AT1G50060', 'AT1G51660', 'AT1G59580', 'AT1G60940', 'AT1G63440', 'AT1G66340', 'AT1G66410', 'AT1G73000', 'AT1G75830', 'AT1G78290', 'AT2G14580', 'AT2G14610', 'AT2G19190', 'AT2G19990', 'AT2G25490', 'AT2G26040', 'AT2G27050', 'AT2G32510', 'AT2G38050', 'AT2G38310', 'AT2G38470', 'AT2G40330', 'AT2G41090', 'AT2G41110', 'AT2G43790', 'AT3G06110', 'AT3G11410', 'AT3G12500', 'AT3G13730', 'AT3G18690', 'AT3G19690', 'AT3G21220', 'AT3G23150', 'AT3G23240', 'AT3G45640', 'AT3G50500', 'AT3G50660', 'AT3G61510', 'AT4G01250', 'AT4G01370', 'AT4G08480', 'AT4G08500', 'AT4G11230', 'AT4G11280', 'AT4G11330', 'AT4G13000', 'AT4G17870', 'AT4G18620', 'AT4G23900', 'AT4G33520', 'AT4G33730', 'AT4G33950', 'AT4G36450', 'AT4G40010', 'AT5G21120', 'AT5G44420', 'AT5G44790', 'AT5G45860', 'AT5G46790', 'AT5G51760', 'AT5G53210', 'AT5G57050', 'AT5G59220', 'AT5G62230', 'AT5G63310', 'AT5G66880']"
NEG::mixture::0096,0,cross_pathway_mixture,synthetic_negative,"['AT1G09420', 'AT1G20950', 'AT1G23190', 'AT1G30120', 'AT1G34430', 'AT1G43670', 'AT1G48030', 'AT1G59900', 'AT1G63290', 'AT1G64190', 'AT1G70730', 'AT1G71100', 'AT2G21330', 'AT2G34590', 'AT2G44530', 'AT2G45290', 'AT3G01850', 'AT3G02360', 'AT3G13930', 'AT3G27300', 'AT3G49360', 'AT3G60750', 'AT4G04040', 'AT4G16155', 'AT4G24620', 'AT4G26270', 'AT4G26530', 'AT5G03690', 'AT5G13110', 'AT5G13420', 'AT5G24400', 'AT5G24410', 'AT5G24420', 'AT5G44520', 'AT5G50850', 'AT5G51820', 'AT5G56630']"
NEG::mixture::0097,0,cross_pathway_mixture,synthetic_negative,"['AT1G11560', 'AT1G16570', 'AT1G17420', 'AT1G30000', 'AT1G32210', 'AT1G34130', 'AT1G48140', 'AT1G67880', 'AT1G72590', 'AT2G13290', 'AT2G35520', 'AT2G39630', 'AT2G40190', 'AT2G44660', 'AT2G47760', 'AT3G01620', 'AT3G12587', 'AT3G22400', 'AT3G45140', 'AT3G57220', 'AT4G16710', 'AT4G21150', 'AT4G29870', 'AT4G38240', 'AT5G02502', 'AT5G03080', 'AT5G14480', 'AT5G63840', 'AT5G66680']"
NEG::mixture::0098,0,cross_pathway_mixture,synthetic_negative,"['AT1G04410', 'AT3G47520', 'AT3G56040', 'AT4G26850', 'AT4G33670', 'AT4G39120', 'AT5G01220', 'AT5G09660']"
NEG::mixture::0099,0,cross_pathway_mixture,synthetic_negative,"['AT1G30820', 'AT1G37150', 'AT2G22230', 'AT2G25710', 'AT2G34890', 'AT2G43360', 'AT3G03980', 'AT3G12670', 'AT3G60961', 'AT4G02120', 'AT4G13180', 'AT4G20320', 'AT4G25280', 'AT5G04620', 'AT5G10160', 'AT5G63310']"
NEG::mixture::0100,0,cross_pathway_mixture,synthetic_negative,"['AT1G08940', 'AT1G52940', 'AT1G54780', 'AT1G61680', 'AT2G16430', 'AT2G32770', 'AT2G38600', 'AT3G17790', 'AT3G20500', 'AT3G25810', 'AT3G25820', 'AT3G46120', 'AT3G52780', 'AT3G52810', 'AT3G52820', 'AT4G13700', 'AT4G24890', 'AT5G08260', 'AT5G24780', 'AT5G44020']"
NEG::mixture::0101,0,cross_pathway_mixture,synthetic_negative,"['AT1G04040', 'AT1G04750', 'AT1G04760', 'AT1G14700', 'AT1G15880', 'AT1G16225', 'AT1G16230', 'AT1G16240', 'AT1G26670', 'AT1G29060', 'AT1G51740', 'AT1G52940', 'AT1G56360', 'AT2G01880', 'AT2G36900', 'AT2G38600', 'AT3G05170', 'AT3G05710', 'AT3G17790', 'AT3G20500', 'AT3G24890', 'AT3G45280', 'AT3G52400', 'AT3G52780', 'AT3G54300', 'AT3G55600', 'AT3G58170', 'AT3G61450', 'AT4G03330', 'AT4G13700', 'AT4G14600', 'AT4G15780', 'AT4G24890', 'AT4G32150', 'AT4G36350', 'AT5G05760', 'AT5G08260', 'AT5G22360', 'AT5G24770', 'AT5G39510', 'AT5G39630', 'AT5G50400', 'AT5G51260', 'AT5G58060']"
NEG::mixture::0102,0,cross_pathway_mixture,synthetic_negative,"['AT1G03475', 'AT1G08380', 'AT1G20020', 'AT1G20340', 'AT1G30380', 'AT1G44575', 'AT1G52230', 'AT1G60950', 'AT1G67740', 'AT1G79040', 'AT2G20260', 'AT2G27510', 'AT2G30390', 'AT2G30790', 'AT3G50820', 'AT3G55330', 'AT4G02770', 'AT4G03205', 'AT4G03280', 'AT4G05390', 'AT4G12800', 'AT4G14890', 'AT4G21280', 'AT4G28660', 'AT4G32260', 'AT5G14220', 'AT5G45040']"
NEG::mixture::0103,0,cross_pathway_mixture,synthetic_negative,"['AT1G05790', 'AT1G06800', 'AT1G18360', 'AT1G21390', 'AT1G30370', 'AT1G78210', 'AT2G18360', 'AT3G14075', 'AT3G44510', 'AT3G49050', 'AT3G54950', 'AT3G63200', 'AT4G00500', 'AT4G16070', 'AT4G16820', 'AT4G18550', 'AT4G19420', 'AT4G26850', 'AT4G29800', 'AT4G33670', 'AT4G36610', 'AT4G37060', 'AT5G37710', 'AT5G43590', 'AT5G55120']"
NEG::mixture::0104,0,cross_pathway_mixture,synthetic_negative,"['AT1G30820', 'AT1G74290', 'AT2G23560', 'AT2G23570', 'AT2G23600', 'AT2G23610', 'AT2G23620', 'AT3G03230', 'AT3G20330', 'AT3G60180', 'AT4G20320', 'AT4G22930', 'AT4G37140', 'AT5G23300', 'AT5G26667', 'AT5G63310']"
NEG::mixture::0105,0,cross_pathway_mixture,synthetic_negative,"['AT1G09840', 'AT1G13180', 'AT1G16710', 'AT1G22300', 'AT1G26480', 'AT1G34760', 'AT1G57870', 'AT1G60430', 'AT1G64040', 'AT1G79000', 'AT2G02580', 'AT2G16370', 'AT2G17800', 'AT2G21550', 'AT2G29900', 'AT2G31300', 'AT2G35110', 'AT2G42590', 'AT3G02520', 'AT3G05580', 'AT3G12980', 'AT3G26290', 'AT3G26300', 'AT3G26310', 'AT3G26330', 'AT3G27000', 'AT3G52640', 'AT3G60180', 'AT3G60961', 'AT4G01710', 'AT4G09000', 'AT4G14147', 'AT4G19045', 'AT4G29600', 'AT4G29610', 'AT4G29620', 'AT4G29630', 'AT5G09310', 'AT5G10450', 'AT5G20430', 'AT5G20440', 'AT5G25130', 'AT5G25140', 'AT5G25180', 'AT5G27840', 'AT5G38480', 'AT5G45550', 'AT5G59160']"
NEG::mixture::0106,0,cross_pathway_mixture,synthetic_negative,"['AT1G08190', 'AT1G10130', 'AT1G20090', 'AT1G22740', 'AT1G52280', 'AT1G56340', 'AT1G59820', 'AT1G64910', 'AT1G64920', 'AT1G75840', 'AT1G79450', 'AT2G05170', 'AT2G15230', 'AT2G17800', 'AT2G18560', 'AT2G18570', 'AT2G22930', 'AT2G23000', 'AT3G18820', 'AT3G48040', 'AT3G54860', 'AT4G00800', 'AT4G08870', 'AT4G09500', 'AT4G19640', 'AT4G20100', 'AT4G27570', 'AT4G28950', 'AT5G04930', 'AT5G13430', 'AT5G17040', 'AT5G27650', 'AT5G45130', 'AT5G45970', 'AT5G46150', 'AT5G53990', 'AT5G54060']"
NEG::mixture::0107,0,cross_pathway_mixture,synthetic_negative,"['AT1G31860', 'AT1G58080', 'AT1G71920', 'AT2G23600', 'AT2G23610', 'AT2G36230', 'AT3G10870', 'AT3G22425', 'AT5G58310']"
NEG::mixture::0108,0,cross_pathway_mixture,synthetic_negative,"['AT1G19540', 'AT1G33320', 'AT1G75300', 'AT3G57050', 'AT4G23590', 'AT4G23600']"
NEG::mixture::0109,0,cross_pathway_mixture,synthetic_negative,"['AT1G44000', 'AT1G53520', 'AT2G06960', 'AT2G44800', 'AT3G19000', 'AT3G44880', 'AT3G51240', 'AT3G55120', 'AT4G10500', 'AT4G22920', 'AT4G25290', 'AT4G34850', 'AT4G37000', 'AT5G05270', 'AT5G07480', 'AT5G08640', 'AT5G13930', 'AT5G19850', 'AT5G24530', 'AT5G43935', 'AT5G63590', 'AT5G63600', 'AT5G66220']"
NEG::mixture::0110,0,cross_pathway_mixture,synthetic_negative,"['AT1G04810', 'AT1G09100', 'AT1G16470', 'AT1G20200', 'AT1G29150', 'AT1G53780', 'AT1G64520', 'AT1G64750', 'AT1G75990', 'AT1G77440', 'AT1G79210', 'AT2G05840', 'AT2G06960', 'AT2G20580', 'AT2G32730', 'AT3G05530', 'AT3G14290', 'AT3G19010', 'AT3G22630', 'AT3G26340', 'AT3G27430', 'AT3G60820', 'AT4G14800', 'AT4G15165', 'AT4G29040', 'AT4G31300', 'AT5G07990', 'AT5G08640', 'AT5G19990', 'AT5G35590', 'AT5G42040', 'AT5G45010', 'AT5G48020', 'AT5G57950', 'AT5G63580', 'AT5G63590', 'AT5G66140']"
NEG::mixture::0111,0,cross_pathway_mixture,synthetic_negative,"['AT1G17050', 'AT1G78510', 'AT2G02497', 'AT2G02500', 'AT2G13810', 'AT2G18620', 'AT2G23800', 'AT2G34630', 'AT2G45440', 'AT3G02780', 'AT3G14510', 'AT3G21500', 'AT3G53580', 'AT3G59380', 'AT3G59890', 'AT3G60880', 'AT4G15560', 'AT4G19710', 'AT5G11380', 'AT5G11880', 'AT5G47770']"
NEG::mixture::0112,0,cross_pathway_mixture,synthetic_negative,"['AT1G04280', 'AT1G04680', 'AT1G05650', 'AT1G06750', 'AT1G11580', 'AT1G14420', 'AT1G16700', 'AT1G26570', 'AT1G63290', 'AT1G67350', 'AT1G69940', 'AT2G02720', 'AT2G07689', 'AT2G07785', 'AT2G21370', 'AT2G30630', 'AT2G37790', 'AT2G43860', 'AT2G43880', 'AT2G43890', 'AT2G47030', 'AT2G47550', 'AT3G01010', 'AT3G01850', 'AT3G05620', 'AT3G06830', 'AT3G07820', 'AT3G07830', 'AT3G09540', 'AT3G14310', 'AT3G15720', 'AT3G27890', 'AT3G29360', 'AT3G43270', 'AT3G53190', 'AT3G54920', 'AT3G55140', 'AT3G57510', 'AT3G59850', 'AT3G60730', 'AT4G02300', 'AT4G02330', 'AT4G13710', 'AT4G18180', 'AT4G24780', 'AT4G28005', 'AT4G30310', 'AT4G35670', 'AT5G01670', 'AT5G04310', 'AT5G04750', 'AT5G04970', 'AT5G07410', 'AT5G14470', 'AT5G19730', 'AT5G27870', 'AT5G44830', 'AT5G44840', 'AT5G49180', 'AT5G51490', 'AT5G51500', 'AT5G51970', 'AT5G52560', 'AT5G55590', 'ATMG00650', 'ATMG01275', 'ATMG01320']"
NEG::mixture::0113,0,cross_pathway_mixture,synthetic_negative,"['AT1G14520', 'AT1G24280', 'AT1G64190', 'AT3G49360', 'AT5G13110', 'AT5G14470', 'AT5G24400', 'AT5G35790', 'AT5G40760', 'AT5G52560']"
NEG::mixture::0114,0,cross_pathway_mixture,synthetic_negative,"['AT1G08510', 'AT1G24360', 'AT1G36160', 'AT1G49430', 'AT1G62640', 'AT1G74960', 'AT2G04350', 'AT2G04540', 'AT2G22230', 'AT2G43710', 'AT2G45150', 'AT3G02620', 'AT3G02630', 'AT3G05970', 'AT3G16170', 'AT3G23790', 'AT3G25110', 'AT3G60620', 'AT4G11030', 'AT4G14070', 'AT4G26770', 'AT4G30580', 'AT5G15530', 'AT5G16240', 'AT5G27600', 'ATCG01010']"
NEG::mixture::0115,0,cross_pathway_mixture,synthetic_negative,"['AT1G55920', 'AT1G62610', 'AT1G63380', 'AT2G22230', 'AT3G45770', 'AT3G46170', 'AT3G55290', 'AT5G56760']"
NEG::mixture::0116,0,cross_pathway_mixture,synthetic_negative,"['AT1G58370', 'AT1G69190', 'AT2G14690', 'AT2G21550', 'AT3G10740', 'AT3G19620', 'AT3G45940', 'AT3G54970', 'AT4G08160', 'AT4G22475', 'AT4G24380', 'AT4G30000', 'AT4G33820', 'AT4G38300', 'AT5G41480', 'AT5G47000', 'AT5G49360', 'AT5G64570', 'AT5G65400']"
NEG::mixture::0117,0,cross_pathway_mixture,synthetic_negative,"['AT1G01890', 'AT1G04970', 'AT1G05980', 'AT1G06480', 'AT1G06610', 'AT1G06860', 'AT1G07760', 'AT1G07880', 'AT1G11030', 'AT1G11550', 'AT1G12510', 'AT1G12590', 'AT1G13010', 'AT1G13240', 'AT1G13850', 'AT1G14610', 'AT1G15090', 'AT1G15650', 'AT1G17670', 'AT1G17960', 'AT1G18130', 'AT1G20040', 'AT1G20090', 'AT1G20170', 'AT1G20210', 'AT1G20250', 'AT1G20420', 'AT1G25350', 'AT1G27160', 'AT1G28350', 'AT1G28720', 'AT1G28800', 'AT1G28820', 'AT1G28840', 'AT1G28850', 'AT1G28860', 'AT1G28870', 'AT1G28880', 'AT1G28930', 'AT1G28940', 'AT1G28950', 'AT1G28970', 'AT1G28980', 'AT1G29880', 'AT1G30430', 'AT1G31110', 'AT1G32620', 'AT1G36350', 'AT1G42120', 'AT1G45234', 'AT1G45238', 'AT1G45242', 'AT1G45244', 'AT1G48080', 'AT1G49020', 'AT1G49690', 'AT1G50100', 'AT1G52170', 'AT1G52860', 'AT1G53220', 'AT1G54670', 'AT1G56740', 'AT1G56760', 'AT1G56770', 'AT1G56800', 'AT1G56810', 'AT1G56830', 'AT1G56850', 'AT1G56860', 'AT1G56870', 'AT1G56880', 'AT1G56890', 'AT1G56910', 'AT1G56930', 'AT1G56940', 'AT1G56950', 'AT1G56960', 'AT1G56970', 'AT1G56980', 'AT1G57010', 'AT1G57020', 'AT1G57030', 'AT1G57050', 'AT1G57070', 'AT1G57120', 'AT1G57150', 'AT1G57180', 'AT1G57200', 'AT1G57210', 'AT1G57220', 'AT1G57230', 'AT1G57240', 'AT1G57280', 'AT1G57300', 'AT1G57320', 'AT1G57330', 'AT1G57340', 'AT1G57350', 'AT1G57380', 'AT1G57390', 'AT1G57460', 'AT1G57470', 'AT1G57480', 'AT1G57490', 'AT1G57500', 'AT1G57510', 'AT1G57520', 'AT1G59570', 'AT1G60580', 'AT1G60820', 'AT1G60840', 'AT1G61020', 'AT1G61880', 'AT1G61910', 'AT1G63510', 'AT1G63790', 'AT1G66530', 'AT1G68770', 'AT1G68950', 'AT1G68970', 'AT1G69300', 'AT1G70980', 'AT1G73900', 'AT1G74570', 'AT1G74610', 'AT1G75650', 'AT1G75840', 'AT1G76000', 'AT1G76330', 'AT1G77040', 'AT1G77190', 'AT1G80430', 'AT2G01160', 'AT2G02900', 'AT2G03700', 'AT2G03790', 'AT2G07748', 'AT2G07752', 'AT2G07762', 'AT2G07793', 'AT2G17810', 'AT2G18310', 'AT2G21360', 'AT2G21570', 'AT2G21700', 'AT2G22280', 'AT2G22380', 'AT2G22580', 'AT2G24380', 'AT2G25400', 'AT2G26090', 'AT2G27850', 'AT2G28730', 'AT2G28770', 'AT2G30190', 'AT2G30450', 'AT2G32110', 'AT2G33650', 'AT2G33890', 'AT2G33900', 'AT2G33920', 'AT2G33930', 'AT2G33950', 'AT2G33960', 'AT2G33970', 'AT2G35220', 'AT2G36150', 'AT2G36510', 'AT2G36520', 'AT2G36600', 'AT2G36860', 'AT2G38030', 'AT2G39600', 'AT2G39610', 'AT2G42020', 'AT2G42970', 'AT2G44690', 'AT2G45020', 'AT2G45390', 'AT2G47740', 'AT3G01705', 'AT3G02315', 'AT3G02760', 'AT3G05525', 'AT3G06665', 'AT3G07025', 'AT3G07420', 'AT3G09505', 'AT3G11285', 'AT3G12585', 'AT3G13223', 'AT3G13490', 'AT3G18952', 'AT3G19235', 'AT3G20655', 'AT3G21475', 'AT3G25715', 'AT3G26747', 'AT3G27555', 'AT3G28685', 'AT3G28695', 'AT3G44740', 'AT3G44955', 'AT3G45955', 'AT3G46100', 'AT3G46585', 'AT3G48110', 'AT3G48745', 'AT3G49925', 'AT3G50665', 'AT3G50895', 'AT3G51135', 'AT3G51265', 'AT3G52285', 'AT3G52345', 'AT3G52565', 'AT3G52955', 'AT3G55400', 'AT3G55795', 'AT3G56085', 'AT3G58035', 'AT3G58140', 'AT3G58165', 'AT3G59415', 'AT3G59926', 'AT3G61105', 'AT3G61545', 'AT3G61715', 'AT3G62120', 'AT3G62245', 'AT3G62285', 'AT3G63003', 'AT3G63006', 'AT4G00085', 'AT4G00985', 'AT4G01865', 'AT4G03285', 'AT4G03405', 'AT4G03435', 'AT4G11405', 'AT4G11985', 'AT4G12405', 'AT4G13445', 'AT4G13780', 'AT4G14345', 'AT4G18725', 'AT4G22635', 'AT4G24025', 'AT4G24565', 'AT4G25435', 'AT4G25635', 'AT4G26225', 'AT4G26300', 'AT4G26375', 'AT4G26675', 'AT4G27875', 'AT4G28915', 'AT4G28950', 'AT4G31180', 'AT4G31695', 'AT4G31895', 'AT4G32475', 'AT4G32915', 'AT4G33760', 'AT4G34035', 'AT4G34415', 'AT4G36197', 'AT4G39280', 'AT4G39615', 'AT4G39865', 'AT5G02025', 'AT5G02385', 'AT5G02725', 'AT5G02815', 'AT5G03745', 'AT5G03775', 'AT5G05985', 'AT5G06685', 'AT5G07675', 'AT5G08075', 'AT5G09655', 'AT5G09755', 'AT5G10235', 'AT5G10455', 'AT5G10525', 'AT5G10880', 'AT5G14495', 'AT5G15805', 'AT5G16715', 'AT5G18005', 'AT5G18015', 'AT5G18755', 'AT5G19720', 'AT5G20852', 'AT5G20854', 'AT5G21378', 'AT5G22800', 'AT5G23665', 'AT5G26710', 'AT5G35605', 'AT5G38905', 'AT5G39895', 'AT5G40545', 'AT5G40945', 'AT5G41265', 'AT5G41605', 'AT5G43455', 'AT5G43535', 'AT5G45745', 'AT5G49435', 'AT5G50995', 'AT5G52495', 'AT5G53487', 'AT5G54365', 'AT5G54375', 'AT5G54865', 'AT5G55045', 'AT5G55055', 'AT5G56580', 'AT5G56975', 'AT5G57885', 'AT5G59385', 'AT5G59395', 'AT5G60966', 'AT5G61445', 'AT5G61835', 'AT5G64050', 'AT5G64505', 'AT5G64735', 'AT5G64855', 'AT5G65015', 'AT5G65615', 'AT5G66755', 'AT5G67455']"
NEG::mixture::0118,0,cross_pathway_mixture,synthetic_negative,"['AT1G06020', 'AT1G33700', 'AT1G47840', 'AT1G47845', 'AT1G65590', 'AT1G67830', 'AT1G69200', 'AT3G11040', 'AT3G24180', 'AT3G26720', 'AT3G55260', 'AT4G10060', 'AT4G10260', 'AT4G29130', 'AT4G34260', 'AT4G37840', 'AT5G51830', 'AT5G51970']"
NEG::mixture::0119,0,cross_pathway_mixture,synthetic_negative,"['AT1G09350', 'AT1G12240', 'AT1G30040', 'AT1G47840', 'AT1G50460', 'AT1G50960', 'AT1G55120', 'AT1G56600', 'AT1G60450', 'AT1G60470', 'AT1G70730', 'AT1G72000', 'AT1G72990', 'AT2G22480', 'AT2G34555', 'AT3G01260', 'AT3G03250', 'AT3G06500', 'AT3G13784', 'AT3G17940', 'AT3G21420', 'AT3G46500', 'AT3G47190', 'AT3G54440', 'AT3G56310', 'AT3G57520', 'AT4G09510', 'AT4G10960', 'AT4G21200', 'AT4G26270', 'AT4G32840', 'AT4G37840', 'AT5G08380', 'AT5G11920', 'AT5G15140', 'AT5G17310', 'AT5G23790', 'AT5G47810', 'AT5G52560', 'AT5G58660']"
NEG::mixture::0120,0,cross_pathway_mixture,synthetic_negative,"['AT1G04180', 'AT1G44350', 'AT1G48910', 'AT3G01900', 'AT3G56630', 'AT4G24670', 'AT4G28720', 'AT4G32540', 'AT5G07000', 'AT5G07010', 'AT5G11320', 'AT5G25620', 'AT5G56650']"
NEG::mixture::0121,0,cross_pathway_mixture,synthetic_negative,"['AT1G19920', 'AT1G31230', 'AT2G31830', 'AT3G22890', 'AT3G60880', 'AT4G18010', 'AT4G19710', 'AT5G13280', 'AT5G14060']"
NEG::mixture::0122,0,cross_pathway_mixture,synthetic_negative,"['AT1G06290', 'AT1G06310', 'AT1G22430', 'AT1G23800', 'AT1G32780', 'AT1G44170', 'AT1G64710', 'AT1G65520', 'AT1G69500', 'AT1G77120', 'AT3G04480', 'AT3G06690', 'AT3G23790', 'AT3G48000', 'AT3G51840', 'AT4G14070', 'AT4G14430', 'AT4G14440', 'AT4G29010', 'AT4G34240', 'AT4G36250', 'AT5G27600', 'AT5G47720', 'AT5G48880', 'AT5G63010']"
NEG::mixture::0123,0,cross_pathway_mixture,synthetic_negative,"['AT1G20270', 'AT1G23800', 'AT1G54100', 'AT1G62800', 'AT2G23096', 'AT2G27450', 'AT2G30970', 'AT2G43020', 'AT2G43080', 'AT3G02470', 'AT3G27890', 'AT3G30775', 'AT3G55610', 'AT3G59050', 'AT4G25600', 'AT4G27270', 'AT4G33910', 'AT4G34240', 'AT4G35810', 'AT4G36750', 'AT5G11520', 'AT5G13700', 'AT5G14800', 'AT5G15950', 'AT5G18930', 'AT5G38710', 'AT5G46180', 'AT5G53120', 'AT5G54500', 'AT5G61160', 'AT5G66060']"
NEG::mixture::0124,0,cross_pathway_mixture,synthetic_negative,"['AT1G05055', 'AT1G05590', 'AT1G07370', 'AT1G08130', 'AT1G08260', 'AT1G11475', 'AT1G12400', 'AT1G18040', 'AT1G18340', 'AT1G19750', 'AT1G21690', 'AT1G27840', 'AT1G53690', 'AT1G54250', 'AT1G61050', 'AT1G61700', 'AT1G62886', 'AT1G63160', 'AT1G65590', 'AT1G66750', 'AT2G27120', 'AT2G38150', 'AT2G41340', 'AT2G42120', 'AT3G02920', 'AT3G05210', 'AT3G52630', 'AT3G57080', 'AT3G61420', 'AT4G05420', 'AT4G12100', 'AT4G17020', 'AT4G35800', 'AT5G08020', 'AT5G08370', 'AT5G16090', 'AT5G16630', 'AT5G20570', 'AT5G22010', 'AT5G22110', 'AT5G27620', 'AT5G27740', 'AT5G41010', 'AT5G41150', 'AT5G41360', 'AT5G45400', 'AT5G58760']"
NEG::mixture::0125,0,cross_pathway_mixture,synthetic_negative,"['AT1G23190', 'AT1G36160', 'AT1G36180', 'AT1G52670', 'AT1G70730', 'AT1G80040', 'AT3G06580', 'AT3G15690']"
NEG::mixture::0126,0,cross_pathway_mixture,synthetic_negative,"['AT1G05610', 'AT1G11720', 'AT1G23190', 'AT1G32900', 'AT1G67350', 'AT2G07689', 'AT2G07751', 'AT2G07785', 'AT2G18450', 'AT2G36390', 'AT2G39930', 'AT3G01180', 'AT3G22370', 'AT4G28005', 'AT4G39210', 'AT5G03650', 'AT5G09600', 'AT5G63625', 'AT5G64687', 'AT5G65165', 'AT5G65685', 'ATCG00420', 'ATCG00430', 'ATCG01090', 'ATCG01110', 'ATMG00270', 'ATMG00990', 'ATMG01275']"
NEG::mixture::0127,0,cross_pathway_mixture,synthetic_negative,"['AT1G20500', 'AT1G20510', 'AT1G24735', 'AT1G67980', 'AT1G67990', 'AT1G77240', 'AT3G05970', 'AT3G21230', 'AT3G48990', 'AT3G61990', 'AT4G05160', 'AT4G23340', 'AT4G26220', 'AT5G16340', 'AT5G16370', 'AT5G23050', 'AT5G38120']"
NEG::mixture::0128,0,cross_pathway_mixture,synthetic_negative,"['AT1G04010', 'AT1G06520', 'AT1G13190', 'AT1G15080', 'AT1G15130', 'AT1G27200', 'AT1G27630', 'AT1G48300', 'AT1G54570', 'AT1G64670', 'AT1G67220', 'AT1G75020', 'AT2G01180', 'AT2G18040', 'AT2G19830', 'AT2G27600', 'AT2G34210', 'AT2G43255', 'AT3G02030', 'AT3G03110', 'AT3G11325', 'AT3G12980', 'AT3G18220', 'AT3G26840', 'AT3G49200', 'AT3G50920', 'AT3G57650', 'AT3G58490', 'AT4G01950', 'AT4G19560', 'AT4G22550', 'AT4G24160', 'AT5G03080', 'AT5G13860', 'AT5G16350', 'AT5G17020', 'AT5G20010', 'AT5G22490', 'AT5G40270', 'AT5G41120', 'AT5G42870', 'AT5G55190', 'AT5G55670', 'AT5G60620', 'AT5G62600', 'AT5G63670', 'AT5G66450']"
NEG::mixture::0129,0,cross_pathway_mixture,synthetic_negative,"['AT1G19540', 'AT1G30820', 'AT1G75300', 'AT2G34890', 'AT3G10030', 'AT3G18680', 'AT3G20330', 'AT4G22930', 'AT5G23300', 'AT5G63310']"
NEG::mixture::0130,0,cross_pathway_mixture,synthetic_negative,"['AT1G01270', 'AT1G01870', 'AT1G01890', 'AT1G02480', 'AT1G02600', 'AT1G02760', 'AT1G03570', 'AT1G03640', 'AT1G04720', 'AT1G05390', 'AT1G05980', 'AT1G06480', 'AT1G06880', 'AT1G07100', 'AT1G07580', 'AT1G08950', 'AT1G09110', 'AT1G09620', 'AT1G10440', 'AT1G11010', 'AT1G11640', 'AT1G11870', 'AT1G12510', 'AT1G12590', 'AT1G13240', 'AT1G13720', 'AT1G15090', 'AT1G15450', 'AT1G15650', 'AT1G16100', 'AT1G16450', 'AT1G17960', 'AT1G18130', 'AT1G18430', 'AT1G20820', 'AT1G22320', 'AT1G24080', 'AT1G27160', 'AT1G28350', 'AT1G28780', 'AT1G28790', 'AT1G28800', 'AT1G28810', 'AT1G28850', 'AT1G28890', 'AT1G28910', 'AT1G28950', 'AT1G28970', 'AT1G29210', 'AT1G29880', 'AT1G30430', 'AT1G36350', 'AT1G45234', 'AT1G45240', 'AT1G45242', 'AT1G48080', 'AT1G49690', 'AT1G50070', 'AT1G50100', 'AT1G52170', 'AT1G52860', 'AT1G53220', 'AT1G53410', 'AT1G55625', 'AT1G56730', 'AT1G56740', 'AT1G56780', 'AT1G56800', 'AT1G56840', 'AT1G56860', 'AT1G56870', 'AT1G56880', 'AT1G56890', 'AT1G56900', 'AT1G56920', 'AT1G56930', 'AT1G56940', 'AT1G56960', 'AT1G56970', 'AT1G56990', 'AT1G57010', 'AT1G57020', 'AT1G57030', 'AT1G57040', 'AT1G57060', 'AT1G57070', 'AT1G57080', 'AT1G57090', 'AT1G57120', 'AT1G57130', 'AT1G57150', 'AT1G57180', 'AT1G57190', 'AT1G57200', 'AT1G57220', 'AT1G57260', 'AT1G57290', 'AT1G57330', 'AT1G57340', 'AT1G57350', 'AT1G57380', 'AT1G57400', 'AT1G57430', 'AT1G57460', 'AT1G57470', 'AT1G57480', 'AT1G57530', 'AT1G59570', 'AT1G60580', 'AT1G60910', 'AT1G61910', 'AT1G63510', 'AT1G63790', 'AT1G64120', 'AT1G66530', 'AT1G68770', 'AT1G69300', 'AT1G70050', 'AT1G72780', 'AT1G73900', 'AT1G74570', 'AT1G74610', 'AT1G75070', 'AT1G75650', 'AT1G76000', 'AT1G78250', 'AT1G79240', 'AT1G80250', 'AT2G02900', 'AT2G03660', 'AT2G03700', 'AT2G07748', 'AT2G07752', 'AT2G07756', 'AT2G07757', 'AT2G07765', 'AT2G07792', 'AT2G16240', 'AT2G17810', 'AT2G21360', 'AT2G21570', 'AT2G21700', 'AT2G22110', 'AT2G22220', 'AT2G22580', 'AT2G23020', 'AT2G24380', 'AT2G25840', 'AT2G27850', 'AT2G29030', 'AT2G29520', 'AT2G30180', 'AT2G30450', 'AT2G30850', 'AT2G31170', 'AT2G33140', 'AT2G33650', 'AT2G33890', 'AT2G33900', 'AT2G33910', 'AT2G33920', 'AT2G33930', 'AT2G33950', 'AT2G36140', 'AT2G36520', 'AT2G36600', 'AT2G36860', 'AT2G38030', 'AT2G42970', 'AT2G43300', 'AT2G45020', 'AT2G45390', 'AT2G46120', 'AT2G47740', 'AT3G02335', 'AT3G02660', 'AT3G03845', 'AT3G04525', 'AT3G05755', 'AT3G06105', 'AT3G06335', 'AT3G06665', 'AT3G07055', 'AT3G09585', 'AT3G10035', 'AT3G10415', 'AT3G11285', 'AT3G11505', 'AT3G11710', 'AT3G12585', 'AT3G13335', 'AT3G13490', 'AT3G15055', 'AT3G15585', 'AT3G19235', 'AT3G20885', 'AT3G25715', 'AT3G26747', 'AT3G27555', 'AT3G27825', 'AT3G27845', 'AT3G28685', 'AT3G28695', 'AT3G29095', 'AT3G44740', 'AT3G45965', 'AT3G46585', 'AT3G46875', 'AT3G49925', 'AT3G50665', 'AT3G50895', 'AT3G51265', 'AT3G52285', 'AT3G52345', 'AT3G52565', 'AT3G52765', 'AT3G52955', 'AT3G55400', 'AT3G55735', 'AT3G55795', 'AT3G56085', 'AT3G56300', 'AT3G59923', 'AT3G60075', 'AT3G61105', 'AT3G61545', 'AT3G61715', 'AT3G61755', 'AT3G62120', 'AT3G62245', 'AT3G63006', 'AT4G00985', 'AT4G01355', 'AT4G01865', 'AT4G03435', 'AT4G04350', 'AT4G10320', 'AT4G11216', 'AT4G11985', 'AT4G12065', 'AT4G12115', 'AT4G13265', 'AT4G13445', 'AT4G14345', 'AT4G15775', 'AT4G16235', 'AT4G17612', 'AT4G17765', 'AT4G17975', 'AT4G22265', 'AT4G22754', 'AT4G23635', 'AT4G25280', 'AT4G25435', 'AT4G26225', 'AT4G26385', 'AT4G26870', 'AT4G27875', 'AT4G27885', 'AT4G29415', 'AT4G31075', 'AT4G31180', 'AT4G31895', 'AT4G32265', 'AT4G32475', 'AT4G32915', 'AT4G34035', 'AT4G34695', 'AT4G36197', 'AT4G36635', 'AT4G37175', 'AT4G39195', 'AT4G39615', 'AT4G39985', 'AT5G02025', 'AT5G02615', 'AT5G02725', 'AT5G03406', 'AT5G03452', 'AT5G03705', 'AT5G03745', 'AT5G03775', 'AT5G05945', 'AT5G06125', 'AT5G07315', 'AT5G08075', 'AT5G09345', 'AT5G10455', 'AT5G10525', 'AT5G11475', 'AT5G14035', 'AT5G14495', 'AT5G15805', 'AT5G16375', 'AT5G18005', 'AT5G19095', 'AT5G19720', 'AT5G20856', 'AT5G25585', 'AT5G25625', 'AT5G26710', 'AT5G32017', 'AT5G38830', 'AT5G41265', 'AT5G41605', 'AT5G43535', 'AT5G44375', 'AT5G45715', 'AT5G45745', 'AT5G46105', 'AT5G46325', 'AT5G49030', 'AT5G50995', 'AT5G52520', 'AT5G54375', 'AT5G55055', 'AT5G55505', 'AT5G56975', 'AT5G57885', 'AT5G59055', 'AT5G61835', 'AT5G63145', 'AT5G63310', 'AT5G64735', 'AT5G65305', 'AT5G65445', 'AT5G66535', 'AT5G66755', 'AT5G66817']"
NEG::mixture::0131,0,cross_pathway_mixture,synthetic_negative,"['AT1G10060', 'AT1G18500', 'AT1G23740', 'AT1G50090', 'AT1G50110', 'AT1G80560', 'AT2G21250', 'AT2G24190', 'AT2G37760', 'AT2G37790', 'AT3G03980', 'AT3G23940', 'AT3G58610', 'AT3G61220', 'AT5G14200', 'AT5G16290', 'AT5G18210', 'AT5G65780']"
NEG::mixture::0132,0,cross_pathway_mixture,synthetic_negative,"['AT1G06780', 'AT1G17050', 'AT1G19300', 'AT1G24170', 'AT1G70090', 'AT1G74088', 'AT1G78510', 'AT2G18620', 'AT2G23800', 'AT2G30575', 'AT2G38650', 'AT2G46480', 'AT3G02350', 'AT3G14510', 'AT3G14550', 'AT3G20160', 'AT3G61130', 'AT4G02130', 'AT4G36810', 'AT5G15470', 'AT5G47780']"
NEG::mixture::0133,0,cross_pathway_mixture,synthetic_negative,"['AT1G05620', 'AT1G07440', 'AT1G08510', 'AT1G14230', 'AT1G20560', 'AT1G26190', 'AT1G29900', 'AT1G30110', 'AT1G30820', 'AT1G35290', 'AT1G49430', 'AT1G55810', 'AT1G62610', 'AT1G62940', 'AT1G63380', 'AT1G66550', 'AT1G72880', 'AT2G02970', 'AT2G04540', 'AT2G05990', 'AT2G16370', 'AT2G17845', 'AT2G19570', 'AT2G23820', 'AT2G34890', 'AT3G04080', 'AT3G05970', 'AT3G12670', 'AT3G17810', 'AT3G18680', 'AT3G25400', 'AT3G27060', 'AT3G27190', 'AT3G46170', 'AT3G46940', 'AT3G54470', 'AT3G55310', 'AT3G60180', 'AT4G09320', 'AT4G20320', 'AT4G26510', 'AT4G29640', 'AT5G10160', 'AT5G12200', 'AT5G18280', 'AT5G59440', 'AT5G63310', 'AT5G64370']"
NEG::mixture::0134,0,cross_pathway_mixture,synthetic_negative,"['AT1G01220', 'AT1G02000', 'AT1G02660', 'AT1G05800', 'AT1G06780', 'AT1G06800', 'AT1G08200', 'AT1G10040', 'AT1G10740', 'AT1G12780', 'AT1G18580', 'AT1G23190', 'AT1G27680', 'AT1G29120', 'AT1G30620', 'AT1G31480', 'AT1G34340', 'AT1G47840', 'AT1G50390', 'AT1G51440', 'AT1G52570', 'AT1G67070', 'AT1G74910', 'AT2G19690', 'AT2G19860', 'AT2G21590', 'AT2G30550', 'AT2G31390', 'AT2G31690', 'AT2G34850', 'AT2G35020', 'AT2G39770', 'AT2G43590', 'AT2G43600', 'AT2G43610', 'AT2G43620', 'AT2G45790', 'AT2G46480', 'AT2G47650', 'AT3G02350', 'AT3G02570', 'AT3G03310', 'AT3G03540', 'AT3G06580', 'AT3G08900', 'AT3G10740', 'AT3G23820', 'AT3G25140', 'AT3G46440', 'AT3G48610', 'AT3G50790', 'AT3G55940', 'AT3G59480', 'AT3G61680', 'AT3G62590', 'AT3G62830', 'AT4G00240', 'AT4G10960', 'AT4G11830', 'AT4G12250', 'AT4G16130', 'AT4G16820', 'AT4G19720', 'AT4G19730', 'AT4G19760', 'AT4G19800', 'AT4G19810', 'AT4G19860', 'AT4G20460', 'AT4G24620', 'AT4G30440', 'AT4G30570', 'AT4G38270', 'AT4G39210', 'AT5G09700', 'AT5G14470', 'AT5G16510', 'AT5G17310', 'AT5G18070', 'AT5G18640', 'AT5G24090', 'AT5G42930', 'AT5G44480', 'AT5G47780', 'AT5G49950', 'AT5G51830', 'AT5G52560', 'AT5G58690', 'AT5G58700', 'AT5G59290', 'AT5G64570']"
NEG::mixture::0135,0,cross_pathway_mixture,synthetic_negative,"['AT1G02730', 'AT1G05590', 'AT1G06020', 'AT1G06290', 'AT1G08510', 'AT1G12780', 'AT1G18580', 'AT1G24360', 'AT1G27680', 'AT1G30620', 'AT1G31070', 'AT1G36180', 'AT1G43800', 'AT1G47840', 'AT1G49430', 'AT1G50390', 'AT1G50460', 'AT1G64400', 'AT1G66430', 'AT1G67070', 'AT1G70730', 'AT1G74960', 'AT2G04350', 'AT2G04540', 'AT2G04650', 'AT2G21590', 'AT2G28760', 'AT2G33150', 'AT2G34850', 'AT2G35690', 'AT2G39770', 'AT2G43600', 'AT2G43610', 'AT2G43620', 'AT2G45790', 'AT2G46480', 'AT2G47240', 'AT3G02350', 'AT3G02610', 'AT3G02620', 'AT3G02630', 'AT3G03250', 'AT3G03980', 'AT3G05970', 'AT3G10700', 'AT3G16170', 'AT3G19620', 'AT3G20040', 'AT3G23820', 'AT3G24090', 'AT3G25140', 'AT3G29360', 'AT3G46440', 'AT3G47540', 'AT3G53520', 'AT3G55260', 'AT3G55360', 'AT3G59480', 'AT3G60340', 'AT3G62830', 'AT4G00110', 'AT4G10260', 'AT4G11030', 'AT4G13180', 'AT4G14070', 'AT4G16130', 'AT4G16760', 'AT4G17470', 'AT4G19720', 'AT4G19750', 'AT4G19760', 'AT4G19810', 'AT4G19820', 'AT4G29010', 'AT4G29130', 'AT4G33030', 'AT4G39210', 'AT5G09700', 'AT5G10160', 'AT5G15770', 'AT5G16510', 'AT5G18210', 'AT5G19220', 'AT5G24090', 'AT5G26120', 'AT5G39320', 'AT5G42740', 'AT5G46290', 'AT5G47330', 'AT5G47340', 'AT5G48880', 'AT5G51820', 'AT5G52560', 'AT5G59290', 'AT5G64570', 'AT5G65110']"
NEG::mixture::0136,0,cross_pathway_mixture,synthetic_negative,"['AT1G07890', 'AT1G09935', 'AT1G12850', 'AT1G19550', 'AT1G19570', 'AT1G77370', 'AT4G08550', 'AT4G32320', 'AT5G20500']"
NEG::mixture::0137,0,cross_pathway_mixture,synthetic_negative,"['AT1G10960', 'AT1G30380', 'AT1G30510', 'AT1G31330', 'AT1G32550', 'AT1G48030', 'AT1G52230', 'AT1G55670', 'AT1G60990', 'AT1G67740', 'AT2G07707', 'AT2G20260', 'AT2G27510', 'AT2G30570', 'AT2G30790', 'AT2G35370', 'AT3G16140', 'AT3G16950', 'AT3G50820', 'AT3G55330', 'AT4G02770', 'AT4G03280', 'AT4G04640', 'AT4G16155', 'AT4G21280', 'AT4G28660', 'AT5G45040', 'AT5G66570']"
NEG::mixture::0138,0,cross_pathway_mixture,synthetic_negative,"['AT1G01120', 'AT1G04220', 'AT1G04410', 'AT1G12230', 'AT1G13440', 'AT1G32060', 'AT1G42970', 'AT1G43670', 'AT1G53310', 'AT1G62800', 'AT1G63290', 'AT1G67730', 'AT1G68750', 'AT1G70580', 'AT1G79530', 'AT1G79550', 'AT2G01290', 'AT2G19900', 'AT2G21330', 'AT2G36460', 'AT2G37540', 'AT3G01850', 'AT3G04790', 'AT3G06860', 'AT3G12780', 'AT3G14940', 'AT3G15020', 'AT3G26650', 'AT3G54050', 'AT3G55360', 'AT3G55800', 'AT4G00570', 'AT4G16800', 'AT4G24050', 'AT4G26520', 'AT4G34520', 'AT4G38970', 'AT5G02540', 'AT5G09660', 'AT5G10480', 'AT5G25880', 'AT5G38410', 'AT5G38430', 'AT5G43330', 'AT5G44520', 'AT5G50130', 'AT5G64380']"
NEG::mixture::0139,0,cross_pathway_mixture,synthetic_negative,"['AT1G08510', 'AT1G43800', 'AT1G49430', 'AT1G62940', 'AT1G68260', 'AT1G77590', 'AT2G16370', 'AT2G21550', 'AT2G43710', 'AT2G47240', 'AT2G47245', 'AT3G25110', 'AT4G11030', 'AT4G13050', 'AT5G27600', 'AT5G66005']"
NEG::mixture::0140,0,cross_pathway_mixture,synthetic_negative,"['AT1G07370', 'AT1G08065', 'AT1G08130', 'AT1G08260', 'AT1G10520', 'AT1G19480', 'AT1G21690', 'AT1G23730', 'AT1G47260', 'AT1G52500', 'AT1G63160', 'AT1G68750', 'AT1G75090', 'AT1G75230', 'AT1G78650', 'AT1G80420', 'AT2G27120', 'AT2G28210', 'AT2G29570', 'AT2G31450', 'AT2G42120', 'AT2G42600', 'AT3G01500', 'AT3G18630', 'AT3G47830', 'AT3G50880', 'AT3G52720', 'AT4G02390', 'AT4G12740', 'AT4G33580', 'AT5G01310', 'AT5G04180', 'AT5G13920', 'AT5G15170', 'AT5G26680']"
NEG::mixture::0141,0,cross_pathway_mixture,synthetic_negative,"['AT1G05620', 'AT1G10060', 'AT1G10070', 'AT1G21640', 'AT1G31180', 'AT1G50110', 'AT1G55090', 'AT1G70560', 'AT1G72880', 'AT1G78590', 'AT1G80560', 'AT2G04450', 'AT2G22570', 'AT2G43090', 'AT3G49680', 'AT3G58610', 'AT4G12720', 'AT4G14930', 'AT4G36940', 'AT5G23220', 'AT5G50210', 'AT5G55760', 'AT5G65780']"
NEG::mixture::0142,0,cross_pathway_mixture,synthetic_negative,"['AT1G06020', 'AT1G28130', 'AT1G50390', 'AT1G50460', 'AT1G59500', 'AT2G19860', 'AT2G23170', 'AT2G31390', 'AT2G36190', 'AT3G13790', 'AT3G20040', 'AT3G54090', 'AT3G59480', 'AT4G09510', 'AT4G28706', 'AT4G37390', 'AT4G37840', 'AT5G13380', 'AT5G22510', 'AT5G54510']"
NEG::mixture::0143,0,cross_pathway_mixture,synthetic_negative,"['AT1G48600', 'AT1G80860', 'AT2G39030', 'AT3G18000', 'AT3G30775', 'AT3G55610', 'AT4G08870', 'AT5G14430']"
NEG::mixture::0144,0,cross_pathway_mixture,synthetic_negative,"['AT1G13700', 'AT1G16350', 'AT1G63660', 'AT1G64190', 'AT3G02360', 'AT3G27300', 'AT3G57550', 'AT5G24410', 'AT5G35790', 'AT5G40760']"
NEG::mixture::0145,0,cross_pathway_mixture,synthetic_negative,"['AT1G17300', 'AT1G23310', 'AT1G70560', 'AT1G70580', 'AT2G02497', 'AT2G02500', 'AT2G26930', 'AT3G21500', 'AT5G62790']"
NEG::mixture::0146,0,cross_pathway_mixture,synthetic_negative,"['AT1G12000', 'AT1G13440', 'AT1G16300', 'AT1G79530', 'AT2G21170', 'AT2G22480', 'AT2G24270', 'AT2G29560', 'AT2G36460', 'AT3G04050', 'AT3G04120', 'AT3G12780', 'AT3G17390', 'AT3G23810', 'AT3G25960', 'AT3G52930', 'AT3G55810', 'AT4G04040', 'AT4G26270', 'AT4G26530', 'AT4G27600', 'AT4G29220', 'AT4G32840', 'AT4G38970', 'AT5G03690', 'AT5G08570', 'AT5G47810']"
NEG::mixture::0147,0,cross_pathway_mixture,synthetic_negative,"['AT1G17840', 'AT1G31770', 'AT1G36370', 'AT1G53270', 'AT1G55865', 'AT2G01320', 'AT2G01800', 'AT2G02765', 'AT2G02770', 'AT2G13610', 'AT2G39350', 'AT3G13220', 'AT3G21090', 'AT3G22740', 'AT3G25620', 'AT3G53510', 'AT3G55100', 'AT3G55130', 'AT4G00920', 'AT4G25750', 'AT4G27420', 'AT4G37930', 'AT5G06530', 'AT5G13050', 'AT5G52860']"
NEG::mixture::0148,0,cross_pathway_mixture,synthetic_negative,"['AT1G04410', 'AT1G22020', 'AT1G36370', 'AT1G53240', 'AT3G15020', 'AT4G13890', 'AT4G13930', 'AT5G26780', 'AT5G56720']"
NEG::mixture::0149,0,cross_pathway_mixture,synthetic_negative,"['AT1G11860', 'AT1G12550', 'AT1G20620', 'AT1G48030', 'AT1G52670', 'AT1G53240', 'AT1G66200', 'AT1G67090', 'AT1G70580', 'AT2G13360', 'AT2G22780', 'AT2G26080', 'AT2G30200', 'AT2G35120', 'AT2G38400', 'AT2G42790', 'AT2G44350', 'AT3G14130', 'AT3G15020', 'AT3G17240', 'AT3G47520', 'AT3G60100', 'AT4G13890', 'AT4G16155', 'AT4G17360', 'AT4G32520', 'AT4G33010', 'AT4G35090', 'AT4G35830', 'AT4G37550', 'AT4G37560', 'AT5G03860', 'AT5G09660', 'AT5G15530', 'AT5G16570', 'AT5G35630', 'AT5G36700', 'AT5G38410', 'AT5G38420', 'AT5G47720', 'AT5G47760', 'AT5G48230', 'AT5G56720']"
NEG::mixture::0150,0,cross_pathway_mixture,synthetic_negative,"['AT1G24909', 'AT1G25220', 'AT1G29410', 'AT1G70570', 'AT1G79230', 'AT2G17850', 'AT2G29690', 'AT3G54640', 'AT4G27070', 'AT5G17990', 'AT5G48220', 'AT5G54810', 'AT5G66170']"
NEG::mixture::0151,0,cross_pathway_mixture,synthetic_negative,"['AT1G44790', 'AT1G66960', 'AT1G78960', 'AT2G22590', 'AT3G14610', 'AT3G29255', 'AT4G23100', 'AT5G26220', 'AT5G36150', 'AT5G65550']"
NEG::mixture::0152,0,cross_pathway_mixture,synthetic_negative,"['AT1G08750', 'AT1G16560', 'AT1G53710', 'AT1G57600', 'AT2G22530', 'AT2G22780', 'AT3G01380', 'AT3G07140', 'AT3G07180', 'AT3G15020', 'AT3G27325', 'AT3G57170', 'AT4G33030', 'AT5G01220', 'AT5G14850', 'AT5G17250', 'AT5G19130', 'AT5G43330', 'AT5G62130']"
NEG::mixture::0153,0,cross_pathway_mixture,synthetic_negative,"['AT1G31910', 'AT1G36370', 'AT1G76490', 'AT2G12200', 'AT2G12280', 'AT2G17370', 'AT3G10160', 'AT3G55630', 'AT4G11820', 'AT4G13930', 'AT5G27450', 'AT5G41480']"
NEG::mixture::0154,0,cross_pathway_mixture,synthetic_negative,"['AT1G02500', 'AT1G02850', 'AT1G26560', 'AT1G32100', 'AT1G45191', 'AT1G56430', 'AT1G59950', 'AT1G59960', 'AT1G60000', 'AT1G60270', 'AT1G78950', 'AT1G80600', 'AT2G19940', 'AT2G32860', 'AT2G36880', 'AT2G44470', 'AT3G06350', 'AT3G09260', 'AT3G12900', 'AT3G17390', 'AT3G47040', 'AT3G57560', 'AT3G60130', 'AT3G60140', 'AT3G62750', 'AT4G13660', 'AT4G17830', 'AT4G21760', 'AT4G22100', 'AT4G24830', 'AT4G31970', 'AT5G04950', 'AT5G20940', 'AT5G24540', 'AT5G24550', 'AT5G28510', 'AT5G36110', 'AT5G36890', 'AT5G42260', 'AT5G54570', 'AT5G56080']"
NEG::mixture::0155,0,cross_pathway_mixture,synthetic_negative,"['AT1G58290', 'AT1G69740', 'AT2G26540', 'AT2G31250', 'AT3G17390', 'AT3G23810']"
NEG::mixture::0156,0,cross_pathway_mixture,synthetic_negative,"['AT1G51060', 'AT1G52740', 'AT2G33610', 'AT2G40116', 'AT2G47210', 'AT2G47620', 'AT3G01890', 'AT3G06400', 'AT3G10550', 'AT3G12380', 'AT3G12810', 'AT3G17590', 'AT3G20670', 'AT3G33520', 'AT3G47220', 'AT3G47290', 'AT3G54560', 'AT3G57300', 'AT4G14385', 'AT4G27230', 'AT4G34430', 'AT4G35050', 'AT4G36080', 'AT4G37280', 'AT4G38495', 'AT4G38530', 'AT5G02560', 'AT5G14170', 'AT5G18620', 'AT5G22330', 'AT5G27670', 'AT5G35600', 'AT5G45600', 'AT5G55040', 'AT5G58230', 'AT5G63110', 'AT5G67630']"
NEG::mixture::0157,0,cross_pathway_mixture,synthetic_negative,"['AT1G01390', 'AT1G05675', 'AT1G30530', 'AT2G40490', 'AT3G14930', 'AT3G21760', 'AT3G56940', 'AT4G03205', 'AT4G15280', 'AT4G25080', 'AT5G05860']"
NEG::mixture::0158,0,cross_pathway_mixture,synthetic_negative,"['AT1G56430', 'AT1G68760', 'AT1G69190', 'AT4G26483', 'AT4G30000']"
NEG::mixture::0159,0,cross_pathway_mixture,synthetic_negative,"['AT1G08065', 'AT1G08080', 'AT1G08090', 'AT1G08100', 'AT1G12940', 'AT1G23730', 'AT1G23820', 'AT1G37130', 'AT1G48470', 'AT1G77760', 'AT2G15620', 'AT2G41220', 'AT3G17717', 'AT3G44310', 'AT3G44320', 'AT3G45060', 'AT4G21000', 'AT5G04140', 'AT5G04180', 'AT5G07440', 'AT5G18930', 'AT5G35630', 'AT5G37600', 'AT5G56330']"
NEG::mixture::0160,0,cross_pathway_mixture,synthetic_negative,"['AT1G76170', 'AT1G79230', 'AT2G22780', 'AT2G31955', 'AT2G42790', 'AT2G43760', 'AT2G44270', 'AT2G44350', 'AT3G15020', 'AT3G21720', 'AT3G53910', 'AT3G58750', 'AT3G61113', 'AT4G26970', 'AT5G09660', 'AT5G56720']"
NEG::mixture::0161,0,cross_pathway_mixture,synthetic_negative,"['AT1G03475', 'AT1G05675', 'AT1G07250', 'AT1G07260', 'AT1G30530', 'AT1G44318', 'AT1G58290', 'AT1G73880', 'AT2G15480', 'AT2G23260', 'AT2G26480', 'AT2G26540', 'AT2G29730', 'AT2G30390', 'AT2G36790', 'AT2G43840', 'AT2G44520', 'AT3G14930', 'AT3G21750', 'AT3G21790', 'AT3G46670', 'AT3G50740', 'AT4G03240', 'AT4G34131', 'AT4G34138', 'AT5G05860', 'AT5G08280', 'AT5G14220', 'AT5G17040']"
NEG::mixture::0162,0,cross_pathway_mixture,synthetic_negative,"['AT1G01120', 'AT1G04220', 'AT1G05675', 'AT1G05990', 'AT1G06700', 'AT1G07720', 'AT1G12220', 'AT1G12310', 'AT1G15990', 'AT1G18210', 'AT1G18530', 'AT1G18890', 'AT1G19230', 'AT1G19780', 'AT1G21550', 'AT1G30530', 'AT1G35670', 'AT1G48210', 'AT1G64060', 'AT1G68530', 'AT1G76040', 'AT2G14610', 'AT2G15680', 'AT2G19190', 'AT2G19990', 'AT2G23260', 'AT2G23980', 'AT2G24610', 'AT2G26250', 'AT2G26640', 'AT2G27480', 'AT2G28260', 'AT2G28630', 'AT2G30730', 'AT2G34930', 'AT2G35890', 'AT2G36180', 'AT2G36790', 'AT2G38470', 'AT2G41100', 'AT2G41410', 'AT2G43290', 'AT2G43840', 'AT2G46070', 'AT2G46440', 'AT2G46450', 'AT2G47060', 'AT3G01830', 'AT3G10300', 'AT3G10660', 'AT3G17700', 'AT3G19690', 'AT3G20410', 'AT3G21760', 'AT3G22930', 'AT3G24110', 'AT3G25070', 'AT3G25600', 'AT3G47450', 'AT3G48090', 'AT3G50740', 'AT3G52160', 'AT3G56760', 'AT3G56800', 'AT3G62220', 'AT4G01010', 'AT4G01250', 'AT4G02930', 'AT4G04695', 'AT4G04700', 'AT4G04720', 'AT4G08500', 'AT4G09570', 'AT4G11330', 'AT4G14640', 'AT4G20360', 'AT4G20780', 'AT4G21940', 'AT4G23570', 'AT4G26090', 'AT4G30360', 'AT4G33710', 'AT4G33720', 'AT4G33730', 'AT4G34250', 'AT4G34520', 'AT4G35310', 'AT4G36070', 'AT4G38230', 'AT4G39090', 'AT5G04170', 'AT5G04530', 'AT5G04870', 'AT5G05860', 'AT5G07390', 'AT5G12180', 'AT5G13160', 'AT5G17480', 'AT5G19360', 'AT5G19450', 'AT5G21274', 'AT5G23580', 'AT5G24430', 'AT5G42380', 'AT5G43760', 'AT5G45250', 'AT5G45260', 'AT5G46330', 'AT5G47910', 'AT5G49070', 'AT5G51060', 'AT5G52640', 'AT5G53130', 'AT5G56000', 'AT5G56030', 'AT5G56270', 'AT5G66690']"
NEG::mixture::0163,0,cross_pathway_mixture,synthetic_negative,"['AT1G08065', 'AT1G08090', 'AT1G12940', 'AT1G23730', 'AT1G37130', 'AT1G58180', 'AT2G15620', 'AT2G28210', 'AT2G41220', 'AT2G46740', 'AT3G01500', 'AT3G23490', 'AT3G44320', 'AT3G47930', 'AT4G33580', 'AT4G37560', 'AT5G04180', 'AT5G11540', 'AT5G14570', 'AT5G16570', 'AT5G53460', 'AT5G56330', 'AT5G60770', 'AT5G60780']"
NEG::mixture::0164,0,cross_pathway_mixture,synthetic_negative,"['AT3G02910', 'AT3G16950', 'AT3G55410', 'AT4G16155', 'AT4G23100', 'AT5G37830', 'AT5G55070']"
NEG::mixture::0165,0,cross_pathway_mixture,synthetic_negative,"['AT1G19250', 'AT1G65960', 'AT2G11270', 'AT2G18450', 'AT2G20420', 'AT2G47510', 'AT3G09810', 'AT3G27380', 'AT3G47520', 'AT3G53910', 'AT4G26970', 'AT4G29210', 'AT4G32210', 'AT4G35650', 'AT4G35830', 'AT4G39640', 'AT5G08300', 'AT5G23250', 'AT5G43330', 'AT5G45180', 'AT5G50950', 'AT5G56720', 'AT5G65165']"
NEG::mixture::0166,0,cross_pathway_mixture,synthetic_negative,"['AT1G05010', 'AT1G12010', 'AT1G44318', 'AT1G69740', 'AT2G26540', 'AT2G36880', 'AT2G40490', 'AT3G48730', 'AT3G49700', 'AT4G01690', 'AT4G01850', 'AT4G03205', 'AT4G08040', 'AT4G16765', 'AT4G26200', 'AT4G35830', 'AT4G37770', 'AT5G26030', 'AT5G40850', 'AT5G63570', 'AT5G65800']"
NEG::mixture::0167,0,cross_pathway_mixture,synthetic_negative,"['AT1G14810', 'AT1G31230', 'AT2G35990', 'AT2G37210', 'AT3G53450', 'AT3G60880', 'AT4G14680', 'AT4G19710', 'AT5G03270', 'AT5G06300', 'AT5G13280', 'AT5G43780']"
NEG::mixture::0168,0,cross_pathway_mixture,synthetic_negative,"['AT1G58936', 'AT1G76150', 'AT2G07640', 'AT2G22240', 'AT3G12800', 'AT4G08170', 'AT4G14430', 'AT4G14440', 'AT4G39800', 'AT5G10170', 'AT5G16760', 'AT5G58730']"
NEG::mixture::0169,0,cross_pathway_mixture,synthetic_negative,"['AT1G05010', 'AT1G12010', 'AT1G62380', 'AT1G65670', 'AT1G78490', 'AT2G05180', 'AT2G27000', 'AT2G27010', 'AT3G17390', 'AT3G20110', 'AT3G20120', 'AT3G20140', 'AT3G20950', 'AT3G30290', 'AT3G44970', 'AT3G49630', 'AT3G49700', 'AT3G50210', 'AT3G61510', 'AT4G15350', 'AT4G15396', 'AT4G16770', 'AT4G35830', 'AT5G47990', 'AT5G65800']"
NEG::mixture::0170,0,cross_pathway_mixture,synthetic_negative,"['AT1G04410', 'AT1G12230', 'AT1G13440', 'AT1G17290', 'AT1G23310', 'AT1G32060', 'AT1G43670', 'AT1G53310', 'AT1G56190', 'AT1G63290', 'AT1G68750', 'AT1G70580', 'AT1G79750', 'AT2G11810', 'AT2G21330', 'AT2G22780', 'AT2G36460', 'AT2G45290', 'AT3G04120', 'AT3G11670', 'AT3G12780', 'AT3G14940', 'AT3G26650', 'AT3G47520', 'AT3G52930', 'AT3G54050', 'AT3G55800', 'AT3G60750', 'AT4G15530', 'AT5G09660', 'AT5G11520', 'AT5G20410', 'AT5G38410', 'AT5G38420', 'AT5G38430', 'AT5G58330', 'AT5G61410', 'AT5G65690']"
NEG::mixture::0171,0,cross_pathway_mixture,synthetic_negative,"['AT1G23820', 'AT1G26360', 'AT4G11820', 'AT5G18930', 'AT5G47720', 'AT5G53120']"
NEG::mixture::0172,0,cross_pathway_mixture,synthetic_negative,"['AT1G05055', 'AT1G06690', 'AT1G07370', 'AT1G09815', 'AT1G16190', 'AT1G19750', 'AT1G53690', 'AT1G54250', 'AT1G61700', 'AT1G62886', 'AT1G63160', 'AT1G66750', 'AT1G77470', 'AT1G78650', 'AT1G79650', 'AT2G04630', 'AT2G06510', 'AT2G15400', 'AT2G15430', 'AT2G18760', 'AT2G42120', 'AT3G16980', 'AT3G20540', 'AT3G42830', 'AT3G46910', 'AT3G57080', 'AT3G59600', 'AT3G61420', 'AT3G61800', 'AT4G21100', 'AT4G21710', 'AT4G30820', 'AT5G02230', 'AT5G08020', 'AT5G10460', 'AT5G27620', 'AT5G27740', 'AT5G41010', 'AT5G41150', 'AT5G41370', 'AT5G45400', 'AT5G49970', 'AT5G51940', 'AT5G58760', 'AT5G59180', 'AT5G59480', 'AT5G63960']"
NEG::mixture::0173,0,cross_pathway_mixture,synthetic_negative,"['AT1G30820', 'AT1G77240', 'AT3G05970', 'AT3G08860', 'AT3G12670', 'AT3G18680', 'AT3G53900', 'AT3G60180', 'AT3G60961', 'AT4G25280', 'AT5G16340', 'AT5G16370', 'AT5G63310']"
NEG::mixture::0174,0,cross_pathway_mixture,synthetic_negative,"['AT1G21640', 'AT2G22450', 'AT2G30630', 'AT3G47390', 'AT3G48420', 'AT4G11570', 'AT5G59750', 'AT5G64300']"
NEG::mixture::0175,0,cross_pathway_mixture,synthetic_negative,"['AT1G01220', 'AT1G05590', 'AT1G05610', 'AT1G06780', 'AT1G18580', 'AT1G50460', 'AT1G56680', 'AT1G64440', 'AT1G74910', 'AT2G19860', 'AT2G20810', 'AT2G21590', 'AT2G27860', 'AT2G30575', 'AT2G35020', 'AT2G38650', 'AT2G39770', 'AT2G43570', 'AT2G43600', 'AT2G43620', 'AT2G45310', 'AT3G01010', 'AT3G01640', 'AT3G02230', 'AT3G02350', 'AT3G02570', 'AT3G03250', 'AT3G10700', 'AT3G10740', 'AT3G12500', 'AT3G23820', 'AT3G25140', 'AT3G29360', 'AT3G42850', 'AT3G46440', 'AT3G53520', 'AT3G54420', 'AT3G59480', 'AT3G59710', 'AT3G62830', 'AT4G00110', 'AT4G10260', 'AT4G12250', 'AT4G19730', 'AT4G19750', 'AT4G19820', 'AT4G29210', 'AT4G30570', 'AT4G33030', 'AT4G37840', 'AT4G39640', 'AT4G39650', 'AT5G09700', 'AT5G13520', 'AT5G15490', 'AT5G15770', 'AT5G17310', 'AT5G18070', 'AT5G19220', 'AT5G26120', 'AT5G28840', 'AT5G42150', 'AT5G47780', 'AT5G48300', 'AT5G50750', 'AT5G51830', 'AT5G59290', 'AT5G64570']"
NEG::mixture::0176,0,cross_pathway_mixture,synthetic_negative,"['AT1G62800', 'AT1G63290', 'AT1G70560', 'AT2G01290', 'AT2G22250', 'AT2G30970', 'AT3G04880', 'AT4G31990', 'AT5G11520', 'AT5G13420', 'AT5G44520', 'AT5G60540', 'AT5G61410']"
NEG::mixture::0177,0,cross_pathway_mixture,synthetic_negative,"['AT1G26220', 'AT1G30820', 'AT1G72880', 'AT1G75210', 'AT2G23890', 'AT2G38680', 'AT3G12670', 'AT4G14930', 'AT4G35150']"
NEG::mixture::0178,0,cross_pathway_mixture,synthetic_negative,"['AT1G12130', 'AT1G12140', 'AT1G12200', 'AT1G14520', 'AT1G18590', 'AT1G24100', 'AT1G62540', 'AT1G62600', 'AT1G62620', 'AT1G74100', 'AT2G19800', 'AT2G23960', 'AT2G23970', 'AT2G24850', 'AT3G01640', 'AT4G23600', 'AT4G28410', 'AT4G30540', 'AT5G07800']"
NEG::mixture::0179,0,cross_pathway_mixture,synthetic_negative,"['AT1G75210', 'AT2G23890', 'AT2G36310', 'AT3G04390', 'AT3G05300', 'AT3G48720', 'AT4G31196', 'AT5G18870', 'AT5G18890', 'AT5G41040', 'AT5G48960']"
NEG::mixture::0180,0,cross_pathway_mixture,synthetic_negative,"['AT1G24909', 'AT1G25155', 'AT1G25220', 'AT1G30820', 'AT1G70570', 'AT2G27680', 'AT2G28880', 'AT2G29690', 'AT2G34890', 'AT2G38210', 'AT2G41220', 'AT3G25660', 'AT3G62040', 'AT4G05400', 'AT4G20320', 'AT4G34880', 'AT5G01410', 'AT5G02230', 'AT5G05730', 'AT5G49970', 'AT5G53460', 'AT5G59480']"
NEG::mixture::0181,0,cross_pathway_mixture,synthetic_negative,"['AT1G04350', 'AT1G04380', 'AT1G06620', 'AT1G06650', 'AT1G12130', 'AT1G12140', 'AT1G18590', 'AT1G20490', 'AT1G20500', 'AT1G20510', 'AT1G24100', 'AT1G62560', 'AT1G63340', 'AT1G63370', 'AT1G65060', 'AT1G65450', 'AT1G65860', 'AT1G67980', 'AT1G67990', 'AT1G74540', 'AT1G79370', 'AT2G23970', 'AT2G24850', 'AT2G30840', 'AT2G40890', 'AT4G05160', 'AT4G19010', 'AT4G28410', 'AT4G29210', 'AT4G30540', 'AT4G30550', 'AT4G34050', 'AT4G39650', 'AT5G07800', 'AT5G38120', 'AT5G48930', 'AT5G59540']"
NEG::mixture::0182,0,cross_pathway_mixture,synthetic_negative,"['AT1G47840', 'AT1G47845', 'AT1G69370', 'AT3G07630', 'AT3G20040', 'AT3G29200', 'AT3G44720', 'AT4G29130', 'AT5G10870']"
NEG::mixture::0183,0,cross_pathway_mixture,synthetic_negative,"['AT1G07230', 'AT1G09870', 'AT1G10900', 'AT1G21980', 'AT1G22100', 'AT1G22620', 'AT1G24909', 'AT1G25083', 'AT1G25220', 'AT1G31190', 'AT1G34120', 'AT1G58643', 'AT1G58936', 'AT1G68000', 'AT1G71010', 'AT1G77740', 'AT2G03667', 'AT2G26420', 'AT2G29690', 'AT2G38210', 'AT2G40116', 'AT2G41210', 'AT2G41220', 'AT2G43980', 'AT3G01310', 'AT3G02870', 'AT3G03540', 'AT3G09920', 'AT3G14205', 'AT3G16050', 'AT3G25660', 'AT3G47220', 'AT3G48610', 'AT3G50110', 'AT3G51460', 'AT3G55940', 'AT4G18010', 'AT4G26260', 'AT4G32915', 'AT4G33240', 'AT4G33770', 'AT4G34880', 'AT4G39120', 'AT5G01410', 'AT5G05730', 'AT5G07360', 'AT5G07370', 'AT5G09290', 'AT5G09350', 'AT5G10240', 'AT5G15070', 'AT5G16760', 'AT5G20840', 'AT5G57890', 'AT5G63980', 'AT5G64000', 'AT5G65010', 'AT5G66020']"
NEG::mixture::0184,0,cross_pathway_mixture,synthetic_negative,"['AT1G05560', 'AT1G05675', 'AT1G25083', 'AT1G25155', 'AT1G25220', 'AT1G52400', 'AT1G70570', 'AT2G04400', 'AT2G23250', 'AT2G23260', 'AT2G30150', 'AT3G21760', 'AT3G21780', 'AT4G02610', 'AT4G15260', 'AT4G15280', 'AT5G05590', 'AT5G05730', 'AT5G48220', 'AT5G57890', 'AT5G59580']"
NEG::mixture::0185,0,cross_pathway_mixture,synthetic_negative,"['AT1G01270', 'AT1G01870', 'AT1G01890', 'AT1G02480', 'AT1G02600', 'AT1G03515', 'AT1G03640', 'AT1G04320', 'AT1G04720', 'AT1G05390', 'AT1G05980', 'AT1G06020', 'AT1G06030', 'AT1G06480', 'AT1G06610', 'AT1G06880', 'AT1G08870', 'AT1G09110', 'AT1G10440', 'AT1G11030', 'AT1G12000', 'AT1G12590', 'AT1G13720', 'AT1G13840', 'AT1G15450', 'AT1G15650', 'AT1G17660', 'AT1G17890', 'AT1G18130', 'AT1G18430', 'AT1G18820', 'AT1G20040', 'AT1G20170', 'AT1G20210', 'AT1G20250', 'AT1G20820', 'AT1G21420', 'AT1G21800', 'AT1G22320', 'AT1G25350', 'AT1G28350', 'AT1G28720', 'AT1G28740', 'AT1G28770', 'AT1G28780', 'AT1G28790', 'AT1G28800', 'AT1G28840', 'AT1G28850', 'AT1G28890', 'AT1G28910', 'AT1G28920', 'AT1G28950', 'AT1G28970', 'AT1G28980', 'AT1G29210', 'AT1G29880', 'AT1G30430', 'AT1G32620', 'AT1G42120', 'AT1G43670', 'AT1G45234', 'AT1G45240', 'AT1G45244', 'AT1G48520', 'AT1G49020', 'AT1G49460', 'AT1G49690', 'AT1G50100', 'AT1G50460', 'AT1G52170', 'AT1G52350', 'AT1G53410', 'AT1G56730', 'AT1G56740', 'AT1G56780', 'AT1G56790', 'AT1G56810', 'AT1G56820', 'AT1G56840', 'AT1G56850', 'AT1G56870', 'AT1G56900', 'AT1G56940', 'AT1G56960', 'AT1G56970', 'AT1G56990', 'AT1G57000', 'AT1G57010', 'AT1G57020', 'AT1G57040', 'AT1G57050', 'AT1G57060', 'AT1G57090', 'AT1G57100', 'AT1G57130', 'AT1G57140', 'AT1G57150', 'AT1G57230', 'AT1G57240', 'AT1G57260', 'AT1G57270', 'AT1G57310', 'AT1G57350', 'AT1G57360', 'AT1G57400', 'AT1G57410', 'AT1G57430', 'AT1G57440', 'AT1G57450', 'AT1G57480', 'AT1G57490', 'AT1G57500', 'AT1G57510', 'AT1G57520', 'AT1G57530', 'AT1G59880', 'AT1G61020', 'AT1G61910', 'AT1G63510', 'AT1G64120', 'AT1G65830', 'AT1G66430', 'AT1G66520', 'AT1G66530', 'AT1G67070', 'AT1G68950', 'AT1G68970', 'AT1G69000', 'AT1G69130', 'AT1G70050', 'AT1G70980', 'AT1G73900', 'AT1G74570', 'AT1G74610', 'AT1G74910', 'AT1G76000', 'AT1G76330', 'AT1G76550', 'AT1G77040', 'AT1G77190', 'AT1G77560', 'AT1G78250', 'AT1G79240', 'AT1G80250', 'AT1G80430', 'AT2G01140', 'AT2G01160', 'AT2G02600', 'AT2G02900', 'AT2G03490', 'AT2G03700', 'AT2G03790', 'AT2G07746', 'AT2G07748', 'AT2G07759', 'AT2G07763', 'AT2G07765', 'AT2G07793', 'AT2G16240', 'AT2G17810', 'AT2G18310', 'AT2G19860', 'AT2G20680', 'AT2G21330', 'AT2G22280', 'AT2G22580', 'AT2G29030', 'AT2G30450', 'AT2G30850', 'AT2G31390', 'AT2G33140', 'AT2G33840', 'AT2G33930', 'AT2G33950', 'AT2G33960', 'AT2G35220', 'AT2G36140', 'AT2G36280', 'AT2G36520', 'AT2G38030', 'AT2G39600', 'AT2G39860', 'AT2G42970', 'AT2G43300', 'AT2G47740', 'AT3G02315', 'AT3G02570', 'AT3G02660', 'AT3G02760', 'AT3G03845', 'AT3G04525', 'AT3G04600', 'AT3G05525', 'AT3G05835', 'AT3G06335', 'AT3G06665', 'AT3G07420', 'AT3G09585', 'AT3G10415', 'AT3G11505', 'AT3G12585', 'AT3G13223', 'AT3G13490', 'AT3G16552', 'AT3G19235', 'AT3G20040', 'AT3G20655', 'AT3G20885', 'AT3G21475', 'AT3G25660', 'AT3G25715', 'AT3G27825', 'AT3G28685', 'AT3G29095', 'AT3G30345', 'AT3G44740', 'AT3G44955', 'AT3G45935', 'AT3G45965', 'AT3G46100', 'AT3G48110', 'AT3G48745', 'AT3G50505', 'AT3G50665', 'AT3G51265', 'AT3G52345', 'AT3G52565', 'AT3G52765', 'AT3G52930', 'AT3G52955', 'AT3G55400', 'AT3G55735', 'AT3G56300', 'AT3G58035', 'AT3G59480', 'AT3G59923', 'AT3G61105', 'AT3G61545', 'AT3G61825', 'AT3G63003', 'AT4G00985', 'AT4G01355', 'AT4G03405', 'AT4G03435', 'AT4G04040', 'AT4G04350', 'AT4G10260', 'AT4G10815', 'AT4G11177', 'AT4G11216', 'AT4G11355', 'AT4G11405', 'AT4G11980', 'AT4G11985', 'AT4G12065', 'AT4G12405', 'AT4G13445', 'AT4G15775', 'AT4G16235', 'AT4G16475', 'AT4G17300', 'AT4G17612', 'AT4G18255', 'AT4G18725', 'AT4G18815', 'AT4G22754', 'AT4G23915', 'AT4G26225', 'AT4G26270', 'AT4G26375', 'AT4G26870', 'AT4G27875', 'AT4G28915', 'AT4G29130', 'AT4G29220', 'AT4G29415', 'AT4G30570', 'AT4G31265', 'AT4G32265', 'AT4G32765', 'AT4G32915', 'AT4G34035', 'AT4G34415', 'AT4G36245', 'AT4G37175', 'AT4G39615', 'AT5G01930', 'AT5G02025', 'AT5G02435', 'AT5G02615', 'AT5G02815', 'AT5G03406', 'AT5G03445', 'AT5G05795', 'AT5G05945', 'AT5G06685', 'AT5G07315', 'AT5G07675', 'AT5G09345', 'AT5G09655', 'AT5G10455', 'AT5G10880', 'AT5G11225', 'AT5G11475', 'AT5G15805', 'AT5G18015', 'AT5G18755', 'AT5G19095', 'AT5G19720', 'AT5G20852', 'AT5G20854', 'AT5G20856', 'AT5G22315', 'AT5G23665', 'AT5G25625', 'AT5G26710', 'AT5G27715', 'AT5G35605', 'AT5G37795', 'AT5G38830', 'AT5G39535', 'AT5G41265', 'AT5G41605', 'AT5G41675', 'AT5G43535', 'AT5G44375', 'AT5G46325', 'AT5G46595', 'AT5G48835', 'AT5G49435', 'AT5G50995', 'AT5G51055', 'AT5G51830', 'AT5G52355', 'AT5G54365', 'AT5G54375', 'AT5G54865', 'AT5G55045', 'AT5G55505', 'AT5G56630', 'AT5G56680', 'AT5G56745', 'AT5G57655', 'AT5G57885', 'AT5G58495', 'AT5G59055', 'AT5G59385', 'AT5G59945', 'AT5G63145', 'AT5G64050', 'AT5G64380', 'AT5G64735', 'AT5G64855', 'AT5G65305', 'AT5G65445', 'AT5G65615', 'AT5G66568']"
NEG::mixture::0186,0,cross_pathway_mixture,synthetic_negative,"['AT1G01210', 'AT1G06790', 'AT1G08830', 'AT1G29940', 'AT1G53690', 'AT1G54250', 'AT2G15400', 'AT2G28190', 'AT2G29540', 'AT2G40030', 'AT3G10920', 'AT3G16980', 'AT3G22320', 'AT3G23780', 'AT3G25940', 'AT3G28956', 'AT3G49000', 'AT3G52090', 'AT4G07950', 'AT4G14520', 'AT4G16265', 'AT4G21710', 'AT4G25100', 'AT4G25180', 'AT5G09380', 'AT5G49530', 'AT5G51100', 'AT5G57980', 'AT5G59180']"
NEG::mixture::0187,0,cross_pathway_mixture,synthetic_negative,"['AT1G15060', 'AT1G74290', 'AT2G23550', 'AT2G23570', 'AT2G23590', 'AT2G23610', 'AT2G38050', 'AT3G50660', 'AT4G16690', 'AT4G36380', 'AT4G37140']"
NEG::mixture::0188,0,cross_pathway_mixture,synthetic_negative,"['AT1G17050', 'AT1G18870', 'AT1G36623', 'AT1G48320', 'AT1G49530', 'AT1G60550', 'AT1G63970', 'AT2G02500', 'AT2G18640', 'AT2G26930', 'AT3G02780', 'AT3G14530', 'AT3G14550', 'AT3G20160', 'AT3G21500', 'AT3G29430', 'AT4G17190', 'AT5G48950']"
NEG::mixture::0189,0,cross_pathway_mixture,synthetic_negative,"['AT1G02520', 'AT1G06030', 'AT1G09780', 'AT1G15520', 'AT1G16300', 'AT1G19600', 'AT1G23190', 'AT1G27940', 'AT1G28010', 'AT1G31095', 'AT1G43670', 'AT1G47840', 'AT1G47845', 'AT1G50390', 'AT1G66950', 'AT1G73370', 'AT1G74030', 'AT1G78050', 'AT1G79530', 'AT1G79550', 'AT2G01140', 'AT2G01320', 'AT2G13610', 'AT2G29560', 'AT2G36380', 'AT2G36910', 'AT2G37280', 'AT2G41700', 'AT2G47000', 'AT3G05170', 'AT3G25620', 'AT3G25960', 'AT3G26780', 'AT3G28360', 'AT3G28380', 'AT3G28390', 'AT3G30841', 'AT3G43190', 'AT3G52310', 'AT3G53480', 'AT3G54050', 'AT3G55090', 'AT3G55100', 'AT3G55440', 'AT3G55650', 'AT3G55810', 'AT3G62150', 'AT4G01820', 'AT4G02280', 'AT4G10260', 'AT4G15215', 'AT4G15233', 'AT4G18050', 'AT4G25450', 'AT4G25960', 'AT4G26270', 'AT4G26520', 'AT4G26530', 'AT4G28630', 'AT4G28706', 'AT4G29220', 'AT4G32840', 'AT4G33070', 'AT4G37840', 'AT4G39850', 'AT5G03690', 'AT5G06530', 'AT5G08570', 'AT5G13580', 'AT5G17310', 'AT5G18200', 'AT5G19410', 'AT5G37180', 'AT5G49190', 'AT5G51820', 'AT5G51830', 'AT5G52860', 'AT5G56630', 'AT5G58270', 'AT5G61580', 'AT5G62840', 'AT5G64380']"
NEG::mixture::0190,0,cross_pathway_mixture,synthetic_negative,"['AT1G17890', 'AT1G26570', 'AT1G44090', 'AT1G73250', 'AT1G74910', 'AT1G78570', 'AT1G79500', 'AT3G03250', 'AT3G14790', 'AT3G51160', 'AT3G54690', 'AT3G55590', 'AT4G23340', 'AT4G25420', 'AT5G17310', 'AT5G17770', 'AT5G20080', 'AT5G39320', 'AT5G51810']"
NEG::mixture::0191,0,cross_pathway_mixture,synthetic_negative,"['AT1G48605', 'AT2G27490', 'AT2G45150', 'AT3G47630', 'AT3G60620', 'AT4G26770', 'ATCG01010']"
NEG::mixture::0192,0,cross_pathway_mixture,synthetic_negative,"['AT1G08110', 'AT1G11840', 'AT1G21640', 'AT1G67280', 'AT1G67350', 'AT2G07751', 'AT2G28420', 'AT2G30630', 'AT3G10850', 'AT3G27890', 'AT4G28005', 'AT5G22140', 'ATCG00420', 'ATCG01090', 'ATCG01110', 'ATMG00270', 'ATMG00285', 'ATMG00650']"
NEG::mixture::0193,0,cross_pathway_mixture,synthetic_negative,"['AT1G05560', 'AT1G28130', 'AT1G44000', 'AT1G59500', 'AT2G24820', 'AT3G44880', 'AT4G22920', 'AT4G36530', 'AT4G37390', 'AT5G13360', 'AT5G13370', 'AT5G13380', 'AT5G38520', 'AT5G54510']"
NEG::mixture::0194,0,cross_pathway_mixture,synthetic_negative,"['AT1G03475', 'AT1G09940', 'AT1G69740', 'AT2G01180', 'AT2G30390', 'AT2G31250', 'AT2G40116', 'AT2G44520', 'AT2G46090', 'AT3G05630', 'AT3G14930', 'AT3G25850', 'AT3G47290', 'AT3G48730', 'AT4G03240', 'AT4G11840', 'AT4G28130', 'AT4G38530', 'AT5G40850', 'AT5G57690', 'AT5G58690', 'AT5G58700', 'AT5G63770']"
NEG::mixture::0195,0,cross_pathway_mixture,synthetic_negative,"['AT2G22780', 'AT3G56040', 'AT4G33150', 'AT5G01220', 'AT5G09660', 'AT5G43330', 'AT5G48230']"
NEG::mixture::0196,0,cross_pathway_mixture,synthetic_negative,"['AT1G06730', 'AT1G08940', 'AT1G16300', 'AT1G19600', 'AT1G43670', 'AT1G56190', 'AT1G79530', 'AT1G79550', 'AT2G01140', 'AT2G21170', 'AT2G34890', 'AT2G36460', 'AT2G36530', 'AT2G36580', 'AT3G12670', 'AT3G12780', 'AT3G25960', 'AT3G26780', 'AT3G30841', 'AT3G52930', 'AT3G54050', 'AT3G60961', 'AT4G20320', 'AT4G25280', 'AT4G26390', 'AT4G26530', 'AT4G32840', 'AT4G34570', 'AT4G38970', 'AT5G08570', 'AT5G23300', 'AT5G26667', 'AT5G42740', 'AT5G47810', 'AT5G59440', 'AT5G62840', 'AT5G63310', 'AT5G63680', 'AT5G66005']"
NEG::mixture::0197,0,cross_pathway_mixture,synthetic_negative,"['AT1G30520', 'AT1G30820', 'AT1G68890', 'AT1G74710', 'AT1G75210', 'AT2G23890', 'AT3G12670', 'AT3G61200', 'AT5G17760', 'AT5G48960', 'AT5G66005']"
NEG::mixture::0198,0,cross_pathway_mixture,synthetic_negative,"['AT1G05590', 'AT1G61050', 'AT3G09020', 'AT3G12290', 'AT4G00620', 'AT5G01250', 'AT5G08370']"
NEG::mixture::0199,0,cross_pathway_mixture,synthetic_negative,"['AT1G11860', 'AT1G23310', 'AT1G32470', 'AT1G36370', 'AT1G51260', 'AT1G72190', 'AT1G79870', 'AT1G80950', 'AT2G45630', 'AT3G18850', 'AT3G47170', 'AT3G57650', 'AT4G37930', 'AT5G28310', 'AT5G36790', 'AT5G47760']"
NEG::mixture::0200,0,cross_pathway_mixture,synthetic_negative,"['AT1G12130', 'AT1G12160', 'AT1G12200', 'AT1G22020', 'AT1G32470', 'AT1G50480', 'AT1G62560', 'AT1G62580', 'AT1G62600', 'AT1G62620', 'AT1G63390', 'AT1G74090', 'AT1G79370', 'AT2G12200', 'AT2G12280', 'AT2G20610', 'AT2G23960', 'AT2G23970', 'AT3G12290', 'AT4G00600', 'AT4G13930', 'AT4G23600', 'AT4G24380', 'AT4G30540', 'AT4G33010', 'AT4G37930', 'AT4G39650', 'AT5G20980']"
NEG::mixture::0201,0,cross_pathway_mixture,synthetic_negative,"['AT1G33320', 'AT1G65520', 'AT2G20610', 'AT3G62130', 'AT4G14430', 'AT4G23590']"
NEG::mixture::0202,0,cross_pathway_mixture,synthetic_negative,"['AT1G74540', 'AT2G38050', 'AT2G40890', 'AT3G13730', 'AT4G26220', 'AT4G36220', 'AT5G05690']"
NEG::mixture::0203,0,cross_pathway_mixture,synthetic_negative,"['AT1G30820', 'AT3G10030', 'AT3G53130', 'AT3G60180', 'AT4G25280', 'AT5G26667', 'AT5G52570', 'AT5G63310']"
NEG::mixture::0204,0,cross_pathway_mixture,synthetic_negative,"['AT1G01710', 'AT1G02140', 'AT1G07920', 'AT1G12930', 'AT1G15200', 'AT1G16610', 'AT1G24310', 'AT1G24470', 'AT1G24706', 'AT1G25450', 'AT1G26170', 'AT1G35550', 'AT1G51380', 'AT1G51510', 'AT1G59660', 'AT1G64350', 'AT1G67730', 'AT1G68530', 'AT1G71160', 'AT1G75340', 'AT1G80680', 'AT2G03820', 'AT2G05120', 'AT2G13540', 'AT2G16280', 'AT2G19430', 'AT2G26640', 'AT2G29210', 'AT2G30050', 'AT2G41620', 'AT2G45000', 'AT3G02420', 'AT3G02950', 'AT3G04490', 'AT3G05040', 'AT3G06000', 'AT3G06720', 'AT3G10280', 'AT3G45770', 'AT3G55360', 'AT3G57350', 'AT3G57870', 'AT3G59020', 'AT3G63130', 'AT4G02150', 'AT4G17470', 'AT4G17480', 'AT4G17483', 'AT4G27960', 'AT4G32910', 'AT4G34520', 'AT4G38760', 'AT4G39680', 'AT5G03070', 'AT5G04530', 'AT5G05680', 'AT5G09860', 'AT5G11200', 'AT5G20010', 'AT5G37720', 'AT5G40480', 'AT5G42920', 'AT5G43760', 'AT5G47010', 'AT5G49070', 'AT5G51200', 'AT5G53480', 'AT5G55080', 'AT5G56130', 'AT5G60390']"
NEG::mixture::0205,0,cross_pathway_mixture,synthetic_negative,"['AT1G04710', 'AT1G06290', 'AT1G54100', 'AT1G64400', 'AT1G69500', 'AT1G70560', 'AT1G77590', 'AT2G33150', 'AT2G35690', 'AT2G47240', 'AT3G06690', 'AT3G06810', 'AT3G06860', 'AT3G11945', 'AT3G48000', 'AT4G14070', 'AT4G14430', 'AT4G14440', 'AT4G22110', 'AT4G29010', 'AT4G34240', 'AT5G24760', 'AT5G36160', 'AT5G48230', 'AT5G48880', 'AT5G51690', 'AT5G53970', 'AT5G65110']"
NEG::mixture::0206,0,cross_pathway_mixture,synthetic_negative,"['AT1G23190', 'AT1G30820', 'AT2G34890', 'AT3G06580', 'AT3G18680', 'AT3G20330', 'AT3G28530', 'AT3G60180', 'AT3G60961', 'AT4G02120', 'AT4G25280']"
NEG::mixture::0207,0,cross_pathway_mixture,synthetic_negative,"['AT1G48850', 'AT1G80600', 'AT2G19940', 'AT2G21940', 'AT2G22905', 'AT3G06350', 'AT3G57560', 'AT4G17830', 'AT4G37670']"
NEG::mixture::0208,0,cross_pathway_mixture,synthetic_negative,"['AT1G06020', 'AT1G06030', 'AT1G06730', 'AT1G08940', 'AT1G09780', 'AT1G16300', 'AT1G31095', 'AT1G47845', 'AT1G70820', 'AT1G73370', 'AT1G78050', 'AT2G01140', 'AT2G31390', 'AT2G35020', 'AT2G36460', 'AT2G46580', 'AT3G12780', 'AT3G25960', 'AT3G30841', 'AT3G43190', 'AT3G54050', 'AT3G55440', 'AT3G55650', 'AT3G56040', 'AT3G59480', 'AT3G62040', 'AT4G02280', 'AT4G09520', 'AT4G24620', 'AT4G26270', 'AT4G26530', 'AT4G28706', 'AT4G29130', 'AT4G33070', 'AT4G37840', 'AT5G01320', 'AT5G01330', 'AT5G08570', 'AT5G10460', 'AT5G17310', 'AT5G17530', 'AT5G37180', 'AT5G49190', 'AT5G51830', 'AT5G52560', 'AT5G54960', 'AT5G56350', 'AT5G56630', 'AT5G59480', 'AT5G59490', 'AT5G62840', 'AT5G63680', 'AT5G64380']"
NEG::mixture::0209,0,cross_pathway_mixture,synthetic_negative,"['AT1G17730', 'AT1G73030', 'AT2G19830', 'AT2G27600', 'AT3G59630', 'AT4G29160', 'AT4G31790', 'AT5G24260']"
NEG::mixture::0210,0,cross_pathway_mixture,synthetic_negative,"['AT1G06130', 'AT1G11840', 'AT1G18500', 'AT1G22440', 'AT1G24180', 'AT1G32440', 'AT1G36180', 'AT1G44170', 'AT1G48030', 'AT1G53310', 'AT1G54100', 'AT1G54220', 'AT1G59900', 'AT1G67280', 'AT1G75840', 'AT1G77120', 'AT2G13560', 'AT2G17800', 'AT2G19900', 'AT2G22780', 'AT2G31350', 'AT2G34590', 'AT2G36580', 'AT2G37790', 'AT2G42600', 'AT2G43430', 'AT2G47510', 'AT3G02720', 'AT3G04050', 'AT3G10850', 'AT3G14940', 'AT3G16910', 'AT3G16950', 'AT3G20270', 'AT3G22960', 'AT3G25960', 'AT3G49160', 'AT3G51300', 'AT3G52990', 'AT3G55810', 'AT4G15530', 'AT4G34240', 'AT4G35950', 'AT4G36250', 'AT5G03370', 'AT5G06580', 'AT5G11670', 'AT5G15530', 'AT5G36880', 'AT5G45970', 'AT5G50850', 'AT5G50950', 'AT5G56580', 'AT5G63680', 'AT5G65690']"
NEG::mixture::0211,0,cross_pathway_mixture,synthetic_negative,"['AT1G06290', 'AT1G06310', 'AT1G24280', 'AT1G31690', 'AT1G31710', 'AT1G62810', 'AT2G02000', 'AT2G14170', 'AT2G43020', 'AT3G02360', 'AT3G06690', 'AT3G17760', 'AT3G17810', 'AT3G27300', 'AT3G43670', 'AT3G48000', 'AT3G60510', 'AT4G12290', 'AT4G14940', 'AT4G16210', 'AT4G29720', 'AT4G34240', 'AT4G36250', 'AT5G13110', 'AT5G17330', 'AT5G24400', 'AT5G24420', 'AT5G35790', 'AT5G48840', 'AT5G65110']"
NEG::mixture::0212,0,cross_pathway_mixture,synthetic_negative,"['AT1G04380', 'AT1G12160', 'AT1G13700', 'AT1G17160', 'AT1G20950', 'AT1G23190', 'AT1G24100', 'AT1G24280', 'AT1G43670', 'AT1G62540', 'AT1G62580', 'AT1G62620', 'AT1G63340', 'AT1G63370', 'AT1G69820', 'AT1G70730', 'AT1G74090', 'AT1G74100', 'AT1G76550', 'AT1G79370', 'AT2G01140', 'AT2G16790', 'AT2G20610', 'AT2G22480', 'AT2G24850', 'AT2G25450', 'AT2G35390', 'AT2G36460', 'AT2G44530', 'AT3G02360', 'AT3G04790', 'AT3G27300', 'AT3G49360', 'AT3G52930', 'AT3G61400', 'AT4G04040', 'AT4G23600', 'AT4G24620', 'AT4G28410', 'AT4G30530', 'AT4G38970', 'AT5G07800', 'AT5G13420', 'AT5G24410', 'AT5G24420', 'AT5G40760', 'AT5G43440', 'AT5G44520', 'AT5G59530', 'AT5G59540', 'AT5G61410', 'AT5G64380']"
NEG::mixture::0213,0,cross_pathway_mixture,synthetic_negative,"['AT1G05610', 'AT1G06020', 'AT1G06030', 'AT1G06410', 'AT1G11820', 'AT1G12240', 'AT1G26560', 'AT1G27680', 'AT1G35250', 'AT1G35290', 'AT1G35580', 'AT1G48930', 'AT1G55120', 'AT1G60140', 'AT1G60270', 'AT1G61820', 'AT1G62660', 'AT1G65610', 'AT1G66280', 'AT1G68020', 'AT1G68260', 'AT1G70290', 'AT1G70710', 'AT1G71380', 'AT1G72000', 'AT1G73370', 'AT2G21590', 'AT2G22190', 'AT2G25630', 'AT2G32290', 'AT2G36190', 'AT2G39930', 'AT2G44460', 'AT2G44470', 'AT2G44490', 'AT2G44540', 'AT2G44560', 'AT2G44570', 'AT2G45880', 'AT3G03250', 'AT3G03640', 'AT3G06500', 'AT3G13790', 'AT3G18070', 'AT3G18080', 'AT3G20040', 'AT3G21370', 'AT3G23920', 'AT3G29320', 'AT3G43860', 'AT3G46970', 'AT3G47000', 'AT3G47010', 'AT3G59480', 'AT3G62750', 'AT4G00490', 'AT4G02280', 'AT4G09510', 'AT4G10260', 'AT4G11980', 'AT4G12430', 'AT4G17770', 'AT4G18240', 'AT4G22100', 'AT4G24040', 'AT4G27820', 'AT4G29130', 'AT4G29680', 'AT4G37840', 'AT4G38990', 'AT4G39000', 'AT4G39210', 'AT4G39770', 'AT5G03650', 'AT5G04885', 'AT5G11110', 'AT5G11720', 'AT5G11920', 'AT5G17310', 'AT5G19220', 'AT5G20280', 'AT5G20830', 'AT5G22510', 'AT5G24300', 'AT5G24540', 'AT5G28510', 'AT5G36890', 'AT5G42260', 'AT5G42740', 'AT5G49190', 'AT5G54570', 'AT5G58090', 'AT5G65140']"
NEG::mixture::0214,0,cross_pathway_mixture,synthetic_negative,"['AT1G67440', 'AT2G17640', 'AT2G29630', 'AT3G13110', 'AT4G29530', 'AT4G30720']"
NEG::mixture::0215,0,cross_pathway_mixture,synthetic_negative,"['AT1G48420', 'AT1G49530', 'AT2G23800', 'AT3G29430', 'AT3G32040', 'AT3G53580', 'AT4G11640', 'AT4G17190', 'AT4G36810', 'AT4G38460', 'AT5G47770']"
NEG::mixture::0216,0,cross_pathway_mixture,synthetic_negative,"['AT1G12000', 'AT1G19600', 'AT1G20950', 'AT1G36370', 'AT1G76550', 'AT2G12200', 'AT2G12280', 'AT2G21170', 'AT2G22480', 'AT2G29560', 'AT2G36580', 'AT3G08590', 'AT3G10160', 'AT3G25960', 'AT3G49160', 'AT3G52930', 'AT3G52990', 'AT3G55630', 'AT3G55810', 'AT4G09520', 'AT4G26270', 'AT4G26390', 'AT4G26520', 'AT4G29220', 'AT4G32520', 'AT4G32840', 'AT4G38970', 'AT5G03690', 'AT5G05980', 'AT5G47810', 'AT5G61580', 'AT5G63680']"
NEG::mixture::0217,0,cross_pathway_mixture,synthetic_negative,"['AT1G01290', 'AT1G08750', 'AT1G12730', 'AT1G16560', 'AT1G78670', 'AT2G21550', 'AT2G22530', 'AT2G27340', 'AT2G34980', 'AT2G43760', 'AT3G07270', 'AT3G10160', 'AT3G11750', 'AT3G21730', 'AT3G27325', 'AT3G55630', 'AT3G57170', 'AT3G58130', 'AT3G59710', 'AT4G34570', 'AT4G35530', 'AT5G05980', 'AT5G14850', 'AT5G17250', 'AT5G22130', 'AT5G42370', 'AT5G46850', 'AT5G51110', 'AT5G61830', 'AT5G62980']"
NEG::mixture::0218,0,cross_pathway_mixture,synthetic_negative,"['AT1G58440', 'AT3G60961', 'AT4G34640', 'AT4G37760', 'AT5G24140', 'AT5G63310']"
NEG::mixture::0219,0,cross_pathway_mixture,synthetic_negative,"['AT1G10520', 'AT1G21480', 'AT1G27440', 'AT1G48050', 'AT1G74680', 'AT2G28110', 'AT3G03650', 'AT3G07620', 'AT3G23100', 'AT3G42180', 'AT3G45400', 'AT4G38040', 'AT5G11130', 'AT5G16890', 'AT5G20260', 'AT5G54260', 'AT5G61840']"
NEG::mixture::0220,0,cross_pathway_mixture,synthetic_negative,"['AT1G69190', 'AT2G19180', 'AT2G21550', 'AT2G28880', 'AT2G38660', 'AT2G40116', 'AT3G12290', 'AT3G47220', 'AT3G55630', 'AT4G00600', 'AT4G24380', 'AT4G30000', 'AT4G38530', 'AT5G57850', 'AT5G58690', 'AT5G58700', 'AT5G65400']"
NEG::mixture::0221,0,cross_pathway_mixture,synthetic_negative,"['AT1G01740', 'AT1G03970', 'AT1G04100', 'AT1G04250', 'AT1G08320', 'AT1G09530', 'AT1G13590', 'AT1G15050', 'AT1G16510', 'AT1G17260', 'AT1G17550', 'AT1G18890', 'AT1G19050', 'AT1G19180', 'AT1G19220', 'AT1G19830', 'AT1G19840', 'AT1G21430', 'AT1G23160', 'AT1G23320', 'AT1G24650', 'AT1G28130', 'AT1G29430', 'AT1G29440', 'AT1G29450', 'AT1G29490', 'AT1G29500', 'AT1G29510', 'AT1G30330', 'AT1G32640', 'AT1G34410', 'AT1G35670', 'AT1G43950', 'AT1G48660', 'AT1G49190', 'AT1G50700', 'AT1G59500', 'AT1G59750', 'AT1G59940', 'AT1G66150', 'AT1G66340', 'AT1G66350', 'AT1G68210', 'AT1G70700', 'AT1G72770', 'AT1G73000', 'AT1G73730', 'AT1G74890', 'AT1G75590', 'AT1G76040', 'AT1G76190', 'AT1G77120', 'AT1G77690', 'AT1G78290', 'AT1G80100', 'AT1G80660', 'AT2G01200', 'AT2G07560', 'AT2G14610', 'AT2G17290', 'AT2G19990', 'AT2G20180', 'AT2G21050', 'AT2G21210', 'AT2G25180', 'AT2G28350', 'AT2G29380', 'AT2G30980', 'AT2G31500', 'AT2G33230', 'AT2G33310', 'AT2G33860', 'AT2G35890', 'AT2G36210', 'AT2G37030', 'AT2G38120', 'AT2G38310', 'AT2G39940', 'AT2G40330', 'AT2G40940', 'AT2G41070', 'AT2G41370', 'AT2G41860', 'AT2G43010', 'AT2G43790', 'AT2G45210', 'AT2G46530', 'AT2G46690', 'AT2G46970', 'AT2G46990', 'AT2G47750', 'AT3G03450', 'AT3G03830', 'AT3G03850', 'AT3G04580', 'AT3G11410', 'AT3G17820', 'AT3G19290', 'AT3G20410', 'AT3G21510', 'AT3G23030', 'AT3G23150', 'AT3G23750', 'AT3G29350', 'AT3G43810', 'AT3G45640', 'AT3G47950', 'AT3G48100', 'AT3G49780', 'AT3G50070', 'AT3G50500', 'AT3G50750', 'AT3G51850', 'AT3G53250', 'AT3G54850', 'AT3G56850', 'AT3G57040', 'AT3G59790', 'AT3G60330', 'AT3G61900', 'AT3G62980', 'AT4G01026', 'AT4G03190', 'AT4G04402', 'AT4G04700', 'AT4G04740', 'AT4G09530', 'AT4G11730', 'AT4G12410', 'AT4G13790', 'AT4G14560', 'AT4G16110', 'AT4G18620', 'AT4G26080', 'AT4G26120', 'AT4G26150', 'AT4G27260', 'AT4G28720', 'AT4G28800', 'AT4G29080', 'AT4G30190', 'AT4G32280', 'AT4G33430', 'AT4G33710', 'AT4G33730', 'AT4G33950', 'AT4G34750', 'AT4G34760', 'AT4G34810', 'AT4G35310', 'AT4G35900', 'AT4G36110', 'AT4G36780', 'AT4G36930', 'AT4G37390', 'AT4G37720', 'AT4G38230', 'AT4G38840', 'AT5G03280', 'AT5G03730', 'AT5G05440', 'AT5G06839', 'AT5G06950', 'AT5G06960', 'AT5G08590', 'AT5G10030', 'AT5G10120', 'AT5G12180', 'AT5G12480', 'AT5G13220', 'AT5G13350', 'AT5G13360', 'AT5G13370', 'AT5G16570', 'AT5G18030', 'AT5G18060', 'AT5G18080', 'AT5G19360', 'AT5G19450', 'AT5G20730', 'AT5G20810', 'AT5G23050', 'AT5G25620', 'AT5G25890', 'AT5G27320', 'AT5G35750', 'AT5G36880', 'AT5G37020', 'AT5G39340', 'AT5G41260', 'AT5G42340', 'AT5G42750', 'AT5G42910', 'AT5G45860', 'AT5G46570', 'AT5G46790', 'AT5G47220', 'AT5G49240', 'AT5G49480', 'AT5G50760', 'AT5G51470', 'AT5G51760', 'AT5G53590', 'AT5G54510', 'AT5G56860', 'AT5G57050', 'AT5G57560', 'AT5G58080', 'AT5G59220', 'AT5G61270', 'AT5G62920', 'AT5G63650', 'AT5G65100', 'AT5G65670', 'AT5G65870', 'AT5G66210', 'AT5G66260', 'AT5G66880', 'AT5G67260']"
NEG::mixture::0222,0,cross_pathway_mixture,synthetic_negative,"['AT1G65520', 'AT1G77120', 'AT2G07640', 'AT3G06860', 'AT4G14430', 'AT4G29010', 'AT4G33070']"
NEG::mixture::0223,0,cross_pathway_mixture,synthetic_negative,"['AT1G08980', 'AT1G55090', 'AT1G73540', 'AT2G01670', 'AT2G04450', 'AT2G13810', 'AT2G23420', 'AT2G44040', 'AT3G14390', 'AT3G53580', 'AT3G59890', 'AT4G33680', 'AT5G23220', 'AT5G23230', 'AT5G45940', 'AT5G47240', 'AT5G47650', 'AT5G52100']"
NEG::mixture::0224,0,cross_pathway_mixture,synthetic_negative,"['AT1G08250', 'AT1G69370', 'AT2G22250', 'AT3G07630', 'AT5G15950', 'AT5G18930', 'AT5G22630', 'AT5G53120']"
NEG::mixture::0225,0,cross_pathway_mixture,synthetic_negative,"['AT1G06515', 'AT1G14290', 'AT1G49530', 'AT2G18640', 'AT2G23800', 'AT2G37940', 'AT2G46210', 'AT3G14550', 'AT3G20160', 'AT3G29430', 'AT3G32040', 'AT3G48780', 'AT3G48790', 'AT4G04930', 'AT4G36480']"
NEG::mixture::0226,0,cross_pathway_mixture,synthetic_negative,"['AT1G03190', 'AT1G05055', 'AT1G07370', 'AT1G09815', 'AT1G17050', 'AT1G19750', 'AT1G36623', 'AT1G49530', 'AT1G53690', 'AT1G54250', 'AT1G61700', 'AT1G62886', 'AT1G66750', 'AT1G73690', 'AT1G77470', 'AT1G78650', 'AT1G79650', 'AT2G04630', 'AT2G15400', 'AT2G18640', 'AT2G18760', 'AT2G26930', 'AT2G27120', 'AT2G41340', 'AT3G02540', 'AT3G02780', 'AT3G02920', 'AT3G14510', 'AT3G20160', 'AT3G22320', 'AT3G29430', 'AT3G42830', 'AT3G54490', 'AT3G59380', 'AT3G59600', 'AT3G61420', 'AT4G05420', 'AT4G15560', 'AT4G16265', 'AT4G17190', 'AT4G19130', 'AT4G21100', 'AT4G38460', 'AT5G16090', 'AT5G16440', 'AT5G16630', 'AT5G22010', 'AT5G22110', 'AT5G27740', 'AT5G38470', 'AT5G41150', 'AT5G41370', 'AT5G45400', 'AT5G46210', 'AT5G51940', 'AT5G58760']"
NEG::mixture::0227,0,cross_pathway_mixture,synthetic_negative,"['AT1G23310', 'AT1G36370', 'AT1G59500', 'AT1G70580', 'AT4G13930', 'AT4G27260', 'AT4G32520', 'AT4G37390', 'AT5G13350', 'AT5G13370', 'AT5G13380']"
NEG::mixture::0228,0,cross_pathway_mixture,synthetic_negative,"['AT1G08510', 'AT1G14700', 'AT1G24360', 'AT1G36160', 'AT1G49430', 'AT1G62640', 'AT1G74960', 'AT1G79790', 'AT2G05990', 'AT2G22450', 'AT2G30200', 'AT2G42070', 'AT2G47240', 'AT3G02610', 'AT3G02620', 'AT3G03980', 'AT3G16170', 'AT3G24030', 'AT3G25110', 'AT3G47390', 'AT4G13050', 'AT4G13180', 'AT4G20960', 'AT4G21470', 'AT4G29680', 'AT5G10160', 'AT5G15530', 'AT5G16390', 'AT5G35360', 'AT5G46290', 'AT5G59750']"
NEG::mixture::0229,0,cross_pathway_mixture,synthetic_negative,"['AT1G01460', 'AT1G01960', 'AT1G05630', 'AT1G07410', 'AT1G10900', 'AT1G13980', 'AT1G16030', 'AT1G21980', 'AT1G22740', 'AT1G23490', 'AT1G28550', 'AT1G47830', 'AT1G52280', 'AT1G52570', 'AT1G60430', 'AT1G60860', 'AT2G17790', 'AT2G17840', 'AT2G27600', 'AT2G30910', 'AT2G33385', 'AT2G35210', 'AT2G36680', 'AT2G41210', 'AT2G42010', 'AT2G43900', 'AT3G03120', 'AT3G05630', 'AT3G07940', 'AT3G07960', 'AT3G09440', 'AT3G09900', 'AT3G09920', 'AT3G10640', 'AT3G12580', 'AT3G16100', 'AT3G16785', 'AT3G20290', 'AT3G45000', 'AT3G46540', 'AT3G47810', 'AT3G53610', 'AT3G54840', 'AT3G56960', 'AT3G59290', 'AT3G60860', 'AT3G62080', 'AT3G62290', 'AT4G00240', 'AT4G01190', 'AT4G01710', 'AT4G05330', 'AT4G05520', 'AT4G09720', 'AT4G11830', 'AT4G11840', 'AT4G12230', 'AT4G16144', 'AT4G17890', 'AT4G18010', 'AT4G18800', 'AT4G19640', 'AT4G24280', 'AT4G27040', 'AT4G35790', 'AT5G02500', 'AT5G04920', 'AT5G06140', 'AT5G09260', 'AT5G13300', 'AT5G13860', 'AT5G19610', 'AT5G44560', 'AT5G45130', 'AT5G45750', 'AT5G46630', 'AT5G46750', 'AT5G59150', 'AT5G61980', 'AT5G63880', 'AT5G63980', 'AT5G64000', 'AT5G65274']"
NEG::mixture::0230,0,cross_pathway_mixture,synthetic_negative,"['AT1G07230', 'AT1G63380', 'AT1G66550', 'AT1G68260', 'AT1G68280', 'AT2G06925', 'AT2G17845', 'AT2G26870', 'AT2G42010', 'AT2G45670', 'AT3G03540', 'AT3G05630', 'AT3G16785', 'AT3G45770', 'AT3G46170', 'AT3G48610', 'AT3G55290', 'AT4G00240', 'AT4G11830', 'AT4G11840', 'AT4G11850', 'AT5G10160']"
NEG::mixture::0231,0,cross_pathway_mixture,synthetic_negative,"['AT1G06030', 'AT1G13560', 'AT1G16340', 'AT1G23190', 'AT1G26570', 'AT1G31070', 'AT1G50390', 'AT1G50460', 'AT1G53500', 'AT1G63180', 'AT1G67070', 'AT1G70730', 'AT1G73250', 'AT1G74910', 'AT1G78570', 'AT2G19800', 'AT2G27860', 'AT2G31390', 'AT2G32260', 'AT2G35020', 'AT2G45310', 'AT2G45790', 'AT3G01010', 'AT3G01640', 'AT3G06580', 'AT3G08900', 'AT3G23820', 'AT3G24090', 'AT3G25585', 'AT3G29360', 'AT3G46440', 'AT3G51160', 'AT3G54690', 'AT3G55590', 'AT3G59480', 'AT3G62830', 'AT4G10960', 'AT4G12250', 'AT4G15130', 'AT4G16130', 'AT4G20460', 'AT4G24620', 'AT4G26260', 'AT4G29130', 'AT4G30570', 'AT4G39210', 'AT5G14430', 'AT5G14470', 'AT5G15490', 'AT5G15650', 'AT5G18070', 'AT5G18200', 'AT5G28840', 'AT5G44480', 'AT5G59290']"
NEG::mixture::0232,0,cross_pathway_mixture,synthetic_negative,"['AT1G07230', 'AT1G07420', 'AT1G12640', 'AT1G52570', 'AT1G63050', 'AT1G80950', 'AT2G07050', 'AT3G03530', 'AT3G03540', 'AT3G04030', 'AT3G16785', 'AT3G25585', 'AT3G57140', 'AT4G00240', 'AT4G12110', 'AT4G35790', 'AT5G25370']"
NEG::mixture::0233,0,cross_pathway_mixture,synthetic_negative,"['AT1G01220', 'AT1G01420', 'AT1G02000', 'AT1G05675', 'AT1G06030', 'AT1G07240', 'AT1G07260', 'AT1G12780', 'AT1G17890', 'AT1G23190', 'AT1G47840', 'AT1G50390', 'AT1G50460', 'AT1G53500', 'AT1G63000', 'AT1G63180', 'AT1G67070', 'AT1G70730', 'AT1G73250', 'AT1G74910', 'AT1G79500', 'AT2G04650', 'AT2G06960', 'AT2G15480', 'AT2G19800', 'AT2G19860', 'AT2G27860', 'AT2G34850', 'AT2G35020', 'AT2G45790', 'AT3G02570', 'AT3G03250', 'AT3G08900', 'AT3G14790', 'AT3G16520', 'AT3G19010', 'AT3G21790', 'AT3G24090', 'AT3G29360', 'AT3G46660', 'AT3G51160', 'AT3G54690', 'AT3G59480', 'AT3G62830', 'AT4G00110', 'AT4G10260', 'AT4G10960', 'AT4G15280', 'AT4G16130', 'AT4G20460', 'AT4G23920', 'AT4G24620', 'AT4G30570', 'AT4G34131', 'AT4G34135', 'AT4G34138', 'AT4G37840', 'AT5G08640', 'AT5G14470', 'AT5G16510', 'AT5G17030', 'AT5G42740', 'AT5G51820', 'AT5G52560', 'AT5G59290', 'AT5G59580', 'AT5G59590', 'AT5G63590', 'AT5G63595', 'AT5G63600', 'AT5G66280']"
NEG::mixture::0234,0,cross_pathway_mixture,synthetic_negative,"['AT1G19920', 'AT1G31230', 'AT2G46660', 'AT3G02020', 'AT4G14680', 'AT4G26220', 'AT5G13280', 'AT5G14060', 'AT5G37170', 'AT5G43780']"
NEG::mixture::0235,0,cross_pathway_mixture,synthetic_negative,"['AT1G08940', 'AT1G13440', 'AT1G23190', 'AT1G43670', 'AT1G51420', 'AT1G70730', 'AT1G79550', 'AT2G01140', 'AT2G21330', 'AT2G24150', 'AT2G35840', 'AT2G38460', 'AT3G04120', 'AT3G12780', 'AT3G52340', 'AT3G52930', 'AT4G26520', 'AT4G30850', 'AT4G38970', 'AT5G11110', 'AT5G20270', 'AT5G20280', 'AT5G52560', 'AT5G64380']"
NEG::mixture::0236,0,cross_pathway_mixture,synthetic_negative,"['AT1G06720', 'AT1G08410', 'AT1G10060', 'AT1G27470', 'AT1G50920', 'AT1G56110', 'AT1G80560', 'AT2G01020', 'AT2G03820', 'AT2G18900', 'AT2G20490', 'AT2G21440', 'AT2G23070', 'AT2G24990', 'AT2G25420', 'AT2G26970', 'AT2G31810', 'AT2G39820', 'AT2G43090', 'AT2G43190', 'AT2G47300', 'AT2G47990', 'AT3G03110', 'AT3G03920', 'AT3G05060', 'AT3G21540', 'AT3G23940', 'AT3G41768', 'AT3G50000', 'AT3G57000', 'AT3G57940', 'AT3G58610', 'AT3G58990', 'AT4G02400', 'AT4G07410', 'AT4G12600', 'AT4G13430', 'AT4G17640', 'AT4G25630', 'AT5G05540', 'AT5G08600', 'AT5G11240', 'AT5G14200', 'AT5G16750', 'AT5G17020', 'AT5G18180', 'AT5G20160', 'AT5G25800', 'AT5G27140', 'AT5G41190', 'AT5G42540', 'AT5G52470', 'AT5G53902', 'AT5G54075', 'AT5G55190', 'AT5G59980', 'AT5G65780', 'AT5G67240', 'AT5G67380']"
NEG::mixture::0237,0,cross_pathway_mixture,synthetic_negative,"['AT1G04040', 'AT1G08940', 'AT1G52940', 'AT1G54780', 'AT1G56360', 'AT2G01880', 'AT2G01890', 'AT2G16430', 'AT2G19900', 'AT2G22780', 'AT2G38600', 'AT3G17790', 'AT3G47520', 'AT3G52780', 'AT3G52810', 'AT3G53910', 'AT4G13700', 'AT4G25150', 'AT4G29270', 'AT4G36350', 'AT5G09660', 'AT5G11670', 'AT5G24780', 'AT5G25880']"
NEG::mixture::0238,0,cross_pathway_mixture,synthetic_negative,"['AT1G25083', 'AT1G25155', 'AT1G63660', 'AT1G70570', 'AT1G75330', 'AT2G23890', 'AT2G34890', 'AT2G38210', 'AT2G38680', 'AT2G41220', 'AT3G25660', 'AT3G47340', 'AT3G55610', 'AT3G55870', 'AT4G02120', 'AT4G14930', 'AT4G20320', 'AT4G26510', 'AT4G29260', 'AT4G34880', 'AT5G04140', 'AT5G05730', 'AT5G07360', 'AT5G10920', 'AT5G38710', 'AT5G40870', 'AT5G46180', 'AT5G53460', 'AT5G57890']"
NEG::mixture::0239,0,cross_pathway_mixture,synthetic_negative,"['AT1G06310', 'AT1G67440', 'AT2G29630', 'AT2G33150', 'AT2G35690', 'AT2G43710', 'AT3G02610', 'AT3G02630', 'AT3G12120', 'AT3G51840', 'AT4G29530', 'AT5G10480', 'AT5G16230', 'AT5G19470', 'AT5G48880', 'AT5G65110']"
NEG::mixture::0240,0,cross_pathway_mixture,synthetic_negative,"['AT1G01090', 'AT1G02850', 'AT1G09240', 'AT1G09870', 'AT1G16300', 'AT1G24180', 'AT1G30120', 'AT1G32100', 'AT1G32780', 'AT1G44170', 'AT1G45191', 'AT1G47840', 'AT1G50460', 'AT1G55290', 'AT1G56190', 'AT1G56430', 'AT1G60270', 'AT1G61810', 'AT1G66270', 'AT1G70730', 'AT1G77120', 'AT1G78050', 'AT1G78950', 'AT1G79530', 'AT1G79550', 'AT2G21330', 'AT2G22480', 'AT2G29560', 'AT2G36460', 'AT2G36580', 'AT2G44450', 'AT2G44460', 'AT2G44470', 'AT2G44480', 'AT3G01260', 'AT3G01590', 'AT3G06350', 'AT3G09260', 'AT3G12780', 'AT3G13610', 'AT3G13930', 'AT3G17940', 'AT3G18070', 'AT3G25860', 'AT3G47010', 'AT3G47040', 'AT3G47050', 'AT3G48000', 'AT3G49160', 'AT3G50520', 'AT3G52990', 'AT3G54050', 'AT3G55650', 'AT3G60120', 'AT3G60130', 'AT3G62740', 'AT3G62750', 'AT4G01850', 'AT4G13660', 'AT4G15530', 'AT4G16155', 'AT4G17260', 'AT4G21760', 'AT4G24620', 'AT4G25900', 'AT4G26270', 'AT4G26520', 'AT4G27820', 'AT4G27830', 'AT4G29130', 'AT4G29220', 'AT4G31940', 'AT4G33070', 'AT4G34240', 'AT4G37840', 'AT5G01330', 'AT5G03690', 'AT5G04885', 'AT5G08570', 'AT5G14500', 'AT5G15140', 'AT5G20940', 'AT5G24760', 'AT5G36110', 'AT5G36880', 'AT5G43940', 'AT5G50850', 'AT5G52920', 'AT5G54960', 'AT5G56630', 'AT5G57330', 'AT5G61160', 'AT5G61580', 'AT5G66530']"
NEG::mixture::0241,0,cross_pathway_mixture,synthetic_negative,"['AT1G05240', 'AT1G15950', 'AT1G24735', 'AT1G30760', 'AT1G30820', 'AT1G30870', 'AT1G34510', 'AT1G48130', 'AT1G49570', 'AT1G51680', 'AT1G62940', 'AT1G65060', 'AT1G67990', 'AT1G74540', 'AT1G75210', 'AT1G77100', 'AT1G77420', 'AT2G18140', 'AT2G18980', 'AT2G19070', 'AT2G21730', 'AT2G22990', 'AT2G34890', 'AT2G37040', 'AT2G39040', 'AT2G39420', 'AT2G40890', 'AT2G41480', 'AT3G01190', 'AT3G03670', 'AT3G10340', 'AT3G19450', 'AT3G21240', 'AT3G21770', 'AT3G49110', 'AT3G53260', 'AT3G55180', 'AT3G62860', 'AT4G02120', 'AT4G05160', 'AT4G15480', 'AT4G15490', 'AT4G15500', 'AT4G17690', 'AT4G20320', 'AT4G29260', 'AT4G31760', 'AT4G33420', 'AT4G33870', 'AT4G34230', 'AT4G36220', 'AT4G37520', 'AT4G37980', 'AT4G39330', 'AT5G04230', 'AT5G04330', 'AT5G05340', 'AT5G06720', 'AT5G06730', 'AT5G09640', 'AT5G16120', 'AT5G17760', 'AT5G19890', 'AT5G22410', 'AT5G26310', 'AT5G42180', 'AT5G57840', 'AT5G58390', 'AT5G58400', 'AT5G64110', 'AT5G64120', 'AT5G66690']"
NEG::mixture::0242,0,cross_pathway_mixture,synthetic_negative,"['AT1G05590', 'AT1G07380', 'AT1G26200', 'AT1G33700', 'AT1G65590', 'AT3G06060', 'AT3G24180', 'AT3G25540', 'AT3G48790', 'AT3G51730', 'AT4G04930', 'AT4G10060', 'AT4G21540', 'AT4G22330', 'AT4G29580', 'AT4G29610', 'AT4G29620', 'AT4G29630', 'AT4G29640', 'AT4G36480', 'AT5G08370', 'AT5G08380']"
NEG::mixture::0243,0,cross_pathway_mixture,synthetic_negative,"['AT1G08110', 'AT1G08940', 'AT1G13440', 'AT1G23190', 'AT1G70730', 'AT1G79550', 'AT2G01140', 'AT2G31350', 'AT2G35840', 'AT2G36460', 'AT2G43430', 'AT3G02720', 'AT3G05170', 'AT3G10850', 'AT3G52930', 'AT3G54050', 'AT3G56040', 'AT4G10120', 'AT4G24620', 'AT4G26520', 'AT5G03690', 'AT5G11110', 'AT5G17310', 'AT5G42740', 'AT5G64380']"
NEG::mixture::0244,0,cross_pathway_mixture,synthetic_negative,"['AT1G19670', 'AT1G49530', 'AT1G63970', 'AT1G78510', 'AT2G02497', 'AT2G23800', 'AT2G24820', 'AT2G26930', 'AT3G02780', 'AT3G14550', 'AT3G21500', 'AT3G29430', 'AT3G44880', 'AT3G59380', 'AT4G15560', 'AT4G37000', 'AT5G11380', 'AT5G16440']"
NEG::mixture::0245,0,cross_pathway_mixture,synthetic_negative,"['AT1G09780', 'AT1G12550', 'AT1G14810', 'AT1G17745', 'AT1G18640', 'AT1G22020', 'AT1G23310', 'AT1G31690', 'AT1G31710', 'AT1G36180', 'AT1G54100', 'AT1G62810', 'AT1G70580', 'AT1G72810', 'AT1G78050', 'AT1G79870', 'AT1G80040', 'AT2G17265', 'AT2G17630', 'AT2G25710', 'AT2G35370', 'AT2G38400', 'AT2G42490', 'AT3G19480', 'AT3G43670', 'AT3G48170', 'AT3G54640', 'AT4G02610', 'AT4G11640', 'AT4G12290', 'AT4G13890', 'AT4G13930', 'AT4G14940', 'AT4G29890', 'AT4G39660', 'AT5G14060', 'AT5G15530', 'AT5G28237', 'AT5G35360', 'AT5G38530']"
NEG::mixture::0246,0,cross_pathway_mixture,synthetic_negative,"['AT1G05620', 'AT1G55090', 'AT1G78590', 'AT2G01350', 'AT2G23420', 'AT2G40116', 'AT3G21070', 'AT3G55940', 'AT4G12720', 'AT4G29680', 'AT4G38530', 'AT5G09230', 'AT5G14760', 'AT5G23230', 'AT5G50210', 'AT5G55760', 'AT5G58690', 'AT5G58700']"
NEG::mixture::0247,0,cross_pathway_mixture,synthetic_negative,"['AT1G03980', 'AT1G17840', 'AT1G36370', 'AT1G51500', 'AT1G53270', 'AT1G71960', 'AT2G01320', 'AT2G37360', 'AT2G39350', 'AT3G21090', 'AT3G22740', 'AT3G25620', 'AT3G53510', 'AT3G63250', 'AT4G13890', 'AT4G13930', 'AT4G32520', 'AT4G39640', 'AT5G06530', 'AT5G13580', 'AT5G26780', 'AT5G44070', 'AT5G52860']"
NEG::mixture::0248,0,cross_pathway_mixture,synthetic_negative,"['AT1G16340', 'AT1G26570', 'AT1G53000', 'AT1G53500', 'AT1G62800', 'AT1G73250', 'AT2G04650', 'AT2G30970', 'AT2G35020', 'AT2G39770', 'AT3G01010', 'AT3G03250', 'AT3G54690', 'AT3G55590', 'AT5G11520', 'AT5G15490', 'AT5G17310', 'AT5G19550', 'AT5G52560']"
NEG::mixture::0249,0,cross_pathway_mixture,synthetic_negative,"['AT1G01480', 'AT1G01560', 'AT1G05100', 'AT1G09000', 'AT1G10210', 'AT1G12280', 'AT1G17550', 'AT1G18150', 'AT1G19230', 'AT1G20620', 'AT1G20630', 'AT1G32640', 'AT1G43700', 'AT1G44790', 'AT1G60940', 'AT1G63700', 'AT1G66410', 'AT1G73500', 'AT2G18170', 'AT2G20875', 'AT2G25490', 'AT2G26070', 'AT2G27030', 'AT2G27050', 'AT2G29380', 'AT2G40330', 'AT2G40940', 'AT2G41110', 'AT3G02910', 'AT3G04580', 'AT3G11410', 'AT3G19690', 'AT3G20770', 'AT3G21220', 'AT3G23150', 'AT3G23240', 'AT3G25250', 'AT3G26830', 'AT3G43810', 'AT3G45640', 'AT3G50500', 'AT3G61510', 'AT4G01250', 'AT4G08500', 'AT4G11230', 'AT4G11280', 'AT4G11330', 'AT4G23100', 'AT4G23550', 'AT4G26070', 'AT4G26080', 'AT4G27920', 'AT4G29810', 'AT4G33520', 'AT4G35090', 'AT4G40010', 'AT5G03280', 'AT5G03730', 'AT5G05440', 'AT5G07180', 'AT5G07390', 'AT5G21120', 'AT5G40440', 'AT5G44790', 'AT5G45860', 'AT5G45870', 'AT5G46330', 'AT5G46790', 'AT5G47910', 'AT5G49480', 'AT5G53160', 'AT5G57050', 'AT5G59220', 'AT5G62230', 'AT5G63310', 'AT5G65100']"
NEG::mixture::0250,0,cross_pathway_mixture,synthetic_negative,"['AT1G67980', 'AT2G19070', 'AT3G10030', 'AT3G12670', 'AT3G27440', 'AT3G53900', 'AT4G02120', 'AT4G20320', 'AT4G26510', 'AT5G48930', 'AT5G57840', 'AT5G63310']"
NEG::mixture::0251,0,cross_pathway_mixture,synthetic_negative,"['AT1G09795', 'AT1G44170', 'AT1G54100', 'AT1G58080', 'AT2G32160', 'AT2G32170', 'AT3G17717', 'AT3G48000', 'AT4G23100', 'AT4G26900', 'AT5G10330', 'AT5G15950', 'AT5G19530']"
NEG::mixture::0252,0,cross_pathway_mixture,synthetic_negative,"['AT1G44318', 'AT1G69740', 'AT1G72880', 'AT1G75210', 'AT2G26540', 'AT2G31250', 'AT2G36310', 'AT4G31196', 'AT4G34890', 'AT5G18860', 'AT5G18890', 'AT5G48960']"
NEG::mixture::0253,0,cross_pathway_mixture,synthetic_negative,"['AT2G22450', 'AT2G32260', 'AT3G25585', 'AT3G48420', 'AT4G11570', 'AT4G21470', 'AT5G59750', 'AT5G64300']"
NEG::mixture::0254,0,cross_pathway_mixture,synthetic_negative,"['AT1G02790', 'AT1G02810', 'AT1G05650', 'AT1G05660', 'AT1G11580', 'AT1G11590', 'AT1G11920', 'AT1G26570', 'AT1G30350', 'AT1G53830', 'AT1G63290', 'AT1G69940', 'AT2G02720', 'AT2G37790', 'AT2G41850', 'AT2G43860', 'AT2G43890', 'AT2G45220', 'AT3G01010', 'AT3G01850', 'AT3G03250', 'AT3G07830', 'AT3G10720', 'AT3G14040', 'AT3G14310', 'AT3G24670', 'AT3G30775', 'AT3G47400', 'AT3G55610', 'AT3G59850', 'AT3G60730', 'AT4G00190', 'AT4G02320', 'AT4G02330', 'AT4G03930', 'AT4G08900', 'AT4G13210', 'AT4G13710', 'AT4G24780', 'AT4G32370', 'AT4G32375', 'AT4G32380', 'AT4G33220', 'AT5G04310', 'AT5G04970', 'AT5G09280', 'AT5G14470', 'AT5G27530', 'AT5G38710', 'AT5G44840', 'AT5G48140', 'AT5G48900', 'AT5G49650', 'AT5G51500', 'AT5G51970', 'AT5G55590', 'AT5G55720', 'AT5G61680']"
NEG::mixture::0255,0,cross_pathway_mixture,synthetic_negative,"['AT1G75210', 'AT2G38680', 'AT4G02180', 'AT4G14930', 'AT4G29260', 'AT4G32360', 'AT4G37500', 'AT5G18890', 'AT5G48960', 'AT5G57590', 'AT5G65720']"
NEG::mixture::0256,0,cross_pathway_mixture,synthetic_negative,"['AT1G04410', 'AT1G07440', 'AT1G07450', 'AT1G11860', 'AT1G17650', 'AT1G20630', 'AT1G23310', 'AT1G31670', 'AT1G31690', 'AT1G48030', 'AT1G66200', 'AT1G67090', 'AT1G71920', 'AT1G80380', 'AT2G05710', 'AT2G22780', 'AT2G26080', 'AT2G29310', 'AT2G29320', 'AT2G29340', 'AT2G29360', 'AT2G29370', 'AT2G30670', 'AT2G30970', 'AT2G35120', 'AT2G35370', 'AT2G41220', 'AT2G44350', 'AT3G08860', 'AT3G14130', 'AT3G14420', 'AT3G15020', 'AT3G16910', 'AT3G17240', 'AT3G17820', 'AT3G43670', 'AT3G48990', 'AT3G58740', 'AT3G60100', 'AT4G12290', 'AT4G13890', 'AT4G14940', 'AT4G17360', 'AT4G26970', 'AT4G28410', 'AT4G28420', 'AT4G31990', 'AT4G33010', 'AT4G37550', 'AT4G37560', 'AT5G04370', 'AT5G14780', 'AT5G16570', 'AT5G26780', 'AT5G36700', 'AT5G43330', 'AT5G47435', 'AT5G47760', 'AT5G48230']"
NEG::mixture::0257,0,cross_pathway_mixture,synthetic_negative,"['AT1G21400', 'AT1G48030', 'AT1G58936', 'AT1G59312', 'AT2G43980', 'AT3G06850', 'AT3G16950', 'AT4G08170', 'AT4G33770', 'AT5G61760']"
NEG::mixture::0258,0,cross_pathway_mixture,synthetic_negative,"['AT1G02000', 'AT1G05590', 'AT1G05610', 'AT1G06020', 'AT1G06780', 'AT1G08200', 'AT1G18580', 'AT1G18590', 'AT1G24100', 'AT1G31070', 'AT1G50390', 'AT1G62540', 'AT1G62600', 'AT1G62620', 'AT1G63370', 'AT1G65590', 'AT1G65860', 'AT1G70730', 'AT1G74090', 'AT1G74910', 'AT1G79370', 'AT2G04650', 'AT2G23970', 'AT2G28760', 'AT2G30575', 'AT2G43610', 'AT2G45790', 'AT2G46480', 'AT3G02230', 'AT3G02350', 'AT3G03250', 'AT3G06580', 'AT3G10700', 'AT3G10740', 'AT3G12500', 'AT3G23820', 'AT3G24090', 'AT3G29360', 'AT3G42850', 'AT3G53520', 'AT3G55260', 'AT3G59480', 'AT3G61130', 'AT3G62830', 'AT4G00110', 'AT4G10960', 'AT4G16130', 'AT4G19720', 'AT4G19730', 'AT4G19750', 'AT4G19760', 'AT4G19800', 'AT4G19810', 'AT4G23920', 'AT4G24620', 'AT4G29130', 'AT4G29210', 'AT4G30440', 'AT4G30540', 'AT4G30550', 'AT4G30570', 'AT4G33030', 'AT4G38270', 'AT4G39210', 'AT4G39640', 'AT4G39650', 'AT5G07800', 'AT5G09700', 'AT5G14470', 'AT5G15650', 'AT5G18070', 'AT5G19220', 'AT5G24090', 'AT5G26120', 'AT5G47780', 'AT5G50750', 'AT5G51830', 'AT5G52560']"
NEG::mixture::0259,0,cross_pathway_mixture,synthetic_negative,"['AT1G17050', 'AT1G49530', 'AT1G50170', 'AT1G69740', 'AT1G78510', 'AT2G18620', 'AT2G23800', 'AT2G26540', 'AT2G40490', 'AT2G44520', 'AT3G14510', 'AT3G14530', 'AT3G20160', 'AT4G01690', 'AT4G03205', 'AT5G14220', 'AT5G26030', 'AT5G63570']"
NEG::mixture::0260,0,cross_pathway_mixture,synthetic_negative,"['AT1G47600', 'AT1G54040', 'AT1G64190', 'AT2G33070', 'AT3G02360', 'AT3G07720', 'AT3G49360', 'AT5G24410', 'AT5G26000', 'AT5G35790', 'AT5G40760', 'AT5G41670', 'AT5G48180', 'AT5G48375']"
NEG::mixture::0261,0,cross_pathway_mixture,synthetic_negative,"['AT1G17300', 'AT1G23310', 'AT1G70580', 'AT2G13810', 'AT2G44040', 'AT3G02020', 'AT3G14390', 'AT3G53580', 'AT3G59890', 'AT5G13280']"
NEG::mixture::0262,0,cross_pathway_mixture,synthetic_negative,"['AT1G06020', 'AT1G20490', 'AT1G47840', 'AT1G50390', 'AT1G50460', 'AT1G51680', 'AT1G65450', 'AT1G69200', 'AT1G70730', 'AT1G73370', 'AT1G74540', 'AT2G30490', 'AT2G40890', 'AT3G21240', 'AT3G43190', 'AT3G48990', 'AT3G53260', 'AT3G54090', 'AT3G59480', 'AT4G10260', 'AT4G24620', 'AT4G37840', 'AT5G04230', 'AT5G17310', 'AT5G18200', 'AT5G20830', 'AT5G42740', 'AT5G48930', 'AT5G57840', 'AT5G63380']"
NEG::mixture::0263,0,cross_pathway_mixture,synthetic_negative,"['AT1G22410', 'AT1G51490', 'AT1G54040', 'AT2G21940', 'AT2G33070', 'AT2G44490', 'AT2G45300', 'AT3G06350', 'AT3G07720', 'AT3G16390', 'AT4G39540', 'AT5G48375']"
NEG::mixture::0264,0,cross_pathway_mixture,synthetic_negative,"['AT1G06550', 'AT1G10070', 'AT1G21400', 'AT1G23800', 'AT1G24360', 'AT1G44170', 'AT1G48030', 'AT1G50110', 'AT1G71170', 'AT1G74960', 'AT2G04540', 'AT2G14170', 'AT2G38400', 'AT3G04000', 'AT3G06850', 'AT3G16170', 'AT3G16950', 'AT3G48000', 'AT3G49680', 'AT4G11820', 'AT4G13180', 'AT4G13360', 'AT4G16155', 'AT4G16210', 'AT4G16800', 'AT4G29120', 'AT4G34030', 'AT4G34240', 'AT4G36250', 'AT5G18210', 'AT5G46290', 'AT5G47720', 'AT5G48230', 'AT5G57590']"
NEG::mixture::0265,0,cross_pathway_mixture,synthetic_negative,"['AT1G01090', 'AT1G02920', 'AT1G02930', 'AT1G02940', 'AT1G06730', 'AT1G10370', 'AT1G16300', 'AT1G17190', 'AT1G19550', 'AT1G19570', 'AT1G19600', 'AT1G20950', 'AT1G27140', 'AT1G30120', 'AT1G34430', 'AT1G53680', 'AT1G56190', 'AT1G59670', 'AT1G59700', 'AT1G59900', 'AT1G66235', 'AT1G69820', 'AT1G69920', 'AT1G74030', 'AT1G78340', 'AT1G78360', 'AT1G78380', 'AT1G79550', 'AT2G05710', 'AT2G20610', 'AT2G21330', 'AT2G22780', 'AT2G24270', 'AT2G29420', 'AT2G29450', 'AT2G29470', 'AT2G29480', 'AT2G30860', 'AT2G34590', 'AT2G36460', 'AT2G36530', 'AT2G37010', 'AT2G39350', 'AT2G42790', 'AT2G47510', 'AT2G47730', 'AT3G03190', 'AT3G08590', 'AT3G12780', 'AT3G13930', 'AT3G15020', 'AT3G25860', 'AT3G25960', 'AT3G30841', 'AT3G52930', 'AT3G53910', 'AT3G55040', 'AT3G55100', 'AT3G55110', 'AT3G55650', 'AT3G55810', 'AT3G58740', 'AT4G02520', 'AT4G08876', 'AT4G10230', 'AT4G26390', 'AT4G26520', 'AT4G26530', 'AT4G26970', 'AT4G27600', 'AT4G32840', 'AT4G35650', 'AT4G35830', 'AT4G39640', 'AT4G39650', 'AT5G03690', 'AT5G08300', 'AT5G08570', 'AT5G09660', 'AT5G16710', 'AT5G17220', 'AT5G41210', 'AT5G41220', 'AT5G41240', 'AT5G44070', 'AT5G50850', 'AT5G50950', 'AT5G54950', 'AT5G56350', 'AT5G61580', 'AT5G62480', 'AT5G63680']"
NEG::mixture::0266,0,cross_pathway_mixture,synthetic_negative,"['AT1G07420', 'AT1G66960', 'AT1G78950', 'AT1G78970', 'AT2G07050', 'AT3G14610', 'AT3G14680', 'AT3G20960', 'AT3G29255', 'AT4G12110', 'AT5G36150']"
NEG::mixture::0267,0,cross_pathway_mixture,synthetic_negative,"['AT1G10060', 'AT1G10070', 'AT1G23800', 'AT1G44170', 'AT1G48600', 'AT1G73600', 'AT1G80860', 'AT2G18250', 'AT2G27490', 'AT2G46110', 'AT3G17810', 'AT3G18030', 'AT3G48000', 'AT3G48560', 'AT3G49680', 'AT3G58610', 'AT3G59050', 'AT3G61530', 'AT5G06050', 'AT5G48840', 'AT5G65780']"
NEG::mixture::0268,0,cross_pathway_mixture,synthetic_negative,"['AT1G07380', 'AT1G13580', 'AT1G14290', 'AT1G26200', 'AT1G65590', 'AT1G69640', 'AT3G02870', 'AT3G06060', 'AT3G51730', 'AT3G54440', 'AT3G56310', 'AT4G04930', 'AT4G10060', 'AT4G21540', 'AT4G22330', 'AT4G39120', 'AT5G08370', 'AT5G51290', 'AT5G58980']"
NEG::partial::0001,0,partial_pathway,synthetic_negative,"['AT1G09830', 'AT1G31220', 'AT1G36280', 'AT1G63660', 'AT1G79470', 'AT2G16570', 'AT2G27170', 'AT2G37690', 'AT2G41880', 'AT3G06200', 'AT3G21110', 'AT3G47460', 'AT3G55010', 'AT3G57550', 'AT4G34740', 'AT4G38880', 'AT5G35170', 'AT5G47840', 'AT5G50370', 'AT5G60340', 'AT5G62410', 'AT5G63310', 'AT5G63400']"
NEG::partial::0002,0,partial_pathway,synthetic_negative,"['AT1G02660', 'AT1G04010', 'AT1G05800', 'AT1G06250', 'AT1G10040', 'AT1G20560', 'AT1G30370', 'AT1G34340', 'AT1G51440', 'AT1G63050', 'AT1G64400', 'AT1G77590', 'AT1G78690', 'AT2G04350', 'AT2G19690', 'AT2G31690', 'AT2G45670', 'AT2G47240', 'AT2G47245', 'AT3G03310', 'AT3G03370', 'AT3G61680', 'AT4G11030', 'AT4G23850', 'AT4G25770', 'AT4G29460', 'AT4G29470', 'AT5G18630', 'AT5G18640', 'AT5G42930']"
NEG::partial::0003,0,partial_pathway,synthetic_negative,"['AT1G55810', 'AT3G27190', 'AT3G27440', 'AT4G29570', 'AT4G29580', 'AT4G29600', 'AT4G29610', 'AT4G29630', 'AT4G29640', 'AT4G29650', 'AT5G40870']"
NEG::partial::0004,0,partial_pathway,synthetic_negative,"['AT1G02730', 'AT2G25540', 'AT2G32530', 'AT2G32620', 'AT2G33100', 'AT3G03050', 'AT4G15290', 'AT4G15320', 'AT4G18780', 'AT4G23990', 'AT4G24000', 'AT4G24010', 'AT4G32410', 'AT4G38190', 'AT4G39350', 'AT5G05170', 'AT5G16910', 'AT5G17420', 'AT5G64740']"
NEG::partial::0005,0,partial_pathway,synthetic_negative,"['AT2G40490', 'AT3G56940', 'AT4G01690', 'AT4G25080', 'AT5G45930', 'AT5G58250']"
NEG::partial::0006,0,partial_pathway,synthetic_negative,"['AT1G33320', 'AT2G20610', 'AT3G62130', 'AT4G23590', 'AT5G26600']"
NEG::partial::0007,0,partial_pathway,synthetic_negative,"['AT2G23520', 'AT4G22980', 'AT4G37100', 'AT5G51920', 'AT5G66950']"
NEG::partial::0008,0,partial_pathway,synthetic_negative,"['AT1G04180', 'AT1G04580', 'AT1G04610', 'AT1G08980', 'AT1G11610', 'AT1G21430', 'AT1G23320', 'AT1G23800', 'AT1G32070', 'AT1G44170', 'AT1G47600', 'AT1G48030', 'AT1G48910', 'AT1G51470', 'AT1G80360', 'AT2G20340', 'AT2G20610', 'AT2G22330', 'AT2G30750', 'AT3G16950', 'AT3G17240', 'AT3G44300', 'AT3G44320', 'AT3G48000', 'AT4G13260', 'AT4G16155', 'AT4G16210', 'AT4G24670', 'AT4G26910', 'AT4G31500', 'AT4G32540', 'AT4G35090', 'AT4G36250', 'AT4G39950', 'AT5G11320', 'AT5G20960', 'AT5G43890', 'AT5G48375', 'AT5G55070']"
NEG::partial::0009,0,partial_pathway,synthetic_negative,"['AT1G09830', 'AT1G63660', 'AT2G05140', 'AT2G16570', 'AT2G35040', 'AT2G37250', 'AT2G37690', 'AT2G39270', 'AT3G06200', 'AT3G21110', 'AT3G47460', 'AT3G54670', 'AT3G55010', 'AT4G18440', 'AT4G34740', 'AT4G38880', 'AT5G47840', 'AT5G50370', 'AT5G60340', 'AT5G62410']"
NEG::partial::0010,0,partial_pathway,synthetic_negative,"['AT1G01460', 'AT1G07230', 'AT1G09870', 'AT1G17340', 'AT1G21980', 'AT1G22620', 'AT1G31190', 'AT1G34120', 'AT1G34260', 'AT1G51040', 'AT1G58643', 'AT1G58936', 'AT1G59312', 'AT1G60490', 'AT1G68000', 'AT1G71010', 'AT1G77740', 'AT2G14170', 'AT2G19800', 'AT2G22240', 'AT2G26420', 'AT2G26870', 'AT2G41210', 'AT2G43980', 'AT3G01310', 'AT3G02870', 'AT3G03530', 'AT3G07960', 'AT3G10550', 'AT3G14270', 'AT3G43220', 'AT3G47290', 'AT3G48610', 'AT3G50110', 'AT3G51830', 'AT3G55940', 'AT3G56960', 'AT4G01190', 'AT4G18010', 'AT4G26260', 'AT4G33240', 'AT4G33770', 'AT4G39800', 'AT5G09290', 'AT5G15070', 'AT5G16760', 'AT5G20840', 'AT5G39400', 'AT5G42810', 'AT5G56640', 'AT5G58670', 'AT5G58690', 'AT5G63980', 'AT5G64000']"
NEG::partial::0011,0,partial_pathway,synthetic_negative,"['AT1G12050', 'AT1G80360', 'AT2G02380', 'AT2G02390', 'AT5G36160', 'AT5G51690', 'AT5G54080']"
NEG::partial::0012,0,partial_pathway,synthetic_negative,"['AT1G01290', 'AT1G29810', 'AT1G78660', 'AT1G78680', 'AT2G21550', 'AT2G22450', 'AT2G43760', 'AT3G07270', 'AT3G11750', 'AT3G21730', 'AT3G59710', 'AT4G30000', 'AT4G34570', 'AT5G05980', 'AT5G20990', 'AT5G51110', 'AT5G57850', 'AT5G62980', 'AT5G64300']"
NEG::partial::0013,0,partial_pathway,synthetic_negative,"['AT1G13560', 'AT2G32260', 'AT3G25585', 'AT4G00240', 'AT4G11840', 'AT4G15130', 'AT5G25370']"
NEG::partial::0014,0,partial_pathway,synthetic_negative,"['AT1G31180', 'AT1G80560', 'AT2G31810', 'AT4G13430', 'AT5G16290']"
NEG::partial::0015,0,partial_pathway,synthetic_negative,"['AT1G70310', 'AT3G17717', 'AT5G18930', 'AT5G19530', 'AT5G53120']"
NEG::partial::0016,0,partial_pathway,synthetic_negative,"['AT3G06580', 'AT3G28530', 'AT3G56040', 'AT3G57520', 'AT5G18200', 'AT5G52560']"
NEG::partial::0017,0,partial_pathway,synthetic_negative,"['AT1G49530', 'AT2G18640', 'AT2G34630', 'AT3G14510', 'AT3G14530', 'AT3G14550', 'AT3G20160', 'AT3G29430', 'AT4G17190', 'AT4G36810', 'AT4G38460', 'AT5G47770']"
NEG::partial::0018,0,partial_pathway,synthetic_negative,"['AT1G31220', 'AT2G38660', 'AT3G12290', 'AT4G00600', 'AT4G00620']"
NEG::partial::0019,0,partial_pathway,synthetic_negative,"['AT1G09780', 'AT1G13440', 'AT1G16300', 'AT1G19600', 'AT1G43670', 'AT1G56190', 'AT1G78050', 'AT1G79530', 'AT2G01140', 'AT2G21170', 'AT2G21330', 'AT2G36580', 'AT3G04120', 'AT3G05170', 'AT3G08590', 'AT3G12780', 'AT3G25960', 'AT3G26780', 'AT3G52930', 'AT3G54050', 'AT3G55650', 'AT4G26270', 'AT4G26530', 'AT4G27600', 'AT4G29220', 'AT4G32840', 'AT5G03690', 'AT5G42740', 'AT5G56350', 'AT5G61580']"
NEG::partial::0020,0,partial_pathway,synthetic_negative,"['AT1G18870', 'AT1G23160', 'AT3G50270', 'AT3G50280', 'AT3G50290', 'AT3G50300', 'AT5G01210', 'AT5G07850', 'AT5G07860', 'AT5G13320', 'AT5G23940', 'AT5G42830']"
NEG::partial::0021,0,partial_pathway,synthetic_negative,"['AT1G07890', 'AT1G19570', 'AT1G77370', 'AT4G08390', 'AT4G08550', 'AT4G09010', 'AT4G32320', 'AT4G35000', 'AT4G35970', 'AT5G16710']"
NEG::partial::0022,0,partial_pathway,synthetic_negative,"['AT3G12290', 'AT4G00600', 'AT4G00620', 'AT4G17360', 'AT5G47435']"
NEG::partial::0023,0,partial_pathway,synthetic_negative,"['AT1G06410', 'AT1G35910', 'AT1G60140', 'AT1G68020', 'AT1G70290', 'AT1G78090', 'AT1G78580', 'AT2G18700', 'AT2G22190', 'AT4G12430', 'AT4G17770', 'AT4G39770', 'AT5G10100']"
NEG::partial::0024,0,partial_pathway,synthetic_negative,"['AT1G07890', 'AT1G19550', 'AT1G19570', 'AT1G75270', 'AT1G77370', 'AT1G77490', 'AT4G08390', 'AT4G08550', 'AT4G09010', 'AT4G32320', 'AT4G35970', 'AT5G20500']"
NEG::partial::0025,0,partial_pathway,synthetic_negative,"['AT1G06515', 'AT1G69640', 'AT2G37940', 'AT2G46210', 'AT3G06060', 'AT4G04930', 'AT4G21534', 'AT4G21540', 'AT5G19200', 'AT5G51290']"
NEG::partial::0026,0,partial_pathway,synthetic_negative,"['AT1G01190', 'AT3G19000', 'AT3G61880', 'AT5G48020', 'AT5G63580', 'AT5G63590', 'AT5G63595']"
NEG::partial::0027,0,partial_pathway,synthetic_negative,"['AT1G44350', 'AT1G51780', 'AT3G56630', 'AT5G07000', 'AT5G54140', 'AT5G56650']"
NEG::partial::0028,0,partial_pathway,synthetic_negative,"['AT1G20480', 'AT1G20490', 'AT1G20500', 'AT1G33030', 'AT1G51680', 'AT1G51990', 'AT1G65450', 'AT1G74540', 'AT2G40890', 'AT3G21230', 'AT3G21240', 'AT3G48990', 'AT4G26220', 'AT5G48930']"
NEG::partial::0029,0,partial_pathway,synthetic_negative,"['AT2G39030', 'AT2G39800', 'AT3G30775', 'AT4G08870', 'AT4G08900']"
NEG::partial::0030,0,partial_pathway,synthetic_negative,"['AT1G14230', 'AT1G14240', 'AT1G14250', 'AT1G30820', 'AT3G04080', 'AT3G10030', 'AT3G12670', 'AT3G18680', 'AT3G60180', 'AT4G02120', 'AT4G20320', 'AT5G17760', 'AT5G18280', 'AT5G63310']"
NEG::partial::0031,0,partial_pathway,synthetic_negative,"['AT1G02690', 'AT1G07920', 'AT1G07930', 'AT1G10390', 'AT1G11400', 'AT1G12930', 'AT1G13120', 'AT1G14850', 'AT1G24310', 'AT1G26170', 'AT1G33410', 'AT1G33980', 'AT1G45233', 'AT1G51380', 'AT1G51510', 'AT1G55540', 'AT1G66260', 'AT1G75340', 'AT1G80680', 'AT2G03820', 'AT2G05120', 'AT2G13540', 'AT2G30050', 'AT2G39260', 'AT2G41620', 'AT2G45000', 'AT2G45640', 'AT3G01340', 'AT3G02420', 'AT3G02950', 'AT3G04490', 'AT3G05040', 'AT3G06000', 'AT3G06720', 'AT3G08943', 'AT3G08947', 'AT3G14120', 'AT3G19760', 'AT3G57350', 'AT3G59020', 'AT3G63130', 'AT4G02150', 'AT4G24880', 'AT4G30840', 'AT4G37130', 'AT4G38760', 'AT5G02530', 'AT5G05680', 'AT5G06120', 'AT5G11200', 'AT5G16790', 'AT5G17020', 'AT5G20020', 'AT5G37720', 'AT5G40480', 'AT5G44200', 'AT5G47010', 'AT5G49310', 'AT5G60390']"
NEG::partial::0032,0,partial_pathway,synthetic_negative,"['AT1G08980', 'AT1G31670', 'AT1G31690', 'AT1G31710', 'AT1G62810', 'AT1G71920', 'AT2G20340', 'AT2G22250', 'AT2G24850', 'AT2G30970', 'AT2G37040', 'AT3G10340', 'AT3G15290', 'AT3G43670', 'AT4G14940', 'AT4G16210', 'AT4G28410', 'AT4G28420', 'AT4G31990', 'AT4G34880', 'AT5G04230', 'AT5G11520', 'AT5G19550', 'AT5G36160', 'AT5G53970', 'AT5G57170']"
NEG::partial::0033,0,partial_pathway,synthetic_negative,"['AT1G07370', 'AT1G08130', 'AT1G08260', 'AT1G09815', 'AT1G50840', 'AT1G63160', 'AT1G67630', 'AT1G77470', 'AT1G78650', 'AT2G06510', 'AT2G16440', 'AT2G25100', 'AT2G27120', 'AT2G27470', 'AT2G29570', 'AT2G42120', 'AT3G02920', 'AT3G18580', 'AT3G20540', 'AT4G18590', 'AT5G08020', 'AT5G22010', 'AT5G26680', 'AT5G27740', 'AT5G41880', 'AT5G45400', 'AT5G61000']"
NEG::partial::0034,0,partial_pathway,synthetic_negative,"['AT2G36880', 'AT3G03780', 'AT3G23810', 'AT4G01850', 'AT4G13940', 'AT5G20980']"
NEG::partial::0035,0,partial_pathway,synthetic_negative,"['AT1G08980', 'AT1G20270', 'AT1G23800', 'AT1G44170', 'AT1G54100', 'AT1G62800', 'AT1G70310', 'AT2G14260', 'AT2G17720', 'AT2G27450', 'AT2G30970', 'AT2G39800', 'AT2G43080', 'AT3G02470', 'AT3G06300', 'AT3G25570', 'AT3G28480', 'AT3G28490', 'AT3G47450', 'AT3G48000', 'AT3G59050', 'AT4G08870', 'AT4G08900', 'AT4G25600', 'AT4G31990', 'AT4G34240', 'AT4G34880', 'AT4G35820', 'AT4G36250', 'AT5G08170', 'AT5G11520', 'AT5G13700', 'AT5G14800', 'AT5G15950', 'AT5G38710', 'AT5G46180', 'AT5G53120', 'AT5G61160', 'AT5G66060']"
NEG::partial::0036,0,partial_pathway,synthetic_negative,"['AT1G71790', 'AT2G36530', 'AT2G38280', 'AT3G05520', 'AT5G04990']"
NEG::partial::0037,0,partial_pathway,synthetic_negative,"['AT2G36310', 'AT4G29580', 'AT4G29600', 'AT4G29610', 'AT4G29630']"
NEG::partial::0038,0,partial_pathway,synthetic_negative,"['AT3G16150', 'AT4G00590', 'AT5G08100', 'AT5G22300', 'AT5G60540']"
NEG::partial::0039,0,partial_pathway,synthetic_negative,"['AT1G19640', 'AT1G31490', 'AT1G32910', 'AT1G78990', 'AT2G14060', 'AT5G04370', 'AT5G04380', 'AT5G16410', 'AT5G38020', 'AT5G66430']"
NEG::partial::0040,0,partial_pathway,synthetic_negative,"['AT1G24793', 'AT1G25054', 'AT1G25145', 'AT1G25210', 'AT2G04560', 'AT3G20480', 'AT4G21220', 'AT5G03770']"
NEG::partial::0041,0,partial_pathway,synthetic_negative,"['AT1G58643', 'AT1G59171', 'AT1G59312', 'AT5G07370', 'AT5G42810']"
NEG::partial::0042,0,partial_pathway,synthetic_negative,"['AT1G63290', 'AT1G71100', 'AT2G01290', 'AT2G45290', 'AT3G04790', 'AT3G04880', 'AT3G60750', 'AT5G44520', 'AT5G61410']"
NEG::partial::0043,0,partial_pathway,synthetic_negative,"['AT1G47600', 'AT1G51470', 'AT1G51490', 'AT1G54040', 'AT3G16390', 'AT3G16400', 'AT5G48180', 'AT5G48375']"
NEG::partial::0044,0,partial_pathway,synthetic_negative,"['AT1G02310', 'AT1G06020', 'AT1G06030', 'AT1G07110', 'AT1G12000', 'AT1G43670', 'AT1G50390', 'AT1G50460', 'AT1G66430', 'AT1G67070', 'AT1G73250', 'AT1G74910', 'AT1G76550', 'AT2G01140', 'AT2G04650', 'AT2G19860', 'AT2G20680', 'AT2G21170', 'AT2G21330', 'AT2G31390', 'AT2G36460', 'AT2G45790', 'AT3G02570', 'AT3G10890', 'AT3G10900', 'AT3G51160', 'AT3G52930', 'AT3G54050', 'AT3G55440', 'AT3G55590', 'AT4G04040', 'AT4G10260', 'AT4G26520', 'AT4G26530', 'AT4G28320', 'AT4G29130', 'AT4G29220', 'AT4G30570', 'AT4G38970', 'AT5G03690', 'AT5G47810', 'AT5G51970', 'AT5G56630', 'AT5G57655', 'AT5G61580', 'AT5G64380', 'AT5G66280', 'AT5G66460']"
NEG::partial::0045,0,partial_pathway,synthetic_negative,"['AT1G33320', 'AT2G20610', 'AT3G57050', 'AT5G26600', 'AT5G28030']"
NEG::partial::0046,0,partial_pathway,synthetic_negative,"['AT1G04620', 'AT1G30100', 'AT1G52340', 'AT1G78390', 'AT3G14440', 'AT3G24220', 'AT3G42960', 'AT4G19170']"
NEG::partial::0047,0,partial_pathway,synthetic_negative,"['AT1G06550', 'AT1G10060', 'AT2G30650', 'AT2G30660', 'AT3G24360', 'AT3G45300', 'AT3G49680', 'AT4G13360', 'AT4G20930', 'AT5G65780']"
NEG::partial::0048,0,partial_pathway,synthetic_negative,"['AT1G04430', 'AT1G48600', 'AT1G80860', 'AT3G18000', 'AT5G06050', 'AT5G14430']"
NEG::partial::0049,0,partial_pathway,synthetic_negative,"['AT1G26570', 'AT3G01010', 'AT3G29360', 'AT5G15490', 'AT5G39320']"
NEG::partial::0050,0,partial_pathway,synthetic_negative,"['AT1G04820', 'AT1G07880', 'AT1G09840', 'AT1G13180', 'AT1G20010', 'AT1G20090', 'AT1G50010', 'AT1G52245', 'AT1G57870', 'AT1G64740', 'AT1G75840', 'AT2G17800', 'AT2G18876', 'AT2G29550', 'AT2G30910', 'AT2G31300', 'AT2G33385', 'AT2G44690', 'AT3G10540', 'AT3G16120', 'AT3G27000', 'AT3G48040', 'AT4G01710', 'AT4G14960', 'AT4G20890', 'AT4G27360', 'AT4G28950', 'AT4G35020', 'AT4G35950', 'AT5G04510', 'AT5G12250', 'AT5G19780', 'AT5G20110', 'AT5G44340', 'AT5G56580', 'AT5G57410', 'AT5G62700', 'AT5G62880']"
NEG::partial::0051,0,partial_pathway,synthetic_negative,"['AT2G24210', 'AT3G25810', 'AT3G25820', 'AT3G25830', 'AT4G16740', 'AT5G24350']"
NEG::partial::0052,0,partial_pathway,synthetic_negative,"['AT1G01600', 'AT1G12570', 'AT1G14185', 'AT1G62940', 'AT1G69500', 'AT2G04350', 'AT2G29590', 'AT2G30720', 'AT2G45970', 'AT2G47240', 'AT3G05970', 'AT3G16175', 'AT3G48520', 'AT3G56060', 'AT4G00360', 'AT4G10030', 'AT4G11030', 'AT4G23850', 'AT5G48370', 'AT5G51930']"
NEG::partial::0053,0,partial_pathway,synthetic_negative,"['AT1G01910', 'AT1G06870', 'AT1G21650', 'AT1G23465', 'AT1G29960', 'AT1G52600', 'AT1G78720', 'AT2G01110', 'AT2G18710', 'AT2G18770', 'AT2G28800', 'AT2G30440', 'AT2G34250', 'AT2G45070', 'AT2G46470', 'AT3G15710', 'AT3G20920', 'AT3G24590', 'AT3G48570', 'AT3G49100', 'AT3G60540', 'AT4G08320', 'AT4G21180', 'AT4G24920', 'AT4G30500', 'AT4G40042', 'AT5G05670', 'AT5G27430', 'AT5G28540', 'AT5G28750', 'AT5G42020', 'AT5G49500', 'AT5G50460', 'AT5G60730', 'AT5G61970', 'AT5G62050', 'AT5G63220', 'AT5G66970']"
NEG::partial::0054,0,partial_pathway,synthetic_negative,"['AT3G23940', 'AT3G48560', 'AT3G49680', 'AT3G58610', 'AT5G65780']"
NEG::partial::0055,0,partial_pathway,synthetic_negative,"['AT1G22360', 'AT1G22370', 'AT1G22380', 'AT1G22400', 'AT1G25410', 'AT1G68460', 'AT1G78270', 'AT2G36750', 'AT2G36770', 'AT2G36780', 'AT3G63110', 'AT3G63440', 'AT4G24650', 'AT4G29740', 'AT5G05860', 'AT5G05870', 'AT5G19040', 'AT5G21482', 'AT5G38450']"
NEG::partial::0056,0,partial_pathway,synthetic_negative,"['AT2G23600', 'AT2G23610', 'AT2G23620', 'AT3G10870', 'AT4G37150', 'AT5G55250']"
NEG::partial::0057,0,partial_pathway,synthetic_negative,"['AT1G20490', 'AT1G20500', 'AT1G51680', 'AT1G62940', 'AT2G40890', 'AT3G21230', 'AT3G21240', 'AT3G48990', 'AT4G05160', 'AT4G19010', 'AT5G09970']"
NEG::partial::0058,0,partial_pathway,synthetic_negative,"['AT1G01390', 'AT1G01420', 'AT1G05675', 'AT1G05680', 'AT1G30530', 'AT3G21760', 'AT3G50740', 'AT4G15280']"
NEG::partial::0059,0,partial_pathway,synthetic_negative,"['AT1G22100', 'AT1G58936', 'AT2G43980', 'AT4G33770', 'AT4G39800', 'AT5G16760', 'AT5G42810', 'AT5G58730']"
NEG::partial::0060,0,partial_pathway,synthetic_negative,"['AT1G06550', 'AT1G10060', 'AT1G10070', 'AT2G30650', 'AT3G24360', 'AT3G49680', 'AT4G13360', 'AT4G20930', 'AT4G31810', 'AT5G65780', 'AT5G65940']"
NEG::partial::0061,0,partial_pathway,synthetic_negative,"['AT1G55880', 'AT1G62180', 'AT2G43750', 'AT3G03900', 'AT3G04940', 'AT3G22460', 'AT3G22890', 'AT3G61440', 'AT4G04610', 'AT4G14880', 'AT4G21990', 'AT4G39940', 'AT5G43780']"
NEG::partial::0062,0,partial_pathway,synthetic_negative,"['AT1G06570', 'AT1G12050', 'AT1G22430', 'AT1G22440', 'AT1G31670', 'AT1G31690', 'AT1G32780', 'AT1G64710', 'AT1G71920', 'AT1G77120', 'AT2G02380', 'AT2G02390', 'AT2G20340', 'AT2G22250', 'AT2G24850', 'AT2G42490', 'AT3G43670', 'AT4G12290', 'AT4G15940', 'AT4G28410', 'AT4G28680', 'AT4G31990', 'AT5G10330', 'AT5G19550', 'AT5G24760', 'AT5G36160', 'AT5G54080', 'AT5G57170']"
NEG::partial::0063,0,partial_pathway,synthetic_negative,"['AT1G61050', 'AT2G38150', 'AT2G38152', 'AT3G09020', 'AT5G01250']"
NEG::partial::0064,0,partial_pathway,synthetic_negative,"['AT1G01910', 'AT1G09080', 'AT1G15310', 'AT1G21650', 'AT1G23465', 'AT1G29310', 'AT1G29960', 'AT1G53530', 'AT1G67680', 'AT1G79940', 'AT2G18710', 'AT2G18770', 'AT2G22425', 'AT2G30440', 'AT2G39960', 'AT2G45070', 'AT2G45770', 'AT2G46470', 'AT3G05230', 'AT3G08980', 'AT3G10350', 'AT3G20920', 'AT3G48570', 'AT3G49100', 'AT4G01800', 'AT4G04200', 'AT4G21180', 'AT4G24920', 'AT4G30600', 'AT4G40042', 'AT5G27430', 'AT5G28750', 'AT5G60460', 'AT5G60730', 'AT5G62050', 'AT5G63220', 'AT5G66970']"
NEG::partial::0065,0,partial_pathway,synthetic_negative,"['AT1G60000', 'AT1G75330', 'AT1G80600', 'AT2G19940', 'AT2G22910', 'AT3G57560', 'AT4G24830', 'AT5G10920', 'AT5G67430']"
NEG::partial::0066,0,partial_pathway,synthetic_negative,"['AT1G16460', 'AT1G76170', 'AT1G79230', 'AT2G44270', 'AT2G45695', 'AT3G61113', 'AT4G10100', 'AT5G55130']"
NEG::partial::0067,0,partial_pathway,synthetic_negative,"['AT1G32480', 'AT1G53240', 'AT2G11270', 'AT2G17130', 'AT2G18450', 'AT2G20420', 'AT2G22780', 'AT2G42790', 'AT2G44350', 'AT2G46505', 'AT2G47510', 'AT3G09810', 'AT3G15020', 'AT3G53910', 'AT3G58750', 'AT3G60100', 'AT4G26970', 'AT4G32210', 'AT4G35260', 'AT4G35650', 'AT4G35830', 'AT5G03290', 'AT5G43330', 'AT5G50950', 'AT5G54950', 'AT5G56720', 'AT5G65165']"
NEG::partial::0068,0,partial_pathway,synthetic_negative,"['AT1G05800', 'AT1G06250', 'AT1G10040', 'AT1G20560', 'AT1G27480', 'AT1G29120', 'AT1G31480', 'AT1G34340', 'AT1G49430', 'AT1G51440', 'AT1G52700', 'AT1G62940', 'AT1G63050', 'AT1G64400', 'AT2G03140', 'AT2G04350', 'AT2G06925', 'AT2G19690', 'AT2G31690', 'AT2G45670', 'AT2G47240', 'AT2G47245', 'AT3G03310', 'AT3G05510', 'AT3G05970', 'AT3G50790', 'AT4G16820', 'AT4G19860', 'AT4G25770', 'AT4G29460', 'AT4G29470', 'AT5G27600']"
NEG::partial::0069,0,partial_pathway,synthetic_negative,"['AT1G09780', 'AT1G12230', 'AT1G63290', 'AT1G67090', 'AT2G01290', 'AT2G29560', 'AT2G36530', 'AT2G36580', 'AT2G45290', 'AT3G01850', 'AT3G04050', 'AT3G04790', 'AT3G04880', 'AT3G08590', 'AT3G25960', 'AT3G49160', 'AT3G55650', 'AT3G55810', 'AT4G26390', 'AT5G08570', 'AT5G13420', 'AT5G38410', 'AT5G38420', 'AT5G38430', 'AT5G44520', 'AT5G56350', 'AT5G61410', 'ATMG00280']"
NEG::partial::0070,0,partial_pathway,synthetic_negative,"['AT1G08250', 'AT1G11790', 'AT1G69370', 'AT2G22250', 'AT3G07630', 'AT3G29200', 'AT5G22630']"
NEG::partial::0071,0,partial_pathway,synthetic_negative,"['AT1G13560', 'AT1G71697', 'AT2G32260', 'AT3G25585', 'AT4G09760']"
NEG::partial::0072,0,partial_pathway,synthetic_negative,"['AT1G72040', 'AT2G02580', 'AT2G19570', 'AT2G21550', 'AT2G24180', 'AT3G07800', 'AT3G26310', 'AT3G26320', 'AT3G26330', 'AT3G53305', 'AT3G60180', 'AT3G60961', 'AT4G29580', 'AT4G29600', 'AT4G29610', 'AT4G29620', 'AT4G29640', 'AT4G34570', 'AT5G23070', 'AT5G25120', 'AT5G25130', 'AT5G25140', 'AT5G25180', 'AT5G26667', 'AT5G57260', 'AT5G59440']"
NEG::partial::0073,0,partial_pathway,synthetic_negative,"['AT1G05620', 'AT1G14230', 'AT1G14240', 'AT1G14250', 'AT1G26190', 'AT1G27450', 'AT1G30820', 'AT1G55810', 'AT1G71750', 'AT1G73980', 'AT2G02970', 'AT2G16370', 'AT2G21550', 'AT2G21790', 'AT2G23820', 'AT2G34890', 'AT2G38680', 'AT2G39270', 'AT2G41880', 'AT3G04080', 'AT3G07800', 'AT3G12670', 'AT3G23580', 'AT3G25400', 'AT3G27060', 'AT3G27190', 'AT3G48540', 'AT3G53900', 'AT3G57550', 'AT4G02120', 'AT4G14930', 'AT4G22570', 'AT4G23900', 'AT4G29570', 'AT4G29610', 'AT4G29640', 'AT4G34900', 'AT5G11160', 'AT5G18280', 'AT5G26667', 'AT5G40870', 'AT5G47840', 'AT5G50370', 'AT5G59440', 'AT5G60340', 'AT5G63400']"
NEG::partial::0074,0,partial_pathway,synthetic_negative,"['AT1G06130', 'AT1G08110', 'AT1G11840', 'AT1G25375', 'AT1G67280', 'AT2G31350', 'AT2G43430', 'AT3G02720', 'AT3G10850']"
NEG::partial::0075,0,partial_pathway,synthetic_negative,"['AT1G09350', 'AT1G55740', 'AT1G56600', 'AT1G60450', 'AT1G60470', 'AT2G47180', 'AT4G26250', 'AT5G20250', 'AT5G23790', 'AT5G40390']"
NEG::partial::0076,0,partial_pathway,synthetic_negative,"['AT1G04710', 'AT1G06290', 'AT1G53240', 'AT2G11270', 'AT2G35690', 'AT2G42790', 'AT2G44350', 'AT2G47510', 'AT3G04530', 'AT3G05970', 'AT3G15020', 'AT3G15290', 'AT3G21720', 'AT3G27380', 'AT3G47520', 'AT3G58740', 'AT4G29010', 'AT4G35830', 'AT4G37870', 'AT5G03860', 'AT5G09600', 'AT5G09660', 'AT5G27600', 'AT5G43330', 'AT5G48880', 'AT5G50950', 'AT5G54950', 'AT5G56720', 'AT5G62575']"
NEG::partial::0077,0,partial_pathway,synthetic_negative,"['AT1G14230', 'AT2G02970', 'AT3G04080', 'AT3G12670', 'AT4G02120', 'AT4G19180', 'AT4G20320', 'AT5G18280']"
NEG::partial::0078,0,partial_pathway,synthetic_negative,"['AT1G06690', 'AT2G32150', 'AT5G10460', 'AT5G49970', 'AT5G59480']"
NEG::partial::0079,0,partial_pathway,synthetic_negative,"['AT1G02145', 'AT1G11560', 'AT1G12990', 'AT1G20575', 'AT1G24320', 'AT1G32210', 'AT1G48140', 'AT1G51590', 'AT1G61790', 'AT1G67490', 'AT1G67880', 'AT1G72590', 'AT1G74340', 'AT1G76400', 'AT1G77350', 'AT1G78800', 'AT2G01720', 'AT2G13290', 'AT2G16530', 'AT2G35520', 'AT2G39630', 'AT2G40190', 'AT2G41490', 'AT2G44660', 'AT2G47760', 'AT3G01620', 'AT3G09455', 'AT3G12587', 'AT3G21160', 'AT3G27540', 'AT3G57220', 'AT4G16710', 'AT4G18230', 'AT4G38240', 'AT5G02410', 'AT5G02502', 'AT5G14480', 'AT5G66680']"
NEG::partial::0080,0,partial_pathway,synthetic_negative,"['AT1G61720', 'AT1G67980', 'AT2G19070', 'AT2G30490', 'AT2G40890', 'AT4G22870', 'AT4G22880', 'AT4G26220', 'AT5G05270', 'AT5G07990', 'AT5G08640', 'AT5G43935', 'AT5G57840', 'AT5G63590', 'AT5G63595']"
NEG::partial::0081,0,partial_pathway,synthetic_negative,"['AT1G66960', 'AT1G78950', 'AT1G78955', 'AT1G78960', 'AT1G78970', 'AT2G07050']"
NEG::partial::0082,0,partial_pathway,synthetic_negative,"['AT1G24360', 'AT1G37150', 'AT2G22230', 'AT2G25710', 'AT3G04000', 'AT4G13180', 'AT5G10160', 'AT5G18210']"
NEG::partial::0083,0,partial_pathway,synthetic_negative,"['AT1G61050', 'AT2G38150', 'AT2G38152', 'AT3G09020', 'AT5G01250']"
NEG::partial::0084,0,partial_pathway,synthetic_negative,"['AT1G20480', 'AT1G20500', 'AT1G20510', 'AT1G24735', 'AT1G65060', 'AT1G67980', 'AT1G67990', 'AT1G74550', 'AT3G21230', 'AT3G61990', 'AT4G05160', 'AT5G09970', 'AT5G38120', 'AT5G48930']"
NEG::partial::0085,0,partial_pathway,synthetic_negative,"['AT1G06570', 'AT1G12050', 'AT1G31670', 'AT1G31690', 'AT1G32780', 'AT1G64710', 'AT1G71920', 'AT1G77120', 'AT2G02380', 'AT2G02390', 'AT2G22250', 'AT2G30970', 'AT2G42490', 'AT3G16700', 'AT3G43670', 'AT4G12290', 'AT4G14940', 'AT4G22110', 'AT4G23590', 'AT4G28410', 'AT4G28420', 'AT4G28680', 'AT4G31990', 'AT5G11520', 'AT5G24760', 'AT5G36160', 'AT5G42250', 'AT5G43940', 'AT5G53970', 'AT5G54080', 'AT5G57170']"
NEG::partial::0086,0,partial_pathway,synthetic_negative,"['AT1G08065', 'AT1G08090', 'AT1G08100', 'AT1G23730', 'AT1G48470', 'AT1G51720', 'AT1G66200', 'AT1G70410', 'AT1G77760', 'AT2G28210', 'AT2G41220', 'AT3G01500', 'AT3G23490', 'AT3G44300', 'AT3G44310', 'AT3G44320', 'AT3G45060', 'AT4G20990', 'AT4G21000', 'AT4G33580', 'AT4G37550', 'AT4G37560', 'AT5G04140', 'AT5G14570', 'AT5G14740', 'AT5G18170', 'AT5G35630', 'AT5G37600', 'AT5G56330', 'AT5G60770']"
NEG::partial::0087,0,partial_pathway,synthetic_negative,"['AT1G31230', 'AT2G13810', 'AT2G44040', 'AT2G45440', 'AT3G02020', 'AT3G14390', 'AT3G59890', 'AT5G11880', 'AT5G13280', 'AT5G14060']"
NEG::partial::0088,0,partial_pathway,synthetic_negative,"['AT1G69370', 'AT2G22250', 'AT3G29200', 'AT5G10870', 'AT5G34930']"
NEG::partial::0089,0,partial_pathway,synthetic_negative,"['AT2G02580', 'AT2G16370', 'AT2G21550', 'AT3G07800', 'AT3G26290', 'AT3G26300', 'AT3G26320', 'AT3G53305', 'AT4G29570', 'AT4G29580', 'AT4G29600', 'AT4G29620', 'AT4G29650', 'AT5G23070', 'AT5G25140', 'AT5G26667', 'AT5G57260', 'AT5G59440']"
NEG::partial::0090,0,partial_pathway,synthetic_negative,"['AT1G63970', 'AT2G02500', 'AT3G02780', 'AT3G21500', 'AT4G15560', 'AT5G11380', 'AT5G16440', 'AT5G62790']"
NEG::partial::0091,0,partial_pathway,synthetic_negative,"['AT1G10520', 'AT1G16970', 'AT5G26680', 'AT5G54260', 'AT5G57160']"
NEG::partial::0092,0,partial_pathway,synthetic_negative,"['AT1G11755', 'AT1G49530', 'AT1G78510', 'AT2G18620', 'AT3G14530', 'AT3G14550', 'AT3G20160', 'AT3G29430', 'AT4G17190', 'AT4G36810', 'AT4G38460']"
NEG::partial::0093,0,partial_pathway,synthetic_negative,"['AT1G22340', 'AT1G22370', 'AT1G22380', 'AT1G22400', 'AT2G28080', 'AT2G36760', 'AT2G36770', 'AT2G36790', 'AT2G36970', 'AT3G11340', 'AT3G22250', 'AT3G53150', 'AT3G55700', 'AT5G05860', 'AT5G05900']"
NEG::partial::0094,0,partial_pathway,synthetic_negative,"['AT1G01610', 'AT1G02390', 'AT1G06520', 'AT1G12640', 'AT1G13560', 'AT1G15080', 'AT1G15110', 'AT1G32200', 'AT1G48600', 'AT1G51260', 'AT1G55180', 'AT1G62430', 'AT1G68000', 'AT1G74210', 'AT1G78690', 'AT1G80950', 'AT2G01180', 'AT2G06925', 'AT2G20900', 'AT2G26830', 'AT2G26870', 'AT2G32260', 'AT2G38110', 'AT2G39290', 'AT2G40690', 'AT2G42010', 'AT2G44810', 'AT2G45150', 'AT3G02040', 'AT3G02600', 'AT3G03310', 'AT3G03530', 'AT3G03540', 'AT3G05510', 'AT3G05630', 'AT3G10370', 'AT3G15650', 'AT3G15730', 'AT3G18220', 'AT3G48610', 'AT3G55030', 'AT3G58830', 'AT3G60620', 'AT4G00400', 'AT4G01950', 'AT4G09760', 'AT4G11830', 'AT4G11840', 'AT4G11850', 'AT4G16700', 'AT4G22340', 'AT4G24730', 'AT4G28130', 'AT4G30340', 'AT4G30580', 'AT4G38570', 'AT5G04040', 'AT5G06090', 'AT5G07920', 'AT5G08030', 'AT5G25370', 'AT5G40610', 'AT5G41080', 'AT5G42870', 'AT5G43300', 'AT5G57190', 'AT5G57690', 'AT5G60620', 'AT5G63770']"
NEG::partial::0095,0,partial_pathway,synthetic_negative,"['AT1G53240', 'AT2G05710', 'AT2G11270', 'AT2G44350', 'AT3G15020', 'AT3G21720', 'AT3G47520', 'AT3G53910', 'AT3G58740', 'AT3G58750', 'AT3G60100', 'AT4G26970', 'AT5G03860', 'AT5G09660', 'AT5G56720']"
NEG::partial::0096,0,partial_pathway,synthetic_negative,"['AT1G20490', 'AT1G20510', 'AT1G51990', 'AT1G74550', 'AT2G40890', 'AT3G21230', 'AT3G21240', 'AT4G19010', 'AT4G26220', 'AT5G38120', 'AT5G54160', 'AT5G57840', 'AT5G63380']"
NEG::partial::0097,0,partial_pathway,synthetic_negative,"['AT1G48470', 'AT1G60000', 'AT1G75330', 'AT2G19940', 'AT2G22905', 'AT2G22910', 'AT2G37500', 'AT3G57560', 'AT4G24830', 'AT4G37670']"
NEG::partial::0098,0,partial_pathway,synthetic_negative,"['AT1G03475', 'AT2G40490', 'AT3G56940', 'AT4G01690', 'AT4G03205', 'AT4G25080', 'AT5G58250']"
NEG::partial::0099,0,partial_pathway,synthetic_negative,"['AT1G11755', 'AT1G17050', 'AT1G49530', 'AT1G78510', 'AT2G18620', 'AT2G18640', 'AT2G23800', 'AT3G14510', 'AT3G14550', 'AT4G17190', 'AT4G36810', 'AT5G47770']"
NEG::partial::0100,0,partial_pathway,synthetic_negative,"['AT1G63970', 'AT2G02497', 'AT2G02500', 'AT4G15560', 'AT5G60600', 'AT5G62790']"
NEG::partial::0101,0,partial_pathway,synthetic_negative,"['AT1G70310', 'AT3G17717', 'AT3G25570', 'AT5G18930', 'AT5G53120']"
NEG::partial::0102,0,partial_pathway,synthetic_negative,"['AT1G08830', 'AT1G21864', 'AT2G28190', 'AT2G30860', 'AT2G31570', 'AT2G43350', 'AT2G48150', 'AT3G56350', 'AT3G62730', 'AT3G63080', 'AT4G00651', 'AT4G25100', 'AT4G31870', 'AT5G18100', 'AT5G23310', 'AT5G51100']"
NEG::partial::0103,0,partial_pathway,synthetic_negative,"['AT1G04410', 'AT1G12000', 'AT1G19600', 'AT1G24180', 'AT1G30120', 'AT1G59900', 'AT1G74030', 'AT2G05710', 'AT2G11270', 'AT2G17130', 'AT2G21170', 'AT2G21330', 'AT2G22480', 'AT2G22780', 'AT2G29560', 'AT2G36530', 'AT2G44350', 'AT3G08590', 'AT3G09810', 'AT3G13930', 'AT3G16950', 'AT3G17240', 'AT3G27380', 'AT3G49160', 'AT3G52990', 'AT3G53910', 'AT3G55440', 'AT3G58740', 'AT3G58750', 'AT4G09520', 'AT4G16155', 'AT4G26390', 'AT4G26530', 'AT4G27600', 'AT4G29220', 'AT4G32840', 'AT4G35260', 'AT4G35650', 'AT4G35830', 'AT4G38970', 'AT5G03290', 'AT5G03690', 'AT5G08300', 'AT5G08570', 'AT5G09600', 'AT5G09660', 'AT5G23250', 'AT5G43330', 'AT5G47810', 'AT5G50850', 'AT5G50950', 'AT5G56720', 'AT5G61580', 'AT5G65165']"
NEG::partial::0104,0,partial_pathway,synthetic_negative,"['AT1G06730', 'AT1G09780', 'AT1G16300', 'AT1G19600', 'AT1G22170', 'AT1G56190', 'AT1G74030', 'AT1G78050', 'AT1G79530', 'AT1G79550', 'AT2G01140', 'AT2G21330', 'AT2G29560', 'AT3G04050', 'AT3G05170', 'AT3G08590', 'AT3G12780', 'AT3G26780', 'AT3G30841', 'AT3G49160', 'AT3G52930', 'AT3G52990', 'AT3G54050', 'AT3G55650', 'AT4G09520', 'AT4G26270', 'AT4G26390', 'AT4G26530', 'AT4G29220', 'AT5G03690', 'AT5G08570', 'AT5G47810', 'AT5G56350', 'AT5G61580', 'AT5G62840']"
NEG::partial::0105,0,partial_pathway,synthetic_negative,"['AT1G65840', 'AT2G32030', 'AT2G43020', 'AT3G22560', 'AT3G59050', 'AT5G13700']"
NEG::partial::0106,0,partial_pathway,synthetic_negative,"['AT1G04580', 'AT2G37040', 'AT3G10340', 'AT3G53260', 'AT5G04230']"
NEG::partial::0107,0,partial_pathway,synthetic_negative,"['AT1G02660', 'AT1G05800', 'AT1G06800', 'AT1G10740', 'AT1G23330', 'AT1G27480', 'AT1G29120', 'AT1G30370', 'AT1G31480', 'AT1G33270', 'AT1G34340', 'AT1G51440', 'AT1G52570', 'AT1G52700', 'AT1G55180', 'AT1G61850', 'AT2G03140', 'AT2G26870', 'AT2G30550', 'AT2G31690', 'AT2G40116', 'AT2G42690', 'AT3G03370', 'AT3G03520', 'AT3G03540', 'AT3G05630', 'AT3G47220', 'AT3G50790', 'AT3G55940', 'AT3G62590', 'AT4G11840', 'AT4G16820', 'AT4G19860', 'AT4G29460', 'AT4G34930', 'AT5G18640', 'AT5G25370', 'AT5G42930', 'AT5G49950', 'AT5G51180']"
NEG::partial::0108,0,partial_pathway,synthetic_negative,"['AT1G12130', 'AT1G12160', 'AT1G12200', 'AT1G18590', 'AT1G24100', 'AT1G62620', 'AT1G63390', 'AT1G65860', 'AT1G69820', 'AT1G74090', 'AT1G74100', 'AT2G20610', 'AT2G23960', 'AT2G23970', 'AT4G30530', 'AT4G30540', 'AT4G30550', 'AT4G39640', 'AT5G07800']"
NEG::partial::0109,0,partial_pathway,synthetic_negative,"['AT1G22020', 'AT1G32470', 'AT4G11640', 'AT4G13890', 'AT4G13930', 'AT4G32520', 'AT4G33010', 'AT4G37930']"
NEG::partial::0110,0,partial_pathway,synthetic_negative,"['AT3G13730', 'AT3G30180', 'AT3G50660', 'AT5G05690', 'AT5G38970']"
NEG::partial::0111,0,partial_pathway,synthetic_negative,"['AT1G07780', 'AT1G24807', 'AT1G24909', 'AT1G25083', 'AT1G29410', 'AT1G70570', 'AT2G04400', 'AT3G54640', 'AT3G55870', 'AT4G02610', 'AT4G27070', 'AT5G05730', 'AT5G17990', 'AT5G48220', 'AT5G54810', 'AT5G57890']"
NEG::partial::0112,0,partial_pathway,synthetic_negative,"['AT1G58643', 'AT1G58936', 'AT1G59171', 'AT1G59312', 'AT3G01310', 'AT5G07370', 'AT5G15070', 'AT5G42810']"
NEG::partial::0113,0,partial_pathway,synthetic_negative,"['AT1G55090', 'AT2G01350', 'AT5G14760', 'AT5G50210', 'AT5G55810']"
NEG::partial::0114,0,partial_pathway,synthetic_negative,"['AT1G31220', 'AT2G38660', 'AT3G12290', 'AT4G00600', 'AT4G00620']"
NEG::partial::0115,0,partial_pathway,synthetic_negative,"['AT1G01580', 'AT1G01590', 'AT1G23020', 'AT4G19690', 'AT5G23990', 'AT5G49730', 'AT5G49740']"
NEG::partial::0116,0,partial_pathway,synthetic_negative,"['AT1G30100', 'AT1G52340', 'AT3G24220', 'AT3G51680', 'AT4G19170']"
NEG::partial::0117,0,partial_pathway,synthetic_negative,"['AT1G01420', 'AT1G05675', 'AT1G05680', 'AT1G07250', 'AT1G07260', 'AT1G30530', 'AT2G15490', 'AT2G29730', 'AT2G29740', 'AT2G36790', 'AT3G16520', 'AT3G19000', 'AT3G21760', 'AT3G21790', 'AT3G46660', 'AT4G15280', 'AT4G34135', 'AT5G05860', 'AT5G17030', 'AT5G59580', 'AT5G63580', 'AT5G63600']"
NEG::partial::0118,0,partial_pathway,synthetic_negative,"['AT2G45150', 'AT4G22340', 'AT4G26770', 'AT5G40610', 'ATCG01010']"
NEG::partial::0119,0,partial_pathway,synthetic_negative,"['AT1G06410', 'AT1G16980', 'AT1G17000', 'AT1G22210', 'AT1G35910', 'AT1G68020', 'AT1G78090', 'AT2G18700', 'AT2G22190', 'AT4G12430', 'AT4G17770', 'AT4G22590', 'AT4G39770', 'AT5G10100', 'AT5G65140']"
NEG::partial::0120,0,partial_pathway,synthetic_negative,"['AT1G08510', 'AT1G35250', 'AT1G35290', 'AT1G66550', 'AT1G68280']"
NEG::partial::0121,0,partial_pathway,synthetic_negative,"['AT1G01280', 'AT1G01600', 'AT1G04290', 'AT1G49430', 'AT1G62940', 'AT1G63710', 'AT1G64400', 'AT1G69500', 'AT2G04350', 'AT2G27690', 'AT2G29590', 'AT2G30720', 'AT2G45970', 'AT2G47240', 'AT2G47245', 'AT3G05970', 'AT3G09405', 'AT3G16175', 'AT3G44540', 'AT3G44550', 'AT3G48520', 'AT3G60060', 'AT4G00360', 'AT4G10030', 'AT4G11030', 'AT4G23850', 'AT4G33540', 'AT5G22420', 'AT5G27600', 'AT5G48370', 'AT5G58860']"
NEG::partial::0122,0,partial_pathway,synthetic_negative,"['AT1G10060', 'AT1G10070', 'AT1G18500', 'AT1G31180', 'AT1G50090', 'AT1G50110', 'AT1G74040', 'AT1G80560', 'AT2G31810', 'AT3G23940', 'AT3G48560', 'AT3G58990', 'AT4G13430', 'AT5G16290', 'AT5G65780']"
NEG::partial::0123,0,partial_pathway,synthetic_negative,"['AT3G04480', 'AT3G59630', 'AT4G31790', 'AT5G62030', 'AT5G63010']"
NEG::partial::0124,0,partial_pathway,synthetic_negative,"['AT1G60600', 'AT4G27270', 'AT4G36750', 'AT5G08740', 'AT5G54500']"
NEG::partial::0125,0,partial_pathway,synthetic_negative,"['AT1G14230', 'AT1G14240', 'AT1G14250', 'AT2G02970', 'AT3G04080', 'AT3G12670', 'AT3G60961', 'AT4G20320', 'AT4G25280', 'AT5G18280', 'AT5G26667', 'AT5G63310', 'AT5G66005']"
NEG::partial::0126,0,partial_pathway,synthetic_negative,"['AT1G01090', 'AT1G14810', 'AT1G16400', 'AT1G17290', 'AT1G18500', 'AT1G21400', 'AT1G23310', 'AT1G24180', 'AT1G31180', 'AT1G32480', 'AT1G50090', 'AT1G50110', 'AT1G54340', 'AT1G55510', 'AT1G59900', 'AT1G62800', 'AT1G70580', 'AT1G74100', 'AT1G80560', 'AT2G13360', 'AT2G17130', 'AT2G30970', 'AT2G31810', 'AT2G34590', 'AT2G37500', 'AT2G38400', 'AT2G42790', 'AT2G43100', 'AT2G44350', 'AT3G02020', 'AT3G06850', 'AT3G08860', 'AT3G13930', 'AT3G48560', 'AT3G49680', 'AT3G52200', 'AT3G57560', 'AT3G58610', 'AT3G58990', 'AT3G60100', 'AT4G13770', 'AT4G16155', 'AT4G17830', 'AT4G26910', 'AT4G35260', 'AT4G35650', 'AT4G35830', 'AT4G39950', 'AT5G03290', 'AT5G09300', 'AT5G11520', 'AT5G14200', 'AT5G16290', 'AT5G19550', 'AT5G23010', 'AT5G23020', 'AT5G34780', 'AT5G50850', 'AT5G65780']"
NEG::partial::0127,0,partial_pathway,synthetic_negative,"['AT1G10060', 'AT1G50110', 'AT1G70560', 'AT2G26800', 'AT3G05190', 'AT3G19710', 'AT3G49680', 'AT4G16800']"
NEG::partial::0128,0,partial_pathway,synthetic_negative,"['AT1G24100', 'AT1G69820', 'AT1G74100', 'AT2G20610', 'AT2G24850', 'AT4G23600', 'AT4G28410', 'AT4G29210', 'AT4G30530', 'AT4G39640', 'AT5G05260', 'AT5G35917']"
NEG::partial::0129,0,partial_pathway,synthetic_negative,"['AT1G58643', 'AT1G58936', 'AT1G59312', 'AT2G43980', 'AT5G16760', 'AT5G61760']"
NEG::partial::0130,0,partial_pathway,synthetic_negative,"['AT1G19250', 'AT1G65960', 'AT2G02010', 'AT4G29210', 'AT4G39640', 'AT4G39650', 'AT5G17330']"
NEG::partial::0131,0,partial_pathway,synthetic_negative,"['AT1G09350', 'AT1G56600', 'AT2G47180', 'AT3G57520', 'AT4G01970', 'AT4G26250', 'AT5G30500', 'AT5G40390']"
NEG::partial::0132,0,partial_pathway,synthetic_negative,"['AT1G23190', 'AT1G47845', 'AT1G50460', 'AT1G70730', 'AT2G19860', 'AT3G20040', 'AT4G37840', 'AT5G17530', 'AT5G51820', 'AT5G62573']"
NEG::partial::0133,0,partial_pathway,synthetic_negative,"['AT2G35020', 'AT3G06580', 'AT3G28530', 'AT5G18200', 'AT5G52560']"
NEG::partial::0134,0,partial_pathway,synthetic_negative,"['AT1G65840', 'AT2G43020', 'AT3G59050', 'AT4G29720', 'AT5G13700']"
NEG::partial::0135,0,partial_pathway,synthetic_negative,"['AT1G07420', 'AT1G11680', 'AT3G02580', 'AT3G20960', 'AT4G12110']"
NEG::partial::0136,0,partial_pathway,synthetic_negative,"['AT1G08980', 'AT1G18300', 'AT1G55090', 'AT1G68760', 'AT2G01670', 'AT2G04430', 'AT2G04440', 'AT2G04450', 'AT2G23420', 'AT4G25434', 'AT4G36940', 'AT5G23230', 'AT5G45940', 'AT5G47650', 'AT5G55810']"
NEG::partial::0137,0,partial_pathway,synthetic_negative,"['AT1G23160', 'AT1G48670', 'AT1G48690', 'AT2G39980', 'AT3G50270', 'AT3G50280', 'AT3G50290', 'AT3G50300', 'AT5G01210', 'AT5G07860', 'AT5G07870', 'AT5G13320', 'AT5G38130', 'AT5G51470', 'AT5G67150']"
NEG::partial::0138,0,partial_pathway,synthetic_negative,"['AT1G01190', 'AT3G61880', 'AT4G26220', 'AT5G07990', 'AT5G37170']"
NEG::partial::0139,0,partial_pathway,synthetic_negative,"['AT1G31230', 'AT4G19710', 'AT5G13280', 'AT5G14060', 'AT5G21060']"
NEG::partial::0140,0,partial_pathway,synthetic_negative,"['AT1G02880', 'AT1G22940', 'AT1G67440', 'AT2G29630', 'AT2G37250', 'AT2G39270', 'AT2G44750', 'AT3G01820', 'AT4G15560', 'AT5G11380', 'AT5G65720']"
NEG::partial::0141,0,partial_pathway,synthetic_negative,"['AT1G01460', 'AT1G01960', 'AT1G02430', 'AT1G06400', 'AT1G08270', 'AT1G09630', 'AT1G10290', 'AT1G10630', 'AT1G10900', 'AT1G13980', 'AT1G15130', 'AT1G16030', 'AT1G17730', 'AT1G21980', 'AT1G22740', 'AT1G23490', 'AT1G28550', 'AT1G30825', 'AT1G47830', 'AT1G49300', 'AT1G52280', 'AT1G52570', 'AT1G55180', 'AT1G59610', 'AT1G60430', 'AT1G60860', 'AT1G70490', 'AT1G71790', 'AT1G73030', 'AT1G75850', 'AT1G77140', 'AT1G77740', 'AT2G06530', 'AT2G15310', 'AT2G17790', 'AT2G17840', 'AT2G19830', 'AT2G21880', 'AT2G27600', 'AT2G30910', 'AT2G31300', 'AT2G33385', 'AT2G35210', 'AT2G36680', 'AT2G38830', 'AT2G41210', 'AT2G42010', 'AT2G47170', 'AT3G03120', 'AT3G05520', 'AT3G05630', 'AT3G07960', 'AT3G09900', 'AT3G09920', 'AT3G10640', 'AT3G11130', 'AT3G15060', 'AT3G15730', 'AT3G16100', 'AT3G16785', 'AT3G17660', 'AT3G20290', 'AT3G27000', 'AT3G45000', 'AT3G46060', 'AT3G46540', 'AT3G46830', 'AT3G51250', 'AT3G51310', 'AT3G53120', 'AT3G53610', 'AT3G53710', 'AT3G54840', 'AT3G59290', 'AT3G60860', 'AT3G62080', 'AT3G62290', 'AT4G00240', 'AT4G01190', 'AT4G01710', 'AT4G05000', 'AT4G05330', 'AT4G05520', 'AT4G09720', 'AT4G11840', 'AT4G12230', 'AT4G14147', 'AT4G16144', 'AT4G17890', 'AT4G18800', 'AT4G19003', 'AT4G19640', 'AT4G21160', 'AT4G21560', 'AT4G24280', 'AT4G26750', 'AT4G27040', 'AT4G27690', 'AT4G29160', 'AT4G35790', 'AT4G35985', 'AT4G38200', 'AT5G02490', 'AT5G04850', 'AT5G04920', 'AT5G06140', 'AT5G11710', 'AT5G13300', 'AT5G13860', 'AT5G14670', 'AT5G19610', 'AT5G22770', 'AT5G22780', 'AT5G22950', 'AT5G44560', 'AT5G45130', 'AT5G45750', 'AT5G46630', 'AT5G46750', 'AT5G49910', 'AT5G59840', 'AT5G61980', 'AT5G63880', 'AT5G65274']"
NEG::partial::0142,0,partial_pathway,synthetic_negative,"['AT1G02850', 'AT1G26560', 'AT1G36370', 'AT1G45191', 'AT1G60260', 'AT1G60270', 'AT1G61810', 'AT1G61820', 'AT1G66270', 'AT1G66280', 'AT1G73050', 'AT2G25630', 'AT2G32860', 'AT2G44450', 'AT2G44460', 'AT2G44480', 'AT2G44490', 'AT3G03640', 'AT3G18080', 'AT3G21370', 'AT3G44300', 'AT3G44320', 'AT3G47000', 'AT3G47010', 'AT3G47040', 'AT3G47050', 'AT3G60130', 'AT3G60140', 'AT3G61440', 'AT3G62740', 'AT3G62750', 'AT4G13890', 'AT4G13930', 'AT4G21760', 'AT4G22100', 'AT4G27820', 'AT4G27830', 'AT4G37550', 'AT4G37930', 'AT4G39640', 'AT4G39650', 'AT5G04885', 'AT5G05260', 'AT5G10300', 'AT5G16580', 'AT5G20950', 'AT5G22300', 'AT5G24540', 'AT5G24550', 'AT5G26780', 'AT5G28510', 'AT5G36890', 'AT5G44640', 'AT5G54570']"
NEG::partial::0143,0,partial_pathway,synthetic_negative,"['AT1G28130', 'AT2G14960', 'AT2G23170', 'AT2G47750', 'AT4G37390', 'AT5G13360', 'AT5G13370', 'AT5G13380', 'AT5G54510']"
NEG::partial::0144,0,partial_pathway,synthetic_negative,"['AT1G04410', 'AT1G04710', 'AT1G06310', 'AT1G53240', 'AT2G11270', 'AT2G18450', 'AT2G22780', 'AT2G33150', 'AT2G35690', 'AT2G42790', 'AT2G44350', 'AT2G47510', 'AT3G04530', 'AT3G05970', 'AT3G06690', 'AT3G15020', 'AT3G15290', 'AT3G21720', 'AT3G47520', 'AT3G58740', 'AT4G16800', 'AT4G26970', 'AT4G29010', 'AT4G35830', 'AT4G37870', 'AT5G03860', 'AT5G27600', 'AT5G43330', 'AT5G47720', 'AT5G48230', 'AT5G48880', 'AT5G50950', 'AT5G54950', 'AT5G62575', 'AT5G65690']"
NEG::partial::0145,0,partial_pathway,synthetic_negative,"['AT1G65560', 'AT2G21250', 'AT2G24190', 'AT2G37760', 'AT3G03980', 'AT3G05260', 'AT3G53880', 'AT3G61220', 'AT5G18210']"
NEG::partial::0146,0,partial_pathway,synthetic_negative,"['AT1G55290', 'AT1G67980', 'AT1G67990', 'AT3G13610', 'AT3G62000', 'AT4G34050', 'AT5G12270']"
NEG::partial::0147,0,partial_pathway,synthetic_negative,"['AT1G04180', 'AT1G21430', 'AT1G23320', 'AT1G48910', 'AT1G80360', 'AT4G24670', 'AT5G11320', 'AT5G43890']"
NEG::partial::0148,0,partial_pathway,synthetic_negative,"['AT1G08980', 'AT1G55090', 'AT2G22570', 'AT2G23420', 'AT4G36940', 'AT5G23220', 'AT5G23230', 'AT5G55810']"
NEG::partial::0149,0,partial_pathway,synthetic_negative,"['AT1G06130', 'AT1G25375', 'AT1G67280', 'AT2G28420', 'AT2G31350', 'AT2G32090', 'AT2G43430', 'AT3G02720']"
NEG::partial::0150,0,partial_pathway,synthetic_negative,"['AT1G04400', 'AT1G09530', 'AT1G09570', 'AT1G22770', 'AT1G53090', 'AT1G56650', 'AT1G65480', 'AT1G68050', 'AT2G18790', 'AT2G23070', 'AT2G25930', 'AT2G32950', 'AT2G44680', 'AT2G46340', 'AT2G46830', 'AT3G17609', 'AT3G50000', 'AT3G60250', 'AT4G08920', 'AT4G11110', 'AT4G20370', 'AT5G02810', 'AT5G11260', 'AT5G15840', 'AT5G15850', 'AT5G23730', 'AT5G24470', 'AT5G47080', 'AT5G52250', 'AT5G57360', 'AT5G61380', 'AT5G62430']"
NEG::partial::0151,0,partial_pathway,synthetic_negative,"['AT1G01290', 'AT1G29810', 'AT1G69190', 'AT1G78660', 'AT1G78670', 'AT1G78680', 'AT2G21550', 'AT2G22450', 'AT2G28880', 'AT2G31955', 'AT2G43760', 'AT3G07270', 'AT3G10160', 'AT3G21730', 'AT3G55630', 'AT3G59710', 'AT4G30000', 'AT4G34570', 'AT5G20990', 'AT5G41480', 'AT5G42370', 'AT5G51110', 'AT5G57850', 'AT5G62980', 'AT5G64300']"
NEG::partial::0152,0,partial_pathway,synthetic_negative,"['AT1G04040', 'AT1G14700', 'AT1G25230', 'AT1G56360', 'AT2G01880', 'AT2G01890', 'AT2G32770', 'AT3G05170', 'AT3G07130', 'AT3G52780', 'AT4G13700', 'AT4G24890', 'AT4G25150', 'AT4G36350', 'AT5G08260', 'AT5G24770', 'AT5G24780', 'AT5G34850', 'AT5G44020', 'AT5G50400', 'AT5G51260']"
NEG::partial::0153,0,partial_pathway,synthetic_negative,"['AT1G01580', 'AT1G01590', 'AT5G23980', 'AT5G49730', 'AT5G49740', 'AT5G50160']"
NEG::partial::0154,0,partial_pathway,synthetic_negative,"['AT1G02590', 'AT1G04580', 'AT2G37040', 'AT3G53260', 'AT5G04230']"
NEG::partial::0155,0,partial_pathway,synthetic_negative,"['AT1G08940', 'AT1G43670', 'AT1G56190', 'AT1G67090', 'AT1G71100', 'AT1G79550', 'AT2G01140', 'AT2G01290', 'AT2G07732', 'AT2G21170', 'AT2G21330', 'AT2G36460', 'AT2G45290', 'AT3G01850', 'AT3G04880', 'AT3G05170', 'AT3G12780', 'AT3G52930', 'AT3G55440', 'AT3G55800', 'AT4G26520', 'AT4G26530', 'AT5G38410', 'AT5G44520', 'AT5G61410', 'AT5G64380', 'ATMG00280']"
NEG::partial::0156,0,partial_pathway,synthetic_negative,"['AT1G12350', 'AT1G21530', 'AT1G21540', 'AT1G48605', 'AT1G60440', 'AT1G75960', 'AT1G77240', 'AT2G17340', 'AT2G18250', 'AT3G05970', 'AT3G08860', 'AT3G18030', 'AT3G61530', 'AT4G32180', 'AT4G35360', 'AT5G27600', 'AT5G34780', 'AT5G48840']"
NEG::partial::0157,0,partial_pathway,synthetic_negative,"['AT1G08560', 'AT1G11890', 'AT1G15880', 'AT1G16225', 'AT1G16230', 'AT1G26670', 'AT1G29060', 'AT1G61290', 'AT1G79590', 'AT2G18260', 'AT2G32670', 'AT2G33120', 'AT2G36900', 'AT3G05710', 'AT3G09740', 'AT3G24350', 'AT3G24890', 'AT3G29100', 'AT3G52400', 'AT3G54300', 'AT3G55600', 'AT4G02195', 'AT4G03330', 'AT4G14455', 'AT4G14600', 'AT5G05760', 'AT5G07880', 'AT5G08080', 'AT5G11150', 'AT5G22360', 'AT5G39510', 'AT5G52270', 'AT5G58060', 'AT5G58180']"
NEG::partial::0158,0,partial_pathway,synthetic_negative,"['AT1G19670', 'AT1G44000', 'AT4G11910', 'AT4G22920', 'AT5G43860']"
NEG::partial::0159,0,partial_pathway,synthetic_negative,"['AT1G54870', 'AT2G37770', 'AT3G03980', 'AT3G04000', 'AT3G53880', 'AT4G13180', 'AT5G62420']"
NEG::partial::0160,0,partial_pathway,synthetic_negative,"['AT1G01460', 'AT1G07230', 'AT1G14520', 'AT1G21980', 'AT1G22100', 'AT1G31190', 'AT1G34120', 'AT1G34260', 'AT1G49340', 'AT1G51040', 'AT1G58643', 'AT1G58936', 'AT1G59312', 'AT1G60890', 'AT1G68000', 'AT1G71010', 'AT2G14170', 'AT2G19800', 'AT2G21170', 'AT2G26420', 'AT2G40116', 'AT2G41210', 'AT2G43980', 'AT3G01310', 'AT3G02870', 'AT3G03530', 'AT3G03540', 'AT3G07960', 'AT3G08510', 'AT3G09920', 'AT3G10550', 'AT3G14205', 'AT3G14270', 'AT3G19420', 'AT3G47220', 'AT3G48610', 'AT3G50110', 'AT3G51460', 'AT3G51830', 'AT3G56960', 'AT4G01190', 'AT4G08170', 'AT4G18010', 'AT4G26260', 'AT4G33240', 'AT4G33770', 'AT4G38530', 'AT4G39120', 'AT4G39800', 'AT5G04540', 'AT5G07370', 'AT5G10170', 'AT5G16760', 'AT5G20840', 'AT5G42810', 'AT5G56640', 'AT5G58730', 'AT5G61760', 'AT5G63980', 'AT5G63990', 'AT5G64000', 'AT5G64070']"
NEG::partial::0161,0,partial_pathway,synthetic_negative,"['AT1G50480', 'AT2G12280', 'AT2G38660', 'AT4G00600', 'AT4G00620']"
NEG::partial::0162,0,partial_pathway,synthetic_negative,"['AT1G01610', 'AT1G32200', 'AT1G51260', 'AT1G62430', 'AT1G75020', 'AT2G45150', 'AT3G11325', 'AT3G11430', 'AT3G18850', 'AT3G47630', 'AT3G57650', 'AT3G60620', 'AT4G00400', 'AT4G01950', 'AT4G22340', 'AT4G24160', 'AT4G26770', 'AT5G06090', 'AT5G23110', 'AT5G40610', 'AT5G60620']"
NEG::partial::0163,0,partial_pathway,synthetic_negative,"['AT2G17320', 'AT2G17340', 'AT2G46110', 'AT3G61530', 'AT4G32180', 'AT4G35360', 'AT5G34780']"
NEG::partial::0164,0,partial_pathway,synthetic_negative,"['AT1G06020', 'AT1G06030', 'AT1G23190', 'AT1G47845', 'AT1G50390', 'AT1G70730', 'AT1G70820', 'AT1G73370', 'AT2G31390', 'AT2G35020', 'AT3G20040', 'AT3G56040', 'AT3G59480', 'AT4G02280', 'AT4G24620', 'AT4G28706', 'AT4G29130', 'AT5G17530', 'AT5G20830', 'AT5G42740', 'AT5G49190', 'AT5G52560']"
NEG::partial::0165,0,partial_pathway,synthetic_negative,"['AT1G03770', 'AT1G04860', 'AT1G10230', 'AT1G12910', 'AT1G16710', 'AT1G20140', 'AT1G36340', 'AT1G64230', 'AT1G75950', 'AT1G79000', 'AT2G03160', 'AT2G03170', 'AT2G03190', 'AT2G16740', 'AT2G19520', 'AT2G20160', 'AT2G32780', 'AT2G44680', 'AT3G04240', 'AT3G08690', 'AT3G08700', 'AT3G11540', 'AT3G12980', 'AT3G21840', 'AT3G44490', 'AT3G44660', 'AT3G44680', 'AT3G49660', 'AT3G53060', 'AT3G60010', 'AT3G60250', 'AT4G02730', 'AT4G16845', 'AT4G17640', 'AT4G34470', 'AT4G35050', 'AT4G38130', 'AT5G06350', 'AT5G42190', 'AT5G51230', 'AT5G58230']"
NEG::partial::0166,0,partial_pathway,synthetic_negative,"['AT1G55090', 'AT2G01350', 'AT5G14760', 'AT5G50210', 'AT5G55810']"
NEG::partial::0167,0,partial_pathway,synthetic_negative,"['AT1G04820', 'AT1G13180', 'AT1G20010', 'AT1G20090', 'AT1G23220', 'AT1G30825', 'AT1G52245', 'AT1G60430', 'AT2G30910', 'AT3G16120', 'AT3G27000', 'AT3G48040', 'AT3G51300', 'AT4G01710', 'AT4G14147', 'AT4G20890', 'AT4G27360', 'AT4G35020', 'AT4G35950', 'AT5G04510', 'AT5G12250', 'AT5G23860', 'AT5G44340', 'AT5G62690', 'AT5G62700', 'AT5G65274']"
NEG::partial::0168,0,partial_pathway,synthetic_negative,"['AT1G03130', 'AT1G06680', 'AT1G08380', 'AT1G20020', 'AT1G20340', 'AT1G30380', 'AT1G30510', 'AT1G31330', 'AT1G32550', 'AT1G55670', 'AT1G60950', 'AT1G79040', 'AT2G07707', 'AT2G20260', 'AT2G27510', 'AT2G30790', 'AT3G01440', 'AT3G16140', 'AT3G55330', 'AT4G02770', 'AT4G03280', 'AT4G04640', 'AT4G05180', 'AT4G09650', 'AT4G12800', 'AT4G28750', 'AT4G32260', 'AT5G10000', 'AT5G45040', 'AT5G66570']"
NEG::partial::0169,0,partial_pathway,synthetic_negative,"['AT1G62960', 'AT1G70560', 'AT2G22250', 'AT2G30970', 'AT3G16150', 'AT5G11520', 'AT5G19550', 'AT5G22300', 'AT5G51690', 'AT5G60540']"
NEG::partial::0170,0,partial_pathway,synthetic_negative,"['AT1G31670', 'AT1G31690', 'AT1G31710', 'AT1G62800', 'AT1G62810', 'AT2G20340', 'AT2G22250', 'AT2G30970', 'AT2G42490', 'AT4G14940', 'AT4G23590', 'AT4G28420', 'AT4G28680', 'AT4G31990', 'AT5G36160', 'AT5G53970']"
NEG::partial::0171,0,partial_pathway,synthetic_negative,"['AT1G22360', 'AT1G22370', 'AT1G22380', 'AT1G22400', 'AT2G36760', 'AT2G36770', 'AT2G36780', 'AT2G36790', 'AT2G36800', 'AT2G36970', 'AT3G11340', 'AT3G22250', 'AT3G53150', 'AT3G55700', 'AT3G55710', 'AT5G05860', 'AT5G05870', 'AT5G05880']"
NEG::partial::0172,0,partial_pathway,synthetic_negative,"['AT1G69370', 'AT2G22250', 'AT3G29200', 'AT5G10870', 'AT5G34930']"
NEG::partial::0173,0,partial_pathway,synthetic_negative,"['AT1G22100', 'AT1G58643', 'AT1G58936', 'AT2G43980', 'AT5G07370', 'AT5G16760', 'AT5G42810', 'AT5G61760']"
NEG::partial::0174,0,partial_pathway,synthetic_negative,"['AT1G02590', 'AT1G04580', 'AT2G37040', 'AT3G10340', 'AT3G53260']"
NEG::partial::0175,0,partial_pathway,synthetic_negative,"['AT1G09420', 'AT1G24280', 'AT1G64190', 'AT3G02360', 'AT3G27300', 'AT5G24400', 'AT5G24420']"
NEG::partial::0176,0,partial_pathway,synthetic_negative,"['AT1G05010', 'AT1G12010', 'AT1G62380', 'AT2G19590', 'AT2G36880', 'AT3G17390', 'AT3G49620', 'AT3G50210', 'AT4G01850', 'AT4G08040', 'AT4G16765', 'AT4G16770', 'AT4G26200', 'AT4G35830', 'AT5G51690']"
NEG::partial::0177,0,partial_pathway,synthetic_negative,"['AT3G01120', 'AT3G03780', 'AT3G20390', 'AT3G57050', 'AT4G23590', 'AT4G23600', 'AT5G17920', 'AT5G20980']"
NEG::partial::0178,0,partial_pathway,synthetic_negative,"['AT1G24807', 'AT1G25083', 'AT1G25155', 'AT1G25220', 'AT1G30820', 'AT1G48520', 'AT1G63660', 'AT1G75330', 'AT2G03667', 'AT2G28880', 'AT2G34890', 'AT2G39800', 'AT2G41220', 'AT3G12670', 'AT3G47340', 'AT3G47450', 'AT3G55610', 'AT3G55870', 'AT4G02120', 'AT4G05400', 'AT4G20320', 'AT4G24830', 'AT4G32915', 'AT5G01410', 'AT5G05730', 'AT5G10240', 'AT5G10920', 'AT5G38710', 'AT5G46180', 'AT5G53460', 'AT5G60540', 'AT5G65010']"
NEG::partial::0179,0,partial_pathway,synthetic_negative,"['AT1G02880', 'AT1G22940', 'AT1G67440', 'AT4G29530', 'AT5G19460']"
NEG::partial::0180,0,partial_pathway,synthetic_negative,"['AT1G02080', 'AT1G03330', 'AT1G03360', 'AT1G06670', 'AT1G07705', 'AT1G15920', 'AT1G19120', 'AT1G21190', 'AT1G26230', 'AT1G27890', 'AT1G31530', 'AT1G54440', 'AT1G55490', 'AT1G55870', 'AT1G59760', 'AT1G60080', 'AT1G61470', 'AT1G76860', 'AT2G01130', 'AT2G06990', 'AT2G22480', 'AT2G23350', 'AT2G28000', 'AT2G29560', 'AT2G30800', 'AT2G32070', 'AT2G32550', 'AT2G33210', 'AT2G36530', 'AT2G43810', 'AT2G45810', 'AT3G03710', 'AT3G07750', 'AT3G12990', 'AT3G13290', 'AT3G13470', 'AT3G13860', 'AT3G16380', 'AT3G22270', 'AT3G23990', 'AT3G25430', 'AT3G44240', 'AT3G44260', 'AT3G45630', 'AT3G46210', 'AT3G46960', 'AT3G58560', 'AT3G59810', 'AT3G60500', 'AT3G61240', 'AT4G14990', 'AT4G26270', 'AT4G27490', 'AT4G29220', 'AT4G29830', 'AT4G34110', 'AT4G37910', 'AT5G04895', 'AT5G09590', 'AT5G10960', 'AT5G12980', 'AT5G13570', 'AT5G14580', 'AT5G18820', 'AT5G22250', 'AT5G27720', 'AT5G44110', 'AT5G47810', 'AT5G48870', 'AT5G56500', 'AT5G56630', 'AT5G59460', 'AT5G60170']"
NEG::partial::0181,0,partial_pathway,synthetic_negative,"['AT2G30390', 'AT2G40490', 'AT4G01690', 'AT4G03205', 'AT4G03240', 'AT5G14220']"
NEG::partial::0182,0,partial_pathway,synthetic_negative,"['AT2G26710', 'AT2G38050', 'AT3G13730', 'AT4G36380', 'AT5G14400', 'AT5G38970']"
NEG::partial::0183,0,partial_pathway,synthetic_negative,"['AT1G48605', 'AT1G60440', 'AT2G17320', 'AT2G17340', 'AT2G27490', 'AT2G46110', 'AT3G61530', 'AT4G32180', 'AT4G35360', 'AT5G48840']"
NEG::partial::0184,0,partial_pathway,synthetic_negative,"['AT1G07420', 'AT1G50430', 'AT1G76090', 'AT2G29390', 'AT2G33630', 'AT2G34490', 'AT2G34500', 'AT3G02580', 'AT3G02590', 'AT3G19820', 'AT3G20960', 'AT3G52940', 'AT4G12110', 'AT4G22756', 'AT4G24805']"
NEG::partial::0185,0,partial_pathway,synthetic_negative,"['AT2G45400', 'AT3G28740', 'AT4G34540', 'AT4G37320', 'AT4G37330', 'AT4G37370']"
NEG::partial::0186,0,partial_pathway,synthetic_negative,"['AT2G22250', 'AT2G24850', 'AT2G30970', 'AT2G42490', 'AT3G43670', 'AT4G12290', 'AT4G23590', 'AT4G28410', 'AT4G28420', 'AT4G28680', 'AT5G19550', 'AT5G53970']"
NEG::partial::0187,0,partial_pathway,synthetic_negative,"['AT1G01390', 'AT1G05675', 'AT1G30530', 'AT2G23260', 'AT2G43840', 'AT3G21760', 'AT3G50740', 'AT4G34135', 'AT4G34138', 'AT5G05860']"
NEG::partial::0188,0,partial_pathway,synthetic_negative,"['AT1G50480', 'AT2G12200', 'AT2G12280', 'AT2G38660', 'AT4G00620']"
NEG::partial::0189,0,partial_pathway,synthetic_negative,"['AT2G11810', 'AT3G06510', 'AT3G11670', 'AT4G00550', 'AT5G20410']"
NEG::partial::0190,0,partial_pathway,synthetic_negative,"['AT1G10060', 'AT1G50090', 'AT1G70560', 'AT3G19710', 'AT3G45300', 'AT3G49680', 'AT5G27410', 'AT5G65780']"
NEG::partial::0191,0,partial_pathway,synthetic_negative,"['AT1G01120', 'AT1G04220', 'AT1G25450', 'AT1G64590', 'AT1G67730', 'AT1G68530', 'AT1G76150', 'AT2G37540', 'AT3G50560', 'AT3G55360', 'AT4G29010', 'AT4G34520', 'AT5G02540', 'AT5G10480', 'AT5G50130']"
NEG::partial::0192,0,partial_pathway,synthetic_negative,"['AT1G44350', 'AT3G01900', 'AT3G02875', 'AT3G48520', 'AT5G07000', 'AT5G07010', 'AT5G54140']"
NEG::partial::0193,0,partial_pathway,synthetic_negative,"['AT3G16150', 'AT4G00590', 'AT5G08100', 'AT5G22300', 'AT5G60540']"
NEG::partial::0194,0,partial_pathway,synthetic_negative,"['AT1G09795', 'AT1G44170', 'AT1G54100', 'AT1G58080', 'AT1G71920', 'AT3G22425', 'AT3G48000', 'AT4G14910', 'AT4G36250', 'AT5G10330', 'AT5G63890']"
NEG::partial::0195,0,partial_pathway,synthetic_negative,"['AT1G01480', 'AT1G04310', 'AT1G05100', 'AT1G07430', 'AT1G09000', 'AT1G09090', 'AT1G10210', 'AT1G19230', 'AT1G20620', 'AT1G20630', 'AT1G32640', 'AT1G34245', 'AT1G43700', 'AT1G54490', 'AT1G54960', 'AT1G59580', 'AT1G63700', 'AT1G64060', 'AT1G66340', 'AT1G66410', 'AT1G72770', 'AT1G73500', 'AT1G73730', 'AT1G75830', 'AT1G78290', 'AT2G14610', 'AT2G18170', 'AT2G19190', 'AT2G19990', 'AT2G20875', 'AT2G23030', 'AT2G25490', 'AT2G26010', 'AT2G26070', 'AT2G26330', 'AT2G27030', 'AT2G27050', 'AT2G29380', 'AT2G38310', 'AT2G38470', 'AT2G40330', 'AT2G46070', 'AT3G06030', 'AT3G12500', 'AT3G21220', 'AT3G26830', 'AT3G43810', 'AT3G45640', 'AT3G50500', 'AT3G56800', 'AT3G61510', 'AT4G01370', 'AT4G09320', 'AT4G23550', 'AT4G33430', 'AT4G33720', 'AT4G33730', 'AT4G36450', 'AT4G40010', 'AT5G03280', 'AT5G03730', 'AT5G05440', 'AT5G07180', 'AT5G21120', 'AT5G21274', 'AT5G24770', 'AT5G25350', 'AT5G44790', 'AT5G46330', 'AT5G47910', 'AT5G49480', 'AT5G51060', 'AT5G53210', 'AT5G57050', 'AT5G62230', 'AT5G63310', 'AT5G65100']"
NEG::partial::0196,0,partial_pathway,synthetic_negative,"['AT2G32030', 'AT2G43020', 'AT3G22560', 'AT3G59050', 'AT4G29720', 'AT5G13700']"
NEG::partial::0197,0,partial_pathway,synthetic_negative,"['AT1G62800', 'AT1G62960', 'AT1G70560', 'AT2G22250', 'AT3G16150', 'AT4G00590', 'AT5G08100', 'AT5G11520', 'AT5G22300', 'AT5G61540']"
NEG::partial::0198,0,partial_pathway,synthetic_negative,"['AT1G28130', 'AT1G59500', 'AT2G14960', 'AT2G47750', 'AT4G27260', 'AT4G37390', 'AT5G13360', 'AT5G54510']"
NEG::partial::0199,0,partial_pathway,synthetic_negative,"['AT1G58440', 'AT2G22830', 'AT4G34650', 'AT5G24140', 'AT5G24150', 'AT5G24160']"
NEG::partial::0200,0,partial_pathway,synthetic_negative,"['AT1G78510', 'AT2G18620', 'AT2G18640', 'AT3G14530', 'AT3G20160', 'AT3G29430', 'AT3G32040', 'AT4G17190', 'AT4G36810', 'AT4G38460', 'AT5G47770']"
NEG::partial::0201,0,partial_pathway,synthetic_negative,"['AT1G36370', 'AT1G45191', 'AT1G60090', 'AT1G60260', 'AT1G60270', 'AT1G61810', 'AT1G61820', 'AT1G66270', 'AT1G66280', 'AT1G75940', 'AT2G25630', 'AT2G32860', 'AT2G44470', 'AT2G44480', 'AT2G44490', 'AT3G03640', 'AT3G09260', 'AT3G18070', 'AT3G44300', 'AT3G47000', 'AT3G47010', 'AT3G47040', 'AT3G47050', 'AT3G60140', 'AT3G61440', 'AT3G62740', 'AT3G62750', 'AT4G13890', 'AT4G13930', 'AT4G21760', 'AT4G22100', 'AT4G27820', 'AT4G37550', 'AT4G39640', 'AT4G39650', 'AT5G04885', 'AT5G08100', 'AT5G10300', 'AT5G20940', 'AT5G20950', 'AT5G24550', 'AT5G28510', 'AT5G35917', 'AT5G42260', 'AT5G44640']"
NEG::partial::0202,0,partial_pathway,synthetic_negative,"['AT2G25080', 'AT2G30860', 'AT2G31570', 'AT2G43350', 'AT2G48150', 'AT3G24170', 'AT4G11600', 'AT4G31870']"
NEG::partial::0203,0,partial_pathway,synthetic_negative,"['AT1G28960', 'AT1G55090', 'AT1G73540', 'AT2G04430', 'AT2G04440', 'AT2G22570', 'AT2G33980', 'AT4G25434', 'AT5G23230', 'AT5G45940', 'AT5G47650', 'AT5G55810']"
NEG::partial::0204,0,partial_pathway,synthetic_negative,"['AT1G15080', 'AT1G55180', 'AT2G01180', 'AT2G40116', 'AT2G46090', 'AT3G47290', 'AT3G55940', 'AT4G11830', 'AT4G11840', 'AT4G28130', 'AT4G30340', 'AT4G38530', 'AT5G58690', 'AT5G63770']"
NEG::partial::0205,0,partial_pathway,synthetic_negative,"['AT1G10070', 'AT3G48560', 'AT3G49680', 'AT3G58610', 'AT5G65780']"
NEG::partial::0206,0,partial_pathway,synthetic_negative,"['AT1G53280', 'AT2G38860', 'AT3G14990', 'AT3G54600', 'AT4G34020']"
NEG::partial::0207,0,partial_pathway,synthetic_negative,"['AT1G01610', 'AT1G32200', 'AT1G51260', 'AT1G64670', 'AT1G75020', 'AT2G38110', 'AT2G45150', 'AT3G11325', 'AT3G18850', 'AT3G47170', 'AT3G47630', 'AT3G57650', 'AT3G58830', 'AT4G01950', 'AT4G22340', 'AT4G30580', 'AT5G23110', 'AT5G56610', 'AT5G60620']"
NEG::partial::0208,0,partial_pathway,synthetic_negative,"['AT1G14150', 'AT1G20020', 'AT1G30510', 'AT1G43670', 'AT1G55670', 'AT1G56190', 'AT1G63290', 'AT1G67090', 'AT2G01140', 'AT2G01290', 'AT2G01918', 'AT2G21330', 'AT2G36460', 'AT2G45290', 'AT3G01440', 'AT3G04790', 'AT3G04880', 'AT3G05170', 'AT3G12780', 'AT3G50820', 'AT3G52930', 'AT3G54050', 'AT3G55440', 'AT3G55800', 'AT3G60750', 'AT4G02770', 'AT4G03280', 'AT4G05180', 'AT4G05390', 'AT4G26520', 'AT4G26530', 'AT4G37230', 'AT4G38970', 'AT5G03690', 'AT5G38420', 'AT5G61410', 'AT5G64380', 'AT5G66190', 'ATCG00210', 'ATMG00280']"
NEG::partial::0209,0,partial_pathway,synthetic_negative,"['AT1G17745', 'AT2G17630', 'AT3G19480', 'AT4G34200', 'AT4G35630']"
NEG::partial::0210,0,partial_pathway,synthetic_negative,"['AT1G70310', 'AT3G17717', 'AT5G15950', 'AT5G18930', 'AT5G53120']"
NEG::partial::0211,0,partial_pathway,synthetic_negative,"['AT1G08830', 'AT1G21864', 'AT2G30860', 'AT2G31570', 'AT2G43350', 'AT2G48150', 'AT3G10920', 'AT3G56350', 'AT3G62730', 'AT4G11600', 'AT5G18100']"
NEG::partial::0212,0,partial_pathway,synthetic_negative,"['AT1G75330', 'AT4G08870', 'AT4G08900', 'AT4G24830', 'AT5G10920']"
NEG::partial::0213,0,partial_pathway,synthetic_negative,"['AT1G44350', 'AT3G01900', 'AT3G02875', 'AT3G48520', 'AT5G07000', 'AT5G07010', 'AT5G63450']"
NEG::partial::0214,0,partial_pathway,synthetic_negative,"['AT2G31830', 'AT4G05090', 'AT4G18010', 'AT5G09290', 'AT5G63980', 'AT5G63990', 'AT5G64000']"
NEG::partial::0215,0,partial_pathway,synthetic_negative,"['AT1G12640', 'AT1G13560', 'AT1G52570', 'AT1G55180', 'AT1G63050', 'AT2G26870', 'AT2G42010', 'AT2G45670', 'AT3G03530', 'AT3G15730', 'AT3G16785', 'AT3G25585', 'AT3G48610', 'AT3G57140', 'AT4G11830', 'AT4G11840', 'AT4G35790', 'AT5G04040', 'AT5G25370']"
NEG::partial::0216,0,partial_pathway,synthetic_negative,"['AT1G30620', 'AT2G34850', 'AT3G28530', 'AT4G20460', 'AT5G44480']"
NEG::partial::0217,0,partial_pathway,synthetic_negative,"['AT1G69190', 'AT2G19180', 'AT2G21550', 'AT2G28880', 'AT3G21730', 'AT3G54970', 'AT4G24380', 'AT4G30000', 'AT4G34570', 'AT5G41480', 'AT5G57850', 'AT5G65400']"
NEG::partial::0218,0,partial_pathway,synthetic_negative,"['AT1G04620', 'AT1G30100', 'AT1G52340', 'AT3G14440', 'AT3G24220', 'AT3G42960', 'AT4G18350']"
NEG::partial::0219,0,partial_pathway,synthetic_negative,"['AT1G26380', 'AT1G26410', 'AT1G26420', 'AT1G58265', 'AT2G30770', 'AT4G20235', 'AT4G20800', 'AT4G31970']"
NEG::partial::0220,0,partial_pathway,synthetic_negative,"['AT1G07440', 'AT1G10310', 'AT1G62610', 'AT1G63380', 'AT2G04540', 'AT2G22230', 'AT3G45770', 'AT3G46170', 'AT3G55290', 'AT5G60335']"
NEG::partial::0221,0,partial_pathway,synthetic_negative,"['AT1G01600', 'AT1G02190', 'AT1G02205', 'AT1G11600', 'AT1G23240', 'AT1G34490', 'AT1G34500', 'AT1G34520', 'AT1G54570', 'AT1G57750', 'AT1G63710', 'AT1G69500', 'AT1G70670', 'AT1G70680', 'AT1G72110', 'AT1G72970', 'AT2G37700', 'AT2G38995', 'AT3G02030', 'AT3G10560', 'AT3G10570', 'AT3G11980', 'AT3G26840', 'AT3G44550', 'AT3G44560', 'AT3G48720', 'AT3G49190', 'AT3G49200', 'AT3G49210', 'AT4G00360', 'AT4G26740', 'AT4G33790', 'AT5G04630', 'AT5G04660', 'AT5G08250', 'AT5G12420', 'AT5G16350', 'AT5G22420', 'AT5G22490', 'AT5G22500', 'AT5G23190', 'AT5G51420', 'AT5G53380', 'AT5G53390', 'AT5G55240', 'AT5G55320', 'AT5G55330', 'AT5G55340', 'AT5G55360', 'AT5G63560']"
NEG::partial::0222,0,partial_pathway,synthetic_negative,"['AT1G04640', 'AT1G11860', 'AT1G21400', 'AT1G24180', 'AT1G32470', 'AT1G48030', 'AT1G54220', 'AT1G59900', 'AT2G26080', 'AT2G35120', 'AT3G13930', 'AT3G17240', 'AT3G52200', 'AT3G55410', 'AT4G16155', 'AT4G26910', 'AT5G09300', 'AT5G34780', 'AT5G50850', 'AT5G55070', 'AT5G65750']"
NEG::partial::0223,0,partial_pathway,synthetic_negative,"['AT1G01090', 'AT1G04640', 'AT1G11860', 'AT1G24180', 'AT1G30120', 'AT1G32470', 'AT1G34430', 'AT1G47578', 'AT1G54220', 'AT1G55510', 'AT1G59900', 'AT2G20860', 'AT2G26080', 'AT2G35120', 'AT2G35370', 'AT3G06850', 'AT3G13450', 'AT3G13930', 'AT3G17240', 'AT3G52200', 'AT3G55410', 'AT4G16155', 'AT4G31050', 'AT4G33010', 'AT5G09300', 'AT5G34780', 'AT5G50850', 'AT5G55070']"
NEG::partial::0224,0,partial_pathway,synthetic_negative,"['AT2G16370', 'AT2G19570', 'AT2G24180', 'AT3G26290', 'AT3G26320', 'AT3G26330', 'AT3G53305', 'AT3G60961', 'AT4G29570', 'AT4G29600', 'AT4G29610', 'AT4G29630', 'AT4G29640', 'AT5G23070', 'AT5G25180', 'AT5G26667', 'AT5G59440']"
NEG::partial::0225,0,partial_pathway,synthetic_negative,"['AT1G20490', 'AT1G20500', 'AT1G24735', 'AT1G62940', 'AT1G67980', 'AT3G21230', 'AT3G48990', 'AT3G61990', 'AT3G62000', 'AT4G05160', 'AT4G23340', 'AT4G34050', 'AT5G38120']"
NEG::partial::0226,0,partial_pathway,synthetic_negative,"['AT2G17370', 'AT4G11820', 'AT5G16440', 'AT5G27450', 'AT5G47720']"
NEG::partial::0227,0,partial_pathway,synthetic_negative,"['AT1G05675', 'AT1G05680', 'AT2G15480', 'AT2G36750', 'AT2G36790']"
NEG::partial::0228,0,partial_pathway,synthetic_negative,"['AT2G43100', 'AT3G49680', 'AT4G13430', 'AT5G14200', 'AT5G23020']"
NEG::partial::0229,0,partial_pathway,synthetic_negative,"['AT1G62960', 'AT1G70560', 'AT4G31990', 'AT5G19550', 'AT5G51690']"
NEG::partial::0230,0,partial_pathway,synthetic_negative,"['AT1G11600', 'AT3G03470', 'AT3G10560', 'AT3G10570', 'AT5G04630']"
NEG::partial::0231,0,partial_pathway,synthetic_negative,"['AT1G17290', 'AT1G23310', 'AT1G29900', 'AT1G36280', 'AT1G48470', 'AT1G62800', 'AT1G65960', 'AT1G66200', 'AT1G70580', 'AT1G72330', 'AT1G79440', 'AT2G02000', 'AT2G02010', 'AT2G13360', 'AT2G30970', 'AT2G38400', 'AT3G03910', 'AT3G08860', 'AT3G16150', 'AT3G17760', 'AT3G17820', 'AT3G20330', 'AT3G27740', 'AT3G47340', 'AT4G18440', 'AT4G31990', 'AT4G34740', 'AT4G38880', 'AT4G39660', 'AT5G07440', 'AT5G08100', 'AT5G10920', 'AT5G12040', 'AT5G14760', 'AT5G16570', 'AT5G17330', 'AT5G18170', 'AT5G19550', 'AT5G35630', 'AT5G53460']"
NEG::partial::0232,0,partial_pathway,synthetic_negative,"['AT1G25410', 'AT1G67110', 'AT1G68460', 'AT3G19160', 'AT3G23630', 'AT3G63110', 'AT5G19040']"
NEG::partial::0233,0,partial_pathway,synthetic_negative,"['AT1G31190', 'AT3G02870', 'AT4G39120', 'AT4G39800', 'AT5G10170']"
NEG::partial::0234,0,partial_pathway,synthetic_negative,"['AT1G55920', 'AT2G17640', 'AT3G13110', 'AT4G35640', 'AT5G56760']"
NEG::partial::0235,0,partial_pathway,synthetic_negative,"['AT1G31230', 'AT1G62800', 'AT1G70560', 'AT1G72810', 'AT2G22250', 'AT4G29840', 'AT4G35295', 'AT5G11520', 'AT5G13280', 'AT5G14060', 'AT5G21060', 'AT5G51690']"
NEG::partial::0236,0,partial_pathway,synthetic_negative,"['AT1G23820', 'AT3G17717', 'AT5G15950', 'AT5G18930', 'AT5G53120']"
NEG::partial::0237,0,partial_pathway,synthetic_negative,"['AT1G10310', 'AT1G63380', 'AT2G05990', 'AT2G22230', 'AT3G45770', 'AT3G46170', 'AT3G55290', 'AT5G10160', 'AT5G60335', 'AT5G64250']"
NEG::partial::0238,0,partial_pathway,synthetic_negative,"['AT1G72040', 'AT2G16370', 'AT2G19570', 'AT3G07800', 'AT3G26290', 'AT3G26300', 'AT3G26330', 'AT4G29570', 'AT4G29580', 'AT4G29600', 'AT4G29640', 'AT4G29650', 'AT4G34570', 'AT5G25120', 'AT5G25130', 'AT5G25140']"
NEG::partial::0239,0,partial_pathway,synthetic_negative,"['AT1G02140', 'AT1G10430', 'AT1G11400', 'AT1G12920', 'AT1G13120', 'AT1G13320', 'AT1G13460', 'AT1G15200', 'AT1G16610', 'AT1G17720', 'AT1G17760', 'AT1G17980', 'AT1G27595', 'AT1G30460', 'AT1G33980', 'AT1G34140', 'AT1G49760', 'AT1G51510', 'AT1G58470', 'AT1G59830', 'AT1G64040', 'AT1G66260', 'AT1G69960', 'AT1G71770', 'AT1G71800', 'AT1G73820', 'AT2G13540', 'AT2G29210', 'AT2G39260', 'AT2G39840', 'AT2G45640', 'AT3G05580', 'AT3G19760', 'AT3G21650', 'AT3G26020', 'AT3G26030', 'AT3G26618', 'AT3G52150', 'AT3G58500', 'AT4G04885', 'AT4G11240', 'AT4G15415', 'AT4G27650', 'AT4G34110', 'AT5G02530', 'AT5G03470', 'AT5G10350', 'AT5G10630', 'AT5G11200', 'AT5G14530', 'AT5G18440', 'AT5G18580', 'AT5G25510', 'AT5G27840', 'AT5G28900', 'AT5G37720', 'AT5G43620', 'AT5G47880', 'AT5G51660', 'AT5G55550', 'AT5G59160', 'AT5G59950', 'AT5G60940', 'AT5G66240']"
NEG::partial::0240,0,partial_pathway,synthetic_negative,"['AT1G48850', 'AT1G48860', 'AT2G45300', 'AT4G39540', 'AT5G66120']"
NEG::partial::0241,0,partial_pathway,synthetic_negative,"['AT1G28430', 'AT3G20090', 'AT3G20110', 'AT4G15330', 'AT4G15340']"
NEG::partial::0242,0,partial_pathway,synthetic_negative,"['AT1G03030', 'AT1G30820', 'AT1G55810', 'AT2G19570', 'AT3G10030', 'AT3G12670', 'AT3G18680', 'AT3G27190', 'AT3G27440', 'AT3G60180', 'AT3G60961', 'AT4G20320', 'AT4G25280', 'AT4G29570', 'AT4G29580', 'AT4G29630', 'AT4G29650', 'AT5G26667', 'AT5G40870']"
NEG::partial::0243,0,partial_pathway,synthetic_negative,"['AT1G53240', 'AT2G05710', 'AT2G22780', 'AT2G44350', 'AT3G15020', 'AT3G53910', 'AT3G58740', 'AT3G58750', 'AT4G26970', 'AT4G35830', 'AT5G43330', 'AT5G54950']"
NEG::partial::0244,0,partial_pathway,synthetic_negative,"['AT1G55920', 'AT2G17640', 'AT3G13110', 'AT4G35640', 'AT5G56760']"
NEG::partial::0245,0,partial_pathway,synthetic_negative,"['AT1G01280', 'AT1G01600', 'AT1G04290', 'AT1G20560', 'AT1G52191', 'AT1G62940', 'AT1G64400', 'AT1G77590', 'AT2G30720', 'AT2G45970', 'AT3G05970', 'AT3G09405', 'AT3G11980', 'AT3G16175', 'AT3G44550', 'AT3G44560', 'AT3G48520', 'AT3G60060', 'AT4G00520', 'AT4G10030', 'AT4G11030', 'AT4G33790', 'AT5G22500', 'AT5G48370']"
NEG::partial::0246,0,partial_pathway,synthetic_negative,"['AT1G12350', 'AT1G48605', 'AT2G17320', 'AT2G27490', 'AT2G46110', 'AT3G18030', 'AT3G61530', 'AT5G02080']"
NEG::partial::0247,0,partial_pathway,synthetic_negative,"['AT1G06730', 'AT1G08940', 'AT1G09780', 'AT1G16300', 'AT1G19600', 'AT1G43670', 'AT1G74030', 'AT1G78050', 'AT1G79530', 'AT1G79550', 'AT2G01140', 'AT2G21330', 'AT2G22480', 'AT2G29560', 'AT2G36460', 'AT2G36530', 'AT2G36580', 'AT3G04050', 'AT3G04120', 'AT3G08590', 'AT3G12780', 'AT3G25960', 'AT3G30841', 'AT3G49160', 'AT3G52930', 'AT3G52990', 'AT3G54050', 'AT3G55810', 'AT4G09520', 'AT4G24620', 'AT4G26270', 'AT4G26530', 'AT4G29220', 'AT4G32840', 'AT4G38970', 'AT5G42740', 'AT5G47810', 'AT5G56350', 'AT5G56630', 'AT5G61580', 'AT5G62840', 'AT5G63680', 'AT5G64380']"
NEG::partial::0248,0,partial_pathway,synthetic_negative,"['AT1G01480', 'AT1G04310', 'AT1G05100', 'AT1G07430', 'AT1G09090', 'AT1G12280', 'AT1G17550', 'AT1G19230', 'AT1G20620', 'AT1G32640', 'AT1G34245', 'AT1G54490', 'AT1G60940', 'AT1G64060', 'AT1G66410', 'AT1G73500', 'AT1G73730', 'AT1G75830', 'AT2G14580', 'AT2G18170', 'AT2G19190', 'AT2G19990', 'AT2G26010', 'AT2G26020', 'AT2G26040', 'AT2G26330', 'AT2G29380', 'AT2G30250', 'AT2G32510', 'AT2G38310', 'AT2G38470', 'AT2G40940', 'AT2G41090', 'AT2G41110', 'AT2G43790', 'AT2G46070', 'AT3G06110', 'AT3G11410', 'AT3G18040', 'AT3G18690', 'AT3G19690', 'AT3G21220', 'AT3G23240', 'AT3G25250', 'AT3G45640', 'AT3G50500', 'AT3G56800', 'AT4G01026', 'AT4G01370', 'AT4G08480', 'AT4G09320', 'AT4G11230', 'AT4G11330', 'AT4G18620', 'AT4G23550', 'AT4G27920', 'AT4G29810', 'AT4G33520', 'AT4G33710', 'AT4G33730', 'AT4G33950', 'AT4G40010', 'AT5G03280', 'AT5G03730', 'AT5G05440', 'AT5G07390', 'AT5G08590', 'AT5G21274', 'AT5G21930', 'AT5G24770', 'AT5G40440', 'AT5G44430', 'AT5G45870', 'AT5G46790', 'AT5G49480', 'AT5G53160', 'AT5G53210', 'AT5G62230', 'AT5G63310', 'AT5G63650', 'AT5G65100', 'AT5G66880']"
NEG::partial::0249,0,partial_pathway,synthetic_negative,"['AT1G10680', 'AT1G15210', 'AT1G15520', 'AT1G17840', 'AT1G28010', 'AT1G31770', 'AT1G51500', 'AT1G53270', 'AT1G59870', 'AT1G66950', 'AT1G71960', 'AT2G07680', 'AT2G13610', 'AT2G26910', 'AT2G29940', 'AT2G36380', 'AT2G39480', 'AT2G47000', 'AT3G13220', 'AT3G25620', 'AT3G28345', 'AT3G28360', 'AT3G28380', 'AT3G28415', 'AT3G28860', 'AT3G30842', 'AT3G52310', 'AT3G53480', 'AT3G55320', 'AT3G62150', 'AT4G01820', 'AT4G15230', 'AT4G15236', 'AT4G18050', 'AT4G25450', 'AT4G25960', 'AT4G28620', 'AT4G28630', 'AT4G39850', 'AT5G06530', 'AT5G13580', 'AT5G19410', 'AT5G52860']"
NEG::partial::0250,0,partial_pathway,synthetic_negative,"['AT1G20480', 'AT1G20500', 'AT1G20510', 'AT1G24735', 'AT1G51680', 'AT1G62940', 'AT1G67990', 'AT1G74540', 'AT1G74550', 'AT3G21240', 'AT3G61990', 'AT4G34050', 'AT5G09970', 'AT5G38120', 'AT5G57840', 'AT5G63380']"
NEG::partial::0251,0,partial_pathway,synthetic_negative,"['AT1G16460', 'AT1G79230', 'AT2G17850', 'AT5G66040', 'AT5G66170']"
NEG::partial::0252,0,partial_pathway,synthetic_negative,"['AT1G02920', 'AT1G02930', 'AT1G02940', 'AT1G02950', 'AT1G09420', 'AT1G19550', 'AT1G24280', 'AT1G27130', 'AT1G27140', 'AT1G44790', 'AT1G49860', 'AT1G63460', 'AT1G63770', 'AT1G65820', 'AT1G69920', 'AT1G70310', 'AT1G75270', 'AT1G77490', 'AT1G78340', 'AT1G78360', 'AT2G24200', 'AT2G29470', 'AT2G29490', 'AT2G30870', 'AT2G31570', 'AT2G43350', 'AT3G02360', 'AT3G09270', 'AT3G24170', 'AT3G27060', 'AT3G27300', 'AT3G43800', 'AT3G54660', 'AT3G55040', 'AT3G63080', 'AT4G08390', 'AT4G11600', 'AT4G23100', 'AT4G29210', 'AT4G30910', 'AT4G30920', 'AT4G31290', 'AT4G31870', 'AT4G32320', 'AT4G39640', 'AT4G39650', 'AT5G02780', 'AT5G02790', 'AT5G13110', 'AT5G14590', 'AT5G17220', 'AT5G26220', 'AT5G27380', 'AT5G40760', 'AT5G41210', 'AT5G41220', 'AT5G41240', 'AT5G41670', 'AT5G62480']"
NEG::partial::0253,0,partial_pathway,synthetic_negative,"['AT1G12160', 'AT1G12200', 'AT1G24100', 'AT1G62560', 'AT1G62580', 'AT1G62620', 'AT1G63340', 'AT1G65860', 'AT1G74090', 'AT1G74100', 'AT2G23960', 'AT4G23600', 'AT4G30530', 'AT4G30540', 'AT4G30550', 'AT4G39640', 'AT4G39650', 'AT5G07800']"
NEG::partial::0254,0,partial_pathway,synthetic_negative,"['AT1G11755', 'AT1G17050', 'AT1G26640', 'AT1G31910', 'AT1G76490', 'AT1G78510', 'AT2G17570', 'AT2G18620', 'AT2G18640', 'AT2G23400', 'AT2G23410', 'AT2G23800', 'AT2G26930', 'AT2G34630', 'AT2G36305', 'AT3G02410', 'AT3G02780', 'AT3G14510', 'AT3G14530', 'AT3G14550', 'AT3G20160', 'AT3G21500', 'AT3G29430', 'AT3G54250', 'AT4G01320', 'AT4G17190', 'AT4G34350', 'AT4G38460', 'AT5G11380', 'AT5G15860', 'AT5G23320', 'AT5G47720', 'AT5G48230', 'AT5G58560', 'AT5G58770', 'AT5G58780', 'AT5G58784', 'AT5G60600', 'AT5G62790', 'AT5G63910']"
NEG::partial::0255,0,partial_pathway,synthetic_negative,"['AT1G70560', 'AT1G80360', 'AT4G28420', 'AT5G36160', 'AT5G51690']"
NEG::partial::0256,0,partial_pathway,synthetic_negative,"['AT1G08830', 'AT1G47980', 'AT2G28190', 'AT3G10920', 'AT3G56350', 'AT4G25100', 'AT5G18100', 'AT5G23310', 'AT5G51100']"
NEG::partial::0257,0,partial_pathway,synthetic_negative,"['AT1G54870', 'AT1G65560', 'AT2G21250', 'AT2G24190', 'AT2G37760', 'AT2G37790', 'AT3G03980', 'AT3G53880', 'AT3G61220']"
NEG::partial::0258,0,partial_pathway,synthetic_negative,"['AT1G01360', 'AT1G01740', 'AT1G03445', 'AT1G03970', 'AT1G04100', 'AT1G04180', 'AT1G04240', 'AT1G04250', 'AT1G04310', 'AT1G04610', 'AT1G06390', 'AT1G07430', 'AT1G08320', 'AT1G09530', 'AT1G10470', 'AT1G12820', 'AT1G13590', 'AT1G14920', 'AT1G15050', 'AT1G15580', 'AT1G16510', 'AT1G17380', 'AT1G17550', 'AT1G18890', 'AT1G19050', 'AT1G19180', 'AT1G19220', 'AT1G19350', 'AT1G20470', 'AT1G21430', 'AT1G22070', 'AT1G23320', 'AT1G27320', 'AT1G28130', 'AT1G29420', 'AT1G29430', 'AT1G29440', 'AT1G29450', 'AT1G29460', 'AT1G29490', 'AT1G29510', 'AT1G30330', 'AT1G34170', 'AT1G34310', 'AT1G34390', 'AT1G34410', 'AT1G35240', 'AT1G35520', 'AT1G35540', 'AT1G43950', 'AT1G48470', 'AT1G48500', 'AT1G48660', 'AT1G48670', 'AT1G49720', 'AT1G50060', 'AT1G50700', 'AT1G50990', 'AT1G51660', 'AT1G52830', 'AT1G56150', 'AT1G59500', 'AT1G59750', 'AT1G60940', 'AT1G63500', 'AT1G66200', 'AT1G66340', 'AT1G66350', 'AT1G66410', 'AT1G67710', 'AT1G68210', 'AT1G68640', 'AT1G70560', 'AT1G70700', 'AT1G72770', 'AT1G73000', 'AT1G73730', 'AT1G74740', 'AT1G75080', 'AT1G75580', 'AT1G75590', 'AT1G76190', 'AT1G77690', 'AT1G77850', 'AT1G77920', 'AT1G78290', 'AT1G80100', 'AT1G80390', 'AT1G80660', 'AT2G01820', 'AT2G01830', 'AT2G02220', 'AT2G07560', 'AT2G14960', 'AT2G17090', 'AT2G17290', 'AT2G17770', 'AT2G17890', 'AT2G19990', 'AT2G21200', 'AT2G21220', 'AT2G22670', 'AT2G22860', 'AT2G23030', 'AT2G23170', 'AT2G26040', 'AT2G27030', 'AT2G27050', 'AT2G28085', 'AT2G28830', 'AT2G29380', 'AT2G30980', 'AT2G31500', 'AT2G33230', 'AT2G33310', 'AT2G33860', 'AT2G35890', 'AT2G36210', 'AT2G37030', 'AT2G38120', 'AT2G38310', 'AT2G39940', 'AT2G40330', 'AT2G40670', 'AT2G40940', 'AT2G41070', 'AT2G41090', 'AT2G41140', 'AT2G41860', 'AT2G43010', 'AT2G43790', 'AT2G45210', 'AT2G46530', 'AT2G46690', 'AT2G46700', 'AT2G46990', 'AT3G03450', 'AT3G03820', 'AT3G03850', 'AT3G04580', 'AT3G04730', 'AT3G09870', 'AT3G10660', 'AT3G12250', 'AT3G15540', 'AT3G16360', 'AT3G16500', 'AT3G16857', 'AT3G17600', 'AT3G17820', 'AT3G19100', 'AT3G19690', 'AT3G20220', 'AT3G20410', 'AT3G20770', 'AT3G21220', 'AT3G21510', 'AT3G23030', 'AT3G23050', 'AT3G23150', 'AT3G23240', 'AT3G23750', 'AT3G26810', 'AT3G42640', 'AT3G43120', 'AT3G43440', 'AT3G43810', 'AT3G44460', 'AT3G45640', 'AT3G48100', 'AT3G49370', 'AT3G49780', 'AT3G50070', 'AT3G50500', 'AT3G50530', 'AT3G50750', 'AT3G51850', 'AT3G56380', 'AT3G56760', 'AT3G56800', 'AT3G57040', 'AT3G57130', 'AT3G57530', 'AT3G59060', 'AT3G60330', 'AT3G61830', 'AT3G61900', 'AT3G62090', 'AT3G62100', 'AT3G62670', 'AT3G62980', 'AT4G00050', 'AT4G00710', 'AT4G00880', 'AT4G01026', 'AT4G02980', 'AT4G03190', 'AT4G03400', 'AT4G04402', 'AT4G04700', 'AT4G04740', 'AT4G09530', 'AT4G13260', 'AT4G13790', 'AT4G14550', 'AT4G14560', 'AT4G16110', 'AT4G17870', 'AT4G18620', 'AT4G18710', 'AT4G19660', 'AT4G21940', 'AT4G22620', 'AT4G23980', 'AT4G24210', 'AT4G24670', 'AT4G26150', 'AT4G27260', 'AT4G28720', 'AT4G28790', 'AT4G28800', 'AT4G28811', 'AT4G29080', 'AT4G30190', 'AT4G31320', 'AT4G31920', 'AT4G32280', 'AT4G33710', 'AT4G33720', 'AT4G33730', 'AT4G34160', 'AT4G34750', 'AT4G34760', 'AT4G34770', 'AT4G34780', 'AT4G34790', 'AT4G34800', 'AT4G34810', 'AT4G35230', 'AT4G35310', 'AT4G35900', 'AT4G36110', 'AT4G36780', 'AT4G37390', 'AT4G37720', 'AT4G38825', 'AT4G38840', 'AT4G40010', 'AT5G01240', 'AT5G03280', 'AT5G04870', 'AT5G05440', 'AT5G06839', 'AT5G06950', 'AT5G06960', 'AT5G07210', 'AT5G08590', 'AT5G10030', 'AT5G10120', 'AT5G10990', 'AT5G11320', 'AT5G12180', 'AT5G13320', 'AT5G13350', 'AT5G13360', 'AT5G13370', 'AT5G13380', 'AT5G16570', 'AT5G18020', 'AT5G18030', 'AT5G18050', 'AT5G18060', 'AT5G19360', 'AT5G19450', 'AT5G20730', 'AT5G20810', 'AT5G20900', 'AT5G21120', 'AT5G21274', 'AT5G24430', 'AT5G25350', 'AT5G25890', 'AT5G27320', 'AT5G27780', 'AT5G35630', 'AT5G35750', 'AT5G37600', 'AT5G37780', 'AT5G39340', 'AT5G41260', 'AT5G42340', 'AT5G42750', 'AT5G43700', 'AT5G43890', 'AT5G45860', 'AT5G47220', 'AT5G49240', 'AT5G49480', 'AT5G50760', 'AT5G51470', 'AT5G51760', 'AT5G53160', 'AT5G53890', 'AT5G56860', 'AT5G57050', 'AT5G57350', 'AT5G58080', 'AT5G60450', 'AT5G61270', 'AT5G62000', 'AT5G62670', 'AT5G62920', 'AT5G63650', 'AT5G65210', 'AT5G65670', 'AT5G65870', 'AT5G66210', 'AT5G66880', 'AT5G67260']"
NEG::partial::0259,0,partial_pathway,synthetic_negative,"['AT2G19940', 'AT2G22910', 'AT3G57560', 'AT4G17830', 'AT4G37670', 'AT5G67430']"
NEG::partial::0260,0,partial_pathway,synthetic_negative,"['AT1G62960', 'AT1G70560', 'AT1G80360', 'AT4G33070', 'AT5G51690', 'AT5G53970', 'AT5G54960']"
NEG::partial::0261,0,partial_pathway,synthetic_negative,"['AT1G04040', 'AT1G08940', 'AT1G25230', 'AT1G52940', 'AT1G54780', 'AT1G56360', 'AT2G01880', 'AT2G18130', 'AT3G07130', 'AT3G17790', 'AT3G20500', 'AT3G46120', 'AT3G52810', 'AT4G13700', 'AT4G29260', 'AT4G36350', 'AT5G24780', 'AT5G34850', 'AT5G44020', 'AT5G50400']"
NEG::partial::0262,0,partial_pathway,synthetic_negative,"['AT2G43360', 'AT4G05450', 'AT4G21090', 'AT5G57590', 'AT5G65720']"
NEG::partial::0263,0,partial_pathway,synthetic_negative,"['AT1G24735', 'AT1G67980', 'AT1G67990', 'AT3G61990', 'AT3G62000', 'AT4G23340', 'AT4G26220', 'AT4G34050', 'AT5G12270']"
NEG::partial::0264,0,partial_pathway,synthetic_negative,"['AT1G01390', 'AT1G01420', 'AT1G05675', 'AT1G07250', 'AT1G07260', 'AT2G15480', 'AT2G23260', 'AT2G29740', 'AT2G36790', 'AT2G36800', 'AT3G21760', 'AT3G21790', 'AT3G21800', 'AT3G46670', 'AT3G50740', 'AT4G15280', 'AT4G34131', 'AT4G34135', 'AT5G05860', 'AT5G59590', 'AT5G66690']"
NEG::partial::0265,0,partial_pathway,synthetic_negative,"['AT1G11880', 'AT1G16040', 'AT1G16560', 'AT1G53710', 'AT1G57600', 'AT1G63110', 'AT1G74340', 'AT2G34980', 'AT3G27325', 'AT3G58130', 'AT4G17910', 'AT5G17250', 'AT5G19130', 'AT5G22130', 'AT5G62130']"
NEG::partial::0266,0,partial_pathway,synthetic_negative,"['AT1G05620', 'AT1G14240', 'AT1G14250', 'AT1G16350', 'AT1G27450', 'AT1G30820', 'AT1G36280', 'AT1G55810', 'AT1G63660', 'AT1G71750', 'AT1G72880', 'AT1G73980', 'AT1G79470', 'AT1G80050', 'AT2G16370', 'AT2G19570', 'AT2G34890', 'AT2G36310', 'AT2G38280', 'AT2G41880', 'AT3G01820', 'AT3G04080', 'AT3G06200', 'AT3G07800', 'AT3G09820', 'AT3G12670', 'AT3G18680', 'AT3G27060', 'AT3G27190', 'AT3G27440', 'AT3G48540', 'AT3G57550', 'AT3G57610', 'AT3G60180', 'AT4G02120', 'AT4G09320', 'AT4G11010', 'AT4G12440', 'AT4G13720', 'AT4G14930', 'AT4G18440', 'AT4G20320', 'AT4G22570', 'AT4G23900', 'AT4G25280', 'AT4G29570', 'AT4G29620', 'AT4G29630', 'AT4G29640', 'AT4G34570', 'AT5G03300', 'AT5G11160', 'AT5G18280', 'AT5G35170', 'AT5G40870', 'AT5G47840', 'AT5G59440', 'AT5G60340', 'AT5G63310']"
NEG::partial::0267,0,partial_pathway,synthetic_negative,"['AT1G02050', 'AT1G04380', 'AT1G06645', 'AT1G53520', 'AT1G79760', 'AT2G36690', 'AT3G19000', 'AT3G19010', 'AT3G51240', 'AT3G55120', 'AT3G63170', 'AT4G00040', 'AT4G10500', 'AT5G07480', 'AT5G07990', 'AT5G13930', 'AT5G43450', 'AT5G48020', 'AT5G59540', 'AT5G63580', 'AT5G63600', 'AT5G66230']"
NEG::partial::0268,0,partial_pathway,synthetic_negative,"['AT1G24735', 'AT1G67980', 'AT2G19070', 'AT4G26220', 'AT4G34050', 'AT5G48930']"
NEG::random::0001,0,random_gene_set,synthetic_negative,"['AT1G11010', 'AT1G47840', 'AT1G56340', 'AT1G67070', 'AT1G70580', 'AT2G07734', 'AT3G12830', 'AT3G30775', 'AT3G59950', 'AT4G01020', 'AT5G09510', 'AT5G12200', 'AT5G13920', 'AT5G24350']"
NEG::random::0002,0,random_gene_set,synthetic_negative,"['AT1G06030', 'AT1G11720', 'AT1G16225', 'AT1G17720', 'AT1G34260', 'AT1G48140', 'AT1G58983', 'AT1G66550', 'AT2G20610', 'AT2G24850', 'AT2G41110', 'AT2G46440', 'AT3G13200', 'AT3G18070', 'AT3G21540', 'AT3G45300', 'AT3G51680', 'AT3G56700', 'AT4G04610', 'AT4G08480', 'AT4G18725', 'AT4G27490', 'AT5G04180', 'AT5G04920', 'AT5G11130', 'AT5G41700', 'AT5G42870', 'AT5G58782', 'AT5G60940']"
NEG::random::0003,0,random_gene_set,synthetic_negative,"['AT1G02050', 'AT1G03000', 'AT1G19850', 'AT1G57150', 'AT1G58080', 'AT1G64660', 'AT1G72680', 'AT1G75780', 'AT2G19750', 'AT3G03630', 'AT3G05190', 'AT3G07040', 'AT3G07830', 'AT3G18690', 'AT3G49100', 'AT3G53120', 'AT3G54090', 'AT3G59650', 'AT4G05020', 'AT4G11030', 'AT4G16475', 'AT4G21460', 'AT5G01600', 'AT5G04920', 'AT5G20852', 'AT5G37680', 'AT5G49435', 'AT5G66005']"
NEG::random::0004,0,random_gene_set,synthetic_negative,"['AT1G09830', 'AT1G11755', 'AT1G13180', 'AT1G35240', 'AT1G49390', 'AT1G54440', 'AT1G60430', 'AT1G76380', 'AT1G77470', 'AT2G01010', 'AT2G15430', 'AT2G18730', 'AT2G19500', 'AT2G21580', 'AT2G25710', 'AT2G27020', 'AT2G29310', 'AT3G23840', 'AT3G51680', 'AT3G53900', 'AT3G57000', 'AT3G59950', 'AT4G01820', 'AT4G29820', 'AT5G08260', 'AT5G08335', 'AT5G12180', 'AT5G41670', 'AT5G60620', 'AT5G66680']"
NEG::random::0005,0,random_gene_set,synthetic_negative,"['AT1G01340', 'AT1G15110', 'AT1G22300', 'AT1G33750', 'AT1G49570', 'AT1G73820', 'AT2G05315', 'AT2G17640', 'AT2G26640', 'AT2G34500', 'AT2G34520', 'AT2G41140', 'AT2G47000', 'AT3G10090', 'AT3G60140', 'AT4G00651', 'AT4G20870', 'AT4G22570', 'AT4G26385', 'AT4G28320', 'AT4G32410', 'AT5G07625', 'AT5G13190', 'AT5G49890', 'AT5G51970']"
NEG::random::0006,0,random_gene_set,synthetic_negative,"['AT1G76090', 'AT2G22140', 'AT2G43590', 'AT5G15400', 'AT5G52270']"
NEG::random::0007,0,random_gene_set,synthetic_negative,"['AT1G04620', 'AT1G29965', 'AT2G13540', 'AT3G61111', 'AT4G14430', 'AT4G34415', 'AT5G13320', 'AT5G37170', 'AT5G37890', 'AT5G65274']"
NEG::random::0008,0,random_gene_set,synthetic_negative,"['AT1G56800', 'AT1G71340', 'AT1G72330', 'AT1G76550', 'AT1G79210', 'AT2G14580', 'AT2G18760', 'AT2G34480', 'AT3G03120', 'AT3G06530', 'AT3G17470', 'AT3G20060', 'AT3G20885', 'AT4G01250', 'AT4G14040', 'AT4G20360', 'AT4G26483', 'AT4G27490', 'AT4G28790', 'AT4G33820', 'AT5G02615', 'AT5G14060', 'AT5G15140', 'AT5G21930', 'AT5G47030', 'AT5G50210', 'AT5G62573', 'AT5G65940']"
NEG::random::0009,0,random_gene_set,synthetic_negative,"['AT1G26400', 'AT1G54490', 'AT1G61880', 'AT1G63440', 'AT1G63790', 'AT1G64910', 'AT1G66270', 'AT3G25530', 'AT3G44310', 'AT3G48000', 'AT3G49360', 'AT4G10040', 'AT4G32210', 'AT5G14950', 'AT5G49730', 'AT5G63670']"
NEG::random::0010,0,random_gene_set,synthetic_negative,"['AT1G05790', 'AT1G18090', 'AT1G19050', 'AT1G53000', 'AT1G57390', 'AT1G62610', 'AT1G65860', 'AT2G03750', 'AT2G30680', 'AT3G06320', 'AT3G14940', 'AT4G21540', 'AT5G02500', 'AT5G50420']"
NEG::random::0011,0,random_gene_set,synthetic_negative,"['AT1G03905', 'AT1G04263', 'AT1G05660', 'AT1G28490', 'AT1G28750', 'AT1G31190', 'AT1G50840', 'AT3G02335', 'AT3G03600', 'AT3G08850', 'AT3G57510', 'AT4G20235', 'AT4G31580', 'AT5G13580', 'AT5G14220', 'AT5G20840', 'AT5G25120', 'AT5G47220', 'AT5G53360']"
NEG::random::0012,0,random_gene_set,synthetic_negative,"['AT1G03130', 'AT1G04250', 'AT1G11010', 'AT1G22360', 'AT1G22770', 'AT1G29965', 'AT1G48930', 'AT1G51590', 'AT1G52740', 'AT1G70680', 'AT2G05120', 'AT2G18560', 'AT2G38380', 'AT3G44680', 'AT3G62285', 'AT4G18800', 'AT4G26750', 'AT5G08180', 'AT5G17040', 'AT5G23990', 'AT5G27670', 'AT5G42190', 'AT5G42470', 'AT5G50680', 'AT5G60670']"
NEG::random::0013,0,random_gene_set,synthetic_negative,"['AT1G05800', 'AT1G11550', 'AT1G14620', 'AT1G28950', 'AT1G28970', 'AT1G43710', 'AT1G56600', 'AT1G57410', 'AT2G02900', 'AT2G18510', 'AT2G27070', 'AT2G30000', 'AT2G36690', 'AT3G20410', 'AT3G44300', 'AT3G53580', 'AT3G62710', 'AT3G62730', 'AT3G62860', 'AT4G26770', 'AT5G03730', 'AT5G49720', 'AT5G52560']"
NEG::random::0014,0,random_gene_set,synthetic_negative,"['AT1G01280', 'AT1G06610', 'AT1G52500', 'AT1G54210', 'AT1G77530', 'AT1G78060', 'AT1G78290', 'AT2G23820', 'AT2G43080', 'AT3G03750', 'AT3G03845', 'AT3G15160', 'AT4G34035', 'AT5G01400', 'AT5G02410', 'AT5G10240', 'AT5G51900', 'ATMG00270']"
NEG::random::0015,0,random_gene_set,synthetic_negative,"['AT1G20170', 'AT1G28880', 'AT1G31220', 'AT1G59940', 'AT1G77590', 'AT2G22640', 'AT2G43890', 'AT3G48270']"
NEG::random::0016,0,random_gene_set,synthetic_negative,"['AT1G10930', 'AT1G22740', 'AT1G34500', 'AT1G55290', 'AT1G55540', 'AT1G62660', 'AT1G63780', 'AT2G23930', 'AT2G28760', 'AT2G37040', 'AT2G37360', 'AT2G41410', 'AT2G44660', 'AT3G14610', 'AT3G15710', 'AT3G58790', 'AT4G18800', 'AT4G20440', 'AT4G26220', 'AT4G36450', 'AT4G39195', 'AT5G02490', 'AT5G50430', 'AT5G67240']"
NEG::random::0017,0,random_gene_set,synthetic_negative,"['AT2G17930', 'AT2G19690', 'AT2G47000', 'AT3G50360', 'AT4G35150', 'AT5G09490', 'AT5G44030', 'AT5G48000']"
NEG::random::0018,0,random_gene_set,synthetic_negative,"['AT1G01560', 'AT1G53930', 'AT1G54570', 'AT4G34131', 'AT5G37000', 'AT5G41150', 'AT5G63595']"
NEG::random::0019,0,random_gene_set,synthetic_negative,"['AT1G17660', 'AT1G32300', 'AT1G53390', 'AT1G54320', 'AT2G21730', 'AT3G05260', 'AT3G15290', 'AT3G20960', 'AT3G44190', 'AT4G13000', 'AT5G12980', 'AT5G14220', 'AT5G40080', 'AT5G43620', 'AT5G49460']"
NEG::random::0020,0,random_gene_set,synthetic_negative,"['AT1G47600', 'AT1G63940', 'AT2G33100', 'AT2G33940', 'AT2G42790', 'AT3G03820', 'AT5G26710']"
NEG::random::0021,0,random_gene_set,synthetic_negative,"['AT1G51410', 'AT2G04030', 'AT2G37010', 'AT3G03470', 'AT3G11505', 'AT3G12990', 'AT3G14310', 'AT3G44890', 'AT3G48420', 'AT3G49780', 'AT3G59710', 'AT3G60010', 'AT3G61510', 'AT4G00660', 'AT4G19680', 'AT4G29390', 'AT4G33830', 'AT5G04105', 'AT5G42740', 'AT5G45040']"
NEG::random::0022,0,random_gene_set,synthetic_negative,"['AT1G01740', 'AT1G04850', 'AT1G22360', 'AT1G23465', 'AT1G71100', 'AT1G76090', 'AT1G78950', 'AT1G80250', 'AT2G45070', 'AT3G03710', 'AT3G13790', 'AT3G57520', 'AT4G13000', 'AT4G13840', 'AT5G04140', 'AT5G06720', 'AT5G10240', 'AT5G20180', 'AT5G36130', 'AT5G48220', 'AT5G51470', 'AT5G59980']"
NEG::random::0023,0,random_gene_set,synthetic_negative,"['AT1G15920', 'AT1G31220', 'AT1G49570', 'AT1G51650', 'AT1G53220', 'AT2G26590', 'AT2G41620', 'AT2G44750', 'AT3G25715', 'AT3G30345', 'AT4G03405', 'AT5G37350', 'AT5G50950', 'AT5G59460', 'AT5G59580', 'AT5G64860']"
NEG::random::0024,0,random_gene_set,synthetic_negative,"['AT1G06877', 'AT1G14130', 'AT1G14620', 'AT1G29930', 'AT1G34245', 'AT1G51040', 'AT1G52870', 'AT1G74010', 'AT1G77590', 'AT2G02390', 'AT2G47640', 'AT3G02190', 'AT3G13570', 'AT3G14530', 'AT4G35410', 'AT5G04660', 'AT5G04850', 'AT5G06120', 'AT5G07090', 'AT5G16230', 'AT5G19990', 'AT5G53810']"
NEG::random::0025,0,random_gene_set,synthetic_negative,"['AT1G04010', 'AT1G07830', 'AT1G19550', 'AT1G20340', 'AT1G20920', 'AT1G52340', 'AT1G54100', 'AT1G55090', 'AT1G57000', 'AT1G64190', 'AT2G03690', 'AT2G46120', 'AT3G12290', 'AT3G28390', 'AT3G43220', 'AT4G09760', 'AT4G16800', 'AT5G19040', 'AT5G25800', 'AT5G49110', 'AT5G54770', 'AT5G56640', 'AT5G66020']"
NEG::random::0026,0,random_gene_set,synthetic_negative,"['AT2G28080', 'AT2G38120', 'AT3G10900', 'AT3G20330', 'AT3G28490', 'AT3G57610', 'AT5G05560', 'AT5G13320', 'AT5G20160']"
NEG::random::0027,0,random_gene_set,synthetic_negative,"['AT1G03495', 'AT1G04220', 'AT1G08250', 'AT1G15960', 'AT1G31690', 'AT1G56820', 'AT1G57180', 'AT1G60940', 'AT1G78380', 'AT2G14870', 'AT2G23820', 'AT2G29570', 'AT3G06720', 'AT3G14270', 'AT3G23630', 'AT3G51040', 'AT3G51270', 'AT4G02180', 'AT4G11110', 'AT4G20340', 'AT4G30600', 'AT4G31460', 'AT4G39280', 'AT5G04540', 'AT5G08590', 'AT5G09490', 'AT5G20900', 'AT5G54260', 'AT5G55190', 'AT5G67380']"
NEG::random::0028,0,random_gene_set,synthetic_negative,"['AT1G14640', 'AT1G25460', 'AT1G44970', 'AT1G56890', 'AT1G64510', 'AT1G74210', 'AT1G76000', 'AT2G19800', 'AT3G02190', 'AT3G05720', 'AT3G07800', 'AT3G55800', 'AT4G03995', 'AT4G20810', 'AT4G24890', 'AT5G18870', 'AT5G19730', 'AT5G51820']"
NEG::random::0029,0,random_gene_set,synthetic_negative,"['AT2G31350', 'AT3G27840', 'AT3G43670', 'AT4G30550', 'AT4G33580', 'AT5G03775', 'AT5G50130']"
NEG::random::0030,0,random_gene_set,synthetic_negative,"['AT1G14240', 'AT1G20510', 'AT1G29440', 'AT1G30520', 'AT1G57660', 'AT1G67880', 'AT2G19190', 'AT2G45300', 'AT2G47630', 'AT3G02720', 'AT3G14420', 'AT4G20100', 'AT4G31970', 'AT5G37370', 'AT5G45340', 'AT5G53487', 'AT5G58980']"
NEG::random::0031,0,random_gene_set,synthetic_negative,"['AT1G03495', 'AT1G07360', 'AT1G17190', 'AT1G29970', 'AT1G57380', 'AT1G65840', 'AT1G70560', 'AT1G74210', 'AT2G01320', 'AT2G22780', 'AT2G30490', 'AT3G62100', 'AT4G01610', 'AT4G17910', 'AT5G23110']"
NEG::random::0032,0,random_gene_set,synthetic_negative,"['AT1G02940', 'AT1G08270', 'AT1G11590', 'AT1G11790', 'AT1G12280', 'AT1G22770', 'AT1G26360', 'AT1G67980', 'AT2G01630', 'AT2G18900', 'AT2G22830', 'AT2G30350', 'AT2G31810', 'AT2G31830', 'AT2G43790', 'AT3G05290', 'AT3G07115', 'AT3G45935', 'AT3G50665', 'AT4G05330', 'AT4G07145', 'AT4G10120', 'AT5G20970', 'AT5G20990', 'AT5G41520']"
NEG::random::0033,0,random_gene_set,synthetic_negative,"['AT1G06570', 'AT1G09490', 'AT1G27595', 'AT1G28820', 'AT1G48350', 'AT1G55290', 'AT1G55670', 'AT1G57250', 'AT2G25170', 'AT2G36620', 'AT2G43620', 'AT3G03190', 'AT3G09900', 'AT3G26200', 'AT3G43270', 'AT3G51150', 'AT3G51460', 'AT4G15180', 'AT4G15270', 'AT4G38190', 'AT4G39940', 'AT5G06600', 'AT5G18410', 'AT5G35530', 'AT5G43450', 'AT5G47000', 'AT5G60500', 'AT5G65615']"
NEG::random::0034,0,random_gene_set,synthetic_negative,"['AT1G26370', 'AT1G75230', 'AT1G79190', 'AT4G26385', 'AT4G39660', 'AT5G11325', 'AT5G47000']"
NEG::random::0035,0,random_gene_set,synthetic_negative,"['AT1G10060', 'AT1G48690', 'AT1G52245', 'AT1G57240', 'AT2G25400', 'AT2G38500', 'AT2G39220', 'AT2G44570', 'AT3G16380', 'AT3G21220', 'AT3G50920', 'AT3G54920', 'AT3G56350', 'AT4G21870', 'AT4G25960', 'AT4G33220', 'AT4G40010', 'AT5G09730', 'AT5G11380', 'AT5G14760', 'AT5G27380', 'AT5G27410', 'AT5G34850', 'AT5G39930', 'AT5G61790']"
NEG::random::0036,0,random_gene_set,synthetic_negative,"['AT1G04480', 'AT1G19850', 'AT1G27595', 'AT1G52740', 'AT1G55870', 'AT1G73370', 'AT2G01180', 'AT2G30575', 'AT3G49870', 'AT4G00085', 'AT4G08870', 'AT4G21200', 'AT4G22330', 'AT4G26870', 'AT5G26030', 'AT5G45930', 'AT5G66020']"
NEG::random::0037,0,random_gene_set,synthetic_negative,"['AT1G17760', 'AT1G18550', 'AT1G23465', 'AT1G24320', 'AT1G26430', 'AT1G44170', 'AT1G52170', 'AT1G57270', 'AT1G59950', 'AT1G63020', 'AT2G13540', 'AT2G14870', 'AT2G22230', 'AT2G26870', 'AT2G31500', 'AT2G43080', 'AT2G45630', 'AT3G20040', 'AT3G23780', 'AT3G25780', 'AT3G29590', 'AT3G50290', 'AT4G09570', 'AT4G12405', 'AT4G32910', 'AT5G09290', 'AT5G24960', 'AT5G28210', 'AT5G38360', 'AT5G67530']"
NEG::random::0038,0,random_gene_set,synthetic_negative,"['AT1G09940', 'AT1G22340', 'AT1G48140', 'AT2G23800', 'AT2G31500', 'AT2G45640', 'AT2G46520', 'AT3G01310', 'AT3G07850', 'AT3G10280', 'AT3G11325', 'AT3G19450', 'AT3G53880', 'AT4G25080', 'AT4G26200', 'AT4G39490', 'AT4G39865', 'AT5G58490', 'AT5G62130', 'AT5G62790']"
NEG::random::0039,0,random_gene_set,synthetic_negative,"['AT1G02850', 'AT1G10730', 'AT1G15080', 'AT1G29810', 'AT1G56650', 'AT2G03660', 'AT2G17320', 'AT2G25355', 'AT3G01720', 'AT3G21840', 'AT4G04695', 'AT4G25290', 'AT4G31075', 'AT4G39950', 'AT5G05780', 'AT5G18230', 'AT5G41670', 'AT5G51460', 'AT5G60770', 'AT5G67260', 'ATCG00430']"
NEG::random::0040,0,random_gene_set,synthetic_negative,"['AT1G19300', 'AT1G26380', 'AT1G77290', 'AT3G04600', 'AT3G07490', 'AT3G26030', 'AT4G10120', 'AT4G36850', 'AT5G61000', 'AT5G66930']"
NEG::random::0041,0,random_gene_set,synthetic_negative,"['AT1G23160', 'AT1G30510', 'AT1G30820', 'AT1G63390', 'AT1G69770', 'AT3G06850', 'AT3G08510', 'AT3G17205', 'AT3G26640', 'AT3G26840', 'AT3G27840', 'AT3G60290', 'AT4G30720', 'AT5G15770', 'AT5G27120', 'AT5G50680']"
NEG::random::0042,0,random_gene_set,synthetic_negative,"['AT1G09630', 'AT1G17020', 'AT1G32640', 'AT1G56800', 'AT1G74340', 'AT2G21700', 'AT2G32530', 'AT2G39460', 'AT3G23670', 'AT3G42850', 'AT3G46670', 'AT3G63000', 'AT4G20360', 'AT5G06520', 'AT5G18380']"
NEG::random::0043,0,random_gene_set,synthetic_negative,"['AT1G06410', 'AT1G08100', 'AT1G14130', 'AT1G16540', 'AT1G53680', 'AT1G74088', 'AT1G74680', 'AT2G33230', 'AT2G45000', 'AT3G02715', 'AT3G16170', 'AT3G29770', 'AT4G09320', 'AT4G19420', 'AT4G30000', 'AT5G23740', 'AT5G34850', 'AT5G41265', 'AT5G47340', 'AT5G65274']"
NEG::random::0044,0,random_gene_set,synthetic_negative,"['AT1G13850', 'AT1G18080', 'AT1G21720', 'AT1G22360', 'AT1G26170', 'AT1G52500', 'AT1G61880', 'AT1G64660', 'AT1G74920', 'AT2G07707', 'AT2G15950', 'AT2G19180', 'AT2G20490', 'AT2G27600', 'AT3G09500', 'AT3G13300', 'AT3G14075', 'AT3G15690', 'AT3G22360', 'AT3G56910', 'AT4G29160', 'AT4G36960', 'AT5G09650', 'AT5G54510', 'AT5G66190', 'AT5G66760']"
NEG::random::0045,0,random_gene_set,synthetic_negative,"['AT1G57210', 'AT1G57520', 'AT1G69370', 'AT2G27150', 'AT2G41620', 'AT2G43360', 'AT3G13210', 'AT3G18165', 'AT3G42050', 'AT3G45000', 'AT3G60500', 'AT5G02815', 'AT5G04920', 'AT5G22100', 'AT5G39500']"
NEG::random::0046,0,random_gene_set,synthetic_negative,"['AT1G03330', 'AT1G04320', 'AT1G20510', 'AT1G53310', 'AT1G54220', 'AT1G55310', 'AT1G69370', 'AT2G32160', 'AT2G34210', 'AT3G04880', 'AT3G25140', 'AT4G04695', 'AT4G10230', 'AT4G13210', 'AT4G17910', 'AT4G24170', 'AT4G35770', 'AT4G36630', 'AT5G13350', 'AT5G16230', 'AT5G16440', 'AT5G17230', 'AT5G18820', 'AT5G38830', 'AT5G51930', 'AT5G52040', 'AT5G52650']"
NEG::random::0047,0,random_gene_set,synthetic_negative,"['AT1G02080', 'AT1G09210', 'AT1G27600', 'AT1G32440', 'AT1G45233', 'AT2G17290', 'AT2G32160', 'AT3G09740', 'AT3G21750', 'AT3G21950', 'AT3G55630', 'AT4G13210', 'AT4G28790', 'AT4G29730', 'AT4G37910', 'AT5G13220', 'AT5G42340', 'AT5G55130', 'AT5G62270', 'AT5G64110']"
NEG::random::0048,0,random_gene_set,synthetic_negative,"['AT1G58370', 'AT1G65840', 'AT1G75300', 'AT2G41340', 'AT3G02190', 'AT3G13400', 'AT3G63200', 'AT4G19180', 'AT5G04895', 'AT5G19670', 'AT5G34930']"
NEG::random::0049,0,random_gene_set,synthetic_negative,"['AT1G04350', 'AT1G04680', 'AT1G66800', 'AT2G28830', 'AT2G29750', 'AT2G45695', 'AT2G47250', 'AT3G51150', 'AT4G12440', 'AT4G39210', 'AT5G49160']"
NEG::random::0050,0,random_gene_set,synthetic_negative,"['AT2G42490', 'AT2G42690', 'AT3G10610', 'AT3G11505', 'AT3G24030', 'AT3G50300', 'AT4G32475', 'AT5G05690']"
NEG::random::0051,0,random_gene_set,synthetic_negative,"['AT1G32350', 'AT1G57370', 'AT1G61820', 'AT1G62430', 'AT2G23400', 'AT2G37700', 'AT3G01120', 'AT3G03050', 'AT3G14780', 'AT3G15650', 'AT3G18030', 'AT3G18580', 'AT3G25180', 'AT3G56340', 'AT3G62400', 'AT4G01970', 'AT4G17150', 'AT4G34760', 'AT4G39350', 'AT5G02790', 'AT5G25585', 'AT5G58560']"
NEG::random::0052,0,random_gene_set,synthetic_negative,"['AT1G04720', 'AT1G23740', 'AT1G24490', 'AT1G28170', 'AT1G28490', 'AT1G29210', 'AT1G29260', 'AT2G23020', 'AT3G10870', 'AT3G20390', 'AT3G49620', 'AT3G51300', 'AT3G62870', 'AT4G13930', 'AT4G24050', 'AT4G25230', 'AT4G26010', 'AT4G28640', 'AT4G32765', 'AT5G06350', 'AT5G20620', 'AT5G20980', 'AT5G46290', 'AT5G56610', 'AT5G62130']"
NEG::random::0053,0,random_gene_set,synthetic_negative,"['AT1G02810', 'AT1G08320', 'AT1G32710', 'AT1G44446', 'AT1G68210', 'AT1G74210', 'AT1G77220', 'AT1G77470', 'AT2G25080', 'AT2G42020', 'AT3G01540', 'AT3G02910', 'AT3G06650', 'AT3G11270', 'AT3G13470', 'AT3G23750', 'AT3G26310', 'AT3G28360', 'AT4G01590', 'AT4G31460', 'AT4G36530', 'AT5G07010', 'AT5G18280', 'AT5G36160', 'AT5G38470', 'AT5G39740', 'AT5G42790', 'AT5G51260', 'AT5G60450', 'AT5G61970']"
NEG::random::0054,0,random_gene_set,synthetic_negative,"['AT1G02205', 'AT1G04610', 'AT1G06877', 'AT1G08320', 'AT1G56190', 'AT2G01918', 'AT2G17790', 'AT2G18560', 'AT2G23080', 'AT2G30000', 'AT3G01500', 'AT3G11750', 'AT3G11820', 'AT4G34650', 'AT4G37760', 'AT5G41605', 'AT5G43130', 'AT5G50160', 'AT5G56860', 'AT5G57450', 'ATMG00590']"
NEG::random::0055,0,random_gene_set,synthetic_negative,"['AT1G13180', 'AT1G48130', 'AT1G60140', 'AT1G67350', 'AT2G02020', 'AT2G32540', 'AT2G37500', 'AT3G05560', 'AT3G06060', 'AT3G16060', 'AT3G16150', 'AT4G02520', 'AT4G11150', 'AT4G13000', 'AT4G19003', 'AT4G24050', 'AT4G31290', 'AT5G18380', 'AT5G44750', 'AT5G51180', 'AT5G54010']"
NEG::random::0056,0,random_gene_set,synthetic_negative,"['AT1G28430', 'AT1G34500', 'AT1G45244', 'AT1G57020', 'AT1G60980', 'AT1G79020', 'AT2G16430', 'AT2G32730', 'AT3G05230', 'AT3G05630', 'AT3G08947', 'AT3G18580', 'AT3G51830', 'AT3G55040', 'AT4G01995', 'AT4G12460', 'AT4G26740', 'AT4G27880', 'AT5G08690', 'AT5G14590', 'AT5G24540', 'AT5G39580', 'AT5G44740', 'AT5G56630', 'AT5G58170']"
NEG::random::0057,0,random_gene_set,synthetic_negative,"['AT1G03640', 'AT1G06800', 'AT1G26360', 'AT1G26370', 'AT1G71220', 'AT2G33890', 'AT3G18580', 'AT4G16740', 'AT4G27260', 'AT5G27670']"
NEG::random::0058,0,random_gene_set,synthetic_negative,"['AT1G06750', 'AT1G07260', 'AT1G20750', 'AT3G03250', 'AT3G62730', 'AT4G11030', 'AT4G24650', 'AT5G08250', 'AT5G18755']"
NEG::random::0059,0,random_gene_set,synthetic_negative,"['AT1G13190', 'AT1G22170', 'AT1G48630', 'AT1G53025', 'AT1G65570', 'AT1G67635', 'AT1G76860', 'AT2G01350', 'AT2G03750', 'AT2G16500', 'AT2G20875', 'AT2G27150', 'AT2G44050', 'AT3G02360', 'AT3G23240', 'AT3G60500', 'AT4G26750', 'AT4G27885', 'AT4G28800', 'AT4G33540', 'AT4G34720', 'AT5G14060', 'AT5G27720', 'AT5G36890', 'AT5G37795', 'AT5G40290', 'AT5G46750', 'AT5G57410']"
NEG::random::0060,0,random_gene_set,synthetic_negative,"['AT1G29120', 'AT1G31500', 'AT4G13360', 'AT4G29630', 'AT5G65010']"
NEG::random::0061,0,random_gene_set,synthetic_negative,"['AT1G06030', 'AT1G20470', 'AT1G26220', 'AT1G28790', 'AT1G30110', 'AT1G43170', 'AT1G52500', 'AT1G63500', 'AT1G73010', 'AT2G16950', 'AT2G22830', 'AT2G44990', 'AT3G05300', 'AT3G48090', 'AT3G48930', 'AT4G17483', 'AT5G43280', 'AT5G56760', 'AT5G58470']"
NEG::random::0062,0,random_gene_set,synthetic_negative,"['AT1G03390', 'AT1G19480', 'AT1G20200', 'AT1G57240', 'AT1G62886', 'AT1G63290', 'AT1G73900', 'AT2G27720', 'AT2G31450', 'AT3G01660', 'AT3G13330', 'AT3G22230', 'AT3G46820', 'AT4G26300', 'AT4G28660', 'AT4G34760', 'AT5G02500', 'AT5G47340']"
NEG::random::0063,0,random_gene_set,synthetic_negative,"['AT1G02430', 'AT1G06450', 'AT1G07720', 'AT1G08110', 'AT1G34245', 'AT1G36580', 'AT1G57020', 'AT1G67410', 'AT2G07765', 'AT2G39600', 'AT2G41020', 'AT3G45940', 'AT3G55140', 'AT3G55870', 'AT3G60640', 'AT3G63440', 'AT4G19006', 'AT4G21090', 'AT4G21160', 'AT4G23590', 'AT4G27830', 'AT5G18580', 'AT5G61380']"
NEG::random::0064,0,random_gene_set,synthetic_negative,"['AT1G07705', 'AT1G22340', 'AT1G25460', 'AT1G32900', 'AT1G45249', 'AT1G51460', 'AT1G55870', 'AT1G69720', 'AT1G75330', 'AT1G75570', 'AT1G76170', 'AT2G18560', 'AT2G20420', 'AT2G35610', 'AT2G41480', 'AT2G46070', 'AT3G45000', 'AT5G03630', 'AT5G14530', 'AT5G24330', 'AT5G65010']"
NEG::random::0065,0,random_gene_set,synthetic_negative,"['AT1G28970', 'AT1G58265', 'AT1G60860', 'AT1G67440', 'AT1G69130', 'AT2G06530', 'AT2G22450', 'AT2G26480', 'AT2G30870', 'AT3G05970', 'AT3G07690', 'AT3G18070', 'AT3G27430', 'AT3G49210', 'AT3G53890', 'AT4G01480', 'AT4G14520', 'AT4G15300', 'AT4G33360', 'AT5G02470', 'AT5G11130', 'AT5G19530', 'AT5G26120', 'AT5G42600', 'AT5G42820', 'AT5G47630', 'AT5G58780']"
NEG::random::0066,0,random_gene_set,synthetic_negative,"['AT2G19790', 'AT2G32920', 'AT3G14290', 'AT3G17360', 'AT3G20885', 'AT3G47120', 'AT4G17690', 'AT4G25770', 'AT5G13190', 'AT5G20000', 'AT5G49810']"
NEG::random::0067,0,random_gene_set,synthetic_negative,"['AT1G69830', 'AT2G43010', 'AT3G01380', 'AT3G03430', 'AT3G16080', 'AT4G08900', 'AT4G21460', 'AT4G28360']"
NEG::random::0068,0,random_gene_set,synthetic_negative,"['AT1G08520', 'AT1G59359', 'AT2G07751', 'AT3G10540', 'AT3G21760', 'AT3G53520', 'AT4G15233']"
NEG::random::0069,0,random_gene_set,synthetic_negative,"['AT1G07770', 'AT1G32780', 'AT1G63340', 'AT2G33910', 'AT2G42690', 'AT3G07130', 'AT3G16090', 'AT3G58790', 'AT4G20325', 'AT4G31580', 'AT5G41770', 'AT5G47630', 'AT5G53380', 'ATCG00420']"
NEG::random::0070,0,random_gene_set,synthetic_negative,"['AT1G19230', 'AT1G53520', 'AT1G75110', 'AT2G03750', 'AT2G31790', 'AT2G43960', 'AT2G47640', 'AT2G47730', 'AT4G34260', 'AT5G37710']"
NEG::random::0071,0,random_gene_set,synthetic_negative,"['AT1G03190', 'AT1G03495', 'AT1G74890', 'AT2G32790', 'AT2G36160', 'AT3G26780', 'AT5G02725', 'AT5G10920']"
NEG::random::0072,0,random_gene_set,synthetic_negative,"['AT1G17380', 'AT1G19830', 'AT1G28980', 'AT1G74270', 'AT1G75650', 'AT1G79460', 'AT2G21610', 'AT2G23080', 'AT2G33650', 'AT3G03850', 'AT3G13784', 'AT3G57560', 'AT4G04700', 'AT4G04870', 'AT4G11410', 'AT4G19680', 'AT4G21540', 'AT4G31910', 'AT4G37330', 'AT5G10560', 'AT5G43140', 'AT5G47000', 'AT5G63070']"
NEG::random::0073,0,random_gene_set,synthetic_negative,"['AT1G05853', 'AT1G12000', 'AT1G12840', 'AT1G35250', 'AT1G44180', 'AT1G60430', 'AT1G68850', 'AT1G69200', 'AT1G80555', 'AT2G20790', 'AT2G23410', 'AT2G32610', 'AT2G33230', 'AT2G35220', 'AT3G03410', 'AT3G13580', 'AT3G17810', 'AT3G22930', 'AT3G48780', 'AT3G50210', 'AT4G12290', 'AT4G16190', 'AT4G19600', 'AT5G23020', 'AT5G45180', 'AT5G49060']"
NEG::random::0074,0,random_gene_set,synthetic_negative,"['AT1G02390', 'AT4G12100', 'AT4G30930', 'AT5G38905', 'AT5G61835']"
NEG::random::0075,0,random_gene_set,synthetic_negative,"['AT1G04710', 'AT1G09420', 'AT1G09830', 'AT1G18090', 'AT1G26750', 'AT1G48670', 'AT2G23210', 'AT2G28560', 'AT2G38120', 'AT3G08900', 'AT3G11940', 'AT3G28415', 'AT3G57645', 'AT3G59950', 'AT4G31460', 'AT5G13420', 'AT5G45140', 'AT5G54310', 'AT5G57840']"
NEG::random::0076,0,random_gene_set,synthetic_negative,"['AT1G12050', 'AT1G21130', 'AT2G27680', 'AT2G31350', 'AT2G32510', 'AT2G40590', 'AT3G06060', 'AT3G07770', 'AT3G48745', 'AT4G02770', 'AT4G22870', 'AT5G22250', 'AT5G35080']"
NEG::random::0077,0,random_gene_set,synthetic_negative,"['AT1G03410', 'AT1G07480', 'AT1G12230', 'AT1G23870', 'AT1G28960', 'AT1G29630', 'AT1G36350', 'AT1G51470', 'AT1G60080', 'AT1G66800', 'AT1G77490', 'AT1G78250', 'AT2G33920', 'AT3G01380', 'AT3G18000', 'AT3G23670', 'AT3G48570', 'AT4G24620', 'AT4G30340', 'AT5G02505', 'AT5G13520', 'AT5G13580', 'AT5G48835', 'AT5G52860', 'AT5G58170', 'AT5G59460', 'AT5G63570']"
NEG::random::0078,0,random_gene_set,synthetic_negative,"['AT1G02410', 'AT1G10830', 'AT1G12280', 'AT1G13440', 'AT1G19850', 'AT1G31490', 'AT2G16280', 'AT2G17520', 'AT2G29380', 'AT2G36190', 'AT3G61113', 'AT5G02560', 'AT5G02725', 'AT5G39850', 'AT5G49900', 'AT5G65274']"
NEG::random::0079,0,random_gene_set,synthetic_negative,"['AT1G35550', 'AT1G42470', 'AT1G45244', 'AT1G51040', 'AT1G54360', 'AT1G60090', 'AT2G19190', 'AT2G33100', 'AT3G02610', 'AT3G11340', 'AT3G21070', 'AT3G25780', 'AT3G55870', 'AT3G57650', 'AT4G14440', 'AT4G14640', 'AT4G29415', 'AT4G36690', 'AT5G05590', 'AT5G22010', 'AT5G42190', 'AT5G48840', 'AT5G59850', 'AT5G63600']"
NEG::random::0080,0,random_gene_set,synthetic_negative,"['AT1G25450', 'AT1G78060', 'AT2G17570', 'AT2G22330', 'AT2G33770', 'AT3G43980', 'AT3G45280', 'AT3G47810', 'AT4G13010', 'AT4G35020', 'AT5G15490', 'AT5G28740']"
NEG::random::0081,0,random_gene_set,synthetic_negative,"['AT1G04180', 'AT1G15990', 'AT1G19910', 'AT1G20575', 'AT1G22100', 'AT1G29450', 'AT1G65930', 'AT1G72190', 'AT1G74320', 'AT1G75300', 'AT2G02380', 'AT2G27010', 'AT2G38860', 'AT2G43010', 'AT3G03820', 'AT3G27825', 'AT3G47040', 'AT3G49000', 'AT4G03410', 'AT4G32170', 'AT4G34750', 'AT4G37130', 'AT5G04510', 'AT5G09490', 'AT5G16760', 'AT5G50760', 'AT5G56080', 'AT5G61790', 'AT5G66535']"
NEG::random::0082,0,random_gene_set,synthetic_negative,"['AT2G30920', 'AT2G31440', 'AT3G23490', 'AT3G54250', 'AT3G57650', 'AT4G16070', 'AT5G08370', 'AT5G24160', 'AT5G24470', 'AT5G49190', 'AT5G62600']"
NEG::random::0083,0,random_gene_set,synthetic_negative,"['AT1G17980', 'AT1G29900', 'AT1G48500', 'AT1G56430', 'AT1G57500', 'AT1G65930', 'AT1G70980', 'AT1G75990', 'AT2G21590', 'AT2G29940', 'AT2G45670', 'AT3G03850', 'AT3G07750', 'AT3G14080', 'AT3G22740', 'AT3G51850', 'AT3G54090', 'AT4G12610', 'AT4G25230', 'AT4G32375', 'AT5G02230', 'AT5G37795', 'AT5G59290', 'AT5G65260', 'AT5G65800']"
NEG::random::0084,0,random_gene_set,synthetic_negative,"['AT1G04733', 'AT1G30110', 'AT1G31220', 'AT1G54140', 'AT2G01670', 'AT3G25810', 'AT5G19470', 'AT5G67430']"
NEG::random::0085,0,random_gene_set,synthetic_negative,"['AT1G07420', 'AT1G22410', 'AT1G34500', 'AT1G55320', 'AT1G65660', 'AT1G74260', 'AT2G18000', 'AT2G18260', 'AT2G42590', 'AT2G43300', 'AT3G06850', 'AT3G16380', 'AT3G16520', 'AT3G22900', 'AT3G42850', 'AT3G51150', 'AT3G59050', 'AT4G01010', 'AT4G35190']"
NEG::random::0086,0,random_gene_set,synthetic_negative,"['AT1G12640', 'AT1G13635', 'AT1G27680', 'AT1G62200', 'AT1G66400', 'AT1G67650', 'AT2G20060', 'AT2G21250', 'AT2G26350', 'AT2G37040', 'AT2G47180', 'AT3G03310', 'AT3G08860', 'AT3G13970', 'AT3G19690', 'AT3G48720', 'AT3G58560', 'AT4G16820', 'AT4G21490', 'AT4G32410', 'AT5G15815']"
NEG::random::0087,0,random_gene_set,synthetic_negative,"['AT1G09080', 'AT1G12900', 'AT1G13635', 'AT1G17290', 'AT1G28820', 'AT1G30825', 'AT1G31530', 'AT1G33030', 'AT1G76130', 'AT1G78270', 'AT2G01130', 'AT2G05315', 'AT2G18140', 'AT2G21170', 'AT3G17390', 'AT3G59600', 'AT4G11920', 'AT4G25180', 'AT4G31910', 'AT4G39640', 'AT5G05750']"
NEG::random::0088,0,random_gene_set,synthetic_negative,"['AT1G01890', 'AT1G26490', 'AT1G28840', 'AT1G60430', 'AT1G64920', 'AT1G71170', 'AT1G72110', 'AT1G76190', 'AT2G18700', 'AT2G24190', 'AT2G41190', 'AT3G05620', 'AT3G05970', 'AT3G09350', 'AT3G49110', 'AT3G51270', 'AT4G17640', 'AT4G25630', 'AT4G29415', 'AT5G03650', 'AT5G05900', 'AT5G07830', 'AT5G16370', 'AT5G16375', 'AT5G40150', 'AT5G52320', 'ATMG00590']"
NEG::random::0089,0,random_gene_set,synthetic_negative,"['AT1G04040', 'AT1G05675', 'AT1G18090', 'AT1G52500', 'AT1G58684', 'AT1G60080', 'AT1G65700', 'AT2G01110', 'AT2G29490', 'AT2G31955', 'AT2G36770', 'AT2G37140', 'AT3G15540', 'AT3G23820', 'AT3G32040', 'AT4G36130', 'AT4G39660', 'AT5G02560', 'AT5G17990', 'AT5G60640']"
NEG::random::0090,0,random_gene_set,synthetic_negative,"['AT1G03280', 'AT1G20330', 'AT1G60200', 'AT2G17570', 'AT2G42600', 'AT3G30290', 'AT4G16820', 'AT4G39120', 'AT5G24155', 'AT5G60770']"
NEG::random::0091,0,random_gene_set,synthetic_negative,"['AT1G01270', 'AT1G04897', 'AT1G11640', 'AT1G26420', 'AT1G28730', 'AT1G30870', 'AT1G53930', 'AT1G59359', 'AT1G78570', 'AT2G04630', 'AT2G25355', 'AT2G29420', 'AT3G29350', 'AT3G47290', 'AT3G51265', 'AT3G57050', 'AT4G08920', 'AT4G39330', 'AT5G22500', 'AT5G35590', 'AT5G50870', 'AT5G56030', 'AT5G66570']"
NEG::random::0092,0,random_gene_set,synthetic_negative,"['AT1G04263', 'AT1G32180', 'AT2G07755', 'AT2G14580', 'AT2G19190', 'AT2G28620', 'AT2G37040', 'AT2G37620', 'AT2G42070', 'AT2G42790', 'AT2G45810', 'AT3G22890', 'AT3G25180', 'AT3G45965', 'AT3G46820', 'AT3G48010', 'AT3G55130', 'AT3G63110', 'AT4G17480', 'AT4G35530', 'AT4G35670', 'AT5G02100', 'AT5G08740', 'AT5G16630', 'AT5G17040', 'AT5G34940', 'AT5G53770', 'AT5G58250', 'AT5G62130', 'AT5G64300']"
NEG::random::0093,0,random_gene_set,synthetic_negative,"['AT1G05660', 'AT1G08065', 'AT1G24360', 'AT1G52400', 'AT1G54340', 'AT1G72450', 'AT1G76380', 'AT2G03160', 'AT2G43880', 'AT2G44480', 'AT3G10610', 'AT3G16360', 'AT3G49960', 'AT4G12800', 'AT4G29840', 'AT4G34740', 'AT5G04750', 'AT5G14610', 'AT5G18230', 'AT5G19320', 'AT5G61840']"
NEG::random::0094,0,random_gene_set,synthetic_negative,"['AT1G30430', 'AT2G20490', 'AT3G02315', 'AT3G21750', 'AT3G57520', 'AT3G62970', 'AT4G26675', 'AT4G29680', 'AT4G39010', 'AT5G67400', 'ATCG00210']"
NEG::random::0095,0,random_gene_set,synthetic_negative,"['AT1G66630', 'AT2G17900', 'AT2G21300', 'AT2G30550', 'AT2G36600', 'AT2G41500', 'AT3G05520', 'AT3G12587', 'AT4G15480', 'AT4G39080']"
NEG::random::0096,0,random_gene_set,synthetic_negative,"['AT2G39800', 'AT3G55480', 'AT4G13430', 'AT4G22870', 'AT5G06260', 'AT5G55500']"
NEG::random::0097,0,random_gene_set,synthetic_negative,"['AT2G24270', 'AT2G41070', 'AT3G17360', 'AT3G23800', 'AT4G08770', 'AT5G42380', 'AT5G42490', 'AT5G43210']"
NEG::random::0098,0,random_gene_set,synthetic_negative,"['AT1G02930', 'AT1G54130', 'AT1G55290', 'AT3G27190', 'AT3G50290', 'AT3G56340', 'AT4G39540', 'AT5G02025']"
NEG::random::0099,0,random_gene_set,synthetic_negative,"['AT1G04610', 'AT1G10360', 'AT1G17050', 'AT1G57370', 'AT1G75630', 'AT2G24210', 'AT2G26590', 'AT2G29330', 'AT3G23390', 'AT3G46910', 'AT4G03330', 'AT4G26010', 'AT4G35790', 'AT5G44420']"
NEG::random::0100,0,random_gene_set,synthetic_negative,"['AT1G01190', 'AT1G02430', 'AT1G12900', 'AT1G13635', 'AT1G43860', 'AT2G07689', 'AT2G29550', 'AT2G42690', 'AT3G16310', 'AT3G47290', 'AT4G16720', 'AT4G34810', 'AT5G52860', 'AT5G55500']"
NEG::random::0101,0,random_gene_set,synthetic_negative,"['AT2G23020', 'AT2G41880', 'AT3G51135', 'AT4G04640', 'AT4G35970', 'AT5G27410', 'AT5G39910', 'AT5G62800', 'ATCG01250']"
NEG::random::0102,0,random_gene_set,synthetic_negative,"['AT1G21530', 'AT1G23190', 'AT1G52740', 'AT1G68750', 'AT2G19570', 'AT3G16780', 'AT4G14930', 'AT5G09810', 'AT5G16230']"
NEG::random::0103,0,random_gene_set,synthetic_negative,"['AT1G08250', 'AT1G27820', 'AT1G75990', 'AT2G05180', 'AT2G16780', 'AT2G28850', 'AT2G43360', 'AT3G04000', 'AT3G07420', 'AT3G13970', 'AT3G29590', 'AT4G29430', 'AT4G38990', 'AT5G48370']"
NEG::random::0104,0,random_gene_set,synthetic_negative,"['AT1G22940', 'AT1G50200', 'AT1G51590', 'AT1G60910', 'AT1G69770', 'AT2G06530', 'AT2G27340', 'AT2G28620', 'AT2G29460', 'AT2G30770', 'AT2G33890', 'AT3G12260', 'AT3G18030', 'AT3G25820', 'AT4G02195', 'AT4G05390', 'AT4G08770', 'AT4G13170', 'AT4G27070', 'AT4G39050', 'AT5G01210', 'AT5G26780', 'AT5G45860', 'AT5G67380']"
NEG::random::0105,0,random_gene_set,synthetic_negative,"['AT1G27160', 'AT1G51460', 'AT1G64440', 'AT2G31390', 'AT2G43255', 'AT2G43910', 'AT3G01740', 'AT3G10570', 'AT3G13450', 'AT3G15354', 'AT3G18220', 'AT3G19870', 'AT3G27240', 'AT3G27830', 'AT3G51680', 'AT3G57370', 'AT5G01770', 'AT5G04310', 'AT5G09700', 'AT5G38520', 'AT5G55370', 'AT5G67380']"
NEG::random::0106,0,random_gene_set,synthetic_negative,"['AT1G06880', 'AT1G07250', 'AT1G24100', 'AT1G47510', 'AT1G52191', 'AT2G02400', 'AT2G29030', 'AT3G01120', 'AT3G13560', 'AT3G53750', 'AT3G62660', 'AT4G03510', 'AT4G08180', 'AT4G13710', 'AT4G23900', 'AT4G25310', 'AT5G22940', 'AT5G26240', 'AT5G40545']"
NEG::random::0107,0,random_gene_set,synthetic_negative,"['AT1G02600', 'AT1G13720', 'AT1G45238', 'AT3G05835', 'AT3G08940', 'AT3G25660', 'AT3G26180', 'AT3G55140', 'AT4G37060', 'AT5G22770', 'AT5G24950', 'AT5G47000', 'AT5G58660', 'AT5G67110']"
NEG::random::0108,0,random_gene_set,synthetic_negative,"['AT1G14250', 'AT1G22650', 'AT1G30100', 'AT2G19450', 'AT4G32790', 'AT5G54310']"
NEG::random::0109,0,random_gene_set,synthetic_negative,"['AT1G16225', 'AT1G27595', 'AT1G36350', 'AT2G25340', 'AT2G36620', 'AT3G44970', 'AT3G53430', 'AT4G08170', 'AT4G14716', 'AT4G17020', 'AT4G37990', 'AT5G03406', 'AT5G18100', 'AT5G51690', 'AT5G64110']"
NEG::random::0110,0,random_gene_set,synthetic_negative,"['AT1G01050', 'AT1G02660', 'AT1G13590', 'AT1G17650', 'AT1G32780', 'AT1G50510', 'AT1G53220', 'AT1G56680', 'AT1G70185', 'AT1G71800', 'AT1G77370', 'AT2G28540', 'AT2G30790', 'AT3G46170', 'AT3G49120', 'AT3G54920', 'AT4G04955', 'AT4G25980', 'AT4G27040', 'AT4G29830', 'AT4G38320', 'AT5G02540', 'AT5G06140', 'AT5G10960', 'AT5G11650', 'AT5G18100', 'AT5G46180', 'AT5G60540']"
NEG::random::0111,0,random_gene_set,synthetic_negative,"['AT1G27480', 'AT1G29150', 'AT1G36240', 'AT1G71697', 'AT2G04550', 'AT3G30200', 'AT3G55440', 'AT4G20320', 'ATMG01190']"
NEG::random::0112,0,random_gene_set,synthetic_negative,"['AT1G14550', 'AT3G05290', 'AT3G20270', 'AT3G52285', 'AT5G55190']"
NEG::random::0113,0,random_gene_set,synthetic_negative,"['AT1G64660', 'AT1G80210', 'AT2G28110', 'AT3G09350', 'AT3G45850', 'AT5G51230', 'AT5G57850', 'AT5G59240']"
NEG::random::0114,0,random_gene_set,synthetic_negative,"['AT1G05990', 'AT1G43800', 'AT1G52400', 'AT1G53830', 'AT1G60200', 'AT1G64880', 'AT2G01720', 'AT2G16440', 'AT3G16857', 'AT3G19000', 'AT3G53580', 'AT4G22920', 'AT4G24340', 'AT4G29260', 'AT4G34430', 'AT4G34555', 'AT4G39650', 'AT5G18580', 'AT5G19400', 'AT5G50760', 'AT5G51610', 'AT5G62840']"
NEG::random::0115,0,random_gene_set,synthetic_negative,"['AT1G07360', 'AT1G28730', 'AT1G30330', 'AT1G35620', 'AT1G54440', 'AT1G70050', 'AT2G21050', 'AT2G23030', 'AT2G24820', 'AT2G25100', 'AT2G46660', 'AT3G03900', 'AT3G05525', 'AT3G12500', 'AT3G14550', 'AT3G24340', 'AT3G26310', 'AT3G42830', 'AT3G44680', 'AT3G48520', 'AT3G63490', 'AT4G15396', 'AT4G36480', 'AT4G36530', 'AT5G05260', 'AT5G44430', 'AT5G49070']"
NEG::random::0116,0,random_gene_set,synthetic_negative,"['AT1G03055', 'AT1G03515', 'AT1G08630', 'AT1G10730', 'AT1G51650', 'AT1G57010', 'AT2G21410', 'AT2G29150', 'AT2G43360', 'AT2G43960', 'AT3G05040', 'AT3G20440', 'AT3G24890', 'AT3G27740', 'AT3G50760', 'AT4G13720', 'AT4G25100', 'AT4G31580', 'AT4G32915', 'AT4G34350', 'AT5G13380', 'AT5G61790', 'AT5G63450']"
NEG::random::0117,0,random_gene_set,synthetic_negative,"['AT1G16590', 'AT1G51780', 'AT1G55625', 'AT1G61280', 'AT1G74010', 'AT2G21700', 'AT2G38650', 'AT2G41500', 'AT2G42500', 'AT3G05260', 'AT3G25540', 'AT3G53930', 'AT3G57000', 'AT4G05140', 'AT4G34135', 'AT5G07870', 'AT5G10330', 'AT5G11650', 'AT5G39850', 'AT5G40545', 'AT5G62690']"
NEG::random::0118,0,random_gene_set,synthetic_negative,"['AT1G17760', 'AT1G48320', 'AT1G63440', 'AT2G15620', 'AT2G29210', 'AT2G34420', 'AT2G41340', 'AT3G01890', 'AT3G06300', 'AT3G09150', 'AT3G29090', 'AT3G45850', 'AT3G52600', 'AT3G57080', 'AT4G12115', 'AT4G13780', 'AT4G14710', 'AT4G15396', 'AT4G21010', 'AT4G24440', 'AT4G31580', 'AT4G34620', 'AT4G34695', 'AT4G34700', 'AT5G05270', 'AT5G08370', 'AT5G35605', 'AT5G54310', 'AT5G57170']"
NEG::random::0119,0,random_gene_set,synthetic_negative,"['AT1G07705', 'AT1G11600', 'AT1G27440', 'AT1G57080', 'AT1G79210', 'AT5G16120', 'AT5G60500']"
NEG::random::0120,0,random_gene_set,synthetic_negative,"['AT1G09490', 'AT1G16450', 'AT1G17010', 'AT1G29870', 'AT1G29960', 'AT1G32710', 'AT1G61010', 'AT1G79130', 'AT1G80600', 'AT2G06990', 'AT2G34060', 'AT3G03630', 'AT3G13390', 'AT3G42960', 'AT3G50500', 'AT4G22635', 'AT4G39195', 'AT5G14610', 'AT5G16050', 'AT5G20620', 'AT5G22940', 'AT5G24090', 'AT5G28060', 'AT5G43300', 'AT5G47340', 'AT5G59140']"
NEG::random::0121,0,random_gene_set,synthetic_negative,"['AT1G07705', 'AT3G01440', 'AT3G19760', 'AT4G21150', 'AT4G27875', 'AT5G25080', 'AT5G57440']"
NEG::random::0122,0,random_gene_set,synthetic_negative,"['AT1G30370', 'AT1G49430', 'AT1G69830', 'AT2G33410', 'AT3G02230', 'AT3G21770', 'AT4G02770', 'AT4G11405', 'AT4G29480', 'AT5G05590']"
NEG::random::0123,0,random_gene_set,synthetic_negative,"['AT1G57320', 'AT1G70320', 'AT1G77920', 'AT2G07734', 'AT2G23600', 'AT3G17590', 'AT3G18630', 'AT3G48100', 'AT4G39050', 'AT5G18650', 'AT5G49160']"
NEG::random::0124,0,random_gene_set,synthetic_negative,"['AT1G02480', 'AT1G06640', 'AT1G08410', 'AT1G18890', 'AT1G23190', 'AT1G27320', 'AT1G52191', 'AT1G67250', 'AT1G71170', 'AT2G44490', 'AT3G10035', 'AT3G63460', 'AT4G09500', 'AT4G14147', 'AT4G27360', 'AT4G36780', 'AT5G34930', 'AT5G41370', 'AT5G47350', 'AT5G47840', 'AT5G64120']"
NEG::random::0125,0,random_gene_set,synthetic_negative,"['AT1G65040', 'AT1G66540', 'AT1G72880', 'AT2G42600', 'AT3G30200', 'AT3G49430', 'AT3G50770', 'AT3G57940', 'AT4G10230', 'AT4G30580', 'AT4G39880', 'AT5G14650', 'AT5G15170', 'AT5G53590', 'AT5G55130']"
NEG::random::0126,0,random_gene_set,synthetic_negative,"['AT1G17650', 'AT1G18530', 'AT1G20580', 'AT1G47290', 'AT1G51060', 'AT3G01820', 'AT3G15352', 'AT3G18880', 'AT4G03430', 'AT4G09760', 'AT4G24780', 'AT4G26270', 'AT5G38520', 'AT5G44830', 'AT5G60940', 'AT5G66860']"
NEG::random::0127,0,random_gene_set,synthetic_negative,"['AT1G06310', 'AT1G13170', 'AT1G17745', 'AT1G28810', 'AT1G34410', 'AT1G77490', 'AT1G78970', 'AT2G07689', 'AT2G25080', 'AT2G27600', 'AT2G36520', 'AT2G43980', 'AT3G05230', 'AT3G50270', 'AT3G61860', 'AT4G19640', 'AT5G06839', 'AT5G51470', 'AT5G53902', 'AT5G66220', 'AT5G66450']"
NEG::random::0128,0,random_gene_set,synthetic_negative,"['AT1G19830', 'AT2G01890', 'AT2G24190', 'AT2G31020', 'AT3G50660', 'AT3G55120', 'AT3G60120', 'AT4G11980', 'AT4G22540', 'AT5G60780']"
NEG::random::0129,0,random_gene_set,synthetic_negative,"['AT1G07770', 'AT1G08260', 'AT1G14920', 'AT1G31500', 'AT1G70080', 'AT2G16580', 'AT2G17340', 'AT2G37270', 'AT2G38240', 'AT3G13672', 'AT3G28740', 'AT3G63170', 'AT4G14320', 'AT4G24805', 'AT4G33730', 'AT5G05170', 'AT5G25450']"
NEG::random::0130,0,random_gene_set,synthetic_negative,"['AT1G51650', 'AT1G71697', 'AT2G36230', 'AT4G00050', 'AT5G16370', 'AT5G50160']"
NEG::random::0131,0,random_gene_set,synthetic_negative,"['AT1G08950', 'AT1G09000', 'AT1G10490', 'AT1G16510', 'AT1G18500', 'AT1G19300', 'AT1G21480', 'AT1G29410', 'AT1G48320', 'AT1G80380', 'AT2G19520', 'AT2G40650', 'AT3G12250', 'AT3G44260', 'AT3G48720', 'AT4G01480', 'AT4G05390', 'AT4G18350', 'AT4G22260', 'AT4G22880', 'AT4G35530', 'AT5G06720', 'AT5G13430', 'AT5G18010', 'AT5G25820', 'AT5G46180', 'AT5G47000', 'AT5G55810', 'ATCG01080']"
NEG::random::0132,0,random_gene_set,synthetic_negative,"['AT1G05900', 'AT1G06877', 'AT1G14520', 'AT1G68530', 'AT1G77760', 'AT1G78480', 'AT2G29310', 'AT2G41980', 'AT3G16520', 'AT3G43810', 'AT3G52750', 'AT3G60100', 'AT4G21660', 'AT4G32910', 'AT5G32017', 'AT5G38410', 'AT5G38430', 'AT5G48220', 'AT5G59750', 'AT5G67510']"
NEG::random::0133,0,random_gene_set,synthetic_negative,"['AT1G05010', 'AT1G13320', 'AT1G44970', 'AT1G51040', 'AT3G02080', 'AT3G04390', 'AT3G15020', 'AT3G16120', 'AT3G45070', 'AT4G00710', 'AT4G01865', 'AT4G39800', 'AT5G01250', 'AT5G04620', 'AT5G06120', 'AT5G17530', 'AT5G25880']"
NEG::random::0134,0,random_gene_set,synthetic_negative,"['AT1G34410', 'AT1G67630', 'AT2G39630', 'AT2G42490', 'AT2G46720', 'AT3G18140', 'AT3G18740', 'AT4G23990']"
NEG::random::0135,0,random_gene_set,synthetic_negative,"['AT1G03360', 'AT1G25460', 'AT1G78360', 'AT1G79240', 'AT2G01010', 'AT4G15380']"
NEG::random::0136,0,random_gene_set,synthetic_negative,"['AT1G04480', 'AT1G11820', 'AT1G14920', 'AT1G15050', 'AT1G20250', 'AT1G47240', 'AT2G06510', 'AT3G18820', 'AT3G60730', 'AT4G09140', 'AT5G11880', 'AT5G20040', 'AT5G21378', 'AT5G42600', 'AT5G44930', 'AT5G47030', 'AT5G48870', 'AT5G66570']"
NEG::random::0137,0,random_gene_set,synthetic_negative,"['AT1G11010', 'AT1G48360', 'AT2G03140', 'AT2G22905', 'AT2G25940', 'AT2G31690', 'AT2G41700', 'AT4G19750', 'AT4G21090', 'AT4G34030']"
NEG::random::0138,0,random_gene_set,synthetic_negative,"['AT1G20200', 'AT1G20270', 'AT1G42470', 'AT1G72190', 'AT1G76380', 'AT2G06925', 'AT2G43860', 'AT3G20220', 'AT3G44250', 'AT3G49080', 'AT3G62730', 'AT4G34230', 'AT4G34460', 'AT5G07440', 'AT5G16750', 'AT5G49060', 'AT5G62690']"
NEG::random::0139,0,random_gene_set,synthetic_negative,"['AT1G14120', 'AT1G20630', 'AT1G29440', 'AT1G50700', 'AT1G71170', 'AT2G03140', 'AT2G18510', 'AT2G22140', 'AT2G26020', 'AT2G29090', 'AT2G32950', 'AT2G40940', 'AT2G46530', 'AT3G10720', 'AT3G46670', 'AT3G51310', 'AT3G55700', 'AT3G57510', 'AT3G62090', 'AT4G01480', 'AT4G25585', 'AT4G33790', 'AT5G05270', 'AT5G07625', 'AT5G37850', 'AT5G57800', 'AT5G65670']"
NEG::random::0140,0,random_gene_set,synthetic_negative,"['AT1G09090', 'AT1G43170', 'AT1G52560', 'AT1G74010', 'AT1G80230', 'AT2G29460', 'AT2G47760', 'AT4G01995', 'AT5G13710', 'AT5G18630', 'AT5G40890', 'AT5G49950']"
NEG::random::0141,0,random_gene_set,synthetic_negative,"['AT1G05240', 'AT1G05853', 'AT1G08520', 'AT1G15930', 'AT1G22620', 'AT1G32620', 'AT2G19490', 'AT2G21610', 'AT2G21890', 'AT2G28305', 'AT3G03370', 'AT3G03600', 'AT3G03640', 'AT3G03750', 'AT3G19260', 'AT3G20330', 'AT3G23325', 'AT3G49120', 'AT3G50290', 'AT4G15350', 'AT4G22110', 'AT4G32810', 'AT5G25265', 'AT5G53487', 'AT5G56350', 'AT5G61310', 'AT5G63840']"
NEG::random::0142,0,random_gene_set,synthetic_negative,"['AT1G64710', 'AT1G72110', 'AT1G77560', 'AT3G02590', 'AT3G16400', 'AT4G34790']"
NEG::random::0143,0,random_gene_set,synthetic_negative,"['AT1G06860', 'AT1G07230', 'AT1G08100', 'AT1G13420', 'AT1G75350', 'AT2G17200', 'AT2G29470', 'AT2G37790', 'AT2G39040', 'AT2G41220', 'AT3G62100', 'AT4G16155', 'AT4G21870', 'AT4G34850', 'AT5G13980', 'AT5G22110', 'AT5G22420', 'AT5G23300', 'AT5G24950', 'AT5G47890', 'AT5G53902', 'AT5G54190']"
NEG::random::0144,0,random_gene_set,synthetic_negative,"['AT1G15080', 'AT1G30825', 'AT2G23970', 'AT3G04580', 'AT3G14310', 'AT3G15352', 'AT3G17590', 'AT3G26280', 'AT3G55290', 'AT3G60180', 'AT4G02060', 'AT4G09500', 'AT4G11216', 'AT4G38880', 'AT5G11650', 'AT5G12480', 'AT5G14870', 'AT5G16780', 'AT5G21120', 'AT5G27430', 'AT5G38650', 'AT5G47000', 'AT5G62600', 'AT5G64570']"
NEG::random::0145,0,random_gene_set,synthetic_negative,"['AT1G04550', 'AT1G22880', 'AT1G48900', 'AT1G57360', 'AT2G01010', 'AT2G06510', 'AT2G20690', 'AT2G22380', 'AT3G02950', 'AT3G27540', 'AT4G39950', 'AT5G19670', 'AT5G44375']"
NEG::random::0146,0,random_gene_set,synthetic_negative,"['AT1G03980', 'AT1G09770', 'AT1G44350', 'AT1G62940', 'AT2G07050', 'AT2G17790', 'AT2G18760', 'AT2G20680', 'AT2G26930', 'AT2G29750', 'AT2G33385', 'AT2G38150', 'AT2G45070', 'AT3G06400', 'AT3G20270', 'AT3G26170', 'AT3G62400', 'AT4G09510', 'AT4G10490', 'AT4G21560', 'AT4G23980', 'AT4G33710', 'AT4G34720', 'AT4G34890', 'AT5G28030', 'AT5G38520', 'AT5G47890', 'AT5G56270', 'AT5G59230']"
NEG::random::0147,0,random_gene_set,synthetic_negative,"['AT1G03000', 'AT1G09420', 'AT2G44270', 'AT3G19190', 'AT3G27240']"
NEG::random::0148,0,random_gene_set,synthetic_negative,"['AT1G15520', 'AT1G16970', 'AT1G21110', 'AT1G63290', 'AT1G75780', 'AT2G14870', 'AT2G16240', 'AT2G21290', 'AT2G21330', 'AT2G31660', 'AT3G10180', 'AT3G19280', 'AT4G01480', 'AT4G02780', 'AT4G13430', 'AT4G22285', 'AT4G29570', 'AT5G25900', 'AT5G40545', 'AT5G58390']"
NEG::random::0149,0,random_gene_set,synthetic_negative,"['AT1G09760', 'AT1G12840', 'AT1G32710', 'AT1G47510', 'AT1G54100', 'AT1G61280', 'AT1G64680', 'AT1G78390', 'AT1G79470', 'AT2G32530', 'AT3G19270', 'AT3G52580', 'AT4G13570', 'AT4G24620', 'AT4G27600', 'AT4G33905', 'AT4G34135', 'AT5G01400', 'AT5G63220', 'AT5G66190']"
NEG::random::0150,0,random_gene_set,synthetic_negative,"['AT1G16225', 'AT1G78500', 'AT2G15490', 'AT4G02070', 'AT5G10160', 'AT5G11130']"
NEG::random::0151,0,random_gene_set,synthetic_negative,"['AT1G04680', 'AT1G11580', 'AT1G30825', 'AT1G80070', 'AT2G41700', 'AT2G43080', 'AT3G61830', 'AT4G19050', 'AT4G38970', 'AT5G11320', 'AT5G58495', 'AT5G59590', 'AT5G62410']"
NEG::random::0152,0,random_gene_set,synthetic_negative,"['AT1G20480', 'AT1G32300', 'AT1G71380', 'AT1G80680', 'AT3G20270', 'AT3G52590', 'AT3G53480']"
NEG::random::0153,0,random_gene_set,synthetic_negative,"['AT1G06680', 'AT1G18590', 'AT1G52870', 'AT2G23000', 'AT2G35170', 'AT2G47620', 'AT3G12110', 'AT3G14940', 'AT4G10230', 'AT4G21220', 'AT4G30550', 'AT4G39540', 'AT5G51890', 'AT5G54160', 'AT5G67330']"
NEG::random::0154,0,random_gene_set,synthetic_negative,"['AT1G06790', 'AT1G08090', 'AT1G11560', 'AT1G29960', 'AT1G55180', 'AT1G57180', 'AT1G74088', 'AT2G25400', 'AT2G26350', 'AT2G31320', 'AT2G37420', 'AT2G39960', 'AT2G44570', 'AT2G46830', 'AT3G01540', 'AT3G10050', 'AT3G28695', 'AT3G52880', 'AT3G53430', 'AT4G14030', 'AT4G16200', 'AT4G21980', 'AT4G25585', 'AT4G33420', 'AT5G09755', 'AT5G10455', 'AT5G18640', 'AT5G37930', 'AT5G39320', 'AT5G47220']"
NEG::random::0155,0,random_gene_set,synthetic_negative,"['AT1G08320', 'AT1G20630', 'AT1G55180', 'AT3G02540', 'AT3G02910', 'AT4G14305', 'AT4G32540', 'AT4G34340', 'AT5G14060', 'AT5G24780', 'AT5G54600']"
NEG::random::0156,0,random_gene_set,synthetic_negative,"['AT1G77590', 'AT3G51310', 'AT4G00520', 'AT4G08160', 'AT4G11730', 'AT4G27600', 'AT5G16375']"
NEG::random::0157,0,random_gene_set,synthetic_negative,"['AT1G13170', 'AT1G36340', 'AT1G67990', 'AT2G18900', 'AT2G32290', 'AT3G19480', 'AT3G29255', 'AT3G55600', 'AT3G56860', 'AT3G57660', 'AT3G61545', 'AT4G21280', 'AT4G34720', 'AT5G16230', 'AT5G43900', 'AT5G56270', 'AT5G59230', 'ATCG01100']"
NEG::random::0158,0,random_gene_set,synthetic_negative,"['AT1G21120', 'AT1G33140', 'AT1G79010', 'AT2G01820', 'AT2G02580', 'AT2G02970', 'AT2G26080', 'AT2G31865', 'AT2G36140', 'AT2G42590', 'AT2G45150', 'AT2G45170', 'AT3G10550', 'AT3G20520', 'AT3G23990', 'AT3G52270', 'AT4G04615', 'AT5G04040', 'AT5G16120', 'AT5G20180', 'AT5G26780', 'AT5G44090', 'ATMG01280']"
NEG::random::0159,0,random_gene_set,synthetic_negative,"['AT1G78960', 'AT2G45210', 'AT3G21660', 'AT3G45955', 'AT4G20870', 'AT4G33760', 'AT5G40440']"
NEG::random::0160,0,random_gene_set,synthetic_negative,"['AT1G45000', 'AT1G51380', 'AT1G78800', 'AT2G03667', 'AT2G16440', 'AT2G23890', 'AT2G39270', 'AT3G09990', 'AT3G61130', 'AT4G09900', 'AT4G14800', 'AT4G20960', 'AT4G36110', 'AT4G37970', 'AT5G36110', 'AT5G43380', 'AT5G53390', 'AT5G53810']"
NEG::random::0161,0,random_gene_set,synthetic_negative,"['AT1G04610', 'AT1G21700', 'AT1G34410', 'AT1G54490', 'AT1G63340', 'AT1G69190', 'AT3G10160', 'AT3G13570', 'AT3G23490', 'AT3G48930', 'AT3G52160', 'AT4G12115', 'AT4G28320', 'AT5G28740', 'AT5G67510']"
NEG::random::0162,0,random_gene_set,synthetic_negative,"['AT1G28820', 'AT1G36160', 'AT1G45246', 'AT2G17380', 'AT3G12990', 'AT3G28415', 'AT4G02280', 'AT5G09490', 'AT5G18820', 'AT5G25820']"
NEG::random::0163,0,random_gene_set,synthetic_negative,"['AT1G06610', 'AT1G19310', 'AT1G58983', 'AT3G16520', 'AT5G03280', 'AT5G55370']"
NEG::random::0164,0,random_gene_set,synthetic_negative,"['AT1G47600', 'AT2G43290', 'AT3G04580', 'AT3G08690', 'AT3G13930', 'AT3G54600', 'AT3G58490', 'AT5G04940', 'AT5G65010']"
NEG::random::0165,0,random_gene_set,synthetic_negative,"['AT1G11640', 'AT1G19550', 'AT1G30380', 'AT1G35240', 'AT2G01890', 'AT2G26230', 'AT2G38010', 'AT2G38030', 'AT2G43430', 'AT3G10230', 'AT3G21660', 'AT3G21790', 'AT4G16235', 'AT4G21870', 'AT4G24190', 'AT4G27690', 'AT5G09600', 'AT5G13220', 'AT5G17820', 'AT5G18180', 'AT5G52547', 'AT5G55720']"
NEG::random::0166,0,random_gene_set,synthetic_negative,"['AT1G02830', 'AT1G22380', 'AT1G49980', 'AT1G55865', 'AT1G64440', 'AT2G24610', 'AT2G47210', 'AT3G43440', 'AT3G53120', 'AT4G15530', 'AT4G16720', 'AT4G16760', 'AT5G05870', 'AT5G13480', 'AT5G16310', 'AT5G23330', 'AT5G25900', 'AT5G51200']"
NEG::random::0167,0,random_gene_set,synthetic_negative,"['AT1G12350', 'AT1G27480', 'AT1G62200', 'AT1G79370', 'AT2G21940', 'AT2G23420', 'AT2G27340', 'AT2G33310', 'AT2G33920', 'AT2G39090', 'AT3G02590', 'AT3G15010', 'AT3G18820', 'AT3G23150', 'AT3G48570', 'AT3G52880', 'AT3G52990', 'AT3G55110', 'AT3G57040', 'AT4G05420', 'AT4G13460', 'AT4G15340', 'AT4G32640', 'AT5G13300', 'AT5G28850', 'AT5G58310']"
NEG::random::0168,0,random_gene_set,synthetic_negative,"['AT1G10580', 'AT1G28350', 'AT1G52940', 'AT1G62810', 'AT1G74000', 'AT2G21670', 'AT2G31790', 'AT2G32790', 'AT3G16320', 'AT3G55320', 'AT4G11911', 'AT4G23920', 'AT5G15520', 'AT5G16580', 'AT5G23300', 'AT5G49190', 'ATMG00590']"
NEG::random::0169,0,random_gene_set,synthetic_negative,"['AT1G29940', 'AT1G34520', 'AT1G58180', 'AT1G59880', 'AT1G77420', 'AT1G79190', 'AT2G15950', 'AT2G20490', 'AT2G23350', 'AT2G24180', 'AT2G24380', 'AT3G18880', 'AT3G46830', 'AT4G21090', 'AT4G36245', 'AT5G22130']"
NEG::random::0170,0,random_gene_set,synthetic_negative,"['AT1G07230', 'AT1G10040', 'AT1G27160', 'AT1G52280', 'AT1G59820', 'AT1G72590', 'AT3G52990', 'AT3G61220', 'AT3G61715', 'AT4G01820', 'AT4G18440', 'AT5G22490', 'AT5G56975']"
NEG::random::0171,0,random_gene_set,synthetic_negative,"['AT1G02690', 'AT1G06820', 'AT1G23330', 'AT1G31070', 'AT1G35550', 'AT1G45242', 'AT1G50575', 'AT1G68000', 'AT1G71010', 'AT2G17340', 'AT2G22640', 'AT2G26670', 'AT2G47110', 'AT3G14940', 'AT3G16857', 'AT3G20430', 'AT3G20500', 'AT3G23325', 'AT3G47290', 'AT3G48560', 'AT3G55700', 'AT4G10490', 'AT5G07880', 'AT5G10560', 'AT5G15840', 'AT5G51820', 'AT5G54690', 'AT5G55130', 'AT5G58490', 'AT5G64140']"
NEG::random::0172,0,random_gene_set,synthetic_negative,"['AT1G19670', 'AT1G20920', 'AT1G33990', 'AT1G56880', 'AT1G77140', 'AT2G35370', 'AT2G43160', 'AT4G36800', 'AT5G14480', 'AT5G15760', 'AT5G19320', 'AT5G42650', 'AT5G45600']"
NEG::random::0173,0,random_gene_set,synthetic_negative,"['AT1G09690', 'AT1G19580', 'AT1G28770', 'AT1G66580', 'AT2G21270', 'AT2G31865', 'AT2G32550', 'AT2G37550', 'AT3G17360', 'AT3G23100', 'AT3G53910', 'AT3G55750', 'AT4G27670', 'AT4G37430', 'AT5G02560', 'AT5G07410', 'AT5G08030', 'AT5G16790', 'AT5G36220', 'AT5G42830', 'AT5G57815']"
NEG::random::0174,0,random_gene_set,synthetic_negative,"['AT1G02850', 'AT1G09000', 'AT1G50580', 'AT1G55625', 'AT1G65660', 'AT1G68210', 'AT1G76330', 'AT2G04030', 'AT2G17900', 'AT3G01820', 'AT3G28490', 'AT3G46060', 'AT4G15180', 'AT4G26390', 'AT4G26740', 'AT4G28800', 'AT4G34930', 'AT4G37770', 'AT5G49180', 'AT5G56650', 'AT5G66310', 'ATCG00600']"
NEG::random::0175,0,random_gene_set,synthetic_negative,"['AT1G01910', 'AT1G09780', 'AT1G17660', 'AT1G24170', 'AT1G48860', 'AT1G62710', 'AT1G69370', 'AT1G73240', 'AT1G74950', 'AT2G17360', 'AT2G22905', 'AT3G02715', 'AT3G12830', 'AT3G17609', 'AT3G48010', 'AT3G49660', 'AT3G54920', 'AT4G03240', 'AT4G22540', 'AT4G23420', 'AT4G27820', 'AT4G28940', 'AT5G02560', 'AT5G08690', 'AT5G13430', 'AT5G20480', 'AT5G62230', 'AT5G67380']"
NEG::random::0176,0,random_gene_set,synthetic_negative,"['AT1G63380', 'AT1G79230', 'AT1G80070', 'AT2G25850', 'AT2G28210', 'AT2G41490', 'AT2G43870', 'AT3G05710', 'AT3G44830', 'AT3G45955', 'AT3G46210', 'AT3G47830', 'AT3G58790', 'AT3G62670', 'AT4G18230', 'AT4G27560', 'AT4G29570', 'AT4G34260', 'AT4G36635', 'AT5G43600', 'AT5G57440', 'AT5G67150', 'ATCG00890']"
NEG::random::0177,0,random_gene_set,synthetic_negative,"['AT1G27440', 'AT1G32060', 'AT1G33410', 'AT1G61910', 'AT1G76000', 'AT2G04560', 'AT2G23960', 'AT2G34850', 'AT3G13290', 'AT3G14550', 'AT3G21110', 'AT4G35310', 'AT5G22500', 'AT5G25180']"
NEG::random::0178,0,random_gene_set,synthetic_negative,"['AT1G07450', 'AT1G32440', 'AT1G47980', 'AT1G80100', 'AT2G32950', 'AT2G41190', 'AT3G07115', 'AT3G11040', 'AT3G45850', 'AT3G47470', 'AT4G19230', 'AT4G34860', 'AT5G02490', 'AT5G04940', 'AT5G07360', 'AT5G32470', 'AT5G45930', 'AT5G57350', 'AT5G64050']"
NEG::random::0179,0,random_gene_set,synthetic_negative,"['AT1G16225', 'AT1G75110', 'AT2G16890', 'AT2G18600', 'AT2G32550', 'AT2G33950', 'AT3G10280', 'AT3G10850', 'AT3G52730', 'AT4G05000', 'AT4G38220', 'AT5G28060', 'AT5G38710', 'AT5G60170']"
NEG::random::0180,0,random_gene_set,synthetic_negative,"['AT1G11755', 'AT1G14240', 'AT1G76000', 'AT2G16530', 'AT2G18710', 'AT2G30330', 'AT2G38700', 'AT3G07180', 'AT3G10540', 'AT3G14610', 'AT3G19870', 'AT3G21240', 'AT3G46500', 'AT4G29270', 'AT5G14610', 'AT5G47630', 'AT5G50760']"
NEG::random::0181,0,random_gene_set,synthetic_negative,"['AT1G31230', 'AT1G48210', 'AT1G58643', 'AT1G72370', 'AT2G36230', 'AT3G60690', 'AT4G11213', 'AT4G22380', 'AT4G23420', 'AT4G26260', 'AT5G37720', 'AT5G67310']"
NEG::random::0182,0,random_gene_set,synthetic_negative,"['AT1G05570', 'AT1G05790', 'AT1G12730', 'AT1G16740', 'AT1G24793', 'AT1G56910', 'AT1G69300', 'AT1G73980', 'AT2G36970', 'AT2G42910', 'AT2G45200', 'AT3G02580', 'AT3G55260', 'AT3G60500', 'AT3G61710', 'AT4G01995', 'AT4G34000', 'AT5G07360', 'AT5G13220', 'AT5G25980', 'AT5G26240', 'AT5G37890', 'AT5G45130', 'AT5G56745']"
NEG::random::0183,0,random_gene_set,synthetic_negative,"['AT1G04263', 'AT1G05590', 'AT1G09110', 'AT1G28940', 'AT1G57270', 'AT1G75230', 'AT1G78690', 'AT2G05180', 'AT2G25180', 'AT2G36660', 'AT3G01340', 'AT3G06560', 'AT3G11395', 'AT3G50895', 'AT3G57370', 'AT4G01995', 'AT5G11200', 'AT5G16290', 'AT5G22510', 'AT5G44750', 'AT5G58700', 'AT5G62980']"
NEG::random::0184,0,random_gene_set,synthetic_negative,"['AT1G06640', 'AT1G08520', 'AT1G10670', 'AT1G43950', 'AT1G56900', 'AT1G78900', 'AT2G04550', 'AT2G19990', 'AT2G23000', 'AT2G28755', 'AT3G46170', 'AT4G27885', 'AT5G02610', 'AT5G20620', 'AT5G28510', 'AT5G42040', 'AT5G48950']"
NEG::random::0185,0,random_gene_set,synthetic_negative,"['AT1G04410', 'AT1G05610', 'AT1G19570', 'AT1G20210', 'AT1G22760', 'AT1G26880', 'AT1G48690', 'AT1G55750', 'AT2G19190', 'AT3G02335', 'AT3G05525', 'AT3G07820', 'AT3G11950', 'AT3G51850', 'AT3G62120', 'AT4G15350', 'AT4G20800', 'AT4G34035', 'AT5G06950', 'AT5G13190', 'AT5G16050', 'AT5G17020', 'AT5G18170', 'AT5G18800', 'AT5G24760', 'AT5G42540', 'AT5G50680', 'AT5G54390', 'AT5G63620', 'AT5G67530']"
NEG::random::0186,0,random_gene_set,synthetic_negative,"['AT1G06515', 'AT2G28860', 'AT2G31020', 'AT2G34060', 'AT3G14600', 'AT3G53870', 'AT4G20990', 'AT5G18930', 'AT5G39770', 'AT5G54950', 'AT5G62840']"
NEG::random::0187,0,random_gene_set,synthetic_negative,"['AT1G26270', 'AT1G28490', 'AT1G70730', 'AT1G77100', 'AT2G17720', 'AT2G25490', 'AT3G01890', 'AT3G09680', 'AT3G16100', 'AT3G25250', 'AT3G28910', 'AT4G12250', 'AT4G34138']"
NEG::random::0188,0,random_gene_set,synthetic_negative,"['AT1G04860', 'AT1G06690', 'AT1G30510', 'AT1G77490', 'AT2G03190', 'AT2G21730', 'AT2G23210', 'AT2G48150', 'AT3G03250', 'AT3G06110', 'AT3G07025', 'AT3G22560', 'AT3G45640', 'AT3G49700', 'AT3G52565', 'AT3G59923', 'AT3G63460', 'AT4G13000', 'AT5G06670', 'AT5G10160', 'AT5G14500', 'AT5G24900']"
NEG::random::0189,0,random_gene_set,synthetic_negative,"['AT1G22370', 'AT1G22400', 'AT1G26830', 'AT1G30760', 'AT1G52340', 'AT1G53025', 'AT1G59870', 'AT1G72990', 'AT1G79280', 'AT2G06510', 'AT2G30750', 'AT2G36790', 'AT2G47180', 'AT3G08947', 'AT3G21090', 'AT3G30180', 'AT3G43210', 'AT3G47680', 'AT3G56380', 'AT4G04695', 'AT4G05140', 'AT4G16745', 'AT4G24170', 'AT4G27550', 'AT4G30800', 'AT5G13380', 'AT5G47770', 'AT5G56720', 'AT5G64210']"
NEG::random::0190,0,random_gene_set,synthetic_negative,"['AT1G02530', 'AT1G09240', 'AT1G15650', 'AT1G55320', 'AT1G73540', 'AT1G79450', 'AT2G07707', 'AT2G18640', 'AT2G30860', 'AT2G33630', 'AT2G38210', 'AT3G09790', 'AT3G10950', 'AT3G48610', 'AT4G08160', 'AT4G18550', 'AT5G02880', 'AT5G03340', 'AT5G18170', 'AT5G24240', 'AT5G26680', 'AT5G55505', 'AT5G66210']"
NEG::random::0191,0,random_gene_set,synthetic_negative,"['AT1G04263', 'AT1G20480', 'AT1G21700', 'AT1G29510', 'AT1G47510', 'AT1G57320', 'AT1G80390', 'AT2G31320', 'AT2G33730', 'AT3G01715', 'AT3G14735', 'AT3G25850', 'AT3G45310', 'AT3G47390', 'AT3G50530', 'AT3G54440', 'AT3G55460', 'AT3G63080', 'AT4G02290', 'AT4G05020', 'AT4G33420', 'AT5G05690', 'AT5G08470', 'AT5G16230', 'AT5G18030', 'AT5G20160', 'AT5G23230', 'AT5G42930', 'AT5G62690']"
NEG::random::0192,0,random_gene_set,synthetic_negative,"['AT1G09815', 'AT1G32470', 'AT1G58380', 'AT1G68890', 'AT3G14415', 'AT3G18630', 'AT3G49110', 'AT5G65780']"
NEG::random::0193,0,random_gene_set,synthetic_negative,"['AT1G51720', 'AT3G07525', 'AT3G12830', 'AT3G46970', 'AT3G56900', 'AT4G00050', 'AT4G26470', 'AT5G20410', 'AT5G45300', 'AT5G66930']"
NEG::random::0194,0,random_gene_set,synthetic_negative,"['AT1G34310', 'AT2G26420', 'AT2G27070', 'AT3G17860', 'AT5G11920']"
NEG::random::0195,0,random_gene_set,synthetic_negative,"['AT1G52370', 'AT1G58300', 'AT1G71700', 'AT1G74000', 'AT2G07687', 'AT2G19690', 'AT2G25180', 'AT2G33860', 'AT2G36310', 'AT2G47610', 'AT2G47640', 'AT3G26180', 'AT3G29130', 'AT3G55360', 'AT3G56060', 'AT3G56350', 'AT4G05330', 'AT4G20440', 'AT4G23590', 'AT4G23890', 'AT4G32850', 'AT5G01670', 'AT5G10120', 'AT5G12020', 'AT5G19880', 'AT5G45190']"
NEG::random::0196,0,random_gene_set,synthetic_negative,"['AT1G03310', 'AT1G57500', 'AT1G63050', 'AT2G32600', 'AT3G12260', 'AT3G30290', 'AT3G56850', 'AT5G10300', 'AT5G54250']"
NEG::random::0197,0,random_gene_set,synthetic_negative,"['AT1G02530', 'AT1G17640', 'AT1G26410', 'AT1G65840', 'AT1G69720', 'AT2G30920', 'AT3G28685', 'AT5G04305', 'AT5G06125']"
NEG::random::0198,0,random_gene_set,synthetic_negative,"['AT1G04310', 'AT1G16240', 'AT1G17560', 'AT1G26570', 'AT1G56860', 'AT1G67350', 'AT1G78090', 'AT2G20800', 'AT2G23190', 'AT2G36530', 'AT2G40190', 'AT2G42005', 'AT3G14890', 'AT3G25110', 'AT3G27850', 'AT4G03930', 'AT4G17050', 'AT4G26225', 'AT4G27260', 'AT4G29270', 'AT5G51310', 'AT5G65305']"
NEG::random::0199,0,random_gene_set,synthetic_negative,"['AT1G20480', 'AT1G28930', 'AT1G28980', 'AT1G55870', 'AT1G62800', 'AT1G70710', 'AT1G75350', 'AT2G07785', 'AT2G17320', 'AT2G22220', 'AT2G29540', 'AT2G46610', 'AT3G08960', 'AT3G62000', 'AT4G04710', 'AT4G05320', 'AT4G16680', 'AT4G26150', 'AT4G30510', 'AT4G34740', 'AT5G14900', 'AT5G15410', 'AT5G26570']"
NEG::random::0200,0,random_gene_set,synthetic_negative,"['AT2G36310', 'AT3G03430', 'AT3G56020', 'AT4G12065', 'AT4G15280', 'AT4G31460', 'AT5G25980', 'AT5G28237', 'AT5G43640']"
NEG::random::0201,0,random_gene_set,synthetic_negative,"['AT1G01090', 'AT1G01610', 'AT1G25230', 'AT1G52980', 'AT1G53930', 'AT1G57660', 'AT1G59670', 'AT1G73570', 'AT1G75350', 'AT1G79230', 'AT2G21450', 'AT3G29770', 'AT3G42050', 'AT4G20780', 'AT4G23850', 'AT4G24010', 'AT4G36770', 'AT5G17330', 'AT5G38970', 'AT5G45400', 'AT5G46850', 'AT5G66190', 'AT5G67030']"
NEG::random::0202,0,random_gene_set,synthetic_negative,"['AT1G13320', 'AT1G20510', 'AT1G34245', 'AT1G50670', 'AT2G01760', 'AT2G29070', 'AT2G35370', 'AT3G14630', 'AT3G19100', 'AT3G29090', 'AT3G50740', 'AT3G53610', 'AT4G35830', 'AT5G24090', 'AT5G46790']"
NEG::random::0203,0,random_gene_set,synthetic_negative,"['AT1G20580', 'AT1G52830', 'AT1G58370', 'AT1G74910', 'AT2G21580', 'AT2G30910', 'AT2G32290', 'AT2G43460', 'AT3G02080', 'AT3G03850', 'AT3G06040', 'AT3G30842', 'AT3G55940', 'AT3G58990', 'AT4G20930', 'AT4G28680', 'AT5G07870', 'AT5G09490', 'AT5G33280', 'AT5G55350', 'AT5G56970', 'AT5G57950']"
NEG::random::0204,0,random_gene_set,synthetic_negative,"['AT1G06750', 'AT1G35670', 'AT1G62660', 'AT2G07050', 'AT2G41370', 'AT2G46340', 'AT3G17820', 'AT3G19760', 'AT3G27060', 'AT3G47810', 'AT4G03285', 'AT4G04615', 'AT4G33420', 'AT5G01930', 'AT5G04530', 'AT5G41190', 'AT5G61540', 'AT5G64687']"
NEG::random::0205,0,random_gene_set,synthetic_negative,"['AT1G02530', 'AT1G03445', 'AT1G04160', 'AT1G26430', 'AT1G63000', 'AT1G66750', 'AT1G67980', 'AT1G68280', 'AT1G74890', 'AT2G07757', 'AT2G30730', 'AT2G35990', 'AT2G40670', 'AT2G44800', 'AT2G46970', 'AT3G01420', 'AT3G03310', 'AT3G14415', 'AT3G20040', 'AT3G51240', 'AT3G57220', 'AT4G04210', 'AT4G15165', 'AT4G21180', 'AT4G24280', 'AT4G37050', 'AT5G14670', 'AT5G20060', 'AT5G67455']"
NEG::random::0206,0,random_gene_set,synthetic_negative,"['AT1G08490', 'AT1G11030', 'AT1G15090', 'AT2G07748', 'AT2G20680', 'AT2G20875', 'AT3G07130', 'AT3G44250', 'AT4G26260', 'AT4G30530', 'AT4G32175', 'AT5G04620', 'AT5G07200']"
NEG::random::0207,0,random_gene_set,synthetic_negative,"['AT1G07440', 'AT1G07890', 'AT1G09620', 'AT1G29310', 'AT1G60980', 'AT2G47110', 'AT3G23670', 'AT3G28710', 'AT3G29770', 'AT3G47930', 'AT3G63080', 'AT4G21530', 'AT4G22980', 'AT4G28200', 'AT4G32210', 'AT5G09860', 'AT5G11240', 'AT5G20620', 'AT5G20850', 'AT5G47000', 'AT5G51950', 'AT5G63920', 'AT5G67110']"
NEG::random::0208,0,random_gene_set,synthetic_negative,"['AT1G22100', 'AT1G48850', 'AT1G62430', 'AT3G13290', 'AT5G07675', 'AT5G17040', 'AT5G55480', 'AT5G60100', 'AT5G66140']"
NEG::random::0209,0,random_gene_set,synthetic_negative,"['AT1G14650', 'AT1G16510', 'AT1G27600', 'AT2G31750', 'AT3G20210', 'AT4G29530', 'AT5G09290', 'AT5G62480']"
NEG::random::0210,0,random_gene_set,synthetic_negative,"['AT1G04320', 'AT1G04750', 'AT1G59870', 'AT1G67710', 'AT2G21550', 'AT2G32160', 'AT2G36850', 'AT2G46470', 'AT3G08947', 'AT3G12260', 'AT3G54920', 'AT4G15233', 'AT4G23590', 'AT4G34020', 'AT4G35800', 'AT4G37410', 'AT5G08570', 'AT5G13190', 'AT5G17420', 'AT5G56610', 'AT5G59385', 'AT5G60640']"
NEG::random::0211,0,random_gene_set,synthetic_negative,"['AT1G01910', 'AT1G11550', 'AT1G16350', 'AT1G17160', 'AT1G22400', 'AT1G54220', 'AT1G60830', 'AT1G60860', 'AT1G67430', 'AT1G69485', 'AT2G18250', 'AT2G21200', 'AT3G10330', 'AT3G20210', 'AT3G50895', 'AT3G52200', 'AT4G21810', 'AT4G29080', 'AT4G36960', 'AT5G02810', 'AT5G14800', 'AT5G19890', 'AT5G24410', 'AT5G52570', 'AT5G56680', 'AT5G57940']"
NEG::random::0212,0,random_gene_set,synthetic_negative,"['AT1G23210', 'AT1G23900', 'AT1G33850', 'AT1G34340', 'AT2G20450', 'AT2G39260', 'AT2G42020', 'AT3G26190', 'AT3G27170', 'AT4G04620', 'AT4G08480', 'AT4G09320', 'AT5G04885', 'AT5G56290']"
NEG::random::0213,0,random_gene_set,synthetic_negative,"['AT1G23240', 'AT1G64200', 'AT1G65070', 'AT2G32540', 'AT4G16190', 'AT4G26530', 'AT5G15070']"
NEG::random::0214,0,random_gene_set,synthetic_negative,"['AT1G03410', 'AT1G59880', 'AT1G75650', 'AT5G26220', 'AT5G41130']"
NEG::random::0215,0,random_gene_set,synthetic_negative,"['AT1G13640', 'AT1G21650', 'AT1G49300', 'AT1G52170', 'AT1G62660', 'AT1G66800', 'AT2G04440', 'AT2G21880', 'AT2G23930', 'AT2G30150', 'AT2G30740', 'AT3G01510', 'AT3G02590', 'AT3G25715', 'AT4G07875', 'AT4G30580', 'AT4G39510', 'AT5G07830', 'AT5G13580', 'AT5G17540', 'AT5G20020', 'AT5G22940', 'AT5G56630', 'AT5G64140', 'ATCG00420']"
NEG::random::0216,0,random_gene_set,synthetic_negative,"['AT1G26170', 'AT1G62540', 'AT1G66150', 'AT1G69720', 'AT1G78090', 'AT2G15680', 'AT2G17800', 'AT2G20140', 'AT2G26670', 'AT2G43480', 'AT3G11505', 'AT3G19100', 'AT3G47800', 'AT5G05170', 'AT5G56010']"
NEG::random::0217,0,random_gene_set,synthetic_negative,"['AT1G09270', 'AT1G56800', 'AT1G60140', 'AT1G74000', 'AT2G41060', 'AT2G41500', 'AT2G45670', 'AT3G03852', 'AT3G17470', 'AT3G21780', 'AT3G56310', 'AT3G61220', 'AT4G09530', 'AT4G14930', 'AT4G27820', 'AT4G30540', 'AT4G31870', 'AT5G02470', 'AT5G06460', 'AT5G28510', 'AT5G54260', 'AT5G55040', 'AT5G55720']"
NEG::random::0218,0,random_gene_set,synthetic_negative,"['AT1G08110', 'AT1G25083', 'AT1G33120', 'AT1G51720', 'AT1G65560', 'AT1G72880', 'AT1G74010', 'AT1G75850', 'AT2G14960', 'AT2G16570', 'AT2G18790', 'AT2G24400', 'AT2G39440', 'AT3G27440', 'AT3G27620', 'AT3G33520', 'AT3G51520', 'AT3G53970', 'AT3G55010', 'AT4G01590', 'AT4G15233', 'AT4G27830', 'AT4G34620', 'AT4G39850', 'AT5G05760', 'AT5G18870', 'AT5G30500', 'AT5G42830', 'AT5G43500', 'AT5G54310']"
NEG::random::0219,0,random_gene_set,synthetic_negative,"['AT1G02840', 'AT1G08550', 'AT1G29450', 'AT1G57050', 'AT2G33860', 'AT2G44320', 'AT2G47750', 'AT3G02335', 'AT3G13672', 'AT4G05330', 'AT4G15370', 'AT4G27420', 'AT4G34570', 'AT5G06090', 'AT5G65720']"
NEG::random::0220,0,random_gene_set,synthetic_negative,"['AT1G06020', 'AT1G28740', 'AT1G57380', 'AT1G65480', 'AT1G65660', 'AT2G29590', 'AT2G37280', 'AT2G38020', 'AT2G44040', 'AT3G18952', 'AT3G24180', 'AT3G27380', 'AT4G00020', 'AT4G12115', 'AT4G16760', 'AT4G24190', 'AT4G32280', 'AT5G04370', 'AT5G21060', 'AT5G47700']"
NEG::random::0221,0,random_gene_set,synthetic_negative,"['AT1G10070', 'AT1G79980', 'AT2G02765', 'AT2G07741', 'AT2G28260', 'AT2G38210', 'AT3G01180', 'AT3G07525', 'AT3G07940', 'AT3G30180', 'AT3G45140', 'AT4G19180', 'AT4G38990', 'AT5G13430', 'AT5G15490', 'AT5G24960', 'AT5G55480', 'ATCG00430']"
NEG::random::0222,0,random_gene_set,synthetic_negative,"['AT1G07410', 'AT1G30400', 'AT1G48470', 'AT1G51680', 'AT1G57480', 'AT1G58470', 'AT1G69300', 'AT2G18950', 'AT2G28420', 'AT3G07820', 'AT3G13560', 'AT3G14780', 'AT3G53750', 'AT3G56800', 'AT4G09135', 'AT4G12740', 'AT4G16720', 'AT4G17870', 'AT5G05170', 'AT5G20990', 'AT5G34780']"
NEG::random::0223,0,random_gene_set,synthetic_negative,"['AT1G01210', 'AT1G13850', 'AT1G21420', 'AT1G24807', 'AT1G52350', 'AT1G54220', 'AT1G57870', 'AT1G60620', 'AT1G64750', 'AT1G70050', 'AT1G71100', 'AT1G80460', 'AT2G28730', 'AT2G30050', 'AT2G30550', 'AT2G36910', 'AT2G40690', 'AT3G06665', 'AT3G25140', 'AT3G25770', 'AT4G34650', 'AT5G25890', 'AT5G41080', 'AT5G42580', 'AT5G44790', 'AT5G62430']"
NEG::random::0224,0,random_gene_set,synthetic_negative,"['AT1G02410', 'AT1G24735', 'AT1G28720', 'AT1G56450', 'AT1G57100', 'AT2G03490', 'AT2G40100', 'AT3G01420', 'AT3G06310', 'AT3G28710', 'AT3G43670', 'AT4G00880', 'AT4G02400', 'AT5G01600', 'AT5G02435', 'AT5G13570', 'AT5G35630', 'AT5G58730']"
NEG::random::0225,0,random_gene_set,synthetic_negative,"['AT1G18830', 'AT1G27130', 'AT1G48050', 'AT1G49530', 'AT1G74320', 'AT2G02497', 'AT2G23000', 'AT2G32770', 'AT2G35370', 'AT3G01830', 'AT3G04490', 'AT3G06260', 'AT3G07630', 'AT3G14510', 'AT3G26230', 'AT3G29255', 'AT3G60075', 'AT4G17890', 'AT4G36750', 'AT4G38190', 'AT5G07870', 'AT5G15220', 'AT5G24950', 'AT5G29560', 'AT5G51110', 'AT5G54865', 'AT5G66530']"
NEG::random::0226,0,random_gene_set,synthetic_negative,"['AT1G01390', 'AT1G07100', 'AT1G62710', 'AT1G76860', 'AT1G80250', 'AT2G38730', 'AT2G45210', 'AT2G47000', 'AT3G47290', 'AT3G50880', 'AT4G15210', 'AT4G21810', 'AT4G37010', 'AT5G18100', 'AT5G26900', 'AT5G51940']"
NEG::random::0227,0,random_gene_set,synthetic_negative,"['AT1G11400', 'AT1G20420', 'AT1G26220', 'AT1G51380', 'AT1G55490', 'AT1G63340', 'AT1G65930', 'AT1G74050', 'AT1G78900', 'AT2G23400', 'AT2G28830', 'AT2G30830', 'AT2G38670', 'AT3G03630', 'AT3G04120', 'AT3G07115', 'AT3G14735', 'AT3G17820', 'AT3G50560', 'AT4G18725', 'AT4G31760', 'AT4G33830', 'AT4G38240', 'AT5G20970']"
NEG::random::0228,0,random_gene_set,synthetic_negative,"['AT1G08870', 'AT1G22020', 'AT1G28850', 'AT1G29965', 'AT1G57440', 'AT1G63160', 'AT2G16595', 'AT2G40840', 'AT3G07130', 'AT3G09340', 'AT3G13784', 'AT3G26640', 'AT3G55090', 'AT4G34131', 'AT4G39880', 'AT5G02180', 'AT5G16090', 'AT5G46325', 'AT5G55505', 'AT5G63680']"
NEG::random::0229,0,random_gene_set,synthetic_negative,"['AT1G03640', 'AT1G03970', 'AT1G14230', 'AT1G33520', 'AT1G48090', 'AT1G57220', 'AT2G15310', 'AT2G29210', 'AT2G33040', 'AT3G01010', 'AT3G03600', 'AT3G08520', 'AT3G13940', 'AT3G14570', 'AT3G21850', 'AT3G23750', 'AT3G46660', 'AT3G51135', 'AT3G52600', 'AT4G11830', 'AT4G20280', 'AT4G28720', 'AT4G33820', 'AT4G37100', 'AT5G02270', 'AT5G18640', 'AT5G27945', 'AT5G45130', 'AT5G46630', 'AT5G46750']"
NEG::random::0230,0,random_gene_set,synthetic_negative,"['AT1G02730', 'AT1G21390', 'AT1G31770', 'AT1G55300', 'AT1G62960', 'AT1G68970', 'AT2G14860', 'AT2G37420', 'AT2G38050', 'AT2G46030', 'AT3G03490', 'AT3G14390', 'AT3G23800', 'AT3G30180', 'AT3G54600', 'AT3G59415', 'AT3G60250', 'AT4G15930', 'AT4G23660', 'AT4G38190', 'AT5G08250', 'AT5G09600', 'AT5G14500', 'AT5G23980', 'AT5G40040', 'AT5G48900', 'AT5G58330', 'AT5G66005', 'AT5G66390']"
NEG::random::0231,0,random_gene_set,synthetic_negative,"['AT1G10050', 'AT1G12470', 'AT1G12920', 'AT1G36370', 'AT2G07732', 'AT2G22590', 'AT2G27010', 'AT2G38140', 'AT2G46580', 'AT2G47060', 'AT3G14735', 'AT3G25660', 'AT3G26618', 'AT3G47540', 'AT4G18730', 'AT4G38220', 'AT5G02270', 'AT5G65260']"
NEG::random::0232,0,random_gene_set,synthetic_negative,"['AT1G04907', 'AT1G06520', 'AT1G09000', 'AT1G09240', 'AT1G22410', 'AT1G26560', 'AT1G31770', 'AT1G45240', 'AT1G61680', 'AT1G62940', 'AT2G05170', 'AT2G18400', 'AT2G26170', 'AT2G27480', 'AT2G34520', 'AT2G43840', 'AT2G43880', 'AT3G06690', 'AT3G12580', 'AT3G20960', 'AT3G59290', 'AT3G60250', 'AT3G62400', 'AT4G17480', 'AT4G29220', 'AT5G14220', 'AT5G15805', 'AT5G17820', 'AT5G50995']"
NEG::random::0233,0,random_gene_set,synthetic_negative,"['AT2G02970', 'AT2G20810', 'AT2G40330', 'AT3G16400', 'AT3G24670', 'AT3G48610', 'AT4G24350', 'AT4G28410', 'AT5G02880']"
NEG::random::0234,0,random_gene_set,synthetic_negative,"['AT1G06290', 'AT1G09630', 'AT1G10290', 'AT1G20210', 'AT1G20750', 'AT1G28830', 'AT1G54050', 'AT1G64590', 'AT2G28830', 'AT2G35170', 'AT2G38210', 'AT2G48150', 'AT3G03110', 'AT3G07820', 'AT3G13970', 'AT3G25070', 'AT3G53890', 'AT3G56600', 'AT4G09720', 'AT4G22050', 'AT4G29410', 'AT4G29570', 'AT5G13500', 'AT5G13920', 'AT5G19880', 'AT5G20430', 'AT5G48840', 'AT5G51290']"
NEG::random::0235,0,random_gene_set,synthetic_negative,"['AT1G20960', 'AT1G33980', 'AT1G66980', 'AT2G16580', 'AT2G29290', 'AT3G17360', 'AT4G10340', 'AT4G23980', 'AT4G33680', 'AT5G13010', 'AT5G18810', 'AT5G42750', 'AT5G56490']"
NEG::random::0236,0,random_gene_set,synthetic_negative,"['AT1G12570', 'AT1G65290', 'AT1G75110', 'AT2G02770', 'AT2G20860', 'AT2G21380', 'AT3G01420', 'AT3G18220', 'AT3G29410', 'AT3G50895', 'AT3G61580', 'AT4G11290', 'AT4G37370', 'AT5G02870', 'AT5G04315', 'AT5G19890', 'AT5G24260', 'AT5G37180', 'AT5G42790', 'AT5G44090', 'AT5G61170']"
NEG::random::0237,0,random_gene_set,synthetic_negative,"['AT1G63770', 'AT2G20060', 'AT2G23400', 'AT3G07180', 'AT4G20460', 'AT4G38930']"
NEG::random::0238,0,random_gene_set,synthetic_negative,"['AT1G05190', 'AT1G72770', 'AT3G09880', 'AT3G11670', 'AT5G38460']"
NEG::random::0239,0,random_gene_set,synthetic_negative,"['AT1G05010', 'AT1G16890', 'AT1G27535', 'AT1G48420', 'AT1G76640', 'AT1G76690', 'AT1G77670', 'AT2G18310', 'AT2G20810', 'AT2G24150', 'AT2G32730', 'AT2G34520', 'AT3G13490', 'AT3G25770', 'AT3G26150', 'AT4G15330', 'AT4G17300', 'AT4G18710', 'AT4G22050', 'AT4G22550', 'AT4G28940', 'AT5G08530', 'AT5G09600', 'AT5G14610', 'AT5G41520', 'AT5G53460']"
NEG::random::0240,0,random_gene_set,synthetic_negative,"['AT1G04010', 'AT1G55750', 'AT2G33140', 'AT2G38960', 'AT2G39610', 'AT2G40850', 'AT3G04880', 'AT3G20430', 'AT3G25960', 'AT3G42180', 'AT3G62090', 'AT4G03240', 'AT5G18800', 'AT5G51830', 'AT5G61250']"
NEG::random::0241,0,random_gene_set,synthetic_negative,"['AT1G08260', 'AT1G20670', 'AT1G22210', 'AT1G60000', 'AT1G72970', 'AT1G74000', 'AT2G12280', 'AT2G40300', 'AT3G05170', 'AT3G08940', 'AT3G46820', 'AT3G59630', 'AT4G04740', 'AT4G10680', 'AT4G27880', 'AT4G34880', 'AT4G37680', 'AT5G05260', 'AT5G20110', 'AT5G60540']"
NEG::random::0242,0,random_gene_set,synthetic_negative,"['AT1G06515', 'AT1G07720', 'AT1G56820', 'AT1G58684', 'AT2G25710', 'AT2G29360', 'AT2G31970', 'AT2G42450', 'AT2G47030', 'AT3G11950', 'AT3G16552', 'AT3G22360', 'AT3G27540', 'AT4G07410', 'AT4G14880', 'AT4G26090', 'AT4G26220', 'AT4G38040', 'AT5G20856', 'AT5G20950', 'AT5G25560']"
NEG::random::0243,0,random_gene_set,synthetic_negative,"['AT1G27520', 'AT1G43860', 'AT1G48850', 'AT1G75940', 'AT1G80070', 'AT3G01660', 'AT3G02420', 'AT3G06580', 'AT3G48040', 'AT3G61113', 'AT4G02770', 'AT4G21280', 'AT5G19200', 'AT5G59720']"
NEG::random::0244,0,random_gene_set,synthetic_negative,"['AT1G31480', 'AT1G57080', 'AT1G62886', 'AT2G24800', 'AT3G07930', 'AT4G00930', 'AT4G10320', 'AT5G16510', 'AT5G26310', 'AT5G36880', 'AT5G64250']"
NEG::random::0245,0,random_gene_set,synthetic_negative,"['AT1G29900', 'AT1G75740', 'AT2G21800', 'AT2G32610', 'AT2G33110', 'AT2G42590', 'AT2G45440', 'AT3G12830', 'AT3G51160', 'AT4G18730', 'AT4G27600', 'AT4G28470', 'AT4G29260', 'AT4G35785', 'AT5G02435', 'AT5G20940', 'AT5G24510', 'AT5G27720']"
NEG::random::0246,0,random_gene_set,synthetic_negative,"['AT1G01960', 'AT1G56900', 'AT1G62610', 'AT1G77750', 'AT2G23620', 'AT2G24270', 'AT2G37140', 'AT3G05710', 'AT3G07720', 'AT3G09260', 'AT3G21760', 'AT3G26310', 'AT3G26320', 'AT3G49050', 'AT3G59710', 'AT3G59760', 'AT5G23220', 'AT5G24910', 'AT5G53130', 'AT5G54310', 'AT5G62800', 'AT5G66680']"
NEG::random::0247,0,random_gene_set,synthetic_negative,"['AT1G06410', 'AT1G07450', 'AT1G21430', 'AT1G27890', 'AT1G51460', 'AT1G60810', 'AT1G66270', 'AT1G77510', 'AT2G34630', 'AT3G03480', 'AT3G10190', 'AT3G10610', 'AT3G12830', 'AT3G12860', 'AT3G51300', 'AT4G10260', 'AT4G13660', 'AT4G18790', 'AT4G22100', 'AT4G24830', 'AT4G25100', 'AT4G29330', 'AT4G33720', 'AT5G01220', 'AT5G15840']"
NEG::random::0248,0,random_gene_set,synthetic_negative,"['AT1G06400', 'AT1G25155', 'AT1G57270', 'AT1G58470', 'AT1G67440', 'AT2G06510', 'AT2G47000', 'AT2G47250', 'AT3G04940', 'AT3G24570', 'AT3G29095', 'AT3G53510', 'AT4G01800', 'AT4G09800', 'AT4G19600', 'AT4G26280', 'AT4G33840', 'AT5G01400', 'AT5G13380', 'AT5G18860', 'AT5G41360', 'AT5G59870', 'AT5G63980', 'AT5G67050']"
NEG::random::0249,0,random_gene_set,synthetic_negative,"['AT1G08065', 'AT1G17080', 'AT1G49240', 'AT1G61680', 'AT1G69830', 'AT1G72680', 'AT2G26080', 'AT2G33910', 'AT3G25820', 'AT3G29200', 'AT4G12800', 'AT5G09755']"
NEG::random::0250,0,random_gene_set,synthetic_negative,"['AT1G31670', 'AT1G57090', 'AT1G62380', 'AT2G02020', 'AT2G03660', 'AT2G03690', 'AT2G36600', 'AT3G20230', 'AT3G25850', 'AT3G26030', 'AT3G50665', 'AT4G20100', 'AT4G20330', 'AT4G30500', 'AT5G01250', 'AT5G43620', 'AT5G45600', 'AT5G56680', 'AT5G66310']"
NEG::random::0251,0,random_gene_set,synthetic_negative,"['AT1G02730', 'AT1G06570', 'AT1G08260', 'AT1G18260', 'AT1G18370', 'AT1G36240', 'AT2G16390', 'AT3G03840', 'AT3G09680', 'AT3G12580', 'AT3G18820', 'AT3G28490', 'AT3G44740', 'AT3G55410', 'AT3G60075', 'AT3G61110', 'AT4G21220', 'AT4G32150', 'AT4G38630', 'AT4G39850', 'AT5G10235', 'AT5G10455', 'AT5G10480', 'AT5G20270', 'AT5G36130', 'AT5G38830', 'AT5G63625', 'AT5G65015']"
NEG::random::0252,0,random_gene_set,synthetic_negative,"['AT1G10050', 'AT1G15930', 'AT1G29150', 'AT1G44180', 'AT1G53750', 'AT2G17200', 'AT2G26070', 'AT2G45630', 'AT3G07140', 'AT3G07560', 'AT3G15690', 'AT3G19210', 'AT3G53580', 'AT4G13460', 'AT4G27370', 'AT4G32765', 'AT5G10870', 'AT5G13840', 'AT5G22140', 'AT5G23580', 'AT5G27395', 'AT5G40810', 'AT5G42180', 'AT5G48370', 'AT5G51810', 'AT5G52650', 'AT5G53970', 'AT5G59160']"
NEG::random::0253,0,random_gene_set,synthetic_negative,"['AT1G52560', 'AT1G59830', 'AT2G02580', 'AT2G38700', 'AT2G46500', 'AT3G11270', 'AT4G34230', 'AT5G13160']"
NEG::random::0254,0,random_gene_set,synthetic_negative,"['AT1G09080', 'AT1G19580', 'AT1G27535', 'AT1G51780', 'AT1G73880', 'AT2G03490', 'AT2G14860', 'AT2G16370', 'AT2G17790', 'AT2G21160', 'AT2G26800', 'AT2G36305', 'AT2G36480', 'AT2G39460', 'AT3G20450', 'AT3G21860', 'AT3G24830', 'AT3G45140', 'AT3G48170', 'AT4G09320', 'AT4G17050', 'AT4G30560', 'AT5G02890', 'AT5G04170', 'AT5G05750', 'AT5G08530', 'AT5G21274', 'AT5G23250', 'AT5G24410', 'AT5G40810']"
NEG::random::0255,0,random_gene_set,synthetic_negative,"['AT1G06860', 'AT1G76640', 'AT2G24270', 'AT2G45300', 'AT2G47550', 'AT3G55870', 'AT4G05210', 'AT5G09970', 'ATMG01280']"
NEG::random::0256,0,random_gene_set,synthetic_negative,"['AT1G56600', 'AT1G57010', 'AT2G26640', 'AT2G29440', 'AT2G29730', 'AT3G19190', 'AT3G41768', 'AT4G09010', 'AT4G28706', 'AT4G37760', 'AT5G09790', 'AT5G10460', 'AT5G19095', 'AT5G46105']"
NEG::random::0257,0,random_gene_set,synthetic_negative,"['AT1G03950', 'AT1G07360', 'AT1G48080', 'AT1G53930', 'AT1G54490', 'AT1G74090', 'AT1G78500', 'AT2G14285', 'AT2G15950', 'AT2G25930', 'AT2G29210', 'AT2G45790', 'AT3G03640', 'AT3G09595', 'AT3G43270', 'AT3G52955', 'AT3G54960', 'AT4G14385', 'AT4G14660', 'AT4G21490', 'AT4G24780', 'AT4G29410', 'AT5G12420', 'AT5G19610', 'AT5G60100', 'AT5G62810', 'AT5G65990']"
NEG::random::0258,0,random_gene_set,synthetic_negative,"['AT1G56810', 'AT2G31750', 'AT2G39970', 'AT3G01440', 'AT3G02350', 'AT3G50820', 'AT3G56380', 'AT4G15260', 'AT4G31075', 'AT5G60640']"
NEG::random::0259,0,random_gene_set,synthetic_negative,"['AT1G04320', 'AT1G17080', 'AT1G55180', 'AT1G59860', 'AT1G61700', 'AT1G72520', 'AT1G77530', 'AT1G77670', 'AT2G21670', 'AT2G30550', 'AT2G39445', 'AT3G02630', 'AT3G45060', 'AT3G45940', 'AT3G57040', 'AT4G21810', 'AT4G32375', 'AT4G36800', 'AT5G37055', 'AT5G66120']"
NEG::random::0260,0,random_gene_set,synthetic_negative,"['AT1G03960', 'AT1G08370', 'AT1G28010', 'AT1G35520', 'AT1G68770', 'AT1G70710', 'AT1G78570', 'AT2G36210', 'AT2G43770', 'AT2G45670', 'AT3G07160', 'AT3G25520', 'AT3G50280', 'AT3G52720', 'AT3G56800', 'AT4G09900', 'AT4G26510', 'AT4G29650', 'AT4G32810', 'AT4G35785', 'AT5G18410', 'AT5G19770', 'AT5G38890', 'AT5G40850', 'AT5G41220', 'AT5G50870', 'AT5G57330', 'AT5G58760']"
NEG::random::0261,0,random_gene_set,synthetic_negative,"['AT2G19740', 'AT3G60180', 'AT3G61200', 'AT4G02060', 'AT5G18380', 'AT5G58980', 'AT5G66460']"
NEG::random::0262,0,random_gene_set,synthetic_negative,"['AT1G14640', 'AT2G03490', 'AT2G04880', 'AT3G20950', 'AT3G56300', 'AT4G08770', 'AT5G43860']"
NEG::random::0263,0,random_gene_set,synthetic_negative,"['AT1G10130', 'AT1G62580', 'AT1G64230', 'AT1G78570', 'AT2G03690', 'AT3G24090', 'AT4G33010', 'AT5G03160', 'AT5G03240', 'AT5G11130', 'AT5G18015', 'AT5G43700', 'AT5G62410']"
NEG::random::0264,0,random_gene_set,synthetic_negative,"['AT1G16225', 'AT1G16870', 'AT1G25230', 'AT1G27890', 'AT1G49190', 'AT1G66530', 'AT1G72990', 'AT1G78440', 'AT2G02930', 'AT2G18020', 'AT2G21550', 'AT2G29150', 'AT3G26340', 'AT3G43600', 'AT3G56060', 'AT3G60880', 'AT4G01710', 'AT4G13930', 'AT4G14970', 'AT5G16290', 'AT5G18870', 'AT5G24470', 'AT5G38360', 'AT5G54600']"
NEG::random::0265,0,random_gene_set,synthetic_negative,"['AT1G19310', 'AT1G68590', 'AT2G32950', 'AT3G44110', 'AT4G28706', 'AT5G41370']"
NEG::random::0266,0,random_gene_set,synthetic_negative,"['AT1G22340', 'AT1G28720', 'AT1G68950', 'AT1G75090', 'AT3G19870', 'AT3G42670', 'AT3G62285', 'AT4G15500']"
NEG::random::0267,0,random_gene_set,synthetic_negative,"['AT1G01120', 'AT1G03190', 'AT1G31730', 'AT1G67880', 'AT2G07696', 'AT2G28190', 'AT3G09880', 'AT3G16120', 'AT3G20110', 'AT3G24110', 'AT3G46970', 'AT4G09800', 'AT4G14070', 'AT4G15410', 'AT4G19600', 'AT4G23650', 'AT4G28950', 'AT4G30790', 'AT5G11950', 'AT5G22440', 'AT5G22800', 'AT5G36870', 'AT5G46210', 'AT5G63540']"
NEG::random::0268,0,random_gene_set,synthetic_negative,"['AT1G62180', 'AT2G17720', 'AT2G23096', 'AT2G28085', 'AT2G36140', 'AT3G45640', 'AT3G48420', 'AT3G52640', 'AT3G54300', 'AT3G59600', 'AT4G27830', 'AT4G31700', 'AT5G65110']"
NEG::shuffled::0001,0,shuffled_pathway,synthetic_negative,"['AT1G02680', 'AT1G17270', 'AT1G26560', 'AT1G31730', 'AT1G57410', 'AT1G62940', 'AT1G64060', 'AT1G64230', 'AT1G67560', 'AT2G05315', 'AT2G21160', 'AT2G29420', 'AT2G30390', 'AT2G33070', 'AT2G39090', 'AT2G39460', 'AT3G16780', 'AT3G19210', 'AT3G20150', 'AT3G28685', 'AT3G47040', 'AT3G49210', 'AT3G51265', 'AT3G53140', 'AT3G61470', 'AT4G04720', 'AT4G26385', 'AT4G29580', 'AT4G37680', 'AT4G38860', 'AT5G02450', 'AT5G23190', 'AT5G24160', 'AT5G37370', 'AT5G51830', 'AT5G63620']"
NEG::shuffled::0002,0,shuffled_pathway,synthetic_negative,"['AT1G28980', 'AT1G30540', 'AT1G56650', 'AT1G56860', 'AT1G56980', 'AT1G60580', 'AT1G67110', 'AT1G73900', 'AT1G74590', 'AT1G79210', 'AT2G28210', 'AT2G29490', 'AT2G29940', 'AT2G33220', 'AT2G34210', 'AT3G06690', 'AT3G29095', 'AT3G50990', 'AT3G58790', 'AT4G10450', 'AT4G22090', 'AT4G22265', 'AT4G35360', 'AT4G37410', 'AT5G01600', 'AT5G24910', 'AT5G26120', 'AT5G40270', 'AT5G60600']"
NEG::shuffled::0003,0,shuffled_pathway,synthetic_negative,"['AT1G56920', 'AT2G34930', 'AT3G30290', 'AT3G54930', 'AT4G33770']"
NEG::shuffled::0004,0,shuffled_pathway,synthetic_negative,"['AT1G78630', 'AT2G17320', 'AT2G18950', 'AT3G12500', 'AT4G17300', 'AT5G14170', 'AT5G37770', 'AT5G41130']"
NEG::shuffled::0005,0,shuffled_pathway,synthetic_negative,"['AT1G53500', 'AT2G29330', 'AT2G29580', 'AT2G31970', 'AT2G37040', 'AT2G43210', 'AT2G47510', 'AT3G21790', 'AT3G29100', 'AT5G14220', 'AT5G19530', 'AT5G54190', 'AT5G55550', 'AT5G61840']"
NEG::shuffled::0006,0,shuffled_pathway,synthetic_negative,"['AT1G02580', 'AT1G14520', 'AT1G51740', 'AT2G30190', 'AT2G43100', 'AT3G06105', 'AT3G09270', 'AT3G10190', 'AT3G12585', 'AT3G14630', 'AT3G24230', 'AT4G05160', 'AT4G31790', 'AT5G24550', 'AT5G24780', 'AT5G46150']"
NEG::shuffled::0007,0,shuffled_pathway,synthetic_negative,"['AT1G05490', 'AT2G20680', 'AT5G07200', 'AT5G26570', 'AT5G50760']"
NEG::shuffled::0008,0,shuffled_pathway,synthetic_negative,"['AT1G06550', 'AT1G19670', 'AT1G30060', 'AT1G57190', 'AT1G69740', 'AT1G70670', 'AT1G73240', 'AT1G75090', 'AT2G02580', 'AT2G13360', 'AT2G20580', 'AT2G26590', 'AT2G33730', 'AT2G34890', 'AT2G34980', 'AT3G01260', 'AT3G03250', 'AT3G15352', 'AT3G19235', 'AT3G44510', 'AT3G51260', 'AT4G03290', 'AT4G04350', 'AT4G24510', 'AT4G35230', 'AT5G10870', 'AT5G13360', 'AT5G17990', 'AT5G41770', 'AT5G43710', 'AT5G55140', 'AT5G61970']"
NEG::shuffled::0009,0,shuffled_pathway,synthetic_negative,"['AT1G11840', 'AT3G05170', 'AT3G28415', 'AT4G16710', 'AT4G34740', 'AT5G12480', 'AT5G38130']"
NEG::shuffled::0010,0,shuffled_pathway,synthetic_negative,"['AT1G14650', 'AT1G15820', 'AT1G28850', 'AT2G06050', 'AT2G21270', 'AT2G22230', 'AT2G39590', 'AT2G47100', 'AT3G01620', 'AT3G46940', 'AT3G61220', 'AT4G15130', 'AT4G21180', 'AT4G29820', 'AT5G02540', 'AT5G07920']"
NEG::shuffled::0011,0,shuffled_pathway,synthetic_negative,"['AT1G06030', 'AT1G19580', 'AT1G23860', 'AT1G31530', 'AT1G49820', 'AT1G52170', 'AT1G55310', 'AT1G55750', 'AT1G69930', 'AT2G03700', 'AT2G16530', 'AT2G23190', 'AT2G25610', 'AT2G27760', 'AT2G34500', 'AT2G35680', 'AT3G11470', 'AT3G18770', 'AT3G18780', 'AT3G29095', 'AT3G59060', 'AT3G63460', 'AT4G02840', 'AT4G04930', 'AT4G11230', 'AT4G11570', 'AT4G15775', 'AT4G34880', 'AT5G03080', 'AT5G15950', 'AT5G20570', 'AT5G24900', 'AT5G35590', 'AT5G50400', 'AT5G52470', 'AT5G66860']"
NEG::shuffled::0012,0,shuffled_pathway,synthetic_negative,"['AT1G17750', 'AT2G31610', 'AT5G05690', 'AT5G09490', 'AT5G17990', 'AT5G27650', 'AT5G28310', 'AT5G40280', 'AT5G60940', 'AT5G66060']"
NEG::shuffled::0013,0,shuffled_pathway,synthetic_negative,"['AT1G64670', 'AT1G75070', 'AT2G44860', 'AT3G20770', 'AT5G20010', 'AT5G28740']"
NEG::shuffled::0014,0,shuffled_pathway,synthetic_negative,"['AT1G69640', 'AT1G78480', 'AT2G11270', 'AT2G15480', 'AT2G33450', 'AT2G36900', 'AT2G45210', 'AT3G25780', 'AT3G27830', 'AT4G20280', 'AT4G38850', 'AT5G07135', 'AT5G20060']"
NEG::shuffled::0015,0,shuffled_pathway,synthetic_negative,"['AT1G06480', 'AT1G12280', 'AT1G15990', 'AT1G35250', 'AT1G51990', 'AT3G01260', 'AT3G06700', 'AT3G10720', 'AT3G15190', 'AT3G46700', 'AT3G53800', 'AT3G58035', 'AT4G30580', 'AT5G43900', 'AT5G46315', 'AT5G55040']"
NEG::shuffled::0016,0,shuffled_pathway,synthetic_negative,"['AT1G04680', 'AT1G08240', 'AT3G18410', 'AT3G51830', 'AT4G08320', 'AT5G43935', 'AT5G66568']"
NEG::shuffled::0017,0,shuffled_pathway,synthetic_negative,"['AT2G22905', 'AT2G35370', 'AT2G37090', 'AT3G48280', 'AT3G61510', 'AT4G11840', 'AT4G28790', 'AT5G41480']"
NEG::shuffled::0018,0,shuffled_pathway,synthetic_negative,"['AT1G02660', 'AT1G02940', 'AT1G05240', 'AT1G05900', 'AT1G06873', 'AT1G09935', 'AT1G17640', 'AT1G18080', 'AT1G19310', 'AT1G20010', 'AT1G23800', 'AT1G25490', 'AT1G28810', 'AT1G32060', 'AT1G47578', 'AT1G54450', 'AT1G55310', 'AT1G55860', 'AT1G55920', 'AT1G57010', 'AT1G57420', 'AT1G63800', 'AT1G63810', 'AT1G66270', 'AT1G66660', 'AT1G70050', 'AT1G70560', 'AT1G72330', 'AT1G73370', 'AT1G77220', 'AT1G77760', 'AT1G78950', 'AT2G15430', 'AT2G21410', 'AT2G26310', 'AT2G29210', 'AT2G30330', 'AT2G31970', 'AT2G33860', 'AT2G35170', 'AT2G35520', 'AT2G36390', 'AT2G38700', 'AT2G41480', 'AT2G43360', 'AT3G05120', 'AT3G07970', 'AT3G15160', 'AT3G16390', 'AT3G16910', 'AT3G22300', 'AT3G23490', 'AT3G24515', 'AT3G26830', 'AT3G27840', 'AT3G54090', 'AT3G57660', 'AT3G59440', 'AT3G59650', 'AT3G59926', 'AT3G61790', 'AT4G03400', 'AT4G08040', 'AT4G11410', 'AT4G11730', 'AT4G11840', 'AT4G11920', 'AT4G12440', 'AT4G14680', 'AT4G19690', 'AT4G22260', 'AT4G25980', 'AT4G32280', 'AT4G32850', 'AT4G32915', 'AT4G33790', 'AT4G34555', 'AT4G35970', 'AT4G38040', 'AT5G01310', 'AT5G03795', 'AT5G10240', 'AT5G16510', 'AT5G17920', 'AT5G18015', 'AT5G20990', 'AT5G26600', 'AT5G26830', 'AT5G27650', 'AT5G28850', 'AT5G37710', 'AT5G37900', 'AT5G38120', 'AT5G44030', 'AT5G50460', 'AT5G51230', 'AT5G51490', 'AT5G53902', 'AT5G58470', 'AT5G58784', 'AT5G60360', 'AT5G61580', 'AT5G65110', 'AT5G66040', 'ATMG01320']"
NEG::shuffled::0019,0,shuffled_pathway,synthetic_negative,"['AT1G06780', 'AT1G07180', 'AT1G12730', 'AT1G26220', 'AT1G43710', 'AT1G44790', 'AT1G50840', 'AT1G69485', 'AT1G72040', 'AT1G73240', 'AT1G75590', 'AT1G79530', 'AT2G19690', 'AT2G43570', 'AT3G01620', 'AT3G02720', 'AT3G02760', 'AT3G07490', 'AT3G14420', 'AT3G18820', 'AT3G19100', 'AT3G20290', 'AT3G21070', 'AT4G15940', 'AT5G18060', 'AT5G19180', 'AT5G27840', 'AT5G28510', 'AT5G49435', 'AT5G55500', 'AT5G61170', 'AT5G65165', 'ATCG00600']"
NEG::shuffled::0020,0,shuffled_pathway,synthetic_negative,"['AT1G02780', 'AT1G04630', 'AT1G04680', 'AT1G17180', 'AT1G22450', 'AT1G25083', 'AT1G28730', 'AT1G31870', 'AT1G35670', 'AT1G36580', 'AT1G57390', 'AT1G61630', 'AT1G66750', 'AT1G73680', 'AT1G73960', 'AT1G78690', 'AT2G11270', 'AT2G20810', 'AT2G28520', 'AT2G30670', 'AT2G32260', 'AT2G43360', 'AT2G44140', 'AT2G44530', 'AT2G44620', 'AT3G02680', 'AT3G05070', 'AT3G07770', 'AT3G11940', 'AT3G13335', 'AT3G17600', 'AT3G24315', 'AT3G28910', 'AT3G43980', 'AT3G47460', 'AT3G52565', 'AT3G52590', 'AT3G52990', 'AT3G54940', 'AT4G13180', 'AT4G20780', 'AT4G30930', 'AT4G32180', 'AT4G32915', 'AT4G33420', 'AT5G06090', 'AT5G13640', 'AT5G15110', 'AT5G18180', 'AT5G20500', 'AT5G23190', 'AT5G44420', 'AT5G45400', 'AT5G47880', 'AT5G56360', 'AT5G59290', 'AT5G62410', 'AT5G67380']"
NEG::shuffled::0021,0,shuffled_pathway,synthetic_negative,"['AT1G03090', 'AT1G09815', 'AT1G11680', 'AT1G16300', 'AT1G47845', 'AT1G51950', 'AT1G52230', 'AT1G55625', 'AT1G56800', 'AT1G56950', 'AT1G60820', 'AT1G61290', 'AT1G62570', 'AT1G73690', 'AT2G05315', 'AT2G26080', 'AT2G33960', 'AT2G47640', 'AT3G11900', 'AT3G13220', 'AT3G28390', 'AT3G55260', 'AT4G07120', 'AT4G17640', 'AT4G24510', 'AT4G34900', 'AT5G04530', 'AT5G18050', 'AT5G24550', 'AT5G45130', 'AT5G51950', 'AT5G59220', 'AT5G64740']"
NEG::shuffled::0022,0,shuffled_pathway,synthetic_negative,"['AT1G07770', 'AT1G30870', 'AT1G57350', 'AT1G63800', 'AT1G71380', 'AT2G29570', 'AT2G46090', 'AT3G49870', 'AT4G36780', 'AT5G18640', 'AT5G40490', 'AT5G47720', 'AT5G47910', 'ATMG00280']"
NEG::shuffled::0023,0,shuffled_pathway,synthetic_negative,"['AT1G06820', 'AT1G07410', 'AT2G17890', 'AT2G33410', 'AT2G36680', 'AT3G01180', 'AT3G09100', 'AT4G25585', 'AT4G26260', 'AT5G38905', 'AT5G57800']"
NEG::shuffled::0024,0,shuffled_pathway,synthetic_negative,"['AT1G04480', 'AT1G07410', 'AT1G08700', 'AT1G11890', 'AT1G17420', 'AT1G25490', 'AT1G28740', 'AT1G32060', 'AT1G49860', 'AT1G53270', 'AT1G57000', 'AT1G59950', 'AT1G77190', 'AT2G41490', 'AT3G02030', 'AT3G09990', 'AT3G11940', 'AT3G13330', 'AT3G19270', 'AT3G26360', 'AT3G28685', 'AT3G42180', 'AT3G57040', 'AT3G60820', 'AT3G61650', 'AT4G18440', 'AT5G13300', 'AT5G16710', 'AT5G24770', 'AT5G61835', 'AT5G62050', 'AT5G66280']"
NEG::shuffled::0025,0,shuffled_pathway,synthetic_negative,"['AT1G01190', 'AT1G47990', 'AT2G14100', 'AT2G30860', 'AT2G33930', 'AT2G46230', 'AT3G28360', 'AT3G42850', 'AT3G61755', 'AT4G20100', 'AT4G23460', 'AT4G29415', 'AT4G34210', 'AT5G47720']"
NEG::shuffled::0026,0,shuffled_pathway,synthetic_negative,"['AT1G27400', 'AT1G45234', 'AT1G68530', 'AT1G76090', 'AT3G43950', 'AT3G48515', 'AT3G54490', 'AT4G10500', 'AT4G36750', 'AT5G10630', 'AT5G20280', 'AT5G54770', 'AT5G60500']"
NEG::shuffled::0027,0,shuffled_pathway,synthetic_negative,"['AT1G21864', 'AT1G26640', 'AT1G29810', 'AT1G48420', 'AT1G52740', 'AT1G77920', 'AT1G78220', 'AT2G06050', 'AT2G07560', 'AT2G22810', 'AT3G09200', 'AT4G23890', 'AT4G34720', 'AT5G11110', 'AT5G18890', 'AT5G46160']"
NEG::shuffled::0028,0,shuffled_pathway,synthetic_negative,"['AT1G48850', 'AT1G53530', 'AT1G64750', 'AT2G18260', 'AT2G28620', 'AT2G35690', 'AT2G36140', 'AT3G01590', 'AT3G13860', 'AT3G26020', 'AT3G54970', 'AT3G55460', 'AT4G12610', 'AT4G13360', 'AT4G16130', 'AT4G34740', 'AT4G35000', 'AT4G36750', 'AT5G09280', 'AT5G15175', 'AT5G17060', 'AT5G24090']"
NEG::shuffled::0029,0,shuffled_pathway,synthetic_negative,"['AT1G03770', 'AT1G04350', 'AT1G08630', 'AT1G08700', 'AT1G12280', 'AT1G52860', 'AT1G57310', 'AT1G64060', 'AT1G65860', 'AT1G69130', 'AT1G80850', 'AT2G33900', 'AT2G39940', 'AT3G03820', 'AT3G06830', 'AT3G44740', 'AT3G45935', 'AT4G11110', 'AT4G28005', 'AT4G28811', 'AT5G20110', 'AT5G42830', 'AT5G42930', 'AT5G44420', 'AT5G56030', 'AT5G60040', 'AT5G62430']"
NEG::shuffled::0030,0,shuffled_pathway,synthetic_negative,"['AT1G01090', 'AT1G04750', 'AT1G06780', 'AT1G12010', 'AT1G12570', 'AT1G15820', 'AT1G16700', 'AT1G17570', 'AT1G19840', 'AT1G22170', 'AT1G26560', 'AT1G27440', 'AT1G28740', 'AT1G31670', 'AT1G34390', 'AT1G35670', 'AT1G45244', 'AT1G50480', 'AT1G51990', 'AT1G52400', 'AT1G53025', 'AT1G55750', 'AT1G55850', 'AT1G57050', 'AT1G57170', 'AT1G58180', 'AT1G58936', 'AT1G64200', 'AT1G65520', 'AT1G67980', 'AT1G69485', 'AT1G70670', 'AT1G73370', 'AT1G75070', 'AT1G76980', 'AT1G78220', 'AT1G78360', 'AT1G78960', 'AT2G07687', 'AT2G11270', 'AT2G17290', 'AT2G17320', 'AT2G21700', 'AT2G21940', 'AT2G26910', 'AT2G27030', 'AT2G28190', 'AT2G29900', 'AT2G30870', 'AT2G33770', 'AT2G38110', 'AT2G38120', 'AT2G39040', 'AT2G39445', 'AT2G41190', 'AT2G43210', 'AT2G45290', 'AT2G46210', 'AT3G01500', 'AT3G05090', 'AT3G07040', 'AT3G07830', 'AT3G09585', 'AT3G10610', 'AT3G13580', 'AT3G14390', 'AT3G14990', 'AT3G18080', 'AT3G19190', 'AT3G22460', 'AT3G22890', 'AT3G23030', 'AT3G24170', 'AT3G24495', 'AT3G27740', 'AT3G43120', 'AT3G44785', 'AT3G47000', 'AT3G51980', 'AT3G53450', 'AT3G54440', 'AT3G55320', 'AT3G55870', 'AT3G57000', 'AT3G57130', 'AT3G58830', 'AT3G59020', 'AT3G59890', 'AT3G61650', 'AT3G61900', 'AT3G62660', 'AT3G63130', 'AT4G00590', 'AT4G01020', 'AT4G02060', 'AT4G02520', 'AT4G05120', 'AT4G12610', 'AT4G16800', 'AT4G19180', 'AT4G22100', 'AT4G23100', 'AT4G24670', 'AT4G25435', 'AT4G27250', 'AT4G28790', 'AT4G28950', 'AT4G30580', 'AT4G34050', 'AT4G35520', 'AT4G36635', 'AT4G36650', 'AT4G39400', 'AT4G39490', 'AT5G04170', 'AT5G08335', 'AT5G09730', 'AT5G10525', 'AT5G13000', 'AT5G16310', 'AT5G19400', 'AT5G19460', 'AT5G20900', 'AT5G22630', 'AT5G25060', 'AT5G27320', 'AT5G28237', 'AT5G35790', 'AT5G37795', 'AT5G38450', 'AT5G44500', 'AT5G46630', 'AT5G50230', 'AT5G51180', 'AT5G51820', 'AT5G54365', 'AT5G57330', 'AT5G58180', 'AT5G61840', 'AT5G62575', 'AT5G62790', 'AT5G63070', 'AT5G65015', 'AT5G65750', 'AT5G66280', 'AT5G66680']"
NEG::shuffled::0031,0,shuffled_pathway,synthetic_negative,"['AT1G03475', 'AT1G18430', 'AT1G28950', 'AT1G34245', 'AT1G43860', 'AT1G52170', 'AT1G52700', 'AT1G55750', 'AT1G57110', 'AT1G67550', 'AT1G72190', 'AT1G78220', 'AT2G02390', 'AT2G05170', 'AT2G21170', 'AT2G21290', 'AT2G30840', 'AT2G35520', 'AT2G42005', 'AT3G05520', 'AT3G05530', 'AT3G07970', 'AT3G13200', 'AT3G20210', 'AT3G55620', 'AT3G56840', 'AT4G15000', 'AT4G16210', 'AT4G29410', 'AT4G31870', 'AT4G37500', 'AT4G37520', 'AT5G14035', 'AT5G18030', 'AT5G24240', 'AT5G25370', 'AT5G40440', 'AT5G46630', 'AT5G55505']"
NEG::shuffled::0032,0,shuffled_pathway,synthetic_negative,"['AT1G18370', 'AT1G44820', 'AT1G56340', 'AT1G79370', 'AT2G27720', 'AT2G39220', 'AT3G18780', 'AT3G23660', 'AT3G28860', 'AT3G62040', 'AT4G18440', 'AT4G22260', 'AT4G27230', 'AT4G34850', 'AT5G11950', 'AT5G18820', 'AT5G22360', 'AT5G28050', 'AT5G51760', 'ATMG01280']"
NEG::shuffled::0033,0,shuffled_pathway,synthetic_negative,"['AT1G10360', 'AT1G32200', 'AT2G11810', 'AT2G19900', 'AT3G03050', 'AT4G26675', 'AT5G56710', 'AT5G67160']"
NEG::shuffled::0034,0,shuffled_pathway,synthetic_negative,"['AT1G14920', 'AT1G22210', 'AT1G24110', 'AT1G28990', 'AT1G29630', 'AT1G59750', 'AT1G77660', 'AT2G01880', 'AT2G07687', 'AT2G07695', 'AT2G21220', 'AT2G22240', 'AT2G25450', 'AT2G36150', 'AT2G43790', 'AT2G45290', 'AT3G13290', 'AT3G13784', 'AT3G14790', 'AT3G16910', 'AT3G27240', 'AT3G46970', 'AT3G49000', 'AT3G52780', 'AT3G56300', 'AT4G14890', 'AT4G18710', 'AT4G20235', 'AT4G29600', 'AT4G30080', 'AT4G35830', 'AT4G36410', 'AT5G03570', 'AT5G06140', 'AT5G08670', 'AT5G13520', 'AT5G15770', 'AT5G15950', 'AT5G23730', 'AT5G27650', 'AT5G42910', 'AT5G56330', 'AT5G56470', 'AT5G57970', 'AT5G59770', 'AT5G64270', 'AT5G64300', 'AT5G64505', 'AT5G65720', 'AT5G67455']"
NEG::shuffled::0035,0,shuffled_pathway,synthetic_negative,"['AT1G04100', 'AT1G28830', 'AT1G29310', 'AT1G76690', 'AT2G02497', 'AT2G18020', 'AT3G17465', 'AT3G46500', 'AT3G49080', 'AT4G14990', 'AT4G16190', 'AT4G35987', 'AT5G09790', 'AT5G38020', 'AT5G46290', 'AT5G53160']"
NEG::shuffled::0036,0,shuffled_pathway,synthetic_negative,"['AT1G06620', 'AT1G06800', 'AT1G07400', 'AT1G09480', 'AT1G10050', 'AT1G10600', 'AT1G12230', 'AT1G26670', 'AT1G27940', 'AT1G28010', 'AT1G30400', 'AT1G34270', 'AT1G63510', 'AT1G75290', 'AT2G01110', 'AT2G05180', 'AT2G07755', 'AT2G17360', 'AT2G21370', 'AT2G25930', 'AT2G34500', 'AT2G36160', 'AT2G39960', 'AT2G41110', 'AT2G42740', 'AT2G44200', 'AT2G44680', 'AT3G01720', 'AT3G03370', 'AT3G06200', 'AT3G07190', 'AT3G11050', 'AT3G13790', 'AT3G16650', 'AT3G19260', 'AT3G20800', 'AT3G24200', 'AT3G24830', 'AT3G25780', 'AT3G47120', 'AT3G55310', 'AT3G56090', 'AT4G04640', 'AT4G08180', 'AT4G08870', 'AT4G11290', 'AT4G12065', 'AT4G13660', 'AT4G16030', 'AT4G19660', 'AT4G20320', 'AT4G21160', 'AT4G26970', 'AT4G27650', 'AT4G28940', 'AT4G30790', 'AT4G32150', 'AT4G36480', 'AT4G36850', 'AT4G37560', 'AT4G40042', 'AT5G05680', 'AT5G08370', 'AT5G08570', 'AT5G11320', 'AT5G14850', 'AT5G19320', 'AT5G19360', 'AT5G25180', 'AT5G36890', 'AT5G39400', 'AT5G40950', 'AT5G42750', 'AT5G44990', 'AT5G46105', 'AT5G48960', 'AT5G49570', 'AT5G50750', 'AT5G56640', 'AT5G56745', 'AT5G59590', 'AT5G60540', 'AT5G63980', 'AT5G66020']"
NEG::shuffled::0037,0,shuffled_pathway,synthetic_negative,"['AT1G57200', 'AT1G73600', 'AT2G33730', 'AT2G41480', 'AT3G07960', 'AT4G00100', 'AT4G03410', 'AT4G32370', 'AT5G18180', 'AT5G22110', 'AT5G27380', 'AT5G27780', 'AT5G38020', 'AT5G42750', 'AT5G49720', 'AT5G63980']"
NEG::shuffled::0038,0,shuffled_pathway,synthetic_negative,"['AT1G24280', 'AT1G60620', 'AT1G78440', 'AT2G37090', 'AT2G42490', 'AT3G50530', 'AT3G61420', 'AT4G24160', 'AT5G18050', 'AT5G45990', 'AT5G56330', 'AT5G58470', 'AT5G62000']"
NEG::shuffled::0039,0,shuffled_pathway,synthetic_negative,"['AT1G24807', 'AT1G28840', 'AT1G65480', 'AT2G29550', 'AT2G31300', 'AT2G32170', 'AT3G09630', 'AT3G49830', 'AT4G25550', 'AT4G29810', 'AT5G13160', 'AT5G54060']"
NEG::shuffled::0040,0,shuffled_pathway,synthetic_negative,"['AT1G04635', 'AT1G20090', 'AT1G21864', 'AT1G24909', 'AT1G26370', 'AT1G29150', 'AT1G31730', 'AT1G49390', 'AT1G53710', 'AT1G57090', 'AT1G59760', 'AT1G62640', 'AT1G66500', 'AT1G69485', 'AT1G70670', 'AT2G17380', 'AT2G17810', 'AT2G26330', 'AT2G27010', 'AT2G30740', 'AT2G33920', 'AT2G38040', 'AT2G38810', 'AT2G42020', 'AT2G43190', 'AT2G45000', 'AT3G03400', 'AT3G03830', 'AT3G06830', 'AT3G07110', 'AT3G09350', 'AT3G18690', 'AT3G46460', 'AT3G52340', 'AT3G59790', 'AT3G61420', 'AT4G04320', 'AT4G04615', 'AT4G10120', 'AT4G14090', 'AT4G18240', 'AT4G23430', 'AT4G24780', 'AT4G30580', 'AT4G35490', 'AT5G04630', 'AT5G05880', 'AT5G08170', 'AT5G09510', 'AT5G10460', 'AT5G17050', 'AT5G22490', 'AT5G23110', 'AT5G23220', 'AT5G44020', 'AT5G46280', 'AT5G49435', 'AT5G58560', 'AT5G60540', 'AT5G61830', 'AT5G67510', 'AT5G67590']"
NEG::shuffled::0041,0,shuffled_pathway,synthetic_negative,"['AT1G03980', 'AT1G05675', 'AT1G06877', 'AT1G10310', 'AT1G53540', 'AT1G56740', 'AT1G75290', 'AT1G76000', 'AT1G77560', 'AT1G77670', 'AT1G78060', 'AT2G02770', 'AT2G03750', 'AT2G04030', 'AT2G20450', 'AT2G27120', 'AT2G34210', 'AT3G19270', 'AT3G20100', 'AT3G45630', 'AT3G48990', 'AT4G00490', 'AT4G22756', 'AT4G32280', 'AT4G36480', 'AT5G04530', 'AT5G48300', 'AT5G53130', 'AT5G55320', 'AT5G56710', 'AT5G62410', 'AT5G67160']"
NEG::shuffled::0042,0,shuffled_pathway,synthetic_negative,"['AT1G67220', 'AT3G11120', 'AT3G11710', 'AT3G18880', 'AT4G01355', 'AT4G02730', 'AT4G09140']"
NEG::shuffled::0043,0,shuffled_pathway,synthetic_negative,"['AT1G65450', 'AT3G04390', 'AT3G07590', 'AT3G55260', 'AT4G11985', 'AT4G13790', 'AT4G26740', 'AT5G19880', 'AT5G59300']"
NEG::shuffled::0044,0,shuffled_pathway,synthetic_negative,"['AT1G80070', 'AT2G16860', 'AT2G17510', 'AT2G33230', 'AT2G45710', 'AT2G45970', 'AT2G47245', 'AT3G16500', 'AT3G61825', 'AT5G08020', 'AT5G43620', 'AT5G44840', 'AT5G45400']"
NEG::shuffled::0045,0,shuffled_pathway,synthetic_negative,"['AT1G20340', 'AT1G49860', 'AT2G33660', 'AT2G43870', 'AT5G04060', 'AT5G53580', 'AT5G63070']"
NEG::shuffled::0046,0,shuffled_pathway,synthetic_negative,"['AT1G13635', 'AT1G17050', 'AT1G27450', 'AT1G29490', 'AT1G48090', 'AT1G60450', 'AT1G77470', 'AT1G78490', 'AT2G04450', 'AT2G18876', 'AT2G31450', 'AT2G41410', 'AT3G18080', 'AT3G18740', 'AT3G25660', 'AT3G26747', 'AT3G42628', 'AT3G49780', 'AT3G52730', 'AT3G60340', 'AT3G61420', 'AT4G02150', 'AT4G11640', 'AT4G13280', 'AT4G16155', 'AT4G20330', 'AT4G24830', 'AT4G31500', 'AT5G06350', 'AT5G06530', 'AT5G08335', 'AT5G11160', 'AT5G12020', 'AT5G39580', 'AT5G43300', 'AT5G46850', 'AT5G51450', 'AT5G53160', 'AT5G56365']"
NEG::shuffled::0047,0,shuffled_pathway,synthetic_negative,"['AT1G06220', 'AT1G07240', 'AT1G15130', 'AT1G16890', 'AT1G17190', 'AT1G54340', 'AT2G07707', 'AT2G21270', 'AT2G41190', 'AT2G43300', 'AT3G21540', 'AT3G43190', 'AT4G03550', 'AT4G04350', 'AT4G10060', 'AT4G32910', 'AT4G39850', 'AT5G07880', 'AT5G11520', 'AT5G14530', 'AT5G65210']"
NEG::shuffled::0048,0,shuffled_pathway,synthetic_negative,"['AT1G49460', 'AT1G75110', 'AT2G30660', 'AT3G06700', 'AT3G16380', 'AT3G22460', 'AT3G48040', 'AT3G61440', 'AT4G18180', 'AT4G35160', 'AT4G38130', 'AT5G04970', 'AT5G07180', 'AT5G09900', 'AT5G25310']"
NEG::shuffled::0049,0,shuffled_pathway,synthetic_negative,"['AT1G53240', 'AT1G79460', 'AT2G29420', 'AT2G36460', 'AT3G09880', 'AT3G52810', 'AT3G61680', 'AT4G10100', 'AT4G15233', 'AT4G39650', 'AT5G26030', 'AT5G43940', 'AT5G67380']"
NEG::shuffled::0050,0,shuffled_pathway,synthetic_negative,"['AT1G02720', 'AT1G13580', 'AT2G31810', 'AT2G44140', 'AT4G22090', 'AT5G09640', 'AT5G22420', 'AT5G63840']"
NEG::shuffled::0051,0,shuffled_pathway,synthetic_negative,"['AT1G18540', 'AT1G35530', 'AT4G15290', 'AT4G23570', 'AT5G35080']"
NEG::shuffled::0052,0,shuffled_pathway,synthetic_negative,"['AT1G16870', 'AT1G57250', 'AT3G11470', 'AT3G58580', 'AT5G15220', 'AT5G16050']"
NEG::shuffled::0053,0,shuffled_pathway,synthetic_negative,"['AT1G07705', 'AT1G24310', 'AT1G26480', 'AT1G35440', 'AT1G63110', 'AT1G63770', 'AT1G67830', 'AT2G05220', 'AT2G36740', 'AT3G09020', 'AT3G49080', 'AT4G11570', 'AT4G19640', 'AT4G32640', 'AT5G01930', 'AT5G06050', 'AT5G14760', 'AT5G23860', 'AT5G32470', 'AT5G56130']"
NEG::shuffled::0054,0,shuffled_pathway,synthetic_negative,"['AT1G01420', 'AT1G02390', 'AT1G04020', 'AT1G05630', 'AT1G07250', 'AT1G15710', 'AT1G16225', 'AT1G18090', 'AT1G21710', 'AT1G25083', 'AT1G26430', 'AT1G26880', 'AT1G27140', 'AT1G51440', 'AT1G59760', 'AT1G60820', 'AT1G62580', 'AT1G64390', 'AT1G64740', 'AT1G66235', 'AT1G70090', 'AT1G78290', 'AT2G07707', 'AT2G14750', 'AT2G16510', 'AT2G29580', 'AT2G30840', 'AT2G35220', 'AT2G38680', 'AT2G39800', 'AT2G42170', 'AT2G43480', 'AT3G01120', 'AT3G01590', 'AT3G02950', 'AT3G03750', 'AT3G04460', 'AT3G07970', 'AT3G09940', 'AT3G16310', 'AT3G22400', 'AT3G30842', 'AT3G50520', 'AT3G56705', 'AT3G58170', 'AT4G02980', 'AT4G05180', 'AT4G09140', 'AT4G21090', 'AT4G28420', 'AT4G29380', 'AT4G32175', 'AT4G39980', 'AT5G04895', 'AT5G08100', 'AT5G20980', 'AT5G44460', 'AT5G45940', 'AT5G59180', 'AT5G62840', 'ATMG00280', 'ATMG00480']"
NEG::shuffled::0055,0,shuffled_pathway,synthetic_negative,"['AT1G63940', 'AT1G75940', 'AT2G40300', 'AT3G50090', 'AT3G60330', 'AT4G25310']"
NEG::shuffled::0056,0,shuffled_pathway,synthetic_negative,"['AT1G07880', 'AT1G09780', 'AT1G17260', 'AT1G27520', 'AT1G28490', 'AT1G30380', 'AT1G33980', 'AT1G35670', 'AT1G52350', 'AT1G54670', 'AT1G56680', 'AT1G56760', 'AT1G59500', 'AT1G62430', 'AT1G62600', 'AT1G63440', 'AT1G66150', 'AT1G67490', 'AT2G01290', 'AT2G04375', 'AT2G25610', 'AT2G30910', 'AT2G38120', 'AT2G38310', 'AT2G41530', 'AT2G46340', 'AT3G01420', 'AT3G04840', 'AT3G19420', 'AT3G20540', 'AT3G21420', 'AT3G23750', 'AT3G48040', 'AT3G49910', 'AT3G52720', 'AT3G55220', 'AT3G61113', 'AT4G00490', 'AT4G02260', 'AT4G11570', 'AT4G15930', 'AT4G18800', 'AT4G20240', 'AT4G23340', 'AT4G25630', 'AT4G34640', 'AT4G36800', 'AT4G40042', 'AT5G01180', 'AT5G07880', 'AT5G28237', 'AT5G39535', 'AT5G42750', 'AT5G42810', 'AT5G46790', 'AT5G49360', 'AT5G50430', 'AT5G50950', 'AT5G55040', 'AT5G58780', 'AT5G66310', 'ATMG00650']"
NEG::shuffled::0057,0,shuffled_pathway,synthetic_negative,"['AT1G10470', 'AT1G15550', 'AT2G44140', 'AT3G09300', 'AT3G44680', 'AT5G48010']"
NEG::shuffled::0058,0,shuffled_pathway,synthetic_negative,"['AT1G25155', 'AT1G28010', 'AT1G70290', 'AT2G22860', 'AT2G33290', 'AT2G33310', 'AT3G06320', 'AT3G55440', 'AT3G55810', 'AT3G57560', 'AT3G59480', 'AT3G63410', 'AT4G05130', 'AT4G11911', 'AT4G16190', 'AT4G30870', 'AT4G33950', 'AT4G34760', 'AT4G35630', 'AT5G06460', 'AT5G08250', 'AT5G22440', 'AT5G23230', 'AT5G57050', 'AT5G58240', 'AT5G59240']"
NEG::shuffled::0059,0,shuffled_pathway,synthetic_negative,"['AT1G06590', 'AT1G07360', 'AT1G10490', 'AT1G12130', 'AT1G12240', 'AT1G13430', 'AT1G14400', 'AT1G21920', 'AT1G24320', 'AT1G29430', 'AT1G50110', 'AT1G60930', 'AT1G62800', 'AT1G65960', 'AT1G66150', 'AT1G69190', 'AT2G23940', 'AT2G26070', 'AT2G29210', 'AT2G29550', 'AT2G29900', 'AT2G31500', 'AT2G33630', 'AT2G42490', 'AT2G47510', 'AT3G02030', 'AT3G03800', 'AT3G04840', 'AT3G09300', 'AT3G14930', 'AT3G17465', 'AT3G17790', 'AT3G21420', 'AT3G45950', 'AT3G47950', 'AT3G48110', 'AT3G49910', 'AT3G52930', 'AT3G52990', 'AT3G56760', 'AT3G57645', 'AT3G60100', 'AT3G61200', 'AT3G62400', 'AT4G04720', 'AT4G10500', 'AT4G15290', 'AT4G22100', 'AT4G26483', 'AT4G30330', 'AT5G01320', 'AT5G01330', 'AT5G05620', 'AT5G17780', 'AT5G18005', 'AT5G20080', 'AT5G25120', 'AT5G27770', 'AT5G27780', 'AT5G40440', 'AT5G52250', 'AT5G52840', 'AT5G54810', 'AT5G59540', 'AT5G66760']"
NEG::shuffled::0060,0,shuffled_pathway,synthetic_negative,"['AT1G02390', 'AT1G03390', 'AT1G03410', 'AT1G04610', 'AT1G10520', 'AT1G11580', 'AT1G11640', 'AT1G17440', 'AT1G18430', 'AT1G19300', 'AT1G27980', 'AT1G32710', 'AT1G33120', 'AT1G33850', 'AT1G48130', 'AT1G52400', 'AT1G56820', 'AT1G57060', 'AT1G59500', 'AT1G62540', 'AT1G64440', 'AT1G65290', 'AT1G66410', 'AT1G71170', 'AT1G71790', 'AT1G72280', 'AT1G72560', 'AT1G75000', 'AT1G76790', 'AT1G77240', 'AT1G78570', 'AT2G01650', 'AT2G04350', 'AT2G07755', 'AT2G13790', 'AT2G14960', 'AT2G20060', 'AT2G21630', 'AT2G25260', 'AT2G30650', 'AT2G33240', 'AT2G35390', 'AT2G36510', 'AT2G47650', 'AT3G02040', 'AT3G03050', 'AT3G05120', 'AT3G06530', 'AT3G07130', 'AT3G08560', 'AT3G10330', 'AT3G11430', 'AT3G12040', 'AT3G14050', 'AT3G21730', 'AT3G24350', 'AT3G47220', 'AT3G47370', 'AT3G49120', 'AT3G60880', 'AT4G10250', 'AT4G10490', 'AT4G18550', 'AT4G19010', 'AT4G22980', 'AT4G25550', 'AT4G26470', 'AT4G26520', 'AT4G29540', 'AT4G30170', 'AT4G33760', 'AT4G34760', 'AT4G35420', 'AT4G36770', 'AT4G39400', 'AT4G39510', 'AT4G39615', 'AT5G03070', 'AT5G03080', 'AT5G03300', 'AT5G03795', 'AT5G04510', 'AT5G04800', 'AT5G05680', 'AT5G08740', 'AT5G09660', 'AT5G10000', 'AT5G10300', 'AT5G17220', 'AT5G18070', 'AT5G26600', 'AT5G37670', 'AT5G42020', 'AT5G49110', 'AT5G50160', 'AT5G52040', 'AT5G53360', 'AT5G54865', 'AT5G56680', 'AT5G58050', 'AT5G64000', 'ATCG01250']"
NEG::shuffled::0061,0,shuffled_pathway,synthetic_negative,"['AT1G30520', 'AT2G16860', 'AT2G23260', 'AT2G23350', 'AT2G23650', 'AT3G60750', 'AT4G10120', 'AT5G24350', 'AT5G61580']"
NEG::shuffled::0062,0,shuffled_pathway,synthetic_negative,"['AT1G09080', 'AT1G23290', 'AT1G35440', 'AT1G47290', 'AT1G70185', 'AT1G70600', 'AT3G06470', 'AT3G28030', 'AT3G44260', 'AT3G50000', 'AT3G55180', 'AT4G02290', 'AT5G51920', 'AT5G58860']"
NEG::shuffled::0063,0,shuffled_pathway,synthetic_negative,"['AT1G09590', 'AT1G30830', 'AT1G31710', 'AT1G78630', 'AT5G55290']"
NEG::shuffled::0064,0,shuffled_pathway,synthetic_negative,"['AT1G10370', 'AT1G17670', 'AT1G22360', 'AT1G52760', 'AT1G64740', 'AT1G66280', 'AT1G73960', 'AT2G02010', 'AT2G32620', 'AT2G47550', 'AT3G04580', 'AT3G18040', 'AT3G18760', 'AT3G20040', 'AT3G51460', 'AT4G17890', 'AT4G23915', 'AT4G35420', 'AT5G04170', 'AT5G13710', 'AT5G17760', 'AT5G24770', 'AT5G26240', 'AT5G27320', 'AT5G27450', 'AT5G46430']"
NEG::shuffled::0065,0,shuffled_pathway,synthetic_negative,"['AT1G02600', 'AT1G04320', 'AT1G04907', 'AT1G06750', 'AT1G09690', 'AT1G11010', 'AT1G14850', 'AT1G14920', 'AT1G16870', 'AT1G17170', 'AT1G18090', 'AT1G29260', 'AT1G31710', 'AT1G52980', 'AT1G53000', 'AT1G55970', 'AT1G56110', 'AT1G57240', 'AT1G59960', 'AT1G61720', 'AT1G64660', 'AT1G67740', 'AT1G70090', 'AT1G77760', 'AT1G79790', 'AT2G03890', 'AT2G07640', 'AT2G24150', 'AT2G25710', 'AT2G32550', 'AT2G33660', 'AT2G37700', 'AT2G39220', 'AT2G41880', 'AT2G47300', 'AT3G02680', 'AT3G05530', 'AT3G10550', 'AT3G18880', 'AT3G19280', 'AT3G25960', 'AT3G52210', 'AT3G55140', 'AT3G58040', 'AT3G60100', 'AT4G00085', 'AT4G02890', 'AT4G09570', 'AT4G19660', 'AT4G24805', 'AT4G26740', 'AT4G31180', 'AT4G34540', 'AT5G01365', 'AT5G01600', 'AT5G12180', 'AT5G12420', 'AT5G13520', 'AT5G58230', 'AT5G62880', 'AT5G66190']"
NEG::shuffled::0066,0,shuffled_pathway,synthetic_negative,"['AT1G02000', 'AT1G08940', 'AT1G15450', 'AT1G35530', 'AT1G77590', 'AT3G02920', 'AT3G04480', 'AT4G05090', 'AT4G08870', 'AT4G27040', 'AT5G24540', 'AT5G27395', 'AT5G49110', 'AT5G62130']"
NEG::shuffled::0067,0,shuffled_pathway,synthetic_negative,"['AT1G05560', 'AT1G19570', 'AT2G22830', 'AT3G03920', 'AT3G42960', 'AT3G63080', 'AT4G05320', 'AT4G10815', 'AT4G24025', 'AT4G31460', 'AT4G32475', 'AT5G02080', 'AT5G52320']"
NEG::shuffled::0068,0,shuffled_pathway,synthetic_negative,"['AT1G56110', 'AT1G80820', 'AT2G06530', 'AT2G40290', 'AT3G04120', 'AT3G21780', 'AT3G23580', 'AT3G23800', 'AT3G44320', 'AT3G48000', 'AT3G60770', 'AT4G22910', 'AT4G29390', 'AT4G40010', 'AT5G20160', 'ATMG00580']"
NEG::shuffled::0069,0,shuffled_pathway,synthetic_negative,"['AT1G53270', 'AT1G57180', 'AT1G61120', 'AT1G77440', 'AT2G14285', 'AT2G23820', 'AT2G44560', 'AT2G46760', 'AT3G04730', 'AT4G29460', 'AT5G15520', 'AT5G18070']"
NEG::shuffled::0070,0,shuffled_pathway,synthetic_negative,"['AT1G05680', 'AT1G10700', 'AT1G44910', 'AT1G49400', 'AT1G53090', 'AT1G72190', 'AT1G73030', 'AT1G75570', 'AT1G78340', 'AT2G04137', 'AT2G28110', 'AT2G35040', 'AT2G38210', 'AT2G43010', 'AT2G45670', 'AT3G04730', 'AT3G07270', 'AT3G08690', 'AT3G09595', 'AT3G10610', 'AT3G12780', 'AT3G13570', 'AT3G16630', 'AT3G20290', 'AT3G22630', 'AT3G25600', 'AT3G25770', 'AT3G26280', 'AT3G58700', 'AT3G62090', 'AT4G26520', 'AT4G35970', 'AT5G09290', 'AT5G09700', 'AT5G13430', 'AT5G16310', 'AT5G46160', 'AT5G57350', 'AT5G60390', 'ATMG00990']"
NEG::shuffled::0071,0,shuffled_pathway,synthetic_negative,"['AT1G66750', 'AT1G67830', 'AT4G09510', 'AT4G34740', 'AT5G14900', 'AT5G66755']"
NEG::shuffled::0072,0,shuffled_pathway,synthetic_negative,"['AT2G45640', 'AT3G01590', 'AT3G10070', 'AT3G26220', 'AT4G00500', 'AT4G24830', 'AT5G25180', 'AT5G39535', 'AT5G42340', 'AT5G63680']"
NEG::shuffled::0073,0,shuffled_pathway,synthetic_negative,"['AT1G02980', 'AT1G05900', 'AT1G06590', 'AT1G08950', 'AT1G13060', 'AT1G13560', 'AT1G17190', 'AT1G17300', 'AT1G23020', 'AT1G24650', 'AT1G27535', 'AT1G28860', 'AT1G30540', 'AT1G34510', 'AT1G48630', 'AT1G52340', 'AT1G55320', 'AT1G55490', 'AT1G55850', 'AT1G56810', 'AT1G56880', 'AT1G57010', 'AT1G57140', 'AT1G57420', 'AT1G60810', 'AT1G61680', 'AT1G63440', 'AT1G69100', 'AT1G69740', 'AT1G70980', 'AT1G72520', 'AT1G74550', 'AT1G74710', 'AT1G75590', 'AT2G03870', 'AT2G20340', 'AT2G22480', 'AT2G24990', 'AT2G28305', 'AT2G29300', 'AT2G29750', 'AT2G30050', 'AT2G31390', 'AT2G32000', 'AT2G32110', 'AT2G32160', 'AT2G36660', 'AT2G38152', 'AT2G38390', 'AT2G43810', 'AT2G45390', 'AT3G03650', 'AT3G03910', 'AT3G05970', 'AT3G08560', 'AT3G10415', 'AT3G10870', 'AT3G11050', 'AT3G11945', 'AT3G16650', 'AT3G20130', 'AT3G20950', 'AT3G22630', 'AT3G27845', 'AT3G28360', 'AT3G28500', 'AT3G32980', 'AT3G46830', 'AT3G55100', 'AT3G58830', 'AT3G59630', 'AT3G62400', 'AT4G01610', 'AT4G01830', 'AT4G04885', 'AT4G04930', 'AT4G05180', 'AT4G08990', 'AT4G11910', 'AT4G14440', 'AT4G22330', 'AT4G22870', 'AT4G24730', 'AT4G25900', 'AT4G25970', 'AT4G26970', 'AT4G27250', 'AT4G30440', 'AT4G31140', 'AT4G33510', 'AT4G34760', 'AT4G36420', 'AT4G38495', 'AT4G39490', 'AT5G03280', 'AT5G04230', 'AT5G05795', 'AT5G06960', 'AT5G16760', 'AT5G17770', 'AT5G19040', 'AT5G19730', 'AT5G24780', 'AT5G25080', 'AT5G27470', 'AT5G35080', 'AT5G38430', 'AT5G40610', 'AT5G44640', 'AT5G45110', 'AT5G53970', 'AT5G55250', 'AT5G57440', 'AT5G60640', 'AT5G63650', 'AT5G65274', 'AT5G65740', 'AT5G65940', 'AT5G67380']"
NEG::shuffled::0074,0,shuffled_pathway,synthetic_negative,"['AT1G27535', 'AT1G32350', 'AT1G54040', 'AT2G05830', 'AT3G20500', 'AT4G35670', 'AT5G59300']"
NEG::shuffled::0075,0,shuffled_pathway,synthetic_negative,"['AT1G05570', 'AT1G09870', 'AT1G50170', 'AT1G60140', 'AT3G02590', 'AT3G02875', 'AT3G29380', 'AT3G43220', 'AT5G22920', 'AT5G26600', 'ATMG01280']"
NEG::shuffled::0076,0,shuffled_pathway,synthetic_negative,"['AT1G05560', 'AT1G18020', 'AT1G22770', 'AT1G31530', 'AT1G50060', 'AT1G55020', 'AT1G62560', 'AT1G63940', 'AT1G68850', 'AT2G25930', 'AT2G28210', 'AT2G33370', 'AT2G38700', 'AT2G39930', 'AT2G45220', 'AT2G47210', 'AT3G06110', 'AT3G19480', 'AT3G21160', 'AT3G48270', 'AT4G08780', 'AT4G11050', 'AT4G14880', 'AT4G15130', 'AT4G26080', 'AT4G28750', 'AT4G36810', 'AT4G37400', 'AT4G38825', 'AT5G02615', 'AT5G09490', 'AT5G40490', 'AT5G41770', 'AT5G42570', 'AT5G50550']"
NEG::shuffled::0077,0,shuffled_pathway,synthetic_negative,"['AT1G03445', 'AT1G04635', 'AT1G05273', 'AT1G06520', 'AT1G08110', 'AT1G09100', 'AT1G10230', 'AT1G13280', 'AT1G21410', 'AT1G22210', 'AT1G48635', 'AT1G58983', 'AT1G59830', 'AT1G67120', 'AT1G69820', 'AT2G01140', 'AT2G07743', 'AT2G17360', 'AT2G19490', 'AT2G20160', 'AT2G22240', 'AT2G29090', 'AT2G29690', 'AT2G32790', 'AT2G36880', 'AT2G38140', 'AT2G43360', 'AT2G46110', 'AT3G02680', 'AT3G02780', 'AT3G04680', 'AT3G12780', 'AT3G17000', 'AT3G21660', 'AT3G24670', 'AT3G28490', 'AT3G47540', 'AT3G49010', 'AT3G54050', 'AT3G55610', 'AT4G01370', 'AT4G11380', 'AT4G15940', 'AT4G19820', 'AT4G25585', 'AT4G26090', 'AT4G32640', 'AT4G34240', 'AT4G34740', 'AT4G37410', 'AT5G04540', 'AT5G04930', 'AT5G05900', 'AT5G16580', 'AT5G20620', 'AT5G23990', 'AT5G44280', 'AT5G60335', 'AT5G66280']"
NEG::shuffled::0078,0,shuffled_pathway,synthetic_negative,"['AT1G02140', 'AT1G02640', 'AT1G02740', 'AT1G03280', 'AT1G03950', 'AT1G04250', 'AT1G06450', 'AT1G12910', 'AT1G14700', 'AT1G16030', 'AT1G16300', 'AT1G16360', 'AT1G16590', 'AT1G17050', 'AT1G17160', 'AT1G17290', 'AT1G18370', 'AT1G19670', 'AT1G20000', 'AT1G20040', 'AT1G21100', 'AT1G21110', 'AT1G21190', 'AT1G21640', 'AT1G22320', 'AT1G22740', 'AT1G23490', 'AT1G23900', 'AT1G25375', 'AT1G25410', 'AT1G29910', 'AT1G30100', 'AT1G32380', 'AT1G37150', 'AT1G44170', 'AT1G48050', 'AT1G49140', 'AT1G51470', 'AT1G53030', 'AT1G56430', 'AT1G56840', 'AT1G57260', 'AT1G57350', 'AT1G61820', 'AT1G62540', 'AT1G64900', 'AT1G65070', 'AT1G65450', 'AT1G65660', 'AT1G66030', 'AT1G66400', 'AT1G67350', 'AT1G67430', 'AT1G68890', 'AT1G69000', 'AT1G69770', 'AT1G73900', 'AT1G75850', 'AT1G78480', 'AT1G79550', 'AT1G80680', 'AT2G01760', 'AT2G02570', 'AT2G07671', 'AT2G07695', 'AT2G16860', 'AT2G17190', 'AT2G17370', 'AT2G18250', 'AT2G22570', 'AT2G22590', 'AT2G23550', 'AT2G24190', 'AT2G27070', 'AT2G32780', 'AT2G32860', 'AT2G33290', 'AT2G33610', 'AT2G36520', 'AT2G37620', 'AT2G39090', 'AT2G39420', 'AT2G39970', 'AT2G40116', 'AT2G40840', 'AT2G45000', 'AT2G46520', 'AT3G01190', 'AT3G01640', 'AT3G04230', 'AT3G06420', 'AT3G09880', 'AT3G11120', 'AT3G14490', 'AT3G14990', 'AT3G16170', 'AT3G17000', 'AT3G20100', 'AT3G20800', 'AT3G21800', 'AT3G25780', 'AT3G28200', 'AT3G42670', 'AT3G47400', 'AT3G48780', 'AT3G49120', 'AT3G52565', 'AT3G52750', 'AT3G53020', 'AT3G53890', 'AT3G58490', 'AT3G58830', 'AT3G62220', 'AT4G01850', 'AT4G09760', 'AT4G11050', 'AT4G11980', 'AT4G14305', 'AT4G15350', 'AT4G16330', 'AT4G16566', 'AT4G19640', 'AT4G20930', 'AT4G20960', 'AT4G22910', 'AT4G24440', 'AT4G25090', 'AT4G26270', 'AT4G26470', 'AT4G27820', 'AT4G29080', 'AT4G30190', 'AT4G33950', 'AT4G35900', 'AT4G36197', 'AT4G37400', 'AT4G37930', 'AT4G38040', 'AT4G38495', 'AT4G38930', 'AT4G39615', 'AT5G01240', 'AT5G02080', 'AT5G05440', 'AT5G05860', 'AT5G06670', 'AT5G07180', 'AT5G07870', 'AT5G08170', 'AT5G08330', 'AT5G10525', 'AT5G10960', 'AT5G11260', 'AT5G11650', 'AT5G13380', 'AT5G14430', 'AT5G15750', 'AT5G16130', 'AT5G16780', 'AT5G17200', 'AT5G19320', 'AT5G19730', 'AT5G22410', 'AT5G22920', 'AT5G23050', 'AT5G24470', 'AT5G24530', 'AT5G25350', 'AT5G28020', 'AT5G37510', 'AT5G39535', 'AT5G40290', 'AT5G42180', 'AT5G44790', 'AT5G45300', 'AT5G46160', 'AT5G46325', 'AT5G46630', 'AT5G48000', 'AT5G50430', 'AT5G50440', 'AT5G52495', 'AT5G56270', 'AT5G59440', 'AT5G60963', 'AT5G63400', 'AT5G63580', 'AT5G64000', 'AT5G64270', 'AT5G65990', 'AT5G66210', 'AT5G66680', 'ATCG01080']"
NEG::shuffled::0079,0,shuffled_pathway,synthetic_negative,"['AT2G33040', 'AT2G44050', 'AT2G47300', 'AT3G22200', 'AT3G44680', 'AT5G18660', 'AT5G48020', 'AT5G57290']"
NEG::shuffled::0080,0,shuffled_pathway,synthetic_negative,"['AT1G10730', 'AT1G60170', 'AT1G66550', 'AT1G78510', 'AT2G28260', 'AT2G31440', 'AT2G42970', 'AT3G10415', 'AT3G47460', 'AT3G50520', 'AT3G63170', 'AT4G15270', 'AT5G03430', 'AT5G19460', 'AT5G25080']"
NEG::shuffled::0081,0,shuffled_pathway,synthetic_negative,"['AT1G04160', 'AT1G04290', 'AT1G04720', 'AT1G04950', 'AT1G05990', 'AT1G06650', 'AT1G15930', 'AT1G16700', 'AT1G17580', 'AT1G26640', 'AT1G29930', 'AT1G37130', 'AT1G47980', 'AT1G48320', 'AT1G51660', 'AT1G52350', 'AT1G52570', 'AT1G54960', 'AT1G55120', 'AT1G55540', 'AT1G55920', 'AT1G57010', 'AT1G57040', 'AT1G57140', 'AT1G60850', 'AT1G64590', 'AT1G66530', 'AT1G69100', 'AT1G73600', 'AT1G75340', 'AT1G75570', 'AT1G78480', 'AT1G79750', 'AT1G80250', 'AT2G04350', 'AT2G19680', 'AT2G21570', 'AT2G22330', 'AT2G22670', 'AT2G24800', 'AT2G29320', 'AT2G30190', 'AT2G30750', 'AT2G31170', 'AT2G32220', 'AT2G33960', 'AT2G34490', 'AT2G35110', 'AT2G38120', 'AT2G38390', 'AT2G38995', 'AT2G39090', 'AT2G43080', 'AT2G46340', 'AT2G47110', 'AT2G47240', 'AT3G01190', 'AT3G03000', 'AT3G03850', 'AT3G05530', 'AT3G05720', 'AT3G07560', 'AT3G08960', 'AT3G12260', 'AT3G12580', 'AT3G13290', 'AT3G16050', 'AT3G16990', 'AT3G17660', 'AT3G17790', 'AT3G21090', 'AT3G22560', 'AT3G25900', 'AT3G26290', 'AT3G26360', 'AT3G26640', 'AT3G29200', 'AT3G30180', 'AT3G42830', 'AT3G43210', 'AT3G46820', 'AT3G47000', 'AT3G48000', 'AT3G48930', 'AT3G49860', 'AT3G50300', 'AT3G55280', 'AT3G58560', 'AT4G00660', 'AT4G02320', 'AT4G08160', 'AT4G12610', 'AT4G16710', 'AT4G18710', 'AT4G21200', 'AT4G21540', 'AT4G22590', 'AT4G24780', 'AT4G27640', 'AT4G27885', 'AT4G28130', 'AT4G28706', 'AT4G35160', 'AT4G36080', 'AT5G01320', 'AT5G02725', 'AT5G02790', 'AT5G07850', 'AT5G13480', 'AT5G13700', 'AT5G17490', 'AT5G20850', 'AT5G40580', 'AT5G41010', 'AT5G42040', 'AT5G42790', 'AT5G43455', 'AT5G45600', 'AT5G46750', 'AT5G50420', 'AT5G54280', 'AT5G58860', 'AT5G60390', 'AT5G61000', 'AT5G64070', 'AT5G65550', 'AT5G66005', 'AT5G66260', 'AT5G66680', 'ATMG01190']"
NEG::shuffled::0082,0,shuffled_pathway,synthetic_negative,"['AT1G05390', 'AT1G26910', 'AT1G47290', 'AT1G54490', 'AT1G67740', 'AT1G78660', 'AT1G80680', 'AT2G05320', 'AT2G31440', 'AT2G33730', 'AT2G36580', 'AT3G03630', 'AT3G28390', 'AT3G47370', 'AT3G53450', 'AT4G05160', 'AT4G11177', 'AT4G16700', 'AT4G22080', 'AT4G28320', 'AT5G05470', 'AT5G08300', 'AT5G20810', 'AT5G38410', 'AT5G49030', 'AT5G51100']"
NEG::shuffled::0083,0,shuffled_pathway,synthetic_negative,"['AT1G17580', 'AT1G21690', 'AT2G18130', 'AT2G33650', 'AT3G26170', 'AT3G48080', 'AT3G58390', 'AT4G19800', 'AT4G25970', 'AT5G14570']"
NEG::shuffled::0084,0,shuffled_pathway,synthetic_negative,"['AT1G01890', 'AT1G03495', 'AT1G15700', 'AT1G16100', 'AT1G35680', 'AT1G52870', 'AT1G53220', 'AT1G53780', 'AT1G66030', 'AT1G67490', 'AT1G67980', 'AT1G69930', 'AT1G71697', 'AT1G77330', 'AT2G04430', 'AT2G05100', 'AT2G16595', 'AT2G20140', 'AT2G21290', 'AT2G22830', 'AT2G26870', 'AT2G27570', 'AT2G31690', 'AT2G33220', 'AT2G35380', 'AT2G43710', 'AT2G45695', 'AT3G01790', 'AT3G05060', 'AT3G14080', 'AT3G21770', 'AT3G30200', 'AT3G45140', 'AT3G46100', 'AT3G51820', 'AT3G56600', 'AT3G60750', 'AT4G04930', 'AT4G18100', 'AT4G20780', 'AT4G20810', 'AT4G25290', 'AT4G28470', 'AT4G31790', 'AT5G05945', 'AT5G09590', 'AT5G16310', 'AT5G16790', 'AT5G27650', 'AT5G36870', 'AT5G37000', 'AT5G39340', 'AT5G41675', 'AT5G42040', 'AT5G44080', 'AT5G48000', 'AT5G50760', 'AT5G52355', 'AT5G52560', 'AT5G59240', 'AT5G60670']"
NEG::shuffled::0085,0,shuffled_pathway,synthetic_negative,"['AT1G04810', 'AT1G06750', 'AT1G07440', 'AT1G20720', 'AT1G30380', 'AT1G44170', 'AT1G48050', 'AT1G54250', 'AT1G56900', 'AT1G57390', 'AT1G69100', 'AT2G20360', 'AT2G21250', 'AT2G23260', 'AT2G27000', 'AT2G31690', 'AT2G33920', 'AT2G46950', 'AT3G03120', 'AT3G13672', 'AT3G20390', 'AT3G20960', 'AT3G23050', 'AT3G24030', 'AT3G26640', 'AT4G02390', 'AT4G15210', 'AT4G16770', 'AT4G21150', 'AT4G26385', 'AT4G31140', 'AT4G33260', 'AT5G07870', 'AT5G23730', 'AT5G24760', 'AT5G35750']"
NEG::shuffled::0086,0,shuffled_pathway,synthetic_negative,"['AT1G13430', 'AT2G35160', 'AT3G43440', 'AT4G01865', 'AT5G65220']"
NEG::shuffled::0087,0,shuffled_pathway,synthetic_negative,"['AT1G06780', 'AT1G08750', 'AT1G09870', 'AT1G14620', 'AT1G52500', 'AT1G62660', 'AT2G22930', 'AT2G31960', 'AT2G34250', 'AT2G34420', 'AT2G35170', 'AT2G46970', 'AT3G01620', 'AT3G06560', 'AT3G17609', 'AT3G53610', 'AT4G00930', 'AT4G08180', 'AT4G09520', 'AT4G23100', 'AT4G27260', 'AT4G30930', 'AT4G31910', 'AT5G12180', 'AT5G13350', 'AT5G23110', 'AT5G24240', 'AT5G55045', 'AT5G56290']"
NEG::shuffled::0088,0,shuffled_pathway,synthetic_negative,"['AT1G16900', 'AT1G17745', 'AT1G21640', 'AT1G25450', 'AT1G28920', 'AT1G48900', 'AT1G51740', 'AT1G55670', 'AT1G57430', 'AT1G80230', 'AT2G38280', 'AT2G39840', 'AT2G43870', 'AT2G44570', 'AT3G11180', 'AT3G49650', 'AT3G56090', 'AT5G09920', 'AT5G09970', 'AT5G11110', 'AT5G22470']"
NEG::shuffled::0089,0,shuffled_pathway,synthetic_negative,"['AT1G02760', 'AT1G02790', 'AT1G05273', 'AT1G06520', 'AT1G06640', 'AT1G09100', 'AT1G10070', 'AT1G10630', 'AT1G10680', 'AT1G13430', 'AT1G14850', 'AT1G16470', 'AT1G17745', 'AT1G18130', 'AT1G21480', 'AT1G24380', 'AT1G33120', 'AT1G50990', 'AT1G55865', 'AT1G55920', 'AT1G56740', 'AT1G57080', 'AT1G57140', 'AT1G57490', 'AT1G69940', 'AT1G72780', 'AT1G73370', 'AT1G74540', 'AT1G76030', 'AT1G77920', 'AT1G78380', 'AT1G78770', 'AT1G79460', 'AT2G01250', 'AT2G16570', 'AT2G18010', 'AT2G22570', 'AT2G24850', 'AT2G33120', 'AT2G33930', 'AT2G41630', 'AT2G46760', 'AT3G01440', 'AT3G04480', 'AT3G04680', 'AT3G06650', 'AT3G06665', 'AT3G06900', 'AT3G07810', 'AT3G11910', 'AT3G12260', 'AT3G21560', 'AT3G44250', 'AT3G48170', 'AT3G48300', 'AT3G48320', 'AT3G50750', 'AT3G53090', 'AT3G53250', 'AT3G53450', 'AT3G56910', 'AT3G60730', 'AT3G63000', 'AT4G00500', 'AT4G00920', 'AT4G02620', 'AT4G03240', 'AT4G14040', 'AT4G14305', 'AT4G15560', 'AT4G25750', 'AT4G26850', 'AT4G28790', 'AT4G30540', 'AT4G30820', 'AT4G31320', 'AT4G36960', 'AT4G37100', 'AT5G01240', 'AT5G04380', 'AT5G04950', 'AT5G04990', 'AT5G06260', 'AT5G10235', 'AT5G19220', 'AT5G20854', 'AT5G22950', 'AT5G23730', 'AT5G24900', 'AT5G25820', 'AT5G41340', 'AT5G49360', 'AT5G51900', 'AT5G54140', 'AT5G55720', 'AT5G58080', 'AT5G65550', 'AT5G66020']"
NEG::shuffled::0090,0,shuffled_pathway,synthetic_negative,"['AT1G07440', 'AT1G10490', 'AT1G32180', 'AT1G35250', 'AT1G64900', 'AT1G68260', 'AT1G70490', 'AT1G71750', 'AT2G13610', 'AT2G16440', 'AT2G23520', 'AT2G35370', 'AT2G37270', 'AT3G04480', 'AT3G05835', 'AT3G09585', 'AT3G20655', 'AT3G22370', 'AT3G53620', 'AT4G20235', 'AT4G21530', 'AT4G32915', 'AT4G33220', 'AT4G37400', 'AT5G22360', 'AT5G27650', 'AT5G45900']"
NEG::shuffled::0091,0,shuffled_pathway,synthetic_negative,"['AT1G30040', 'AT1G69940', 'AT1G72040', 'AT4G10180', 'AT5G18820', 'AT5G23990', 'AT5G66930']"
NEG::shuffled::0092,0,shuffled_pathway,synthetic_negative,"['AT1G03980', 'AT1G06590', 'AT1G14185', 'AT1G57860', 'AT1G63700', 'AT1G72450', 'AT1G74960', 'AT1G75340', 'AT1G75510', 'AT1G78800', 'AT2G05140', 'AT2G07732', 'AT2G23520', 'AT2G27710', 'AT2G29310', 'AT2G30660', 'AT2G35390', 'AT2G37130', 'AT2G44750', 'AT3G04770', 'AT3G05300', 'AT3G24570', 'AT3G26300', 'AT3G44590', 'AT3G48190', 'AT3G50505', 'AT3G53480', 'AT4G04695', 'AT4G08780', 'AT4G16730', 'AT4G17830', 'AT4G19690', 'AT4G26470', 'AT4G32280', 'AT4G36420', 'AT4G37980', 'AT5G03240', 'AT5G11920', 'AT5G16890', 'AT5G20010', 'AT5G22300', 'AT5G43010', 'AT5G50460', 'AT5G54260', 'AT5G55250', 'AT5G58240', 'AT5G62300', 'AT5G63180']"
NEG::shuffled::0093,0,shuffled_pathway,synthetic_negative,"['AT1G01050', 'AT1G01090', 'AT1G03570', 'AT1G08090', 'AT1G12910', 'AT1G20500', 'AT1G30120', 'AT2G20680', 'AT2G29310', 'AT3G20520', 'AT4G24160', 'AT4G24940', 'AT5G60670', 'AT5G62230']"
NEG::shuffled::0094,0,shuffled_pathway,synthetic_negative,"['AT1G13720', 'AT1G27570', 'AT1G57110', 'AT1G66650', 'AT1G75120', 'AT2G46760', 'AT3G03000', 'AT4G09140', 'AT4G31790', 'AT5G14760']"
NEG::shuffled::0095,0,shuffled_pathway,synthetic_negative,"['AT1G04350', 'AT1G06290', 'AT1G06310', 'AT1G07760', 'AT1G07880', 'AT1G08880', 'AT1G09430', 'AT1G16710', 'AT1G17170', 'AT1G20140', 'AT1G23210', 'AT1G32100', 'AT1G35580', 'AT1G35670', 'AT1G52500', 'AT1G56150', 'AT1G61290', 'AT1G71750', 'AT1G75210', 'AT1G80100', 'AT2G17290', 'AT2G19430', 'AT2G20260', 'AT2G22220', 'AT2G27450', 'AT2G28850', 'AT3G01010', 'AT3G02160', 'AT3G07040', 'AT3G12710', 'AT3G14120', 'AT3G23820', 'AT3G24315', 'AT3G43120', 'AT3G44510', 'AT3G49860', 'AT4G03190', 'AT4G05140', 'AT4G13460', 'AT4G29390', 'AT4G33790', 'AT4G38920', 'AT4G39770', 'AT5G03690', 'AT5G04465', 'AT5G06670', 'AT5G13700', 'AT5G15650', 'AT5G18630', 'AT5G19220', 'AT5G27720', 'AT5G42570', 'AT5G44630', 'AT5G65800', 'AT5G67510', 'ATMG01320']"
NEG::shuffled::0096,0,shuffled_pathway,synthetic_negative,"['AT1G61580', 'AT3G11130', 'AT3G16910', 'AT3G26830', 'AT5G54510']"
NEG::shuffled::0097,0,shuffled_pathway,synthetic_negative,"['AT1G01460', 'AT1G04220', 'AT1G06645', 'AT1G11090', 'AT1G11250', 'AT1G16690', 'AT1G65960', 'AT1G70730', 'AT1G79130', 'AT1G80100', 'AT2G18400', 'AT2G19830', 'AT2G22420', 'AT2G22580', 'AT3G17820', 'AT3G21420', 'AT3G44320', 'AT3G47370', 'AT4G03510', 'AT4G05140', 'AT4G12430', 'AT4G32850', 'AT4G34230', 'AT4G37320', 'AT5G03160', 'AT5G06685', 'AT5G08680', 'AT5G10370', 'AT5G11520', 'AT5G27570', 'AT5G42260', 'AT5G44990', 'AT5G47910', 'AT5G56030', 'AT5G59420', 'AT5G62130', 'AT5G66280', 'AT5G66690', 'AT5G67510']"
NEG::shuffled::0098,0,shuffled_pathway,synthetic_negative,"['AT1G12140', 'AT1G23290', 'AT1G24100', 'AT1G50990', 'AT1G53690', 'AT1G54250', 'AT1G57470', 'AT1G61010', 'AT2G07752', 'AT2G23780', 'AT2G25940', 'AT2G33370', 'AT2G36860', 'AT2G41020', 'AT2G41140', 'AT2G44270', 'AT2G44570', 'AT2G45770', 'AT2G46610', 'AT2G47610', 'AT2G47740', 'AT3G01180', 'AT3G08530', 'AT3G09870', 'AT3G10015', 'AT3G16630', 'AT3G22200', 'AT3G24110', 'AT3G27300', 'AT3G27555', 'AT3G29320', 'AT3G49000', 'AT3G61880', 'AT3G62250', 'AT3G62860', 'AT4G01310', 'AT4G13700', 'AT4G18255', 'AT4G19720', 'AT4G29800', 'AT4G31720', 'AT4G34650', 'AT4G37560', 'AT4G38320', 'AT5G14060', 'AT5G16750', 'AT5G18790', 'AT5G20970', 'AT5G22250', 'AT5G26667', 'AT5G49310', 'AT5G51310']"
NEG::shuffled::0099,0,shuffled_pathway,synthetic_negative,"['AT1G10740', 'AT1G53520', 'AT1G57110', 'AT1G57500', 'AT2G39270', 'AT2G39820', 'AT3G52400', 'AT3G61610', 'AT3G61800', 'AT4G18590', 'AT4G26230', 'AT4G28360', 'AT4G39400', 'AT5G19450', 'AT5G55055', 'AT5G60285', 'AT5G62980', 'AT5G63595']"
NEG::shuffled::0100,0,shuffled_pathway,synthetic_negative,"['AT1G02190', 'AT1G10580', 'AT1G21720', 'AT1G29260', 'AT1G29965', 'AT1G31860', 'AT1G34130', 'AT1G51660', 'AT1G56800', 'AT1G57600', 'AT1G66150', 'AT1G72190', 'AT1G76030', 'AT1G78050', 'AT1G78300', 'AT2G07785', 'AT2G34890', 'AT2G37360', 'AT2G42120', 'AT3G01190', 'AT3G05870', 'AT3G06470', 'AT3G06700', 'AT3G10035', 'AT3G13200', 'AT3G23240', 'AT3G47470', 'AT3G50880', 'AT3G55400', 'AT3G56340', 'AT3G62750', 'AT4G00550', 'AT4G01020', 'AT4G11380', 'AT4G11985', 'AT4G12460', 'AT4G30170', 'AT4G31075', 'AT4G34260', 'AT4G35810', 'AT5G01320', 'AT5G02540', 'AT5G04060', 'AT5G04230', 'AT5G08670', 'AT5G10560', 'AT5G15805', 'AT5G18030', 'AT5G20570', 'AT5G20960', 'AT5G22110', 'AT5G40870', 'AT5G42380', 'AT5G43640', 'AT5G44070', 'AT5G49910', 'AT5G51055', 'AT5G51970', 'AT5G52520', 'AT5G55505', 'AT5G56360']"
NEG::shuffled::0101,0,shuffled_pathway,synthetic_negative,"['AT1G01120', 'AT1G19120', 'AT1G30400', 'AT1G53270', 'AT2G02020', 'AT2G29690', 'AT3G09630', 'AT3G49110', 'AT3G51850', 'AT5G04465', 'AT5G22940', 'AT5G42750', 'AT5G44460']"
NEG::shuffled::0102,0,shuffled_pathway,synthetic_negative,"['AT1G03430', 'AT1G04680', 'AT1G06520', 'AT1G08080', 'AT1G17640', 'AT1G18590', 'AT1G27450', 'AT1G35160', 'AT1G36240', 'AT1G65290', 'AT1G66750', 'AT1G72770', 'AT1G73177', 'AT1G73570', 'AT2G07755', 'AT2G26930', 'AT2G28260', 'AT2G29210', 'AT2G29340', 'AT2G39770', 'AT2G43900', 'AT3G01610', 'AT3G04520', 'AT3G08943', 'AT3G13855', 'AT3G15690', 'AT3G22890', 'AT3G62150', 'AT4G15560', 'AT4G18100', 'AT4G24920', 'AT4G29620', 'AT4G35090', 'AT4G39420', 'AT5G05270', 'AT5G35910', 'AT5G49435', 'AT5G52650', 'AT5G53770']"
NEG::shuffled::0103,0,shuffled_pathway,synthetic_negative,"['AT1G07180', 'AT1G08080', 'AT1G08115', 'AT1G09770', 'AT1G10580', 'AT1G23330', 'AT1G25490', 'AT1G27720', 'AT2G07718', 'AT2G13290', 'AT2G33140', 'AT2G42100', 'AT2G42420', 'AT3G02660', 'AT3G03530', 'AT3G14040', 'AT3G30180', 'AT3G32940', 'AT3G44190', 'AT3G47010', 'AT3G47930', 'AT3G48150', 'AT3G50560', 'AT3G61545', 'AT3G62735', 'AT4G15260', 'AT4G16740', 'AT4G23730', 'AT4G25180', 'AT4G29040', 'AT4G39090', 'AT5G01630', 'AT5G02790', 'AT5G05945', 'AT5G21930', 'AT5G23900', 'AT5G27620', 'AT5G43850', 'AT5G63540']"
NEG::shuffled::0104,0,shuffled_pathway,synthetic_negative,"['AT1G03400', 'AT1G07380', 'AT1G08730', 'AT1G18070', 'AT1G22170', 'AT1G26430', 'AT1G26670', 'AT1G48030', 'AT1G63770', 'AT1G75440', 'AT2G01890', 'AT2G03790', 'AT2G20810', 'AT2G30650', 'AT2G33920', 'AT2G38120', 'AT3G02630', 'AT3G04580', 'AT3G10660', 'AT3G20430', 'AT3G22300', 'AT3G23750', 'AT3G26210', 'AT3G28340', 'AT3G51135', 'AT3G52345', 'AT3G60540', 'AT4G01950', 'AT4G07875', 'AT4G16745', 'AT4G20280', 'AT4G23550', 'AT4G27875', 'AT4G38240', 'AT5G01290', 'AT5G04950', 'AT5G07135', 'AT5G10450', 'AT5G13580', 'AT5G20420', 'AT5G36700', 'AT5G37930', 'AT5G44750', 'AT5G54570', 'AT5G61320', 'AT5G63840']"
NEG::shuffled::0105,0,shuffled_pathway,synthetic_negative,"['AT1G02580', 'AT1G10050', 'AT1G11030', 'AT1G12550', 'AT1G20270', 'AT1G31095', 'AT1G34310', 'AT1G56730', 'AT1G57380', 'AT1G60990', 'AT1G62180', 'AT1G64230', 'AT1G69670', 'AT1G77350', 'AT2G05320', 'AT2G07752', 'AT2G25210', 'AT2G26230', 'AT2G28880', 'AT2G36620', 'AT2G38770', 'AT3G01910', 'AT3G04400', 'AT3G15010', 'AT3G22400', 'AT3G45070', 'AT3G46670', 'AT3G48100', 'AT3G48570', 'AT3G54960', 'AT4G14455', 'AT4G14970', 'AT4G19420', 'AT4G33810', 'AT4G33820', 'AT4G40042', 'AT5G02435', 'AT5G05460', 'AT5G13580', 'AT5G19400', 'AT5G28540', 'AT5G35715', 'AT5G46595', 'AT5G56630', 'AT5G58700', 'AT5G60963', 'AT5G64505']"
NEG::shuffled::0106,0,shuffled_pathway,synthetic_negative,"['AT1G33750', 'AT1G78630', 'AT3G20450', 'AT5G05980', 'AT5G09970', 'AT5G47330']"
NEG::shuffled::0107,0,shuffled_pathway,synthetic_negative,"['AT1G05650', 'AT1G06550', 'AT1G08490', 'AT1G17170', 'AT1G17580', 'AT1G23465', 'AT1G28860', 'AT1G29965', 'AT1G48910', 'AT1G51590', 'AT1G57520', 'AT2G17290', 'AT2G21800', 'AT2G46505', 'AT2G46830', 'AT3G12990', 'AT3G13930', 'AT3G16150', 'AT3G18090', 'AT3G18760', 'AT3G30200', 'AT3G49430', 'AT3G57040', 'AT3G62710', 'AT4G03135', 'AT4G05110', 'AT4G20870', 'AT4G28940', 'AT5G04180', 'AT5G05620', 'AT5G06350', 'AT5G08340', 'AT5G18085', 'AT5G42870', 'ATCG00720']"
NEG::shuffled::0108,0,shuffled_pathway,synthetic_negative,"['AT1G03000', 'AT1G03570', 'AT1G03960', 'AT1G06620', 'AT1G10040', 'AT1G15960', 'AT1G17570', 'AT1G23240', 'AT1G32180', 'AT1G33520', 'AT1G36240', 'AT1G49430', 'AT1G50670', 'AT1G50960', 'AT1G54210', 'AT1G57320', 'AT1G65060', 'AT1G65610', 'AT1G68590', 'AT1G70700', 'AT1G79370', 'AT2G02600', 'AT2G17340', 'AT2G18040', 'AT2G28305', 'AT2G29300', 'AT2G33120', 'AT2G43910', 'AT2G47690', 'AT3G01190', 'AT3G05290', 'AT3G07960', 'AT3G11340', 'AT3G20885', 'AT3G32047', 'AT3G43950', 'AT3G52630', 'AT3G53250', 'AT3G56900', 'AT3G58830', 'AT3G63170', 'AT4G03135', 'AT4G04200', 'AT4G10230', 'AT4G14147', 'AT4G14970', 'AT4G34200', 'AT4G34780', 'AT4G35810', 'AT4G35820', 'AT4G36110', 'AT5G06125', 'AT5G19850', 'AT5G40950', 'AT5G41370', 'AT5G48230', 'AT5G67260']"
NEG::shuffled::0109,0,shuffled_pathway,synthetic_negative,"['AT1G74710', 'AT2G02770', 'AT3G44680', 'AT5G44740', 'AT5G63220']"
NEG::shuffled::0110,0,shuffled_pathway,synthetic_negative,"['AT1G66250', 'AT1G74950', 'AT3G32920', 'AT3G44110', 'AT3G44250', 'AT4G35740']"
NEG::shuffled::0111,0,shuffled_pathway,synthetic_negative,"['AT1G07250', 'AT1G08065', 'AT1G10760', 'AT1G15920', 'AT1G17420', 'AT1G17750', 'AT1G18530', 'AT1G19220', 'AT1G19850', 'AT1G22760', 'AT1G28130', 'AT1G47260', 'AT1G47578', 'AT1G53580', 'AT1G53680', 'AT1G53770', 'AT1G56930', 'AT1G57600', 'AT1G60820', 'AT1G67320', 'AT1G77660', 'AT1G77850', 'AT2G01890', 'AT2G04455', 'AT2G17200', 'AT2G24090', 'AT2G33310', 'AT2G45070', 'AT3G01310', 'AT3G04525', 'AT3G05300', 'AT3G06400', 'AT3G09740', 'AT3G09790', 'AT3G11410', 'AT3G12587', 'AT3G16650', 'AT3G16990', 'AT3G21790', 'AT3G43860', 'AT3G44340', 'AT3G49780', 'AT3G53140', 'AT3G53160', 'AT3G54050', 'AT3G55750', 'AT3G62090', 'AT4G02020', 'AT4G04885', 'AT4G08390', 'AT4G18620', 'AT4G18815', 'AT4G21110', 'AT4G23850', 'AT4G26300', 'AT4G26675', 'AT4G26690', 'AT4G28630', 'AT4G29080', 'AT4G31870', 'AT4G36420', 'AT4G37390', 'AT5G07315', 'AT5G14170', 'AT5G20270', 'AT5G21120', 'AT5G22110', 'AT5G22780', 'AT5G24240', 'AT5G28840', 'AT5G28900', 'AT5G36220', 'AT5G37900', 'AT5G41605', 'AT5G45715', 'AT5G53850', 'AT5G56350', 'AT5G57290', 'AT5G62480', 'AT5G62690', 'AT5G63540', 'AT5G65010', 'AT5G66060', 'AT5G66260']"
NEG::shuffled::0112,0,shuffled_pathway,synthetic_negative,"['AT1G10060', 'AT1G16610', 'AT1G25155', 'AT1G50840', 'AT2G07695', 'AT2G18700', 'AT2G19730', 'AT2G21470', 'AT2G22420', 'AT2G24580', 'AT2G29320', 'AT2G30200', 'AT2G35370', 'AT2G38050', 'AT2G39260', 'AT2G39460', 'AT2G47110', 'AT3G03920', 'AT3G06040', 'AT3G26480', 'AT3G28340', 'AT3G28415', 'AT3G47050', 'AT3G47630', 'AT3G53520', 'AT3G55010', 'AT3G59790', 'AT3G60340', 'AT4G04470', 'AT4G11570', 'AT4G15530', 'AT4G18730', 'AT4G20870', 'AT4G20890', 'AT4G24160', 'AT4G27360', 'AT4G27880', 'AT4G30500', 'AT4G32850', 'AT4G34900', 'AT4G39865', 'AT5G02780', 'AT5G03570', 'AT5G04540', 'AT5G23310', 'AT5G40270', 'AT5G46595', 'AT5G56350', 'AT5G57220', 'AT5G61540', 'AT5G66170', 'AT5G67050']"
NEG::shuffled::0113,0,shuffled_pathway,synthetic_negative,"['AT1G51590', 'AT1G66150', 'AT1G66950', 'AT1G67090', 'AT1G78490', 'AT2G01290', 'AT2G17570', 'AT2G21730', 'AT2G29590', 'AT2G31320', 'AT2G34430', 'AT2G37420', 'AT2G41480', 'AT3G10900', 'AT3G14310', 'AT3G54090', 'AT3G55110', 'AT4G08350', 'AT4G17050', 'AT4G18180', 'AT4G23100', 'AT4G34710', 'AT4G37000', 'AT4G38460', 'AT5G27140', 'AT5G40610', 'AT5G53000']"
NEG::shuffled::0114,0,shuffled_pathway,synthetic_negative,"['AT1G34245', 'AT1G60930', 'AT1G64390', 'AT1G66530', 'AT1G71700', 'AT1G72110', 'AT2G04455', 'AT2G25610', 'AT2G26670', 'AT2G33410', 'AT2G38120', 'AT2G45000', 'AT3G26170', 'AT3G49700', 'AT3G55480', 'AT3G62400', 'AT4G01995', 'AT4G14070', 'AT4G18255', 'AT4G28640', 'AT4G29650', 'AT4G32210', 'AT5G02170', 'AT5G02470', 'AT5G02725', 'AT5G09700', 'AT5G13350', 'AT5G13640', 'AT5G27650', 'AT5G41370', 'AT5G43890', 'AT5G45040', 'AT5G47770', 'AT5G54500', 'AT5G67430']"
NEG::shuffled::0115,0,shuffled_pathway,synthetic_negative,"['AT2G03870', 'AT2G19570', 'AT3G01610', 'AT3G05590', 'AT3G45965', 'AT4G09320', 'AT5G10990']"
NEG::shuffled::0116,0,shuffled_pathway,synthetic_negative,"['AT1G01910', 'AT1G10370', 'AT1G13080', 'AT1G14230', 'AT1G17550', 'AT1G18360', 'AT1G19050', 'AT1G30350', 'AT1G30460', 'AT1G35440', 'AT1G43670', 'AT1G44446', 'AT1G51690', 'AT1G53830', 'AT1G63710', 'AT1G66270', 'AT1G69670', 'AT2G07734', 'AT2G07785', 'AT2G07792', 'AT2G18010', 'AT2G21430', 'AT2G21470', 'AT2G31350', 'AT2G39220', 'AT2G44990', 'AT3G01890', 'AT3G04230', 'AT3G06030', 'AT3G13450', 'AT3G15354', 'AT3G18410', 'AT3G23780', 'AT3G25400', 'AT3G42960', 'AT3G47540', 'AT3G49100', 'AT3G53500', 'AT3G61111', 'AT4G00560', 'AT4G01026', 'AT4G01190', 'AT4G08990', 'AT4G14455', 'AT4G17300', 'AT4G21070', 'AT4G26970', 'AT5G24140', 'AT5G44750', 'AT5G48600', 'AT5G48960', 'AT5G51450', 'AT5G59180']"
NEG::shuffled::0117,0,shuffled_pathway,synthetic_negative,"['AT1G03310', 'AT1G10060', 'AT1G15950', 'AT1G27140', 'AT1G31710', 'AT1G47578', 'AT1G71790', 'AT1G78970', 'AT2G01720', 'AT2G18710', 'AT2G21440', 'AT2G23190', 'AT2G38150', 'AT3G14130', 'AT3G16120', 'AT3G60330', 'AT4G08755', 'AT4G26120', 'AT4G34840', 'AT5G02410', 'AT5G11720', 'AT5G18860', 'AT5G39500']"
NEG::shuffled::0118,0,shuffled_pathway,synthetic_negative,"['AT1G76400', 'AT2G18260', 'AT4G10260', 'AT4G20310', 'AT4G24730', 'AT5G20980']"
NEG::shuffled::0119,0,shuffled_pathway,synthetic_negative,"['AT1G04897', 'AT1G06450', 'AT1G25210', 'AT1G26910', 'AT1G44575', 'AT1G55740', 'AT1G57180', 'AT1G58180', 'AT1G60580', 'AT1G71010', 'AT1G76190', 'AT1G76640', 'AT1G80555', 'AT2G02040', 'AT2G04350', 'AT2G19070', 'AT2G32220', 'AT2G43100', 'AT3G03470', 'AT3G09740', 'AT3G25540', 'AT3G46670', 'AT3G62120', 'AT4G01950', 'AT4G02110', 'AT4G10500', 'AT4G14640', 'AT4G22090', 'AT4G23600', 'AT4G24050', 'AT5G18100', 'AT5G24760', 'AT5G46210', 'AT5G47760', 'AT5G52640', 'AT5G57450', 'AT5G58690']"
NEG::shuffled::0120,0,shuffled_pathway,synthetic_negative,"['AT1G01890', 'AT1G05660', 'AT1G06450', 'AT1G21750', 'AT1G28770', 'AT1G30330', 'AT1G55300', 'AT1G60940', 'AT1G71920', 'AT1G74680', 'AT1G76400', 'AT1G79370', 'AT2G01140', 'AT2G19790', 'AT2G22040', 'AT2G30330', 'AT2G33800', 'AT2G39445', 'AT3G02710', 'AT3G03670', 'AT3G04080', 'AT3G10160', 'AT3G17810', 'AT3G18160', 'AT3G20100', 'AT3G20390', 'AT3G20885', 'AT3G48170', 'AT3G50300', 'AT3G52730', 'AT3G56760', 'AT3G62080', 'AT4G13445', 'AT4G18800', 'AT4G23890', 'AT4G23990', 'AT4G37320', 'AT4G37760', 'AT5G09660', 'AT5G18005', 'AT5G20852', 'AT5G25585', 'AT5G41265', 'AT5G59180', 'AT5G59710', 'AT5G59980', 'AT5G63400', 'AT5G67160']"
NEG::shuffled::0121,0,shuffled_pathway,synthetic_negative,"['AT1G53280', 'AT1G72000', 'AT3G01040', 'AT3G04525', 'AT3G20060', 'AT4G21150', 'AT5G56745']"
NEG::shuffled::0122,0,shuffled_pathway,synthetic_negative,"['AT1G20470', 'AT1G59750', 'AT1G72770', 'AT1G75830', 'AT2G20610', 'AT2G31750', 'AT2G43030', 'AT3G02230', 'AT3G09260', 'AT3G09500', 'AT4G19230', 'AT5G01210', 'AT5G05620', 'AT5G06950', 'AT5G40945', 'AT5G56500']"
NEG::shuffled::0123,0,shuffled_pathway,synthetic_negative,"['AT1G05630', 'AT1G06030', 'AT1G06640', 'AT1G09180', 'AT1G12280', 'AT1G12920', 'AT1G17050', 'AT1G17570', 'AT1G20960', 'AT1G24380', 'AT1G24706', 'AT1G26160', 'AT1G52400', 'AT1G54690', 'AT1G57000', 'AT1G57050', 'AT1G58684', 'AT1G59760', 'AT1G65350', 'AT1G68260', 'AT1G76040', 'AT1G78590', 'AT1G78670', 'AT1G79010', 'AT1G79230', 'AT2G02970', 'AT2G05180', 'AT2G06990', 'AT2G07793', 'AT2G09990', 'AT2G16360', 'AT2G18876', 'AT2G21730', 'AT2G25355', 'AT2G26090', 'AT2G30870', 'AT2G40290', 'AT2G41370', 'AT2G44490', 'AT2G45970', 'AT2G46505', 'AT3G02600', 'AT3G02875', 'AT3G03000', 'AT3G04840', 'AT3G10350', 'AT3G14415', 'AT3G18030', 'AT3G18090', 'AT3G18524', 'AT3G20650', 'AT3G22560', 'AT3G22980', 'AT3G28380', 'AT3G44240', 'AT3G48080', 'AT3G55030', 'AT3G55620', 'AT3G57040', 'AT3G59050', 'AT4G01970', 'AT4G05160', 'AT4G11010', 'AT4G14960', 'AT4G18710', 'AT4G19045', 'AT4G23920', 'AT4G31500', 'AT4G31720', 'AT5G02370', 'AT5G04590', 'AT5G05170', 'AT5G08080', 'AT5G09790', 'AT5G10240', 'AT5G13570', 'AT5G24260', 'AT5G44480', 'AT5G47880', 'AT5G58770', 'AT5G60966', 'AT5G62600', 'AT5G66150', 'AT5G66240', 'ATCG00720']"
NEG::shuffled::0124,0,shuffled_pathway,synthetic_negative,"['AT1G13320', 'AT1G26120', 'AT4G11216', 'AT4G25310', 'AT4G33905', 'AT5G38890']"
NEG::shuffled::0125,0,shuffled_pathway,synthetic_negative,"['AT1G04850', 'AT1G17660', 'AT1G20340', 'AT1G28860', 'AT1G59610', 'AT1G61850', 'AT1G62940', 'AT1G68020', 'AT1G80525', 'AT2G18876', 'AT2G24210', 'AT3G14130', 'AT3G28500', 'AT3G60060', 'AT4G00400', 'AT4G19800', 'AT5G09700', 'AT5G18280', 'AT5G28840', 'AT5G38890', 'AT5G39580', 'AT5G47030', 'AT5G50400', 'AT5G64860', 'AT5G66260']"
NEG::shuffled::0126,0,shuffled_pathway,synthetic_negative,"['AT1G02980', 'AT1G05660', 'AT1G15050', 'AT1G44180', 'AT1G50060', 'AT1G55970', 'AT1G60580', 'AT1G62960', 'AT1G65610', 'AT2G03870', 'AT2G19940', 'AT2G34890', 'AT2G46990', 'AT3G06260', 'AT3G26160', 'AT3G50790', 'AT3G51850', 'AT3G53970', 'AT3G59970', 'AT4G02070', 'AT5G13420', 'AT5G24300', 'AT5G26030', 'AT5G37640', 'AT5G40610', 'AT5G49030', 'AT5G61540']"
NEG::shuffled::0127,0,shuffled_pathway,synthetic_negative,"['AT1G12400', 'AT1G31180', 'AT1G49020', 'AT1G56820', 'AT1G59171', 'AT1G61630', 'AT2G02020', 'AT2G03890', 'AT2G21910', 'AT2G46610', 'AT3G23790', 'AT3G26150', 'AT3G28180', 'AT4G11410', 'AT4G21960', 'AT5G09230', 'AT5G38890', 'AT5G55505', 'AT5G58860', 'AT5G63590']"
NEG::shuffled::0128,0,shuffled_pathway,synthetic_negative,"['AT1G57320', 'AT2G05100', 'AT4G21070', 'AT4G29890', 'AT5G09870']"
NEG::shuffled::0129,0,shuffled_pathway,synthetic_negative,"['AT1G01120', 'AT1G04640', 'AT1G06590', 'AT1G09210', 'AT1G10670', 'AT1G17640', 'AT1G19440', 'AT1G33270', 'AT1G45244', 'AT1G50430', 'AT1G58983', 'AT1G69485', 'AT1G72590', 'AT1G75210', 'AT2G07689', 'AT2G23940', 'AT2G27680', 'AT2G28080', 'AT2G31810', 'AT2G43210', 'AT2G46690', 'AT3G01270', 'AT3G01740', 'AT3G02160', 'AT3G03370', 'AT3G06470', 'AT3G09200', 'AT3G09505', 'AT3G09990', 'AT3G11130', 'AT3G17860', 'AT3G25780', 'AT3G27300', 'AT3G46970', 'AT3G47800', 'AT3G50520', 'AT3G51265', 'AT3G55410', 'AT3G56600', 'AT3G57000', 'AT3G58160', 'AT3G62090', 'AT4G01010', 'AT4G12740', 'AT4G18815', 'AT4G20370', 'AT4G20960', 'AT4G29640', 'AT4G32180', 'AT4G38840', 'AT5G11320', 'AT5G14060', 'AT5G20440', 'AT5G20830', 'AT5G20970', 'AT5G22360', 'AT5G22420', 'AT5G35530', 'AT5G40480', 'AT5G44080', 'AT5G45940', 'AT5G56650', 'AT5G57890', 'AT5G62530']"
NEG::shuffled::0130,0,shuffled_pathway,synthetic_negative,"['AT1G04720', 'AT1G51720', 'AT1G52670', 'AT1G54130', 'AT1G78360', 'AT2G03170', 'AT2G07746', 'AT2G28830', 'AT3G06700', 'AT3G07490', 'AT3G18952', 'AT3G21800', 'AT3G46875', 'AT4G16030', 'AT4G32530', 'AT5G20430', 'AT5G20830', 'AT5G23790', 'AT5G41605', 'AT5G42790', 'AT5G64300']"
NEG::shuffled::0131,0,shuffled_pathway,synthetic_negative,"['AT1G71750', 'AT2G47630', 'AT3G26720', 'AT3G27190', 'AT5G09755']"
NEG::shuffled::0132,0,shuffled_pathway,synthetic_negative,"['AT1G13120', 'AT1G48605', 'AT1G53680', 'AT2G03790', 'AT3G12040', 'AT3G26220', 'AT4G29890']"
NEG::shuffled::0133,0,shuffled_pathway,synthetic_negative,"['AT1G03515', 'AT1G06620', 'AT1G06680', 'AT1G10230', 'AT1G13635', 'AT1G15950', 'AT1G17730', 'AT1G20575', 'AT1G28840', 'AT1G53750', 'AT1G58300', 'AT1G67550', 'AT1G75970', 'AT2G18980', 'AT2G26350', 'AT2G26830', 'AT2G30730', 'AT2G36660', 'AT2G37140', 'AT2G42010', 'AT2G42770', 'AT2G43420', 'AT2G47610', 'AT3G01390', 'AT3G04050', 'AT3G08980', 'AT3G17360', 'AT3G21510', 'AT3G26720', 'AT3G43440', 'AT3G44460', 'AT3G52580', 'AT3G53130', 'AT3G53880', 'AT3G55710', 'AT4G01590', 'AT4G04870', 'AT4G18350', 'AT4G27670', 'AT4G33760', 'AT5G09350', 'AT5G19320', 'AT5G44020', 'AT5G51450', 'AT5G59180', 'AT5G65535', 'AT5G66310']"
NEG::shuffled::0134,0,shuffled_pathway,synthetic_negative,"['AT1G09140', 'AT1G13080', 'AT1G43820', 'AT2G23400', 'AT2G35170', 'AT2G41070', 'AT2G46750', 'AT3G17360', 'AT3G18790', 'AT3G25660', 'AT3G47010', 'AT3G52300', 'AT3G54250', 'AT3G55010', 'AT4G00490', 'AT4G08500', 'AT4G14970', 'AT4G22980', 'AT4G25550', 'AT4G36220', 'AT5G14760', 'AT5G20410', 'AT5G23730', 'AT5G25130', 'AT5G37680', 'AT5G44740']"
NEG::shuffled::0135,0,shuffled_pathway,synthetic_negative,"['AT1G01120', 'AT1G03960', 'AT1G09490', 'AT1G10580', 'AT1G11090', 'AT1G17340', 'AT1G17380', 'AT1G17660', 'AT1G26360', 'AT1G49390', 'AT1G52600', 'AT1G53090', 'AT1G55740', 'AT1G56190', 'AT1G57430', 'AT1G58180', 'AT1G67630', 'AT1G67750', 'AT1G68560', 'AT1G74000', 'AT1G76030', 'AT1G76380', 'AT2G09990', 'AT2G18000', 'AT2G18360', 'AT2G21220', 'AT2G29210', 'AT2G36310', 'AT3G02335', 'AT3G03540', 'AT3G06335', 'AT3G12710', 'AT3G12900', 'AT3G15055', 'AT3G19190', 'AT3G27830', 'AT3G45140', 'AT4G00050', 'AT4G09320', 'AT4G09800', 'AT4G24260', 'AT4G29040', 'AT4G34860', 'AT4G37560', 'AT5G10100', 'AT5G13320', 'AT5G14470', 'AT5G15750', 'AT5G24540', 'AT5G40650', 'AT5G44340', 'AT5G52547', 'AT5G53070', 'AT5G62700']"
NEG::shuffled::0136,0,shuffled_pathway,synthetic_negative,"['AT1G21390', 'AT1G32620', 'AT2G14920', 'AT2G35160', 'AT2G36480', 'AT2G39590', 'AT2G47740', 'AT3G25570', 'AT3G28030', 'AT3G48610', 'AT3G57490', 'AT4G00400', 'AT4G03410', 'AT4G12600', 'AT4G24210', 'AT4G27885', 'AT4G35900', 'AT4G36930', 'AT5G14580', 'AT5G18650', 'AT5G48370', 'AT5G49360', 'AT5G59980']"
NEG::shuffled::0137,0,shuffled_pathway,synthetic_negative,"['AT1G56790', 'AT4G36610', 'AT4G39800', 'AT5G10870', 'AT5G56030']"
NEG::shuffled::0138,0,shuffled_pathway,synthetic_negative,"['AT1G06250', 'AT1G78220', 'AT2G03750', 'AT2G19900', 'AT2G21880', 'AT2G28420', 'AT2G35890', 'AT3G17470', 'AT3G45640', 'AT3G50280', 'AT3G53020', 'AT3G55480', 'AT4G15775', 'AT4G16770', 'AT4G39950', 'AT5G13580', 'AT5G37180', 'AT5G46325', 'AT5G49500']"
NEG::shuffled::0139,0,shuffled_pathway,synthetic_negative,"['AT1G13120', 'AT1G15060', 'AT1G17420', 'AT1G21640', 'AT1G27940', 'AT1G29970', 'AT1G54360', 'AT1G56150', 'AT1G57350', 'AT1G76000', 'AT1G77370', 'AT2G02390', 'AT2G05180', 'AT2G14690', 'AT2G27850', 'AT2G28305', 'AT2G31610', 'AT2G36600', 'AT2G45390', 'AT3G07630', 'AT3G09405', 'AT3G11180', 'AT3G13220', 'AT3G26340', 'AT3G44880', 'AT3G52285', 'AT3G62245', 'AT4G02320', 'AT4G08755', 'AT4G16270', 'AT4G25890', 'AT4G35420', 'AT5G04990', 'AT5G18790', 'AT5G35430', 'AT5G39320', 'AT5G44840', 'AT5G52320', 'AT5G58420', 'AT5G63910']"
NEG::shuffled::0140,0,shuffled_pathway,synthetic_negative,"['AT1G01060', 'AT1G01560', 'AT1G02940', 'AT1G07920', 'AT1G08240', 'AT1G08320', 'AT1G09815', 'AT1G09935', 'AT1G10230', 'AT1G13120', 'AT1G17160', 'AT1G18830', 'AT1G21800', 'AT1G21920', 'AT1G22100', 'AT1G23730', 'AT1G26160', 'AT1G27200', 'AT1G28720', 'AT1G28790', 'AT1G30350', 'AT1G34490', 'AT1G49530', 'AT1G51460', 'AT1G55180', 'AT1G55810', 'AT1G56430', 'AT1G56940', 'AT1G57090', 'AT1G57380', 'AT1G57660', 'AT1G57860', 'AT1G60000', 'AT1G62600', 'AT1G67220', 'AT1G74920', 'AT1G77440', 'AT1G80250', 'AT1G80380', 'AT2G02600', 'AT2G16370', 'AT2G18400', 'AT2G23096', 'AT2G23220', 'AT2G23650', 'AT2G25610', 'AT2G26260', 'AT2G29630', 'AT2G30190', 'AT2G30650', 'AT2G35370', 'AT2G36310', 'AT2G37090', 'AT2G37770', 'AT2G38400', 'AT2G43880', 'AT2G44270', 'AT2G46520', 'AT2G47300', 'AT3G02020', 'AT3G05300', 'AT3G06060', 'AT3G06700', 'AT3G09540', 'AT3G09620', 'AT3G11540', 'AT3G15690', 'AT3G16170', 'AT3G16785', 'AT3G17940', 'AT3G22740', 'AT3G26115', 'AT3G28900', 'AT3G29360', 'AT3G29590', 'AT3G46820', 'AT3G47950', 'AT3G48275', 'AT3G48420', 'AT3G49620', 'AT3G53020', 'AT3G54560', 'AT3G57220', 'AT3G61825', 'AT4G11050', 'AT4G14320', 'AT4G15370', 'AT4G16740', 'AT4G16745', 'AT4G18240', 'AT4G21090', 'AT4G21150', 'AT4G22340', 'AT4G22920', 'AT4G23635', 'AT4G23920', 'AT4G30920', 'AT4G32320', 'AT4G33770', 'AT4G35900', 'AT4G36130', 'AT4G39010', 'AT5G02080', 'AT5G02880', 'AT5G04465', 'AT5G04990', 'AT5G05795', 'AT5G05860', 'AT5G07675', 'AT5G17420', 'AT5G35910', 'AT5G41260', 'AT5G42750', 'AT5G43455', 'AT5G45870', 'AT5G47220', 'AT5G47890', 'AT5G49460', 'AT5G49530', 'AT5G51490', 'AT5G52355', 'AT5G53380', 'AT5G55045', 'AT5G56490', 'AT5G58240', 'AT5G59590', 'AT5G60510', 'AT5G60600', 'AT5G60780', 'ATMG00280']"
NEG::shuffled::0141,0,shuffled_pathway,synthetic_negative,"['AT1G73980', 'AT1G80250', 'AT2G30550', 'AT2G35170', 'AT3G07930', 'AT3G12810', 'AT4G36197', 'AT5G42830', 'AT5G46630', 'AT5G59160']"
NEG::shuffled::0142,0,shuffled_pathway,synthetic_negative,"['AT1G09350', 'AT1G21100', 'AT1G54590', 'AT1G56760', 'AT2G01720', 'AT3G25830', 'AT5G06730']"
NEG::shuffled::0143,0,shuffled_pathway,synthetic_negative,"['AT1G08110', 'AT1G08550', 'AT1G12570', 'AT1G15580', 'AT1G17340', 'AT1G19440', 'AT1G30380', 'AT1G34340', 'AT1G43140', 'AT1G45242', 'AT1G54250', 'AT1G54960', 'AT1G56870', 'AT1G66970', 'AT1G73690', 'AT2G01200', 'AT2G22860', 'AT2G29070', 'AT2G33220', 'AT2G36850', 'AT2G40205', 'AT2G45790', 'AT3G05300', 'AT3G10540', 'AT3G17820', 'AT3G21660', 'AT3G29590', 'AT3G45000', 'AT4G01800', 'AT4G13310', 'AT4G15310', 'AT4G31265', 'AT4G34160', 'AT4G36690', 'AT4G37390', 'AT5G02530', 'AT5G08565', 'AT5G11475', 'AT5G13350', 'AT5G14950', 'AT5G27715', 'AT5G57655', 'AT5G67160']"
NEG::shuffled::0144,0,shuffled_pathway,synthetic_negative,"['AT1G02790', 'AT1G10600', 'AT1G26360', 'AT1G49340', 'AT1G51990', 'AT1G54440', 'AT1G57490', 'AT1G64660', 'AT1G65570', 'AT2G01490', 'AT2G07050', 'AT2G07718', 'AT2G31865', 'AT2G33980', 'AT2G35340', 'AT2G37270', 'AT3G05060', 'AT3G07040', 'AT3G12040', 'AT3G13930', 'AT3G21780', 'AT3G26280', 'AT3G46910', 'AT3G49910', 'AT3G53900', 'AT4G08755', 'AT4G20325', 'AT4G34620', 'AT5G05795', 'AT5G08170', 'AT5G08565', 'AT5G19550', 'AT5G20960', 'AT5G38905', 'AT5G39400', 'AT5G45600', 'AT5G48870', 'AT5G49740', 'AT5G60770', 'AT5G63770', 'AT5G65305', 'AT5G65690', 'AT5G67260']"
NEG::shuffled::0145,0,shuffled_pathway,synthetic_negative,"['AT1G01710', 'AT1G03090', 'AT1G09690', 'AT1G29450', 'AT1G54320', 'AT1G63460', 'AT1G70560', 'AT1G70670', 'AT1G74040', 'AT2G21590', 'AT2G36790', 'AT2G38110', 'AT2G39610', 'AT2G44690', 'AT3G01040', 'AT3G12800', 'AT3G45300', 'AT3G49120', 'AT3G50820', 'AT4G23850', 'AT4G27885', 'AT5G09490', 'AT5G12200', 'AT5G27780', 'AT5G28030', 'AT5G44500', 'AT5G52470']"
NEG::shuffled::0146,0,shuffled_pathway,synthetic_negative,"['AT1G04970', 'AT1G09870', 'AT1G11550', 'AT1G16590', 'AT1G68750', 'AT1G79010', 'AT2G20360', 'AT2G23220', 'AT2G25180', 'AT2G31955', 'AT2G36800', 'AT3G05290', 'AT3G09900', 'AT3G12587', 'AT3G17760', 'AT3G23790', 'AT3G24180', 'AT3G26280', 'AT3G32040', 'AT3G52150', 'AT3G58140', 'AT3G59020', 'AT3G61510', 'AT4G00085', 'AT4G11030', 'AT4G15490', 'AT4G16070', 'AT4G16155', 'AT4G21870', 'AT4G22756', 'AT4G22880', 'AT4G26690', 'AT4G34650', 'AT4G39400', 'AT5G11610', 'AT5G15570', 'AT5G17200', 'AT5G19200', 'AT5G22940', 'AT5G27600', 'AT5G42250', 'AT5G44500', 'AT5G54260', 'AT5G55720', 'AT5G62430', 'ATCG01080']"
NEG::shuffled::0147,0,shuffled_pathway,synthetic_negative,"['AT1G01580', 'AT1G02300', 'AT1G04710', 'AT1G09780', 'AT1G10290', 'AT1G12230', 'AT1G13110', 'AT1G20140', 'AT1G33520', 'AT1G74680', 'AT1G76860', 'AT1G77220', 'AT1G78680', 'AT1G78720', 'AT1G80100', 'AT2G01160', 'AT2G07762', 'AT2G17810', 'AT2G17900', 'AT2G20420', 'AT2G23980', 'AT2G28260', 'AT2G29580', 'AT3G06460', 'AT3G06860', 'AT3G12400', 'AT3G16150', 'AT3G21750', 'AT3G49650', 'AT3G50990', 'AT3G58990', 'AT3G60075', 'AT3G60330', 'AT3G63460', 'AT4G01830', 'AT4G13430', 'AT4G13660', 'AT4G16144', 'AT4G19020', 'AT4G29890', 'AT4G33420', 'AT4G35020', 'AT4G35520', 'AT4G36750', 'AT5G16090', 'AT5G26240', 'AT5G27410', 'AT5G37770', 'AT5G40945', 'AT5G42920', 'AT5G45130', 'AT5G45340', 'AT5G49360', 'AT5G50160', 'AT5G51490', 'AT5G60510', 'AT5G61500', 'AT5G65535']"
NEG::shuffled::0148,0,shuffled_pathway,synthetic_negative,"['AT1G01960', 'AT1G04320', 'AT1G05055', 'AT1G05660', 'AT1G07760', 'AT1G16740', 'AT1G17300', 'AT1G17960', 'AT1G20170', 'AT1G21120', 'AT1G22320', 'AT1G23240', 'AT1G25460', 'AT1G27630', 'AT1G28350', 'AT1G32350', 'AT1G36350', 'AT1G41880', 'AT1G48420', 'AT1G53710', 'AT1G56790', 'AT1G57180', 'AT1G57300', 'AT1G57340', 'AT1G57470', 'AT1G59830', 'AT1G62040', 'AT1G62560', 'AT1G63000', 'AT1G66350', 'AT1G67710', 'AT1G69960', 'AT1G71380', 'AT2G01320', 'AT2G03820', 'AT2G06960', 'AT2G14260', 'AT2G14960', 'AT2G19430', 'AT2G21670', 'AT2G24490', 'AT2G25930', 'AT2G30575', 'AT2G36130', 'AT2G36150', 'AT2G38150', 'AT2G38810', 'AT2G39420', 'AT2G42270', 'AT2G43030', 'AT2G43750', 'AT2G44990', 'AT3G04525', 'AT3G04870', 'AT3G11980', 'AT3G14940', 'AT3G16100', 'AT3G22300', 'AT3G26747', 'AT3G44250', 'AT3G44550', 'AT3G44890', 'AT3G50740', 'AT3G53430', 'AT3G55940', 'AT3G60140', 'AT3G60245', 'AT3G62250', 'AT3G63000', 'AT3G63006', 'AT4G00570', 'AT4G04640', 'AT4G23635', 'AT4G25200', 'AT4G27885', 'AT4G29730', 'AT4G31985', 'AT4G34138', 'AT4G34430', 'AT4G36635', 'AT4G37400', 'AT5G01770', 'AT5G03080', 'AT5G03630', 'AT5G13860', 'AT5G13980', 'AT5G14870', 'AT5G15520', 'AT5G20480', 'AT5G23300', 'AT5G23730', 'AT5G25560', 'AT5G25585', 'AT5G25980', 'AT5G26140', 'AT5G27715', 'AT5G37350', 'AT5G37710', 'AT5G40040', 'AT5G41190', 'AT5G42650', 'AT5G42870', 'AT5G45860', 'AT5G46540', 'AT5G49570', 'AT5G56000', 'AT5G60770', 'AT5G66570']"
NEG::shuffled::0149,0,shuffled_pathway,synthetic_negative,"['AT1G29150', 'AT3G04920', 'AT3G16910', 'AT5G23220', 'AT5G42540', 'AT5G46850', 'AT5G60940']"
NEG::shuffled::0150,0,shuffled_pathway,synthetic_negative,"['AT1G17580', 'AT1G59540', 'AT1G66540', 'AT1G74290', 'AT1G78300', 'AT3G08700', 'AT3G45770', 'AT3G53870', 'AT4G15180', 'AT4G25420', 'AT4G29530', 'AT4G34340', 'AT5G04990', 'AT5G19410', 'AT5G20070', 'AT5G30510', 'AT5G35750', 'AT5G37930', 'AT5G48375', 'AT5G55590']"
NEG::shuffled::0151,0,shuffled_pathway,synthetic_negative,"['AT2G33840', 'AT3G04400', 'AT3G24570', 'AT3G48960', 'AT4G03190', 'AT4G30720', 'AT5G27780']"
NEG::shuffled::0152,0,shuffled_pathway,synthetic_negative,"['AT1G09210', 'AT1G10580', 'AT1G65960', 'AT1G69670', 'AT2G46970', 'AT3G22960']"
NEG::shuffled::0153,0,shuffled_pathway,synthetic_negative,"['AT1G02080', 'AT1G04850', 'AT2G38400', 'AT2G43580', 'AT2G47970', 'AT3G11980', 'AT4G10450', 'AT4G32470', 'AT4G35810', 'AT5G20500']"
NEG::shuffled::0154,0,shuffled_pathway,synthetic_negative,"['AT1G02790', 'AT2G31955', 'AT3G26230', 'AT5G56640', 'AT5G63620']"
NEG::shuffled::0155,0,shuffled_pathway,synthetic_negative,"['AT1G06400', 'AT1G06873', 'AT1G08310', 'AT1G09795', 'AT1G14290', 'AT1G19670', 'AT1G19910', 'AT1G22840', 'AT1G26270', 'AT1G27160', 'AT1G30000', 'AT1G33990', 'AT1G35540', 'AT1G49720', 'AT1G50390', 'AT1G50580', 'AT1G56045', 'AT1G64880', 'AT2G04137', 'AT2G14960', 'AT2G22380', 'AT2G23410', 'AT2G26230', 'AT2G28110', 'AT2G28260', 'AT2G30260', 'AT2G30980', 'AT2G32440', 'AT2G35670', 'AT2G38730', 'AT2G38995', 'AT2G45695', 'AT3G02610', 'AT3G09840', 'AT3G11040', 'AT3G14700', 'AT3G29770', 'AT3G48960', 'AT3G50090', 'AT3G55620', 'AT3G59050', 'AT3G60961', 'AT4G01590', 'AT4G02080', 'AT4G04860', 'AT4G16700', 'AT4G17090', 'AT4G26225', 'AT4G29610', 'AT4G35830', 'AT5G04750', 'AT5G09590', 'AT5G14030', 'AT5G17780', 'AT5G24430', 'AT5G26000', 'AT5G40390', 'AT5G48010', 'AT5G49740', 'AT5G51760', 'AT5G56010', 'AT5G58170', 'AT5G59750', 'AT5G62690']"
NEG::shuffled::0156,0,shuffled_pathway,synthetic_negative,"['AT1G10300', 'AT1G12640', 'AT1G20750', 'AT1G21120', 'AT1G26230', 'AT1G26750', 'AT1G28740', 'AT1G28770', 'AT1G32350', 'AT1G44000', 'AT1G50920', 'AT1G64230', 'AT1G74290', 'AT1G79130', 'AT2G17720', 'AT2G21360', 'AT2G27200', 'AT2G27470', 'AT2G30860', 'AT2G30970', 'AT2G32770', 'AT2G37090', 'AT2G45280', 'AT3G09100', 'AT3G13400', 'AT3G56960', 'AT3G62080', 'AT3G63200', 'AT4G00590', 'AT4G00985', 'AT4G01830', 'AT4G12290', 'AT4G12720', 'AT4G14150', 'AT4G18790', 'AT4G19860', 'AT4G34520', 'AT5G03370', 'AT5G09755', 'AT5G21105', 'AT5G22490', 'AT5G24260', 'AT5G26980', 'AT5G44520', 'AT5G48300', 'AT5G57815', 'AT5G60390', 'AT5G62810', 'AT5G65740', 'AT5G66005', 'ATCG01010']"
NEG::shuffled::0157,0,shuffled_pathway,synthetic_negative,"['AT1G13280', 'AT1G17990', 'AT1G26490', 'AT1G50580', 'AT2G18876', 'AT2G36970', 'AT4G15360', 'AT4G34520', 'AT5G18280']"
NEG::shuffled::0158,0,shuffled_pathway,synthetic_negative,"['AT1G02145', 'AT1G10700', 'AT1G30060', 'AT1G57050', 'AT2G17770', 'AT2G44810', 'AT3G09620', 'AT3G28200', 'AT3G43270', 'AT3G62150', 'AT4G16144', 'AT5G47760']"
NEG::shuffled::0159,0,shuffled_pathway,synthetic_negative,"['AT1G02500', 'AT1G04760', 'AT1G15850', 'AT1G21750', 'AT1G29260', 'AT1G45474', 'AT1G50480', 'AT1G59750', 'AT1G59880', 'AT1G64920', 'AT1G65830', 'AT1G67280', 'AT1G74030', 'AT1G75950', 'AT1G80850', 'AT2G01110', 'AT2G04650', 'AT2G20290', 'AT2G26020', 'AT2G37140', 'AT2G39980', 'AT3G04730', 'AT3G09340', 'AT3G10030', 'AT3G16120', 'AT3G28500', 'AT3G48420', 'AT3G53150', 'AT3G56310', 'AT3G57660', 'AT4G00190', 'AT4G04720', 'AT4G09720', 'AT4G12430', 'AT4G16130', 'AT4G23340', 'AT4G27690', 'AT4G32380', 'AT4G36410', 'AT4G39660', 'AT4G39940', 'AT5G05980', 'AT5G08330', 'AT5G14760', 'AT5G15140', 'AT5G17490', 'AT5G35920', 'AT5G42820', 'AT5G42920', 'AT5G48760', 'AT5G51760', 'AT5G52570', 'AT5G57885', 'AT5G64040', 'AT5G64855', 'AT5G67150']"
NEG::shuffled::0160,0,shuffled_pathway,synthetic_negative,"['AT1G01340', 'AT1G32750', 'AT1G44790', 'AT1G47990', 'AT1G64710', 'AT1G66950', 'AT2G05320', 'AT2G07748', 'AT2G07793', 'AT2G18950', 'AT2G24090', 'AT3G09580', 'AT3G10900', 'AT3G13400', 'AT3G49910', 'AT4G12410', 'AT4G13180', 'AT4G16130', 'AT4G20890', 'AT4G24160', 'AT4G32375', 'AT5G03520', 'AT5G08030', 'AT5G19880', 'AT5G61835']"
NEG::shuffled::0161,0,shuffled_pathway,synthetic_negative,"['AT1G10130', 'AT1G35550', 'AT1G49190', 'AT1G79010', 'AT2G05220', 'AT2G06510', 'AT4G13700', 'AT4G30310', 'AT4G37280', 'AT5G09350', 'AT5G49360']"
NEG::shuffled::0162,0,shuffled_pathway,synthetic_negative,"['AT1G11905', 'AT1G19120', 'AT5G01320', 'AT5G15570', 'AT5G19460']"
NEG::shuffled::0163,0,shuffled_pathway,synthetic_negative,"['AT1G01740', 'AT1G04270', 'AT1G30100', 'AT1G31490', 'AT1G32100', 'AT1G49390', 'AT1G72450', 'AT1G73880', 'AT1G75840', 'AT2G21360', 'AT2G39220', 'AT3G06420', 'AT3G11395', 'AT4G11820', 'AT4G33270', 'AT5G04870', 'AT5G11110', 'AT5G54365']"
NEG::shuffled::0164,0,shuffled_pathway,synthetic_negative,"['AT1G53270', 'AT1G54110', 'AT3G21090', 'AT4G32320', 'AT5G13580', 'AT5G40080']"
NEG::shuffled::0165,0,shuffled_pathway,synthetic_negative,"['AT1G01890', 'AT1G04270', 'AT1G04850', 'AT1G12570', 'AT1G15920', 'AT1G16350', 'AT1G17180', 'AT1G31110', 'AT1G31240', 'AT1G43800', 'AT1G49530', 'AT1G52230', 'AT1G53390', 'AT1G53750', 'AT1G57040', 'AT1G57190', 'AT1G62540', 'AT1G65960', 'AT1G70190', 'AT1G70490', 'AT1G71220', 'AT1G72560', 'AT1G76000', 'AT1G76490', 'AT1G77530', 'AT1G80040', 'AT2G02497', 'AT2G07718', 'AT2G07792', 'AT2G18560', 'AT2G18980', 'AT2G20490', 'AT2G20900', 'AT2G21200', 'AT2G21940', 'AT2G23030', 'AT2G23940', 'AT2G24590', 'AT2G29290', 'AT2G34770', 'AT2G41220', 'AT2G43030', 'AT2G46960', 'AT2G47510', 'AT3G02520', 'AT3G03710', 'AT3G04920', 'AT3G05260', 'AT3G10740', 'AT3G11395', 'AT3G14890', 'AT3G17240', 'AT3G18580', 'AT3G18770', 'AT3G20210', 'AT3G21760', 'AT3G23660', 'AT3G25180', 'AT3G26280', 'AT3G29590', 'AT3G43220', 'AT3G44680', 'AT3G46540', 'AT3G47450', 'AT3G47800', 'AT3G53150', 'AT3G55290', 'AT3G55940', 'AT3G56840', 'AT3G58560', 'AT4G01610', 'AT4G15210', 'AT4G29010', 'AT4G30550', 'AT4G31196', 'AT4G31695', 'AT4G34750', 'AT4G35295', 'AT4G35490', 'AT4G36080', 'AT4G39400', 'AT5G02780', 'AT5G12480', 'AT5G20250', 'AT5G24780', 'AT5G27450', 'AT5G38120', 'AT5G38360', 'AT5G40150', 'AT5G55360', 'AT5G57190', 'AT5G62430', 'AT5G62540', 'AT5G64040', 'AT5G65615', 'AT5G65870']"
NEG::shuffled::0166,0,shuffled_pathway,synthetic_negative,"['AT1G05620', 'AT1G16610', 'AT1G28010', 'AT1G30110', 'AT2G01880', 'AT2G07718', 'AT2G19800', 'AT2G22910', 'AT2G30720', 'AT3G09150', 'AT3G54940', 'AT4G08900', 'AT4G34570', 'AT5G03270', 'AT5G19780', 'AT5G44340', 'AT5G63620']"
NEG::shuffled::0167,0,shuffled_pathway,synthetic_negative,"['AT1G01340', 'AT1G01960', 'AT1G05520', 'AT1G54780', 'AT1G64350', 'AT1G67550', 'AT2G03160', 'AT2G35390', 'AT2G39130', 'AT3G13300', 'AT3G44830', 'AT3G49700', 'AT3G58035', 'AT3G58700', 'AT4G02130', 'AT4G02580', 'AT4G09135', 'AT4G11730', 'AT4G23460', 'AT4G26770', 'AT4G36750', 'AT5G03160', 'AT5G23535', 'AT5G27320', 'AT5G27600', 'AT5G44090', 'AT5G47780', 'AT5G61790']"
NEG::shuffled::0168,0,shuffled_pathway,synthetic_negative,"['AT1G27200', 'AT1G30520', 'AT1G65700', 'AT1G68530', 'AT1G69770', 'AT2G03667', 'AT2G07680', 'AT2G19830', 'AT2G29590', 'AT2G34555', 'AT2G43840', 'AT3G02660', 'AT3G08560', 'AT3G14550', 'AT3G29095', 'AT4G05400', 'AT4G08040', 'AT4G15165', 'AT4G19660', 'AT4G26200', 'AT4G27260', 'AT4G37010', 'AT5G04800', 'AT5G12250', 'AT5G16050', 'AT5G25265', 'AT5G45900', 'AT5G57885']"
NEG::shuffled::0169,0,shuffled_pathway,synthetic_negative,"['AT1G01050', 'AT1G02660', 'AT1G03770', 'AT1G04720', 'AT1G05853', 'AT1G07100', 'AT1G08110', 'AT1G09240', 'AT1G11030', 'AT1G11250', 'AT1G11640', 'AT1G11820', 'AT1G16300', 'AT1G16710', 'AT1G19220', 'AT1G20170', 'AT1G24170', 'AT1G26380', 'AT1G26390', 'AT1G27480', 'AT1G27600', 'AT1G28730', 'AT1G28950', 'AT1G29060', 'AT1G34390', 'AT1G34760', 'AT1G35670', 'AT1G49240', 'AT1G49860', 'AT1G50200', 'AT1G50670', 'AT1G56410', 'AT1G56900', 'AT1G57500', 'AT1G59171', 'AT1G60620', 'AT1G63110', 'AT1G67320', 'AT1G68280', 'AT1G69000', 'AT1G71695', 'AT1G71800', 'AT1G73500', 'AT1G75000', 'AT1G75340', 'AT1G75950', 'AT1G76570', 'AT1G77940', 'AT1G78440', 'AT1G78690', 'AT1G79050', 'AT1G79940', 'AT1G80660', 'AT2G01830', 'AT2G06960', 'AT2G13680', 'AT2G21050', 'AT2G21430', 'AT2G21570', 'AT2G22280', 'AT2G26670', 'AT2G28085', 'AT2G36510', 'AT2G37010', 'AT2G37770', 'AT2G38995', 'AT2G41510', 'AT2G43840', 'AT2G46505', 'AT2G47550', 'AT3G10300', 'AT3G10700', 'AT3G10950', 'AT3G11130', 'AT3G15060', 'AT3G16380', 'AT3G16650', 'AT3G19670', 'AT3G21770', 'AT3G21800', 'AT3G22630', 'AT3G25800', 'AT3G27430', 'AT3G28910', 'AT3G42670', 'AT3G47540', 'AT3G48540', 'AT3G51520', 'AT3G59710', 'AT3G60250', 'AT3G60880', 'AT3G62000', 'AT4G00560', 'AT4G02730', 'AT4G05020', 'AT4G07950', 'AT4G11010', 'AT4G12065', 'AT4G14320', 'AT4G15290', 'AT4G15393', 'AT4G18360', 'AT4G22620', 'AT4G24805', 'AT4G26710', 'AT4G26740', 'AT4G27360', 'AT4G30840', 'AT4G34415', 'AT4G35150', 'AT4G36450', 'AT4G39540', 'AT5G02410', 'AT5G02560', 'AT5G02880', 'AT5G03240', 'AT5G04750', 'AT5G04800', 'AT5G04885', 'AT5G11325', 'AT5G13520', 'AT5G13980', 'AT5G14760', 'AT5G15950', 'AT5G17420', 'AT5G17530', 'AT5G17780', 'AT5G17920', 'AT5G19780', 'AT5G22110', 'AT5G23110', 'AT5G23310', 'AT5G23880', 'AT5G24330', 'AT5G24350', 'AT5G41880', 'AT5G43330', 'AT5G46150', 'AT5G50370', 'AT5G51810', 'AT5G53530', 'AT5G55720', 'AT5G57940', 'AT5G62480', 'AT5G64760', 'ATMG01280']"
NEG::shuffled::0170,0,shuffled_pathway,synthetic_negative,"['AT1G02810', 'AT1G08910', 'AT1G19350', 'AT1G22740', 'AT1G30530', 'AT1G56950', 'AT1G57080', 'AT1G60450', 'AT1G61630', 'AT1G74100', 'AT3G01510', 'AT3G02360', 'AT3G13445', 'AT3G30200', 'AT3G59850', 'AT5G01400', 'AT5G25350', 'AT5G55360', 'AT5G58090']"
NEG::shuffled::0171,0,shuffled_pathway,synthetic_negative,"['AT1G30520', 'AT1G56360', 'AT1G58380', 'AT1G78690', 'AT2G18140', 'AT3G11940', 'AT3G17700', 'AT5G05760', 'AT5G09920', 'AT5G48870']"
NEG::shuffled::0172,0,shuffled_pathway,synthetic_negative,"['AT2G36305', 'AT3G55590', 'AT3G59020', 'AT4G02320', 'AT4G14970', 'AT4G16270', 'AT4G38780', 'AT5G09920']"
NEG::shuffled::0173,0,shuffled_pathway,synthetic_negative,"['AT1G56940', 'AT3G22980', 'AT3G59810', 'AT4G17020', 'AT5G54075']"
NEG::shuffled::0174,0,shuffled_pathway,synthetic_negative,"['AT1G60780', 'AT1G75230', 'AT3G14550', 'AT3G21720', 'AT4G08920', 'AT4G22410', 'AT4G34850', 'AT5G42930', 'AT5G56470']"
NEG::shuffled::0175,0,shuffled_pathway,synthetic_negative,"['AT1G74950', 'AT2G16430', 'AT2G21910', 'AT2G32030', 'AT3G20540', 'AT4G21100', 'AT5G16310']"
NEG::shuffled::0176,0,shuffled_pathway,synthetic_negative,"['AT1G05590', 'AT1G68530', 'AT3G09595', 'AT5G28060', 'AT5G43935', 'AT5G56090']"
NEG::shuffled::0177,0,shuffled_pathway,synthetic_negative,"['AT1G13010', 'AT1G13560', 'AT1G13850', 'AT1G19600', 'AT1G22360', 'AT1G25155', 'AT1G26390', 'AT1G32300', 'AT1G33120', 'AT1G45246', 'AT1G47240', 'AT1G50090', 'AT1G63290', 'AT1G78800', 'AT1G79210', 'AT2G01670', 'AT2G01918', 'AT2G16280', 'AT2G26870', 'AT2G38600', 'AT3G01705', 'AT3G06400', 'AT3G26640', 'AT3G44340', 'AT3G52930', 'AT3G55140', 'AT3G57000', 'AT3G59950', 'AT3G60500', 'AT3G61113', 'AT3G61545', 'AT3G62730', 'AT4G01830', 'AT4G04402', 'AT4G13770', 'AT4G13940', 'AT4G21200', 'AT4G32765', 'AT5G04370', 'AT5G05880', 'AT5G09660', 'AT5G17290', 'AT5G17470', 'AT5G28540', 'AT5G43590', 'AT5G44080', 'AT5G50160', 'AT5G62230', 'AT5G62575', 'AT5G67050', 'AT5G67330']"
NEG::shuffled::0178,0,shuffled_pathway,synthetic_negative,"['AT1G11090', 'AT1G50480', 'AT1G51690', 'AT1G62800', 'AT1G71960', 'AT2G16740', 'AT2G36760', 'AT3G15354', 'AT3G48000', 'AT4G00590', 'AT5G53890', 'AT5G56710', 'AT5G59870']"
NEG::shuffled::0179,0,shuffled_pathway,synthetic_negative,"['AT1G01710', 'AT1G03640', 'AT1G06640', 'AT1G06820', 'AT1G06877', 'AT1G07180', 'AT1G07770', 'AT1G07880', 'AT1G08390', 'AT1G10210', 'AT1G10680', 'AT1G11250', 'AT1G12570', 'AT1G12590', 'AT1G15090', 'AT1G18640', 'AT1G20250', 'AT1G21400', 'AT1G21640', 'AT1G22020', 'AT1G22370', 'AT1G22770', 'AT1G24170', 'AT1G24380', 'AT1G27840', 'AT1G33030', 'AT1G43700', 'AT1G54320', 'AT1G54340', 'AT1G54870', 'AT1G55090', 'AT1G55150', 'AT1G55320', 'AT1G57090', 'AT1G57530', 'AT1G57750', 'AT1G61810', 'AT1G66580', 'AT1G76490', 'AT1G78490', 'AT1G80390', 'AT2G03870', 'AT2G16570', 'AT2G16780', 'AT2G18960', 'AT2G20900', 'AT2G21300', 'AT2G23940', 'AT2G24580', 'AT2G25080', 'AT2G25850', 'AT2G30680', 'AT2G31260', 'AT2G31690', 'AT2G33650', 'AT2G33730', 'AT2G33890', 'AT2G38152', 'AT2G39260', 'AT2G40330', 'AT2G43080', 'AT2G45000', 'AT2G46450', 'AT2G47110', 'AT2G47630', 'AT3G02315', 'AT3G02335', 'AT3G02570', 'AT3G02600', 'AT3G09505', 'AT3G11285', 'AT3G13882', 'AT3G17700', 'AT3G18952', 'AT3G20080', 'AT3G25800', 'AT3G27540', 'AT3G28030', 'AT3G43210', 'AT3G44740', 'AT3G48100', 'AT3G50880', 'AT3G51730', 'AT3G52630', 'AT3G53610', 'AT3G54850', 'AT3G55140', 'AT3G56020', 'AT3G58730', 'AT3G61545', 'AT3G61755', 'AT3G63110', 'AT3G63490', 'AT4G05130', 'AT4G12290', 'AT4G15000', 'AT4G18725', 'AT4G19045', 'AT4G20800', 'AT4G25540', 'AT4G26220', 'AT4G27690', 'AT4G28706', 'AT4G29270', 'AT4G29390', 'AT4G29430', 'AT4G31760', 'AT4G32210', 'AT4G35020', 'AT4G35230', 'AT4G35830', 'AT4G36650', 'AT4G37500', 'AT4G39650', 'AT5G02560', 'AT5G03430', 'AT5G05600', 'AT5G11650', 'AT5G12250', 'AT5G13380', 'AT5G13510', 'AT5G17480', 'AT5G18660', 'AT5G20260', 'AT5G21274', 'AT5G23320', 'AT5G24150', 'AT5G25060', 'AT5G25800', 'AT5G26980', 'AT5G35600', 'AT5G37830', 'AT5G39340', 'AT5G40810', 'AT5G41010', 'AT5G41370', 'AT5G42930', 'AT5G43780', 'AT5G45250', 'AT5G46150', 'AT5G47190', 'AT5G47770', 'AT5G48900', 'AT5G52490', 'AT5G59180', 'AT5G63880']"
NEG::shuffled::0180,0,shuffled_pathway,synthetic_negative,"['AT1G09870', 'AT1G10580', 'AT1G13590', 'AT1G60080', 'AT3G01660', 'AT3G09810', 'AT3G28390', 'AT4G01865', 'AT4G12440', 'AT4G26230', 'AT5G10100', 'AT5G15070', 'AT5G39895', 'AT5G51500']"
NEG::shuffled::0181,0,shuffled_pathway,synthetic_negative,"['AT1G73010', 'AT2G01650', 'AT3G10570', 'AT4G19720', 'AT5G61830']"
NEG::shuffled::0182,0,shuffled_pathway,synthetic_negative,"['AT1G02410', 'AT1G04820', 'AT1G12010', 'AT1G16190', 'AT1G16980', 'AT1G17020', 'AT1G17260', 'AT1G42470', 'AT1G44318', 'AT1G45234', 'AT1G52370', 'AT1G56730', 'AT1G60260', 'AT1G62580', 'AT1G64880', 'AT1G65840', 'AT1G67650', 'AT2G02220', 'AT2G05315', 'AT2G07746', 'AT2G15310', 'AT2G16890', 'AT2G18570', 'AT2G26710', 'AT2G43460', 'AT3G02360', 'AT3G05590', 'AT3G07620', 'AT3G07720', 'AT3G25620', 'AT3G30200', 'AT3G50110', 'AT3G54830', 'AT3G55810', 'AT3G57150', 'AT3G58035', 'AT3G58130', 'AT3G58390', 'AT4G00110', 'AT4G02570', 'AT4G03400', 'AT4G10815', 'AT4G23620', 'AT4G24650', 'AT4G24890', 'AT4G26150', 'AT4G26280', 'AT4G29270', 'AT4G31050', 'AT4G31695', 'AT4G32265', 'AT4G36940', 'AT4G37680', 'AT4G38880', 'AT5G04900', 'AT5G11260', 'AT5G14035', 'AT5G16290', 'AT5G17770', 'AT5G25150', 'AT5G28510', 'AT5G37350', 'AT5G40490', 'AT5G44990', 'AT5G55760', 'AT5G61835', 'AT5G62130', 'AT5G64370']"
NEG::shuffled::0183,0,shuffled_pathway,synthetic_negative,"['AT1G05660', 'AT1G48630', 'AT1G57040', 'AT2G02497', 'AT2G27470', 'AT2G30050', 'AT2G46790', 'AT3G09990', 'AT3G13300', 'AT4G36410', 'AT5G10960', 'AT5G13220', 'AT5G13860', 'AT5G15400', 'AT5G23110', 'ATMG00580']"
NEG::shuffled::0184,0,shuffled_pathway,synthetic_negative,"['AT1G10310', 'AT1G10670', 'AT1G21864', 'AT1G29410', 'AT1G56880', 'AT1G74910', 'AT2G07698', 'AT2G25340', 'AT2G25630', 'AT2G30630', 'AT2G43360', 'AT3G01310', 'AT3G05090', 'AT3G05190', 'AT3G16380', 'AT3G25960', 'AT3G58035', 'AT4G27920', 'AT5G20830', 'AT5G23330', 'AT5G37180', 'AT5G51700', 'AT5G58560', 'AT5G64735', 'AT5G66690']"
NEG::shuffled::0185,0,shuffled_pathway,synthetic_negative,"['AT1G06310', 'AT1G06490', 'AT1G22650', 'AT1G30760', 'AT1G65570', 'AT1G65650', 'AT1G67070', 'AT1G78060', 'AT1G78670', 'AT2G01890', 'AT2G22190', 'AT2G25340', 'AT2G26330', 'AT2G30110', 'AT2G38730', 'AT2G46830', 'AT2G47000', 'AT3G02080', 'AT3G08960', 'AT3G10850', 'AT3G28390', 'AT3G52180', 'AT3G53930', 'AT3G58750', 'AT3G62710', 'AT4G12100', 'AT4G36780', 'AT4G38320', 'AT5G01180', 'AT5G12420', 'AT5G14870', 'AT5G15470', 'AT5G28237', 'AT5G41120', 'AT5G42340', 'AT5G49480', 'AT5G63910', 'AT5G64380']"
NEG::shuffled::0186,0,shuffled_pathway,synthetic_negative,"['AT1G09500', 'AT1G12350', 'AT1G15130', 'AT1G16360', 'AT1G24706', 'AT1G25230', 'AT1G26560', 'AT1G28920', 'AT1G41880', 'AT1G44000', 'AT1G49760', 'AT1G52350', 'AT1G62810', 'AT1G67730', 'AT1G69485', 'AT1G71750', 'AT1G73480', 'AT1G75300', 'AT1G76980', 'AT2G01140', 'AT2G01830', 'AT2G14750', 'AT2G21170', 'AT2G24990', 'AT2G25540', 'AT2G31955', 'AT2G36680', 'AT2G38730', 'AT2G43460', 'AT3G06420', 'AT3G23780', 'AT3G26820', 'AT3G27240', 'AT3G50790', 'AT3G55280', 'AT3G57300', 'AT3G62830', 'AT4G02610', 'AT4G15260', 'AT4G16740', 'AT4G19003', 'AT4G21150', 'AT4G22260', 'AT4G29735', 'AT4G37840', 'AT5G02435', 'AT5G02725', 'AT5G04970', 'AT5G05080', 'AT5G08470', 'AT5G09490', 'AT5G12480', 'AT5G13930', 'AT5G14670', 'AT5G25585', 'AT5G40810', 'AT5G46290', 'AT5G46570', 'AT5G52270', 'AT5G54010', 'AT5G54500', 'AT5G55040', 'AT5G60740', 'ATCG01110']"
NEG::shuffled::0187,0,shuffled_pathway,synthetic_negative,"['AT1G50010', 'AT1G69130', 'AT1G75450', 'AT1G78050', 'AT2G33940', 'AT3G09455', 'AT3G48420', 'AT4G27710', 'AT4G31140', 'AT4G39010']"
NEG::shuffled::0188,0,shuffled_pathway,synthetic_negative,"['AT1G08840', 'AT1G09840', 'AT1G20270', 'AT1G22400', 'AT3G09810', 'AT4G22635', 'AT5G13430', 'AT5G20730', 'AT5G24420', 'AT5G61380']"
NEG::shuffled::0189,0,shuffled_pathway,synthetic_negative,"['AT1G02930', 'AT1G03445', 'AT1G26810', 'AT1G64900', 'AT1G73250', 'AT2G35520', 'AT3G04940', 'AT3G09880', 'AT3G25920', 'AT3G49650', 'AT3G50760', 'AT3G52150', 'AT3G56860', 'AT4G01865', 'AT5G12030', 'AT5G23710', 'AT5G37510', 'AT5G62575', 'AT5G64070']"
NEG::shuffled::0190,0,shuffled_pathway,synthetic_negative,"['AT1G06960', 'AT1G07580', 'AT1G30040', 'AT1G31870', 'AT1G47840', 'AT2G37270', 'AT3G11910', 'AT4G00810', 'AT4G15130', 'AT5G37350', 'AT5G48000', 'AT5G51260', 'AT5G56650']"
NEG::shuffled::0191,0,shuffled_pathway,synthetic_negative,"['AT1G04180', 'AT2G03170', 'AT3G02080', 'AT3G56705', 'AT4G17975', 'AT5G02780']"
NEG::shuffled::0192,0,shuffled_pathway,synthetic_negative,"['AT1G35530', 'AT2G17570', 'AT2G23080', 'AT2G37090', 'AT3G29200', 'AT3G49860', 'AT4G17612', 'AT4G29410', 'AT5G06670', 'AT5G13700', 'AT5G14900', 'AT5G51930']"
NEG::shuffled::0193,0,shuffled_pathway,synthetic_negative,"['AT1G01890', 'AT1G06880', 'AT1G15250', 'AT1G18530', 'AT1G20170', 'AT1G30620', 'AT1G43800', 'AT1G49710', 'AT1G74740', 'AT1G78060', 'AT1G79090', 'AT2G23820', 'AT2G25930', 'AT2G30840', 'AT2G39610', 'AT2G40590', 'AT2G46740', 'AT3G05610', 'AT3G06860', 'AT3G11960', 'AT3G43670', 'AT3G57170', 'AT3G58610', 'AT3G61610', 'AT4G11910', 'AT4G20310', 'AT4G22110', 'AT4G25420', 'AT4G29800', 'AT4G39345', 'AT5G28210', 'AT5G42340', 'AT5G47340', 'AT5G56720', 'AT5G66120']"
NEG::shuffled::0194,0,shuffled_pathway,synthetic_negative,"['AT1G19480', 'AT1G51650', 'AT1G54340', 'AT1G56960', 'AT1G60170', 'AT1G67880', 'AT1G75230', 'AT2G01570', 'AT2G20875', 'AT2G37500', 'AT2G38152', 'AT3G09900', 'AT3G12860', 'AT3G22300', 'AT3G52285', 'AT4G15215', 'AT4G19710', 'AT4G21160', 'AT5G13370', 'AT5G23110', 'AT5G49530']"
NEG::shuffled::0195,0,shuffled_pathway,synthetic_negative,"['AT1G09210', 'AT1G20260', 'AT1G26120', 'AT1G48500', 'AT2G09990', 'AT2G26350', 'AT3G55410', 'AT5G04590', 'AT5G15470', 'AT5G19730', 'AT5G62270']"
NEG::shuffled::0196,0,shuffled_pathway,synthetic_negative,"['AT1G05853', 'AT1G10760', 'AT1G11880', 'AT1G27160', 'AT1G33990', 'AT1G80820', 'AT2G38140', 'AT2G46530', 'AT3G06530', 'AT3G09900', 'AT3G15710', 'AT3G17820', 'AT3G48310', 'AT3G55360', 'AT3G60690', 'AT4G27640', 'AT5G04170', 'AT5G19095', 'AT5G20000', 'AT5G37055', 'AT5G41675', 'AT5G42340', 'AT5G54260']"
NEG::shuffled::0197,0,shuffled_pathway,synthetic_negative,"['AT1G04980', 'AT1G10630', 'AT1G14520', 'AT1G48130', 'AT1G67430', 'AT1G71010', 'AT2G44860', 'AT3G05260', 'AT3G07100', 'AT3G14990', 'AT3G55590', 'AT5G19780', 'AT5G37870', 'AT5G58860', 'AT5G67100']"
NEG::shuffled::0198,0,shuffled_pathway,synthetic_negative,"['AT1G07180', 'AT1G24100', 'AT1G56430', 'AT3G04000', 'AT3G23920', 'AT4G21490', 'AT5G01630', 'AT5G24900', 'AT5G50650', 'AT5G66190']"
NEG::shuffled::0199,0,shuffled_pathway,synthetic_negative,"['AT1G13280', 'AT1G19230', 'AT1G28720', 'AT1G61720', 'AT1G64440', 'AT1G74540', 'AT1G75960', 'AT2G07759', 'AT2G33290', 'AT2G38910', 'AT2G43610', 'AT3G16120', 'AT3G18080', 'AT3G53090', 'AT4G00985', 'AT5G19530', 'AT5G26780', 'AT5G50420']"
NEG::shuffled::0200,0,shuffled_pathway,synthetic_negative,"['AT1G30620', 'AT1G52740', 'AT1G74020', 'AT3G14490', 'AT3G46440', 'AT3G46460', 'AT4G04740', 'AT4G11110', 'AT4G25434', 'AT4G26510', 'AT4G31180', 'AT5G24950', 'AT5G59220']"
NEG::shuffled::0201,0,shuffled_pathway,synthetic_negative,"['AT1G02410', 'AT1G10210', 'AT1G33410', 'AT1G67680', 'AT2G02050', 'AT2G17520', 'AT2G25210', 'AT2G29360', 'AT3G21220', 'AT3G56860', 'AT3G57660', 'AT4G02260', 'AT5G20500', 'AT5G37850', 'AT5G42790', 'AT5G54865']"
NEG::shuffled::0202,0,shuffled_pathway,synthetic_negative,"['AT1G04630', 'AT1G04980', 'AT1G11860', 'AT1G12200', 'AT1G13700', 'AT1G17130', 'AT1G28940', 'AT1G44180', 'AT1G50520', 'AT1G58180', 'AT1G63940', 'AT1G74230', 'AT1G79790', 'AT1G80770', 'AT2G09990', 'AT2G23570', 'AT2G24800', 'AT2G27030', 'AT2G27680', 'AT2G39480', 'AT2G46790', 'AT2G47330', 'AT3G01440', 'AT3G01740', 'AT3G08940', 'AT3G09920', 'AT3G13490', 'AT3G22360', 'AT3G22980', 'AT3G43220', 'AT3G52720', 'AT3G58130', 'AT4G00985', 'AT4G01950', 'AT4G05530', 'AT4G11230', 'AT4G11240', 'AT4G11570', 'AT4G13790', 'AT4G14342', 'AT4G18230', 'AT4G19020', 'AT4G20460', 'AT4G20990', 'AT4G23660', 'AT4G25980', 'AT4G26150', 'AT4G26385', 'AT4G30540', 'AT4G31580', 'AT4G34250', 'AT4G36420', 'AT5G03452', 'AT5G04230', 'AT5G07860', 'AT5G08250', 'AT5G10170', 'AT5G13500', 'AT5G17220', 'AT5G23020', 'AT5G23960', 'AT5G26220', 'AT5G37900', 'AT5G45340', 'AT5G46850', 'AT5G47220', 'AT5G51760', 'AT5G54390', 'AT5G63880', 'AT5G65750']"
NEG::shuffled::0203,0,shuffled_pathway,synthetic_negative,"['AT1G24490', 'AT1G53530', 'AT2G26870', 'AT3G24110', 'AT3G55970', 'AT3G60330', 'AT4G38370', 'AT4G38950', 'AT5G15140', 'AT5G19730', 'AT5G24350', 'AT5G39320', 'AT5G61170']"
NEG::shuffled::0204,0,shuffled_pathway,synthetic_negative,"['AT1G05853', 'AT1G28980', 'AT1G54100', 'AT2G05100', 'AT2G26480', 'AT2G36390', 'AT2G46450', 'AT3G03630', 'AT3G50740', 'AT4G08160', 'AT4G09570', 'AT4G13310', 'AT4G29410', 'AT5G28450']"
NEG::shuffled::0205,0,shuffled_pathway,synthetic_negative,"['AT1G30510', 'AT1G52340', 'AT1G61630', 'AT1G64910', 'AT1G66580', 'AT1G67740', 'AT1G77290', 'AT2G26480', 'AT2G30630', 'AT3G09300', 'AT3G16140', 'AT4G04320', 'AT4G05390', 'AT4G10030', 'AT4G24830', 'AT5G35920', 'AT5G37870', 'AT5G37900', 'AT5G42380', 'AT5G46750', 'AT5G51055', 'AT5G57160', 'AT5G62050']"
NEG::shuffled::0206,0,shuffled_pathway,synthetic_negative,"['AT1G06450', 'AT1G07920', 'AT1G14250', 'AT1G34340', 'AT1G56740', 'AT3G07110', 'AT3G10015', 'AT3G12740', 'AT3G24350', 'AT3G29410', 'AT4G03285', 'AT4G25635', 'AT4G30000', 'AT4G30550', 'AT5G05760', 'AT5G25140']"
NEG::shuffled::0207,0,shuffled_pathway,synthetic_negative,"['AT1G60990', 'AT1G75280', 'AT2G30575', 'AT3G19870', 'AT4G04885', 'AT5G20440']"
NEG::shuffled::0208,0,shuffled_pathway,synthetic_negative,"['AT1G76400', 'AT1G78510', 'AT2G34980', 'AT3G55460', 'AT4G19750', 'AT4G21180', 'AT4G35360', 'AT4G37060', 'AT5G13630']"
NEG::shuffled::0209,0,shuffled_pathway,synthetic_negative,"['AT1G01890', 'AT1G04907', 'AT1G07770', 'AT1G34390', 'AT1G51440', 'AT1G52710', 'AT1G54140', 'AT2G02930', 'AT2G23260', 'AT2G39220', 'AT2G40100', 'AT2G44270', 'AT2G45070', 'AT3G09640', 'AT3G09940', 'AT3G17600', 'AT3G55590', 'AT3G62840', 'AT4G00651', 'AT4G04710', 'AT4G08480', 'AT4G16070', 'AT4G22260', 'AT4G32850', 'AT4G34415', 'AT4G35640', 'AT5G04530', 'AT5G23250', 'AT5G24960', 'AT5G39535', 'AT5G45900', 'AT5G50850', 'AT5G53890', 'AT5G56270', 'AT5G59490']"
NEG::shuffled::0210,0,shuffled_pathway,synthetic_negative,"['AT1G54040', 'AT2G18130', 'AT3G17600', 'AT4G34900', 'AT4G38570']"
NEG::shuffled::0211,0,shuffled_pathway,synthetic_negative,"['AT1G19250', 'AT1G26380', 'AT1G75440', 'AT2G40100', 'AT3G02410', 'AT3G03250', 'AT3G09840', 'AT4G01026', 'AT4G11260', 'AT4G27600', 'AT5G39340', 'AT5G54160']"
NEG::shuffled::0212,0,shuffled_pathway,synthetic_negative,"['AT1G01270', 'AT1G02680', 'AT1G04480', 'AT1G07705', 'AT1G10290', 'AT1G27840', 'AT1G35620', 'AT1G53690', 'AT1G54690', 'AT1G57500', 'AT1G66550', 'AT1G67120', 'AT1G77420', 'AT2G01720', 'AT2G07698', 'AT2G18310', 'AT2G19830', 'AT2G30770', 'AT2G31500', 'AT2G38030', 'AT3G07180', 'AT3G14790', 'AT3G44190', 'AT3G45040', 'AT3G53060', 'AT3G58040', 'AT3G62090', 'AT4G04930', 'AT4G10815', 'AT4G15300', 'AT4G26390', 'AT4G37430', 'AT5G02100', 'AT5G20840', 'AT5G21120', 'AT5G26140', 'AT5G28900', 'AT5G36700', 'AT5G43500', 'AT5G46790', 'AT5G47435', 'AT5G54570', 'AT5G55140', 'AT5G58220', 'AT5G59750', 'AT5G61320']"
NEG::shuffled::0213,0,shuffled_pathway,synthetic_negative,"['AT1G14400', 'AT1G16560', 'AT1G19850', 'AT1G21650', 'AT1G34120', 'AT1G67500', 'AT1G70600', 'AT2G37360', 'AT3G04390', 'AT3G04940', 'AT3G05290', 'AT3G17609', 'AT3G51680', 'AT3G54210', 'AT4G19045', 'AT4G22635', 'AT4G36530', 'AT4G36690', 'AT5G25060', 'AT5G49310', 'AT5G51950', 'AT5G52040', 'AT5G55360', 'AT5G60540', 'AT5G61270']"
NEG::shuffled::0214,0,shuffled_pathway,synthetic_negative,"['AT1G06780', 'AT1G12240', 'AT1G14185', 'AT1G14640', 'AT1G17380', 'AT1G19350', 'AT1G21400', 'AT2G21910', 'AT2G26080', 'AT2G33610', 'AT3G01640', 'AT3G57660', 'AT4G21150', 'AT4G22755', 'AT4G27490', 'AT4G32370', 'AT5G17480', 'AT5G62480']"
NEG::shuffled::0215,0,shuffled_pathway,synthetic_negative,"['AT1G62560', 'AT3G10015', 'AT3G23030', 'AT4G27440', 'AT5G32017', 'AT5G63880']"
NEG::shuffled::0216,0,shuffled_pathway,synthetic_negative,"['AT1G12940', 'AT1G53023', 'AT1G68280', 'AT1G76490', 'AT2G19430', 'AT2G22190', 'AT2G46830', 'AT3G10850', 'AT3G20160', 'AT3G55870', 'AT4G14210', 'AT4G26690', 'AT4G29530', 'AT4G30560', 'AT5G15170', 'AT5G66260']"
NEG::shuffled::0217,0,shuffled_pathway,synthetic_negative,"['AT1G04760', 'AT1G05490', 'AT1G06400', 'AT1G12220', 'AT1G15420', 'AT1G17570', 'AT1G17650', 'AT1G25490', 'AT1G48500', 'AT1G50700', 'AT1G51690', 'AT1G57230', 'AT1G57340', 'AT1G68010', 'AT1G69300', 'AT1G70730', 'AT2G17290', 'AT2G17420', 'AT2G22580', 'AT2G40030', 'AT3G03670', 'AT3G05290', 'AT3G07010', 'AT3G08960', 'AT3G10920', 'AT3G19290', 'AT3G20110', 'AT3G21720', 'AT3G23390', 'AT3G30775', 'AT3G48290', 'AT3G49120', 'AT3G56760', 'AT3G59950', 'AT4G02430', 'AT4G08160', 'AT4G17640', 'AT4G18590', 'AT4G19680', 'AT4G26270', 'AT4G37370', 'AT4G38130', 'AT5G05690', 'AT5G10100', 'AT5G13800', 'AT5G14035', 'AT5G19720', 'AT5G24950', 'AT5G27450', 'AT5G37000', 'AT5G44030', 'AT5G53120', 'AT5G63890', 'AT5G66450']"
NEG::shuffled::0218,0,shuffled_pathway,synthetic_negative,"['AT1G24320', 'AT1G30540', 'AT1G49240', 'AT1G60440', 'AT1G70710', 'AT1G79280', 'AT2G31690', 'AT2G40116', 'AT2G43980', 'AT3G07960', 'AT5G10240']"
NEG::shuffled::0219,0,shuffled_pathway,synthetic_negative,"['AT1G01100', 'AT1G03445', 'AT1G12640', 'AT1G19640', 'AT1G20670', 'AT1G20950', 'AT1G28870', 'AT1G32100', 'AT1G36340', 'AT1G49140', 'AT1G57430', 'AT1G57500', 'AT1G59790', 'AT1G66580', 'AT1G71790', 'AT1G75850', 'AT1G75990', 'AT1G80860', 'AT2G17800', 'AT2G27070', 'AT2G29900', 'AT2G32610', 'AT2G40190', 'AT3G01790', 'AT3G02630', 'AT3G13855', 'AT3G21220', 'AT3G26340', 'AT3G27440', 'AT3G27620', 'AT3G49210', 'AT3G53970', 'AT3G62870', 'AT3G63003', 'AT3G63200', 'AT4G11330', 'AT4G16680', 'AT4G19860', 'AT4G36630', 'AT4G36960', 'AT4G38920', 'AT5G14035', 'AT5G20830', 'AT5G52640', 'AT5G59710', 'AT5G64140']"
NEG::shuffled::0220,0,shuffled_pathway,synthetic_negative,"['AT1G10830', 'AT1G12230', 'AT1G26560', 'AT1G52245', 'AT2G21170', 'AT2G23260', 'AT2G26350', 'AT2G33940', 'AT3G06560', 'AT3G16410', 'AT3G53260', 'AT4G13265', 'AT5G50420', 'AT5G64070']"
NEG::shuffled::0221,0,shuffled_pathway,synthetic_negative,"['AT1G13580', 'AT1G28870', 'AT1G30510', 'AT1G71790', 'AT1G80560', 'AT2G06925', 'AT3G07140', 'AT3G22400', 'AT3G28530', 'AT3G60100', 'AT4G39850', 'AT5G55055']"
NEG::shuffled::0222,0,shuffled_pathway,synthetic_negative,"['AT1G04290', 'AT1G19910', 'AT1G26120', 'AT1G28930', 'AT1G52500', 'AT1G57270', 'AT1G60090', 'AT1G60490', 'AT1G64190', 'AT1G65590', 'AT1G67550', 'AT2G16595', 'AT2G38810', 'AT3G13330', 'AT3G26210', 'AT3G48110', 'AT3G48170', 'AT3G50520', 'AT3G54050', 'AT3G55380', 'AT3G60730', 'AT3G63200', 'AT4G11216', 'AT4G15415', 'AT4G27040', 'AT4G29735', 'AT4G36450', 'AT5G16570', 'AT5G18210', 'AT5G39600', 'AT5G41770', 'AT5G51300', 'AT5G53530', 'AT5G54280', 'AT5G55380', 'ATCG01080']"
NEG::shuffled::0223,0,shuffled_pathway,synthetic_negative,"['AT1G79190', 'AT1G79810', 'AT2G02570', 'AT3G14790', 'AT3G18740', 'AT3G61620', 'AT4G21150', 'AT5G02435', 'AT5G15570', 'AT5G23540', 'AT5G51830', 'AT5G53210', 'AT5G64855', 'AT5G67050']"
NEG::shuffled::0224,0,shuffled_pathway,synthetic_negative,"['AT1G06410', 'AT1G07470', 'AT1G16240', 'AT1G32910', 'AT1G35160', 'AT1G62560', 'AT1G78660', 'AT1G80420', 'AT2G32780', 'AT2G38380', 'AT3G08860', 'AT3G08900', 'AT3G10090', 'AT3G15710', 'AT3G21780', 'AT3G23150', 'AT3G44110', 'AT3G48515', 'AT3G49630', 'AT3G54660', 'AT3G62710', 'AT3G62860', 'AT4G11213', 'AT4G15380', 'AT4G29390', 'AT4G39500', 'AT4G39672', 'AT5G05870', 'AT5G06670', 'AT5G11650', 'AT5G17870', 'AT5G20830', 'AT5G40080', 'AT5G59370', 'AT5G63400', 'AT5G67530']"
NEG::shuffled::0225,0,shuffled_pathway,synthetic_negative,"['AT1G01580', 'AT1G04430', 'AT1G04600', 'AT1G04680', 'AT1G08550', 'AT1G09530', 'AT1G09935', 'AT1G19230', 'AT1G19250', 'AT1G22450', 'AT1G23220', 'AT1G29500', 'AT1G47250', 'AT1G51470', 'AT1G53023', 'AT1G53930', 'AT1G55300', 'AT1G57020', 'AT1G57090', 'AT1G60270', 'AT1G61050', 'AT1G63460', 'AT1G77470', 'AT1G78800', 'AT1G80250', 'AT2G07640', 'AT2G17845', 'AT2G18730', 'AT2G24490', 'AT2G25710', 'AT2G35390', 'AT2G35690', 'AT2G36520', 'AT2G37420', 'AT2G41620', 'AT2G46090', 'AT2G46440', 'AT3G01820', 'AT3G06060', 'AT3G07100', 'AT3G09455', 'AT3G09500', 'AT3G16150', 'AT3G17205', 'AT3G21160', 'AT3G24220', 'AT3G52720', 'AT3G55180', 'AT3G56300', 'AT3G60100', 'AT3G61580', 'AT3G61860', 'AT3G62130', 'AT3G62250', 'AT3G63490', 'AT4G03205', 'AT4G09020', 'AT4G09900', 'AT4G10260', 'AT4G16110', 'AT4G16845', 'AT4G18350', 'AT4G20870', 'AT4G21960', 'AT4G25960', 'AT4G27370', 'AT4G33200', 'AT4G34695', 'AT4G34760', 'AT4G35295', 'AT4G37910', 'AT4G39010', 'AT4G39770', 'AT5G02410', 'AT5G03570', 'AT5G03690', 'AT5G10880', 'AT5G11650', 'AT5G15110', 'AT5G15950', 'AT5G22500', 'AT5G25370', 'AT5G27670', 'AT5G28540', 'AT5G36790', 'AT5G37780', 'AT5G38970', 'AT5G42470', 'AT5G43940', 'AT5G47010', 'AT5G57440', 'AT5G57850', 'AT5G60100', 'AT5G63110', 'AT5G65305', 'AT5G66690']"
NEG::shuffled::0226,0,shuffled_pathway,synthetic_negative,"['AT1G06873', 'AT1G09090', 'AT1G16820', 'AT1G17300', 'AT1G20560', 'AT1G22410', 'AT1G25375', 'AT1G48470', 'AT1G63000', 'AT1G65590', 'AT1G68460', 'AT1G80330', 'AT2G20860', 'AT2G23070', 'AT2G27570', 'AT2G38152', 'AT2G41020', 'AT2G43860', 'AT3G02720', 'AT3G05230', 'AT3G08520', 'AT3G19690', 'AT3G21230', 'AT3G22425', 'AT3G22450', 'AT3G24570', 'AT3G25850', 'AT3G43810', 'AT3G49080', 'AT3G52730', 'AT3G53750', 'AT3G61610', 'AT3G62750', 'AT3G63110', 'AT4G02080', 'AT4G20990', 'AT4G22100', 'AT4G22330', 'AT4G23600', 'AT4G23980', 'AT4G26390', 'AT4G26900', 'AT4G27420', 'AT4G32175', 'AT4G32375', 'AT4G33950', 'AT4G34240', 'AT4G35640', 'AT5G04540', 'AT5G11710', 'AT5G16780', 'AT5G20900', 'AT5G27450', 'AT5G37850', 'AT5G47890', 'AT5G58782']"
NEG::shuffled::0227,0,shuffled_pathway,synthetic_negative,"['AT1G01190', 'AT1G09620', 'AT1G48320', 'AT1G55150', 'AT1G56410', 'AT1G68490', 'AT2G32770', 'AT2G33230', 'AT3G03670', 'AT3G07180', 'AT3G18130', 'AT3G48320', 'AT3G48780', 'AT3G49830', 'AT3G52285', 'AT3G54890', 'AT3G56850', 'AT3G59600', 'AT3G62150', 'AT4G11830', 'AT4G12440', 'AT4G25970', 'AT4G30870', 'AT4G30920', 'AT4G39672', 'AT5G11380', 'AT5G20570', 'AT5G41670', 'AT5G55480', 'AT5G56580', 'AT5G58700', 'AT5G62130']"
NEG::shuffled::0228,0,shuffled_pathway,synthetic_negative,"['AT1G07760', 'AT1G07920', 'AT1G09630', 'AT1G13240', 'AT1G44820', 'AT1G59610', 'AT1G61850', 'AT1G64200', 'AT1G65480', 'AT1G80780', 'AT2G07680', 'AT2G18710', 'AT2G18950', 'AT2G22110', 'AT2G36740', 'AT2G39480', 'AT2G44620', 'AT2G46960', 'AT3G01510', 'AT3G02875', 'AT3G05190', 'AT3G06030', 'AT3G06310', 'AT3G24200', 'AT3G25770', 'AT3G56630', 'AT3G62130', 'AT4G09760', 'AT4G16760', 'AT4G25020', 'AT4G26250', 'AT4G35630', 'AT4G37680', 'AT4G39880', 'AT5G02080', 'AT5G04620', 'AT5G14530', 'AT5G19820', 'AT5G22800', 'AT5G37190', 'AT5G42470', 'AT5G60620', 'AT5G65220']"
NEG::shuffled::0229,0,shuffled_pathway,synthetic_negative,"['AT1G51990', 'AT1G65290', 'AT1G68490', 'AT2G26400', 'AT2G43010', 'AT4G22550', 'AT4G29620', 'AT5G49570', 'AT5G53300']"
NEG::shuffled::0230,0,shuffled_pathway,synthetic_negative,"['AT1G49400', 'AT2G04430', 'AT2G18900', 'AT3G05560', 'AT3G59760', 'AT4G12230', 'AT4G28710', 'AT5G01240', 'AT5G18010', 'AT5G41260', 'AT5G54390', 'AT5G59055', 'AT5G64740']"
NEG::shuffled::0231,0,shuffled_pathway,synthetic_negative,"['AT1G28990', 'AT1G57510', 'AT1G67750', 'AT1G77100', 'AT2G38810', 'AT3G09440', 'AT3G63250', 'AT4G11216', 'AT5G64735']"
NEG::shuffled::0232,0,shuffled_pathway,synthetic_negative,"['AT1G21120', 'AT1G65570', 'AT2G16530', 'AT2G35680', 'AT2G38210', 'AT3G45640', 'AT3G59850', 'AT4G39420', 'AT5G01410', 'AT5G13300', 'AT5G24430']"
NEG::shuffled::0233,0,shuffled_pathway,synthetic_negative,"['AT1G06800', 'AT1G28920', 'AT1G29960', 'AT1G59570', 'AT1G60580', 'AT1G62640', 'AT1G76790', 'AT1G77100', 'AT1G77370', 'AT2G17320', 'AT2G34490', 'AT2G39800', 'AT2G46370', 'AT2G47030', 'AT2G47240', 'AT3G04000', 'AT3G04880', 'AT3G05525', 'AT3G09100', 'AT3G47630', 'AT3G51850', 'AT3G55310', 'AT3G58580', 'AT4G03430', 'AT4G04320', 'AT4G11985', 'AT4G15480', 'AT4G21560', 'AT4G31790', 'AT5G02370', 'AT5G04380', 'AT5G09290', 'AT5G38420', 'AT5G59850', 'AT5G63180', 'AT5G65430']"
NEG::shuffled::0234,0,shuffled_pathway,synthetic_negative,"['AT1G02810', 'AT1G04620', 'AT1G19750', 'AT1G32300', 'AT1G35550', 'AT1G67710', 'AT1G77510', 'AT2G16890', 'AT2G23960', 'AT2G29690', 'AT2G33310', 'AT3G44890', 'AT3G47050', 'AT3G53800', 'AT4G12460', 'AT4G22150', 'AT4G25900', 'AT4G26970', 'AT4G38270', 'AT4G39345', 'AT5G23010', 'AT5G28850', 'AT5G52470', 'AT5G52560', 'AT5G55120', 'ATCG00720']"
NEG::shuffled::0235,0,shuffled_pathway,synthetic_negative,"['AT1G12010', 'AT1G57660', 'AT1G69670', 'AT3G45955', 'AT4G18710']"
NEG::shuffled::0236,0,shuffled_pathway,synthetic_negative,"['AT1G09510', 'AT1G23190', 'AT1G73880', 'AT1G80430', 'AT2G18876', 'AT2G30050', 'AT2G37030', 'AT2G45790', 'AT3G06350', 'AT3G55800', 'AT4G14140', 'AT5G07340', 'AT5G42655', 'AT5G55290', 'AT5G56940']"
NEG::shuffled::0237,0,shuffled_pathway,synthetic_negative,"['AT1G23900', 'AT1G30350', 'AT2G26260', 'AT2G34790', 'AT2G35210', 'AT3G23240']"
NEG::shuffled::0238,0,shuffled_pathway,synthetic_negative,"['AT1G30120', 'AT1G60940', 'AT1G70680', 'AT1G74970', 'AT1G75440', 'AT2G35680', 'AT2G46450', 'AT3G13224', 'AT3G42640', 'AT4G24940', 'AT5G14570', 'AT5G14800', 'AT5G50430', 'AT5G53590']"
NEG::shuffled::0239,0,shuffled_pathway,synthetic_negative,"['AT1G04640', 'AT1G11820', 'AT1G27595', 'AT1G55090', 'AT1G80950', 'AT2G18020', 'AT2G32530', 'AT3G14890', 'AT3G21160', 'AT3G56860', 'AT4G25300', 'AT5G04950', 'AT5G44070', 'AT5G58770', 'AT5G58980', 'AT5G60360']"
NEG::shuffled::0240,0,shuffled_pathway,synthetic_negative,"['AT1G02530', 'AT1G02640', 'AT1G02660', 'AT1G02720', 'AT1G02760', 'AT1G02880', 'AT1G06640', 'AT1G06780', 'AT1G08320', 'AT1G08520', 'AT1G08940', 'AT1G09870', 'AT1G10760', 'AT1G15450', 'AT1G15700', 'AT1G15970', 'AT1G16610', 'AT1G18080', 'AT1G18150', 'AT1G19230', 'AT1G22170', 'AT1G23410', 'AT1G24650', 'AT1G24793', 'AT1G26190', 'AT1G28770', 'AT1G29920', 'AT1G30820', 'AT1G33410', 'AT1G34540', 'AT1G37150', 'AT1G45244', 'AT1G48130', 'AT1G48360', 'AT1G48420', 'AT1G48690', 'AT1G48850', 'AT1G49580', 'AT1G50200', 'AT1G50480', 'AT1G50580', 'AT1G51410', 'AT1G52700', 'AT1G52940', 'AT1G53220', 'AT1G55090', 'AT1G56680', 'AT1G56820', 'AT1G57160', 'AT1G57380', 'AT1G57770', 'AT1G59540', 'AT1G59570', 'AT1G60860', 'AT1G62430', 'AT1G62570', 'AT1G62620', 'AT1G63510', 'AT1G64060', 'AT1G66580', 'AT1G69940', 'AT1G71340', 'AT1G71380', 'AT1G73080', 'AT1G73540', 'AT1G75950', 'AT1G77040', 'AT1G78770', 'AT1G79280', 'AT1G80230', 'AT1G80555', 'AT2G01830', 'AT2G03490', 'AT2G16440', 'AT2G17190', 'AT2G18010', 'AT2G19790', 'AT2G22040', 'AT2G22110', 'AT2G23070', 'AT2G23150', 'AT2G23210', 'AT2G24180', 'AT2G24190', 'AT2G26020', 'AT2G27710', 'AT2G29300', 'AT2G29400', 'AT2G29450', 'AT2G29740', 'AT2G32530', 'AT2G33380', 'AT2G34420', 'AT2G34490', 'AT2G34850', 'AT2G35040', 'AT2G36520', 'AT2G36780', 'AT2G38120', 'AT2G38210', 'AT2G38670', 'AT2G38730', 'AT2G40205', 'AT2G41410', 'AT2G41860', 'AT2G43190', 'AT2G44800', 'AT2G45440', 'AT2G45690', 'AT2G46470', 'AT2G46970', 'AT2G47970', 'AT3G02040', 'AT3G02560', 'AT3G03250', 'AT3G03410', 'AT3G03450', 'AT3G03900', 'AT3G08610', 'AT3G09260', 'AT3G11340', 'AT3G11950', 'AT3G11960', 'AT3G12120', 'AT3G13855', 'AT3G14080', 'AT3G14735', 'AT3G15585', 'AT3G19620', 'AT3G20060', 'AT3G21720', 'AT3G21790', 'AT3G23150', 'AT3G24030', 'AT3G24200', 'AT3G26210', 'AT3G26340', 'AT3G28960', 'AT3G29380', 'AT3G43980', 'AT3G44560', 'AT3G44720', 'AT3G45935', 'AT3G47540', 'AT3G48010', 'AT3G48470', 'AT3G50505', 'AT3G51135', 'AT3G52400', 'AT3G53250', 'AT3G53450', 'AT3G54300', 'AT3G54660', 'AT3G55280', 'AT3G55400', 'AT3G55440', 'AT3G55870', 'AT3G56700', 'AT3G56940', 'AT3G57150', 'AT3G57510', 'AT3G58390', 'AT3G59710', 'AT3G61530', 'AT3G62080', 'AT3G62670', 'AT4G01970', 'AT4G02120', 'AT4G02460', 'AT4G03190', 'AT4G03280', 'AT4G04860', 'AT4G04955', 'AT4G10500', 'AT4G14455', 'AT4G15180', 'AT4G15210', 'AT4G15360', 'AT4G16270', 'AT4G20810', 'AT4G21160', 'AT4G23550', 'AT4G23650', 'AT4G23990', 'AT4G24260', 'AT4G24805', 'AT4G25100', 'AT4G26080', 'AT4G26675', 'AT4G26870', 'AT4G28130', 'AT4G28420', 'AT4G28630', 'AT4G29470', 'AT4G29740', 'AT4G30790', 'AT4G30850', 'AT4G30910', 'AT4G31695', 'AT4G32180', 'AT4G34470', 'AT4G35910', 'AT4G36930', 'AT4G37000', 'AT4G39800', 'AT5G03340', 'AT5G04060', 'AT5G04850', 'AT5G07000', 'AT5G07860', 'AT5G08250', 'AT5G09730', 'AT5G10880', 'AT5G11160', 'AT5G11710', 'AT5G15070', 'AT5G15950', 'AT5G16120', 'AT5G17290', 'AT5G17540', 'AT5G17760', 'AT5G17820', 'AT5G18200', 'AT5G18630', 'AT5G19890', 'AT5G22410', 'AT5G23535', 'AT5G26310', 'AT5G26570', 'AT5G27600', 'AT5G28840', 'AT5G35630', 'AT5G35750', 'AT5G35920', 'AT5G40610', 'AT5G40850', 'AT5G41150', 'AT5G42380', 'AT5G42470', 'AT5G43590', 'AT5G44200', 'AT5G44830', 'AT5G45130', 'AT5G46150', 'AT5G47030', 'AT5G47650', 'AT5G47720', 'AT5G48840', 'AT5G49070', 'AT5G49950', 'AT5G50160', 'AT5G53070', 'AT5G53480', 'AT5G55760', 'AT5G56350', 'AT5G57655', 'AT5G57840', 'AT5G58470', 'AT5G58780', 'AT5G59945', 'AT5G60170', 'AT5G60285', 'AT5G61410', 'AT5G61980', 'AT5G63770', 'AT5G63840', 'AT5G64070', 'AT5G64110', 'AT5G64860', 'AT5G65445', 'ATCG00430', 'ATCG01090', 'ATCG01250']"
NEG::shuffled::0241,0,shuffled_pathway,synthetic_negative,"['AT1G13590', 'AT1G16710', 'AT1G28920', 'AT1G36180', 'AT1G61790', 'AT1G63810', 'AT1G69240', 'AT1G75090', 'AT3G05820', 'AT3G19050', 'AT3G20130', 'AT3G24350', 'AT3G27890', 'AT4G00660', 'AT4G31720', 'AT5G02502', 'AT5G11110', 'AT5G11320', 'AT5G14650', 'AT5G40670', 'AT5G65685']"
NEG::shuffled::0242,0,shuffled_pathway,synthetic_negative,"['AT1G01710', 'AT1G05520', 'AT1G07370', 'AT1G07480', 'AT1G09510', 'AT1G11550', 'AT1G14150', 'AT1G14540', 'AT1G18260', 'AT1G20000', 'AT1G27940', 'AT1G28800', 'AT1G32070', 'AT1G33990', 'AT1G41880', 'AT1G48635', 'AT1G50010', 'AT1G51410', 'AT1G53030', 'AT1G54870', 'AT1G56760', 'AT1G57280', 'AT1G57320', 'AT1G58643', 'AT1G60440', 'AT1G60830', 'AT1G60910', 'AT1G61120', 'AT1G63460', 'AT1G63940', 'AT1G64750', 'AT1G65450', 'AT1G65610', 'AT1G66200', 'AT1G71010', 'AT1G74000', 'AT1G74920', 'AT1G74960', 'AT1G75590', 'AT1G75990', 'AT1G80525', 'AT1G80560', 'AT1G80660', 'AT2G02570', 'AT2G03190', 'AT2G04400', 'AT2G04540', 'AT2G07758', 'AT2G16595', 'AT2G17900', 'AT2G18260', 'AT2G25080', 'AT2G29290', 'AT2G30190', 'AT2G33240', 'AT2G34770', 'AT2G35020', 'AT2G35220', 'AT2G35340', 'AT2G36580', 'AT2G36800', 'AT2G41620', 'AT2G43890', 'AT2G45690', 'AT2G45810', 'AT2G47750', 'AT3G06030', 'AT3G06900', 'AT3G10970', 'AT3G12800', 'AT3G15060', 'AT3G18790', 'AT3G18860', 'AT3G19235', 'AT3G21070', 'AT3G26200', 'AT3G26820', 'AT3G27845', 'AT3G47450', 'AT3G47460', 'AT3G47930', 'AT3G48540', 'AT3G49925', 'AT3G50070', 'AT3G51310', 'AT3G52300', 'AT3G54420', 'AT3G55260', 'AT3G55310', 'AT3G57530', 'AT3G60250', 'AT3G61800', 'AT4G00490', 'AT4G01026', 'AT4G02055', 'AT4G02195', 'AT4G02580', 'AT4G03400', 'AT4G05530', 'AT4G08780', 'AT4G09650', 'AT4G10450', 'AT4G12410', 'AT4G12800', 'AT4G13430', 'AT4G14150', 'AT4G14300', 'AT4G14910', 'AT4G17483', 'AT4G20280', 'AT4G21160', 'AT4G22540', 'AT4G23730', 'AT4G29480', 'AT4G30080', 'AT4G31300', 'AT4G33730', 'AT4G34050', 'AT4G34415', 'AT4G36350', 'AT4G36450', 'AT4G38240', 'AT5G01250', 'AT5G02170', 'AT5G04085', 'AT5G06530', 'AT5G07370', 'AT5G08290', 'AT5G10370', 'AT5G11520', 'AT5G13160', 'AT5G13700', 'AT5G13800', 'AT5G14050', 'AT5G14870', 'AT5G16120', 'AT5G17310', 'AT5G18060', 'AT5G18230', 'AT5G19095', 'AT5G21482', 'AT5G23990', 'AT5G24350', 'AT5G35430', 'AT5G41240', 'AT5G41670', 'AT5G42650', 'AT5G44280', 'AT5G47320', 'AT5G48000', 'AT5G48010', 'AT5G48835', 'AT5G50420', 'AT5G52560', 'AT5G56680', 'AT5G59300', 'AT5G61000', 'AT5G61680', 'AT5G63310', 'AT5G63890', 'AT5G63990', 'AT5G64380', 'ATCG01100']"
NEG::shuffled::0243,0,shuffled_pathway,synthetic_negative,"['AT1G04897', 'AT1G10230', 'AT1G16225', 'AT1G17440', 'AT1G21750', 'AT1G30870', 'AT1G57400', 'AT1G70580', 'AT1G73820', 'AT1G80525', 'AT2G21630', 'AT2G28850', 'AT2G33370', 'AT2G41060', 'AT3G04525', 'AT3G06335', 'AT3G25660', 'AT4G11230', 'AT4G11405', 'AT4G31720', 'AT5G14580', 'AT5G20850', 'AT5G27380', 'AT5G41580', 'AT5G42830', 'AT5G44030', 'AT5G49110', 'AT5G49460', 'AT5G56000', 'AT5G56680', 'AT5G61455', 'AT5G66240', 'AT5G66280']"
NEG::shuffled::0244,0,shuffled_pathway,synthetic_negative,"['AT1G06410', 'AT1G26390', 'AT1G54870', 'AT1G59500', 'AT2G41370', 'AT4G10250', 'AT4G12610', 'AT4G15233', 'AT4G30820', 'AT5G15140', 'AT5G20440', 'AT5G37600', 'AT5G37670', 'AT5G65210']"
NEG::shuffled::0245,0,shuffled_pathway,synthetic_negative,"['AT1G02410', 'AT1G06610', 'AT1G08200', 'AT1G10520', 'AT1G12400', 'AT1G13720', 'AT1G14920', 'AT1G22070', 'AT1G24360', 'AT1G26170', 'AT1G26230', 'AT1G29450', 'AT1G32180', 'AT1G33030', 'AT1G33270', 'AT1G33520', 'AT1G34430', 'AT1G36180', 'AT1G48320', 'AT1G50460', 'AT1G51680', 'AT1G53530', 'AT1G55520', 'AT1G55750', 'AT1G56940', 'AT1G63510', 'AT1G67410', 'AT1G68560', 'AT1G69130', 'AT1G69500', 'AT1G72780', 'AT1G73960', 'AT2G05180', 'AT2G21440', 'AT2G29150', 'AT2G39610', 'AT3G03370', 'AT3G07055', 'AT3G08860', 'AT3G10560', 'AT3G11980', 'AT3G18680', 'AT3G20940', 'AT3G25715', 'AT3G27300', 'AT3G28490', 'AT3G43980', 'AT3G50530', 'AT3G53520', 'AT3G58170', 'AT4G12410', 'AT4G16745', 'AT4G21010', 'AT4G21870', 'AT4G22755', 'AT4G24440', 'AT4G25840', 'AT4G28620', 'AT4G33810', 'AT4G34810', 'AT4G35150', 'AT4G35740', 'AT4G37770', 'AT5G02435', 'AT5G05890', 'AT5G13010', 'AT5G13370', 'AT5G15110', 'AT5G15770', 'AT5G16710', 'AT5G18800', 'AT5G19730', 'AT5G19880', 'AT5G21378', 'AT5G24090', 'AT5G28020', 'AT5G51950', 'AT5G64860', 'AT5G65260']"
NEG::shuffled::0246,0,shuffled_pathway,synthetic_negative,"['AT1G09420', 'AT1G67280', 'AT1G73177', 'AT1G74920', 'AT2G26260', 'AT2G38120', 'AT3G02715', 'AT3G16520', 'AT3G60730', 'AT4G11030']"
NEG::shuffled::0247,0,shuffled_pathway,synthetic_negative,"['AT1G02980', 'AT1G04240', 'AT1G06400', 'AT1G24735', 'AT1G28770', 'AT1G29150', 'AT1G49980', 'AT1G52191', 'AT1G55060', 'AT1G55180', 'AT1G61880', 'AT1G62960', 'AT2G22740', 'AT2G23220', 'AT2G28755', 'AT2G35170', 'AT2G38050', 'AT3G06460', 'AT3G23840', 'AT3G55700', 'AT3G56940', 'AT4G03405', 'AT4G12405', 'AT4G26260', 'AT4G32940', 'AT4G34840', 'AT4G35900', 'AT4G35910', 'AT4G40042', 'AT5G25310', 'AT5G36140', 'AT5G39850', 'AT5G41360', 'AT5G48180', 'AT5G63010', 'AT5G67590']"
NEG::shuffled::0248,0,shuffled_pathway,synthetic_negative,"['AT1G04850', 'AT1G48130', 'AT1G67630', 'AT2G23800', 'AT3G01705', 'AT4G16210', 'AT4G17690', 'AT5G05945', 'AT5G51940', 'AT5G57330']"
NEG::shuffled::0249,0,shuffled_pathway,synthetic_negative,"['AT1G17300', 'AT2G41850', 'AT2G46520', 'AT3G02760', 'AT5G13010', 'AT5G17030', 'AT5G18650', 'AT5G41770', 'AT5G47930', 'AT5G57260', 'AT5G59140']"
NEG::shuffled::0250,0,shuffled_pathway,synthetic_negative,"['AT1G01290', 'AT1G04820', 'AT1G27570', 'AT1G34520', 'AT1G47990', 'AT1G52560', 'AT1G66650', 'AT1G75020', 'AT1G78650', 'AT2G21170', 'AT2G40300', 'AT2G44450', 'AT3G14310', 'AT3G23240', 'AT3G49630', 'AT4G09650', 'AT4G14440', 'AT4G17640', 'AT4G34030', 'AT4G36410', 'AT5G04370', 'AT5G10450', 'AT5G35920', 'AT5G37670', 'AT5G46150', 'AT5G52040']"
NEG::shuffled::0251,0,shuffled_pathway,synthetic_negative,"['AT1G06290', 'AT1G06800', 'AT1G07110', 'AT1G13850', 'AT1G16030', 'AT1G16350', 'AT1G19840', 'AT1G22860', 'AT1G43710', 'AT1G48600', 'AT1G52245', 'AT1G56840', 'AT1G57310', 'AT1G58440', 'AT1G74230', 'AT1G79000', 'AT2G15680', 'AT2G21590', 'AT2G29750', 'AT2G35170', 'AT2G45150', 'AT2G46505', 'AT3G04460', 'AT3G13940', 'AT3G14890', 'AT3G16410', 'AT3G20140', 'AT3G44340', 'AT3G45040', 'AT3G49050', 'AT3G61680', 'AT4G00810', 'AT4G03205', 'AT4G16130', 'AT4G18710', 'AT4G23620', 'AT4G25000', 'AT5G11520', 'AT5G13000', 'AT5G18800', 'AT5G24770', 'AT5G37300', 'AT5G58800', 'AT5G63620']"
NEG::shuffled::0252,0,shuffled_pathway,synthetic_negative,"['AT1G45249', 'AT1G48470', 'AT1G78550', 'AT2G22570', 'AT3G11120', 'AT5G63110']"
NEG::shuffled::0253,0,shuffled_pathway,synthetic_negative,"['AT1G02810', 'AT1G04810', 'AT1G08270', 'AT1G15550', 'AT1G17130', 'AT1G29965', 'AT1G30100', 'AT1G44790', 'AT1G50580', 'AT1G57040', 'AT1G60820', 'AT1G76980', 'AT2G04350', 'AT2G05990', 'AT2G07687', 'AT2G16595', 'AT2G23410', 'AT2G23550', 'AT2G30250', 'AT2G33110', 'AT2G39445', 'AT2G41340', 'AT2G45440', 'AT2G46950', 'AT2G47550', 'AT2G47730', 'AT3G09580', 'AT3G14120', 'AT3G14600', 'AT3G20120', 'AT3G22360', 'AT3G44490', 'AT3G49620', 'AT3G59060', 'AT4G05520', 'AT4G15930', 'AT4G24040', 'AT4G25770', 'AT4G27960', 'AT4G29840', 'AT4G30560', 'AT4G32840', 'AT4G38760', 'AT5G01410', 'AT5G06090', 'AT5G09260', 'AT5G27140', 'AT5G37190', 'AT5G40580', 'AT5G53810', 'AT5G57840', 'AT5G58230', 'AT5G64070', 'AT5G64740', 'ATCG01110']"
NEG::shuffled::0254,0,shuffled_pathway,synthetic_negative,"['AT1G01710', 'AT1G09780', 'AT1G11250', 'AT1G15850', 'AT1G31330', 'AT1G34510', 'AT1G43140', 'AT1G72780', 'AT2G07680', 'AT3G17600', 'AT3G25920', 'AT3G54300', 'AT4G02320', 'AT5G27450', 'AT5G39340', 'AT5G43700', 'AT5G47880', 'AT5G56470']"
NEG::shuffled::0255,0,shuffled_pathway,synthetic_negative,"['AT1G07040', 'AT1G28770', 'AT1G78800', 'AT2G21290', 'AT3G07180', 'AT3G11150', 'AT3G21750', 'AT4G02130', 'AT5G17220', 'AT5G42490', 'AT5G46315']"
NEG::shuffled::0256,0,shuffled_pathway,synthetic_negative,"['AT1G04180', 'AT1G07890', 'AT1G10730', 'AT1G16225', 'AT1G22450', 'AT1G24706', 'AT1G27600', 'AT1G30330', 'AT1G30480', 'AT1G54440', 'AT1G57310', 'AT2G39590', 'AT2G46470', 'AT3G14290', 'AT3G21370', 'AT3G26230', 'AT3G47450', 'AT3G54920', 'AT3G54970', 'AT3G62830', 'AT4G16690', 'AT4G37100', 'AT5G07200', 'AT5G11880', 'AT5G14220', 'AT5G25120', 'AT5G48835', 'AT5G65445']"
NEG::shuffled::0257,0,shuffled_pathway,synthetic_negative,"['AT1G10680', 'AT1G28870', 'AT1G68050', 'AT3G10180', 'AT3G22960', 'AT3G52930']"
NEG::shuffled::0258,0,shuffled_pathway,synthetic_negative,"['AT1G04897', 'AT1G06690', 'AT1G07745', 'AT1G12230', 'AT1G13980', 'AT1G21120', 'AT1G32620', 'AT1G61580', 'AT1G63810', 'AT1G68640', 'AT1G69770', 'AT1G71720', 'AT1G78680', 'AT2G04400', 'AT2G07757', 'AT2G21200', 'AT2G24150', 'AT2G28260', 'AT2G36760', 'AT2G41510', 'AT2G43570', 'AT2G44810', 'AT3G07810', 'AT3G14790', 'AT3G16100', 'AT3G17790', 'AT3G21070', 'AT3G25960', 'AT3G48280', 'AT3G49430', 'AT3G57940', 'AT3G58990', 'AT3G59415', 'AT4G07950', 'AT4G17612', 'AT4G38510', 'AT5G06950', 'AT5G07135', 'AT5G09700', 'AT5G44710', 'AT5G48950', 'AT5G62880', 'AT5G65990']"
NEG::shuffled::0259,0,shuffled_pathway,synthetic_negative,"['AT1G02520', 'AT1G35910', 'AT1G69620', 'AT2G37090', 'AT4G04720', 'AT4G37280', 'AT5G45600', 'AT5G66310']"
NEG::shuffled::0260,0,shuffled_pathway,synthetic_negative,"['AT1G56870', 'AT1G70050', 'AT2G07763', 'AT3G08850', 'AT3G18580', 'AT3G19050', 'AT4G21220', 'AT5G36220', 'AT5G47810', 'AT5G51830', 'AT5G56760']"
NEG::shuffled::0261,0,shuffled_pathway,synthetic_negative,"['AT1G05250', 'AT1G08240', 'AT1G15130', 'AT1G16970', 'AT1G20820', 'AT1G51410', 'AT1G54670', 'AT2G01670', 'AT2G43030', 'AT3G06110', 'AT3G18165', 'AT3G32980', 'AT3G56900', 'AT4G14910', 'AT5G05750', 'AT5G51940', 'AT5G54600', 'AT5G60966']"
NEG::shuffled::0262,0,shuffled_pathway,synthetic_negative,"['AT1G01870', 'AT1G05520', 'AT1G06700', 'AT1G09480', 'AT1G12990', 'AT1G17730', 'AT1G17745', 'AT1G28740', 'AT1G33990', 'AT1G44350', 'AT1G80420', 'AT2G07727', 'AT2G17265', 'AT2G18130', 'AT2G18980', 'AT2G30750', 'AT2G31900', 'AT2G36390', 'AT3G08943', 'AT3G11900', 'AT3G14700', 'AT3G21080', 'AT3G27540', 'AT3G46510', 'AT3G62740', 'AT4G01800', 'AT4G05120', 'AT4G11600', 'AT4G14960', 'AT4G15380', 'AT4G15490', 'AT4G26675', 'AT4G27820', 'AT4G34020', 'AT4G36250', 'AT5G04895', 'AT5G05795', 'AT5G08180', 'AT5G10240', 'AT5G20410', 'AT5G22510', 'AT5G23300', 'AT5G27120', 'AT5G43130', 'AT5G51290', 'AT5G62530']"
NEG::shuffled::0263,0,shuffled_pathway,synthetic_negative,"['AT1G09570', 'AT1G10670', 'AT1G17280', 'AT1G60780', 'AT2G05710', 'AT2G12200', 'AT2G27480', 'AT2G32220', 'AT3G06470', 'AT3G48515', 'AT3G49680', 'AT3G51040', 'AT3G58390', 'AT4G15560', 'AT4G18240', 'AT4G21090', 'AT4G21940', 'AT4G22340', 'AT4G29720', 'AT4G31940', 'AT4G36530', 'AT5G08260', 'AT5G38970', 'AT5G39630', 'AT5G47080', 'AT5G51610', 'AT5G54375']"
NEG::shuffled::0264,0,shuffled_pathway,synthetic_negative,"['AT1G17170', 'AT1G35670', 'AT1G69485', 'AT1G77420', 'AT2G26020', 'AT3G03230', 'AT3G11750', 'AT3G18952', 'AT3G26210', 'AT4G02780', 'AT4G15940', 'AT4G19860', 'AT4G32320', 'AT5G01770', 'AT5G20620', 'AT5G49110']"
NEG::shuffled::0265,0,shuffled_pathway,synthetic_negative,"['AT1G12640', 'AT1G28430', 'AT1G28910', 'AT1G54560', 'AT1G75330', 'AT2G23800', 'AT3G03120', 'AT3G10720', 'AT3G44550', 'AT3G46170', 'AT3G46210']"
NEG::shuffled::0266,0,shuffled_pathway,synthetic_negative,"['AT1G04410', 'AT1G06877', 'AT1G07230', 'AT1G13080', 'AT1G14290', 'AT1G17580', 'AT1G24310', 'AT1G29900', 'AT1G32490', 'AT1G51680', 'AT1G57020', 'AT1G57770', 'AT1G60490', 'AT1G61050', 'AT1G64390', 'AT1G74020', 'AT1G74960', 'AT1G79650', 'AT2G05100', 'AT2G17640', 'AT2G18140', 'AT2G24590', 'AT2G33860', 'AT3G10700', 'AT3G16380', 'AT3G18220', 'AT3G20885', 'AT3G25780', 'AT3G27440', 'AT3G54670', 'AT3G54690', 'AT3G61860', 'AT4G09510', 'AT4G10450', 'AT4G14320', 'AT4G16155', 'AT4G17260', 'AT4G22340', 'AT4G27690', 'AT4G34720', 'AT4G34840', 'AT4G34880', 'AT4G35970', 'AT4G37000', 'AT5G02870', 'AT5G09500', 'AT5G17290', 'AT5G24540', 'AT5G45340', 'AT5G46750', 'AT5G51110', 'AT5G51830', 'AT5G54640', 'AT5G57590', 'AT5G58390', 'AT5G59370']"
NEG::shuffled::0267,0,shuffled_pathway,synthetic_negative,"['AT1G26740', 'AT2G15950', 'AT4G26870', 'AT4G34850', 'AT5G59720']"
NEG::shuffled::0268,0,shuffled_pathway,synthetic_negative,"['AT1G22370', 'AT1G80250', 'AT2G47060', 'AT3G63110', 'AT5G01400', 'AT5G06260', 'AT5G20856', 'AT5G44110']"
