sample_id,split,label,gene_set_type,annotated_gene_count,jaccard_gene_count,jaccard_mode,all_pair_count,evaluated_pair_count,complete_gene_set_sha256,jaccard_subset_sha256
AC_ALACAT2-PWY,train,1,NA,8,8,exact,28,28,3ce1ad2be484a76d71cc6617d5cd217f785c607b30d0b64c7f63b1e742069d72,3ce1ad2be484a76d71cc6617d5cd217f785c607b30d0b64c7f63b1e742069d72
AC_ARGSPECAT-PWY,train,1,NA,6,6,exact,15,15,ce415607e257a45ad98605af704cee4bcc58e2aac481fdae0eadc63601f6f832,ce415607e257a45ad98605af704cee4bcc58e2aac481fdae0eadc63601f6f832
AC_ARGSYN-PWY,train,1,NA,13,13,exact,78,78,250f906165206e314bfb924549badc84c4400c70289958bb29992892768cc296,250f906165206e314bfb924549badc84c4400c70289958bb29992892768cc296
AC_ARGSYNBSUB-PWY,train,1,NA,13,13,exact,78,78,b8e99e2639a1de236b641a20202f3d0cd47cc44be2925c49692d77b4f0a7ad8b,b8e99e2639a1de236b641a20202f3d0cd47cc44be2925c49692d77b4f0a7ad8b
AC_ARO-PWY,train,1,NA,10,10,exact,45,45,f327701bb03c6b100a587e0ec6d5986d683439e35ee70ca1903d62290699320b,f327701bb03c6b100a587e0ec6d5986d683439e35ee70ca1903d62290699320b
AC_ASPARAGINE-DEG1-PWY,train,1,NA,5,5,exact,10,10,f670d1b64e7bf537c60cfdd87c07aa13bb46437ca0a9762f028754b29e2e8191,f670d1b64e7bf537c60cfdd87c07aa13bb46437ca0a9762f028754b29e2e8191
AC_ASPARAGINE-DEG1-PWY-1,train,1,NA,15,15,exact,105,105,4190abeaa4491d0cf70f1e479fa78b74e1eff7e37edf6dfd3224dfca450ad5f7,4190abeaa4491d0cf70f1e479fa78b74e1eff7e37edf6dfd3224dfca450ad5f7
AC_ASPARTATE-DEG1-PWY,train,1,NA,9,9,exact,36,36,74049019ee0ef2b19c558240ba1e94f271e7545efccdcf2865e3d0a40244c3ea,74049019ee0ef2b19c558240ba1e94f271e7545efccdcf2865e3d0a40244c3ea
AC_ASPASN-ARA-PWY,train,1,NA,18,18,exact,153,153,ea8c2a698b6c48d04b220acbe1d8f0581dc847613710acdebbb6fa50364408ee,ea8c2a698b6c48d04b220acbe1d8f0581dc847613710acdebbb6fa50364408ee
AC_BRANCHED-CHAIN-AA-SYN-PWY,train,1,NA,21,21,exact,210,210,132838eb33086867c549d3b11c1f4ebf8dac1ede12d53bc68c01b1a5c9b187d1,132838eb33086867c549d3b11c1f4ebf8dac1ede12d53bc68c01b1a5c9b187d1
AC_BSUBPOLYAMSYN-PWY,train,1,NA,7,7,exact,21,21,1734f79d2c10c85806e2c9d8ee6e7e136f13c8292b1fcabf64f114eb4893275f,1734f79d2c10c85806e2c9d8ee6e7e136f13c8292b1fcabf64f114eb4893275f
AC_CALVIN-PWY,train,1,NA,35,30,hash_sampled,595,435,325f04b12895a72a280af68cf65a5329edaa4b2341db289c2e529ae4e92cd9b8,fc4f6042720f35bd55c9be2097b91b77ecc021fbe9b23ecd9fb6c471d8f8fd15
AC_CHLOROPHYLL-SYN,train,1,NA,10,10,exact,45,45,137141452fbd6908069ca7724b42b67f854c6ed58b3171221935ea28de1c50e2,137141452fbd6908069ca7724b42b67f854c6ed58b3171221935ea28de1c50e2
AC_CITRULBIO-PWY,train,1,NA,43,30,hash_sampled,903,435,3e636cfe523783f325563127d1cd6f1bd8cdf7ead0024987fbdcad39e3cbe859,295f652c365ff11dac6916cc7626ed69057b35da7fe60cd5701ccdea028f0f67
AC_COA-PWY,train,1,NA,6,6,exact,15,15,0526dedde4bc44eaac05044c0dc79d3df9a1456a58e1feb4907d912f6d380e41,0526dedde4bc44eaac05044c0dc79d3df9a1456a58e1feb4907d912f6d380e41
AC_COMPLETE-ARO-ARA-PWY,train,1,NA,32,30,hash_sampled,496,435,36a0417a145ed637f096cfb156b5bcefbd292e705c1d8ea829e45d465c7d525a,44b429646fecac2d51f64765b37294e252ee6fa1f8c09b309265aab1e05d1031
AC_CYANCAT-PWY,train,1,NA,16,16,exact,120,120,e0bd20501e4f72785d1828f1cd2a395ac44cd613950ac428966da04ab36f7a34,e0bd20501e4f72785d1828f1cd2a395ac44cd613950ac428966da04ab36f7a34
AC_CYSTSYN-PWY,train,1,NA,13,13,exact,78,78,482fc2bc09ce34cda4ee560695a42cacd283d7d88f987944622e96806929f2f4,482fc2bc09ce34cda4ee560695a42cacd283d7d88f987944622e96806929f2f4
AC_DTDPRHAMSYN-PWY,train,1,NA,7,7,exact,21,21,cab7a54d5dedb7bafe9d2e5216e51bd22dc88ed751b939896cd3d7bb17009b7c,cab7a54d5dedb7bafe9d2e5216e51bd22dc88ed751b939896cd3d7bb17009b7c
AC_ETHYL-PWY,train,1,NA,23,23,exact,253,253,770672cf7e2946674632653d25f50b995ae708fed5ff9742aea91aa966dda208,770672cf7e2946674632653d25f50b995ae708fed5ff9742aea91aa966dda208
AC_FASYN-ELONG-PWY,train,1,NA,15,15,exact,105,105,ba69b05464d0d4697289d71557720c5c9db60e443dcf8560a3834ac3da274f5d,ba69b05464d0d4697289d71557720c5c9db60e443dcf8560a3834ac3da274f5d
AC_GLUCONEO-PWY,train,1,NA,48,30,hash_sampled,1128,435,a009efff5f19a7fa8776a8336fa8648f4da411aaec64b44ba8ce8bc499805d69,0eb5f46373cd33cfbff6e77e640df2c3a90a3ec00f90a97a51961b283a855872
AC_GLUCOSE1PMETAB-PWY,train,1,NA,13,13,exact,78,78,d79206d598b6608e65ebcaf246cbff0388a1be11576c499526aafdf97facf873,d79206d598b6608e65ebcaf246cbff0388a1be11576c499526aafdf97facf873
AC_GLUTAMINDEG-PWY,train,1,NA,35,30,hash_sampled,595,435,a4118fc021955b2d948ad5f5821833259859a881204a56ebba1b075c4d9eb7c7,c0a1d17812a7550a1b0d154d96527544e10e22c4135807bcbb33e4f992d72c28
AC_GLUTORN-PWY,train,1,NA,10,10,exact,45,45,f1026ea09e15d34d78e0b2bbd40cabb905035ffde820929ecc6dc818ea4af51a,f1026ea09e15d34d78e0b2bbd40cabb905035ffde820929ecc6dc818ea4af51a
AC_GLYCLEAV-PWY,train,1,NA,10,10,exact,45,45,fa8759797920a7a56a4d4c86c6197c9c37050d64e9ac4093b55e43647e810674,fa8759797920a7a56a4d4c86c6197c9c37050d64e9ac4093b55e43647e810674
AC_GLYCOLYSIS,train,1,NA,56,30,hash_sampled,1540,435,f62ef0be8776af1290510c17678ead228962d28d5da399c652d2f65dead75c00,b9508b371ed60079cf9f2265b04690667f87157de50d1374140738b36c6db8ad
AC_GLYOXYLATE-BYPASS,train,1,NA,21,21,exact,210,210,357cff8c9e136e4137d05e9a2f073e95e5fc1e978846452e8b695666295d5845,357cff8c9e136e4137d05e9a2f073e95e5fc1e978846452e8b695666295d5845
AC_GLYSYN-ALA-PWY,train,1,NA,5,5,exact,10,10,40cc533ad736756165848eeba2a2076b7edbba93c201d5706c0f0cd171fa927a,40cc533ad736756165848eeba2a2076b7edbba93c201d5706c0f0cd171fa927a
AC_GLYSYN-PWY,train,1,NA,7,7,exact,21,21,0946f2d13493ddc2a8a44861921afb3c06b844ee42125d45966e75dcd3874165,0946f2d13493ddc2a8a44861921afb3c06b844ee42125d45966e75dcd3874165
AC_HEME-BIOSYNTHESIS-II,train,1,NA,9,9,exact,36,36,880c9956af59cd088c831157c172240bdb678788ec70e53e6a5cb51f6bb26c56,880c9956af59cd088c831157c172240bdb678788ec70e53e6a5cb51f6bb26c56
AC_HISTSYN-PWY,train,1,NA,11,11,exact,55,55,578582b4a04a42535e37016f8fb7dc238db6a5f582b69cd187ba08d346a252ec,578582b4a04a42535e37016f8fb7dc238db6a5f582b69cd187ba08d346a252ec
AC_HOMOSERSYN-PWY,train,1,NA,6,6,exact,15,15,e9572ed83b5d87b7cdf2abef0e7a854db3cb2981286306eae7990bb29b93c10f,e9572ed83b5d87b7cdf2abef0e7a854db3cb2981286306eae7990bb29b93c10f
AC_ILE-VAL-PWY,train,1,NA,7,7,exact,21,21,4a1bb1ac7889f7f7a7788d63f9f7cb970f0e3c6cb42bc455819a494309b61eb3,4a1bb1ac7889f7f7a7788d63f9f7cb970f0e3c6cb42bc455819a494309b61eb3
AC_ILEUDEG-PWY,train,1,NA,9,9,exact,36,36,7fea6767740967172aa5172872782bcbb7a3b6582e90fbe995c0c84999f74c89,7fea6767740967172aa5172872782bcbb7a3b6582e90fbe995c0c84999f74c89
AC_ILEUSYN-PWY,train,1,NA,6,6,exact,15,15,173b87f6d85e38be63131c0ee9e0245b96289883e13f48502f29fa28b653e822,173b87f6d85e38be63131c0ee9e0245b96289883e13f48502f29fa28b653e822
AC_LEU-DEG2-PWY,train,1,NA,13,13,exact,78,78,b4d018e6ba092c15d3abdc3004e9a170712fc2e604962297b48eaa514e5b6c9a,b4d018e6ba092c15d3abdc3004e9a170712fc2e604962297b48eaa514e5b6c9a
AC_LEUSYN-PWY,train,1,NA,18,18,exact,153,153,c865c52e1fe5438f6bac26aa49c34093da56a85dbd452b5ca1aeb1e7abc01b5b,c865c52e1fe5438f6bac26aa49c34093da56a85dbd452b5ca1aeb1e7abc01b5b
AC_LIPASYN-PWY,train,1,NA,59,30,hash_sampled,1711,435,7075d0469eabbce4906c265a51e2e72b0a244fb6577be23815b8944a8a34d581,128ba52f3c5a468868e2669cc398ff10fe97db7efecec11a8bedd41b94b479ac
AC_LYSINE-DEG2-PWY,train,1,NA,5,5,exact,10,10,77286fe8c4c54730d2076f77c8d669c8bd0524ddb7bcedf304110419f1b7b48c,77286fe8c4c54730d2076f77c8d669c8bd0524ddb7bcedf304110419f1b7b48c
AC_MANNOSYL-CHITO-DOLICHOL-BIOSYNTHESIS,train,1,NA,14,14,exact,91,91,2ab9180ee057b64c91a6ac9519b6cee71e3ff8c7dd95222ca5e38b2e759fa738,2ab9180ee057b64c91a6ac9519b6cee71e3ff8c7dd95222ca5e38b2e759fa738
AC_METHIONINE-DEG1-PWY,train,1,NA,5,5,exact,10,10,ecae25f996df49c229266e781cb82d70ed56b3f7ebae1b5c6db9c7d242c18647,ecae25f996df49c229266e781cb82d70ed56b3f7ebae1b5c6db9c7d242c18647
AC_OXIDATIVEPENT-PWY,train,1,NA,14,14,exact,91,91,f2c63c5ec360d0b5b7df2ddc32785e7e7d9969e42d1801cc7879f8f1be11d7bd,f2c63c5ec360d0b5b7df2ddc32785e7e7d9969e42d1801cc7879f8f1be11d7bd
AC_POLYAMINSYN3-PWY,train,1,NA,12,12,exact,66,66,7726776d2436a4fd9e92aea90ae135e404b09a4a9920142af1756deae5ff82b8,7726776d2436a4fd9e92aea90ae135e404b09a4a9920142af1756deae5ff82b8
AC_PWY-1001,train,1,NA,27,27,exact,351,351,ab248c315ae46ae6847c1628f15673f71e55a5413cf9bb2d9cbd89ce8528069a,ab248c315ae46ae6847c1628f15673f71e55a5413cf9bb2d9cbd89ce8528069a
AC_PWY-101,train,1,NA,18,18,exact,153,153,b1601d1f4d041b1d90fbc761579d92d5a54bd71f1457cc2187b1ca818bd66758,b1601d1f4d041b1d90fbc761579d92d5a54bd71f1457cc2187b1ca818bd66758
AC_PWY-1042,train,1,NA,51,30,hash_sampled,1275,435,5076f29deeeb00768291806083150b732e3cbda87be0da73e95c22806aa28884,3c64cbb895c70427cd7a5579885229352ae632431a2e7e405881d706de569717
AC_PWY-1061,train,1,NA,26,26,exact,325,325,844204f0ef4b136ac46dfdc4f4ffd38bcb112cba75a17a6723059beeb3962067,844204f0ef4b136ac46dfdc4f4ffd38bcb112cba75a17a6723059beeb3962067
AC_PWY-112,train,1,NA,6,6,exact,15,15,c43d932b4f8513cad06eb975f619465d13e0964076c3b37f385d97079ed49f96,c43d932b4f8513cad06eb975f619465d13e0964076c3b37f385d97079ed49f96
AC_PWY-1121,train,1,NA,59,30,hash_sampled,1711,435,81fdd7fe41e0a9cdc17676eb1744a8b275fb8f1550fec90525d16b1fd60aaa15,73c20e14bef6e24c8aca1a6f95cc6e9d2f7f1007ccbbeecc63fb05fee08840da
AC_PWY-1187,train,1,NA,32,30,hash_sampled,496,435,1999cc88a800537e6236fb02002a42f158beb96d81c3cc854b4277480230309f,2bde9701ce5cb8938bdf7208ab6b517b261833d4d5f9f7509af77ee8a3b6d6bd
AC_PWY-1722,train,1,NA,7,7,exact,21,21,88d55886e2dc18a65c826799c2dd97b6eb137ef03234d9c9fcaf07eff2cef2fc,88d55886e2dc18a65c826799c2dd97b6eb137ef03234d9c9fcaf07eff2cef2fc
AC_PWY-1741,train,1,NA,5,5,exact,10,10,c6dcbedf15e428ef61fdbe176d3020cd4f7bb9e81aa49e9d491a1fc0be909963,c6dcbedf15e428ef61fdbe176d3020cd4f7bb9e81aa49e9d491a1fc0be909963
AC_PWY-1782,train,1,NA,17,17,exact,136,136,82d731427f31a2c177c1a4edadfc39ba39ada1304093b91e8e8f64c7dd1ae2db,82d731427f31a2c177c1a4edadfc39ba39ada1304093b91e8e8f64c7dd1ae2db
AC_PWY-181,train,1,NA,23,23,exact,253,253,c59b47253643841f606af04b2ee9a4def9c33f1d941a9f69b149d25a6f76af72,c59b47253643841f606af04b2ee9a4def9c33f1d941a9f69b149d25a6f76af72
AC_PWY-2021,train,1,NA,12,12,exact,66,66,fc4b35dc89a15ae7ca0ab735a29f9a4d4d5e0bf06a1224b4bf06eb171e0ea5d4,fc4b35dc89a15ae7ca0ab735a29f9a4d4d5e0bf06a1224b4bf06eb171e0ea5d4
AC_PWY-2161,train,1,NA,14,14,exact,91,91,a155441b5bca20c354da9a3c77d1e10fe0f129fe17360de32ca73ae2c0566ca6,a155441b5bca20c354da9a3c77d1e10fe0f129fe17360de32ca73ae2c0566ca6
AC_PWY-2181,train,1,NA,9,9,exact,36,36,0fce178e65579752f359f9332e8bb319b6659025ca547b699f5a2707f83561ed,0fce178e65579752f359f9332e8bb319b6659025ca547b699f5a2707f83561ed
AC_PWY-2301,train,1,NA,6,6,exact,15,15,f4772eed694690acf30587bb556f5bd94f6417bd5161fb606d52e934111d413d,f4772eed694690acf30587bb556f5bd94f6417bd5161fb606d52e934111d413d
AC_PWY-2463,train,1,NA,9,9,exact,36,36,a778abb7474876a56b965f41bb735fae22bb1ce9a24177a545962ff265054805,a778abb7474876a56b965f41bb735fae22bb1ce9a24177a545962ff265054805
AC_PWY-2541,train,1,NA,23,23,exact,253,253,a6253c14bcd1a04f29a327bbc1360f38299e939969fc485a263f110d7cdf87fd,a6253c14bcd1a04f29a327bbc1360f38299e939969fc485a263f110d7cdf87fd
AC_PWY-2582,train,1,NA,7,7,exact,21,21,5e27f0c888799609435db61bde083312f7356256fb812b0de32ff17827d5a181,5e27f0c888799609435db61bde083312f7356256fb812b0de32ff17827d5a181
AC_PWY-2681,train,1,NA,9,9,exact,36,36,c1565cdb04aec4d41479705723b280654751be008ad5485adc1adcaf4afbdbe9,c1565cdb04aec4d41479705723b280654751be008ad5485adc1adcaf4afbdbe9
AC_PWY-282,train,1,NA,14,14,exact,91,91,db666d84945adf85cdaba37fd1b1440da58aab279eb96bd6c80f53d0a941cc85,db666d84945adf85cdaba37fd1b1440da58aab279eb96bd6c80f53d0a941cc85
AC_PWY-2821,train,1,NA,20,20,exact,190,190,ecbf5a870bc02744f9712fd4a22b933e9babcbb3ecfd7a464d598b9d5fa5c8c5,ecbf5a870bc02744f9712fd4a22b933e9babcbb3ecfd7a464d598b9d5fa5c8c5
AC_PWY-2902,train,1,NA,25,25,exact,300,300,b65adb8137fb87d4ac7dfb22aade92c717ce9d4f42bb198d503978e07a872450,b65adb8137fb87d4ac7dfb22aade92c717ce9d4f42bb198d503978e07a872450
AC_PWY-3041,train,1,NA,8,8,exact,28,28,27c31c204fb270e10d9a5297ab6384f0bf50c0e59d9c5be4611eb8f84f55f88c,27c31c204fb270e10d9a5297ab6384f0bf50c0e59d9c5be4611eb8f84f55f88c
AC_PWY-3101,train,1,NA,14,14,exact,91,91,05d89ac30d921936c5aa698de022a85fd53520baf0ca0423ddcab1b21892c7a5,05d89ac30d921936c5aa698de022a85fd53520baf0ca0423ddcab1b21892c7a5
AC_PWY-321,train,1,NA,37,30,hash_sampled,666,435,2fe9cb074a72215d2afc4f86271ef005ae65240d6e60a2a8750ff291b86b4394,4ea03c1941b75a295da499c897e50c37f1c14eb9e46cf3051e38ea9946319ebc
AC_PWY-3461,train,1,NA,5,5,exact,10,10,906b6559e384cfa45094252ba56b62b6ae2048bf16aef9e017bff20e626c9fdf,906b6559e384cfa45094252ba56b62b6ae2048bf16aef9e017bff20e626c9fdf
AC_PWY-3462,train,1,NA,10,10,exact,45,45,1f7c1fbf70004c3d2988413652dea5080fc3458b9880c29eb0bf4161a17734f6,1f7c1fbf70004c3d2988413652dea5080fc3458b9880c29eb0bf4161a17734f6
AC_PWY-3481,train,1,NA,11,11,exact,55,55,632afeee1bc45eff8567dd8179df647e85c9334e55aed71df067f02eef465957,632afeee1bc45eff8567dd8179df647e85c9334e55aed71df067f02eef465957
AC_PWY-3781,train,1,NA,38,30,hash_sampled,703,435,b4490fe5239afe73ecf99512f145f09c2d20d8773d6203e1cf12026771b67d7b,e11928ac01d75b7a850a37b1e73ebf4dd78c5faa560281aa457840254c7e48fe
AC_PWY-3801,train,1,NA,35,30,hash_sampled,595,435,24d2b8fdd1f993e51c45fbb9ab2bd4b5d1199c8befe586094d5686dec2752310,9468fcd73108f78ea08a849dbbedc2a6a9e6cc4649af7a441703f05679f0296e
AC_PWY-3941,train,1,NA,10,10,exact,45,45,2d729f28f3535abfd7fe8ce312c9f96a35c5ebb4da9193414cac689280a7c949,2d729f28f3535abfd7fe8ce312c9f96a35c5ebb4da9193414cac689280a7c949
AC_PWY-401,train,1,NA,6,6,exact,15,15,7d8d5844beaa8eba51d5e29130fa7963e5b3a263a5b60f38bb653ee70cd672c8,7d8d5844beaa8eba51d5e29130fa7963e5b3a263a5b60f38bb653ee70cd672c8
AC_PWY-4041,train,1,NA,6,6,exact,15,15,52a7300ecf9146957409d642cc395e93afaac5f6a4e5192f653971a23e86a414,52a7300ecf9146957409d642cc395e93afaac5f6a4e5192f653971a23e86a414
AC_PWY-4081,train,1,NA,11,11,exact,55,55,9068279728222e78b2448cd6f0603c578ad14890f6f12d00169face21e04eae4,9068279728222e78b2448cd6f0603c578ad14890f6f12d00169face21e04eae4
AC_PWY-4101,train,1,NA,18,18,exact,153,153,31c5ab647e2eca816b7253fedbc16c51f0ac497acf11f87fc004d06efa35ba52,31c5ab647e2eca816b7253fedbc16c51f0ac497acf11f87fc004d06efa35ba52
AC_PWY-4203,train,1,NA,13,13,exact,78,78,1aced0f6ed08d487b9db3bdb5b4c0e2577d5217a2ce7c26104069771b2cfb225,1aced0f6ed08d487b9db3bdb5b4c0e2577d5217a2ce7c26104069771b2cfb225
AC_PWY-4221,train,1,NA,24,24,exact,276,276,d4f4bcab236c03c7bc2820faa34c605599f64065dbb2267c45f4b1ab6aa6b321,d4f4bcab236c03c7bc2820faa34c605599f64065dbb2267c45f4b1ab6aa6b321
AC_PWY-4302,train,1,NA,35,30,hash_sampled,595,435,23dcfa003ebcfe55ab3288f54dbfd6f78419e7ae1443ebee62c67e28607ec84d,dbb101f46b2096b204e85edb3aae2e130c9e71c36824c289a12df79b6c12ae4d
AC_PWY-4321,train,1,NA,9,9,exact,36,36,b6be1b881bc02bd27b8f87f68ec2eaccd23909ede4ef87503bf43116cb2d9a78,b6be1b881bc02bd27b8f87f68ec2eaccd23909ede4ef87503bf43116cb2d9a78
AC_PWY-4381,train,1,NA,6,6,exact,15,15,9f0d2ee299f5866994437c4372530dae70ca7efba28bb44d607900abb9ba84f6,9f0d2ee299f5866994437c4372530dae70ca7efba28bb44d607900abb9ba84f6
AC_PWY-4541,train,1,NA,8,8,exact,28,28,0ed1cf0e7c404c9473615cfb6acbf49727c6bb10555510589a204e53842022ec,0ed1cf0e7c404c9473615cfb6acbf49727c6bb10555510589a204e53842022ec
AC_PWY-4702,train,1,NA,5,5,exact,10,10,075ae4ef1485bb337202d10a443f62b3de52b5b911fe7e540fceadd204d782a8,075ae4ef1485bb337202d10a443f62b3de52b5b911fe7e540fceadd204d782a8
AC_PWY-4821,train,1,NA,12,12,exact,66,66,4d480da52a6a1badb38653f2f31f65c66c22eb0ca7e5100ebfff900899e9984e,4d480da52a6a1badb38653f2f31f65c66c22eb0ca7e5100ebfff900899e9984e
AC_PWY-4841,train,1,NA,7,7,exact,21,21,f62b9586bb096c73997c446fe9622136053cd589d0adb08042e5d057e7cb3486,f62b9586bb096c73997c446fe9622136053cd589d0adb08042e5d057e7cb3486
AC_PWY-4861,train,1,NA,5,5,exact,10,10,ee8d45be5fc0a7628aacfaac720a69dfbe8aa2ce0bc1e9f4110e44326b239748,ee8d45be5fc0a7628aacfaac720a69dfbe8aa2ce0bc1e9f4110e44326b239748
AC_PWY-4984,train,1,NA,5,5,exact,10,10,ec7738024e6123c64a3636e5e9284b6989ef0ccd594dea61fab78e5aa6908e47,ec7738024e6123c64a3636e5e9284b6989ef0ccd594dea61fab78e5aa6908e47
AC_PWY-5004,train,1,NA,46,30,hash_sampled,1035,435,28d361fd8f5a7af14f48f3fe152a80c07fa8dbe75e362c842759bffa32adc097,d1fda8f6a68c674a68d41e73347e16bbf6795306ffaf5b742235d8f2f05b3fe5
AC_PWY-5027,train,1,NA,8,8,exact,28,28,c0348fa3f8b4e1fbcc72e57ca3209784392abf0df7e555f714d1506f4c8355c9,c0348fa3f8b4e1fbcc72e57ca3209784392abf0df7e555f714d1506f4c8355c9
AC_PWY-5035,train,1,NA,14,14,exact,91,91,d7129aa89b2e1d5f7059f8b59726627e41bcf0db7677614e4e19e72b7b9e8760,d7129aa89b2e1d5f7059f8b59726627e41bcf0db7677614e4e19e72b7b9e8760
AC_PWY-5041,train,1,NA,8,8,exact,28,28,99707371e33d2b7fe49dafca602edf70528b2add7223cb4599403b42cabab174,99707371e33d2b7fe49dafca602edf70528b2add7223cb4599403b42cabab174
AC_PWY-5044,train,1,NA,23,23,exact,253,253,ffda4e6959aac921445f7ba4cd7a873916eb135a22680586bd6f41f02f08ab6a,ffda4e6959aac921445f7ba4cd7a873916eb135a22680586bd6f41f02f08ab6a
AC_PWY-5046,train,1,NA,8,8,exact,28,28,38c0667aef17e1a97b292ab0e8e404d1e0cec439d6f4fe7e90c07a4594c77e30,38c0667aef17e1a97b292ab0e8e404d1e0cec439d6f4fe7e90c07a4594c77e30
AC_PWY-5049,train,1,NA,5,5,exact,10,10,a6335d7891cd9795b9449b76a98762da0e851ccf3bf42ebdac75b3fe8c0c346c,a6335d7891cd9795b9449b76a98762da0e851ccf3bf42ebdac75b3fe8c0c346c
AC_PWY-5068,train,1,NA,6,6,exact,15,15,ea47d6cb6d08871bf340b1f13c1c59c96e005c2eddc7971ed4edd4b28eb8d543,ea47d6cb6d08871bf340b1f13c1c59c96e005c2eddc7971ed4edd4b28eb8d543
AC_PWY-5070,train,1,NA,8,8,exact,28,28,4783b2aa1f62c77a2f3d75c685c7ad6b49caa2264dffc06ff782be2443f201b5,4783b2aa1f62c77a2f3d75c685c7ad6b49caa2264dffc06ff782be2443f201b5
AC_PWY-5080,train,1,NA,44,30,hash_sampled,946,435,60493205d3e257672390a0302a909b466c140682c306be9a7956680977afb2ba,8996be9c6290327944d05884cae09f3dd606efae2c35a978b710823e6b408b6a
AC_PWY-5083,train,1,NA,26,26,exact,325,325,fa8937dd05ab817e372260c7ab7aafdb18f6a81bd3c708b6a91e0e0fdb8d04a6,fa8937dd05ab817e372260c7ab7aafdb18f6a81bd3c708b6a91e0e0fdb8d04a6
AC_PWY-5084,train,1,NA,8,8,exact,28,28,7b8601224acca59bfbd3e5401ce7754ff88acd9138df48146175bbedc56932f9,7b8601224acca59bfbd3e5401ce7754ff88acd9138df48146175bbedc56932f9
AC_PWY-5097,train,1,NA,15,15,exact,105,105,e2941473d8b31da07831ca4f556b53059296088ebe5207ef16c54994a571b1f2,e2941473d8b31da07831ca4f556b53059296088ebe5207ef16c54994a571b1f2
AC_PWY-5098,train,1,NA,9,9,exact,36,36,e996857d4bca162f54e6500b57f9382ee0285936334ea32bdb89c1c40d12e14b,e996857d4bca162f54e6500b57f9382ee0285936334ea32bdb89c1c40d12e14b
AC_PWY-5120,train,1,NA,16,16,exact,120,120,0dddf26917141e07901b667dabd2602118c40ba9e31ddeed389e314756b63415,0dddf26917141e07901b667dabd2602118c40ba9e31ddeed389e314756b63415
AC_PWY-5121,train,1,NA,29,29,exact,406,406,01ed2070a1185529f3b3028353672b25eb7c80894096690fd2d2aec0adb8f586,01ed2070a1185529f3b3028353672b25eb7c80894096690fd2d2aec0adb8f586
AC_PWY-5122,train,1,NA,15,15,exact,105,105,ed9f32c3cc41ba98d642eb0b0beec7e24829b3026c0c949e351e4675b896a941,ed9f32c3cc41ba98d642eb0b0beec7e24829b3026c0c949e351e4675b896a941
AC_PWY-5125,train,1,NA,14,14,exact,91,91,a8f6cee3f79f338516beed8619a4991d5ff6477026c155e67d7d6af0fbf74b92,a8f6cee3f79f338516beed8619a4991d5ff6477026c155e67d7d6af0fbf74b92
AC_PWY-5129,train,1,NA,17,17,exact,136,136,273d818e3bed32fe8bf35226530637710c6e978d904eef0a01cf37cb569c81f1,273d818e3bed32fe8bf35226530637710c6e978d904eef0a01cf37cb569c81f1
AC_PWY-5136,train,1,NA,15,15,exact,105,105,3e04fed7e61fe86aa63556a41571d5130a2ecd3d363a15d730feaa515af76407,3e04fed7e61fe86aa63556a41571d5130a2ecd3d363a15d730feaa515af76407
AC_PWY-5138,train,1,NA,10,10,exact,45,45,513f21ecd64d9e5902628fb81abac6a57354e8010dc2b4810faca9a112b7e318,513f21ecd64d9e5902628fb81abac6a57354e8010dc2b4810faca9a112b7e318
AC_PWY-5142,train,1,NA,7,7,exact,21,21,3742c190e37dc7bc08b7c5b207fb76002f6b3b2c5f96981a8c6207f40075650d,3742c190e37dc7bc08b7c5b207fb76002f6b3b2c5f96981a8c6207f40075650d
AC_PWY-5143,train,1,NA,12,12,exact,66,66,2f2d2ae2e67afc90ce0ef889c13843dbfa9d314347e72cb8b8641a5c1706835b,2f2d2ae2e67afc90ce0ef889c13843dbfa9d314347e72cb8b8641a5c1706835b
AC_PWY-5147,train,1,NA,27,27,exact,351,351,affce52dad8f461b391c99c74dfa345ea50a574c8e0dc1c16e9cfe678a0357f1,affce52dad8f461b391c99c74dfa345ea50a574c8e0dc1c16e9cfe678a0357f1
AC_PWY-5156,train,1,NA,47,30,hash_sampled,1081,435,b12116525627bf0febf517b8bb1f4b8fe0cab49482f8ff37562e7fbfa4e6f90a,774a25bf9ef08da4163c62dd0f3fbd9910bff931b0f491758b4e4b357402de33
AC_PWY-5173,train,1,NA,19,19,exact,171,171,60a7bc72fd51ae25810b918414577acbf41ace588155a5f6b2a1b98dccaefe4e,60a7bc72fd51ae25810b918414577acbf41ace588155a5f6b2a1b98dccaefe4e
AC_PWY-5188,train,1,NA,9,9,exact,36,36,7e37d8595aa9320dc696800b375dafda4c5f73ca1b38f2f3e90e04c3695bd977,7e37d8595aa9320dc696800b375dafda4c5f73ca1b38f2f3e90e04c3695bd977
AC_PWY-5203,train,1,NA,14,14,exact,91,91,41df94c3f39460d31ee238ed9c811dbdecbf35814289f51f28e435fcdedee1cb,41df94c3f39460d31ee238ed9c811dbdecbf35814289f51f28e435fcdedee1cb
AC_PWY-5267,train,1,NA,14,14,exact,91,91,6d3e8318e96354e8f5de01264f93bceef9664066b92a594029f025bc63b17763,6d3e8318e96354e8f5de01264f93bceef9664066b92a594029f025bc63b17763
AC_PWY-5269,train,1,NA,5,5,exact,10,10,dbdaafbd2a0d56c041dda8075e4ec9fd8dc92959230f0e33bd44ff9493666229,dbdaafbd2a0d56c041dda8075e4ec9fd8dc92959230f0e33bd44ff9493666229
AC_PWY-5272,train,1,NA,22,22,exact,231,231,d92aa2bb58ae3fe71383ccd2fc112cb5f328c902d18ba77c9feba09b08f53ea2,d92aa2bb58ae3fe71383ccd2fc112cb5f328c902d18ba77c9feba09b08f53ea2
AC_PWY-5320,train,1,NA,18,18,exact,153,153,7a9007a2e1d3dd5af825dbf8d132d9c143e34b6ee1f77e0d9e14697df2e643f6,7a9007a2e1d3dd5af825dbf8d132d9c143e34b6ee1f77e0d9e14697df2e643f6
AC_PWY-5321,train,1,NA,38,30,hash_sampled,703,435,b2ac5bb677cdd7be86b7c205c1f7a9dd79b16e435fa59a447c733cd04c90c74e,005bf2f7e209ab4c3d66afd87b4b42d74b24c6cb4ad2193f3f5bb4cd9438e884
AC_PWY-5337,train,1,NA,13,13,exact,78,78,48f62b32431ff207891660cd5a0bfa0cdd304e8100aa2fbb71978afc216ac58e,48f62b32431ff207891660cd5a0bfa0cdd304e8100aa2fbb71978afc216ac58e
AC_PWY-5350,train,1,NA,6,6,exact,15,15,a85abab36f51a433c734e0007348f33a284172d1face431c042f1bff77fb6721,a85abab36f51a433c734e0007348f33a284172d1face431c042f1bff77fb6721
AC_PWY-5381,train,1,NA,23,23,exact,253,253,89d8a3f80b9622cb848af2168f022c0a014729e42890eee8fc66fd5f1b914528,89d8a3f80b9622cb848af2168f022c0a014729e42890eee8fc66fd5f1b914528
AC_PWY-5386,train,1,NA,11,11,exact,55,55,4e5a07528b45362324b22e8de4e41ea4bd78caca999e87a15ee5cf57d79fdd19,4e5a07528b45362324b22e8de4e41ea4bd78caca999e87a15ee5cf57d79fdd19
AC_PWY-5390,train,1,NA,43,30,hash_sampled,903,435,fbf3e659497a4534b13a2ebb95dd6b2cf894094d6491c1d345bb8dca520ef55f,bc19689f38f02733430ef2cf1f4a171c21dab1f7193c1a6eb764ce8da2610d7c
AC_PWY-5410,train,1,NA,23,23,exact,253,253,3f9a7c594f3d0358c79b1b565516365ddf6956df55221897140c6078eac82480,3f9a7c594f3d0358c79b1b565516365ddf6956df55221897140c6078eac82480
AC_PWY-5453,train,1,NA,11,11,exact,55,55,2427bea8d3ca81c47717493edd68e546ff11efc9b2184f1c59f542a0d53d5e28,2427bea8d3ca81c47717493edd68e546ff11efc9b2184f1c59f542a0d53d5e28
AC_PWY-5464,train,1,NA,102,30,hash_sampled,5151,435,78f6a86dc6aaa2b3ca52bc34ac5dc5344f7f230986e26149e2cb316c94f40fc3,6035d8929516b7d1717f3ca17c7aa668d7544dedc369eb489290568f67163721
AC_PWY-5484,train,1,NA,54,30,hash_sampled,1431,435,0e2e36401451fbbf059f87fc4a6a7253c625e7d67e4b7f87799e5b06205af16f,c3c5a567eaa541b3e431d1401a406e56b837dd172f89ecbcbccb8051763f1255
AC_PWY-5486,train,1,NA,5,5,exact,10,10,3878cfa0aae57b6bc623da2b17f3c2ca61244679070147b7c764d5edd4815c87,3878cfa0aae57b6bc623da2b17f3c2ca61244679070147b7c764d5edd4815c87
AC_PWY-5667,train,1,NA,28,28,exact,378,378,29c2484f29341605a2a8de6efe058c4509739828e3420904a9c9554f8a061a10,29c2484f29341605a2a8de6efe058c4509739828e3420904a9c9554f8a061a10
AC_PWY-5670,train,1,NA,9,9,exact,36,36,a7fd3883c651e3eea42b9f1b1aa2e447a9aa37f3d638d5c5607b15e53b44229d,a7fd3883c651e3eea42b9f1b1aa2e447a9aa37f3d638d5c5607b15e53b44229d
AC_PWY-5687,train,1,NA,21,21,exact,210,210,b4c967ea3dc58d0ddb4b6c4c29b87ea6332d1b947d7394fb1195734799d6d7da,b4c967ea3dc58d0ddb4b6c4c29b87ea6332d1b947d7394fb1195734799d6d7da
AC_PWY-5690,train,1,NA,35,30,hash_sampled,595,435,1607be8b301d97f978e9dd583817e5ad8b2083c03f5b97f8b5e88db4612f0464,b37317fee20cf2f2101e857a474eb4632e4bf40725764f016ce249242900b8ed
AC_PWY-5725,train,1,NA,9,9,exact,36,36,516c36526c4bcd6988800ead8dfc4a43633aa8c446f4db24e833a75edd3d5d9e,516c36526c4bcd6988800ead8dfc4a43633aa8c446f4db24e833a75edd3d5d9e
AC_PWY-5791,train,1,NA,8,8,exact,28,28,583d04754d5d305465a7ba4c6a044bc7cdd24bc63e9b9e68f26259d25e88f7c6,583d04754d5d305465a7ba4c6a044bc7cdd24bc63e9b9e68f26259d25e88f7c6
AC_PWY-5807,train,1,NA,6,6,exact,15,15,59233811a5c906162a3098ffb1f52126ac0e11be8970588aba34121ef0b566d1,59233811a5c906162a3098ffb1f52126ac0e11be8970588aba34121ef0b566d1
AC_PWY-581,train,1,NA,34,30,hash_sampled,561,435,0313c21765e06a990c8514aeaa0e64508316f62b8b1b37dc7ea25abac5ce63b4,a367216cebee4ddc5a1c604a42535f0f307fa79bc639609f7822fa66d19ac60a
AC_PWY-5859,train,1,NA,5,5,exact,10,10,f7f448ff3ed4b3e10cf19c388755038ace23190bc9052bca15319467dd776632,f7f448ff3ed4b3e10cf19c388755038ace23190bc9052bca15319467dd776632
AC_PWY-5864,train,1,NA,11,11,exact,55,55,b594d7dc3aa0cf6fbdd31ac10df88470033dd92a8b40820e37a756538128899f,b594d7dc3aa0cf6fbdd31ac10df88470033dd92a8b40820e37a756538128899f
AC_PWY-5886,train,1,NA,6,6,exact,15,15,ecdd7401c1eb55477430bf28741f1e3c42bd941ed1ae00a1ec5d0ca98832dc49,ecdd7401c1eb55477430bf28741f1e3c42bd941ed1ae00a1ec5d0ca98832dc49
AC_PWY-5918,train,1,NA,18,18,exact,153,153,4faa1a0853c94163d9fccdf9b7126f4f767d9a2fc47182c3f6a6d545ec842df3,4faa1a0853c94163d9fccdf9b7126f4f767d9a2fc47182c3f6a6d545ec842df3
AC_PWY-5934,train,1,NA,10,10,exact,45,45,8a658e4938b270e0454b05733a34eda0ba7df31105e8693a9ff0a397f36ec963,8a658e4938b270e0454b05733a34eda0ba7df31105e8693a9ff0a397f36ec963
AC_PWY-5947,train,1,NA,5,5,exact,10,10,2630335f158658e94341e4fd32075e52806dd72f2c93229009fb806a072c97d0,2630335f158658e94341e4fd32075e52806dd72f2c93229009fb806a072c97d0
AC_PWY-5957,train,1,NA,5,5,exact,10,10,5c28aa1a7bd5e9f36eb24b4986ec725a81a89458c06bd5225052e82af1274fd1,5c28aa1a7bd5e9f36eb24b4986ec725a81a89458c06bd5225052e82af1274fd1
AC_PWY-5963,train,1,NA,6,6,exact,15,15,744f8f440b9aa14ee89ea707aad6609292151c46d29f5441c6978f8bd2638b0a,744f8f440b9aa14ee89ea707aad6609292151c46d29f5441c6978f8bd2638b0a
AC_PWY-5971,train,1,NA,33,30,hash_sampled,528,435,354a7c63fdf8239f2c3b7e86253b2d8650800ec4a0e36ae79b43981892543ab7,a6285798b72b373c0d37855e5df091d97e52101677d94ed348fe15a0dbf3efc5
AC_PWY-5973,train,1,NA,20,20,exact,190,190,9cd30b6129f1000cd8e2f24b72fb739e52b28ca049dba989af40f2bc0a1ff3b0,9cd30b6129f1000cd8e2f24b72fb739e52b28ca049dba989af40f2bc0a1ff3b0
AC_PWY-5980,train,1,NA,27,27,exact,351,351,852d73cbc9e8c539143c4709d2453063c73e8b7d1c498ac98396c4a6a14b4945,852d73cbc9e8c539143c4709d2453063c73e8b7d1c498ac98396c4a6a14b4945
AC_PWY-5992,train,1,NA,28,28,exact,378,378,f8698066da8f4fee58334edf9f185fea2646741c4b335f96f2da76d8b905c497,f8698066da8f4fee58334edf9f185fea2646741c4b335f96f2da76d8b905c497
AC_PWY-6007,train,1,NA,10,10,exact,45,45,71dc1a51dc1e0b1ed812b6f0d9b12ff56c4ff334571217e8ae700feedffdfaff,71dc1a51dc1e0b1ed812b6f0d9b12ff56c4ff334571217e8ae700feedffdfaff
AC_PWY-601,train,1,NA,36,30,hash_sampled,630,435,cd20f4b33b6a1b6e075b554c6b8b474fb9c842216f920ea2453703d4d2a612cf,7c0ac1eb153d33e9ef60d722ae89ae76b3e9d123661850a49651f689d8b5cd03
AC_PWY-6115,train,1,NA,10,10,exact,45,45,7833164ae26c7fb4df84727b70cb2174617c11ded735c173d574db16b892530a,7833164ae26c7fb4df84727b70cb2174617c11ded735c173d574db16b892530a
AC_PWY-6117,train,1,NA,9,9,exact,36,36,c213f0ca4db815772fc0e7e7cd0bfb5f9766763a984249433e1a5d97223b16a5,c213f0ca4db815772fc0e7e7cd0bfb5f9766763a984249433e1a5d97223b16a5
AC_PWY-6118,train,1,NA,5,5,exact,10,10,c48120d9810a8e82a6f3d62262de83e724f62038ec82b72022081429e3a69632,c48120d9810a8e82a6f3d62262de83e724f62038ec82b72022081429e3a69632
AC_PWY-6121,train,1,NA,7,7,exact,21,21,a998a6bff7cec16acd814674eaa1c581023f895d281581103e842f9279a93576,a998a6bff7cec16acd814674eaa1c581023f895d281581103e842f9279a93576
AC_PWY-6124,train,1,NA,6,6,exact,15,15,8347ffa41db45d0f469f979c104e787ee0098941fe14fa5e82bfe5f29212bebb,8347ffa41db45d0f469f979c104e787ee0098941fe14fa5e82bfe5f29212bebb
AC_PWY-6147,train,1,NA,6,6,exact,15,15,ae6fb02402bc01380a4417b3f071f1d5f92263fe2f30c32dedf6d5b2cec5180f,ae6fb02402bc01380a4417b3f071f1d5f92263fe2f30c32dedf6d5b2cec5180f
AC_PWY-6163,train,1,NA,6,6,exact,15,15,8190cd505ab420818523bf5daf69bf8ac19325fe7125e23371ac423eae356922,8190cd505ab420818523bf5daf69bf8ac19325fe7125e23371ac423eae356922
AC_PWY-6199,train,1,NA,13,13,exact,78,78,3b92d1a34b99751e50cd543423ee0c260f236425f46560d3b5622d723ae18b4b,3b92d1a34b99751e50cd543423ee0c260f236425f46560d3b5622d723ae18b4b
AC_PWY-621,train,1,NA,28,28,exact,378,378,0666f8831fed315d1fe435228ce85f94ad2598d644edef8598e789cf05cf0964,0666f8831fed315d1fe435228ce85f94ad2598d644edef8598e789cf05cf0964
AC_PWY-63,train,1,NA,5,5,exact,10,10,47bfb951473ff6bea9bab6709a80815273e3c7de61863f2d17c5f40938bcf999,47bfb951473ff6bea9bab6709a80815273e3c7de61863f2d17c5f40938bcf999
AC_PWY-6303,train,1,NA,9,9,exact,36,36,6041b55c52303c1ac95b9bc435c130085ba6841c476646fccbbe7ffeb97bc9d5,6041b55c52303c1ac95b9bc435c130085ba6841c476646fccbbe7ffeb97bc9d5
AC_PWY-6317,train,1,NA,7,7,exact,21,21,3e9283662da55a3458993dff68f72933d685ffbb08873bfd233a235ad42ef05d,3e9283662da55a3458993dff68f72933d685ffbb08873bfd233a235ad42ef05d
AC_PWY-6351,train,1,NA,40,30,hash_sampled,780,435,7e818e6cd9d4a0bbc454fc1d265268adf7cbbdf374d9e3864e2313817861ddcf,a3b691aa4d45a03b1ce4a44a8b0d89b6f473cf9b50f8dd9be8083e8df3858f07
AC_PWY-6358,train,1,NA,10,10,exact,45,45,d4801cadaf75345ed48e287d52410cd0d5b799dd407f798827bfc8372fae1911,d4801cadaf75345ed48e287d52410cd0d5b799dd407f798827bfc8372fae1911
AC_PWY-6364,train,1,NA,5,5,exact,10,10,83753e69a394c8c336fea9f72f5060cc5ff3cbcafe6197c9c3296f8780392a2e,83753e69a394c8c336fea9f72f5060cc5ff3cbcafe6197c9c3296f8780392a2e
AC_PWY-6367,train,1,NA,10,10,exact,45,45,ad2eb9e5ea90bfce2a4e5ad06a6347455bc344938f4f29c0e7d86be6ee704802,ad2eb9e5ea90bfce2a4e5ad06a6347455bc344938f4f29c0e7d86be6ee704802
AC_PWY-6369,train,1,NA,10,10,exact,45,45,f6828b7f3218025b2eb5122e8a780ac66eba46561c1c5aef4a653a48b2ac6e64,f6828b7f3218025b2eb5122e8a780ac66eba46561c1c5aef4a653a48b2ac6e64
AC_PWY-6441,train,1,NA,5,5,exact,10,10,c4e953150e055a6d85e7680f929615b2d364139928656348ba52a69932dc3531,c4e953150e055a6d85e7680f929615b2d364139928656348ba52a69932dc3531
AC_PWY-6475,train,1,NA,5,5,exact,10,10,5ce40fb68289f0ad8a7120fb4a159be15f0aae771c81753b3e86086f92b8c630,5ce40fb68289f0ad8a7120fb4a159be15f0aae771c81753b3e86086f92b8c630
AC_PWY-6527,train,1,NA,8,8,exact,28,28,bfd3fd9aad12af5566949911f94564c2dd1148818b025d3808aace0e8b355718,bfd3fd9aad12af5566949911f94564c2dd1148818b025d3808aace0e8b355718
AC_PWY-6549,train,1,NA,27,27,exact,351,351,e1ae9387cddf88a09db48d40c16dcd2849e15037098a99b22f20ed8bec9e2e5c,e1ae9387cddf88a09db48d40c16dcd2849e15037098a99b22f20ed8bec9e2e5c
AC_PWY-6556,train,1,NA,10,10,exact,45,45,5027b3d29225d687249fc20b84c6dc11d5924182dd2ea815e3d3205d29c936a0,5027b3d29225d687249fc20b84c6dc11d5924182dd2ea815e3d3205d29c936a0
AC_PWY-6595,train,1,NA,19,19,exact,171,171,9f2b41a1948998989f07d13715e332c2abd29b70b5d71fe442d95f09761f74fe,9f2b41a1948998989f07d13715e332c2abd29b70b5d71fe442d95f09761f74fe
AC_PWY-6596,train,1,NA,21,21,exact,210,210,88b767576c20635b7502b2929aa218996992f00e904a76557bd43ddc95b82b7f,88b767576c20635b7502b2929aa218996992f00e904a76557bd43ddc95b82b7f
AC_PWY-6599,train,1,NA,5,5,exact,10,10,d38ef113c58ce8f968d497b166deb4bc84c3ccdc40b5cfb70dfe77efe3bbfe95,d38ef113c58ce8f968d497b166deb4bc84c3ccdc40b5cfb70dfe77efe3bbfe95
AC_PWY-6605,train,1,NA,9,9,exact,36,36,c657e316fed565bee6077ae20626030b9d1ba58c8d7c7f04005f1ba3e06b62c8,c657e316fed565bee6077ae20626030b9d1ba58c8d7c7f04005f1ba3e06b62c8
AC_PWY-6606,train,1,NA,17,17,exact,136,136,2d14d0641751615ed8afcb35895bb240ed2f1e6802d9801a6fe07801aaed4409,2d14d0641751615ed8afcb35895bb240ed2f1e6802d9801a6fe07801aaed4409
AC_PWY-6612,train,1,NA,15,15,exact,105,105,9d445b123b329a921db5a41574119e513d36a652c0f80d4f5ba1a0f284738b4d,9d445b123b329a921db5a41574119e513d36a652c0f80d4f5ba1a0f284738b4d
AC_PWY-6613,train,1,NA,5,5,exact,10,10,d500db182a311708b08779dc5cfb34c185e11e7db2648597d5a262775b710682,d500db182a311708b08779dc5cfb34c185e11e7db2648597d5a262775b710682
AC_PWY-6614,train,1,NA,9,9,exact,36,36,2b38e1e0e7b89b342a853ac0eb057edd0cb9a468627ff66574f13e8327607d35,2b38e1e0e7b89b342a853ac0eb057edd0cb9a468627ff66574f13e8327607d35
AC_PWY-6622,train,1,NA,6,6,exact,15,15,e7a232e0ec1ca09d6af0b54ab55502d204803a53b77e8925793ec4055c88d21c,e7a232e0ec1ca09d6af0b54ab55502d204803a53b77e8925793ec4055c88d21c
AC_PWY-6663,train,1,NA,8,8,exact,28,28,990fe7a5ff6d2e7fdfdcea461f1c3a8501cb86808a985a0e742db5d98526f7de,990fe7a5ff6d2e7fdfdcea461f1c3a8501cb86808a985a0e742db5d98526f7de
AC_PWY-6691,train,1,NA,17,17,exact,136,136,bb97b060f0cde4b1279e8474c5faad44d88d45d73e2ccdd2925376e2814af375,bb97b060f0cde4b1279e8474c5faad44d88d45d73e2ccdd2925376e2814af375
AC_PWY-6717,train,1,NA,25,25,exact,300,300,ff2ec2f2c761ab5c5b649fb04cc1d7a63f2fba9512fe9c04decbe24a09a10bbc,ff2ec2f2c761ab5c5b649fb04cc1d7a63f2fba9512fe9c04decbe24a09a10bbc
AC_PWY-6724,train,1,NA,8,8,exact,28,28,49e99142f0de1f5ad41614a5a028e946f0190d27508595fb6311637416288dd2,49e99142f0de1f5ad41614a5a028e946f0190d27508595fb6311637416288dd2
AC_PWY-6733,train,1,NA,40,30,hash_sampled,780,435,3f57dd3c58199cc291e6fdb95d5476fef786e4884be0bb401be21e3e7df9e27e,cadeeca19a99deb4efe930304f152e2a29756a52746295ee807746825c1c03ca
AC_PWY-6745,train,1,NA,6,6,exact,15,15,a0436c5b0038c2572a7e9d371649efce329dffd961a272fd5c7b39a2ca1cd2e2,a0436c5b0038c2572a7e9d371649efce329dffd961a272fd5c7b39a2ca1cd2e2
AC_PWY-6786,train,1,NA,16,16,exact,120,120,432aab1311b4d045acb979975d651f595793cd62db895cb814026520e97c2a25,432aab1311b4d045acb979975d651f595793cd62db895cb814026520e97c2a25
AC_PWY-6787,train,1,NA,35,30,hash_sampled,595,435,3a0c8c409b76e03d2e0cae80b5c7d6b5df1b063edae988dca20273d055c7b340,2859e9a714dcb54feb7494676ecbb2129b234c69d724ca676ff963a10df16bc7
AC_PWY-6792,train,1,NA,11,11,exact,55,55,8b7328fdd6de8d3d48e604922e3449a833c67f13a990e26fdf5fed8087e92481,8b7328fdd6de8d3d48e604922e3449a833c67f13a990e26fdf5fed8087e92481
AC_PWY-6803,train,1,NA,56,30,hash_sampled,1540,435,289c7c7619140fa2cd58e7eee0b64978f8c5ebe87e3375edf990459546aedb54,568f725d3cf1a2a67aaa65e5a054734e733d4634a8874f92dd0362f5db9ae6fa
AC_PWY-6842,train,1,NA,83,30,hash_sampled,3403,435,56c8f7863377579e48b73a1b5ac85c70714256dda1a98d2db3ff6edcc5a4aadc,57abaa573d10a798cd7e705f2a8e823cc8f2b0becea4064ae1cf669f646525d8
AC_PWY-6922,train,1,NA,8,8,exact,28,28,c5597dfa88dfa3b59e0dfdfce8f357a807b75dba12ff4b1c58331e1a22b3ad3a,c5597dfa88dfa3b59e0dfdfce8f357a807b75dba12ff4b1c58331e1a22b3ad3a
AC_PWY-6927,train,1,NA,13,13,exact,78,78,80275598d503801b8d83c200eb380cd9b7fe10c8e552736fd4f955c4be4bf2ba,80275598d503801b8d83c200eb380cd9b7fe10c8e552736fd4f955c4be4bf2ba
AC_PWY-695,train,1,NA,10,10,exact,45,45,2a5367805c14d6009b9ab2ed3c6eef01ed3e39fe812ec4a8975108b1372e545b,2a5367805c14d6009b9ab2ed3c6eef01ed3e39fe812ec4a8975108b1372e545b
AC_PWY-6952,train,1,NA,15,15,exact,105,105,1c234bf3826331048eed6cdf298f324fd64dce2e878656c953ee9d516cf37794,1c234bf3826331048eed6cdf298f324fd64dce2e878656c953ee9d516cf37794
AC_PWY-702,train,1,NA,11,11,exact,55,55,3cfb8a4407ea3964472f9de012685e1f1b5c39faf49ce64e13584ee8c67dd7e4,3cfb8a4407ea3964472f9de012685e1f1b5c39faf49ce64e13584ee8c67dd7e4
AC_PWY-7036,train,1,NA,24,24,exact,276,276,b0335e3ecfee877304d70d9450881d5e3a1194bed698fcad8174aaca00cefee1,b0335e3ecfee877304d70d9450881d5e3a1194bed698fcad8174aaca00cefee1
AC_PWY-7039,train,1,NA,27,27,exact,351,351,635b54c9dda3f9528eea1a6676ae41fdf1c79c377ec30f993e01023db771f5a2,635b54c9dda3f9528eea1a6676ae41fdf1c79c377ec30f993e01023db771f5a2
AC_PWY-7101,train,1,NA,5,5,exact,10,10,38fb99f4f3c0bfab54e304c5a9994dc27417b7f9ed25fb3d665631cb4ec2f661,38fb99f4f3c0bfab54e304c5a9994dc27417b7f9ed25fb3d665631cb4ec2f661
AC_PWY-7120,train,1,NA,5,5,exact,10,10,4ff2a77e67ac74051c4d7c3bcac6e3096383d222cc9aded5925fe156efc48f43,4ff2a77e67ac74051c4d7c3bcac6e3096383d222cc9aded5925fe156efc48f43
AC_PWY-7140,train,1,NA,13,13,exact,78,78,248108b3e070c752a8a4941a248565f1f3ab98c9129f18dda99d850dae8a24e7,248108b3e070c752a8a4941a248565f1f3ab98c9129f18dda99d850dae8a24e7
AC_PWY-7176,train,1,NA,12,12,exact,66,66,e09c2f6c04db25e5f2231bed846e276b6e1509c52e46fbf123b9a1269ecd5031,e09c2f6c04db25e5f2231bed846e276b6e1509c52e46fbf123b9a1269ecd5031
AC_PWY-7184,train,1,NA,6,6,exact,15,15,84424af9fbd33396c9201150519e77b015b63727ad5a65e48ef5bc824cc2ef4c,84424af9fbd33396c9201150519e77b015b63727ad5a65e48ef5bc824cc2ef4c
AC_PWY-7193,train,1,NA,15,15,exact,105,105,6afbcab159c704bad589be1fd51fac9198dc6c665893fa88e2f3bc0e0aa841ed,6afbcab159c704bad589be1fd51fac9198dc6c665893fa88e2f3bc0e0aa841ed
AC_PWY-7196,train,1,NA,29,29,exact,406,406,d4e4d1963f5da286a5ac35bb0927019e8761ee51bbcba27e39336ac4ead283da,d4e4d1963f5da286a5ac35bb0927019e8761ee51bbcba27e39336ac4ead283da
AC_PWY-7199,train,1,NA,28,28,exact,378,378,eb6bdff3d1d9d024c8da709aefe822169bb6a777bd7b79392b7b49b508963570,eb6bdff3d1d9d024c8da709aefe822169bb6a777bd7b79392b7b49b508963570
AC_PWY-7205,train,1,NA,5,5,exact,10,10,bb3e7f3714b282e463aabd95d180768d21f7713846ca933adc36b65e427672b2,bb3e7f3714b282e463aabd95d180768d21f7713846ca933adc36b65e427672b2
AC_PWY-7208,train,1,NA,16,16,exact,120,120,a72f57972495969e2b802276ea0e68da8ed68f46fa74583ebce3d38ba757e519,a72f57972495969e2b802276ea0e68da8ed68f46fa74583ebce3d38ba757e519
AC_PWY-7211,train,1,NA,22,22,exact,231,231,fbb130d19fafed2846e876d3d4b059535621768add2717adbb1787ac7c8aafac,fbb130d19fafed2846e876d3d4b059535621768add2717adbb1787ac7c8aafac
AC_PWY-7219,train,1,NA,15,15,exact,105,105,bba051c053b0d8ec72ebdfb061a7aac8660cf850b4740bc10e7fdcf0768b5270,bba051c053b0d8ec72ebdfb061a7aac8660cf850b4740bc10e7fdcf0768b5270
AC_PWY-724,train,1,NA,29,29,exact,406,406,c12bbb68cced0f9660f981b4a618bd117a419926b436b9185b3451be83a3bc1c,c12bbb68cced0f9660f981b4a618bd117a419926b436b9185b3451be83a3bc1c
AC_PWY-7298,train,1,NA,5,5,exact,10,10,aef3a35f4f1ac5f364ecfa05d5afd74372cbad2deb4267f3b621342e5128df1d,aef3a35f4f1ac5f364ecfa05d5afd74372cbad2deb4267f3b621342e5128df1d
AC_PWY-7345,train,1,NA,96,30,hash_sampled,4560,435,a011fa360b9148d64a0899af8f055e13c42f9930ff6c83f0648e5df8953587aa,02073a92e7964890b05a6c9b42471aa47fd62491c6819d025c0464dbb2d60349
AC_PWY-7346,train,1,NA,5,5,exact,10,10,cc84da9ddf74e8e72f0d5b64296f91ce90d193159c04250af4e92573e91ffd31,cc84da9ddf74e8e72f0d5b64296f91ce90d193159c04250af4e92573e91ffd31
AC_PWY-7356,train,1,NA,11,11,exact,55,55,fd6256e87aa3718d16c33b00711d8c8876757e5d87c97dba493e4a6fff1f6942,fd6256e87aa3718d16c33b00711d8c8876757e5d87c97dba493e4a6fff1f6942
AC_PWY-7388,train,1,NA,13,13,exact,78,78,609e8fdc2b8a0e40850d016fc547f4b2a23c58a873d83c9ea1a0cbd2fde87919,609e8fdc2b8a0e40850d016fc547f4b2a23c58a873d83c9ea1a0cbd2fde87919
AC_PWY-7398,train,1,NA,25,25,exact,300,300,b776b65009a13c21e13eeeb0aec98201f6c81a4090e1501838be4a777589a9f8,b776b65009a13c21e13eeeb0aec98201f6c81a4090e1501838be4a777589a9f8
AC_PWY-7417,train,1,NA,10,10,exact,45,45,f0bf6ce4f925f387758f0c4936e5c07a319d005ffff49000db42da3233da6121,f0bf6ce4f925f387758f0c4936e5c07a319d005ffff49000db42da3233da6121
AC_PWY-7450,train,1,NA,22,22,exact,231,231,81bb48af4f6693f3ab003fdb1d352bc8b69f16f9371baa77bf64d7a2bd467f19,81bb48af4f6693f3ab003fdb1d352bc8b69f16f9371baa77bf64d7a2bd467f19
AC_PWY-7546,train,1,NA,5,5,exact,10,10,ec957c1f2ab438f21830c34b13e055f6f357882e555ac3242ed571d0b33a8e38,ec957c1f2ab438f21830c34b13e055f6f357882e555ac3242ed571d0b33a8e38
AC_PWY-7560,train,1,NA,12,12,exact,66,66,f0fc9c20a47ed9295328b5d3911bf8cd2785473841f11fbae60375cad1f525aa,f0fc9c20a47ed9295328b5d3911bf8cd2785473841f11fbae60375cad1f525aa
AC_PWY-7851,train,1,NA,5,5,exact,10,10,10cd45dea05d10bce7efc529243eae1c655cacd5ee4977b063dfcafad317944f,10cd45dea05d10bce7efc529243eae1c655cacd5ee4977b063dfcafad317944f
AC_PWY-7859,train,1,NA,12,12,exact,66,66,bec321f9490ac2c5bb5ab19aba071511dea89b269e24b99dee0d49c6f615e78b,bec321f9490ac2c5bb5ab19aba071511dea89b269e24b99dee0d49c6f615e78b
AC_PWY-7909,train,1,NA,6,6,exact,15,15,bb2723e22de0f112aa9a193d7777a5aa57dc6f243615426678c4b2b6145d62e8,bb2723e22de0f112aa9a193d7777a5aa57dc6f243615426678c4b2b6145d62e8
AC_PWY-7980,train,1,NA,13,13,exact,78,78,73c37505d55337cc53ccde50c0b3b7ad7a57037c7d294cc77f981b7345255763,73c37505d55337cc53ccde50c0b3b7ad7a57037c7d294cc77f981b7345255763
AC_PWY-7995,train,1,NA,6,6,exact,15,15,32a5f7e1aae624e9f290feffa1c24a2398c7edba2c7e738dab075859b443d6e7,32a5f7e1aae624e9f290feffa1c24a2398c7edba2c7e738dab075859b443d6e7
AC_PWY-801,train,1,NA,8,8,exact,28,28,f271794240b3ffedc514c0837befac247969129fe83a22cdb80817779198e1f6,f271794240b3ffedc514c0837befac247969129fe83a22cdb80817779198e1f6
AC_PWY-8011,train,1,NA,7,7,exact,21,21,edd8495aa2e0797bbf22a7929ec50a7801700b40e1cbf654594894fe66c7dd56,edd8495aa2e0797bbf22a7929ec50a7801700b40e1cbf654594894fe66c7dd56
AC_PWY-8024,train,1,NA,11,11,exact,55,55,089a10fe0e5ff12c3d7c7e2a2b983e0dc26cbabe02c9f2de4c5453d6dedb69ac,089a10fe0e5ff12c3d7c7e2a2b983e0dc26cbabe02c9f2de4c5453d6dedb69ac
AC_PWY-8142,train,1,NA,7,7,exact,21,21,117ef59875c631f432a5130b9277899aa5a936f4dd7632370d97dc1957ee9f47,117ef59875c631f432a5130b9277899aa5a936f4dd7632370d97dc1957ee9f47
AC_PWY-8157,train,1,NA,26,26,exact,325,325,76ee289aede1d788b4371f8cc873c7ac98f7773c4c7b89ae08247296f15e7c58,76ee289aede1d788b4371f8cc873c7ac98f7773c4c7b89ae08247296f15e7c58
AC_PWY-8270,train,1,NA,14,14,exact,91,91,4a3e6d30a7bef247078424f3cd8ad845da89b5a1610190d96e3a1eed23cc19c4,4a3e6d30a7bef247078424f3cd8ad845da89b5a1610190d96e3a1eed23cc19c4
AC_PWY-8279,train,1,NA,32,30,hash_sampled,496,435,0c1a5fc00d9d6fe245e349e822122e7c594f316fede77f1b2f471970d69f9e0f,35d1a4e0c76d8de9481d93af9d0d2549e9e20fde54fd4ab4444e1ad21477d3c0
AC_PWY-8321,train,1,NA,22,22,exact,231,231,c4069e61cb2c05566ea6a5424398bd747888986c67e88e80d4f7a0b1ba886bf4,c4069e61cb2c05566ea6a5424398bd747888986c67e88e80d4f7a0b1ba886bf4
AC_PWY-8395,train,1,NA,7,7,exact,21,21,6fed881230c4dd8d216c2d40d64acd945f2d8c98c08adeec090abf1e617ff903,6fed881230c4dd8d216c2d40d64acd945f2d8c98c08adeec090abf1e617ff903
AC_PWY-8398,train,1,NA,6,6,exact,15,15,af366f5a7894beacbc2312aa5257ae42ffa57cf153ca25abfc317c7873b10aca,af366f5a7894beacbc2312aa5257ae42ffa57cf153ca25abfc317c7873b10aca
AC_PWY-841,train,1,NA,33,30,hash_sampled,528,435,74490bcfd94e09a807c9d3aa2b8ab5b8359e26a2e93e7cc1e003c223e2d8128a,08c0d8c7318350e5c233066813d64219f339a743561defa9d580983d415318a0
AC_PWY-8458,train,1,NA,5,5,exact,10,10,5354e36f51efeaa0e2662afa5e0f99b40a52e053ed589f1e4a4f19a354e9f3b0,5354e36f51efeaa0e2662afa5e0f99b40a52e053ed589f1e4a4f19a354e9f3b0
AC_PWY-8475,train,1,NA,5,5,exact,10,10,d706d6d45e0d5bb9757d2935efe6fda14c9ae40952103a8f48e32a1248002d5e,d706d6d45e0d5bb9757d2935efe6fda14c9ae40952103a8f48e32a1248002d5e
AC_PWY-882,train,1,NA,6,6,exact,15,15,8de600df24d33bb9c905f59ab4dc9d18f2efc5b1d526e1e95560015a5d65ef9f,8de600df24d33bb9c905f59ab4dc9d18f2efc5b1d526e1e95560015a5d65ef9f
AC_PWY-922,train,1,NA,10,10,exact,45,45,3ca80ea54690e215299fc2c6212d509c27bee36a61823fa7e51d876de4255001,3ca80ea54690e215299fc2c6212d509c27bee36a61823fa7e51d876de4255001
AC_PWY0-1182,train,1,NA,9,9,exact,36,36,1686fd1ef701062d66f6ec5d35646d812d77ee77bfa58e6691d8989cad6c86e7,1686fd1ef701062d66f6ec5d35646d812d77ee77bfa58e6691d8989cad6c86e7
AC_PWY0-1319,train,1,NA,9,9,exact,36,36,15ac1b09f1c78e3884bd6c7f8d76e5628677fca2e5f152714d3d06429b72dc28,15ac1b09f1c78e3884bd6c7f8d76e5628677fca2e5f152714d3d06429b72dc28
AC_PWY0-162,train,1,NA,16,16,exact,120,120,671aeb01191d97fa7ccfe278eca0a9552c442c932689fdf9ac9308a700111fb3,671aeb01191d97fa7ccfe278eca0a9552c442c932689fdf9ac9308a700111fb3
AC_PWY0-461,train,1,NA,10,10,exact,45,45,4257ca81ea93020a32402d0567d31744cf75898be13eb2dff43fb20cfc978d82,4257ca81ea93020a32402d0567d31744cf75898be13eb2dff43fb20cfc978d82
AC_PWY0-501,train,1,NA,5,5,exact,10,10,85fea6dd1cdb376caff23a34deb86aa3a70262940220b67fb3669762c2c070ec,85fea6dd1cdb376caff23a34deb86aa3a70262940220b67fb3669762c2c070ec
AC_PWY0A-6303,train,1,NA,13,13,exact,78,78,78687016d19b0ebd8845294252e3b302b4239f1464d110514229eca83f1985e2,78687016d19b0ebd8845294252e3b302b4239f1464d110514229eca83f1985e2
AC_PWY18C3-22,train,1,NA,9,9,exact,36,36,24984f5e35c7cff962964fa6729db012a2570671f14bc81aaf6faa3e341fb0de,24984f5e35c7cff962964fa6729db012a2570671f14bc81aaf6faa3e341fb0de
AC_PWY18C3-24,train,1,NA,16,16,exact,120,120,10341878ac18fe1be6c432b6dda38207fe358e29923a4b0be629555f72017c12,10341878ac18fe1be6c432b6dda38207fe358e29923a4b0be629555f72017c12
AC_PWY1F-823,train,1,NA,14,14,exact,91,91,6c9d253c5c09cdf5274aad3c5ba0773ab7df862a83e972ec079c0206304f419e,6c9d253c5c09cdf5274aad3c5ba0773ab7df862a83e972ec079c0206304f419e
AC_PWY1ZNC-1,train,1,NA,7,7,exact,21,21,c1aab95690863264182972413b9b792729891314683ec24a5d2a83a1b9583132,c1aab95690863264182972413b9b792729891314683ec24a5d2a83a1b9583132
AC_PWY3O-450,train,1,NA,7,7,exact,21,21,ae6718511b1a815e4b87bc8e1a2c7aa352e78e7942310e4735ab8775e03056a9,ae6718511b1a815e4b87bc8e1a2c7aa352e78e7942310e4735ab8775e03056a9
AC_PWY4FS-2,train,1,NA,11,11,exact,55,55,16cb5f5d83f2b15e287e4b086bbe19dd89245430d7d9fbea4e72029d25540d60,16cb5f5d83f2b15e287e4b086bbe19dd89245430d7d9fbea4e72029d25540d60
AC_PWY4FS-3,train,1,NA,8,8,exact,28,28,72f4e846656891672df655d09d21e6ae2c322a5699451e035642442e07f20269,72f4e846656891672df655d09d21e6ae2c322a5699451e035642442e07f20269
AC_PWY4FS-7,train,1,NA,13,13,exact,78,78,edfe32ef5f70bd4e041601f8d5230f0fd080e89a5018b95b8b767a473c60fe4f,edfe32ef5f70bd4e041601f8d5230f0fd080e89a5018b95b8b767a473c60fe4f
AC_PWY4FS-8,train,1,NA,32,30,hash_sampled,496,435,49fce0cc47daa8a1aa681221b5ffd5e11f06de039fae7d1bd4454bb459b35bc9,d0e6dc83577e0e046207c454f130b33ee44f3ae3d2ee98b67f40368ac3ef2a67
AC_PWY66-385,train,1,NA,12,12,exact,66,66,1d20ff87f205c00e138b4435a3cef2d56c400e04fba97dd67bc1e2515454ece3,1d20ff87f205c00e138b4435a3cef2d56c400e04fba97dd67bc1e2515454ece3
AC_PWY66-423,train,1,NA,5,5,exact,10,10,c9141c4dd7773f5e023955b1a847fef582f81fb4e35418aebefdfe7ad1b47408,c9141c4dd7773f5e023955b1a847fef582f81fb4e35418aebefdfe7ad1b47408
AC_PWY66-430,train,1,NA,19,19,exact,171,171,7c2e80b882fae447d7e349dd968d96714879b2c3156b02f5d54cd6488a48f1e8,7c2e80b882fae447d7e349dd968d96714879b2c3156b02f5d54cd6488a48f1e8
AC_PWYQT-4429,train,1,NA,21,21,exact,210,210,2368e630c072336b3816f4d284ad2e8c21e46bc9ec0a1277683af7bd08bb934f,2368e630c072336b3816f4d284ad2e8c21e46bc9ec0a1277683af7bd08bb934f
AC_PWYQT-4445,train,1,NA,12,12,exact,66,66,53ecf98709b523ac4302ebc7645bfd46ecf555878487c6669b298c08d4d5b6d8,53ecf98709b523ac4302ebc7645bfd46ecf555878487c6669b298c08d4d5b6d8
AC_PWYQT-4449,train,1,NA,17,17,exact,136,136,264bc25133f61b0968d5799b543f0533dfb39ccadc710a5859ec7d638c52e91d,264bc25133f61b0968d5799b543f0533dfb39ccadc710a5859ec7d638c52e91d
AC_PWYQT-4450,train,1,NA,5,5,exact,10,10,101532cf9c626086ba2f2b387d8d2e16e3a6a2488b4f48fb93f521244772c28c,101532cf9c626086ba2f2b387d8d2e16e3a6a2488b4f48fb93f521244772c28c
AC_PWYQT-4466,train,1,NA,58,30,hash_sampled,1653,435,209a49a7fac9471ecb8f32ba64518451e87e572809b809d2ea8ef679ba980935,78041ebc9041972e26f09d4bf03dd2c6bd16e153e4071f1ce1647a4fa8585ca1
AC_PWYQT-4471,train,1,NA,47,30,hash_sampled,1081,435,b173f29d247c533558349b1d3b46f710038aa3be331552efaaafd14158fdc5eb,0a5e7324d0c4032400aa600a32bbf7898ff775e882335de796e9b21fcb4150bb
AC_PWYQT-4475,train,1,NA,33,30,hash_sampled,528,435,f4565006b4a6973c8b011a1ef7bb2ff8a99dfa5d69fde7506a9bae1bb3321b59,2f0275f26cbeb75f497b5501dce316fbac792d49f3b933bc44a8105780a7aaf1
AC_PWYQT-4477,train,1,NA,18,18,exact,153,153,a157aa41073133dcc5fc39629fd077c165b75b91657060f07e1f0a91bf14ae9c,a157aa41073133dcc5fc39629fd077c165b75b91657060f07e1f0a91bf14ae9c
AC_PWYQT-4481,train,1,NA,36,30,hash_sampled,630,435,0c41aa0051ea35258dec3fe654a46452aed62ad26cc901dbaf2f51082d95085f,fca170bc17b2b6e045d4a9343bfadcc0a745a516e0152b9c9e3b72695673f059
AC_PWYQT-4482,train,1,NA,11,11,exact,55,55,ff27bff9694512b20c4de5d8871d66d56cb39a7d5ea23801d0e4e94343f531d5,ff27bff9694512b20c4de5d8871d66d56cb39a7d5ea23801d0e4e94343f531d5
AC_PWYQT-62,train,1,NA,21,21,exact,210,210,ee45bfdaaba1933849452e2c29e6cebe05d9eb9ed3e6dd8eab56c34d1677f2dd,ee45bfdaaba1933849452e2c29e6cebe05d9eb9ed3e6dd8eab56c34d1677f2dd
AC_PYRIDNUCSYN-PWY,train,1,NA,5,5,exact,10,10,c46cff4bc3621cab59dbb2ad918f6d64eb08ba54e17c22e9a8b976751c4645ce,c46cff4bc3621cab59dbb2ad918f6d64eb08ba54e17c22e9a8b976751c4645ce
AC_PYRUVDEHYD-PWY,train,1,NA,16,16,exact,120,120,083284c4fdb4363ed370981a4b985bdfcfdd44d8e44ab02162ac85acdc6eeb66,083284c4fdb4363ed370981a4b985bdfcfdd44d8e44ab02162ac85acdc6eeb66
AC_RIBOSYN2-PWY,train,1,NA,13,13,exact,78,78,a5d2130f18b085df0a9bbf5570f9bee73fde7f62d1fc46f7421e7d58f10e88c5,a5d2130f18b085df0a9bbf5570f9bee73fde7f62d1fc46f7421e7d58f10e88c5
AC_SER-GLYSYN-PWY,train,1,NA,13,13,exact,78,78,db082b15f6fd478c713da3ad4a50517669cf863ba667c139e172418c11c8a155,db082b15f6fd478c713da3ad4a50517669cf863ba667c139e172418c11c8a155
AC_THISYNARA-PWY,train,1,NA,9,9,exact,36,36,ad8d3be5b5b2cb2d3163244f5795f35083be166032c981c92872a70a72e84bfc,ad8d3be5b5b2cb2d3163244f5795f35083be166032c981c92872a70a72e84bfc
AC_TRESYN-PWY,train,1,NA,21,21,exact,210,210,3401b206e5dcd7ceec8af2ac499d9271670cc3ee448c7a47ec779a468a5067bd,3401b206e5dcd7ceec8af2ac499d9271670cc3ee448c7a47ec779a468a5067bd
AC_TRIGLSYN-PWY,train,1,NA,57,30,hash_sampled,1596,435,7943dcb657b6a3f7e0cfba70a362da604707472176919e20551072a449fd2806,f5803bd25e791a12db7133d2bfc27c1de9509af4dd62fc3affb18dedfe5d350b
AC_TRPSYN-PWY,train,1,NA,21,21,exact,210,210,3b4247a480ff96b87956b1473c59665fe32fbb16101de696724610db9f090f0f,3b4247a480ff96b87956b1473c59665fe32fbb16101de696724610db9f090f0f
AC_UDPNACETYLGALSYN-PWY,train,1,NA,16,16,exact,120,120,60adc6659812a16724a3ab45164702df2ed1790dba6f305e1e27c310d326dea9,60adc6659812a16724a3ab45164702df2ed1790dba6f305e1e27c310d326dea9
ath00010,train,1,NA,119,30,hash_sampled,7021,435,07bea3844fc66600b0e3d571d8de575271c72d39b8480cceb4b0bd8bec9dbd0d,dacbc18891be946997ebd515af87d179254228e3ba1e6a9041418a7b2211dbb8
ath00020,train,1,NA,64,30,hash_sampled,2016,435,691045dc2f31388c5919359aecab6d3b8585dc4a674749048c2635f17bb0ab7d,07e3abad6b2dd43ddc5508817ce7725244f7a8d77f8d4d6fcd32d7fb49d75e65
ath00030,train,1,NA,58,30,hash_sampled,1653,435,bc2a950c2e4f41f67007f51cf4288004e542c6ab4872775315094e7ce50a98e0,1798aaa4f4d36c95b2233dbb1c9ea54297c0ab16b85f3623ec64b0e81894541b
ath00040,train,1,NA,108,30,hash_sampled,5778,435,fdcbb70df77bce02645f9d096c02f7694e2f651f9463b09cac06fc6c06ca1691,8dd2633391315aa6da9fc81289d77f4c56d2643996224b1fbc93d11310beafe0
ath00052,train,1,NA,65,30,hash_sampled,2080,435,8935c75bdf2f587765ca044c4e108eb6a497e4807714bbee22117224799d8e89,7e405344ac3d5dc41ea02bbb609842a3d51c2cc25ce09690104c1dcd3491da52
ath00053,train,1,NA,62,30,hash_sampled,1891,435,35b6ea3b282e21a641ff46bbfec8b1ea61bcdde924e7d7945ecae04c164da801,35a15287e15d580df657892108cd77a15e8a7ec7c8458307ac0caef7685b9c8b
ath00062,train,1,NA,35,30,hash_sampled,595,435,f683047961a80fe7d58b75d8ec8e03df884a83be6c24fcbe2ec5349063b63994,143027df71cc07c48a4ef611ec4e9f0a14fd65165b4144d851a758a71b5a61c8
ath00071,train,1,NA,47,30,hash_sampled,1081,435,db0cff7299a6f233cbf07f4c65b7333f6b9c828613928829e9a5912c9129de3b,50bc8a7fd04518c5feb76a622443f28feed75ef8fd647121cc937303ea1103bc
ath00073,train,1,NA,65,30,hash_sampled,2080,435,c5b312b00388fdfc8ab06749c8940248fb4b3cb49e9bfd651c7c254f66484c46,3edd6d1f75a5ead9ba0d5224d1b69925bb07c946782cc4a0324e99673ede048b
ath00100,train,1,NA,36,30,hash_sampled,630,435,f6ab40645ce5a6ce62c91767476a0969b223b6a608dccf0069de7f07197052e6,ac24243fe0919fee54ecf1fc603febe3b961a36f52cb943879fb7523bde416ee
ath00130,train,1,NA,40,30,hash_sampled,780,435,4c5691b16f57344ab842161a66d1b47d4cf2746468a4c185114f29ede7a5d959,1d70ac299bfa9d0994d3797913f774ac34b72ea5428bea520dc31720123d45c2
ath00190,train,1,NA,133,30,hash_sampled,8778,435,90b8f55d72452a0558fab35b00c0c56dee80a76d0234a4ced0bdbd09399cd7ac,050aab4960cdb59c6985a94482696dbc8f22d4fbd6b2bf2251d477b375c73b2a
ath00196,train,1,NA,22,22,exact,231,231,791b05e995157eef4adf8ce93b4795edbb4f648c031e9f40439c3d354f9abd50,791b05e995157eef4adf8ce93b4795edbb4f648c031e9f40439c3d354f9abd50
ath00220,train,1,NA,38,30,hash_sampled,703,435,5f76ef0fe70c7c0970aa8c4ea3b70a09691f7b8d1ae74fdcac9801535f674a8d,a24cb11272cc98b0120e93d8fc0f16270da8fb3bf666e4eaad00e89b42c33a61
ath00230,train,1,NA,96,30,hash_sampled,4560,435,8ffaba0edbb0686e56673205a7847c021efadadd9eab7fedece6ad127f763d6c,997064cc84c858917819743f673bd85e845f37f7bf47d6f866042b28774009a9
ath00240,train,1,NA,65,30,hash_sampled,2080,435,164e400b068489788c744e4935c114e1c9bd1a766393cfac439c555eb3ced49c,df18e1d279b3d8538d10637d8a228b20af4fd85f6ad9d45d423cacc7a30ac56a
ath00260,train,1,NA,70,30,hash_sampled,2415,435,2c7c17e13b3ecc65f8e60a1290890fecb1458e323d07b8c0bc52a97b66e7d920,f979d98143f468d36094801837fcf09033373b274fcf3172ab81b16aa5c866ef
ath00261,train,1,NA,14,14,exact,91,91,5e4390475ecd951ad132b09c95b29df03eacd8725530503d7487678ff9bc730d,5e4390475ecd951ad132b09c95b29df03eacd8725530503d7487678ff9bc730d
ath00270,train,1,NA,125,30,hash_sampled,7750,435,efe2fab2b624ed39eb65358fc243e8d615298f4f3002a8c6ba62a8e72ab6edcd,f0872cf99acccb48144e60e580a226143b382c835aa673dfd06daa5766b949dd
ath00280,train,1,NA,52,30,hash_sampled,1326,435,ce3b5d1157624ff3098b32b36873b2bbc311c807dfea13d849177a0be26d0091,6ebc3e8b4a6b3fac5b36309d5e0a482ac3a0ffdcfa6b1407206f2e1ccd56f331
ath00290,train,1,NA,21,21,exact,210,210,327f635acd602413f4a9fa79592f614763d48cb43c63316c41f8dee22ab4a0be,327f635acd602413f4a9fa79592f614763d48cb43c63316c41f8dee22ab4a0be
ath00300,train,1,NA,15,15,exact,105,105,a59b20929516ab8c3c23325e09686407d622b4dc357ba69146338852133fd370,a59b20929516ab8c3c23325e09686407d622b4dc357ba69146338852133fd370
ath00310,train,1,NA,32,30,hash_sampled,496,435,f85449536e661e1960a29677ff0106bfbcfab9cd9baddb84835c788617784167,a1cab1a3632fa01a8c92a109e306a0f356221845cfe5c1be24a156f401b13575
ath00330,train,1,NA,54,30,hash_sampled,1431,435,eecb5a35f8ee9c321b7ea070169ba1618d2a0a6b8764ed046cd332e9489df26f,c04fecf53d0873614ea9ae2af2f4a5ac440cd09b1a76d199596356af1ed1e170
ath00340,train,1,NA,20,20,exact,190,190,a034416370db7a0c29525eb77dd6a1faaca7d63ef90a0094b36a59cdadbddb8b,a034416370db7a0c29525eb77dd6a1faaca7d63ef90a0094b36a59cdadbddb8b
ath00350,train,1,NA,41,30,hash_sampled,820,435,53986c960a0df2ec6861f6d07aada3456b1d545b0170e755320a965acf86e162,bbeed1877481e16a06961f316e0d6933c7dc1ae007f75192d61243041205cf0b
ath00360,train,1,NA,33,30,hash_sampled,528,435,5bdd44e0be2ecd301915438ff0b97a85104be7a53308fad682ed576109629f39,4e275c3e080338413fd1bb18efe1874f39f08b7fb9cddb1bb5527c58b0b7eb65
ath00400,train,1,NA,56,30,hash_sampled,1540,435,214a77ec70713a6ea71adb16d89ca8ce26673ecb5cbd92d4a4b7576107daf60f,994ba21a852a875dce34092e5b153c2bac433fc0348d9bbd4c8d94666ad5e5d3
ath00410,train,1,NA,47,30,hash_sampled,1081,435,75ec1c4275af1b6ae34f2a02c42df97ad23408af6cc643b1e5a8e26cbfb30f92,2b55362eede1891b39deff119cf68f5f144aa24ac8cf986740ffd87fece81f58
ath00430,train,1,NA,11,11,exact,55,55,b06ce1d3964c9400365751e13bd570a4525ddbe490084403d93bee5338e2e6bd,b06ce1d3964c9400365751e13bd570a4525ddbe490084403d93bee5338e2e6bd
ath00450,train,1,NA,16,16,exact,120,120,7c6bae8f996a4afd24c5a6b2bf962205a7f6e594040a1f3fbd19d36814a0fd8f,7c6bae8f996a4afd24c5a6b2bf962205a7f6e594040a1f3fbd19d36814a0fd8f
ath00460,train,1,NA,71,30,hash_sampled,2485,435,d7acfeda1b1a719cf4587af36556f12c4b80903b52dfc2b2f69ff175f683adde,a659fb924964dce7009d640b6f8cce73f5d209cbadf86efbde47b2c367a0f9df
ath00470,train,1,NA,6,6,exact,15,15,cb21600e6f0f9f9ab5b29fd6599a1dbca1112f1807d982aadd2e0371acd1ecc6,cb21600e6f0f9f9ab5b29fd6599a1dbca1112f1807d982aadd2e0371acd1ecc6
ath00480,train,1,NA,102,30,hash_sampled,5151,435,c22f345b65f9296b20cc84c77b2e03a2d2a392e8e9a826312d0891ea0bb93dff,c2ea5528dafe078097ecec7fc2649f4e2de481b77f1592bbb0e44f9df5310d12
ath00500,train,1,NA,181,30,hash_sampled,16290,435,0a66ae1137b054b13addb171aa5da72c949e32b17774d2b0b877ed573d06be6d,51725aaa2b9c462580d31cffa6134ce8986afe2da676151af8c37ba5200179ac
ath00510,train,1,NA,52,30,hash_sampled,1326,435,ac88334f18edef45c8a2214ed339ad18c7662491604708af1406140806df27f4,fc95cf7a34966234c68768e9e49de17c01ef9dd9c6d78f3c6ae01ed1afa3bf71
ath00511,train,1,NA,18,18,exact,153,153,beede2a72c29fad4c0df9be59fe41a3ad3d0d86ac7b5b33c9efe30824c9b26c9,beede2a72c29fad4c0df9be59fe41a3ad3d0d86ac7b5b33c9efe30824c9b26c9
ath00513,train,1,NA,38,30,hash_sampled,703,435,78464469b4f0a93e8028c4a17c3f691e28246c4d25c279e32c2312862e0e92f6,a3f4e76bd9e5ac689c1f897285cae003010a87de232c8a741b5094a3abc439d7
ath00514,train,1,NA,13,13,exact,78,78,cbd1dddeec0f123e47e0a636f3a5239c9664404591e365eaef3b7d9cf230e171,cbd1dddeec0f123e47e0a636f3a5239c9664404591e365eaef3b7d9cf230e171
ath00520,train,1,NA,124,30,hash_sampled,7626,435,ed0c715fc0b7f4675926d4eb4a9783324b8cd68ec24c037390c2594781514913,297cec7b40667bd82eb4c21c5dc6d10e27ebd52256c6b986bee57f72fcc9b352
ath00531,train,1,NA,8,8,exact,28,28,2e6e1a89be7e615680b5365156fe72acc03a7ec06f4e6aa4bf48d738260f29c8,2e6e1a89be7e615680b5365156fe72acc03a7ec06f4e6aa4bf48d738260f29c8
ath00540,train,1,NA,10,10,exact,45,45,78e18992304142d950c0eb1ec09bc668779ff05770cf22c5ea36d38e4cde5a50,78e18992304142d950c0eb1ec09bc668779ff05770cf22c5ea36d38e4cde5a50
ath00543,train,1,NA,5,5,exact,10,10,4c104acacacccd48221516d3158053446900b3ff06977c1f0cec1901f9766a96,4c104acacacccd48221516d3158053446900b3ff06977c1f0cec1901f9766a96
ath00562,train,1,NA,83,30,hash_sampled,3403,435,36d2895aa071870ad46a6ab1440c41f5d681ef9ab995ce3e9d3e620978cb4728,284ede616c61958c08f5874617404b7eb10b5a6832987d695bfb04e0c3691ce6
ath00565,train,1,NA,26,26,exact,325,325,5cfffea9bd03c66697b42a2aa9bb3bd80981842010f598a0a97fdaa36b467105,5cfffea9bd03c66697b42a2aa9bb3bd80981842010f598a0a97fdaa36b467105
ath00566,train,1,NA,11,11,exact,55,55,149da20b9d75d51b7875aa63b554fd1d1ea25e27b147fa01b2389de1b37035f3,149da20b9d75d51b7875aa63b554fd1d1ea25e27b147fa01b2389de1b37035f3
ath00590,train,1,NA,12,12,exact,66,66,d2f3f9ba3b98ac281e2915b819e74270892fd9ada361438dada3499cad1e7cac,d2f3f9ba3b98ac281e2915b819e74270892fd9ada361438dada3499cad1e7cac
ath00592,train,1,NA,43,30,hash_sampled,903,435,7783eb0438229ac09aef5a4d04dcefcf191daf166fbc0e4f5c784594a11fe90d,710dc24ba187dfcf5dd1680c7dc89227b01131d12fc3976c482279edbcfb053a
ath00601,train,1,NA,5,5,exact,10,10,d1ed6b10a0eeaeb2ff3e033f9a2fba155d91c54309700831aae6c4ba86d3913a,d1ed6b10a0eeaeb2ff3e033f9a2fba155d91c54309700831aae6c4ba86d3913a
ath00603,train,1,NA,11,11,exact,55,55,0b4f9da5d4f9c0d08e49774af66f6977cfe74298ce16e963a732cae1de768c08,0b4f9da5d4f9c0d08e49774af66f6977cfe74298ce16e963a732cae1de768c08
ath00630,train,1,NA,80,30,hash_sampled,3160,435,b51b7755f0a4808284453886e10747a29b4efc9688e2ff5ec83a992f926f5145,9be18f5e902a7ebcedefb2ae571450985a19250b1ff3a68178182c8e2f1a7113
ath00660,train,1,NA,7,7,exact,21,21,05d738474fb360335bf5262964cb4963ba2929129bd3b905fbb0391308cc7d04,05d738474fb360335bf5262964cb4963ba2929129bd3b905fbb0391308cc7d04
ath00670,train,1,NA,42,30,hash_sampled,861,435,e6be601e44d60b613ce1e56a6fdcc6e1514b451e0ed3d20a61293b2f938d3233,2460cf15917888543bae77ff810f63ed4dc079ff04693bcc1ba77e61485c28b6
ath00710,train,1,NA,70,30,hash_sampled,2415,435,e14af07228ab1d5b395b7fde34a5398688d11b268dec7e2a4673fe4d5bce5026,d4779e790cc86787b4b06d7e37d33d988894d020068c43e27c9f91443ef30470
ath00740,train,1,NA,20,20,exact,190,190,765a5fbe51ad5398dd57cc2077b1abb700104b0410c0ea303f183e287eb0fbde,765a5fbe51ad5398dd57cc2077b1abb700104b0410c0ea303f183e287eb0fbde
ath00750,train,1,NA,15,15,exact,105,105,28d397c5c4fbbbf1db4e1c361dc5d8d4d9e06a5d91c9db69fa72c9af52eb1d21,28d397c5c4fbbbf1db4e1c361dc5d8d4d9e06a5d91c9db69fa72c9af52eb1d21
ath00760,train,1,NA,26,26,exact,325,325,763e4b9a95af2278068221bdf0c4fc1c69c6ee599934e8f96a3579a645e78580,763e4b9a95af2278068221bdf0c4fc1c69c6ee599934e8f96a3579a645e78580
ath00770,train,1,NA,34,30,hash_sampled,561,435,04f362b18a8b8ad7c6b81175aadee9a8ce3b8e66215cb984afcf639f43d3f2bf,91de3804d7e62bb65b0ba83f31b1ecfa426bd785b068ff20a2c5aefc7864eb88
ath00780,train,1,NA,16,16,exact,120,120,305ea72d75f5903d61de4500edca6feec0b1659ea1b76a58f71c2e627a49c279,305ea72d75f5903d61de4500edca6feec0b1659ea1b76a58f71c2e627a49c279
ath00785,train,1,NA,36,30,hash_sampled,630,435,f2a56521d1fa20bd092a13070cc6afc951a55d5a74d7bd4a1cdd7bfe1d70f775,36b7a40d796c1b0b96ba7955ced37c8205e854e7c35ab11de69b59483fea61f3
ath00790,train,1,NA,32,30,hash_sampled,496,435,00de1262d2c7fc2bef3e3a730dc841afab420ac56d61ed0e4e19fc0a574c8fae,8057c70952738f5287330e7d6754080d43a24643bfdb12aa29d23ede78303aae
ath00860,train,1,NA,57,30,hash_sampled,1596,435,5ea5928c32da1fcbec16492cbfb0c0a14479d6700a797fb0cab1f348093f0a54,3a3e47115570847c739347ab06333ee190276f0a2bf1478c16430660318cbe55
ath00900,train,1,NA,61,30,hash_sampled,1830,435,8aa0cd56316e91b36bbfef51eedda30e1abe32d4891b7ee42098f44dd2c150c6,ead307263dd191c8ffe75ba6a6621f3f0387bff6bca9cbbc8f6e6e0c1c8496a4
ath00901,train,1,NA,5,5,exact,10,10,21e8d3cec0a67f50e3880328385c7f1517f833968ca49612b98df81da6a7083b,21e8d3cec0a67f50e3880328385c7f1517f833968ca49612b98df81da6a7083b
ath00902,train,1,NA,7,7,exact,21,21,3886f8b3238917a91d5212b5cb5664fb43c27cd69c6b9e7b8331c885d8c1fcf1,3886f8b3238917a91d5212b5cb5664fb43c27cd69c6b9e7b8331c885d8c1fcf1
ath00904,train,1,NA,25,25,exact,300,300,5f2c389dfe0edd991530f43ab3aa8830b3ad5e09ea8973adf15e011d653c8c33,5f2c389dfe0edd991530f43ab3aa8830b3ad5e09ea8973adf15e011d653c8c33
ath00905,train,1,NA,9,9,exact,36,36,98fe1a1ad25c346d084ea1c64e0da313af4bec93288435f18db9becc50be9a1a,98fe1a1ad25c346d084ea1c64e0da313af4bec93288435f18db9becc50be9a1a
ath00906,train,1,NA,32,30,hash_sampled,496,435,43a9e22dd2780a27177a2451cf83188831f2a1085586dbe0a188aec9c706ef8d,4cda94565f22d4705d5d41d816966e75147d6759398a9aee4d41004131220a0f
ath00908,train,1,NA,32,30,hash_sampled,496,435,6dfe7c0cc1acda3a37af119ee882dc2eb14e608355f52f6a63ff8d59165337e7,7214d46ed3201b82e896b7ba2b8f19521cd2459fa303331274f3e7b135d01a39
ath00910,train,1,NA,43,30,hash_sampled,903,435,19104c30848351b82fa94c45dc8e2aa06fdbe304c473dbe23941fbe28f0dd98a,992fec831f9199f0a631fafbf06d93b122b80c0aa3512cc3e89c3477673bf82b
ath00920,train,1,NA,40,30,hash_sampled,780,435,e46ef14b554dc8added9b9df7627c29c382ff83f555b0c28695fead868754f9d,956c5e2662a4ba4d4ef11a35ba9f4536ef1c68201160b5034da99716e239af0b
ath00940,train,1,NA,130,30,hash_sampled,8385,435,f2adc12dccff93d029a5764b066a9d731d66007ad85820c3a60b2bf71846c07e,a96be1c449f01b2978937a42e064ee783c51dbe2777919595ff087843bc3fdb4
ath00941,train,1,NA,25,25,exact,300,300,2355f6ae91c7907a55ee4f22c33fc4a64c9117a18ec2df9184a91a2dd304bc6b,2355f6ae91c7907a55ee4f22c33fc4a64c9117a18ec2df9184a91a2dd304bc6b
ath00945,train,1,NA,9,9,exact,36,36,d51a6ec9526df48ec1cb66f8793352d4854b095bb06104a2d1f64d88753ea817,d51a6ec9526df48ec1cb66f8793352d4854b095bb06104a2d1f64d88753ea817
ath00960,train,1,NA,39,30,hash_sampled,741,435,050cc261ff707dfae1d6c31f28ffe1cb6bf91bb3e430c1330a2a0d703e8b23b5,c57cd6aaf581c00f231751f534bbd1f1fa831a8165b5f46712bf05502032f098
ath00966,train,1,NA,26,26,exact,325,325,1e31027189e299c89cc28149736cd4e0439e79bd5c0406bcd9c20780ac8584b7,1e31027189e299c89cc28149736cd4e0439e79bd5c0406bcd9c20780ac8584b7
ath00970,train,1,NA,653,30,hash_sampled,212878,435,03d71b662a9a5cf2611d4f90359b133a6d8dd48cc61bea3080b28cb2170aea86,6c677d148a799756c6fc3d5dbbbf5c08ecb3e5ffbdf498db8044b52b71d82e38
ath00999,train,1,NA,70,30,hash_sampled,2415,435,bd65912183d65792b3d9904a3dedda03fb291f9d0e69f58883f647b248e76f14,aafa34f8abaafd1805a05f7234b412aefbff8ea928ca4b974b90c22fa677e31c
ath01040,train,1,NA,25,25,exact,300,300,99d48fbbf6704f92b17a1f4f9e51d667c7992ddd31a496a1734ceaa1e9b68ad0,99d48fbbf6704f92b17a1f4f9e51d667c7992ddd31a496a1734ceaa1e9b68ad0
ath01110,train,1,NA,1372,30,hash_sampled,940506,435,365eabfc76e2e0b6b1c505613d3bc4cfaa1b15fdcf53bd3596ad77c890e1c29e,fef202a80af72fdb46be4288a0ffc84d36a84f7ca515d1b13de06ea7f10a7f50
ath01200,train,1,NA,273,30,hash_sampled,37128,435,35fabf6b89e7566ce2d921208b5f20d0aec6348af33e4241ca25a69ec4568e7e,5ed5790bc627d90de1e248d5120357305a4fb6dab5c2ce3580d46121c58235bb
ath01212,train,1,NA,68,30,hash_sampled,2278,435,6d2ffca4219580372f40d031ba89f6570beea51499c36a7499af8f23c801f112,43666763ce6052b23b5d331604480c48dbd0500152512484865365210cb68adc
ath01232,train,1,NA,84,30,hash_sampled,3486,435,90a3fb5b624f28fa9439cf861942840510beb78a138d27727957d68b9b7ab18e,732112817d2c05c1eeeef9b810251ac61bda0da40c862d4b71633ade3288b43d
ath01240,train,1,NA,239,30,hash_sampled,28441,435,65c5d45c0403e43d0b154c875526d12cf6894c0e34e770806018d722e1b72c93,1b6fc4ad71a1fbf68d5ff11226d0e8e9e29fe36c54c4d4819f1041999526df9d
ath01250,train,1,NA,101,30,hash_sampled,5050,435,009ade37f07701a93d350cc2f3c5dafd4cdf096050d02737d863d658177c6d9e,142eb0f107740a21c6711baba745908648bcaa61459e2dc28827936e160e61fc
ath01320,train,1,NA,21,21,exact,210,210,d3ce2fef209e0cc0b5cb78c6a18da65d1056034cd1070331587f9241b832161e,d3ce2fef209e0cc0b5cb78c6a18da65d1056034cd1070331587f9241b832161e
ath03008,train,1,NA,98,30,hash_sampled,4753,435,d3ab6523274cb6bba2d7c00ca1ad0e240022334dca1df34e57612e1b192fe78f,a5d246343438d56b2cdef481b7d1d5664206a31842fb6a1b1a312c4ed9145711
ath03010,train,1,NA,354,30,hash_sampled,62481,435,a1c756ece55d5a3eb11c35061eaf8e588f38844e2fbbe76c054825f9f3adda43,731b1d18a62686207135175d41ef5b52fe2814b1178020a3b63dbbeee0b2189f
ath03013,train,1,NA,105,30,hash_sampled,5460,435,4b04c30c22b2885ad73c44b10aa16eb6fa674a2d9893411b721fafa84a660c89,75707a2e83c09ebc05fb489fc8a099d615ba112a2dc982ee88544e4bd6f107a1
ath03015,train,1,NA,119,30,hash_sampled,7021,435,44ad34b39ed29e74240403ccfe7ce7537b657831e3b3d7202b5753b6e5c76f71,6ed46f917005b04a5a91842fcd74ff8c6277938fd09799708fadfcc4702cc20a
ath03018,train,1,NA,114,30,hash_sampled,6441,435,c0fb78c2c4fbbea67bc8c0980dc12e90c24f46948198901178aedf7f7bb59c8f,25ef44b16df21ec6071d1fa23bb5ce5169b94677db3752d58caa41b1a7734cca
ath03020,train,1,NA,48,30,hash_sampled,1128,435,4705b46790dcf0d23aedb77d9dc0973843ff8bff307609ce76073ec112e43871,ee482a31738720849c249ae1bc2ce98790bbf005b03d1895314414f5d35a81ab
ath03030,train,1,NA,43,30,hash_sampled,903,435,df21e270bea8f752ba426ca31ac9baa8790221b89fa58d6fb4226e30005141e3,b527df2e338aa697824a11aba27677832d2c44bdb79862fdf4fe51017bdda7cd
ath03040,train,1,NA,216,30,hash_sampled,23220,435,df55041ca5fe105bf7d7b10924efcb0b1fdbde7e3e3d52f55b7caf34dd2aadcb,3345accd55d035df3b0b9fa4e7bdcb08edeba92ad7de2f1cf9634cdb78bd360b
ath03050,train,1,NA,61,30,hash_sampled,1830,435,e59c55866f4929dea2df63db343962c3f7e02f078796abc4436904b2d60dcb14,f16d42bcba5aa2f9a2e0390b63f1a3dd815c99066865a3b0fa74875f172dbc71
ath03060,train,1,NA,62,30,hash_sampled,1891,435,2f054b236cb6672425db2c9b02c9d394c404db4be807934108cdf0aada693805,4d3fa47be27e7b190c5c8e94967b09d1e4f1718b3c7a2690fc6518b4d85d21d3
ath03082,train,1,NA,64,30,hash_sampled,2016,435,19e09ca57b1a6db9471456f10921218c6256311ed5a46d3f40ce8cbdbceca8d3,ac4f6f8823faf3c68a534718a785aa3df5a7f736aaf8954cc101fe3d66045e87
ath03083,train,1,NA,69,30,hash_sampled,2346,435,51fd1eefb16cdea4d64e263e374f12ed600eda79b095c5fd90f2153e497c371e,6742f45e2a17deb665a3baf42e3816b66d058fc7eb3e2cdcfc7fd04fde2c6f41
ath03250,train,1,NA,39,30,hash_sampled,741,435,c36d6ee93057e5a752ecac00d7224b5717225a0b72c65f0d7e4348f21f2a8e36,eb0ceca91eccebde65d1c8a1bd3a3ffd31fb8f78ee237d156a58dd9db976f657
ath03272,train,1,NA,12,12,exact,66,66,1fa2e8edfea51c1343fa5ebb729ff6d669df7eb37370e4d1d132881c22c5efde,1fa2e8edfea51c1343fa5ebb729ff6d669df7eb37370e4d1d132881c22c5efde
ath03410,train,1,NA,50,30,hash_sampled,1225,435,a21401796f024ca0e6c28f8385c3a0cbb79a4ef4a3b5e74c1927954f78eda9de,92f1b857df40484eaf19be2ba883a707bbd6029344b9ab6acc11fce652fc5902
ath03430,train,1,NA,32,30,hash_sampled,496,435,8d6c42e945c78f273635b3a4911a7fe64add15f0b724bf8be117b3bf5c4fe75b,e266d3ce721061304f061a1f6899d41bfad2d6cf68fb5031e61c4132419821c2
ath03440,train,1,NA,60,30,hash_sampled,1770,435,1d0fc64e4b88c9dbd182559ac4ee7eff7c89638b1be13bdfa78b841638a857d4,aa80ec80f60f235183ee65a4922fd1751cffaa1f7c798d765a5ec1c4241aa8b4
ath03460,train,1,NA,46,30,hash_sampled,1035,435,f89a3944c306ec7007aad7737b5580b563d5eb3e61dbcb717c1ffee019236884,6f42dafd7b5118d8a3c2b7844e4334122fe8b35d2b4293aefb35f32990d2b686
ath04016,train,1,NA,146,30,hash_sampled,10585,435,d79c41f75b0fd9a2917f2fbc70a1d825742e2d429c183a494ed6f4a4625e2b34,a0929925558b234dfbdda0660bc7b935c32cb177ff140538ce38063fee58c633
ath04070,train,1,NA,79,30,hash_sampled,3081,435,37ce43b6676cf0de2a1c3c1c454dca69eb66603b3f8cbb8141e1722477a06115,6a036fc6efb79388ce0aa929f16dae21cf84f0b7e1840645093e7230edcbd067
ath04075,train,1,NA,433,30,hash_sampled,93528,435,3fd24f85f3a8a25fddf94e15c86d8d2d89e3ea95827b3450a857d0afcc7e41ec,cd5d1e8d9edce203c2a7eb4062ac446e099fd321fabbe1ebc637fbfe0499e1c1
ath04081,train,1,NA,8,8,exact,28,28,0c4dbefcd762d1d6745502f90db9897f79d397e31d352abe8173a8ea1543ce7b,0c4dbefcd762d1d6745502f90db9897f79d397e31d352abe8173a8ea1543ce7b
ath04082,train,1,NA,9,9,exact,36,36,d045539cdbb32fbbe64361abacfcbc4278788827e6f40cbcaa4b8ae0eed06b39,d045539cdbb32fbbe64361abacfcbc4278788827e6f40cbcaa4b8ae0eed06b39
ath04120,train,1,NA,163,30,hash_sampled,13203,435,54e307d6bf2f4476ba243bd98fec098b1deb50fb3e1e180bc7bb87be0688ae0e,1411ccaa3081d4b31493251c0d8f7894b5fa53bf22e365095922402510a8fdbd
ath04122,train,1,NA,13,13,exact,78,78,71fa6cc90adcbf9918098dd969ec2c2025a77795652f69efbea4f70f21f0964f,71fa6cc90adcbf9918098dd969ec2c2025a77795652f69efbea4f70f21f0964f
ath04130,train,1,NA,55,30,hash_sampled,1485,435,fafd1c144fb646f009bed8858d9f084e7360343b62183b4ae167b017311136be,92e18a3c0da8402ce186ab0e1022852b0a857b1fb637ca4294b4a1e361bf46d7
ath04136,train,1,NA,41,30,hash_sampled,820,435,4a09db108df4afb3fe582752308419332a2adc4ea46b0db51c0c3a28501adb88,93bb74119e12a00297508e8dc6823b41a5bedcbb0f25d30905725bc924c71928
ath04142,train,1,NA,192,30,hash_sampled,18336,435,e729ab8b51f28750a5c685d27d6c76cf96636a8135f2cef774b7ab355bb51694,8d44d0f9eb85f3706c2eb861d733ebf70dd728d1c7fc378c682fb87e0d0ce861
ath04144,train,1,NA,156,30,hash_sampled,12090,435,29fb87491a1963a75db747f5b67e216ab3f1b66b56a32817cf15f795b37087c5,f5b16ebf0fc05f27ccd8b7d24af5c5042802819aa5b86c0312cb0ac7aacb90c3
ath04382,train,1,NA,35,30,hash_sampled,595,435,e1e0ef747fca3d29deb85704446866b18ec1d9d8a397b85c84064cf952222039,76bfeae1b84bf64e90970cf4dc0e47432c63a1881a284a55959474f910c7b4d5
ath04517,train,1,NA,50,30,hash_sampled,1225,435,0e0fd1316c7f72f496918b1cce102ca7bd0abee0daa30e5dd1a9c45ba875d49c,d3c5557a32e248ab825cd7a5e83c37ee930642fdb649fbf4bdd93d4a0ed24b83
ath04518,train,1,NA,14,14,exact,91,91,db63b405a84f983c9bf9f3256903b33ae7a738ed115a41a390c71348e9aebe68,db63b405a84f983c9bf9f3256903b33ae7a738ed115a41a390c71348e9aebe68
ath04620,train,1,NA,15,15,exact,105,105,0a0353d7d12654e81b5d3ed2eafddf784c2cf180b73f8d21e14961a59d598d33,0a0353d7d12654e81b5d3ed2eafddf784c2cf180b73f8d21e14961a59d598d33
ath04626,train,1,NA,216,30,hash_sampled,23220,435,b169840d6f85c293a89194ca2c2940a3658824e2691b801560dab673d8de9127,b2f082d38521ba61fd40a001223eef8300e617e7650547032ea408117ef17426
ath04712,train,1,NA,43,30,hash_sampled,903,435,0816adf7e1d04228e414c335916a354539d6aaaefbf36d830a03cc1d9b2a625c,38778b0351f2078d7bb085edd290d16c6f0848c471b5ee6b20e7075f8b6a06b4
ath04820,train,1,NA,8,8,exact,28,28,352c03c02c765dbc8679c957d997d4a177e57b4d5cb036f435db4d7e02d54131,352c03c02c765dbc8679c957d997d4a177e57b4d5cb036f435db4d7e02d54131
ath04981,train,1,NA,40,30,hash_sampled,780,435,5fc91b6c014a0658ed8dd0df879cd6cc7b16c0eb1d0de18d638e97347c1be42e,bd9004d3c179b826fc79f8c6b0ff796910fe605908f146eacd8b3b1911bc1b89
ath05100,train,1,NA,26,26,exact,325,325,ce6ba1d3fa14a2cfb5e3125fc694a0bb646db521afd5376e2b50d7bd027fc4ce,ce6ba1d3fa14a2cfb5e3125fc694a0bb646db521afd5376e2b50d7bd027fc4ce
TRAIN_NEG_00000,train,0,random_5_30,23,23,exact,253,253,68639f6c78c9c517009625fc4f0c12f4528ac94413a6439f6f23d0cd6fae7484,68639f6c78c9c517009625fc4f0c12f4528ac94413a6439f6f23d0cd6fae7484
TRAIN_NEG_00001,train,0,shuffled,23,23,exact,253,253,7568723c7838c42074056f49639cac9bbca52485093a21da3fcb9869160df94b,7568723c7838c42074056f49639cac9bbca52485093a21da3fcb9869160df94b
TRAIN_NEG_00002,train,0,partial_50_80,19,19,exact,171,171,c674359bb457a3cedcf482a5133d6fa5dc02bcc3be25c385570c9745bf3ca8df,c674359bb457a3cedcf482a5133d6fa5dc02bcc3be25c385570c9745bf3ca8df
TRAIN_NEG_00003,train,0,cross_pathway,15,15,exact,105,105,96bf1784a5142f57e279e026c7b29b9e99c6c639f06882bc81cd86caeaf6ac93,96bf1784a5142f57e279e026c7b29b9e99c6c639f06882bc81cd86caeaf6ac93
TRAIN_NEG_00004,train,0,random_5_30,11,11,exact,55,55,2b35568c054e800ddead211c3c59cb11e2b218799afb94dd72de01b95bd24c79,2b35568c054e800ddead211c3c59cb11e2b218799afb94dd72de01b95bd24c79
TRAIN_NEG_00005,train,0,shuffled,6,6,exact,15,15,a7bcae106fe101fc697cbcbf09c48307866c320a8b213bf58e7c731b90e4af38,a7bcae106fe101fc697cbcbf09c48307866c320a8b213bf58e7c731b90e4af38
TRAIN_NEG_00006,train,0,partial_50_80,22,22,exact,231,231,353fe3cc0592d6d65814c9b183881eb519eb71d5d9657fee31ffd480af068dab,353fe3cc0592d6d65814c9b183881eb519eb71d5d9657fee31ffd480af068dab
TRAIN_NEG_00007,train,0,cross_pathway,31,30,hash_sampled,465,435,7905c302340d7605f3fcdba500649fc6f8d48163b65595fe40fcfa2c85496cb8,d3a3758d6b59423ea5f84927c5c8d208bdacbabd251020b7d0c3183c56c392ee
TRAIN_NEG_00008,train,0,random_5_30,10,10,exact,45,45,2301c265b15df98c6744e8d8007c3a4cff7a0beff5fc4e003d979797f5cfb4c0,2301c265b15df98c6744e8d8007c3a4cff7a0beff5fc4e003d979797f5cfb4c0
TRAIN_NEG_00009,train,0,shuffled,36,30,hash_sampled,630,435,6ee94ac7c6cfeed7090a3a56c1d0f24371d463ccf1951e89eb9dcd8f3141c770,0ec7d4c705512b302a32de89fbd8e78c233134b95d8683d439843ae7a5cb13b9
TRAIN_NEG_00010,train,0,partial_50_80,33,30,hash_sampled,528,435,151c49cd4d235558f0692d127d2119599d3808545e4327ed9f57e36bf1a898a4,9d392d0e1655ea95fb1dc612a39073d085c2af6baf5d18835c908b77790d0207
TRAIN_NEG_00011,train,0,cross_pathway,23,23,exact,253,253,6d062b4ed410259d434171435ed055edb3d7ff642c7da9bce48d100bf479d677,6d062b4ed410259d434171435ed055edb3d7ff642c7da9bce48d100bf479d677
TRAIN_NEG_00012,train,0,random_5_30,25,25,exact,300,300,542343947c074330017b6aa0c497e6d197a340820c7d988488716c25763dc326,542343947c074330017b6aa0c497e6d197a340820c7d988488716c25763dc326
TRAIN_NEG_00013,train,0,shuffled,12,12,exact,66,66,cbe8552b4dd88243a165dea4a59a1207eb595ee429898c3e3993f1cf061a18cc,cbe8552b4dd88243a165dea4a59a1207eb595ee429898c3e3993f1cf061a18cc
TRAIN_NEG_00014,train,0,partial_50_80,31,30,hash_sampled,465,435,77523a2329c38752f1733eab2fadda9e587aad60866db9457a8c4b96fe9b6deb,1cb73399198c5df5f6cfa3e5d7cfb8fa4ac2d12efcd0af2889a2d9ae027f0881
TRAIN_NEG_00015,train,0,cross_pathway,48,30,hash_sampled,1128,435,d472f86dfd5aed99f2c10bcfc3518b688ad2204d4bc9d622dd5b83c6307c1e53,fd26b8d993554a80b68dda08731a43c903e9fa106ad77030c0c2353db054e715
TRAIN_NEG_00016,train,0,random_5_30,6,6,exact,15,15,cf96f6169b60ed9ce854385d8a349cf5c1c1559cfa555b9c9c2d568654d9b04e,cf96f6169b60ed9ce854385d8a349cf5c1c1559cfa555b9c9c2d568654d9b04e
TRAIN_NEG_00017,train,0,shuffled,36,30,hash_sampled,630,435,c1b5626c61dcecfc092cd11891e0ffe97f9cbe2f8efab0f96c421990d49c345d,5e483f2f1f2970bca590c3180ae9cdde95eeb09cc9c01cc73f80da0f82ff211f
TRAIN_NEG_00018,train,0,partial_50_80,34,30,hash_sampled,561,435,fce0605731fe9bd2b8958aa15c6350617e5e55b8fc23915b56c74a76cb2621f1,02e98dd8f7e58edb44cdd2983e075eef1474cdf98aa33acd1a74c41569c1b017
TRAIN_NEG_00019,train,0,cross_pathway,37,30,hash_sampled,666,435,669039ef80bfabda705a183e8f3ee1e93c6732c7c65f644426a6fa180b604c84,ebf2b40ce33d40c2f4eedc5eb9d745736227cf2e975c16f0af3cacde9e9907fd
TRAIN_NEG_00020,train,0,random_5_30,27,27,exact,351,351,e4d32c5eb99c6395adcd671783ce3d7a860f45fa4e1220e3be40d9cf4d67a9c7,e4d32c5eb99c6395adcd671783ce3d7a860f45fa4e1220e3be40d9cf4d67a9c7
TRAIN_NEG_00021,train,0,shuffled,39,30,hash_sampled,741,435,8e3cbda97197b39d60862e57cb1db9b38f701cf8fbec82215dfd7279b974e504,26332180c349f7f08b93b03482656c5d5b37399f88239340911dfccbadf3fd28
TRAIN_NEG_00022,train,0,partial_50_80,42,30,hash_sampled,861,435,4de5589e968453c023ef01659a573590004ac54e3b69bbf95768bd059e69aaec,ae4bf61fe7686691834afd64cafc993bf4eeba67b4b3d4bbe01ad06af8c49c91
TRAIN_NEG_00023,train,0,cross_pathway,54,30,hash_sampled,1431,435,b372f4cce76aba122c95000b4aea409863fbf20d13919095e23ddbb4a316e342,f0ffec4472197da5edb11670307c0b52552e32fe3c0951feadcb0b057240b276
TRAIN_NEG_00024,train,0,random_5_30,5,5,exact,10,10,2688546ffe038cddaea46c080e12bea420b49a831d7bae66667b637192188086,2688546ffe038cddaea46c080e12bea420b49a831d7bae66667b637192188086
TRAIN_NEG_00025,train,0,shuffled,9,9,exact,36,36,dca469e6758a478ccd26b2c3601944fdaf05b3740a7910ef2d8e48f42e42c14d,dca469e6758a478ccd26b2c3601944fdaf05b3740a7910ef2d8e48f42e42c14d
TRAIN_NEG_00026,train,0,partial_50_80,10,10,exact,45,45,5a909e37466f7964a7d2893e182eab5be01f942a856629ff74b672ff03c2c8c3,5a909e37466f7964a7d2893e182eab5be01f942a856629ff74b672ff03c2c8c3
TRAIN_NEG_00027,train,0,cross_pathway,26,26,exact,325,325,5cdcd74fcef4d6c1b5a3f8652a5e4ca970f848438c03d6b8c9e16d9dbb0ae8f4,5cdcd74fcef4d6c1b5a3f8652a5e4ca970f848438c03d6b8c9e16d9dbb0ae8f4
TRAIN_NEG_00028,train,0,random_5_30,11,11,exact,55,55,bf51b3acc52125131e290a57d04023ebe8387d796e169ebad70c8d1060052e59,bf51b3acc52125131e290a57d04023ebe8387d796e169ebad70c8d1060052e59
TRAIN_NEG_00029,train,0,shuffled,14,14,exact,91,91,48e508f921b51fbe1869bb0d6d1f90a20f63a9d07ba2ff952764aca77709104a,48e508f921b51fbe1869bb0d6d1f90a20f63a9d07ba2ff952764aca77709104a
TRAIN_NEG_00030,train,0,partial_50_80,45,30,hash_sampled,990,435,d7e898cd1404080eeca188568d501478e26a9f872ca74d96f69996d115bba164,77fd48ea38d6def77cd59fa615ff7c1695d5e1bb71caf749328c90e12f9aa3b3
TRAIN_NEG_00031,train,0,cross_pathway,96,30,hash_sampled,4560,435,bfc5b91aca5e14380e156e6560eafa07ec5aa2a69cb6bb4782ea752dcaff8e01,1201635aef4406739d9ad9cd75934463229ebcf40296b4a472bbcaf780fb7000
TRAIN_NEG_00032,train,0,random_5_30,28,28,exact,378,378,3a6a17728f4388af47f8d9e7484ac2da58cb2adcfbfc11dec3714e24304a9862,3a6a17728f4388af47f8d9e7484ac2da58cb2adcfbfc11dec3714e24304a9862
TRAIN_NEG_00033,train,0,shuffled,32,30,hash_sampled,496,435,df2dee42e8ea01b402ae5105e054d38df50163c1e59413a87ba87f3b2ea5b0e1,c311fa45209d36e0ddc619d77e4021cfa54e53d9189ac3cad41a8ddfb147901b
TRAIN_NEG_00034,train,0,partial_50_80,8,8,exact,28,28,923211f47c5d3a24e51eceac17cbcb5e7b40c5d104e03acd63e56ea02d91ea52,923211f47c5d3a24e51eceac17cbcb5e7b40c5d104e03acd63e56ea02d91ea52
TRAIN_NEG_00035,train,0,cross_pathway,14,14,exact,91,91,d940fc146471ce206b340ba9e1f200809110f8896420100b43e003b60c3d852c,d940fc146471ce206b340ba9e1f200809110f8896420100b43e003b60c3d852c
TRAIN_NEG_00036,train,0,random_5_30,27,27,exact,351,351,ff95e6712c0886b428ef16c4f7dda5a1f4f946388e2eea389962daa68c8b936a,ff95e6712c0886b428ef16c4f7dda5a1f4f946388e2eea389962daa68c8b936a
TRAIN_NEG_00037,train,0,shuffled,40,30,hash_sampled,780,435,b6f079d892450b726a5820c0a5592c3bcacbfe52f833e3051d6805bfb4fccd0b,dafde0655e30aec0fde951d93916c5cc2b242fa336acb0b487423916cca4271d
TRAIN_NEG_00038,train,0,partial_50_80,16,16,exact,120,120,b66f7d587d958d60293b37817d61d577426abfc0993ddca8ff04e4dacf9f9f1b,b66f7d587d958d60293b37817d61d577426abfc0993ddca8ff04e4dacf9f9f1b
TRAIN_NEG_00039,train,0,cross_pathway,11,11,exact,55,55,7d7545cefa73561e70198264e91376c14b315293228e5591e1f7e1345e82ae9b,7d7545cefa73561e70198264e91376c14b315293228e5591e1f7e1345e82ae9b
TRAIN_NEG_00040,train,0,random_5_30,14,14,exact,91,91,74a6cf3d0d5b3061427eb29f8dff8b69f91547315815757d526c0ea4eeda53b8,74a6cf3d0d5b3061427eb29f8dff8b69f91547315815757d526c0ea4eeda53b8
TRAIN_NEG_00041,train,0,shuffled,16,16,exact,120,120,aaf9bbde64911d922b8f6eb02b4d6742708597aff51e8a88d737af0069a29ff5,aaf9bbde64911d922b8f6eb02b4d6742708597aff51e8a88d737af0069a29ff5
TRAIN_NEG_00042,train,0,partial_50_80,18,18,exact,153,153,c8343e448c42299216f68f3cfd1c325dfa99c744a1dade427dfe35de5d4f2070,c8343e448c42299216f68f3cfd1c325dfa99c744a1dade427dfe35de5d4f2070
TRAIN_NEG_00043,train,0,cross_pathway,46,30,hash_sampled,1035,435,cf28e871ff289e437a2064777b16148579701d02a3fe0bddbddb81dea2afa925,988a068c6d7368580911cffd082bd030cedecadfc8e6cf2437e722ae7c28477f
TRAIN_NEG_00044,train,0,random_5_30,7,7,exact,21,21,bb6ddabb7437e20a2b7a82a84941ee54779fcd5b6e3a0dcd35479c5f4feb10d3,bb6ddabb7437e20a2b7a82a84941ee54779fcd5b6e3a0dcd35479c5f4feb10d3
TRAIN_NEG_00045,train,0,shuffled,61,30,hash_sampled,1830,435,18cb274b3550a50160c4892e0def58805ec85ed0384845e2f66f301451be5148,329cdee8815085a765ce21ba424a33d8f3e0f7715a15cd3645e669119c4cb948
TRAIN_NEG_00046,train,0,partial_50_80,106,30,hash_sampled,5565,435,5c38110c7eb91f1892ce2e461940a5d2b1cf1a61c274dd9960abae4d8c11affb,c75203676d8fd18aaa41c26108681e75a89f8306d5715966bdd0c08d15294d83
TRAIN_NEG_00047,train,0,cross_pathway,102,30,hash_sampled,5151,435,5a7dd487b6eb78234b3a97373d924cc13d44fc05e1b8db2e5a9faa84087a0051,4c7045fa03baaa6f74ebde577b41d5cf2e7b0909d11bf442e1c567d6d19b7953
TRAIN_NEG_00048,train,0,random_5_30,9,9,exact,36,36,35d1a67f3d84ddede7d05268d631b0fede9fad1025fb6f17ab59d89745f78756,35d1a67f3d84ddede7d05268d631b0fede9fad1025fb6f17ab59d89745f78756
TRAIN_NEG_00049,train,0,shuffled,25,25,exact,300,300,b92243929ef106db8b47f6db726ce82951de5ba7da3bd38eeec6ad8de67fafc1,b92243929ef106db8b47f6db726ce82951de5ba7da3bd38eeec6ad8de67fafc1
TRAIN_NEG_00050,train,0,partial_50_80,26,26,exact,325,325,b4809444a4f737ebecfa927a794f841e5a98f9f0d67b8694f430498683bf699e,b4809444a4f737ebecfa927a794f841e5a98f9f0d67b8694f430498683bf699e
TRAIN_NEG_00051,train,0,cross_pathway,16,16,exact,120,120,fea50e88702453e683a0435de7fe306787dd66195317255e8cc55a93b9e873f2,fea50e88702453e683a0435de7fe306787dd66195317255e8cc55a93b9e873f2
TRAIN_NEG_00052,train,0,random_5_30,12,12,exact,66,66,a84f2529336e0dbee160304b76886e22af33de7f813005f36822c6b43f6ae931,a84f2529336e0dbee160304b76886e22af33de7f813005f36822c6b43f6ae931
TRAIN_NEG_00053,train,0,shuffled,6,6,exact,15,15,3e21f525986eb9d00d4fd716168c0a88462a5a9cc8ab49de028a9102f9bd9b22,3e21f525986eb9d00d4fd716168c0a88462a5a9cc8ab49de028a9102f9bd9b22
TRAIN_NEG_00054,train,0,partial_50_80,16,16,exact,120,120,cfc738c28894492d6eefe6e48a4222d593bbf29c3c7137685c9946f415d931a1,cfc738c28894492d6eefe6e48a4222d593bbf29c3c7137685c9946f415d931a1
TRAIN_NEG_00055,train,0,cross_pathway,53,30,hash_sampled,1378,435,7a3292d3db262a115faa7498b3104e79ce58e182663c3ab55c96e46f4afae553,a6ccac6122ee9c13543e0061c5bcb54ebea379a1faf7dbf5ebea10e61678f8c7
TRAIN_NEG_00056,train,0,random_5_30,10,10,exact,45,45,7979c0c8ccccb9ba34ff0414f38d656964af2a07f9745f95a177e8e73e5076b4,7979c0c8ccccb9ba34ff0414f38d656964af2a07f9745f95a177e8e73e5076b4
TRAIN_NEG_00057,train,0,shuffled,32,30,hash_sampled,496,435,63cb5f469b3e96b988b5e25e712994685987c3c35aeef0bc6179e9fd60578c47,7c4bf3e3bb9dda162047814e77c02fbf1959d7778e5e2cc928a05271c9208eb6
TRAIN_NEG_00058,train,0,partial_50_80,26,26,exact,325,325,6834bfe395065250206a5a345553226f58249eca4f3aa9fa0927974695d3f016,6834bfe395065250206a5a345553226f58249eca4f3aa9fa0927974695d3f016
TRAIN_NEG_00059,train,0,cross_pathway,141,30,hash_sampled,9870,435,f6912f0942c49d2b9708bc74bba68310941cfa27a0b848d484b1375888e88fbe,1e68889ca76e37abfae2fd37e0aede92d869b1d5acf8a57cd772636b7ea0fd93
TRAIN_NEG_00060,train,0,random_5_30,19,19,exact,171,171,d07077da2896b303d58557945d3d382cbb9f9b3542cf44b6faf1b4710ce1e372,d07077da2896b303d58557945d3d382cbb9f9b3542cf44b6faf1b4710ce1e372
TRAIN_NEG_00061,train,0,shuffled,15,15,exact,105,105,990f1657a98cdf24a3e948e76a38956e5af97aa560c4a3855fa1ddc3dcb5621d,990f1657a98cdf24a3e948e76a38956e5af97aa560c4a3855fa1ddc3dcb5621d
TRAIN_NEG_00062,train,0,partial_50_80,7,7,exact,21,21,ad53c3926dbc4d3bb1d9b1d624d1020e42d67e966ca513d71cc44d171b687c52,ad53c3926dbc4d3bb1d9b1d624d1020e42d67e966ca513d71cc44d171b687c52
TRAIN_NEG_00063,train,0,cross_pathway,9,9,exact,36,36,08d3297ecd88130d77c8b9aa8ae561458d0d4b44d4958113f1043dae113f4d15,08d3297ecd88130d77c8b9aa8ae561458d0d4b44d4958113f1043dae113f4d15
TRAIN_NEG_00064,train,0,random_5_30,23,23,exact,253,253,fd1d80d77889b278fb5b95548c5307c4303239b2fe7be72ab1ccec69cf437e4b,fd1d80d77889b278fb5b95548c5307c4303239b2fe7be72ab1ccec69cf437e4b
TRAIN_NEG_00065,train,0,shuffled,16,16,exact,120,120,09f4fd52ede01a4d49f9862b76cd44fd0f505c1788e9b6e9660d966ec86c0c2a,09f4fd52ede01a4d49f9862b76cd44fd0f505c1788e9b6e9660d966ec86c0c2a
TRAIN_NEG_00066,train,0,partial_50_80,5,5,exact,10,10,38fc71931c6160b16e3019669c9dc919bb7cbc18ff7c6b44ae192f11ae58258d,38fc71931c6160b16e3019669c9dc919bb7cbc18ff7c6b44ae192f11ae58258d
TRAIN_NEG_00067,train,0,cross_pathway,42,30,hash_sampled,861,435,f7eeac8d8ce37b591cd0ae6ba1fb6a7f6cd327bab49363c0237c439ed41d227d,9e31e9c4851aeb3f4e9b4cb521a41f8418ee30c4c912f3c5eff3eeecb48edb77
TRAIN_NEG_00068,train,0,random_5_30,22,22,exact,231,231,0a33b3bda95d30b8261018be3061cc5bef6d47112426811f5e91c51262ba5432,0a33b3bda95d30b8261018be3061cc5bef6d47112426811f5e91c51262ba5432
TRAIN_NEG_00069,train,0,shuffled,130,30,hash_sampled,8385,435,fe3c668b3cc3ef53d7df3f2af8c921f4850e833f1691b15103b86c23de11540f,ccf185ca4faffd9503067f041c929077e42c93e43762652150a314ec4c739797
TRAIN_NEG_00070,train,0,partial_50_80,57,30,hash_sampled,1596,435,52dc76ccf7fb60851faed4be8fc6da14fac88d63fc09e8190d30a652ff2e8397,c945d0ee1098153c61ba4e16e2c7316edffac0b1871fb9c7340fc927d6b6ca1d
TRAIN_NEG_00071,train,0,cross_pathway,33,30,hash_sampled,528,435,ca7b11a4b39c421104c3dc029507d7f12892f2561b9063d15b919ca63d17d327,1b87a5a9ce5f1f9f8296a6de8c155e4d4baf70ad4a73dd5a790c75661013d576
TRAIN_NEG_00072,train,0,random_5_30,11,11,exact,55,55,a41168ac6bba07d16ac79972191359b18b12a045bcd8b4b831e154909737fc80,a41168ac6bba07d16ac79972191359b18b12a045bcd8b4b831e154909737fc80
TRAIN_NEG_00073,train,0,shuffled,13,13,exact,78,78,2419f08c60fe32b3e64783692dbcda6d945ee0aff2ef43122db157d0a76abe8a,2419f08c60fe32b3e64783692dbcda6d945ee0aff2ef43122db157d0a76abe8a
TRAIN_NEG_00074,train,0,partial_50_80,14,14,exact,91,91,c1d84d8a208bb143d43dc7976e52e47cdc6bb07f37d074f94c624452e0c5a0ac,c1d84d8a208bb143d43dc7976e52e47cdc6bb07f37d074f94c624452e0c5a0ac
TRAIN_NEG_00075,train,0,cross_pathway,8,8,exact,28,28,62d3137318bfb70366d85ba2a9e3a646d1b416d560b654e2f3f32ae3c35b332b,62d3137318bfb70366d85ba2a9e3a646d1b416d560b654e2f3f32ae3c35b332b
TRAIN_NEG_00076,train,0,random_5_30,12,12,exact,66,66,e0bd3605af5b3098875ad6fbaec2a3668f13affcec8531e63c0106ec7bf110a4,e0bd3605af5b3098875ad6fbaec2a3668f13affcec8531e63c0106ec7bf110a4
TRAIN_NEG_00077,train,0,shuffled,6,6,exact,15,15,191bd6db75675dde0f95aa78f7638059602521d264abffbe357cb16523bb4918,191bd6db75675dde0f95aa78f7638059602521d264abffbe357cb16523bb4918
TRAIN_NEG_00078,train,0,partial_50_80,8,8,exact,28,28,1e9e7fb2913e5449799731a997e6a9e5e25780fb11029f6dd78e3066aa65442f,1e9e7fb2913e5449799731a997e6a9e5e25780fb11029f6dd78e3066aa65442f
TRAIN_NEG_00079,train,0,cross_pathway,37,30,hash_sampled,666,435,4424f5c45411734eb32e7c53c34555563531198c5aadd531c203653c6ceb2771,4f8c2e66fd8e3cdad1485bc5918183cbbf9b103f5ecd9036fec11cede169b90d
TRAIN_NEG_00080,train,0,random_5_30,30,30,exact,435,435,5e01366b86a2c9f198b7d5688a8b395d4416c3c72cbf16a628e997b2462ce615,5e01366b86a2c9f198b7d5688a8b395d4416c3c72cbf16a628e997b2462ce615
TRAIN_NEG_00081,train,0,shuffled,7,7,exact,21,21,f4198a7095133a58734b34b53991fc68dc6147fa12b61560f687d18105d8fe44,f4198a7095133a58734b34b53991fc68dc6147fa12b61560f687d18105d8fe44
TRAIN_NEG_00082,train,0,partial_50_80,131,30,hash_sampled,8515,435,a802f102410058d43d4c8182799ae817fc3f8e8f9e0a5b4bfc209bec302c27da,d98f8dc016fd97fc62e3c64399a69d2261aa03d407dbc09be9fd863a61166959
TRAIN_NEG_00083,train,0,cross_pathway,24,24,exact,276,276,5cd2c23c1f7cfd9fe3d2381dd8049238b84bab7b43e44ec46c132680e1ba0d0a,5cd2c23c1f7cfd9fe3d2381dd8049238b84bab7b43e44ec46c132680e1ba0d0a
TRAIN_NEG_00084,train,0,random_5_30,19,19,exact,171,171,bb82e61352190347bc1e4542a81daa69a67661d83b08e44e21326924dd246c6e,bb82e61352190347bc1e4542a81daa69a67661d83b08e44e21326924dd246c6e
TRAIN_NEG_00085,train,0,shuffled,27,27,exact,351,351,e055955a05f0abf6476e7a0e1c659b4421479262214b63dc6093fc6a5a790530,e055955a05f0abf6476e7a0e1c659b4421479262214b63dc6093fc6a5a790530
TRAIN_NEG_00086,train,0,partial_50_80,24,24,exact,276,276,d528dd0b36d911d891cad892715a48b3ea591ccc7e899b7bc471cfc8175f0670,d528dd0b36d911d891cad892715a48b3ea591ccc7e899b7bc471cfc8175f0670
TRAIN_NEG_00087,train,0,cross_pathway,43,30,hash_sampled,903,435,5ef4ec7f93d25bb759d23f4d272f3e88a58364bc4bc39e4e83267e16050483d0,47a899dddecaced32898e9a38d82ab523caf0f987f2115e29a417318d319ac6a
TRAIN_NEG_00088,train,0,random_5_30,11,11,exact,55,55,f60c772fbd084a03f54ba91487daedea7a986b1081ac5b04e0d672f345ea4c7a,f60c772fbd084a03f54ba91487daedea7a986b1081ac5b04e0d672f345ea4c7a
TRAIN_NEG_00089,train,0,shuffled,13,13,exact,78,78,80aadabe888653609c19566b3acba7d7d3804f932886e8cf78eb7c483c446165,80aadabe888653609c19566b3acba7d7d3804f932886e8cf78eb7c483c446165
TRAIN_NEG_00090,train,0,partial_50_80,13,13,exact,78,78,0540588578e42069de166dd6ff50f3490f32ec04f53ed7f8294d29c6e4db3a08,0540588578e42069de166dd6ff50f3490f32ec04f53ed7f8294d29c6e4db3a08
TRAIN_NEG_00091,train,0,cross_pathway,19,19,exact,171,171,bdc548b49d79094a1eabcb01068208a8e939133a78a54f061c5a044c5a8a471f,bdc548b49d79094a1eabcb01068208a8e939133a78a54f061c5a044c5a8a471f
TRAIN_NEG_00092,train,0,random_5_30,11,11,exact,55,55,6b43a35d3e81854b4c02285bdedd157008617e1083ad667f0736be13bb95747e,6b43a35d3e81854b4c02285bdedd157008617e1083ad667f0736be13bb95747e
TRAIN_NEG_00093,train,0,shuffled,11,11,exact,55,55,d5d5529ebdc0483a14faced2e398d223f4266f0ce7a990ce4c01d2c12de881b7,d5d5529ebdc0483a14faced2e398d223f4266f0ce7a990ce4c01d2c12de881b7
TRAIN_NEG_00094,train,0,partial_50_80,5,5,exact,10,10,52f240d598686ce9e7909a92a9a7a89914311daab8c8f5a6e701b0540e71a80d,52f240d598686ce9e7909a92a9a7a89914311daab8c8f5a6e701b0540e71a80d
TRAIN_NEG_00095,train,0,cross_pathway,17,17,exact,136,136,ab613597e1fb0aff937eedb9f0d7b8b531a7912b7c449fce4dc9ef015e0fbbab,ab613597e1fb0aff937eedb9f0d7b8b531a7912b7c449fce4dc9ef015e0fbbab
TRAIN_NEG_00096,train,0,random_5_30,18,18,exact,153,153,783bdea2a468ba2a2519231229ab6827aeb81ee5cb97dc0dcb04e970f697d65e,783bdea2a468ba2a2519231229ab6827aeb81ee5cb97dc0dcb04e970f697d65e
TRAIN_NEG_00097,train,0,shuffled,13,13,exact,78,78,6618642b4a494386743ec0d7681ca8d3c15123d82c39d94e8f95835599212581,6618642b4a494386743ec0d7681ca8d3c15123d82c39d94e8f95835599212581
TRAIN_NEG_00098,train,0,partial_50_80,14,14,exact,91,91,c35f8b6b10b012d5b148f1a30c72886a808a72e05ebfb95fc8d266c647f50c47,c35f8b6b10b012d5b148f1a30c72886a808a72e05ebfb95fc8d266c647f50c47
TRAIN_NEG_00099,train,0,cross_pathway,44,30,hash_sampled,946,435,6e765a0e2d9e9846ef815fc139005cbb07dacaba41b9c52166afa3484d38b42a,6d21e3856fff31aecb65bb567e9a03b548034699b847007802c2e03b0af4360e
TRAIN_NEG_00100,train,0,random_5_30,26,26,exact,325,325,cc250ef48f194cf3e2d8f45e1f53fa9bdd65ff9fc07063c5382c61b846da9cd0,cc250ef48f194cf3e2d8f45e1f53fa9bdd65ff9fc07063c5382c61b846da9cd0
TRAIN_NEG_00101,train,0,shuffled,57,30,hash_sampled,1596,435,e11917a153edbdfb45f02b7f425b0bec1f82af9c96382e929193841aad73bdb2,4a934f0ee0b947e8c0916fdb2452edd54b7e0b31b15ad3b1e25a63dd91492ea4
TRAIN_NEG_00102,train,0,partial_50_80,14,14,exact,91,91,a2ce29090fed93006a344bbda62d882d5df8b34d8641172ca6279ec96596cd77,a2ce29090fed93006a344bbda62d882d5df8b34d8641172ca6279ec96596cd77
TRAIN_NEG_00103,train,0,cross_pathway,9,9,exact,36,36,b899d8000be35fb1e48be77ce70fd9ef23ca061f213a918eda5a656efdd6119b,b899d8000be35fb1e48be77ce70fd9ef23ca061f213a918eda5a656efdd6119b
TRAIN_NEG_00104,train,0,random_5_30,25,25,exact,300,300,b1a33bb81f659a433c50923d16dc9df52c34e111ec7f15e2ff6c65e4068926bf,b1a33bb81f659a433c50923d16dc9df52c34e111ec7f15e2ff6c65e4068926bf
TRAIN_NEG_00105,train,0,shuffled,22,22,exact,231,231,8aaa8e79fedc720c384bf98acf54243600297c38942d074536241e3d2a7c7901,8aaa8e79fedc720c384bf98acf54243600297c38942d074536241e3d2a7c7901
TRAIN_NEG_00106,train,0,partial_50_80,31,30,hash_sampled,465,435,543ec7b94c64eb8193f86a64c8c3322168df04327e5407a63107d62fdceb4564,d7a0b8bfab9236893c532d30f0a40bfa2d7203c0a29e48472d89722baff81da1
TRAIN_NEG_00107,train,0,cross_pathway,39,30,hash_sampled,741,435,f1b4f01a1a0616b32bc5586d3da9ef99f9c61a7d8506ac9295cc19162f3ed861,fc38d9836e8de44f8e876076691b4bfd3857c353a5da3896fad20429ee1b56d6
TRAIN_NEG_00108,train,0,random_5_30,18,18,exact,153,153,981a9aad522128d97c4b5b752bf224347d5ba5c00eca1dfc42afee2b860ca28c,981a9aad522128d97c4b5b752bf224347d5ba5c00eca1dfc42afee2b860ca28c
TRAIN_NEG_00109,train,0,shuffled,10,10,exact,45,45,0dc151d4b6a02734caec6c2db13c538a68943bf58151ed26214b0bf9519608e8,0dc151d4b6a02734caec6c2db13c538a68943bf58151ed26214b0bf9519608e8
TRAIN_NEG_00110,train,0,partial_50_80,15,15,exact,105,105,da2360ca1e54271983a7e9e962cb6b32dcdc4b4a8043a9b961ecf3c8464c5c2d,da2360ca1e54271983a7e9e962cb6b32dcdc4b4a8043a9b961ecf3c8464c5c2d
TRAIN_NEG_00111,train,0,cross_pathway,38,30,hash_sampled,703,435,29303e286387001b837f88048af620f49789b306f2851ee48997bede2b650ee3,5240517bc919b7545ab6f6d80da5f0afef99fc87f23fced9cb4e48f551bbb48d
TRAIN_NEG_00112,train,0,random_5_30,21,21,exact,210,210,96ca6e9b7a7f55489d673a691453d6f0935efcb908d4b41bdd87f2bdbb209e53,96ca6e9b7a7f55489d673a691453d6f0935efcb908d4b41bdd87f2bdbb209e53
TRAIN_NEG_00113,train,0,shuffled,41,30,hash_sampled,820,435,5e857e8e34cd300daab0741a21dbeb42f5ca356ea32cd1bc30043196bed6529b,e1ebe1ea11ed929bbf5d66a3d2597379c851388ccbcc48f39baeeb229122d669
TRAIN_NEG_00114,train,0,partial_50_80,8,8,exact,28,28,be034270338754a3ff5fb87ef2315a287260c91c654a91160ac1d9bf6ada905c,be034270338754a3ff5fb87ef2315a287260c91c654a91160ac1d9bf6ada905c
TRAIN_NEG_00115,train,0,cross_pathway,70,30,hash_sampled,2415,435,833528989959ee34f1e22ce1dc7ef8faccc6d3111c46143a739e934f4f6aee6d,49cfcba1b47896e64c2b53c0138142e9c1c264f48ee7e4974a2e6565bcd6e646
TRAIN_NEG_00116,train,0,random_5_30,8,8,exact,28,28,43e33a8e706ed3249470ad4c0e31827970edf085931861110240f4d2f1d8a4a5,43e33a8e706ed3249470ad4c0e31827970edf085931861110240f4d2f1d8a4a5
TRAIN_NEG_00117,train,0,shuffled,26,26,exact,325,325,185cff4c50eeec51ae544d3c2dc668ee87dd3ea6ce3d7738bc0a049d5929b6db,185cff4c50eeec51ae544d3c2dc668ee87dd3ea6ce3d7738bc0a049d5929b6db
TRAIN_NEG_00118,train,0,partial_50_80,8,8,exact,28,28,ddc6b5d95c50bd9c381b495c47f1c8f299eeb906393c84d9599ba7d3fa2720d3,ddc6b5d95c50bd9c381b495c47f1c8f299eeb906393c84d9599ba7d3fa2720d3
TRAIN_NEG_00119,train,0,cross_pathway,11,11,exact,55,55,6c558207a004f5a433a2ac4175a0928944ae276c5f6e8728e302298285780716,6c558207a004f5a433a2ac4175a0928944ae276c5f6e8728e302298285780716
TRAIN_NEG_00120,train,0,random_5_30,9,9,exact,36,36,8bf9445de29383f032efc3ff87294a01e824eeab63d4751acb54b6875c0459ed,8bf9445de29383f032efc3ff87294a01e824eeab63d4751acb54b6875c0459ed
TRAIN_NEG_00121,train,0,shuffled,11,11,exact,55,55,dde2fe3b5445240219e842b5743f5b6b2b627d3fd13d08c81231a53c29460faf,dde2fe3b5445240219e842b5743f5b6b2b627d3fd13d08c81231a53c29460faf
TRAIN_NEG_00122,train,0,partial_50_80,49,30,hash_sampled,1176,435,b9c038eb807bf6401fa96c1f5baaceae83b4d86c5a9aec15821cce84e2fc7c68,fb83009f7e87390b2cac4a3126dba4108d423580fac0e592cfe1f8db048417b0
TRAIN_NEG_00123,train,0,cross_pathway,27,27,exact,351,351,845704d5116f372593fecda514573058ddea834370c188c4c710f95dc5f7eb20,845704d5116f372593fecda514573058ddea834370c188c4c710f95dc5f7eb20
TRAIN_NEG_00124,train,0,random_5_30,14,14,exact,91,91,d907df2e319dad0b3f45f534e63b15fbef368f5ccac023ca07f94a9e4249be1f,d907df2e319dad0b3f45f534e63b15fbef368f5ccac023ca07f94a9e4249be1f
TRAIN_NEG_00125,train,0,shuffled,6,6,exact,15,15,5ec6ac0f767ec8762992d38e19eeb7ddc50c8ac4f3a75a9760520b1dfcee97f3,5ec6ac0f767ec8762992d38e19eeb7ddc50c8ac4f3a75a9760520b1dfcee97f3
TRAIN_NEG_00126,train,0,partial_50_80,26,26,exact,325,325,cd318ddc724afd8a610478b188606cfb6505bfa2ed4aefea1af33ff6667470a2,cd318ddc724afd8a610478b188606cfb6505bfa2ed4aefea1af33ff6667470a2
TRAIN_NEG_00127,train,0,cross_pathway,12,12,exact,66,66,76eec157c5b10dc3491d2634658fc4f981e424d1f19f0403898ece7ebd99a83c,76eec157c5b10dc3491d2634658fc4f981e424d1f19f0403898ece7ebd99a83c
TRAIN_NEG_00128,train,0,random_5_30,14,14,exact,91,91,52c973bdf5f8ce369d267d6ebc2c370c98ff94732dd00cc239405c2f9437096a,52c973bdf5f8ce369d267d6ebc2c370c98ff94732dd00cc239405c2f9437096a
TRAIN_NEG_00129,train,0,shuffled,32,30,hash_sampled,496,435,6561ea91d162375287ab7dc75434d93609c5c9234bbbf0b06c2f0cb65561702e,8840d6e43b67a8ee18dbd96345430034f0848d766901ef5ac33c8ead63690f81
TRAIN_NEG_00130,train,0,partial_50_80,38,30,hash_sampled,703,435,d753df95d6ab4e249be592c9a82eb08c1027e2ed5a898b79f5df954f360f4dca,2e82caf1c89ce3e05f47577981f102eab1990e0af99b6769b77192f1c2c3601e
TRAIN_NEG_00131,train,0,cross_pathway,11,11,exact,55,55,af3384a2fedc4798921cf8c2756afe7a64139d4441db0b7b982ad3dd5ab8a338,af3384a2fedc4798921cf8c2756afe7a64139d4441db0b7b982ad3dd5ab8a338
TRAIN_NEG_00132,train,0,random_5_30,7,7,exact,21,21,a77a7779bb5d75384cd88bc10b938aaad71d14bedacd832e690659a76a8fd4c8,a77a7779bb5d75384cd88bc10b938aaad71d14bedacd832e690659a76a8fd4c8
TRAIN_NEG_00133,train,0,shuffled,5,5,exact,10,10,c94251f998878ebb437bcdc6b058040a10579c923931a74b086046a1d9eb2b2a,c94251f998878ebb437bcdc6b058040a10579c923931a74b086046a1d9eb2b2a
TRAIN_NEG_00134,train,0,partial_50_80,11,11,exact,55,55,7830b442454131f23e6c125009405026623e8b2e8548b0e3e94fcc7606da3c44,7830b442454131f23e6c125009405026623e8b2e8548b0e3e94fcc7606da3c44
TRAIN_NEG_00135,train,0,cross_pathway,11,11,exact,55,55,6f3c230ba075dc74b3f13ed4a81a8ae6cca4cd8b816aaf5be4c6fb5bd07d3b02,6f3c230ba075dc74b3f13ed4a81a8ae6cca4cd8b816aaf5be4c6fb5bd07d3b02
TRAIN_NEG_00136,train,0,random_5_30,30,30,exact,435,435,13c972d07d320017f197469a39f333ab67ef3dd7d6ecbbd163cee86acbf45da8,13c972d07d320017f197469a39f333ab67ef3dd7d6ecbbd163cee86acbf45da8
TRAIN_NEG_00137,train,0,shuffled,18,18,exact,153,153,5222198df7d9fc2515dcace2be5bca00b15b9c9914e40bc60697dc8f52fd22af,5222198df7d9fc2515dcace2be5bca00b15b9c9914e40bc60697dc8f52fd22af
TRAIN_NEG_00138,train,0,partial_50_80,6,6,exact,15,15,3e476d71bc65cc0fb1eafd8b0b6ee799a0f6f9637b3c284d19e3eb30decd287a,3e476d71bc65cc0fb1eafd8b0b6ee799a0f6f9637b3c284d19e3eb30decd287a
TRAIN_NEG_00139,train,0,cross_pathway,44,30,hash_sampled,946,435,65e67f917f31755c31d13409ec8c67917327ea4fec8f24517cabd5295daad946,004514341e1d13dc3bf68c28b07b1a68ac0cfef63a56c7c993b15f9f788c13cf
TRAIN_NEG_00140,train,0,random_5_30,9,9,exact,36,36,1adb6c0abce943e609a8d82322b1891abafe9aef8b9681d6f3fb920c8751b792,1adb6c0abce943e609a8d82322b1891abafe9aef8b9681d6f3fb920c8751b792
TRAIN_NEG_00141,train,0,shuffled,32,30,hash_sampled,496,435,cff4b8093a98f873da8b077cb93191ddb37cf94655ab4cc13f5259dd4066e6b0,1a1623f60b5a8183f3525f0985ac6da41827a452ff61b86a00c5d8a23c2ae1c5
TRAIN_NEG_00142,train,0,partial_50_80,45,30,hash_sampled,990,435,ec5571d445bfd7352d87e70ba8c9c63007514a92e74af364e7c2beddd9cca554,4d686cd5ccfc595c6265d0347c850543b3dbfdcfd29702946e2b9b2ca1402d9c
TRAIN_NEG_00143,train,0,cross_pathway,12,12,exact,66,66,aa8bafeaa20ad9a7ec19b2706706fdd5be3b02de99fcf40ab87fe618ee801706,aa8bafeaa20ad9a7ec19b2706706fdd5be3b02de99fcf40ab87fe618ee801706
TRAIN_NEG_00144,train,0,random_5_30,21,21,exact,210,210,c59f192b100e235c1b25f57e2705cb5ec7c6bf4be9c78e3b0bbf12ccbfe2d9b9,c59f192b100e235c1b25f57e2705cb5ec7c6bf4be9c78e3b0bbf12ccbfe2d9b9
TRAIN_NEG_00145,train,0,shuffled,39,30,hash_sampled,741,435,7181a4badd6376fee37f8361d8f985204725763fce9bcecb2c7c1d3fe4b9cb22,f0de8deb58dba44fa2e08a68526fe21814334508e0c02d8a2feb0ed2532f5a1e
TRAIN_NEG_00146,train,0,partial_50_80,37,30,hash_sampled,666,435,e77be4543e00be326f4f99e0647dc636a42891a43937f34b5d771d8d0e98e227,0d4118c556edf368c16253cc0cd597d5c503743380f58399751805274d3bb986
TRAIN_NEG_00147,train,0,cross_pathway,44,30,hash_sampled,946,435,c6da3cc3f8f7ce6341e0cbe64c07160f73a95c66ba67262ceb9068ee53653969,be67332b3b0ce1d3a8911f86e489aba69523c8f8d0dd5350eb78af180873524c
TRAIN_NEG_00148,train,0,random_5_30,11,11,exact,55,55,aa41d99131f9b75a1ece6ee3c2a1fb0bf4b845b709836d2143c776ef1f6dd180,aa41d99131f9b75a1ece6ee3c2a1fb0bf4b845b709836d2143c776ef1f6dd180
TRAIN_NEG_00149,train,0,shuffled,24,24,exact,276,276,28ecd9641d9b1d5480a3d02d011e33778c85df8151d1e0fc4dc356009b8883df,28ecd9641d9b1d5480a3d02d011e33778c85df8151d1e0fc4dc356009b8883df
TRAIN_NEG_00150,train,0,partial_50_80,105,30,hash_sampled,5460,435,7f4ebbb4355aec83c033e3096e810e64a752385d9d9b7f86ac79e79027339b24,2a7b059ce780eafc25de3f465dc4c93df9c641595f4341762e21373ac99def10
TRAIN_NEG_00151,train,0,cross_pathway,26,26,exact,325,325,0277893021bba6177f017fd6f7d525288f34fe2a8c2189a15710fd8dba2f7d8c,0277893021bba6177f017fd6f7d525288f34fe2a8c2189a15710fd8dba2f7d8c
TRAIN_NEG_00152,train,0,random_5_30,30,30,exact,435,435,027c19f9bdecf4892bb5cdeeef1ac4cd91467c6458bb155ac4bf4634d4a53384,027c19f9bdecf4892bb5cdeeef1ac4cd91467c6458bb155ac4bf4634d4a53384
TRAIN_NEG_00153,train,0,shuffled,7,7,exact,21,21,2b6716b772543b17eb5aeb5221a3b8797ad34be6a6b029bc8d48d3a6c127fb01,2b6716b772543b17eb5aeb5221a3b8797ad34be6a6b029bc8d48d3a6c127fb01
TRAIN_NEG_00154,train,0,partial_50_80,6,6,exact,15,15,e6ffb8b1157bf00567e7a4d57b119eb25ab72ca6860905b81a6ce1438e7857ec,e6ffb8b1157bf00567e7a4d57b119eb25ab72ca6860905b81a6ce1438e7857ec
TRAIN_NEG_00155,train,0,cross_pathway,5,5,exact,10,10,9ad2ae81cebfad297e846a9b6dc2e8eec50b28fa03d9f2d3e6bd3b4e14008fc5,9ad2ae81cebfad297e846a9b6dc2e8eec50b28fa03d9f2d3e6bd3b4e14008fc5
TRAIN_NEG_00156,train,0,random_5_30,18,18,exact,153,153,31b2c1e15098e154ca10018fd710b69e2a01dd73497a5fb586d6620069514c42,31b2c1e15098e154ca10018fd710b69e2a01dd73497a5fb586d6620069514c42
TRAIN_NEG_00157,train,0,shuffled,9,9,exact,36,36,4332836edb18346cff03a9e90914607d7b7b59d70db3a491893221eec8864921,4332836edb18346cff03a9e90914607d7b7b59d70db3a491893221eec8864921
TRAIN_NEG_00158,train,0,partial_50_80,31,30,hash_sampled,465,435,47534fec6884d2f679cbbb792fad96afe08540612c48104fa9b32689cc48eb55,b7ac2b013943b4eea707ba43ab082e3c33d15360ae4ef24f71e53f7d6e109b8b
TRAIN_NEG_00159,train,0,cross_pathway,56,30,hash_sampled,1540,435,d52af6ec69c01c9f8fe5fa075c7818d88c713034c1652a8ae361ab43cd054bef,523c0a0adcd05485ed0207d5ed91b91fe40009f701fd6779f4209c740669f63c
TRAIN_NEG_00160,train,0,random_5_30,25,25,exact,300,300,d4cfe9ae383b1ea3563b36f69be0bbf45363be5437a0becbc7b385b77846a1b5,d4cfe9ae383b1ea3563b36f69be0bbf45363be5437a0becbc7b385b77846a1b5
TRAIN_NEG_00161,train,0,shuffled,11,11,exact,55,55,0f7aff09e6de547b2f247d1b093eaeae4b3d6e452a1e8eac49ef46a90aa91812,0f7aff09e6de547b2f247d1b093eaeae4b3d6e452a1e8eac49ef46a90aa91812
TRAIN_NEG_00162,train,0,partial_50_80,29,29,exact,406,406,72d6776d10571d475e34499556b3d4cc71323599ba4cc0b7e4979f3314c68919,72d6776d10571d475e34499556b3d4cc71323599ba4cc0b7e4979f3314c68919
TRAIN_NEG_00163,train,0,cross_pathway,14,14,exact,91,91,0472ba1255d7e926138f3324001f77d27e0c07b9c48f5fa2bee20fc15ef0d61c,0472ba1255d7e926138f3324001f77d27e0c07b9c48f5fa2bee20fc15ef0d61c
TRAIN_NEG_00164,train,0,random_5_30,14,14,exact,91,91,53981d5277a073bb69aa48e90d225b4bd74d6a3240cb9709ecfbc8e7948cfa3a,53981d5277a073bb69aa48e90d225b4bd74d6a3240cb9709ecfbc8e7948cfa3a
TRAIN_NEG_00165,train,0,shuffled,146,30,hash_sampled,10585,435,9c77c766a331a815c0f30d10aeed04bfc92e4d66eb9da4d37efc240ba67b0a6f,0e6b682e2a50b50c9e4ac224e5ae43444cb713269359444146b455d9054014f3
TRAIN_NEG_00166,train,0,partial_50_80,13,13,exact,78,78,e4855ab748ecf7728959ae567dfa20f69d42191b68c4fcf14d293d5cb23709db,e4855ab748ecf7728959ae567dfa20f69d42191b68c4fcf14d293d5cb23709db
TRAIN_NEG_00167,train,0,cross_pathway,39,30,hash_sampled,741,435,b6bf3118a677648ed2804adb985eb9d5426b018f4e5bf197311c0435be5a1a5b,2357571b1e86480fd70c9f21d61708a7dd933b7654b9e53562e63f5b3714f181
TRAIN_NEG_00168,train,0,random_5_30,22,22,exact,231,231,c022b36a0f09683e8338d67303537bf6eb8725848f0da29b4e5886c6a025274f,c022b36a0f09683e8338d67303537bf6eb8725848f0da29b4e5886c6a025274f
TRAIN_NEG_00169,train,0,shuffled,5,5,exact,10,10,318bee19d485657462cac39d61f34882a2c5b3aabd049c515cebbe4df725ac67,318bee19d485657462cac39d61f34882a2c5b3aabd049c515cebbe4df725ac67
TRAIN_NEG_00170,train,0,partial_50_80,5,5,exact,10,10,e2ad2b836b0f71e5d44fd54dcf13d63d88c1097f7b0009745dd12b047024099b,e2ad2b836b0f71e5d44fd54dcf13d63d88c1097f7b0009745dd12b047024099b
TRAIN_NEG_00171,train,0,cross_pathway,42,30,hash_sampled,861,435,89215c983fe621816ee550bc81f0d44a7d0c8bb7028d9a37083e46fbc52aba26,7b2aedb5bdaa5ad466f6ce1132c990fb5e58e8f92b865046062330069733fc10
TRAIN_NEG_00172,train,0,random_5_30,12,12,exact,66,66,171f09e7cdbd80480f44226751f47877958bfc5bb1818fe7f10c7e0bf872f34f,171f09e7cdbd80480f44226751f47877958bfc5bb1818fe7f10c7e0bf872f34f
TRAIN_NEG_00173,train,0,shuffled,21,21,exact,210,210,506a18084c862e24703b6933a576bc70e98f7530fc9b4877d0b53221e35e7cf8,506a18084c862e24703b6933a576bc70e98f7530fc9b4877d0b53221e35e7cf8
TRAIN_NEG_00174,train,0,partial_50_80,19,19,exact,171,171,5e2acfffe57e60aaa89030f4b9f03f44283990c1c55fed14abe5b3b83b46d22e,5e2acfffe57e60aaa89030f4b9f03f44283990c1c55fed14abe5b3b83b46d22e
TRAIN_NEG_00175,train,0,cross_pathway,14,14,exact,91,91,d430607a3536e8ee8861b3b4adf8318e6d6abafd9aa4ca8d9bfaa8ab7a8eff95,d430607a3536e8ee8861b3b4adf8318e6d6abafd9aa4ca8d9bfaa8ab7a8eff95
TRAIN_NEG_00176,train,0,random_5_30,22,22,exact,231,231,18410b05d47ca6aa3ce2abeba5544fbecf2304cd1e339854feff65d8af1d4d15,18410b05d47ca6aa3ce2abeba5544fbecf2304cd1e339854feff65d8af1d4d15
TRAIN_NEG_00177,train,0,shuffled,13,13,exact,78,78,dfd467b018d9fecb18f9b1eea1c042b6537601267b8f12c61d5f421458990a2a,dfd467b018d9fecb18f9b1eea1c042b6537601267b8f12c61d5f421458990a2a
TRAIN_NEG_00178,train,0,partial_50_80,8,8,exact,28,28,c740e8d0ba0a989b3356286cf50f70e4c6b60eba0b8d7ed48bbc2ca040151306,c740e8d0ba0a989b3356286cf50f70e4c6b60eba0b8d7ed48bbc2ca040151306
TRAIN_NEG_00179,train,0,cross_pathway,14,14,exact,91,91,e0620ab1b431cb5e88dbb8ddd95940b1ade75980eee18856c68f113c6c3ec599,e0620ab1b431cb5e88dbb8ddd95940b1ade75980eee18856c68f113c6c3ec599
TRAIN_NEG_00180,train,0,random_5_30,29,29,exact,406,406,4050f852d4ee1d15e22beb35f7a10718d96fe20c6acef7d50c60699303afdf76,4050f852d4ee1d15e22beb35f7a10718d96fe20c6acef7d50c60699303afdf76
TRAIN_NEG_00181,train,0,shuffled,8,8,exact,28,28,94a7c9c1791cf83e03eaa6b284917379066a8a19009783e345f1a108f54d1913,94a7c9c1791cf83e03eaa6b284917379066a8a19009783e345f1a108f54d1913
TRAIN_NEG_00182,train,0,partial_50_80,24,24,exact,276,276,0d6b8372e6cadfa96cb7becbd6f8d674f86c6612022b1123b10aafafc6a1f779,0d6b8372e6cadfa96cb7becbd6f8d674f86c6612022b1123b10aafafc6a1f779
TRAIN_NEG_00183,train,0,cross_pathway,13,13,exact,78,78,a3b88c005aeb05c596cfe3d2c8673c9eef5f205ebf4fb1d440de65bd759d7106,a3b88c005aeb05c596cfe3d2c8673c9eef5f205ebf4fb1d440de65bd759d7106
TRAIN_NEG_00184,train,0,random_5_30,26,26,exact,325,325,766d839f392ffa43009f73b3f37e861ad6cdbde877dfee3eed25468028b05a20,766d839f392ffa43009f73b3f37e861ad6cdbde877dfee3eed25468028b05a20
TRAIN_NEG_00185,train,0,shuffled,21,21,exact,210,210,d116d1e7734a9edc3b1dd1201315bbdf6cce6c3d42950831491a45b1ea79c057,d116d1e7734a9edc3b1dd1201315bbdf6cce6c3d42950831491a45b1ea79c057
TRAIN_NEG_00186,train,0,partial_50_80,19,19,exact,171,171,67058296094b903791227da91f8c4a4a3101dcfbfe01bed9a19a8406c00e12e2,67058296094b903791227da91f8c4a4a3101dcfbfe01bed9a19a8406c00e12e2
TRAIN_NEG_00187,train,0,cross_pathway,25,25,exact,300,300,e21316e3561003a65ff0e8c721ebc71fc70258b247a4c1bfcb75abc99bea4848,e21316e3561003a65ff0e8c721ebc71fc70258b247a4c1bfcb75abc99bea4848
TRAIN_NEG_00188,train,0,random_5_30,27,27,exact,351,351,a53ccd07bcdaaba6053d5d64adf53e1b2666a0d1a8992a692ad9a0da340ed092,a53ccd07bcdaaba6053d5d64adf53e1b2666a0d1a8992a692ad9a0da340ed092
TRAIN_NEG_00189,train,0,shuffled,12,12,exact,66,66,4f032aacf5f10f382640aeb5576cd95293490df9e331d9eb92c72f0a3eab382c,4f032aacf5f10f382640aeb5576cd95293490df9e331d9eb92c72f0a3eab382c
TRAIN_NEG_00190,train,0,partial_50_80,8,8,exact,28,28,652139e02da830af8a3bad00128791df13e388ce6c8825692b0418e30cfcbaf2,652139e02da830af8a3bad00128791df13e388ce6c8825692b0418e30cfcbaf2
TRAIN_NEG_00191,train,0,cross_pathway,32,30,hash_sampled,496,435,7adbab5d25688d11c149e3cfb9e52fa619c31b4797948d1f32f122d4db4f9f18,9bd84c504a8cdf2cd29a4f3ee65c6a3e1bca3dde1d7c69a1385751d9ac13ccbd
TRAIN_NEG_00192,train,0,random_5_30,16,16,exact,120,120,28fea513f4a0d69fda801f30974cddac79a08548685cf3e021346856bcb889fa,28fea513f4a0d69fda801f30974cddac79a08548685cf3e021346856bcb889fa
TRAIN_NEG_00193,train,0,shuffled,9,9,exact,36,36,8b033ce458c16f9c92d6487d1a84faf7a0e6f45756e1d1da5c77b58e92a1f2a1,8b033ce458c16f9c92d6487d1a84faf7a0e6f45756e1d1da5c77b58e92a1f2a1
TRAIN_NEG_00194,train,0,partial_50_80,16,16,exact,120,120,7d6cffc5116dc1a80af39b2690a2f8e1fd80a9f56f36ce219e5caf58ee76bb84,7d6cffc5116dc1a80af39b2690a2f8e1fd80a9f56f36ce219e5caf58ee76bb84
TRAIN_NEG_00195,train,0,cross_pathway,20,20,exact,190,190,0e11d6381b1682407ea18140d87a433492f2b1104a913c219a4e884c9a62f723,0e11d6381b1682407ea18140d87a433492f2b1104a913c219a4e884c9a62f723
TRAIN_NEG_00196,train,0,random_5_30,16,16,exact,120,120,3128cceb479bc10928e3f68415236249f6cb55116c9bbf1d72d1cd9b0f92f924,3128cceb479bc10928e3f68415236249f6cb55116c9bbf1d72d1cd9b0f92f924
TRAIN_NEG_00197,train,0,shuffled,47,30,hash_sampled,1081,435,c5123741661e80514550d9b50620c0294197bc799b2f542b6a3da319d305934a,3cd25fe1c5acbbfe1093327113984e769bfcbf03d11c965d781f9978da2cbea5
TRAIN_NEG_00198,train,0,partial_50_80,41,30,hash_sampled,820,435,bbd35b82476adc84bc4107ee768b520cfd6e9cc40b1c0cf71ae7343b913c338e,54067ee4353be6cc3d4442c623ceb471f743df892a6c8ef85046ba488d0a424f
TRAIN_NEG_00199,train,0,cross_pathway,6,6,exact,15,15,40c3d679a08f0655f27a93e05595dd776832a521fc0db8cf8c1083fd2d197a92,40c3d679a08f0655f27a93e05595dd776832a521fc0db8cf8c1083fd2d197a92
TRAIN_NEG_00200,train,0,random_5_30,23,23,exact,253,253,460a34228f7222bd21122ceecf12c048c2247cd1e4c7b0502bb39b6866f1e76f,460a34228f7222bd21122ceecf12c048c2247cd1e4c7b0502bb39b6866f1e76f
TRAIN_NEG_00201,train,0,shuffled,5,5,exact,10,10,4c9950d8298446e334072998c5f19470cac05826e816552974c44af6c082e9d3,4c9950d8298446e334072998c5f19470cac05826e816552974c44af6c082e9d3
TRAIN_NEG_00202,train,0,partial_50_80,76,30,hash_sampled,2850,435,d93076fb3eb8c682df467011c90f36e00ad3cc766fb80710ba2c737b1eee7391,31418536e0f75147d9b6232cf834c91ca692e924b6447af96bbe2c425c56caab
TRAIN_NEG_00203,train,0,cross_pathway,6,6,exact,15,15,4a68656b6b6a2ac0e35e26ea08e7ddaea2fe69f71c6d409f161cabdacc7331c2,4a68656b6b6a2ac0e35e26ea08e7ddaea2fe69f71c6d409f161cabdacc7331c2
TRAIN_NEG_00204,train,0,random_5_30,7,7,exact,21,21,a3f6d7aee7c3f39b820426b9a85c7cdf2482080707cf7c7570e1780fe360c6d4,a3f6d7aee7c3f39b820426b9a85c7cdf2482080707cf7c7570e1780fe360c6d4
TRAIN_NEG_00205,train,0,shuffled,9,9,exact,36,36,5619af4b9ce891d87a55061839423f1f8d39509f3cb611515d44f26f3f90e292,5619af4b9ce891d87a55061839423f1f8d39509f3cb611515d44f26f3f90e292
TRAIN_NEG_00206,train,0,partial_50_80,11,11,exact,55,55,e66adfb215ccc795ae8a47acdcf6bdb18ca82a4bafe02c4997e7e6c4aa93f58c,e66adfb215ccc795ae8a47acdcf6bdb18ca82a4bafe02c4997e7e6c4aa93f58c
TRAIN_NEG_00207,train,0,cross_pathway,7,7,exact,21,21,9cd215b5054b7a53779bf2ac0d57c00d6eb983cd59b8e3c3836d901bfbfdaded,9cd215b5054b7a53779bf2ac0d57c00d6eb983cd59b8e3c3836d901bfbfdaded
TRAIN_NEG_00208,train,0,random_5_30,14,14,exact,91,91,15992fa15c1e9f560828542c4cbdee91d2c1bdfb411d86f6286cdc9f4ca9722d,15992fa15c1e9f560828542c4cbdee91d2c1bdfb411d86f6286cdc9f4ca9722d
TRAIN_NEG_00209,train,0,shuffled,22,22,exact,231,231,94ebe3562c1907e69ab422399bae6c6e0460af90e5719c5801622d6344346da0,94ebe3562c1907e69ab422399bae6c6e0460af90e5719c5801622d6344346da0
TRAIN_NEG_00210,train,0,partial_50_80,10,10,exact,45,45,4cfa9db93e46ee9928d50ba3f1726d245e82d3ea9431556a5991f3a647bec7a6,4cfa9db93e46ee9928d50ba3f1726d245e82d3ea9431556a5991f3a647bec7a6
TRAIN_NEG_00211,train,0,cross_pathway,41,30,hash_sampled,820,435,d5a19d1e4e0e2146c19686d5fd03233cf323774b1bc73621f1c350d97c3b6531,882028a6ae7b063e15ae610ab582a5bf754007ba7655323b70ebb3cfb022f60f
TRAIN_NEG_00212,train,0,random_5_30,19,19,exact,171,171,2ccffe5084b598c8f25397b586b89176985f3b1a65523585ea70fdac5e03a167,2ccffe5084b598c8f25397b586b89176985f3b1a65523585ea70fdac5e03a167
TRAIN_NEG_00213,train,0,shuffled,65,30,hash_sampled,2080,435,d43c5e1ddee4496509558b8ed862c8ee1d7c82316af57690e14ef2018cedef24,31a62ce91211f5a60c7c81eda017b2f0d9234a7be72d7cbd54fad82805232033
TRAIN_NEG_00214,train,0,partial_50_80,7,7,exact,21,21,a160afc3ddc896caad81a08a12a6364407e2d6d033de2d71e61957f2d1811b76,a160afc3ddc896caad81a08a12a6364407e2d6d033de2d71e61957f2d1811b76
TRAIN_NEG_00215,train,0,cross_pathway,6,6,exact,15,15,e917dbdcdb7612b835dd0e2c0b61667ca2faef8546f26473e7df049a090dbe0a,e917dbdcdb7612b835dd0e2c0b61667ca2faef8546f26473e7df049a090dbe0a
TRAIN_NEG_00216,train,0,random_5_30,13,13,exact,78,78,d92191f77395ad48e1639aa12b37ab5b93f54b313e7047294a267dcf0568eaac,d92191f77395ad48e1639aa12b37ab5b93f54b313e7047294a267dcf0568eaac
TRAIN_NEG_00217,train,0,shuffled,62,30,hash_sampled,1891,435,757eae60b45e209bd682d0aa8be7df609b808eeb77d38c93f51785bdaa36e05d,767fd33b4ec4fd40687ae6c12c33c868ffe6f7dd63f780e1cdfa818b60bc6ee8
TRAIN_NEG_00218,train,0,partial_50_80,11,11,exact,55,55,63cdf7d75188017c089dbb85252294d31546b790cc81f240db607bb97d0be201,63cdf7d75188017c089dbb85252294d31546b790cc81f240db607bb97d0be201
TRAIN_NEG_00219,train,0,cross_pathway,19,19,exact,171,171,1bb53ea05efbb23d8685db294cb346846456f40dc27640470aa4a6ddf974d339,1bb53ea05efbb23d8685db294cb346846456f40dc27640470aa4a6ddf974d339
TRAIN_NEG_00220,train,0,random_5_30,7,7,exact,21,21,e643a3ef48e79e1f62a85abe0449487dce237b0630a02bcc773c1c34e4cf3983,e643a3ef48e79e1f62a85abe0449487dce237b0630a02bcc773c1c34e4cf3983
TRAIN_NEG_00221,train,0,shuffled,5,5,exact,10,10,b5b0525978dc9974d501d12c96f081d54896960a79ba4b9d743ff0e74c5ae6d8,b5b0525978dc9974d501d12c96f081d54896960a79ba4b9d743ff0e74c5ae6d8
TRAIN_NEG_00222,train,0,partial_50_80,8,8,exact,28,28,30576f0ed44b174ee13a18fc6a76e3f9bb6002c7bf47545ed1ba6cf684319237,30576f0ed44b174ee13a18fc6a76e3f9bb6002c7bf47545ed1ba6cf684319237
TRAIN_NEG_00223,train,0,cross_pathway,10,10,exact,45,45,5ca0e573bb11c5f76d3d782d801f1e535b8f169ef531c9bb6bb175ad5c204212,5ca0e573bb11c5f76d3d782d801f1e535b8f169ef531c9bb6bb175ad5c204212
TRAIN_NEG_00224,train,0,random_5_30,26,26,exact,325,325,a91b92a33cdd64f565ed27cea4fb82017f864d2c107590ef71716989e0b6faf7,a91b92a33cdd64f565ed27cea4fb82017f864d2c107590ef71716989e0b6faf7
TRAIN_NEG_00225,train,0,shuffled,7,7,exact,21,21,b5d83b3fb5b21fbb3b7eab7ab909df4d71e3b403209a9dfe4bf09306dc04b10f,b5d83b3fb5b21fbb3b7eab7ab909df4d71e3b403209a9dfe4bf09306dc04b10f
TRAIN_NEG_00226,train,0,partial_50_80,28,28,exact,378,378,97530c50b3222444aad6db55514dfb564c5c051e5195bc543932cb232db0b1fd,97530c50b3222444aad6db55514dfb564c5c051e5195bc543932cb232db0b1fd
TRAIN_NEG_00227,train,0,cross_pathway,17,17,exact,136,136,122a2393d01c15dd7a5e073560d59021f1796acb2edb4847a5d60f65145d0571,122a2393d01c15dd7a5e073560d59021f1796acb2edb4847a5d60f65145d0571
TRAIN_NEG_00228,train,0,random_5_30,18,18,exact,153,153,df3e8095e62cd47a5fba95f5164005a59b92462887e9f2c383ea4381cd5a71bf,df3e8095e62cd47a5fba95f5164005a59b92462887e9f2c383ea4381cd5a71bf
TRAIN_NEG_00229,train,0,shuffled,12,12,exact,66,66,ae7ac11453a0213c6985e8eed07c4fa011f43dbfdfc14609eb7972c70ab47f66,ae7ac11453a0213c6985e8eed07c4fa011f43dbfdfc14609eb7972c70ab47f66
TRAIN_NEG_00230,train,0,partial_50_80,18,18,exact,153,153,ecf520412a15e28c91aa16a924487678f6979255c91d52c5ba1cd05b7198f105,ecf520412a15e28c91aa16a924487678f6979255c91d52c5ba1cd05b7198f105
TRAIN_NEG_00231,train,0,cross_pathway,63,30,hash_sampled,1953,435,a54ddc22640c45083fce075a4fe6ea4845a0f3faccaeb78b0564f81b93ffca31,b199150b950b3bb319a31b7dbdab74ea5994fe0c68465a2f3797ffd61cb5e2ee
TRAIN_NEG_00232,train,0,random_5_30,20,20,exact,190,190,54741a8dd28a9ed0af346d5f5ef581caeaac4659583b8f7608e53a6e32b40f87,54741a8dd28a9ed0af346d5f5ef581caeaac4659583b8f7608e53a6e32b40f87
TRAIN_NEG_00233,train,0,shuffled,8,8,exact,28,28,39bdb93c57c2f2f77afdf496c32c68f5d75c102866dfe11ce91b553d1a612893,39bdb93c57c2f2f77afdf496c32c68f5d75c102866dfe11ce91b553d1a612893
TRAIN_NEG_00234,train,0,partial_50_80,16,16,exact,120,120,0425270d0c0733eb6d8ffae1aee65843158840faadd75e06dc42211c49ee43ea,0425270d0c0733eb6d8ffae1aee65843158840faadd75e06dc42211c49ee43ea
TRAIN_NEG_00235,train,0,cross_pathway,20,20,exact,190,190,c8732ddd707b0d6c235c56807f9f09c9d35f942747f74ba792521328ec6e35c7,c8732ddd707b0d6c235c56807f9f09c9d35f942747f74ba792521328ec6e35c7
TRAIN_NEG_00236,train,0,random_5_30,16,16,exact,120,120,b7298f10b8f4cd2de8ca96bd4dc5ef0ddf4ab6de36bd3ab4c5b1135360e67a5d,b7298f10b8f4cd2de8ca96bd4dc5ef0ddf4ab6de36bd3ab4c5b1135360e67a5d
TRAIN_NEG_00237,train,0,shuffled,57,30,hash_sampled,1596,435,64e0b71138c548b4be2429682c7be2c17dc09656cd80cfa77cfb8b7c914991cd,e8a140145a45a0b3322f99877f9861cde40a317baa4dc2d94db3ad1cfa29f2ba
TRAIN_NEG_00238,train,0,partial_50_80,64,30,hash_sampled,2016,435,cdf8f17d9ba2e8662df8160d8ea3eb76a5671b55aa764bbef806c27164c84777,6729f2e30b477c87fba8e1fbbd9d4851e1b922ad8de53c16e035e469dc8ec6b4
TRAIN_NEG_00239,train,0,cross_pathway,24,24,exact,276,276,7423c857a3584325859a42eb34f6d804e16a705923de5ba6ecd3034ea6246936,7423c857a3584325859a42eb34f6d804e16a705923de5ba6ecd3034ea6246936
TRAIN_NEG_00240,train,0,random_5_30,9,9,exact,36,36,1c816ea8bc1ae696660ef4dd4e13d54542a1e835108c6f3248fcd403e9de253a,1c816ea8bc1ae696660ef4dd4e13d54542a1e835108c6f3248fcd403e9de253a
TRAIN_NEG_00241,train,0,shuffled,27,27,exact,351,351,f613b261e33a7715c5782e5e484b534b3de69edcd38f7a1038a9d6d4e61135af,f613b261e33a7715c5782e5e484b534b3de69edcd38f7a1038a9d6d4e61135af
TRAIN_NEG_00242,train,0,partial_50_80,12,12,exact,66,66,045bcf356255113f360cd88e6e69a5a774ba91f77de63f64287e7220e7d2123e,045bcf356255113f360cd88e6e69a5a774ba91f77de63f64287e7220e7d2123e
TRAIN_NEG_00243,train,0,cross_pathway,22,22,exact,231,231,c285d6c2000a9a7713e1607c752d3ee0fa1fae15bf43f9676921de79b1192aef,c285d6c2000a9a7713e1607c752d3ee0fa1fae15bf43f9676921de79b1192aef
TRAIN_NEG_00244,train,0,random_5_30,21,21,exact,210,210,b20ab2a88a4718d64dbef4b5046edd924f3847147660842bb4843c7ea6ff21f0,b20ab2a88a4718d64dbef4b5046edd924f3847147660842bb4843c7ea6ff21f0
TRAIN_NEG_00245,train,0,shuffled,10,10,exact,45,45,6ab5d5e904cc96583d97cbf311ad133cc9b07ce7e6e773309891706fe53728a9,6ab5d5e904cc96583d97cbf311ad133cc9b07ce7e6e773309891706fe53728a9
TRAIN_NEG_00246,train,0,partial_50_80,5,5,exact,10,10,fec9438c9abb141dda0036fbcd5313d3106755df9f51ca394ba899d6f3c0e499,fec9438c9abb141dda0036fbcd5313d3106755df9f51ca394ba899d6f3c0e499
TRAIN_NEG_00247,train,0,cross_pathway,25,25,exact,300,300,c4c6265f95d6f44bee5631200ca80321256e67c3f4a07d9e497ece9cc5574f51,c4c6265f95d6f44bee5631200ca80321256e67c3f4a07d9e497ece9cc5574f51
TRAIN_NEG_00248,train,0,random_5_30,23,23,exact,253,253,6083dd24dbabde46e64f1d267b6b501591658ab1cd29cf9ae74c673482c6dbe6,6083dd24dbabde46e64f1d267b6b501591658ab1cd29cf9ae74c673482c6dbe6
TRAIN_NEG_00249,train,0,shuffled,32,30,hash_sampled,496,435,6e0fb8b197623719a21e3f439e93e60c538197ace150098934249bc3df115885,90ff8c461343e929cfeb264fcb7063ddbaedadf9b3f2d8cf72be7771da1cf65f
TRAIN_NEG_00250,train,0,partial_50_80,9,9,exact,36,36,d676b1bd7d06e57048dd9ea57dcf976280a3d18d9a1d01f3c51c1cf2e65dea1c,d676b1bd7d06e57048dd9ea57dcf976280a3d18d9a1d01f3c51c1cf2e65dea1c
TRAIN_NEG_00251,train,0,cross_pathway,8,8,exact,28,28,70abb8b4daec5d5d1450be7d08de55b0cf22c58443983899dd5739eab232ad0d,70abb8b4daec5d5d1450be7d08de55b0cf22c58443983899dd5739eab232ad0d
TRAIN_NEG_00252,train,0,random_5_30,6,6,exact,15,15,fd72fc5b50a0bd82253959bb27f7265b6d3a55074fbc1ceadf49ba69a712ce4c,fd72fc5b50a0bd82253959bb27f7265b6d3a55074fbc1ceadf49ba69a712ce4c
TRAIN_NEG_00253,train,0,shuffled,32,30,hash_sampled,496,435,497c46996f1a90536607ddf00fede7b456dbc4e26c931231b7c4bc5b79346b2a,d02e9850c1d87305d5060d00cfb4aac5f15f58e68fe023f9ca2f931ea069ebc3
TRAIN_NEG_00254,train,0,partial_50_80,11,11,exact,55,55,cfecb695939d9be3479efdb2d4d0c6e6bc05a146dda7d0938dec35a372734112,cfecb695939d9be3479efdb2d4d0c6e6bc05a146dda7d0938dec35a372734112
TRAIN_NEG_00255,train,0,cross_pathway,29,29,exact,406,406,2335c08691f90bd8571148b1da619395bdf17b82e9a123046f85e2a43b279df2,2335c08691f90bd8571148b1da619395bdf17b82e9a123046f85e2a43b279df2
TRAIN_NEG_00256,train,0,random_5_30,10,10,exact,45,45,a9fb83be44941a589d9c807612954df8c6c8ea40df7c0d7267eabe972cfcea6b,a9fb83be44941a589d9c807612954df8c6c8ea40df7c0d7267eabe972cfcea6b
TRAIN_NEG_00257,train,0,shuffled,22,22,exact,231,231,b8374789928da54a72418ae85bc7b210d613c92730d5ac70975a7d6e4195ffac,b8374789928da54a72418ae85bc7b210d613c92730d5ac70975a7d6e4195ffac
TRAIN_NEG_00258,train,0,partial_50_80,9,9,exact,36,36,d53dd266e6afa525692dfe8318260ec7a9065b7b222c8d90433cc11505ef127d,d53dd266e6afa525692dfe8318260ec7a9065b7b222c8d90433cc11505ef127d
TRAIN_NEG_00259,train,0,cross_pathway,9,9,exact,36,36,f4581628fb5571c503a3769cdfcc45cfee97f54fe5ac36e33c695fba9a8db14a,f4581628fb5571c503a3769cdfcc45cfee97f54fe5ac36e33c695fba9a8db14a
TRAIN_NEG_00260,train,0,random_5_30,14,14,exact,91,91,8f983aaa815779f84ca05d7b7a105eec12837162e4976cc54bb2b9088ed20124,8f983aaa815779f84ca05d7b7a105eec12837162e4976cc54bb2b9088ed20124
TRAIN_NEG_00261,train,0,shuffled,5,5,exact,10,10,5a69a7544db077be668b58c2fd13083573ecb2ace0b6c74aba0454fba76b2806,5a69a7544db077be668b58c2fd13083573ecb2ace0b6c74aba0454fba76b2806
TRAIN_NEG_00262,train,0,partial_50_80,24,24,exact,276,276,0a856ea15f81000b0af2344b3ad96d5ba3bb9b3b008fe93b7f5f73b87081cc5b,0a856ea15f81000b0af2344b3ad96d5ba3bb9b3b008fe93b7f5f73b87081cc5b
TRAIN_NEG_00263,train,0,cross_pathway,14,14,exact,91,91,3d16f41a64d39364a621ae13898c2ca13b2821b492e7de419ca44fa4e36c6047,3d16f41a64d39364a621ae13898c2ca13b2821b492e7de419ca44fa4e36c6047
TRAIN_NEG_00264,train,0,random_5_30,13,13,exact,78,78,27a5cf6871efb5ce1eb8bb3c382dcc66e3faf35539b1fc08ec2e02c0f8b087ec,27a5cf6871efb5ce1eb8bb3c382dcc66e3faf35539b1fc08ec2e02c0f8b087ec
TRAIN_NEG_00265,train,0,shuffled,7,7,exact,21,21,e4ce891967ca33f80b998a6d6d0d58fdd2bfd2921d544409d878c922a462bc6e,e4ce891967ca33f80b998a6d6d0d58fdd2bfd2921d544409d878c922a462bc6e
TRAIN_NEG_00266,train,0,partial_50_80,22,22,exact,231,231,91b0b1371b48632766c50090b376e6ff1bbde23f45a691b216da974b37e99f73,91b0b1371b48632766c50090b376e6ff1bbde23f45a691b216da974b37e99f73
TRAIN_NEG_00267,train,0,cross_pathway,53,30,hash_sampled,1378,435,f451a89f684bdbb71bd9d4e30b76f72da279cd64a9f58f555afaa63600ee6133,0e8bc84347b617c0f6a959872a232859ab5d1ed6d19481c1b0e189dd0a97fc75
TRAIN_NEG_00268,train,0,random_5_30,27,27,exact,351,351,243ad16a6190caaa8f1dd9cd0f889c4865476713c0978b11fe2ba8239c85ecaf,243ad16a6190caaa8f1dd9cd0f889c4865476713c0978b11fe2ba8239c85ecaf
TRAIN_NEG_00269,train,0,shuffled,25,25,exact,300,300,ea79b24af7e8a1054b02b1c0c2058683bca57e550ba9c6641ed7634138cae161,ea79b24af7e8a1054b02b1c0c2058683bca57e550ba9c6641ed7634138cae161
TRAIN_NEG_00270,train,0,partial_50_80,120,30,hash_sampled,7140,435,0dbe98e6fe07fd8dfa353f44e75f5dc43df8de196b25da6070a5746c59b2236d,445e6d4ab0de119bad106f267ec5f12d258b2619ed41c27efe0a9dffe7f54e53
TRAIN_NEG_00271,train,0,cross_pathway,37,30,hash_sampled,666,435,8e8dfdad18eaaf50eb5cd9db41e4fb86834ca6cf6f12f601c86a193af27b62a0,86ad5660b5f36c9bc8dd6bdbbf5be1a6b5c4f6e2e2df039abea9eb0615b74e90
TRAIN_NEG_00272,train,0,random_5_30,9,9,exact,36,36,1c4acfe7e333be92bec85f82ae5e52ba71fa4b33c000d4068b39ccf0e3515e73,1c4acfe7e333be92bec85f82ae5e52ba71fa4b33c000d4068b39ccf0e3515e73
TRAIN_NEG_00273,train,0,shuffled,34,30,hash_sampled,561,435,0e5245609117874cc5ae5ed6ee9b1d4a21c7d629487d3822b7a6d2b57ae95304,92e56a0bf2b74cef64c0cbbbf6476e0b6bd003625e33d47d1dde63e2ca24186e
TRAIN_NEG_00274,train,0,partial_50_80,9,9,exact,36,36,3e6509f61dba391b122a198aa48cb3a9a24634ab3574cefc380267df84be9e73,3e6509f61dba391b122a198aa48cb3a9a24634ab3574cefc380267df84be9e73
TRAIN_NEG_00275,train,0,cross_pathway,61,30,hash_sampled,1830,435,992c67c1f95c2152cdf524adc92150aafed148f8c632c722e00198863117c2f3,c1d05523a1937828b7ad4324227e5a8a1f2b16efe868285460a4ff52329ace82
TRAIN_NEG_00276,train,0,random_5_30,7,7,exact,21,21,2e76ec2a6669f28916e3c24518cb18452bdae32330b460e7ca61559d85c1fe02,2e76ec2a6669f28916e3c24518cb18452bdae32330b460e7ca61559d85c1fe02
TRAIN_NEG_00277,train,0,shuffled,15,15,exact,105,105,5cf55067b00f1eb6826135e68f8056b44258f5552ae5c3ea8ad824a7d47ee59a,5cf55067b00f1eb6826135e68f8056b44258f5552ae5c3ea8ad824a7d47ee59a
TRAIN_NEG_00278,train,0,partial_50_80,6,6,exact,15,15,8b3d9ddf1dd26ef9f0599c6d704a84611061731f1d54f0881e84975da6ff2bdc,8b3d9ddf1dd26ef9f0599c6d704a84611061731f1d54f0881e84975da6ff2bdc
TRAIN_NEG_00279,train,0,cross_pathway,14,14,exact,91,91,e41f84f1a3f88c9e4f8610b90dcc995efa8d71df35ca14d5baec40a6b05dd877,e41f84f1a3f88c9e4f8610b90dcc995efa8d71df35ca14d5baec40a6b05dd877
TRAIN_NEG_00280,train,0,random_5_30,12,12,exact,66,66,744fe00cc00b440d9d490809f5ef009019c2830e9f5fbdb0fecc7d2343a490a6,744fe00cc00b440d9d490809f5ef009019c2830e9f5fbdb0fecc7d2343a490a6
TRAIN_NEG_00281,train,0,shuffled,6,6,exact,15,15,44ecb902e24f9c798227bd0763dec4065796b0f7659b1a77425f0ebf8104e11e,44ecb902e24f9c798227bd0763dec4065796b0f7659b1a77425f0ebf8104e11e
TRAIN_NEG_00282,train,0,partial_50_80,79,30,hash_sampled,3081,435,28a09c3925681d86226379f2f30b332fcbfd6ca870544377ab017d4c9cc28449,1a0804d5dfed7fd9add053da29a45e4313989d876f7c991018aa93b2383decba
TRAIN_NEG_00283,train,0,cross_pathway,9,9,exact,36,36,9a02ebbdadf416459ac7c2c8fc785e3168b613b61cffbf4aef013ac41c69ce48,9a02ebbdadf416459ac7c2c8fc785e3168b613b61cffbf4aef013ac41c69ce48
TRAIN_NEG_00284,train,0,random_5_30,25,25,exact,300,300,b7d47a9b32d426543686ac3f5845732b2ef7b661df1ae102f75b1257040d2c61,b7d47a9b32d426543686ac3f5845732b2ef7b661df1ae102f75b1257040d2c61
TRAIN_NEG_00285,train,0,shuffled,6,6,exact,15,15,7a9462232d9f32dda32a81497ff2c942519424aa9ecc221205e2d87f2ead0a00,7a9462232d9f32dda32a81497ff2c942519424aa9ecc221205e2d87f2ead0a00
TRAIN_NEG_00286,train,0,partial_50_80,6,6,exact,15,15,e5609b7ed8c1730908a9f37e4320d23c3a9d3e3323197c52d46b0462e0d9e671,e5609b7ed8c1730908a9f37e4320d23c3a9d3e3323197c52d46b0462e0d9e671
TRAIN_NEG_00287,train,0,cross_pathway,14,14,exact,91,91,8b43b99f3d543ea06af311fa406b249c3cc10f07a4abdc6eadb4b3438477eaaf,8b43b99f3d543ea06af311fa406b249c3cc10f07a4abdc6eadb4b3438477eaaf
TRAIN_NEG_00288,train,0,random_5_30,17,17,exact,136,136,1940442dd79cc452cdba9549cdc5cc9cf311ec4e991b9f600e75c668443ec3f7,1940442dd79cc452cdba9549cdc5cc9cf311ec4e991b9f600e75c668443ec3f7
TRAIN_NEG_00289,train,0,shuffled,10,10,exact,45,45,b535062ab25de4f01d1774e1e1c491ef286ca94e59d5c2a7317f1ac14f2321df,b535062ab25de4f01d1774e1e1c491ef286ca94e59d5c2a7317f1ac14f2321df
TRAIN_NEG_00290,train,0,partial_50_80,22,22,exact,231,231,8c71586da70405735d207cbae0ff47d9429a532348a0d1c76346c729c3b5ac30,8c71586da70405735d207cbae0ff47d9429a532348a0d1c76346c729c3b5ac30
TRAIN_NEG_00291,train,0,cross_pathway,179,30,hash_sampled,15931,435,84b6db49ad344d28233e4e7a838077777f5ad3ce1e56a11f1f3af85d6bfb87eb,34d34beafa93e0fb6a847f374ae4021200bb4fd8c479dd2bbc1e02a74e7d8213
TRAIN_NEG_00292,train,0,random_5_30,11,11,exact,55,55,4dcc81a29b6c3bfbeb5590a67fe87e9b2bd5b2057611ca56fa4e548e0c6bd3d4,4dcc81a29b6c3bfbeb5590a67fe87e9b2bd5b2057611ca56fa4e548e0c6bd3d4
TRAIN_NEG_00293,train,0,shuffled,16,16,exact,120,120,a52df3cd914e2b326e9d07eedd9983e2497d91ad7c0744f3bc9bf826c23f4822,a52df3cd914e2b326e9d07eedd9983e2497d91ad7c0744f3bc9bf826c23f4822
TRAIN_NEG_00294,train,0,partial_50_80,9,9,exact,36,36,321f9779d330034ba82db20bc239f55ed5111d41fa5e65d862ef21a9479f2860,321f9779d330034ba82db20bc239f55ed5111d41fa5e65d862ef21a9479f2860
TRAIN_NEG_00295,train,0,cross_pathway,39,30,hash_sampled,741,435,a394dc5c2b9fa5bd22c2ecaedbd2d3eddd6c60056c301d1ba706e20c69a4a183,57e02e4a15b61f89ef543163fb8fd721117ec1b6c18fcfff60012e085902d7f5
TRAIN_NEG_00296,train,0,random_5_30,16,16,exact,120,120,9d29b1f322fd63a986527ec1c9fa0c72efecc530522830f13f479f2dc20a4dfb,9d29b1f322fd63a986527ec1c9fa0c72efecc530522830f13f479f2dc20a4dfb
TRAIN_NEG_00297,train,0,shuffled,12,12,exact,66,66,5d09c6243d876b63dbaac54dbb2a2d3a5e04a74e621ae59dbc65dc08efcb79ee,5d09c6243d876b63dbaac54dbb2a2d3a5e04a74e621ae59dbc65dc08efcb79ee
TRAIN_NEG_00298,train,0,partial_50_80,15,15,exact,105,105,771ede0a9c7a96e1f107c5dfc27448fd30b709cef4a8fde7eee133c564b8e356,771ede0a9c7a96e1f107c5dfc27448fd30b709cef4a8fde7eee133c564b8e356
TRAIN_NEG_00299,train,0,cross_pathway,34,30,hash_sampled,561,435,3ca92d7681d783c7e870a62ccc7cd7d3913d7140d1485e0ff46b0ff52bfb627e,ea375303631c4f6a91fc0ce67fce9c7ecaee110f9d0a291e80b4e8390b6955bc
TRAIN_NEG_00300,train,0,random_5_30,22,22,exact,231,231,744ea2cc0c89f90111d17cada806b6f6c9e9379c333a4f665a0ebc673eb7e542,744ea2cc0c89f90111d17cada806b6f6c9e9379c333a4f665a0ebc673eb7e542
TRAIN_NEG_00301,train,0,shuffled,22,22,exact,231,231,72ec1ea24b3911a43999a4b523f8839a2d008cc742a1b5d2235f2832a4e10fb9,72ec1ea24b3911a43999a4b523f8839a2d008cc742a1b5d2235f2832a4e10fb9
TRAIN_NEG_00302,train,0,partial_50_80,41,30,hash_sampled,820,435,8f739019907da875ae8e30f00bd50e464244d47defea4cc2c9058bea099316af,952fc6d442d518bde9ab24bd523398074a5a05651645b098f5e6a0b97de98031
TRAIN_NEG_00303,train,0,cross_pathway,8,8,exact,28,28,af2c39960d340681546b7d9105bf2074329bf04fc0b9cbe6fff1e50a669bd339,af2c39960d340681546b7d9105bf2074329bf04fc0b9cbe6fff1e50a669bd339
TRAIN_NEG_00304,train,0,random_5_30,18,18,exact,153,153,37cbd525f45618a09f9397bd93702b76951d9dab18673dfc15cae27713da852b,37cbd525f45618a09f9397bd93702b76951d9dab18673dfc15cae27713da852b
TRAIN_NEG_00305,train,0,shuffled,17,17,exact,136,136,e8a37a4a08c6ebdc883c176233aa71f73d2ffea2b7da85e6d3c289e646fa7d80,e8a37a4a08c6ebdc883c176233aa71f73d2ffea2b7da85e6d3c289e646fa7d80
TRAIN_NEG_00306,train,0,partial_50_80,16,16,exact,120,120,1ec4628b5d8c4e3e8015aaa40e27106dc254810bc214f0600e3cbe13c93d5788,1ec4628b5d8c4e3e8015aaa40e27106dc254810bc214f0600e3cbe13c93d5788
TRAIN_NEG_00307,train,0,cross_pathway,100,30,hash_sampled,4950,435,62c9d1f4424675ae2ed30cb774eb9d76c73c4ba3f846c3a1c68ec2ddadd01c53,ac0285202d462aa26140478d42f4c373b046728a38527e5a59b153803323724e
TRAIN_NEG_00308,train,0,random_5_30,27,27,exact,351,351,e5d93acf506c8285242e749347041e52d966cdbcdca6ef80933e36341d93726f,e5d93acf506c8285242e749347041e52d966cdbcdca6ef80933e36341d93726f
TRAIN_NEG_00309,train,0,shuffled,8,8,exact,28,28,4b99f2868dd5fe2e6f76d5e7a30b03ee73dff6029a4cba9343c428d8c257c418,4b99f2868dd5fe2e6f76d5e7a30b03ee73dff6029a4cba9343c428d8c257c418
TRAIN_NEG_00310,train,0,partial_50_80,5,5,exact,10,10,43bdc5d7b4d8745ddb5236b3c5a3b45fbce6ae28a7bb56ef639685ffc0bd9853,43bdc5d7b4d8745ddb5236b3c5a3b45fbce6ae28a7bb56ef639685ffc0bd9853
TRAIN_NEG_00311,train,0,cross_pathway,24,24,exact,276,276,9fe13b99dc35862fdf08c651c4b3c36325ed7c2c1df60b4fa22c7a7acfb108d4,9fe13b99dc35862fdf08c651c4b3c36325ed7c2c1df60b4fa22c7a7acfb108d4
TRAIN_NEG_00312,train,0,random_5_30,6,6,exact,15,15,b147d4838e289cd2217ac638864ddaccfa6ecc493ae8d1c611fc543c053408b5,b147d4838e289cd2217ac638864ddaccfa6ecc493ae8d1c611fc543c053408b5
TRAIN_NEG_00313,train,0,shuffled,38,30,hash_sampled,703,435,198917a6dd301af47a2de001b028d3595a25e422240df5309bf17f20f06525d7,74fcd6accadf2591369c85f2d697b22b8abf864d284623c5265c19f86487a5ec
TRAIN_NEG_00314,train,0,partial_50_80,8,8,exact,28,28,928e62c2a5f73c94a8259b6db523dfd3cec142e30788cb8855b0af61178b8fa9,928e62c2a5f73c94a8259b6db523dfd3cec142e30788cb8855b0af61178b8fa9
TRAIN_NEG_00315,train,0,cross_pathway,35,30,hash_sampled,595,435,3a192e4753d7608a7912d94f63b0806b4e296ccf0a3dcdfd4863d1eafbe43903,2b5ef48f13be23f61ae07f9e41ae6973f7b832f421690e3f8ec76ea54144e84f
TRAIN_NEG_00316,train,0,random_5_30,15,15,exact,105,105,14c7e29bb5b668cacaf4488c95c6c3ae23af675dd29230a28ab44e23e7ef870e,14c7e29bb5b668cacaf4488c95c6c3ae23af675dd29230a28ab44e23e7ef870e
TRAIN_NEG_00317,train,0,shuffled,54,30,hash_sampled,1431,435,1b08dd2066411099c0e315e9f79e479b2a32a60b089a22d75ed2d83431f0b97e,42d61bd66740e65e10f81043d84346bcd293f550714471426b355ec4924022a8
TRAIN_NEG_00318,train,0,partial_50_80,35,30,hash_sampled,595,435,b39ddd8b5f2004714bf243ee4e6382dcd69eca71bb0ac56c7006cb3e92d3290a,fb5ca5f048212cb3616e15eb3f6c314d0fef5128ce18a5399874248efb244416
TRAIN_NEG_00319,train,0,cross_pathway,40,30,hash_sampled,780,435,289a825460106b4e505af2e19b0837325b41817f706ebd9c2913eafed97420e6,be3abbf640767e97d4cebd2fa0749c6f50a6bbf8c3e40ddd6a19667528846b40
TRAIN_NEG_00320,train,0,random_5_30,17,17,exact,136,136,2f3928b1f40ede819c24364a3c844ee0e969fc3140e1c9cb73d3b3f368cf4627,2f3928b1f40ede819c24364a3c844ee0e969fc3140e1c9cb73d3b3f368cf4627
TRAIN_NEG_00321,train,0,shuffled,36,30,hash_sampled,630,435,d4b755503c42dab07c54d1b5ae0a8d711a9077be44f62234654751f6da72fac9,9ad34dc9fc9c63ba2e5621307d3f447a0e73679fb2260a08bdc26ac46fbf93d2
TRAIN_NEG_00322,train,0,partial_50_80,18,18,exact,153,153,76bd9448dfc69b45c77029dc173078d881eb56e4448bc6cbb036bd8e113b6414,76bd9448dfc69b45c77029dc173078d881eb56e4448bc6cbb036bd8e113b6414
TRAIN_NEG_00323,train,0,cross_pathway,8,8,exact,28,28,93b5c55aa6a84dc52bf01580c58d24bdbcb83d6b1c88bd2f7b17b4929e12df01,93b5c55aa6a84dc52bf01580c58d24bdbcb83d6b1c88bd2f7b17b4929e12df01
TRAIN_NEG_00324,train,0,random_5_30,22,22,exact,231,231,525a989acb2adcda32036df9292b668a42dbc5456b07f34724c32e0af6eb4566,525a989acb2adcda32036df9292b668a42dbc5456b07f34724c32e0af6eb4566
TRAIN_NEG_00325,train,0,shuffled,8,8,exact,28,28,ef56528bbe4fcd488fecbd813c787b642d48aaa1fad8f6d596558a907f4278ae,ef56528bbe4fcd488fecbd813c787b642d48aaa1fad8f6d596558a907f4278ae
TRAIN_NEG_00326,train,0,partial_50_80,25,25,exact,300,300,b956de5f029a3bfcf5a7a42277801ac0545ff9449014201d2732b0a5032586ba,b956de5f029a3bfcf5a7a42277801ac0545ff9449014201d2732b0a5032586ba
TRAIN_NEG_00327,train,0,cross_pathway,13,13,exact,78,78,6fd4fa4a6a1abbe27cf12274bf0329b78cdc465771cccd306dc5eca45a8ef3e0,6fd4fa4a6a1abbe27cf12274bf0329b78cdc465771cccd306dc5eca45a8ef3e0
TRAIN_NEG_00328,train,0,random_5_30,21,21,exact,210,210,bebbfdddad35b994314d193ded757f3add70f570a0031551cf8d9e0aca828b70,bebbfdddad35b994314d193ded757f3add70f570a0031551cf8d9e0aca828b70
TRAIN_NEG_00329,train,0,shuffled,13,13,exact,78,78,ba505e83757bc2f9a6e4751abf741ad9374cd6793c6129458c5ed855b0b05bfe,ba505e83757bc2f9a6e4751abf741ad9374cd6793c6129458c5ed855b0b05bfe
TRAIN_NEG_00330,train,0,partial_50_80,12,12,exact,66,66,1f6deed3e2360413a2ae9b9c58044d79b38dc8da084ac8334a59d049027ad393,1f6deed3e2360413a2ae9b9c58044d79b38dc8da084ac8334a59d049027ad393
TRAIN_NEG_00331,train,0,cross_pathway,44,30,hash_sampled,946,435,7cddfc9b9bd7aa3626ff5d2d41c6f59dd18bdbfd8d612c58fb2f98f67bd0b73f,0dd68db8f0a899b227ee49e9fe264354f4cb62194aeed79dd10aa2abdb603c64
TRAIN_NEG_00332,train,0,random_5_30,12,12,exact,66,66,42854c1603e2054070643f56e860e03cd5f5a8de2fa786d20397952526e9413e,42854c1603e2054070643f56e860e03cd5f5a8de2fa786d20397952526e9413e
TRAIN_NEG_00333,train,0,shuffled,27,27,exact,351,351,4c770058e929e223e0f36e9a77ac27083a5b8596792ac2db844c682132e8676f,4c770058e929e223e0f36e9a77ac27083a5b8596792ac2db844c682132e8676f
TRAIN_NEG_00334,train,0,partial_50_80,6,6,exact,15,15,4d717a33c2dec36ecb9d0591290d6e3919ca0183cc469d87178918583844a613,4d717a33c2dec36ecb9d0591290d6e3919ca0183cc469d87178918583844a613
TRAIN_NEG_00335,train,0,cross_pathway,16,16,exact,120,120,43d0510402b2604fc6fc9e079425b405406c3714e26fd28a6f8a04eaaf6e2371,43d0510402b2604fc6fc9e079425b405406c3714e26fd28a6f8a04eaaf6e2371
TRAIN_NEG_00336,train,0,random_5_30,30,30,exact,435,435,cf51e76fb76ea1c64a46ccc277f4fdc0d988ce516630268cc4016f1c6145c623,cf51e76fb76ea1c64a46ccc277f4fdc0d988ce516630268cc4016f1c6145c623
TRAIN_NEG_00337,train,0,shuffled,7,7,exact,21,21,13340a479196170dfa38e281cb7f5f91b4498b63ca53ddd33678c5b284bfcc9f,13340a479196170dfa38e281cb7f5f91b4498b63ca53ddd33678c5b284bfcc9f
TRAIN_NEG_00338,train,0,partial_50_80,6,6,exact,15,15,5a73ccc225f8ba75ad0a65a23b8ed1c4492d2638603428e424e3e6ad09b6faae,5a73ccc225f8ba75ad0a65a23b8ed1c4492d2638603428e424e3e6ad09b6faae
TRAIN_NEG_00339,train,0,cross_pathway,9,9,exact,36,36,ff3904df9cf0bbca7b952695348f7c1559f0b8fc63d10caaea672b165a53704a,ff3904df9cf0bbca7b952695348f7c1559f0b8fc63d10caaea672b165a53704a
TRAIN_NEG_00340,train,0,random_5_30,10,10,exact,45,45,d13516e0eb4776c2e8e950a1d007e5c056b1207e69069733b115262f094f541e,d13516e0eb4776c2e8e950a1d007e5c056b1207e69069733b115262f094f541e
TRAIN_NEG_00341,train,0,shuffled,5,5,exact,10,10,38564c89978dc4a53adb26e65235992d0ce58f8b4be49d0932cf6e35bec2bcb0,38564c89978dc4a53adb26e65235992d0ce58f8b4be49d0932cf6e35bec2bcb0
TRAIN_NEG_00342,train,0,partial_50_80,8,8,exact,28,28,7c453f163209d9698bc4477a8a4e5270403ec0e3c1a488d641996817412684b3,7c453f163209d9698bc4477a8a4e5270403ec0e3c1a488d641996817412684b3
TRAIN_NEG_00343,train,0,cross_pathway,7,7,exact,21,21,bd2918e9e18bdc26d925bb48ec0c67e78ab558164321d5d72782940e707be26e,bd2918e9e18bdc26d925bb48ec0c67e78ab558164321d5d72782940e707be26e
TRAIN_NEG_00344,train,0,random_5_30,21,21,exact,210,210,666642e8ba7d21c7132344b456b60b9d5833cebd14139df8a0c390d2a9b17fde,666642e8ba7d21c7132344b456b60b9d5833cebd14139df8a0c390d2a9b17fde
TRAIN_NEG_00345,train,0,shuffled,32,30,hash_sampled,496,435,ed56ca3dbf8b7ab3044afc7ecb2575ea4c6b8d7b9738feda2f9f327a6a99fb79,4e93bdbada41aa0c36816c4c7f21a8473aac946858369b4cef6f59406a10f07c
TRAIN_NEG_00346,train,0,partial_50_80,31,30,hash_sampled,465,435,ff7e646726415eeab81f37adf25ab673ca4a8b40d3e353fc7c6dade9423479f0,dadbbb575c58f571f24015aed93b04bb577feacde60a4619259ccdb1983f7168
TRAIN_NEG_00347,train,0,cross_pathway,325,30,hash_sampled,52650,435,2d334e506ad1f0ad0a3087aec01bab0cfed5342bbe99fbee5a0ec989373975d0,3f3691cb8294cd81fe1355db8ec7b894f6fae79797df67210118e9e5e8d2e998
TRAIN_NEG_00348,train,0,random_5_30,13,13,exact,78,78,b3e969ab707dd4860342c6b9cdab30775e682380b47e1c48d905585c883bf404,b3e969ab707dd4860342c6b9cdab30775e682380b47e1c48d905585c883bf404
TRAIN_NEG_00349,train,0,shuffled,46,30,hash_sampled,1035,435,15619af8bc49f59274bf3a36b108c9767410ce74ab3cce22f97ede06716ea9a3,14535c372e94ab9b69768967a46f8bbf9bb9944fe371de079de0fd9252719ac6
TRAIN_NEG_00350,train,0,partial_50_80,8,8,exact,28,28,af1b0b3a13bc7edd7e8c8753a921a6709f3f7155e9cdfe3035551325f13b8d73,af1b0b3a13bc7edd7e8c8753a921a6709f3f7155e9cdfe3035551325f13b8d73
TRAIN_NEG_00351,train,0,cross_pathway,33,30,hash_sampled,528,435,d79815ec3e02d6c76328894951fbceaf4190cf960e0db9198a7de12132bd8aae,f8d7598d7444f1cf9b457f8e3e2fe952b33e8c5d9955515dea8b81ee82f65e83
TRAIN_NEG_00352,train,0,random_5_30,10,10,exact,45,45,19d82e3b988e0a9d86a70b04e1c5ba77760c620389805f9bb54885c5c56918f8,19d82e3b988e0a9d86a70b04e1c5ba77760c620389805f9bb54885c5c56918f8
TRAIN_NEG_00353,train,0,shuffled,35,30,hash_sampled,595,435,ca4573291b52a44d3861f0ef259ba997de0b3c7803087ba40fe19fdbc450206a,660ac588f901a2c4259ce21510823712199ecb288546acba1cab2fe22d05ac0c
TRAIN_NEG_00354,train,0,partial_50_80,64,30,hash_sampled,2016,435,3e1741d02e20d963f2cc24854cba511b1cff412b6e2fee640d3ef3308eadd452,71964dca4f3293450022d3e88597cd84b89676bf4cfa6a77cda51191419105c8
TRAIN_NEG_00355,train,0,cross_pathway,52,30,hash_sampled,1326,435,b286360756b4a91f7139dbf5e489f5f54a6d3b7b3a4672af57de1bc9646175db,1923a02f1df0f34c5395bfcade4b85c2bc327c0b5aeba3de1227b45c70fb2d03
TRAIN_NEG_00356,train,0,random_5_30,18,18,exact,153,153,60bf3e9bbfea715f4281f5d6b6579aa24a620278f04650501ee6df060667f821,60bf3e9bbfea715f4281f5d6b6579aa24a620278f04650501ee6df060667f821
TRAIN_NEG_00357,train,0,shuffled,5,5,exact,10,10,261863d77eee35936741421d0158381202b3cf9c97408f9a9041b220eb38599d,261863d77eee35936741421d0158381202b3cf9c97408f9a9041b220eb38599d
TRAIN_NEG_00358,train,0,partial_50_80,6,6,exact,15,15,a41439943ea2c9191ffe95926062924985e585bcdc6f0593312eb8bf13319f26,a41439943ea2c9191ffe95926062924985e585bcdc6f0593312eb8bf13319f26
TRAIN_NEG_00359,train,0,cross_pathway,112,30,hash_sampled,6216,435,3139606c99c4a2afd0556817acc3371e3fc2024c15a7818f8f84ae97f7e24ff2,347a3f17a060ad17d718652ad4ba931f54981a46e5b9768b416eefd69b675259
TRAIN_NEG_00360,train,0,random_5_30,21,21,exact,210,210,367bfd559f369fe1cac0f02dcaf597639d3ddecd88eed0ec6ec22410757657f1,367bfd559f369fe1cac0f02dcaf597639d3ddecd88eed0ec6ec22410757657f1
TRAIN_NEG_00361,train,0,shuffled,5,5,exact,10,10,395cdc492e9069d0e0b5635e36ea3b6c6c4ae3b4e3e68a5348be40218bf69ac7,395cdc492e9069d0e0b5635e36ea3b6c6c4ae3b4e3e68a5348be40218bf69ac7
TRAIN_NEG_00362,train,0,partial_50_80,5,5,exact,10,10,cc55832401550473b39005f96b1383d468b3c4554f581fa8e08fc7a1320775cb,cc55832401550473b39005f96b1383d468b3c4554f581fa8e08fc7a1320775cb
TRAIN_NEG_00363,train,0,cross_pathway,34,30,hash_sampled,561,435,85ac855cccbe2b17f558f34b914e15f6c13ced07413048c6ab07cb72b8ead1ae,75ec8ff59b0b7e4da4068745818222e8890eba48d0e6123ebce72848177ee0c3
TRAIN_NEG_00364,train,0,random_5_30,29,29,exact,406,406,6206ece0b8a3d3cf91464824b07ad91567d50108ec1bc081bd135873fd7d9adc,6206ece0b8a3d3cf91464824b07ad91567d50108ec1bc081bd135873fd7d9adc
TRAIN_NEG_00365,train,0,shuffled,42,30,hash_sampled,861,435,4f767d65af1e2ecc95e47251571e1fa18bd075007ae2b58a4b5a6ee38db24775,92215cc38685f80f115b085c28646b174d71ffc73b95adaf78ca13be1e2bea53
TRAIN_NEG_00366,train,0,partial_50_80,28,28,exact,378,378,bd4286d3f26f9bdc7b7cd760e51d6462287813b39f29d83bae81aceb3bcacc94,bd4286d3f26f9bdc7b7cd760e51d6462287813b39f29d83bae81aceb3bcacc94
TRAIN_NEG_00367,train,0,cross_pathway,43,30,hash_sampled,903,435,c4c1e7cee879a40bab7acbf9e640b885c8a0ef121f3863162b797094d13cd918,234c81db2daa03344237cc7bb2cb0586313ac2b009b35e453f569d489b545696
TRAIN_NEG_00368,train,0,random_5_30,21,21,exact,210,210,89831ee08b643e22fb1d268e48c863175bd60a5b139c0d6857f4df8981d71125,89831ee08b643e22fb1d268e48c863175bd60a5b139c0d6857f4df8981d71125
TRAIN_NEG_00369,train,0,shuffled,36,30,hash_sampled,630,435,4b6bfd1c7eec0a40f4aff5c7f77cf20ada375279b1ee1aef37a07294872ac148,f5ce8adda7e2396005d4f442ba926b2687fa6696cc7f735626bf76bd96b62c8e
TRAIN_NEG_00370,train,0,partial_50_80,8,8,exact,28,28,5d0c49c3e3bf9aecdffe65053afa2f718cc809ae25a719c1ff9afa958f86511a,5d0c49c3e3bf9aecdffe65053afa2f718cc809ae25a719c1ff9afa958f86511a
TRAIN_NEG_00371,train,0,cross_pathway,26,26,exact,325,325,bf873b0f2b1438fbe08f4d08878fa4e1cf3833d5e76cdf39efe309ebf19c4b72,bf873b0f2b1438fbe08f4d08878fa4e1cf3833d5e76cdf39efe309ebf19c4b72
TRAIN_NEG_00372,train,0,random_5_30,30,30,exact,435,435,5488bdb52dc5e06578e7b3e9502360c0f7c37666673e23e28fe361f3c7c7e4f5,5488bdb52dc5e06578e7b3e9502360c0f7c37666673e23e28fe361f3c7c7e4f5
TRAIN_NEG_00373,train,0,shuffled,16,16,exact,120,120,d9d3878797dda7f7ff482568bfc9e56f158418352103b4748007002e9bf8455c,d9d3878797dda7f7ff482568bfc9e56f158418352103b4748007002e9bf8455c
TRAIN_NEG_00374,train,0,partial_50_80,5,5,exact,10,10,b6a739b35e894386be4b26dbda858d7c63d4772b8810813fad455f3a0323aab5,b6a739b35e894386be4b26dbda858d7c63d4772b8810813fad455f3a0323aab5
TRAIN_NEG_00375,train,0,cross_pathway,10,10,exact,45,45,364e6d752daf046e9718a72a00d35a1c8e97e1d2bf8393df005da678733f7668,364e6d752daf046e9718a72a00d35a1c8e97e1d2bf8393df005da678733f7668
TRAIN_NEG_00376,train,0,random_5_30,23,23,exact,253,253,d138ffa5ff8e80189dcd2d2ec5e53c079bcb1bf2c3ffc61122617e90809a39f7,d138ffa5ff8e80189dcd2d2ec5e53c079bcb1bf2c3ffc61122617e90809a39f7
TRAIN_NEG_00377,train,0,shuffled,27,27,exact,351,351,ea358411f0f8d2bfed53c12776e72eab5a941c7e47ca0edf4aee758c1a3e3632,ea358411f0f8d2bfed53c12776e72eab5a941c7e47ca0edf4aee758c1a3e3632
TRAIN_NEG_00378,train,0,partial_50_80,27,27,exact,351,351,e7cdc25d89608bb90f7a91d36fc606bca65bd6d0fc179724e45b84fe086acedb,e7cdc25d89608bb90f7a91d36fc606bca65bd6d0fc179724e45b84fe086acedb
TRAIN_NEG_00379,train,0,cross_pathway,14,14,exact,91,91,4b857f34df2f96b7e83f108ebfde497d6ae60d02117e0989d734004030e8315f,4b857f34df2f96b7e83f108ebfde497d6ae60d02117e0989d734004030e8315f
TRAIN_NEG_00380,train,0,random_5_30,9,9,exact,36,36,33c054b45033559665c7b29b675320b16479c941aad3bdacc6284c609fe02b56,33c054b45033559665c7b29b675320b16479c941aad3bdacc6284c609fe02b56
TRAIN_NEG_00381,train,0,shuffled,11,11,exact,55,55,9d31e80daf83d0c505dc9c4d9eb919a75d4498f392c926bb4ad3f29c7638a1d5,9d31e80daf83d0c505dc9c4d9eb919a75d4498f392c926bb4ad3f29c7638a1d5
TRAIN_NEG_00382,train,0,partial_50_80,15,15,exact,105,105,7ff05170813372ee2c0f18097a9c4b68eba07e08adccbbacf9ed964d0e9b34d2,7ff05170813372ee2c0f18097a9c4b68eba07e08adccbbacf9ed964d0e9b34d2
TRAIN_NEG_00383,train,0,cross_pathway,18,18,exact,153,153,364e99f165e43892509f8085099c8c8e7b5b9ad1d675831bc7908fa65a3c2309,364e99f165e43892509f8085099c8c8e7b5b9ad1d675831bc7908fa65a3c2309
TRAIN_NEG_00384,train,0,random_5_30,8,8,exact,28,28,2ed6977aaaccccb8ef2a58ba2b8d6690109146ed880c42709875f5d8eb408d58,2ed6977aaaccccb8ef2a58ba2b8d6690109146ed880c42709875f5d8eb408d58
TRAIN_NEG_00385,train,0,shuffled,22,22,exact,231,231,575bead61d0f499ecbe6fd08f97e40e578507cb3e4149f5480919e0af3e3f2c4,575bead61d0f499ecbe6fd08f97e40e578507cb3e4149f5480919e0af3e3f2c4
TRAIN_NEG_00386,train,0,partial_50_80,10,10,exact,45,45,f5e90a6ea8037c0e7c86e75a008e99e7ffe53842f1c3aea1bbfec876de2e8866,f5e90a6ea8037c0e7c86e75a008e99e7ffe53842f1c3aea1bbfec876de2e8866
TRAIN_NEG_00387,train,0,cross_pathway,15,15,exact,105,105,e013716ce22f61f9b7ab1b3c61a1b36792b90c352cbeadf1adc4d56f9a548a42,e013716ce22f61f9b7ab1b3c61a1b36792b90c352cbeadf1adc4d56f9a548a42
TRAIN_NEG_00388,train,0,random_5_30,21,21,exact,210,210,32e038b45312354b914e6d92598ab007051a74eda9a74b637886e33d19c01c72,32e038b45312354b914e6d92598ab007051a74eda9a74b637886e33d19c01c72
TRAIN_NEG_00389,train,0,shuffled,6,6,exact,15,15,17579e7fd355bd158774c7257775b42fc50b52f59d2211d21d9030704e6ed683,17579e7fd355bd158774c7257775b42fc50b52f59d2211d21d9030704e6ed683
TRAIN_NEG_00390,train,0,partial_50_80,6,6,exact,15,15,47e0864e581e59874cf4d365e3267e97cc82f4a0ebe549990bc1ac881067f575,47e0864e581e59874cf4d365e3267e97cc82f4a0ebe549990bc1ac881067f575
TRAIN_NEG_00391,train,0,cross_pathway,11,11,exact,55,55,25479334b2a11c388d1d292c5d2eecf36a507347e365c9dbaf40841dea414c9b,25479334b2a11c388d1d292c5d2eecf36a507347e365c9dbaf40841dea414c9b
TRAIN_NEG_00392,train,0,random_5_30,15,15,exact,105,105,692bdb6f3766e854f7dfd3fd5638ab1f4cd7cc89e931f1749c665e5de399c9b0,692bdb6f3766e854f7dfd3fd5638ab1f4cd7cc89e931f1749c665e5de399c9b0
TRAIN_NEG_00393,train,0,shuffled,40,30,hash_sampled,780,435,39f7994e5136d01e554c5fd08e3ea2b23292c4d4b62842b8f1524cf1c5a7f9ef,2f35e014b8cba919c5d2981bf4ccc22155a2b08d8838a09bd1695c3409d426e9
TRAIN_NEG_00394,train,0,partial_50_80,8,8,exact,28,28,6f7e55e744ee89bfbbae334047505ccb68ffce1b4c20139cd4a9fba50c580f22,6f7e55e744ee89bfbbae334047505ccb68ffce1b4c20139cd4a9fba50c580f22
TRAIN_NEG_00395,train,0,cross_pathway,17,17,exact,136,136,06826ef59a1b6a69a94a4372f6823f3d3ab1885026001f500f3b0120bdaafcd5,06826ef59a1b6a69a94a4372f6823f3d3ab1885026001f500f3b0120bdaafcd5
TRAIN_NEG_00396,train,0,random_5_30,18,18,exact,153,153,3724b6893e99c697b5d2c05a62899d7c1037f01a3760a4397de88d8e82461edb,3724b6893e99c697b5d2c05a62899d7c1037f01a3760a4397de88d8e82461edb
TRAIN_NEG_00397,train,0,shuffled,17,17,exact,136,136,1ba2a027535a2ac435854d1c4255d8a5d890811ea9b502f8c827e47bf7122c06,1ba2a027535a2ac435854d1c4255d8a5d890811ea9b502f8c827e47bf7122c06
TRAIN_NEG_00398,train,0,partial_50_80,14,14,exact,91,91,ebb9b445d394f61d146c4281e1e0b251bf7c41f48e6cfa1b77610470a47254c2,ebb9b445d394f61d146c4281e1e0b251bf7c41f48e6cfa1b77610470a47254c2
TRAIN_NEG_00399,train,0,cross_pathway,5,5,exact,10,10,58bff104d91c9395ee6763b0df83001f78a5a493ae1b0a7ef553607bb0600446,58bff104d91c9395ee6763b0df83001f78a5a493ae1b0a7ef553607bb0600446
TRAIN_NEG_00400,train,0,random_5_30,8,8,exact,28,28,387c2c2ecf1457bbcd8a39bc310c4dca52218376ee5652c04e2b91921e9ce136,387c2c2ecf1457bbcd8a39bc310c4dca52218376ee5652c04e2b91921e9ce136
TRAIN_NEG_00401,train,0,shuffled,17,17,exact,136,136,a306df4967fa67cd8e62924016f9b47fddb349603d7d843a47388e0ae555e82f,a306df4967fa67cd8e62924016f9b47fddb349603d7d843a47388e0ae555e82f
TRAIN_NEG_00402,train,0,partial_50_80,7,7,exact,21,21,715aea7690e1e4b12de71775ace5a6f86a2e004ba5f8cbbc2f3f2045bc7e8f1e,715aea7690e1e4b12de71775ace5a6f86a2e004ba5f8cbbc2f3f2045bc7e8f1e
TRAIN_NEG_00403,train,0,cross_pathway,9,9,exact,36,36,d3aedcdc66c00f56206cbad305d9d626d66dd66a322c5f2b518e31229a73fa38,d3aedcdc66c00f56206cbad305d9d626d66dd66a322c5f2b518e31229a73fa38
TRAIN_NEG_00404,train,0,random_5_30,13,13,exact,78,78,4bc7892712f9cbfa88670b517b0ce17e99dd5ab7f527db37e236afb3f3fed894,4bc7892712f9cbfa88670b517b0ce17e99dd5ab7f527db37e236afb3f3fed894
TRAIN_NEG_00405,train,0,shuffled,20,20,exact,190,190,58e81b78fb5bb666fb9bf4219cbe7fde49f981b13221ed2f4a26fd03c6a27ab6,58e81b78fb5bb666fb9bf4219cbe7fde49f981b13221ed2f4a26fd03c6a27ab6
TRAIN_NEG_00406,train,0,partial_50_80,11,11,exact,55,55,b9cd21f6205845fe779c9c51241af80f39b9c300b90590a52ce8538da2bc82cd,b9cd21f6205845fe779c9c51241af80f39b9c300b90590a52ce8538da2bc82cd
TRAIN_NEG_00407,train,0,cross_pathway,17,17,exact,136,136,fb78cc4f7c5a3f75edc31f80802320b8e5b1130bb976712caf8e7a1ea4e6a523,fb78cc4f7c5a3f75edc31f80802320b8e5b1130bb976712caf8e7a1ea4e6a523
TRAIN_NEG_00408,train,0,random_5_30,30,30,exact,435,435,0d24fac20cfce2dd1e252132201172a4d1d6f32f335840fa3d328abaa34ac601,0d24fac20cfce2dd1e252132201172a4d1d6f32f335840fa3d328abaa34ac601
AC_ALANINE-DEG3-PWY,test,1,NA,6,6,exact,15,15,c99083c4c9fc8f79e65e2b84a80daf72d6ab041dcad48d3d940ac723f403679c,c99083c4c9fc8f79e65e2b84a80daf72d6ab041dcad48d3d940ac723f403679c
AC_CAMALEXIN-SYN,test,1,NA,31,30,hash_sampled,465,435,5fb2f174634100a2e0aaff6ec609009a975213eee52c37cbad85ca1d9a186759,bc9f572be5608534c2ecd1d55e0d51869fc9979d0507f3c09c8a91350309bc97
AC_DETOX1-PWY,test,1,NA,11,11,exact,55,55,98c43086c88b6240f09de8c80a48404665e420fbc1ad3ca10e1133b66d3affae,98c43086c88b6240f09de8c80a48404665e420fbc1ad3ca10e1133b66d3affae
AC_DETOX1-PWY-1,test,1,NA,20,20,exact,190,190,45132cc8c23e41ae3ff1db61c7f97c00044d9f9d0f051bc99bb5601f3fdd5c8b,45132cc8c23e41ae3ff1db61c7f97c00044d9f9d0f051bc99bb5601f3fdd5c8b
AC_GLYSYN2-PWY,test,1,NA,11,11,exact,55,55,8427d3d1750c217dc24d78561bc67d4fe55745fff74dc209c9f36420dc8b788e,8427d3d1750c217dc24d78561bc67d4fe55745fff74dc209c9f36420dc8b788e
AC_LIPAS-PWY,test,1,NA,44,30,hash_sampled,946,435,c35a8e43f920ee16d887ba9560229bbb8f1f0e7d2d7f6aebf7102156a82fc1b4,7b67452d7827279ae02f24ba6916b7b20ac764ec25abb507a975dc2155fdb382
AC_NAGLIPASYN-PWY,test,1,NA,9,9,exact,36,36,a6a63a2530098f6dafee3a0f73de9d3bae9710851206b4f3c20ed09556589f02,a6a63a2530098f6dafee3a0f73de9d3bae9710851206b4f3c20ed09556589f02
AC_NONMEVIPP-PWY,test,1,NA,10,10,exact,45,45,dc2314727f1f2b85cea0745f80ad4e30fee3968841c344839e2afb0b47b6fb21,dc2314727f1f2b85cea0745f80ad4e30fee3968841c344839e2afb0b47b6fb21
AC_NONOXIPENT-PWY,test,1,NA,12,12,exact,66,66,b4a8a4073a7349a309605427af3abe7ee7dec32bf4a514e054b4557ba941c0a1,b4a8a4073a7349a309605427af3abe7ee7dec32bf4a514e054b4557ba941c0a1
AC_PANTO-PWY,test,1,NA,9,9,exact,36,36,cba12a1e136b9c97473cbf8fd359c36e129b5297937efd2d2b02b72574de5046,cba12a1e136b9c97473cbf8fd359c36e129b5297937efd2d2b02b72574de5046
AC_PENTOSE-P-PWY,test,1,NA,26,26,exact,325,325,aa655dd1671c6c2eab8402b96ff198d21ea7b29204cf60b864182a24fe6af340,aa655dd1671c6c2eab8402b96ff198d21ea7b29204cf60b864182a24fe6af340
AC_PHOTOALL-PWY,test,1,NA,53,30,hash_sampled,1378,435,1ac7d924d538c28f92b12bae78da4055a8bad5769acb5d578750ca22d043b76f,06eddb45b46da5990eec2bbe82b82f7b0b993e5831dededccb5611ee930ba875
AC_PWY-102,test,1,NA,16,16,exact,120,120,5f17409f391887a2b0a153e5a01a6746bad6a76ff64bec91c9d0a24ee13a7d3a,5f17409f391887a2b0a153e5a01a6746bad6a76ff64bec91c9d0a24ee13a7d3a
AC_PWY-2261,test,1,NA,15,15,exact,105,105,b4305b3bac95f47e785d2c328b7a238f6c41397cd1c31e318aeeb65b882efcc2,b4305b3bac95f47e785d2c328b7a238f6c41397cd1c31e318aeeb65b882efcc2
AC_PWY-3001,test,1,NA,25,25,exact,300,300,ac4c0cf6aa86807bc7aeb30656ff81063a24b952cf99ef3ffe89973c0c41976d,ac4c0cf6aa86807bc7aeb30656ff81063a24b952cf99ef3ffe89973c0c41976d
AC_PWY-3561,test,1,NA,11,11,exact,55,55,595e4395acd94e879e48ca33727e333884cbe25e10ead2c7bb8727170b7cebf0,595e4395acd94e879e48ca33727e333884cbe25e10ead2c7bb8727170b7cebf0
AC_PWY-3742,test,1,NA,25,25,exact,300,300,e4cbd9dca822364ec659857097809636ec0631e9b5642e95889cfc86c8718568,e4cbd9dca822364ec659857097809636ec0631e9b5642e95889cfc86c8718568
AC_PWY-3841,test,1,NA,24,24,exact,276,276,64a248c015ddc26b5243c2eafb8d64736fff329e5b0b58482f94cb8a3b9f541d,64a248c015ddc26b5243c2eafb8d64736fff329e5b0b58482f94cb8a3b9f541d
AC_PWY-4221ARA,test,1,NA,15,15,exact,105,105,a075a296d9a88636d59b651823ef37ab6484494da36cde80f023b457119ea89b,a075a296d9a88636d59b651823ef37ab6484494da36cde80f023b457119ea89b
AC_PWY-4361,test,1,NA,8,8,exact,28,28,6343d5a5bedac72a8b15e44e0b4750acddbcbf85022a52bdb73673c9544d3ecc,6343d5a5bedac72a8b15e44e0b4750acddbcbf85022a52bdb73673c9544d3ecc
AC_PWY-4562,test,1,NA,12,12,exact,66,66,b209ad6ed92a91513410f52027540b9800aabc946442281e843478d4c74c10dc,b209ad6ed92a91513410f52027540b9800aabc946442281e843478d4c74c10dc
AC_PWY-4661,test,1,NA,14,14,exact,91,91,ba833f8e8445b3b62823b54fda3923da4966c7ea02b0db35ab21e5d61829d434,ba833f8e8445b3b62823b54fda3923da4966c7ea02b0db35ab21e5d61829d434
AC_PWY-5079,test,1,NA,9,9,exact,36,36,24caffd25c9b3b7411d710205565809a52bcf33ad47486abafd776f630f8c25e,24caffd25c9b3b7411d710205565809a52bcf33ad47486abafd776f630f8c25e
AC_PWY-5123,test,1,NA,16,16,exact,120,120,062ee68ebeb063d3e48f9fcee50f4003a6c00970a283f8edaf376f0f03b16e59,062ee68ebeb063d3e48f9fcee50f4003a6c00970a283f8edaf376f0f03b16e59
AC_PWY-5137,test,1,NA,5,5,exact,10,10,8619bada27c8d15e02abc88aa52f0c164713466857cc04be897d993114bf4971,8619bada27c8d15e02abc88aa52f0c164713466857cc04be897d993114bf4971
AC_PWY-5340,test,1,NA,6,6,exact,15,15,5959cea2edd7b30cd4086467ef96f625a95812ebe2c8995539c0cf92f4c21d03,5959cea2edd7b30cd4086467ef96f625a95812ebe2c8995539c0cf92f4c21d03
AC_PWY-5366,test,1,NA,6,6,exact,15,15,25ddb6ee346679095ddf7448cceeb4c3f1dfb336f1074679a6da2c3c16d74863,25ddb6ee346679095ddf7448cceeb4c3f1dfb336f1074679a6da2c3c16d74863
AC_PWY-561,test,1,NA,46,30,hash_sampled,1035,435,a09458cc9861d87e35ea66487774fb35b0c85137db65ee64e3ee185a5bc9a0d2,f58be5f0aeff9bd004e6645cd65132c38b77935f3d240f1a4fc4ab6bc5852c61
AC_PWY-5659,test,1,NA,12,12,exact,66,66,614b2184c6b3db544585508a92d580e868cc322ba6a344123d0352b2361f7942,614b2184c6b3db544585508a92d580e868cc322ba6a344123d0352b2361f7942
AC_PWY-5723,test,1,NA,36,30,hash_sampled,630,435,98989995644bdbeac07658b19ce82f6fb16aa0a5b728b16feddc653254658c75,f2e964957436ff51787b7ca880773297a1a57915c70303f33098dcaeef382deb
AC_PWY-5800,test,1,NA,6,6,exact,15,15,02c8233edf4c0ea55f9da52acce25fbaaceeb87498ccc30b31f71d12f82e9960,02c8233edf4c0ea55f9da52acce25fbaaceeb87498ccc30b31f71d12f82e9960
AC_PWY-5868,test,1,NA,25,25,exact,300,300,42561a406470e10ac77c954aee96fc5b7d405e95f3e4ac6ea58fc39216d0c948,42561a406470e10ac77c954aee96fc5b7d405e95f3e4ac6ea58fc39216d0c948
AC_PWY-6012,test,1,NA,10,10,exact,45,45,31c1ddd3fa482e1687a75e322bd6ab51cf38c6d953a929e911da3cf61db52e85,31c1ddd3fa482e1687a75e322bd6ab51cf38c6d953a929e911da3cf61db52e85
AC_PWY-6014,test,1,NA,8,8,exact,28,28,e0073353c3c5625e796d988d35938a95e5b89dddc1ad4984f461f5e1a963343c,e0073353c3c5625e796d988d35938a95e5b89dddc1ad4984f461f5e1a963343c
AC_PWY-6039,test,1,NA,28,28,exact,378,378,b587293408a4999db450a18d5597062479aa987b5c84317458ac2b1fd06b4d02,b587293408a4999db450a18d5597062479aa987b5c84317458ac2b1fd06b4d02
AC_PWY-6040,test,1,NA,21,21,exact,210,210,40251a25f3e56e6b87be376093d212dfd7495aad5f97c1319a6dfa1675cb898e,40251a25f3e56e6b87be376093d212dfd7495aad5f97c1319a6dfa1675cb898e
AC_PWY-6051,test,1,NA,8,8,exact,28,28,e402d63662dd027825f6a7550d6a70d562a1372a9f18a67618867deb1988cc28,e402d63662dd027825f6a7550d6a70d562a1372a9f18a67618867deb1988cc28
AC_PWY-622,test,1,NA,20,20,exact,190,190,e27d476a16b66bc0a06d16e8994557f54540ca7858b42dd9ea99a82969f6240c,e27d476a16b66bc0a06d16e8994557f54540ca7858b42dd9ea99a82969f6240c
AC_PWY-6348,test,1,NA,34,30,hash_sampled,561,435,db32887b455dba8f572871b359aea338fa25b4e4b8f9e748d67163f7024f1e40,20d69ca3092f7081c43fd36adc35f8aa35e44e4fe45d27d729719718764df3dd
AC_PWY-6352,test,1,NA,39,30,hash_sampled,741,435,7a06564ba1c0cc68b8bb7394494f2d67c51a89a19da65f687dda95739db7daec,442a56a0426b47a0dc6db94b92351fff60c7529ac52d266f2037ca5ec7e5734c
AC_PWY-641,test,1,NA,9,9,exact,36,36,6ef6cd8e6cbefd9fc9c39bdac02fc406d05d71ce501290b7bc4935aa7c62d49e,6ef6cd8e6cbefd9fc9c39bdac02fc406d05d71ce501290b7bc4935aa7c62d49e
AC_PWY-6444,test,1,NA,6,6,exact,15,15,6c6e0bca88aca0f208e27f8bb8e5fc3b6f932ee836ed8d9144fc079a304970f3,6c6e0bca88aca0f208e27f8bb8e5fc3b6f932ee836ed8d9144fc079a304970f3
AC_PWY-6546,test,1,NA,11,11,exact,55,55,1176e76a6b6ef585b753a6334668e39d8d95afdd27c33ae6d7564bd112024b24,1176e76a6b6ef585b753a6334668e39d8d95afdd27c33ae6d7564bd112024b24
AC_PWY-6754,test,1,NA,6,6,exact,15,15,22c623783653bb4997256a6bf0c529427dbf1035bd2cbb95b355aecb44121435,22c623783653bb4997256a6bf0c529427dbf1035bd2cbb95b355aecb44121435
AC_PWY-6773,test,1,NA,14,14,exact,91,91,b766436fe6a4f488ee050446f02f6db6b0bb4f352af161618f21e1ade5dc01fc,b766436fe6a4f488ee050446f02f6db6b0bb4f352af161618f21e1ade5dc01fc
AC_PWY-6837,test,1,NA,10,10,exact,45,45,50720f83b1c5d9c1201b9101efab92f155cb03426881bbab7f0fc72aec3bd24e,50720f83b1c5d9c1201b9101efab92f155cb03426881bbab7f0fc72aec3bd24e
AC_PWY-6908,test,1,NA,7,7,exact,21,21,f03caeb7a738def2b7525d3d8290ed03a28a6ea1e3313b9433af06e299f629a8,f03caeb7a738def2b7525d3d8290ed03a28a6ea1e3313b9433af06e299f629a8
AC_PWY-7047,test,1,NA,9,9,exact,36,36,b5b769979726bbdecba8afc9810b36e14af6b2f255fa20f9606e77dd58bed758,b5b769979726bbdecba8afc9810b36e14af6b2f255fa20f9606e77dd58bed758
AC_PWY-7048,test,1,NA,14,14,exact,91,91,4a183f80bad6c63fee39bc162a9d0c42b58081e58785203fe80df531dbe75c2e,4a183f80bad6c63fee39bc162a9d0c42b58081e58785203fe80df531dbe75c2e
AC_PWY-7177,test,1,NA,12,12,exact,66,66,8026513b1f28b6da316832dfcaba8f0d9c5ad2e675a2c33dc7265e954395129d,8026513b1f28b6da316832dfcaba8f0d9c5ad2e675a2c33dc7265e954395129d
AC_PWY-7185,test,1,NA,14,14,exact,91,91,7efcf201ec0b9353a29a050252717b25283f0e8679897ce8e3903c81e3a36fd4,7efcf201ec0b9353a29a050252717b25283f0e8679897ce8e3903c81e3a36fd4
AC_PWY-7200,test,1,NA,32,30,hash_sampled,496,435,0ebb5c950b3c61fadf0b0572c37abb118fec91643923872ba853280fc50fcc35,448e785099e80be4b8678bacc53cd7f8f0b0228eddf57a38722b3070632b3e81
AC_PWY-7204,test,1,NA,10,10,exact,45,45,f0deff66479c6ae90fcc4fd89ff94598ded8b47d6e0d0bc9c599466abcea2105,f0deff66479c6ae90fcc4fd89ff94598ded8b47d6e0d0bc9c599466abcea2105
AC_PWY-7221,test,1,NA,7,7,exact,21,21,87a247e9b8876b9ff22e1244f05c0c6878c058f6c81488ee5e821e3dc3002134,87a247e9b8876b9ff22e1244f05c0c6878c058f6c81488ee5e821e3dc3002134
AC_PWY-7238,test,1,NA,30,30,exact,435,435,aef5aaee3d8ed2553f0ad52270e89f6c52aba30e5df3b28507e21f500133c023,aef5aaee3d8ed2553f0ad52270e89f6c52aba30e5df3b28507e21f500133c023
AC_PWY-7343,test,1,NA,10,10,exact,45,45,cd6d40f6d960ccda11af0561dcf23b9cf6df6b7a097d7ea4146d708d81f41bb7,cd6d40f6d960ccda11af0561dcf23b9cf6df6b7a097d7ea4146d708d81f41bb7
AC_PWY-735,test,1,NA,17,17,exact,136,136,8d558dc10f95518800de3bce6f567bd4edd81e52fc00d15b41bf54744ab69f62,8d558dc10f95518800de3bce6f567bd4edd81e52fc00d15b41bf54744ab69f62
AC_PWY-8148,test,1,NA,5,5,exact,10,10,3b0f8e117477d7576b9a1eb6d65168d1dd412e9f19b32925a5732ae074399a1d,3b0f8e117477d7576b9a1eb6d65168d1dd412e9f19b32925a5732ae074399a1d
AC_PWY0-1264,test,1,NA,10,10,exact,45,45,7977be89354045ec4111b1a27b77517ec159950691368d577cd569584ad134d8,7977be89354045ec4111b1a27b77517ec159950691368d577cd569584ad134d8
AC_PWY0-1507,test,1,NA,6,6,exact,15,15,0e27b9b1186d00757ca829b01513a4d614a3fd8226e89a1428c23ff2eae172b1,0e27b9b1186d00757ca829b01513a4d614a3fd8226e89a1428c23ff2eae172b1
AC_PWY0-1608,test,1,NA,11,11,exact,55,55,7f82f9aae3a8295bf51396e30ae9a67f2b1df417619b5cbf5fa524824d9d7c98,7f82f9aae3a8295bf51396e30ae9a67f2b1df417619b5cbf5fa524824d9d7c98
AC_PWY0-662,test,1,NA,5,5,exact,10,10,2d5520570bea21730f3800f6b79de1730cad89d0435c8df13b938958dfc8ae2d,2d5520570bea21730f3800f6b79de1730cad89d0435c8df13b938958dfc8ae2d
AC_PWY3O-4107,test,1,NA,10,10,exact,45,45,80832c9f5b7f8d52c453613c6ff4ee4b4a48f125904cfe19e860483b04d2d06f,80832c9f5b7f8d52c453613c6ff4ee4b4a48f125904cfe19e860483b04d2d06f
AC_PWY66-21,test,1,NA,6,6,exact,15,15,8af76edb82aad4cd0d5f2a1fb3bca2cb906bcf16fc2060365e378808e8f65a65,8af76edb82aad4cd0d5f2a1fb3bca2cb906bcf16fc2060365e378808e8f65a65
AC_PWY66-367,test,1,NA,6,6,exact,15,15,24790fa62ee36236403e99e62fb87633b5a49ee0a8e3bed8a8fa3c01b4a76b44,24790fa62ee36236403e99e62fb87633b5a49ee0a8e3bed8a8fa3c01b4a76b44
AC_PWYDQC-4,test,1,NA,15,15,exact,105,105,089f8421a9352e526d50f2066dbe9391723717cd95d74da7272444a78a66e8e4,089f8421a9352e526d50f2066dbe9391723717cd95d74da7272444a78a66e8e4
AC_PWYQT-94,test,1,NA,8,8,exact,28,28,08e79a32acb493e24fb87a7697352b72653b5b16681c21a767c5288a83268baf,08e79a32acb493e24fb87a7697352b72653b5b16681c21a767c5288a83268baf
AC_SERSYN-PWY,test,1,NA,6,6,exact,15,15,0c706a4a8831fdc1afd480693716ea39c0d18b9241c1ae31bba2e7be848f21d6,0c706a4a8831fdc1afd480693716ea39c0d18b9241c1ae31bba2e7be848f21d6
AC_SUCSYN-PWY,test,1,NA,40,30,hash_sampled,780,435,5bfd1626af90818e48729014cf9112ac29b06917d7a7b505255ae7b036dcd8df,093cadb68905134995ed220f4b0ca04dcea11e11b171b6ac1a55e03050114858
AC_THRESYN-PWY,test,1,NA,19,19,exact,171,171,07055fd80780580b3ca2e55fcdaab42013254106df6b008d853f0dad061b7b5c,07055fd80780580b3ca2e55fcdaab42013254106df6b008d853f0dad061b7b5c
AC_TYRFUMCAT-PWY,test,1,NA,10,10,exact,45,45,11f8d9825703f748861d942d8ed6d1a5198db8acdb57cfaba424c50eaa590e74,11f8d9825703f748861d942d8ed6d1a5198db8acdb57cfaba424c50eaa590e74
AC_VALDEG-PWY,test,1,NA,14,14,exact,91,91,7737c9c7e829204b3c7240a134d6d032fd7f699ff0ab7bfda63c072ecc4c56aa,7737c9c7e829204b3c7240a134d6d032fd7f699ff0ab7bfda63c072ecc4c56aa
ath00051,test,1,NA,62,30,hash_sampled,1891,435,9c3a38effa347c2b68feb14ccc363bc747b841c311e53217c5a732c510fb0f29,f8a4a2da92b1a314aceb4fb01f26ce66f769b746e04ed5bfadcea84c2b78259e
ath00061,test,1,NA,42,30,hash_sampled,861,435,2a03aaf5742838445e1b6c7dd7071afcb99ea4d06365ff6f92db70f5a45d8d20,b49f2c57333fb28a14b188f56cace565165ea2e76b587d3ad6207531dd01d231
ath00195,test,1,NA,46,30,hash_sampled,1035,435,f8bceda01462e2584f6fefd176a081e74cacdd0acaf130c4397f721548656e5d,469e4492091c260b887a239003188788d911e181b1447b975595a85928e116fe
ath00250,test,1,NA,51,30,hash_sampled,1275,435,666d482478a0dbe205a8e1353f1872493fd758f2c9a339756c6d320f539b36af,6efe79cab1aa659bd9452265d2d6ff2ab9c82ad8b4ff04b2a2457b77a6490e7a
ath00380,test,1,NA,64,30,hash_sampled,2016,435,b90b6ad07548298a4b79ce68b88b78b2a0897f114fee976af079a1efde13d4b8,89f75c155615a1c261be8f58471858408b7d80d6fb1e2bc7af3b2e1024610618
ath00440,test,1,NA,5,5,exact,10,10,9c1351e4f423d13a0d77357f137acd496724c950d125301a70cbc022aa950f5a,9c1351e4f423d13a0d77357f137acd496724c950d125301a70cbc022aa950f5a
ath00541,test,1,NA,30,30,exact,435,435,39ce3eb3cc51395669bec1524c7719f08e7e3d74c5708739c6ef09439c832738,39ce3eb3cc51395669bec1524c7719f08e7e3d74c5708739c6ef09439c832738
ath00561,test,1,NA,71,30,hash_sampled,2485,435,c8aec5e08ac36669bc81c4e2ef231cdc81abd0429e51e8e0feb86e5bbbe0f5d4,bf4ed4735099dd59779a16bb4972bb1b68bf93f7f9d350f0487a65177e323d09
ath00563,test,1,NA,29,29,exact,406,406,94480c9e6ed8939bc538e03930f9d70abdf5ae4a4765a7eaa836a9b0285887c6,94480c9e6ed8939bc538e03930f9d70abdf5ae4a4765a7eaa836a9b0285887c6
ath00564,test,1,NA,99,30,hash_sampled,4851,435,a8edd162e1ea515a77558c75569869ec01fcbfdd9b8d5146a1e9d15049589acf,12ccbc581aeef2773175a56f640d3224562b4ca40abbfde3a401137e97281bf4
ath00591,test,1,NA,9,9,exact,36,36,56da32e272402f5882e2e73f3a314c2d79eb467c27c9250e28a472aa5e9ab449,56da32e272402f5882e2e73f3a314c2d79eb467c27c9250e28a472aa5e9ab449
ath00600,test,1,NA,35,30,hash_sampled,595,435,fa76f011dc724a4fd8b0ac78e9d0ffa0bed3233e73c0f194d2c19f38f1f5936b,3b69a83f72e62ba8beb51f5ce90cb5b1abbadfee3c0f4ba05c4e66d6387d5387
ath00620,test,1,NA,96,30,hash_sampled,4560,435,e933820ba821dba7bf0b8d162ffc22e8a1bf760ceb919828941910245e83b204,8fec04466f7cf255fac1d1fd10456023f763885ad6939794f95cb47d8938ffe0
ath00640,test,1,NA,41,30,hash_sampled,820,435,c768965615baf85a330b2e2c0277e44a4490b501daf90643404022b8030c92ba,ccef51f900bd5e677fdae5154dc95d300765341bbee8c723118873fd3ed1b120
ath00650,test,1,NA,20,20,exact,190,190,e53ac3515d141eb49a6b40fde509c929bd8a641a9416fb075f4e170586977676,e53ac3515d141eb49a6b40fde509c929bd8a641a9416fb075f4e170586977676
ath00730,test,1,NA,21,21,exact,210,210,956c1c7a0cf8a3e766a21dd1d9f4bf95cb312e16f1c24e973e937c929e4ee96f,956c1c7a0cf8a3e766a21dd1d9f4bf95cb312e16f1c24e973e937c929e4ee96f
ath00909,test,1,NA,23,23,exact,253,253,a8c2f833b78e4c9023bf3a475b585be1c1a59f62dd9b9e6a1e8f89f87741be7e,a8c2f833b78e4c9023bf3a475b585be1c1a59f62dd9b9e6a1e8f89f87741be7e
ath00950,test,1,NA,22,22,exact,231,231,2cd1b2a1ef36072f6ec853e6bb58bbef960513f5da2bf9838dd5770f719d7f8f,2cd1b2a1ef36072f6ec853e6bb58bbef960513f5da2bf9838dd5770f719d7f8f
ath01100,test,1,NA,2384,30,hash_sampled,2840536,435,0a7baf8baabe1b2e806bd83cf2b1d3897c89bcdd8b3e14e83710bd4af5cf787b,05bb65f71865e998a40aadc96f8103fd2137485fdd645ad7c7947ead64a44e80
ath01210,test,1,NA,103,30,hash_sampled,5253,435,e8dba8990434228f6c24f3b227eeb50a4beb7b4fad296f14d85caae62f56f068,cb27ac350a4f08a09d58e844c4a7f177734b69b69dfebd668e40797d8f39c460
ath01230,test,1,NA,242,30,hash_sampled,29161,435,6925cc2b195311e0888cf023d5338164f353b8d7db03ab43ba4f1afb17c48024,7e64461d23dd398fcc133c3c50dfeddae89836ef17e64c6778570801a5e4d8c0
ath02010,test,1,NA,68,30,hash_sampled,2278,435,f4f01298d69134d545af0eb8eb3b9d464aa3f2e4d8aa30ae302567392beb481a,8ef93493da78123b2539a5c82c6557f7eed4c72db8810d5fc450cabb16326052
ath03022,test,1,NA,55,30,hash_sampled,1485,435,e472783280baffc062af6728c9770fd19e8af1299326077e75a84144806aa0ba,5cc6f4c7dee87f387e77b2bc4c89a500c1d5fd4924d15a14f6fc2153c3aa9745
ath03420,test,1,NA,85,30,hash_sampled,3570,435,b49aa6ec81cf15f7501f8e888d421431ad1623789a89fe0299fd977aa834bf12,9c74f39cbc6a80849fb4a760b1da2e0d9e0cf308644801946b6ec3b408024175
ath03450,test,1,NA,8,8,exact,28,28,17f63fbfbef32a7f9ae41dc1d05149066e79bae3d59c83a35e2d738287586451,17f63fbfbef32a7f9ae41dc1d05149066e79bae3d59c83a35e2d738287586451
ath04141,test,1,NA,223,30,hash_sampled,24753,435,44f6ef957029a921d38a13a3a5406a38d025d07505bd9c3498144ec99f87dec3,2546652d859f4531c986850162bc429026b4bfcc08084ca48b01d69a0684c749
ath04145,test,1,NA,87,30,hash_sampled,3741,435,9e08fe82399dd3279b194117f879a7978ecaaac01fcde0af94dd527eccf4f52e,94b674b2acb338051ae4cdf2d5603531afb129ef184be7e678438c0659246585
ath04146,test,1,NA,90,30,hash_sampled,4005,435,5315e4f900cd05f228b4e0bb76eab0725ed32bc288c370a28a128b932f0de8fe,d555ab610a995b6472172b81c8fe9248c0d84cc0b7965bd1e728e1051ba57a6a
ath04148,test,1,NA,53,30,hash_sampled,1378,435,ea475900ee5ce5a58a9877ac29d738fb8e22dabda14f1fc84d4f529abda3a547,05dfa87d993dc148c4d70ac2d54a3ab49f15167eac584d2fb2bf0d4f5d603b9f
ath04519,test,1,NA,65,30,hash_sampled,2080,435,38c190d55595901c5d2a969c3d1e5b2b7b7ddd66878a057d85df28e40a798199,dc80fc718bcb3e58c4ee30a550aeae24e96c3b539b393617ecc756e0a23f5eda
ath04814,test,1,NA,82,30,hash_sampled,3321,435,9349c3eaa68c2da3b0c7fa0b47af8ff508e52e56aa002a0c6f98132e83a7d4b2,6ff91e11ef87a959342a3e9a39fb29828eb1fb4d7fc3aa1e68851410649d2468
TEST_NEG_00000,test,0,random_5_30,15,15,exact,105,105,7033e8965d4865520e5ef0cfe09e8bbfe8aef79e5ba63e0f69bd4201d68566bf,7033e8965d4865520e5ef0cfe09e8bbfe8aef79e5ba63e0f69bd4201d68566bf
TEST_NEG_00001,test,0,shuffled,5,5,exact,10,10,210fcbcdad994795cb241fdc5f477a357e8392eb135e4d618162877d512769dd,210fcbcdad994795cb241fdc5f477a357e8392eb135e4d618162877d512769dd
TEST_NEG_00002,test,0,partial_50_80,162,30,hash_sampled,13041,435,2d872267ac9dda7906f5095415780a4722dd9889e4e403e2e6603d28b2f75aa8,ed55a09952a5cc781f9f144d2a57d203b5eb057e58e84ca8c4e0feffa7cef130
TEST_NEG_00003,test,0,cross_pathway,43,30,hash_sampled,903,435,2593c9d489533fcc1542ea531977628ea1b338113204a95fe8531a0bdd0fa726,7968e57353b183ab2bf9f7b4ad4c30c6821b77fc409d56a7263056288cb7b553
TEST_NEG_00004,test,0,random_5_30,22,22,exact,231,231,ea11156d32ffe320ed437a962a0e46dda02963d79a97db70b752eb57c464ec2b,ea11156d32ffe320ed437a962a0e46dda02963d79a97db70b752eb57c464ec2b
TEST_NEG_00005,test,0,shuffled,35,30,hash_sampled,595,435,98114f5594df9bde5c451240ff62aa793381dc7da96ea3b939b41aa964f1705f,590f6536ff8039f365a331bf71240b6249aa644e839e54e7986be9652038c6d2
TEST_NEG_00006,test,0,partial_50_80,18,18,exact,153,153,773949861f3efc7c573d1eb3d0c468af7460fcb23d5c83782a3fa99402b62c01,773949861f3efc7c573d1eb3d0c468af7460fcb23d5c83782a3fa99402b62c01
TEST_NEG_00007,test,0,cross_pathway,33,30,hash_sampled,528,435,b5f111f3256b9f7a5dafb9f713140750328ab2112ad8dc63e0bc4ca91d7daacc,0f96a0046753c9742a473e57727a1920acf2db5b5e58677ff4c2f0311761e5c6
TEST_NEG_00008,test,0,random_5_30,28,28,exact,378,378,09d0e1f277987c2438f3da88e9801f29b6dc3e4e341152144668d8d0e081cc30,09d0e1f277987c2438f3da88e9801f29b6dc3e4e341152144668d8d0e081cc30
TEST_NEG_00009,test,0,shuffled,14,14,exact,91,91,66bfccaf602e772b4cd78639b85380b9f918a352af9bf359cba6003e8033c93b,66bfccaf602e772b4cd78639b85380b9f918a352af9bf359cba6003e8033c93b
TEST_NEG_00010,test,0,partial_50_80,36,30,hash_sampled,630,435,9736dd5845f66c28df063f74e465f7d39521cfbcc3f2ca230e9944998afa21fe,77f2315d473bd1ee96182a52ed2af9b289ace81f52d67872d0a9066dfddf057e
TEST_NEG_00011,test,0,cross_pathway,18,18,exact,153,153,35e924ae92dec12f25fec24acd73de0a4ed1ed7497da228536c6e9f470dd7010,35e924ae92dec12f25fec24acd73de0a4ed1ed7497da228536c6e9f470dd7010
TEST_NEG_00012,test,0,random_5_30,6,6,exact,15,15,1ca6ca1b95896d31e61d5faac8907d7a60e3f1cd0dd0127078468c63b9418286,1ca6ca1b95896d31e61d5faac8907d7a60e3f1cd0dd0127078468c63b9418286
TEST_NEG_00013,test,0,shuffled,14,14,exact,91,91,06d5b7cfe47c0fc19992e1078adc3f97cd16d5b1205a118b5d993e2090e538b2,06d5b7cfe47c0fc19992e1078adc3f97cd16d5b1205a118b5d993e2090e538b2
TEST_NEG_00014,test,0,partial_50_80,10,10,exact,45,45,4efac218f8a59d842be98be1ec6ad395ba956a40cbecedede8e8f451838779d6,4efac218f8a59d842be98be1ec6ad395ba956a40cbecedede8e8f451838779d6
TEST_NEG_00015,test,0,cross_pathway,10,10,exact,45,45,fb31ba8b7ecaaa993c319896b2ea1048cf98480493366b53c371d7905945f533,fb31ba8b7ecaaa993c319896b2ea1048cf98480493366b53c371d7905945f533
TEST_NEG_00016,test,0,random_5_30,24,24,exact,276,276,064c495f28d8ead31ecdb56e6b927de3b67ce2914a9f49a1ab54887550da86a2,064c495f28d8ead31ecdb56e6b927de3b67ce2914a9f49a1ab54887550da86a2
TEST_NEG_00017,test,0,shuffled,12,12,exact,66,66,ac9a150efa88a087ea29639109cdb6f208c7821f0658b157e74bd73f5146f140,ac9a150efa88a087ea29639109cdb6f208c7821f0658b157e74bd73f5146f140
TEST_NEG_00018,test,0,partial_50_80,7,7,exact,21,21,c6f259cc33feea426291a12f94b270aa5e63f1398238627654a204048f972c76,c6f259cc33feea426291a12f94b270aa5e63f1398238627654a204048f972c76
TEST_NEG_00019,test,0,cross_pathway,20,20,exact,190,190,f8f9c1e3f8929a38cb96fd482171704fde714ab20696069078ea51dec92cc3b6,f8f9c1e3f8929a38cb96fd482171704fde714ab20696069078ea51dec92cc3b6
TEST_NEG_00020,test,0,random_5_30,17,17,exact,136,136,d614bb5257f34236210f25faae3c4658838deeed9417efc1993b3b733e27f3d1,d614bb5257f34236210f25faae3c4658838deeed9417efc1993b3b733e27f3d1
TEST_NEG_00021,test,0,shuffled,32,30,hash_sampled,496,435,80071251316f72ae77b5f029be46fd5a62725222efa162f019d560a2dd28d429,3ebf7fd01d0e72fe566caf01bf9aaa1829c41d5a1675b08df711b7212b591ae9
TEST_NEG_00022,test,0,partial_50_80,15,15,exact,105,105,a4520dff1c9648066fbb295e2d05632d5a6a58c14f480f1dbe8873f833c7f939,a4520dff1c9648066fbb295e2d05632d5a6a58c14f480f1dbe8873f833c7f939
TEST_NEG_00023,test,0,cross_pathway,49,30,hash_sampled,1176,435,50466a60ee8dd25824f37a0b7a622886407d6903339989aaa8ec7f58c5835c3c,2c410aecf08707846f96b28ace81976f0a764967f070213ce9be41e9feea847e
TEST_NEG_00024,test,0,random_5_30,30,30,exact,435,435,97a37234d914e934a3adfc952d7cfe002d3d04fcc296d394478892f3b8450ded,97a37234d914e934a3adfc952d7cfe002d3d04fcc296d394478892f3b8450ded
TEST_NEG_00025,test,0,shuffled,16,16,exact,120,120,9907dd2a5b48234f7be9f0c0718289ea8246daf1a66d2ed31f0641a719de36e8,9907dd2a5b48234f7be9f0c0718289ea8246daf1a66d2ed31f0641a719de36e8
TEST_NEG_00026,test,0,partial_50_80,16,16,exact,120,120,6140270e15b761db0e8338567418964506a8ec9fc687400f6c13aa4dea2ab358,6140270e15b761db0e8338567418964506a8ec9fc687400f6c13aa4dea2ab358
TEST_NEG_00027,test,0,cross_pathway,35,30,hash_sampled,595,435,768bfb135ffc279eebd262368b16f57243cc231da53e6b63b3d6b7cb1b14b22f,21193aa1e2198e7fdf5a487e0c66349487763075764259837df2156dd5789d7e
TEST_NEG_00028,test,0,random_5_30,26,26,exact,325,325,a62e66b0357049bc5dd08783f63ca4fc417c73ce8e7102e5ed75cbee7300af5e,a62e66b0357049bc5dd08783f63ca4fc417c73ce8e7102e5ed75cbee7300af5e
TEST_NEG_00029,test,0,shuffled,51,30,hash_sampled,1275,435,d39c2090f3969dd960f7dfb1aaf65580e48fc06337dfff9c5da28317c85305fa,72f1987e0561ce068e1d29f342e32f86e0cdf01e8948249e6cc8b0ecef32c363
TEST_NEG_00030,test,0,partial_50_80,29,29,exact,406,406,f2b5a163511fd002990fa2bbfa0e03476a060dc845640be3d0f4cf6f487afdfd,f2b5a163511fd002990fa2bbfa0e03476a060dc845640be3d0f4cf6f487afdfd
TEST_NEG_00031,test,0,cross_pathway,11,11,exact,55,55,75616d4177d63cab6fcb06f09aefe0320fd70daf9901d1c8d08d6b3db2c7cf34,75616d4177d63cab6fcb06f09aefe0320fd70daf9901d1c8d08d6b3db2c7cf34
TEST_NEG_00032,test,0,random_5_30,24,24,exact,276,276,b61367482332d3e1223b2e5458062d2a075e51e5dd686e63e77de59e1fde640d,b61367482332d3e1223b2e5458062d2a075e51e5dd686e63e77de59e1fde640d
TEST_NEG_00033,test,0,shuffled,10,10,exact,45,45,aca67e540961f4bc8d11c235cab724687da085a05f343a802099809a480f5f2c,aca67e540961f4bc8d11c235cab724687da085a05f343a802099809a480f5f2c
TEST_NEG_00034,test,0,partial_50_80,38,30,hash_sampled,703,435,1ccaa12b62deb88b6d0e4eaab473c3deeb5f7f3272c081718a0abf5f779ef0af,d9deaf2bb278ea4677d6f9822b8887ee9466b38905845be81a734461ad1e1f34
TEST_NEG_00035,test,0,cross_pathway,15,15,exact,105,105,69538bebf5f3b6aa7860299d64169e700c89c65385853b203bfb43c38dc3ea36,69538bebf5f3b6aa7860299d64169e700c89c65385853b203bfb43c38dc3ea36
TEST_NEG_00036,test,0,random_5_30,11,11,exact,55,55,c83ff43113972bcf749534c1a8aee069a82c3987841167f1e400e4f5e050e93d,c83ff43113972bcf749534c1a8aee069a82c3987841167f1e400e4f5e050e93d
TEST_NEG_00037,test,0,shuffled,20,20,exact,190,190,030a9bda581f4f5093e460c2f4d66f8fac6a11840d66518da793ad75e269de62,030a9bda581f4f5093e460c2f4d66f8fac6a11840d66518da793ad75e269de62
TEST_NEG_00038,test,0,partial_50_80,10,10,exact,45,45,af011e7f5782317e1afddde610eea29dad0bfeb36d741f32364dcb1a4d91c9da,af011e7f5782317e1afddde610eea29dad0bfeb36d741f32364dcb1a4d91c9da
TEST_NEG_00039,test,0,cross_pathway,13,13,exact,78,78,e7a0d1f7e86391a6985833060f240502108f79d80e895d93a6bf8c9cfd5b785f,e7a0d1f7e86391a6985833060f240502108f79d80e895d93a6bf8c9cfd5b785f
TEST_NEG_00040,test,0,random_5_30,15,15,exact,105,105,da0a3d4315204eb1007e464a5603174dc8229b9e88dc9c5fad7c294c510f0363,da0a3d4315204eb1007e464a5603174dc8229b9e88dc9c5fad7c294c510f0363
TEST_NEG_00041,test,0,shuffled,5,5,exact,10,10,31857f66672baa170800dc9e5d8f4f2f1b8f568b7cf7f7d1ac2e7591bf3c8b12,31857f66672baa170800dc9e5d8f4f2f1b8f568b7cf7f7d1ac2e7591bf3c8b12
TEST_NEG_00042,test,0,partial_50_80,6,6,exact,15,15,30672f811b83e6f4546bb5485489861b7a2d345422a1e53bc8c7d7f112aa25e1,30672f811b83e6f4546bb5485489861b7a2d345422a1e53bc8c7d7f112aa25e1
TEST_NEG_00043,test,0,cross_pathway,10,10,exact,45,45,83bbf40f56979eda9973bfe81257f1bc615c3fe30cbde08c92a686db0bdbe291,83bbf40f56979eda9973bfe81257f1bc615c3fe30cbde08c92a686db0bdbe291
TEST_NEG_00044,test,0,random_5_30,20,20,exact,190,190,a5396f55e4e56a4e86e6efe2cf6d5814a8fa56814d6a45240ac33b5db1561d60,a5396f55e4e56a4e86e6efe2cf6d5814a8fa56814d6a45240ac33b5db1561d60
TEST_NEG_00045,test,0,shuffled,76,30,hash_sampled,2850,435,e0c9e20fd3eabd1c9c9ba27863db6f416c4a86000282929ce2eea007c6ebfd77,8ef5b0521647fb245ae6588e9c98f7d858ac041f738ef02f1920aea355184b9b
TEST_NEG_00046,test,0,partial_50_80,12,12,exact,66,66,21782476690ada92835caa99b4a94790aff49952bfc750e79feee8033ed2228c,21782476690ada92835caa99b4a94790aff49952bfc750e79feee8033ed2228c
TEST_NEG_00047,test,0,cross_pathway,124,30,hash_sampled,7626,435,6f0d113810b1ee36fd8f619e971e254aff47ff7624a4db2c3b3af0425b058ddd,071ad3ea809ed32aa31811ad738754e0859025ee74680496a33046677d8df660
TEST_NEG_00048,test,0,random_5_30,16,16,exact,120,120,0c32054f93c7e2d37ece61addccce9f446fa2edf0310cf58a87fe74ce19b2a10,0c32054f93c7e2d37ece61addccce9f446fa2edf0310cf58a87fe74ce19b2a10
TEST_NEG_00049,test,0,shuffled,21,21,exact,210,210,c47a1a64735e30712069f51dec8bd8595a373d72b2577201c6892e2703cfae63,c47a1a64735e30712069f51dec8bd8595a373d72b2577201c6892e2703cfae63
TEST_NEG_00050,test,0,partial_50_80,60,30,hash_sampled,1770,435,9f2766d3db6a97063a01788423c0b3feb58d0ea5a2ba631bcb8ae8bd06dfef84,e1aea70ef208121f98f41adf89abfb1b2a5a982de8f639bed41fecbb5d191c84
TEST_NEG_00051,test,0,cross_pathway,40,30,hash_sampled,780,435,b9a3f1da80f44f1fb7bf0058821a5126ab7de95d767107a6e7e1f8c1d409d2be,d66fae0d0b851c4fcd6c20242eed71f8fc9b66660d57ca02257cd35d9c65036c
TEST_NEG_00052,test,0,random_5_30,19,19,exact,171,171,7c5dffa4ca5ccc8e9a0e08c3080e71802f89d895e295a81b5e8fc1e58ad01cd3,7c5dffa4ca5ccc8e9a0e08c3080e71802f89d895e295a81b5e8fc1e58ad01cd3
TEST_NEG_00053,test,0,shuffled,16,16,exact,120,120,a41ca9b77fe9ceac09d5a89005bb08d78417546853338c14762156ecba919ad8,a41ca9b77fe9ceac09d5a89005bb08d78417546853338c14762156ecba919ad8
TEST_NEG_00054,test,0,partial_50_80,6,6,exact,15,15,aae195f9264eb3fac25b207515adce1cc294586376f7797caadf1397f4ca4519,aae195f9264eb3fac25b207515adce1cc294586376f7797caadf1397f4ca4519
TEST_NEG_00055,test,0,cross_pathway,31,30,hash_sampled,465,435,684ddd7410522f7f4e15468df538141ee35ce40367b5557512515c617b0a9c0d,2c20ca51608f0de3332d3b91f43c4ed18dd7a80178c36b608c24d91107259563
TEST_NEG_00056,test,0,random_5_30,17,17,exact,136,136,67c02cb880e382aa3d8d75bc21c3b62575a1d42188a15f7485a838c72dc05b23,67c02cb880e382aa3d8d75bc21c3b62575a1d42188a15f7485a838c72dc05b23
TEST_NEG_00057,test,0,shuffled,24,24,exact,276,276,8d00740df17d55227537789b90367d3ee8046adf073695626b1564e1ac52e7fc,8d00740df17d55227537789b90367d3ee8046adf073695626b1564e1ac52e7fc
TEST_NEG_00058,test,0,partial_50_80,7,7,exact,21,21,68121cddd8b1cb50772c7dd3627b62d7742286965c3772d32bbd60876065a72f,68121cddd8b1cb50772c7dd3627b62d7742286965c3772d32bbd60876065a72f
TEST_NEG_00059,test,0,cross_pathway,6,6,exact,15,15,f7d1600a75e891897e39d43007714e85aa2b6a420024888f8b671bb823e2dcba,f7d1600a75e891897e39d43007714e85aa2b6a420024888f8b671bb823e2dcba
TEST_NEG_00060,test,0,random_5_30,22,22,exact,231,231,727e755d685c45e3e8b252c47463386f2a3af8b8a11f9d779659be78b8a368b3,727e755d685c45e3e8b252c47463386f2a3af8b8a11f9d779659be78b8a368b3
TEST_NEG_00061,test,0,shuffled,31,30,hash_sampled,465,435,d957b25f3c77e68044a29da1ef05933c7cde1089875206c256e7a77054edd1ae,e0c9f5d434c8c346156dd4594a714008e72e036b3bddca04b2620e7bc7ff3b71
TEST_NEG_00062,test,0,partial_50_80,67,30,hash_sampled,2211,435,1855ef179dafd75a3935b883f797a45d85145829c157e772ec92258fdde17928,3b67cac9e12c2949321db82591d5c9a67e806c9c536eca744002b5c8ac8ac7f5
TEST_NEG_00063,test,0,cross_pathway,12,12,exact,66,66,b009bd6cc7d9a1fd9f901f633c4b586c3b195ec23a107b1ae023d9abc6270113,b009bd6cc7d9a1fd9f901f633c4b586c3b195ec23a107b1ae023d9abc6270113
TEST_NEG_00064,test,0,random_5_30,25,25,exact,300,300,dec1185532842ad8e676e82d0e4fc307cd3a7cfddbe7e97fd386961c146df468,dec1185532842ad8e676e82d0e4fc307cd3a7cfddbe7e97fd386961c146df468
TEST_NEG_00065,test,0,shuffled,5,5,exact,10,10,13745663b2dbeddafecd9bf6c4a5bcec9d7e5dc9b4d515e138a2d2b87c66813b,13745663b2dbeddafecd9bf6c4a5bcec9d7e5dc9b4d515e138a2d2b87c66813b
TEST_NEG_00066,test,0,partial_50_80,6,6,exact,15,15,a00dd59c6dd579a78110c857c8cd7f7aa6470a9d56871dde6699627aa78643f3,a00dd59c6dd579a78110c857c8cd7f7aa6470a9d56871dde6699627aa78643f3
TEST_NEG_00067,test,0,cross_pathway,14,14,exact,91,91,f99f01fffdf9a3eb72442de8ebfc34b3d4f7406b71d81e1c8718508e700ae70e,f99f01fffdf9a3eb72442de8ebfc34b3d4f7406b71d81e1c8718508e700ae70e
TEST_NEG_00068,test,0,random_5_30,18,18,exact,153,153,f52a00d96c3db6e1cf3e4fb0f5309a69bcd1590b6e7e5e6e7eb7f6882d763a0f,f52a00d96c3db6e1cf3e4fb0f5309a69bcd1590b6e7e5e6e7eb7f6882d763a0f
TEST_NEG_00069,test,0,shuffled,34,30,hash_sampled,561,435,b9311d8ec18ef4aa611598f1327c0473bcccfae33ec9dce3c5c4c2234d1886b1,14e574fe7cb08f9e6ef27df6601ced0e8416c939539fbdc677b5182d58e7c3b8
TEST_NEG_00070,test,0,partial_50_80,30,30,exact,435,435,5de384aefe016d40114dc5d251b2c7fff2cf9b9c92485e2cc05ae98dfc1f2374,5de384aefe016d40114dc5d251b2c7fff2cf9b9c92485e2cc05ae98dfc1f2374
TEST_NEG_00071,test,0,cross_pathway,32,30,hash_sampled,496,435,c0ae7dc4c6073d106f3778fffd76279f88586366047da7e3ba569e25ea430fb0,d607b823b7727468f9f1d243d88e359db4ac5689b2ebcdb8e7bbc2cec356648a
TEST_NEG_00072,test,0,random_5_30,20,20,exact,190,190,587b1bca2147a5c222f8d9dfa98591512cd05745418b452aeea178e27a7b7d17,587b1bca2147a5c222f8d9dfa98591512cd05745418b452aeea178e27a7b7d17
TEST_NEG_00073,test,0,shuffled,87,30,hash_sampled,3741,435,743b2bc3dfdd39533532de71a1f848d1e627406af378b210697f861f31c127da,61763a9fc09d38aa895811bfd492a3daad8a52f0fc56e549355f01a62edec2de
TEST_NEG_00074,test,0,partial_50_80,54,30,hash_sampled,1431,435,27f26ad49c70f5c40f33af4b6eae087af848418400a9d01fa18b6cfcd634f3e7,f7560743124f4e437ecaf03a94964f9b69dedfc50d5717f06ac7e65c0992a17a
TEST_NEG_00075,test,0,cross_pathway,14,14,exact,91,91,9b51b90ddf9276944915af4f86d89933073913c2a1731af2f16f402350e979e8,9b51b90ddf9276944915af4f86d89933073913c2a1731af2f16f402350e979e8
TEST_NEG_00076,test,0,random_5_30,13,13,exact,78,78,3d049c833abc618e99e80e7eb48417b37d72a9ec42d7fa08fb3c0f5a5cad914b,3d049c833abc618e99e80e7eb48417b37d72a9ec42d7fa08fb3c0f5a5cad914b
TEST_NEG_00077,test,0,shuffled,5,5,exact,10,10,2a71f56327ee479163fd4bfabb3aeedef4e1f29d269e0697eeeeace4d6c5ea69,2a71f56327ee479163fd4bfabb3aeedef4e1f29d269e0697eeeeace4d6c5ea69
TEST_NEG_00078,test,0,partial_50_80,31,30,hash_sampled,465,435,b79ac5cdd2dbb19976f22e885533769757b7a7e2dc3bc988eeae8f6ebbebe82a,afaffb09910c28d3078f2805a4e133928f8f43ed6f3888d89debdd2e98134c9a
TEST_NEG_00079,test,0,cross_pathway,12,12,exact,66,66,06b3a8e18be296df27468ac8ddffe9bed264f5977d4be3085b4549b120c3a6e2,06b3a8e18be296df27468ac8ddffe9bed264f5977d4be3085b4549b120c3a6e2
TEST_NEG_00080,test,0,random_5_30,20,20,exact,190,190,49272de71b943e86b2bf70f88ee6cc43ba54eb89cb96560f9d2d2ebc83e5100e,49272de71b943e86b2bf70f88ee6cc43ba54eb89cb96560f9d2d2ebc83e5100e
TEST_NEG_00081,test,0,shuffled,44,30,hash_sampled,946,435,c0d808c09f7e16da07dafe222efe8d3356898d0c181fb182d0e244fab48fd5dd,c4420053a71820f33adce712c68db74ad3d268b5752e473dacdae18ef668ec04
TEST_NEG_00082,test,0,partial_50_80,8,8,exact,28,28,48b0c4701a62ae342cc8de55930cbf38cf31c26a6ea41e5d8067962d2de5214e,48b0c4701a62ae342cc8de55930cbf38cf31c26a6ea41e5d8067962d2de5214e
TEST_NEG_00083,test,0,cross_pathway,43,30,hash_sampled,903,435,788628153c5c01fb4230ec13ad85627e931922e2bd6a25e770f8492a513bdc1f,1e6fb487fd4efec099eddd8b0e6c4a8303563981e85193647fc3103e381e2a27
TEST_NEG_00084,test,0,random_5_30,27,27,exact,351,351,25cccc217d7ba739cef65fce602808d7bb45f2a0f10d54f4d135370e9f331c32,25cccc217d7ba739cef65fce602808d7bb45f2a0f10d54f4d135370e9f331c32
TEST_NEG_00085,test,0,shuffled,90,30,hash_sampled,4005,435,7e792adda86d6e20206e82f9ddf0fc92e21efd74d1a22dbe412b44806151bbec,d9d85dcdfa4eb4073030450599a53ffc795dbafa1804a0a36408d7316df52836
TEST_NEG_00086,test,0,partial_50_80,19,19,exact,171,171,7f11ff4aca6417188c20b5fe757dbaf95538a232528d3be92d3970b1f8e260eb,7f11ff4aca6417188c20b5fe757dbaf95538a232528d3be92d3970b1f8e260eb
TEST_NEG_00087,test,0,cross_pathway,22,22,exact,231,231,34100358c2ebbcb546d9fba18c3c547bd2e69664406b15f055b6dead4513cf7e,34100358c2ebbcb546d9fba18c3c547bd2e69664406b15f055b6dead4513cf7e
TEST_NEG_00088,test,0,random_5_30,15,15,exact,105,105,0a873d8264c47719c1bd63606ec8cd7ed640baafbd63428dcbec924f3654229f,0a873d8264c47719c1bd63606ec8cd7ed640baafbd63428dcbec924f3654229f
TEST_NEG_00089,test,0,shuffled,26,26,exact,325,325,aff39e903466ada2814c6216087c5384a6ceb6869b18230e7fe9a5204fc8e6d5,aff39e903466ada2814c6216087c5384a6ceb6869b18230e7fe9a5204fc8e6d5
TEST_NEG_00090,test,0,partial_50_80,24,24,exact,276,276,b293ed916098990a6250d51d56d6cda414498fd1b8f2faa0124c69eca4146f9f,b293ed916098990a6250d51d56d6cda414498fd1b8f2faa0124c69eca4146f9f
TEST_NEG_00091,test,0,cross_pathway,19,19,exact,171,171,5fbaf976b9227741e9565ebe61365006483568b0afb74df804007ffb3c2b078b,5fbaf976b9227741e9565ebe61365006483568b0afb74df804007ffb3c2b078b
TEST_NEG_00092,test,0,random_5_30,6,6,exact,15,15,5311383704fd485394d98072f3d313ef80cd5370bb43419ed6350afeca62de3d,5311383704fd485394d98072f3d313ef80cd5370bb43419ed6350afeca62de3d
TEST_NEG_00093,test,0,shuffled,10,10,exact,45,45,cd2377c3eca0e632320013e28bbc3bbb14cbdfc90d22f639d9ca967b149034ae,cd2377c3eca0e632320013e28bbc3bbb14cbdfc90d22f639d9ca967b149034ae
TEST_NEG_00094,test,0,partial_50_80,5,5,exact,10,10,54ad91ec3f823a31a75291e9bee9ffa21b9179e8f394a8157f80c03f353843f7,54ad91ec3f823a31a75291e9bee9ffa21b9179e8f394a8157f80c03f353843f7
TEST_NEG_00095,test,0,cross_pathway,18,18,exact,153,153,0f89c210ff22790231c754da6465e342485bb83ef39c27a0c815f6a5ed19b128,0f89c210ff22790231c754da6465e342485bb83ef39c27a0c815f6a5ed19b128
TEST_NEG_00096,test,0,random_5_30,5,5,exact,10,10,d5b935c6048873d78465eaa9131352df66ace68dec5f29fe34a14bed230e68ee,d5b935c6048873d78465eaa9131352df66ace68dec5f29fe34a14bed230e68ee
TEST_NEG_00097,test,0,shuffled,5,5,exact,10,10,f1ed34ad98dfbfe1e1cde01421d9327b6a1fc14b8d9fd0b5383785ff9defe28b,f1ed34ad98dfbfe1e1cde01421d9327b6a1fc14b8d9fd0b5383785ff9defe28b
TEST_NEG_00098,test,0,partial_50_80,70,30,hash_sampled,2415,435,7f3f1980a471a47e54f060fde23622bd968d571cfb809861bc9045642639dd92,5ae054aea4bd30fba1731d2debeb9cee36daa453f78812fe9922d0a73c662746
TEST_NEG_00099,test,0,cross_pathway,9,9,exact,36,36,d76534116deb3a6c02463e76e499fd9cd6d47222b91562a335ab30ad64503bf8,d76534116deb3a6c02463e76e499fd9cd6d47222b91562a335ab30ad64503bf8
TEST_NEG_00100,test,0,random_5_30,8,8,exact,28,28,2d671948e99cdfa64d4b3435c57ca57dd88639ba4949cf17055b838e7f873b33,2d671948e99cdfa64d4b3435c57ca57dd88639ba4949cf17055b838e7f873b33
TEST_NEG_00101,test,0,shuffled,11,11,exact,55,55,cb153aace31740abedf8664a3a9d2564b9b9a97489579e42d129264cf66092d3,cb153aace31740abedf8664a3a9d2564b9b9a97489579e42d129264cf66092d3
TEST_NEG_00102,test,0,partial_50_80,30,30,exact,435,435,4cd88df3cedd60281d696261a2711ef623b9b6ed5967f60bc218de04639e9ca5,4cd88df3cedd60281d696261a2711ef623b9b6ed5967f60bc218de04639e9ca5
