ratio,go_term,selected_fold_count,selected_fold_fraction,n_folds,pairwise_jaccard_mean,pairwise_jaccard_sd,pairwise_jaccard_min,pairwise_jaccard_max
1:1,GO:0006414,15,1.0,15,0.12327697611268662,0.023438819182156196,0.08108108108108109,0.18811881188118812
1:1,GO:0008150,15,1.0,15,0.12327697611268662,0.023438819182156196,0.08108108108108109,0.18811881188118812
1:1,GO:0030533,15,1.0,15,0.12327697611268662,0.023438819182156196,0.08108108108108109,0.18811881188118812
1:1,GO:0003700,14,0.9333333333333333,15,0.12327697611268662,0.023438819182156196,0.08108108108108109,0.18811881188118812
1:1,GO:0006412,13,0.8666666666666667,15,0.12327697611268662,0.023438819182156196,0.08108108108108109,0.18811881188118812
1:1,GO:0005737,12,0.8,15,0.12327697611268662,0.023438819182156196,0.08108108108108109,0.18811881188118812
1:1,GO:0005575,11,0.7333333333333333,15,0.12327697611268662,0.023438819182156196,0.08108108108108109,0.18811881188118812
1:1,GO:0006355,11,0.7333333333333333,15,0.12327697611268662,0.023438819182156196,0.08108108108108109,0.18811881188118812
1:1,GO:0007165,11,0.7333333333333333,15,0.12327697611268662,0.023438819182156196,0.08108108108108109,0.18811881188118812
1:1,GO:0009507,10,0.6666666666666666,15,0.12327697611268662,0.023438819182156196,0.08108108108108109,0.18811881188118812
1:1,GO:0006357,9,0.6,15,0.12327697611268662,0.023438819182156196,0.08108108108108109,0.18811881188118812
1:1,GO:0000976,8,0.5333333333333333,15,0.12327697611268662,0.023438819182156196,0.08108108108108109,0.18811881188118812
1:1,GO:0003729,8,0.5333333333333333,15,0.12327697611268662,0.023438819182156196,0.08108108108108109,0.18811881188118812
1:1,GO:0004674,8,0.5333333333333333,15,0.12327697611268662,0.023438819182156196,0.08108108108108109,0.18811881188118812
1:1,GO:0005829,8,0.5333333333333333,15,0.12327697611268662,0.023438819182156196,0.08108108108108109,0.18811881188118812
1:1,GO:0003723,7,0.4666666666666667,15,0.12327697611268662,0.023438819182156196,0.08108108108108109,0.18811881188118812
1:1,GO:0003735,7,0.4666666666666667,15,0.12327697611268662,0.023438819182156196,0.08108108108108109,0.18811881188118812
1:1,GO:0005576,7,0.4666666666666667,15,0.12327697611268662,0.023438819182156196,0.08108108108108109,0.18811881188118812
1:1,GO:0016567,7,0.4666666666666667,15,0.12327697611268662,0.023438819182156196,0.08108108108108109,0.18811881188118812
1:1,GO:0055085,7,0.4666666666666667,15,0.12327697611268662,0.023438819182156196,0.08108108108108109,0.18811881188118812
1:1,GO:0000981,6,0.4,15,0.12327697611268662,0.023438819182156196,0.08108108108108109,0.18811881188118812
1:1,GO:0043565,6,0.4,15,0.12327697611268662,0.023438819182156196,0.08108108108108109,0.18811881188118812
1:1,GO:0000978,5,0.3333333333333333,15,0.12327697611268662,0.023438819182156196,0.08108108108108109,0.18811881188118812
1:1,GO:0003677,5,0.3333333333333333,15,0.12327697611268662,0.023438819182156196,0.08108108108108109,0.18811881188118812
1:1,GO:0005739,5,0.3333333333333333,15,0.12327697611268662,0.023438819182156196,0.08108108108108109,0.18811881188118812
1:1,GO:0016757,5,0.3333333333333333,15,0.12327697611268662,0.023438819182156196,0.08108108108108109,0.18811881188118812
1:1,GO:0004842,4,0.26666666666666666,15,0.12327697611268662,0.023438819182156196,0.08108108108108109,0.18811881188118812
1:1,GO:0005886,4,0.26666666666666666,15,0.12327697611268662,0.023438819182156196,0.08108108108108109,0.18811881188118812
1:1,GO:0006511,4,0.26666666666666666,15,0.12327697611268662,0.023438819182156196,0.08108108108108109,0.18811881188118812
1:1,GO:0008017,4,0.26666666666666666,15,0.12327697611268662,0.023438819182156196,0.08108108108108109,0.18811881188118812
1:1,GO:0009451,4,0.26666666666666666,15,0.12327697611268662,0.023438819182156196,0.08108108108108109,0.18811881188118812
1:1,GO:0009505,4,0.26666666666666666,15,0.12327697611268662,0.023438819182156196,0.08108108108108109,0.18811881188118812
1:1,GO:0009570,4,0.26666666666666666,15,0.12327697611268662,0.023438819182156196,0.08108108108108109,0.18811881188118812
1:1,GO:0009620,4,0.26666666666666666,15,0.12327697611268662,0.023438819182156196,0.08108108108108109,0.18811881188118812
1:1,GO:0010468,4,0.26666666666666666,15,0.12327697611268662,0.023438819182156196,0.08108108108108109,0.18811881188118812
1:1,GO:0015031,4,0.26666666666666666,15,0.12327697611268662,0.023438819182156196,0.08108108108108109,0.18811881188118812
1:1,GO:0016020,4,0.26666666666666666,15,0.12327697611268662,0.023438819182156196,0.08108108108108109,0.18811881188118812
1:1,GO:0035556,4,0.26666666666666666,15,0.12327697611268662,0.023438819182156196,0.08108108108108109,0.18811881188118812
1:1,GO:0080147,4,0.26666666666666666,15,0.12327697611268662,0.023438819182156196,0.08108108108108109,0.18811881188118812
1:1,GO:0000398,3,0.2,15,0.12327697611268662,0.023438819182156196,0.08108108108108109,0.18811881188118812
1:1,GO:0002229,3,0.2,15,0.12327697611268662,0.023438819182156196,0.08108108108108109,0.18811881188118812
1:1,GO:0003755,3,0.2,15,0.12327697611268662,0.023438819182156196,0.08108108108108109,0.18811881188118812
1:1,GO:0005515,3,0.2,15,0.12327697611268662,0.023438819182156196,0.08108108108108109,0.18811881188118812
1:1,GO:0005635,3,0.2,15,0.12327697611268662,0.023438819182156196,0.08108108108108109,0.18811881188118812
1:1,GO:0005768,3,0.2,15,0.12327697611268662,0.023438819182156196,0.08108108108108109,0.18811881188118812
1:1,GO:0006284,3,0.2,15,0.12327697611268662,0.023438819182156196,0.08108108108108109,0.18811881188118812
1:1,GO:0006468,3,0.2,15,0.12327697611268662,0.023438819182156196,0.08108108108108109,0.18811881188118812
1:1,GO:0006869,3,0.2,15,0.12327697611268662,0.023438819182156196,0.08108108108108109,0.18811881188118812
1:1,GO:0006879,3,0.2,15,0.12327697611268662,0.023438819182156196,0.08108108108108109,0.18811881188118812
1:1,GO:0006906,3,0.2,15,0.12327697611268662,0.023438819182156196,0.08108108108108109,0.18811881188118812
1:1,GO:0006955,3,0.2,15,0.12327697611268662,0.023438819182156196,0.08108108108108109,0.18811881188118812
1:1,GO:0006979,3,0.2,15,0.12327697611268662,0.023438819182156196,0.08108108108108109,0.18811881188118812
1:1,GO:0007017,3,0.2,15,0.12327697611268662,0.023438819182156196,0.08108108108108109,0.18811881188118812
1:1,GO:0008143,3,0.2,15,0.12327697611268662,0.023438819182156196,0.08108108108108109,0.18811881188118812
1:1,GO:0008320,3,0.2,15,0.12327697611268662,0.023438819182156196,0.08108108108108109,0.18811881188118812
1:1,GO:0009409,3,0.2,15,0.12327697611268662,0.023438819182156196,0.08108108108108109,0.18811881188118812
1:1,GO:0009536,3,0.2,15,0.12327697611268662,0.023438819182156196,0.08108108108108109,0.18811881188118812
1:1,GO:0009555,3,0.2,15,0.12327697611268662,0.023438819182156196,0.08108108108108109,0.18811881188118812
1:1,GO:0009556,3,0.2,15,0.12327697611268662,0.023438819182156196,0.08108108108108109,0.18811881188118812
1:1,GO:0009749,3,0.2,15,0.12327697611268662,0.023438819182156196,0.08108108108108109,0.18811881188118812
1:1,GO:0009909,3,0.2,15,0.12327697611268662,0.023438819182156196,0.08108108108108109,0.18811881188118812
1:1,GO:0010029,3,0.2,15,0.12327697611268662,0.023438819182156196,0.08108108108108109,0.18811881188118812
1:1,GO:0016298,3,0.2,15,0.12327697611268662,0.023438819182156196,0.08108108108108109,0.18811881188118812
1:1,GO:0022857,3,0.2,15,0.12327697611268662,0.023438819182156196,0.08108108108108109,0.18811881188118812
1:1,GO:0030234,3,0.2,15,0.12327697611268662,0.023438819182156196,0.08108108108108109,0.18811881188118812
1:1,GO:0033612,3,0.2,15,0.12327697611268662,0.023438819182156196,0.08108108108108109,0.18811881188118812
1:1,GO:0034976,3,0.2,15,0.12327697611268662,0.023438819182156196,0.08108108108108109,0.18811881188118812
1:1,GO:0042742,3,0.2,15,0.12327697611268662,0.023438819182156196,0.08108108108108109,0.18811881188118812
1:1,GO:0042973,3,0.2,15,0.12327697611268662,0.023438819182156196,0.08108108108108109,0.18811881188118812
1:1,GO:0043086,3,0.2,15,0.12327697611268662,0.023438819182156196,0.08108108108108109,0.18811881188118812
1:1,GO:0045292,3,0.2,15,0.12327697611268662,0.023438819182156196,0.08108108108108109,0.18811881188118812
1:1,GO:0051555,3,0.2,15,0.12327697611268662,0.023438819182156196,0.08108108108108109,0.18811881188118812
1:1,GO:0061630,3,0.2,15,0.12327697611268662,0.023438819182156196,0.08108108108108109,0.18811881188118812
1:1,GO:0071013,3,0.2,15,0.12327697611268662,0.023438819182156196,0.08108108108108109,0.18811881188118812
1:1,GO:0071949,3,0.2,15,0.12327697611268662,0.023438819182156196,0.08108108108108109,0.18811881188118812
1:1,GO:0080044,3,0.2,15,0.12327697611268662,0.023438819182156196,0.08108108108108109,0.18811881188118812
1:1,GO:0099503,3,0.2,15,0.12327697611268662,0.023438819182156196,0.08108108108108109,0.18811881188118812
1:1,GO:1901259,3,0.2,15,0.12327697611268662,0.023438819182156196,0.08108108108108109,0.18811881188118812
1:1,GO:0000122,2,0.13333333333333333,15,0.12327697611268662,0.023438819182156196,0.08108108108108109,0.18811881188118812
1:1,GO:0000138,2,0.13333333333333333,15,0.12327697611268662,0.023438819182156196,0.08108108108108109,0.18811881188118812
1:1,GO:0000159,2,0.13333333333333333,15,0.12327697611268662,0.023438819182156196,0.08108108108108109,0.18811881188118812
1:1,GO:0000209,2,0.13333333333333333,15,0.12327697611268662,0.023438819182156196,0.08108108108108109,0.18811881188118812
1:1,GO:0000462,2,0.13333333333333333,15,0.12327697611268662,0.023438819182156196,0.08108108108108109,0.18811881188118812
1:1,GO:0000932,2,0.13333333333333333,15,0.12327697611268662,0.023438819182156196,0.08108108108108109,0.18811881188118812
1:1,GO:0002239,2,0.13333333333333333,15,0.12327697611268662,0.023438819182156196,0.08108108108108109,0.18811881188118812
1:1,GO:0003682,2,0.13333333333333333,15,0.12327697611268662,0.023438819182156196,0.08108108108108109,0.18811881188118812
1:1,GO:0003712,2,0.13333333333333333,15,0.12327697611268662,0.023438819182156196,0.08108108108108109,0.18811881188118812
1:1,GO:0003924,2,0.13333333333333333,15,0.12327697611268662,0.023438819182156196,0.08108108108108109,0.18811881188118812
1:1,GO:0004497,2,0.13333333333333333,15,0.12327697611268662,0.023438819182156196,0.08108108108108109,0.18811881188118812
1:1,GO:0004568,2,0.13333333333333333,15,0.12327697611268662,0.023438819182156196,0.08108108108108109,0.18811881188118812
1:1,GO:0004650,2,0.13333333333333333,15,0.12327697611268662,0.023438819182156196,0.08108108108108109,0.18811881188118812
1:1,GO:0004675,2,0.13333333333333333,15,0.12327697611268662,0.023438819182156196,0.08108108108108109,0.18811881188118812
1:1,GO:0005198,2,0.13333333333333333,15,0.12327697611268662,0.023438819182156196,0.08108108108108109,0.18811881188118812
1:1,GO:0005315,2,0.13333333333333333,15,0.12327697611268662,0.023438819182156196,0.08108108108108109,0.18811881188118812
1:1,GO:0005506,2,0.13333333333333333,15,0.12327697611268662,0.023438819182156196,0.08108108108108109,0.18811881188118812
1:1,GO:0005507,2,0.13333333333333333,15,0.12327697611268662,0.023438819182156196,0.08108108108108109,0.18811881188118812
1:1,GO:0005524,2,0.13333333333333333,15,0.12327697611268662,0.023438819182156196,0.08108108108108109,0.18811881188118812
1:1,GO:0005643,2,0.13333333333333333,15,0.12327697611268662,0.023438819182156196,0.08108108108108109,0.18811881188118812
1:1,GO:0005654,2,0.13333333333333333,15,0.12327697611268662,0.023438819182156196,0.08108108108108109,0.18811881188118812
1:1,GO:0005694,2,0.13333333333333333,15,0.12327697611268662,0.023438819182156196,0.08108108108108109,0.18811881188118812
1:1,GO:0005730,2,0.13333333333333333,15,0.12327697611268662,0.023438819182156196,0.08108108108108109,0.18811881188118812
1:1,GO:0005759,2,0.13333333333333333,15,0.12327697611268662,0.023438819182156196,0.08108108108108109,0.18811881188118812
1:1,GO:0005777,2,0.13333333333333333,15,0.12327697611268662,0.023438819182156196,0.08108108108108109,0.18811881188118812
1:1,GO:0005789,2,0.13333333333333333,15,0.12327697611268662,0.023438819182156196,0.08108108108108109,0.18811881188118812
1:1,GO:0005794,2,0.13333333333333333,15,0.12327697611268662,0.023438819182156196,0.08108108108108109,0.18811881188118812
1:1,GO:0005802,2,0.13333333333333333,15,0.12327697611268662,0.023438819182156196,0.08108108108108109,0.18811881188118812
1:1,GO:0005839,2,0.13333333333333333,15,0.12327697611268662,0.023438819182156196,0.08108108108108109,0.18811881188118812
1:1,GO:0005975,2,0.13333333333333333,15,0.12327697611268662,0.023438819182156196,0.08108108108108109,0.18811881188118812
1:1,GO:0006096,2,0.13333333333333333,15,0.12327697611268662,0.023438819182156196,0.08108108108108109,0.18811881188118812
1:1,GO:0006402,2,0.13333333333333333,15,0.12327697611268662,0.023438819182156196,0.08108108108108109,0.18811881188118812
1:1,GO:0006465,2,0.13333333333333333,15,0.12327697611268662,0.023438819182156196,0.08108108108108109,0.18811881188118812
1:1,GO:0006499,2,0.13333333333333333,15,0.12327697611268662,0.023438819182156196,0.08108108108108109,0.18811881188118812
1:1,GO:0006633,2,0.13333333333333333,15,0.12327697611268662,0.023438819182156196,0.08108108108108109,0.18811881188118812
1:1,GO:0006635,2,0.13333333333333333,15,0.12327697611268662,0.023438819182156196,0.08108108108108109,0.18811881188118812
1:1,GO:0006886,2,0.13333333333333333,15,0.12327697611268662,0.023438819182156196,0.08108108108108109,0.18811881188118812
1:1,GO:0006950,2,0.13333333333333333,15,0.12327697611268662,0.023438819182156196,0.08108108108108109,0.18811881188118812
1:1,GO:0007166,2,0.13333333333333333,15,0.12327697611268662,0.023438819182156196,0.08108108108108109,0.18811881188118812
1:1,GO:0008137,2,0.13333333333333333,15,0.12327697611268662,0.023438819182156196,0.08108108108108109,0.18811881188118812
1:1,GO:0008233,2,0.13333333333333333,15,0.12327697611268662,0.023438819182156196,0.08108108108108109,0.18811881188118812
1:1,GO:0008270,2,0.13333333333333333,15,0.12327697611268662,0.023438819182156196,0.08108108108108109,0.18811881188118812
1:1,GO:0008284,2,0.13333333333333333,15,0.12327697611268662,0.023438819182156196,0.08108108108108109,0.18811881188118812
1:1,GO:0009535,2,0.13333333333333333,15,0.12327697611268662,0.023438819182156196,0.08108108108108109,0.18811881188118812
1:1,GO:0009553,2,0.13333333333333333,15,0.12327697611268662,0.023438819182156196,0.08108108108108109,0.18811881188118812
1:1,GO:0009561,2,0.13333333333333333,15,0.12327697611268662,0.023438819182156196,0.08108108108108109,0.18811881188118812
1:1,GO:0009579,2,0.13333333333333333,15,0.12327697611268662,0.023438819182156196,0.08108108108108109,0.18811881188118812
1:1,GO:0009585,2,0.13333333333333333,15,0.12327697611268662,0.023438819182156196,0.08108108108108109,0.18811881188118812
1:1,GO:0009611,2,0.13333333333333333,15,0.12327697611268662,0.023438819182156196,0.08108108108108109,0.18811881188118812
1:1,GO:0009693,2,0.13333333333333333,15,0.12327697611268662,0.023438819182156196,0.08108108108108109,0.18811881188118812
1:1,GO:0009695,2,0.13333333333333333,15,0.12327697611268662,0.023438819182156196,0.08108108108108109,0.18811881188118812
1:1,GO:0009789,2,0.13333333333333333,15,0.12327697611268662,0.023438819182156196,0.08108108108108109,0.18811881188118812
1:1,GO:0009793,2,0.13333333333333333,15,0.12327697611268662,0.023438819182156196,0.08108108108108109,0.18811881188118812
1:1,GO:0009846,2,0.13333333333333333,15,0.12327697611268662,0.023438819182156196,0.08108108108108109,0.18811881188118812
1:1,GO:0009853,2,0.13333333333333333,15,0.12327697611268662,0.023438819182156196,0.08108108108108109,0.18811881188118812
1:1,GO:0009926,2,0.13333333333333333,15,0.12327697611268662,0.023438819182156196,0.08108108108108109,0.18811881188118812
1:1,GO:0010053,2,0.13333333333333333,15,0.12327697611268662,0.023438819182156196,0.08108108108108109,0.18811881188118812
1:1,GO:0010154,2,0.13333333333333333,15,0.12327697611268662,0.023438819182156196,0.08108108108108109,0.18811881188118812
1:1,GO:0010162,2,0.13333333333333333,15,0.12327697611268662,0.023438819182156196,0.08108108108108109,0.18811881188118812
1:1,GO:0010167,2,0.13333333333333333,15,0.12327697611268662,0.023438819182156196,0.08108108108108109,0.18811881188118812
1:1,GO:0010181,2,0.13333333333333333,15,0.12327697611268662,0.023438819182156196,0.08108108108108109,0.18811881188118812
1:1,GO:0010193,2,0.13333333333333333,15,0.12327697611268662,0.023438819182156196,0.08108108108108109,0.18811881188118812
1:1,GO:0010214,2,0.13333333333333333,15,0.12327697611268662,0.023438819182156196,0.08108108108108109,0.18811881188118812
1:1,GO:0010218,2,0.13333333333333333,15,0.12327697611268662,0.023438819182156196,0.08108108108108109,0.18811881188118812
1:1,GO:0010287,2,0.13333333333333333,15,0.12327697611268662,0.023438819182156196,0.08108108108108109,0.18811881188118812
1:1,GO:0012505,2,0.13333333333333333,15,0.12327697611268662,0.023438819182156196,0.08108108108108109,0.18811881188118812
1:1,GO:0015020,2,0.13333333333333333,15,0.12327697611268662,0.023438819182156196,0.08108108108108109,0.18811881188118812
1:1,GO:0015079,2,0.13333333333333333,15,0.12327697611268662,0.023438819182156196,0.08108108108108109,0.18811881188118812
1:1,GO:0015144,2,0.13333333333333333,15,0.12327697611268662,0.023438819182156196,0.08108108108108109,0.18811881188118812
1:1,GO:0015979,2,0.13333333333333333,15,0.12327697611268662,0.023438819182156196,0.08108108108108109,0.18811881188118812
1:1,GO:0016192,2,0.13333333333333333,15,0.12327697611268662,0.023438819182156196,0.08108108108108109,0.18811881188118812
1:1,GO:0016301,2,0.13333333333333333,15,0.12327697611268662,0.023438819182156196,0.08108108108108109,0.18811881188118812
1:1,GO:0016311,2,0.13333333333333333,15,0.12327697611268662,0.023438819182156196,0.08108108108108109,0.18811881188118812
1:1,GO:0016491,2,0.13333333333333333,15,0.12327697611268662,0.023438819182156196,0.08108108108108109,0.18811881188118812
1:1,GO:0016705,2,0.13333333333333333,15,0.12327697611268662,0.023438819182156196,0.08108108108108109,0.18811881188118812
1:1,GO:0019760,2,0.13333333333333333,15,0.12327697611268662,0.023438819182156196,0.08108108108108109,0.18811881188118812
1:1,GO:0019762,2,0.13333333333333333,15,0.12327697611268662,0.023438819182156196,0.08108108108108109,0.18811881188118812
1:1,GO:0030246,2,0.13333333333333333,15,0.12327697611268662,0.023438819182156196,0.08108108108108109,0.18811881188118812
1:1,GO:0030599,2,0.13333333333333333,15,0.12327697611268662,0.023438819182156196,0.08108108108108109,0.18811881188118812
1:1,GO:0031624,2,0.13333333333333333,15,0.12327697611268662,0.023438819182156196,0.08108108108108109,0.18811881188118812
1:1,GO:0031969,2,0.13333333333333333,15,0.12327697611268662,0.023438819182156196,0.08108108108108109,0.18811881188118812
1:1,GO:0031982,2,0.13333333333333333,15,0.12327697611268662,0.023438819182156196,0.08108108108108109,0.18811881188118812
1:1,GO:0035195,2,0.13333333333333333,15,0.12327697611268662,0.023438819182156196,0.08108108108108109,0.18811881188118812
1:1,GO:0042273,2,0.13333333333333333,15,0.12327697611268662,0.023438819182156196,0.08108108108108109,0.18811881188118812
1:1,GO:0042545,2,0.13333333333333333,15,0.12327697611268662,0.023438819182156196,0.08108108108108109,0.18811881188118812
1:1,GO:0043130,2,0.13333333333333333,15,0.12327697611268662,0.023438819182156196,0.08108108108108109,0.18811881188118812
1:1,GO:0044027,2,0.13333333333333333,15,0.12327697611268662,0.023438819182156196,0.08108108108108109,0.18811881188118812
1:1,GO:0045037,2,0.13333333333333333,15,0.12327697611268662,0.023438819182156196,0.08108108108108109,0.18811881188118812
1:1,GO:0045168,2,0.13333333333333333,15,0.12327697611268662,0.023438819182156196,0.08108108108108109,0.18811881188118812
1:1,GO:0045492,2,0.13333333333333333,15,0.12327697611268662,0.023438819182156196,0.08108108108108109,0.18811881188118812
1:1,GO:0046540,2,0.13333333333333333,15,0.12327697611268662,0.023438819182156196,0.08108108108108109,0.18811881188118812
1:1,GO:0046982,2,0.13333333333333333,15,0.12327697611268662,0.023438819182156196,0.08108108108108109,0.18811881188118812
1:1,GO:0048278,2,0.13333333333333333,15,0.12327697611268662,0.023438819182156196,0.08108108108108109,0.18811881188118812
1:1,GO:0048527,2,0.13333333333333333,15,0.12327697611268662,0.023438819182156196,0.08108108108108109,0.18811881188118812
1:1,GO:0050826,2,0.13333333333333333,15,0.12327697611268662,0.023438819182156196,0.08108108108108109,0.18811881188118812
1:1,GO:0051707,2,0.13333333333333333,15,0.12327697611268662,0.023438819182156196,0.08108108108108109,0.18811881188118812
1:1,GO:0071011,2,0.13333333333333333,15,0.12327697611268662,0.023438819182156196,0.08108108108108109,0.18811881188118812
1:1,GO:0071577,2,0.13333333333333333,15,0.12327697611268662,0.023438819182156196,0.08108108108108109,0.18811881188118812
1:1,GO:0080043,2,0.13333333333333333,15,0.12327697611268662,0.023438819182156196,0.08108108108108109,0.18811881188118812
1:1,GO:1901149,2,0.13333333333333333,15,0.12327697611268662,0.023438819182156196,0.08108108108108109,0.18811881188118812
1:1,GO:0000028,1,0.06666666666666667,15,0.12327697611268662,0.023438819182156196,0.08108108108108109,0.18811881188118812
1:1,GO:0000137,1,0.06666666666666667,15,0.12327697611268662,0.023438819182156196,0.08108108108108109,0.18811881188118812
1:1,GO:0000145,1,0.06666666666666667,15,0.12327697611268662,0.023438819182156196,0.08108108108108109,0.18811881188118812
1:1,GO:0000149,1,0.06666666666666667,15,0.12327697611268662,0.023438819182156196,0.08108108108108109,0.18811881188118812
1:1,GO:0000151,1,0.06666666666666667,15,0.12327697611268662,0.023438819182156196,0.08108108108108109,0.18811881188118812
1:1,GO:0000162,1,0.06666666666666667,15,0.12327697611268662,0.023438819182156196,0.08108108108108109,0.18811881188118812
1:1,GO:0000278,1,0.06666666666666667,15,0.12327697611268662,0.023438819182156196,0.08108108108108109,0.18811881188118812
1:1,GO:0000287,1,0.06666666666666667,15,0.12327697611268662,0.023438819182156196,0.08108108108108109,0.18811881188118812
1:1,GO:0000302,1,0.06666666666666667,15,0.12327697611268662,0.023438819182156196,0.08108108108108109,0.18811881188118812
1:1,GO:0000786,1,0.06666666666666667,15,0.12327697611268662,0.023438819182156196,0.08108108108108109,0.18811881188118812
1:1,GO:0000911,1,0.06666666666666667,15,0.12327697611268662,0.023438819182156196,0.08108108108108109,0.18811881188118812
1:1,GO:0002181,1,0.06666666666666667,15,0.12327697611268662,0.023438819182156196,0.08108108108108109,0.18811881188118812
1:1,GO:0002237,1,0.06666666666666667,15,0.12327697611268662,0.023438819182156196,0.08108108108108109,0.18811881188118812
1:1,GO:0003680,1,0.06666666666666667,15,0.12327697611268662,0.023438819182156196,0.08108108108108109,0.18811881188118812
1:1,GO:0003690,1,0.06666666666666667,15,0.12327697611268662,0.023438819182156196,0.08108108108108109,0.18811881188118812
1:1,GO:0003724,1,0.06666666666666667,15,0.12327697611268662,0.023438819182156196,0.08108108108108109,0.18811881188118812
1:1,GO:0003727,1,0.06666666666666667,15,0.12327697611268662,0.023438819182156196,0.08108108108108109,0.18811881188118812
1:1,GO:0003777,1,0.06666666666666667,15,0.12327697611268662,0.023438819182156196,0.08108108108108109,0.18811881188118812
1:1,GO:0003899,1,0.06666666666666667,15,0.12327697611268662,0.023438819182156196,0.08108108108108109,0.18811881188118812
1:1,GO:0003954,1,0.06666666666666667,15,0.12327697611268662,0.023438819182156196,0.08108108108108109,0.18811881188118812
1:1,GO:0004175,1,0.06666666666666667,15,0.12327697611268662,0.023438819182156196,0.08108108108108109,0.18811881188118812
1:1,GO:0004222,1,0.06666666666666667,15,0.12327697611268662,0.023438819182156196,0.08108108108108109,0.18811881188118812
1:1,GO:0004364,1,0.06666666666666667,15,0.12327697611268662,0.023438819182156196,0.08108108108108109,0.18811881188118812
1:1,GO:0004521,1,0.06666666666666667,15,0.12327697611268662,0.023438819182156196,0.08108108108108109,0.18811881188118812
1:1,GO:0004540,1,0.06666666666666667,15,0.12327697611268662,0.023438819182156196,0.08108108108108109,0.18811881188118812
1:1,GO:0004672,1,0.06666666666666667,15,0.12327697611268662,0.023438819182156196,0.08108108108108109,0.18811881188118812
1:1,GO:0004683,1,0.06666666666666667,15,0.12327697611268662,0.023438819182156196,0.08108108108108109,0.18811881188118812
1:1,GO:0004707,1,0.06666666666666667,15,0.12327697611268662,0.023438819182156196,0.08108108108108109,0.18811881188118812
1:1,GO:0004712,1,0.06666666666666667,15,0.12327697611268662,0.023438819182156196,0.08108108108108109,0.18811881188118812
1:1,GO:0004722,1,0.06666666666666667,15,0.12327697611268662,0.023438819182156196,0.08108108108108109,0.18811881188118812
1:1,GO:0004843,1,0.06666666666666667,15,0.12327697611268662,0.023438819182156196,0.08108108108108109,0.18811881188118812
1:1,GO:0005096,1,0.06666666666666667,15,0.12327697611268662,0.023438819182156196,0.08108108108108109,0.18811881188118812
1:1,GO:0005262,1,0.06666666666666667,15,0.12327697611268662,0.023438819182156196,0.08108108108108109,0.18811881188118812
1:1,GO:0005384,1,0.06666666666666667,15,0.12327697611268662,0.023438819182156196,0.08108108108108109,0.18811881188118812
1:1,GO:0005385,1,0.06666666666666667,15,0.12327697611268662,0.023438819182156196,0.08108108108108109,0.18811881188118812
1:1,GO:0005484,1,0.06666666666666667,15,0.12327697611268662,0.023438819182156196,0.08108108108108109,0.18811881188118812
1:1,GO:0005509,1,0.06666666666666667,15,0.12327697611268662,0.023438819182156196,0.08108108108108109,0.18811881188118812
1:1,GO:0005516,1,0.06666666666666667,15,0.12327697611268662,0.023438819182156196,0.08108108108108109,0.18811881188118812
1:1,GO:0005543,1,0.06666666666666667,15,0.12327697611268662,0.023438819182156196,0.08108108108108109,0.18811881188118812
1:1,GO:0005546,1,0.06666666666666667,15,0.12327697611268662,0.023438819182156196,0.08108108108108109,0.18811881188118812
1:1,GO:0005615,1,0.06666666666666667,15,0.12327697611268662,0.023438819182156196,0.08108108108108109,0.18811881188118812
1:1,GO:0005622,1,0.06666666666666667,15,0.12327697611268662,0.023438819182156196,0.08108108108108109,0.18811881188118812
1:1,GO:0005665,1,0.06666666666666667,15,0.12327697611268662,0.023438819182156196,0.08108108108108109,0.18811881188118812
1:1,GO:0005685,1,0.06666666666666667,15,0.12327697611268662,0.023438819182156196,0.08108108108108109,0.18811881188118812
1:1,GO:0005686,1,0.06666666666666667,15,0.12327697611268662,0.023438819182156196,0.08108108108108109,0.18811881188118812
1:1,GO:0005741,1,0.06666666666666667,15,0.12327697611268662,0.023438819182156196,0.08108108108108109,0.18811881188118812
1:1,GO:0005762,1,0.06666666666666667,15,0.12327697611268662,0.023438819182156196,0.08108108108108109,0.18811881188118812
1:1,GO:0005769,1,0.06666666666666667,15,0.12327697611268662,0.023438819182156196,0.08108108108108109,0.18811881188118812
1:1,GO:0005770,1,0.06666666666666667,15,0.12327697611268662,0.023438819182156196,0.08108108108108109,0.18811881188118812
1:1,GO:0005773,1,0.06666666666666667,15,0.12327697611268662,0.023438819182156196,0.08108108108108109,0.18811881188118812
1:1,GO:0005776,1,0.06666666666666667,15,0.12327697611268662,0.023438819182156196,0.08108108108108109,0.18811881188118812
1:1,GO:0005783,1,0.06666666666666667,15,0.12327697611268662,0.023438819182156196,0.08108108108108109,0.18811881188118812
1:1,GO:0005797,1,0.06666666666666667,15,0.12327697611268662,0.023438819182156196,0.08108108108108109,0.18811881188118812
1:1,GO:0005840,1,0.06666666666666667,15,0.12327697611268662,0.023438819182156196,0.08108108108108109,0.18811881188118812
1:1,GO:0005856,1,0.06666666666666667,15,0.12327697611268662,0.023438819182156196,0.08108108108108109,0.18811881188118812
1:1,GO:0005871,1,0.06666666666666667,15,0.12327697611268662,0.023438819182156196,0.08108108108108109,0.18811881188118812
1:1,GO:0005874,1,0.06666666666666667,15,0.12327697611268662,0.023438819182156196,0.08108108108108109,0.18811881188118812
1:1,GO:0005876,1,0.06666666666666667,15,0.12327697611268662,0.023438819182156196,0.08108108108108109,0.18811881188118812
1:1,GO:0006094,1,0.06666666666666667,15,0.12327697611268662,0.023438819182156196,0.08108108108108109,0.18811881188118812
1:1,GO:0006099,1,0.06666666666666667,15,0.12327697611268662,0.023438819182156196,0.08108108108108109,0.18811881188118812
1:1,GO:0006260,1,0.06666666666666667,15,0.12327697611268662,0.023438819182156196,0.08108108108108109,0.18811881188118812
1:1,GO:0006270,1,0.06666666666666667,15,0.12327697611268662,0.023438819182156196,0.08108108108108109,0.18811881188118812
1:1,GO:0006289,1,0.06666666666666667,15,0.12327697611268662,0.023438819182156196,0.08108108108108109,0.18811881188118812
1:1,GO:0006302,1,0.06666666666666667,15,0.12327697611268662,0.023438819182156196,0.08108108108108109,0.18811881188118812
1:1,GO:0006334,1,0.06666666666666667,15,0.12327697611268662,0.023438819182156196,0.08108108108108109,0.18811881188118812
1:1,GO:0006351,1,0.06666666666666667,15,0.12327697611268662,0.023438819182156196,0.08108108108108109,0.18811881188118812
1:1,GO:0006364,1,0.06666666666666667,15,0.12327697611268662,0.023438819182156196,0.08108108108108109,0.18811881188118812
1:1,GO:0006366,1,0.06666666666666667,15,0.12327697611268662,0.023438819182156196,0.08108108108108109,0.18811881188118812
1:1,GO:0006396,1,0.06666666666666667,15,0.12327697611268662,0.023438819182156196,0.08108108108108109,0.18811881188118812
1:1,GO:0006397,1,0.06666666666666667,15,0.12327697611268662,0.023438819182156196,0.08108108108108109,0.18811881188118812
1:1,GO:0006406,1,0.06666666666666667,15,0.12327697611268662,0.023438819182156196,0.08108108108108109,0.18811881188118812
1:1,GO:0006413,1,0.06666666666666667,15,0.12327697611268662,0.023438819182156196,0.08108108108108109,0.18811881188118812
1:1,GO:0006457,1,0.06666666666666667,15,0.12327697611268662,0.023438819182156196,0.08108108108108109,0.18811881188118812
1:1,GO:0006508,1,0.06666666666666667,15,0.12327697611268662,0.023438819182156196,0.08108108108108109,0.18811881188118812
1:1,GO:0006606,1,0.06666666666666667,15,0.12327697611268662,0.023438819182156196,0.08108108108108109,0.18811881188118812
1:1,GO:0006623,1,0.06666666666666667,15,0.12327697611268662,0.023438819182156196,0.08108108108108109,0.18811881188118812
1:1,GO:0006816,1,0.06666666666666667,15,0.12327697611268662,0.023438819182156196,0.08108108108108109,0.18811881188118812
1:1,GO:0006817,1,0.06666666666666667,15,0.12327697611268662,0.023438819182156196,0.08108108108108109,0.18811881188118812
1:1,GO:0006888,1,0.06666666666666667,15,0.12327697611268662,0.023438819182156196,0.08108108108108109,0.18811881188118812
1:1,GO:0006891,1,0.06666666666666667,15,0.12327697611268662,0.023438819182156196,0.08108108108108109,0.18811881188118812
1:1,GO:0006897,1,0.06666666666666667,15,0.12327697611268662,0.023438819182156196,0.08108108108108109,0.18811881188118812
1:1,GO:0006974,1,0.06666666666666667,15,0.12327697611268662,0.023438819182156196,0.08108108108108109,0.18811881188118812
1:1,GO:0007005,1,0.06666666666666667,15,0.12327697611268662,0.023438819182156196,0.08108108108108109,0.18811881188118812
1:1,GO:0007015,1,0.06666666666666667,15,0.12327697611268662,0.023438819182156196,0.08108108108108109,0.18811881188118812
1:1,GO:0007030,1,0.06666666666666667,15,0.12327697611268662,0.023438819182156196,0.08108108108108109,0.18811881188118812
1:1,GO:0007033,1,0.06666666666666667,15,0.12327697611268662,0.023438819182156196,0.08108108108108109,0.18811881188118812
1:1,GO:0007131,1,0.06666666666666667,15,0.12327697611268662,0.023438819182156196,0.08108108108108109,0.18811881188118812
1:1,GO:0007623,1,0.06666666666666667,15,0.12327697611268662,0.023438819182156196,0.08108108108108109,0.18811881188118812
1:1,GO:0008168,1,0.06666666666666667,15,0.12327697611268662,0.023438819182156196,0.08108108108108109,0.18811881188118812
1:1,GO:0008171,1,0.06666666666666667,15,0.12327697611268662,0.023438819182156196,0.08108108108108109,0.18811881188118812
1:1,GO:0008194,1,0.06666666666666667,15,0.12327697611268662,0.023438819182156196,0.08108108108108109,0.18811881188118812
1:1,GO:0008266,1,0.06666666666666667,15,0.12327697611268662,0.023438819182156196,0.08108108108108109,0.18811881188118812
1:1,GO:0008289,1,0.06666666666666667,15,0.12327697611268662,0.023438819182156196,0.08108108108108109,0.18811881188118812
1:1,GO:0008483,1,0.06666666666666667,15,0.12327697611268662,0.023438819182156196,0.08108108108108109,0.18811881188118812
1:1,GO:0008810,1,0.06666666666666667,15,0.12327697611268662,0.023438819182156196,0.08108108108108109,0.18811881188118812
1:1,GO:0009058,1,0.06666666666666667,15,0.12327697611268662,0.023438819182156196,0.08108108108108109,0.18811881188118812
1:1,GO:0009266,1,0.06666666666666667,15,0.12327697611268662,0.023438819182156196,0.08108108108108109,0.18811881188118812
1:1,GO:0009269,1,0.06666666666666667,15,0.12327697611268662,0.023438819182156196,0.08108108108108109,0.18811881188118812
1:1,GO:0009294,1,0.06666666666666667,15,0.12327697611268662,0.023438819182156196,0.08108108108108109,0.18811881188118812
1:1,GO:0009407,1,0.06666666666666667,15,0.12327697611268662,0.023438819182156196,0.08108108108108109,0.18811881188118812
1:1,GO:0009411,1,0.06666666666666667,15,0.12327697611268662,0.023438819182156196,0.08108108108108109,0.18811881188118812
1:1,GO:0009416,1,0.06666666666666667,15,0.12327697611268662,0.023438819182156196,0.08108108108108109,0.18811881188118812
1:1,GO:0009504,1,0.06666666666666667,15,0.12327697611268662,0.023438819182156196,0.08108108108108109,0.18811881188118812
1:1,GO:0009524,1,0.06666666666666667,15,0.12327697611268662,0.023438819182156196,0.08108108108108109,0.18811881188118812
1:1,GO:0009543,1,0.06666666666666667,15,0.12327697611268662,0.023438819182156196,0.08108108108108109,0.18811881188118812
1:1,GO:0009615,1,0.06666666666666667,15,0.12327697611268662,0.023438819182156196,0.08108108108108109,0.18811881188118812
1:1,GO:0009624,1,0.06666666666666667,15,0.12327697611268662,0.023438819182156196,0.08108108108108109,0.18811881188118812
1:1,GO:0009626,1,0.06666666666666667,15,0.12327697611268662,0.023438819182156196,0.08108108108108109,0.18811881188118812
1:1,GO:0009627,1,0.06666666666666667,15,0.12327697611268662,0.023438819182156196,0.08108108108108109,0.18811881188118812
1:1,GO:0009630,1,0.06666666666666667,15,0.12327697611268662,0.023438819182156196,0.08108108108108109,0.18811881188118812
1:1,GO:0009638,1,0.06666666666666667,15,0.12327697611268662,0.023438819182156196,0.08108108108108109,0.18811881188118812
1:1,GO:0009639,1,0.06666666666666667,15,0.12327697611268662,0.023438819182156196,0.08108108108108109,0.18811881188118812
1:1,GO:0009640,1,0.06666666666666667,15,0.12327697611268662,0.023438819182156196,0.08108108108108109,0.18811881188118812
1:1,GO:0009644,1,0.06666666666666667,15,0.12327697611268662,0.023438819182156196,0.08108108108108109,0.18811881188118812
1:1,GO:0009646,1,0.06666666666666667,15,0.12327697611268662,0.023438819182156196,0.08108108108108109,0.18811881188118812
1:1,GO:0009658,1,0.06666666666666667,15,0.12327697611268662,0.023438819182156196,0.08108108108108109,0.18811881188118812
1:1,GO:0009682,1,0.06666666666666667,15,0.12327697611268662,0.023438819182156196,0.08108108108108109,0.18811881188118812
1:1,GO:0009691,1,0.06666666666666667,15,0.12327697611268662,0.023438819182156196,0.08108108108108109,0.18811881188118812
1:1,GO:0009705,1,0.06666666666666667,15,0.12327697611268662,0.023438819182156196,0.08108108108108109,0.18811881188118812
1:1,GO:0009707,1,0.06666666666666667,15,0.12327697611268662,0.023438819182156196,0.08108108108108109,0.18811881188118812
1:1,GO:0009737,1,0.06666666666666667,15,0.12327697611268662,0.023438819182156196,0.08108108108108109,0.18811881188118812
1:1,GO:0009738,1,0.06666666666666667,15,0.12327697611268662,0.023438819182156196,0.08108108108108109,0.18811881188118812
1:1,GO:0009739,1,0.06666666666666667,15,0.12327697611268662,0.023438819182156196,0.08108108108108109,0.18811881188118812
1:1,GO:0009742,1,0.06666666666666667,15,0.12327697611268662,0.023438819182156196,0.08108108108108109,0.18811881188118812
1:1,GO:0009755,1,0.06666666666666667,15,0.12327697611268662,0.023438819182156196,0.08108108108108109,0.18811881188118812
1:1,GO:0009767,1,0.06666666666666667,15,0.12327697611268662,0.023438819182156196,0.08108108108108109,0.18811881188118812
1:1,GO:0009788,1,0.06666666666666667,15,0.12327697611268662,0.023438819182156196,0.08108108108108109,0.18811881188118812
1:1,GO:0009809,1,0.06666666666666667,15,0.12327697611268662,0.023438819182156196,0.08108108108108109,0.18811881188118812
1:1,GO:0009826,1,0.06666666666666667,15,0.12327697611268662,0.023438819182156196,0.08108108108108109,0.18811881188118812
1:1,GO:0009827,1,0.06666666666666667,15,0.12327697611268662,0.023438819182156196,0.08108108108108109,0.18811881188118812
1:1,GO:0009828,1,0.06666666666666667,15,0.12327697611268662,0.023438819182156196,0.08108108108108109,0.18811881188118812
1:1,GO:0009832,1,0.06666666666666667,15,0.12327697611268662,0.023438819182156196,0.08108108108108109,0.18811881188118812
1:1,GO:0009834,1,0.06666666666666667,15,0.12327697611268662,0.023438819182156196,0.08108108108108109,0.18811881188118812
1:1,GO:0009860,1,0.06666666666666667,15,0.12327697611268662,0.023438819182156196,0.08108108108108109,0.18811881188118812
1:1,GO:0009863,1,0.06666666666666667,15,0.12327697611268662,0.023438819182156196,0.08108108108108109,0.18811881188118812
1:1,GO:0009903,1,0.06666666666666667,15,0.12327697611268662,0.023438819182156196,0.08108108108108109,0.18811881188118812
1:1,GO:0009908,1,0.06666666666666667,15,0.12327697611268662,0.023438819182156196,0.08108108108108109,0.18811881188118812
1:1,GO:0009911,1,0.06666666666666667,15,0.12327697611268662,0.023438819182156196,0.08108108108108109,0.18811881188118812
1:1,GO:0009922,1,0.06666666666666667,15,0.12327697611268662,0.023438819182156196,0.08108108108108109,0.18811881188118812
1:1,GO:0009941,1,0.06666666666666667,15,0.12327697611268662,0.023438819182156196,0.08108108108108109,0.18811881188118812
1:1,GO:0009970,1,0.06666666666666667,15,0.12327697611268662,0.023438819182156196,0.08108108108108109,0.18811881188118812
1:1,GO:0009975,1,0.06666666666666667,15,0.12327697611268662,0.023438819182156196,0.08108108108108109,0.18811881188118812
1:1,GO:0010008,1,0.06666666666666667,15,0.12327697611268662,0.023438819182156196,0.08108108108108109,0.18811881188118812
1:1,GO:0010017,1,0.06666666666666667,15,0.12327697611268662,0.023438819182156196,0.08108108108108109,0.18811881188118812
1:1,GO:0010020,1,0.06666666666666667,15,0.12327697611268662,0.023438819182156196,0.08108108108108109,0.18811881188118812
1:1,GO:0010025,1,0.06666666666666667,15,0.12327697611268662,0.023438819182156196,0.08108108108108109,0.18811881188118812
1:1,GO:0010027,1,0.06666666666666667,15,0.12327697611268662,0.023438819182156196,0.08108108108108109,0.18811881188118812
1:1,GO:0010075,1,0.06666666666666667,15,0.12327697611268662,0.023438819182156196,0.08108108108108109,0.18811881188118812
1:1,GO:0010078,1,0.06666666666666667,15,0.12327697611268662,0.023438819182156196,0.08108108108108109,0.18811881188118812
1:1,GO:0010087,1,0.06666666666666667,15,0.12327697611268662,0.023438819182156196,0.08108108108108109,0.18811881188118812
1:1,GO:0010088,1,0.06666666666666667,15,0.12327697611268662,0.023438819182156196,0.08108108108108109,0.18811881188118812
1:1,GO:0010090,1,0.06666666666666667,15,0.12327697611268662,0.023438819182156196,0.08108108108108109,0.18811881188118812
1:1,GO:0010105,1,0.06666666666666667,15,0.12327697611268662,0.023438819182156196,0.08108108108108109,0.18811881188118812
1:1,GO:0010143,1,0.06666666666666667,15,0.12327697611268662,0.023438819182156196,0.08108108108108109,0.18811881188118812
1:1,GO:0010187,1,0.06666666666666667,15,0.12327697611268662,0.023438819182156196,0.08108108108108109,0.18811881188118812
1:1,GO:0010197,1,0.06666666666666667,15,0.12327697611268662,0.023438819182156196,0.08108108108108109,0.18811881188118812
1:1,GO:0010224,1,0.06666666666666667,15,0.12327697611268662,0.023438819182156196,0.08108108108108109,0.18811881188118812
1:1,GO:0010227,1,0.06666666666666667,15,0.12327697611268662,0.023438819182156196,0.08108108108108109,0.18811881188118812
1:1,GO:0010268,1,0.06666666666666667,15,0.12327697611268662,0.023438819182156196,0.08108108108108109,0.18811881188118812
1:1,GO:0010319,1,0.06666666666666667,15,0.12327697611268662,0.023438819182156196,0.08108108108108109,0.18811881188118812
1:1,GO:0010345,1,0.06666666666666667,15,0.12327697611268662,0.023438819182156196,0.08108108108108109,0.18811881188118812
1:1,GO:0010374,1,0.06666666666666667,15,0.12327697611268662,0.023438819182156196,0.08108108108108109,0.18811881188118812
1:1,GO:0010492,1,0.06666666666666667,15,0.12327697611268662,0.023438819182156196,0.08108108108108109,0.18811881188118812
1:1,GO:0010494,1,0.06666666666666667,15,0.12327697611268662,0.023438819182156196,0.08108108108108109,0.18811881188118812
1:1,GO:0010555,1,0.06666666666666667,15,0.12327697611268662,0.023438819182156196,0.08108108108108109,0.18811881188118812
1:1,GO:0010582,1,0.06666666666666667,15,0.12327697611268662,0.023438819182156196,0.08108108108108109,0.18811881188118812
1:1,GO:0010608,1,0.06666666666666667,15,0.12327697611268662,0.023438819182156196,0.08108108108108109,0.18811881188118812
1:1,GO:0010628,1,0.06666666666666667,15,0.12327697611268662,0.023438819182156196,0.08108108108108109,0.18811881188118812
1:1,GO:0012501,1,0.06666666666666667,15,0.12327697611268662,0.023438819182156196,0.08108108108108109,0.18811881188118812
1:1,GO:0015171,1,0.06666666666666667,15,0.12327697611268662,0.023438819182156196,0.08108108108108109,0.18811881188118812
1:1,GO:0015250,1,0.06666666666666667,15,0.12327697611268662,0.023438819182156196,0.08108108108108109,0.18811881188118812
1:1,GO:0015297,1,0.06666666666666667,15,0.12327697611268662,0.023438819182156196,0.08108108108108109,0.18811881188118812
1:1,GO:0015629,1,0.06666666666666667,15,0.12327697611268662,0.023438819182156196,0.08108108108108109,0.18811881188118812
1:1,GO:0015630,1,0.06666666666666667,15,0.12327697611268662,0.023438819182156196,0.08108108108108109,0.18811881188118812
1:1,GO:0016036,1,0.06666666666666667,15,0.12327697611268662,0.023438819182156196,0.08108108108108109,0.18811881188118812
1:1,GO:0016102,1,0.06666666666666667,15,0.12327697611268662,0.023438819182156196,0.08108108108108109,0.18811881188118812
1:1,GO:0016126,1,0.06666666666666667,15,0.12327697611268662,0.023438819182156196,0.08108108108108109,0.18811881188118812
1:1,GO:0016132,1,0.06666666666666667,15,0.12327697611268662,0.023438819182156196,0.08108108108108109,0.18811881188118812
1:1,GO:0016168,1,0.06666666666666667,15,0.12327697611268662,0.023438819182156196,0.08108108108108109,0.18811881188118812
1:1,GO:0016310,1,0.06666666666666667,15,0.12327697611268662,0.023438819182156196,0.08108108108108109,0.18811881188118812
1:1,GO:0016413,1,0.06666666666666667,15,0.12327697611268662,0.023438819182156196,0.08108108108108109,0.18811881188118812
1:1,GO:0016592,1,0.06666666666666667,15,0.12327697611268662,0.023438819182156196,0.08108108108108109,0.18811881188118812
1:1,GO:0016604,1,0.06666666666666667,15,0.12327697611268662,0.023438819182156196,0.08108108108108109,0.18811881188118812
1:1,GO:0016607,1,0.06666666666666667,15,0.12327697611268662,0.023438819182156196,0.08108108108108109,0.18811881188118812
1:1,GO:0016709,1,0.06666666666666667,15,0.12327697611268662,0.023438819182156196,0.08108108108108109,0.18811881188118812
1:1,GO:0016747,1,0.06666666666666667,15,0.12327697611268662,0.023438819182156196,0.08108108108108109,0.18811881188118812
1:1,GO:0016762,1,0.06666666666666667,15,0.12327697611268662,0.023438819182156196,0.08108108108108109,0.18811881188118812
1:1,GO:0016787,1,0.06666666666666667,15,0.12327697611268662,0.023438819182156196,0.08108108108108109,0.18811881188118812
1:1,GO:0016788,1,0.06666666666666667,15,0.12327697611268662,0.023438819182156196,0.08108108108108109,0.18811881188118812
1:1,GO:0016829,1,0.06666666666666667,15,0.12327697611268662,0.023438819182156196,0.08108108108108109,0.18811881188118812
1:1,GO:0016887,1,0.06666666666666667,15,0.12327697611268662,0.023438819182156196,0.08108108108108109,0.18811881188118812
1:1,GO:0017148,1,0.06666666666666667,15,0.12327697611268662,0.023438819182156196,0.08108108108108109,0.18811881188118812
1:1,GO:0019432,1,0.06666666666666667,15,0.12327697611268662,0.023438819182156196,0.08108108108108109,0.18811881188118812
1:1,GO:0019722,1,0.06666666666666667,15,0.12327697611268662,0.023438819182156196,0.08108108108108109,0.18811881188118812
1:1,GO:0019761,1,0.06666666666666667,15,0.12327697611268662,0.023438819182156196,0.08108108108108109,0.18811881188118812
1:1,GO:0019843,1,0.06666666666666667,15,0.12327697611268662,0.023438819182156196,0.08108108108108109,0.18811881188118812
1:1,GO:0019900,1,0.06666666666666667,15,0.12327697611268662,0.023438819182156196,0.08108108108108109,0.18811881188118812
1:1,GO:0019901,1,0.06666666666666667,15,0.12327697611268662,0.023438819182156196,0.08108108108108109,0.18811881188118812
1:1,GO:0019915,1,0.06666666666666667,15,0.12327697611268662,0.023438819182156196,0.08108108108108109,0.18811881188118812
1:1,GO:0019953,1,0.06666666666666667,15,0.12327697611268662,0.023438819182156196,0.08108108108108109,0.18811881188118812
1:1,GO:0022625,1,0.06666666666666667,15,0.12327697611268662,0.023438819182156196,0.08108108108108109,0.18811881188118812
1:1,GO:0022627,1,0.06666666666666667,15,0.12327697611268662,0.023438819182156196,0.08108108108108109,0.18811881188118812
1:1,GO:0030148,1,0.06666666666666667,15,0.12327697611268662,0.023438819182156196,0.08108108108108109,0.18811881188118812
1:1,GO:0030170,1,0.06666666666666667,15,0.12327697611268662,0.023438819182156196,0.08108108108108109,0.18811881188118812
1:1,GO:0030247,1,0.06666666666666667,15,0.12327697611268662,0.023438819182156196,0.08108108108108109,0.18811881188118812
1:1,GO:0030275,1,0.06666666666666667,15,0.12327697611268662,0.023438819182156196,0.08108108108108109,0.18811881188118812
1:1,GO:0030527,1,0.06666666666666667,15,0.12327697611268662,0.023438819182156196,0.08108108108108109,0.18811881188118812
1:1,GO:0030570,1,0.06666666666666667,15,0.12327697611268662,0.023438819182156196,0.08108108108108109,0.18811881188118812
1:1,GO:0030968,1,0.06666666666666667,15,0.12327697611268662,0.023438819182156196,0.08108108108108109,0.18811881188118812
1:1,GO:0031146,1,0.06666666666666667,15,0.12327697611268662,0.023438819182156196,0.08108108108108109,0.18811881188118812
1:1,GO:0031201,1,0.06666666666666667,15,0.12327697611268662,0.023438819182156196,0.08108108108108109,0.18811881188118812
1:1,GO:0031347,1,0.06666666666666667,15,0.12327697611268662,0.023438819182156196,0.08108108108108109,0.18811881188118812
1:1,GO:0031348,1,0.06666666666666667,15,0.12327697611268662,0.023438819182156196,0.08108108108108109,0.18811881188118812
1:1,GO:0031490,1,0.06666666666666667,15,0.12327697611268662,0.023438819182156196,0.08108108108108109,0.18811881188118812
1:1,GO:0031507,1,0.06666666666666667,15,0.12327697611268662,0.023438819182156196,0.08108108108108109,0.18811881188118812
1:1,GO:0031977,1,0.06666666666666667,15,0.12327697611268662,0.023438819182156196,0.08108108108108109,0.18811881188118812
1:1,GO:0032040,1,0.06666666666666667,15,0.12327697611268662,0.023438819182156196,0.08108108108108109,0.18811881188118812
1:1,GO:0032259,1,0.06666666666666667,15,0.12327697611268662,0.023438819182156196,0.08108108108108109,0.18811881188118812
1:1,GO:0032502,1,0.06666666666666667,15,0.12327697611268662,0.023438819182156196,0.08108108108108109,0.18811881188118812
1:1,GO:0032875,1,0.06666666666666667,15,0.12327697611268662,0.023438819182156196,0.08108108108108109,0.18811881188118812
1:1,GO:0032981,1,0.06666666666666667,15,0.12327697611268662,0.023438819182156196,0.08108108108108109,0.18811881188118812
1:1,GO:0034599,1,0.06666666666666667,15,0.12327697611268662,0.023438819182156196,0.08108108108108109,0.18811881188118812
1:1,GO:0034605,1,0.06666666666666667,15,0.12327697611268662,0.023438819182156196,0.08108108108108109,0.18811881188118812
1:1,GO:0040029,1,0.06666666666666667,15,0.12327697611268662,0.023438819182156196,0.08108108108108109,0.18811881188118812
1:1,GO:0042026,1,0.06666666666666667,15,0.12327697611268662,0.023438819182156196,0.08108108108108109,0.18811881188118812
1:1,GO:0042054,1,0.06666666666666667,15,0.12327697611268662,0.023438819182156196,0.08108108108108109,0.18811881188118812
1:1,GO:0042127,1,0.06666666666666667,15,0.12327697611268662,0.023438819182156196,0.08108108108108109,0.18811881188118812
1:1,GO:0042147,1,0.06666666666666667,15,0.12327697611268662,0.023438819182156196,0.08108108108108109,0.18811881188118812
1:1,GO:0042393,1,0.06666666666666667,15,0.12327697611268662,0.023438819182156196,0.08108108108108109,0.18811881188118812
1:1,GO:0042538,1,0.06666666666666667,15,0.12327697611268662,0.023438819182156196,0.08108108108108109,0.18811881188118812
1:1,GO:0042542,1,0.06666666666666667,15,0.12327697611268662,0.023438819182156196,0.08108108108108109,0.18811881188118812
1:1,GO:0042546,1,0.06666666666666667,15,0.12327697611268662,0.023438819182156196,0.08108108108108109,0.18811881188118812
1:1,GO:0042626,1,0.06666666666666667,15,0.12327697611268662,0.023438819182156196,0.08108108108108109,0.18811881188118812
1:1,GO:0042644,1,0.06666666666666667,15,0.12327697611268662,0.023438819182156196,0.08108108108108109,0.18811881188118812
1:1,GO:0042651,1,0.06666666666666667,15,0.12327697611268662,0.023438819182156196,0.08108108108108109,0.18811881188118812
1:1,GO:0042752,1,0.06666666666666667,15,0.12327697611268662,0.023438819182156196,0.08108108108108109,0.18811881188118812
1:1,GO:0043022,1,0.06666666666666667,15,0.12327697611268662,0.023438819182156196,0.08108108108108109,0.18811881188118812
1:1,GO:0043424,1,0.06666666666666667,15,0.12327697611268662,0.023438819182156196,0.08108108108108109,0.18811881188118812
1:1,GO:0045036,1,0.06666666666666667,15,0.12327697611268662,0.023438819182156196,0.08108108108108109,0.18811881188118812
1:1,GO:0045088,1,0.06666666666666667,15,0.12327697611268662,0.023438819182156196,0.08108108108108109,0.18811881188118812
1:1,GO:0045259,1,0.06666666666666667,15,0.12327697611268662,0.023438819182156196,0.08108108108108109,0.18811881188118812
1:1,GO:0045454,1,0.06666666666666667,15,0.12327697611268662,0.023438819182156196,0.08108108108108109,0.18811881188118812
1:1,GO:0045893,1,0.06666666666666667,15,0.12327697611268662,0.023438819182156196,0.08108108108108109,0.18811881188118812
1:1,GO:0045944,1,0.06666666666666667,15,0.12327697611268662,0.023438819182156196,0.08108108108108109,0.18811881188118812
1:1,GO:0046777,1,0.06666666666666667,15,0.12327697611268662,0.023438819182156196,0.08108108108108109,0.18811881188118812
1:1,GO:0046854,1,0.06666666666666667,15,0.12327697611268662,0.023438819182156196,0.08108108108108109,0.18811881188118812
1:1,GO:0046856,1,0.06666666666666667,15,0.12327697611268662,0.023438819182156196,0.08108108108108109,0.18811881188118812
1:1,GO:0046873,1,0.06666666666666667,15,0.12327697611268662,0.023438819182156196,0.08108108108108109,0.18811881188118812
1:1,GO:0046910,1,0.06666666666666667,15,0.12327697611268662,0.023438819182156196,0.08108108108108109,0.18811881188118812
1:1,GO:0046933,1,0.06666666666666667,15,0.12327697611268662,0.023438819182156196,0.08108108108108109,0.18811881188118812
1:1,GO:0046961,1,0.06666666666666667,15,0.12327697611268662,0.023438819182156196,0.08108108108108109,0.18811881188118812
1:1,GO:0047262,1,0.06666666666666667,15,0.12327697611268662,0.023438819182156196,0.08108108108108109,0.18811881188118812
1:1,GO:0048046,1,0.06666666666666667,15,0.12327697611268662,0.023438819182156196,0.08108108108108109,0.18811881188118812
1:1,GO:0048235,1,0.06666666666666667,15,0.12327697611268662,0.023438819182156196,0.08108108108108109,0.18811881188118812
1:1,GO:0048364,1,0.06666666666666667,15,0.12327697611268662,0.023438819182156196,0.08108108108108109,0.18811881188118812
1:1,GO:0048443,1,0.06666666666666667,15,0.12327697611268662,0.023438819182156196,0.08108108108108109,0.18811881188118812
1:1,GO:0048573,1,0.06666666666666667,15,0.12327697611268662,0.023438819182156196,0.08108108108108109,0.18811881188118812
1:1,GO:0048765,1,0.06666666666666667,15,0.12327697611268662,0.023438819182156196,0.08108108108108109,0.18811881188118812
1:1,GO:0048825,1,0.06666666666666667,15,0.12327697611268662,0.023438819182156196,0.08108108108108109,0.18811881188118812
1:1,GO:0050660,1,0.06666666666666667,15,0.12327697611268662,0.023438819182156196,0.08108108108108109,0.18811881188118812
1:1,GO:0050661,1,0.06666666666666667,15,0.12327697611268662,0.023438819182156196,0.08108108108108109,0.18811881188118812
1:1,GO:0051015,1,0.06666666666666667,15,0.12327697611268662,0.023438819182156196,0.08108108108108109,0.18811881188118812
1:1,GO:0051017,1,0.06666666666666667,15,0.12327697611268662,0.023438819182156196,0.08108108108108109,0.18811881188118812
1:1,GO:0051085,1,0.06666666666666667,15,0.12327697611268662,0.023438819182156196,0.08108108108108109,0.18811881188118812
1:1,GO:0051087,1,0.06666666666666667,15,0.12327697611268662,0.023438819182156196,0.08108108108108109,0.18811881188118812
1:1,GO:0051225,1,0.06666666666666667,15,0.12327697611268662,0.023438819182156196,0.08108108108108109,0.18811881188118812
1:1,GO:0051287,1,0.06666666666666667,15,0.12327697611268662,0.023438819182156196,0.08108108108108109,0.18811881188118812
1:1,GO:0051301,1,0.06666666666666667,15,0.12327697611268662,0.023438819182156196,0.08108108108108109,0.18811881188118812
1:1,GO:0051607,1,0.06666666666666667,15,0.12327697611268662,0.023438819182156196,0.08108108108108109,0.18811881188118812
1:1,GO:0051726,1,0.06666666666666667,15,0.12327697611268662,0.023438819182156196,0.08108108108108109,0.18811881188118812
1:1,GO:0051762,1,0.06666666666666667,15,0.12327697611268662,0.023438819182156196,0.08108108108108109,0.18811881188118812
1:1,GO:0055028,1,0.06666666666666667,15,0.12327697611268662,0.023438819182156196,0.08108108108108109,0.18811881188118812
1:1,GO:0061809,1,0.06666666666666667,15,0.12327697611268662,0.023438819182156196,0.08108108108108109,0.18811881188118812
1:1,GO:0071004,1,0.06666666666666667,15,0.12327697611268662,0.023438819182156196,0.08108108108108109,0.18811881188118812
1:1,GO:0071365,1,0.06666666666666667,15,0.12327697611268662,0.023438819182156196,0.08108108108108109,0.18811881188118812
1:1,GO:0072583,1,0.06666666666666667,15,0.12327697611268662,0.023438819182156196,0.08108108108108109,0.18811881188118812
1:1,GO:0080155,1,0.06666666666666667,15,0.12327697611268662,0.023438819182156196,0.08108108108108109,0.18811881188118812
1:1,GO:0080188,1,0.06666666666666667,15,0.12327697611268662,0.023438819182156196,0.08108108108108109,0.18811881188118812
1:1,GO:0090332,1,0.06666666666666667,15,0.12327697611268662,0.023438819182156196,0.08108108108108109,0.18811881188118812
1:1,GO:0090333,1,0.06666666666666667,15,0.12327697611268662,0.023438819182156196,0.08108108108108109,0.18811881188118812
1:1,GO:0090351,1,0.06666666666666667,15,0.12327697611268662,0.023438819182156196,0.08108108108108109,0.18811881188118812
1:1,GO:0090404,1,0.06666666666666667,15,0.12327697611268662,0.023438819182156196,0.08108108108108109,0.18811881188118812
1:1,GO:0090406,1,0.06666666666666667,15,0.12327697611268662,0.023438819182156196,0.08108108108108109,0.18811881188118812
1:1,GO:0097602,1,0.06666666666666667,15,0.12327697611268662,0.023438819182156196,0.08108108108108109,0.18811881188118812
1:1,GO:0098542,1,0.06666666666666667,15,0.12327697611268662,0.023438819182156196,0.08108108108108109,0.18811881188118812
1:1,GO:0098662,1,0.06666666666666667,15,0.12327697611268662,0.023438819182156196,0.08108108108108109,0.18811881188118812
1:1,GO:0140825,1,0.06666666666666667,15,0.12327697611268662,0.023438819182156196,0.08108108108108109,0.18811881188118812
1:1,GO:1900150,1,0.06666666666666667,15,0.12327697611268662,0.023438819182156196,0.08108108108108109,0.18811881188118812
1:1,GO:1903409,1,0.06666666666666667,15,0.12327697611268662,0.023438819182156196,0.08108108108108109,0.18811881188118812
1:1,GO:1905392,1,0.06666666666666667,15,0.12327697611268662,0.023438819182156196,0.08108108108108109,0.18811881188118812
1:1,GO:2000008,1,0.06666666666666667,15,0.12327697611268662,0.023438819182156196,0.08108108108108109,0.18811881188118812
1:1,GO:2000022,1,0.06666666666666667,15,0.12327697611268662,0.023438819182156196,0.08108108108108109,0.18811881188118812
1:1,GO:2000028,1,0.06666666666666667,15,0.12327697611268662,0.023438819182156196,0.08108108108108109,0.18811881188118812
1:1,GO:2000067,1,0.06666666666666667,15,0.12327697611268662,0.023438819182156196,0.08108108108108109,0.18811881188118812
1:1,GO:2000280,1,0.06666666666666667,15,0.12327697611268662,0.023438819182156196,0.08108108108108109,0.18811881188118812
1:1,GO:2000377,1,0.06666666666666667,15,0.12327697611268662,0.023438819182156196,0.08108108108108109,0.18811881188118812
1:2,GO:0003700,15,1.0,15,0.14461481223447634,0.0244013566079354,0.09090909090909091,0.21212121212121213
1:2,GO:0005575,15,1.0,15,0.14461481223447634,0.0244013566079354,0.09090909090909091,0.21212121212121213
1:2,GO:0006414,15,1.0,15,0.14461481223447634,0.0244013566079354,0.09090909090909091,0.21212121212121213
1:2,GO:0008150,15,1.0,15,0.14461481223447634,0.0244013566079354,0.09090909090909091,0.21212121212121213
1:2,GO:0009507,15,1.0,15,0.14461481223447634,0.0244013566079354,0.09090909090909091,0.21212121212121213
1:2,GO:0005737,14,0.9333333333333333,15,0.14461481223447634,0.0244013566079354,0.09090909090909091,0.21212121212121213
1:2,GO:0006355,14,0.9333333333333333,15,0.14461481223447634,0.0244013566079354,0.09090909090909091,0.21212121212121213
1:2,GO:0030533,14,0.9333333333333333,15,0.14461481223447634,0.0244013566079354,0.09090909090909091,0.21212121212121213
1:2,GO:0006412,13,0.8666666666666667,15,0.14461481223447634,0.0244013566079354,0.09090909090909091,0.21212121212121213
1:2,GO:0005829,12,0.8,15,0.14461481223447634,0.0244013566079354,0.09090909090909091,0.21212121212121213
1:2,GO:0007165,11,0.7333333333333333,15,0.14461481223447634,0.0244013566079354,0.09090909090909091,0.21212121212121213
1:2,GO:0000976,10,0.6666666666666666,15,0.14461481223447634,0.0244013566079354,0.09090909090909091,0.21212121212121213
1:2,GO:0003729,7,0.4666666666666667,15,0.14461481223447634,0.0244013566079354,0.09090909090909091,0.21212121212121213
1:2,GO:0005576,7,0.4666666666666667,15,0.14461481223447634,0.0244013566079354,0.09090909090909091,0.21212121212121213
1:2,GO:0016020,7,0.4666666666666667,15,0.14461481223447634,0.0244013566079354,0.09090909090909091,0.21212121212121213
1:2,GO:0022857,7,0.4666666666666667,15,0.14461481223447634,0.0244013566079354,0.09090909090909091,0.21212121212121213
1:2,GO:0043565,7,0.4666666666666667,15,0.14461481223447634,0.0244013566079354,0.09090909090909091,0.21212121212121213
1:2,GO:0055085,7,0.4666666666666667,15,0.14461481223447634,0.0244013566079354,0.09090909090909091,0.21212121212121213
1:2,GO:0000978,6,0.4,15,0.14461481223447634,0.0244013566079354,0.09090909090909091,0.21212121212121213
1:2,GO:0003677,6,0.4,15,0.14461481223447634,0.0244013566079354,0.09090909090909091,0.21212121212121213
1:2,GO:0003735,6,0.4,15,0.14461481223447634,0.0244013566079354,0.09090909090909091,0.21212121212121213
1:2,GO:0004672,6,0.4,15,0.14461481223447634,0.0244013566079354,0.09090909090909091,0.21212121212121213
1:2,GO:0004674,6,0.4,15,0.14461481223447634,0.0244013566079354,0.09090909090909091,0.21212121212121213
1:2,GO:0016757,6,0.4,15,0.14461481223447634,0.0244013566079354,0.09090909090909091,0.21212121212121213
1:2,GO:0000981,5,0.3333333333333333,15,0.14461481223447634,0.0244013566079354,0.09090909090909091,0.21212121212121213
1:2,GO:0003723,5,0.3333333333333333,15,0.14461481223447634,0.0244013566079354,0.09090909090909091,0.21212121212121213
1:2,GO:0005686,5,0.3333333333333333,15,0.14461481223447634,0.0244013566079354,0.09090909090909091,0.21212121212121213
1:2,GO:0005739,5,0.3333333333333333,15,0.14461481223447634,0.0244013566079354,0.09090909090909091,0.21212121212121213
1:2,GO:0005794,5,0.3333333333333333,15,0.14461481223447634,0.0244013566079354,0.09090909090909091,0.21212121212121213
1:2,GO:0005802,5,0.3333333333333333,15,0.14461481223447634,0.0244013566079354,0.09090909090909091,0.21212121212121213
1:2,GO:0005886,4,0.26666666666666666,15,0.14461481223447634,0.0244013566079354,0.09090909090909091,0.21212121212121213
1:2,GO:0006357,4,0.26666666666666666,15,0.14461481223447634,0.0244013566079354,0.09090909090909091,0.21212121212121213
1:2,GO:0006499,4,0.26666666666666666,15,0.14461481223447634,0.0244013566079354,0.09090909090909091,0.21212121212121213
1:2,GO:0006833,4,0.26666666666666666,15,0.14461481223447634,0.0244013566079354,0.09090909090909091,0.21212121212121213
1:2,GO:0007018,4,0.26666666666666666,15,0.14461481223447634,0.0244013566079354,0.09090909090909091,0.21212121212121213
1:2,GO:0008017,4,0.26666666666666666,15,0.14461481223447634,0.0244013566079354,0.09090909090909091,0.21212121212121213
1:2,GO:0009058,4,0.26666666666666666,15,0.14461481223447634,0.0244013566079354,0.09090909090909091,0.21212121212121213
1:2,GO:0009570,4,0.26666666666666666,15,0.14461481223447634,0.0244013566079354,0.09090909090909091,0.21212121212121213
1:2,GO:0009615,4,0.26666666666666666,15,0.14461481223447634,0.0244013566079354,0.09090909090909091,0.21212121212121213
1:2,GO:0051603,4,0.26666666666666666,15,0.14461481223447634,0.0244013566079354,0.09090909090909091,0.21212121212121213
1:2,GO:0061630,4,0.26666666666666666,15,0.14461481223447634,0.0244013566079354,0.09090909090909091,0.21212121212121213
1:2,GO:1903409,4,0.26666666666666666,15,0.14461481223447634,0.0244013566079354,0.09090909090909091,0.21212121212121213
1:2,GO:0000159,3,0.2,15,0.14461481223447634,0.0244013566079354,0.09090909090909091,0.21212121212121213
1:2,GO:0004601,3,0.2,15,0.14461481223447634,0.0244013566079354,0.09090909090909091,0.21212121212121213
1:2,GO:0004842,3,0.2,15,0.14461481223447634,0.0244013566079354,0.09090909090909091,0.21212121212121213
1:2,GO:0005777,3,0.2,15,0.14461481223447634,0.0244013566079354,0.09090909090909091,0.21212121212121213
1:2,GO:0006281,3,0.2,15,0.14461481223447634,0.0244013566079354,0.09090909090909091,0.21212121212121213
1:2,GO:0006470,3,0.2,15,0.14461481223447634,0.0244013566079354,0.09090909090909091,0.21212121212121213
1:2,GO:0006885,3,0.2,15,0.14461481223447634,0.0244013566079354,0.09090909090909091,0.21212121212121213
1:2,GO:0008137,3,0.2,15,0.14461481223447634,0.0244013566079354,0.09090909090909091,0.21212121212121213
1:2,GO:0008380,3,0.2,15,0.14461481223447634,0.0244013566079354,0.09090909090909091,0.21212121212121213
1:2,GO:0008422,3,0.2,15,0.14461481223447634,0.0244013566079354,0.09090909090909091,0.21212121212121213
1:2,GO:0009451,3,0.2,15,0.14461481223447634,0.0244013566079354,0.09090909090909091,0.21212121212121213
1:2,GO:0009738,3,0.2,15,0.14461481223447634,0.0244013566079354,0.09090909090909091,0.21212121212121213
1:2,GO:0009755,3,0.2,15,0.14461481223447634,0.0244013566079354,0.09090909090909091,0.21212121212121213
1:2,GO:0009809,3,0.2,15,0.14461481223447634,0.0244013566079354,0.09090909090909091,0.21212121212121213
1:2,GO:0010262,3,0.2,15,0.14461481223447634,0.0244013566079354,0.09090909090909091,0.21212121212121213
1:2,GO:0010319,3,0.2,15,0.14461481223447634,0.0244013566079354,0.09090909090909091,0.21212121212121213
1:2,GO:0016192,3,0.2,15,0.14461481223447634,0.0244013566079354,0.09090909090909091,0.21212121212121213
1:2,GO:0016567,3,0.2,15,0.14461481223447634,0.0244013566079354,0.09090909090909091,0.21212121212121213
1:2,GO:0030527,3,0.2,15,0.14461481223447634,0.0244013566079354,0.09090909090909091,0.21212121212121213
1:2,GO:0033612,3,0.2,15,0.14461481223447634,0.0244013566079354,0.09090909090909091,0.21212121212121213
1:2,GO:0035556,3,0.2,15,0.14461481223447634,0.0244013566079354,0.09090909090909091,0.21212121212121213
1:2,GO:0042546,3,0.2,15,0.14461481223447634,0.0244013566079354,0.09090909090909091,0.21212121212121213
1:2,GO:0043531,3,0.2,15,0.14461481223447634,0.0244013566079354,0.09090909090909091,0.21212121212121213
1:2,GO:0045893,3,0.2,15,0.14461481223447634,0.0244013566079354,0.09090909090909091,0.21212121212121213
1:2,GO:0046856,3,0.2,15,0.14461481223447634,0.0244013566079354,0.09090909090909091,0.21212121212121213
1:2,GO:0046910,3,0.2,15,0.14461481223447634,0.0244013566079354,0.09090909090909091,0.21212121212121213
1:2,GO:0048510,3,0.2,15,0.14461481223447634,0.0244013566079354,0.09090909090909091,0.21212121212121213
1:2,GO:0048527,3,0.2,15,0.14461481223447634,0.0244013566079354,0.09090909090909091,0.21212121212121213
1:2,GO:0080188,3,0.2,15,0.14461481223447634,0.0244013566079354,0.09090909090909091,0.21212121212121213
1:2,GO:0000151,2,0.13333333333333333,15,0.14461481223447634,0.0244013566079354,0.09090909090909091,0.21212121212121213
1:2,GO:0000160,2,0.13333333333333333,15,0.14461481223447634,0.0244013566079354,0.09090909090909091,0.21212121212121213
1:2,GO:0000226,2,0.13333333333333333,15,0.14461481223447634,0.0244013566079354,0.09090909090909091,0.21212121212121213
1:2,GO:0000373,2,0.13333333333333333,15,0.14461481223447634,0.0244013566079354,0.09090909090909091,0.21212121212121213
1:2,GO:0000398,2,0.13333333333333333,15,0.14461481223447634,0.0244013566079354,0.09090909090909091,0.21212121212121213
1:2,GO:0000502,2,0.13333333333333333,15,0.14461481223447634,0.0244013566079354,0.09090909090909091,0.21212121212121213
1:2,GO:0000724,2,0.13333333333333333,15,0.14461481223447634,0.0244013566079354,0.09090909090909091,0.21212121212121213
1:2,GO:0000785,2,0.13333333333333333,15,0.14461481223447634,0.0244013566079354,0.09090909090909091,0.21212121212121213
1:2,GO:0002239,2,0.13333333333333333,15,0.14461481223447634,0.0244013566079354,0.09090909090909091,0.21212121212121213
1:2,GO:0003743,2,0.13333333333333333,15,0.14461481223447634,0.0244013566079354,0.09090909090909091,0.21212121212121213
1:2,GO:0003755,2,0.13333333333333333,15,0.14461481223447634,0.0244013566079354,0.09090909090909091,0.21212121212121213
1:2,GO:0003824,2,0.13333333333333333,15,0.14461481223447634,0.0244013566079354,0.09090909090909091,0.21212121212121213
1:2,GO:0004252,2,0.13333333333333333,15,0.14461481223447634,0.0244013566079354,0.09090909090909091,0.21212121212121213
1:2,GO:0004521,2,0.13333333333333333,15,0.14461481223447634,0.0244013566079354,0.09090909090909091,0.21212121212121213
1:2,GO:0004553,2,0.13333333333333333,15,0.14461481223447634,0.0244013566079354,0.09090909090909091,0.21212121212121213
1:2,GO:0004683,2,0.13333333333333333,15,0.14461481223447634,0.0244013566079354,0.09090909090909091,0.21212121212121213
1:2,GO:0005199,2,0.13333333333333333,15,0.14461481223447634,0.0244013566079354,0.09090909090909091,0.21212121212121213
1:2,GO:0005385,2,0.13333333333333333,15,0.14461481223447634,0.0244013566079354,0.09090909090909091,0.21212121212121213
1:2,GO:0005506,2,0.13333333333333333,15,0.14461481223447634,0.0244013566079354,0.09090909090909091,0.21212121212121213
1:2,GO:0005507,2,0.13333333333333333,15,0.14461481223447634,0.0244013566079354,0.09090909090909091,0.21212121212121213
1:2,GO:0005515,2,0.13333333333333333,15,0.14461481223447634,0.0244013566079354,0.09090909090909091,0.21212121212121213
1:2,GO:0005622,2,0.13333333333333333,15,0.14461481223447634,0.0244013566079354,0.09090909090909091,0.21212121212121213
1:2,GO:0005635,2,0.13333333333333333,15,0.14461481223447634,0.0244013566079354,0.09090909090909091,0.21212121212121213
1:2,GO:0005643,2,0.13333333333333333,15,0.14461481223447634,0.0244013566079354,0.09090909090909091,0.21212121212121213
1:2,GO:0005666,2,0.13333333333333333,15,0.14461481223447634,0.0244013566079354,0.09090909090909091,0.21212121212121213
1:2,GO:0005732,2,0.13333333333333333,15,0.14461481223447634,0.0244013566079354,0.09090909090909091,0.21212121212121213
1:2,GO:0005743,2,0.13333333333333333,15,0.14461481223447634,0.0244013566079354,0.09090909090909091,0.21212121212121213
1:2,GO:0005771,2,0.13333333333333333,15,0.14461481223447634,0.0244013566079354,0.09090909090909091,0.21212121212121213
1:2,GO:0005774,2,0.13333333333333333,15,0.14461481223447634,0.0244013566079354,0.09090909090909091,0.21212121212121213
1:2,GO:0005783,2,0.13333333333333333,15,0.14461481223447634,0.0244013566079354,0.09090909090909091,0.21212121212121213
1:2,GO:0005789,2,0.13333333333333333,15,0.14461481223447634,0.0244013566079354,0.09090909090909091,0.21212121212121213
1:2,GO:0006096,2,0.13333333333333333,15,0.14461481223447634,0.0244013566079354,0.09090909090909091,0.21212121212121213
1:2,GO:0006310,2,0.13333333333333333,15,0.14461481223447634,0.0244013566079354,0.09090909090909091,0.21212121212121213
1:2,GO:0006351,2,0.13333333333333333,15,0.14461481223447634,0.0244013566079354,0.09090909090909091,0.21212121212121213
1:2,GO:0006468,2,0.13333333333333333,15,0.14461481223447634,0.0244013566079354,0.09090909090909091,0.21212121212121213
1:2,GO:0006508,2,0.13333333333333333,15,0.14461481223447634,0.0244013566079354,0.09090909090909091,0.21212121212121213
1:2,GO:0006511,2,0.13333333333333333,15,0.14461481223447634,0.0244013566079354,0.09090909090909091,0.21212121212121213
1:2,GO:0006813,2,0.13333333333333333,15,0.14461481223447634,0.0244013566079354,0.09090909090909091,0.21212121212121213
1:2,GO:0006886,2,0.13333333333333333,15,0.14461481223447634,0.0244013566079354,0.09090909090909091,0.21212121212121213
1:2,GO:0006887,2,0.13333333333333333,15,0.14461481223447634,0.0244013566079354,0.09090909090909091,0.21212121212121213
1:2,GO:0006890,2,0.13333333333333333,15,0.14461481223447634,0.0244013566079354,0.09090909090909091,0.21212121212121213
1:2,GO:0006891,2,0.13333333333333333,15,0.14461481223447634,0.0244013566079354,0.09090909090909091,0.21212121212121213
1:2,GO:0006906,2,0.13333333333333333,15,0.14461481223447634,0.0244013566079354,0.09090909090909091,0.21212121212121213
1:2,GO:0006914,2,0.13333333333333333,15,0.14461481223447634,0.0244013566079354,0.09090909090909091,0.21212121212121213
1:2,GO:0007015,2,0.13333333333333333,15,0.14461481223447634,0.0244013566079354,0.09090909090909091,0.21212121212121213
1:2,GO:0008047,2,0.13333333333333333,15,0.14461481223447634,0.0244013566079354,0.09090909090909091,0.21212121212121213
1:2,GO:0008233,2,0.13333333333333333,15,0.14461481223447634,0.0244013566079354,0.09090909090909091,0.21212121212121213
1:2,GO:0009407,2,0.13333333333333333,15,0.14461481223447634,0.0244013566079354,0.09090909090909091,0.21212121212121213
1:2,GO:0009409,2,0.13333333333333333,15,0.14461481223447634,0.0244013566079354,0.09090909090909091,0.21212121212121213
1:2,GO:0009504,2,0.13333333333333333,15,0.14461481223447634,0.0244013566079354,0.09090909090909091,0.21212121212121213
1:2,GO:0009506,2,0.13333333333333333,15,0.14461481223447634,0.0244013566079354,0.09090909090909091,0.21212121212121213
1:2,GO:0009543,2,0.13333333333333333,15,0.14461481223447634,0.0244013566079354,0.09090909090909091,0.21212121212121213
1:2,GO:0009631,2,0.13333333333333333,15,0.14461481223447634,0.0244013566079354,0.09090909090909091,0.21212121212121213
1:2,GO:0009639,2,0.13333333333333333,15,0.14461481223447634,0.0244013566079354,0.09090909090909091,0.21212121212121213
1:2,GO:0009695,2,0.13333333333333333,15,0.14461481223447634,0.0244013566079354,0.09090909090909091,0.21212121212121213
1:2,GO:0009740,2,0.13333333333333333,15,0.14461481223447634,0.0244013566079354,0.09090909090909091,0.21212121212121213
1:2,GO:0009749,2,0.13333333333333333,15,0.14461481223447634,0.0244013566079354,0.09090909090909091,0.21212121212121213
1:2,GO:0009767,2,0.13333333333333333,15,0.14461481223447634,0.0244013566079354,0.09090909090909091,0.21212121212121213
1:2,GO:0009787,2,0.13333333333333333,15,0.14461481223447634,0.0244013566079354,0.09090909090909091,0.21212121212121213
1:2,GO:0009791,2,0.13333333333333333,15,0.14461481223447634,0.0244013566079354,0.09090909090909091,0.21212121212121213
1:2,GO:0009853,2,0.13333333333333333,15,0.14461481223447634,0.0244013566079354,0.09090909090909091,0.21212121212121213
1:2,GO:0009863,2,0.13333333333333333,15,0.14461481223447634,0.0244013566079354,0.09090909090909091,0.21212121212121213
1:2,GO:0009941,2,0.13333333333333333,15,0.14461481223447634,0.0244013566079354,0.09090909090909091,0.21212121212121213
1:2,GO:0010020,2,0.13333333333333333,15,0.14461481223447634,0.0244013566079354,0.09090909090909091,0.21212121212121213
1:2,GO:0010027,2,0.13333333333333333,15,0.14461481223447634,0.0244013566079354,0.09090909090909091,0.21212121212121213
1:2,GO:0010029,2,0.13333333333333333,15,0.14461481223447634,0.0244013566079354,0.09090909090909091,0.21212121212121213
1:2,GO:0010078,2,0.13333333333333333,15,0.14461481223447634,0.0244013566079354,0.09090909090909091,0.21212121212121213
1:2,GO:0010208,2,0.13333333333333333,15,0.14461481223447634,0.0244013566079354,0.09090909090909091,0.21212121212121213
1:2,GO:0010214,2,0.13333333333333333,15,0.14461481223447634,0.0244013566079354,0.09090909090909091,0.21212121212121213
1:2,GO:0010229,2,0.13333333333333333,15,0.14461481223447634,0.0244013566079354,0.09090909090909091,0.21212121212121213
1:2,GO:0015385,2,0.13333333333333333,15,0.14461481223447634,0.0244013566079354,0.09090909090909091,0.21212121212121213
1:2,GO:0015706,2,0.13333333333333333,15,0.14461481223447634,0.0244013566079354,0.09090909090909091,0.21212121212121213
1:2,GO:0016132,2,0.13333333333333333,15,0.14461481223447634,0.0244013566079354,0.09090909090909091,0.21212121212121213
1:2,GO:0016301,2,0.13333333333333333,15,0.14461481223447634,0.0244013566079354,0.09090909090909091,0.21212121212121213
1:2,GO:0016491,2,0.13333333333333333,15,0.14461481223447634,0.0244013566079354,0.09090909090909091,0.21212121212121213
1:2,GO:0016705,2,0.13333333333333333,15,0.14461481223447634,0.0244013566079354,0.09090909090909091,0.21212121212121213
1:2,GO:0016759,2,0.13333333333333333,15,0.14461481223447634,0.0244013566079354,0.09090909090909091,0.21212121212121213
1:2,GO:0020037,2,0.13333333333333333,15,0.14461481223447634,0.0244013566079354,0.09090909090909091,0.21212121212121213
1:2,GO:0022625,2,0.13333333333333333,15,0.14461481223447634,0.0244013566079354,0.09090909090909091,0.21212121212121213
1:2,GO:0022627,2,0.13333333333333333,15,0.14461481223447634,0.0244013566079354,0.09090909090909091,0.21212121212121213
1:2,GO:0030163,2,0.13333333333333333,15,0.14461481223447634,0.0244013566079354,0.09090909090909091,0.21212121212121213
1:2,GO:0030246,2,0.13333333333333333,15,0.14461481223447634,0.0244013566079354,0.09090909090909091,0.21212121212121213
1:2,GO:0030570,2,0.13333333333333333,15,0.14461481223447634,0.0244013566079354,0.09090909090909091,0.21212121212121213
1:2,GO:0030599,2,0.13333333333333333,15,0.14461481223447634,0.0244013566079354,0.09090909090909091,0.21212121212121213
1:2,GO:0031011,2,0.13333333333333333,15,0.14461481223447634,0.0244013566079354,0.09090909090909091,0.21212121212121213
1:2,GO:0031201,2,0.13333333333333333,15,0.14461481223447634,0.0244013566079354,0.09090909090909091,0.21212121212121213
1:2,GO:0031647,2,0.13333333333333333,15,0.14461481223447634,0.0244013566079354,0.09090909090909091,0.21212121212121213
1:2,GO:0032502,2,0.13333333333333333,15,0.14461481223447634,0.0244013566079354,0.09090909090909091,0.21212121212121213
1:2,GO:0032991,2,0.13333333333333333,15,0.14461481223447634,0.0244013566079354,0.09090909090909091,0.21212121212121213
1:2,GO:0036503,2,0.13333333333333333,15,0.14461481223447634,0.0244013566079354,0.09090909090909091,0.21212121212121213
1:2,GO:0042254,2,0.13333333333333333,15,0.14461481223447634,0.0244013566079354,0.09090909090909091,0.21212121212121213
1:2,GO:0042542,2,0.13333333333333333,15,0.14461481223447634,0.0244013566079354,0.09090909090909091,0.21212121212121213
1:2,GO:0042626,2,0.13333333333333333,15,0.14461481223447634,0.0244013566079354,0.09090909090909091,0.21212121212121213
1:2,GO:0042742,2,0.13333333333333333,15,0.14461481223447634,0.0244013566079354,0.09090909090909091,0.21212121212121213
1:2,GO:0042761,2,0.13333333333333333,15,0.14461481223447634,0.0244013566079354,0.09090909090909091,0.21212121212121213
1:2,GO:0042802,2,0.13333333333333333,15,0.14461481223447634,0.0244013566079354,0.09090909090909091,0.21212121212121213
1:2,GO:0045892,2,0.13333333333333333,15,0.14461481223447634,0.0244013566079354,0.09090909090909091,0.21212121212121213
1:2,GO:0046540,2,0.13333333333333333,15,0.14461481223447634,0.0244013566079354,0.09090909090909091,0.21212121212121213
1:2,GO:0046933,2,0.13333333333333333,15,0.14461481223447634,0.0244013566079354,0.09090909090909091,0.21212121212121213
1:2,GO:0046961,2,0.13333333333333333,15,0.14461481223447634,0.0244013566079354,0.09090909090909091,0.21212121212121213
1:2,GO:0048278,2,0.13333333333333333,15,0.14461481223447634,0.0244013566079354,0.09090909090909091,0.21212121212121213
1:2,GO:0048481,2,0.13333333333333333,15,0.14461481223447634,0.0244013566079354,0.09090909090909091,0.21212121212121213
1:2,GO:0050660,2,0.13333333333333333,15,0.14461481223447634,0.0244013566079354,0.09090909090909091,0.21212121212121213
1:2,GO:0051707,2,0.13333333333333333,15,0.14461481223447634,0.0244013566079354,0.09090909090909091,0.21212121212121213
1:2,GO:0061631,2,0.13333333333333333,15,0.14461481223447634,0.0244013566079354,0.09090909090909091,0.21212121212121213
1:2,GO:0071472,2,0.13333333333333333,15,0.14461481223447634,0.0244013566079354,0.09090909090909091,0.21212121212121213
1:2,GO:0090406,2,0.13333333333333333,15,0.14461481223447634,0.0244013566079354,0.09090909090909091,0.21212121212121213
1:2,GO:0140359,2,0.13333333333333333,15,0.14461481223447634,0.0244013566079354,0.09090909090909091,0.21212121212121213
1:2,GO:1902074,2,0.13333333333333333,15,0.14461481223447634,0.0244013566079354,0.09090909090909091,0.21212121212121213
1:2,GO:2000008,2,0.13333333333333333,15,0.14461481223447634,0.0244013566079354,0.09090909090909091,0.21212121212121213
1:2,GO:0000028,1,0.06666666666666667,15,0.14461481223447634,0.0244013566079354,0.09090909090909091,0.21212121212121213
1:2,GO:0000045,1,0.06666666666666667,15,0.14461481223447634,0.0244013566079354,0.09090909090909091,0.21212121212121213
1:2,GO:0000118,1,0.06666666666666667,15,0.14461481223447634,0.0244013566079354,0.09090909090909091,0.21212121212121213
1:2,GO:0000122,1,0.06666666666666667,15,0.14461481223447634,0.0244013566079354,0.09090909090909091,0.21212121212121213
1:2,GO:0000137,1,0.06666666666666667,15,0.14461481223447634,0.0244013566079354,0.09090909090909091,0.21212121212121213
1:2,GO:0000138,1,0.06666666666666667,15,0.14461481223447634,0.0244013566079354,0.09090909090909091,0.21212121212121213
1:2,GO:0000139,1,0.06666666666666667,15,0.14461481223447634,0.0244013566079354,0.09090909090909091,0.21212121212121213
1:2,GO:0000149,1,0.06666666666666667,15,0.14461481223447634,0.0244013566079354,0.09090909090909091,0.21212121212121213
1:2,GO:0000156,1,0.06666666666666667,15,0.14461481223447634,0.0244013566079354,0.09090909090909091,0.21212121212121213
1:2,GO:0000162,1,0.06666666666666667,15,0.14461481223447634,0.0244013566079354,0.09090909090909091,0.21212121212121213
1:2,GO:0000278,1,0.06666666666666667,15,0.14461481223447634,0.0244013566079354,0.09090909090909091,0.21212121212121213
1:2,GO:0000287,1,0.06666666666666667,15,0.14461481223447634,0.0244013566079354,0.09090909090909091,0.21212121212121213
1:2,GO:0000302,1,0.06666666666666667,15,0.14461481223447634,0.0244013566079354,0.09090909090909091,0.21212121212121213
1:2,GO:0000307,1,0.06666666666666667,15,0.14461481223447634,0.0244013566079354,0.09090909090909091,0.21212121212121213
1:2,GO:0000311,1,0.06666666666666667,15,0.14461481223447634,0.0244013566079354,0.09090909090909091,0.21212121212121213
1:2,GO:0000325,1,0.06666666666666667,15,0.14461481223447634,0.0244013566079354,0.09090909090909091,0.21212121212121213
1:2,GO:0000462,1,0.06666666666666667,15,0.14461481223447634,0.0244013566079354,0.09090909090909091,0.21212121212121213
1:2,GO:0000987,1,0.06666666666666667,15,0.14461481223447634,0.0244013566079354,0.09090909090909091,0.21212121212121213
1:2,GO:0001653,1,0.06666666666666667,15,0.14461481223447634,0.0244013566079354,0.09090909090909091,0.21212121212121213
1:2,GO:0003333,1,0.06666666666666667,15,0.14461481223447634,0.0244013566079354,0.09090909090909091,0.21212121212121213
1:2,GO:0003680,1,0.06666666666666667,15,0.14461481223447634,0.0244013566079354,0.09090909090909091,0.21212121212121213
1:2,GO:0003682,1,0.06666666666666667,15,0.14461481223447634,0.0244013566079354,0.09090909090909091,0.21212121212121213
1:2,GO:0003684,1,0.06666666666666667,15,0.14461481223447634,0.0244013566079354,0.09090909090909091,0.21212121212121213
1:2,GO:0003690,1,0.06666666666666667,15,0.14461481223447634,0.0244013566079354,0.09090909090909091,0.21212121212121213
1:2,GO:0003712,1,0.06666666666666667,15,0.14461481223447634,0.0244013566079354,0.09090909090909091,0.21212121212121213
1:2,GO:0003713,1,0.06666666666666667,15,0.14461481223447634,0.0244013566079354,0.09090909090909091,0.21212121212121213
1:2,GO:0003714,1,0.06666666666666667,15,0.14461481223447634,0.0244013566079354,0.09090909090909091,0.21212121212121213
1:2,GO:0003724,1,0.06666666666666667,15,0.14461481223447634,0.0244013566079354,0.09090909090909091,0.21212121212121213
1:2,GO:0003727,1,0.06666666666666667,15,0.14461481223447634,0.0244013566079354,0.09090909090909091,0.21212121212121213
1:2,GO:0003777,1,0.06666666666666667,15,0.14461481223447634,0.0244013566079354,0.09090909090909091,0.21212121212121213
1:2,GO:0003779,1,0.06666666666666667,15,0.14461481223447634,0.0244013566079354,0.09090909090909091,0.21212121212121213
1:2,GO:0003924,1,0.06666666666666667,15,0.14461481223447634,0.0244013566079354,0.09090909090909091,0.21212121212121213
1:2,GO:0003993,1,0.06666666666666667,15,0.14461481223447634,0.0244013566079354,0.09090909090909091,0.21212121212121213
1:2,GO:0004175,1,0.06666666666666667,15,0.14461481223447634,0.0244013566079354,0.09090909090909091,0.21212121212121213
1:2,GO:0004176,1,0.06666666666666667,15,0.14461481223447634,0.0244013566079354,0.09090909090909091,0.21212121212121213
1:2,GO:0004190,1,0.06666666666666667,15,0.14461481223447634,0.0244013566079354,0.09090909090909091,0.21212121212121213
1:2,GO:0004364,1,0.06666666666666667,15,0.14461481223447634,0.0244013566079354,0.09090909090909091,0.21212121212121213
1:2,GO:0004568,1,0.06666666666666667,15,0.14461481223447634,0.0244013566079354,0.09090909090909091,0.21212121212121213
1:2,GO:0004650,1,0.06666666666666667,15,0.14461481223447634,0.0244013566079354,0.09090909090909091,0.21212121212121213
1:2,GO:0004707,1,0.06666666666666667,15,0.14461481223447634,0.0244013566079354,0.09090909090909091,0.21212121212121213
1:2,GO:0004721,1,0.06666666666666667,15,0.14461481223447634,0.0244013566079354,0.09090909090909091,0.21212121212121213
1:2,GO:0004722,1,0.06666666666666667,15,0.14461481223447634,0.0244013566079354,0.09090909090909091,0.21212121212121213
1:2,GO:0004843,1,0.06666666666666667,15,0.14461481223447634,0.0244013566079354,0.09090909090909091,0.21212121212121213
1:2,GO:0004857,1,0.06666666666666667,15,0.14461481223447634,0.0244013566079354,0.09090909090909091,0.21212121212121213
1:2,GO:0005085,1,0.06666666666666667,15,0.14461481223447634,0.0244013566079354,0.09090909090909091,0.21212121212121213
1:2,GO:0005102,1,0.06666666666666667,15,0.14461481223447634,0.0244013566079354,0.09090909090909091,0.21212121212121213
1:2,GO:0005179,1,0.06666666666666667,15,0.14461481223447634,0.0244013566079354,0.09090909090909091,0.21212121212121213
1:2,GO:0005200,1,0.06666666666666667,15,0.14461481223447634,0.0244013566079354,0.09090909090909091,0.21212121212121213
1:2,GO:0005315,1,0.06666666666666667,15,0.14461481223447634,0.0244013566079354,0.09090909090909091,0.21212121212121213
1:2,GO:0005381,1,0.06666666666666667,15,0.14461481223447634,0.0244013566079354,0.09090909090909091,0.21212121212121213
1:2,GO:0005516,1,0.06666666666666667,15,0.14461481223447634,0.0244013566079354,0.09090909090909091,0.21212121212121213
1:2,GO:0005524,1,0.06666666666666667,15,0.14461481223447634,0.0244013566079354,0.09090909090909091,0.21212121212121213
1:2,GO:0005615,1,0.06666666666666667,15,0.14461481223447634,0.0244013566079354,0.09090909090909091,0.21212121212121213
1:2,GO:0005665,1,0.06666666666666667,15,0.14461481223447634,0.0244013566079354,0.09090909090909091,0.21212121212121213
1:2,GO:0005681,1,0.06666666666666667,15,0.14461481223447634,0.0244013566079354,0.09090909090909091,0.21212121212121213
1:2,GO:0005744,1,0.06666666666666667,15,0.14461481223447634,0.0244013566079354,0.09090909090909091,0.21212121212121213
1:2,GO:0005759,1,0.06666666666666667,15,0.14461481223447634,0.0244013566079354,0.09090909090909091,0.21212121212121213
1:2,GO:0005762,1,0.06666666666666667,15,0.14461481223447634,0.0244013566079354,0.09090909090909091,0.21212121212121213
1:2,GO:0005764,1,0.06666666666666667,15,0.14461481223447634,0.0244013566079354,0.09090909090909091,0.21212121212121213
1:2,GO:0005769,1,0.06666666666666667,15,0.14461481223447634,0.0244013566079354,0.09090909090909091,0.21212121212121213
1:2,GO:0005778,1,0.06666666666666667,15,0.14461481223447634,0.0244013566079354,0.09090909090909091,0.21212121212121213
1:2,GO:0005819,1,0.06666666666666667,15,0.14461481223447634,0.0244013566079354,0.09090909090909091,0.21212121212121213
1:2,GO:0005839,1,0.06666666666666667,15,0.14461481223447634,0.0244013566079354,0.09090909090909091,0.21212121212121213
1:2,GO:0005840,1,0.06666666666666667,15,0.14461481223447634,0.0244013566079354,0.09090909090909091,0.21212121212121213
1:2,GO:0005856,1,0.06666666666666667,15,0.14461481223447634,0.0244013566079354,0.09090909090909091,0.21212121212121213
1:2,GO:0005874,1,0.06666666666666667,15,0.14461481223447634,0.0244013566079354,0.09090909090909091,0.21212121212121213
1:2,GO:0005992,1,0.06666666666666667,15,0.14461481223447634,0.0244013566079354,0.09090909090909091,0.21212121212121213
1:2,GO:0006099,1,0.06666666666666667,15,0.14461481223447634,0.0244013566079354,0.09090909090909091,0.21212121212121213
1:2,GO:0006284,1,0.06666666666666667,15,0.14461481223447634,0.0244013566079354,0.09090909090909091,0.21212121212121213
1:2,GO:0006325,1,0.06666666666666667,15,0.14461481223447634,0.0244013566079354,0.09090909090909091,0.21212121212121213
1:2,GO:0006338,1,0.06666666666666667,15,0.14461481223447634,0.0244013566079354,0.09090909090909091,0.21212121212121213
1:2,GO:0006364,1,0.06666666666666667,15,0.14461481223447634,0.0244013566079354,0.09090909090909091,0.21212121212121213
1:2,GO:0006413,1,0.06666666666666667,15,0.14461481223447634,0.0244013566079354,0.09090909090909091,0.21212121212121213
1:2,GO:0006457,1,0.06666666666666667,15,0.14461481223447634,0.0244013566079354,0.09090909090909091,0.21212121212121213
1:2,GO:0006486,1,0.06666666666666667,15,0.14461481223447634,0.0244013566079354,0.09090909090909091,0.21212121212121213
1:2,GO:0006606,1,0.06666666666666667,15,0.14461481223447634,0.0244013566079354,0.09090909090909091,0.21212121212121213
1:2,GO:0006612,1,0.06666666666666667,15,0.14461481223447634,0.0244013566079354,0.09090909090909091,0.21212121212121213
1:2,GO:0006631,1,0.06666666666666667,15,0.14461481223447634,0.0244013566079354,0.09090909090909091,0.21212121212121213
1:2,GO:0006635,1,0.06666666666666667,15,0.14461481223447634,0.0244013566079354,0.09090909090909091,0.21212121212121213
1:2,GO:0006749,1,0.06666666666666667,15,0.14461481223447634,0.0244013566079354,0.09090909090909091,0.21212121212121213
1:2,GO:0006869,1,0.06666666666666667,15,0.14461481223447634,0.0244013566079354,0.09090909090909091,0.21212121212121213
1:2,GO:0006879,1,0.06666666666666667,15,0.14461481223447634,0.0244013566079354,0.09090909090909091,0.21212121212121213
1:2,GO:0006888,1,0.06666666666666667,15,0.14461481223447634,0.0244013566079354,0.09090909090909091,0.21212121212121213
1:2,GO:0006897,1,0.06666666666666667,15,0.14461481223447634,0.0244013566079354,0.09090909090909091,0.21212121212121213
1:2,GO:0006952,1,0.06666666666666667,15,0.14461481223447634,0.0244013566079354,0.09090909090909091,0.21212121212121213
1:2,GO:0006955,1,0.06666666666666667,15,0.14461481223447634,0.0244013566079354,0.09090909090909091,0.21212121212121213
1:2,GO:0006970,1,0.06666666666666667,15,0.14461481223447634,0.0244013566079354,0.09090909090909091,0.21212121212121213
1:2,GO:0006974,1,0.06666666666666667,15,0.14461481223447634,0.0244013566079354,0.09090909090909091,0.21212121212121213
1:2,GO:0006995,1,0.06666666666666667,15,0.14461481223447634,0.0244013566079354,0.09090909090909091,0.21212121212121213
1:2,GO:0007005,1,0.06666666666666667,15,0.14461481223447634,0.0244013566079354,0.09090909090909091,0.21212121212121213
1:2,GO:0007017,1,0.06666666666666667,15,0.14461481223447634,0.0244013566079354,0.09090909090909091,0.21212121212121213
1:2,GO:0007131,1,0.06666666666666667,15,0.14461481223447634,0.0244013566079354,0.09090909090909091,0.21212121212121213
1:2,GO:0007166,1,0.06666666666666667,15,0.14461481223447634,0.0244013566079354,0.09090909090909091,0.21212121212121213
1:2,GO:0007267,1,0.06666666666666667,15,0.14461481223447634,0.0244013566079354,0.09090909090909091,0.21212121212121213
1:2,GO:0008104,1,0.06666666666666667,15,0.14461481223447634,0.0244013566079354,0.09090909090909091,0.21212121212121213
1:2,GO:0008139,1,0.06666666666666667,15,0.14461481223447634,0.0244013566079354,0.09090909090909091,0.21212121212121213
1:2,GO:0008143,1,0.06666666666666667,15,0.14461481223447634,0.0244013566079354,0.09090909090909091,0.21212121212121213
1:2,GO:0008168,1,0.06666666666666667,15,0.14461481223447634,0.0244013566079354,0.09090909090909091,0.21212121212121213
1:2,GO:0008266,1,0.06666666666666667,15,0.14461481223447634,0.0244013566079354,0.09090909090909091,0.21212121212121213
1:2,GO:0008270,1,0.06666666666666667,15,0.14461481223447634,0.0244013566079354,0.09090909090909091,0.21212121212121213
1:2,GO:0008284,1,0.06666666666666667,15,0.14461481223447634,0.0244013566079354,0.09090909090909091,0.21212121212121213
1:2,GO:0008289,1,0.06666666666666667,15,0.14461481223447634,0.0244013566079354,0.09090909090909091,0.21212121212121213
1:2,GO:0008327,1,0.06666666666666667,15,0.14461481223447634,0.0244013566079354,0.09090909090909091,0.21212121212121213
1:2,GO:0008353,1,0.06666666666666667,15,0.14461481223447634,0.0244013566079354,0.09090909090909091,0.21212121212121213
1:2,GO:0008408,1,0.06666666666666667,15,0.14461481223447634,0.0244013566079354,0.09090909090909091,0.21212121212121213
1:2,GO:0008483,1,0.06666666666666667,15,0.14461481223447634,0.0244013566079354,0.09090909090909091,0.21212121212121213
1:2,GO:0009055,1,0.06666666666666667,15,0.14461481223447634,0.0244013566079354,0.09090909090909091,0.21212121212121213
1:2,GO:0009266,1,0.06666666666666667,15,0.14461481223447634,0.0244013566079354,0.09090909090909091,0.21212121212121213
1:2,GO:0009414,1,0.06666666666666667,15,0.14461481223447634,0.0244013566079354,0.09090909090909091,0.21212121212121213
1:2,GO:0009416,1,0.06666666666666667,15,0.14461481223447634,0.0244013566079354,0.09090909090909091,0.21212121212121213
1:2,GO:0009505,1,0.06666666666666667,15,0.14461481223447634,0.0244013566079354,0.09090909090909091,0.21212121212121213
1:2,GO:0009532,1,0.06666666666666667,15,0.14461481223447634,0.0244013566079354,0.09090909090909091,0.21212121212121213
1:2,GO:0009534,1,0.06666666666666667,15,0.14461481223447634,0.0244013566079354,0.09090909090909091,0.21212121212121213
1:2,GO:0009536,1,0.06666666666666667,15,0.14461481223447634,0.0244013566079354,0.09090909090909091,0.21212121212121213
1:2,GO:0009553,1,0.06666666666666667,15,0.14461481223447634,0.0244013566079354,0.09090909090909091,0.21212121212121213
1:2,GO:0009555,1,0.06666666666666667,15,0.14461481223447634,0.0244013566079354,0.09090909090909091,0.21212121212121213
1:2,GO:0009567,1,0.06666666666666667,15,0.14461481223447634,0.0244013566079354,0.09090909090909091,0.21212121212121213
1:2,GO:0009579,1,0.06666666666666667,15,0.14461481223447634,0.0244013566079354,0.09090909090909091,0.21212121212121213
1:2,GO:0009611,1,0.06666666666666667,15,0.14461481223447634,0.0244013566079354,0.09090909090909091,0.21212121212121213
1:2,GO:0009617,1,0.06666666666666667,15,0.14461481223447634,0.0244013566079354,0.09090909090909091,0.21212121212121213
1:2,GO:0009620,1,0.06666666666666667,15,0.14461481223447634,0.0244013566079354,0.09090909090909091,0.21212121212121213
1:2,GO:0009627,1,0.06666666666666667,15,0.14461481223447634,0.0244013566079354,0.09090909090909091,0.21212121212121213
1:2,GO:0009682,1,0.06666666666666667,15,0.14461481223447634,0.0244013566079354,0.09090909090909091,0.21212121212121213
1:2,GO:0009686,1,0.06666666666666667,15,0.14461481223447634,0.0244013566079354,0.09090909090909091,0.21212121212121213
1:2,GO:0009693,1,0.06666666666666667,15,0.14461481223447634,0.0244013566079354,0.09090909090909091,0.21212121212121213
1:2,GO:0009696,1,0.06666666666666667,15,0.14461481223447634,0.0244013566079354,0.09090909090909091,0.21212121212121213
1:2,GO:0009705,1,0.06666666666666667,15,0.14461481223447634,0.0244013566079354,0.09090909090909091,0.21212121212121213
1:2,GO:0009707,1,0.06666666666666667,15,0.14461481223447634,0.0244013566079354,0.09090909090909091,0.21212121212121213
1:2,GO:0009733,1,0.06666666666666667,15,0.14461481223447634,0.0244013566079354,0.09090909090909091,0.21212121212121213
1:2,GO:0009736,1,0.06666666666666667,15,0.14461481223447634,0.0244013566079354,0.09090909090909091,0.21212121212121213
1:2,GO:0009737,1,0.06666666666666667,15,0.14461481223447634,0.0244013566079354,0.09090909090909091,0.21212121212121213
1:2,GO:0009744,1,0.06666666666666667,15,0.14461481223447634,0.0244013566079354,0.09090909090909091,0.21212121212121213
1:2,GO:0009788,1,0.06666666666666667,15,0.14461481223447634,0.0244013566079354,0.09090909090909091,0.21212121212121213
1:2,GO:0009793,1,0.06666666666666667,15,0.14461481223447634,0.0244013566079354,0.09090909090909091,0.21212121212121213
1:2,GO:0009825,1,0.06666666666666667,15,0.14461481223447634,0.0244013566079354,0.09090909090909091,0.21212121212121213
1:2,GO:0009846,1,0.06666666666666667,15,0.14461481223447634,0.0244013566079354,0.09090909090909091,0.21212121212121213
1:2,GO:0009873,1,0.06666666666666667,15,0.14461481223447634,0.0244013566079354,0.09090909090909091,0.21212121212121213
1:2,GO:0009908,1,0.06666666666666667,15,0.14461481223447634,0.0244013566079354,0.09090909090909091,0.21212121212121213
1:2,GO:0009931,1,0.06666666666666667,15,0.14461481223447634,0.0244013566079354,0.09090909090909091,0.21212121212121213
1:2,GO:0009934,1,0.06666666666666667,15,0.14461481223447634,0.0244013566079354,0.09090909090909091,0.21212121212121213
1:2,GO:0009958,1,0.06666666666666667,15,0.14461481223447634,0.0244013566079354,0.09090909090909091,0.21212121212121213
1:2,GO:0009969,1,0.06666666666666667,15,0.14461481223447634,0.0244013566079354,0.09090909090909091,0.21212121212121213
1:2,GO:0009970,1,0.06666666666666667,15,0.14461481223447634,0.0244013566079354,0.09090909090909091,0.21212121212121213
1:2,GO:0009975,1,0.06666666666666667,15,0.14461481223447634,0.0244013566079354,0.09090909090909091,0.21212121212121213
1:2,GO:0010017,1,0.06666666666666667,15,0.14461481223447634,0.0244013566079354,0.09090909090909091,0.21212121212121213
1:2,GO:0010025,1,0.06666666666666667,15,0.14461481223447634,0.0244013566079354,0.09090909090909091,0.21212121212121213
1:2,GO:0010075,1,0.06666666666666667,15,0.14461481223447634,0.0244013566079354,0.09090909090909091,0.21212121212121213
1:2,GO:0010088,1,0.06666666666666667,15,0.14461481223447634,0.0244013566079354,0.09090909090909091,0.21212121212121213
1:2,GO:0010090,1,0.06666666666666667,15,0.14461481223447634,0.0244013566079354,0.09090909090909091,0.21212121212121213
1:2,GO:0010118,1,0.06666666666666667,15,0.14461481223447634,0.0244013566079354,0.09090909090909091,0.21212121212121213
1:2,GO:0010143,1,0.06666666666666667,15,0.14461481223447634,0.0244013566079354,0.09090909090909091,0.21212121212121213
1:2,GO:0010154,1,0.06666666666666667,15,0.14461481223447634,0.0244013566079354,0.09090909090909091,0.21212121212121213
1:2,GO:0010182,1,0.06666666666666667,15,0.14461481223447634,0.0244013566079354,0.09090909090909091,0.21212121212121213
1:2,GO:0010187,1,0.06666666666666667,15,0.14461481223447634,0.0244013566079354,0.09090909090909091,0.21212121212121213
1:2,GO:0010197,1,0.06666666666666667,15,0.14461481223447634,0.0244013566079354,0.09090909090909091,0.21212121212121213
1:2,GO:0010207,1,0.06666666666666667,15,0.14461481223447634,0.0244013566079354,0.09090909090909091,0.21212121212121213
1:2,GO:0010218,1,0.06666666666666667,15,0.14461481223447634,0.0244013566079354,0.09090909090909091,0.21212121212121213
1:2,GO:0010224,1,0.06666666666666667,15,0.14461481223447634,0.0244013566079354,0.09090909090909091,0.21212121212121213
1:2,GO:0010228,1,0.06666666666666667,15,0.14461481223447634,0.0244013566079354,0.09090909090909091,0.21212121212121213
1:2,GO:0010287,1,0.06666666666666667,15,0.14461481223447634,0.0244013566079354,0.09090909090909091,0.21212121212121213
1:2,GO:0010305,1,0.06666666666666667,15,0.14461481223447634,0.0244013566079354,0.09090909090909091,0.21212121212121213
1:2,GO:0010345,1,0.06666666666666667,15,0.14461481223447634,0.0244013566079354,0.09090909090909091,0.21212121212121213
1:2,GO:0010431,1,0.06666666666666667,15,0.14461481223447634,0.0244013566079354,0.09090909090909091,0.21212121212121213
1:2,GO:0010492,1,0.06666666666666667,15,0.14461481223447634,0.0244013566079354,0.09090909090909091,0.21212121212121213
1:2,GO:0010928,1,0.06666666666666667,15,0.14461481223447634,0.0244013566079354,0.09090909090909091,0.21212121212121213
1:2,GO:0012501,1,0.06666666666666667,15,0.14461481223447634,0.0244013566079354,0.09090909090909091,0.21212121212121213
1:2,GO:0015020,1,0.06666666666666667,15,0.14461481223447634,0.0244013566079354,0.09090909090909091,0.21212121212121213
1:2,GO:0015031,1,0.06666666666666667,15,0.14461481223447634,0.0244013566079354,0.09090909090909091,0.21212121212121213
1:2,GO:0015144,1,0.06666666666666667,15,0.14461481223447634,0.0244013566079354,0.09090909090909091,0.21212121212121213
1:2,GO:0015629,1,0.06666666666666667,15,0.14461481223447634,0.0244013566079354,0.09090909090909091,0.21212121212121213
1:2,GO:0015630,1,0.06666666666666667,15,0.14461481223447634,0.0244013566079354,0.09090909090909091,0.21212121212121213
1:2,GO:0015979,1,0.06666666666666667,15,0.14461481223447634,0.0244013566079354,0.09090909090909091,0.21212121212121213
1:2,GO:0015986,1,0.06666666666666667,15,0.14461481223447634,0.0244013566079354,0.09090909090909091,0.21212121212121213
1:2,GO:0016036,1,0.06666666666666667,15,0.14461481223447634,0.0244013566079354,0.09090909090909091,0.21212121212121213
1:2,GO:0016126,1,0.06666666666666667,15,0.14461481223447634,0.0244013566079354,0.09090909090909091,0.21212121212121213
1:2,GO:0016168,1,0.06666666666666667,15,0.14461481223447634,0.0244013566079354,0.09090909090909091,0.21212121212121213
1:2,GO:0016538,1,0.06666666666666667,15,0.14461481223447634,0.0244013566079354,0.09090909090909091,0.21212121212121213
1:2,GO:0016592,1,0.06666666666666667,15,0.14461481223447634,0.0244013566079354,0.09090909090909091,0.21212121212121213
1:2,GO:0016706,1,0.06666666666666667,15,0.14461481223447634,0.0244013566079354,0.09090909090909091,0.21212121212121213
1:2,GO:0016709,1,0.06666666666666667,15,0.14461481223447634,0.0244013566079354,0.09090909090909091,0.21212121212121213
1:2,GO:0016787,1,0.06666666666666667,15,0.14461481223447634,0.0244013566079354,0.09090909090909091,0.21212121212121213
1:2,GO:0016788,1,0.06666666666666667,15,0.14461481223447634,0.0244013566079354,0.09090909090909091,0.21212121212121213
1:2,GO:0016791,1,0.06666666666666667,15,0.14461481223447634,0.0244013566079354,0.09090909090909091,0.21212121212121213
1:2,GO:0016887,1,0.06666666666666667,15,0.14461481223447634,0.0244013566079354,0.09090909090909091,0.21212121212121213
1:2,GO:0019005,1,0.06666666666666667,15,0.14461481223447634,0.0244013566079354,0.09090909090909091,0.21212121212121213
1:2,GO:0019706,1,0.06666666666666667,15,0.14461481223447634,0.0244013566079354,0.09090909090909091,0.21212121212121213
1:2,GO:0019722,1,0.06666666666666667,15,0.14461481223447634,0.0244013566079354,0.09090909090909091,0.21212121212121213
1:2,GO:0019748,1,0.06666666666666667,15,0.14461481223447634,0.0244013566079354,0.09090909090909091,0.21212121212121213
1:2,GO:0019900,1,0.06666666666666667,15,0.14461481223447634,0.0244013566079354,0.09090909090909091,0.21212121212121213
1:2,GO:0019901,1,0.06666666666666667,15,0.14461481223447634,0.0244013566079354,0.09090909090909091,0.21212121212121213
1:2,GO:0019915,1,0.06666666666666667,15,0.14461481223447634,0.0244013566079354,0.09090909090909091,0.21212121212121213
1:2,GO:0019941,1,0.06666666666666667,15,0.14461481223447634,0.0244013566079354,0.09090909090909091,0.21212121212121213
1:2,GO:0019953,1,0.06666666666666667,15,0.14461481223447634,0.0244013566079354,0.09090909090909091,0.21212121212121213
1:2,GO:0030036,1,0.06666666666666667,15,0.14461481223447634,0.0244013566079354,0.09090909090909091,0.21212121212121213
1:2,GO:0030134,1,0.06666666666666667,15,0.14461481223447634,0.0244013566079354,0.09090909090909091,0.21212121212121213
1:2,GO:0030136,1,0.06666666666666667,15,0.14461481223447634,0.0244013566079354,0.09090909090909091,0.21212121212121213
1:2,GO:0030154,1,0.06666666666666667,15,0.14461481223447634,0.0244013566079354,0.09090909090909091,0.21212121212121213
1:2,GO:0030234,1,0.06666666666666667,15,0.14461481223447634,0.0244013566079354,0.09090909090909091,0.21212121212121213
1:2,GO:0030244,1,0.06666666666666667,15,0.14461481223447634,0.0244013566079354,0.09090909090909091,0.21212121212121213
1:2,GO:0030275,1,0.06666666666666667,15,0.14461481223447634,0.0244013566079354,0.09090909090909091,0.21212121212121213
1:2,GO:0030968,1,0.06666666666666667,15,0.14461481223447634,0.0244013566079354,0.09090909090909091,0.21212121212121213
1:2,GO:0031347,1,0.06666666666666667,15,0.14461481223447634,0.0244013566079354,0.09090909090909091,0.21212121212121213
1:2,GO:0031593,1,0.06666666666666667,15,0.14461481223447634,0.0244013566079354,0.09090909090909091,0.21212121212121213
1:2,GO:0031624,1,0.06666666666666667,15,0.14461481223447634,0.0244013566079354,0.09090909090909091,0.21212121212121213
1:2,GO:0031977,1,0.06666666666666667,15,0.14461481223447634,0.0244013566079354,0.09090909090909091,0.21212121212121213
1:2,GO:0031982,1,0.06666666666666667,15,0.14461481223447634,0.0244013566079354,0.09090909090909091,0.21212121212121213
1:2,GO:0032050,1,0.06666666666666667,15,0.14461481223447634,0.0244013566079354,0.09090909090909091,0.21212121212121213
1:2,GO:0032259,1,0.06666666666666667,15,0.14461481223447634,0.0244013566079354,0.09090909090909091,0.21212121212121213
1:2,GO:0032544,1,0.06666666666666667,15,0.14461481223447634,0.0244013566079354,0.09090909090909091,0.21212121212121213
1:2,GO:0032968,1,0.06666666666666667,15,0.14461481223447634,0.0244013566079354,0.09090909090909091,0.21212121212121213
1:2,GO:0034605,1,0.06666666666666667,15,0.14461481223447634,0.0244013566079354,0.09090909090909091,0.21212121212121213
1:2,GO:0035091,1,0.06666666666666667,15,0.14461481223447634,0.0244013566079354,0.09090909090909091,0.21212121212121213
1:2,GO:0038023,1,0.06666666666666667,15,0.14461481223447634,0.0244013566079354,0.09090909090909091,0.21212121212121213
1:2,GO:0040029,1,0.06666666666666667,15,0.14461481223447634,0.0244013566079354,0.09090909090909091,0.21212121212121213
1:2,GO:0042023,1,0.06666666666666667,15,0.14461481223447634,0.0244013566079354,0.09090909090909091,0.21212121212121213
1:2,GO:0042026,1,0.06666666666666667,15,0.14461481223447634,0.0244013566079354,0.09090909090909091,0.21212121212121213
1:2,GO:0042054,1,0.06666666666666667,15,0.14461481223447634,0.0244013566079354,0.09090909090909091,0.21212121212121213
1:2,GO:0042127,1,0.06666666666666667,15,0.14461481223447634,0.0244013566079354,0.09090909090909091,0.21212121212121213
1:2,GO:0042538,1,0.06666666666666667,15,0.14461481223447634,0.0244013566079354,0.09090909090909091,0.21212121212121213
1:2,GO:0042631,1,0.06666666666666667,15,0.14461481223447634,0.0244013566079354,0.09090909090909091,0.21212121212121213
1:2,GO:0043067,1,0.06666666666666667,15,0.14461481223447634,0.0244013566079354,0.09090909090909091,0.21212121212121213
1:2,GO:0043068,1,0.06666666666666667,15,0.14461481223447634,0.0244013566079354,0.09090909090909091,0.21212121212121213
1:2,GO:0043086,1,0.06666666666666667,15,0.14461481223447634,0.0244013566079354,0.09090909090909091,0.21212121212121213
1:2,GO:0043130,1,0.06666666666666667,15,0.14461481223447634,0.0244013566079354,0.09090909090909091,0.21212121212121213
1:2,GO:0044024,1,0.06666666666666667,15,0.14461481223447634,0.0244013566079354,0.09090909090909091,0.21212121212121213
1:2,GO:0045088,1,0.06666666666666667,15,0.14461481223447634,0.0244013566079354,0.09090909090909091,0.21212121212121213
1:2,GO:0045259,1,0.06666666666666667,15,0.14461481223447634,0.0244013566079354,0.09090909090909091,0.21212121212121213
1:2,GO:0045271,1,0.06666666666666667,15,0.14461481223447634,0.0244013566079354,0.09090909090909091,0.21212121212121213
1:2,GO:0045454,1,0.06666666666666667,15,0.14461481223447634,0.0244013566079354,0.09090909090909091,0.21212121212121213
1:2,GO:0045490,1,0.06666666666666667,15,0.14461481223447634,0.0244013566079354,0.09090909090909091,0.21212121212121213
1:2,GO:0045814,1,0.06666666666666667,15,0.14461481223447634,0.0244013566079354,0.09090909090909091,0.21212121212121213
1:2,GO:0045944,1,0.06666666666666667,15,0.14461481223447634,0.0244013566079354,0.09090909090909091,0.21212121212121213
1:2,GO:0046686,1,0.06666666666666667,15,0.14461481223447634,0.0244013566079354,0.09090909090909091,0.21212121212121213
1:2,GO:0046872,1,0.06666666666666667,15,0.14461481223447634,0.0244013566079354,0.09090909090909091,0.21212121212121213
1:2,GO:0046873,1,0.06666666666666667,15,0.14461481223447634,0.0244013566079354,0.09090909090909091,0.21212121212121213
1:2,GO:0046982,1,0.06666666666666667,15,0.14461481223447634,0.0244013566079354,0.09090909090909091,0.21212121212121213
1:2,GO:0047372,1,0.06666666666666667,15,0.14461481223447634,0.0244013566079354,0.09090909090909091,0.21212121212121213
1:2,GO:0048046,1,0.06666666666666667,15,0.14461481223447634,0.0244013566079354,0.09090909090909091,0.21212121212121213
1:2,GO:0048229,1,0.06666666666666667,15,0.14461481223447634,0.0244013566079354,0.09090909090909091,0.21212121212121213
1:2,GO:0048235,1,0.06666666666666667,15,0.14461481223447634,0.0244013566079354,0.09090909090909091,0.21212121212121213
1:2,GO:0048364,1,0.06666666666666667,15,0.14461481223447634,0.0244013566079354,0.09090909090909091,0.21212121212121213
1:2,GO:0048443,1,0.06666666666666667,15,0.14461481223447634,0.0244013566079354,0.09090909090909091,0.21212121212121213
1:2,GO:0048573,1,0.06666666666666667,15,0.14461481223447634,0.0244013566079354,0.09090909090909091,0.21212121212121213
1:2,GO:0048767,1,0.06666666666666667,15,0.14461481223447634,0.0244013566079354,0.09090909090909091,0.21212121212121213
1:2,GO:0048825,1,0.06666666666666667,15,0.14461481223447634,0.0244013566079354,0.09090909090909091,0.21212121212121213
1:2,GO:0050826,1,0.06666666666666667,15,0.14461481223447634,0.0244013566079354,0.09090909090909091,0.21212121212121213
1:2,GO:0050829,1,0.06666666666666667,15,0.14461481223447634,0.0244013566079354,0.09090909090909091,0.21212121212121213
1:2,GO:0051082,1,0.06666666666666667,15,0.14461481223447634,0.0244013566079354,0.09090909090909091,0.21212121212121213
1:2,GO:0051225,1,0.06666666666666667,15,0.14461481223447634,0.0244013566079354,0.09090909090909091,0.21212121212121213
1:2,GO:0051287,1,0.06666666666666667,15,0.14461481223447634,0.0244013566079354,0.09090909090909091,0.21212121212121213
1:2,GO:0051302,1,0.06666666666666667,15,0.14461481223447634,0.0244013566079354,0.09090909090909091,0.21212121212121213
1:2,GO:0051510,1,0.06666666666666667,15,0.14461481223447634,0.0244013566079354,0.09090909090909091,0.21212121212121213
1:2,GO:0055046,1,0.06666666666666667,15,0.14461481223447634,0.0244013566079354,0.09090909090909091,0.21212121212121213
1:2,GO:0061809,1,0.06666666666666667,15,0.14461481223447634,0.0244013566079354,0.09090909090909091,0.21212121212121213
1:2,GO:0070417,1,0.06666666666666667,15,0.14461481223447634,0.0244013566079354,0.09090909090909091,0.21212121212121213
1:2,GO:0071004,1,0.06666666666666667,15,0.14461481223447634,0.0244013566079354,0.09090909090909091,0.21212121212121213
1:2,GO:0071011,1,0.06666666666666667,15,0.14461481223447634,0.0244013566079354,0.09090909090909091,0.21212121212121213
1:2,GO:0071215,1,0.06666666666666667,15,0.14461481223447634,0.0244013566079354,0.09090909090909091,0.21212121212121213
1:2,GO:0071365,1,0.06666666666666667,15,0.14461481223447634,0.0244013566079354,0.09090909090909091,0.21212121212121213
1:2,GO:0071805,1,0.06666666666666667,15,0.14461481223447634,0.0244013566079354,0.09090909090909091,0.21212121212121213
1:2,GO:0071944,1,0.06666666666666667,15,0.14461481223447634,0.0244013566079354,0.09090909090909091,0.21212121212121213
1:2,GO:0071949,1,0.06666666666666667,15,0.14461481223447634,0.0244013566079354,0.09090909090909091,0.21212121212121213
1:2,GO:0080043,1,0.06666666666666667,15,0.14461481223447634,0.0244013566079354,0.09090909090909091,0.21212121212121213
1:2,GO:0080044,1,0.06666666666666667,15,0.14461481223447634,0.0244013566079354,0.09090909090909091,0.21212121212121213
1:2,GO:0090333,1,0.06666666666666667,15,0.14461481223447634,0.0244013566079354,0.09090909090909091,0.21212121212121213
1:2,GO:0099402,1,0.06666666666666667,15,0.14461481223447634,0.0244013566079354,0.09090909090909091,0.21212121212121213
1:2,GO:0140658,1,0.06666666666666667,15,0.14461481223447634,0.0244013566079354,0.09090909090909091,0.21212121212121213
1:2,GO:0160062,1,0.06666666666666667,15,0.14461481223447634,0.0244013566079354,0.09090909090909091,0.21212121212121213
1:2,GO:1900150,1,0.06666666666666667,15,0.14461481223447634,0.0244013566079354,0.09090909090909091,0.21212121212121213
1:2,GO:1990961,1,0.06666666666666667,15,0.14461481223447634,0.0244013566079354,0.09090909090909091,0.21212121212121213
1:2,GO:2000022,1,0.06666666666666667,15,0.14461481223447634,0.0244013566079354,0.09090909090909091,0.21212121212121213
1:2,GO:2000280,1,0.06666666666666667,15,0.14461481223447634,0.0244013566079354,0.09090909090909091,0.21212121212121213
1:2,GO:2000377,1,0.06666666666666667,15,0.14461481223447634,0.0244013566079354,0.09090909090909091,0.21212121212121213
1:2,GO:2000652,1,0.06666666666666667,15,0.14461481223447634,0.0244013566079354,0.09090909090909091,0.21212121212121213
1:3,GO:0003700,15,1.0,15,0.17320799251632188,0.026042360555441225,0.1320754716981132,0.25
1:3,GO:0005737,15,1.0,15,0.17320799251632188,0.026042360555441225,0.1320754716981132,0.25
1:3,GO:0006412,15,1.0,15,0.17320799251632188,0.026042360555441225,0.1320754716981132,0.25
1:3,GO:0008150,15,1.0,15,0.17320799251632188,0.026042360555441225,0.1320754716981132,0.25
1:3,GO:0009507,15,1.0,15,0.17320799251632188,0.026042360555441225,0.1320754716981132,0.25
1:3,GO:0030533,15,1.0,15,0.17320799251632188,0.026042360555441225,0.1320754716981132,0.25
1:3,GO:0000976,14,0.9333333333333333,15,0.17320799251632188,0.026042360555441225,0.1320754716981132,0.25
1:3,GO:0003723,14,0.9333333333333333,15,0.17320799251632188,0.026042360555441225,0.1320754716981132,0.25
1:3,GO:0006414,14,0.9333333333333333,15,0.17320799251632188,0.026042360555441225,0.1320754716981132,0.25
1:3,GO:0005575,13,0.8666666666666667,15,0.17320799251632188,0.026042360555441225,0.1320754716981132,0.25
1:3,GO:0005829,13,0.8666666666666667,15,0.17320799251632188,0.026042360555441225,0.1320754716981132,0.25
1:3,GO:0005576,12,0.8,15,0.17320799251632188,0.026042360555441225,0.1320754716981132,0.25
1:3,GO:0006355,11,0.7333333333333333,15,0.17320799251632188,0.026042360555441225,0.1320754716981132,0.25
1:3,GO:0006357,11,0.7333333333333333,15,0.17320799251632188,0.026042360555441225,0.1320754716981132,0.25
1:3,GO:0000978,10,0.6666666666666666,15,0.17320799251632188,0.026042360555441225,0.1320754716981132,0.25
1:3,GO:0003735,10,0.6666666666666666,15,0.17320799251632188,0.026042360555441225,0.1320754716981132,0.25
1:3,GO:0007165,10,0.6666666666666666,15,0.17320799251632188,0.026042360555441225,0.1320754716981132,0.25
1:3,GO:0055085,10,0.6666666666666666,15,0.17320799251632188,0.026042360555441225,0.1320754716981132,0.25
1:3,GO:0003677,9,0.6,15,0.17320799251632188,0.026042360555441225,0.1320754716981132,0.25
1:3,GO:0003729,8,0.5333333333333333,15,0.17320799251632188,0.026042360555441225,0.1320754716981132,0.25
1:3,GO:0004674,7,0.4666666666666667,15,0.17320799251632188,0.026042360555441225,0.1320754716981132,0.25
1:3,GO:0022857,7,0.4666666666666667,15,0.17320799251632188,0.026042360555441225,0.1320754716981132,0.25
1:3,GO:0005739,6,0.4,15,0.17320799251632188,0.026042360555441225,0.1320754716981132,0.25
1:3,GO:0004672,5,0.3333333333333333,15,0.17320799251632188,0.026042360555441225,0.1320754716981132,0.25
1:3,GO:0009451,5,0.3333333333333333,15,0.17320799251632188,0.026042360555441225,0.1320754716981132,0.25
1:3,GO:0016757,5,0.3333333333333333,15,0.17320799251632188,0.026042360555441225,0.1320754716981132,0.25
1:3,GO:0061630,5,0.3333333333333333,15,0.17320799251632188,0.026042360555441225,0.1320754716981132,0.25
1:3,GO:0000981,4,0.26666666666666666,15,0.17320799251632188,0.026042360555441225,0.1320754716981132,0.25
1:3,GO:0004842,4,0.26666666666666666,15,0.17320799251632188,0.026042360555441225,0.1320754716981132,0.25
1:3,GO:0005515,4,0.26666666666666666,15,0.17320799251632188,0.026042360555441225,0.1320754716981132,0.25
1:3,GO:0005777,4,0.26666666666666666,15,0.17320799251632188,0.026042360555441225,0.1320754716981132,0.25
1:3,GO:0005789,4,0.26666666666666666,15,0.17320799251632188,0.026042360555441225,0.1320754716981132,0.25
1:3,GO:0005886,4,0.26666666666666666,15,0.17320799251632188,0.026042360555441225,0.1320754716981132,0.25
1:3,GO:0005975,4,0.26666666666666666,15,0.17320799251632188,0.026042360555441225,0.1320754716981132,0.25
1:3,GO:0006952,4,0.26666666666666666,15,0.17320799251632188,0.026042360555441225,0.1320754716981132,0.25
1:3,GO:0009705,4,0.26666666666666666,15,0.17320799251632188,0.026042360555441225,0.1320754716981132,0.25
1:3,GO:0016020,4,0.26666666666666666,15,0.17320799251632188,0.026042360555441225,0.1320754716981132,0.25
1:3,GO:0016168,4,0.26666666666666666,15,0.17320799251632188,0.026042360555441225,0.1320754716981132,0.25
1:3,GO:0019761,4,0.26666666666666666,15,0.17320799251632188,0.026042360555441225,0.1320754716981132,0.25
1:3,GO:0046910,4,0.26666666666666666,15,0.17320799251632188,0.026042360555441225,0.1320754716981132,0.25
1:3,GO:0000154,3,0.2,15,0.17320799251632188,0.026042360555441225,0.1320754716981132,0.25
1:3,GO:0000307,3,0.2,15,0.17320799251632188,0.026042360555441225,0.1320754716981132,0.25
1:3,GO:0000423,3,0.2,15,0.17320799251632188,0.026042360555441225,0.1320754716981132,0.25
1:3,GO:0003713,3,0.2,15,0.17320799251632188,0.026042360555441225,0.1320754716981132,0.25
1:3,GO:0003743,3,0.2,15,0.17320799251632188,0.026042360555441225,0.1320754716981132,0.25
1:3,GO:0004650,3,0.2,15,0.17320799251632188,0.026042360555441225,0.1320754716981132,0.25
1:3,GO:0004675,3,0.2,15,0.17320799251632188,0.026042360555441225,0.1320754716981132,0.25
1:3,GO:0004683,3,0.2,15,0.17320799251632188,0.026042360555441225,0.1320754716981132,0.25
1:3,GO:0004857,3,0.2,15,0.17320799251632188,0.026042360555441225,0.1320754716981132,0.25
1:3,GO:0005179,3,0.2,15,0.17320799251632188,0.026042360555441225,0.1320754716981132,0.25
1:3,GO:0005802,3,0.2,15,0.17320799251632188,0.026042360555441225,0.1320754716981132,0.25
1:3,GO:0006468,3,0.2,15,0.17320799251632188,0.026042360555441225,0.1320754716981132,0.25
1:3,GO:0006511,3,0.2,15,0.17320799251632188,0.026042360555441225,0.1320754716981132,0.25
1:3,GO:0006817,3,0.2,15,0.17320799251632188,0.026042360555441225,0.1320754716981132,0.25
1:3,GO:0008017,3,0.2,15,0.17320799251632188,0.026042360555441225,0.1320754716981132,0.25
1:3,GO:0008270,3,0.2,15,0.17320799251632188,0.026042360555441225,0.1320754716981132,0.25
1:3,GO:0009505,3,0.2,15,0.17320799251632188,0.026042360555441225,0.1320754716981132,0.25
1:3,GO:0009536,3,0.2,15,0.17320799251632188,0.026042360555441225,0.1320754716981132,0.25
1:3,GO:0009570,3,0.2,15,0.17320799251632188,0.026042360555441225,0.1320754716981132,0.25
1:3,GO:0009767,3,0.2,15,0.17320799251632188,0.026042360555441225,0.1320754716981132,0.25
1:3,GO:0009853,3,0.2,15,0.17320799251632188,0.026042360555441225,0.1320754716981132,0.25
1:3,GO:0009931,3,0.2,15,0.17320799251632188,0.026042360555441225,0.1320754716981132,0.25
1:3,GO:0016192,3,0.2,15,0.17320799251632188,0.026042360555441225,0.1320754716981132,0.25
1:3,GO:0016298,3,0.2,15,0.17320799251632188,0.026042360555441225,0.1320754716981132,0.25
1:3,GO:0016301,3,0.2,15,0.17320799251632188,0.026042360555441225,0.1320754716981132,0.25
1:3,GO:0016567,3,0.2,15,0.17320799251632188,0.026042360555441225,0.1320754716981132,0.25
1:3,GO:0022625,3,0.2,15,0.17320799251632188,0.026042360555441225,0.1320754716981132,0.25
1:3,GO:0042631,3,0.2,15,0.17320799251632188,0.026042360555441225,0.1320754716981132,0.25
1:3,GO:0043565,3,0.2,15,0.17320799251632188,0.026042360555441225,0.1320754716981132,0.25
1:3,GO:0045492,3,0.2,15,0.17320799251632188,0.026042360555441225,0.1320754716981132,0.25
1:3,GO:0045814,3,0.2,15,0.17320799251632188,0.026042360555441225,0.1320754716981132,0.25
1:3,GO:0051287,3,0.2,15,0.17320799251632188,0.026042360555441225,0.1320754716981132,0.25
1:3,GO:0051302,3,0.2,15,0.17320799251632188,0.026042360555441225,0.1320754716981132,0.25
1:3,GO:0098542,3,0.2,15,0.17320799251632188,0.026042360555441225,0.1320754716981132,0.25
1:3,GO:1900150,3,0.2,15,0.17320799251632188,0.026042360555441225,0.1320754716981132,0.25
1:3,GO:1902074,3,0.2,15,0.17320799251632188,0.026042360555441225,0.1320754716981132,0.25
1:3,GO:0000122,2,0.13333333333333333,15,0.17320799251632188,0.026042360555441225,0.1320754716981132,0.25
1:3,GO:0000149,2,0.13333333333333333,15,0.17320799251632188,0.026042360555441225,0.1320754716981132,0.25
1:3,GO:0000159,2,0.13333333333333333,15,0.17320799251632188,0.026042360555441225,0.1320754716981132,0.25
1:3,GO:0000209,2,0.13333333333333333,15,0.17320799251632188,0.026042360555441225,0.1320754716981132,0.25
1:3,GO:0000311,2,0.13333333333333333,15,0.17320799251632188,0.026042360555441225,0.1320754716981132,0.25
1:3,GO:0000398,2,0.13333333333333333,15,0.17320799251632188,0.026042360555441225,0.1320754716981132,0.25
1:3,GO:0000987,2,0.13333333333333333,15,0.17320799251632188,0.026042360555441225,0.1320754716981132,0.25
1:3,GO:0003682,2,0.13333333333333333,15,0.17320799251632188,0.026042360555441225,0.1320754716981132,0.25
1:3,GO:0003690,2,0.13333333333333333,15,0.17320799251632188,0.026042360555441225,0.1320754716981132,0.25
1:3,GO:0003724,2,0.13333333333333333,15,0.17320799251632188,0.026042360555441225,0.1320754716981132,0.25
1:3,GO:0004175,2,0.13333333333333333,15,0.17320799251632188,0.026042360555441225,0.1320754716981132,0.25
1:3,GO:0004197,2,0.13333333333333333,15,0.17320799251632188,0.026042360555441225,0.1320754716981132,0.25
1:3,GO:0004222,2,0.13333333333333333,15,0.17320799251632188,0.026042360555441225,0.1320754716981132,0.25
1:3,GO:0004402,2,0.13333333333333333,15,0.17320799251632188,0.026042360555441225,0.1320754716981132,0.25
1:3,GO:0005262,2,0.13333333333333333,15,0.17320799251632188,0.026042360555441225,0.1320754716981132,0.25
1:3,GO:0005635,2,0.13333333333333333,15,0.17320799251632188,0.026042360555441225,0.1320754716981132,0.25
1:3,GO:0005666,2,0.13333333333333333,15,0.17320799251632188,0.026042360555441225,0.1320754716981132,0.25
1:3,GO:0005685,2,0.13333333333333333,15,0.17320799251632188,0.026042360555441225,0.1320754716981132,0.25
1:3,GO:0005768,2,0.13333333333333333,15,0.17320799251632188,0.026042360555441225,0.1320754716981132,0.25
1:3,GO:0005776,2,0.13333333333333333,15,0.17320799251632188,0.026042360555441225,0.1320754716981132,0.25
1:3,GO:0005783,2,0.13333333333333333,15,0.17320799251632188,0.026042360555441225,0.1320754716981132,0.25
1:3,GO:0006289,2,0.13333333333333333,15,0.17320799251632188,0.026042360555441225,0.1320754716981132,0.25
1:3,GO:0006367,2,0.13333333333333333,15,0.17320799251632188,0.026042360555441225,0.1320754716981132,0.25
1:3,GO:0006397,2,0.13333333333333333,15,0.17320799251632188,0.026042360555441225,0.1320754716981132,0.25
1:3,GO:0006400,2,0.13333333333333333,15,0.17320799251632188,0.026042360555441225,0.1320754716981132,0.25
1:3,GO:0006499,2,0.13333333333333333,15,0.17320799251632188,0.026042360555441225,0.1320754716981132,0.25
1:3,GO:0006520,2,0.13333333333333333,15,0.17320799251632188,0.026042360555441225,0.1320754716981132,0.25
1:3,GO:0006813,2,0.13333333333333333,15,0.17320799251632188,0.026042360555441225,0.1320754716981132,0.25
1:3,GO:0006891,2,0.13333333333333333,15,0.17320799251632188,0.026042360555441225,0.1320754716981132,0.25
1:3,GO:0006955,2,0.13333333333333333,15,0.17320799251632188,0.026042360555441225,0.1320754716981132,0.25
1:3,GO:0006970,2,0.13333333333333333,15,0.17320799251632188,0.026042360555441225,0.1320754716981132,0.25
1:3,GO:0007017,2,0.13333333333333333,15,0.17320799251632188,0.026042360555441225,0.1320754716981132,0.25
1:3,GO:0008137,2,0.13333333333333333,15,0.17320799251632188,0.026042360555441225,0.1320754716981132,0.25
1:3,GO:0008233,2,0.13333333333333333,15,0.17320799251632188,0.026042360555441225,0.1320754716981132,0.25
1:3,GO:0008483,2,0.13333333333333333,15,0.17320799251632188,0.026042360555441225,0.1320754716981132,0.25
1:3,GO:0009058,2,0.13333333333333333,15,0.17320799251632188,0.026042360555441225,0.1320754716981132,0.25
1:3,GO:0009561,2,0.13333333333333333,15,0.17320799251632188,0.026042360555441225,0.1320754716981132,0.25
1:3,GO:0009579,2,0.13333333333333333,15,0.17320799251632188,0.026042360555441225,0.1320754716981132,0.25
1:3,GO:0009658,2,0.13333333333333333,15,0.17320799251632188,0.026042360555441225,0.1320754716981132,0.25
1:3,GO:0009695,2,0.13333333333333333,15,0.17320799251632188,0.026042360555441225,0.1320754716981132,0.25
1:3,GO:0009733,2,0.13333333333333333,15,0.17320799251632188,0.026042360555441225,0.1320754716981132,0.25
1:3,GO:0009741,2,0.13333333333333333,15,0.17320799251632188,0.026042360555441225,0.1320754716981132,0.25
1:3,GO:0009749,2,0.13333333333333333,15,0.17320799251632188,0.026042360555441225,0.1320754716981132,0.25
1:3,GO:0009793,2,0.13333333333333333,15,0.17320799251632188,0.026042360555441225,0.1320754716981132,0.25
1:3,GO:0009827,2,0.13333333333333333,15,0.17320799251632188,0.026042360555441225,0.1320754716981132,0.25
1:3,GO:0010025,2,0.13333333333333333,15,0.17320799251632188,0.026042360555441225,0.1320754716981132,0.25
1:3,GO:0010154,2,0.13333333333333333,15,0.17320799251632188,0.026042360555441225,0.1320754716981132,0.25
1:3,GO:0010287,2,0.13333333333333333,15,0.17320799251632188,0.026042360555441225,0.1320754716981132,0.25
1:3,GO:0010411,2,0.13333333333333333,15,0.17320799251632188,0.026042360555441225,0.1320754716981132,0.25
1:3,GO:0015171,2,0.13333333333333333,15,0.17320799251632188,0.026042360555441225,0.1320754716981132,0.25
1:3,GO:0016102,2,0.13333333333333333,15,0.17320799251632188,0.026042360555441225,0.1320754716981132,0.25
1:3,GO:0016705,2,0.13333333333333333,15,0.17320799251632188,0.026042360555441225,0.1320754716981132,0.25
1:3,GO:0016706,2,0.13333333333333333,15,0.17320799251632188,0.026042360555441225,0.1320754716981132,0.25
1:3,GO:0016759,2,0.13333333333333333,15,0.17320799251632188,0.026042360555441225,0.1320754716981132,0.25
1:3,GO:0019722,2,0.13333333333333333,15,0.17320799251632188,0.026042360555441225,0.1320754716981132,0.25
1:3,GO:0019900,2,0.13333333333333333,15,0.17320799251632188,0.026042360555441225,0.1320754716981132,0.25
1:3,GO:0019915,2,0.13333333333333333,15,0.17320799251632188,0.026042360555441225,0.1320754716981132,0.25
1:3,GO:0030163,2,0.13333333333333333,15,0.17320799251632188,0.026042360555441225,0.1320754716981132,0.25
1:3,GO:0031348,2,0.13333333333333333,15,0.17320799251632188,0.026042360555441225,0.1320754716981132,0.25
1:3,GO:0032040,2,0.13333333333333333,15,0.17320799251632188,0.026042360555441225,0.1320754716981132,0.25
1:3,GO:0032502,2,0.13333333333333333,15,0.17320799251632188,0.026042360555441225,0.1320754716981132,0.25
1:3,GO:0032991,2,0.13333333333333333,15,0.17320799251632188,0.026042360555441225,0.1320754716981132,0.25
1:3,GO:0035091,2,0.13333333333333333,15,0.17320799251632188,0.026042360555441225,0.1320754716981132,0.25
1:3,GO:0035267,2,0.13333333333333333,15,0.17320799251632188,0.026042360555441225,0.1320754716981132,0.25
1:3,GO:0036503,2,0.13333333333333333,15,0.17320799251632188,0.026042360555441225,0.1320754716981132,0.25
1:3,GO:0040029,2,0.13333333333333333,15,0.17320799251632188,0.026042360555441225,0.1320754716981132,0.25
1:3,GO:0042626,2,0.13333333333333333,15,0.17320799251632188,0.026042360555441225,0.1320754716981132,0.25
1:3,GO:0042802,2,0.13333333333333333,15,0.17320799251632188,0.026042360555441225,0.1320754716981132,0.25
1:3,GO:0043069,2,0.13333333333333333,15,0.17320799251632188,0.026042360555441225,0.1320754716981132,0.25
1:3,GO:0043086,2,0.13333333333333333,15,0.17320799251632188,0.026042360555441225,0.1320754716981132,0.25
1:3,GO:0043495,2,0.13333333333333333,15,0.17320799251632188,0.026042360555441225,0.1320754716981132,0.25
1:3,GO:0043531,2,0.13333333333333333,15,0.17320799251632188,0.026042360555441225,0.1320754716981132,0.25
1:3,GO:0045892,2,0.13333333333333333,15,0.17320799251632188,0.026042360555441225,0.1320754716981132,0.25
1:3,GO:0045893,2,0.13333333333333333,15,0.17320799251632188,0.026042360555441225,0.1320754716981132,0.25
1:3,GO:0046961,2,0.13333333333333333,15,0.17320799251632188,0.026042360555441225,0.1320754716981132,0.25
1:3,GO:0048278,2,0.13333333333333333,15,0.17320799251632188,0.026042360555441225,0.1320754716981132,0.25
1:3,GO:0048316,2,0.13333333333333333,15,0.17320799251632188,0.026042360555441225,0.1320754716981132,0.25
1:3,GO:0048364,2,0.13333333333333333,15,0.17320799251632188,0.026042360555441225,0.1320754716981132,0.25
1:3,GO:0048573,2,0.13333333333333333,15,0.17320799251632188,0.026042360555441225,0.1320754716981132,0.25
1:3,GO:0051607,2,0.13333333333333333,15,0.17320799251632188,0.026042360555441225,0.1320754716981132,0.25
1:3,GO:0051707,2,0.13333333333333333,15,0.17320799251632188,0.026042360555441225,0.1320754716981132,0.25
1:3,GO:0051762,2,0.13333333333333333,15,0.17320799251632188,0.026042360555441225,0.1320754716981132,0.25
1:3,GO:0061631,2,0.13333333333333333,15,0.17320799251632188,0.026042360555441225,0.1320754716981132,0.25
1:3,GO:0071011,2,0.13333333333333333,15,0.17320799251632188,0.026042360555441225,0.1320754716981132,0.25
1:3,GO:0071013,2,0.13333333333333333,15,0.17320799251632188,0.026042360555441225,0.1320754716981132,0.25
1:3,GO:0071456,2,0.13333333333333333,15,0.17320799251632188,0.026042360555441225,0.1320754716981132,0.25
1:3,GO:0071949,2,0.13333333333333333,15,0.17320799251632188,0.026042360555441225,0.1320754716981132,0.25
1:3,GO:0080044,2,0.13333333333333333,15,0.17320799251632188,0.026042360555441225,0.1320754716981132,0.25
1:3,GO:0080147,2,0.13333333333333333,15,0.17320799251632188,0.026042360555441225,0.1320754716981132,0.25
1:3,GO:0080188,2,0.13333333333333333,15,0.17320799251632188,0.026042360555441225,0.1320754716981132,0.25
1:3,GO:0090351,2,0.13333333333333333,15,0.17320799251632188,0.026042360555441225,0.1320754716981132,0.25
1:3,GO:0099402,2,0.13333333333333333,15,0.17320799251632188,0.026042360555441225,0.1320754716981132,0.25
1:3,GO:1990904,2,0.13333333333333333,15,0.17320799251632188,0.026042360555441225,0.1320754716981132,0.25
1:3,GO:0000028,1,0.06666666666666667,15,0.17320799251632188,0.026042360555441225,0.1320754716981132,0.25
1:3,GO:0000045,1,0.06666666666666667,15,0.17320799251632188,0.026042360555441225,0.1320754716981132,0.25
1:3,GO:0000082,1,0.06666666666666667,15,0.17320799251632188,0.026042360555441225,0.1320754716981132,0.25
1:3,GO:0000118,1,0.06666666666666667,15,0.17320799251632188,0.026042360555441225,0.1320754716981132,0.25
1:3,GO:0000138,1,0.06666666666666667,15,0.17320799251632188,0.026042360555441225,0.1320754716981132,0.25
1:3,GO:0000156,1,0.06666666666666667,15,0.17320799251632188,0.026042360555441225,0.1320754716981132,0.25
1:3,GO:0000160,1,0.06666666666666667,15,0.17320799251632188,0.026042360555441225,0.1320754716981132,0.25
1:3,GO:0000162,1,0.06666666666666667,15,0.17320799251632188,0.026042360555441225,0.1320754716981132,0.25
1:3,GO:0000226,1,0.06666666666666667,15,0.17320799251632188,0.026042360555441225,0.1320754716981132,0.25
1:3,GO:0000502,1,0.06666666666666667,15,0.17320799251632188,0.026042360555441225,0.1320754716981132,0.25
1:3,GO:0000785,1,0.06666666666666667,15,0.17320799251632188,0.026042360555441225,0.1320754716981132,0.25
1:3,GO:0000911,1,0.06666666666666667,15,0.17320799251632188,0.026042360555441225,0.1320754716981132,0.25
1:3,GO:0001216,1,0.06666666666666667,15,0.17320799251632188,0.026042360555441225,0.1320754716981132,0.25
1:3,GO:0002237,1,0.06666666666666667,15,0.17320799251632188,0.026042360555441225,0.1320754716981132,0.25
1:3,GO:0003697,1,0.06666666666666667,15,0.17320799251632188,0.026042360555441225,0.1320754716981132,0.25
1:3,GO:0003712,1,0.06666666666666667,15,0.17320799251632188,0.026042360555441225,0.1320754716981132,0.25
1:3,GO:0003755,1,0.06666666666666667,15,0.17320799251632188,0.026042360555441225,0.1320754716981132,0.25
1:3,GO:0003824,1,0.06666666666666667,15,0.17320799251632188,0.026042360555441225,0.1320754716981132,0.25
1:3,GO:0003993,1,0.06666666666666667,15,0.17320799251632188,0.026042360555441225,0.1320754716981132,0.25
1:3,GO:0004185,1,0.06666666666666667,15,0.17320799251632188,0.026042360555441225,0.1320754716981132,0.25
1:3,GO:0004190,1,0.06666666666666667,15,0.17320799251632188,0.026042360555441225,0.1320754716981132,0.25
1:3,GO:0004252,1,0.06666666666666667,15,0.17320799251632188,0.026042360555441225,0.1320754716981132,0.25
1:3,GO:0004386,1,0.06666666666666667,15,0.17320799251632188,0.026042360555441225,0.1320754716981132,0.25
1:3,GO:0004519,1,0.06666666666666667,15,0.17320799251632188,0.026042360555441225,0.1320754716981132,0.25
1:3,GO:0004521,1,0.06666666666666667,15,0.17320799251632188,0.026042360555441225,0.1320754716981132,0.25
1:3,GO:0004540,1,0.06666666666666667,15,0.17320799251632188,0.026042360555441225,0.1320754716981132,0.25
1:3,GO:0004553,1,0.06666666666666667,15,0.17320799251632188,0.026042360555441225,0.1320754716981132,0.25
1:3,GO:0004721,1,0.06666666666666667,15,0.17320799251632188,0.026042360555441225,0.1320754716981132,0.25
1:3,GO:0004722,1,0.06666666666666667,15,0.17320799251632188,0.026042360555441225,0.1320754716981132,0.25
1:3,GO:0004843,1,0.06666666666666667,15,0.17320799251632188,0.026042360555441225,0.1320754716981132,0.25
1:3,GO:0005200,1,0.06666666666666667,15,0.17320799251632188,0.026042360555441225,0.1320754716981132,0.25
1:3,GO:0005315,1,0.06666666666666667,15,0.17320799251632188,0.026042360555441225,0.1320754716981132,0.25
1:3,GO:0005381,1,0.06666666666666667,15,0.17320799251632188,0.026042360555441225,0.1320754716981132,0.25
1:3,GO:0005384,1,0.06666666666666667,15,0.17320799251632188,0.026042360555441225,0.1320754716981132,0.25
1:3,GO:0005484,1,0.06666666666666667,15,0.17320799251632188,0.026042360555441225,0.1320754716981132,0.25
1:3,GO:0005506,1,0.06666666666666667,15,0.17320799251632188,0.026042360555441225,0.1320754716981132,0.25
1:3,GO:0005507,1,0.06666666666666667,15,0.17320799251632188,0.026042360555441225,0.1320754716981132,0.25
1:3,GO:0005509,1,0.06666666666666667,15,0.17320799251632188,0.026042360555441225,0.1320754716981132,0.25
1:3,GO:0005516,1,0.06666666666666667,15,0.17320799251632188,0.026042360555441225,0.1320754716981132,0.25
1:3,GO:0005524,1,0.06666666666666667,15,0.17320799251632188,0.026042360555441225,0.1320754716981132,0.25
1:3,GO:0005615,1,0.06666666666666667,15,0.17320799251632188,0.026042360555441225,0.1320754716981132,0.25
1:3,GO:0005667,1,0.06666666666666667,15,0.17320799251632188,0.026042360555441225,0.1320754716981132,0.25
1:3,GO:0005694,1,0.06666666666666667,15,0.17320799251632188,0.026042360555441225,0.1320754716981132,0.25
1:3,GO:0005730,1,0.06666666666666667,15,0.17320799251632188,0.026042360555441225,0.1320754716981132,0.25
1:3,GO:0005732,1,0.06666666666666667,15,0.17320799251632188,0.026042360555441225,0.1320754716981132,0.25
1:3,GO:0005744,1,0.06666666666666667,15,0.17320799251632188,0.026042360555441225,0.1320754716981132,0.25
1:3,GO:0005759,1,0.06666666666666667,15,0.17320799251632188,0.026042360555441225,0.1320754716981132,0.25
1:3,GO:0005764,1,0.06666666666666667,15,0.17320799251632188,0.026042360555441225,0.1320754716981132,0.25
1:3,GO:0005773,1,0.06666666666666667,15,0.17320799251632188,0.026042360555441225,0.1320754716981132,0.25
1:3,GO:0005778,1,0.06666666666666667,15,0.17320799251632188,0.026042360555441225,0.1320754716981132,0.25
1:3,GO:0005794,1,0.06666666666666667,15,0.17320799251632188,0.026042360555441225,0.1320754716981132,0.25
1:3,GO:0005797,1,0.06666666666666667,15,0.17320799251632188,0.026042360555441225,0.1320754716981132,0.25
1:3,GO:0005811,1,0.06666666666666667,15,0.17320799251632188,0.026042360555441225,0.1320754716981132,0.25
1:3,GO:0005839,1,0.06666666666666667,15,0.17320799251632188,0.026042360555441225,0.1320754716981132,0.25
1:3,GO:0005840,1,0.06666666666666667,15,0.17320799251632188,0.026042360555441225,0.1320754716981132,0.25
1:3,GO:0005856,1,0.06666666666666667,15,0.17320799251632188,0.026042360555441225,0.1320754716981132,0.25
1:3,GO:0005874,1,0.06666666666666667,15,0.17320799251632188,0.026042360555441225,0.1320754716981132,0.25
1:3,GO:0005992,1,0.06666666666666667,15,0.17320799251632188,0.026042360555441225,0.1320754716981132,0.25
1:3,GO:0006099,1,0.06666666666666667,15,0.17320799251632188,0.026042360555441225,0.1320754716981132,0.25
1:3,GO:0006260,1,0.06666666666666667,15,0.17320799251632188,0.026042360555441225,0.1320754716981132,0.25
1:3,GO:0006302,1,0.06666666666666667,15,0.17320799251632188,0.026042360555441225,0.1320754716981132,0.25
1:3,GO:0006334,1,0.06666666666666667,15,0.17320799251632188,0.026042360555441225,0.1320754716981132,0.25
1:3,GO:0006338,1,0.06666666666666667,15,0.17320799251632188,0.026042360555441225,0.1320754716981132,0.25
1:3,GO:0006351,1,0.06666666666666667,15,0.17320799251632188,0.026042360555441225,0.1320754716981132,0.25
1:3,GO:0006352,1,0.06666666666666667,15,0.17320799251632188,0.026042360555441225,0.1320754716981132,0.25
1:3,GO:0006364,1,0.06666666666666667,15,0.17320799251632188,0.026042360555441225,0.1320754716981132,0.25
1:3,GO:0006366,1,0.06666666666666667,15,0.17320799251632188,0.026042360555441225,0.1320754716981132,0.25
1:3,GO:0006465,1,0.06666666666666667,15,0.17320799251632188,0.026042360555441225,0.1320754716981132,0.25
1:3,GO:0006487,1,0.06666666666666667,15,0.17320799251632188,0.026042360555441225,0.1320754716981132,0.25
1:3,GO:0006508,1,0.06666666666666667,15,0.17320799251632188,0.026042360555441225,0.1320754716981132,0.25
1:3,GO:0006606,1,0.06666666666666667,15,0.17320799251632188,0.026042360555441225,0.1320754716981132,0.25
1:3,GO:0006612,1,0.06666666666666667,15,0.17320799251632188,0.026042360555441225,0.1320754716981132,0.25
1:3,GO:0006629,1,0.06666666666666667,15,0.17320799251632188,0.026042360555441225,0.1320754716981132,0.25
1:3,GO:0006631,1,0.06666666666666667,15,0.17320799251632188,0.026042360555441225,0.1320754716981132,0.25
1:3,GO:0006635,1,0.06666666666666667,15,0.17320799251632188,0.026042360555441225,0.1320754716981132,0.25
1:3,GO:0006749,1,0.06666666666666667,15,0.17320799251632188,0.026042360555441225,0.1320754716981132,0.25
1:3,GO:0006816,1,0.06666666666666667,15,0.17320799251632188,0.026042360555441225,0.1320754716981132,0.25
1:3,GO:0006887,1,0.06666666666666667,15,0.17320799251632188,0.026042360555441225,0.1320754716981132,0.25
1:3,GO:0006888,1,0.06666666666666667,15,0.17320799251632188,0.026042360555441225,0.1320754716981132,0.25
1:3,GO:0006890,1,0.06666666666666667,15,0.17320799251632188,0.026042360555441225,0.1320754716981132,0.25
1:3,GO:0006897,1,0.06666666666666667,15,0.17320799251632188,0.026042360555441225,0.1320754716981132,0.25
1:3,GO:0006914,1,0.06666666666666667,15,0.17320799251632188,0.026042360555441225,0.1320754716981132,0.25
1:3,GO:0006950,1,0.06666666666666667,15,0.17320799251632188,0.026042360555441225,0.1320754716981132,0.25
1:3,GO:0006974,1,0.06666666666666667,15,0.17320799251632188,0.026042360555441225,0.1320754716981132,0.25
1:3,GO:0006979,1,0.06666666666666667,15,0.17320799251632188,0.026042360555441225,0.1320754716981132,0.25
1:3,GO:0007015,1,0.06666666666666667,15,0.17320799251632188,0.026042360555441225,0.1320754716981132,0.25
1:3,GO:0007018,1,0.06666666666666667,15,0.17320799251632188,0.026042360555441225,0.1320754716981132,0.25
1:3,GO:0007131,1,0.06666666666666667,15,0.17320799251632188,0.026042360555441225,0.1320754716981132,0.25
1:3,GO:0007623,1,0.06666666666666667,15,0.17320799251632188,0.026042360555441225,0.1320754716981132,0.25
1:3,GO:0008104,1,0.06666666666666667,15,0.17320799251632188,0.026042360555441225,0.1320754716981132,0.25
1:3,GO:0008171,1,0.06666666666666667,15,0.17320799251632188,0.026042360555441225,0.1320754716981132,0.25
1:3,GO:0008194,1,0.06666666666666667,15,0.17320799251632188,0.026042360555441225,0.1320754716981132,0.25
1:3,GO:0008289,1,0.06666666666666667,15,0.17320799251632188,0.026042360555441225,0.1320754716981132,0.25
1:3,GO:0008320,1,0.06666666666666667,15,0.17320799251632188,0.026042360555441225,0.1320754716981132,0.25
1:3,GO:0009055,1,0.06666666666666667,15,0.17320799251632188,0.026042360555441225,0.1320754716981132,0.25
1:3,GO:0009266,1,0.06666666666666667,15,0.17320799251632188,0.026042360555441225,0.1320754716981132,0.25
1:3,GO:0009269,1,0.06666666666666667,15,0.17320799251632188,0.026042360555441225,0.1320754716981132,0.25
1:3,GO:0009409,1,0.06666666666666667,15,0.17320799251632188,0.026042360555441225,0.1320754716981132,0.25
1:3,GO:0009414,1,0.06666666666666667,15,0.17320799251632188,0.026042360555441225,0.1320754716981132,0.25
1:3,GO:0009504,1,0.06666666666666667,15,0.17320799251632188,0.026042360555441225,0.1320754716981132,0.25
1:3,GO:0009506,1,0.06666666666666667,15,0.17320799251632188,0.026042360555441225,0.1320754716981132,0.25
1:3,GO:0009535,1,0.06666666666666667,15,0.17320799251632188,0.026042360555441225,0.1320754716981132,0.25
1:3,GO:0009543,1,0.06666666666666667,15,0.17320799251632188,0.026042360555441225,0.1320754716981132,0.25
1:3,GO:0009553,1,0.06666666666666667,15,0.17320799251632188,0.026042360555441225,0.1320754716981132,0.25
1:3,GO:0009556,1,0.06666666666666667,15,0.17320799251632188,0.026042360555441225,0.1320754716981132,0.25
1:3,GO:0009567,1,0.06666666666666667,15,0.17320799251632188,0.026042360555441225,0.1320754716981132,0.25
1:3,GO:0009585,1,0.06666666666666667,15,0.17320799251632188,0.026042360555441225,0.1320754716981132,0.25
1:3,GO:0009615,1,0.06666666666666667,15,0.17320799251632188,0.026042360555441225,0.1320754716981132,0.25
1:3,GO:0009617,1,0.06666666666666667,15,0.17320799251632188,0.026042360555441225,0.1320754716981132,0.25
1:3,GO:0009624,1,0.06666666666666667,15,0.17320799251632188,0.026042360555441225,0.1320754716981132,0.25
1:3,GO:0009626,1,0.06666666666666667,15,0.17320799251632188,0.026042360555441225,0.1320754716981132,0.25
1:3,GO:0009627,1,0.06666666666666667,15,0.17320799251632188,0.026042360555441225,0.1320754716981132,0.25
1:3,GO:0009639,1,0.06666666666666667,15,0.17320799251632188,0.026042360555441225,0.1320754716981132,0.25
1:3,GO:0009640,1,0.06666666666666667,15,0.17320799251632188,0.026042360555441225,0.1320754716981132,0.25
1:3,GO:0009646,1,0.06666666666666667,15,0.17320799251632188,0.026042360555441225,0.1320754716981132,0.25
1:3,GO:0009651,1,0.06666666666666667,15,0.17320799251632188,0.026042360555441225,0.1320754716981132,0.25
1:3,GO:0009682,1,0.06666666666666667,15,0.17320799251632188,0.026042360555441225,0.1320754716981132,0.25
1:3,GO:0009686,1,0.06666666666666667,15,0.17320799251632188,0.026042360555441225,0.1320754716981132,0.25
1:3,GO:0009691,1,0.06666666666666667,15,0.17320799251632188,0.026042360555441225,0.1320754716981132,0.25
1:3,GO:0009707,1,0.06666666666666667,15,0.17320799251632188,0.026042360555441225,0.1320754716981132,0.25
1:3,GO:0009751,1,0.06666666666666667,15,0.17320799251632188,0.026042360555441225,0.1320754716981132,0.25
1:3,GO:0009788,1,0.06666666666666667,15,0.17320799251632188,0.026042360555441225,0.1320754716981132,0.25
1:3,GO:0009789,1,0.06666666666666667,15,0.17320799251632188,0.026042360555441225,0.1320754716981132,0.25
1:3,GO:0009791,1,0.06666666666666667,15,0.17320799251632188,0.026042360555441225,0.1320754716981132,0.25
1:3,GO:0009813,1,0.06666666666666667,15,0.17320799251632188,0.026042360555441225,0.1320754716981132,0.25
1:3,GO:0009825,1,0.06666666666666667,15,0.17320799251632188,0.026042360555441225,0.1320754716981132,0.25
1:3,GO:0009828,1,0.06666666666666667,15,0.17320799251632188,0.026042360555441225,0.1320754716981132,0.25
1:3,GO:0009863,1,0.06666666666666667,15,0.17320799251632188,0.026042360555441225,0.1320754716981132,0.25
1:3,GO:0009867,1,0.06666666666666667,15,0.17320799251632188,0.026042360555441225,0.1320754716981132,0.25
1:3,GO:0009873,1,0.06666666666666667,15,0.17320799251632188,0.026042360555441225,0.1320754716981132,0.25
1:3,GO:0009903,1,0.06666666666666667,15,0.17320799251632188,0.026042360555441225,0.1320754716981132,0.25
1:3,GO:0009941,1,0.06666666666666667,15,0.17320799251632188,0.026042360555441225,0.1320754716981132,0.25
1:3,GO:0009944,1,0.06666666666666667,15,0.17320799251632188,0.026042360555441225,0.1320754716981132,0.25
1:3,GO:0009960,1,0.06666666666666667,15,0.17320799251632188,0.026042360555441225,0.1320754716981132,0.25
1:3,GO:0009965,1,0.06666666666666667,15,0.17320799251632188,0.026042360555441225,0.1320754716981132,0.25
1:3,GO:0009970,1,0.06666666666666667,15,0.17320799251632188,0.026042360555441225,0.1320754716981132,0.25
1:3,GO:0010017,1,0.06666666666666667,15,0.17320799251632188,0.026042360555441225,0.1320754716981132,0.25
1:3,GO:0010029,1,0.06666666666666667,15,0.17320799251632188,0.026042360555441225,0.1320754716981132,0.25
1:3,GO:0010039,1,0.06666666666666667,15,0.17320799251632188,0.026042360555441225,0.1320754716981132,0.25
1:3,GO:0010043,1,0.06666666666666667,15,0.17320799251632188,0.026042360555441225,0.1320754716981132,0.25
1:3,GO:0010053,1,0.06666666666666667,15,0.17320799251632188,0.026042360555441225,0.1320754716981132,0.25
1:3,GO:0010075,1,0.06666666666666667,15,0.17320799251632188,0.026042360555441225,0.1320754716981132,0.25
1:3,GO:0010078,1,0.06666666666666667,15,0.17320799251632188,0.026042360555441225,0.1320754716981132,0.25
1:3,GO:0010088,1,0.06666666666666667,15,0.17320799251632188,0.026042360555441225,0.1320754716981132,0.25
1:3,GO:0010089,1,0.06666666666666667,15,0.17320799251632188,0.026042360555441225,0.1320754716981132,0.25
1:3,GO:0010091,1,0.06666666666666667,15,0.17320799251632188,0.026042360555441225,0.1320754716981132,0.25
1:3,GO:0010118,1,0.06666666666666667,15,0.17320799251632188,0.026042360555441225,0.1320754716981132,0.25
1:3,GO:0010150,1,0.06666666666666667,15,0.17320799251632188,0.026042360555441225,0.1320754716981132,0.25
1:3,GO:0010162,1,0.06666666666666667,15,0.17320799251632188,0.026042360555441225,0.1320754716981132,0.25
1:3,GO:0010167,1,0.06666666666666667,15,0.17320799251632188,0.026042360555441225,0.1320754716981132,0.25
1:3,GO:0010224,1,0.06666666666666667,15,0.17320799251632188,0.026042360555441225,0.1320754716981132,0.25
1:3,GO:0010228,1,0.06666666666666667,15,0.17320799251632188,0.026042360555441225,0.1320754716981132,0.25
1:3,GO:0010268,1,0.06666666666666667,15,0.17320799251632188,0.026042360555441225,0.1320754716981132,0.25
1:3,GO:0010305,1,0.06666666666666667,15,0.17320799251632188,0.026042360555441225,0.1320754716981132,0.25
1:3,GO:0010468,1,0.06666666666666667,15,0.17320799251632188,0.026042360555441225,0.1320754716981132,0.25
1:3,GO:0010555,1,0.06666666666666667,15,0.17320799251632188,0.026042360555441225,0.1320754716981132,0.25
1:3,GO:0010628,1,0.06666666666666667,15,0.17320799251632188,0.026042360555441225,0.1320754716981132,0.25
1:3,GO:0010629,1,0.06666666666666667,15,0.17320799251632188,0.026042360555441225,0.1320754716981132,0.25
1:3,GO:0012505,1,0.06666666666666667,15,0.17320799251632188,0.026042360555441225,0.1320754716981132,0.25
1:3,GO:0015020,1,0.06666666666666667,15,0.17320799251632188,0.026042360555441225,0.1320754716981132,0.25
1:3,GO:0015031,1,0.06666666666666667,15,0.17320799251632188,0.026042360555441225,0.1320754716981132,0.25
1:3,GO:0015035,1,0.06666666666666667,15,0.17320799251632188,0.026042360555441225,0.1320754716981132,0.25
1:3,GO:0015144,1,0.06666666666666667,15,0.17320799251632188,0.026042360555441225,0.1320754716981132,0.25
1:3,GO:0015250,1,0.06666666666666667,15,0.17320799251632188,0.026042360555441225,0.1320754716981132,0.25
1:3,GO:0015297,1,0.06666666666666667,15,0.17320799251632188,0.026042360555441225,0.1320754716981132,0.25
1:3,GO:0015630,1,0.06666666666666667,15,0.17320799251632188,0.026042360555441225,0.1320754716981132,0.25
1:3,GO:0015706,1,0.06666666666666667,15,0.17320799251632188,0.026042360555441225,0.1320754716981132,0.25
1:3,GO:0016036,1,0.06666666666666667,15,0.17320799251632188,0.026042360555441225,0.1320754716981132,0.25
1:3,GO:0016132,1,0.06666666666666667,15,0.17320799251632188,0.026042360555441225,0.1320754716981132,0.25
1:3,GO:0016251,1,0.06666666666666667,15,0.17320799251632188,0.026042360555441225,0.1320754716981132,0.25
1:3,GO:0016324,1,0.06666666666666667,15,0.17320799251632188,0.026042360555441225,0.1320754716981132,0.25
1:3,GO:0016413,1,0.06666666666666667,15,0.17320799251632188,0.026042360555441225,0.1320754716981132,0.25
1:3,GO:0016491,1,0.06666666666666667,15,0.17320799251632188,0.026042360555441225,0.1320754716981132,0.25
1:3,GO:0016592,1,0.06666666666666667,15,0.17320799251632188,0.026042360555441225,0.1320754716981132,0.25
1:3,GO:0016602,1,0.06666666666666667,15,0.17320799251632188,0.026042360555441225,0.1320754716981132,0.25
1:3,GO:0016604,1,0.06666666666666667,15,0.17320799251632188,0.026042360555441225,0.1320754716981132,0.25
1:3,GO:0016709,1,0.06666666666666667,15,0.17320799251632188,0.026042360555441225,0.1320754716981132,0.25
1:3,GO:0016788,1,0.06666666666666667,15,0.17320799251632188,0.026042360555441225,0.1320754716981132,0.25
1:3,GO:0017148,1,0.06666666666666667,15,0.17320799251632188,0.026042360555441225,0.1320754716981132,0.25
1:3,GO:0019005,1,0.06666666666666667,15,0.17320799251632188,0.026042360555441225,0.1320754716981132,0.25
1:3,GO:0019432,1,0.06666666666666667,15,0.17320799251632188,0.026042360555441225,0.1320754716981132,0.25
1:3,GO:0019953,1,0.06666666666666667,15,0.17320799251632188,0.026042360555441225,0.1320754716981132,0.25
1:3,GO:0022627,1,0.06666666666666667,15,0.17320799251632188,0.026042360555441225,0.1320754716981132,0.25
1:3,GO:0030170,1,0.06666666666666667,15,0.17320799251632188,0.026042360555441225,0.1320754716981132,0.25
1:3,GO:0030422,1,0.06666666666666667,15,0.17320799251632188,0.026042360555441225,0.1320754716981132,0.25
1:3,GO:0030527,1,0.06666666666666667,15,0.17320799251632188,0.026042360555441225,0.1320754716981132,0.25
1:3,GO:0031011,1,0.06666666666666667,15,0.17320799251632188,0.026042360555441225,0.1320754716981132,0.25
1:3,GO:0031201,1,0.06666666666666667,15,0.17320799251632188,0.026042360555441225,0.1320754716981132,0.25
1:3,GO:0031386,1,0.06666666666666667,15,0.17320799251632188,0.026042360555441225,0.1320754716981132,0.25
1:3,GO:0031625,1,0.06666666666666667,15,0.17320799251632188,0.026042360555441225,0.1320754716981132,0.25
1:3,GO:0031966,1,0.06666666666666667,15,0.17320799251632188,0.026042360555441225,0.1320754716981132,0.25
1:3,GO:0031969,1,0.06666666666666667,15,0.17320799251632188,0.026042360555441225,0.1320754716981132,0.25
1:3,GO:0032259,1,0.06666666666666667,15,0.17320799251632188,0.026042360555441225,0.1320754716981132,0.25
1:3,GO:0032543,1,0.06666666666666667,15,0.17320799251632188,0.026042360555441225,0.1320754716981132,0.25
1:3,GO:0033612,1,0.06666666666666667,15,0.17320799251632188,0.026042360555441225,0.1320754716981132,0.25
1:3,GO:0034063,1,0.06666666666666667,15,0.17320799251632188,0.026042360555441225,0.1320754716981132,0.25
1:3,GO:0034599,1,0.06666666666666667,15,0.17320799251632188,0.026042360555441225,0.1320754716981132,0.25
1:3,GO:0034605,1,0.06666666666666667,15,0.17320799251632188,0.026042360555441225,0.1320754716981132,0.25
1:3,GO:0035195,1,0.06666666666666667,15,0.17320799251632188,0.026042360555441225,0.1320754716981132,0.25
1:3,GO:0035251,1,0.06666666666666667,15,0.17320799251632188,0.026042360555441225,0.1320754716981132,0.25
1:3,GO:0038023,1,0.06666666666666667,15,0.17320799251632188,0.026042360555441225,0.1320754716981132,0.25
1:3,GO:0042054,1,0.06666666666666667,15,0.17320799251632188,0.026042360555441225,0.1320754716981132,0.25
1:3,GO:0042127,1,0.06666666666666667,15,0.17320799251632188,0.026042360555441225,0.1320754716981132,0.25
1:3,GO:0042393,1,0.06666666666666667,15,0.17320799251632188,0.026042360555441225,0.1320754716981132,0.25
1:3,GO:0042651,1,0.06666666666666667,15,0.17320799251632188,0.026042360555441225,0.1320754716981132,0.25
1:3,GO:0042742,1,0.06666666666666667,15,0.17320799251632188,0.026042360555441225,0.1320754716981132,0.25
1:3,GO:0042744,1,0.06666666666666667,15,0.17320799251632188,0.026042360555441225,0.1320754716981132,0.25
1:3,GO:0042761,1,0.06666666666666667,15,0.17320799251632188,0.026042360555441225,0.1320754716981132,0.25
1:3,GO:0042973,1,0.06666666666666667,15,0.17320799251632188,0.026042360555441225,0.1320754716981132,0.25
1:3,GO:0043130,1,0.06666666666666667,15,0.17320799251632188,0.026042360555441225,0.1320754716981132,0.25
1:3,GO:0043161,1,0.06666666666666667,15,0.17320799251632188,0.026042360555441225,0.1320754716981132,0.25
1:3,GO:0043622,1,0.06666666666666667,15,0.17320799251632188,0.026042360555441225,0.1320754716981132,0.25
1:3,GO:0044024,1,0.06666666666666667,15,0.17320799251632188,0.026042360555441225,0.1320754716981132,0.25
1:3,GO:0044183,1,0.06666666666666667,15,0.17320799251632188,0.026042360555441225,0.1320754716981132,0.25
1:3,GO:0045037,1,0.06666666666666667,15,0.17320799251632188,0.026042360555441225,0.1320754716981132,0.25
1:3,GO:0045088,1,0.06666666666666667,15,0.17320799251632188,0.026042360555441225,0.1320754716981132,0.25
1:3,GO:0045259,1,0.06666666666666667,15,0.17320799251632188,0.026042360555441225,0.1320754716981132,0.25
1:3,GO:0045292,1,0.06666666666666667,15,0.17320799251632188,0.026042360555441225,0.1320754716981132,0.25
1:3,GO:0045490,1,0.06666666666666667,15,0.17320799251632188,0.026042360555441225,0.1320754716981132,0.25
1:3,GO:0045944,1,0.06666666666666667,15,0.17320799251632188,0.026042360555441225,0.1320754716981132,0.25
1:3,GO:0046540,1,0.06666666666666667,15,0.17320799251632188,0.026042360555441225,0.1320754716981132,0.25
1:3,GO:0046686,1,0.06666666666666667,15,0.17320799251632188,0.026042360555441225,0.1320754716981132,0.25
1:3,GO:0046854,1,0.06666666666666667,15,0.17320799251632188,0.026042360555441225,0.1320754716981132,0.25
1:3,GO:0046856,1,0.06666666666666667,15,0.17320799251632188,0.026042360555441225,0.1320754716981132,0.25
1:3,GO:0046872,1,0.06666666666666667,15,0.17320799251632188,0.026042360555441225,0.1320754716981132,0.25
1:3,GO:0046873,1,0.06666666666666667,15,0.17320799251632188,0.026042360555441225,0.1320754716981132,0.25
1:3,GO:0046983,1,0.06666666666666667,15,0.17320799251632188,0.026042360555441225,0.1320754716981132,0.25
1:3,GO:0048046,1,0.06666666666666667,15,0.17320799251632188,0.026042360555441225,0.1320754716981132,0.25
1:3,GO:0048527,1,0.06666666666666667,15,0.17320799251632188,0.026042360555441225,0.1320754716981132,0.25
1:3,GO:0048574,1,0.06666666666666667,15,0.17320799251632188,0.026042360555441225,0.1320754716981132,0.25
1:3,GO:0048653,1,0.06666666666666667,15,0.17320799251632188,0.026042360555441225,0.1320754716981132,0.25
1:3,GO:0048766,1,0.06666666666666667,15,0.17320799251632188,0.026042360555441225,0.1320754716981132,0.25
1:3,GO:0048767,1,0.06666666666666667,15,0.17320799251632188,0.026042360555441225,0.1320754716981132,0.25
1:3,GO:0048768,1,0.06666666666666667,15,0.17320799251632188,0.026042360555441225,0.1320754716981132,0.25
1:3,GO:0048825,1,0.06666666666666667,15,0.17320799251632188,0.026042360555441225,0.1320754716981132,0.25
1:3,GO:0050660,1,0.06666666666666667,15,0.17320799251632188,0.026042360555441225,0.1320754716981132,0.25
1:3,GO:0050821,1,0.06666666666666667,15,0.17320799251632188,0.026042360555441225,0.1320754716981132,0.25
1:3,GO:0050832,1,0.06666666666666667,15,0.17320799251632188,0.026042360555441225,0.1320754716981132,0.25
1:3,GO:0051082,1,0.06666666666666667,15,0.17320799251632188,0.026042360555441225,0.1320754716981132,0.25
1:3,GO:0051087,1,0.06666666666666667,15,0.17320799251632188,0.026042360555441225,0.1320754716981132,0.25
1:3,GO:0051321,1,0.06666666666666667,15,0.17320799251632188,0.026042360555441225,0.1320754716981132,0.25
1:3,GO:0051726,1,0.06666666666666667,15,0.17320799251632188,0.026042360555441225,0.1320754716981132,0.25
1:3,GO:0055028,1,0.06666666666666667,15,0.17320799251632188,0.026042360555441225,0.1320754716981132,0.25
1:3,GO:0061025,1,0.06666666666666667,15,0.17320799251632188,0.026042360555441225,0.1320754716981132,0.25
1:3,GO:0070588,1,0.06666666666666667,15,0.17320799251632188,0.026042360555441225,0.1320754716981132,0.25
1:3,GO:0071555,1,0.06666666666666667,15,0.17320799251632188,0.026042360555441225,0.1320754716981132,0.25
1:3,GO:0071577,1,0.06666666666666667,15,0.17320799251632188,0.026042360555441225,0.1320754716981132,0.25
1:3,GO:0071944,1,0.06666666666666667,15,0.17320799251632188,0.026042360555441225,0.1320754716981132,0.25
1:3,GO:0072583,1,0.06666666666666667,15,0.17320799251632188,0.026042360555441225,0.1320754716981132,0.25
1:3,GO:0080008,1,0.06666666666666667,15,0.17320799251632188,0.026042360555441225,0.1320754716981132,0.25
1:3,GO:0080043,1,0.06666666666666667,15,0.17320799251632188,0.026042360555441225,0.1320754716981132,0.25
1:3,GO:0080155,1,0.06666666666666667,15,0.17320799251632188,0.026042360555441225,0.1320754716981132,0.25
1:3,GO:0090332,1,0.06666666666666667,15,0.17320799251632188,0.026042360555441225,0.1320754716981132,0.25
1:3,GO:0090404,1,0.06666666666666667,15,0.17320799251632188,0.026042360555441225,0.1320754716981132,0.25
1:3,GO:0090406,1,0.06666666666666667,15,0.17320799251632188,0.026042360555441225,0.1320754716981132,0.25
1:3,GO:0097602,1,0.06666666666666667,15,0.17320799251632188,0.026042360555441225,0.1320754716981132,0.25
1:3,GO:0099503,1,0.06666666666666667,15,0.17320799251632188,0.026042360555441225,0.1320754716981132,0.25
1:3,GO:0160062,1,0.06666666666666667,15,0.17320799251632188,0.026042360555441225,0.1320754716981132,0.25
1:3,GO:1900057,1,0.06666666666666667,15,0.17320799251632188,0.026042360555441225,0.1320754716981132,0.25
1:3,GO:1902600,1,0.06666666666666667,15,0.17320799251632188,0.026042360555441225,0.1320754716981132,0.25
1:3,GO:1905392,1,0.06666666666666667,15,0.17320799251632188,0.026042360555441225,0.1320754716981132,0.25
1:3,GO:2000008,1,0.06666666666666667,15,0.17320799251632188,0.026042360555441225,0.1320754716981132,0.25
1:3,GO:2000012,1,0.06666666666666667,15,0.17320799251632188,0.026042360555441225,0.1320754716981132,0.25
1:3,GO:2000022,1,0.06666666666666667,15,0.17320799251632188,0.026042360555441225,0.1320754716981132,0.25
1:3,GO:2000280,1,0.06666666666666667,15,0.17320799251632188,0.026042360555441225,0.1320754716981132,0.25
1:4,GO:0003700,15,1.0,15,0.16341454491180132,0.03152267242219859,0.10091743119266056,0.25
1:4,GO:0005737,15,1.0,15,0.16341454491180132,0.03152267242219859,0.10091743119266056,0.25
1:4,GO:0006355,15,1.0,15,0.16341454491180132,0.03152267242219859,0.10091743119266056,0.25
1:4,GO:0006412,15,1.0,15,0.16341454491180132,0.03152267242219859,0.10091743119266056,0.25
1:4,GO:0008150,15,1.0,15,0.16341454491180132,0.03152267242219859,0.10091743119266056,0.25
1:4,GO:0009507,15,1.0,15,0.16341454491180132,0.03152267242219859,0.10091743119266056,0.25
1:4,GO:0006414,14,0.9333333333333333,15,0.16341454491180132,0.03152267242219859,0.10091743119266056,0.25
1:4,GO:0007165,14,0.9333333333333333,15,0.16341454491180132,0.03152267242219859,0.10091743119266056,0.25
1:4,GO:0030533,14,0.9333333333333333,15,0.16341454491180132,0.03152267242219859,0.10091743119266056,0.25
1:4,GO:0000976,12,0.8,15,0.16341454491180132,0.03152267242219859,0.10091743119266056,0.25
1:4,GO:0005575,12,0.8,15,0.16341454491180132,0.03152267242219859,0.10091743119266056,0.25
1:4,GO:0004674,10,0.6666666666666666,15,0.16341454491180132,0.03152267242219859,0.10091743119266056,0.25
1:4,GO:0005829,10,0.6666666666666666,15,0.16341454491180132,0.03152267242219859,0.10091743119266056,0.25
1:4,GO:0055085,10,0.6666666666666666,15,0.16341454491180132,0.03152267242219859,0.10091743119266056,0.25
1:4,GO:0003723,9,0.6,15,0.16341454491180132,0.03152267242219859,0.10091743119266056,0.25
1:4,GO:0003729,8,0.5333333333333333,15,0.16341454491180132,0.03152267242219859,0.10091743119266056,0.25
1:4,GO:0003735,8,0.5333333333333333,15,0.16341454491180132,0.03152267242219859,0.10091743119266056,0.25
1:4,GO:0005739,8,0.5333333333333333,15,0.16341454491180132,0.03152267242219859,0.10091743119266056,0.25
1:4,GO:0006357,8,0.5333333333333333,15,0.16341454491180132,0.03152267242219859,0.10091743119266056,0.25
1:4,GO:0004672,7,0.4666666666666667,15,0.16341454491180132,0.03152267242219859,0.10091743119266056,0.25
1:4,GO:0005794,7,0.4666666666666667,15,0.16341454491180132,0.03152267242219859,0.10091743119266056,0.25
1:4,GO:0016757,7,0.4666666666666667,15,0.16341454491180132,0.03152267242219859,0.10091743119266056,0.25
1:4,GO:0005576,6,0.4,15,0.16341454491180132,0.03152267242219859,0.10091743119266056,0.25
1:4,GO:0016020,6,0.4,15,0.16341454491180132,0.03152267242219859,0.10091743119266056,0.25
1:4,GO:0043565,6,0.4,15,0.16341454491180132,0.03152267242219859,0.10091743119266056,0.25
1:4,GO:0000978,5,0.3333333333333333,15,0.16341454491180132,0.03152267242219859,0.10091743119266056,0.25
1:4,GO:0004842,5,0.3333333333333333,15,0.16341454491180132,0.03152267242219859,0.10091743119266056,0.25
1:4,GO:0005802,5,0.3333333333333333,15,0.16341454491180132,0.03152267242219859,0.10091743119266056,0.25
1:4,GO:0005886,5,0.3333333333333333,15,0.16341454491180132,0.03152267242219859,0.10091743119266056,0.25
1:4,GO:0006952,5,0.3333333333333333,15,0.16341454491180132,0.03152267242219859,0.10091743119266056,0.25
1:4,GO:0009651,5,0.3333333333333333,15,0.16341454491180132,0.03152267242219859,0.10091743119266056,0.25
1:4,GO:0016567,5,0.3333333333333333,15,0.16341454491180132,0.03152267242219859,0.10091743119266056,0.25
1:4,GO:0035556,5,0.3333333333333333,15,0.16341454491180132,0.03152267242219859,0.10091743119266056,0.25
1:4,GO:0061630,5,0.3333333333333333,15,0.16341454491180132,0.03152267242219859,0.10091743119266056,0.25
1:4,GO:0003677,4,0.26666666666666666,15,0.16341454491180132,0.03152267242219859,0.10091743119266056,0.25
1:4,GO:0005515,4,0.26666666666666666,15,0.16341454491180132,0.03152267242219859,0.10091743119266056,0.25
1:4,GO:0005525,4,0.26666666666666666,15,0.16341454491180132,0.03152267242219859,0.10091743119266056,0.25
1:4,GO:0005777,4,0.26666666666666666,15,0.16341454491180132,0.03152267242219859,0.10091743119266056,0.25
1:4,GO:0022857,4,0.26666666666666666,15,0.16341454491180132,0.03152267242219859,0.10091743119266056,0.25
1:4,GO:0032502,4,0.26666666666666666,15,0.16341454491180132,0.03152267242219859,0.10091743119266056,0.25
1:4,GO:0000045,3,0.2,15,0.16341454491180132,0.03152267242219859,0.10091743119266056,0.25
1:4,GO:0000118,3,0.2,15,0.16341454491180132,0.03152267242219859,0.10091743119266056,0.25
1:4,GO:0000151,3,0.2,15,0.16341454491180132,0.03152267242219859,0.10091743119266056,0.25
1:4,GO:0000981,3,0.2,15,0.16341454491180132,0.03152267242219859,0.10091743119266056,0.25
1:4,GO:0002237,3,0.2,15,0.16341454491180132,0.03152267242219859,0.10091743119266056,0.25
1:4,GO:0003755,3,0.2,15,0.16341454491180132,0.03152267242219859,0.10091743119266056,0.25
1:4,GO:0004252,3,0.2,15,0.16341454491180132,0.03152267242219859,0.10091743119266056,0.25
1:4,GO:0004857,3,0.2,15,0.16341454491180132,0.03152267242219859,0.10091743119266056,0.25
1:4,GO:0005768,3,0.2,15,0.16341454491180132,0.03152267242219859,0.10091743119266056,0.25
1:4,GO:0005771,3,0.2,15,0.16341454491180132,0.03152267242219859,0.10091743119266056,0.25
1:4,GO:0006096,3,0.2,15,0.16341454491180132,0.03152267242219859,0.10091743119266056,0.25
1:4,GO:0006281,3,0.2,15,0.16341454491180132,0.03152267242219859,0.10091743119266056,0.25
1:4,GO:0006468,3,0.2,15,0.16341454491180132,0.03152267242219859,0.10091743119266056,0.25
1:4,GO:0006487,3,0.2,15,0.16341454491180132,0.03152267242219859,0.10091743119266056,0.25
1:4,GO:0006511,3,0.2,15,0.16341454491180132,0.03152267242219859,0.10091743119266056,0.25
1:4,GO:0008017,3,0.2,15,0.16341454491180132,0.03152267242219859,0.10091743119266056,0.25
1:4,GO:0008270,3,0.2,15,0.16341454491180132,0.03152267242219859,0.10091743119266056,0.25
1:4,GO:0009536,3,0.2,15,0.16341454491180132,0.03152267242219859,0.10091743119266056,0.25
1:4,GO:0009570,3,0.2,15,0.16341454491180132,0.03152267242219859,0.10091743119266056,0.25
1:4,GO:0009739,3,0.2,15,0.16341454491180132,0.03152267242219859,0.10091743119266056,0.25
1:4,GO:0009793,3,0.2,15,0.16341454491180132,0.03152267242219859,0.10091743119266056,0.25
1:4,GO:0010043,3,0.2,15,0.16341454491180132,0.03152267242219859,0.10091743119266056,0.25
1:4,GO:0010162,3,0.2,15,0.16341454491180132,0.03152267242219859,0.10091743119266056,0.25
1:4,GO:0015385,3,0.2,15,0.16341454491180132,0.03152267242219859,0.10091743119266056,0.25
1:4,GO:0016192,3,0.2,15,0.16341454491180132,0.03152267242219859,0.10091743119266056,0.25
1:4,GO:0016301,3,0.2,15,0.16341454491180132,0.03152267242219859,0.10091743119266056,0.25
1:4,GO:0016887,3,0.2,15,0.16341454491180132,0.03152267242219859,0.10091743119266056,0.25
1:4,GO:0019005,3,0.2,15,0.16341454491180132,0.03152267242219859,0.10091743119266056,0.25
1:4,GO:0022625,3,0.2,15,0.16341454491180132,0.03152267242219859,0.10091743119266056,0.25
1:4,GO:0030599,3,0.2,15,0.16341454491180132,0.03152267242219859,0.10091743119266056,0.25
1:4,GO:0031201,3,0.2,15,0.16341454491180132,0.03152267242219859,0.10091743119266056,0.25
1:4,GO:0042545,3,0.2,15,0.16341454491180132,0.03152267242219859,0.10091743119266056,0.25
1:4,GO:0042546,3,0.2,15,0.16341454491180132,0.03152267242219859,0.10091743119266056,0.25
1:4,GO:0042742,3,0.2,15,0.16341454491180132,0.03152267242219859,0.10091743119266056,0.25
1:4,GO:0045893,3,0.2,15,0.16341454491180132,0.03152267242219859,0.10091743119266056,0.25
1:4,GO:0051082,3,0.2,15,0.16341454491180132,0.03152267242219859,0.10091743119266056,0.25
1:4,GO:0080022,3,0.2,15,0.16341454491180132,0.03152267242219859,0.10091743119266056,0.25
1:4,GO:0000145,2,0.13333333333333333,15,0.16341454491180132,0.03152267242219859,0.10091743119266056,0.25
1:4,GO:0000226,2,0.13333333333333333,15,0.16341454491180132,0.03152267242219859,0.10091743119266056,0.25
1:4,GO:0000398,2,0.13333333333333333,15,0.16341454491180132,0.03152267242219859,0.10091743119266056,0.25
1:4,GO:0000932,2,0.13333333333333333,15,0.16341454491180132,0.03152267242219859,0.10091743119266056,0.25
1:4,GO:0003676,2,0.13333333333333333,15,0.16341454491180132,0.03152267242219859,0.10091743119266056,0.25
1:4,GO:0003690,2,0.13333333333333333,15,0.16341454491180132,0.03152267242219859,0.10091743119266056,0.25
1:4,GO:0003713,2,0.13333333333333333,15,0.16341454491180132,0.03152267242219859,0.10091743119266056,0.25
1:4,GO:0003724,2,0.13333333333333333,15,0.16341454491180132,0.03152267242219859,0.10091743119266056,0.25
1:4,GO:0003743,2,0.13333333333333333,15,0.16341454491180132,0.03152267242219859,0.10091743119266056,0.25
1:4,GO:0003924,2,0.13333333333333333,15,0.16341454491180132,0.03152267242219859,0.10091743119266056,0.25
1:4,GO:0003954,2,0.13333333333333333,15,0.16341454491180132,0.03152267242219859,0.10091743119266056,0.25
1:4,GO:0004190,2,0.13333333333333333,15,0.16341454491180132,0.03152267242219859,0.10091743119266056,0.25
1:4,GO:0004222,2,0.13333333333333333,15,0.16341454491180132,0.03152267242219859,0.10091743119266056,0.25
1:4,GO:0004707,2,0.13333333333333333,15,0.16341454491180132,0.03152267242219859,0.10091743119266056,0.25
1:4,GO:0004712,2,0.13333333333333333,15,0.16341454491180132,0.03152267242219859,0.10091743119266056,0.25
1:4,GO:0005315,2,0.13333333333333333,15,0.16341454491180132,0.03152267242219859,0.10091743119266056,0.25
1:4,GO:0005385,2,0.13333333333333333,15,0.16341454491180132,0.03152267242219859,0.10091743119266056,0.25
1:4,GO:0005484,2,0.13333333333333333,15,0.16341454491180132,0.03152267242219859,0.10091743119266056,0.25
1:4,GO:0005759,2,0.13333333333333333,15,0.16341454491180132,0.03152267242219859,0.10091743119266056,0.25
1:4,GO:0005783,2,0.13333333333333333,15,0.16341454491180132,0.03152267242219859,0.10091743119266056,0.25
1:4,GO:0006310,2,0.13333333333333333,15,0.16341454491180132,0.03152267242219859,0.10091743119266056,0.25
1:4,GO:0006364,2,0.13333333333333333,15,0.16341454491180132,0.03152267242219859,0.10091743119266056,0.25
1:4,GO:0006470,2,0.13333333333333333,15,0.16341454491180132,0.03152267242219859,0.10091743119266056,0.25
1:4,GO:0006629,2,0.13333333333333333,15,0.16341454491180132,0.03152267242219859,0.10091743119266056,0.25
1:4,GO:0006635,2,0.13333333333333333,15,0.16341454491180132,0.03152267242219859,0.10091743119266056,0.25
1:4,GO:0006816,2,0.13333333333333333,15,0.16341454491180132,0.03152267242219859,0.10091743119266056,0.25
1:4,GO:0006879,2,0.13333333333333333,15,0.16341454491180132,0.03152267242219859,0.10091743119266056,0.25
1:4,GO:0006887,2,0.13333333333333333,15,0.16341454491180132,0.03152267242219859,0.10091743119266056,0.25
1:4,GO:0006888,2,0.13333333333333333,15,0.16341454491180132,0.03152267242219859,0.10091743119266056,0.25
1:4,GO:0006900,2,0.13333333333333333,15,0.16341454491180132,0.03152267242219859,0.10091743119266056,0.25
1:4,GO:0007015,2,0.13333333333333333,15,0.16341454491180132,0.03152267242219859,0.10091743119266056,0.25
1:4,GO:0007166,2,0.13333333333333333,15,0.16341454491180132,0.03152267242219859,0.10091743119266056,0.25
1:4,GO:0007267,2,0.13333333333333333,15,0.16341454491180132,0.03152267242219859,0.10091743119266056,0.25
1:4,GO:0008139,2,0.13333333333333333,15,0.16341454491180132,0.03152267242219859,0.10091743119266056,0.25
1:4,GO:0008171,2,0.13333333333333333,15,0.16341454491180132,0.03152267242219859,0.10091743119266056,0.25
1:4,GO:0008266,2,0.13333333333333333,15,0.16341454491180132,0.03152267242219859,0.10091743119266056,0.25
1:4,GO:0008320,2,0.13333333333333333,15,0.16341454491180132,0.03152267242219859,0.10091743119266056,0.25
1:4,GO:0008483,2,0.13333333333333333,15,0.16341454491180132,0.03152267242219859,0.10091743119266056,0.25
1:4,GO:0009055,2,0.13333333333333333,15,0.16341454491180132,0.03152267242219859,0.10091743119266056,0.25
1:4,GO:0009409,2,0.13333333333333333,15,0.16341454491180132,0.03152267242219859,0.10091743119266056,0.25
1:4,GO:0009535,2,0.13333333333333333,15,0.16341454491180132,0.03152267242219859,0.10091743119266056,0.25
1:4,GO:0009611,2,0.13333333333333333,15,0.16341454491180132,0.03152267242219859,0.10091743119266056,0.25
1:4,GO:0009620,2,0.13333333333333333,15,0.16341454491180132,0.03152267242219859,0.10091743119266056,0.25
1:4,GO:0009627,2,0.13333333333333333,15,0.16341454491180132,0.03152267242219859,0.10091743119266056,0.25
1:4,GO:0009630,2,0.13333333333333333,15,0.16341454491180132,0.03152267242219859,0.10091743119266056,0.25
1:4,GO:0009686,2,0.13333333333333333,15,0.16341454491180132,0.03152267242219859,0.10091743119266056,0.25
1:4,GO:0009737,2,0.13333333333333333,15,0.16341454491180132,0.03152267242219859,0.10091743119266056,0.25
1:4,GO:0009738,2,0.13333333333333333,15,0.16341454491180132,0.03152267242219859,0.10091743119266056,0.25
1:4,GO:0009788,2,0.13333333333333333,15,0.16341454491180132,0.03152267242219859,0.10091743119266056,0.25
1:4,GO:0009833,2,0.13333333333333333,15,0.16341454491180132,0.03152267242219859,0.10091743119266056,0.25
1:4,GO:0009867,2,0.13333333333333333,15,0.16341454491180132,0.03152267242219859,0.10091743119266056,0.25
1:4,GO:0010078,2,0.13333333333333333,15,0.16341454491180132,0.03152267242219859,0.10091743119266056,0.25
1:4,GO:0010082,2,0.13333333333333333,15,0.16341454491180132,0.03152267242219859,0.10091743119266056,0.25
1:4,GO:0010262,2,0.13333333333333333,15,0.16341454491180132,0.03152267242219859,0.10091743119266056,0.25
1:4,GO:0010411,2,0.13333333333333333,15,0.16341454491180132,0.03152267242219859,0.10091743119266056,0.25
1:4,GO:0010468,2,0.13333333333333333,15,0.16341454491180132,0.03152267242219859,0.10091743119266056,0.25
1:4,GO:0010584,2,0.13333333333333333,15,0.16341454491180132,0.03152267242219859,0.10091743119266056,0.25
1:4,GO:0015995,2,0.13333333333333333,15,0.16341454491180132,0.03152267242219859,0.10091743119266056,0.25
1:4,GO:0016298,2,0.13333333333333333,15,0.16341454491180132,0.03152267242219859,0.10091743119266056,0.25
1:4,GO:0016607,2,0.13333333333333333,15,0.16341454491180132,0.03152267242219859,0.10091743119266056,0.25
1:4,GO:0016762,2,0.13333333333333333,15,0.16341454491180132,0.03152267242219859,0.10091743119266056,0.25
1:4,GO:0016829,2,0.13333333333333333,15,0.16341454491180132,0.03152267242219859,0.10091743119266056,0.25
1:4,GO:0019722,2,0.13333333333333333,15,0.16341454491180132,0.03152267242219859,0.10091743119266056,0.25
1:4,GO:0019915,2,0.13333333333333333,15,0.16341454491180132,0.03152267242219859,0.10091743119266056,0.25
1:4,GO:0020037,2,0.13333333333333333,15,0.16341454491180132,0.03152267242219859,0.10091743119266056,0.25
1:4,GO:0030570,2,0.13333333333333333,15,0.16341454491180132,0.03152267242219859,0.10091743119266056,0.25
1:4,GO:0032050,2,0.13333333333333333,15,0.16341454491180132,0.03152267242219859,0.10091743119266056,0.25
1:4,GO:0033612,2,0.13333333333333333,15,0.16341454491180132,0.03152267242219859,0.10091743119266056,0.25
1:4,GO:0034599,2,0.13333333333333333,15,0.16341454491180132,0.03152267242219859,0.10091743119266056,0.25
1:4,GO:0035064,2,0.13333333333333333,15,0.16341454491180132,0.03152267242219859,0.10091743119266056,0.25
1:4,GO:0035091,2,0.13333333333333333,15,0.16341454491180132,0.03152267242219859,0.10091743119266056,0.25
1:4,GO:0035195,2,0.13333333333333333,15,0.16341454491180132,0.03152267242219859,0.10091743119266056,0.25
1:4,GO:0040029,2,0.13333333333333333,15,0.16341454491180132,0.03152267242219859,0.10091743119266056,0.25
1:4,GO:0042054,2,0.13333333333333333,15,0.16341454491180132,0.03152267242219859,0.10091743119266056,0.25
1:4,GO:0043067,2,0.13333333333333333,15,0.16341454491180132,0.03152267242219859,0.10091743119266056,0.25
1:4,GO:0044183,2,0.13333333333333333,15,0.16341454491180132,0.03152267242219859,0.10091743119266056,0.25
1:4,GO:0045259,2,0.13333333333333333,15,0.16341454491180132,0.03152267242219859,0.10091743119266056,0.25
1:4,GO:0045271,2,0.13333333333333333,15,0.16341454491180132,0.03152267242219859,0.10091743119266056,0.25
1:4,GO:0045292,2,0.13333333333333333,15,0.16341454491180132,0.03152267242219859,0.10091743119266056,0.25
1:4,GO:0045324,2,0.13333333333333333,15,0.16341454491180132,0.03152267242219859,0.10091743119266056,0.25
1:4,GO:0046777,2,0.13333333333333333,15,0.16341454491180132,0.03152267242219859,0.10091743119266056,0.25
1:4,GO:0046933,2,0.13333333333333333,15,0.16341454491180132,0.03152267242219859,0.10091743119266056,0.25
1:4,GO:0046982,2,0.13333333333333333,15,0.16341454491180132,0.03152267242219859,0.10091743119266056,0.25
1:4,GO:0047262,2,0.13333333333333333,15,0.16341454491180132,0.03152267242219859,0.10091743119266056,0.25
1:4,GO:0048046,2,0.13333333333333333,15,0.16341454491180132,0.03152267242219859,0.10091743119266056,0.25
1:4,GO:0048364,2,0.13333333333333333,15,0.16341454491180132,0.03152267242219859,0.10091743119266056,0.25
1:4,GO:0050821,2,0.13333333333333333,15,0.16341454491180132,0.03152267242219859,0.10091743119266056,0.25
1:4,GO:0051015,2,0.13333333333333333,15,0.16341454491180132,0.03152267242219859,0.10091743119266056,0.25
1:4,GO:0051301,2,0.13333333333333333,15,0.16341454491180132,0.03152267242219859,0.10091743119266056,0.25
1:4,GO:0051603,2,0.13333333333333333,15,0.16341454491180132,0.03152267242219859,0.10091743119266056,0.25
1:4,GO:0061631,2,0.13333333333333333,15,0.16341454491180132,0.03152267242219859,0.10091743119266056,0.25
1:4,GO:0071013,2,0.13333333333333333,15,0.16341454491180132,0.03152267242219859,0.10091743119266056,0.25
1:4,GO:0080043,2,0.13333333333333333,15,0.16341454491180132,0.03152267242219859,0.10091743119266056,0.25
1:4,GO:0090351,2,0.13333333333333333,15,0.16341454491180132,0.03152267242219859,0.10091743119266056,0.25
1:4,GO:0099503,2,0.13333333333333333,15,0.16341454491180132,0.03152267242219859,0.10091743119266056,0.25
1:4,GO:1901149,2,0.13333333333333333,15,0.16341454491180132,0.03152267242219859,0.10091743119266056,0.25
1:4,GO:1902531,2,0.13333333333333333,15,0.16341454491180132,0.03152267242219859,0.10091743119266056,0.25
1:4,GO:1905392,2,0.13333333333333333,15,0.16341454491180132,0.03152267242219859,0.10091743119266056,0.25
1:4,GO:2000067,2,0.13333333333333333,15,0.16341454491180132,0.03152267242219859,0.10091743119266056,0.25
1:4,GO:0000049,1,0.06666666666666667,15,0.16341454491180132,0.03152267242219859,0.10091743119266056,0.25
1:4,GO:0000082,1,0.06666666666666667,15,0.16341454491180132,0.03152267242219859,0.10091743119266056,0.25
1:4,GO:0000122,1,0.06666666666666667,15,0.16341454491180132,0.03152267242219859,0.10091743119266056,0.25
1:4,GO:0000149,1,0.06666666666666667,15,0.16341454491180132,0.03152267242219859,0.10091743119266056,0.25
1:4,GO:0000154,1,0.06666666666666667,15,0.16341454491180132,0.03152267242219859,0.10091743119266056,0.25
1:4,GO:0000156,1,0.06666666666666667,15,0.16341454491180132,0.03152267242219859,0.10091743119266056,0.25
1:4,GO:0000159,1,0.06666666666666667,15,0.16341454491180132,0.03152267242219859,0.10091743119266056,0.25
1:4,GO:0000209,1,0.06666666666666667,15,0.16341454491180132,0.03152267242219859,0.10091743119266056,0.25
1:4,GO:0000311,1,0.06666666666666667,15,0.16341454491180132,0.03152267242219859,0.10091743119266056,0.25
1:4,GO:0000325,1,0.06666666666666667,15,0.16341454491180132,0.03152267242219859,0.10091743119266056,0.25
1:4,GO:0000419,1,0.06666666666666667,15,0.16341454491180132,0.03152267242219859,0.10091743119266056,0.25
1:4,GO:0000423,1,0.06666666666666667,15,0.16341454491180132,0.03152267242219859,0.10091743119266056,0.25
1:4,GO:0000724,1,0.06666666666666667,15,0.16341454491180132,0.03152267242219859,0.10091743119266056,0.25
1:4,GO:0000911,1,0.06666666666666667,15,0.16341454491180132,0.03152267242219859,0.10091743119266056,0.25
1:4,GO:0000977,1,0.06666666666666667,15,0.16341454491180132,0.03152267242219859,0.10091743119266056,0.25
1:4,GO:0001216,1,0.06666666666666667,15,0.16341454491180132,0.03152267242219859,0.10091743119266056,0.25
1:4,GO:0001666,1,0.06666666666666667,15,0.16341454491180132,0.03152267242219859,0.10091743119266056,0.25
1:4,GO:0002181,1,0.06666666666666667,15,0.16341454491180132,0.03152267242219859,0.10091743119266056,0.25
1:4,GO:0003333,1,0.06666666666666667,15,0.16341454491180132,0.03152267242219859,0.10091743119266056,0.25
1:4,GO:0003680,1,0.06666666666666667,15,0.16341454491180132,0.03152267242219859,0.10091743119266056,0.25
1:4,GO:0003682,1,0.06666666666666667,15,0.16341454491180132,0.03152267242219859,0.10091743119266056,0.25
1:4,GO:0003697,1,0.06666666666666667,15,0.16341454491180132,0.03152267242219859,0.10091743119266056,0.25
1:4,GO:0003993,1,0.06666666666666667,15,0.16341454491180132,0.03152267242219859,0.10091743119266056,0.25
1:4,GO:0004185,1,0.06666666666666667,15,0.16341454491180132,0.03152267242219859,0.10091743119266056,0.25
1:4,GO:0004364,1,0.06666666666666667,15,0.16341454491180132,0.03152267242219859,0.10091743119266056,0.25
1:4,GO:0004523,1,0.06666666666666667,15,0.16341454491180132,0.03152267242219859,0.10091743119266056,0.25
1:4,GO:0004540,1,0.06666666666666667,15,0.16341454491180132,0.03152267242219859,0.10091743119266056,0.25
1:4,GO:0004568,1,0.06666666666666667,15,0.16341454491180132,0.03152267242219859,0.10091743119266056,0.25
1:4,GO:0004650,1,0.06666666666666667,15,0.16341454491180132,0.03152267242219859,0.10091743119266056,0.25
1:4,GO:0004683,1,0.06666666666666667,15,0.16341454491180132,0.03152267242219859,0.10091743119266056,0.25
1:4,GO:0004721,1,0.06666666666666667,15,0.16341454491180132,0.03152267242219859,0.10091743119266056,0.25
1:4,GO:0004843,1,0.06666666666666667,15,0.16341454491180132,0.03152267242219859,0.10091743119266056,0.25
1:4,GO:0005179,1,0.06666666666666667,15,0.16341454491180132,0.03152267242219859,0.10091743119266056,0.25
1:4,GO:0005200,1,0.06666666666666667,15,0.16341454491180132,0.03152267242219859,0.10091743119266056,0.25
1:4,GO:0005217,1,0.06666666666666667,15,0.16341454491180132,0.03152267242219859,0.10091743119266056,0.25
1:4,GO:0005381,1,0.06666666666666667,15,0.16341454491180132,0.03152267242219859,0.10091743119266056,0.25
1:4,GO:0005509,1,0.06666666666666667,15,0.16341454491180132,0.03152267242219859,0.10091743119266056,0.25
1:4,GO:0005615,1,0.06666666666666667,15,0.16341454491180132,0.03152267242219859,0.10091743119266056,0.25
1:4,GO:0005665,1,0.06666666666666667,15,0.16341454491180132,0.03152267242219859,0.10091743119266056,0.25
1:4,GO:0005667,1,0.06666666666666667,15,0.16341454491180132,0.03152267242219859,0.10091743119266056,0.25
1:4,GO:0005694,1,0.06666666666666667,15,0.16341454491180132,0.03152267242219859,0.10091743119266056,0.25
1:4,GO:0005730,1,0.06666666666666667,15,0.16341454491180132,0.03152267242219859,0.10091743119266056,0.25
1:4,GO:0005732,1,0.06666666666666667,15,0.16341454491180132,0.03152267242219859,0.10091743119266056,0.25
1:4,GO:0005743,1,0.06666666666666667,15,0.16341454491180132,0.03152267242219859,0.10091743119266056,0.25
1:4,GO:0005744,1,0.06666666666666667,15,0.16341454491180132,0.03152267242219859,0.10091743119266056,0.25
1:4,GO:0005764,1,0.06666666666666667,15,0.16341454491180132,0.03152267242219859,0.10091743119266056,0.25
1:4,GO:0005769,1,0.06666666666666667,15,0.16341454491180132,0.03152267242219859,0.10091743119266056,0.25
1:4,GO:0005774,1,0.06666666666666667,15,0.16341454491180132,0.03152267242219859,0.10091743119266056,0.25
1:4,GO:0005776,1,0.06666666666666667,15,0.16341454491180132,0.03152267242219859,0.10091743119266056,0.25
1:4,GO:0005811,1,0.06666666666666667,15,0.16341454491180132,0.03152267242219859,0.10091743119266056,0.25
1:4,GO:0005819,1,0.06666666666666667,15,0.16341454491180132,0.03152267242219859,0.10091743119266056,0.25
1:4,GO:0005874,1,0.06666666666666667,15,0.16341454491180132,0.03152267242219859,0.10091743119266056,0.25
1:4,GO:0005975,1,0.06666666666666667,15,0.16341454491180132,0.03152267242219859,0.10091743119266056,0.25
1:4,GO:0005992,1,0.06666666666666667,15,0.16341454491180132,0.03152267242219859,0.10091743119266056,0.25
1:4,GO:0006094,1,0.06666666666666667,15,0.16341454491180132,0.03152267242219859,0.10091743119266056,0.25
1:4,GO:0006270,1,0.06666666666666667,15,0.16341454491180132,0.03152267242219859,0.10091743119266056,0.25
1:4,GO:0006284,1,0.06666666666666667,15,0.16341454491180132,0.03152267242219859,0.10091743119266056,0.25
1:4,GO:0006302,1,0.06666666666666667,15,0.16341454491180132,0.03152267242219859,0.10091743119266056,0.25
1:4,GO:0006334,1,0.06666666666666667,15,0.16341454491180132,0.03152267242219859,0.10091743119266056,0.25
1:4,GO:0006338,1,0.06666666666666667,15,0.16341454491180132,0.03152267242219859,0.10091743119266056,0.25
1:4,GO:0006352,1,0.06666666666666667,15,0.16341454491180132,0.03152267242219859,0.10091743119266056,0.25
1:4,GO:0006396,1,0.06666666666666667,15,0.16341454491180132,0.03152267242219859,0.10091743119266056,0.25
1:4,GO:0006400,1,0.06666666666666667,15,0.16341454491180132,0.03152267242219859,0.10091743119266056,0.25
1:4,GO:0006413,1,0.06666666666666667,15,0.16341454491180132,0.03152267242219859,0.10091743119266056,0.25
1:4,GO:0006457,1,0.06666666666666667,15,0.16341454491180132,0.03152267242219859,0.10091743119266056,0.25
1:4,GO:0006465,1,0.06666666666666667,15,0.16341454491180132,0.03152267242219859,0.10091743119266056,0.25
1:4,GO:0006499,1,0.06666666666666667,15,0.16341454491180132,0.03152267242219859,0.10091743119266056,0.25
1:4,GO:0006520,1,0.06666666666666667,15,0.16341454491180132,0.03152267242219859,0.10091743119266056,0.25
1:4,GO:0006623,1,0.06666666666666667,15,0.16341454491180132,0.03152267242219859,0.10091743119266056,0.25
1:4,GO:0006631,1,0.06666666666666667,15,0.16341454491180132,0.03152267242219859,0.10091743119266056,0.25
1:4,GO:0006633,1,0.06666666666666667,15,0.16341454491180132,0.03152267242219859,0.10091743119266056,0.25
1:4,GO:0006886,1,0.06666666666666667,15,0.16341454491180132,0.03152267242219859,0.10091743119266056,0.25
1:4,GO:0006897,1,0.06666666666666667,15,0.16341454491180132,0.03152267242219859,0.10091743119266056,0.25
1:4,GO:0006906,1,0.06666666666666667,15,0.16341454491180132,0.03152267242219859,0.10091743119266056,0.25
1:4,GO:0007005,1,0.06666666666666667,15,0.16341454491180132,0.03152267242219859,0.10091743119266056,0.25
1:4,GO:0007018,1,0.06666666666666667,15,0.16341454491180132,0.03152267242219859,0.10091743119266056,0.25
1:4,GO:0007030,1,0.06666666666666667,15,0.16341454491180132,0.03152267242219859,0.10091743119266056,0.25
1:4,GO:0007033,1,0.06666666666666667,15,0.16341454491180132,0.03152267242219859,0.10091743119266056,0.25
1:4,GO:0007623,1,0.06666666666666667,15,0.16341454491180132,0.03152267242219859,0.10091743119266056,0.25
1:4,GO:0008104,1,0.06666666666666667,15,0.16341454491180132,0.03152267242219859,0.10091743119266056,0.25
1:4,GO:0008137,1,0.06666666666666667,15,0.16341454491180132,0.03152267242219859,0.10091743119266056,0.25
1:4,GO:0008289,1,0.06666666666666667,15,0.16341454491180132,0.03152267242219859,0.10091743119266056,0.25
1:4,GO:0008353,1,0.06666666666666667,15,0.16341454491180132,0.03152267242219859,0.10091743119266056,0.25
1:4,GO:0008374,1,0.06666666666666667,15,0.16341454491180132,0.03152267242219859,0.10091743119266056,0.25
1:4,GO:0008380,1,0.06666666666666667,15,0.16341454491180132,0.03152267242219859,0.10091743119266056,0.25
1:4,GO:0008422,1,0.06666666666666667,15,0.16341454491180132,0.03152267242219859,0.10091743119266056,0.25
1:4,GO:0008757,1,0.06666666666666667,15,0.16341454491180132,0.03152267242219859,0.10091743119266056,0.25
1:4,GO:0009058,1,0.06666666666666667,15,0.16341454491180132,0.03152267242219859,0.10091743119266056,0.25
1:4,GO:0009269,1,0.06666666666666667,15,0.16341454491180132,0.03152267242219859,0.10091743119266056,0.25
1:4,GO:0009408,1,0.06666666666666667,15,0.16341454491180132,0.03152267242219859,0.10091743119266056,0.25
1:4,GO:0009411,1,0.06666666666666667,15,0.16341454491180132,0.03152267242219859,0.10091743119266056,0.25
1:4,GO:0009414,1,0.06666666666666667,15,0.16341454491180132,0.03152267242219859,0.10091743119266056,0.25
1:4,GO:0009416,1,0.06666666666666667,15,0.16341454491180132,0.03152267242219859,0.10091743119266056,0.25
1:4,GO:0009504,1,0.06666666666666667,15,0.16341454491180132,0.03152267242219859,0.10091743119266056,0.25
1:4,GO:0009505,1,0.06666666666666667,15,0.16341454491180132,0.03152267242219859,0.10091743119266056,0.25
1:4,GO:0009524,1,0.06666666666666667,15,0.16341454491180132,0.03152267242219859,0.10091743119266056,0.25
1:4,GO:0009532,1,0.06666666666666667,15,0.16341454491180132,0.03152267242219859,0.10091743119266056,0.25
1:4,GO:0009567,1,0.06666666666666667,15,0.16341454491180132,0.03152267242219859,0.10091743119266056,0.25
1:4,GO:0009579,1,0.06666666666666667,15,0.16341454491180132,0.03152267242219859,0.10091743119266056,0.25
1:4,GO:0009585,1,0.06666666666666667,15,0.16341454491180132,0.03152267242219859,0.10091743119266056,0.25
1:4,GO:0009617,1,0.06666666666666667,15,0.16341454491180132,0.03152267242219859,0.10091743119266056,0.25
1:4,GO:0009624,1,0.06666666666666667,15,0.16341454491180132,0.03152267242219859,0.10091743119266056,0.25
1:4,GO:0009640,1,0.06666666666666667,15,0.16341454491180132,0.03152267242219859,0.10091743119266056,0.25
1:4,GO:0009644,1,0.06666666666666667,15,0.16341454491180132,0.03152267242219859,0.10091743119266056,0.25
1:4,GO:0009658,1,0.06666666666666667,15,0.16341454491180132,0.03152267242219859,0.10091743119266056,0.25
1:4,GO:0009664,1,0.06666666666666667,15,0.16341454491180132,0.03152267242219859,0.10091743119266056,0.25
1:4,GO:0009693,1,0.06666666666666667,15,0.16341454491180132,0.03152267242219859,0.10091743119266056,0.25
1:4,GO:0009694,1,0.06666666666666667,15,0.16341454491180132,0.03152267242219859,0.10091743119266056,0.25
1:4,GO:0009705,1,0.06666666666666667,15,0.16341454491180132,0.03152267242219859,0.10091743119266056,0.25
1:4,GO:0009707,1,0.06666666666666667,15,0.16341454491180132,0.03152267242219859,0.10091743119266056,0.25
1:4,GO:0009733,1,0.06666666666666667,15,0.16341454491180132,0.03152267242219859,0.10091743119266056,0.25
1:4,GO:0009736,1,0.06666666666666667,15,0.16341454491180132,0.03152267242219859,0.10091743119266056,0.25
1:4,GO:0009740,1,0.06666666666666667,15,0.16341454491180132,0.03152267242219859,0.10091743119266056,0.25
1:4,GO:0009789,1,0.06666666666666667,15,0.16341454491180132,0.03152267242219859,0.10091743119266056,0.25
1:4,GO:0009813,1,0.06666666666666667,15,0.16341454491180132,0.03152267242219859,0.10091743119266056,0.25
1:4,GO:0009825,1,0.06666666666666667,15,0.16341454491180132,0.03152267242219859,0.10091743119266056,0.25
1:4,GO:0009826,1,0.06666666666666667,15,0.16341454491180132,0.03152267242219859,0.10091743119266056,0.25
1:4,GO:0009827,1,0.06666666666666667,15,0.16341454491180132,0.03152267242219859,0.10091743119266056,0.25
1:4,GO:0009846,1,0.06666666666666667,15,0.16341454491180132,0.03152267242219859,0.10091743119266056,0.25
1:4,GO:0009853,1,0.06666666666666667,15,0.16341454491180132,0.03152267242219859,0.10091743119266056,0.25
1:4,GO:0009860,1,0.06666666666666667,15,0.16341454491180132,0.03152267242219859,0.10091743119266056,0.25
1:4,GO:0009873,1,0.06666666666666667,15,0.16341454491180132,0.03152267242219859,0.10091743119266056,0.25
1:4,GO:0009903,1,0.06666666666666667,15,0.16341454491180132,0.03152267242219859,0.10091743119266056,0.25
1:4,GO:0009909,1,0.06666666666666667,15,0.16341454491180132,0.03152267242219859,0.10091743119266056,0.25
1:4,GO:0009911,1,0.06666666666666667,15,0.16341454491180132,0.03152267242219859,0.10091743119266056,0.25
1:4,GO:0009931,1,0.06666666666666667,15,0.16341454491180132,0.03152267242219859,0.10091743119266056,0.25
1:4,GO:0009934,1,0.06666666666666667,15,0.16341454491180132,0.03152267242219859,0.10091743119266056,0.25
1:4,GO:0009958,1,0.06666666666666667,15,0.16341454491180132,0.03152267242219859,0.10091743119266056,0.25
1:4,GO:0010025,1,0.06666666666666667,15,0.16341454491180132,0.03152267242219859,0.10091743119266056,0.25
1:4,GO:0010026,1,0.06666666666666667,15,0.16341454491180132,0.03152267242219859,0.10091743119266056,0.25
1:4,GO:0010051,1,0.06666666666666667,15,0.16341454491180132,0.03152267242219859,0.10091743119266056,0.25
1:4,GO:0010053,1,0.06666666666666667,15,0.16341454491180132,0.03152267242219859,0.10091743119266056,0.25
1:4,GO:0010075,1,0.06666666666666667,15,0.16341454491180132,0.03152267242219859,0.10091743119266056,0.25
1:4,GO:0010090,1,0.06666666666666667,15,0.16341454491180132,0.03152267242219859,0.10091743119266056,0.25
1:4,GO:0010119,1,0.06666666666666667,15,0.16341454491180132,0.03152267242219859,0.10091743119266056,0.25
1:4,GO:0010143,1,0.06666666666666667,15,0.16341454491180132,0.03152267242219859,0.10091743119266056,0.25
1:4,GO:0010197,1,0.06666666666666667,15,0.16341454491180132,0.03152267242219859,0.10091743119266056,0.25
1:4,GO:0010214,1,0.06666666666666667,15,0.16341454491180132,0.03152267242219859,0.10091743119266056,0.25
1:4,GO:0010227,1,0.06666666666666667,15,0.16341454491180132,0.03152267242219859,0.10091743119266056,0.25
1:4,GO:0010305,1,0.06666666666666667,15,0.16341454491180132,0.03152267242219859,0.10091743119266056,0.25
1:4,GO:0010311,1,0.06666666666666667,15,0.16341454491180132,0.03152267242219859,0.10091743119266056,0.25
1:4,GO:0010431,1,0.06666666666666667,15,0.16341454491180132,0.03152267242219859,0.10091743119266056,0.25
1:4,GO:0010492,1,0.06666666666666667,15,0.16341454491180132,0.03152267242219859,0.10091743119266056,0.25
1:4,GO:0010928,1,0.06666666666666667,15,0.16341454491180132,0.03152267242219859,0.10091743119266056,0.25
1:4,GO:0012501,1,0.06666666666666667,15,0.16341454491180132,0.03152267242219859,0.10091743119266056,0.25
1:4,GO:0015020,1,0.06666666666666667,15,0.16341454491180132,0.03152267242219859,0.10091743119266056,0.25
1:4,GO:0015144,1,0.06666666666666667,15,0.16341454491180132,0.03152267242219859,0.10091743119266056,0.25
1:4,GO:0015171,1,0.06666666666666667,15,0.16341454491180132,0.03152267242219859,0.10091743119266056,0.25
1:4,GO:0015297,1,0.06666666666666667,15,0.16341454491180132,0.03152267242219859,0.10091743119266056,0.25
1:4,GO:0015630,1,0.06666666666666667,15,0.16341454491180132,0.03152267242219859,0.10091743119266056,0.25
1:4,GO:0015706,1,0.06666666666666667,15,0.16341454491180132,0.03152267242219859,0.10091743119266056,0.25
1:4,GO:0015986,1,0.06666666666666667,15,0.16341454491180132,0.03152267242219859,0.10091743119266056,0.25
1:4,GO:0016036,1,0.06666666666666667,15,0.16341454491180132,0.03152267242219859,0.10091743119266056,0.25
1:4,GO:0016126,1,0.06666666666666667,15,0.16341454491180132,0.03152267242219859,0.10091743119266056,0.25
1:4,GO:0016226,1,0.06666666666666667,15,0.16341454491180132,0.03152267242219859,0.10091743119266056,0.25
1:4,GO:0016311,1,0.06666666666666667,15,0.16341454491180132,0.03152267242219859,0.10091743119266056,0.25
1:4,GO:0016324,1,0.06666666666666667,15,0.16341454491180132,0.03152267242219859,0.10091743119266056,0.25
1:4,GO:0016491,1,0.06666666666666667,15,0.16341454491180132,0.03152267242219859,0.10091743119266056,0.25
1:4,GO:0016538,1,0.06666666666666667,15,0.16341454491180132,0.03152267242219859,0.10091743119266056,0.25
1:4,GO:0016579,1,0.06666666666666667,15,0.16341454491180132,0.03152267242219859,0.10091743119266056,0.25
1:4,GO:0016604,1,0.06666666666666667,15,0.16341454491180132,0.03152267242219859,0.10091743119266056,0.25
1:4,GO:0016747,1,0.06666666666666667,15,0.16341454491180132,0.03152267242219859,0.10091743119266056,0.25
1:4,GO:0016787,1,0.06666666666666667,15,0.16341454491180132,0.03152267242219859,0.10091743119266056,0.25
1:4,GO:0016791,1,0.06666666666666667,15,0.16341454491180132,0.03152267242219859,0.10091743119266056,0.25
1:4,GO:0017148,1,0.06666666666666667,15,0.16341454491180132,0.03152267242219859,0.10091743119266056,0.25
1:4,GO:0019761,1,0.06666666666666667,15,0.16341454491180132,0.03152267242219859,0.10091743119266056,0.25
1:4,GO:0019843,1,0.06666666666666667,15,0.16341454491180132,0.03152267242219859,0.10091743119266056,0.25
1:4,GO:0019888,1,0.06666666666666667,15,0.16341454491180132,0.03152267242219859,0.10091743119266056,0.25
1:4,GO:0019901,1,0.06666666666666667,15,0.16341454491180132,0.03152267242219859,0.10091743119266056,0.25
1:4,GO:0019941,1,0.06666666666666667,15,0.16341454491180132,0.03152267242219859,0.10091743119266056,0.25
1:4,GO:0030036,1,0.06666666666666667,15,0.16341454491180132,0.03152267242219859,0.10091743119266056,0.25
1:4,GO:0030134,1,0.06666666666666667,15,0.16341454491180132,0.03152267242219859,0.10091743119266056,0.25
1:4,GO:0030136,1,0.06666666666666667,15,0.16341454491180132,0.03152267242219859,0.10091743119266056,0.25
1:4,GO:0030148,1,0.06666666666666667,15,0.16341454491180132,0.03152267242219859,0.10091743119266056,0.25
1:4,GO:0030150,1,0.06666666666666667,15,0.16341454491180132,0.03152267242219859,0.10091743119266056,0.25
1:4,GO:0030154,1,0.06666666666666667,15,0.16341454491180132,0.03152267242219859,0.10091743119266056,0.25
1:4,GO:0030163,1,0.06666666666666667,15,0.16341454491180132,0.03152267242219859,0.10091743119266056,0.25
1:4,GO:0030170,1,0.06666666666666667,15,0.16341454491180132,0.03152267242219859,0.10091743119266056,0.25
1:4,GO:0030244,1,0.06666666666666667,15,0.16341454491180132,0.03152267242219859,0.10091743119266056,0.25
1:4,GO:0030527,1,0.06666666666666667,15,0.16341454491180132,0.03152267242219859,0.10091743119266056,0.25
1:4,GO:0030968,1,0.06666666666666667,15,0.16341454491180132,0.03152267242219859,0.10091743119266056,0.25
1:4,GO:0031267,1,0.06666666666666667,15,0.16341454491180132,0.03152267242219859,0.10091743119266056,0.25
1:4,GO:0031347,1,0.06666666666666667,15,0.16341454491180132,0.03152267242219859,0.10091743119266056,0.25
1:4,GO:0031348,1,0.06666666666666667,15,0.16341454491180132,0.03152267242219859,0.10091743119266056,0.25
1:4,GO:0031624,1,0.06666666666666667,15,0.16341454491180132,0.03152267242219859,0.10091743119266056,0.25
1:4,GO:0031625,1,0.06666666666666667,15,0.16341454491180132,0.03152267242219859,0.10091743119266056,0.25
1:4,GO:0031966,1,0.06666666666666667,15,0.16341454491180132,0.03152267242219859,0.10091743119266056,0.25
1:4,GO:0031982,1,0.06666666666666667,15,0.16341454491180132,0.03152267242219859,0.10091743119266056,0.25
1:4,GO:0032259,1,0.06666666666666667,15,0.16341454491180132,0.03152267242219859,0.10091743119266056,0.25
1:4,GO:0032588,1,0.06666666666666667,15,0.16341454491180132,0.03152267242219859,0.10091743119266056,0.25
1:4,GO:0032968,1,0.06666666666666667,15,0.16341454491180132,0.03152267242219859,0.10091743119266056,0.25
1:4,GO:0032991,1,0.06666666666666667,15,0.16341454491180132,0.03152267242219859,0.10091743119266056,0.25
1:4,GO:0034605,1,0.06666666666666667,15,0.16341454491180132,0.03152267242219859,0.10091743119266056,0.25
1:4,GO:0034976,1,0.06666666666666667,15,0.16341454491180132,0.03152267242219859,0.10091743119266056,0.25
1:4,GO:0036503,1,0.06666666666666667,15,0.16341454491180132,0.03152267242219859,0.10091743119266056,0.25
1:4,GO:0038023,1,0.06666666666666667,15,0.16341454491180132,0.03152267242219859,0.10091743119266056,0.25
1:4,GO:0042026,1,0.06666666666666667,15,0.16341454491180132,0.03152267242219859,0.10091743119266056,0.25
1:4,GO:0042127,1,0.06666666666666667,15,0.16341454491180132,0.03152267242219859,0.10091743119266056,0.25
1:4,GO:0042273,1,0.06666666666666667,15,0.16341454491180132,0.03152267242219859,0.10091743119266056,0.25
1:4,GO:0042626,1,0.06666666666666667,15,0.16341454491180132,0.03152267242219859,0.10091743119266056,0.25
1:4,GO:0042752,1,0.06666666666666667,15,0.16341454491180132,0.03152267242219859,0.10091743119266056,0.25
1:4,GO:0042761,1,0.06666666666666667,15,0.16341454491180132,0.03152267242219859,0.10091743119266056,0.25
1:4,GO:0042802,1,0.06666666666666667,15,0.16341454491180132,0.03152267242219859,0.10091743119266056,0.25
1:4,GO:0042973,1,0.06666666666666667,15,0.16341454491180132,0.03152267242219859,0.10091743119266056,0.25
1:4,GO:0043068,1,0.06666666666666667,15,0.16341454491180132,0.03152267242219859,0.10091743119266056,0.25
1:4,GO:0043086,1,0.06666666666666667,15,0.16341454491180132,0.03152267242219859,0.10091743119266056,0.25
1:4,GO:0043130,1,0.06666666666666667,15,0.16341454491180132,0.03152267242219859,0.10091743119266056,0.25
1:4,GO:0043161,1,0.06666666666666667,15,0.16341454491180132,0.03152267242219859,0.10091743119266056,0.25
1:4,GO:0043531,1,0.06666666666666667,15,0.16341454491180132,0.03152267242219859,0.10091743119266056,0.25
1:4,GO:0044024,1,0.06666666666666667,15,0.16341454491180132,0.03152267242219859,0.10091743119266056,0.25
1:4,GO:0045087,1,0.06666666666666667,15,0.16341454491180132,0.03152267242219859,0.10091743119266056,0.25
1:4,GO:0045454,1,0.06666666666666667,15,0.16341454491180132,0.03152267242219859,0.10091743119266056,0.25
1:4,GO:0045490,1,0.06666666666666667,15,0.16341454491180132,0.03152267242219859,0.10091743119266056,0.25
1:4,GO:0045492,1,0.06666666666666667,15,0.16341454491180132,0.03152267242219859,0.10091743119266056,0.25
1:4,GO:0045814,1,0.06666666666666667,15,0.16341454491180132,0.03152267242219859,0.10091743119266056,0.25
1:4,GO:0045892,1,0.06666666666666667,15,0.16341454491180132,0.03152267242219859,0.10091743119266056,0.25
1:4,GO:0045944,1,0.06666666666666667,15,0.16341454491180132,0.03152267242219859,0.10091743119266056,0.25
1:4,GO:0046540,1,0.06666666666666667,15,0.16341454491180132,0.03152267242219859,0.10091743119266056,0.25
1:4,GO:0046686,1,0.06666666666666667,15,0.16341454491180132,0.03152267242219859,0.10091743119266056,0.25
1:4,GO:0046872,1,0.06666666666666667,15,0.16341454491180132,0.03152267242219859,0.10091743119266056,0.25
1:4,GO:0046910,1,0.06666666666666667,15,0.16341454491180132,0.03152267242219859,0.10091743119266056,0.25
1:4,GO:0046983,1,0.06666666666666667,15,0.16341454491180132,0.03152267242219859,0.10091743119266056,0.25
1:4,GO:0048367,1,0.06666666666666667,15,0.16341454491180132,0.03152267242219859,0.10091743119266056,0.25
1:4,GO:0048653,1,0.06666666666666667,15,0.16341454491180132,0.03152267242219859,0.10091743119266056,0.25
1:4,GO:0048766,1,0.06666666666666667,15,0.16341454491180132,0.03152267242219859,0.10091743119266056,0.25
1:4,GO:0050660,1,0.06666666666666667,15,0.16341454491180132,0.03152267242219859,0.10091743119266056,0.25
1:4,GO:0050661,1,0.06666666666666667,15,0.16341454491180132,0.03152267242219859,0.10091743119266056,0.25
1:4,GO:0050826,1,0.06666666666666667,15,0.16341454491180132,0.03152267242219859,0.10091743119266056,0.25
1:4,GO:0051085,1,0.06666666666666667,15,0.16341454491180132,0.03152267242219859,0.10091743119266056,0.25
1:4,GO:0051087,1,0.06666666666666667,15,0.16341454491180132,0.03152267242219859,0.10091743119266056,0.25
1:4,GO:0051302,1,0.06666666666666667,15,0.16341454491180132,0.03152267242219859,0.10091743119266056,0.25
1:4,GO:0051510,1,0.06666666666666667,15,0.16341454491180132,0.03152267242219859,0.10091743119266056,0.25
1:4,GO:0051555,1,0.06666666666666667,15,0.16341454491180132,0.03152267242219859,0.10091743119266056,0.25
1:4,GO:0051592,1,0.06666666666666667,15,0.16341454491180132,0.03152267242219859,0.10091743119266056,0.25
1:4,GO:0061025,1,0.06666666666666667,15,0.16341454491180132,0.03152267242219859,0.10091743119266056,0.25
1:4,GO:0061809,1,0.06666666666666667,15,0.16341454491180132,0.03152267242219859,0.10091743119266056,0.25
1:4,GO:0070417,1,0.06666666666666667,15,0.16341454491180132,0.03152267242219859,0.10091743119266056,0.25
1:4,GO:0070628,1,0.06666666666666667,15,0.16341454491180132,0.03152267242219859,0.10091743119266056,0.25
1:4,GO:0070971,1,0.06666666666666667,15,0.16341454491180132,0.03152267242219859,0.10091743119266056,0.25
1:4,GO:0071004,1,0.06666666666666667,15,0.16341454491180132,0.03152267242219859,0.10091743119266056,0.25
1:4,GO:0071011,1,0.06666666666666667,15,0.16341454491180132,0.03152267242219859,0.10091743119266056,0.25
1:4,GO:0071365,1,0.06666666666666667,15,0.16341454491180132,0.03152267242219859,0.10091743119266056,0.25
1:4,GO:0071456,1,0.06666666666666667,15,0.16341454491180132,0.03152267242219859,0.10091743119266056,0.25
1:4,GO:0071472,1,0.06666666666666667,15,0.16341454491180132,0.03152267242219859,0.10091743119266056,0.25
1:4,GO:0080092,1,0.06666666666666667,15,0.16341454491180132,0.03152267242219859,0.10091743119266056,0.25
1:4,GO:0080188,1,0.06666666666666667,15,0.16341454491180132,0.03152267242219859,0.10091743119266056,0.25
1:4,GO:0098662,1,0.06666666666666667,15,0.16341454491180132,0.03152267242219859,0.10091743119266056,0.25
1:4,GO:0140359,1,0.06666666666666667,15,0.16341454491180132,0.03152267242219859,0.10091743119266056,0.25
1:4,GO:0140658,1,0.06666666666666667,15,0.16341454491180132,0.03152267242219859,0.10091743119266056,0.25
1:4,GO:0140825,1,0.06666666666666667,15,0.16341454491180132,0.03152267242219859,0.10091743119266056,0.25
1:4,GO:1901259,1,0.06666666666666667,15,0.16341454491180132,0.03152267242219859,0.10091743119266056,0.25
1:4,GO:1902600,1,0.06666666666666667,15,0.16341454491180132,0.03152267242219859,0.10091743119266056,0.25
1:4,GO:1990110,1,0.06666666666666667,15,0.16341454491180132,0.03152267242219859,0.10091743119266056,0.25
1:4,GO:1990961,1,0.06666666666666667,15,0.16341454491180132,0.03152267242219859,0.10091743119266056,0.25
1:4,GO:2000008,1,0.06666666666666667,15,0.16341454491180132,0.03152267242219859,0.10091743119266056,0.25
1:4,GO:2000280,1,0.06666666666666667,15,0.16341454491180132,0.03152267242219859,0.10091743119266056,0.25
1:5,GO:0003700,15,1.0,15,0.1728072391909039,0.024277658396885605,0.12149532710280374,0.23711340206185566
1:5,GO:0005737,15,1.0,15,0.1728072391909039,0.024277658396885605,0.12149532710280374,0.23711340206185566
1:5,GO:0006355,15,1.0,15,0.1728072391909039,0.024277658396885605,0.12149532710280374,0.23711340206185566
1:5,GO:0006412,15,1.0,15,0.1728072391909039,0.024277658396885605,0.12149532710280374,0.23711340206185566
1:5,GO:0008150,15,1.0,15,0.1728072391909039,0.024277658396885605,0.12149532710280374,0.23711340206185566
1:5,GO:0009507,15,1.0,15,0.1728072391909039,0.024277658396885605,0.12149532710280374,0.23711340206185566
1:5,GO:0005829,14,0.9333333333333333,15,0.1728072391909039,0.024277658396885605,0.12149532710280374,0.23711340206185566
1:5,GO:0030533,14,0.9333333333333333,15,0.1728072391909039,0.024277658396885605,0.12149532710280374,0.23711340206185566
1:5,GO:0000976,13,0.8666666666666667,15,0.1728072391909039,0.024277658396885605,0.12149532710280374,0.23711340206185566
1:5,GO:0005575,13,0.8666666666666667,15,0.1728072391909039,0.024277658396885605,0.12149532710280374,0.23711340206185566
1:5,GO:0006414,13,0.8666666666666667,15,0.1728072391909039,0.024277658396885605,0.12149532710280374,0.23711340206185566
1:5,GO:0007165,13,0.8666666666666667,15,0.1728072391909039,0.024277658396885605,0.12149532710280374,0.23711340206185566
1:5,GO:0004674,12,0.8,15,0.1728072391909039,0.024277658396885605,0.12149532710280374,0.23711340206185566
1:5,GO:0003729,11,0.7333333333333333,15,0.1728072391909039,0.024277658396885605,0.12149532710280374,0.23711340206185566
1:5,GO:0005739,11,0.7333333333333333,15,0.1728072391909039,0.024277658396885605,0.12149532710280374,0.23711340206185566
1:5,GO:0003735,10,0.6666666666666666,15,0.1728072391909039,0.024277658396885605,0.12149532710280374,0.23711340206185566
1:5,GO:0005576,10,0.6666666666666666,15,0.1728072391909039,0.024277658396885605,0.12149532710280374,0.23711340206185566
1:5,GO:0006357,9,0.6,15,0.1728072391909039,0.024277658396885605,0.12149532710280374,0.23711340206185566
1:5,GO:0009570,9,0.6,15,0.1728072391909039,0.024277658396885605,0.12149532710280374,0.23711340206185566
1:5,GO:0003723,8,0.5333333333333333,15,0.1728072391909039,0.024277658396885605,0.12149532710280374,0.23711340206185566
1:5,GO:0000978,7,0.4666666666666667,15,0.1728072391909039,0.024277658396885605,0.12149532710280374,0.23711340206185566
1:5,GO:0004672,6,0.4,15,0.1728072391909039,0.024277658396885605,0.12149532710280374,0.23711340206185566
1:5,GO:0016020,6,0.4,15,0.1728072391909039,0.024277658396885605,0.12149532710280374,0.23711340206185566
1:5,GO:0055085,6,0.4,15,0.1728072391909039,0.024277658396885605,0.12149532710280374,0.23711340206185566
1:5,GO:0005789,5,0.3333333333333333,15,0.1728072391909039,0.024277658396885605,0.12149532710280374,0.23711340206185566
1:5,GO:0005802,5,0.3333333333333333,15,0.1728072391909039,0.024277658396885605,0.12149532710280374,0.23711340206185566
1:5,GO:0016757,5,0.3333333333333333,15,0.1728072391909039,0.024277658396885605,0.12149532710280374,0.23711340206185566
1:5,GO:0043565,5,0.3333333333333333,15,0.1728072391909039,0.024277658396885605,0.12149532710280374,0.23711340206185566
1:5,GO:0000785,4,0.26666666666666666,15,0.1728072391909039,0.024277658396885605,0.12149532710280374,0.23711340206185566
1:5,GO:0003677,4,0.26666666666666666,15,0.1728072391909039,0.024277658396885605,0.12149532710280374,0.23711340206185566
1:5,GO:0004842,4,0.26666666666666666,15,0.1728072391909039,0.024277658396885605,0.12149532710280374,0.23711340206185566
1:5,GO:0005515,4,0.26666666666666666,15,0.1728072391909039,0.024277658396885605,0.12149532710280374,0.23711340206185566
1:5,GO:0009536,4,0.26666666666666666,15,0.1728072391909039,0.024277658396885605,0.12149532710280374,0.23711340206185566
1:5,GO:0016567,4,0.26666666666666666,15,0.1728072391909039,0.024277658396885605,0.12149532710280374,0.23711340206185566
1:5,GO:0022625,4,0.26666666666666666,15,0.1728072391909039,0.024277658396885605,0.12149532710280374,0.23711340206185566
1:5,GO:0043161,4,0.26666666666666666,15,0.1728072391909039,0.024277658396885605,0.12149532710280374,0.23711340206185566
1:5,GO:0061630,4,0.26666666666666666,15,0.1728072391909039,0.024277658396885605,0.12149532710280374,0.23711340206185566
1:5,GO:0000045,3,0.2,15,0.1728072391909039,0.024277658396885605,0.12149532710280374,0.23711340206185566
1:5,GO:0000981,3,0.2,15,0.1728072391909039,0.024277658396885605,0.12149532710280374,0.23711340206185566
1:5,GO:0003713,3,0.2,15,0.1728072391909039,0.024277658396885605,0.12149532710280374,0.23711340206185566
1:5,GO:0005179,3,0.2,15,0.1728072391909039,0.024277658396885605,0.12149532710280374,0.23711340206185566
1:5,GO:0005524,3,0.2,15,0.1728072391909039,0.024277658396885605,0.12149532710280374,0.23711340206185566
1:5,GO:0005777,3,0.2,15,0.1728072391909039,0.024277658396885605,0.12149532710280374,0.23711340206185566
1:5,GO:0005975,3,0.2,15,0.1728072391909039,0.024277658396885605,0.12149532710280374,0.23711340206185566
1:5,GO:0006511,3,0.2,15,0.1728072391909039,0.024277658396885605,0.12149532710280374,0.23711340206185566
1:5,GO:0007015,3,0.2,15,0.1728072391909039,0.024277658396885605,0.12149532710280374,0.23711340206185566
1:5,GO:0008017,3,0.2,15,0.1728072391909039,0.024277658396885605,0.12149532710280374,0.23711340206185566
1:5,GO:0008143,3,0.2,15,0.1728072391909039,0.024277658396885605,0.12149532710280374,0.23711340206185566
1:5,GO:0009535,3,0.2,15,0.1728072391909039,0.024277658396885605,0.12149532710280374,0.23711340206185566
1:5,GO:0009555,3,0.2,15,0.1728072391909039,0.024277658396885605,0.12149532710280374,0.23711340206185566
1:5,GO:0009922,3,0.2,15,0.1728072391909039,0.024277658396885605,0.12149532710280374,0.23711340206185566
1:5,GO:0010025,3,0.2,15,0.1728072391909039,0.024277658396885605,0.12149532710280374,0.23711340206185566
1:5,GO:0015297,3,0.2,15,0.1728072391909039,0.024277658396885605,0.12149532710280374,0.23711340206185566
1:5,GO:0016192,3,0.2,15,0.1728072391909039,0.024277658396885605,0.12149532710280374,0.23711340206185566
1:5,GO:0016301,3,0.2,15,0.1728072391909039,0.024277658396885605,0.12149532710280374,0.23711340206185566
1:5,GO:0016491,3,0.2,15,0.1728072391909039,0.024277658396885605,0.12149532710280374,0.23711340206185566
1:5,GO:0016787,3,0.2,15,0.1728072391909039,0.024277658396885605,0.12149532710280374,0.23711340206185566
1:5,GO:0022857,3,0.2,15,0.1728072391909039,0.024277658396885605,0.12149532710280374,0.23711340206185566
1:5,GO:0030170,3,0.2,15,0.1728072391909039,0.024277658396885605,0.12149532710280374,0.23711340206185566
1:5,GO:0030244,3,0.2,15,0.1728072391909039,0.024277658396885605,0.12149532710280374,0.23711340206185566
1:5,GO:0031145,3,0.2,15,0.1728072391909039,0.024277658396885605,0.12149532710280374,0.23711340206185566
1:5,GO:0035195,3,0.2,15,0.1728072391909039,0.024277658396885605,0.12149532710280374,0.23711340206185566
1:5,GO:0035556,3,0.2,15,0.1728072391909039,0.024277658396885605,0.12149532710280374,0.23711340206185566
1:5,GO:0042545,3,0.2,15,0.1728072391909039,0.024277658396885605,0.12149532710280374,0.23711340206185566
1:5,GO:0045036,3,0.2,15,0.1728072391909039,0.024277658396885605,0.12149532710280374,0.23711340206185566
1:5,GO:0045087,3,0.2,15,0.1728072391909039,0.024277658396885605,0.12149532710280374,0.23711340206185566
1:5,GO:0045292,3,0.2,15,0.1728072391909039,0.024277658396885605,0.12149532710280374,0.23711340206185566
1:5,GO:0045944,3,0.2,15,0.1728072391909039,0.024277658396885605,0.12149532710280374,0.23711340206185566
1:5,GO:1990961,3,0.2,15,0.1728072391909039,0.024277658396885605,0.12149532710280374,0.23711340206185566
1:5,GO:2000008,3,0.2,15,0.1728072391909039,0.024277658396885605,0.12149532710280374,0.23711340206185566
1:5,GO:0000149,2,0.13333333333333333,15,0.1728072391909039,0.024277658396885605,0.12149532710280374,0.23711340206185566
1:5,GO:0000151,2,0.13333333333333333,15,0.1728072391909039,0.024277658396885605,0.12149532710280374,0.23711340206185566
1:5,GO:0000156,2,0.13333333333333333,15,0.1728072391909039,0.024277658396885605,0.12149532710280374,0.23711340206185566
1:5,GO:0000226,2,0.13333333333333333,15,0.1728072391909039,0.024277658396885605,0.12149532710280374,0.23711340206185566
1:5,GO:0000278,2,0.13333333333333333,15,0.1728072391909039,0.024277658396885605,0.12149532710280374,0.23711340206185566
1:5,GO:0000287,2,0.13333333333333333,15,0.1728072391909039,0.024277658396885605,0.12149532710280374,0.23711340206185566
1:5,GO:0000302,2,0.13333333333333333,15,0.1728072391909039,0.024277658396885605,0.12149532710280374,0.23711340206185566
1:5,GO:0000398,2,0.13333333333333333,15,0.1728072391909039,0.024277658396885605,0.12149532710280374,0.23711340206185566
1:5,GO:0000724,2,0.13333333333333333,15,0.1728072391909039,0.024277658396885605,0.12149532710280374,0.23711340206185566
1:5,GO:0002229,2,0.13333333333333333,15,0.1728072391909039,0.024277658396885605,0.12149532710280374,0.23711340206185566
1:5,GO:0002239,2,0.13333333333333333,15,0.1728072391909039,0.024277658396885605,0.12149532710280374,0.23711340206185566
1:5,GO:0003743,2,0.13333333333333333,15,0.1728072391909039,0.024277658396885605,0.12149532710280374,0.23711340206185566
1:5,GO:0003755,2,0.13333333333333333,15,0.1728072391909039,0.024277658396885605,0.12149532710280374,0.23711340206185566
1:5,GO:0003777,2,0.13333333333333333,15,0.1728072391909039,0.024277658396885605,0.12149532710280374,0.23711340206185566
1:5,GO:0004197,2,0.13333333333333333,15,0.1728072391909039,0.024277658396885605,0.12149532710280374,0.23711340206185566
1:5,GO:0004497,2,0.13333333333333333,15,0.1728072391909039,0.024277658396885605,0.12149532710280374,0.23711340206185566
1:5,GO:0004601,2,0.13333333333333333,15,0.1728072391909039,0.024277658396885605,0.12149532710280374,0.23711340206185566
1:5,GO:0004683,2,0.13333333333333333,15,0.1728072391909039,0.024277658396885605,0.12149532710280374,0.23711340206185566
1:5,GO:0004712,2,0.13333333333333333,15,0.1728072391909039,0.024277658396885605,0.12149532710280374,0.23711340206185566
1:5,GO:0004722,2,0.13333333333333333,15,0.1728072391909039,0.024277658396885605,0.12149532710280374,0.23711340206185566
1:5,GO:0004857,2,0.13333333333333333,15,0.1728072391909039,0.024277658396885605,0.12149532710280374,0.23711340206185566
1:5,GO:0005096,2,0.13333333333333333,15,0.1728072391909039,0.024277658396885605,0.12149532710280374,0.23711340206185566
1:5,GO:0005484,2,0.13333333333333333,15,0.1728072391909039,0.024277658396885605,0.12149532710280374,0.23711340206185566
1:5,GO:0005730,2,0.13333333333333333,15,0.1728072391909039,0.024277658396885605,0.12149532710280374,0.23711340206185566
1:5,GO:0005764,2,0.13333333333333333,15,0.1728072391909039,0.024277658396885605,0.12149532710280374,0.23711340206185566
1:5,GO:0005783,2,0.13333333333333333,15,0.1728072391909039,0.024277658396885605,0.12149532710280374,0.23711340206185566
1:5,GO:0005794,2,0.13333333333333333,15,0.1728072391909039,0.024277658396885605,0.12149532710280374,0.23711340206185566
1:5,GO:0005886,2,0.13333333333333333,15,0.1728072391909039,0.024277658396885605,0.12149532710280374,0.23711340206185566
1:5,GO:0006096,2,0.13333333333333333,15,0.1728072391909039,0.024277658396885605,0.12149532710280374,0.23711340206185566
1:5,GO:0006351,2,0.13333333333333333,15,0.1728072391909039,0.024277658396885605,0.12149532710280374,0.23711340206185566
1:5,GO:0006352,2,0.13333333333333333,15,0.1728072391909039,0.024277658396885605,0.12149532710280374,0.23711340206185566
1:5,GO:0006396,2,0.13333333333333333,15,0.1728072391909039,0.024277658396885605,0.12149532710280374,0.23711340206185566
1:5,GO:0006397,2,0.13333333333333333,15,0.1728072391909039,0.024277658396885605,0.12149532710280374,0.23711340206185566
1:5,GO:0006413,2,0.13333333333333333,15,0.1728072391909039,0.024277658396885605,0.12149532710280374,0.23711340206185566
1:5,GO:0006457,2,0.13333333333333333,15,0.1728072391909039,0.024277658396885605,0.12149532710280374,0.23711340206185566
1:5,GO:0006470,2,0.13333333333333333,15,0.1728072391909039,0.024277658396885605,0.12149532710280374,0.23711340206185566
1:5,GO:0006612,2,0.13333333333333333,15,0.1728072391909039,0.024277658396885605,0.12149532710280374,0.23711340206185566
1:5,GO:0006869,2,0.13333333333333333,15,0.1728072391909039,0.024277658396885605,0.12149532710280374,0.23711340206185566
1:5,GO:0006886,2,0.13333333333333333,15,0.1728072391909039,0.024277658396885605,0.12149532710280374,0.23711340206185566
1:5,GO:0006888,2,0.13333333333333333,15,0.1728072391909039,0.024277658396885605,0.12149532710280374,0.23711340206185566
1:5,GO:0006897,2,0.13333333333333333,15,0.1728072391909039,0.024277658396885605,0.12149532710280374,0.23711340206185566
1:5,GO:0006955,2,0.13333333333333333,15,0.1728072391909039,0.024277658396885605,0.12149532710280374,0.23711340206185566
1:5,GO:0007005,2,0.13333333333333333,15,0.1728072391909039,0.024277658396885605,0.12149532710280374,0.23711340206185566
1:5,GO:0007267,2,0.13333333333333333,15,0.1728072391909039,0.024277658396885605,0.12149532710280374,0.23711340206185566
1:5,GO:0008139,2,0.13333333333333333,15,0.1728072391909039,0.024277658396885605,0.12149532710280374,0.23711340206185566
1:5,GO:0008171,2,0.13333333333333333,15,0.1728072391909039,0.024277658396885605,0.12149532710280374,0.23711340206185566
1:5,GO:0008270,2,0.13333333333333333,15,0.1728072391909039,0.024277658396885605,0.12149532710280374,0.23711340206185566
1:5,GO:0008483,2,0.13333333333333333,15,0.1728072391909039,0.024277658396885605,0.12149532710280374,0.23711340206185566
1:5,GO:0009058,2,0.13333333333333333,15,0.1728072391909039,0.024277658396885605,0.12149532710280374,0.23711340206185566
1:5,GO:0009407,2,0.13333333333333333,15,0.1728072391909039,0.024277658396885605,0.12149532710280374,0.23711340206185566
1:5,GO:0009505,2,0.13333333333333333,15,0.1728072391909039,0.024277658396885605,0.12149532710280374,0.23711340206185566
1:5,GO:0009543,2,0.13333333333333333,15,0.1728072391909039,0.024277658396885605,0.12149532710280374,0.23711340206185566
1:5,GO:0009579,2,0.13333333333333333,15,0.1728072391909039,0.024277658396885605,0.12149532710280374,0.23711340206185566
1:5,GO:0009624,2,0.13333333333333333,15,0.1728072391909039,0.024277658396885605,0.12149532710280374,0.23711340206185566
1:5,GO:0009640,2,0.13333333333333333,15,0.1728072391909039,0.024277658396885605,0.12149532710280374,0.23711340206185566
1:5,GO:0009651,2,0.13333333333333333,15,0.1728072391909039,0.024277658396885605,0.12149532710280374,0.23711340206185566
1:5,GO:0009737,2,0.13333333333333333,15,0.1728072391909039,0.024277658396885605,0.12149532710280374,0.23711340206185566
1:5,GO:0009739,2,0.13333333333333333,15,0.1728072391909039,0.024277658396885605,0.12149532710280374,0.23711340206185566
1:5,GO:0009793,2,0.13333333333333333,15,0.1728072391909039,0.024277658396885605,0.12149532710280374,0.23711340206185566
1:5,GO:0009853,2,0.13333333333333333,15,0.1728072391909039,0.024277658396885605,0.12149532710280374,0.23711340206185566
1:5,GO:0009873,2,0.13333333333333333,15,0.1728072391909039,0.024277658396885605,0.12149532710280374,0.23711340206185566
1:5,GO:0010078,2,0.13333333333333333,15,0.1728072391909039,0.024277658396885605,0.12149532710280374,0.23711340206185566
1:5,GO:0010082,2,0.13333333333333333,15,0.1728072391909039,0.024277658396885605,0.12149532710280374,0.23711340206185566
1:5,GO:0016226,2,0.13333333333333333,15,0.1728072391909039,0.024277658396885605,0.12149532710280374,0.23711340206185566
1:5,GO:0016538,2,0.13333333333333333,15,0.1728072391909039,0.024277658396885605,0.12149532710280374,0.23711340206185566
1:5,GO:0019722,2,0.13333333333333333,15,0.1728072391909039,0.024277658396885605,0.12149532710280374,0.23711340206185566
1:5,GO:0019762,2,0.13333333333333333,15,0.1728072391909039,0.024277658396885605,0.12149532710280374,0.23711340206185566
1:5,GO:0019900,2,0.13333333333333333,15,0.1728072391909039,0.024277658396885605,0.12149532710280374,0.23711340206185566
1:5,GO:0030599,2,0.13333333333333333,15,0.1728072391909039,0.024277658396885605,0.12149532710280374,0.23711340206185566
1:5,GO:0031047,2,0.13333333333333333,15,0.1728072391909039,0.024277658396885605,0.12149532710280374,0.23711340206185566
1:5,GO:0031347,2,0.13333333333333333,15,0.1728072391909039,0.024277658396885605,0.12149532710280374,0.23711340206185566
1:5,GO:0031593,2,0.13333333333333333,15,0.1728072391909039,0.024277658396885605,0.12149532710280374,0.23711340206185566
1:5,GO:0032991,2,0.13333333333333333,15,0.1728072391909039,0.024277658396885605,0.12149532710280374,0.23711340206185566
1:5,GO:0033612,2,0.13333333333333333,15,0.1728072391909039,0.024277658396885605,0.12149532710280374,0.23711340206185566
1:5,GO:0035064,2,0.13333333333333333,15,0.1728072391909039,0.024277658396885605,0.12149532710280374,0.23711340206185566
1:5,GO:0035267,2,0.13333333333333333,15,0.1728072391909039,0.024277658396885605,0.12149532710280374,0.23711340206185566
1:5,GO:0036503,2,0.13333333333333333,15,0.1728072391909039,0.024277658396885605,0.12149532710280374,0.23711340206185566
1:5,GO:0042752,2,0.13333333333333333,15,0.1728072391909039,0.024277658396885605,0.12149532710280374,0.23711340206185566
1:5,GO:0042973,2,0.13333333333333333,15,0.1728072391909039,0.024277658396885605,0.12149532710280374,0.23711340206185566
1:5,GO:0043067,2,0.13333333333333333,15,0.1728072391909039,0.024277658396885605,0.12149532710280374,0.23711340206185566
1:5,GO:0043086,2,0.13333333333333333,15,0.1728072391909039,0.024277658396885605,0.12149532710280374,0.23711340206185566
1:5,GO:0043622,2,0.13333333333333333,15,0.1728072391909039,0.024277658396885605,0.12149532710280374,0.23711340206185566
1:5,GO:0045490,2,0.13333333333333333,15,0.1728072391909039,0.024277658396885605,0.12149532710280374,0.23711340206185566
1:5,GO:0046777,2,0.13333333333333333,15,0.1728072391909039,0.024277658396885605,0.12149532710280374,0.23711340206185566
1:5,GO:0047262,2,0.13333333333333333,15,0.1728072391909039,0.024277658396885605,0.12149532710280374,0.23711340206185566
1:5,GO:0047372,2,0.13333333333333333,15,0.1728072391909039,0.024277658396885605,0.12149532710280374,0.23711340206185566
1:5,GO:0048364,2,0.13333333333333333,15,0.1728072391909039,0.024277658396885605,0.12149532710280374,0.23711340206185566
1:5,GO:0048653,2,0.13333333333333333,15,0.1728072391909039,0.024277658396885605,0.12149532710280374,0.23711340206185566
1:5,GO:0051287,2,0.13333333333333333,15,0.1728072391909039,0.024277658396885605,0.12149532710280374,0.23711340206185566
1:5,GO:0051302,2,0.13333333333333333,15,0.1728072391909039,0.024277658396885605,0.12149532710280374,0.23711340206185566
1:5,GO:0051321,2,0.13333333333333333,15,0.1728072391909039,0.024277658396885605,0.12149532710280374,0.23711340206185566
1:5,GO:0051762,2,0.13333333333333333,15,0.1728072391909039,0.024277658396885605,0.12149532710280374,0.23711340206185566
1:5,GO:0061631,2,0.13333333333333333,15,0.1728072391909039,0.024277658396885605,0.12149532710280374,0.23711340206185566
1:5,GO:0061809,2,0.13333333333333333,15,0.1728072391909039,0.024277658396885605,0.12149532710280374,0.23711340206185566
1:5,GO:0070417,2,0.13333333333333333,15,0.1728072391909039,0.024277658396885605,0.12149532710280374,0.23711340206185566
1:5,GO:0070628,2,0.13333333333333333,15,0.1728072391909039,0.024277658396885605,0.12149532710280374,0.23711340206185566
1:5,GO:0080043,2,0.13333333333333333,15,0.1728072391909039,0.024277658396885605,0.12149532710280374,0.23711340206185566
1:5,GO:0080044,2,0.13333333333333333,15,0.1728072391909039,0.024277658396885605,0.12149532710280374,0.23711340206185566
1:5,GO:0099503,2,0.13333333333333333,15,0.1728072391909039,0.024277658396885605,0.12149532710280374,0.23711340206185566
1:5,GO:0140359,2,0.13333333333333333,15,0.1728072391909039,0.024277658396885605,0.12149532710280374,0.23711340206185566
1:5,GO:1900426,2,0.13333333333333333,15,0.1728072391909039,0.024277658396885605,0.12149532710280374,0.23711340206185566
1:5,GO:1901259,2,0.13333333333333333,15,0.1728072391909039,0.024277658396885605,0.12149532710280374,0.23711340206185566
1:5,GO:1902531,2,0.13333333333333333,15,0.1728072391909039,0.024277658396885605,0.12149532710280374,0.23711340206185566
1:5,GO:0000049,1,0.06666666666666667,15,0.1728072391909039,0.024277658396885605,0.12149532710280374,0.23711340206185566
1:5,GO:0000082,1,0.06666666666666667,15,0.1728072391909039,0.024277658396885605,0.12149532710280374,0.23711340206185566
1:5,GO:0000118,1,0.06666666666666667,15,0.1728072391909039,0.024277658396885605,0.12149532710280374,0.23711340206185566
1:5,GO:0000138,1,0.06666666666666667,15,0.1728072391909039,0.024277658396885605,0.12149532710280374,0.23711340206185566
1:5,GO:0000159,1,0.06666666666666667,15,0.1728072391909039,0.024277658396885605,0.12149532710280374,0.23711340206185566
1:5,GO:0000162,1,0.06666666666666667,15,0.1728072391909039,0.024277658396885605,0.12149532710280374,0.23711340206185566
1:5,GO:0000307,1,0.06666666666666667,15,0.1728072391909039,0.024277658396885605,0.12149532710280374,0.23711340206185566
1:5,GO:0000325,1,0.06666666666666667,15,0.1728072391909039,0.024277658396885605,0.12149532710280374,0.23711340206185566
1:5,GO:0000423,1,0.06666666666666667,15,0.1728072391909039,0.024277658396885605,0.12149532710280374,0.23711340206185566
1:5,GO:0000786,1,0.06666666666666667,15,0.1728072391909039,0.024277658396885605,0.12149532710280374,0.23711340206185566
1:5,GO:0000911,1,0.06666666666666667,15,0.1728072391909039,0.024277658396885605,0.12149532710280374,0.23711340206185566
1:5,GO:0000932,1,0.06666666666666667,15,0.1728072391909039,0.024277658396885605,0.12149532710280374,0.23711340206185566
1:5,GO:0000987,1,0.06666666666666667,15,0.1728072391909039,0.024277658396885605,0.12149532710280374,0.23711340206185566
1:5,GO:0002213,1,0.06666666666666667,15,0.1728072391909039,0.024277658396885605,0.12149532710280374,0.23711340206185566
1:5,GO:0003333,1,0.06666666666666667,15,0.1728072391909039,0.024277658396885605,0.12149532710280374,0.23711340206185566
1:5,GO:0003676,1,0.06666666666666667,15,0.1728072391909039,0.024277658396885605,0.12149532710280374,0.23711340206185566
1:5,GO:0003712,1,0.06666666666666667,15,0.1728072391909039,0.024277658396885605,0.12149532710280374,0.23711340206185566
1:5,GO:0003727,1,0.06666666666666667,15,0.1728072391909039,0.024277658396885605,0.12149532710280374,0.23711340206185566
1:5,GO:0003756,1,0.06666666666666667,15,0.1728072391909039,0.024277658396885605,0.12149532710280374,0.23711340206185566
1:5,GO:0003824,1,0.06666666666666667,15,0.1728072391909039,0.024277658396885605,0.12149532710280374,0.23711340206185566
1:5,GO:0004222,1,0.06666666666666667,15,0.1728072391909039,0.024277658396885605,0.12149532710280374,0.23711340206185566
1:5,GO:0004252,1,0.06666666666666667,15,0.1728072391909039,0.024277658396885605,0.12149532710280374,0.23711340206185566
1:5,GO:0004402,1,0.06666666666666667,15,0.1728072391909039,0.024277658396885605,0.12149532710280374,0.23711340206185566
1:5,GO:0004565,1,0.06666666666666667,15,0.1728072391909039,0.024277658396885605,0.12149532710280374,0.23711340206185566
1:5,GO:0004650,1,0.06666666666666667,15,0.1728072391909039,0.024277658396885605,0.12149532710280374,0.23711340206185566
1:5,GO:0004675,1,0.06666666666666667,15,0.1728072391909039,0.024277658396885605,0.12149532710280374,0.23711340206185566
1:5,GO:0004843,1,0.06666666666666667,15,0.1728072391909039,0.024277658396885605,0.12149532710280374,0.23711340206185566
1:5,GO:0005198,1,0.06666666666666667,15,0.1728072391909039,0.024277658396885605,0.12149532710280374,0.23711340206185566
1:5,GO:0005217,1,0.06666666666666667,15,0.1728072391909039,0.024277658396885605,0.12149532710280374,0.23711340206185566
1:5,GO:0005262,1,0.06666666666666667,15,0.1728072391909039,0.024277658396885605,0.12149532710280374,0.23711340206185566
1:5,GO:0005315,1,0.06666666666666667,15,0.1728072391909039,0.024277658396885605,0.12149532710280374,0.23711340206185566
1:5,GO:0005385,1,0.06666666666666667,15,0.1728072391909039,0.024277658396885605,0.12149532710280374,0.23711340206185566
1:5,GO:0005516,1,0.06666666666666667,15,0.1728072391909039,0.024277658396885605,0.12149532710280374,0.23711340206185566
1:5,GO:0005525,1,0.06666666666666667,15,0.1728072391909039,0.024277658396885605,0.12149532710280374,0.23711340206185566
1:5,GO:0005543,1,0.06666666666666667,15,0.1728072391909039,0.024277658396885605,0.12149532710280374,0.23711340206185566
1:5,GO:0005654,1,0.06666666666666667,15,0.1728072391909039,0.024277658396885605,0.12149532710280374,0.23711340206185566
1:5,GO:0005665,1,0.06666666666666667,15,0.1728072391909039,0.024277658396885605,0.12149532710280374,0.23711340206185566
1:5,GO:0005666,1,0.06666666666666667,15,0.1728072391909039,0.024277658396885605,0.12149532710280374,0.23711340206185566
1:5,GO:0005680,1,0.06666666666666667,15,0.1728072391909039,0.024277658396885605,0.12149532710280374,0.23711340206185566
1:5,GO:0005681,1,0.06666666666666667,15,0.1728072391909039,0.024277658396885605,0.12149532710280374,0.23711340206185566
1:5,GO:0005741,1,0.06666666666666667,15,0.1728072391909039,0.024277658396885605,0.12149532710280374,0.23711340206185566
1:5,GO:0005771,1,0.06666666666666667,15,0.1728072391909039,0.024277658396885605,0.12149532710280374,0.23711340206185566
1:5,GO:0005773,1,0.06666666666666667,15,0.1728072391909039,0.024277658396885605,0.12149532710280374,0.23711340206185566
1:5,GO:0005819,1,0.06666666666666667,15,0.1728072391909039,0.024277658396885605,0.12149532710280374,0.23711340206185566
1:5,GO:0005840,1,0.06666666666666667,15,0.1728072391909039,0.024277658396885605,0.12149532710280374,0.23711340206185566
1:5,GO:0005856,1,0.06666666666666667,15,0.1728072391909039,0.024277658396885605,0.12149532710280374,0.23711340206185566
1:5,GO:0005876,1,0.06666666666666667,15,0.1728072391909039,0.024277658396885605,0.12149532710280374,0.23711340206185566
1:5,GO:0005938,1,0.06666666666666667,15,0.1728072391909039,0.024277658396885605,0.12149532710280374,0.23711340206185566
1:5,GO:0005992,1,0.06666666666666667,15,0.1728072391909039,0.024277658396885605,0.12149532710280374,0.23711340206185566
1:5,GO:0006281,1,0.06666666666666667,15,0.1728072391909039,0.024277658396885605,0.12149532710280374,0.23711340206185566
1:5,GO:0006302,1,0.06666666666666667,15,0.1728072391909039,0.024277658396885605,0.12149532710280374,0.23711340206185566
1:5,GO:0006310,1,0.06666666666666667,15,0.1728072391909039,0.024277658396885605,0.12149532710280374,0.23711340206185566
1:5,GO:0006338,1,0.06666666666666667,15,0.1728072391909039,0.024277658396885605,0.12149532710280374,0.23711340206185566
1:5,GO:0006364,1,0.06666666666666667,15,0.1728072391909039,0.024277658396885605,0.12149532710280374,0.23711340206185566
1:5,GO:0006400,1,0.06666666666666667,15,0.1728072391909039,0.024277658396885605,0.12149532710280374,0.23711340206185566
1:5,GO:0006468,1,0.06666666666666667,15,0.1728072391909039,0.024277658396885605,0.12149532710280374,0.23711340206185566
1:5,GO:0006499,1,0.06666666666666667,15,0.1728072391909039,0.024277658396885605,0.12149532710280374,0.23711340206185566
1:5,GO:0006508,1,0.06666666666666667,15,0.1728072391909039,0.024277658396885605,0.12149532710280374,0.23711340206185566
1:5,GO:0006623,1,0.06666666666666667,15,0.1728072391909039,0.024277658396885605,0.12149532710280374,0.23711340206185566
1:5,GO:0006631,1,0.06666666666666667,15,0.1728072391909039,0.024277658396885605,0.12149532710280374,0.23711340206185566
1:5,GO:0006633,1,0.06666666666666667,15,0.1728072391909039,0.024277658396885605,0.12149532710280374,0.23711340206185566
1:5,GO:0006816,1,0.06666666666666667,15,0.1728072391909039,0.024277658396885605,0.12149532710280374,0.23711340206185566
1:5,GO:0006833,1,0.06666666666666667,15,0.1728072391909039,0.024277658396885605,0.12149532710280374,0.23711340206185566
1:5,GO:0006874,1,0.06666666666666667,15,0.1728072391909039,0.024277658396885605,0.12149532710280374,0.23711340206185566
1:5,GO:0006879,1,0.06666666666666667,15,0.1728072391909039,0.024277658396885605,0.12149532710280374,0.23711340206185566
1:5,GO:0006887,1,0.06666666666666667,15,0.1728072391909039,0.024277658396885605,0.12149532710280374,0.23711340206185566
1:5,GO:0006891,1,0.06666666666666667,15,0.1728072391909039,0.024277658396885605,0.12149532710280374,0.23711340206185566
1:5,GO:0006900,1,0.06666666666666667,15,0.1728072391909039,0.024277658396885605,0.12149532710280374,0.23711340206185566
1:5,GO:0006906,1,0.06666666666666667,15,0.1728072391909039,0.024277658396885605,0.12149532710280374,0.23711340206185566
1:5,GO:0006950,1,0.06666666666666667,15,0.1728072391909039,0.024277658396885605,0.12149532710280374,0.23711340206185566
1:5,GO:0006952,1,0.06666666666666667,15,0.1728072391909039,0.024277658396885605,0.12149532710280374,0.23711340206185566
1:5,GO:0006974,1,0.06666666666666667,15,0.1728072391909039,0.024277658396885605,0.12149532710280374,0.23711340206185566
1:5,GO:0006979,1,0.06666666666666667,15,0.1728072391909039,0.024277658396885605,0.12149532710280374,0.23711340206185566
1:5,GO:0007017,1,0.06666666666666667,15,0.1728072391909039,0.024277658396885605,0.12149532710280374,0.23711340206185566
1:5,GO:0007018,1,0.06666666666666667,15,0.1728072391909039,0.024277658396885605,0.12149532710280374,0.23711340206185566
1:5,GO:0007030,1,0.06666666666666667,15,0.1728072391909039,0.024277658396885605,0.12149532710280374,0.23711340206185566
1:5,GO:0007033,1,0.06666666666666667,15,0.1728072391909039,0.024277658396885605,0.12149532710280374,0.23711340206185566
1:5,GO:0007166,1,0.06666666666666667,15,0.1728072391909039,0.024277658396885605,0.12149532710280374,0.23711340206185566
1:5,GO:0007623,1,0.06666666666666667,15,0.1728072391909039,0.024277658396885605,0.12149532710280374,0.23711340206185566
1:5,GO:0008137,1,0.06666666666666667,15,0.1728072391909039,0.024277658396885605,0.12149532710280374,0.23711340206185566
1:5,GO:0008168,1,0.06666666666666667,15,0.1728072391909039,0.024277658396885605,0.12149532710280374,0.23711340206185566
1:5,GO:0008198,1,0.06666666666666667,15,0.1728072391909039,0.024277658396885605,0.12149532710280374,0.23711340206185566
1:5,GO:0008285,1,0.06666666666666667,15,0.1728072391909039,0.024277658396885605,0.12149532710280374,0.23711340206185566
1:5,GO:0008289,1,0.06666666666666667,15,0.1728072391909039,0.024277658396885605,0.12149532710280374,0.23711340206185566
1:5,GO:0008320,1,0.06666666666666667,15,0.1728072391909039,0.024277658396885605,0.12149532710280374,0.23711340206185566
1:5,GO:0008374,1,0.06666666666666667,15,0.1728072391909039,0.024277658396885605,0.12149532710280374,0.23711340206185566
1:5,GO:0008380,1,0.06666666666666667,15,0.1728072391909039,0.024277658396885605,0.12149532710280374,0.23711340206185566
1:5,GO:0008514,1,0.06666666666666667,15,0.1728072391909039,0.024277658396885605,0.12149532710280374,0.23711340206185566
1:5,GO:0008757,1,0.06666666666666667,15,0.1728072391909039,0.024277658396885605,0.12149532710280374,0.23711340206185566
1:5,GO:0008810,1,0.06666666666666667,15,0.1728072391909039,0.024277658396885605,0.12149532710280374,0.23711340206185566
1:5,GO:0009055,1,0.06666666666666667,15,0.1728072391909039,0.024277658396885605,0.12149532710280374,0.23711340206185566
1:5,GO:0009269,1,0.06666666666666667,15,0.1728072391909039,0.024277658396885605,0.12149532710280374,0.23711340206185566
1:5,GO:0009409,1,0.06666666666666667,15,0.1728072391909039,0.024277658396885605,0.12149532710280374,0.23711340206185566
1:5,GO:0009506,1,0.06666666666666667,15,0.1728072391909039,0.024277658396885605,0.12149532710280374,0.23711340206185566
1:5,GO:0009524,1,0.06666666666666667,15,0.1728072391909039,0.024277658396885605,0.12149532710280374,0.23711340206185566
1:5,GO:0009532,1,0.06666666666666667,15,0.1728072391909039,0.024277658396885605,0.12149532710280374,0.23711340206185566
1:5,GO:0009534,1,0.06666666666666667,15,0.1728072391909039,0.024277658396885605,0.12149532710280374,0.23711340206185566
1:5,GO:0009561,1,0.06666666666666667,15,0.1728072391909039,0.024277658396885605,0.12149532710280374,0.23711340206185566
1:5,GO:0009567,1,0.06666666666666667,15,0.1728072391909039,0.024277658396885605,0.12149532710280374,0.23711340206185566
1:5,GO:0009611,1,0.06666666666666667,15,0.1728072391909039,0.024277658396885605,0.12149532710280374,0.23711340206185566
1:5,GO:0009615,1,0.06666666666666667,15,0.1728072391909039,0.024277658396885605,0.12149532710280374,0.23711340206185566
1:5,GO:0009617,1,0.06666666666666667,15,0.1728072391909039,0.024277658396885605,0.12149532710280374,0.23711340206185566
1:5,GO:0009620,1,0.06666666666666667,15,0.1728072391909039,0.024277658396885605,0.12149532710280374,0.23711340206185566
1:5,GO:0009626,1,0.06666666666666667,15,0.1728072391909039,0.024277658396885605,0.12149532710280374,0.23711340206185566
1:5,GO:0009631,1,0.06666666666666667,15,0.1728072391909039,0.024277658396885605,0.12149532710280374,0.23711340206185566
1:5,GO:0009638,1,0.06666666666666667,15,0.1728072391909039,0.024277658396885605,0.12149532710280374,0.23711340206185566
1:5,GO:0009644,1,0.06666666666666667,15,0.1728072391909039,0.024277658396885605,0.12149532710280374,0.23711340206185566
1:5,GO:0009646,1,0.06666666666666667,15,0.1728072391909039,0.024277658396885605,0.12149532710280374,0.23711340206185566
1:5,GO:0009664,1,0.06666666666666667,15,0.1728072391909039,0.024277658396885605,0.12149532710280374,0.23711340206185566
1:5,GO:0009693,1,0.06666666666666667,15,0.1728072391909039,0.024277658396885605,0.12149532710280374,0.23711340206185566
1:5,GO:0009694,1,0.06666666666666667,15,0.1728072391909039,0.024277658396885605,0.12149532710280374,0.23711340206185566
1:5,GO:0009696,1,0.06666666666666667,15,0.1728072391909039,0.024277658396885605,0.12149532710280374,0.23711340206185566
1:5,GO:0009705,1,0.06666666666666667,15,0.1728072391909039,0.024277658396885605,0.12149532710280374,0.23711340206185566
1:5,GO:0009707,1,0.06666666666666667,15,0.1728072391909039,0.024277658396885605,0.12149532710280374,0.23711340206185566
1:5,GO:0009723,1,0.06666666666666667,15,0.1728072391909039,0.024277658396885605,0.12149532710280374,0.23711340206185566
1:5,GO:0009733,1,0.06666666666666667,15,0.1728072391909039,0.024277658396885605,0.12149532710280374,0.23711340206185566
1:5,GO:0009734,1,0.06666666666666667,15,0.1728072391909039,0.024277658396885605,0.12149532710280374,0.23711340206185566
1:5,GO:0009736,1,0.06666666666666667,15,0.1728072391909039,0.024277658396885605,0.12149532710280374,0.23711340206185566
1:5,GO:0009738,1,0.06666666666666667,15,0.1728072391909039,0.024277658396885605,0.12149532710280374,0.23711340206185566
1:5,GO:0009740,1,0.06666666666666667,15,0.1728072391909039,0.024277658396885605,0.12149532710280374,0.23711340206185566
1:5,GO:0009744,1,0.06666666666666667,15,0.1728072391909039,0.024277658396885605,0.12149532710280374,0.23711340206185566
1:5,GO:0009749,1,0.06666666666666667,15,0.1728072391909039,0.024277658396885605,0.12149532710280374,0.23711340206185566
1:5,GO:0009751,1,0.06666666666666667,15,0.1728072391909039,0.024277658396885605,0.12149532710280374,0.23711340206185566
1:5,GO:0009753,1,0.06666666666666667,15,0.1728072391909039,0.024277658396885605,0.12149532710280374,0.23711340206185566
1:5,GO:0009755,1,0.06666666666666667,15,0.1728072391909039,0.024277658396885605,0.12149532710280374,0.23711340206185566
1:5,GO:0009813,1,0.06666666666666667,15,0.1728072391909039,0.024277658396885605,0.12149532710280374,0.23711340206185566
1:5,GO:0009826,1,0.06666666666666667,15,0.1728072391909039,0.024277658396885605,0.12149532710280374,0.23711340206185566
1:5,GO:0009828,1,0.06666666666666667,15,0.1728072391909039,0.024277658396885605,0.12149532710280374,0.23711340206185566
1:5,GO:0009832,1,0.06666666666666667,15,0.1728072391909039,0.024277658396885605,0.12149532710280374,0.23711340206185566
1:5,GO:0009846,1,0.06666666666666667,15,0.1728072391909039,0.024277658396885605,0.12149532710280374,0.23711340206185566
1:5,GO:0009860,1,0.06666666666666667,15,0.1728072391909039,0.024277658396885605,0.12149532710280374,0.23711340206185566
1:5,GO:0009863,1,0.06666666666666667,15,0.1728072391909039,0.024277658396885605,0.12149532710280374,0.23711340206185566
1:5,GO:0009867,1,0.06666666666666667,15,0.1728072391909039,0.024277658396885605,0.12149532710280374,0.23711340206185566
1:5,GO:0009911,1,0.06666666666666667,15,0.1728072391909039,0.024277658396885605,0.12149532710280374,0.23711340206185566
1:5,GO:0009931,1,0.06666666666666667,15,0.1728072391909039,0.024277658396885605,0.12149532710280374,0.23711340206185566
1:5,GO:0009941,1,0.06666666666666667,15,0.1728072391909039,0.024277658396885605,0.12149532710280374,0.23711340206185566
1:5,GO:0009944,1,0.06666666666666667,15,0.1728072391909039,0.024277658396885605,0.12149532710280374,0.23711340206185566
1:5,GO:0009959,1,0.06666666666666667,15,0.1728072391909039,0.024277658396885605,0.12149532710280374,0.23711340206185566
1:5,GO:0009960,1,0.06666666666666667,15,0.1728072391909039,0.024277658396885605,0.12149532710280374,0.23711340206185566
1:5,GO:0009965,1,0.06666666666666667,15,0.1728072391909039,0.024277658396885605,0.12149532710280374,0.23711340206185566
1:5,GO:0010008,1,0.06666666666666667,15,0.1728072391909039,0.024277658396885605,0.12149532710280374,0.23711340206185566
1:5,GO:0010029,1,0.06666666666666667,15,0.1728072391909039,0.024277658396885605,0.12149532710280374,0.23711340206185566
1:5,GO:0010043,1,0.06666666666666667,15,0.1728072391909039,0.024277658396885605,0.12149532710280374,0.23711340206185566
1:5,GO:0010053,1,0.06666666666666667,15,0.1728072391909039,0.024277658396885605,0.12149532710280374,0.23711340206185566
1:5,GO:0010073,1,0.06666666666666667,15,0.1728072391909039,0.024277658396885605,0.12149532710280374,0.23711340206185566
1:5,GO:0010087,1,0.06666666666666667,15,0.1728072391909039,0.024277658396885605,0.12149532710280374,0.23711340206185566
1:5,GO:0010088,1,0.06666666666666667,15,0.1728072391909039,0.024277658396885605,0.12149532710280374,0.23711340206185566
1:5,GO:0010090,1,0.06666666666666667,15,0.1728072391909039,0.024277658396885605,0.12149532710280374,0.23711340206185566
1:5,GO:0010091,1,0.06666666666666667,15,0.1728072391909039,0.024277658396885605,0.12149532710280374,0.23711340206185566
1:5,GO:0010114,1,0.06666666666666667,15,0.1728072391909039,0.024277658396885605,0.12149532710280374,0.23711340206185566
1:5,GO:0010118,1,0.06666666666666667,15,0.1728072391909039,0.024277658396885605,0.12149532710280374,0.23711340206185566
1:5,GO:0010150,1,0.06666666666666667,15,0.1728072391909039,0.024277658396885605,0.12149532710280374,0.23711340206185566
1:5,GO:0010181,1,0.06666666666666667,15,0.1728072391909039,0.024277658396885605,0.12149532710280374,0.23711340206185566
1:5,GO:0010187,1,0.06666666666666667,15,0.1728072391909039,0.024277658396885605,0.12149532710280374,0.23711340206185566
1:5,GO:0010193,1,0.06666666666666667,15,0.1728072391909039,0.024277658396885605,0.12149532710280374,0.23711340206185566
1:5,GO:0010218,1,0.06666666666666667,15,0.1728072391909039,0.024277658396885605,0.12149532710280374,0.23711340206185566
1:5,GO:0010224,1,0.06666666666666667,15,0.1728072391909039,0.024277658396885605,0.12149532710280374,0.23711340206185566
1:5,GO:0010227,1,0.06666666666666667,15,0.1728072391909039,0.024277658396885605,0.12149532710280374,0.23711340206185566
1:5,GO:0010268,1,0.06666666666666667,15,0.1728072391909039,0.024277658396885605,0.12149532710280374,0.23711340206185566
1:5,GO:0010286,1,0.06666666666666667,15,0.1728072391909039,0.024277658396885605,0.12149532710280374,0.23711340206185566
1:5,GO:0010305,1,0.06666666666666667,15,0.1728072391909039,0.024277658396885605,0.12149532710280374,0.23711340206185566
1:5,GO:0010319,1,0.06666666666666667,15,0.1728072391909039,0.024277658396885605,0.12149532710280374,0.23711340206185566
1:5,GO:0010494,1,0.06666666666666667,15,0.1728072391909039,0.024277658396885605,0.12149532710280374,0.23711340206185566
1:5,GO:0010629,1,0.06666666666666667,15,0.1728072391909039,0.024277658396885605,0.12149532710280374,0.23711340206185566
1:5,GO:0012501,1,0.06666666666666667,15,0.1728072391909039,0.024277658396885605,0.12149532710280374,0.23711340206185566
1:5,GO:0012505,1,0.06666666666666667,15,0.1728072391909039,0.024277658396885605,0.12149532710280374,0.23711340206185566
1:5,GO:0015020,1,0.06666666666666667,15,0.1728072391909039,0.024277658396885605,0.12149532710280374,0.23711340206185566
1:5,GO:0015095,1,0.06666666666666667,15,0.1728072391909039,0.024277658396885605,0.12149532710280374,0.23711340206185566
1:5,GO:0015144,1,0.06666666666666667,15,0.1728072391909039,0.024277658396885605,0.12149532710280374,0.23711340206185566
1:5,GO:0015706,1,0.06666666666666667,15,0.1728072391909039,0.024277658396885605,0.12149532710280374,0.23711340206185566
1:5,GO:0015995,1,0.06666666666666667,15,0.1728072391909039,0.024277658396885605,0.12149532710280374,0.23711340206185566
1:5,GO:0016102,1,0.06666666666666667,15,0.1728072391909039,0.024277658396885605,0.12149532710280374,0.23711340206185566
1:5,GO:0016310,1,0.06666666666666667,15,0.1728072391909039,0.024277658396885605,0.12149532710280374,0.23711340206185566
1:5,GO:0016324,1,0.06666666666666667,15,0.1728072391909039,0.024277658396885605,0.12149532710280374,0.23711340206185566
1:5,GO:0016413,1,0.06666666666666667,15,0.1728072391909039,0.024277658396885605,0.12149532710280374,0.23711340206185566
1:5,GO:0016592,1,0.06666666666666667,15,0.1728072391909039,0.024277658396885605,0.12149532710280374,0.23711340206185566
1:5,GO:0016604,1,0.06666666666666667,15,0.1728072391909039,0.024277658396885605,0.12149532710280374,0.23711340206185566
1:5,GO:0016607,1,0.06666666666666667,15,0.1728072391909039,0.024277658396885605,0.12149532710280374,0.23711340206185566
1:5,GO:0016616,1,0.06666666666666667,15,0.1728072391909039,0.024277658396885605,0.12149532710280374,0.23711340206185566
1:5,GO:0016747,1,0.06666666666666667,15,0.1728072391909039,0.024277658396885605,0.12149532710280374,0.23711340206185566
1:5,GO:0016762,1,0.06666666666666667,15,0.1728072391909039,0.024277658396885605,0.12149532710280374,0.23711340206185566
1:5,GO:0016788,1,0.06666666666666667,15,0.1728072391909039,0.024277658396885605,0.12149532710280374,0.23711340206185566
1:5,GO:0016829,1,0.06666666666666667,15,0.1728072391909039,0.024277658396885605,0.12149532710280374,0.23711340206185566
1:5,GO:0016887,1,0.06666666666666667,15,0.1728072391909039,0.024277658396885605,0.12149532710280374,0.23711340206185566
1:5,GO:0017018,1,0.06666666666666667,15,0.1728072391909039,0.024277658396885605,0.12149532710280374,0.23711340206185566
1:5,GO:0019005,1,0.06666666666666667,15,0.1728072391909039,0.024277658396885605,0.12149532710280374,0.23711340206185566
1:5,GO:0019843,1,0.06666666666666667,15,0.1728072391909039,0.024277658396885605,0.12149532710280374,0.23711340206185566
1:5,GO:0019915,1,0.06666666666666667,15,0.1728072391909039,0.024277658396885605,0.12149532710280374,0.23711340206185566
1:5,GO:0019953,1,0.06666666666666667,15,0.1728072391909039,0.024277658396885605,0.12149532710280374,0.23711340206185566
1:5,GO:0022627,1,0.06666666666666667,15,0.1728072391909039,0.024277658396885605,0.12149532710280374,0.23711340206185566
1:5,GO:0030154,1,0.06666666666666667,15,0.1728072391909039,0.024277658396885605,0.12149532710280374,0.23711340206185566
1:5,GO:0030247,1,0.06666666666666667,15,0.1728072391909039,0.024277658396885605,0.12149532710280374,0.23711340206185566
1:5,GO:0030527,1,0.06666666666666667,15,0.1728072391909039,0.024277658396885605,0.12149532710280374,0.23711340206185566
1:5,GO:0030570,1,0.06666666666666667,15,0.1728072391909039,0.024277658396885605,0.12149532710280374,0.23711340206185566
1:5,GO:0031011,1,0.06666666666666667,15,0.1728072391909039,0.024277658396885605,0.12149532710280374,0.23711340206185566
1:5,GO:0031386,1,0.06666666666666667,15,0.1728072391909039,0.024277658396885605,0.12149532710280374,0.23711340206185566
1:5,GO:0031410,1,0.06666666666666667,15,0.1728072391909039,0.024277658396885605,0.12149532710280374,0.23711340206185566
1:5,GO:0031624,1,0.06666666666666667,15,0.1728072391909039,0.024277658396885605,0.12149532710280374,0.23711340206185566
1:5,GO:0031977,1,0.06666666666666667,15,0.1728072391909039,0.024277658396885605,0.12149532710280374,0.23711340206185566
1:5,GO:0032502,1,0.06666666666666667,15,0.1728072391909039,0.024277658396885605,0.12149532710280374,0.23711340206185566
1:5,GO:0034599,1,0.06666666666666667,15,0.1728072391909039,0.024277658396885605,0.12149532710280374,0.23711340206185566
1:5,GO:0034605,1,0.06666666666666667,15,0.1728072391909039,0.024277658396885605,0.12149532710280374,0.23711340206185566
1:5,GO:0035091,1,0.06666666666666667,15,0.1728072391909039,0.024277658396885605,0.12149532710280374,0.23711340206185566
1:5,GO:0038023,1,0.06666666666666667,15,0.1728072391909039,0.024277658396885605,0.12149532710280374,0.23711340206185566
1:5,GO:0040029,1,0.06666666666666667,15,0.1728072391909039,0.024277658396885605,0.12149532710280374,0.23711340206185566
1:5,GO:0042127,1,0.06666666666666667,15,0.1728072391909039,0.024277658396885605,0.12149532710280374,0.23711340206185566
1:5,GO:0042538,1,0.06666666666666667,15,0.1728072391909039,0.024277658396885605,0.12149532710280374,0.23711340206185566
1:5,GO:0042542,1,0.06666666666666667,15,0.1728072391909039,0.024277658396885605,0.12149532710280374,0.23711340206185566
1:5,GO:0042742,1,0.06666666666666667,15,0.1728072391909039,0.024277658396885605,0.12149532710280374,0.23711340206185566
1:5,GO:0042744,1,0.06666666666666667,15,0.1728072391909039,0.024277658396885605,0.12149532710280374,0.23711340206185566
1:5,GO:0042761,1,0.06666666666666667,15,0.1728072391909039,0.024277658396885605,0.12149532710280374,0.23711340206185566
1:5,GO:0043069,1,0.06666666666666667,15,0.1728072391909039,0.024277658396885605,0.12149532710280374,0.23711340206185566
1:5,GO:0043531,1,0.06666666666666667,15,0.1728072391909039,0.024277658396885605,0.12149532710280374,0.23711340206185566
1:5,GO:0044024,1,0.06666666666666667,15,0.1728072391909039,0.024277658396885605,0.12149532710280374,0.23711340206185566
1:5,GO:0044183,1,0.06666666666666667,15,0.1728072391909039,0.024277658396885605,0.12149532710280374,0.23711340206185566
1:5,GO:0045037,1,0.06666666666666667,15,0.1728072391909039,0.024277658396885605,0.12149532710280374,0.23711340206185566
1:5,GO:0045088,1,0.06666666666666667,15,0.1728072391909039,0.024277658396885605,0.12149532710280374,0.23711340206185566
1:5,GO:0045454,1,0.06666666666666667,15,0.1728072391909039,0.024277658396885605,0.12149532710280374,0.23711340206185566
1:5,GO:0045892,1,0.06666666666666667,15,0.1728072391909039,0.024277658396885605,0.12149532710280374,0.23711340206185566
1:5,GO:0045893,1,0.06666666666666667,15,0.1728072391909039,0.024277658396885605,0.12149532710280374,0.23711340206185566
1:5,GO:0046686,1,0.06666666666666667,15,0.1728072391909039,0.024277658396885605,0.12149532710280374,0.23711340206185566
1:5,GO:0046872,1,0.06666666666666667,15,0.1728072391909039,0.024277658396885605,0.12149532710280374,0.23711340206185566
1:5,GO:0048235,1,0.06666666666666667,15,0.1728072391909039,0.024277658396885605,0.12149532710280374,0.23711340206185566
1:5,GO:0048278,1,0.06666666666666667,15,0.1728072391909039,0.024277658396885605,0.12149532710280374,0.23711340206185566
1:5,GO:0048316,1,0.06666666666666667,15,0.1728072391909039,0.024277658396885605,0.12149532710280374,0.23711340206185566
1:5,GO:0048367,1,0.06666666666666667,15,0.1728072391909039,0.024277658396885605,0.12149532710280374,0.23711340206185566
1:5,GO:0048510,1,0.06666666666666667,15,0.1728072391909039,0.024277658396885605,0.12149532710280374,0.23711340206185566
1:5,GO:0048527,1,0.06666666666666667,15,0.1728072391909039,0.024277658396885605,0.12149532710280374,0.23711340206185566
1:5,GO:0050661,1,0.06666666666666667,15,0.1728072391909039,0.024277658396885605,0.12149532710280374,0.23711340206185566
1:5,GO:0050821,1,0.06666666666666667,15,0.1728072391909039,0.024277658396885605,0.12149532710280374,0.23711340206185566
1:5,GO:0050832,1,0.06666666666666667,15,0.1728072391909039,0.024277658396885605,0.12149532710280374,0.23711340206185566
1:5,GO:0051225,1,0.06666666666666667,15,0.1728072391909039,0.024277658396885605,0.12149532710280374,0.23711340206185566
1:5,GO:0051301,1,0.06666666666666667,15,0.1728072391909039,0.024277658396885605,0.12149532710280374,0.23711340206185566
1:5,GO:0051555,1,0.06666666666666667,15,0.1728072391909039,0.024277658396885605,0.12149532710280374,0.23711340206185566
1:5,GO:0051603,1,0.06666666666666667,15,0.1728072391909039,0.024277658396885605,0.12149532710280374,0.23711340206185566
1:5,GO:0051607,1,0.06666666666666667,15,0.1728072391909039,0.024277658396885605,0.12149532710280374,0.23711340206185566
1:5,GO:0055028,1,0.06666666666666667,15,0.1728072391909039,0.024277658396885605,0.12149532710280374,0.23711340206185566
1:5,GO:0060586,1,0.06666666666666667,15,0.1728072391909039,0.024277658396885605,0.12149532710280374,0.23711340206185566
1:5,GO:0061025,1,0.06666666666666667,15,0.1728072391909039,0.024277658396885605,0.12149532710280374,0.23711340206185566
1:5,GO:0070971,1,0.06666666666666667,15,0.1728072391909039,0.024277658396885605,0.12149532710280374,0.23711340206185566
1:5,GO:0071011,1,0.06666666666666667,15,0.1728072391909039,0.024277658396885605,0.12149532710280374,0.23711340206185566
1:5,GO:0071215,1,0.06666666666666667,15,0.1728072391909039,0.024277658396885605,0.12149532710280374,0.23711340206185566
1:5,GO:0071456,1,0.06666666666666667,15,0.1728072391909039,0.024277658396885605,0.12149532710280374,0.23711340206185566
1:5,GO:0071472,1,0.06666666666666667,15,0.1728072391909039,0.024277658396885605,0.12149532710280374,0.23711340206185566
1:5,GO:0071577,1,0.06666666666666667,15,0.1728072391909039,0.024277658396885605,0.12149532710280374,0.23711340206185566
1:5,GO:0071949,1,0.06666666666666667,15,0.1728072391909039,0.024277658396885605,0.12149532710280374,0.23711340206185566
1:5,GO:0080022,1,0.06666666666666667,15,0.1728072391909039,0.024277658396885605,0.12149532710280374,0.23711340206185566
1:5,GO:0080092,1,0.06666666666666667,15,0.1728072391909039,0.024277658396885605,0.12149532710280374,0.23711340206185566
1:5,GO:0080155,1,0.06666666666666667,15,0.1728072391909039,0.024277658396885605,0.12149532710280374,0.23711340206185566
1:5,GO:0080156,1,0.06666666666666667,15,0.1728072391909039,0.024277658396885605,0.12149532710280374,0.23711340206185566
1:5,GO:0098542,1,0.06666666666666667,15,0.1728072391909039,0.024277658396885605,0.12149532710280374,0.23711340206185566
1:5,GO:0099402,1,0.06666666666666667,15,0.1728072391909039,0.024277658396885605,0.12149532710280374,0.23711340206185566
1:5,GO:0140825,1,0.06666666666666667,15,0.1728072391909039,0.024277658396885605,0.12149532710280374,0.23711340206185566
1:5,GO:0160062,1,0.06666666666666667,15,0.1728072391909039,0.024277658396885605,0.12149532710280374,0.23711340206185566
1:5,GO:1900057,1,0.06666666666666667,15,0.1728072391909039,0.024277658396885605,0.12149532710280374,0.23711340206185566
1:5,GO:1900150,1,0.06666666666666667,15,0.1728072391909039,0.024277658396885605,0.12149532710280374,0.23711340206185566
1:5,GO:1901149,1,0.06666666666666667,15,0.1728072391909039,0.024277658396885605,0.12149532710280374,0.23711340206185566
1:5,GO:1902600,1,0.06666666666666667,15,0.1728072391909039,0.024277658396885605,0.12149532710280374,0.23711340206185566
1:5,GO:1903409,1,0.06666666666666667,15,0.1728072391909039,0.024277658396885605,0.12149532710280374,0.23711340206185566
1:5,GO:1990110,1,0.06666666666666667,15,0.1728072391909039,0.024277658396885605,0.12149532710280374,0.23711340206185566
1:5,GO:1990904,1,0.06666666666666667,15,0.1728072391909039,0.024277658396885605,0.12149532710280374,0.23711340206185566
1:5,GO:2000022,1,0.06666666666666667,15,0.1728072391909039,0.024277658396885605,0.12149532710280374,0.23711340206185566
1:5,GO:2000028,1,0.06666666666666667,15,0.1728072391909039,0.024277658396885605,0.12149532710280374,0.23711340206185566
1:5,GO:2000280,1,0.06666666666666667,15,0.1728072391909039,0.024277658396885605,0.12149532710280374,0.23711340206185566
