model,config_id,config_index,parameters_json,parameters_sha256,repeat_index,repeat_seed,fold_index,ratio,n_train,n_validation,positive_prevalence,auroc,auprc,normalized_auprc,f1,precision,recall,brier,elapsed_s,scale_pos_weight,selected_go_sha256,train_negative_seed,validation_negative_seed,feature_selection_seed,model_seed,outer_test_used
Random Forest,random_forest_01,1,"{""max_depth"":8,""max_features"":""sqrt"",""n_estimators"":300}",cbb0ab02c8f148fca1bababd79ebfe29c823e1aa8da608a94c36b9c86b27d7bb,0,42,0,1:1,654,164,0.5,0.8639202855443189,0.8313861606423745,0.6627723212847489,0.8167539267015707,0.7155963302752294,0.9512195121951219,0.15265448455496436,0.2243990830029361,,b9f1edb670a53afef5f4c085e90bf5e13a41156251f6667b1a65871f2c4c47e0,1973658644,3715151037,233149161,2399526814,False
Random Forest,random_forest_01,1,"{""max_depth"":8,""max_features"":""sqrt"",""n_estimators"":300}",cbb0ab02c8f148fca1bababd79ebfe29c823e1aa8da608a94c36b9c86b27d7bb,0,42,1,1:1,654,164,0.5,0.8402736466389054,0.8126371611294791,0.6252743222589583,0.7978723404255319,0.7075471698113207,0.9146341463414634,0.15513862408034787,0.22863445803523064,,c59d36017adea2f05186de3822c3dd8c95d35f359f7ff35c586a14db623a3103,2786658438,2191900349,3517737438,2371526345,False
Random Forest,random_forest_01,1,"{""max_depth"":8,""max_features"":""sqrt"",""n_estimators"":300}",cbb0ab02c8f148fca1bababd79ebfe29c823e1aa8da608a94c36b9c86b27d7bb,0,42,2,1:1,654,164,0.5,0.8447352766210589,0.8229330932417847,0.6458661864835693,0.8042328042328042,0.7102803738317757,0.926829268292683,0.15407075315928484,0.2246508749667555,,091c82241439a2f22ad7066be22112027623cd7401cf37ff3920d078a7a913e2,1888399133,2010463502,629780227,48921201,False
Random Forest,random_forest_01,1,"{""max_depth"":8,""max_features"":""sqrt"",""n_estimators"":300}",cbb0ab02c8f148fca1bababd79ebfe29c823e1aa8da608a94c36b9c86b27d7bb,0,42,3,1:1,654,164,0.5,0.8328375966686496,0.79147296180977,0.58294592361954,0.7724867724867724,0.6822429906542056,0.8902439024390244,0.16486809135370187,0.22931708302348852,,971bb2c8d0b3b7495acb94f62ea8741d4ff4e6e52c17cfe1f97b50e8801a1513,1161336969,599905126,3703496083,230894654,False
Random Forest,random_forest_01,1,"{""max_depth"":8,""max_features"":""sqrt"",""n_estimators"":300}",cbb0ab02c8f148fca1bababd79ebfe29c823e1aa8da608a94c36b9c86b27d7bb,0,42,4,1:1,656,162,0.5,0.83493369913123,0.7824650822436108,0.5649301644872216,0.7593582887700535,0.6698113207547169,0.8765432098765432,0.16187913264258166,0.21415083296597004,,78610b63b09a3b3be6828cac4d903ead2c4bc5386d421ebf8e60227a9040ab96,1001834057,624141303,515383750,972393367,False
Random Forest,random_forest_01,1,"{""max_depth"":8,""max_features"":""sqrt"",""n_estimators"":300}",cbb0ab02c8f148fca1bababd79ebfe29c823e1aa8da608a94c36b9c86b27d7bb,1,7,0,1:1,654,164,0.5,0.8359607376561571,0.772899655189305,0.5457993103786101,0.7807486631016043,0.6952380952380952,0.8902439024390244,0.16065711507960434,0.22593449999112636,,74e66c11e57d405efbe19a02f13985423c60121aaf1960175664824578d0255d,2521657055,4094230609,264134123,842399429,False
Random Forest,random_forest_01,1,"{""max_depth"":8,""max_features"":""sqrt"",""n_estimators"":300}",cbb0ab02c8f148fca1bababd79ebfe29c823e1aa8da608a94c36b9c86b27d7bb,1,7,1,1:1,654,164,0.5,0.8314991076740035,0.7820442768226655,0.5640885536453311,0.8172043010752689,0.7307692307692307,0.926829268292683,0.1568914213393728,0.2160954590071924,,850c47286a5ff6cd122bd73c64fe0c130b4f93517aa2f9a4ab0225caa37355f8,3885368634,2431578943,1619142612,2845288631,False
Random Forest,random_forest_01,1,"{""max_depth"":8,""max_features"":""sqrt"",""n_estimators"":300}",cbb0ab02c8f148fca1bababd79ebfe29c823e1aa8da608a94c36b9c86b27d7bb,1,7,2,1:1,654,164,0.5,0.8572278405710887,0.8196624996686113,0.6393249993372225,0.7875647668393783,0.6846846846846847,0.926829268292683,0.1549473062441368,0.22558670898433775,,a58cdcfd42f13eceb650b4e384e38c15ac3d252fa7a9cf51166f33733bec7373,1974496636,1223099430,3474831427,1753096405,False
Random Forest,random_forest_01,1,"{""max_depth"":8,""max_features"":""sqrt"",""n_estimators"":300}",cbb0ab02c8f148fca1bababd79ebfe29c823e1aa8da608a94c36b9c86b27d7bb,1,7,3,1:1,654,164,0.5,0.8218322427126711,0.7832186030331048,0.5664372060662095,0.7741935483870968,0.6923076923076923,0.8780487804878049,0.16455900311959387,0.22067933302605525,,0787429d108adbb8f716a931370780c2b496f9b4a512b716c8c31ecf6b7c002f,2308674788,3336517605,3055848280,3336201630,False
Random Forest,random_forest_01,1,"{""max_depth"":8,""max_features"":""sqrt"",""n_estimators"":300}",cbb0ab02c8f148fca1bababd79ebfe29c823e1aa8da608a94c36b9c86b27d7bb,1,7,4,1:1,656,162,0.5,0.8353909465020576,0.7648729997649417,0.5297459995298834,0.8297872340425532,0.7289719626168224,0.9629629629629629,0.16133699892617775,0.22184883296722546,,fd5a87140a37ffe54b3e77a354b4bd55b27678e3392d3612bcc974fcd938aac7,26843640,2371250898,2203746204,3425021368,False
Random Forest,random_forest_01,1,"{""max_depth"":8,""max_features"":""sqrt"",""n_estimators"":300}",cbb0ab02c8f148fca1bababd79ebfe29c823e1aa8da608a94c36b9c86b27d7bb,2,13,0,1:1,654,164,0.5,0.8219809637120761,0.7968458431220938,0.5936916862441877,0.7582417582417582,0.69,0.8414634146341463,0.16479982751836525,0.21983666700543836,,b1e29c5fe8af2195e9abc0f61c3f3c4d213fca3f89d1193c4a6653fb53126347,4197323642,3493101560,3288021756,261167866,False
Random Forest,random_forest_01,1,"{""max_depth"":8,""max_features"":""sqrt"",""n_estimators"":300}",cbb0ab02c8f148fca1bababd79ebfe29c823e1aa8da608a94c36b9c86b27d7bb,2,13,1,1:1,654,164,0.5,0.8161808447352765,0.7617323407563963,0.5234646815127926,0.7734806629834254,0.7070707070707071,0.8536585365853658,0.1700023177429829,0.2270829170010984,,e3474974719a7c03379f3842f5f95d0ed2107cdd8a6ad009ba26fbebf9498feb,3966191544,1903504230,667876274,3411050692,False
Random Forest,random_forest_01,1,"{""max_depth"":8,""max_features"":""sqrt"",""n_estimators"":300}",cbb0ab02c8f148fca1bababd79ebfe29c823e1aa8da608a94c36b9c86b27d7bb,2,13,2,1:1,654,164,0.5,0.8381915526472339,0.7676278633890323,0.5352557267780647,0.7875647668393783,0.6846846846846847,0.926829268292683,0.1593129771876614,0.22984195803292096,,9a349209c7d3b9bd40965068b2a613107212665860e7bbb02addbf0f67e5d1fd,1319135375,2081672424,66402786,1633975599,False
Random Forest,random_forest_01,1,"{""max_depth"":8,""max_features"":""sqrt"",""n_estimators"":300}",cbb0ab02c8f148fca1bababd79ebfe29c823e1aa8da608a94c36b9c86b27d7bb,2,13,3,1:1,654,164,0.5,0.8444378346222488,0.7799503049837803,0.5599006099675605,0.7978723404255319,0.7075471698113207,0.9146341463414634,0.16109666761498342,0.22699845797615126,,d3ae34fbcfb73c5a1be0c96ad00e7eec3433eb478aea0c91dd2163d7870a83ad,2293279620,3028097891,2933952375,4053831653,False
Random Forest,random_forest_01,1,"{""max_depth"":8,""max_features"":""sqrt"",""n_estimators"":300}",cbb0ab02c8f148fca1bababd79ebfe29c823e1aa8da608a94c36b9c86b27d7bb,2,13,4,1:1,656,162,0.5,0.8640451150739217,0.8176839042625832,0.6353678085251664,0.8409090909090909,0.7789473684210526,0.9135802469135802,0.14744275382960623,0.22150729200802743,,253211c36a4e03f7beb1ba4c6fb38a30d71faa649d183e5779b5f27efb6ce6bf,3410040530,245057234,532155413,762879727,False
Random Forest,random_forest_02,2,"{""max_depth"":8,""max_features"":0.5,""n_estimators"":300}",a3d6533d7687da604e0db012d3b4dfa2ef88bfb5ce688d80a6feb0fe6b9404a9,0,42,0,1:1,654,164,0.5,0.8648126115407495,0.8020229444964937,0.6040458889929874,0.8222222222222222,0.7551020408163265,0.9024390243902439,0.14599798438850695,0.441048749955371,,b9f1edb670a53afef5f4c085e90bf5e13a41156251f6667b1a65871f2c4c47e0,1973658644,3715151037,233149161,2399526814,False
Random Forest,random_forest_02,2,"{""max_depth"":8,""max_features"":0.5,""n_estimators"":300}",a3d6533d7687da604e0db012d3b4dfa2ef88bfb5ce688d80a6feb0fe6b9404a9,0,42,1,1:1,654,164,0.5,0.8273349196906603,0.8011019746041903,0.6022039492083806,0.7593582887700535,0.6761904761904762,0.8658536585365854,0.16416381712291722,0.4694955840241164,,c59d36017adea2f05186de3822c3dd8c95d35f359f7ff35c586a14db623a3103,2786658438,2191900349,3517737438,2371526345,False
Random Forest,random_forest_02,2,"{""max_depth"":8,""max_features"":0.5,""n_estimators"":300}",a3d6533d7687da604e0db012d3b4dfa2ef88bfb5ce688d80a6feb0fe6b9404a9,0,42,2,1:1,654,164,0.5,0.8291195716835217,0.7919481162802076,0.5838962325604151,0.7978723404255319,0.7075471698113207,0.9146341463414634,0.15392312827371232,0.4685847500222735,,091c82241439a2f22ad7066be22112027623cd7401cf37ff3920d078a7a913e2,1888399133,2010463502,629780227,48921201,False
Random Forest,random_forest_02,2,"{""max_depth"":8,""max_features"":0.5,""n_estimators"":300}",a3d6533d7687da604e0db012d3b4dfa2ef88bfb5ce688d80a6feb0fe6b9404a9,0,42,3,1:1,654,164,0.5,0.8582688875669244,0.8051533883124116,0.6103067766248231,0.7777777777777778,0.7142857142857143,0.8536585365853658,0.1482301413808922,0.49972591595724225,,971bb2c8d0b3b7495acb94f62ea8741d4ff4e6e52c17cfe1f97b50e8801a1513,1161336969,599905126,3703496083,230894654,False
Random Forest,random_forest_02,2,"{""max_depth"":8,""max_features"":0.5,""n_estimators"":300}",a3d6533d7687da604e0db012d3b4dfa2ef88bfb5ce688d80a6feb0fe6b9404a9,0,42,4,1:1,656,162,0.5,0.8367626886145404,0.7768535994827797,0.5537071989655593,0.7868852459016393,0.7058823529411765,0.8888888888888888,0.16099933261538713,0.4329297500080429,,78610b63b09a3b3be6828cac4d903ead2c4bc5386d421ebf8e60227a9040ab96,1001834057,624141303,515383750,972393367,False
Random Forest,random_forest_02,2,"{""max_depth"":8,""max_features"":0.5,""n_estimators"":300}",a3d6533d7687da604e0db012d3b4dfa2ef88bfb5ce688d80a6feb0fe6b9404a9,1,7,0,1:1,654,164,0.5,0.8389351576442593,0.7822803542952224,0.5645607085904447,0.806282722513089,0.7064220183486238,0.9390243902439024,0.15539511221316868,0.47810454096179456,,74e66c11e57d405efbe19a02f13985423c60121aaf1960175664824578d0255d,2521657055,4094230609,264134123,842399429,False
Random Forest,random_forest_02,2,"{""max_depth"":8,""max_features"":0.5,""n_estimators"":300}",a3d6533d7687da604e0db012d3b4dfa2ef88bfb5ce688d80a6feb0fe6b9404a9,1,7,1,1:1,654,164,0.5,0.8361094586555622,0.7994174210207496,0.5988348420414993,0.8176795580110497,0.7474747474747475,0.9024390243902439,0.15277363445081907,0.4449569999706,,850c47286a5ff6cd122bd73c64fe0c130b4f93517aa2f9a4ab0225caa37355f8,3885368634,2431578943,1619142612,2845288631,False
Random Forest,random_forest_02,2,"{""max_depth"":8,""max_features"":0.5,""n_estimators"":300}",a3d6533d7687da604e0db012d3b4dfa2ef88bfb5ce688d80a6feb0fe6b9404a9,1,7,2,1:1,654,164,0.5,0.8703152885187388,0.8510696154906967,0.7021392309813934,0.8152173913043478,0.7352941176470589,0.9146341463414634,0.14558186912954138,0.4573213330004364,,a58cdcfd42f13eceb650b4e384e38c15ac3d252fa7a9cf51166f33733bec7373,1974496636,1223099430,3474831427,1753096405,False
Random Forest,random_forest_02,2,"{""max_depth"":8,""max_features"":0.5,""n_estimators"":300}",a3d6533d7687da604e0db012d3b4dfa2ef88bfb5ce688d80a6feb0fe6b9404a9,1,7,3,1:1,654,164,0.5,0.8270374776918501,0.7768084280805145,0.5536168561610291,0.7888888888888889,0.7244897959183674,0.8658536585365854,0.15927160046856897,0.4377472909982316,,0787429d108adbb8f716a931370780c2b496f9b4a512b716c8c31ecf6b7c002f,2308674788,3336517605,3055848280,3336201630,False
Random Forest,random_forest_02,2,"{""max_depth"":8,""max_features"":0.5,""n_estimators"":300}",a3d6533d7687da604e0db012d3b4dfa2ef88bfb5ce688d80a6feb0fe6b9404a9,1,7,4,1:1,656,162,0.5,0.8536808413351623,0.8048402721322256,0.6096805442644513,0.8415300546448088,0.7549019607843137,0.9506172839506173,0.14855625483603088,0.45824654202442616,,fd5a87140a37ffe54b3e77a354b4bd55b27678e3392d3612bcc974fcd938aac7,26843640,2371250898,2203746204,3425021368,False
Random Forest,random_forest_02,2,"{""max_depth"":8,""max_features"":0.5,""n_estimators"":300}",a3d6533d7687da604e0db012d3b4dfa2ef88bfb5ce688d80a6feb0fe6b9404a9,2,13,0,1:1,654,164,0.5,0.8261451516954195,0.795403346930205,0.59080669386041,0.7759562841530054,0.7029702970297029,0.8658536585365854,0.16462152445507183,0.45033450005576015,,b1e29c5fe8af2195e9abc0f61c3f3c4d213fca3f89d1193c4a6653fb53126347,4197323642,3493101560,3288021756,261167866,False
Random Forest,random_forest_02,2,"{""max_depth"":8,""max_features"":0.5,""n_estimators"":300}",a3d6533d7687da604e0db012d3b4dfa2ef88bfb5ce688d80a6feb0fe6b9404a9,2,13,1,1:1,654,164,0.5,0.825698988697204,0.772126778279423,0.544253556558846,0.7909604519774012,0.7368421052631579,0.8536585365853658,0.164398331819118,0.47038616600912064,,e3474974719a7c03379f3842f5f95d0ed2107cdd8a6ad009ba26fbebf9498feb,3966191544,1903504230,667876274,3411050692,False
Random Forest,random_forest_02,2,"{""max_depth"":8,""max_features"":0.5,""n_estimators"":300}",a3d6533d7687da604e0db012d3b4dfa2ef88bfb5ce688d80a6feb0fe6b9404a9,2,13,2,1:1,654,164,0.5,0.838340273646639,0.7752201837806239,0.5504403675612477,0.7914438502673797,0.7047619047619048,0.9024390243902439,0.15663664062248628,0.4932705410174094,,9a349209c7d3b9bd40965068b2a613107212665860e7bbb02addbf0f67e5d1fd,1319135375,2081672424,66402786,1633975599,False
Random Forest,random_forest_02,2,"{""max_depth"":8,""max_features"":0.5,""n_estimators"":300}",a3d6533d7687da604e0db012d3b4dfa2ef88bfb5ce688d80a6feb0fe6b9404a9,2,13,3,1:1,654,164,0.5,0.8459250446162998,0.7781898743596898,0.5563797487193796,0.8167539267015707,0.7155963302752294,0.9512195121951219,0.15423413729430863,0.4608522920170799,,d3ae34fbcfb73c5a1be0c96ad00e7eec3433eb478aea0c91dd2163d7870a83ad,2293279620,3028097891,2933952375,4053831653,False
Random Forest,random_forest_02,2,"{""max_depth"":8,""max_features"":0.5,""n_estimators"":300}",a3d6533d7687da604e0db012d3b4dfa2ef88bfb5ce688d80a6feb0fe6b9404a9,2,13,4,1:1,656,162,0.5,0.8643499466544733,0.8029422803714563,0.6058845607429126,0.8390804597701149,0.7849462365591398,0.9012345679012346,0.13834239462773731,0.45326345798093826,,253211c36a4e03f7beb1ba4c6fb38a30d71faa649d183e5779b5f27efb6ce6bf,3410040530,245057234,532155413,762879727,False
Random Forest,random_forest_03,3,"{""max_depth"":10,""max_features"":""sqrt"",""n_estimators"":300}",c0bb7d0b9e7faf9801fe2c6e2cd49541ab48729b14a041226992370c5e2ca242,0,42,0,1:1,654,164,0.5,0.8619869125520523,0.8298622735642073,0.6597245471284146,0.8210526315789474,0.7222222222222222,0.9512195121951219,0.1509507344045256,0.24368237500311807,,b9f1edb670a53afef5f4c085e90bf5e13a41156251f6667b1a65871f2c4c47e0,1973658644,3715151037,233149161,2399526814,False
Random Forest,random_forest_03,3,"{""max_depth"":10,""max_features"":""sqrt"",""n_estimators"":300}",c0bb7d0b9e7faf9801fe2c6e2cd49541ab48729b14a041226992370c5e2ca242,0,42,1,1:1,654,164,0.5,0.8439916716240333,0.819169545413065,0.6383390908261299,0.7956989247311828,0.7115384615384616,0.9024390243902439,0.15378618040072684,0.239387915993575,,c59d36017adea2f05186de3822c3dd8c95d35f359f7ff35c586a14db623a3103,2786658438,2191900349,3517737438,2371526345,False
Random Forest,random_forest_03,3,"{""max_depth"":10,""max_features"":""sqrt"",""n_estimators"":300}",c0bb7d0b9e7faf9801fe2c6e2cd49541ab48729b14a041226992370c5e2ca242,0,42,2,1:1,654,164,0.5,0.8466686496133253,0.8208837616286317,0.6417675232572635,0.8042328042328042,0.7102803738317757,0.926829268292683,0.15105509616839932,0.2372828330262564,,091c82241439a2f22ad7066be22112027623cd7401cf37ff3920d078a7a913e2,1888399133,2010463502,629780227,48921201,False
Random Forest,random_forest_03,3,"{""max_depth"":10,""max_features"":""sqrt"",""n_estimators"":300}",c0bb7d0b9e7faf9801fe2c6e2cd49541ab48729b14a041226992370c5e2ca242,0,42,3,1:1,654,164,0.5,0.8429506246281976,0.798191794566317,0.5963835891326339,0.783068783068783,0.6915887850467289,0.9024390243902439,0.1601180089162644,0.24558595899725333,,971bb2c8d0b3b7495acb94f62ea8741d4ff4e6e52c17cfe1f97b50e8801a1513,1161336969,599905126,3703496083,230894654,False
Random Forest,random_forest_03,3,"{""max_depth"":10,""max_features"":""sqrt"",""n_estimators"":300}",c0bb7d0b9e7faf9801fe2c6e2cd49541ab48729b14a041226992370c5e2ca242,0,42,4,1:1,656,162,0.5,0.8381344307270233,0.7860807145089967,0.5721614290179935,0.7717391304347826,0.6893203883495146,0.8765432098765432,0.1604500491325854,0.22988250001799315,,78610b63b09a3b3be6828cac4d903ead2c4bc5386d421ebf8e60227a9040ab96,1001834057,624141303,515383750,972393367,False
Random Forest,random_forest_03,3,"{""max_depth"":10,""max_features"":""sqrt"",""n_estimators"":300}",c0bb7d0b9e7faf9801fe2c6e2cd49541ab48729b14a041226992370c5e2ca242,1,7,0,1:1,654,164,0.5,0.8511302795954789,0.7861492452192118,0.5722984904384236,0.8105263157894737,0.7129629629629629,0.9390243902439024,0.15654948122232915,0.23924954200629145,,74e66c11e57d405efbe19a02f13985423c60121aaf1960175664824578d0255d,2521657055,4094230609,264134123,842399429,False
Random Forest,random_forest_03,3,"{""max_depth"":10,""max_features"":""sqrt"",""n_estimators"":300}",c0bb7d0b9e7faf9801fe2c6e2cd49541ab48729b14a041226992370c5e2ca242,1,7,1,1:1,654,164,0.5,0.8301606186793575,0.7894236478356251,0.5788472956712503,0.8021978021978022,0.73,0.8902439024390244,0.15759300305675994,0.2314434580039233,,850c47286a5ff6cd122bd73c64fe0c130b4f93517aa2f9a4ab0225caa37355f8,3885368634,2431578943,1619142612,2845288631,False
Random Forest,random_forest_03,3,"{""max_depth"":10,""max_features"":""sqrt"",""n_estimators"":300}",c0bb7d0b9e7faf9801fe2c6e2cd49541ab48729b14a041226992370c5e2ca242,1,7,2,1:1,654,164,0.5,0.8685306365258775,0.8518564764268111,0.7037129528536221,0.8085106382978723,0.7169811320754716,0.926829268292683,0.15001213824098328,0.24020916601875797,,a58cdcfd42f13eceb650b4e384e38c15ac3d252fa7a9cf51166f33733bec7373,1974496636,1223099430,3474831427,1753096405,False
Random Forest,random_forest_03,3,"{""max_depth"":10,""max_features"":""sqrt"",""n_estimators"":300}",c0bb7d0b9e7faf9801fe2c6e2cd49541ab48729b14a041226992370c5e2ca242,1,7,3,1:1,654,164,0.5,0.8181142177275431,0.7895945858354667,0.5791891716709334,0.7717391304347826,0.696078431372549,0.8658536585365854,0.16355376398474328,0.23085900000296533,,0787429d108adbb8f716a931370780c2b496f9b4a512b716c8c31ecf6b7c002f,2308674788,3336517605,3055848280,3336201630,False
Random Forest,random_forest_03,3,"{""max_depth"":10,""max_features"":""sqrt"",""n_estimators"":300}",c0bb7d0b9e7faf9801fe2c6e2cd49541ab48729b14a041226992370c5e2ca242,1,7,4,1:1,656,162,0.5,0.8491083676268861,0.7916224153859243,0.5832448307718485,0.8432432432432433,0.75,0.9629629629629629,0.15628254801876082,0.23815316701075062,,fd5a87140a37ffe54b3e77a354b4bd55b27678e3392d3612bcc974fcd938aac7,26843640,2371250898,2203746204,3425021368,False
Random Forest,random_forest_03,3,"{""max_depth"":10,""max_features"":""sqrt"",""n_estimators"":300}",c0bb7d0b9e7faf9801fe2c6e2cd49541ab48729b14a041226992370c5e2ca242,2,13,0,1:1,654,164,0.5,0.8262938726948246,0.8018798006760228,0.6037596013520456,0.7692307692307693,0.7,0.8536585365853658,0.161670573065238,0.2390776249812916,,b1e29c5fe8af2195e9abc0f61c3f3c4d213fca3f89d1193c4a6653fb53126347,4197323642,3493101560,3288021756,261167866,False
Random Forest,random_forest_03,3,"{""max_depth"":10,""max_features"":""sqrt"",""n_estimators"":300}",c0bb7d0b9e7faf9801fe2c6e2cd49541ab48729b14a041226992370c5e2ca242,2,13,1,1:1,654,164,0.5,0.8234681737061273,0.7695139403000736,0.5390278806001472,0.7955801104972375,0.7272727272727273,0.8780487804878049,0.16584734924006655,0.24901679204776883,,e3474974719a7c03379f3842f5f95d0ed2107cdd8a6ad009ba26fbebf9498feb,3966191544,1903504230,667876274,3411050692,False
Random Forest,random_forest_03,3,"{""max_depth"":10,""max_features"":""sqrt"",""n_estimators"":300}",c0bb7d0b9e7faf9801fe2c6e2cd49541ab48729b14a041226992370c5e2ca242,2,13,2,1:1,654,164,0.5,0.83982748364069,0.7793492593801545,0.5586985187603091,0.7724867724867724,0.6822429906542056,0.8902439024390244,0.1573630001292228,0.24896583298686892,,9a349209c7d3b9bd40965068b2a613107212665860e7bbb02addbf0f67e5d1fd,1319135375,2081672424,66402786,1633975599,False
Random Forest,random_forest_03,3,"{""max_depth"":10,""max_features"":""sqrt"",""n_estimators"":300}",c0bb7d0b9e7faf9801fe2c6e2cd49541ab48729b14a041226992370c5e2ca242,2,13,3,1:1,654,164,0.5,0.8508328375966687,0.7758259277139463,0.5516518554278926,0.8191489361702128,0.7264150943396226,0.9390243902439024,0.1573653957338059,0.2445992500288412,,d3ae34fbcfb73c5a1be0c96ad00e7eec3433eb478aea0c91dd2163d7870a83ad,2293279620,3028097891,2933952375,4053831653,False
Random Forest,random_forest_03,3,"{""max_depth"":10,""max_features"":""sqrt"",""n_estimators"":300}",c0bb7d0b9e7faf9801fe2c6e2cd49541ab48729b14a041226992370c5e2ca242,2,13,4,1:1,656,162,0.5,0.8632830361225423,0.8154191522424169,0.6308383044848338,0.8409090909090909,0.7789473684210526,0.9135802469135802,0.14478910010213766,0.23697208298835903,,253211c36a4e03f7beb1ba4c6fb38a30d71faa649d183e5779b5f27efb6ce6bf,3410040530,245057234,532155413,762879727,False
Random Forest,random_forest_04,4,"{""max_depth"":10,""max_features"":0.5,""n_estimators"":300}",dd0abca8e748bfa63a537c4836c4bf3defcd7da330aef7178924e1790c857305,0,42,0,1:1,654,164,0.5,0.857674003569304,0.7965841010333825,0.593168202066765,0.8287292817679558,0.7575757575757576,0.9146341463414634,0.14781393758200922,0.47898779198294505,,b9f1edb670a53afef5f4c085e90bf5e13a41156251f6667b1a65871f2c4c47e0,1973658644,3715151037,233149161,2399526814,False
Random Forest,random_forest_04,4,"{""max_depth"":10,""max_features"":0.5,""n_estimators"":300}",dd0abca8e748bfa63a537c4836c4bf3defcd7da330aef7178924e1790c857305,0,42,1,1:1,654,164,0.5,0.823022010707912,0.7880391023321858,0.5760782046643715,0.7807486631016043,0.6952380952380952,0.8902439024390244,0.1654262263346869,0.5072012500022538,,c59d36017adea2f05186de3822c3dd8c95d35f359f7ff35c586a14db623a3103,2786658438,2191900349,3517737438,2371526345,False
Random Forest,random_forest_04,4,"{""max_depth"":10,""max_features"":0.5,""n_estimators"":300}",dd0abca8e748bfa63a537c4836c4bf3defcd7da330aef7178924e1790c857305,0,42,2,1:1,654,164,0.5,0.8197501487209994,0.7787595600596489,0.5575191201192977,0.8042328042328042,0.7102803738317757,0.926829268292683,0.15700452538825826,0.5027912500081584,,091c82241439a2f22ad7066be22112027623cd7401cf37ff3920d078a7a913e2,1888399133,2010463502,629780227,48921201,False
Random Forest,random_forest_04,4,"{""max_depth"":10,""max_features"":0.5,""n_estimators"":300}",dd0abca8e748bfa63a537c4836c4bf3defcd7da330aef7178924e1790c857305,0,42,3,1:1,654,164,0.5,0.8587150505651397,0.8102759105210785,0.620551821042157,0.7865168539325843,0.7291666666666666,0.8536585365853658,0.14894764634129265,0.5390628329478204,,971bb2c8d0b3b7495acb94f62ea8741d4ff4e6e52c17cfe1f97b50e8801a1513,1161336969,599905126,3703496083,230894654,False
Random Forest,random_forest_04,4,"{""max_depth"":10,""max_features"":0.5,""n_estimators"":300}",dd0abca8e748bfa63a537c4836c4bf3defcd7da330aef7178924e1790c857305,0,42,4,1:1,656,162,0.5,0.8337143728090229,0.7607054954418069,0.5214109908836138,0.7912087912087912,0.7128712871287128,0.8888888888888888,0.1616110167301419,0.46339433296816424,,78610b63b09a3b3be6828cac4d903ead2c4bc5386d421ebf8e60227a9040ab96,1001834057,624141303,515383750,972393367,False
Random Forest,random_forest_04,4,"{""max_depth"":10,""max_features"":0.5,""n_estimators"":300}",dd0abca8e748bfa63a537c4836c4bf3defcd7da330aef7178924e1790c857305,1,7,0,1:1,654,164,0.5,0.8523200475907198,0.7852714514665251,0.5705429029330502,0.7978723404255319,0.7075471698113207,0.9146341463414634,0.1526690535946178,0.5144416670082137,,74e66c11e57d405efbe19a02f13985423c60121aaf1960175664824578d0255d,2521657055,4094230609,264134123,842399429,False
Random Forest,random_forest_04,4,"{""max_depth"":10,""max_features"":0.5,""n_estimators"":300}",dd0abca8e748bfa63a537c4836c4bf3defcd7da330aef7178924e1790c857305,1,7,1,1:1,654,164,0.5,0.8428019036287924,0.8153144740818232,0.6306289481636465,0.8044692737430168,0.7422680412371134,0.8780487804878049,0.15131576241634226,0.47807574999751523,,850c47286a5ff6cd122bd73c64fe0c130b4f93517aa2f9a4ab0225caa37355f8,3885368634,2431578943,1619142612,2845288631,False
Random Forest,random_forest_04,4,"{""max_depth"":10,""max_features"":0.5,""n_estimators"":300}",dd0abca8e748bfa63a537c4836c4bf3defcd7da330aef7178924e1790c857305,1,7,2,1:1,654,164,0.5,0.8698691255205235,0.849441114272084,0.698882228544168,0.8131868131868132,0.74,0.9024390243902439,0.14515029161524373,0.4951249579899013,,a58cdcfd42f13eceb650b4e384e38c15ac3d252fa7a9cf51166f33733bec7373,1974496636,1223099430,3474831427,1753096405,False
Random Forest,random_forest_04,4,"{""max_depth"":10,""max_features"":0.5,""n_estimators"":300}",dd0abca8e748bfa63a537c4836c4bf3defcd7da330aef7178924e1790c857305,1,7,3,1:1,654,164,0.5,0.8196014277215944,0.7712641774137619,0.5425283548275237,0.7865168539325843,0.7291666666666666,0.8536585365853658,0.16239180977985126,0.4765280000283383,,0787429d108adbb8f716a931370780c2b496f9b4a512b716c8c31ecf6b7c002f,2308674788,3336517605,3055848280,3336201630,False
Random Forest,random_forest_04,4,"{""max_depth"":10,""max_features"":0.5,""n_estimators"":300}",dd0abca8e748bfa63a537c4836c4bf3defcd7da330aef7178924e1790c857305,1,7,4,1:1,656,162,0.5,0.8422496570644719,0.7876835646083753,0.5753671292167506,0.8351648351648352,0.7524752475247525,0.9382716049382716,0.1522425239843422,0.4928717089933343,,fd5a87140a37ffe54b3e77a354b4bd55b27678e3392d3612bcc974fcd938aac7,26843640,2371250898,2203746204,3425021368,False
Random Forest,random_forest_04,4,"{""max_depth"":10,""max_features"":0.5,""n_estimators"":300}",dd0abca8e748bfa63a537c4836c4bf3defcd7da330aef7178924e1790c857305,2,13,0,1:1,654,164,0.5,0.8380428316478287,0.8135648179650832,0.6271296359301664,0.770949720670391,0.711340206185567,0.8414634146341463,0.16152722961197544,0.4834512920351699,,b1e29c5fe8af2195e9abc0f61c3f3c4d213fca3f89d1193c4a6653fb53126347,4197323642,3493101560,3288021756,261167866,False
Random Forest,random_forest_04,4,"{""max_depth"":10,""max_features"":0.5,""n_estimators"":300}",dd0abca8e748bfa63a537c4836c4bf3defcd7da330aef7178924e1790c857305,2,13,1,1:1,654,164,0.5,0.8215348007138608,0.7579776826832535,0.515955365366507,0.7885714285714286,0.7419354838709677,0.8414634146341463,0.166242879223719,0.5078987079905346,,e3474974719a7c03379f3842f5f95d0ed2107cdd8a6ad009ba26fbebf9498feb,3966191544,1903504230,667876274,3411050692,False
Random Forest,random_forest_04,4,"{""max_depth"":10,""max_features"":0.5,""n_estimators"":300}",dd0abca8e748bfa63a537c4836c4bf3defcd7da330aef7178924e1790c857305,2,13,2,1:1,654,164,0.5,0.834770969660916,0.782964486187369,0.565928972374738,0.8064516129032258,0.7211538461538461,0.9146341463414634,0.15858161284304118,0.5309649579576217,,9a349209c7d3b9bd40965068b2a613107212665860e7bbb02addbf0f67e5d1fd,1319135375,2081672424,66402786,1633975599,False
Random Forest,random_forest_04,4,"{""max_depth"":10,""max_features"":0.5,""n_estimators"":300}",dd0abca8e748bfa63a537c4836c4bf3defcd7da330aef7178924e1790c857305,2,13,3,1:1,654,164,0.5,0.8505353955978584,0.7858065908216518,0.5716131816433037,0.8210526315789474,0.7222222222222222,0.9512195121951219,0.1528728689507482,0.5017280420288444,,d3ae34fbcfb73c5a1be0c96ad00e7eec3433eb478aea0c91dd2163d7870a83ad,2293279620,3028097891,2933952375,4053831653,False
Random Forest,random_forest_04,4,"{""max_depth"":10,""max_features"":0.5,""n_estimators"":300}",dd0abca8e748bfa63a537c4836c4bf3defcd7da330aef7178924e1790c857305,2,13,4,1:1,656,162,0.5,0.8687700045724737,0.814641969554953,0.6292839391099061,0.8372093023255814,0.7912087912087912,0.8888888888888888,0.1383936780016862,0.494964582961984,,253211c36a4e03f7beb1ba4c6fb38a30d71faa649d183e5779b5f27efb6ce6bf,3410040530,245057234,532155413,762879727,False
Random Forest,random_forest_05,5,"{""max_depth"":null,""max_features"":""sqrt"",""n_estimators"":300}",4d0e3f89b530aca66d641dc6b55f886e64621ad37b8308e71369c99396d7a370,0,42,0,1:1,654,164,0.5,0.8808001189767996,0.8431339082633929,0.6862678165267857,0.8351648351648352,0.76,0.926829268292683,0.14378563685636855,0.2582830829778686,,b9f1edb670a53afef5f4c085e90bf5e13a41156251f6667b1a65871f2c4c47e0,1973658644,3715151037,233149161,2399526814,False
Random Forest,random_forest_05,5,"{""max_depth"":null,""max_features"":""sqrt"",""n_estimators"":300}",4d0e3f89b530aca66d641dc6b55f886e64621ad37b8308e71369c99396d7a370,0,42,1,1:1,654,164,0.5,0.8451070791195716,0.8177766360587789,0.6355532721175579,0.8,0.7184466019417476,0.9024390243902439,0.153769918699187,0.26552495802752674,,c59d36017adea2f05186de3822c3dd8c95d35f359f7ff35c586a14db623a3103,2786658438,2191900349,3517737438,2371526345,False
Random Forest,random_forest_05,5,"{""max_depth"":null,""max_features"":""sqrt"",""n_estimators"":300}",4d0e3f89b530aca66d641dc6b55f886e64621ad37b8308e71369c99396d7a370,0,42,2,1:1,654,164,0.5,0.8413890541344436,0.8135501318555559,0.6271002637111118,0.7978723404255319,0.7075471698113207,0.9146341463414634,0.15111897018970188,0.2667911250027828,,091c82241439a2f22ad7066be22112027623cd7401cf37ff3920d078a7a913e2,1888399133,2010463502,629780227,48921201,False
Random Forest,random_forest_05,5,"{""max_depth"":null,""max_features"":""sqrt"",""n_estimators"":300}",4d0e3f89b530aca66d641dc6b55f886e64621ad37b8308e71369c99396d7a370,0,42,3,1:1,654,164,0.5,0.843545508625818,0.800772023208863,0.601544046417726,0.7486631016042781,0.6666666666666666,0.8536585365853658,0.1589710027100271,0.27717229101108387,,971bb2c8d0b3b7495acb94f62ea8741d4ff4e6e52c17cfe1f97b50e8801a1513,1161336969,599905126,3703496083,230894654,False
Random Forest,random_forest_05,5,"{""max_depth"":null,""max_features"":""sqrt"",""n_estimators"":300}",4d0e3f89b530aca66d641dc6b55f886e64621ad37b8308e71369c99396d7a370,0,42,4,1:1,656,162,0.5,0.8284560280445055,0.7747473340761282,0.5494946681522563,0.7868852459016393,0.7058823529411765,0.8888888888888888,0.16325644718792867,0.25602329103276134,,78610b63b09a3b3be6828cac4d903ead2c4bc5386d421ebf8e60227a9040ab96,1001834057,624141303,515383750,972393367,False
Random Forest,random_forest_05,5,"{""max_depth"":null,""max_features"":""sqrt"",""n_estimators"":300}",4d0e3f89b530aca66d641dc6b55f886e64621ad37b8308e71369c99396d7a370,1,7,0,1:1,654,164,0.5,0.8547739440809042,0.7940230833700994,0.5880461667401988,0.7978723404255319,0.7075471698113207,0.9146341463414634,0.15433631436314366,0.2660189580055885,,74e66c11e57d405efbe19a02f13985423c60121aaf1960175664824578d0255d,2521657055,4094230609,264134123,842399429,False
Random Forest,random_forest_05,5,"{""max_depth"":null,""max_features"":""sqrt"",""n_estimators"":300}",4d0e3f89b530aca66d641dc6b55f886e64621ad37b8308e71369c99396d7a370,1,7,1,1:1,654,164,0.5,0.8181885782272457,0.7634175017503941,0.5268350035007883,0.7932960893854749,0.7319587628865979,0.8658536585365854,0.15888184281842818,0.27131845796247944,,850c47286a5ff6cd122bd73c64fe0c130b4f93517aa2f9a4ab0225caa37355f8,3885368634,2431578943,1619142612,2845288631,False
Random Forest,random_forest_05,5,"{""max_depth"":null,""max_features"":""sqrt"",""n_estimators"":300}",4d0e3f89b530aca66d641dc6b55f886e64621ad37b8308e71369c99396d7a370,1,7,2,1:1,654,164,0.5,0.8662998215348007,0.8489696687729571,0.6979393375459142,0.8128342245989305,0.7238095238095238,0.926829268292683,0.14855237127371276,0.2616235840250738,,a58cdcfd42f13eceb650b4e384e38c15ac3d252fa7a9cf51166f33733bec7373,1974496636,1223099430,3474831427,1753096405,False
Random Forest,random_forest_05,5,"{""max_depth"":null,""max_features"":""sqrt"",""n_estimators"":300}",4d0e3f89b530aca66d641dc6b55f886e64621ad37b8308e71369c99396d7a370,1,7,3,1:1,654,164,0.5,0.8242117787031529,0.7925936383763821,0.5851872767527642,0.7666666666666667,0.7040816326530612,0.8414634146341463,0.1615048780487805,0.2578273330000229,,0787429d108adbb8f716a931370780c2b496f9b4a512b716c8c31ecf6b7c002f,2308674788,3336517605,3055848280,3336201630,False
Random Forest,random_forest_05,5,"{""max_depth"":null,""max_features"":""sqrt"",""n_estimators"":300}",4d0e3f89b530aca66d641dc6b55f886e64621ad37b8308e71369c99396d7a370,1,7,4,1:1,656,162,0.5,0.8510135650053345,0.7950603080502656,0.5901206161005312,0.8202247191011236,0.7525773195876289,0.9012345679012346,0.15401392318244173,0.2687445830088109,,fd5a87140a37ffe54b3e77a354b4bd55b27678e3392d3612bcc974fcd938aac7,26843640,2371250898,2203746204,3425021368,False
Random Forest,random_forest_05,5,"{""max_depth"":null,""max_features"":""sqrt"",""n_estimators"":300}",4d0e3f89b530aca66d641dc6b55f886e64621ad37b8308e71369c99396d7a370,2,13,0,1:1,654,164,0.5,0.8326888756692444,0.8148590678738621,0.6297181357477242,0.7457627118644068,0.6947368421052632,0.8048780487804879,0.15996375338753385,0.26334937498904765,,b1e29c5fe8af2195e9abc0f61c3f3c4d213fca3f89d1193c4a6653fb53126347,4197323642,3493101560,3288021756,261167866,False
Random Forest,random_forest_05,5,"{""max_depth"":null,""max_features"":""sqrt"",""n_estimators"":300}",4d0e3f89b530aca66d641dc6b55f886e64621ad37b8308e71369c99396d7a370,2,13,1,1:1,654,164,0.5,0.8223527662105888,0.7731024004949003,0.5462048009898006,0.7796610169491526,0.7263157894736842,0.8414634146341463,0.16481070460704605,0.2633326249779202,,e3474974719a7c03379f3842f5f95d0ed2107cdd8a6ad009ba26fbebf9498feb,3966191544,1903504230,667876274,3411050692,False
Random Forest,random_forest_05,5,"{""max_depth"":null,""max_features"":""sqrt"",""n_estimators"":300}",4d0e3f89b530aca66d641dc6b55f886e64621ad37b8308e71369c99396d7a370,2,13,2,1:1,654,164,0.5,0.8439916716240333,0.7930484149098548,0.5860968298197096,0.7872340425531915,0.6981132075471698,0.9024390243902439,0.15618042005420055,0.27274324995232746,,9a349209c7d3b9bd40965068b2a613107212665860e7bbb02addbf0f67e5d1fd,1319135375,2081672424,66402786,1633975599,False
Random Forest,random_forest_05,5,"{""max_depth"":null,""max_features"":""sqrt"",""n_estimators"":300}",4d0e3f89b530aca66d641dc6b55f886e64621ad37b8308e71369c99396d7a370,2,13,3,1:1,654,164,0.5,0.8566329565734682,0.7894267466294437,0.5788534932588874,0.8253968253968254,0.7289719626168224,0.9512195121951219,0.1553826558265583,0.2727885839994997,,d3ae34fbcfb73c5a1be0c96ad00e7eec3433eb478aea0c91dd2163d7870a83ad,2293279620,3028097891,2933952375,4053831653,False
Random Forest,random_forest_05,5,"{""max_depth"":null,""max_features"":""sqrt"",""n_estimators"":300}",4d0e3f89b530aca66d641dc6b55f886e64621ad37b8308e71369c99396d7a370,2,13,4,1:1,656,162,0.5,0.8697607072092669,0.8259256254463001,0.6518512508926002,0.8390804597701149,0.7849462365591398,0.9012345679012346,0.14191289437585733,0.26416595798218623,,253211c36a4e03f7beb1ba4c6fb38a30d71faa649d183e5779b5f27efb6ce6bf,3410040530,245057234,532155413,762879727,False
Random Forest,random_forest_06,6,"{""max_depth"":null,""max_features"":0.5,""n_estimators"":300}",3dc84baebdcb3f0294578f249e7884e211145577cf295e5152caccf2a5291927,0,42,0,1:1,654,164,0.5,0.8662254610350981,0.8080793272957841,0.6161586545915683,0.8087431693989071,0.7326732673267327,0.9024390243902439,0.1457428184281843,0.5230710830073804,,b9f1edb670a53afef5f4c085e90bf5e13a41156251f6667b1a65871f2c4c47e0,1973658644,3715151037,233149161,2399526814,False
Random Forest,random_forest_06,6,"{""max_depth"":null,""max_features"":0.5,""n_estimators"":300}",3dc84baebdcb3f0294578f249e7884e211145577cf295e5152caccf2a5291927,0,42,1,1:1,654,164,0.5,0.826888756692445,0.7987376434503788,0.5974752869007576,0.7608695652173914,0.6862745098039216,0.8536585365853658,0.16481273712737127,0.5528285000473261,,c59d36017adea2f05186de3822c3dd8c95d35f359f7ff35c586a14db623a3103,2786658438,2191900349,3517737438,2371526345,False
Random Forest,random_forest_06,6,"{""max_depth"":null,""max_features"":0.5,""n_estimators"":300}",3dc84baebdcb3f0294578f249e7884e211145577cf295e5152caccf2a5291927,0,42,2,1:1,654,164,0.5,0.8207168352171327,0.7768789431024922,0.5537578862049843,0.7978723404255319,0.7075471698113207,0.9146341463414634,0.15721517615176153,0.5542129580280744,,091c82241439a2f22ad7066be22112027623cd7401cf37ff3920d078a7a913e2,1888399133,2010463502,629780227,48921201,False
Random Forest,random_forest_06,6,"{""max_depth"":null,""max_features"":0.5,""n_estimators"":300}",3dc84baebdcb3f0294578f249e7884e211145577cf295e5152caccf2a5291927,0,42,3,1:1,654,164,0.5,0.8658536585365854,0.8189817905414164,0.6379635810828328,0.7954545454545454,0.7446808510638298,0.8536585365853658,0.14685934959349595,0.5946102079469711,,971bb2c8d0b3b7495acb94f62ea8741d4ff4e6e52c17cfe1f97b50e8801a1513,1161336969,599905126,3703496083,230894654,False
Random Forest,random_forest_06,6,"{""max_depth"":null,""max_features"":0.5,""n_estimators"":300}",3dc84baebdcb3f0294578f249e7884e211145577cf295e5152caccf2a5291927,0,42,4,1:1,656,162,0.5,0.8296753543667124,0.768624043508874,0.5372480870177481,0.7845303867403315,0.71,0.8765432098765432,0.1629945816186557,0.5123628750443459,,78610b63b09a3b3be6828cac4d903ead2c4bc5386d421ebf8e60227a9040ab96,1001834057,624141303,515383750,972393367,False
Random Forest,random_forest_06,6,"{""max_depth"":null,""max_features"":0.5,""n_estimators"":300}",3dc84baebdcb3f0294578f249e7884e211145577cf295e5152caccf2a5291927,1,7,0,1:1,654,164,0.5,0.8488251041046996,0.7833463214143408,0.5666926428286816,0.7978723404255319,0.7075471698113207,0.9146341463414634,0.15429234417344176,0.5534581250394695,,74e66c11e57d405efbe19a02f13985423c60121aaf1960175664824578d0255d,2521657055,4094230609,264134123,842399429,False
Random Forest,random_forest_06,6,"{""max_depth"":null,""max_features"":0.5,""n_estimators"":300}",3dc84baebdcb3f0294578f249e7884e211145577cf295e5152caccf2a5291927,1,7,1,1:1,654,164,0.5,0.8353658536585366,0.8078042550734927,0.6156085101469855,0.8022598870056498,0.7473684210526316,0.8658536585365854,0.15426957994579946,0.5299676250433549,,850c47286a5ff6cd122bd73c64fe0c130b4f93517aa2f9a4ab0225caa37355f8,3885368634,2431578943,1619142612,2845288631,False
Random Forest,random_forest_06,6,"{""max_depth"":null,""max_features"":0.5,""n_estimators"":300}",3dc84baebdcb3f0294578f249e7884e211145577cf295e5152caccf2a5291927,1,7,2,1:1,654,164,0.5,0.8745538370017847,0.8496615423391931,0.6993230846783862,0.8131868131868132,0.74,0.9024390243902439,0.14330047425474257,0.5251262499950826,,a58cdcfd42f13eceb650b4e384e38c15ac3d252fa7a9cf51166f33733bec7373,1974496636,1223099430,3474831427,1753096405,False
Random Forest,random_forest_06,6,"{""max_depth"":null,""max_features"":0.5,""n_estimators"":300}",3dc84baebdcb3f0294578f249e7884e211145577cf295e5152caccf2a5291927,1,7,3,1:1,654,164,0.5,0.8241374182034503,0.7816909790068088,0.5633819580136177,0.7840909090909091,0.7340425531914894,0.8414634146341463,0.16117052845528457,0.518542708014138,,0787429d108adbb8f716a931370780c2b496f9b4a512b716c8c31ecf6b7c002f,2308674788,3336517605,3055848280,3336201630,False
Random Forest,random_forest_06,6,"{""max_depth"":null,""max_features"":0.5,""n_estimators"":300}",3dc84baebdcb3f0294578f249e7884e211145577cf295e5152caccf2a5291927,1,7,4,1:1,656,162,0.5,0.8521566834324036,0.7984215371730015,0.5968430743460029,0.8,0.7446808510638298,0.8641975308641975,0.14944128943758572,0.5430348750087433,,fd5a87140a37ffe54b3e77a354b4bd55b27678e3392d3612bcc974fcd938aac7,26843640,2371250898,2203746204,3425021368,False
Random Forest,random_forest_06,6,"{""max_depth"":null,""max_features"":0.5,""n_estimators"":300}",3dc84baebdcb3f0294578f249e7884e211145577cf295e5152caccf2a5291927,2,13,0,1:1,654,164,0.5,0.8424301011302796,0.824086855399784,0.648173710799568,0.7752808988764045,0.71875,0.8414634146341463,0.15907283197831978,0.5334087910014205,,b1e29c5fe8af2195e9abc0f61c3f3c4d213fca3f89d1193c4a6653fb53126347,4197323642,3493101560,3288021756,261167866,False
Random Forest,random_forest_06,6,"{""max_depth"":null,""max_features"":0.5,""n_estimators"":300}",3dc84baebdcb3f0294578f249e7884e211145577cf295e5152caccf2a5291927,2,13,1,1:1,654,164,0.5,0.8223527662105888,0.759748576233866,0.5194971524677321,0.7954545454545454,0.7446808510638298,0.8536585365853658,0.16605840108401082,0.5532239589956589,,e3474974719a7c03379f3842f5f95d0ed2107cdd8a6ad009ba26fbebf9498feb,3966191544,1903504230,667876274,3411050692,False
Random Forest,random_forest_06,6,"{""max_depth"":null,""max_features"":0.5,""n_estimators"":300}",3dc84baebdcb3f0294578f249e7884e211145577cf295e5152caccf2a5291927,2,13,2,1:1,654,164,0.5,0.8386377156454492,0.7794340048534163,0.5588680097068326,0.8043478260869565,0.7254901960784313,0.9024390243902439,0.1570108401084011,0.5706564580323175,,9a349209c7d3b9bd40965068b2a613107212665860e7bbb02addbf0f67e5d1fd,1319135375,2081672424,66402786,1633975599,False
Random Forest,random_forest_06,6,"{""max_depth"":null,""max_features"":0.5,""n_estimators"":300}",3dc84baebdcb3f0294578f249e7884e211145577cf295e5152caccf2a5291927,2,13,3,1:1,654,164,0.5,0.8560380725758477,0.787060919567679,0.574121839135358,0.8148148148148148,0.719626168224299,0.9390243902439024,0.15176382113821138,0.5585040419828147,,d3ae34fbcfb73c5a1be0c96ad00e7eec3433eb478aea0c91dd2163d7870a83ad,2293279620,3028097891,2933952375,4053831653,False
Random Forest,random_forest_06,6,"{""max_depth"":null,""max_features"":0.5,""n_estimators"":300}",3dc84baebdcb3f0294578f249e7884e211145577cf295e5152caccf2a5291927,2,13,4,1:1,656,162,0.5,0.8734186861758878,0.8266357161374926,0.6532714322749853,0.8488372093023255,0.8021978021978022,0.9012345679012346,0.13695939643347052,0.5529262079508044,,253211c36a4e03f7beb1ba4c6fb38a30d71faa649d183e5779b5f27efb6ce6bf,3410040530,245057234,532155413,762879727,False
Random Forest,random_forest_07,7,"{""max_depth"":8,""max_features"":""sqrt"",""n_estimators"":500}",4d65e0eeeff718053e0e70ae15134e9793b9f47c49f0cd779e6ac3680109623f,0,42,0,1:1,654,164,0.5,0.8642177275431291,0.8334173477987951,0.6668346955975901,0.8105263157894737,0.7129629629629629,0.9390243902439024,0.15193776942893863,0.36793120799120516,,b9f1edb670a53afef5f4c085e90bf5e13a41156251f6667b1a65871f2c4c47e0,1973658644,3715151037,233149161,2399526814,False
Random Forest,random_forest_07,7,"{""max_depth"":8,""max_features"":""sqrt"",""n_estimators"":500}",4d65e0eeeff718053e0e70ae15134e9793b9f47c49f0cd779e6ac3680109623f,0,42,1,1:1,654,164,0.5,0.8414634146341463,0.814050149049691,0.628100298099382,0.7936507936507936,0.7009345794392523,0.9146341463414634,0.15518450625108124,0.3776996659580618,,c59d36017adea2f05186de3822c3dd8c95d35f359f7ff35c586a14db623a3103,2786658438,2191900349,3517737438,2371526345,False
Random Forest,random_forest_07,7,"{""max_depth"":8,""max_features"":""sqrt"",""n_estimators"":500}",4d65e0eeeff718053e0e70ae15134e9793b9f47c49f0cd779e6ac3680109623f,0,42,2,1:1,654,164,0.5,0.8469660916121357,0.8234025569220057,0.6468051138440114,0.7872340425531915,0.6981132075471698,0.9024390243902439,0.15386305075233256,0.3712984590092674,,091c82241439a2f22ad7066be22112027623cd7401cf37ff3920d078a7a913e2,1888399133,2010463502,629780227,48921201,False
Random Forest,random_forest_07,7,"{""max_depth"":8,""max_features"":""sqrt"",""n_estimators"":500}",4d65e0eeeff718053e0e70ae15134e9793b9f47c49f0cd779e6ac3680109623f,0,42,3,1:1,654,164,0.5,0.8413146936347413,0.8069599442717654,0.6139198885435309,0.783068783068783,0.6915887850467289,0.9024390243902439,0.16246392443716628,0.3840684579918161,,971bb2c8d0b3b7495acb94f62ea8741d4ff4e6e52c17cfe1f97b50e8801a1513,1161336969,599905126,3703496083,230894654,False
Random Forest,random_forest_07,7,"{""max_depth"":8,""max_features"":""sqrt"",""n_estimators"":500}",4d65e0eeeff718053e0e70ae15134e9793b9f47c49f0cd779e6ac3680109623f,0,42,4,1:1,656,162,0.5,0.8401158360006097,0.7960318013467269,0.5920636026934538,0.7634408602150538,0.6761904761904762,0.8765432098765432,0.16081830586831214,0.36112899996805936,,78610b63b09a3b3be6828cac4d903ead2c4bc5386d421ebf8e60227a9040ab96,1001834057,624141303,515383750,972393367,False
Random Forest,random_forest_07,7,"{""max_depth"":8,""max_features"":""sqrt"",""n_estimators"":500}",4d65e0eeeff718053e0e70ae15134e9793b9f47c49f0cd779e6ac3680109623f,1,7,0,1:1,654,164,0.5,0.8368530636525877,0.7719775584859343,0.5439551169718686,0.7807486631016043,0.6952380952380952,0.8902439024390244,0.1597987928699369,0.38089270796626806,,74e66c11e57d405efbe19a02f13985423c60121aaf1960175664824578d0255d,2521657055,4094230609,264134123,842399429,False
Random Forest,random_forest_07,7,"{""max_depth"":8,""max_features"":""sqrt"",""n_estimators"":500}",4d65e0eeeff718053e0e70ae15134e9793b9f47c49f0cd779e6ac3680109623f,1,7,1,1:1,654,164,0.5,0.8251041046995835,0.7708914377082583,0.5417828754165166,0.8172043010752689,0.7307692307692307,0.926829268292683,0.15858359453554613,0.3620982499560341,,850c47286a5ff6cd122bd73c64fe0c130b4f93517aa2f9a4ab0225caa37355f8,3885368634,2431578943,1619142612,2845288631,False
Random Forest,random_forest_07,7,"{""max_depth"":8,""max_features"":""sqrt"",""n_estimators"":500}",4d65e0eeeff718053e0e70ae15134e9793b9f47c49f0cd779e6ac3680109623f,1,7,2,1:1,654,164,0.5,0.85901249256395,0.8235473407462947,0.6470946814925893,0.7916666666666666,0.6909090909090909,0.926829268292683,0.15388146025546634,0.372704540961422,,a58cdcfd42f13eceb650b4e384e38c15ac3d252fa7a9cf51166f33733bec7373,1974496636,1223099430,3474831427,1753096405,False
Random Forest,random_forest_07,7,"{""max_depth"":8,""max_features"":""sqrt"",""n_estimators"":500}",4d65e0eeeff718053e0e70ae15134e9793b9f47c49f0cd779e6ac3680109623f,1,7,3,1:1,654,164,0.5,0.8227245687091017,0.7869743976640423,0.5739487953280846,0.776595744680851,0.6886792452830188,0.8902439024390244,0.1640011494364382,0.3669089999748394,,0787429d108adbb8f716a931370780c2b496f9b4a512b716c8c31ecf6b7c002f,2308674788,3336517605,3055848280,3336201630,False
Random Forest,random_forest_07,7,"{""max_depth"":8,""max_features"":""sqrt"",""n_estimators"":500}",4d65e0eeeff718053e0e70ae15134e9793b9f47c49f0cd779e6ac3680109623f,1,7,4,1:1,656,162,0.5,0.836153025453437,0.7694628368305034,0.5389256736610069,0.8297872340425532,0.7289719626168224,0.9629629629629629,0.16093557448546314,0.368436417018529,,fd5a87140a37ffe54b3e77a354b4bd55b27678e3392d3612bcc974fcd938aac7,26843640,2371250898,2203746204,3425021368,False
Random Forest,random_forest_07,7,"{""max_depth"":8,""max_features"":""sqrt"",""n_estimators"":500}",4d65e0eeeff718053e0e70ae15134e9793b9f47c49f0cd779e6ac3680109623f,2,13,0,1:1,654,164,0.5,0.8216835217132659,0.7948247170655289,0.5896494341310579,0.7759562841530054,0.7029702970297029,0.8658536585365854,0.16431981526615122,0.36050891602644697,,b1e29c5fe8af2195e9abc0f61c3f3c4d213fca3f89d1193c4a6653fb53126347,4197323642,3493101560,3288021756,261167866,False
Random Forest,random_forest_07,7,"{""max_depth"":8,""max_features"":""sqrt"",""n_estimators"":500}",4d65e0eeeff718053e0e70ae15134e9793b9f47c49f0cd779e6ac3680109623f,2,13,1,1:1,654,164,0.5,0.8191552647233789,0.7718474661969841,0.5436949323939682,0.7845303867403315,0.7171717171717171,0.8658536585365854,0.16845822229587168,0.37852529098745435,,e3474974719a7c03379f3842f5f95d0ed2107cdd8a6ad009ba26fbebf9498feb,3966191544,1903504230,667876274,3411050692,False
Random Forest,random_forest_07,7,"{""max_depth"":8,""max_features"":""sqrt"",""n_estimators"":500}",4d65e0eeeff718053e0e70ae15134e9793b9f47c49f0cd779e6ac3680109623f,2,13,2,1:1,654,164,0.5,0.8433967876264128,0.7857534776879427,0.5715069553758854,0.7958115183246073,0.6972477064220184,0.926829268292683,0.15758451429402714,0.38414266699692234,,9a349209c7d3b9bd40965068b2a613107212665860e7bbb02addbf0f67e5d1fd,1319135375,2081672424,66402786,1633975599,False
Random Forest,random_forest_07,7,"{""max_depth"":8,""max_features"":""sqrt"",""n_estimators"":500}",4d65e0eeeff718053e0e70ae15134e9793b9f47c49f0cd779e6ac3680109623f,2,13,3,1:1,654,164,0.5,0.841017251635931,0.7696649946263319,0.5393299892526637,0.8191489361702128,0.7264150943396226,0.9390243902439024,0.16079307205126214,0.37268983299145475,,d3ae34fbcfb73c5a1be0c96ad00e7eec3433eb478aea0c91dd2163d7870a83ad,2293279620,3028097891,2933952375,4053831653,False
Random Forest,random_forest_07,7,"{""max_depth"":8,""max_features"":""sqrt"",""n_estimators"":500}",4d65e0eeeff718053e0e70ae15134e9793b9f47c49f0cd779e6ac3680109623f,2,13,4,1:1,656,162,0.5,0.8619112940100594,0.8193335046582958,0.6386670093165916,0.8361581920903954,0.7708333333333334,0.9135802469135802,0.14804034337816804,0.3687767499941401,,253211c36a4e03f7beb1ba4c6fb38a30d71faa649d183e5779b5f27efb6ce6bf,3410040530,245057234,532155413,762879727,False
Random Forest,random_forest_08,8,"{""max_depth"":8,""max_features"":0.5,""n_estimators"":500}",5bb9a4a1076ff468ac0755ff94237a6004bdf63dcdde6b5fe632540080947888,0,42,0,1:1,654,164,0.5,0.8676383105294467,0.8074148319819412,0.6148296639638824,0.8241758241758241,0.75,0.9146341463414634,0.14495934379156578,0.7447612090036273,,b9f1edb670a53afef5f4c085e90bf5e13a41156251f6667b1a65871f2c4c47e0,1973658644,3715151037,233149161,2399526814,False
Random Forest,random_forest_08,8,"{""max_depth"":8,""max_features"":0.5,""n_estimators"":500}",5bb9a4a1076ff468ac0755ff94237a6004bdf63dcdde6b5fe632540080947888,0,42,1,1:1,654,164,0.5,0.8276323616894705,0.7971007237614605,0.5942014475229209,0.7659574468085106,0.6792452830188679,0.8780487804878049,0.16389816259521964,0.784218915970996,,c59d36017adea2f05186de3822c3dd8c95d35f359f7ff35c586a14db623a3103,2786658438,2191900349,3517737438,2371526345,False
Random Forest,random_forest_08,8,"{""max_depth"":8,""max_features"":0.5,""n_estimators"":500}",5bb9a4a1076ff468ac0755ff94237a6004bdf63dcdde6b5fe632540080947888,0,42,2,1:1,654,164,0.5,0.8307555026769781,0.7950006207472667,0.5900012414945335,0.7978723404255319,0.7075471698113207,0.9146341463414634,0.15395462042885424,0.7708139999886043,,091c82241439a2f22ad7066be22112027623cd7401cf37ff3920d078a7a913e2,1888399133,2010463502,629780227,48921201,False
Random Forest,random_forest_08,8,"{""max_depth"":8,""max_features"":0.5,""n_estimators"":500}",5bb9a4a1076ff468ac0755ff94237a6004bdf63dcdde6b5fe632540080947888,0,42,3,1:1,654,164,0.5,0.8596073765615704,0.8086233898189834,0.6172467796379668,0.7734806629834254,0.7070707070707071,0.8536585365853658,0.14941944828963674,0.828190165979322,,971bb2c8d0b3b7495acb94f62ea8741d4ff4e6e52c17cfe1f97b50e8801a1513,1161336969,599905126,3703496083,230894654,False
Random Forest,random_forest_08,8,"{""max_depth"":8,""max_features"":0.5,""n_estimators"":500}",5bb9a4a1076ff468ac0755ff94237a6004bdf63dcdde6b5fe632540080947888,0,42,4,1:1,656,162,0.5,0.8382868465172992,0.7852601218514872,0.5705202437029744,0.7868852459016393,0.7058823529411765,0.8888888888888888,0.16103482514903378,0.7233012079959735,,78610b63b09a3b3be6828cac4d903ead2c4bc5386d421ebf8e60227a9040ab96,1001834057,624141303,515383750,972393367,False
Random Forest,random_forest_08,8,"{""max_depth"":8,""max_features"":0.5,""n_estimators"":500}",5bb9a4a1076ff468ac0755ff94237a6004bdf63dcdde6b5fe632540080947888,1,7,0,1:1,654,164,0.5,0.8387864366448543,0.7810199311060093,0.5620398622120186,0.7958115183246073,0.6972477064220184,0.926829268292683,0.1555202036253604,0.7988658339600079,,74e66c11e57d405efbe19a02f13985423c60121aaf1960175664824578d0255d,2521657055,4094230609,264134123,842399429,False
Random Forest,random_forest_08,8,"{""max_depth"":8,""max_features"":0.5,""n_estimators"":500}",5bb9a4a1076ff468ac0755ff94237a6004bdf63dcdde6b5fe632540080947888,1,7,1,1:1,654,164,0.5,0.8392325996430696,0.8052467965211625,0.610493593042325,0.8260869565217391,0.7450980392156863,0.926829268292683,0.15210871189832514,0.7496064169681631,,850c47286a5ff6cd122bd73c64fe0c130b4f93517aa2f9a4ab0225caa37355f8,3885368634,2431578943,1619142612,2845288631,False
Random Forest,random_forest_08,8,"{""max_depth"":8,""max_features"":0.5,""n_estimators"":500}",5bb9a4a1076ff468ac0755ff94237a6004bdf63dcdde6b5fe632540080947888,1,7,2,1:1,654,164,0.5,0.8738845925044617,0.8534564276577487,0.7069128553154973,0.8260869565217391,0.7450980392156863,0.926829268292683,0.14441407204747872,0.7695907499874011,,a58cdcfd42f13eceb650b4e384e38c15ac3d252fa7a9cf51166f33733bec7373,1974496636,1223099430,3474831427,1753096405,False
Random Forest,random_forest_08,8,"{""max_depth"":8,""max_features"":0.5,""n_estimators"":500}",5bb9a4a1076ff468ac0755ff94237a6004bdf63dcdde6b5fe632540080947888,1,7,3,1:1,654,164,0.5,0.8264425936942297,0.7748351519285142,0.5496703038570283,0.7955801104972375,0.7272727272727273,0.8780487804878049,0.16009586384521188,0.7352757920161821,,0787429d108adbb8f716a931370780c2b496f9b4a512b716c8c31ecf6b7c002f,2308674788,3336517605,3055848280,3336201630,False
Random Forest,random_forest_08,8,"{""max_depth"":8,""max_features"":0.5,""n_estimators"":500}",5bb9a4a1076ff468ac0755ff94237a6004bdf63dcdde6b5fe632540080947888,1,7,4,1:1,656,162,0.5,0.8550525834476452,0.8056596269248814,0.6113192538497627,0.8397790055248618,0.76,0.9382716049382716,0.14828371323512915,0.760792416986078,,fd5a87140a37ffe54b3e77a354b4bd55b27678e3392d3612bcc974fcd938aac7,26843640,2371250898,2203746204,3425021368,False
Random Forest,random_forest_08,8,"{""max_depth"":8,""max_features"":0.5,""n_estimators"":500}",5bb9a4a1076ff468ac0755ff94237a6004bdf63dcdde6b5fe632540080947888,2,13,0,1:1,654,164,0.5,0.8240630577037478,0.7960186136163568,0.5920372272327137,0.7692307692307693,0.7,0.8536585365853658,0.1642862647762336,0.7460747500299476,,b1e29c5fe8af2195e9abc0f61c3f3c4d213fca3f89d1193c4a6653fb53126347,4197323642,3493101560,3288021756,261167866,False
Random Forest,random_forest_08,8,"{""max_depth"":8,""max_features"":0.5,""n_estimators"":500}",5bb9a4a1076ff468ac0755ff94237a6004bdf63dcdde6b5fe632540080947888,2,13,1,1:1,654,164,0.5,0.8273349196906603,0.7749128102797733,0.5498256205595466,0.7954545454545454,0.7446808510638298,0.8536585365853658,0.1633406379250301,0.7897338749608025,,e3474974719a7c03379f3842f5f95d0ed2107cdd8a6ad009ba26fbebf9498feb,3966191544,1903504230,667876274,3411050692,False
Random Forest,random_forest_08,8,"{""max_depth"":8,""max_features"":0.5,""n_estimators"":500}",5bb9a4a1076ff468ac0755ff94237a6004bdf63dcdde6b5fe632540080947888,2,13,2,1:1,654,164,0.5,0.8420582986317668,0.7829448845959145,0.565889769191829,0.7914438502673797,0.7047619047619048,0.9024390243902439,0.15599135102191827,0.8204848750028759,,9a349209c7d3b9bd40965068b2a613107212665860e7bbb02addbf0f67e5d1fd,1319135375,2081672424,66402786,1633975599,False
Random Forest,random_forest_08,8,"{""max_depth"":8,""max_features"":0.5,""n_estimators"":500}",5bb9a4a1076ff468ac0755ff94237a6004bdf63dcdde6b5fe632540080947888,2,13,3,1:1,654,164,0.5,0.8459250446162998,0.779141611972095,0.5582832239441899,0.8167539267015707,0.7155963302752294,0.9512195121951219,0.15435439899444153,0.7960692909546196,,d3ae34fbcfb73c5a1be0c96ad00e7eec3433eb478aea0c91dd2163d7870a83ad,2293279620,3028097891,2933952375,4053831653,False
Random Forest,random_forest_08,8,"{""max_depth"":8,""max_features"":0.5,""n_estimators"":500}",5bb9a4a1076ff468ac0755ff94237a6004bdf63dcdde6b5fe632540080947888,2,13,4,1:1,656,162,0.5,0.8680079256210943,0.8151945468173816,0.6303890936347631,0.8488372093023255,0.8021978021978022,0.9012345679012346,0.1374449882730871,0.7685455409809947,,253211c36a4e03f7beb1ba4c6fb38a30d71faa649d183e5779b5f27efb6ce6bf,3410040530,245057234,532155413,762879727,False
Random Forest,random_forest_09,9,"{""max_depth"":10,""max_features"":""sqrt"",""n_estimators"":500}",3c76bf9bb24ccf665f4b010499c144083fa3a5560a47c6a3d922e88c9f31053a,0,42,0,1:1,654,164,0.5,0.8593099345627603,0.8210066701583021,0.6420133403166042,0.8085106382978723,0.7169811320754716,0.926829268292683,0.1513423630381855,0.4013611669652164,,b9f1edb670a53afef5f4c085e90bf5e13a41156251f6667b1a65871f2c4c47e0,1973658644,3715151037,233149161,2399526814,False
Random Forest,random_forest_09,9,"{""max_depth"":10,""max_features"":""sqrt"",""n_estimators"":500}",3c76bf9bb24ccf665f4b010499c144083fa3a5560a47c6a3d922e88c9f31053a,0,42,1,1:1,654,164,0.5,0.8448839976204641,0.8167269520268168,0.6334539040536336,0.782608695652174,0.7058823529411765,0.8780487804878049,0.15425415000450793,0.40454329102067277,,c59d36017adea2f05186de3822c3dd8c95d35f359f7ff35c586a14db623a3103,2786658438,2191900349,3517737438,2371526345,False
Random Forest,random_forest_09,9,"{""max_depth"":10,""max_features"":""sqrt"",""n_estimators"":500}",3c76bf9bb24ccf665f4b010499c144083fa3a5560a47c6a3d922e88c9f31053a,0,42,2,1:1,654,164,0.5,0.8439916716240332,0.8161918987608181,0.6323837975216362,0.8042328042328042,0.7102803738317757,0.926829268292683,0.15182856617816487,0.41072083299513906,,091c82241439a2f22ad7066be22112027623cd7401cf37ff3920d078a7a913e2,1888399133,2010463502,629780227,48921201,False
Random Forest,random_forest_09,9,"{""max_depth"":10,""max_features"":""sqrt"",""n_estimators"":500}",3c76bf9bb24ccf665f4b010499c144083fa3a5560a47c6a3d922e88c9f31053a,0,42,3,1:1,654,164,0.5,0.8456276026174896,0.7986820106046322,0.5973640212092644,0.7807486631016043,0.6952380952380952,0.8902439024390244,0.15904687230785064,0.4096807090099901,,971bb2c8d0b3b7495acb94f62ea8741d4ff4e6e52c17cfe1f97b50e8801a1513,1161336969,599905126,3703496083,230894654,False
Random Forest,random_forest_09,9,"{""max_depth"":10,""max_features"":""sqrt"",""n_estimators"":500}",3c76bf9bb24ccf665f4b010499c144083fa3a5560a47c6a3d922e88c9f31053a,0,42,4,1:1,656,162,0.5,0.837219935985368,0.7870304427725613,0.5740608855451226,0.7741935483870968,0.6857142857142857,0.8888888888888888,0.16037057245362893,0.3830006250063889,,78610b63b09a3b3be6828cac4d903ead2c4bc5386d421ebf8e60227a9040ab96,1001834057,624141303,515383750,972393367,False
Random Forest,random_forest_09,9,"{""max_depth"":10,""max_features"":""sqrt"",""n_estimators"":500}",3c76bf9bb24ccf665f4b010499c144083fa3a5560a47c6a3d922e88c9f31053a,1,7,0,1:1,654,164,0.5,0.848750743604997,0.7830684052571356,0.5661368105142712,0.7936507936507936,0.7009345794392523,0.9146341463414634,0.15667048282516288,0.4058375000022352,,74e66c11e57d405efbe19a02f13985423c60121aaf1960175664824578d0255d,2521657055,4094230609,264134123,842399429,False
Random Forest,random_forest_09,9,"{""max_depth"":10,""max_features"":""sqrt"",""n_estimators"":500}",3c76bf9bb24ccf665f4b010499c144083fa3a5560a47c6a3d922e88c9f31053a,1,7,1,1:1,654,164,0.5,0.8288221296847115,0.7825608673859259,0.5651217347718518,0.819672131147541,0.7425742574257426,0.9146341463414634,0.15714891195278993,0.3857224579551257,,850c47286a5ff6cd122bd73c64fe0c130b4f93517aa2f9a4ab0225caa37355f8,3885368634,2431578943,1619142612,2845288631,False
Random Forest,random_forest_09,9,"{""max_depth"":10,""max_features"":""sqrt"",""n_estimators"":500}",3c76bf9bb24ccf665f4b010499c144083fa3a5560a47c6a3d922e88c9f31053a,1,7,2,1:1,654,164,0.5,0.8694229625223081,0.8490370487850032,0.6980740975700064,0.8042328042328042,0.7102803738317757,0.926829268292683,0.149589719094683,0.4024336250149645,,a58cdcfd42f13eceb650b4e384e38c15ac3d252fa7a9cf51166f33733bec7373,1974496636,1223099430,3474831427,1753096405,False
Random Forest,random_forest_09,9,"{""max_depth"":10,""max_features"":""sqrt"",""n_estimators"":500}",3c76bf9bb24ccf665f4b010499c144083fa3a5560a47c6a3d922e88c9f31053a,1,7,3,1:1,654,164,0.5,0.8245092207019631,0.8008491464023324,0.6016982928046648,0.7675675675675676,0.6893203883495146,0.8658536585365854,0.16222112230397512,0.3873710420448333,,0787429d108adbb8f716a931370780c2b496f9b4a512b716c8c31ecf6b7c002f,2308674788,3336517605,3055848280,3336201630,False
Random Forest,random_forest_09,9,"{""max_depth"":10,""max_features"":""sqrt"",""n_estimators"":500}",3c76bf9bb24ccf665f4b010499c144083fa3a5560a47c6a3d922e88c9f31053a,1,7,4,1:1,656,162,0.5,0.8469745465630238,0.7884396287721942,0.5768792575443884,0.8387096774193549,0.7428571428571429,0.9629629629629629,0.1564192711498152,0.3966745830257423,,fd5a87140a37ffe54b3e77a354b4bd55b27678e3392d3612bcc974fcd938aac7,26843640,2371250898,2203746204,3425021368,False
Random Forest,random_forest_09,9,"{""max_depth"":10,""max_features"":""sqrt"",""n_estimators"":500}",3c76bf9bb24ccf665f4b010499c144083fa3a5560a47c6a3d922e88c9f31053a,2,13,0,1:1,654,164,0.5,0.829565734681737,0.8054962252432567,0.6109924504865134,0.7891891891891892,0.7087378640776699,0.8902439024390244,0.16114036759814862,0.3908455409691669,,b1e29c5fe8af2195e9abc0f61c3f3c4d213fca3f89d1193c4a6653fb53126347,4197323642,3493101560,3288021756,261167866,False
Random Forest,random_forest_09,9,"{""max_depth"":10,""max_features"":""sqrt"",""n_estimators"":500}",3c76bf9bb24ccf665f4b010499c144083fa3a5560a47c6a3d922e88c9f31053a,2,13,1,1:1,654,164,0.5,0.8246579417013682,0.770183797516247,0.540367595032494,0.7955801104972375,0.7272727272727273,0.8780487804878049,0.16586171437323394,0.3967441249988042,,e3474974719a7c03379f3842f5f95d0ed2107cdd8a6ad009ba26fbebf9498feb,3966191544,1903504230,667876274,3411050692,False
Random Forest,random_forest_09,9,"{""max_depth"":10,""max_features"":""sqrt"",""n_estimators"":500}",3c76bf9bb24ccf665f4b010499c144083fa3a5560a47c6a3d922e88c9f31053a,2,13,2,1:1,654,164,0.5,0.8453301606186794,0.785642082859329,0.571284165718658,0.7853403141361257,0.6880733944954128,0.9146341463414634,0.15599488038096793,0.4112248749588616,,9a349209c7d3b9bd40965068b2a613107212665860e7bbb02addbf0f67e5d1fd,1319135375,2081672424,66402786,1633975599,False
Random Forest,random_forest_09,9,"{""max_depth"":10,""max_features"":""sqrt"",""n_estimators"":500}",3c76bf9bb24ccf665f4b010499c144083fa3a5560a47c6a3d922e88c9f31053a,2,13,3,1:1,654,164,0.5,0.8490481856038072,0.7733933942390763,0.5467867884781525,0.8191489361702128,0.7264150943396226,0.9390243902439024,0.15696520869584565,0.4001780420076102,,d3ae34fbcfb73c5a1be0c96ad00e7eec3433eb478aea0c91dd2163d7870a83ad,2293279620,3028097891,2933952375,4053831653,False
Random Forest,random_forest_09,9,"{""max_depth"":10,""max_features"":""sqrt"",""n_estimators"":500}",3c76bf9bb24ccf665f4b010499c144083fa3a5560a47c6a3d922e88c9f31053a,2,13,4,1:1,656,162,0.5,0.861301630848956,0.8171444801670625,0.6342889603341251,0.8361581920903954,0.7708333333333334,0.9135802469135802,0.1460190532900307,0.3958457090193406,,253211c36a4e03f7beb1ba4c6fb38a30d71faa649d183e5779b5f27efb6ce6bf,3410040530,245057234,532155413,762879727,False
Random Forest,random_forest_10,10,"{""max_depth"":10,""max_features"":0.5,""n_estimators"":500}",da198a04e12b319809f13a27a5010f87b4f01c2ed508111a3300a4eb971783c7,0,42,0,1:1,654,164,0.5,0.8622843545508625,0.8035288492787196,0.6070576985574392,0.8287292817679558,0.7575757575757576,0.9146341463414634,0.1458380487667049,0.8197721249889582,,b9f1edb670a53afef5f4c085e90bf5e13a41156251f6667b1a65871f2c4c47e0,1973658644,3715151037,233149161,2399526814,False
Random Forest,random_forest_10,10,"{""max_depth"":10,""max_features"":0.5,""n_estimators"":500}",da198a04e12b319809f13a27a5010f87b4f01c2ed508111a3300a4eb971783c7,0,42,1,1:1,654,164,0.5,0.8224271267102914,0.7944430378498628,0.5888860756997256,0.776595744680851,0.6886792452830188,0.8902439024390244,0.16554496534589982,0.8501556669943966,,c59d36017adea2f05186de3822c3dd8c95d35f359f7ff35c586a14db623a3103,2786658438,2191900349,3517737438,2371526345,False
Random Forest,random_forest_10,10,"{""max_depth"":10,""max_features"":0.5,""n_estimators"":500}",da198a04e12b319809f13a27a5010f87b4f01c2ed508111a3300a4eb971783c7,0,42,2,1:1,654,164,0.5,0.8249553837001784,0.7872957140396115,0.574591428079223,0.8042328042328042,0.7102803738317757,0.926829268292683,0.1556658589774989,0.8366257080342621,,091c82241439a2f22ad7066be22112027623cd7401cf37ff3920d078a7a913e2,1888399133,2010463502,629780227,48921201,False
Random Forest,random_forest_10,10,"{""max_depth"":10,""max_features"":0.5,""n_estimators"":500}",da198a04e12b319809f13a27a5010f87b4f01c2ed508111a3300a4eb971783c7,0,42,3,1:1,654,164,0.5,0.8600535395597859,0.8098876539603946,0.6197753079207893,0.7932960893854749,0.7319587628865979,0.8658536585365854,0.14914056146417595,0.8982465410372242,,971bb2c8d0b3b7495acb94f62ea8741d4ff4e6e52c17cfe1f97b50e8801a1513,1161336969,599905126,3703496083,230894654,False
Random Forest,random_forest_10,10,"{""max_depth"":10,""max_features"":0.5,""n_estimators"":500}",da198a04e12b319809f13a27a5010f87b4f01c2ed508111a3300a4eb971783c7,0,42,4,1:1,656,162,0.5,0.8352385307117818,0.7690295944700016,0.5380591889400033,0.7912087912087912,0.7128712871287128,0.8888888888888888,0.161025261809591,0.7703605000278912,,78610b63b09a3b3be6828cac4d903ead2c4bc5386d421ebf8e60227a9040ab96,1001834057,624141303,515383750,972393367,False
Random Forest,random_forest_10,10,"{""max_depth"":10,""max_features"":0.5,""n_estimators"":500}",da198a04e12b319809f13a27a5010f87b4f01c2ed508111a3300a4eb971783c7,1,7,0,1:1,654,164,0.5,0.8463712076145151,0.7877980110108208,0.5755960220216416,0.7936507936507936,0.7009345794392523,0.9146341463414634,0.15382959744968286,0.8576605829875916,,74e66c11e57d405efbe19a02f13985423c60121aaf1960175664824578d0255d,2521657055,4094230609,264134123,842399429,False
Random Forest,random_forest_10,10,"{""max_depth"":10,""max_features"":0.5,""n_estimators"":500}",da198a04e12b319809f13a27a5010f87b4f01c2ed508111a3300a4eb971783c7,1,7,1,1:1,654,164,0.5,0.8387864366448543,0.8102687266894473,0.6205374533788945,0.8044692737430168,0.7422680412371134,0.8780487804878049,0.15199494641206304,0.7948970000143163,,850c47286a5ff6cd122bd73c64fe0c130b4f93517aa2f9a4ab0225caa37355f8,3885368634,2431578943,1619142612,2845288631,False
Random Forest,random_forest_10,10,"{""max_depth"":10,""max_features"":0.5,""n_estimators"":500}",da198a04e12b319809f13a27a5010f87b4f01c2ed508111a3300a4eb971783c7,1,7,2,1:1,654,164,0.5,0.8719512195121951,0.8528668583781679,0.7057337167563358,0.819672131147541,0.7425742574257426,0.9146341463414634,0.14455358525326983,0.8276308749918826,,a58cdcfd42f13eceb650b4e384e38c15ac3d252fa7a9cf51166f33733bec7373,1974496636,1223099430,3474831427,1753096405,False
Random Forest,random_forest_10,10,"{""max_depth"":10,""max_features"":0.5,""n_estimators"":500}",da198a04e12b319809f13a27a5010f87b4f01c2ed508111a3300a4eb971783c7,1,7,3,1:1,654,164,0.5,0.8216835217132659,0.777678394259322,0.5553567885186439,0.7771428571428571,0.7311827956989247,0.8292682926829268,0.16194820878873328,0.7927757079596631,,0787429d108adbb8f716a931370780c2b496f9b4a512b716c8c31ecf6b7c002f,2308674788,3336517605,3055848280,3336201630,False
Random Forest,random_forest_10,10,"{""max_depth"":10,""max_features"":0.5,""n_estimators"":500}",da198a04e12b319809f13a27a5010f87b4f01c2ed508111a3300a4eb971783c7,1,7,4,1:1,656,162,0.5,0.844383478128334,0.7952596667361431,0.5905193334722862,0.8397790055248618,0.76,0.9382716049382716,0.151024394703639,0.8362904160167091,,fd5a87140a37ffe54b3e77a354b4bd55b27678e3392d3612bcc974fcd938aac7,26843640,2371250898,2203746204,3425021368,False
Random Forest,random_forest_10,10,"{""max_depth"":10,""max_features"":0.5,""n_estimators"":500}",da198a04e12b319809f13a27a5010f87b4f01c2ed508111a3300a4eb971783c7,2,13,0,1:1,654,164,0.5,0.8367043426531826,0.8154560395692536,0.6309120791385072,0.7777777777777778,0.7142857142857143,0.8536585365853658,0.16135756839151708,0.8073949170066044,,b1e29c5fe8af2195e9abc0f61c3f3c4d213fca3f89d1193c4a6653fb53126347,4197323642,3493101560,3288021756,261167866,False
Random Forest,random_forest_10,10,"{""max_depth"":10,""max_features"":0.5,""n_estimators"":500}",da198a04e12b319809f13a27a5010f87b4f01c2ed508111a3300a4eb971783c7,2,13,1,1:1,654,164,0.5,0.8233194527067222,0.7647864347615734,0.5295728695231467,0.7954545454545454,0.7446808510638298,0.8536585365853658,0.16529341957086643,0.8432940840139054,,e3474974719a7c03379f3842f5f95d0ed2107cdd8a6ad009ba26fbebf9498feb,3966191544,1903504230,667876274,3411050692,False
Random Forest,random_forest_10,10,"{""max_depth"":10,""max_features"":0.5,""n_estimators"":500}",da198a04e12b319809f13a27a5010f87b4f01c2ed508111a3300a4eb971783c7,2,13,2,1:1,654,164,0.5,0.8390838786436645,0.7896946064000858,0.5793892128001716,0.8064516129032258,0.7211538461538461,0.9146341463414634,0.15754353621794182,0.8851959590101615,,9a349209c7d3b9bd40965068b2a613107212665860e7bbb02addbf0f67e5d1fd,1319135375,2081672424,66402786,1633975599,False
Random Forest,random_forest_10,10,"{""max_depth"":10,""max_features"":0.5,""n_estimators"":500}",da198a04e12b319809f13a27a5010f87b4f01c2ed508111a3300a4eb971783c7,2,13,3,1:1,654,164,0.5,0.8478584176085663,0.7792581305050028,0.5585162610100056,0.8125,0.7090909090909091,0.9512195121951219,0.15366111784309652,0.8357533329981379,,d3ae34fbcfb73c5a1be0c96ad00e7eec3433eb478aea0c91dd2163d7870a83ad,2293279620,3028097891,2933952375,4053831653,False
Random Forest,random_forest_10,10,"{""max_depth"":10,""max_features"":0.5,""n_estimators"":500}",da198a04e12b319809f13a27a5010f87b4f01c2ed508111a3300a4eb971783c7,2,13,4,1:1,656,162,0.5,0.8701417466849566,0.8191783009222795,0.638356601844559,0.8505747126436781,0.7956989247311828,0.9135802469135802,0.13720683628158345,0.8361007500207052,,253211c36a4e03f7beb1ba4c6fb38a30d71faa649d183e5779b5f27efb6ce6bf,3410040530,245057234,532155413,762879727,False
Random Forest,random_forest_11,11,"{""max_depth"":null,""max_features"":""sqrt"",""n_estimators"":500}",ad8f08bb0b6ee683fb748c48f947db7f6af2d726fc3dcc98a687a7efa2a2af6e,0,42,0,1:1,654,164,0.5,0.8779000594883998,0.834686928055171,0.669373856110342,0.8222222222222222,0.7551020408163265,0.9024390243902439,0.1443968536585366,0.4312590830377303,,b9f1edb670a53afef5f4c085e90bf5e13a41156251f6667b1a65871f2c4c47e0,1973658644,3715151037,233149161,2399526814,False
Random Forest,random_forest_11,11,"{""max_depth"":null,""max_features"":""sqrt"",""n_estimators"":500}",ad8f08bb0b6ee683fb748c48f947db7f6af2d726fc3dcc98a687a7efa2a2af6e,0,42,1,1:1,654,164,0.5,0.8465199286139203,0.824845830285414,0.6496916605708281,0.7891891891891892,0.7087378640776699,0.8902439024390244,0.15347600000000003,0.4411558749852702,,c59d36017adea2f05186de3822c3dd8c95d35f359f7ff35c586a14db623a3103,2786658438,2191900349,3517737438,2371526345,False
Random Forest,random_forest_11,11,"{""max_depth"":null,""max_features"":""sqrt"",""n_estimators"":500}",ad8f08bb0b6ee683fb748c48f947db7f6af2d726fc3dcc98a687a7efa2a2af6e,0,42,2,1:1,654,164,0.5,0.8443634741225462,0.8135121542619306,0.6270243085238612,0.7936507936507936,0.7009345794392523,0.9146341463414634,0.1515000975609756,0.44432391598820686,,091c82241439a2f22ad7066be22112027623cd7401cf37ff3920d078a7a913e2,1888399133,2010463502,629780227,48921201,False
Random Forest,random_forest_11,11,"{""max_depth"":null,""max_features"":""sqrt"",""n_estimators"":500}",ad8f08bb0b6ee683fb748c48f947db7f6af2d726fc3dcc98a687a7efa2a2af6e,0,42,3,1:1,654,164,0.5,0.8446609161213563,0.8037973588373463,0.6075947176746925,0.7567567567567568,0.6796116504854369,0.8536585365853658,0.15857460975609758,0.46269745798781514,,971bb2c8d0b3b7495acb94f62ea8741d4ff4e6e52c17cfe1f97b50e8801a1513,1161336969,599905126,3703496083,230894654,False
Random Forest,random_forest_11,11,"{""max_depth"":null,""max_features"":""sqrt"",""n_estimators"":500}",ad8f08bb0b6ee683fb748c48f947db7f6af2d726fc3dcc98a687a7efa2a2af6e,0,42,4,1:1,656,162,0.5,0.8315805517451608,0.7802624810636669,0.5605249621273338,0.782608695652174,0.6990291262135923,0.8888888888888888,0.16188580246913584,0.4289629170089029,,78610b63b09a3b3be6828cac4d903ead2c4bc5386d421ebf8e60227a9040ab96,1001834057,624141303,515383750,972393367,False
Random Forest,random_forest_11,11,"{""max_depth"":null,""max_features"":""sqrt"",""n_estimators"":500}",ad8f08bb0b6ee683fb748c48f947db7f6af2d726fc3dcc98a687a7efa2a2af6e,1,7,0,1:1,654,164,0.5,0.8510559190957763,0.7869811982528996,0.5739623965057992,0.7914438502673797,0.7047619047619048,0.9024390243902439,0.15525046341463414,0.4419405840453692,,74e66c11e57d405efbe19a02f13985423c60121aaf1960175664824578d0255d,2521657055,4094230609,264134123,842399429,False
Random Forest,random_forest_11,11,"{""max_depth"":null,""max_features"":""sqrt"",""n_estimators"":500}",ad8f08bb0b6ee683fb748c48f947db7f6af2d726fc3dcc98a687a7efa2a2af6e,1,7,1,1:1,654,164,0.5,0.8174449732302201,0.7732004989904753,0.5464009979809505,0.797752808988764,0.7395833333333334,0.8658536585365854,0.1587112195121951,0.437079833005555,,850c47286a5ff6cd122bd73c64fe0c130b4f93517aa2f9a4ab0225caa37355f8,3885368634,2431578943,1619142612,2845288631,False
Random Forest,random_forest_11,11,"{""max_depth"":null,""max_features"":""sqrt"",""n_estimators"":500}",ad8f08bb0b6ee683fb748c48f947db7f6af2d726fc3dcc98a687a7efa2a2af6e,1,7,2,1:1,654,164,0.5,0.8706127305175491,0.8558875264807992,0.7117750529615985,0.8191489361702128,0.7264150943396226,0.9390243902439024,0.1472110487804878,0.4437760839937255,,a58cdcfd42f13eceb650b4e384e38c15ac3d252fa7a9cf51166f33733bec7373,1974496636,1223099430,3474831427,1753096405,False
Random Forest,random_forest_11,11,"{""max_depth"":null,""max_features"":""sqrt"",""n_estimators"":500}",ad8f08bb0b6ee683fb748c48f947db7f6af2d726fc3dcc98a687a7efa2a2af6e,1,7,3,1:1,654,164,0.5,0.8210142772159429,0.7955321750545411,0.5910643501090822,0.7734806629834254,0.7070707070707071,0.8536585365853658,0.16252300000000003,0.4345570830046199,,0787429d108adbb8f716a931370780c2b496f9b4a512b716c8c31ecf6b7c002f,2308674788,3336517605,3055848280,3336201630,False
Random Forest,random_forest_11,11,"{""max_depth"":null,""max_features"":""sqrt"",""n_estimators"":500}",ad8f08bb0b6ee683fb748c48f947db7f6af2d726fc3dcc98a687a7efa2a2af6e,1,7,4,1:1,656,162,0.5,0.8544429202865417,0.8025523918566956,0.6051047837133912,0.8333333333333334,0.7575757575757576,0.9259259259259259,0.15294861728395062,0.44980866700643674,,fd5a87140a37ffe54b3e77a354b4bd55b27678e3392d3612bcc974fcd938aac7,26843640,2371250898,2203746204,3425021368,False
Random Forest,random_forest_11,11,"{""max_depth"":null,""max_features"":""sqrt"",""n_estimators"":500}",ad8f08bb0b6ee683fb748c48f947db7f6af2d726fc3dcc98a687a7efa2a2af6e,2,13,0,1:1,654,164,0.5,0.8391582391433672,0.8221456782881691,0.6442913565763382,0.7666666666666667,0.7040816326530612,0.8414634146341463,0.15747,0.4381473750108853,,b1e29c5fe8af2195e9abc0f61c3f3c4d213fca3f89d1193c4a6653fb53126347,4197323642,3493101560,3288021756,261167866,False
Random Forest,random_forest_11,11,"{""max_depth"":null,""max_features"":""sqrt"",""n_estimators"":500}",ad8f08bb0b6ee683fb748c48f947db7f6af2d726fc3dcc98a687a7efa2a2af6e,2,13,1,1:1,654,164,0.5,0.8235425342058298,0.7776269784000766,0.5552539568001531,0.7865168539325843,0.7291666666666666,0.8536585365853658,0.16503636585365852,0.43797779094893485,,e3474974719a7c03379f3842f5f95d0ed2107cdd8a6ad009ba26fbebf9498feb,3966191544,1903504230,667876274,3411050692,False
Random Forest,random_forest_11,11,"{""max_depth"":null,""max_features"":""sqrt"",""n_estimators"":500}",ad8f08bb0b6ee683fb748c48f947db7f6af2d726fc3dcc98a687a7efa2a2af6e,2,13,2,1:1,654,164,0.5,0.8438429506246282,0.7937107615955353,0.5874215231910707,0.7872340425531915,0.6981132075471698,0.9024390243902439,0.15600353658536587,0.45297137496527284,,9a349209c7d3b9bd40965068b2a613107212665860e7bbb02addbf0f67e5d1fd,1319135375,2081672424,66402786,1633975599,False
Random Forest,random_forest_11,11,"{""max_depth"":null,""max_features"":""sqrt"",""n_estimators"":500}",ad8f08bb0b6ee683fb748c48f947db7f6af2d726fc3dcc98a687a7efa2a2af6e,2,13,3,1:1,654,164,0.5,0.8567816775728733,0.7911168400548501,0.5822336801097001,0.8235294117647058,0.7333333333333333,0.9390243902439024,0.1547479024390244,0.4492223749984987,,d3ae34fbcfb73c5a1be0c96ad00e7eec3433eb478aea0c91dd2163d7870a83ad,2293279620,3028097891,2933952375,4053831653,False
Random Forest,random_forest_11,11,"{""max_depth"":null,""max_features"":""sqrt"",""n_estimators"":500}",ad8f08bb0b6ee683fb748c48f947db7f6af2d726fc3dcc98a687a7efa2a2af6e,2,13,4,1:1,656,162,0.5,0.8715134887974394,0.825321765210917,0.6506435304218341,0.8295454545454546,0.7684210526315789,0.9012345679012346,0.14175641975308642,0.4382217079983093,,253211c36a4e03f7beb1ba4c6fb38a30d71faa649d183e5779b5f27efb6ce6bf,3410040530,245057234,532155413,762879727,False
Random Forest,random_forest_12,12,"{""max_depth"":null,""max_features"":0.5,""n_estimators"":500}",dfa44aa18cb167a3af684759c076b89089d510e0ee7f1852203048d83996885f,0,42,0,1:1,654,164,0.5,0.8670434265318263,0.819975508202551,0.6399510164051021,0.8087431693989071,0.7326732673267327,0.9024390243902439,0.14508941463414637,0.8836818750132807,,b9f1edb670a53afef5f4c085e90bf5e13a41156251f6667b1a65871f2c4c47e0,1973658644,3715151037,233149161,2399526814,False
Random Forest,random_forest_12,12,"{""max_depth"":null,""max_features"":0.5,""n_estimators"":500}",dfa44aa18cb167a3af684759c076b89089d510e0ee7f1852203048d83996885f,0,42,1,1:1,654,164,0.5,0.820493753718025,0.7941073748778997,0.5882147497557995,0.7540983606557377,0.6831683168316832,0.8414634146341463,0.16587714634146344,0.9176321660052054,,c59d36017adea2f05186de3822c3dd8c95d35f359f7ff35c586a14db623a3103,2786658438,2191900349,3517737438,2371526345,False
Random Forest,random_forest_12,12,"{""max_depth"":null,""max_features"":0.5,""n_estimators"":500}",dfa44aa18cb167a3af684759c076b89089d510e0ee7f1852203048d83996885f,0,42,2,1:1,654,164,0.5,0.823691255205235,0.7826576389867196,0.5653152779734392,0.7978723404255319,0.7075471698113207,0.9146341463414634,0.15623331707317073,0.9184133750386536,,091c82241439a2f22ad7066be22112027623cd7401cf37ff3920d078a7a913e2,1888399133,2010463502,629780227,48921201,False
Random Forest,random_forest_12,12,"{""max_depth"":null,""max_features"":0.5,""n_estimators"":500}",dfa44aa18cb167a3af684759c076b89089d510e0ee7f1852203048d83996885f,0,42,3,1:1,654,164,0.5,0.864886972040452,0.8182491501402473,0.6364983002804947,0.7885714285714286,0.7419354838709677,0.8414634146341463,0.1468779512195122,0.9921662499546073,,971bb2c8d0b3b7495acb94f62ea8741d4ff4e6e52c17cfe1f97b50e8801a1513,1161336969,599905126,3703496083,230894654,False
Random Forest,random_forest_12,12,"{""max_depth"":null,""max_features"":0.5,""n_estimators"":500}",dfa44aa18cb167a3af684759c076b89089d510e0ee7f1852203048d83996885f,0,42,4,1:1,656,162,0.5,0.83013260173754,0.7643341643311938,0.5286683286623877,0.7868852459016393,0.7058823529411765,0.8888888888888888,0.16294713580246917,0.8509642499848269,,78610b63b09a3b3be6828cac4d903ead2c4bc5386d421ebf8e60227a9040ab96,1001834057,624141303,515383750,972393367,False
Random Forest,random_forest_12,12,"{""max_depth"":null,""max_features"":0.5,""n_estimators"":500}",dfa44aa18cb167a3af684759c076b89089d510e0ee7f1852203048d83996885f,1,7,0,1:1,654,164,0.5,0.8514277215942891,0.7912209182351682,0.5824418364703363,0.7978723404255319,0.7075471698113207,0.9146341463414634,0.15346051219512194,0.9236080420087092,,74e66c11e57d405efbe19a02f13985423c60121aaf1960175664824578d0255d,2521657055,4094230609,264134123,842399429,False
Random Forest,random_forest_12,12,"{""max_depth"":null,""max_features"":0.5,""n_estimators"":500}",dfa44aa18cb167a3af684759c076b89089d510e0ee7f1852203048d83996885f,1,7,1,1:1,654,164,0.5,0.8333581201665675,0.8017301594222622,0.6034603188445244,0.8022598870056498,0.7473684210526316,0.8658536585365854,0.15491243902439022,0.8755505830049515,,850c47286a5ff6cd122bd73c64fe0c130b4f93517aa2f9a4ab0225caa37355f8,3885368634,2431578943,1619142612,2845288631,False
Random Forest,random_forest_12,12,"{""max_depth"":null,""max_features"":0.5,""n_estimators"":500}",dfa44aa18cb167a3af684759c076b89089d510e0ee7f1852203048d83996885f,1,7,2,1:1,654,164,0.5,0.8770820939916716,0.8555743490693053,0.7111486981386106,0.8176795580110497,0.7474747474747475,0.9024390243902439,0.14214431707317074,0.8784134999732487,,a58cdcfd42f13eceb650b4e384e38c15ac3d252fa7a9cf51166f33733bec7373,1974496636,1223099430,3474831427,1753096405,False
Random Forest,random_forest_12,12,"{""max_depth"":null,""max_features"":0.5,""n_estimators"":500}",dfa44aa18cb167a3af684759c076b89089d510e0ee7f1852203048d83996885f,1,7,3,1:1,654,164,0.5,0.8261451516954194,0.7924055696950838,0.5848111393901676,0.7909604519774012,0.7368421052631579,0.8536585365853658,0.16111024390243903,0.8579529169946909,,0787429d108adbb8f716a931370780c2b496f9b4a512b716c8c31ecf6b7c002f,2308674788,3336517605,3055848280,3336201630,False
Random Forest,random_forest_12,12,"{""max_depth"":null,""max_features"":0.5,""n_estimators"":500}",dfa44aa18cb167a3af684759c076b89089d510e0ee7f1852203048d83996885f,1,7,4,1:1,656,162,0.5,0.8532235939643347,0.8005139353967242,0.6010278707934484,0.8045977011494253,0.7526881720430108,0.8641975308641975,0.14937313580246914,0.9198890830157325,,fd5a87140a37ffe54b3e77a354b4bd55b27678e3392d3612bcc974fcd938aac7,26843640,2371250898,2203746204,3425021368,False
Random Forest,random_forest_12,12,"{""max_depth"":null,""max_features"":0.5,""n_estimators"":500}",dfa44aa18cb167a3af684759c076b89089d510e0ee7f1852203048d83996885f,2,13,0,1:1,654,164,0.5,0.8432480666270077,0.8277299599165127,0.6554599198330253,0.7752808988764045,0.71875,0.8414634146341463,0.15862363414634145,0.9034854579949751,,b1e29c5fe8af2195e9abc0f61c3f3c4d213fca3f89d1193c4a6653fb53126347,4197323642,3493101560,3288021756,261167866,False
Random Forest,random_forest_12,12,"{""max_depth"":null,""max_features"":0.5,""n_estimators"":500}",dfa44aa18cb167a3af684759c076b89089d510e0ee7f1852203048d83996885f,2,13,1,1:1,654,164,0.5,0.823022010707912,0.7662203594727321,0.5324407189454643,0.7931034482758621,0.75,0.8414634146341463,0.1652882195121951,0.9109720829874277,,e3474974719a7c03379f3842f5f95d0ed2107cdd8a6ad009ba26fbebf9498feb,3966191544,1903504230,667876274,3411050692,False
Random Forest,random_forest_12,12,"{""max_depth"":null,""max_features"":0.5,""n_estimators"":500}",dfa44aa18cb167a3af684759c076b89089d510e0ee7f1852203048d83996885f,2,13,2,1:1,654,164,0.5,0.8404223676383106,0.7771630377909233,0.5543260755818467,0.8087431693989071,0.7326732673267327,0.9024390243902439,0.15657260975609757,0.9465429999982007,,9a349209c7d3b9bd40965068b2a613107212665860e7bbb02addbf0f67e5d1fd,1319135375,2081672424,66402786,1633975599,False
Random Forest,random_forest_12,12,"{""max_depth"":null,""max_features"":0.5,""n_estimators"":500}",dfa44aa18cb167a3af684759c076b89089d510e0ee7f1852203048d83996885f,2,13,3,1:1,654,164,0.5,0.8534354550862582,0.789050474935383,0.5781009498707661,0.8297872340425532,0.7358490566037735,0.9512195121951219,0.15184970731707315,0.913426291954238,,d3ae34fbcfb73c5a1be0c96ad00e7eec3433eb478aea0c91dd2163d7870a83ad,2293279620,3028097891,2933952375,4053831653,False
Random Forest,random_forest_12,12,"{""max_depth"":null,""max_features"":0.5,""n_estimators"":500}",dfa44aa18cb167a3af684759c076b89089d510e0ee7f1852203048d83996885f,2,13,4,1:1,656,162,0.5,0.8712086572168877,0.8264716213093922,0.6529432426187844,0.8488372093023255,0.8021978021978022,0.9012345679012346,0.13640041975308642,0.8983341660350561,,253211c36a4e03f7beb1ba4c6fb38a30d71faa649d183e5779b5f27efb6ce6bf,3410040530,245057234,532155413,762879727,False
Extra Trees,extra_trees_01,1,"{""max_depth"":8,""max_features"":""sqrt"",""n_estimators"":300}",cbb0ab02c8f148fca1bababd79ebfe29c823e1aa8da608a94c36b9c86b27d7bb,0,42,0,1:1,654,164,0.5,0.8478584176085663,0.8240173094614689,0.6480346189229378,0.7817258883248731,0.6695652173913044,0.9390243902439024,0.17187179103622482,0.14225999999325722,,b9f1edb670a53afef5f4c085e90bf5e13a41156251f6667b1a65871f2c4c47e0,1973658644,3715151037,233149161,2399526814,False
Extra Trees,extra_trees_01,1,"{""max_depth"":8,""max_features"":""sqrt"",""n_estimators"":300}",cbb0ab02c8f148fca1bababd79ebfe29c823e1aa8da608a94c36b9c86b27d7bb,0,42,1,1:1,654,164,0.5,0.842207019631172,0.819630553170786,0.6392611063415721,0.7936507936507936,0.7009345794392523,0.9146341463414634,0.1709781874980113,0.13934341602725908,,c59d36017adea2f05186de3822c3dd8c95d35f359f7ff35c586a14db623a3103,2786658438,2191900349,3517737438,2371526345,False
Extra Trees,extra_trees_01,1,"{""max_depth"":8,""max_features"":""sqrt"",""n_estimators"":300}",cbb0ab02c8f148fca1bababd79ebfe29c823e1aa8da608a94c36b9c86b27d7bb,0,42,2,1:1,654,164,0.5,0.8496430696014277,0.8289390261999029,0.6578780523998058,0.7936507936507936,0.7009345794392523,0.9146341463414634,0.1677654477231962,0.13828149996697903,,091c82241439a2f22ad7066be22112027623cd7401cf37ff3920d078a7a913e2,1888399133,2010463502,629780227,48921201,False
Extra Trees,extra_trees_01,1,"{""max_depth"":8,""max_features"":""sqrt"",""n_estimators"":300}",cbb0ab02c8f148fca1bababd79ebfe29c823e1aa8da608a94c36b9c86b27d7bb,0,42,3,1:1,654,164,0.5,0.8084473527662106,0.7695807453640271,0.5391614907280542,0.7604166666666666,0.6636363636363637,0.8902439024390244,0.17998734319688664,0.13891145802335814,,971bb2c8d0b3b7495acb94f62ea8741d4ff4e6e52c17cfe1f97b50e8801a1513,1161336969,599905126,3703496083,230894654,False
Extra Trees,extra_trees_01,1,"{""max_depth"":8,""max_features"":""sqrt"",""n_estimators"":300}",cbb0ab02c8f148fca1bababd79ebfe29c823e1aa8da608a94c36b9c86b27d7bb,0,42,4,1:1,656,162,0.5,0.8256363359244019,0.7725889493385785,0.5451778986771569,0.78125,0.6756756756756757,0.9259259259259259,0.17690772058668378,0.13694870902691036,,78610b63b09a3b3be6828cac4d903ead2c4bc5386d421ebf8e60227a9040ab96,1001834057,624141303,515383750,972393367,False
Extra Trees,extra_trees_01,1,"{""max_depth"":8,""max_features"":""sqrt"",""n_estimators"":300}",cbb0ab02c8f148fca1bababd79ebfe29c823e1aa8da608a94c36b9c86b27d7bb,1,7,0,1:1,654,164,0.5,0.8062165377751338,0.7420318967166128,0.4840637934332257,0.7659574468085106,0.6792452830188679,0.8780487804878049,0.17949411924846895,0.1380852499860339,,74e66c11e57d405efbe19a02f13985423c60121aaf1960175664824578d0255d,2521657055,4094230609,264134123,842399429,False
Extra Trees,extra_trees_01,1,"{""max_depth"":8,""max_features"":""sqrt"",""n_estimators"":300}",cbb0ab02c8f148fca1bababd79ebfe29c823e1aa8da608a94c36b9c86b27d7bb,1,7,1,1:1,654,164,0.5,0.815437239738251,0.7679940664926804,0.5359881329853609,0.7857142857142857,0.6754385964912281,0.9390243902439024,0.17618354586054708,0.13723983301315457,,850c47286a5ff6cd122bd73c64fe0c130b4f93517aa2f9a4ab0225caa37355f8,3885368634,2431578943,1619142612,2845288631,False
Extra Trees,extra_trees_01,1,"{""max_depth"":8,""max_features"":""sqrt"",""n_estimators"":300}",cbb0ab02c8f148fca1bababd79ebfe29c823e1aa8da608a94c36b9c86b27d7bb,1,7,2,1:1,654,164,0.5,0.8328375966686496,0.8033648092873854,0.6067296185747708,0.7692307692307693,0.6637168141592921,0.9146341463414634,0.17007217453926968,0.14164370903745294,,a58cdcfd42f13eceb650b4e384e38c15ac3d252fa7a9cf51166f33733bec7373,1974496636,1223099430,3474831427,1753096405,False
Extra Trees,extra_trees_01,1,"{""max_depth"":8,""max_features"":""sqrt"",""n_estimators"":300}",cbb0ab02c8f148fca1bababd79ebfe29c823e1aa8da608a94c36b9c86b27d7bb,1,7,3,1:1,654,164,0.5,0.8088935157644259,0.7415182874407586,0.4830365748815173,0.774869109947644,0.6788990825688074,0.9024390243902439,0.1766466383537985,0.1417625829926692,,0787429d108adbb8f716a931370780c2b496f9b4a512b716c8c31ecf6b7c002f,2308674788,3336517605,3055848280,3336201630,False
Extra Trees,extra_trees_01,1,"{""max_depth"":8,""max_features"":""sqrt"",""n_estimators"":300}",cbb0ab02c8f148fca1bababd79ebfe29c823e1aa8da608a94c36b9c86b27d7bb,1,7,4,1:1,656,162,0.5,0.8210638622161256,0.7692730243132344,0.5385460486264688,0.7659574468085106,0.6728971962616822,0.8888888888888888,0.18212075384564907,0.13881066697649658,,fd5a87140a37ffe54b3e77a354b4bd55b27678e3392d3612bcc974fcd938aac7,26843640,2371250898,2203746204,3425021368,False
Extra Trees,extra_trees_01,1,"{""max_depth"":8,""max_features"":""sqrt"",""n_estimators"":300}",cbb0ab02c8f148fca1bababd79ebfe29c823e1aa8da608a94c36b9c86b27d7bb,2,13,0,1:1,654,164,0.5,0.805026769779893,0.786005903282799,0.5720118065655979,0.7379679144385026,0.6571428571428571,0.8414634146341463,0.17410423236964892,0.1376986660179682,,b1e29c5fe8af2195e9abc0f61c3f3c4d213fca3f89d1193c4a6653fb53126347,4197323642,3493101560,3288021756,261167866,False
Extra Trees,extra_trees_01,1,"{""max_depth"":8,""max_features"":""sqrt"",""n_estimators"":300}",cbb0ab02c8f148fca1bababd79ebfe29c823e1aa8da608a94c36b9c86b27d7bb,2,13,1,1:1,654,164,0.5,0.7925342058298631,0.7129858591153797,0.4259717182307594,0.73224043715847,0.6633663366336634,0.8170731707317073,0.18584955538146197,0.1398474169545807,,e3474974719a7c03379f3842f5f95d0ed2107cdd8a6ad009ba26fbebf9498feb,3966191544,1903504230,667876274,3411050692,False
Extra Trees,extra_trees_01,1,"{""max_depth"":8,""max_features"":""sqrt"",""n_estimators"":300}",cbb0ab02c8f148fca1bababd79ebfe29c823e1aa8da608a94c36b9c86b27d7bb,2,13,2,1:1,654,164,0.5,0.8512790005948839,0.7959508146598708,0.5919016293197417,0.7938144329896907,0.6875,0.9390243902439024,0.17105867975956873,0.1388303330168128,,9a349209c7d3b9bd40965068b2a613107212665860e7bbb02addbf0f67e5d1fd,1319135375,2081672424,66402786,1633975599,False
Extra Trees,extra_trees_01,1,"{""max_depth"":8,""max_features"":""sqrt"",""n_estimators"":300}",cbb0ab02c8f148fca1bababd79ebfe29c823e1aa8da608a94c36b9c86b27d7bb,2,13,3,1:1,654,164,0.5,0.8209399167162403,0.7588633366869972,0.5177266733739945,0.7724867724867724,0.6822429906542056,0.8902439024390244,0.18120707849599552,0.1394439170253463,,d3ae34fbcfb73c5a1be0c96ad00e7eec3433eb478aea0c91dd2163d7870a83ad,2293279620,3028097891,2933952375,4053831653,False
Extra Trees,extra_trees_01,1,"{""max_depth"":8,""max_features"":""sqrt"",""n_estimators"":300}",cbb0ab02c8f148fca1bababd79ebfe29c823e1aa8da608a94c36b9c86b27d7bb,2,13,4,1:1,656,162,0.5,0.8533760097546106,0.8294956988708289,0.6589913977416577,0.8167539267015707,0.7090909090909091,0.9629629629629629,0.17119735152320814,0.13727612502407283,,253211c36a4e03f7beb1ba4c6fb38a30d71faa649d183e5779b5f27efb6ce6bf,3410040530,245057234,532155413,762879727,False
Extra Trees,extra_trees_02,2,"{""max_depth"":8,""max_features"":0.5,""n_estimators"":300}",a3d6533d7687da604e0db012d3b4dfa2ef88bfb5ce688d80a6feb0fe6b9404a9,0,42,0,1:1,654,164,0.5,0.8667459845330161,0.8378190610976747,0.6756381221953494,0.7939698492462312,0.6752136752136753,0.9634146341463414,0.15524618526823672,0.22452212497591972,,b9f1edb670a53afef5f4c085e90bf5e13a41156251f6667b1a65871f2c4c47e0,1973658644,3715151037,233149161,2399526814,False
Extra Trees,extra_trees_02,2,"{""max_depth"":8,""max_features"":0.5,""n_estimators"":300}",a3d6533d7687da604e0db012d3b4dfa2ef88bfb5ce688d80a6feb0fe6b9404a9,0,42,1,1:1,654,164,0.5,0.8426531826293873,0.815117598252064,0.630235196504128,0.7872340425531915,0.6981132075471698,0.9024390243902439,0.15555605494002878,0.22627116699004546,,c59d36017adea2f05186de3822c3dd8c95d35f359f7ff35c586a14db623a3103,2786658438,2191900349,3517737438,2371526345,False
Extra Trees,extra_trees_02,2,"{""max_depth"":8,""max_features"":0.5,""n_estimators"":300}",a3d6533d7687da604e0db012d3b4dfa2ef88bfb5ce688d80a6feb0fe6b9404a9,0,42,2,1:1,654,164,0.5,0.8548483045806068,0.8306280119767043,0.6612560239534087,0.7894736842105263,0.6944444444444444,0.9146341463414634,0.15357521041833547,0.22294754098402336,,091c82241439a2f22ad7066be22112027623cd7401cf37ff3920d078a7a913e2,1888399133,2010463502,629780227,48921201,False
Extra Trees,extra_trees_02,2,"{""max_depth"":8,""max_features"":0.5,""n_estimators"":300}",a3d6533d7687da604e0db012d3b4dfa2ef88bfb5ce688d80a6feb0fe6b9404a9,0,42,3,1:1,654,164,0.5,0.838340273646639,0.8123221105193243,0.6246442210386487,0.7708333333333334,0.6727272727272727,0.9024390243902439,0.16395701035055169,0.22929945803480223,,971bb2c8d0b3b7495acb94f62ea8741d4ff4e6e52c17cfe1f97b50e8801a1513,1161336969,599905126,3703496083,230894654,False
Extra Trees,extra_trees_02,2,"{""max_depth"":8,""max_features"":0.5,""n_estimators"":300}",a3d6533d7687da604e0db012d3b4dfa2ef88bfb5ce688d80a6feb0fe6b9404a9,0,42,4,1:1,656,162,0.5,0.834781283340954,0.7699640439196553,0.5399280878393107,0.7700534759358288,0.6792452830188679,0.8888888888888888,0.16234775487165212,0.22416904201963916,,78610b63b09a3b3be6828cac4d903ead2c4bc5386d421ebf8e60227a9040ab96,1001834057,624141303,515383750,972393367,False
Extra Trees,extra_trees_02,2,"{""max_depth"":8,""max_features"":0.5,""n_estimators"":300}",a3d6533d7687da604e0db012d3b4dfa2ef88bfb5ce688d80a6feb0fe6b9404a9,1,7,0,1:1,654,164,0.5,0.8331350386674599,0.7749652874266659,0.5499305748533319,0.8020833333333334,0.7,0.9390243902439024,0.16104862305858395,0.2296525000128895,,74e66c11e57d405efbe19a02f13985423c60121aaf1960175664824578d0255d,2521657055,4094230609,264134123,842399429,False
Extra Trees,extra_trees_02,2,"{""max_depth"":8,""max_features"":0.5,""n_estimators"":300}",a3d6533d7687da604e0db012d3b4dfa2ef88bfb5ce688d80a6feb0fe6b9404a9,1,7,1,1:1,654,164,0.5,0.8371505056513979,0.7841810595523968,0.5683621191047936,0.8148148148148148,0.719626168224299,0.9390243902439024,0.1588565299243202,0.22085058299126104,,850c47286a5ff6cd122bd73c64fe0c130b4f93517aa2f9a4ab0225caa37355f8,3885368634,2431578943,1619142612,2845288631,False
Extra Trees,extra_trees_02,2,"{""max_depth"":8,""max_features"":0.5,""n_estimators"":300}",a3d6533d7687da604e0db012d3b4dfa2ef88bfb5ce688d80a6feb0fe6b9404a9,1,7,2,1:1,654,164,0.5,0.8664485425342059,0.8308223971937604,0.6616447943875208,0.8,0.6902654867256637,0.9512195121951219,0.15273800398179876,0.2263283749925904,,a58cdcfd42f13eceb650b4e384e38c15ac3d252fa7a9cf51166f33733bec7373,1974496636,1223099430,3474831427,1753096405,False
Extra Trees,extra_trees_02,2,"{""max_depth"":8,""max_features"":0.5,""n_estimators"":300}",a3d6533d7687da604e0db012d3b4dfa2ef88bfb5ce688d80a6feb0fe6b9404a9,1,7,3,1:1,654,164,0.5,0.8309042236763831,0.7748387521144331,0.5496775042288662,0.7979274611398963,0.6936936936936937,0.9390243902439024,0.15916100098266142,0.2233633329742588,,0787429d108adbb8f716a931370780c2b496f9b4a512b716c8c31ecf6b7c002f,2308674788,3336517605,3055848280,3336201630,False
Extra Trees,extra_trees_02,2,"{""max_depth"":8,""max_features"":0.5,""n_estimators"":300}",a3d6533d7687da604e0db012d3b4dfa2ef88bfb5ce688d80a6feb0fe6b9404a9,1,7,4,1:1,656,162,0.5,0.8459076360310928,0.786825988683729,0.573651977367458,0.806282722513089,0.7,0.9506172839506173,0.1628012805737891,0.22262620797846466,,fd5a87140a37ffe54b3e77a354b4bd55b27678e3392d3612bcc974fcd938aac7,26843640,2371250898,2203746204,3425021368,False
Extra Trees,extra_trees_02,2,"{""max_depth"":8,""max_features"":0.5,""n_estimators"":300}",a3d6533d7687da604e0db012d3b4dfa2ef88bfb5ce688d80a6feb0fe6b9404a9,2,13,0,1:1,654,164,0.5,0.8246579417013682,0.8032934649270671,0.6065869298541342,0.7593582887700535,0.6761904761904762,0.8658536585365854,0.16228759126685896,0.2187632920104079,,b1e29c5fe8af2195e9abc0f61c3f3c4d213fca3f89d1193c4a6653fb53126347,4197323642,3493101560,3288021756,261167866,False
Extra Trees,extra_trees_02,2,"{""max_depth"":8,""max_features"":0.5,""n_estimators"":300}",a3d6533d7687da604e0db012d3b4dfa2ef88bfb5ce688d80a6feb0fe6b9404a9,2,13,1,1:1,654,164,0.5,0.8210886377156454,0.7441880999811433,0.48837619996228665,0.7675675675675676,0.6893203883495146,0.8658536585365854,0.16765195013740128,0.2261813750374131,,e3474974719a7c03379f3842f5f95d0ed2107cdd8a6ad009ba26fbebf9498feb,3966191544,1903504230,667876274,3411050692,False
Extra Trees,extra_trees_02,2,"{""max_depth"":8,""max_features"":0.5,""n_estimators"":300}",a3d6533d7687da604e0db012d3b4dfa2ef88bfb5ce688d80a6feb0fe6b9404a9,2,13,2,1:1,654,164,0.5,0.8588637715645449,0.7999160325997849,0.5998320651995699,0.8082901554404145,0.7027027027027027,0.9512195121951219,0.15511945205339442,0.22644737496739253,,9a349209c7d3b9bd40965068b2a613107212665860e7bbb02addbf0f67e5d1fd,1319135375,2081672424,66402786,1633975599,False
Extra Trees,extra_trees_02,2,"{""max_depth"":8,""max_features"":0.5,""n_estimators"":300}",a3d6533d7687da604e0db012d3b4dfa2ef88bfb5ce688d80a6feb0fe6b9404a9,2,13,3,1:1,654,164,0.5,0.8484533016061868,0.7836488092749336,0.5672976185498673,0.7978723404255319,0.7075471698113207,0.9146341463414634,0.16201385620827657,0.22263641702011228,,d3ae34fbcfb73c5a1be0c96ad00e7eec3433eb478aea0c91dd2163d7870a83ad,2293279620,3028097891,2933952375,4053831653,False
Extra Trees,extra_trees_02,2,"{""max_depth"":8,""max_features"":0.5,""n_estimators"":300}",a3d6533d7687da604e0db012d3b4dfa2ef88bfb5ce688d80a6feb0fe6b9404a9,2,13,4,1:1,656,162,0.5,0.8680079256210943,0.8437138729656464,0.6874277459312927,0.8260869565217391,0.7378640776699029,0.9382716049382716,0.14842898448895603,0.22596354101551697,,253211c36a4e03f7beb1ba4c6fb38a30d71faa649d183e5779b5f27efb6ce6bf,3410040530,245057234,532155413,762879727,False
Extra Trees,extra_trees_03,3,"{""max_depth"":10,""max_features"":""sqrt"",""n_estimators"":300}",c0bb7d0b9e7faf9801fe2c6e2cd49541ab48729b14a041226992370c5e2ca242,0,42,0,1:1,654,164,0.5,0.8570791195716836,0.8284057041830725,0.6568114083661449,0.8020304568527918,0.6869565217391305,0.9634146341463414,0.16448107935213127,0.15007108397549018,,b9f1edb670a53afef5f4c085e90bf5e13a41156251f6667b1a65871f2c4c47e0,1973658644,3715151037,233149161,2399526814,False
Extra Trees,extra_trees_03,3,"{""max_depth"":10,""max_features"":""sqrt"",""n_estimators"":300}",c0bb7d0b9e7faf9801fe2c6e2cd49541ab48729b14a041226992370c5e2ca242,0,42,1,1:1,654,164,0.5,0.840868530636526,0.8132436424232621,0.6264872848465242,0.8,0.7037037037037037,0.926829268292683,0.1637615625384876,0.14903658401453868,,c59d36017adea2f05186de3822c3dd8c95d35f359f7ff35c586a14db623a3103,2786658438,2191900349,3517737438,2371526345,False
Extra Trees,extra_trees_03,3,"{""max_depth"":10,""max_features"":""sqrt"",""n_estimators"":300}",c0bb7d0b9e7faf9801fe2c6e2cd49541ab48729b14a041226992370c5e2ca242,0,42,2,1:1,654,164,0.5,0.855145746579417,0.8300428877595567,0.6600857755191134,0.7853403141361257,0.6880733944954128,0.9146341463414634,0.16246314666672554,0.14805374998832121,,091c82241439a2f22ad7066be22112027623cd7401cf37ff3920d078a7a913e2,1888399133,2010463502,629780227,48921201,False
Extra Trees,extra_trees_03,3,"{""max_depth"":10,""max_features"":""sqrt"",""n_estimators"":300}",c0bb7d0b9e7faf9801fe2c6e2cd49541ab48729b14a041226992370c5e2ca242,0,42,3,1:1,654,164,0.5,0.8215348007138608,0.783965576274396,0.567931152548792,0.75,0.6545454545454545,0.8780487804878049,0.17505413307033874,0.15057541598798707,,971bb2c8d0b3b7495acb94f62ea8741d4ff4e6e52c17cfe1f97b50e8801a1513,1161336969,599905126,3703496083,230894654,False
Extra Trees,extra_trees_03,3,"{""max_depth"":10,""max_features"":""sqrt"",""n_estimators"":300}",c0bb7d0b9e7faf9801fe2c6e2cd49541ab48729b14a041226992370c5e2ca242,0,42,4,1:1,656,162,0.5,0.8251790885535741,0.7606309560533636,0.5212619121067272,0.7708333333333334,0.6666666666666666,0.9135802469135802,0.172171558998319,0.14914349996251985,,78610b63b09a3b3be6828cac4d903ead2c4bc5386d421ebf8e60227a9040ab96,1001834057,624141303,515383750,972393367,False
Extra Trees,extra_trees_03,3,"{""max_depth"":10,""max_features"":""sqrt"",""n_estimators"":300}",c0bb7d0b9e7faf9801fe2c6e2cd49541ab48729b14a041226992370c5e2ca242,1,7,0,1:1,654,164,0.5,0.8069601427721594,0.7452973692352439,0.49059473847048785,0.774869109947644,0.6788990825688074,0.9024390243902439,0.1749377260672962,0.14972808404127136,,74e66c11e57d405efbe19a02f13985423c60121aaf1960175664824578d0255d,2521657055,4094230609,264134123,842399429,False
Extra Trees,extra_trees_03,3,"{""max_depth"":10,""max_features"":""sqrt"",""n_estimators"":300}",c0bb7d0b9e7faf9801fe2c6e2cd49541ab48729b14a041226992370c5e2ca242,1,7,1,1:1,654,164,0.5,0.8118679357525282,0.7607809620982793,0.5215619241965586,0.7979274611398963,0.6936936936936937,0.9390243902439024,0.17112329379493257,0.14668624999467283,,850c47286a5ff6cd122bd73c64fe0c130b4f93517aa2f9a4ab0225caa37355f8,3885368634,2431578943,1619142612,2845288631,False
Extra Trees,extra_trees_03,3,"{""max_depth"":10,""max_features"":""sqrt"",""n_estimators"":300}",c0bb7d0b9e7faf9801fe2c6e2cd49541ab48729b14a041226992370c5e2ca242,1,7,2,1:1,654,164,0.5,0.8453301606186794,0.8176171444497218,0.6352342888994436,0.7817258883248731,0.6695652173913044,0.9390243902439024,0.1631166034809969,0.14829866698710248,,a58cdcfd42f13eceb650b4e384e38c15ac3d252fa7a9cf51166f33733bec7373,1974496636,1223099430,3474831427,1753096405,False
Extra Trees,extra_trees_03,3,"{""max_depth"":10,""max_features"":""sqrt"",""n_estimators"":300}",c0bb7d0b9e7faf9801fe2c6e2cd49541ab48729b14a041226992370c5e2ca242,1,7,3,1:1,654,164,0.5,0.8198988697204045,0.7558700159233107,0.5117400318466214,0.7853403141361257,0.6880733944954128,0.9146341463414634,0.1688143534029878,0.14855358301429078,,0787429d108adbb8f716a931370780c2b496f9b4a512b716c8c31ecf6b7c002f,2308674788,3336517605,3055848280,3336201630,False
Extra Trees,extra_trees_03,3,"{""max_depth"":10,""max_features"":""sqrt"",""n_estimators"":300}",c0bb7d0b9e7faf9801fe2c6e2cd49541ab48729b14a041226992370c5e2ca242,1,7,4,1:1,656,162,0.5,0.8235025148605396,0.7678798797062957,0.5357597594125914,0.7853403141361257,0.6818181818181818,0.9259259259259259,0.1766786745043055,0.14890133397420868,,fd5a87140a37ffe54b3e77a354b4bd55b27678e3392d3612bcc974fcd938aac7,26843640,2371250898,2203746204,3425021368,False
Extra Trees,extra_trees_03,3,"{""max_depth"":10,""max_features"":""sqrt"",""n_estimators"":300}",c0bb7d0b9e7faf9801fe2c6e2cd49541ab48729b14a041226992370c5e2ca242,2,13,0,1:1,654,164,0.5,0.8155859607376561,0.7953127554761871,0.5906255109523741,0.7794871794871795,0.672566371681416,0.926829268292683,0.1686309812160946,0.14780162496026605,,b1e29c5fe8af2195e9abc0f61c3f3c4d213fca3f89d1193c4a6653fb53126347,4197323642,3493101560,3288021756,261167866,False
Extra Trees,extra_trees_03,3,"{""max_depth"":10,""max_features"":""sqrt"",""n_estimators"":300}",c0bb7d0b9e7faf9801fe2c6e2cd49541ab48729b14a041226992370c5e2ca242,2,13,1,1:1,654,164,0.5,0.8044318857822724,0.7246032600554477,0.44920652011089546,0.7513812154696132,0.6868686868686869,0.8292682926829268,0.17981447263655032,0.14960179204354063,,e3474974719a7c03379f3842f5f95d0ed2107cdd8a6ad009ba26fbebf9498feb,3966191544,1903504230,667876274,3411050692,False
Extra Trees,extra_trees_03,3,"{""max_depth"":10,""max_features"":""sqrt"",""n_estimators"":300}",c0bb7d0b9e7faf9801fe2c6e2cd49541ab48729b14a041226992370c5e2ca242,2,13,2,1:1,654,164,0.5,0.8602022605591909,0.813679812511247,0.627359625022494,0.8,0.6902654867256637,0.9512195121951219,0.16377734153501294,0.1488110839854926,,9a349209c7d3b9bd40965068b2a613107212665860e7bbb02addbf0f67e5d1fd,1319135375,2081672424,66402786,1633975599,False
Extra Trees,extra_trees_03,3,"{""max_depth"":10,""max_features"":""sqrt"",""n_estimators"":300}",c0bb7d0b9e7faf9801fe2c6e2cd49541ab48729b14a041226992370c5e2ca242,2,13,3,1:1,654,164,0.5,0.8304580606781677,0.7656440464363108,0.5312880928726216,0.7936507936507936,0.7009345794392523,0.9146341463414634,0.17471342842976595,0.15705620899097994,,d3ae34fbcfb73c5a1be0c96ad00e7eec3433eb478aea0c91dd2163d7870a83ad,2293279620,3028097891,2933952375,4053831653,False
Extra Trees,extra_trees_03,3,"{""max_depth"":10,""max_features"":""sqrt"",""n_estimators"":300}",c0bb7d0b9e7faf9801fe2c6e2cd49541ab48729b14a041226992370c5e2ca242,2,13,4,1:1,656,162,0.5,0.8629782045419906,0.841900683057158,0.6838013661143161,0.8167539267015707,0.7090909090909091,0.9629629629629629,0.16380446307152402,0.1502699579577893,,253211c36a4e03f7beb1ba4c6fb38a30d71faa649d183e5779b5f27efb6ce6bf,3410040530,245057234,532155413,762879727,False
Extra Trees,extra_trees_04,4,"{""max_depth"":10,""max_features"":0.5,""n_estimators"":300}",dd0abca8e748bfa63a537c4836c4bf3defcd7da330aef7178924e1790c857305,0,42,0,1:1,654,164,0.5,0.8764128494943486,0.8531689477209145,0.7063378954418289,0.8,0.6902654867256637,0.9512195121951219,0.1500103331846482,0.2532130840118043,,b9f1edb670a53afef5f4c085e90bf5e13a41156251f6667b1a65871f2c4c47e0,1973658644,3715151037,233149161,2399526814,False
Extra Trees,extra_trees_04,4,"{""max_depth"":10,""max_features"":0.5,""n_estimators"":300}",dd0abca8e748bfa63a537c4836c4bf3defcd7da330aef7178924e1790c857305,0,42,1,1:1,654,164,0.5,0.8375966686496134,0.8127923479125514,0.6255846958251028,0.776595744680851,0.6886792452830188,0.8902439024390244,0.1547038286286123,0.2580075419973582,,c59d36017adea2f05186de3822c3dd8c95d35f359f7ff35c586a14db623a3103,2786658438,2191900349,3517737438,2371526345,False
Extra Trees,extra_trees_04,4,"{""max_depth"":10,""max_features"":0.5,""n_estimators"":300}",dd0abca8e748bfa63a537c4836c4bf3defcd7da330aef7178924e1790c857305,0,42,2,1:1,654,164,0.5,0.8511302795954789,0.8255664317571801,0.6511328635143603,0.783068783068783,0.6915887850467289,0.9024390243902439,0.1524571101960926,0.2535997499944642,,091c82241439a2f22ad7066be22112027623cd7401cf37ff3920d078a7a913e2,1888399133,2010463502,629780227,48921201,False
Extra Trees,extra_trees_04,4,"{""max_depth"":10,""max_features"":0.5,""n_estimators"":300}",dd0abca8e748bfa63a537c4836c4bf3defcd7da330aef7178924e1790c857305,0,42,3,1:1,654,164,0.5,0.8527662105889352,0.8352995529510909,0.6705991059021819,0.774869109947644,0.6788990825688074,0.9024390243902439,0.1581682428812372,0.2617044160142541,,971bb2c8d0b3b7495acb94f62ea8741d4ff4e6e52c17cfe1f97b50e8801a1513,1161336969,599905126,3703496083,230894654,False
Extra Trees,extra_trees_04,4,"{""max_depth"":10,""max_features"":0.5,""n_estimators"":300}",dd0abca8e748bfa63a537c4836c4bf3defcd7da330aef7178924e1790c857305,0,42,4,1:1,656,162,0.5,0.8315805517451608,0.7556792336059289,0.5113584672118578,0.776595744680851,0.6822429906542056,0.9012345679012346,0.1623227864199001,0.2504199579707347,,78610b63b09a3b3be6828cac4d903ead2c4bc5386d421ebf8e60227a9040ab96,1001834057,624141303,515383750,972393367,False
Extra Trees,extra_trees_04,4,"{""max_depth"":10,""max_features"":0.5,""n_estimators"":300}",dd0abca8e748bfa63a537c4836c4bf3defcd7da330aef7178924e1790c857305,1,7,0,1:1,654,164,0.5,0.8442891136228435,0.7910286877382495,0.582057375476499,0.8148148148148148,0.719626168224299,0.9390243902439024,0.1561285561279838,0.26157754205632955,,74e66c11e57d405efbe19a02f13985423c60121aaf1960175664824578d0255d,2521657055,4094230609,264134123,842399429,False
Extra Trees,extra_trees_04,4,"{""max_depth"":10,""max_features"":0.5,""n_estimators"":300}",dd0abca8e748bfa63a537c4836c4bf3defcd7da330aef7178924e1790c857305,1,7,1,1:1,654,164,0.5,0.8377453896490183,0.7733318254901834,0.5466636509803668,0.8148148148148148,0.719626168224299,0.9390243902439024,0.15719871391810095,0.24913725000806153,,850c47286a5ff6cd122bd73c64fe0c130b4f93517aa2f9a4ab0225caa37355f8,3885368634,2431578943,1619142612,2845288631,False
Extra Trees,extra_trees_04,4,"{""max_depth"":10,""max_features"":0.5,""n_estimators"":300}",dd0abca8e748bfa63a537c4836c4bf3defcd7da330aef7178924e1790c857305,1,7,2,1:1,654,164,0.5,0.8731409875074361,0.8442179953983836,0.6884359907967672,0.8125,0.7090909090909091,0.9512195121951219,0.14844159335634322,0.2567554999841377,,a58cdcfd42f13eceb650b4e384e38c15ac3d252fa7a9cf51166f33733bec7373,1974496636,1223099430,3474831427,1753096405,False
Extra Trees,extra_trees_04,4,"{""max_depth"":10,""max_features"":0.5,""n_estimators"":300}",dd0abca8e748bfa63a537c4836c4bf3defcd7da330aef7178924e1790c857305,1,7,3,1:1,654,164,0.5,0.83982748364069,0.8065672048474561,0.6131344096949123,0.7853403141361257,0.6880733944954128,0.9146341463414634,0.15619538519453383,0.25313783396268263,,0787429d108adbb8f716a931370780c2b496f9b4a512b716c8c31ecf6b7c002f,2308674788,3336517605,3055848280,3336201630,False
Extra Trees,extra_trees_04,4,"{""max_depth"":10,""max_features"":0.5,""n_estimators"":300}",dd0abca8e748bfa63a537c4836c4bf3defcd7da330aef7178924e1790c857305,1,7,4,1:1,656,162,0.5,0.8488035360463344,0.7923395203833256,0.5846790407666511,0.8,0.7115384615384616,0.9135802469135802,0.1588973819639554,0.2542925410089083,,fd5a87140a37ffe54b3e77a354b4bd55b27678e3392d3612bcc974fcd938aac7,26843640,2371250898,2203746204,3425021368,False
Extra Trees,extra_trees_04,4,"{""max_depth"":10,""max_features"":0.5,""n_estimators"":300}",dd0abca8e748bfa63a537c4836c4bf3defcd7da330aef7178924e1790c857305,2,13,0,1:1,654,164,0.5,0.8436942296252231,0.8259468342410663,0.6518936684821326,0.7891891891891892,0.7087378640776699,0.8902439024390244,0.1559244596704073,0.2470652090269141,,b1e29c5fe8af2195e9abc0f61c3f3c4d213fca3f89d1193c4a6653fb53126347,4197323642,3493101560,3288021756,261167866,False
Extra Trees,extra_trees_04,4,"{""max_depth"":10,""max_features"":0.5,""n_estimators"":300}",dd0abca8e748bfa63a537c4836c4bf3defcd7da330aef7178924e1790c857305,2,13,1,1:1,654,164,0.5,0.8219809637120761,0.7430667201373244,0.4861334402746489,0.7759562841530054,0.7029702970297029,0.8658536585365854,0.16536803112583923,0.25980783300474286,,e3474974719a7c03379f3842f5f95d0ed2107cdd8a6ad009ba26fbebf9498feb,3966191544,1903504230,667876274,3411050692,False
Extra Trees,extra_trees_04,4,"{""max_depth"":10,""max_features"":0.5,""n_estimators"":300}",dd0abca8e748bfa63a537c4836c4bf3defcd7da330aef7178924e1790c857305,2,13,2,1:1,654,164,0.5,0.8558893515764426,0.7879156578746789,0.5758313157493578,0.7979274611398963,0.6936936936936937,0.9390243902439024,0.15540017348984295,0.25742054102011025,,9a349209c7d3b9bd40965068b2a613107212665860e7bbb02addbf0f67e5d1fd,1319135375,2081672424,66402786,1633975599,False
Extra Trees,extra_trees_04,4,"{""max_depth"":10,""max_features"":0.5,""n_estimators"":300}",dd0abca8e748bfa63a537c4836c4bf3defcd7da330aef7178924e1790c857305,2,13,3,1:1,654,164,0.5,0.8587150505651397,0.7858894215280371,0.5717788430560742,0.8128342245989305,0.7238095238095238,0.926829268292683,0.15705957820638428,0.25198245799401775,,d3ae34fbcfb73c5a1be0c96ad00e7eec3433eb478aea0c91dd2163d7870a83ad,2293279620,3028097891,2933952375,4053831653,False
Extra Trees,extra_trees_04,4,"{""max_depth"":10,""max_features"":0.5,""n_estimators"":300}",dd0abca8e748bfa63a537c4836c4bf3defcd7da330aef7178924e1790c857305,2,13,4,1:1,656,162,0.5,0.8669410150891632,0.8331408118170058,0.6662816236340117,0.8369565217391305,0.7475728155339806,0.9506172839506173,0.14628534293305376,0.2552504159975797,,253211c36a4e03f7beb1ba4c6fb38a30d71faa649d183e5779b5f27efb6ce6bf,3410040530,245057234,532155413,762879727,False
Extra Trees,extra_trees_05,5,"{""max_depth"":null,""max_features"":""sqrt"",""n_estimators"":300}",4d0e3f89b530aca66d641dc6b55f886e64621ad37b8308e71369c99396d7a370,0,42,0,1:1,654,164,0.5,0.8892772159428911,0.8718562323172501,0.7437124646345001,0.8279569892473119,0.7403846153846154,0.9390243902439024,0.1397837398373984,0.22499908303143457,,b9f1edb670a53afef5f4c085e90bf5e13a41156251f6667b1a65871f2c4c47e0,1973658644,3715151037,233149161,2399526814,False
Extra Trees,extra_trees_05,5,"{""max_depth"":null,""max_features"":""sqrt"",""n_estimators"":300}",4d0e3f89b530aca66d641dc6b55f886e64621ad37b8308e71369c99396d7a370,0,42,1,1:1,654,164,0.5,0.854625223081499,0.8299140323653753,0.6598280647307506,0.7868852459016393,0.7128712871287128,0.8780487804878049,0.15113421409214092,0.2246008329675533,,c59d36017adea2f05186de3822c3dd8c95d35f359f7ff35c586a14db623a3103,2786658438,2191900349,3517737438,2371526345,False
Extra Trees,extra_trees_05,5,"{""max_depth"":null,""max_features"":""sqrt"",""n_estimators"":300}",4d0e3f89b530aca66d641dc6b55f886e64621ad37b8308e71369c99396d7a370,0,42,2,1:1,654,164,0.5,0.8604253420582987,0.83487826164296,0.66975652328592,0.8297872340425532,0.7358490566037735,0.9512195121951219,0.14803915989159894,0.2241514589986764,,091c82241439a2f22ad7066be22112027623cd7401cf37ff3920d078a7a913e2,1888399133,2010463502,629780227,48921201,False
Extra Trees,extra_trees_05,5,"{""max_depth"":null,""max_features"":""sqrt"",""n_estimators"":300}",4d0e3f89b530aca66d641dc6b55f886e64621ad37b8308e71369c99396d7a370,0,42,3,1:1,654,164,0.5,0.8472635336109459,0.8321117883035987,0.6642235766071973,0.7659574468085106,0.6792452830188679,0.8780487804878049,0.16058766937669378,0.23028437502216548,,971bb2c8d0b3b7495acb94f62ea8741d4ff4e6e52c17cfe1f97b50e8801a1513,1161336969,599905126,3703496083,230894654,False
Extra Trees,extra_trees_05,5,"{""max_depth"":null,""max_features"":""sqrt"",""n_estimators"":300}",4d0e3f89b530aca66d641dc6b55f886e64621ad37b8308e71369c99396d7a370,0,42,4,1:1,656,162,0.5,0.8247218411827465,0.7587395897503798,0.5174791795007596,0.7741935483870968,0.6857142857142857,0.8888888888888888,0.1671085048010974,0.2223627080093138,,78610b63b09a3b3be6828cac4d903ead2c4bc5386d421ebf8e60227a9040ab96,1001834057,624141303,515383750,972393367,False
Extra Trees,extra_trees_05,5,"{""max_depth"":null,""max_features"":""sqrt"",""n_estimators"":300}",4d0e3f89b530aca66d641dc6b55f886e64621ad37b8308e71369c99396d7a370,1,7,0,1:1,654,164,0.5,0.8518738845925045,0.8091308374102526,0.6182616748205052,0.8021390374331551,0.7142857142857143,0.9146341463414634,0.15481470189701899,0.22478954098187387,,74e66c11e57d405efbe19a02f13985423c60121aaf1960175664824578d0255d,2521657055,4094230609,264134123,842399429,False
Extra Trees,extra_trees_05,5,"{""max_depth"":null,""max_features"":""sqrt"",""n_estimators"":300}",4d0e3f89b530aca66d641dc6b55f886e64621ad37b8308e71369c99396d7a370,1,7,1,1:1,654,164,0.5,0.8172962522308149,0.7619402380061725,0.523880476012345,0.7849462365591398,0.7019230769230769,0.8902439024390244,0.16230968834688345,0.22159354196628556,,850c47286a5ff6cd122bd73c64fe0c130b4f93517aa2f9a4ab0225caa37355f8,3885368634,2431578943,1619142612,2845288631,False
Extra Trees,extra_trees_05,5,"{""max_depth"":null,""max_features"":""sqrt"",""n_estimators"":300}",4d0e3f89b530aca66d641dc6b55f886e64621ad37b8308e71369c99396d7a370,1,7,2,1:1,654,164,0.5,0.8701665675193337,0.8681685595380202,0.7363371190760404,0.8020833333333334,0.7,0.9390243902439024,0.14797974254742546,0.23425675003090873,,a58cdcfd42f13eceb650b4e384e38c15ac3d252fa7a9cf51166f33733bec7373,1974496636,1223099430,3474831427,1753096405,False
Extra Trees,extra_trees_05,5,"{""max_depth"":null,""max_features"":""sqrt"",""n_estimators"":300}",4d0e3f89b530aca66d641dc6b55f886e64621ad37b8308e71369c99396d7a370,1,7,3,1:1,654,164,0.5,0.8418352171326592,0.8135534789777014,0.6271069579554027,0.8021978021978022,0.73,0.8902439024390244,0.1546282520325203,0.223619916010648,,0787429d108adbb8f716a931370780c2b496f9b4a512b716c8c31ecf6b7c002f,2308674788,3336517605,3055848280,3336201630,False
Extra Trees,extra_trees_05,5,"{""max_depth"":null,""max_features"":""sqrt"",""n_estimators"":300}",4d0e3f89b530aca66d641dc6b55f886e64621ad37b8308e71369c99396d7a370,1,7,4,1:1,656,162,0.5,0.8418686175887823,0.7983652406944959,0.5967304813889918,0.7752808988764045,0.711340206185567,0.8518518518518519,0.15964663923182443,0.22871762502472848,,fd5a87140a37ffe54b3e77a354b4bd55b27678e3392d3612bcc974fcd938aac7,26843640,2371250898,2203746204,3425021368,False
Extra Trees,extra_trees_05,5,"{""max_depth"":null,""max_features"":""sqrt"",""n_estimators"":300}",4d0e3f89b530aca66d641dc6b55f886e64621ad37b8308e71369c99396d7a370,2,13,0,1:1,654,164,0.5,0.8669690660321238,0.8556382602726078,0.7112765205452156,0.7912087912087912,0.72,0.8780487804878049,0.14893346883468836,0.2265239999978803,,b1e29c5fe8af2195e9abc0f61c3f3c4d213fca3f89d1193c4a6653fb53126347,4197323642,3493101560,3288021756,261167866,False
Extra Trees,extra_trees_05,5,"{""max_depth"":null,""max_features"":""sqrt"",""n_estimators"":300}",4d0e3f89b530aca66d641dc6b55f886e64621ad37b8308e71369c99396d7a370,2,13,1,1:1,654,164,0.5,0.8080011897679952,0.7307027843471288,0.46140556869425753,0.7777777777777778,0.7142857142857143,0.8536585365853658,0.1697643631436314,0.22362945799250156,,e3474974719a7c03379f3842f5f95d0ed2107cdd8a6ad009ba26fbebf9498feb,3966191544,1903504230,667876274,3411050692,False
Extra Trees,extra_trees_05,5,"{""max_depth"":null,""max_features"":""sqrt"",""n_estimators"":300}",4d0e3f89b530aca66d641dc6b55f886e64621ad37b8308e71369c99396d7a370,2,13,2,1:1,654,164,0.5,0.8512046400951815,0.7969280998583623,0.5938561997167247,0.8,0.7037037037037037,0.926829268292683,0.15488550135501353,0.2266197910066694,,9a349209c7d3b9bd40965068b2a613107212665860e7bbb02addbf0f67e5d1fd,1319135375,2081672424,66402786,1633975599,False
Extra Trees,extra_trees_05,5,"{""max_depth"":null,""max_features"":""sqrt"",""n_estimators"":300}",4d0e3f89b530aca66d641dc6b55f886e64621ad37b8308e71369c99396d7a370,2,13,3,1:1,654,164,0.5,0.8392325996430696,0.7732588068730885,0.5465176137461769,0.8021978021978022,0.73,0.8902439024390244,0.16018143631436313,0.2285507500055246,,d3ae34fbcfb73c5a1be0c96ad00e7eec3433eb478aea0c91dd2163d7870a83ad,2293279620,3028097891,2933952375,4053831653,False
Extra Trees,extra_trees_05,5,"{""max_depth"":null,""max_features"":""sqrt"",""n_estimators"":300}",4d0e3f89b530aca66d641dc6b55f886e64621ad37b8308e71369c99396d7a370,2,13,4,1:1,656,162,0.5,0.8721231519585428,0.8460291222614349,0.6920582445228698,0.8152173913043478,0.7281553398058253,0.9259259259259259,0.1456776406035665,0.22451195801841095,,253211c36a4e03f7beb1ba4c6fb38a30d71faa649d183e5779b5f27efb6ce6bf,3410040530,245057234,532155413,762879727,False
Extra Trees,extra_trees_06,6,"{""max_depth"":null,""max_features"":0.5,""n_estimators"":300}",3dc84baebdcb3f0294578f249e7884e211145577cf295e5152caccf2a5291927,0,42,0,1:1,654,164,0.5,0.8759666864961332,0.8515524383431152,0.7031048766862305,0.8087431693989071,0.7326732673267327,0.9024390243902439,0.14224336043360436,0.3479998750262894,,b9f1edb670a53afef5f4c085e90bf5e13a41156251f6667b1a65871f2c4c47e0,1973658644,3715151037,233149161,2399526814,False
Extra Trees,extra_trees_06,6,"{""max_depth"":null,""max_features"":0.5,""n_estimators"":300}",3dc84baebdcb3f0294578f249e7884e211145577cf295e5152caccf2a5291927,0,42,1,1:1,654,164,0.5,0.8450327186198691,0.8281996630557535,0.6563993261115071,0.7777777777777778,0.7142857142857143,0.8536585365853658,0.15438827913279132,0.3510557080153376,,c59d36017adea2f05186de3822c3dd8c95d35f359f7ff35c586a14db623a3103,2786658438,2191900349,3517737438,2371526345,False
Extra Trees,extra_trees_06,6,"{""max_depth"":null,""max_features"":0.5,""n_estimators"":300}",3dc84baebdcb3f0294578f249e7884e211145577cf295e5152caccf2a5291927,0,42,2,1:1,654,164,0.5,0.8373735871505056,0.8071889860402857,0.6143779720805713,0.8253968253968254,0.7289719626168224,0.9512195121951219,0.15368096205962062,0.3460367920342833,,091c82241439a2f22ad7066be22112027623cd7401cf37ff3920d078a7a913e2,1888399133,2010463502,629780227,48921201,False
Extra Trees,extra_trees_06,6,"{""max_depth"":null,""max_features"":0.5,""n_estimators"":300}",3dc84baebdcb3f0294578f249e7884e211145577cf295e5152caccf2a5291927,0,42,3,1:1,654,164,0.5,0.8584176085663295,0.8446650049149829,0.6893300098299657,0.7783783783783784,0.6990291262135923,0.8780487804878049,0.15297737127371275,0.3793755829683505,,971bb2c8d0b3b7495acb94f62ea8741d4ff4e6e52c17cfe1f97b50e8801a1513,1161336969,599905126,3703496083,230894654,False
Extra Trees,extra_trees_06,6,"{""max_depth"":null,""max_features"":0.5,""n_estimators"":300}",3dc84baebdcb3f0294578f249e7884e211145577cf295e5152caccf2a5291927,0,42,4,1:1,656,162,0.5,0.82533150434385,0.7643889338311318,0.5287778676622636,0.7759562841530054,0.696078431372549,0.8765432098765432,0.1670730452674897,0.3421182919992134,,78610b63b09a3b3be6828cac4d903ead2c4bc5386d421ebf8e60227a9040ab96,1001834057,624141303,515383750,972393367,False
Extra Trees,extra_trees_06,6,"{""max_depth"":null,""max_features"":0.5,""n_estimators"":300}",3dc84baebdcb3f0294578f249e7884e211145577cf295e5152caccf2a5291927,1,7,0,1:1,654,164,0.5,0.8668947055324213,0.8211637291669904,0.6423274583339809,0.7936507936507936,0.7009345794392523,0.9146341463414634,0.14892669376693765,0.3546429999987595,,74e66c11e57d405efbe19a02f13985423c60121aaf1960175664824578d0255d,2521657055,4094230609,264134123,842399429,False
Extra Trees,extra_trees_06,6,"{""max_depth"":null,""max_features"":0.5,""n_estimators"":300}",3dc84baebdcb3f0294578f249e7884e211145577cf295e5152caccf2a5291927,1,7,1,1:1,654,164,0.5,0.8231707317073171,0.7701619864427147,0.5403239728854294,0.7802197802197802,0.71,0.8658536585365854,0.1598363143631436,0.34923233301378787,,850c47286a5ff6cd122bd73c64fe0c130b4f93517aa2f9a4ab0225caa37355f8,3885368634,2431578943,1619142612,2845288631,False
Extra Trees,extra_trees_06,6,"{""max_depth"":null,""max_features"":0.5,""n_estimators"":300}",3dc84baebdcb3f0294578f249e7884e211145577cf295e5152caccf2a5291927,1,7,2,1:1,654,164,0.5,0.8862284354550862,0.8775725511410419,0.7551451022820839,0.8128342245989305,0.7238095238095238,0.926829268292683,0.13927974254742548,0.34382483299123123,,a58cdcfd42f13eceb650b4e384e38c15ac3d252fa7a9cf51166f33733bec7373,1974496636,1223099430,3474831427,1753096405,False
Extra Trees,extra_trees_06,6,"{""max_depth"":null,""max_features"":0.5,""n_estimators"":300}",3dc84baebdcb3f0294578f249e7884e211145577cf295e5152caccf2a5291927,1,7,3,1:1,654,164,0.5,0.8378941106484236,0.8157700661165395,0.6315401322330789,0.768361581920904,0.7157894736842105,0.8292682926829268,0.15491375338753388,0.365150082972832,,0787429d108adbb8f716a931370780c2b496f9b4a512b716c8c31ecf6b7c002f,2308674788,3336517605,3055848280,3336201630,False
Extra Trees,extra_trees_06,6,"{""max_depth"":null,""max_features"":0.5,""n_estimators"":300}",3dc84baebdcb3f0294578f249e7884e211145577cf295e5152caccf2a5291927,1,7,4,1:1,656,162,0.5,0.8533760097546106,0.8040616027514087,0.6081232055028174,0.7909604519774012,0.7291666666666666,0.8641975308641975,0.152427914951989,0.36616112501360476,,fd5a87140a37ffe54b3e77a354b4bd55b27678e3392d3612bcc974fcd938aac7,26843640,2371250898,2203746204,3425021368,False
Extra Trees,extra_trees_06,6,"{""max_depth"":null,""max_features"":0.5,""n_estimators"":300}",3dc84baebdcb3f0294578f249e7884e211145577cf295e5152caccf2a5291927,2,13,0,1:1,654,164,0.5,0.8642177275431291,0.8531242992829643,0.7062485985659286,0.7734806629834254,0.7070707070707071,0.8536585365853658,0.14922120596205962,0.3525135410018265,,b1e29c5fe8af2195e9abc0f61c3f3c4d213fca3f89d1193c4a6653fb53126347,4197323642,3493101560,3288021756,261167866,False
Extra Trees,extra_trees_06,6,"{""max_depth"":null,""max_features"":0.5,""n_estimators"":300}",3dc84baebdcb3f0294578f249e7884e211145577cf295e5152caccf2a5291927,2,13,1,1:1,654,164,0.5,0.8143218322427127,0.7384058171592801,0.4768116343185602,0.7821229050279329,0.7216494845360825,0.8536585365853658,0.16628577235772357,0.3515522499801591,,e3474974719a7c03379f3842f5f95d0ed2107cdd8a6ad009ba26fbebf9498feb,3966191544,1903504230,667876274,3411050692,False
Extra Trees,extra_trees_06,6,"{""max_depth"":null,""max_features"":0.5,""n_estimators"":300}",3dc84baebdcb3f0294578f249e7884e211145577cf295e5152caccf2a5291927,2,13,2,1:1,654,164,0.5,0.8438429506246282,0.7735724845121043,0.5471449690242085,0.8042328042328042,0.7102803738317757,0.926829268292683,0.156085027100271,0.3652444169856608,,9a349209c7d3b9bd40965068b2a613107212665860e7bbb02addbf0f67e5d1fd,1319135375,2081672424,66402786,1633975599,False
Extra Trees,extra_trees_06,6,"{""max_depth"":null,""max_features"":0.5,""n_estimators"":300}",3dc84baebdcb3f0294578f249e7884e211145577cf295e5152caccf2a5291927,2,13,3,1:1,654,164,0.5,0.8529892920880429,0.7726742752469917,0.5453485504939835,0.8042328042328042,0.7102803738317757,0.926829268292683,0.15345216802168019,0.3941106669954024,,d3ae34fbcfb73c5a1be0c96ad00e7eec3433eb478aea0c91dd2163d7870a83ad,2293279620,3028097891,2933952375,4053831653,False
Extra Trees,extra_trees_06,6,"{""max_depth"":null,""max_features"":0.5,""n_estimators"":300}",3dc84baebdcb3f0294578f249e7884e211145577cf295e5152caccf2a5291927,2,13,4,1:1,656,162,0.5,0.8808108520042676,0.8357314961134262,0.6714629922268525,0.861878453038674,0.78,0.9629629629629629,0.13564931412894377,0.3625203749979846,,253211c36a4e03f7beb1ba4c6fb38a30d71faa649d183e5779b5f27efb6ce6bf,3410040530,245057234,532155413,762879727,False
Extra Trees,extra_trees_07,7,"{""max_depth"":8,""max_features"":""sqrt"",""n_estimators"":500}",4d65e0eeeff718053e0e70ae15134e9793b9f47c49f0cd779e6ac3680109623f,0,42,0,1:1,654,164,0.5,0.8486020226055919,0.8239565601447219,0.6479131202894437,0.7817258883248731,0.6695652173913044,0.9390243902439024,0.17172638432585105,0.23229333304334432,,b9f1edb670a53afef5f4c085e90bf5e13a41156251f6667b1a65871f2c4c47e0,1973658644,3715151037,233149161,2399526814,False
Extra Trees,extra_trees_07,7,"{""max_depth"":8,""max_features"":""sqrt"",""n_estimators"":500}",4d65e0eeeff718053e0e70ae15134e9793b9f47c49f0cd779e6ac3680109623f,0,42,1,1:1,654,164,0.5,0.8425044616299822,0.8192914479406515,0.6385828958813029,0.7978723404255319,0.7075471698113207,0.9146341463414634,0.17061105364446583,0.23308004200225696,,c59d36017adea2f05186de3822c3dd8c95d35f359f7ff35c586a14db623a3103,2786658438,2191900349,3517737438,2371526345,False
Extra Trees,extra_trees_07,7,"{""max_depth"":8,""max_features"":""sqrt"",""n_estimators"":500}",4d65e0eeeff718053e0e70ae15134e9793b9f47c49f0cd779e6ac3680109623f,0,42,2,1:1,654,164,0.5,0.8477096966091612,0.8265937871563378,0.6531875743126756,0.7872340425531915,0.6981132075471698,0.9024390243902439,0.16860288444111055,0.23266554198926315,,091c82241439a2f22ad7066be22112027623cd7401cf37ff3920d078a7a913e2,1888399133,2010463502,629780227,48921201,False
Extra Trees,extra_trees_07,7,"{""max_depth"":8,""max_features"":""sqrt"",""n_estimators"":500}",4d65e0eeeff718053e0e70ae15134e9793b9f47c49f0cd779e6ac3680109623f,0,42,3,1:1,654,164,0.5,0.802647233789411,0.7626579144862926,0.5253158289725852,0.7564766839378239,0.6576576576576577,0.8902439024390244,0.18057189747632013,0.2371240829816088,,971bb2c8d0b3b7495acb94f62ea8741d4ff4e6e52c17cfe1f97b50e8801a1513,1161336969,599905126,3703496083,230894654,False
Extra Trees,extra_trees_07,7,"{""max_depth"":8,""max_features"":""sqrt"",""n_estimators"":500}",4d65e0eeeff718053e0e70ae15134e9793b9f47c49f0cd779e6ac3680109623f,0,42,4,1:1,656,162,0.5,0.8238073464410913,0.7775696612396286,0.5551393224792571,0.7772020725388601,0.6696428571428571,0.9259259259259259,0.17635888558312005,0.22840812499634922,,78610b63b09a3b3be6828cac4d903ead2c4bc5386d421ebf8e60227a9040ab96,1001834057,624141303,515383750,972393367,False
Extra Trees,extra_trees_07,7,"{""max_depth"":8,""max_features"":""sqrt"",""n_estimators"":500}",4d65e0eeeff718053e0e70ae15134e9793b9f47c49f0cd779e6ac3680109623f,1,7,0,1:1,654,164,0.5,0.8068114217727543,0.7410210949107453,0.4820421898214906,0.7659574468085106,0.6792452830188679,0.8780487804878049,0.17896291624522076,0.2332944999798201,,74e66c11e57d405efbe19a02f13985423c60121aaf1960175664824578d0255d,2521657055,4094230609,264134123,842399429,False
Extra Trees,extra_trees_07,7,"{""max_depth"":8,""max_features"":""sqrt"",""n_estimators"":500}",4d65e0eeeff718053e0e70ae15134e9793b9f47c49f0cd779e6ac3680109623f,1,7,1,1:1,654,164,0.5,0.8124628197501487,0.7656718753405081,0.5313437506810161,0.7938144329896907,0.6875,0.9390243902439024,0.17619522036678711,0.2333568329922855,,850c47286a5ff6cd122bd73c64fe0c130b4f93517aa2f9a4ab0225caa37355f8,3885368634,2431578943,1619142612,2845288631,False
Extra Trees,extra_trees_07,7,"{""max_depth"":8,""max_features"":""sqrt"",""n_estimators"":500}",4d65e0eeeff718053e0e70ae15134e9793b9f47c49f0cd779e6ac3680109623f,1,7,2,1:1,654,164,0.5,0.8361094586555622,0.8076550348934228,0.6153100697868457,0.7731958762886598,0.6696428571428571,0.9146341463414634,0.16922973870406396,0.23406845796853304,,a58cdcfd42f13eceb650b4e384e38c15ac3d252fa7a9cf51166f33733bec7373,1974496636,1223099430,3474831427,1753096405,False
Extra Trees,extra_trees_07,7,"{""max_depth"":8,""max_features"":""sqrt"",""n_estimators"":500}",4d65e0eeeff718053e0e70ae15134e9793b9f47c49f0cd779e6ac3680109623f,1,7,3,1:1,654,164,0.5,0.8132064247471743,0.7436322087250694,0.4872644174501388,0.7789473684210526,0.6851851851851852,0.9024390243902439,0.17527972453175092,0.23242366698104888,,0787429d108adbb8f716a931370780c2b496f9b4a512b716c8c31ecf6b7c002f,2308674788,3336517605,3055848280,3336201630,False
Extra Trees,extra_trees_07,7,"{""max_depth"":8,""max_features"":""sqrt"",""n_estimators"":500}",4d65e0eeeff718053e0e70ae15134e9793b9f47c49f0cd779e6ac3680109623f,1,7,4,1:1,656,162,0.5,0.8203017832647462,0.7698331436841992,0.5396662873683984,0.7724867724867724,0.6759259259259259,0.9012345679012346,0.1830771853224372,0.22929724998539314,,fd5a87140a37ffe54b3e77a354b4bd55b27678e3392d3612bcc974fcd938aac7,26843640,2371250898,2203746204,3425021368,False
Extra Trees,extra_trees_07,7,"{""max_depth"":8,""max_features"":""sqrt"",""n_estimators"":500}",4d65e0eeeff718053e0e70ae15134e9793b9f47c49f0cd779e6ac3680109623f,2,13,0,1:1,654,164,0.5,0.8023497917906008,0.779634510281815,0.5592690205636299,0.7379679144385026,0.6571428571428571,0.8414634146341463,0.17496606726019684,0.23147187498398125,,b1e29c5fe8af2195e9abc0f61c3f3c4d213fca3f89d1193c4a6653fb53126347,4197323642,3493101560,3288021756,261167866,False
Extra Trees,extra_trees_07,7,"{""max_depth"":8,""max_features"":""sqrt"",""n_estimators"":500}",4d65e0eeeff718053e0e70ae15134e9793b9f47c49f0cd779e6ac3680109623f,2,13,1,1:1,654,164,0.5,0.7934265318262939,0.7143266192641908,0.42865323852838166,0.7419354838709677,0.6634615384615384,0.8414634146341463,0.18655214093193156,0.244574541982729,,e3474974719a7c03379f3842f5f95d0ed2107cdd8a6ad009ba26fbebf9498feb,3966191544,1903504230,667876274,3411050692,False
Extra Trees,extra_trees_07,7,"{""max_depth"":8,""max_features"":""sqrt"",""n_estimators"":500}",4d65e0eeeff718053e0e70ae15134e9793b9f47c49f0cd779e6ac3680109623f,2,13,2,1:1,654,164,0.5,0.8518738845925045,0.7983101135067672,0.5966202270135343,0.7897435897435897,0.6814159292035398,0.9390243902439024,0.17131650993992703,0.23341937502846122,,9a349209c7d3b9bd40965068b2a613107212665860e7bbb02addbf0f67e5d1fd,1319135375,2081672424,66402786,1633975599,False
Extra Trees,extra_trees_07,7,"{""max_depth"":8,""max_features"":""sqrt"",""n_estimators"":500}",4d65e0eeeff718053e0e70ae15134e9793b9f47c49f0cd779e6ac3680109623f,2,13,3,1:1,654,164,0.5,0.8210886377156454,0.7617592332531096,0.5235184665062191,0.7936507936507936,0.7009345794392523,0.9146341463414634,0.18109878579073882,0.23073920898605138,,d3ae34fbcfb73c5a1be0c96ad00e7eec3433eb478aea0c91dd2163d7870a83ad,2293279620,3028097891,2933952375,4053831653,False
Extra Trees,extra_trees_07,7,"{""max_depth"":8,""max_features"":""sqrt"",""n_estimators"":500}",4d65e0eeeff718053e0e70ae15134e9793b9f47c49f0cd779e6ac3680109623f,2,13,4,1:1,656,162,0.5,0.8555098308184728,0.831117632167973,0.6622352643359459,0.806282722513089,0.7,0.9506172839506173,0.17165098037530693,0.23073316703084856,,253211c36a4e03f7beb1ba4c6fb38a30d71faa649d183e5779b5f27efb6ce6bf,3410040530,245057234,532155413,762879727,False
Extra Trees,extra_trees_08,8,"{""max_depth"":8,""max_features"":0.5,""n_estimators"":500}",5bb9a4a1076ff468ac0755ff94237a6004bdf63dcdde6b5fe632540080947888,0,42,0,1:1,654,164,0.5,0.8694229625223081,0.8386792282808655,0.677358456561731,0.7939698492462312,0.6752136752136753,0.9634146341463414,0.15452237482547101,0.37754258402856067,,b9f1edb670a53afef5f4c085e90bf5e13a41156251f6667b1a65871f2c4c47e0,1973658644,3715151037,233149161,2399526814,False
Extra Trees,extra_trees_08,8,"{""max_depth"":8,""max_features"":0.5,""n_estimators"":500}",5bb9a4a1076ff468ac0755ff94237a6004bdf63dcdde6b5fe632540080947888,0,42,1,1:1,654,164,0.5,0.8402736466389055,0.8139485131567465,0.6278970263134931,0.7872340425531915,0.6981132075471698,0.9024390243902439,0.1555252007247986,0.3802152909920551,,c59d36017adea2f05186de3822c3dd8c95d35f359f7ff35c586a14db623a3103,2786658438,2191900349,3517737438,2371526345,False
Extra Trees,extra_trees_08,8,"{""max_depth"":8,""max_features"":0.5,""n_estimators"":500}",5bb9a4a1076ff468ac0755ff94237a6004bdf63dcdde6b5fe632540080947888,0,42,2,1:1,654,164,0.5,0.8578227245687091,0.8351623774154562,0.6703247548309124,0.7872340425531915,0.6981132075471698,0.9024390243902439,0.15329046200042612,0.3754327080096118,,091c82241439a2f22ad7066be22112027623cd7401cf37ff3920d078a7a913e2,1888399133,2010463502,629780227,48921201,False
Extra Trees,extra_trees_08,8,"{""max_depth"":8,""max_features"":0.5,""n_estimators"":500}",5bb9a4a1076ff468ac0755ff94237a6004bdf63dcdde6b5fe632540080947888,0,42,3,1:1,654,164,0.5,0.8380428316478288,0.813502151749641,0.627004303499282,0.7708333333333334,0.6727272727272727,0.9024390243902439,0.16400381840125033,0.3797181250411086,,971bb2c8d0b3b7495acb94f62ea8741d4ff4e6e52c17cfe1f97b50e8801a1513,1161336969,599905126,3703496083,230894654,False
Extra Trees,extra_trees_08,8,"{""max_depth"":8,""max_features"":0.5,""n_estimators"":500}",5bb9a4a1076ff468ac0755ff94237a6004bdf63dcdde6b5fe632540080947888,0,42,4,1:1,656,162,0.5,0.8370675201950922,0.7724912283614539,0.5449824567229078,0.7659574468085106,0.6728971962616822,0.8888888888888888,0.16249607110443418,0.36863683396950364,,78610b63b09a3b3be6828cac4d903ead2c4bc5386d421ebf8e60227a9040ab96,1001834057,624141303,515383750,972393367,False
Extra Trees,extra_trees_08,8,"{""max_depth"":8,""max_features"":0.5,""n_estimators"":500}",5bb9a4a1076ff468ac0755ff94237a6004bdf63dcdde6b5fe632540080947888,1,7,0,1:1,654,164,0.5,0.8380428316478286,0.784180937175233,0.5683618743504659,0.8020833333333334,0.7,0.9390243902439024,0.1604108416123299,0.3842095839791,,74e66c11e57d405efbe19a02f13985423c60121aaf1960175664824578d0255d,2521657055,4094230609,264134123,842399429,False
Extra Trees,extra_trees_08,8,"{""max_depth"":8,""max_features"":0.5,""n_estimators"":500}",5bb9a4a1076ff468ac0755ff94237a6004bdf63dcdde6b5fe632540080947888,1,7,1,1:1,654,164,0.5,0.8364069006543724,0.783573506282204,0.567147012564408,0.8148148148148148,0.719626168224299,0.9390243902439024,0.15799828066730393,0.36713583301752806,,850c47286a5ff6cd122bd73c64fe0c130b4f93517aa2f9a4ab0225caa37355f8,3885368634,2431578943,1619142612,2845288631,False
Extra Trees,extra_trees_08,8,"{""max_depth"":8,""max_features"":0.5,""n_estimators"":500}",5bb9a4a1076ff468ac0755ff94237a6004bdf63dcdde6b5fe632540080947888,1,7,2,1:1,654,164,0.5,0.8676383105294467,0.8341039769239906,0.6682079538479813,0.7918781725888325,0.6782608695652174,0.9512195121951219,0.15293085619508273,0.3827095839660615,,a58cdcfd42f13eceb650b4e384e38c15ac3d252fa7a9cf51166f33733bec7373,1974496636,1223099430,3474831427,1753096405,False
Extra Trees,extra_trees_08,8,"{""max_depth"":8,""max_features"":0.5,""n_estimators"":500}",5bb9a4a1076ff468ac0755ff94237a6004bdf63dcdde6b5fe632540080947888,1,7,3,1:1,654,164,0.5,0.8353658536585366,0.7884894645078885,0.576978929015777,0.7979274611398963,0.6936936936936937,0.9390243902439024,0.15836938752042393,0.37296912499004975,,0787429d108adbb8f716a931370780c2b496f9b4a512b716c8c31ecf6b7c002f,2308674788,3336517605,3055848280,3336201630,False
Extra Trees,extra_trees_08,8,"{""max_depth"":8,""max_features"":0.5,""n_estimators"":500}",5bb9a4a1076ff468ac0755ff94237a6004bdf63dcdde6b5fe632540080947888,1,7,4,1:1,656,162,0.5,0.8434689833866789,0.7786290165127258,0.5572580330254515,0.7936507936507936,0.6944444444444444,0.9259259259259259,0.16289548170146043,0.38792095897952095,,fd5a87140a37ffe54b3e77a354b4bd55b27678e3392d3612bcc974fcd938aac7,26843640,2371250898,2203746204,3425021368,False
Extra Trees,extra_trees_08,8,"{""max_depth"":8,""max_features"":0.5,""n_estimators"":500}",5bb9a4a1076ff468ac0755ff94237a6004bdf63dcdde6b5fe632540080947888,2,13,0,1:1,654,164,0.5,0.8274836406900654,0.8079975464763921,0.6159950929527842,0.7659574468085106,0.6792452830188679,0.8780487804878049,0.1616870858361958,0.3687574579962529,,b1e29c5fe8af2195e9abc0f61c3f3c4d213fca3f89d1193c4a6653fb53126347,4197323642,3493101560,3288021756,261167866,False
Extra Trees,extra_trees_08,8,"{""max_depth"":8,""max_features"":0.5,""n_estimators"":500}",5bb9a4a1076ff468ac0755ff94237a6004bdf63dcdde6b5fe632540080947888,2,13,1,1:1,654,164,0.5,0.8206424747174301,0.7449933952270598,0.4899867904541195,0.7717391304347826,0.696078431372549,0.8658536585365854,0.16758039349668993,0.3794270829530433,,e3474974719a7c03379f3842f5f95d0ed2107cdd8a6ad009ba26fbebf9498feb,3966191544,1903504230,667876274,3411050692,False
Extra Trees,extra_trees_08,8,"{""max_depth"":8,""max_features"":0.5,""n_estimators"":500}",5bb9a4a1076ff468ac0755ff94237a6004bdf63dcdde6b5fe632540080947888,2,13,2,1:1,654,164,0.5,0.8581201665675193,0.793381053786766,0.5867621075735321,0.8163265306122449,0.7017543859649122,0.975609756097561,0.15557635489692456,0.37651012500282377,,9a349209c7d3b9bd40965068b2a613107212665860e7bbb02addbf0f67e5d1fd,1319135375,2081672424,66402786,1633975599,False
Extra Trees,extra_trees_08,8,"{""max_depth"":8,""max_features"":0.5,""n_estimators"":500}",5bb9a4a1076ff468ac0755ff94237a6004bdf63dcdde6b5fe632540080947888,2,13,3,1:1,654,164,0.5,0.8503866745984533,0.7870355825473234,0.5740711650946468,0.7978723404255319,0.7075471698113207,0.9146341463414634,0.16156693305813177,0.36921937501756474,,d3ae34fbcfb73c5a1be0c96ad00e7eec3433eb478aea0c91dd2163d7870a83ad,2293279620,3028097891,2933952375,4053831653,False
Extra Trees,extra_trees_08,8,"{""max_depth"":8,""max_features"":0.5,""n_estimators"":500}",5bb9a4a1076ff468ac0755ff94237a6004bdf63dcdde6b5fe632540080947888,2,13,4,1:1,656,162,0.5,0.8670934308794391,0.8401456500657367,0.6802913001314734,0.819672131147541,0.7352941176470589,0.9259259259259259,0.14853478187027988,0.3759023330057971,,253211c36a4e03f7beb1ba4c6fb38a30d71faa649d183e5779b5f27efb6ce6bf,3410040530,245057234,532155413,762879727,False
Extra Trees,extra_trees_09,9,"{""max_depth"":10,""max_features"":""sqrt"",""n_estimators"":500}",3c76bf9bb24ccf665f4b010499c144083fa3a5560a47c6a3d922e88c9f31053a,0,42,0,1:1,654,164,0.5,0.857674003569304,0.82970745925854,0.6594149185170799,0.8020304568527918,0.6869565217391305,0.9634146341463414,0.1649730220655829,0.24743824999313802,,b9f1edb670a53afef5f4c085e90bf5e13a41156251f6667b1a65871f2c4c47e0,1973658644,3715151037,233149161,2399526814,False
Extra Trees,extra_trees_09,9,"{""max_depth"":10,""max_features"":""sqrt"",""n_estimators"":500}",3c76bf9bb24ccf665f4b010499c144083fa3a5560a47c6a3d922e88c9f31053a,0,42,1,1:1,654,164,0.5,0.8425044616299822,0.8168183729171581,0.6336367458343162,0.7894736842105263,0.6944444444444444,0.9146341463414634,0.1640265599684536,0.24924337503034621,,c59d36017adea2f05186de3822c3dd8c95d35f359f7ff35c586a14db623a3103,2786658438,2191900349,3517737438,2371526345,False
Extra Trees,extra_trees_09,9,"{""max_depth"":10,""max_features"":""sqrt"",""n_estimators"":500}",3c76bf9bb24ccf665f4b010499c144083fa3a5560a47c6a3d922e88c9f31053a,0,42,2,1:1,654,164,0.5,0.8563355145746578,0.8330188671718817,0.6660377343437633,0.783068783068783,0.6915887850467289,0.9024390243902439,0.1621476545690341,0.24523466598475352,,091c82241439a2f22ad7066be22112027623cd7401cf37ff3920d078a7a913e2,1888399133,2010463502,629780227,48921201,False
Extra Trees,extra_trees_09,9,"{""max_depth"":10,""max_features"":""sqrt"",""n_estimators"":500}",3c76bf9bb24ccf665f4b010499c144083fa3a5560a47c6a3d922e88c9f31053a,0,42,3,1:1,654,164,0.5,0.8170731707317074,0.7789372872356473,0.5578745744712945,0.75,0.6545454545454545,0.8780487804878049,0.1754934920938879,0.2485675829811953,,971bb2c8d0b3b7495acb94f62ea8741d4ff4e6e52c17cfe1f97b50e8801a1513,1161336969,599905126,3703496083,230894654,False
Extra Trees,extra_trees_09,9,"{""max_depth"":10,""max_features"":""sqrt"",""n_estimators"":500}",3c76bf9bb24ccf665f4b010499c144083fa3a5560a47c6a3d922e88c9f31053a,0,42,4,1:1,656,162,0.5,0.8285322359396434,0.7681084401758018,0.5362168803516036,0.7708333333333334,0.6666666666666666,0.9135802469135802,0.1715057193845995,0.2441399579984136,,78610b63b09a3b3be6828cac4d903ead2c4bc5386d421ebf8e60227a9040ab96,1001834057,624141303,515383750,972393367,False
Extra Trees,extra_trees_09,9,"{""max_depth"":10,""max_features"":""sqrt"",""n_estimators"":500}",3c76bf9bb24ccf665f4b010499c144083fa3a5560a47c6a3d922e88c9f31053a,1,7,0,1:1,654,164,0.5,0.8087447947650208,0.747596748178744,0.495193496357488,0.7724867724867724,0.6822429906542056,0.8902439024390244,0.17416918416922997,0.26100670895539224,,74e66c11e57d405efbe19a02f13985423c60121aaf1960175664824578d0255d,2521657055,4094230609,264134123,842399429,False
Extra Trees,extra_trees_09,9,"{""max_depth"":10,""max_features"":""sqrt"",""n_estimators"":500}",3c76bf9bb24ccf665f4b010499c144083fa3a5560a47c6a3d922e88c9f31053a,1,7,1,1:1,654,164,0.5,0.8130577037477692,0.767910530923554,0.535821061847108,0.7979274611398963,0.6936936936936937,0.9390243902439024,0.17056847790464114,0.24422650004271418,,850c47286a5ff6cd122bd73c64fe0c130b4f93517aa2f9a4ab0225caa37355f8,3885368634,2431578943,1619142612,2845288631,False
Extra Trees,extra_trees_09,9,"{""max_depth"":10,""max_features"":""sqrt"",""n_estimators"":500}",3c76bf9bb24ccf665f4b010499c144083fa3a5560a47c6a3d922e88c9f31053a,1,7,2,1:1,654,164,0.5,0.8453301606186794,0.8202723286525848,0.6405446573051696,0.7817258883248731,0.6695652173913044,0.9390243902439024,0.162609758774713,0.24972587497904897,,a58cdcfd42f13eceb650b4e384e38c15ac3d252fa7a9cf51166f33733bec7373,1974496636,1223099430,3474831427,1753096405,False
Extra Trees,extra_trees_09,9,"{""max_depth"":10,""max_features"":""sqrt"",""n_estimators"":500}",3c76bf9bb24ccf665f4b010499c144083fa3a5560a47c6a3d922e88c9f31053a,1,7,3,1:1,654,164,0.5,0.8237656157049376,0.7620340446710392,0.5240680893420784,0.7916666666666666,0.6909090909090909,0.926829268292683,0.16845340854537186,0.24917162500787526,,0787429d108adbb8f716a931370780c2b496f9b4a512b716c8c31ecf6b7c002f,2308674788,3336517605,3055848280,3336201630,False
Extra Trees,extra_trees_09,9,"{""max_depth"":10,""max_features"":""sqrt"",""n_estimators"":500}",3c76bf9bb24ccf665f4b010499c144083fa3a5560a47c6a3d922e88c9f31053a,1,7,4,1:1,656,162,0.5,0.8178631306203322,0.7691973101807911,0.5383946203615821,0.774869109947644,0.6727272727272727,0.9135802469135802,0.1781058951964952,0.24654037499567494,,fd5a87140a37ffe54b3e77a354b4bd55b27678e3392d3612bcc974fcd938aac7,26843640,2371250898,2203746204,3425021368,False
Extra Trees,extra_trees_09,9,"{""max_depth"":10,""max_features"":""sqrt"",""n_estimators"":500}",3c76bf9bb24ccf665f4b010499c144083fa3a5560a47c6a3d922e88c9f31053a,2,13,0,1:1,654,164,0.5,0.8172218917311125,0.7978185433104029,0.5956370866208058,0.7708333333333334,0.6727272727272727,0.9024390243902439,0.16895272846203543,0.24333558400394395,,b1e29c5fe8af2195e9abc0f61c3f3c4d213fca3f89d1193c4a6653fb53126347,4197323642,3493101560,3288021756,261167866,False
Extra Trees,extra_trees_09,9,"{""max_depth"":10,""max_features"":""sqrt"",""n_estimators"":500}",3c76bf9bb24ccf665f4b010499c144083fa3a5560a47c6a3d922e88c9f31053a,2,13,1,1:1,654,164,0.5,0.8023497917906008,0.7237071696299316,0.4474143392598633,0.7540983606557377,0.6831683168316832,0.8414634146341463,0.17965258480114177,0.24821383401285857,,e3474974719a7c03379f3842f5f95d0ed2107cdd8a6ad009ba26fbebf9498feb,3966191544,1903504230,667876274,3411050692,False
Extra Trees,extra_trees_09,9,"{""max_depth"":10,""max_features"":""sqrt"",""n_estimators"":500}",3c76bf9bb24ccf665f4b010499c144083fa3a5560a47c6a3d922e88c9f31053a,2,13,2,1:1,654,164,0.5,0.8594586555621654,0.8151636806335889,0.6303273612671778,0.7979274611398963,0.6936936936936937,0.9390243902439024,0.16374364709035538,0.24886679102201015,,9a349209c7d3b9bd40965068b2a613107212665860e7bbb02addbf0f67e5d1fd,1319135375,2081672424,66402786,1633975599,False
Extra Trees,extra_trees_09,9,"{""max_depth"":10,""max_features"":""sqrt"",""n_estimators"":500}",3c76bf9bb24ccf665f4b010499c144083fa3a5560a47c6a3d922e88c9f31053a,2,13,3,1:1,654,164,0.5,0.8298631766805473,0.7624390937261241,0.5248781874522481,0.7894736842105263,0.6944444444444444,0.9146341463414634,0.17534509637458617,0.24661658296827227,,d3ae34fbcfb73c5a1be0c96ad00e7eec3433eb478aea0c91dd2163d7870a83ad,2293279620,3028097891,2933952375,4053831653,False
Extra Trees,extra_trees_09,9,"{""max_depth"":10,""max_features"":""sqrt"",""n_estimators"":500}",3c76bf9bb24ccf665f4b010499c144083fa3a5560a47c6a3d922e88c9f31053a,2,13,4,1:1,656,162,0.5,0.8608443834781283,0.8388363196096489,0.6776726392192978,0.8272251308900523,0.7181818181818181,0.9753086419753086,0.1643280730918368,0.2468369579873979,,253211c36a4e03f7beb1ba4c6fb38a30d71faa649d183e5779b5f27efb6ce6bf,3410040530,245057234,532155413,762879727,False
Extra Trees,extra_trees_10,10,"{""max_depth"":10,""max_features"":0.5,""n_estimators"":500}",da198a04e12b319809f13a27a5010f87b4f01c2ed508111a3300a4eb971783c7,0,42,0,1:1,654,164,0.5,0.8719512195121951,0.8426810451965714,0.6853620903931428,0.8102564102564103,0.6991150442477876,0.9634146341463414,0.1507463178361177,0.4239754169830121,,b9f1edb670a53afef5f4c085e90bf5e13a41156251f6667b1a65871f2c4c47e0,1973658644,3715151037,233149161,2399526814,False
Extra Trees,extra_trees_10,10,"{""max_depth"":10,""max_features"":0.5,""n_estimators"":500}",da198a04e12b319809f13a27a5010f87b4f01c2ed508111a3300a4eb971783c7,0,42,1,1:1,654,164,0.5,0.8386377156454491,0.8159633771000663,0.6319267542001326,0.7849462365591398,0.7019230769230769,0.8902439024390244,0.15388757047412938,0.43255879200296476,,c59d36017adea2f05186de3822c3dd8c95d35f359f7ff35c586a14db623a3103,2786658438,2191900349,3517737438,2371526345,False
Extra Trees,extra_trees_10,10,"{""max_depth"":10,""max_features"":0.5,""n_estimators"":500}",da198a04e12b319809f13a27a5010f87b4f01c2ed508111a3300a4eb971783c7,0,42,2,1:1,654,164,0.5,0.8515764425936942,0.826926780072927,0.6538535601458539,0.7914438502673797,0.7047619047619048,0.9024390243902439,0.15216843728511792,0.41987654101103544,,091c82241439a2f22ad7066be22112027623cd7401cf37ff3920d078a7a913e2,1888399133,2010463502,629780227,48921201,False
Extra Trees,extra_trees_10,10,"{""max_depth"":10,""max_features"":0.5,""n_estimators"":500}",da198a04e12b319809f13a27a5010f87b4f01c2ed508111a3300a4eb971783c7,0,42,3,1:1,654,164,0.5,0.8546995835812017,0.8359711085881909,0.6719422171763818,0.774869109947644,0.6788990825688074,0.9024390243902439,0.15800880231360356,0.4307358330115676,,971bb2c8d0b3b7495acb94f62ea8741d4ff4e6e52c17cfe1f97b50e8801a1513,1161336969,599905126,3703496083,230894654,False
Extra Trees,extra_trees_10,10,"{""max_depth"":10,""max_features"":0.5,""n_estimators"":500}",da198a04e12b319809f13a27a5010f87b4f01c2ed508111a3300a4eb971783c7,0,42,4,1:1,656,162,0.5,0.836153025453437,0.7598973918927753,0.5197947837855506,0.776595744680851,0.6822429906542056,0.9012345679012346,0.16153541615516706,0.4161774170352146,,78610b63b09a3b3be6828cac4d903ead2c4bc5386d421ebf8e60227a9040ab96,1001834057,624141303,515383750,972393367,False
Extra Trees,extra_trees_10,10,"{""max_depth"":10,""max_features"":0.5,""n_estimators"":500}",da198a04e12b319809f13a27a5010f87b4f01c2ed508111a3300a4eb971783c7,1,7,0,1:1,654,164,0.5,0.8453301606186794,0.7917000208804877,0.5834000417609755,0.8085106382978723,0.7169811320754716,0.926829268292683,0.15588309499997066,0.43638237501727417,,74e66c11e57d405efbe19a02f13985423c60121aaf1960175664824578d0255d,2521657055,4094230609,264134123,842399429,False
Extra Trees,extra_trees_10,10,"{""max_depth"":10,""max_features"":0.5,""n_estimators"":500}",da198a04e12b319809f13a27a5010f87b4f01c2ed508111a3300a4eb971783c7,1,7,1,1:1,654,164,0.5,0.8390838786436645,0.7841836982585562,0.5683673965171123,0.8191489361702128,0.7264150943396226,0.9390243902439024,0.15578962245624103,0.41276983299758285,,850c47286a5ff6cd122bd73c64fe0c130b4f93517aa2f9a4ab0225caa37355f8,3885368634,2431578943,1619142612,2845288631,False
Extra Trees,extra_trees_10,10,"{""max_depth"":10,""max_features"":0.5,""n_estimators"":500}",da198a04e12b319809f13a27a5010f87b4f01c2ed508111a3300a4eb971783c7,1,7,2,1:1,654,164,0.5,0.87180249851279,0.8430955646172469,0.6861911292344938,0.8125,0.7090909090909091,0.9512195121951219,0.1484561391214343,0.42410216602729633,,a58cdcfd42f13eceb650b4e384e38c15ac3d252fa7a9cf51166f33733bec7373,1974496636,1223099430,3474831427,1753096405,False
Extra Trees,extra_trees_10,10,"{""max_depth"":10,""max_features"":0.5,""n_estimators"":500}",da198a04e12b319809f13a27a5010f87b4f01c2ed508111a3300a4eb971783c7,1,7,3,1:1,654,164,0.5,0.8402736466389054,0.8093233173422929,0.6186466346845858,0.7789473684210526,0.6851851851851852,0.9024390243902439,0.15605017483527478,0.42060524999396876,,0787429d108adbb8f716a931370780c2b496f9b4a512b716c8c31ecf6b7c002f,2308674788,3336517605,3055848280,3336201630,False
Extra Trees,extra_trees_10,10,"{""max_depth"":10,""max_features"":0.5,""n_estimators"":500}",da198a04e12b319809f13a27a5010f87b4f01c2ed508111a3300a4eb971783c7,1,7,4,1:1,656,162,0.5,0.845602804450541,0.7846713231370002,0.5693426462740003,0.8043478260869565,0.7184466019417476,0.9135802469135802,0.1596946817742485,0.42260787496343255,,fd5a87140a37ffe54b3e77a354b4bd55b27678e3392d3612bcc974fcd938aac7,26843640,2371250898,2203746204,3425021368,False
Extra Trees,extra_trees_10,10,"{""max_depth"":10,""max_features"":0.5,""n_estimators"":500}",da198a04e12b319809f13a27a5010f87b4f01c2ed508111a3300a4eb971783c7,2,13,0,1:1,654,164,0.5,0.8386377156454492,0.8207000318548249,0.6414000637096497,0.7807486631016043,0.6952380952380952,0.8902439024390244,0.15699974446619613,0.4075510409893468,,b1e29c5fe8af2195e9abc0f61c3f3c4d213fca3f89d1193c4a6653fb53126347,4197323642,3493101560,3288021756,261167866,False
Extra Trees,extra_trees_10,10,"{""max_depth"":10,""max_features"":0.5,""n_estimators"":500}",da198a04e12b319809f13a27a5010f87b4f01c2ed508111a3300a4eb971783c7,2,13,1,1:1,654,164,0.5,0.8185603807257584,0.7462981720217597,0.4925963440435195,0.7717391304347826,0.696078431372549,0.8658536585365854,0.16614602538635995,0.42816825001500547,,e3474974719a7c03379f3842f5f95d0ed2107cdd8a6ad009ba26fbebf9498feb,3966191544,1903504230,667876274,3411050692,False
Extra Trees,extra_trees_10,10,"{""max_depth"":10,""max_features"":0.5,""n_estimators"":500}",da198a04e12b319809f13a27a5010f87b4f01c2ed508111a3300a4eb971783c7,2,13,2,1:1,654,164,0.5,0.8544021415823915,0.7906370872476987,0.5812741744953973,0.7979274611398963,0.6936936936936937,0.9390243902439024,0.1556131012734382,0.4298787920270115,,9a349209c7d3b9bd40965068b2a613107212665860e7bbb02addbf0f67e5d1fd,1319135375,2081672424,66402786,1633975599,False
Extra Trees,extra_trees_10,10,"{""max_depth"":10,""max_features"":0.5,""n_estimators"":500}",da198a04e12b319809f13a27a5010f87b4f01c2ed508111a3300a4eb971783c7,2,13,3,1:1,654,164,0.5,0.8599048185603808,0.793117138742724,0.5862342774854481,0.8042328042328042,0.7102803738317757,0.926829268292683,0.15684440381734546,0.43135029199765995,,d3ae34fbcfb73c5a1be0c96ad00e7eec3433eb478aea0c91dd2163d7870a83ad,2293279620,3028097891,2933952375,4053831653,False
Extra Trees,extra_trees_10,10,"{""max_depth"":10,""max_features"":0.5,""n_estimators"":500}",da198a04e12b319809f13a27a5010f87b4f01c2ed508111a3300a4eb971783c7,2,13,4,1:1,656,162,0.5,0.8643499466544734,0.8321098642157002,0.6642197284314004,0.8369565217391305,0.7475728155339806,0.9506172839506173,0.14684047036420367,0.42772179195890203,,253211c36a4e03f7beb1ba4c6fb38a30d71faa649d183e5779b5f27efb6ce6bf,3410040530,245057234,532155413,762879727,False
Extra Trees,extra_trees_11,11,"{""max_depth"":null,""max_features"":""sqrt"",""n_estimators"":500}",ad8f08bb0b6ee683fb748c48f947db7f6af2d726fc3dcc98a687a7efa2a2af6e,0,42,0,1:1,654,164,0.5,0.889128494943486,0.8691960293952601,0.7383920587905202,0.8235294117647058,0.7333333333333333,0.9390243902439024,0.14038482926829268,0.3792345830006525,,b9f1edb670a53afef5f4c085e90bf5e13a41156251f6667b1a65871f2c4c47e0,1973658644,3715151037,233149161,2399526814,False
Extra Trees,extra_trees_11,11,"{""max_depth"":null,""max_features"":""sqrt"",""n_estimators"":500}",ad8f08bb0b6ee683fb748c48f947db7f6af2d726fc3dcc98a687a7efa2a2af6e,0,42,1,1:1,654,164,0.5,0.8523944080904223,0.8351604166182299,0.6703208332364599,0.7912087912087912,0.72,0.8780487804878049,0.1507738780487805,0.373501792026218,,c59d36017adea2f05186de3822c3dd8c95d35f359f7ff35c586a14db623a3103,2786658438,2191900349,3517737438,2371526345,False
Extra Trees,extra_trees_11,11,"{""max_depth"":null,""max_features"":""sqrt"",""n_estimators"":500}",ad8f08bb0b6ee683fb748c48f947db7f6af2d726fc3dcc98a687a7efa2a2af6e,0,42,2,1:1,654,164,0.5,0.8613176680547293,0.8353566741071349,0.6707133482142698,0.8272251308900523,0.7247706422018348,0.9634146341463414,0.14753263414634146,0.378776875033509,,091c82241439a2f22ad7066be22112027623cd7401cf37ff3920d078a7a913e2,1888399133,2010463502,629780227,48921201,False
Extra Trees,extra_trees_11,11,"{""max_depth"":null,""max_features"":""sqrt"",""n_estimators"":500}",ad8f08bb0b6ee683fb748c48f947db7f6af2d726fc3dcc98a687a7efa2a2af6e,0,42,3,1:1,654,164,0.5,0.8493456276026174,0.835470747433749,0.6709414948674981,0.7724867724867724,0.6822429906542056,0.8902439024390244,0.15967229268292682,0.39101008302532136,,971bb2c8d0b3b7495acb94f62ea8741d4ff4e6e52c17cfe1f97b50e8801a1513,1161336969,599905126,3703496083,230894654,False
Extra Trees,extra_trees_11,11,"{""max_depth"":null,""max_features"":""sqrt"",""n_estimators"":500}",ad8f08bb0b6ee683fb748c48f947db7f6af2d726fc3dcc98a687a7efa2a2af6e,0,42,4,1:1,656,162,0.5,0.824112178021643,0.7666842565538451,0.5333685131076902,0.7783783783783784,0.6923076923076923,0.8888888888888888,0.16689195061728396,0.3717849170207046,,78610b63b09a3b3be6828cac4d903ead2c4bc5386d421ebf8e60227a9040ab96,1001834057,624141303,515383750,972393367,False
Extra Trees,extra_trees_11,11,"{""max_depth"":null,""max_features"":""sqrt"",""n_estimators"":500}",ad8f08bb0b6ee683fb748c48f947db7f6af2d726fc3dcc98a687a7efa2a2af6e,1,7,0,1:1,654,164,0.5,0.8503123140987507,0.8090944514402993,0.6181889028805987,0.8085106382978723,0.7169811320754716,0.926829268292683,0.15584846341463413,0.3744996669702232,,74e66c11e57d405efbe19a02f13985423c60121aaf1960175664824578d0255d,2521657055,4094230609,264134123,842399429,False
Extra Trees,extra_trees_11,11,"{""max_depth"":null,""max_features"":""sqrt"",""n_estimators"":500}",ad8f08bb0b6ee683fb748c48f947db7f6af2d726fc3dcc98a687a7efa2a2af6e,1,7,1,1:1,654,164,0.5,0.8207168352171327,0.7737421986185987,0.5474843972371974,0.782608695652174,0.7058823529411765,0.8780487804878049,0.16105546341463414,0.3706324590020813,,850c47286a5ff6cd122bd73c64fe0c130b4f93517aa2f9a4ab0225caa37355f8,3885368634,2431578943,1619142612,2845288631,False
Extra Trees,extra_trees_11,11,"{""max_depth"":null,""max_features"":""sqrt"",""n_estimators"":500}",ad8f08bb0b6ee683fb748c48f947db7f6af2d726fc3dcc98a687a7efa2a2af6e,1,7,2,1:1,654,164,0.5,0.8720999405116002,0.8685678273659581,0.7371356547319161,0.8,0.7037037037037037,0.926829268292683,0.14631156097560974,0.3706758749904111,,a58cdcfd42f13eceb650b4e384e38c15ac3d252fa7a9cf51166f33733bec7373,1974496636,1223099430,3474831427,1753096405,False
Extra Trees,extra_trees_11,11,"{""max_depth"":null,""max_features"":""sqrt"",""n_estimators"":500}",ad8f08bb0b6ee683fb748c48f947db7f6af2d726fc3dcc98a687a7efa2a2af6e,1,7,3,1:1,654,164,0.5,0.8443634741225461,0.8173629151446488,0.6347258302892975,0.8043478260869565,0.7254901960784313,0.9024390243902439,0.1537156585365854,0.3771245829993859,,0787429d108adbb8f716a931370780c2b496f9b4a512b716c8c31ecf6b7c002f,2308674788,3336517605,3055848280,3336201630,False
Extra Trees,extra_trees_11,11,"{""max_depth"":null,""max_features"":""sqrt"",""n_estimators"":500}",ad8f08bb0b6ee683fb748c48f947db7f6af2d726fc3dcc98a687a7efa2a2af6e,1,7,4,1:1,656,162,0.5,0.8424782807498856,0.8020051577646667,0.6040103155293335,0.7555555555555555,0.6868686868686869,0.8395061728395061,0.16010533333333332,0.38387062499532476,,fd5a87140a37ffe54b3e77a354b4bd55b27678e3392d3612bcc974fcd938aac7,26843640,2371250898,2203746204,3425021368,False
Extra Trees,extra_trees_11,11,"{""max_depth"":null,""max_features"":""sqrt"",""n_estimators"":500}",ad8f08bb0b6ee683fb748c48f947db7f6af2d726fc3dcc98a687a7efa2a2af6e,2,13,0,1:1,654,164,0.5,0.8612433075550268,0.8478376177187202,0.6956752354374405,0.7865168539325843,0.7291666666666666,0.8536585365853658,0.1494340243902439,0.37510125001426786,,b1e29c5fe8af2195e9abc0f61c3f3c4d213fca3f89d1193c4a6653fb53126347,4197323642,3493101560,3288021756,261167866,False
Extra Trees,extra_trees_11,11,"{""max_depth"":null,""max_features"":""sqrt"",""n_estimators"":500}",ad8f08bb0b6ee683fb748c48f947db7f6af2d726fc3dcc98a687a7efa2a2af6e,2,13,1,1:1,654,164,0.5,0.8104550862581796,0.7341309912347317,0.4682619824694634,0.768361581920904,0.7157894736842105,0.8292682926829268,0.16943431707317072,0.37412820797180757,,e3474974719a7c03379f3842f5f95d0ed2107cdd8a6ad009ba26fbebf9498feb,3966191544,1903504230,667876274,3411050692,False
Extra Trees,extra_trees_11,11,"{""max_depth"":null,""max_features"":""sqrt"",""n_estimators"":500}",ad8f08bb0b6ee683fb748c48f947db7f6af2d726fc3dcc98a687a7efa2a2af6e,2,13,2,1:1,654,164,0.5,0.8520969660916121,0.7935076861119853,0.5870153722239706,0.8042328042328042,0.7102803738317757,0.926829268292683,0.1546467317073171,0.3811250840080902,,9a349209c7d3b9bd40965068b2a613107212665860e7bbb02addbf0f67e5d1fd,1319135375,2081672424,66402786,1633975599,False
Extra Trees,extra_trees_11,11,"{""max_depth"":null,""max_features"":""sqrt"",""n_estimators"":500}",ad8f08bb0b6ee683fb748c48f947db7f6af2d726fc3dcc98a687a7efa2a2af6e,2,13,3,1:1,654,164,0.5,0.8418352171326592,0.77997265070496,0.55994530140992,0.8043478260869565,0.7254901960784313,0.9024390243902439,0.15888529268292684,0.3810949170147069,,d3ae34fbcfb73c5a1be0c96ad00e7eec3433eb478aea0c91dd2163d7870a83ad,2293279620,3028097891,2933952375,4053831653,False
Extra Trees,extra_trees_11,11,"{""max_depth"":null,""max_features"":""sqrt"",""n_estimators"":500}",ad8f08bb0b6ee683fb748c48f947db7f6af2d726fc3dcc98a687a7efa2a2af6e,2,13,4,1:1,656,162,0.5,0.8734186861758878,0.8428427776895588,0.6856855553791177,0.8369565217391305,0.7475728155339806,0.9506172839506173,0.1443162962962963,0.3747507499647327,,253211c36a4e03f7beb1ba4c6fb38a30d71faa649d183e5779b5f27efb6ce6bf,3410040530,245057234,532155413,762879727,False
Extra Trees,extra_trees_12,12,"{""max_depth"":null,""max_features"":0.5,""n_estimators"":500}",dfa44aa18cb167a3af684759c076b89089d510e0ee7f1852203048d83996885f,0,42,0,1:1,654,164,0.5,0.875669244497323,0.848755690650733,0.697511381301466,0.8152173913043478,0.7352941176470589,0.9146341463414634,0.14231819512195124,0.5819499589852057,,b9f1edb670a53afef5f4c085e90bf5e13a41156251f6667b1a65871f2c4c47e0,1973658644,3715151037,233149161,2399526814,False
Extra Trees,extra_trees_12,12,"{""max_depth"":null,""max_features"":0.5,""n_estimators"":500}",dfa44aa18cb167a3af684759c076b89089d510e0ee7f1852203048d83996885f,0,42,1,1:1,654,164,0.5,0.8418352171326591,0.8270572944862422,0.6541145889724844,0.7845303867403315,0.7171717171717171,0.8658536585365854,0.1545800975609756,0.5801026250119321,,c59d36017adea2f05186de3822c3dd8c95d35f359f7ff35c586a14db623a3103,2786658438,2191900349,3517737438,2371526345,False
Extra Trees,extra_trees_12,12,"{""max_depth"":null,""max_features"":0.5,""n_estimators"":500}",dfa44aa18cb167a3af684759c076b89089d510e0ee7f1852203048d83996885f,0,42,2,1:1,654,164,0.5,0.8448839976204641,0.8202971911395134,0.6405943822790268,0.8167539267015707,0.7155963302752294,0.9512195121951219,0.15202468292682927,0.5828207500162534,,091c82241439a2f22ad7066be22112027623cd7401cf37ff3920d078a7a913e2,1888399133,2010463502,629780227,48921201,False
Extra Trees,extra_trees_12,12,"{""max_depth"":null,""max_features"":0.5,""n_estimators"":500}",dfa44aa18cb167a3af684759c076b89089d510e0ee7f1852203048d83996885f,0,42,3,1:1,654,164,0.5,0.8601279000594884,0.8490262671725558,0.6980525343451116,0.7608695652173914,0.6862745098039216,0.8536585365853658,0.1523308048780488,0.6269445409998298,,971bb2c8d0b3b7495acb94f62ea8741d4ff4e6e52c17cfe1f97b50e8801a1513,1161336969,599905126,3703496083,230894654,False
Extra Trees,extra_trees_12,12,"{""max_depth"":null,""max_features"":0.5,""n_estimators"":500}",dfa44aa18cb167a3af684759c076b89089d510e0ee7f1852203048d83996885f,0,42,4,1:1,656,162,0.5,0.824188385916781,0.7553602856064141,0.5107205712128282,0.7759562841530054,0.696078431372549,0.8765432098765432,0.16635886419753088,0.5712719999719411,,78610b63b09a3b3be6828cac4d903ead2c4bc5386d421ebf8e60227a9040ab96,1001834057,624141303,515383750,972393367,False
Extra Trees,extra_trees_12,12,"{""max_depth"":null,""max_features"":0.5,""n_estimators"":500}",dfa44aa18cb167a3af684759c076b89089d510e0ee7f1852203048d83996885f,1,7,0,1:1,654,164,0.5,0.8632510410469958,0.8174003758818771,0.6348007517637542,0.7936507936507936,0.7009345794392523,0.9146341463414634,0.15024580487804878,0.5930712909903377,,74e66c11e57d405efbe19a02f13985423c60121aaf1960175664824578d0255d,2521657055,4094230609,264134123,842399429,False
Extra Trees,extra_trees_12,12,"{""max_depth"":null,""max_features"":0.5,""n_estimators"":500}",dfa44aa18cb167a3af684759c076b89089d510e0ee7f1852203048d83996885f,1,7,1,1:1,654,164,0.5,0.8260707911957168,0.7786287031946566,0.5572574063893132,0.8,0.7346938775510204,0.8780487804878049,0.1591168780487805,0.5847116659861058,,850c47286a5ff6cd122bd73c64fe0c130b4f93517aa2f9a4ab0225caa37355f8,3885368634,2431578943,1619142612,2845288631,False
Extra Trees,extra_trees_12,12,"{""max_depth"":null,""max_features"":0.5,""n_estimators"":500}",dfa44aa18cb167a3af684759c076b89089d510e0ee7f1852203048d83996885f,1,7,2,1:1,654,164,0.5,0.8877156454491374,0.8801257591432036,0.7602515182864071,0.8172043010752689,0.7307692307692307,0.926829268292683,0.1388389512195122,0.5822361659957096,,a58cdcfd42f13eceb650b4e384e38c15ac3d252fa7a9cf51166f33733bec7373,1974496636,1223099430,3474831427,1753096405,False
Extra Trees,extra_trees_12,12,"{""max_depth"":null,""max_features"":0.5,""n_estimators"":500}",dfa44aa18cb167a3af684759c076b89089d510e0ee7f1852203048d83996885f,1,7,3,1:1,654,164,0.5,0.8387120761451518,0.8207511752346366,0.6415023504692732,0.7752808988764045,0.71875,0.8414634146341463,0.15471114634146346,0.5906894999789074,,0787429d108adbb8f716a931370780c2b496f9b4a512b716c8c31ecf6b7c002f,2308674788,3336517605,3055848280,3336201630,False
Extra Trees,extra_trees_12,12,"{""max_depth"":null,""max_features"":0.5,""n_estimators"":500}",dfa44aa18cb167a3af684759c076b89089d510e0ee7f1852203048d83996885f,1,7,4,1:1,656,162,0.5,0.8536808413351623,0.8110064098630585,0.622012819726117,0.7771428571428571,0.723404255319149,0.8395061728395061,0.1533671851851852,0.6112796670058742,,fd5a87140a37ffe54b3e77a354b4bd55b27678e3392d3612bcc974fcd938aac7,26843640,2371250898,2203746204,3425021368,False
Extra Trees,extra_trees_12,12,"{""max_depth"":null,""max_features"":0.5,""n_estimators"":500}",dfa44aa18cb167a3af684759c076b89089d510e0ee7f1852203048d83996885f,2,13,0,1:1,654,164,0.5,0.8658536585365852,0.8550767173423189,0.7101534346846379,0.7666666666666667,0.7040816326530612,0.8414634146341463,0.14812741463414633,0.5894561249879189,,b1e29c5fe8af2195e9abc0f61c3f3c4d213fca3f89d1193c4a6653fb53126347,4197323642,3493101560,3288021756,261167866,False
Extra Trees,extra_trees_12,12,"{""max_depth"":null,""max_features"":0.5,""n_estimators"":500}",dfa44aa18cb167a3af684759c076b89089d510e0ee7f1852203048d83996885f,2,13,1,1:1,654,164,0.5,0.8139500297441998,0.7385299701123529,0.47705994022470577,0.770949720670391,0.711340206185567,0.8414634146341463,0.16716048780487805,0.5905227090115659,,e3474974719a7c03379f3842f5f95d0ed2107cdd8a6ad009ba26fbebf9498feb,3966191544,1903504230,667876274,3411050692,False
Extra Trees,extra_trees_12,12,"{""max_depth"":null,""max_features"":0.5,""n_estimators"":500}",dfa44aa18cb167a3af684759c076b89089d510e0ee7f1852203048d83996885f,2,13,2,1:1,654,164,0.5,0.8425788221296846,0.7804771453818319,0.5609542907636638,0.7956989247311828,0.7115384615384616,0.9024390243902439,0.15703075609756098,0.6099000000394881,,9a349209c7d3b9bd40965068b2a613107212665860e7bbb02addbf0f67e5d1fd,1319135375,2081672424,66402786,1633975599,False
Extra Trees,extra_trees_12,12,"{""max_depth"":null,""max_features"":0.5,""n_estimators"":500}",dfa44aa18cb167a3af684759c076b89089d510e0ee7f1852203048d83996885f,2,13,3,1:1,654,164,0.5,0.8503123140987506,0.7692267082611483,0.5384534165222965,0.8105263157894737,0.7129629629629629,0.9390243902439024,0.1536190731707317,0.6078041670261882,,d3ae34fbcfb73c5a1be0c96ad00e7eec3433eb478aea0c91dd2163d7870a83ad,2293279620,3028097891,2933952375,4053831653,False
Extra Trees,extra_trees_12,12,"{""max_depth"":null,""max_features"":0.5,""n_estimators"":500}",dfa44aa18cb167a3af684759c076b89089d510e0ee7f1852203048d83996885f,2,13,4,1:1,656,162,0.5,0.8784484072549915,0.8385845608650766,0.6771691217301532,0.8603351955307262,0.7857142857142857,0.9506172839506173,0.136147037037037,0.5967046670266427,,253211c36a4e03f7beb1ba4c6fb38a30d71faa649d183e5779b5f27efb6ce6bf,3410040530,245057234,532155413,762879727,False
Gradient Boosting,gradient_boosting_01,1,"{""learning_rate"":0.03,""max_depth"":3,""n_estimators"":200}",dedb806b4a5a709472bcb615667271295db069e0700b0b886725130a5d06acf8,0,42,0,1:1,654,164,0.5,0.8545508625817966,0.8276994418720384,0.6553988837440767,0.8044692737430168,0.7422680412371134,0.8780487804878049,0.1486392858152779,0.2885722500504926,,b9f1edb670a53afef5f4c085e90bf5e13a41156251f6667b1a65871f2c4c47e0,1973658644,3715151037,233149161,2399526814,False
Gradient Boosting,gradient_boosting_01,1,"{""learning_rate"":0.03,""max_depth"":3,""n_estimators"":200}",dedb806b4a5a709472bcb615667271295db069e0700b0b886725130a5d06acf8,0,42,1,1:1,654,164,0.5,0.8301606186793575,0.8130871220986479,0.6261742441972957,0.7759562841530054,0.7029702970297029,0.8658536585365854,0.16445797839236218,0.30559137504315004,,c59d36017adea2f05186de3822c3dd8c95d35f359f7ff35c586a14db623a3103,2786658438,2191900349,3517737438,2371526345,False
Gradient Boosting,gradient_boosting_01,1,"{""learning_rate"":0.03,""max_depth"":3,""n_estimators"":200}",dedb806b4a5a709472bcb615667271295db069e0700b0b886725130a5d06acf8,0,42,2,1:1,654,164,0.5,0.842355740630577,0.8178692177028686,0.6357384354057372,0.7849462365591398,0.7019230769230769,0.8902439024390244,0.15106266464837162,0.3002894159872085,,091c82241439a2f22ad7066be22112027623cd7401cf37ff3920d078a7a913e2,1888399133,2010463502,629780227,48921201,False
Gradient Boosting,gradient_boosting_01,1,"{""learning_rate"":0.03,""max_depth"":3,""n_estimators"":200}",dedb806b4a5a709472bcb615667271295db069e0700b0b886725130a5d06acf8,0,42,3,1:1,654,164,0.5,0.8518738845925045,0.808005528591488,0.616011057182976,0.7764705882352941,0.75,0.8048780487804879,0.15319603637921653,0.3214620840153657,,971bb2c8d0b3b7495acb94f62ea8741d4ff4e6e52c17cfe1f97b50e8801a1513,1161336969,599905126,3703496083,230894654,False
Gradient Boosting,gradient_boosting_01,1,"{""learning_rate"":0.03,""max_depth"":3,""n_estimators"":200}",dedb806b4a5a709472bcb615667271295db069e0700b0b886725130a5d06acf8,0,42,4,1:1,656,162,0.5,0.8341716201798506,0.7729946670412615,0.545989334082523,0.7865168539325843,0.7216494845360825,0.8641975308641975,0.16212128501868264,0.2728337080334313,,78610b63b09a3b3be6828cac4d903ead2c4bc5386d421ebf8e60227a9040ab96,1001834057,624141303,515383750,972393367,False
Gradient Boosting,gradient_boosting_01,1,"{""learning_rate"":0.03,""max_depth"":3,""n_estimators"":200}",dedb806b4a5a709472bcb615667271295db069e0700b0b886725130a5d06acf8,1,7,0,1:1,654,164,0.5,0.8337299226650803,0.7783419649829364,0.5566839299658728,0.782608695652174,0.7058823529411765,0.8780487804878049,0.1557797840995562,0.3050752499839291,,74e66c11e57d405efbe19a02f13985423c60121aaf1960175664824578d0255d,2521657055,4094230609,264134123,842399429,False
Gradient Boosting,gradient_boosting_01,1,"{""learning_rate"":0.03,""max_depth"":3,""n_estimators"":200}",dedb806b4a5a709472bcb615667271295db069e0700b0b886725130a5d06acf8,1,7,1,1:1,654,164,0.5,0.8198988697204045,0.7333983589642591,0.4667967179285182,0.8176795580110497,0.7474747474747475,0.9024390243902439,0.15581438774780487,0.2822711659828201,,850c47286a5ff6cd122bd73c64fe0c130b4f93517aa2f9a4ab0225caa37355f8,3885368634,2431578943,1619142612,2845288631,False
Gradient Boosting,gradient_boosting_01,1,"{""learning_rate"":0.03,""max_depth"":3,""n_estimators"":200}",dedb806b4a5a709472bcb615667271295db069e0700b0b886725130a5d06acf8,1,7,2,1:1,654,164,0.5,0.8646638905413444,0.8461362714355622,0.6922725428711245,0.8114285714285714,0.7634408602150538,0.8658536585365854,0.14775966566751933,0.3049569169525057,,a58cdcfd42f13eceb650b4e384e38c15ac3d252fa7a9cf51166f33733bec7373,1974496636,1223099430,3474831427,1753096405,False
Gradient Boosting,gradient_boosting_01,1,"{""learning_rate"":0.03,""max_depth"":3,""n_estimators"":200}",dedb806b4a5a709472bcb615667271295db069e0700b0b886725130a5d06acf8,1,7,3,1:1,654,164,0.5,0.8120166567519334,0.7480566221200503,0.4961132442401006,0.7777777777777778,0.7142857142857143,0.8536585365853658,0.16603683650559561,0.2793966250028461,,0787429d108adbb8f716a931370780c2b496f9b4a512b716c8c31ecf6b7c002f,2308674788,3336517605,3055848280,3336201630,False
Gradient Boosting,gradient_boosting_01,1,"{""learning_rate"":0.03,""max_depth"":3,""n_estimators"":200}",dedb806b4a5a709472bcb615667271295db069e0700b0b886725130a5d06acf8,1,7,4,1:1,656,162,0.5,0.8392013412589544,0.7689942818742561,0.5379885637485122,0.8,0.7272727272727273,0.8888888888888888,0.15493911007124256,0.2976691670482978,,fd5a87140a37ffe54b3e77a354b4bd55b27678e3392d3612bcc974fcd938aac7,26843640,2371250898,2203746204,3425021368,False
Gradient Boosting,gradient_boosting_01,1,"{""learning_rate"":0.03,""max_depth"":3,""n_estimators"":200}",dedb806b4a5a709472bcb615667271295db069e0700b0b886725130a5d06acf8,2,13,0,1:1,654,164,0.5,0.8206424747174301,0.7780296572825225,0.556059314565045,0.7586206896551724,0.717391304347826,0.8048780487804879,0.16949093491000347,0.2800072919926606,,b1e29c5fe8af2195e9abc0f61c3f3c4d213fca3f89d1193c4a6653fb53126347,4197323642,3493101560,3288021756,261167866,False
Gradient Boosting,gradient_boosting_01,1,"{""learning_rate"":0.03,""max_depth"":3,""n_estimators"":200}",dedb806b4a5a709472bcb615667271295db069e0700b0b886725130a5d06acf8,2,13,1,1:1,654,164,0.5,0.8126115407495538,0.7376343203702324,0.4752686407404647,0.7738095238095238,0.7558139534883721,0.7926829268292683,0.16840636979194973,0.29872875002911314,,e3474974719a7c03379f3842f5f95d0ed2107cdd8a6ad009ba26fbebf9498feb,3966191544,1903504230,667876274,3411050692,False
Gradient Boosting,gradient_boosting_01,1,"{""learning_rate"":0.03,""max_depth"":3,""n_estimators"":200}",dedb806b4a5a709472bcb615667271295db069e0700b0b886725130a5d06acf8,2,13,2,1:1,654,164,0.5,0.8552944675788221,0.7850853427836859,0.5701706855673718,0.8108108108108109,0.7281553398058253,0.9146341463414634,0.1490572616388719,0.31477904197527096,,9a349209c7d3b9bd40965068b2a613107212665860e7bbb02addbf0f67e5d1fd,1319135375,2081672424,66402786,1633975599,False
Gradient Boosting,gradient_boosting_01,1,"{""learning_rate"":0.03,""max_depth"":3,""n_estimators"":200}",dedb806b4a5a709472bcb615667271295db069e0700b0b886725130a5d06acf8,2,13,3,1:1,654,164,0.5,0.8657049375371801,0.8204778115724032,0.6409556231448064,0.8131868131868132,0.74,0.9024390243902439,0.1411708602791918,0.2988191670156084,,d3ae34fbcfb73c5a1be0c96ad00e7eec3433eb478aea0c91dd2163d7870a83ad,2293279620,3028097891,2933952375,4053831653,False
Gradient Boosting,gradient_boosting_01,1,"{""learning_rate"":0.03,""max_depth"":3,""n_estimators"":200}",dedb806b4a5a709472bcb615667271295db069e0700b0b886725130a5d06acf8,2,13,4,1:1,656,162,0.5,0.8765432098765431,0.842575143920755,0.6851502878415101,0.8070175438596491,0.7666666666666667,0.8518518518518519,0.13654005974414143,0.2863273330149241,,253211c36a4e03f7beb1ba4c6fb38a30d71faa649d183e5779b5f27efb6ce6bf,3410040530,245057234,532155413,762879727,False
Gradient Boosting,gradient_boosting_02,2,"{""learning_rate"":0.05,""max_depth"":3,""n_estimators"":200}",4569f1740026f766c6015be124c643095046ebab9aa15d358c605d5632183086,0,42,0,1:1,654,164,0.5,0.8460737656157049,0.8267993335285115,0.6535986670570231,0.7771428571428571,0.7311827956989247,0.8292682926829268,0.15660920115556076,0.2836545829777606,,b9f1edb670a53afef5f4c085e90bf5e13a41156251f6667b1a65871f2c4c47e0,1973658644,3715151037,233149161,2399526814,False
Gradient Boosting,gradient_boosting_02,2,"{""learning_rate"":0.05,""max_depth"":3,""n_estimators"":200}",4569f1740026f766c6015be124c643095046ebab9aa15d358c605d5632183086,0,42,1,1:1,654,164,0.5,0.8255502676977989,0.7924992496545185,0.5849984993090369,0.7666666666666667,0.7040816326530612,0.8414634146341463,0.16992813481850647,0.30464479100191966,,c59d36017adea2f05186de3822c3dd8c95d35f359f7ff35c586a14db623a3103,2786658438,2191900349,3517737438,2371526345,False
Gradient Boosting,gradient_boosting_02,2,"{""learning_rate"":0.05,""max_depth"":3,""n_estimators"":200}",4569f1740026f766c6015be124c643095046ebab9aa15d358c605d5632183086,0,42,2,1:1,654,164,0.5,0.8462224866151101,0.8155788952743781,0.6311577905487562,0.8042328042328042,0.7102803738317757,0.926829268292683,0.15008504328254768,0.308014957990963,,091c82241439a2f22ad7066be22112027623cd7401cf37ff3920d078a7a913e2,1888399133,2010463502,629780227,48921201,False
Gradient Boosting,gradient_boosting_02,2,"{""learning_rate"":0.05,""max_depth"":3,""n_estimators"":200}",4569f1740026f766c6015be124c643095046ebab9aa15d358c605d5632183086,0,42,3,1:1,654,164,0.5,0.8518738845925045,0.8021102868640745,0.604220573728149,0.783625730994152,0.7528089887640449,0.8170731707317073,0.15349105008481403,0.3245782500016503,,971bb2c8d0b3b7495acb94f62ea8741d4ff4e6e52c17cfe1f97b50e8801a1513,1161336969,599905126,3703496083,230894654,False
Gradient Boosting,gradient_boosting_02,2,"{""learning_rate"":0.05,""max_depth"":3,""n_estimators"":200}",4569f1740026f766c6015be124c643095046ebab9aa15d358c605d5632183086,0,42,4,1:1,656,162,0.5,0.8247218411827465,0.7670387400561987,0.5340774801123973,0.7752808988764045,0.711340206185567,0.8518518518518519,0.17081254176448793,0.27135716599877924,,78610b63b09a3b3be6828cac4d903ead2c4bc5386d421ebf8e60227a9040ab96,1001834057,624141303,515383750,972393367,False
Gradient Boosting,gradient_boosting_02,2,"{""learning_rate"":0.05,""max_depth"":3,""n_estimators"":200}",4569f1740026f766c6015be124c643095046ebab9aa15d358c605d5632183086,1,7,0,1:1,654,164,0.5,0.8298631766805473,0.7685876843462657,0.5371753686925314,0.8021390374331551,0.7142857142857143,0.9146341463414634,0.1580102810384782,0.30658912495709956,,74e66c11e57d405efbe19a02f13985423c60121aaf1960175664824578d0255d,2521657055,4094230609,264134123,842399429,False
Gradient Boosting,gradient_boosting_02,2,"{""learning_rate"":0.05,""max_depth"":3,""n_estimators"":200}",4569f1740026f766c6015be124c643095046ebab9aa15d358c605d5632183086,1,7,1,1:1,654,164,0.5,0.7999702558001189,0.7087744920167798,0.41754898403355956,0.7954545454545454,0.7446808510638298,0.8536585365853658,0.16470796782172495,0.285036624991335,,850c47286a5ff6cd122bd73c64fe0c130b4f93517aa2f9a4ab0225caa37355f8,3885368634,2431578943,1619142612,2845288631,False
Gradient Boosting,gradient_boosting_02,2,"{""learning_rate"":0.05,""max_depth"":3,""n_estimators"":200}",4569f1740026f766c6015be124c643095046ebab9aa15d358c605d5632183086,1,7,2,1:1,654,164,0.5,0.8564842355740631,0.8209058440647393,0.6418116881294786,0.8045977011494253,0.7608695652173914,0.8536585365853658,0.15190774753948,0.3080820000031963,,a58cdcfd42f13eceb650b4e384e38c15ac3d252fa7a9cf51166f33733bec7373,1974496636,1223099430,3474831427,1753096405,False
Gradient Boosting,gradient_boosting_02,2,"{""learning_rate"":0.05,""max_depth"":3,""n_estimators"":200}",4569f1740026f766c6015be124c643095046ebab9aa15d358c605d5632183086,1,7,3,1:1,654,164,0.5,0.8143961927424153,0.7428528558023935,0.4857057116047869,0.7657142857142857,0.7204301075268817,0.8170731707317073,0.16909664780372904,0.279613624967169,,0787429d108adbb8f716a931370780c2b496f9b4a512b716c8c31ecf6b7c002f,2308674788,3336517605,3055848280,3336201630,False
Gradient Boosting,gradient_boosting_02,2,"{""learning_rate"":0.05,""max_depth"":3,""n_estimators"":200}",4569f1740026f766c6015be124c643095046ebab9aa15d358c605d5632183086,1,7,4,1:1,656,162,0.5,0.8326474622770919,0.7694592849731929,0.5389185699463859,0.7821229050279329,0.7142857142857143,0.8641975308641975,0.15962072181286951,0.2920315419905819,,fd5a87140a37ffe54b3e77a354b4bd55b27678e3392d3612bcc974fcd938aac7,26843640,2371250898,2203746204,3425021368,False
Gradient Boosting,gradient_boosting_02,2,"{""learning_rate"":0.05,""max_depth"":3,""n_estimators"":200}",4569f1740026f766c6015be124c643095046ebab9aa15d358c605d5632183086,2,13,0,1:1,654,164,0.5,0.8249553837001784,0.7759319885381342,0.5518639770762683,0.7485380116959064,0.7191011235955056,0.7804878048780488,0.16898700584345475,0.283982458000537,,b1e29c5fe8af2195e9abc0f61c3f3c4d213fca3f89d1193c4a6653fb53126347,4197323642,3493101560,3288021756,261167866,False
Gradient Boosting,gradient_boosting_02,2,"{""learning_rate"":0.05,""max_depth"":3,""n_estimators"":200}",4569f1740026f766c6015be124c643095046ebab9aa15d358c605d5632183086,2,13,1,1:1,654,164,0.5,0.8071088637715645,0.7426743564938203,0.4853487129876406,0.7928994082840237,0.7701149425287356,0.8170731707317073,0.1749461482139425,0.29643037501955405,,e3474974719a7c03379f3842f5f95d0ed2107cdd8a6ad009ba26fbebf9498feb,3966191544,1903504230,667876274,3411050692,False
Gradient Boosting,gradient_boosting_02,2,"{""learning_rate"":0.05,""max_depth"":3,""n_estimators"":200}",4569f1740026f766c6015be124c643095046ebab9aa15d358c605d5632183086,2,13,2,1:1,654,164,0.5,0.8521713265913147,0.779980794899367,0.559961589798734,0.8131868131868132,0.74,0.9024390243902439,0.14931300698901512,0.31592491699848324,,9a349209c7d3b9bd40965068b2a613107212665860e7bbb02addbf0f67e5d1fd,1319135375,2081672424,66402786,1633975599,False
Gradient Boosting,gradient_boosting_02,2,"{""learning_rate"":0.05,""max_depth"":3,""n_estimators"":200}",4569f1740026f766c6015be124c643095046ebab9aa15d358c605d5632183086,2,13,3,1:1,654,164,0.5,0.864069006543724,0.8173602084834366,0.6347204169668732,0.8156424581005587,0.7525773195876289,0.8902439024390244,0.139270597928461,0.300028084020596,,d3ae34fbcfb73c5a1be0c96ad00e7eec3433eb478aea0c91dd2163d7870a83ad,2293279620,3028097891,2933952375,4053831653,False
Gradient Boosting,gradient_boosting_02,2,"{""learning_rate"":0.05,""max_depth"":3,""n_estimators"":200}",4569f1740026f766c6015be124c643095046ebab9aa15d358c605d5632183086,2,13,4,1:1,656,162,0.5,0.8777625361987502,0.8213781194447153,0.6427562388894306,0.8192771084337349,0.8,0.8395061728395061,0.13657749426566654,0.286064375017304,,253211c36a4e03f7beb1ba4c6fb38a30d71faa649d183e5779b5f27efb6ce6bf,3410040530,245057234,532155413,762879727,False
Gradient Boosting,gradient_boosting_03,3,"{""learning_rate"":0.03,""max_depth"":4,""n_estimators"":200}",d6ebedff82de2f6c24e74a9f98511f24977cfa9e461ed5475a611b85813b5ad4,0,42,0,1:1,654,164,0.5,0.8701665675193337,0.8403633596570348,0.6807267193140696,0.8156424581005587,0.7525773195876289,0.8902439024390244,0.1407622026039163,0.36908575001871213,,b9f1edb670a53afef5f4c085e90bf5e13a41156251f6667b1a65871f2c4c47e0,1973658644,3715151037,233149161,2399526814,False
Gradient Boosting,gradient_boosting_03,3,"{""learning_rate"":0.03,""max_depth"":4,""n_estimators"":200}",d6ebedff82de2f6c24e74a9f98511f24977cfa9e461ed5475a611b85813b5ad4,0,42,1,1:1,654,164,0.5,0.8277810826888756,0.7962412364080151,0.5924824728160303,0.7597765363128491,0.7010309278350515,0.8292682926829268,0.16523333467703005,0.3995329160243273,,c59d36017adea2f05186de3822c3dd8c95d35f359f7ff35c586a14db623a3103,2786658438,2191900349,3517737438,2371526345,False
Gradient Boosting,gradient_boosting_03,3,"{""learning_rate"":0.03,""max_depth"":4,""n_estimators"":200}",d6ebedff82de2f6c24e74a9f98511f24977cfa9e461ed5475a611b85813b5ad4,0,42,2,1:1,654,164,0.5,0.8398274836406902,0.8078890130451999,0.6157780260903998,0.7914438502673797,0.7047619047619048,0.9024390243902439,0.15262025208653052,0.3948273750138469,,091c82241439a2f22ad7066be22112027623cd7401cf37ff3920d078a7a913e2,1888399133,2010463502,629780227,48921201,False
Gradient Boosting,gradient_boosting_03,3,"{""learning_rate"":0.03,""max_depth"":4,""n_estimators"":200}",d6ebedff82de2f6c24e74a9f98511f24977cfa9e461ed5475a611b85813b5ad4,0,42,3,1:1,654,164,0.5,0.8542534205829864,0.8254669944192115,0.6509339888384229,0.7745664739884393,0.7362637362637363,0.8170731707317073,0.15220226329797462,0.4255059160059318,,971bb2c8d0b3b7495acb94f62ea8741d4ff4e6e52c17cfe1f97b50e8801a1513,1161336969,599905126,3703496083,230894654,False
Gradient Boosting,gradient_boosting_03,3,"{""learning_rate"":0.03,""max_depth"":4,""n_estimators"":200}",d6ebedff82de2f6c24e74a9f98511f24977cfa9e461ed5475a611b85813b5ad4,0,42,4,1:1,656,162,0.5,0.8227404359091601,0.748606351626697,0.49721270325339395,0.7912087912087912,0.7128712871287128,0.8888888888888888,0.16767643393993348,0.35834924998926,,78610b63b09a3b3be6828cac4d903ead2c4bc5386d421ebf8e60227a9040ab96,1001834057,624141303,515383750,972393367,False
Gradient Boosting,gradient_boosting_03,3,"{""learning_rate"":0.03,""max_depth"":4,""n_estimators"":200}",d6ebedff82de2f6c24e74a9f98511f24977cfa9e461ed5475a611b85813b5ad4,1,7,0,1:1,654,164,0.5,0.8329863176680546,0.77998032972065,0.5599606594413,0.7956989247311828,0.7115384615384616,0.9024390243902439,0.15814753206002327,0.3995737080113031,,74e66c11e57d405efbe19a02f13985423c60121aaf1960175664824578d0255d,2521657055,4094230609,264134123,842399429,False
Gradient Boosting,gradient_boosting_03,3,"{""learning_rate"":0.03,""max_depth"":4,""n_estimators"":200}",d6ebedff82de2f6c24e74a9f98511f24977cfa9e461ed5475a611b85813b5ad4,1,7,1,1:1,654,164,0.5,0.8057703747769185,0.7079305503966952,0.41586110079339034,0.8044692737430168,0.7422680412371134,0.8780487804878049,0.1602298022181135,0.3713896669796668,,850c47286a5ff6cd122bd73c64fe0c130b4f93517aa2f9a4ab0225caa37355f8,3885368634,2431578943,1619142612,2845288631,False
Gradient Boosting,gradient_boosting_03,3,"{""learning_rate"":0.03,""max_depth"":4,""n_estimators"":200}",d6ebedff82de2f6c24e74a9f98511f24977cfa9e461ed5475a611b85813b5ad4,1,7,2,1:1,654,164,0.5,0.8622843545508625,0.8358280045794482,0.6716560091588963,0.8202247191011236,0.7604166666666666,0.8902439024390244,0.14912372942195212,0.3931668750010431,,a58cdcfd42f13eceb650b4e384e38c15ac3d252fa7a9cf51166f33733bec7373,1974496636,1223099430,3474831427,1753096405,False
Gradient Boosting,gradient_boosting_03,3,"{""learning_rate"":0.03,""max_depth"":4,""n_estimators"":200}",d6ebedff82de2f6c24e74a9f98511f24977cfa9e461ed5475a611b85813b5ad4,1,7,3,1:1,654,164,0.5,0.8148423557406306,0.7496158564058474,0.49923171281169476,0.768361581920904,0.7157894736842105,0.8292682926829268,0.16698253806894015,0.36532454198459163,,0787429d108adbb8f716a931370780c2b496f9b4a512b716c8c31ecf6b7c002f,2308674788,3336517605,3055848280,3336201630,False
Gradient Boosting,gradient_boosting_03,3,"{""learning_rate"":0.03,""max_depth"":4,""n_estimators"":200}",d6ebedff82de2f6c24e74a9f98511f24977cfa9e461ed5475a611b85813b5ad4,1,7,4,1:1,656,162,0.5,0.8299039780521262,0.761496725459928,0.5229934509198559,0.797752808988764,0.7319587628865979,0.8765432098765432,0.15729182494634145,0.3866621669731103,,fd5a87140a37ffe54b3e77a354b4bd55b27678e3392d3612bcc974fcd938aac7,26843640,2371250898,2203746204,3425021368,False
Gradient Boosting,gradient_boosting_03,3,"{""learning_rate"":0.03,""max_depth"":4,""n_estimators"":200}",d6ebedff82de2f6c24e74a9f98511f24977cfa9e461ed5475a611b85813b5ad4,2,13,0,1:1,654,164,0.5,0.8282272456870909,0.7808706889799111,0.5617413779598222,0.7613636363636364,0.7127659574468085,0.8170731707317073,0.16581374349903935,0.37703224999131635,,b1e29c5fe8af2195e9abc0f61c3f3c4d213fca3f89d1193c4a6653fb53126347,4197323642,3493101560,3288021756,261167866,False
Gradient Boosting,gradient_boosting_03,3,"{""learning_rate"":0.03,""max_depth"":4,""n_estimators"":200}",d6ebedff82de2f6c24e74a9f98511f24977cfa9e461ed5475a611b85813b5ad4,2,13,1,1:1,654,164,0.5,0.8084473527662106,0.7255785538664388,0.45115710773287754,0.783625730994152,0.7528089887640449,0.8170731707317073,0.1720079868285849,0.3953437909949571,,e3474974719a7c03379f3842f5f95d0ed2107cdd8a6ad009ba26fbebf9498feb,3966191544,1903504230,667876274,3411050692,False
Gradient Boosting,gradient_boosting_03,3,"{""learning_rate"":0.03,""max_depth"":4,""n_estimators"":200}",d6ebedff82de2f6c24e74a9f98511f24977cfa9e461ed5475a611b85813b5ad4,2,13,2,1:1,654,164,0.5,0.844735276621059,0.7710907289667805,0.5421814579335611,0.8,0.7184466019417476,0.9024390243902439,0.1523966470674257,0.4169471670174971,,9a349209c7d3b9bd40965068b2a613107212665860e7bbb02addbf0f67e5d1fd,1319135375,2081672424,66402786,1633975599,False
Gradient Boosting,gradient_boosting_03,3,"{""learning_rate"":0.03,""max_depth"":4,""n_estimators"":200}",d6ebedff82de2f6c24e74a9f98511f24977cfa9e461ed5475a611b85813b5ad4,2,13,3,1:1,654,164,0.5,0.86540749553837,0.8105089673675201,0.6210179347350402,0.8087431693989071,0.7326732673267327,0.9024390243902439,0.14003351140755335,0.39174087496940047,,d3ae34fbcfb73c5a1be0c96ad00e7eec3433eb478aea0c91dd2163d7870a83ad,2293279620,3028097891,2933952375,4053831653,False
Gradient Boosting,gradient_boosting_03,3,"{""learning_rate"":0.03,""max_depth"":4,""n_estimators"":200}",d6ebedff82de2f6c24e74a9f98511f24977cfa9e461ed5475a611b85813b5ad4,2,13,4,1:1,656,162,0.5,0.8742569730224051,0.8305430826463983,0.6610861652927966,0.8,0.7857142857142857,0.8148148148148148,0.13683081419864432,0.39099495799746364,,253211c36a4e03f7beb1ba4c6fb38a30d71faa649d183e5779b5f27efb6ce6bf,3410040530,245057234,532155413,762879727,False
Gradient Boosting,gradient_boosting_04,4,"{""learning_rate"":0.05,""max_depth"":4,""n_estimators"":200}",2d60991c49c9bff57d2331d9e6568511c050d892aef21bae8de75a7fe2619307,0,42,0,1:1,654,164,0.5,0.8551457465794171,0.8315389133462087,0.6630778266924173,0.7796610169491526,0.7263157894736842,0.8414634146341463,0.1511806357132341,0.3814713340252638,,b9f1edb670a53afef5f4c085e90bf5e13a41156251f6667b1a65871f2c4c47e0,1973658644,3715151037,233149161,2399526814,False
Gradient Boosting,gradient_boosting_04,4,"{""learning_rate"":0.05,""max_depth"":4,""n_estimators"":200}",2d60991c49c9bff57d2331d9e6568511c050d892aef21bae8de75a7fe2619307,0,42,1,1:1,654,164,0.5,0.825698988697204,0.8017021119094928,0.6034042238189856,0.7528089887640449,0.6979166666666666,0.8170731707317073,0.17216027430131559,0.3997253749985248,,c59d36017adea2f05186de3822c3dd8c95d35f359f7ff35c586a14db623a3103,2786658438,2191900349,3517737438,2371526345,False
Gradient Boosting,gradient_boosting_04,4,"{""learning_rate"":0.05,""max_depth"":4,""n_estimators"":200}",2d60991c49c9bff57d2331d9e6568511c050d892aef21bae8de75a7fe2619307,0,42,2,1:1,654,164,0.5,0.8466686496133254,0.8185451318126713,0.6370902636253426,0.8,0.7184466019417476,0.9024390243902439,0.15006791985397983,0.39526274998206645,,091c82241439a2f22ad7066be22112027623cd7401cf37ff3920d078a7a913e2,1888399133,2010463502,629780227,48921201,False
Gradient Boosting,gradient_boosting_04,4,"{""learning_rate"":0.05,""max_depth"":4,""n_estimators"":200}",2d60991c49c9bff57d2331d9e6568511c050d892aef21bae8de75a7fe2619307,0,42,3,1:1,654,164,0.5,0.8506841165972635,0.8219439619871212,0.6438879239742423,0.7745664739884393,0.7362637362637363,0.8170731707317073,0.15438153342517955,0.4272528750007041,,971bb2c8d0b3b7495acb94f62ea8741d4ff4e6e52c17cfe1f97b50e8801a1513,1161336969,599905126,3703496083,230894654,False
Gradient Boosting,gradient_boosting_04,4,"{""learning_rate"":0.05,""max_depth"":4,""n_estimators"":200}",2d60991c49c9bff57d2331d9e6568511c050d892aef21bae8de75a7fe2619307,0,42,4,1:1,656,162,0.5,0.8158817253467459,0.756062619337061,0.512125238674122,0.770949720670391,0.7040816326530612,0.8518518518518519,0.1746610019513362,0.3600926250219345,,78610b63b09a3b3be6828cac4d903ead2c4bc5386d421ebf8e60227a9040ab96,1001834057,624141303,515383750,972393367,False
Gradient Boosting,gradient_boosting_04,4,"{""learning_rate"":0.05,""max_depth"":4,""n_estimators"":200}",2d60991c49c9bff57d2331d9e6568511c050d892aef21bae8de75a7fe2619307,1,7,0,1:1,654,164,0.5,0.8494943486020227,0.78720953726576,0.5744190745315201,0.7978142076502732,0.7227722772277227,0.8902439024390244,0.15073880427454617,0.39853366604074836,,74e66c11e57d405efbe19a02f13985423c60121aaf1960175664824578d0255d,2521657055,4094230609,264134123,842399429,False
Gradient Boosting,gradient_boosting_04,4,"{""learning_rate"":0.05,""max_depth"":4,""n_estimators"":200}",2d60991c49c9bff57d2331d9e6568511c050d892aef21bae8de75a7fe2619307,1,7,1,1:1,654,164,0.5,0.8060678167757287,0.7362723087233684,0.4725446174467367,0.8111111111111111,0.7448979591836735,0.8902439024390244,0.1643708926780253,0.37363500002538785,,850c47286a5ff6cd122bd73c64fe0c130b4f93517aa2f9a4ab0225caa37355f8,3885368634,2431578943,1619142612,2845288631,False
Gradient Boosting,gradient_boosting_04,4,"{""learning_rate"":0.05,""max_depth"":4,""n_estimators"":200}",2d60991c49c9bff57d2331d9e6568511c050d892aef21bae8de75a7fe2619307,1,7,2,1:1,654,164,0.5,0.8613920285544319,0.8404285354327522,0.6808570708655044,0.8068181818181818,0.7553191489361702,0.8658536585365854,0.15266654195284354,0.39965220901649445,,a58cdcfd42f13eceb650b4e384e38c15ac3d252fa7a9cf51166f33733bec7373,1974496636,1223099430,3474831427,1753096405,False
Gradient Boosting,gradient_boosting_04,4,"{""learning_rate"":0.05,""max_depth"":4,""n_estimators"":200}",2d60991c49c9bff57d2331d9e6568511c050d892aef21bae8de75a7fe2619307,1,7,3,1:1,654,164,0.5,0.8157346817370612,0.7285245065670566,0.45704901313411317,0.7701149425287356,0.7282608695652174,0.8170731707317073,0.168850798505325,0.360291666991543,,0787429d108adbb8f716a931370780c2b496f9b4a512b716c8c31ecf6b7c002f,2308674788,3336517605,3055848280,3336201630,False
Gradient Boosting,gradient_boosting_04,4,"{""learning_rate"":0.05,""max_depth"":4,""n_estimators"":200}",2d60991c49c9bff57d2331d9e6568511c050d892aef21bae8de75a7fe2619307,1,7,4,1:1,656,162,0.5,0.828989483310471,0.7672843722071935,0.534568744414387,0.7771428571428571,0.723404255319149,0.8395061728395061,0.1626545194068593,0.38100845797453076,,fd5a87140a37ffe54b3e77a354b4bd55b27678e3392d3612bcc974fcd938aac7,26843640,2371250898,2203746204,3425021368,False
Gradient Boosting,gradient_boosting_04,4,"{""learning_rate"":0.05,""max_depth"":4,""n_estimators"":200}",2d60991c49c9bff57d2331d9e6568511c050d892aef21bae8de75a7fe2619307,2,13,0,1:1,654,164,0.5,0.8350684116597263,0.7931947594419149,0.5863895188838297,0.7514450867052023,0.7142857142857143,0.7926829268292683,0.16525637824099895,0.3718176659895107,,b1e29c5fe8af2195e9abc0f61c3f3c4d213fca3f89d1193c4a6653fb53126347,4197323642,3493101560,3288021756,261167866,False
Gradient Boosting,gradient_boosting_04,4,"{""learning_rate"":0.05,""max_depth"":4,""n_estimators"":200}",2d60991c49c9bff57d2331d9e6568511c050d892aef21bae8de75a7fe2619307,2,13,1,1:1,654,164,0.5,0.7998215348007138,0.7171349516908598,0.43426990338171967,0.7954545454545454,0.7446808510638298,0.8536585365853658,0.18118874332248044,0.38684587500756606,,e3474974719a7c03379f3842f5f95d0ed2107cdd8a6ad009ba26fbebf9498feb,3966191544,1903504230,667876274,3411050692,False
Gradient Boosting,gradient_boosting_04,4,"{""learning_rate"":0.05,""max_depth"":4,""n_estimators"":200}",2d60991c49c9bff57d2331d9e6568511c050d892aef21bae8de75a7fe2619307,2,13,2,1:1,654,164,0.5,0.8460737656157049,0.7614759584001528,0.5229519168003056,0.8044692737430168,0.7422680412371134,0.8780487804878049,0.15402856777893714,0.4147463329718448,,9a349209c7d3b9bd40965068b2a613107212665860e7bbb02addbf0f67e5d1fd,1319135375,2081672424,66402786,1633975599,False
Gradient Boosting,gradient_boosting_04,4,"{""learning_rate"":0.05,""max_depth"":4,""n_estimators"":200}",2d60991c49c9bff57d2331d9e6568511c050d892aef21bae8de75a7fe2619307,2,13,3,1:1,654,164,0.5,0.8622843545508626,0.8035589510287773,0.6071179020575546,0.8131868131868132,0.74,0.9024390243902439,0.13999804732553908,0.391330000013113,,d3ae34fbcfb73c5a1be0c96ad00e7eec3433eb478aea0c91dd2163d7870a83ad,2293279620,3028097891,2933952375,4053831653,False
Gradient Boosting,gradient_boosting_04,4,"{""learning_rate"":0.05,""max_depth"":4,""n_estimators"":200}",2d60991c49c9bff57d2331d9e6568511c050d892aef21bae8de75a7fe2619307,2,13,4,1:1,656,162,0.5,0.873190062490474,0.8161088060054345,0.6322176120108689,0.8143712574850299,0.7906976744186046,0.8395061728395061,0.13769045163311527,0.37616116600111127,,253211c36a4e03f7beb1ba4c6fb38a30d71faa649d183e5779b5f27efb6ce6bf,3410040530,245057234,532155413,762879727,False
Gradient Boosting,gradient_boosting_05,5,"{""learning_rate"":0.03,""max_depth"":3,""n_estimators"":300}",21efb7a421d90bc81f25e12721e95720dcfcec9fc97b3ac49e9a29b7eb0756a8,0,42,0,1:1,654,164,0.5,0.8579714455681142,0.8365776270686177,0.6731552541372354,0.797752808988764,0.7395833333333334,0.8658536585365854,0.14799825322500615,0.42429616599110886,,b9f1edb670a53afef5f4c085e90bf5e13a41156251f6667b1a65871f2c4c47e0,1973658644,3715151037,233149161,2399526814,False
Gradient Boosting,gradient_boosting_05,5,"{""learning_rate"":0.03,""max_depth"":3,""n_estimators"":300}",21efb7a421d90bc81f25e12721e95720dcfcec9fc97b3ac49e9a29b7eb0756a8,0,42,1,1:1,654,164,0.5,0.8261451516954194,0.8118748286436589,0.6237496572873178,0.770949720670391,0.711340206185567,0.8414634146341463,0.1668685040781939,0.45728933304781094,,c59d36017adea2f05186de3822c3dd8c95d35f359f7ff35c586a14db623a3103,2786658438,2191900349,3517737438,2371526345,False
Gradient Boosting,gradient_boosting_05,5,"{""learning_rate"":0.03,""max_depth"":3,""n_estimators"":300}",21efb7a421d90bc81f25e12721e95720dcfcec9fc97b3ac49e9a29b7eb0756a8,0,42,2,1:1,654,164,0.5,0.8417608566329566,0.818798565821283,0.6375971316425659,0.7978723404255319,0.7075471698113207,0.9146341463414634,0.15134728073959744,0.45319254201604053,,091c82241439a2f22ad7066be22112027623cd7401cf37ff3920d078a7a913e2,1888399133,2010463502,629780227,48921201,False
Gradient Boosting,gradient_boosting_05,5,"{""learning_rate"":0.03,""max_depth"":3,""n_estimators"":300}",21efb7a421d90bc81f25e12721e95720dcfcec9fc97b3ac49e9a29b7eb0756a8,0,42,3,1:1,654,164,0.5,0.8527662105889351,0.8025058786724227,0.6050117573448455,0.788235294117647,0.7613636363636364,0.8170731707317073,0.15215418036666986,0.48755312501452863,,971bb2c8d0b3b7495acb94f62ea8741d4ff4e6e52c17cfe1f97b50e8801a1513,1161336969,599905126,3703496083,230894654,False
Gradient Boosting,gradient_boosting_05,5,"{""learning_rate"":0.03,""max_depth"":3,""n_estimators"":300}",21efb7a421d90bc81f25e12721e95720dcfcec9fc97b3ac49e9a29b7eb0756a8,0,42,4,1:1,656,162,0.5,0.8343240359701265,0.7841571341343211,0.5683142682686422,0.7796610169491526,0.71875,0.8518518518518519,0.16395209838218025,0.4090509159723297,,78610b63b09a3b3be6828cac4d903ead2c4bc5386d421ebf8e60227a9040ab96,1001834057,624141303,515383750,972393367,False
Gradient Boosting,gradient_boosting_05,5,"{""learning_rate"":0.03,""max_depth"":3,""n_estimators"":300}",21efb7a421d90bc81f25e12721e95720dcfcec9fc97b3ac49e9a29b7eb0756a8,1,7,0,1:1,654,164,0.5,0.835812016656752,0.7781899139975549,0.5563798279951098,0.7802197802197802,0.71,0.8658536585365854,0.15451377337054678,0.4553017079597339,,74e66c11e57d405efbe19a02f13985423c60121aaf1960175664824578d0255d,2521657055,4094230609,264134123,842399429,False
Gradient Boosting,gradient_boosting_05,5,"{""learning_rate"":0.03,""max_depth"":3,""n_estimators"":300}",21efb7a421d90bc81f25e12721e95720dcfcec9fc97b3ac49e9a29b7eb0756a8,1,7,1,1:1,654,164,0.5,0.8129089827483641,0.7291582306616289,0.45831646132325776,0.8022598870056498,0.7473684210526316,0.8658536585365854,0.15975088800154905,0.42425612499937415,,850c47286a5ff6cd122bd73c64fe0c130b4f93517aa2f9a4ab0225caa37355f8,3885368634,2431578943,1619142612,2845288631,False
Gradient Boosting,gradient_boosting_05,5,"{""learning_rate"":0.03,""max_depth"":3,""n_estimators"":300}",21efb7a421d90bc81f25e12721e95720dcfcec9fc97b3ac49e9a29b7eb0756a8,1,7,2,1:1,654,164,0.5,0.8634741225461036,0.8444368902056825,0.6888737804113649,0.8156424581005587,0.7525773195876289,0.8902439024390244,0.14883447532953736,0.46401500003412366,,a58cdcfd42f13eceb650b4e384e38c15ac3d252fa7a9cf51166f33733bec7373,1974496636,1223099430,3474831427,1753096405,False
Gradient Boosting,gradient_boosting_05,5,"{""learning_rate"":0.03,""max_depth"":3,""n_estimators"":300}",21efb7a421d90bc81f25e12721e95720dcfcec9fc97b3ac49e9a29b7eb0756a8,1,7,3,1:1,654,164,0.5,0.8100832837596669,0.7338577866396438,0.4677155732792877,0.770949720670391,0.711340206185567,0.8414634146341463,0.1677236359768306,0.4296967909904197,,0787429d108adbb8f716a931370780c2b496f9b4a512b716c8c31ecf6b7c002f,2308674788,3336517605,3055848280,3336201630,False
Gradient Boosting,gradient_boosting_05,5,"{""learning_rate"":0.03,""max_depth"":3,""n_estimators"":300}",21efb7a421d90bc81f25e12721e95720dcfcec9fc97b3ac49e9a29b7eb0756a8,1,7,4,1:1,656,162,0.5,0.8356957780826093,0.7673487105511316,0.5346974211022633,0.7909604519774012,0.7291666666666666,0.8641975308641975,0.15638795360547156,0.4356545000337064,,fd5a87140a37ffe54b3e77a354b4bd55b27678e3392d3612bcc974fcd938aac7,26843640,2371250898,2203746204,3425021368,False
Gradient Boosting,gradient_boosting_05,5,"{""learning_rate"":0.03,""max_depth"":3,""n_estimators"":300}",21efb7a421d90bc81f25e12721e95720dcfcec9fc97b3ac49e9a29b7eb0756a8,2,13,0,1:1,654,164,0.5,0.8231707317073171,0.7732694759190277,0.5465389518380555,0.7368421052631579,0.7078651685393258,0.7682926829268293,0.16966522433446446,0.4483737089904025,,b1e29c5fe8af2195e9abc0f61c3f3c4d213fca3f89d1193c4a6653fb53126347,4197323642,3493101560,3288021756,261167866,False
Gradient Boosting,gradient_boosting_05,5,"{""learning_rate"":0.03,""max_depth"":3,""n_estimators"":300}",21efb7a421d90bc81f25e12721e95720dcfcec9fc97b3ac49e9a29b7eb0756a8,2,13,1,1:1,654,164,0.5,0.8071088637715644,0.725800179509565,0.45160035901913,0.7764705882352941,0.75,0.8048780487804879,0.17460205960056527,0.44721395801752806,,e3474974719a7c03379f3842f5f95d0ed2107cdd8a6ad009ba26fbebf9498feb,3966191544,1903504230,667876274,3411050692,False
Gradient Boosting,gradient_boosting_05,5,"{""learning_rate"":0.03,""max_depth"":3,""n_estimators"":300}",21efb7a421d90bc81f25e12721e95720dcfcec9fc97b3ac49e9a29b7eb0756a8,2,13,2,1:1,654,164,0.5,0.8496430696014277,0.792990374537142,0.5859807490742841,0.8108108108108109,0.7281553398058253,0.9146341463414634,0.15112709197251872,0.47270712500903755,,9a349209c7d3b9bd40965068b2a613107212665860e7bbb02addbf0f67e5d1fd,1319135375,2081672424,66402786,1633975599,False
Gradient Boosting,gradient_boosting_05,5,"{""learning_rate"":0.03,""max_depth"":3,""n_estimators"":300}",21efb7a421d90bc81f25e12721e95720dcfcec9fc97b3ac49e9a29b7eb0756a8,2,13,3,1:1,654,164,0.5,0.8615407495538371,0.8064838388606327,0.6129676777212654,0.8222222222222222,0.7551020408163265,0.9024390243902439,0.14152478179023717,0.4617784580332227,,d3ae34fbcfb73c5a1be0c96ad00e7eec3433eb478aea0c91dd2163d7870a83ad,2293279620,3028097891,2933952375,4053831653,False
Gradient Boosting,gradient_boosting_05,5,"{""learning_rate"":0.03,""max_depth"":3,""n_estimators"":300}",21efb7a421d90bc81f25e12721e95720dcfcec9fc97b3ac49e9a29b7eb0756a8,2,13,4,1:1,656,162,0.5,0.873190062490474,0.8180098206970523,0.6360196413941046,0.7953216374269005,0.7555555555555555,0.8395061728395061,0.13571835242925795,0.43220962496707216,,253211c36a4e03f7beb1ba4c6fb38a30d71faa649d183e5779b5f27efb6ce6bf,3410040530,245057234,532155413,762879727,False
Gradient Boosting,gradient_boosting_06,6,"{""learning_rate"":0.05,""max_depth"":3,""n_estimators"":300}",01fa0f7c1c998c3dcae10bbc9621b0e44e7ad5e1a5a01f1aa1cba49acdbfc915,0,42,0,1:1,654,164,0.5,0.8471148126115408,0.8322881193396617,0.6645762386793235,0.7771428571428571,0.7311827956989247,0.8292682926829268,0.15726781785692637,0.4263274160330184,,b9f1edb670a53afef5f4c085e90bf5e13a41156251f6667b1a65871f2c4c47e0,1973658644,3715151037,233149161,2399526814,False
Gradient Boosting,gradient_boosting_06,6,"{""learning_rate"":0.05,""max_depth"":3,""n_estimators"":300}",01fa0f7c1c998c3dcae10bbc9621b0e44e7ad5e1a5a01f1aa1cba49acdbfc915,0,42,1,1:1,654,164,0.5,0.8213860797144557,0.7869364394382785,0.573872878876557,0.7640449438202247,0.7083333333333334,0.8292682926829268,0.17391967922017765,0.45997349999379367,,c59d36017adea2f05186de3822c3dd8c95d35f359f7ff35c586a14db623a3103,2786658438,2191900349,3517737438,2371526345,False
Gradient Boosting,gradient_boosting_06,6,"{""learning_rate"":0.05,""max_depth"":3,""n_estimators"":300}",01fa0f7c1c998c3dcae10bbc9621b0e44e7ad5e1a5a01f1aa1cba49acdbfc915,0,42,2,1:1,654,164,0.5,0.8381915526472339,0.8064445340294879,0.6128890680589758,0.8,0.7037037037037037,0.926829268292683,0.15392500457814048,0.458024249994196,,091c82241439a2f22ad7066be22112027623cd7401cf37ff3920d078a7a913e2,1888399133,2010463502,629780227,48921201,False
Gradient Boosting,gradient_boosting_06,6,"{""learning_rate"":0.05,""max_depth"":3,""n_estimators"":300}",01fa0f7c1c998c3dcae10bbc9621b0e44e7ad5e1a5a01f1aa1cba49acdbfc915,0,42,3,1:1,654,164,0.5,0.8573765615704937,0.8117331300475887,0.6234662600951775,0.7928994082840237,0.7701149425287356,0.8170731707317073,0.1495518004472359,0.48582187498686835,,971bb2c8d0b3b7495acb94f62ea8741d4ff4e6e52c17cfe1f97b50e8801a1513,1161336969,599905126,3703496083,230894654,False
Gradient Boosting,gradient_boosting_06,6,"{""learning_rate"":0.05,""max_depth"":3,""n_estimators"":300}",01fa0f7c1c998c3dcae10bbc9621b0e44e7ad5e1a5a01f1aa1cba49acdbfc915,0,42,4,1:1,656,162,0.5,0.8245694253924706,0.7709403795635829,0.5418807591271657,0.7752808988764045,0.711340206185567,0.8518518518518519,0.17250646044291745,0.41261166700860485,,78610b63b09a3b3be6828cac4d903ead2c4bc5386d421ebf8e60227a9040ab96,1001834057,624141303,515383750,972393367,False
Gradient Boosting,gradient_boosting_06,6,"{""learning_rate"":0.05,""max_depth"":3,""n_estimators"":300}",01fa0f7c1c998c3dcae10bbc9621b0e44e7ad5e1a5a01f1aa1cba49acdbfc915,1,7,0,1:1,654,164,0.5,0.8276323616894706,0.7587323769886836,0.5174647539773671,0.7868852459016393,0.7128712871287128,0.8780487804878049,0.1591492829370594,0.45730499998899177,,74e66c11e57d405efbe19a02f13985423c60121aaf1960175664824578d0255d,2521657055,4094230609,264134123,842399429,False
Gradient Boosting,gradient_boosting_06,6,"{""learning_rate"":0.05,""max_depth"":3,""n_estimators"":300}",01fa0f7c1c998c3dcae10bbc9621b0e44e7ad5e1a5a01f1aa1cba49acdbfc915,1,7,1,1:1,654,164,0.5,0.7959547888161809,0.7067009039441269,0.41340180788825376,0.8,0.7526881720430108,0.8536585365853658,0.1677997489588577,0.42183383397059515,,850c47286a5ff6cd122bd73c64fe0c130b4f93517aa2f9a4ab0225caa37355f8,3885368634,2431578943,1619142612,2845288631,False
Gradient Boosting,gradient_boosting_06,6,"{""learning_rate"":0.05,""max_depth"":3,""n_estimators"":300}",01fa0f7c1c998c3dcae10bbc9621b0e44e7ad5e1a5a01f1aa1cba49acdbfc915,1,7,2,1:1,654,164,0.5,0.8530636525877453,0.821376160405453,0.642752320810906,0.8156424581005587,0.7525773195876289,0.8902439024390244,0.1544435455429199,0.4578172499896027,,a58cdcfd42f13eceb650b4e384e38c15ac3d252fa7a9cf51166f33733bec7373,1974496636,1223099430,3474831427,1753096405,False
Gradient Boosting,gradient_boosting_06,6,"{""learning_rate"":0.05,""max_depth"":3,""n_estimators"":300}",01fa0f7c1c998c3dcae10bbc9621b0e44e7ad5e1a5a01f1aa1cba49acdbfc915,1,7,3,1:1,654,164,0.5,0.8146936347412255,0.7401488186070121,0.4802976372140242,0.7529411764705882,0.7272727272727273,0.7804878048780488,0.1719286728973857,0.4323905000346713,,0787429d108adbb8f716a931370780c2b496f9b4a512b716c8c31ecf6b7c002f,2308674788,3336517605,3055848280,3336201630,False
Gradient Boosting,gradient_boosting_06,6,"{""learning_rate"":0.05,""max_depth"":3,""n_estimators"":300}",01fa0f7c1c998c3dcae10bbc9621b0e44e7ad5e1a5a01f1aa1cba49acdbfc915,1,7,4,1:1,656,162,0.5,0.8292943148910227,0.768332676052412,0.5366653521048239,0.7640449438202247,0.7010309278350515,0.8395061728395061,0.16338601100310085,0.4438452500035055,,fd5a87140a37ffe54b3e77a354b4bd55b27678e3392d3612bcc974fcd938aac7,26843640,2371250898,2203746204,3425021368,False
Gradient Boosting,gradient_boosting_06,6,"{""learning_rate"":0.05,""max_depth"":3,""n_estimators"":300}",01fa0f7c1c998c3dcae10bbc9621b0e44e7ad5e1a5a01f1aa1cba49acdbfc915,2,13,0,1:1,654,164,0.5,0.8274836406900654,0.7702404318717553,0.5404808637435106,0.7485380116959064,0.7191011235955056,0.7804878048780488,0.1710338023326195,0.43057650001719594,,b1e29c5fe8af2195e9abc0f61c3f3c4d213fca3f89d1193c4a6653fb53126347,4197323642,3493101560,3288021756,261167866,False
Gradient Boosting,gradient_boosting_06,6,"{""learning_rate"":0.05,""max_depth"":3,""n_estimators"":300}",01fa0f7c1c998c3dcae10bbc9621b0e44e7ad5e1a5a01f1aa1cba49acdbfc915,2,13,1,1:1,654,164,0.5,0.802647233789411,0.7321665675205487,0.4643331350410973,0.7764705882352941,0.75,0.8048780487804879,0.17936607160885215,0.44900054100435227,,e3474974719a7c03379f3842f5f95d0ed2107cdd8a6ad009ba26fbebf9498feb,3966191544,1903504230,667876274,3411050692,False
Gradient Boosting,gradient_boosting_06,6,"{""learning_rate"":0.05,""max_depth"":3,""n_estimators"":300}",01fa0f7c1c998c3dcae10bbc9621b0e44e7ad5e1a5a01f1aa1cba49acdbfc915,2,13,2,1:1,654,164,0.5,0.8483045806067817,0.7765462841900231,0.5530925683800463,0.8089887640449438,0.75,0.8780487804878049,0.15070300983050258,0.4767026250483468,,9a349209c7d3b9bd40965068b2a613107212665860e7bbb02addbf0f67e5d1fd,1319135375,2081672424,66402786,1633975599,False
Gradient Boosting,gradient_boosting_06,6,"{""learning_rate"":0.05,""max_depth"":3,""n_estimators"":300}",01fa0f7c1c998c3dcae10bbc9621b0e44e7ad5e1a5a01f1aa1cba49acdbfc915,2,13,3,1:1,654,164,0.5,0.8533610945865556,0.8048257128481586,0.6096514256963173,0.8222222222222222,0.7551020408163265,0.9024390243902439,0.14440851550057465,0.4552317920024507,,d3ae34fbcfb73c5a1be0c96ad00e7eec3433eb478aea0c91dd2163d7870a83ad,2293279620,3028097891,2933952375,4053831653,False
Gradient Boosting,gradient_boosting_06,6,"{""learning_rate"":0.05,""max_depth"":3,""n_estimators"":300}",01fa0f7c1c998c3dcae10bbc9621b0e44e7ad5e1a5a01f1aa1cba49acdbfc915,2,13,4,1:1,656,162,0.5,0.8696844993141288,0.8090020581353717,0.6180041162707435,0.8143712574850299,0.7906976744186046,0.8395061728395061,0.14028347519837936,0.4342290830099955,,253211c36a4e03f7beb1ba4c6fb38a30d71faa649d183e5779b5f27efb6ce6bf,3410040530,245057234,532155413,762879727,False
Gradient Boosting,gradient_boosting_07,7,"{""learning_rate"":0.03,""max_depth"":4,""n_estimators"":300}",1a6792f55fcf3e1aaa0ddd8fe85bd3737c02e3cbc800f2f5aab15f495afc1035,0,42,0,1:1,654,164,0.5,0.8709101725163593,0.8474242631991884,0.6948485263983768,0.8022598870056498,0.7473684210526316,0.8658536585365854,0.1424534810299958,0.5600643340148963,,b9f1edb670a53afef5f4c085e90bf5e13a41156251f6667b1a65871f2c4c47e0,1973658644,3715151037,233149161,2399526814,False
Gradient Boosting,gradient_boosting_07,7,"{""learning_rate"":0.03,""max_depth"":4,""n_estimators"":300}",1a6792f55fcf3e1aaa0ddd8fe85bd3737c02e3cbc800f2f5aab15f495afc1035,0,42,1,1:1,654,164,0.5,0.8304580606781677,0.8099845843899633,0.6199691687799267,0.7597765363128491,0.7010309278350515,0.8292682926829268,0.16756975075750244,0.5999170420109294,,c59d36017adea2f05186de3822c3dd8c95d35f359f7ff35c586a14db623a3103,2786658438,2191900349,3517737438,2371526345,False
Gradient Boosting,gradient_boosting_07,7,"{""learning_rate"":0.03,""max_depth"":4,""n_estimators"":300}",1a6792f55fcf3e1aaa0ddd8fe85bd3737c02e3cbc800f2f5aab15f495afc1035,0,42,2,1:1,654,164,0.5,0.8402736466389055,0.8086347857821596,0.6172695715643193,0.7978723404255319,0.7075471698113207,0.9146341463414634,0.1540052068473042,0.5938871250255033,,091c82241439a2f22ad7066be22112027623cd7401cf37ff3920d078a7a913e2,1888399133,2010463502,629780227,48921201,False
Gradient Boosting,gradient_boosting_07,7,"{""learning_rate"":0.03,""max_depth"":4,""n_estimators"":300}",1a6792f55fcf3e1aaa0ddd8fe85bd3737c02e3cbc800f2f5aab15f495afc1035,0,42,3,1:1,654,164,0.5,0.8552944675788222,0.8219345749687862,0.6438691499375724,0.783625730994152,0.7528089887640449,0.8170731707317073,0.15325874226576885,0.6380509160226211,,971bb2c8d0b3b7495acb94f62ea8741d4ff4e6e52c17cfe1f97b50e8801a1513,1161336969,599905126,3703496083,230894654,False
Gradient Boosting,gradient_boosting_07,7,"{""learning_rate"":0.03,""max_depth"":4,""n_estimators"":300}",1a6792f55fcf3e1aaa0ddd8fe85bd3737c02e3cbc800f2f5aab15f495afc1035,0,42,4,1:1,656,162,0.5,0.8180155464106081,0.75577907129463,0.5115581425892599,0.7734806629834254,0.7,0.8641975308641975,0.17184835702888335,0.5389622909715399,,78610b63b09a3b3be6828cac4d903ead2c4bc5386d421ebf8e60227a9040ab96,1001834057,624141303,515383750,972393367,False
Gradient Boosting,gradient_boosting_07,7,"{""learning_rate"":0.03,""max_depth"":4,""n_estimators"":300}",1a6792f55fcf3e1aaa0ddd8fe85bd3737c02e3cbc800f2f5aab15f495afc1035,1,7,0,1:1,654,164,0.5,0.8362581796549673,0.7705445136734222,0.5410890273468445,0.7891891891891892,0.7087378640776699,0.8902439024390244,0.1577037720139822,0.6005867919884622,,74e66c11e57d405efbe19a02f13985423c60121aaf1960175664824578d0255d,2521657055,4094230609,264134123,842399429,False
Gradient Boosting,gradient_boosting_07,7,"{""learning_rate"":0.03,""max_depth"":4,""n_estimators"":300}",1a6792f55fcf3e1aaa0ddd8fe85bd3737c02e3cbc800f2f5aab15f495afc1035,1,7,1,1:1,654,164,0.5,0.8030933967876264,0.7272576018157408,0.4545152036314817,0.8089887640449438,0.75,0.8780487804878049,0.16378904111448256,0.5550134170334786,,850c47286a5ff6cd122bd73c64fe0c130b4f93517aa2f9a4ab0225caa37355f8,3885368634,2431578943,1619142612,2845288631,False
Gradient Boosting,gradient_boosting_07,7,"{""learning_rate"":0.03,""max_depth"":4,""n_estimators"":300}",1a6792f55fcf3e1aaa0ddd8fe85bd3737c02e3cbc800f2f5aab15f495afc1035,1,7,2,1:1,654,164,0.5,0.8573765615704938,0.8337200772633875,0.667440154526775,0.8222222222222222,0.7551020408163265,0.9024390243902439,0.15141563423451482,0.5962799999979325,,a58cdcfd42f13eceb650b4e384e38c15ac3d252fa7a9cf51166f33733bec7373,1974496636,1223099430,3474831427,1753096405,False
Gradient Boosting,gradient_boosting_07,7,"{""learning_rate"":0.03,""max_depth"":4,""n_estimators"":300}",1a6792f55fcf3e1aaa0ddd8fe85bd3737c02e3cbc800f2f5aab15f495afc1035,1,7,3,1:1,654,164,0.5,0.8149910767400357,0.7476426815938646,0.4952853631877292,0.7586206896551724,0.717391304347826,0.8048780487804879,0.16926225892036062,0.5719364170217887,,0787429d108adbb8f716a931370780c2b496f9b4a512b716c8c31ecf6b7c002f,2308674788,3336517605,3055848280,3336201630,False
Gradient Boosting,gradient_boosting_07,7,"{""learning_rate"":0.03,""max_depth"":4,""n_estimators"":300}",1a6792f55fcf3e1aaa0ddd8fe85bd3737c02e3cbc800f2f5aab15f495afc1035,1,7,4,1:1,656,162,0.5,0.8254839201341259,0.7545394361388567,0.5090788722777133,0.7771428571428571,0.723404255319149,0.8395061728395061,0.16164053055941158,0.5817112910444848,,fd5a87140a37ffe54b3e77a354b4bd55b27678e3392d3612bcc974fcd938aac7,26843640,2371250898,2203746204,3425021368,False
Gradient Boosting,gradient_boosting_07,7,"{""learning_rate"":0.03,""max_depth"":4,""n_estimators"":300}",1a6792f55fcf3e1aaa0ddd8fe85bd3737c02e3cbc800f2f5aab15f495afc1035,2,13,0,1:1,654,164,0.5,0.833283759666865,0.7841662779336365,0.5683325558672729,0.7485380116959064,0.7191011235955056,0.7804878048780488,0.16532972121018283,0.5664422089466825,,b1e29c5fe8af2195e9abc0f61c3f3c4d213fca3f89d1193c4a6653fb53126347,4197323642,3493101560,3288021756,261167866,False
Gradient Boosting,gradient_boosting_07,7,"{""learning_rate"":0.03,""max_depth"":4,""n_estimators"":300}",1a6792f55fcf3e1aaa0ddd8fe85bd3737c02e3cbc800f2f5aab15f495afc1035,2,13,1,1:1,654,164,0.5,0.8030933967876264,0.7227454831262927,0.44549096625258544,0.7764705882352941,0.75,0.8048780487804879,0.1791677027149173,0.5875690419925377,,e3474974719a7c03379f3842f5f95d0ed2107cdd8a6ad009ba26fbebf9498feb,3966191544,1903504230,667876274,3411050692,False
Gradient Boosting,gradient_boosting_07,7,"{""learning_rate"":0.03,""max_depth"":4,""n_estimators"":300}",1a6792f55fcf3e1aaa0ddd8fe85bd3737c02e3cbc800f2f5aab15f495afc1035,2,13,2,1:1,654,164,0.5,0.8436942296252231,0.770214544731729,0.540429089463458,0.7955801104972375,0.7272727272727273,0.8780487804878049,0.15368280766808853,0.625102624995634,,9a349209c7d3b9bd40965068b2a613107212665860e7bbb02addbf0f67e5d1fd,1319135375,2081672424,66402786,1633975599,False
Gradient Boosting,gradient_boosting_07,7,"{""learning_rate"":0.03,""max_depth"":4,""n_estimators"":300}",1a6792f55fcf3e1aaa0ddd8fe85bd3737c02e3cbc800f2f5aab15f495afc1035,2,13,3,1:1,654,164,0.5,0.8603509815585961,0.8005888938861522,0.6011777877723044,0.8306010928961749,0.7524752475247525,0.926829268292683,0.14238527988933927,0.5882673340383917,,d3ae34fbcfb73c5a1be0c96ad00e7eec3433eb478aea0c91dd2163d7870a83ad,2293279620,3028097891,2933952375,4053831653,False
Gradient Boosting,gradient_boosting_07,7,"{""learning_rate"":0.03,""max_depth"":4,""n_estimators"":300}",1a6792f55fcf3e1aaa0ddd8fe85bd3737c02e3cbc800f2f5aab15f495afc1035,2,13,4,1:1,656,162,0.5,0.8736473098613017,0.8221230859282611,0.6442461718565222,0.7975460122699386,0.7926829268292683,0.8024691358024691,0.13629659646099465,0.5671845420147292,,253211c36a4e03f7beb1ba4c6fb38a30d71faa649d183e5779b5f27efb6ce6bf,3410040530,245057234,532155413,762879727,False
Gradient Boosting,gradient_boosting_08,8,"{""learning_rate"":0.05,""max_depth"":4,""n_estimators"":300}",f55d85dd7fbcc62ac4507fd5b5c58517b8622c1706b5f2bcf5f4352788932446,0,42,0,1:1,654,164,0.5,0.856335514574658,0.8358578522048213,0.6717157044096427,0.7701149425287356,0.7282608695652174,0.8170731707317073,0.15470801259574848,0.5671187080442905,,b9f1edb670a53afef5f4c085e90bf5e13a41156251f6667b1a65871f2c4c47e0,1973658644,3715151037,233149161,2399526814,False
Gradient Boosting,gradient_boosting_08,8,"{""learning_rate"":0.05,""max_depth"":4,""n_estimators"":300}",f55d85dd7fbcc62ac4507fd5b5c58517b8622c1706b5f2bcf5f4352788932446,0,42,1,1:1,654,164,0.5,0.8309042236763831,0.8019977754590106,0.6039955509180213,0.7640449438202247,0.7083333333333334,0.8292682926829268,0.17685033420901503,0.6006912919692695,,c59d36017adea2f05186de3822c3dd8c95d35f359f7ff35c586a14db623a3103,2786658438,2191900349,3517737438,2371526345,False
Gradient Boosting,gradient_boosting_08,8,"{""learning_rate"":0.05,""max_depth"":4,""n_estimators"":300}",f55d85dd7fbcc62ac4507fd5b5c58517b8622c1706b5f2bcf5f4352788932446,0,42,2,1:1,654,164,0.5,0.8438429506246283,0.810091200244168,0.6201824004883361,0.8,0.7184466019417476,0.9024390243902439,0.15439349002244224,0.6047700000344776,,091c82241439a2f22ad7066be22112027623cd7401cf37ff3920d078a7a913e2,1888399133,2010463502,629780227,48921201,False
Gradient Boosting,gradient_boosting_08,8,"{""learning_rate"":0.05,""max_depth"":4,""n_estimators"":300}",f55d85dd7fbcc62ac4507fd5b5c58517b8622c1706b5f2bcf5f4352788932446,0,42,3,1:1,654,164,0.5,0.8584176085663295,0.8346026153104558,0.6692052306209115,0.7953216374269005,0.7640449438202247,0.8292682926829268,0.1524047788235333,0.642682290985249,,971bb2c8d0b3b7495acb94f62ea8741d4ff4e6e52c17cfe1f97b50e8801a1513,1161336969,599905126,3703496083,230894654,False
Gradient Boosting,gradient_boosting_08,8,"{""learning_rate"":0.05,""max_depth"":4,""n_estimators"":300}",f55d85dd7fbcc62ac4507fd5b5c58517b8622c1706b5f2bcf5f4352788932446,0,42,4,1:1,656,162,0.5,0.8163389727175736,0.760233481098882,0.520466962197764,0.770949720670391,0.7040816326530612,0.8518518518518519,0.17827691821932018,0.5384950840380043,,78610b63b09a3b3be6828cac4d903ead2c4bc5386d421ebf8e60227a9040ab96,1001834057,624141303,515383750,972393367,False
Gradient Boosting,gradient_boosting_08,8,"{""learning_rate"":0.05,""max_depth"":4,""n_estimators"":300}",f55d85dd7fbcc62ac4507fd5b5c58517b8622c1706b5f2bcf5f4352788932446,1,7,0,1:1,654,164,0.5,0.8417608566329566,0.7674402277820446,0.5348804555640891,0.7845303867403315,0.7171717171717171,0.8658536585365854,0.15538515573579034,0.6029118339647539,,74e66c11e57d405efbe19a02f13985423c60121aaf1960175664824578d0255d,2521657055,4094230609,264134123,842399429,False
Gradient Boosting,gradient_boosting_08,8,"{""learning_rate"":0.05,""max_depth"":4,""n_estimators"":300}",f55d85dd7fbcc62ac4507fd5b5c58517b8622c1706b5f2bcf5f4352788932446,1,7,1,1:1,654,164,0.5,0.8016061867935753,0.7365028180174482,0.4730056360348964,0.8089887640449438,0.75,0.8780487804878049,0.17078398413698048,0.5616075409925543,,850c47286a5ff6cd122bd73c64fe0c130b4f93517aa2f9a4ab0225caa37355f8,3885368634,2431578943,1619142612,2845288631,False
Gradient Boosting,gradient_boosting_08,8,"{""learning_rate"":0.05,""max_depth"":4,""n_estimators"":300}",f55d85dd7fbcc62ac4507fd5b5c58517b8622c1706b5f2bcf5f4352788932446,1,7,2,1:1,654,164,0.5,0.8590124925639501,0.8416586198274028,0.6833172396548055,0.797752808988764,0.7395833333333334,0.8658536585365854,0.15676351631829763,0.6431623750249855,,a58cdcfd42f13eceb650b4e384e38c15ac3d252fa7a9cf51166f33733bec7373,1974496636,1223099430,3474831427,1753096405,False
Gradient Boosting,gradient_boosting_08,8,"{""learning_rate"":0.05,""max_depth"":4,""n_estimators"":300}",f55d85dd7fbcc62ac4507fd5b5c58517b8622c1706b5f2bcf5f4352788932446,1,7,3,1:1,654,164,0.5,0.8166270077334921,0.7362874429595432,0.47257488591908636,0.7701149425287356,0.7282608695652174,0.8170731707317073,0.17275446881602183,0.5580234999652021,,0787429d108adbb8f716a931370780c2b496f9b4a512b716c8c31ecf6b7c002f,2308674788,3336517605,3055848280,3336201630,False
Gradient Boosting,gradient_boosting_08,8,"{""learning_rate"":0.05,""max_depth"":4,""n_estimators"":300}",f55d85dd7fbcc62ac4507fd5b5c58517b8622c1706b5f2bcf5f4352788932446,1,7,4,1:1,656,162,0.5,0.8235025148605396,0.7663528704588658,0.5327057409177316,0.7657142857142857,0.7127659574468085,0.8271604938271605,0.16912754230237062,0.5769562079804018,,fd5a87140a37ffe54b3e77a354b4bd55b27678e3392d3612bcc974fcd938aac7,26843640,2371250898,2203746204,3425021368,False
Gradient Boosting,gradient_boosting_08,8,"{""learning_rate"":0.05,""max_depth"":4,""n_estimators"":300}",f55d85dd7fbcc62ac4507fd5b5c58517b8622c1706b5f2bcf5f4352788932446,2,13,0,1:1,654,164,0.5,0.8346222486615109,0.7861153939470307,0.5722307878940613,0.7701149425287356,0.7282608695652174,0.8170731707317073,0.1681609994875602,0.5678242080030032,,b1e29c5fe8af2195e9abc0f61c3f3c4d213fca3f89d1193c4a6653fb53126347,4197323642,3493101560,3288021756,261167866,False
Gradient Boosting,gradient_boosting_08,8,"{""learning_rate"":0.05,""max_depth"":4,""n_estimators"":300}",f55d85dd7fbcc62ac4507fd5b5c58517b8622c1706b5f2bcf5f4352788932446,2,13,1,1:1,654,164,0.5,0.7971445568114217,0.7142666531520377,0.4285333063040755,0.7745664739884393,0.7362637362637363,0.8170731707317073,0.18759372381070397,0.5937465419992805,,e3474974719a7c03379f3842f5f95d0ed2107cdd8a6ad009ba26fbebf9498feb,3966191544,1903504230,667876274,3411050692,False
Gradient Boosting,gradient_boosting_08,8,"{""learning_rate"":0.05,""max_depth"":4,""n_estimators"":300}",f55d85dd7fbcc62ac4507fd5b5c58517b8622c1706b5f2bcf5f4352788932446,2,13,2,1:1,654,164,0.5,0.8428019036287924,0.761086919322222,0.5221738386444441,0.8,0.7346938775510204,0.8780487804878049,0.15635096118981132,0.6382348330225796,,9a349209c7d3b9bd40965068b2a613107212665860e7bbb02addbf0f67e5d1fd,1319135375,2081672424,66402786,1633975599,False
Gradient Boosting,gradient_boosting_08,8,"{""learning_rate"":0.05,""max_depth"":4,""n_estimators"":300}",f55d85dd7fbcc62ac4507fd5b5c58517b8622c1706b5f2bcf5f4352788932446,2,13,3,1:1,654,164,0.5,0.8538072575847709,0.7759860881418664,0.5519721762837329,0.819672131147541,0.7425742574257426,0.9146341463414634,0.1450170611937492,0.5979189170175232,,d3ae34fbcfb73c5a1be0c96ad00e7eec3433eb478aea0c91dd2163d7870a83ad,2293279620,3028097891,2933952375,4053831653,False
Gradient Boosting,gradient_boosting_08,8,"{""learning_rate"":0.05,""max_depth"":4,""n_estimators"":300}",f55d85dd7fbcc62ac4507fd5b5c58517b8622c1706b5f2bcf5f4352788932446,2,13,4,1:1,656,162,0.5,0.8693796677335772,0.8032079608419569,0.6064159216839138,0.8023952095808383,0.7790697674418605,0.8271604938271605,0.13905411562255912,0.5628528749803081,,253211c36a4e03f7beb1ba4c6fb38a30d71faa649d183e5779b5f27efb6ce6bf,3410040530,245057234,532155413,762879727,False
Gradient Boosting,gradient_boosting_09,9,"{""learning_rate"":0.03,""max_depth"":3,""n_estimators"":500}",a214318751f9b090bb43d21b64cb6179664c19130100e04f717d6f526aee91fc,0,42,0,1:1,654,164,0.5,0.8561867935752528,0.8331442936952759,0.6662885873905517,0.7909604519774012,0.7368421052631579,0.8536585365853658,0.14953682727497422,0.709937333012931,,b9f1edb670a53afef5f4c085e90bf5e13a41156251f6667b1a65871f2c4c47e0,1973658644,3715151037,233149161,2399526814,False
Gradient Boosting,gradient_boosting_09,9,"{""learning_rate"":0.03,""max_depth"":3,""n_estimators"":500}",a214318751f9b090bb43d21b64cb6179664c19130100e04f717d6f526aee91fc,0,42,1,1:1,654,164,0.5,0.8233194527067221,0.8091945718212872,0.6183891436425744,0.7457627118644068,0.6947368421052632,0.8048780487804879,0.17351488944904628,0.7683969999779947,,c59d36017adea2f05186de3822c3dd8c95d35f359f7ff35c586a14db623a3103,2786658438,2191900349,3517737438,2371526345,False
Gradient Boosting,gradient_boosting_09,9,"{""learning_rate"":0.03,""max_depth"":3,""n_estimators"":500}",a214318751f9b090bb43d21b64cb6179664c19130100e04f717d6f526aee91fc,0,42,2,1:1,654,164,0.5,0.8410172516359311,0.8141369120612977,0.6282738241225954,0.7936507936507936,0.7009345794392523,0.9146341463414634,0.15248666007819606,0.7677662079804577,,091c82241439a2f22ad7066be22112027623cd7401cf37ff3920d078a7a913e2,1888399133,2010463502,629780227,48921201,False
Gradient Boosting,gradient_boosting_09,9,"{""learning_rate"":0.03,""max_depth"":3,""n_estimators"":500}",a214318751f9b090bb43d21b64cb6179664c19130100e04f717d6f526aee91fc,0,42,3,1:1,654,164,0.5,0.8593099345627603,0.8171174926997818,0.6342349853995637,0.783625730994152,0.7528089887640449,0.8170731707317073,0.14937260610358902,0.8112832499900833,,971bb2c8d0b3b7495acb94f62ea8741d4ff4e6e52c17cfe1f97b50e8801a1513,1161336969,599905126,3703496083,230894654,False
Gradient Boosting,gradient_boosting_09,9,"{""learning_rate"":0.03,""max_depth"":3,""n_estimators"":500}",a214318751f9b090bb43d21b64cb6179664c19130100e04f717d6f526aee91fc,0,42,4,1:1,656,162,0.5,0.8257887517146776,0.7749942306429295,0.549988461285859,0.7821229050279329,0.7142857142857143,0.8641975308641975,0.1723238576908456,0.6832965409848839,,78610b63b09a3b3be6828cac4d903ead2c4bc5386d421ebf8e60227a9040ab96,1001834057,624141303,515383750,972393367,False
Gradient Boosting,gradient_boosting_09,9,"{""learning_rate"":0.03,""max_depth"":3,""n_estimators"":500}",a214318751f9b090bb43d21b64cb6179664c19130100e04f717d6f526aee91fc,1,7,0,1:1,654,164,0.5,0.832093991671624,0.7749917225884875,0.549983445176975,0.7912087912087912,0.72,0.8780487804878049,0.1578638809190473,0.7606722499476746,,74e66c11e57d405efbe19a02f13985423c60121aaf1960175664824578d0255d,2521657055,4094230609,264134123,842399429,False
Gradient Boosting,gradient_boosting_09,9,"{""learning_rate"":0.03,""max_depth"":3,""n_estimators"":500}",a214318751f9b090bb43d21b64cb6179664c19130100e04f717d6f526aee91fc,1,7,1,1:1,654,164,0.5,0.8105294467578823,0.7357895927573894,0.47157918551477884,0.7954545454545454,0.7446808510638298,0.8536585365853658,0.16323065647472212,0.705172499991022,,850c47286a5ff6cd122bd73c64fe0c130b4f93517aa2f9a4ab0225caa37355f8,3885368634,2431578943,1619142612,2845288631,False
Gradient Boosting,gradient_boosting_09,9,"{""learning_rate"":0.03,""max_depth"":3,""n_estimators"":500}",a214318751f9b090bb43d21b64cb6179664c19130100e04f717d6f526aee91fc,1,7,2,1:1,654,164,0.5,0.8570791195716836,0.837664013762496,0.675328027524992,0.8044692737430168,0.7422680412371134,0.8780487804878049,0.1554085164004501,0.7589926669606939,,a58cdcfd42f13eceb650b4e384e38c15ac3d252fa7a9cf51166f33733bec7373,1974496636,1223099430,3474831427,1753096405,False
Gradient Boosting,gradient_boosting_09,9,"{""learning_rate"":0.03,""max_depth"":3,""n_estimators"":500}",a214318751f9b090bb43d21b64cb6179664c19130100e04f717d6f526aee91fc,1,7,3,1:1,654,164,0.5,0.8059190957763236,0.7342084696421568,0.4684169392843136,0.7542857142857143,0.7096774193548387,0.8048780487804879,0.1755470426046716,0.6999626669567078,,0787429d108adbb8f716a931370780c2b496f9b4a512b716c8c31ecf6b7c002f,2308674788,3336517605,3055848280,3336201630,False
Gradient Boosting,gradient_boosting_09,9,"{""learning_rate"":0.03,""max_depth"":3,""n_estimators"":500}",a214318751f9b090bb43d21b64cb6179664c19130100e04f717d6f526aee91fc,1,7,4,1:1,656,162,0.5,0.828989483310471,0.7577512429592297,0.5155024859184594,0.7865168539325843,0.7216494845360825,0.8641975308641975,0.16029666598573775,0.7266082080313936,,fd5a87140a37ffe54b3e77a354b4bd55b27678e3392d3612bcc974fcd938aac7,26843640,2371250898,2203746204,3425021368,False
Gradient Boosting,gradient_boosting_09,9,"{""learning_rate"":0.03,""max_depth"":3,""n_estimators"":500}",a214318751f9b090bb43d21b64cb6179664c19130100e04f717d6f526aee91fc,2,13,0,1:1,654,164,0.5,0.8283759666864962,0.7767210666014503,0.5534421332029007,0.7337278106508875,0.7126436781609196,0.7560975609756098,0.170626742721326,0.7114082499756478,,b1e29c5fe8af2195e9abc0f61c3f3c4d213fca3f89d1193c4a6653fb53126347,4197323642,3493101560,3288021756,261167866,False
Gradient Boosting,gradient_boosting_09,9,"{""learning_rate"":0.03,""max_depth"":3,""n_estimators"":500}",a214318751f9b090bb43d21b64cb6179664c19130100e04f717d6f526aee91fc,2,13,1,1:1,654,164,0.5,0.8008625817965496,0.7255377642055747,0.4510755284111494,0.7764705882352941,0.75,0.8048780487804879,0.1817245161886328,0.7445844589965418,,e3474974719a7c03379f3842f5f95d0ed2107cdd8a6ad009ba26fbebf9498feb,3966191544,1903504230,667876274,3411050692,False
Gradient Boosting,gradient_boosting_09,9,"{""learning_rate"":0.03,""max_depth"":3,""n_estimators"":500}",a214318751f9b090bb43d21b64cb6179664c19130100e04f717d6f526aee91fc,2,13,2,1:1,654,164,0.5,0.8448839976204641,0.7885520694217111,0.5771041388434222,0.7955801104972375,0.7272727272727273,0.8780487804878049,0.15584370602574754,0.7956908329506405,,9a349209c7d3b9bd40965068b2a613107212665860e7bbb02addbf0f67e5d1fd,1319135375,2081672424,66402786,1633975599,False
Gradient Boosting,gradient_boosting_09,9,"{""learning_rate"":0.03,""max_depth"":3,""n_estimators"":500}",a214318751f9b090bb43d21b64cb6179664c19130100e04f717d6f526aee91fc,2,13,3,1:1,654,164,0.5,0.8606484235574063,0.8149086643128027,0.6298173286256055,0.8287292817679558,0.7575757575757576,0.9146341463414634,0.14323511118574428,0.7540710410103202,,d3ae34fbcfb73c5a1be0c96ad00e7eec3433eb478aea0c91dd2163d7870a83ad,2293279620,3028097891,2933952375,4053831653,False
Gradient Boosting,gradient_boosting_09,9,"{""learning_rate"":0.03,""max_depth"":3,""n_estimators"":500}",a214318751f9b090bb43d21b64cb6179664c19130100e04f717d6f526aee91fc,2,13,4,1:1,656,162,0.5,0.8742569730224051,0.8163192532287707,0.6326385064575415,0.8047337278106509,0.7727272727272727,0.8395061728395061,0.13647705813909164,0.7357991249882616,,253211c36a4e03f7beb1ba4c6fb38a30d71faa649d183e5779b5f27efb6ce6bf,3410040530,245057234,532155413,762879727,False
Gradient Boosting,gradient_boosting_10,10,"{""learning_rate"":0.05,""max_depth"":3,""n_estimators"":500}",0a2099d856937a1d65e74e799c5063cf6d14b0002660429dab2027ac456ba8cc,0,42,0,1:1,654,164,0.5,0.8481558596073766,0.8308996832380557,0.6617993664761115,0.7558139534883721,0.7222222222222222,0.7926829268292683,0.15987035356152454,0.7106127080041915,,b9f1edb670a53afef5f4c085e90bf5e13a41156251f6667b1a65871f2c4c47e0,1973658644,3715151037,233149161,2399526814,False
Gradient Boosting,gradient_boosting_10,10,"{""learning_rate"":0.05,""max_depth"":3,""n_estimators"":500}",0a2099d856937a1d65e74e799c5063cf6d14b0002660429dab2027ac456ba8cc,0,42,1,1:1,654,164,0.5,0.821832242712671,0.7865521245444551,0.5731042490889102,0.7386363636363636,0.6914893617021277,0.7926829268292683,0.1834204660373823,0.7649392500170507,,c59d36017adea2f05186de3822c3dd8c95d35f359f7ff35c586a14db623a3103,2786658438,2191900349,3517737438,2371526345,False
Gradient Boosting,gradient_boosting_10,10,"{""learning_rate"":0.05,""max_depth"":3,""n_estimators"":500}",0a2099d856937a1d65e74e799c5063cf6d14b0002660429dab2027ac456ba8cc,0,42,2,1:1,654,164,0.5,0.8341760856632957,0.7988616390901404,0.5977232781802808,0.8021390374331551,0.7142857142857143,0.9146341463414634,0.16027718916513461,0.7607849999913014,,091c82241439a2f22ad7066be22112027623cd7401cf37ff3920d078a7a913e2,1888399133,2010463502,629780227,48921201,False
Gradient Boosting,gradient_boosting_10,10,"{""learning_rate"":0.05,""max_depth"":3,""n_estimators"":500}",0a2099d856937a1d65e74e799c5063cf6d14b0002660429dab2027ac456ba8cc,0,42,3,1:1,654,164,0.5,0.8560380725758477,0.820984206471996,0.641968412943992,0.8,0.7727272727272727,0.8292682926829268,0.15378493292915518,0.8081477909581736,,971bb2c8d0b3b7495acb94f62ea8741d4ff4e6e52c17cfe1f97b50e8801a1513,1161336969,599905126,3703496083,230894654,False
Gradient Boosting,gradient_boosting_10,10,"{""learning_rate"":0.05,""max_depth"":3,""n_estimators"":500}",0a2099d856937a1d65e74e799c5063cf6d14b0002660429dab2027ac456ba8cc,0,42,4,1:1,656,162,0.5,0.8174058832495046,0.7627806987331549,0.5255613974663098,0.768361581920904,0.7083333333333334,0.8395061728395061,0.1814224575657874,0.686868124990724,,78610b63b09a3b3be6828cac4d903ead2c4bc5386d421ebf8e60227a9040ab96,1001834057,624141303,515383750,972393367,False
Gradient Boosting,gradient_boosting_10,10,"{""learning_rate"":0.05,""max_depth"":3,""n_estimators"":500}",0a2099d856937a1d65e74e799c5063cf6d14b0002660429dab2027ac456ba8cc,1,7,0,1:1,654,164,0.5,0.8280785246876858,0.775252771788805,0.5505055435776101,0.7955801104972375,0.7272727272727273,0.8780487804878049,0.1631534192490131,0.757193291967269,,74e66c11e57d405efbe19a02f13985423c60121aaf1960175664824578d0255d,2521657055,4094230609,264134123,842399429,False
Gradient Boosting,gradient_boosting_10,10,"{""learning_rate"":0.05,""max_depth"":3,""n_estimators"":500}",0a2099d856937a1d65e74e799c5063cf6d14b0002660429dab2027ac456ba8cc,1,7,1,1:1,654,164,0.5,0.7987804878048781,0.721844324431402,0.443688648862804,0.8045977011494253,0.7608695652173914,0.8536585365853658,0.17412836231359466,0.7070216669817455,,850c47286a5ff6cd122bd73c64fe0c130b4f93517aa2f9a4ab0225caa37355f8,3885368634,2431578943,1619142612,2845288631,False
Gradient Boosting,gradient_boosting_10,10,"{""learning_rate"":0.05,""max_depth"":3,""n_estimators"":500}",0a2099d856937a1d65e74e799c5063cf6d14b0002660429dab2027ac456ba8cc,1,7,2,1:1,654,164,0.5,0.8514277215942891,0.8178055173599692,0.6356110347199384,0.8089887640449438,0.75,0.8780487804878049,0.16065184895564366,0.7580982910003513,,a58cdcfd42f13eceb650b4e384e38c15ac3d252fa7a9cf51166f33733bec7373,1974496636,1223099430,3474831427,1753096405,False
Gradient Boosting,gradient_boosting_10,10,"{""learning_rate"":0.05,""max_depth"":3,""n_estimators"":500}",0a2099d856937a1d65e74e799c5063cf6d14b0002660429dab2027ac456ba8cc,1,7,3,1:1,654,164,0.5,0.8072575847709696,0.7342025070561027,0.46840501411220536,0.7542857142857143,0.7096774193548387,0.8048780487804879,0.18525818024734333,0.7147468749899417,,0787429d108adbb8f716a931370780c2b496f9b4a512b716c8c31ecf6b7c002f,2308674788,3336517605,3055848280,3336201630,False
Gradient Boosting,gradient_boosting_10,10,"{""learning_rate"":0.05,""max_depth"":3,""n_estimators"":500}",0a2099d856937a1d65e74e799c5063cf6d14b0002660429dab2027ac456ba8cc,1,7,4,1:1,656,162,0.5,0.8183203779911599,0.7577698900749207,0.5155397801498414,0.770949720670391,0.7040816326530612,0.8518518518518519,0.17458742225318058,0.7290490829618648,,fd5a87140a37ffe54b3e77a354b4bd55b27678e3392d3612bcc974fcd938aac7,26843640,2371250898,2203746204,3425021368,False
Gradient Boosting,gradient_boosting_10,10,"{""learning_rate"":0.05,""max_depth"":3,""n_estimators"":500}",0a2099d856937a1d65e74e799c5063cf6d14b0002660429dab2027ac456ba8cc,2,13,0,1:1,654,164,0.5,0.8242117787031529,0.765081545241128,0.5301630904822561,0.7630057803468208,0.7252747252747253,0.8048780487804879,0.17631966823711218,0.7108729999745265,,b1e29c5fe8af2195e9abc0f61c3f3c4d213fca3f89d1193c4a6653fb53126347,4197323642,3493101560,3288021756,261167866,False
Gradient Boosting,gradient_boosting_10,10,"{""learning_rate"":0.05,""max_depth"":3,""n_estimators"":500}",0a2099d856937a1d65e74e799c5063cf6d14b0002660429dab2027ac456ba8cc,2,13,1,1:1,654,164,0.5,0.8022010707911957,0.7386395220131629,0.4772790440263257,0.7692307692307693,0.7471264367816092,0.7926829268292683,0.18595191172614797,0.7421141670201905,,e3474974719a7c03379f3842f5f95d0ed2107cdd8a6ad009ba26fbebf9498feb,3966191544,1903504230,667876274,3411050692,False
Gradient Boosting,gradient_boosting_10,10,"{""learning_rate"":0.05,""max_depth"":3,""n_estimators"":500}",0a2099d856937a1d65e74e799c5063cf6d14b0002660429dab2027ac456ba8cc,2,13,2,1:1,654,164,0.5,0.8426531826293873,0.7702255227871497,0.5404510455742995,0.8066298342541437,0.7373737373737373,0.8902439024390244,0.15880638058277208,0.7943925409927033,,9a349209c7d3b9bd40965068b2a613107212665860e7bbb02addbf0f67e5d1fd,1319135375,2081672424,66402786,1633975599,False
Gradient Boosting,gradient_boosting_10,10,"{""learning_rate"":0.05,""max_depth"":3,""n_estimators"":500}",0a2099d856937a1d65e74e799c5063cf6d14b0002660429dab2027ac456ba8cc,2,13,3,1:1,654,164,0.5,0.8514277215942891,0.8019470933151736,0.6038941866303471,0.8176795580110497,0.7474747474747475,0.9024390243902439,0.1462447844799675,0.7502702500205487,,d3ae34fbcfb73c5a1be0c96ad00e7eec3433eb478aea0c91dd2163d7870a83ad,2293279620,3028097891,2933952375,4053831653,False
Gradient Boosting,gradient_boosting_10,10,"{""learning_rate"":0.05,""max_depth"":3,""n_estimators"":500}",0a2099d856937a1d65e74e799c5063cf6d14b0002660429dab2027ac456ba8cc,2,13,4,1:1,656,162,0.5,0.8693796677335772,0.8152874457290415,0.6305748914580831,0.8192771084337349,0.8,0.8395061728395061,0.14095808200075813,0.7224859170382842,,253211c36a4e03f7beb1ba4c6fb38a30d71faa649d183e5779b5f27efb6ce6bf,3410040530,245057234,532155413,762879727,False
Gradient Boosting,gradient_boosting_11,11,"{""learning_rate"":0.03,""max_depth"":4,""n_estimators"":500}",587f634d0a2c17a5c3efe9331bff3242271393eeae20bf65e69d8c5a691b6c56,0,42,0,1:1,654,164,0.5,0.8649613325401546,0.8461012744357288,0.6922025488714576,0.7931034482758621,0.75,0.8414634146341463,0.14793027412816986,0.9305577499908395,,b9f1edb670a53afef5f4c085e90bf5e13a41156251f6667b1a65871f2c4c47e0,1973658644,3715151037,233149161,2399526814,False
Gradient Boosting,gradient_boosting_11,11,"{""learning_rate"":0.03,""max_depth"":4,""n_estimators"":500}",587f634d0a2c17a5c3efe9331bff3242271393eeae20bf65e69d8c5a691b6c56,0,42,1,1:1,654,164,0.5,0.8295657346817371,0.8057726072933522,0.6115452145867044,0.75,0.7021276595744681,0.8048780487804879,0.1758472173601837,1.0084303749608807,,c59d36017adea2f05186de3822c3dd8c95d35f359f7ff35c586a14db623a3103,2786658438,2191900349,3517737438,2371526345,False
Gradient Boosting,gradient_boosting_11,11,"{""learning_rate"":0.03,""max_depth"":4,""n_estimators"":500}",587f634d0a2c17a5c3efe9331bff3242271393eeae20bf65e69d8c5a691b6c56,0,42,2,1:1,654,164,0.5,0.842355740630577,0.8117146134271535,0.6234292268543069,0.7978723404255319,0.7075471698113207,0.9146341463414634,0.15712404759503382,0.9908240409567952,,091c82241439a2f22ad7066be22112027623cd7401cf37ff3920d078a7a913e2,1888399133,2010463502,629780227,48921201,False
Gradient Boosting,gradient_boosting_11,11,"{""learning_rate"":0.03,""max_depth"":4,""n_estimators"":500}",587f634d0a2c17a5c3efe9331bff3242271393eeae20bf65e69d8c5a691b6c56,0,42,3,1:1,654,164,0.5,0.8555919095776323,0.8289191712260614,0.6578383424521228,0.7953216374269005,0.7640449438202247,0.8292682926829268,0.15606177779301997,1.0677011659718119,,971bb2c8d0b3b7495acb94f62ea8741d4ff4e6e52c17cfe1f97b50e8801a1513,1161336969,599905126,3703496083,230894654,False
Gradient Boosting,gradient_boosting_11,11,"{""learning_rate"":0.03,""max_depth"":4,""n_estimators"":500}",587f634d0a2c17a5c3efe9331bff3242271393eeae20bf65e69d8c5a691b6c56,0,42,4,1:1,656,162,0.5,0.8132906569120562,0.7477651029293192,0.4955302058586384,0.7752808988764045,0.711340206185567,0.8518518518518519,0.18081890418334026,0.8949672500020824,,78610b63b09a3b3be6828cac4d903ead2c4bc5386d421ebf8e60227a9040ab96,1001834057,624141303,515383750,972393367,False
Gradient Boosting,gradient_boosting_11,11,"{""learning_rate"":0.03,""max_depth"":4,""n_estimators"":500}",587f634d0a2c17a5c3efe9331bff3242271393eeae20bf65e69d8c5a691b6c56,1,7,0,1:1,654,164,0.5,0.8361094586555622,0.776056560812862,0.552113121625724,0.7912087912087912,0.72,0.8780487804878049,0.16116764915086756,1.0049163329531439,,74e66c11e57d405efbe19a02f13985423c60121aaf1960175664824578d0255d,2521657055,4094230609,264134123,842399429,False
Gradient Boosting,gradient_boosting_11,11,"{""learning_rate"":0.03,""max_depth"":4,""n_estimators"":500}",587f634d0a2c17a5c3efe9331bff3242271393eeae20bf65e69d8c5a691b6c56,1,7,1,1:1,654,164,0.5,0.8032421177870315,0.7359197819125587,0.4718395638251174,0.8156424581005587,0.7525773195876289,0.8902439024390244,0.1684611133327471,0.92974154104013,,850c47286a5ff6cd122bd73c64fe0c130b4f93517aa2f9a4ab0225caa37355f8,3885368634,2431578943,1619142612,2845288631,False
Gradient Boosting,gradient_boosting_11,11,"{""learning_rate"":0.03,""max_depth"":4,""n_estimators"":500}",587f634d0a2c17a5c3efe9331bff3242271393eeae20bf65e69d8c5a691b6c56,1,7,2,1:1,654,164,0.5,0.8594586555621655,0.8335672590914271,0.6671345181828543,0.8156424581005587,0.7525773195876289,0.8902439024390244,0.15388843280311423,1.0106310410192236,,a58cdcfd42f13eceb650b4e384e38c15ac3d252fa7a9cf51166f33733bec7373,1974496636,1223099430,3474831427,1753096405,False
Gradient Boosting,gradient_boosting_11,11,"{""learning_rate"":0.03,""max_depth"":4,""n_estimators"":500}",587f634d0a2c17a5c3efe9331bff3242271393eeae20bf65e69d8c5a691b6c56,1,7,3,1:1,654,164,0.5,0.8105294467578822,0.741987290314853,0.483974580629706,0.7441860465116279,0.7111111111111111,0.7804878048780488,0.179196984462803,0.9237147499807179,,0787429d108adbb8f716a931370780c2b496f9b4a512b716c8c31ecf6b7c002f,2308674788,3336517605,3055848280,3336201630,False
Gradient Boosting,gradient_boosting_11,11,"{""learning_rate"":0.03,""max_depth"":4,""n_estimators"":500}",587f634d0a2c17a5c3efe9331bff3242271393eeae20bf65e69d8c5a691b6c56,1,7,4,1:1,656,162,0.5,0.8236549306508154,0.7485376946525177,0.4970753893050355,0.7771428571428571,0.723404255319149,0.8395061728395061,0.16770820459017335,0.9616346249822527,,fd5a87140a37ffe54b3e77a354b4bd55b27678e3392d3612bcc974fcd938aac7,26843640,2371250898,2203746204,3425021368,False
Gradient Boosting,gradient_boosting_11,11,"{""learning_rate"":0.03,""max_depth"":4,""n_estimators"":500}",587f634d0a2c17a5c3efe9331bff3242271393eeae20bf65e69d8c5a691b6c56,2,13,0,1:1,654,164,0.5,0.8329863176680548,0.7782402751203723,0.5564805502407446,0.7630057803468208,0.7252747252747253,0.8048780487804879,0.16921336355211977,0.929884624958504,,b1e29c5fe8af2195e9abc0f61c3f3c4d213fca3f89d1193c4a6653fb53126347,4197323642,3493101560,3288021756,261167866,False
Gradient Boosting,gradient_boosting_11,11,"{""learning_rate"":0.03,""max_depth"":4,""n_estimators"":500}",587f634d0a2c17a5c3efe9331bff3242271393eeae20bf65e69d8c5a691b6c56,2,13,1,1:1,654,164,0.5,0.8005651397977394,0.7286133216776216,0.4572266433552432,0.7719298245614035,0.7415730337078652,0.8048780487804879,0.18744028873512017,0.9910299169714563,,e3474974719a7c03379f3842f5f95d0ed2107cdd8a6ad009ba26fbebf9498feb,3966191544,1903504230,667876274,3411050692,False
Gradient Boosting,gradient_boosting_11,11,"{""learning_rate"":0.03,""max_depth"":4,""n_estimators"":500}",587f634d0a2c17a5c3efe9331bff3242271393eeae20bf65e69d8c5a691b6c56,2,13,2,1:1,654,164,0.5,0.8432480666270077,0.7746423426857323,0.5492846853714646,0.7821229050279329,0.7216494845360825,0.8536585365853658,0.15729642086308165,1.041477584047243,,9a349209c7d3b9bd40965068b2a613107212665860e7bbb02addbf0f67e5d1fd,1319135375,2081672424,66402786,1633975599,False
Gradient Boosting,gradient_boosting_11,11,"{""learning_rate"":0.03,""max_depth"":4,""n_estimators"":500}",587f634d0a2c17a5c3efe9331bff3242271393eeae20bf65e69d8c5a691b6c56,2,13,3,1:1,654,164,0.5,0.8557406305770375,0.7921726980920136,0.5843453961840273,0.8216216216216217,0.7378640776699029,0.926829268292683,0.14711927068537914,0.9766865000128746,,d3ae34fbcfb73c5a1be0c96ad00e7eec3433eb478aea0c91dd2163d7870a83ad,2293279620,3028097891,2933952375,4053831653,False
Gradient Boosting,gradient_boosting_11,11,"{""learning_rate"":0.03,""max_depth"":4,""n_estimators"":500}",587f634d0a2c17a5c3efe9331bff3242271393eeae20bf65e69d8c5a691b6c56,2,13,4,1:1,656,162,0.5,0.8763907940862673,0.8299183575927518,0.6598367151855036,0.8143712574850299,0.7906976744186046,0.8395061728395061,0.13580075527786103,0.9428446660167538,,253211c36a4e03f7beb1ba4c6fb38a30d71faa649d183e5779b5f27efb6ce6bf,3410040530,245057234,532155413,762879727,False
Gradient Boosting,gradient_boosting_12,12,"{""learning_rate"":0.05,""max_depth"":4,""n_estimators"":500}",c1b610d460cd152beeaf2c10309a24486b64314f543058041c7c3618fb55add8,0,42,0,1:1,654,164,0.5,0.8541046995835813,0.8364363765106839,0.6728727530213678,0.7790697674418605,0.7444444444444445,0.8170731707317073,0.16131804224470944,0.9284572500037029,,b9f1edb670a53afef5f4c085e90bf5e13a41156251f6667b1a65871f2c4c47e0,1973658644,3715151037,233149161,2399526814,False
Gradient Boosting,gradient_boosting_12,12,"{""learning_rate"":0.05,""max_depth"":4,""n_estimators"":500}",c1b610d460cd152beeaf2c10309a24486b64314f543058041c7c3618fb55add8,0,42,1,1:1,654,164,0.5,0.828375966686496,0.7937996098867091,0.5875992197734181,0.7344632768361582,0.6842105263157895,0.7926829268292683,0.19199563917748944,0.9954445420298725,,c59d36017adea2f05186de3822c3dd8c95d35f359f7ff35c586a14db623a3103,2786658438,2191900349,3517737438,2371526345,False
Gradient Boosting,gradient_boosting_12,12,"{""learning_rate"":0.05,""max_depth"":4,""n_estimators"":500}",c1b610d460cd152beeaf2c10309a24486b64314f543058041c7c3618fb55add8,0,42,2,1:1,654,164,0.5,0.8454788816180845,0.8165123683730733,0.6330247367461466,0.7934782608695652,0.7156862745098039,0.8902439024390244,0.1603193055699357,0.9879877499770373,,091c82241439a2f22ad7066be22112027623cd7401cf37ff3920d078a7a913e2,1888399133,2010463502,629780227,48921201,False
Gradient Boosting,gradient_boosting_12,12,"{""learning_rate"":0.05,""max_depth"":4,""n_estimators"":500}",c1b610d460cd152beeaf2c10309a24486b64314f543058041c7c3618fb55add8,0,42,3,1:1,654,164,0.5,0.8548483045806068,0.8318642904078809,0.6637285808157618,0.7719298245614035,0.7415730337078652,0.8048780487804879,0.15969286612753053,1.0624480000115,,971bb2c8d0b3b7495acb94f62ea8741d4ff4e6e52c17cfe1f97b50e8801a1513,1161336969,599905126,3703496083,230894654,False
Gradient Boosting,gradient_boosting_12,12,"{""learning_rate"":0.05,""max_depth"":4,""n_estimators"":500}",c1b610d460cd152beeaf2c10309a24486b64314f543058041c7c3618fb55add8,0,42,4,1:1,656,162,0.5,0.8032312147538485,0.7433705324584949,0.4867410649169899,0.7640449438202247,0.7010309278350515,0.8395061728395061,0.19153810294952175,0.8912520409794524,,78610b63b09a3b3be6828cac4d903ead2c4bc5386d421ebf8e60227a9040ab96,1001834057,624141303,515383750,972393367,False
Gradient Boosting,gradient_boosting_12,12,"{""learning_rate"":0.05,""max_depth"":4,""n_estimators"":500}",c1b610d460cd152beeaf2c10309a24486b64314f543058041c7c3618fb55add8,1,7,0,1:1,654,164,0.5,0.8377453896490185,0.7657931005750473,0.5315862011500947,0.7912087912087912,0.72,0.8780487804878049,0.161953300431489,0.9952114580082707,,74e66c11e57d405efbe19a02f13985423c60121aaf1960175664824578d0255d,2521657055,4094230609,264134123,842399429,False
Gradient Boosting,gradient_boosting_12,12,"{""learning_rate"":0.05,""max_depth"":4,""n_estimators"":500}",c1b610d460cd152beeaf2c10309a24486b64314f543058041c7c3618fb55add8,1,7,1,1:1,654,164,0.5,0.8042831647828673,0.7592944254231031,0.5185888508462062,0.8,0.7526881720430108,0.8536585365853658,0.17691485200225823,0.9229656670358963,,850c47286a5ff6cd122bd73c64fe0c130b4f93517aa2f9a4ab0225caa37355f8,3885368634,2431578943,1619142612,2845288631,False
Gradient Boosting,gradient_boosting_12,12,"{""learning_rate"":0.05,""max_depth"":4,""n_estimators"":500}",c1b610d460cd152beeaf2c10309a24486b64314f543058041c7c3618fb55add8,1,7,2,1:1,654,164,0.5,0.8596073765615705,0.8381757702720443,0.6763515405440885,0.7954545454545454,0.7446808510638298,0.8536585365853658,0.1622856455124187,0.992474291997496,,a58cdcfd42f13eceb650b4e384e38c15ac3d252fa7a9cf51166f33733bec7373,1974496636,1223099430,3474831427,1753096405,False
Gradient Boosting,gradient_boosting_12,12,"{""learning_rate"":0.05,""max_depth"":4,""n_estimators"":500}",c1b610d460cd152beeaf2c10309a24486b64314f543058041c7c3618fb55add8,1,7,3,1:1,654,164,0.5,0.8071088637715645,0.7265222990100266,0.45304459802005326,0.7674418604651163,0.7333333333333333,0.8048780487804879,0.18717802232742142,0.9277214169851504,,0787429d108adbb8f716a931370780c2b496f9b4a512b716c8c31ecf6b7c002f,2308674788,3336517605,3055848280,3336201630,False
Gradient Boosting,gradient_boosting_12,12,"{""learning_rate"":0.05,""max_depth"":4,""n_estimators"":500}",c1b610d460cd152beeaf2c10309a24486b64314f543058041c7c3618fb55add8,1,7,4,1:1,656,162,0.5,0.8198445358939186,0.7508316855536603,0.5016633711073206,0.7630057803468208,0.717391304347826,0.8148148148148148,0.17902965946527227,0.9530697090085596,,fd5a87140a37ffe54b3e77a354b4bd55b27678e3392d3612bcc974fcd938aac7,26843640,2371250898,2203746204,3425021368,False
Gradient Boosting,gradient_boosting_12,12,"{""learning_rate"":0.05,""max_depth"":4,""n_estimators"":500}",c1b610d460cd152beeaf2c10309a24486b64314f543058041c7c3618fb55add8,2,13,0,1:1,654,164,0.5,0.8338786436644854,0.7818898347266234,0.5637796694532469,0.7630057803468208,0.7252747252747253,0.8048780487804879,0.17618481124240287,0.9381630420102738,,b1e29c5fe8af2195e9abc0f61c3f3c4d213fca3f89d1193c4a6653fb53126347,4197323642,3493101560,3288021756,261167866,False
Gradient Boosting,gradient_boosting_12,12,"{""learning_rate"":0.05,""max_depth"":4,""n_estimators"":500}",c1b610d460cd152beeaf2c10309a24486b64314f543058041c7c3618fb55add8,2,13,1,1:1,654,164,0.5,0.793575252825699,0.7144875399734893,0.4289750799469787,0.7701149425287356,0.7282608695652174,0.8170731707317073,0.19763965557770277,0.9954164589871652,,e3474974719a7c03379f3842f5f95d0ed2107cdd8a6ad009ba26fbebf9498feb,3966191544,1903504230,667876274,3411050692,False
Gradient Boosting,gradient_boosting_12,12,"{""learning_rate"":0.05,""max_depth"":4,""n_estimators"":500}",c1b610d460cd152beeaf2c10309a24486b64314f543058041c7c3618fb55add8,2,13,2,1:1,654,164,0.5,0.8370017846519928,0.765637262382567,0.531274524765134,0.7955801104972375,0.7272727272727273,0.8780487804878049,0.16634690970055768,1.0465852079796605,,9a349209c7d3b9bd40965068b2a613107212665860e7bbb02addbf0f67e5d1fd,1319135375,2081672424,66402786,1633975599,False
Gradient Boosting,gradient_boosting_12,12,"{""learning_rate"":0.05,""max_depth"":4,""n_estimators"":500}",c1b610d460cd152beeaf2c10309a24486b64314f543058041c7c3618fb55add8,2,13,3,1:1,654,164,0.5,0.8520226055919096,0.7867504773685351,0.5735009547370702,0.8152173913043478,0.7352941176470589,0.9146341463414634,0.14912776953541976,0.9809352080337703,,d3ae34fbcfb73c5a1be0c96ad00e7eec3433eb478aea0c91dd2163d7870a83ad,2293279620,3028097891,2933952375,4053831653,False
Gradient Boosting,gradient_boosting_12,12,"{""learning_rate"":0.05,""max_depth"":4,""n_estimators"":500}",c1b610d460cd152beeaf2c10309a24486b64314f543058041c7c3618fb55add8,2,13,4,1:1,656,162,0.5,0.8684651729919219,0.8054027520527608,0.6108055041055216,0.8048780487804879,0.7951807228915663,0.8148148148148148,0.14049856091665938,0.9426785000250675,,253211c36a4e03f7beb1ba4c6fb38a30d71faa649d183e5779b5f27efb6ce6bf,3410040530,245057234,532155413,762879727,False
XGBoost,xgboost_01,1,"{""learning_rate"":0.03,""max_depth"":3,""n_estimators"":300}",21efb7a421d90bc81f25e12721e95720dcfcec9fc97b3ac49e9a29b7eb0756a8,0,42,0,1:1,654,164,0.5,0.8552944675788221,0.7980938511030786,0.5961877022061572,0.8156424581005587,0.7525773195876289,0.8902439024390244,0.14624260365962982,0.057603832974564284,1.0,b9f1edb670a53afef5f4c085e90bf5e13a41156251f6667b1a65871f2c4c47e0,1973658644,3715151037,233149161,2399526814,False
XGBoost,xgboost_01,1,"{""learning_rate"":0.03,""max_depth"":3,""n_estimators"":300}",21efb7a421d90bc81f25e12721e95720dcfcec9fc97b3ac49e9a29b7eb0756a8,0,42,1,1:1,654,164,0.5,0.8478584176085664,0.827728798554684,0.6554575971093679,0.7777777777777778,0.7142857142857143,0.8536585365853658,0.15235449373722076,0.057572999969124794,1.0,c59d36017adea2f05186de3822c3dd8c95d35f359f7ff35c586a14db623a3103,2786658438,2191900349,3517737438,2371526345,False
XGBoost,xgboost_01,1,"{""learning_rate"":0.03,""max_depth"":3,""n_estimators"":300}",21efb7a421d90bc81f25e12721e95720dcfcec9fc97b3ac49e9a29b7eb0756a8,0,42,2,1:1,654,164,0.5,0.8527662105889352,0.8337987018363049,0.6675974036726098,0.8064516129032258,0.7211538461538461,0.9146341463414634,0.14530588686466217,0.056308292027097195,1.0,091c82241439a2f22ad7066be22112027623cd7401cf37ff3920d078a7a913e2,1888399133,2010463502,629780227,48921201,False
XGBoost,xgboost_01,1,"{""learning_rate"":0.03,""max_depth"":3,""n_estimators"":300}",21efb7a421d90bc81f25e12721e95720dcfcec9fc97b3ac49e9a29b7eb0756a8,0,42,3,1:1,654,164,0.5,0.8521713265913147,0.8153563112033497,0.6307126224066995,0.7657142857142857,0.7204301075268817,0.8170731707317073,0.15314556658267975,0.059098833007737994,1.0,971bb2c8d0b3b7495acb94f62ea8741d4ff4e6e52c17cfe1f97b50e8801a1513,1161336969,599905126,3703496083,230894654,False
XGBoost,xgboost_01,1,"{""learning_rate"":0.03,""max_depth"":3,""n_estimators"":300}",21efb7a421d90bc81f25e12721e95720dcfcec9fc97b3ac49e9a29b7eb0756a8,0,42,4,1:1,656,162,0.5,0.8306660570035056,0.7855287919791788,0.5710575839583576,0.7802197802197802,0.7029702970297029,0.8765432098765432,0.16301730275154114,0.052407250041142106,1.0,78610b63b09a3b3be6828cac4d903ead2c4bc5386d421ebf8e60227a9040ab96,1001834057,624141303,515383750,972393367,False
XGBoost,xgboost_01,1,"{""learning_rate"":0.03,""max_depth"":3,""n_estimators"":300}",21efb7a421d90bc81f25e12721e95720dcfcec9fc97b3ac49e9a29b7eb0756a8,1,7,0,1:1,654,164,0.5,0.8352171326591314,0.7729657190469736,0.5459314380939473,0.8042328042328042,0.7102803738317757,0.926829268292683,0.15621346235275269,0.05523016699589789,1.0,74e66c11e57d405efbe19a02f13985423c60121aaf1960175664824578d0255d,2521657055,4094230609,264134123,842399429,False
XGBoost,xgboost_01,1,"{""learning_rate"":0.03,""max_depth"":3,""n_estimators"":300}",21efb7a421d90bc81f25e12721e95720dcfcec9fc97b3ac49e9a29b7eb0756a8,1,7,1,1:1,654,164,0.5,0.8111243307555027,0.7240982007158165,0.4481964014316331,0.8202247191011236,0.7604166666666666,0.8902439024390244,0.16127006709575653,0.05134570802329108,1.0,850c47286a5ff6cd122bd73c64fe0c130b4f93517aa2f9a4ab0225caa37355f8,3885368634,2431578943,1619142612,2845288631,False
XGBoost,xgboost_01,1,"{""learning_rate"":0.03,""max_depth"":3,""n_estimators"":300}",21efb7a421d90bc81f25e12721e95720dcfcec9fc97b3ac49e9a29b7eb0756a8,1,7,2,1:1,654,164,0.5,0.8621356335514575,0.8262665890607352,0.6525331781214705,0.7955801104972375,0.7272727272727273,0.8780487804878049,0.14882303774356842,0.0570012079551816,1.0,a58cdcfd42f13eceb650b4e384e38c15ac3d252fa7a9cf51166f33733bec7373,1974496636,1223099430,3474831427,1753096405,False
XGBoost,xgboost_01,1,"{""learning_rate"":0.03,""max_depth"":3,""n_estimators"":300}",21efb7a421d90bc81f25e12721e95720dcfcec9fc97b3ac49e9a29b7eb0756a8,1,7,3,1:1,654,164,0.5,0.805175490779298,0.7440434404379233,0.4880868808758465,0.7796610169491526,0.7263157894736842,0.8414634146341463,0.17180201411247253,0.05266404099529609,1.0,0787429d108adbb8f716a931370780c2b496f9b4a512b716c8c31ecf6b7c002f,2308674788,3336517605,3055848280,3336201630,False
XGBoost,xgboost_01,1,"{""learning_rate"":0.03,""max_depth"":3,""n_estimators"":300}",21efb7a421d90bc81f25e12721e95720dcfcec9fc97b3ac49e9a29b7eb0756a8,1,7,4,1:1,656,162,0.5,0.842249657064472,0.7864425267559865,0.5728850535119729,0.8176795580110497,0.74,0.9135802469135802,0.1515999138355255,0.0547584579908289,1.0,fd5a87140a37ffe54b3e77a354b4bd55b27678e3392d3612bcc974fcd938aac7,26843640,2371250898,2203746204,3425021368,False
XGBoost,xgboost_01,1,"{""learning_rate"":0.03,""max_depth"":3,""n_estimators"":300}",21efb7a421d90bc81f25e12721e95720dcfcec9fc97b3ac49e9a29b7eb0756a8,2,13,0,1:1,654,164,0.5,0.8242117787031529,0.7648731135653248,0.5297462271306497,0.7570621468926554,0.7052631578947368,0.8170731707317073,0.16671574115753174,0.05255129199940711,1.0,b1e29c5fe8af2195e9abc0f61c3f3c4d213fca3f89d1193c4a6653fb53126347,4197323642,3493101560,3288021756,261167866,False
XGBoost,xgboost_01,1,"{""learning_rate"":0.03,""max_depth"":3,""n_estimators"":300}",21efb7a421d90bc81f25e12721e95720dcfcec9fc97b3ac49e9a29b7eb0756a8,2,13,1,1:1,654,164,0.5,0.8279298036882807,0.7411808193223557,0.4823616386447114,0.7784431137724551,0.7647058823529411,0.7926829268292683,0.16331246495246887,0.05583808297524229,1.0,e3474974719a7c03379f3842f5f95d0ed2107cdd8a6ad009ba26fbebf9498feb,3966191544,1903504230,667876274,3411050692,False
XGBoost,xgboost_01,1,"{""learning_rate"":0.03,""max_depth"":3,""n_estimators"":300}",21efb7a421d90bc81f25e12721e95720dcfcec9fc97b3ac49e9a29b7eb0756a8,2,13,2,1:1,654,164,0.5,0.8338786436644854,0.7705891447775666,0.5411782895551331,0.797752808988764,0.7395833333333334,0.8658536585365854,0.15603035688400269,0.0597243329975754,1.0,9a349209c7d3b9bd40965068b2a613107212665860e7bbb02addbf0f67e5d1fd,1319135375,2081672424,66402786,1633975599,False
XGBoost,xgboost_01,1,"{""learning_rate"":0.03,""max_depth"":3,""n_estimators"":300}",21efb7a421d90bc81f25e12721e95720dcfcec9fc97b3ac49e9a29b7eb0756a8,2,13,3,1:1,654,164,0.5,0.8497917906008329,0.800151776539333,0.600303553078666,0.8,0.7346938775510204,0.8780487804878049,0.14877766370773315,0.05714995798189193,1.0,d3ae34fbcfb73c5a1be0c96ad00e7eec3433eb478aea0c91dd2163d7870a83ad,2293279620,3028097891,2933952375,4053831653,False
XGBoost,xgboost_01,1,"{""learning_rate"":0.03,""max_depth"":3,""n_estimators"":300}",21efb7a421d90bc81f25e12721e95720dcfcec9fc97b3ac49e9a29b7eb0756a8,2,13,4,1:1,656,162,0.5,0.869684499314129,0.8157025567433516,0.6314051134867031,0.7857142857142857,0.7586206896551724,0.8148148148148148,0.1394062340259552,0.05313495796872303,1.0,253211c36a4e03f7beb1ba4c6fb38a30d71faa649d183e5779b5f27efb6ce6bf,3410040530,245057234,532155413,762879727,False
XGBoost,xgboost_02,2,"{""learning_rate"":0.05,""max_depth"":3,""n_estimators"":300}",01fa0f7c1c998c3dcae10bbc9621b0e44e7ad5e1a5a01f1aa1cba49acdbfc915,0,42,0,1:1,654,164,0.5,0.8606484235574063,0.7935680271783496,0.5871360543566992,0.8248587570621468,0.7684210526315789,0.8902439024390244,0.14310747385025024,0.052118874969892204,1.0,b9f1edb670a53afef5f4c085e90bf5e13a41156251f6667b1a65871f2c4c47e0,1973658644,3715151037,233149161,2399526814,False
XGBoost,xgboost_02,2,"{""learning_rate"":0.05,""max_depth"":3,""n_estimators"":300}",01fa0f7c1c998c3dcae10bbc9621b0e44e7ad5e1a5a01f1aa1cba49acdbfc915,0,42,1,1:1,654,164,0.5,0.8465199286139202,0.8119170745765754,0.6238341491531507,0.7570621468926554,0.7052631578947368,0.8170731707317073,0.15724508464336395,0.056184584042057395,1.0,c59d36017adea2f05186de3822c3dd8c95d35f359f7ff35c586a14db623a3103,2786658438,2191900349,3517737438,2371526345,False
XGBoost,xgboost_02,2,"{""learning_rate"":0.05,""max_depth"":3,""n_estimators"":300}",01fa0f7c1c998c3dcae10bbc9621b0e44e7ad5e1a5a01f1aa1cba49acdbfc915,0,42,2,1:1,654,164,0.5,0.8499405116002381,0.8262786310447361,0.6525572620894722,0.819672131147541,0.7425742574257426,0.9146341463414634,0.1485844999551773,0.05514837498776615,1.0,091c82241439a2f22ad7066be22112027623cd7401cf37ff3920d078a7a913e2,1888399133,2010463502,629780227,48921201,False
XGBoost,xgboost_02,2,"{""learning_rate"":0.05,""max_depth"":3,""n_estimators"":300}",01fa0f7c1c998c3dcae10bbc9621b0e44e7ad5e1a5a01f1aa1cba49acdbfc915,0,42,3,1:1,654,164,0.5,0.8579714455681142,0.8266001299848024,0.6532002599696047,0.7674418604651163,0.7333333333333333,0.8048780487804879,0.15071357786655426,0.057803999981842935,1.0,971bb2c8d0b3b7495acb94f62ea8741d4ff4e6e52c17cfe1f97b50e8801a1513,1161336969,599905126,3703496083,230894654,False
XGBoost,xgboost_02,2,"{""learning_rate"":0.05,""max_depth"":3,""n_estimators"":300}",01fa0f7c1c998c3dcae10bbc9621b0e44e7ad5e1a5a01f1aa1cba49acdbfc915,0,42,4,1:1,656,162,0.5,0.8306660570035056,0.795430601410653,0.590861202821306,0.7865168539325843,0.7216494845360825,0.8641975308641975,0.1650531142950058,0.051310042035765946,1.0,78610b63b09a3b3be6828cac4d903ead2c4bc5386d421ebf8e60227a9040ab96,1001834057,624141303,515383750,972393367,False
XGBoost,xgboost_02,2,"{""learning_rate"":0.05,""max_depth"":3,""n_estimators"":300}",01fa0f7c1c998c3dcae10bbc9621b0e44e7ad5e1a5a01f1aa1cba49acdbfc915,1,7,0,1:1,654,164,0.5,0.8405710886377157,0.7776234789123786,0.5552469578247572,0.8105263157894737,0.7129629629629629,0.9390243902439024,0.1546660214662552,0.0543843749910593,1.0,74e66c11e57d405efbe19a02f13985423c60121aaf1960175664824578d0255d,2521657055,4094230609,264134123,842399429,False
XGBoost,xgboost_02,2,"{""learning_rate"":0.05,""max_depth"":3,""n_estimators"":300}",01fa0f7c1c998c3dcae10bbc9621b0e44e7ad5e1a5a01f1aa1cba49acdbfc915,1,7,1,1:1,654,164,0.5,0.8023497917906008,0.7165925525528709,0.4331851051057418,0.7647058823529411,0.7386363636363636,0.7926829268292683,0.1701686531305313,0.051213083032052964,1.0,850c47286a5ff6cd122bd73c64fe0c130b4f93517aa2f9a4ab0225caa37355f8,3885368634,2431578943,1619142612,2845288631,False
XGBoost,xgboost_02,2,"{""learning_rate"":0.05,""max_depth"":3,""n_estimators"":300}",01fa0f7c1c998c3dcae10bbc9621b0e44e7ad5e1a5a01f1aa1cba49acdbfc915,1,7,2,1:1,654,164,0.5,0.8726948245092208,0.8458747574397838,0.6917495148795676,0.797752808988764,0.7395833333333334,0.8658536585365854,0.1454710066318512,0.05588333401829004,1.0,a58cdcfd42f13eceb650b4e384e38c15ac3d252fa7a9cf51166f33733bec7373,1974496636,1223099430,3474831427,1753096405,False
XGBoost,xgboost_02,2,"{""learning_rate"":0.05,""max_depth"":3,""n_estimators"":300}",01fa0f7c1c998c3dcae10bbc9621b0e44e7ad5e1a5a01f1aa1cba49acdbfc915,1,7,3,1:1,654,164,0.5,0.788518738845925,0.7235038598121049,0.4470077196242097,0.7586206896551724,0.717391304347826,0.8048780487804879,0.1824861466884613,0.05172804195899516,1.0,0787429d108adbb8f716a931370780c2b496f9b4a512b716c8c31ecf6b7c002f,2308674788,3336517605,3055848280,3336201630,False
XGBoost,xgboost_02,2,"{""learning_rate"":0.05,""max_depth"":3,""n_estimators"":300}",01fa0f7c1c998c3dcae10bbc9621b0e44e7ad5e1a5a01f1aa1cba49acdbfc915,1,7,4,1:1,656,162,0.5,0.8381344307270233,0.7816088511351198,0.5632177022702396,0.7976878612716763,0.75,0.8518518518518519,0.1572536826133728,0.05309504200704396,1.0,fd5a87140a37ffe54b3e77a354b4bd55b27678e3392d3612bcc974fcd938aac7,26843640,2371250898,2203746204,3425021368,False
XGBoost,xgboost_02,2,"{""learning_rate"":0.05,""max_depth"":3,""n_estimators"":300}",01fa0f7c1c998c3dcae10bbc9621b0e44e7ad5e1a5a01f1aa1cba49acdbfc915,2,13,0,1:1,654,164,0.5,0.8210886377156454,0.7549472063558409,0.5098944127116818,0.7602339181286549,0.7303370786516854,0.7926829268292683,0.16780464351177216,0.05383058404549956,1.0,b1e29c5fe8af2195e9abc0f61c3f3c4d213fca3f89d1193c4a6653fb53126347,4197323642,3493101560,3288021756,261167866,False
XGBoost,xgboost_02,2,"{""learning_rate"":0.05,""max_depth"":3,""n_estimators"":300}",01fa0f7c1c998c3dcae10bbc9621b0e44e7ad5e1a5a01f1aa1cba49acdbfc915,2,13,1,1:1,654,164,0.5,0.8289708506841166,0.7458926645986104,0.49178532919722073,0.7764705882352941,0.75,0.8048780487804879,0.16903090476989746,0.05657554202480242,1.0,e3474974719a7c03379f3842f5f95d0ed2107cdd8a6ad009ba26fbebf9498feb,3966191544,1903504230,667876274,3411050692,False
XGBoost,xgboost_02,2,"{""learning_rate"":0.05,""max_depth"":3,""n_estimators"":300}",01fa0f7c1c998c3dcae10bbc9621b0e44e7ad5e1a5a01f1aa1cba49acdbfc915,2,13,2,1:1,654,164,0.5,0.8367043426531826,0.7883841375604939,0.5767682751209877,0.7954545454545454,0.7446808510638298,0.8536585365853658,0.16133490204811096,0.05928516702260822,1.0,9a349209c7d3b9bd40965068b2a613107212665860e7bbb02addbf0f67e5d1fd,1319135375,2081672424,66402786,1633975599,False
XGBoost,xgboost_02,2,"{""learning_rate"":0.05,""max_depth"":3,""n_estimators"":300}",01fa0f7c1c998c3dcae10bbc9621b0e44e7ad5e1a5a01f1aa1cba49acdbfc915,2,13,3,1:1,654,164,0.5,0.8384889946460441,0.7914267180424004,0.5828534360848008,0.7932960893854749,0.7319587628865979,0.8658536585365854,0.15278871357440948,0.056244540959596634,1.0,d3ae34fbcfb73c5a1be0c96ad00e7eec3433eb478aea0c91dd2163d7870a83ad,2293279620,3028097891,2933952375,4053831653,False
XGBoost,xgboost_02,2,"{""learning_rate"":0.05,""max_depth"":3,""n_estimators"":300}",01fa0f7c1c998c3dcae10bbc9621b0e44e7ad5e1a5a01f1aa1cba49acdbfc915,2,13,4,1:1,656,162,0.5,0.8673982624599909,0.8083299713065824,0.6166599426131647,0.8047337278106509,0.7727272727272727,0.8395061728395061,0.1402348279953003,0.05288970802212134,1.0,253211c36a4e03f7beb1ba4c6fb38a30d71faa649d183e5779b5f27efb6ce6bf,3410040530,245057234,532155413,762879727,False
XGBoost,xgboost_03,3,"{""learning_rate"":0.03,""max_depth"":5,""n_estimators"":300}",50edf41c308924618e3892ebd1802c3549f38a738d74e4d835472446751b1281,0,42,0,1:1,654,164,0.5,0.8596073765615705,0.7904144523659238,0.5808289047318476,0.8314606741573034,0.7708333333333334,0.9024390243902439,0.14197710156440735,0.08792324998648837,1.0,b9f1edb670a53afef5f4c085e90bf5e13a41156251f6667b1a65871f2c4c47e0,1973658644,3715151037,233149161,2399526814,False
XGBoost,xgboost_03,3,"{""learning_rate"":0.03,""max_depth"":5,""n_estimators"":300}",50edf41c308924618e3892ebd1802c3549f38a738d74e4d835472446751b1281,0,42,1,1:1,654,164,0.5,0.8441403926234384,0.8134745914789481,0.6269491829578961,0.7640449438202247,0.7083333333333334,0.8292682926829268,0.15768414735794067,0.09559895796701312,1.0,c59d36017adea2f05186de3822c3dd8c95d35f359f7ff35c586a14db623a3103,2786658438,2191900349,3517737438,2371526345,False
XGBoost,xgboost_03,3,"{""learning_rate"":0.03,""max_depth"":5,""n_estimators"":300}",50edf41c308924618e3892ebd1802c3549f38a738d74e4d835472446751b1281,0,42,2,1:1,654,164,0.5,0.8462224866151101,0.8221037020209829,0.6442074040419659,0.8260869565217391,0.7450980392156863,0.926829268292683,0.14931900799274445,0.09110204200260341,1.0,091c82241439a2f22ad7066be22112027623cd7401cf37ff3920d078a7a913e2,1888399133,2010463502,629780227,48921201,False
XGBoost,xgboost_03,3,"{""learning_rate"":0.03,""max_depth"":5,""n_estimators"":300}",50edf41c308924618e3892ebd1802c3549f38a738d74e4d835472446751b1281,0,42,3,1:1,654,164,0.5,0.848750743604997,0.8094558193214605,0.618911638642921,0.7790697674418605,0.7444444444444445,0.8170731707317073,0.1538819968700409,0.09806195803685114,1.0,971bb2c8d0b3b7495acb94f62ea8741d4ff4e6e52c17cfe1f97b50e8801a1513,1161336969,599905126,3703496083,230894654,False
XGBoost,xgboost_03,3,"{""learning_rate"":0.03,""max_depth"":5,""n_estimators"":300}",50edf41c308924618e3892ebd1802c3549f38a738d74e4d835472446751b1281,0,42,4,1:1,656,162,0.5,0.8332571254381953,0.7981985394927247,0.5963970789854494,0.7845303867403315,0.71,0.8765432098765432,0.1654805839061737,0.08694929099874571,1.0,78610b63b09a3b3be6828cac4d903ead2c4bc5386d421ebf8e60227a9040ab96,1001834057,624141303,515383750,972393367,False
XGBoost,xgboost_03,3,"{""learning_rate"":0.03,""max_depth"":5,""n_estimators"":300}",50edf41c308924618e3892ebd1802c3549f38a738d74e4d835472446751b1281,1,7,0,1:1,654,164,0.5,0.8505353955978584,0.7864072023741319,0.5728144047482637,0.8042328042328042,0.7102803738317757,0.926829268292683,0.1528492271900177,0.09406145801767707,1.0,74e66c11e57d405efbe19a02f13985423c60121aaf1960175664824578d0255d,2521657055,4094230609,264134123,842399429,False
XGBoost,xgboost_03,3,"{""learning_rate"":0.03,""max_depth"":5,""n_estimators"":300}",50edf41c308924618e3892ebd1802c3549f38a738d74e4d835472446751b1281,1,7,1,1:1,654,164,0.5,0.8022010707911957,0.7115377287887297,0.42307545757745935,0.7885714285714286,0.7419354838709677,0.8414634146341463,0.16762471199035645,0.08442916703643277,1.0,850c47286a5ff6cd122bd73c64fe0c130b4f93517aa2f9a4ab0225caa37355f8,3885368634,2431578943,1619142612,2845288631,False
XGBoost,xgboost_03,3,"{""learning_rate"":0.03,""max_depth"":5,""n_estimators"":300}",50edf41c308924618e3892ebd1802c3549f38a738d74e4d835472446751b1281,1,7,2,1:1,654,164,0.5,0.8655562165377753,0.8267498515629929,0.6534997031259857,0.8066298342541437,0.7373737373737373,0.8902439024390244,0.1494246870279312,0.09380420797970146,1.0,a58cdcfd42f13eceb650b4e384e38c15ac3d252fa7a9cf51166f33733bec7373,1974496636,1223099430,3474831427,1753096405,False
XGBoost,xgboost_03,3,"{""learning_rate"":0.03,""max_depth"":5,""n_estimators"":300}",50edf41c308924618e3892ebd1802c3549f38a738d74e4d835472446751b1281,1,7,3,1:1,654,164,0.5,0.7944675788221297,0.7221747858700018,0.44434957174000367,0.7816091954022989,0.7391304347826086,0.8292682926829268,0.17891834676265717,0.08564391697291285,1.0,0787429d108adbb8f716a931370780c2b496f9b4a512b716c8c31ecf6b7c002f,2308674788,3336517605,3055848280,3336201630,False
XGBoost,xgboost_03,3,"{""learning_rate"":0.03,""max_depth"":5,""n_estimators"":300}",50edf41c308924618e3892ebd1802c3549f38a738d74e4d835472446751b1281,1,7,4,1:1,656,162,0.5,0.8567291571406799,0.806534198069218,0.613068396138436,0.8023255813953488,0.7582417582417582,0.8518518518518519,0.14557358622550964,0.08676091697998345,1.0,fd5a87140a37ffe54b3e77a354b4bd55b27678e3392d3612bcc974fcd938aac7,26843640,2371250898,2203746204,3425021368,False
XGBoost,xgboost_03,3,"{""learning_rate"":0.03,""max_depth"":5,""n_estimators"":300}",50edf41c308924618e3892ebd1802c3549f38a738d74e4d835472446751b1281,2,13,0,1:1,654,164,0.5,0.8264425936942297,0.7605956372619944,0.5211912745239888,0.7647058823529411,0.7386363636363636,0.7926829268292683,0.1674591451883316,0.08668170805322006,1.0,b1e29c5fe8af2195e9abc0f61c3f3c4d213fca3f89d1193c4a6653fb53126347,4197323642,3493101560,3288021756,261167866,False
XGBoost,xgboost_03,3,"{""learning_rate"":0.03,""max_depth"":5,""n_estimators"":300}",50edf41c308924618e3892ebd1802c3549f38a738d74e4d835472446751b1281,2,13,1,1:1,654,164,0.5,0.8295657346817371,0.7447493421520648,0.48949868430412957,0.7738095238095238,0.7558139534883721,0.7926829268292683,0.16553398966789246,0.09304649999830872,1.0,e3474974719a7c03379f3842f5f95d0ed2107cdd8a6ad009ba26fbebf9498feb,3966191544,1903504230,667876274,3411050692,False
XGBoost,xgboost_03,3,"{""learning_rate"":0.03,""max_depth"":5,""n_estimators"":300}",50edf41c308924618e3892ebd1802c3549f38a738d74e4d835472446751b1281,2,13,2,1:1,654,164,0.5,0.8408685306365258,0.7981319227676962,0.5962638455353924,0.7932960893854749,0.7319587628865979,0.8658536585365854,0.16192910075187683,0.1014179170015268,1.0,9a349209c7d3b9bd40965068b2a613107212665860e7bbb02addbf0f67e5d1fd,1319135375,2081672424,66402786,1633975599,False
XGBoost,xgboost_03,3,"{""learning_rate"":0.03,""max_depth"":5,""n_estimators"":300}",50edf41c308924618e3892ebd1802c3549f38a738d74e4d835472446751b1281,2,13,3,1:1,654,164,0.5,0.8405710886377156,0.7894016261891504,0.5788032523783009,0.8066298342541437,0.7373737373737373,0.8902439024390244,0.1521245837211609,0.09620904200710356,1.0,d3ae34fbcfb73c5a1be0c96ad00e7eec3433eb478aea0c91dd2163d7870a83ad,2293279620,3028097891,2933952375,4053831653,False
XGBoost,xgboost_03,3,"{""learning_rate"":0.03,""max_depth"":5,""n_estimators"":300}",50edf41c308924618e3892ebd1802c3549f38a738d74e4d835472446751b1281,2,13,4,1:1,656,162,0.5,0.8661789361377839,0.7903321655494098,0.5806643310988195,0.8165680473372781,0.7840909090909091,0.8518518518518519,0.14097440242767334,0.08758679201127961,1.0,253211c36a4e03f7beb1ba4c6fb38a30d71faa649d183e5779b5f27efb6ce6bf,3410040530,245057234,532155413,762879727,False
XGBoost,xgboost_04,4,"{""learning_rate"":0.05,""max_depth"":5,""n_estimators"":300}",cc6cb9fc2c9538349437206b099518782c04a9427c50380dc17985649bf1ec14,0,42,0,1:1,654,164,0.5,0.8646638905413445,0.7994527858578445,0.598905571715689,0.8361581920903954,0.7789473684210526,0.9024390243902439,0.13782696425914764,0.08210279198829085,1.0,b9f1edb670a53afef5f4c085e90bf5e13a41156251f6667b1a65871f2c4c47e0,1973658644,3715151037,233149161,2399526814,False
XGBoost,xgboost_04,4,"{""learning_rate"":0.05,""max_depth"":5,""n_estimators"":300}",cc6cb9fc2c9538349437206b099518782c04a9427c50380dc17985649bf1ec14,0,42,1,1:1,654,164,0.5,0.8442891136228435,0.8182609509822889,0.6365219019645778,0.7752808988764045,0.71875,0.8414634146341463,0.16541233658790588,0.09047433303203434,1.0,c59d36017adea2f05186de3822c3dd8c95d35f359f7ff35c586a14db623a3103,2786658438,2191900349,3517737438,2371526345,False
XGBoost,xgboost_04,4,"{""learning_rate"":0.05,""max_depth"":5,""n_estimators"":300}",cc6cb9fc2c9538349437206b099518782c04a9427c50380dc17985649bf1ec14,0,42,2,1:1,654,164,0.5,0.852468768590125,0.8336442452302102,0.6672884904604204,0.8021978021978022,0.73,0.8902439024390244,0.1532311588525772,0.08777700003702193,1.0,091c82241439a2f22ad7066be22112027623cd7401cf37ff3920d078a7a913e2,1888399133,2010463502,629780227,48921201,False
XGBoost,xgboost_04,4,"{""learning_rate"":0.05,""max_depth"":5,""n_estimators"":300}",cc6cb9fc2c9538349437206b099518782c04a9427c50380dc17985649bf1ec14,0,42,3,1:1,654,164,0.5,0.8477096966091613,0.8182597019035034,0.6365194038070068,0.768361581920904,0.7157894736842105,0.8292682926829268,0.15486294031143188,0.09386829199502245,1.0,971bb2c8d0b3b7495acb94f62ea8741d4ff4e6e52c17cfe1f97b50e8801a1513,1161336969,599905126,3703496083,230894654,False
XGBoost,xgboost_04,4,"{""learning_rate"":0.05,""max_depth"":5,""n_estimators"":300}",cc6cb9fc2c9538349437206b099518782c04a9427c50380dc17985649bf1ec14,0,42,4,1:1,656,162,0.5,0.8235025148605395,0.8019381566202531,0.6038763132405063,0.768361581920904,0.7083333333333334,0.8395061728395061,0.1755807250738144,0.08133183303289115,1.0,78610b63b09a3b3be6828cac4d903ead2c4bc5386d421ebf8e60227a9040ab96,1001834057,624141303,515383750,972393367,False
XGBoost,xgboost_04,4,"{""learning_rate"":0.05,""max_depth"":5,""n_estimators"":300}",cc6cb9fc2c9538349437206b099518782c04a9427c50380dc17985649bf1ec14,1,7,0,1:1,654,164,0.5,0.8471148126115408,0.7655533654218467,0.5311067308436934,0.7956989247311828,0.7115384615384616,0.9024390243902439,0.15738293528556824,0.08864137501223013,1.0,74e66c11e57d405efbe19a02f13985423c60121aaf1960175664824578d0255d,2521657055,4094230609,264134123,842399429,False
XGBoost,xgboost_04,4,"{""learning_rate"":0.05,""max_depth"":5,""n_estimators"":300}",cc6cb9fc2c9538349437206b099518782c04a9427c50380dc17985649bf1ec14,1,7,1,1:1,654,164,0.5,0.8051754907792981,0.726742434048401,0.453484868096802,0.7745664739884393,0.7362637362637363,0.8170731707317073,0.17205938696861267,0.08058187499409541,1.0,850c47286a5ff6cd122bd73c64fe0c130b4f93517aa2f9a4ab0225caa37355f8,3885368634,2431578943,1619142612,2845288631,False
XGBoost,xgboost_04,4,"{""learning_rate"":0.05,""max_depth"":5,""n_estimators"":300}",cc6cb9fc2c9538349437206b099518782c04a9427c50380dc17985649bf1ec14,1,7,2,1:1,654,164,0.5,0.8658536585365854,0.830506854721982,0.6610137094439641,0.7954545454545454,0.7446808510638298,0.8536585365853658,0.14920735359191895,0.08993854199070483,1.0,a58cdcfd42f13eceb650b4e384e38c15ac3d252fa7a9cf51166f33733bec7373,1974496636,1223099430,3474831427,1753096405,False
XGBoost,xgboost_04,4,"{""learning_rate"":0.05,""max_depth"":5,""n_estimators"":300}",cc6cb9fc2c9538349437206b099518782c04a9427c50380dc17985649bf1ec14,1,7,3,1:1,654,164,0.5,0.7839083878643665,0.7180738246923615,0.43614764938472295,0.7745664739884393,0.7362637362637363,0.8170731707317073,0.19081592559814453,0.08241962495958433,1.0,0787429d108adbb8f716a931370780c2b496f9b4a512b716c8c31ecf6b7c002f,2308674788,3336517605,3055848280,3336201630,False
XGBoost,xgboost_04,4,"{""learning_rate"":0.05,""max_depth"":5,""n_estimators"":300}",cc6cb9fc2c9538349437206b099518782c04a9427c50380dc17985649bf1ec14,1,7,4,1:1,656,162,0.5,0.8559670781893004,0.8096680116196217,0.6193360232392433,0.7664670658682635,0.7441860465116279,0.7901234567901234,0.15286466479301453,0.08367333299247548,1.0,fd5a87140a37ffe54b3e77a354b4bd55b27678e3392d3612bcc974fcd938aac7,26843640,2371250898,2203746204,3425021368,False
XGBoost,xgboost_04,4,"{""learning_rate"":0.05,""max_depth"":5,""n_estimators"":300}",cc6cb9fc2c9538349437206b099518782c04a9427c50380dc17985649bf1ec14,2,13,0,1:1,654,164,0.5,0.8270374776918501,0.7444449249397034,0.48888984987940676,0.7738095238095238,0.7558139534883721,0.7926829268292683,0.1665085405111313,0.08177958300802857,1.0,b1e29c5fe8af2195e9abc0f61c3f3c4d213fca3f89d1193c4a6653fb53126347,4197323642,3493101560,3288021756,261167866,False
XGBoost,xgboost_04,4,"{""learning_rate"":0.05,""max_depth"":5,""n_estimators"":300}",cc6cb9fc2c9538349437206b099518782c04a9427c50380dc17985649bf1ec14,2,13,1,1:1,654,164,0.5,0.8334324806662701,0.7524709913581423,0.5049419827162847,0.7878787878787878,0.7831325301204819,0.7926829268292683,0.16642531752586365,0.08711616700747982,1.0,e3474974719a7c03379f3842f5f95d0ed2107cdd8a6ad009ba26fbebf9498feb,3966191544,1903504230,667876274,3411050692,False
XGBoost,xgboost_04,4,"{""learning_rate"":0.05,""max_depth"":5,""n_estimators"":300}",cc6cb9fc2c9538349437206b099518782c04a9427c50380dc17985649bf1ec14,2,13,2,1:1,654,164,0.5,0.8252528256989886,0.791865517628987,0.5837310352579741,0.7865168539325843,0.7291666666666666,0.8536585365853658,0.17359910905361176,0.0947080830228515,1.0,9a349209c7d3b9bd40965068b2a613107212665860e7bbb02addbf0f67e5d1fd,1319135375,2081672424,66402786,1633975599,False
XGBoost,xgboost_04,4,"{""learning_rate"":0.05,""max_depth"":5,""n_estimators"":300}",cc6cb9fc2c9538349437206b099518782c04a9427c50380dc17985649bf1ec14,2,13,3,1:1,654,164,0.5,0.8317965496728138,0.7636041978892034,0.5272083957784068,0.8,0.7526881720430108,0.8536585365853658,0.15592069923877716,0.09041041700402275,1.0,d3ae34fbcfb73c5a1be0c96ad00e7eec3433eb478aea0c91dd2163d7870a83ad,2293279620,3028097891,2933952375,4053831653,False
XGBoost,xgboost_04,4,"{""learning_rate"":0.05,""max_depth"":5,""n_estimators"":300}",cc6cb9fc2c9538349437206b099518782c04a9427c50380dc17985649bf1ec14,2,13,4,1:1,656,162,0.5,0.8634354519128182,0.7796563789811264,0.5593127579622528,0.8192771084337349,0.8,0.8395061728395061,0.14441697299480438,0.0832557079847902,1.0,253211c36a4e03f7beb1ba4c6fb38a30d71faa649d183e5779b5f27efb6ce6bf,3410040530,245057234,532155413,762879727,False
XGBoost,xgboost_05,5,"{""learning_rate"":0.03,""max_depth"":7,""n_estimators"":300}",9a119446d77a1cf1afb7ae194a4a104ed0f1e37d447a129d353fde01357ac688,0,42,0,1:1,654,164,0.5,0.8567816775728733,0.7842210937725818,0.5684421875451635,0.8555555555555555,0.7857142857142857,0.9390243902439024,0.1397496610879898,0.1106746670557186,1.0,b9f1edb670a53afef5f4c085e90bf5e13a41156251f6667b1a65871f2c4c47e0,1973658644,3715151037,233149161,2399526814,False
XGBoost,xgboost_05,5,"{""learning_rate"":0.03,""max_depth"":7,""n_estimators"":300}",9a119446d77a1cf1afb7ae194a4a104ed0f1e37d447a129d353fde01357ac688,0,42,1,1:1,654,164,0.5,0.8393813206424747,0.8085896512279993,0.6171793024559986,0.770949720670391,0.711340206185567,0.8414634146341463,0.16258589923381805,0.12079262500628829,1.0,c59d36017adea2f05186de3822c3dd8c95d35f359f7ff35c586a14db623a3103,2786658438,2191900349,3517737438,2371526345,False
XGBoost,xgboost_05,5,"{""learning_rate"":0.03,""max_depth"":7,""n_estimators"":300}",9a119446d77a1cf1afb7ae194a4a104ed0f1e37d447a129d353fde01357ac688,0,42,2,1:1,654,164,0.5,0.8474122546103511,0.8198924618895667,0.6397849237791333,0.8216216216216217,0.7378640776699029,0.926829268292683,0.15066801011562347,0.11716650001471862,1.0,091c82241439a2f22ad7066be22112027623cd7401cf37ff3920d078a7a913e2,1888399133,2010463502,629780227,48921201,False
XGBoost,xgboost_05,5,"{""learning_rate"":0.03,""max_depth"":7,""n_estimators"":300}",9a119446d77a1cf1afb7ae194a4a104ed0f1e37d447a129d353fde01357ac688,0,42,3,1:1,654,164,0.5,0.8517251635930994,0.8269789013075248,0.6539578026150497,0.7906976744186046,0.7555555555555555,0.8292682926829268,0.1532982587814331,0.1289328329730779,1.0,971bb2c8d0b3b7495acb94f62ea8741d4ff4e6e52c17cfe1f97b50e8801a1513,1161336969,599905126,3703496083,230894654,False
XGBoost,xgboost_05,5,"{""learning_rate"":0.03,""max_depth"":7,""n_estimators"":300}",9a119446d77a1cf1afb7ae194a4a104ed0f1e37d447a129d353fde01357ac688,0,42,4,1:1,656,162,0.5,0.8279225727785399,0.7990328992902291,0.5980657985804583,0.7845303867403315,0.71,0.8765432098765432,0.17052017152309418,0.11049183399882168,1.0,78610b63b09a3b3be6828cac4d903ead2c4bc5386d421ebf8e60227a9040ab96,1001834057,624141303,515383750,972393367,False
XGBoost,xgboost_05,5,"{""learning_rate"":0.03,""max_depth"":7,""n_estimators"":300}",9a119446d77a1cf1afb7ae194a4a104ed0f1e37d447a129d353fde01357ac688,1,7,0,1:1,654,164,0.5,0.8521713265913147,0.7709114362601972,0.5418228725203944,0.8042328042328042,0.7102803738317757,0.926829268292683,0.1519443392753601,0.11983312503434718,1.0,74e66c11e57d405efbe19a02f13985423c60121aaf1960175664824578d0255d,2521657055,4094230609,264134123,842399429,False
XGBoost,xgboost_05,5,"{""learning_rate"":0.03,""max_depth"":7,""n_estimators"":300}",9a119446d77a1cf1afb7ae194a4a104ed0f1e37d447a129d353fde01357ac688,1,7,1,1:1,654,164,0.5,0.810232004759072,0.7319173491083246,0.46383469821664924,0.7840909090909091,0.7340425531914894,0.8414634146341463,0.1662280112504959,0.108927917026449,1.0,850c47286a5ff6cd122bd73c64fe0c130b4f93517aa2f9a4ab0225caa37355f8,3885368634,2431578943,1619142612,2845288631,False
XGBoost,xgboost_05,5,"{""learning_rate"":0.03,""max_depth"":7,""n_estimators"":300}",9a119446d77a1cf1afb7ae194a4a104ed0f1e37d447a129d353fde01357ac688,1,7,2,1:1,654,164,0.5,0.8634741225461036,0.8289224736483695,0.6578449472967389,0.8066298342541437,0.7373737373737373,0.8902439024390244,0.14901985228061676,0.1206662500044331,1.0,a58cdcfd42f13eceb650b4e384e38c15ac3d252fa7a9cf51166f33733bec7373,1974496636,1223099430,3474831427,1753096405,False
XGBoost,xgboost_05,5,"{""learning_rate"":0.03,""max_depth"":7,""n_estimators"":300}",9a119446d77a1cf1afb7ae194a4a104ed0f1e37d447a129d353fde01357ac688,1,7,3,1:1,654,164,0.5,0.7949137418203451,0.7271777826460795,0.4543555652921589,0.7701149425287356,0.7282608695652174,0.8170731707317073,0.18031378090381622,0.10979199997382239,1.0,0787429d108adbb8f716a931370780c2b496f9b4a512b716c8c31ecf6b7c002f,2308674788,3336517605,3055848280,3336201630,False
XGBoost,xgboost_05,5,"{""learning_rate"":0.03,""max_depth"":7,""n_estimators"":300}",9a119446d77a1cf1afb7ae194a4a104ed0f1e37d447a129d353fde01357ac688,1,7,4,1:1,656,162,0.5,0.8571864045115073,0.8185585246373874,0.6371170492747749,0.7692307692307693,0.7386363636363636,0.8024691358024691,0.1492733359336853,0.11603174998890609,1.0,fd5a87140a37ffe54b3e77a354b4bd55b27678e3392d3612bcc974fcd938aac7,26843640,2371250898,2203746204,3425021368,False
XGBoost,xgboost_05,5,"{""learning_rate"":0.03,""max_depth"":7,""n_estimators"":300}",9a119446d77a1cf1afb7ae194a4a104ed0f1e37d447a129d353fde01357ac688,2,13,0,1:1,654,164,0.5,0.8237656157049376,0.7586754279659946,0.5173508559319893,0.7692307692307693,0.7471264367816092,0.7926829268292683,0.1677040010690689,0.10902458301279694,1.0,b1e29c5fe8af2195e9abc0f61c3f3c4d213fca3f89d1193c4a6653fb53126347,4197323642,3493101560,3288021756,261167866,False
XGBoost,xgboost_05,5,"{""learning_rate"":0.03,""max_depth"":7,""n_estimators"":300}",9a119446d77a1cf1afb7ae194a4a104ed0f1e37d447a129d353fde01357ac688,2,13,1,1:1,654,164,0.5,0.8341760856632957,0.7591524638664875,0.518304927732975,0.7757575757575758,0.7710843373493976,0.7804878048780488,0.16699464619159698,0.11926383298123255,1.0,e3474974719a7c03379f3842f5f95d0ed2107cdd8a6ad009ba26fbebf9498feb,3966191544,1903504230,667876274,3411050692,False
XGBoost,xgboost_05,5,"{""learning_rate"":0.03,""max_depth"":7,""n_estimators"":300}",9a119446d77a1cf1afb7ae194a4a104ed0f1e37d447a129d353fde01357ac688,2,13,2,1:1,654,164,0.5,0.8237656157049376,0.7690297052944558,0.5380594105889116,0.7888888888888889,0.7244897959183674,0.8658536585365854,0.1691296249628067,0.12661545805167407,1.0,9a349209c7d3b9bd40965068b2a613107212665860e7bbb02addbf0f67e5d1fd,1319135375,2081672424,66402786,1633975599,False
XGBoost,xgboost_05,5,"{""learning_rate"":0.03,""max_depth"":7,""n_estimators"":300}",9a119446d77a1cf1afb7ae194a4a104ed0f1e37d447a129d353fde01357ac688,2,13,3,1:1,654,164,0.5,0.8288221296847115,0.7645928557231016,0.5291857114462033,0.8087431693989071,0.7326732673267327,0.9024390243902439,0.1552038937807083,0.12316541600739583,1.0,d3ae34fbcfb73c5a1be0c96ad00e7eec3433eb478aea0c91dd2163d7870a83ad,2293279620,3028097891,2933952375,4053831653,False
XGBoost,xgboost_05,5,"{""learning_rate"":0.03,""max_depth"":7,""n_estimators"":300}",9a119446d77a1cf1afb7ae194a4a104ed0f1e37d447a129d353fde01357ac688,2,13,4,1:1,656,162,0.5,0.8681603414113702,0.7914127139731559,0.5828254279463119,0.8095238095238095,0.7816091954022989,0.8395061728395061,0.14020709693431854,0.1139694579760544,1.0,253211c36a4e03f7beb1ba4c6fb38a30d71faa649d183e5779b5f27efb6ce6bf,3410040530,245057234,532155413,762879727,False
XGBoost,xgboost_06,6,"{""learning_rate"":0.05,""max_depth"":7,""n_estimators"":300}",a8aed1694832e22bd395079500342833d98f8683ba6180677a3564ed319cc19b,0,42,0,1:1,654,164,0.5,0.8609458655562165,0.8038155561602331,0.6076311123204663,0.8181818181818182,0.7659574468085106,0.8780487804878049,0.1431206315755844,0.10280470800353214,1.0,b9f1edb670a53afef5f4c085e90bf5e13a41156251f6667b1a65871f2c4c47e0,1973658644,3715151037,233149161,2399526814,False
XGBoost,xgboost_06,6,"{""learning_rate"":0.05,""max_depth"":7,""n_estimators"":300}",a8aed1694832e22bd395079500342833d98f8683ba6180677a3564ed319cc19b,0,42,1,1:1,654,164,0.5,0.8384889946460441,0.8004375867317925,0.6008751734635851,0.770949720670391,0.711340206185567,0.8414634146341463,0.16652612388134003,0.10918308299733326,1.0,c59d36017adea2f05186de3822c3dd8c95d35f359f7ff35c586a14db623a3103,2786658438,2191900349,3517737438,2371526345,False
XGBoost,xgboost_06,6,"{""learning_rate"":0.05,""max_depth"":7,""n_estimators"":300}",a8aed1694832e22bd395079500342833d98f8683ba6180677a3564ed319cc19b,0,42,2,1:1,654,164,0.5,0.8491969066032123,0.8226346869502578,0.6452693739005155,0.8043478260869565,0.7254901960784313,0.9024390243902439,0.15515920519828796,0.10705212503671646,1.0,091c82241439a2f22ad7066be22112027623cd7401cf37ff3920d078a7a913e2,1888399133,2010463502,629780227,48921201,False
XGBoost,xgboost_06,6,"{""learning_rate"":0.05,""max_depth"":7,""n_estimators"":300}",a8aed1694832e22bd395079500342833d98f8683ba6180677a3564ed319cc19b,0,42,3,1:1,654,164,0.5,0.84622248661511,0.8170796176822704,0.6341592353645409,0.7701149425287356,0.7282608695652174,0.8170731707317073,0.15925806760787964,0.11791749997064471,1.0,971bb2c8d0b3b7495acb94f62ea8741d4ff4e6e52c17cfe1f97b50e8801a1513,1161336969,599905126,3703496083,230894654,False
XGBoost,xgboost_06,6,"{""learning_rate"":0.05,""max_depth"":7,""n_estimators"":300}",a8aed1694832e22bd395079500342833d98f8683ba6180677a3564ed319cc19b,0,42,4,1:1,656,162,0.5,0.8263984148757811,0.8065560617473182,0.6131121234946364,0.7752808988764045,0.711340206185567,0.8518518518518519,0.17861150205135345,0.10135945898946375,1.0,78610b63b09a3b3be6828cac4d903ead2c4bc5386d421ebf8e60227a9040ab96,1001834057,624141303,515383750,972393367,False
XGBoost,xgboost_06,6,"{""learning_rate"":0.05,""max_depth"":7,""n_estimators"":300}",a8aed1694832e22bd395079500342833d98f8683ba6180677a3564ed319cc19b,1,7,0,1:1,654,164,0.5,0.8477096966091613,0.7808269506703887,0.5616539013407773,0.8105263157894737,0.7129629629629629,0.9390243902439024,0.15874509513378143,0.10985262499889359,1.0,74e66c11e57d405efbe19a02f13985423c60121aaf1960175664824578d0255d,2521657055,4094230609,264134123,842399429,False
XGBoost,xgboost_06,6,"{""learning_rate"":0.05,""max_depth"":7,""n_estimators"":300}",a8aed1694832e22bd395079500342833d98f8683ba6180677a3564ed319cc19b,1,7,1,1:1,654,164,0.5,0.80755502676978,0.7394448989235021,0.47888979784700414,0.7861271676300579,0.7472527472527473,0.8292682926829268,0.17328990995883942,0.10109845799161121,1.0,850c47286a5ff6cd122bd73c64fe0c130b4f93517aa2f9a4ab0225caa37355f8,3885368634,2431578943,1619142612,2845288631,False
XGBoost,xgboost_06,6,"{""learning_rate"":0.05,""max_depth"":7,""n_estimators"":300}",a8aed1694832e22bd395079500342833d98f8683ba6180677a3564ed319cc19b,1,7,2,1:1,654,164,0.5,0.8670434265318263,0.8326062672001225,0.6652125344002451,0.8,0.7346938775510204,0.8780487804878049,0.14867165684700012,0.10964983300073072,1.0,a58cdcfd42f13eceb650b4e384e38c15ac3d252fa7a9cf51166f33733bec7373,1974496636,1223099430,3474831427,1753096405,False
XGBoost,xgboost_06,6,"{""learning_rate"":0.05,""max_depth"":7,""n_estimators"":300}",a8aed1694832e22bd395079500342833d98f8683ba6180677a3564ed319cc19b,1,7,3,1:1,654,164,0.5,0.7861392028554433,0.7147319390524774,0.4294638781049549,0.7630057803468208,0.7252747252747253,0.8048780487804879,0.19051654636859894,0.10089041595347226,1.0,0787429d108adbb8f716a931370780c2b496f9b4a512b716c8c31ecf6b7c002f,2308674788,3336517605,3055848280,3336201630,False
XGBoost,xgboost_06,6,"{""learning_rate"":0.05,""max_depth"":7,""n_estimators"":300}",a8aed1694832e22bd395079500342833d98f8683ba6180677a3564ed319cc19b,1,7,4,1:1,656,162,0.5,0.8603871361073007,0.8228932003529938,0.6457864007059877,0.7710843373493976,0.7529411764705882,0.7901234567901234,0.15318776667118073,0.10499550000531599,1.0,fd5a87140a37ffe54b3e77a354b4bd55b27678e3392d3612bcc974fcd938aac7,26843640,2371250898,2203746204,3425021368,False
XGBoost,xgboost_06,6,"{""learning_rate"":0.05,""max_depth"":7,""n_estimators"":300}",a8aed1694832e22bd395079500342833d98f8683ba6180677a3564ed319cc19b,2,13,0,1:1,654,164,0.5,0.820493753718025,0.7513380287786926,0.5026760575573852,0.7664670658682635,0.7529411764705882,0.7804878048780488,0.17230084538459778,0.10186579200671986,1.0,b1e29c5fe8af2195e9abc0f61c3f3c4d213fca3f89d1193c4a6653fb53126347,4197323642,3493101560,3288021756,261167866,False
XGBoost,xgboost_06,6,"{""learning_rate"":0.05,""max_depth"":7,""n_estimators"":300}",a8aed1694832e22bd395079500342833d98f8683ba6180677a3564ed319cc19b,2,13,1,1:1,654,164,0.5,0.8414634146341464,0.7743685752910072,0.5487371505820144,0.7831325301204819,0.7738095238095238,0.7926829268292683,0.16612030565738678,0.10815495799761266,1.0,e3474974719a7c03379f3842f5f95d0ed2107cdd8a6ad009ba26fbebf9498feb,3966191544,1903504230,667876274,3411050692,False
XGBoost,xgboost_06,6,"{""learning_rate"":0.05,""max_depth"":7,""n_estimators"":300}",a8aed1694832e22bd395079500342833d98f8683ba6180677a3564ed319cc19b,2,13,2,1:1,654,164,0.5,0.8200475907198096,0.7712199918863247,0.5424399837726495,0.7796610169491526,0.7263157894736842,0.8414634146341463,0.17554908990859985,0.11447500000940636,1.0,9a349209c7d3b9bd40965068b2a613107212665860e7bbb02addbf0f67e5d1fd,1319135375,2081672424,66402786,1633975599,False
XGBoost,xgboost_06,6,"{""learning_rate"":0.05,""max_depth"":7,""n_estimators"":300}",a8aed1694832e22bd395079500342833d98f8683ba6180677a3564ed319cc19b,2,13,3,1:1,654,164,0.5,0.8209399167162403,0.7538191219587402,0.5076382439174805,0.7865168539325843,0.7291666666666666,0.8536585365853658,0.16052336990833282,0.11305754096247256,1.0,d3ae34fbcfb73c5a1be0c96ad00e7eec3433eb478aea0c91dd2163d7870a83ad,2293279620,3028097891,2933952375,4053831653,False
XGBoost,xgboost_06,6,"{""learning_rate"":0.05,""max_depth"":7,""n_estimators"":300}",a8aed1694832e22bd395079500342833d98f8683ba6180677a3564ed319cc19b,2,13,4,1:1,656,162,0.5,0.8722755677488188,0.7936955771927303,0.5873911543854606,0.8143712574850299,0.7906976744186046,0.8395061728395061,0.13985835015773773,0.1050932920188643,1.0,253211c36a4e03f7beb1ba4c6fb38a30d71faa649d183e5779b5f27efb6ce6bf,3410040530,245057234,532155413,762879727,False
XGBoost,xgboost_07,7,"{""learning_rate"":0.03,""max_depth"":3,""n_estimators"":500}",a214318751f9b090bb43d21b64cb6179664c19130100e04f717d6f526aee91fc,0,42,0,1:1,654,164,0.5,0.8542534205829864,0.7935010197897564,0.5870020395795128,0.7865168539325843,0.7291666666666666,0.8536585365853658,0.14590883255004883,0.08478141599334776,1.0,b9f1edb670a53afef5f4c085e90bf5e13a41156251f6667b1a65871f2c4c47e0,1973658644,3715151037,233149161,2399526814,False
XGBoost,xgboost_07,7,"{""learning_rate"":0.03,""max_depth"":3,""n_estimators"":500}",a214318751f9b090bb43d21b64cb6179664c19130100e04f717d6f526aee91fc,0,42,1,1:1,654,164,0.5,0.8503866745984533,0.8233328430662347,0.6466656861324693,0.768361581920904,0.7157894736842105,0.8292682926829268,0.1553373634815216,0.09112570795696229,1.0,c59d36017adea2f05186de3822c3dd8c95d35f359f7ff35c586a14db623a3103,2786658438,2191900349,3517737438,2371526345,False
XGBoost,xgboost_07,7,"{""learning_rate"":0.03,""max_depth"":3,""n_estimators"":500}",a214318751f9b090bb43d21b64cb6179664c19130100e04f717d6f526aee91fc,0,42,2,1:1,654,164,0.5,0.860202260559191,0.8445023395761297,0.6890046791522595,0.8108108108108109,0.7281553398058253,0.9146341463414634,0.14368261396884918,0.08973208302631974,1.0,091c82241439a2f22ad7066be22112027623cd7401cf37ff3920d078a7a913e2,1888399133,2010463502,629780227,48921201,False
XGBoost,xgboost_07,7,"{""learning_rate"":0.03,""max_depth"":3,""n_estimators"":500}",a214318751f9b090bb43d21b64cb6179664c19130100e04f717d6f526aee91fc,0,42,3,1:1,654,164,0.5,0.8527662105889351,0.8329810509967324,0.6659621019934647,0.7790697674418605,0.7444444444444445,0.8170731707317073,0.15403898060321808,0.09455429197987542,1.0,971bb2c8d0b3b7495acb94f62ea8741d4ff4e6e52c17cfe1f97b50e8801a1513,1161336969,599905126,3703496083,230894654,False
XGBoost,xgboost_07,7,"{""learning_rate"":0.03,""max_depth"":3,""n_estimators"":500}",a214318751f9b090bb43d21b64cb6179664c19130100e04f717d6f526aee91fc,0,42,4,1:1,656,162,0.5,0.8302088096326781,0.7921998104841965,0.584399620968393,0.7734806629834254,0.7,0.8641975308641975,0.16654637455940247,0.08377291698707268,1.0,78610b63b09a3b3be6828cac4d903ead2c4bc5386d421ebf8e60227a9040ab96,1001834057,624141303,515383750,972393367,False
XGBoost,xgboost_07,7,"{""learning_rate"":0.03,""max_depth"":3,""n_estimators"":500}",a214318751f9b090bb43d21b64cb6179664c19130100e04f717d6f526aee91fc,1,7,0,1:1,654,164,0.5,0.8334324806662701,0.7676859451981485,0.535371890396297,0.7978142076502732,0.7227722772277227,0.8902439024390244,0.15819954872131348,0.08945170801598579,1.0,74e66c11e57d405efbe19a02f13985423c60121aaf1960175664824578d0255d,2521657055,4094230609,264134123,842399429,False
XGBoost,xgboost_07,7,"{""learning_rate"":0.03,""max_depth"":3,""n_estimators"":500}",a214318751f9b090bb43d21b64cb6179664c19130100e04f717d6f526aee91fc,1,7,1,1:1,654,164,0.5,0.8048780487804879,0.7243732666327325,0.448746533265465,0.7790697674418605,0.7444444444444445,0.8170731707317073,0.16841207444667816,0.08372537500690669,1.0,850c47286a5ff6cd122bd73c64fe0c130b4f93517aa2f9a4ab0225caa37355f8,3885368634,2431578943,1619142612,2845288631,False
XGBoost,xgboost_07,7,"{""learning_rate"":0.03,""max_depth"":3,""n_estimators"":500}",a214318751f9b090bb43d21b64cb6179664c19130100e04f717d6f526aee91fc,1,7,2,1:1,654,164,0.5,0.8581201665675193,0.8217143616570322,0.6434287233140643,0.7777777777777778,0.7142857142857143,0.8536585365853658,0.15171197056770325,0.09075929195387289,1.0,a58cdcfd42f13eceb650b4e384e38c15ac3d252fa7a9cf51166f33733bec7373,1974496636,1223099430,3474831427,1753096405,False
XGBoost,xgboost_07,7,"{""learning_rate"":0.03,""max_depth"":3,""n_estimators"":500}",a214318751f9b090bb43d21b64cb6179664c19130100e04f717d6f526aee91fc,1,7,3,1:1,654,164,0.5,0.7914931588340273,0.7210071508743712,0.44201430174874234,0.7840909090909091,0.7340425531914894,0.8414634146341463,0.17981550097465515,0.08414858300238848,1.0,0787429d108adbb8f716a931370780c2b496f9b4a512b716c8c31ecf6b7c002f,2308674788,3336517605,3055848280,3336201630,False
XGBoost,xgboost_07,7,"{""learning_rate"":0.03,""max_depth"":3,""n_estimators"":500}",a214318751f9b090bb43d21b64cb6179664c19130100e04f717d6f526aee91fc,1,7,4,1:1,656,162,0.5,0.8369151044048163,0.7846847452750151,0.5693694905500302,0.7931034482758621,0.7419354838709677,0.8518518518518519,0.15675994753837585,0.08687633398221806,1.0,fd5a87140a37ffe54b3e77a354b4bd55b27678e3392d3612bcc974fcd938aac7,26843640,2371250898,2203746204,3425021368,False
XGBoost,xgboost_07,7,"{""learning_rate"":0.03,""max_depth"":3,""n_estimators"":500}",a214318751f9b090bb43d21b64cb6179664c19130100e04f717d6f526aee91fc,2,13,0,1:1,654,164,0.5,0.8245092207019631,0.7588116993279085,0.517623398655817,0.7657142857142857,0.7204301075268817,0.8170731707317073,0.16736985743045807,0.08371887501562014,1.0,b1e29c5fe8af2195e9abc0f61c3f3c4d213fca3f89d1193c4a6653fb53126347,4197323642,3493101560,3288021756,261167866,False
XGBoost,xgboost_07,7,"{""learning_rate"":0.03,""max_depth"":3,""n_estimators"":500}",a214318751f9b090bb43d21b64cb6179664c19130100e04f717d6f526aee91fc,2,13,1,1:1,654,164,0.5,0.8322427126710291,0.7460695341755119,0.49213906835102383,0.7928994082840237,0.7701149425287356,0.8170731707317073,0.1634911447763443,0.08844474999932572,1.0,e3474974719a7c03379f3842f5f95d0ed2107cdd8a6ad009ba26fbebf9498feb,3966191544,1903504230,667876274,3411050692,False
XGBoost,xgboost_07,7,"{""learning_rate"":0.03,""max_depth"":3,""n_estimators"":500}",a214318751f9b090bb43d21b64cb6179664c19130100e04f717d6f526aee91fc,2,13,2,1:1,654,164,0.5,0.8370017846519928,0.7715937837661782,0.5431875675323563,0.7954545454545454,0.7446808510638298,0.8536585365853658,0.15863026678562164,0.09616358298808336,1.0,9a349209c7d3b9bd40965068b2a613107212665860e7bbb02addbf0f67e5d1fd,1319135375,2081672424,66402786,1633975599,False
XGBoost,xgboost_07,7,"{""learning_rate"":0.03,""max_depth"":3,""n_estimators"":500}",a214318751f9b090bb43d21b64cb6179664c19130100e04f717d6f526aee91fc,2,13,3,1:1,654,164,0.5,0.8395300416418798,0.7847254046418914,0.5694508092837829,0.8,0.7346938775510204,0.8780487804878049,0.15281839668750763,0.09131870802957565,1.0,d3ae34fbcfb73c5a1be0c96ad00e7eec3433eb478aea0c91dd2163d7870a83ad,2293279620,3028097891,2933952375,4053831653,False
XGBoost,xgboost_07,7,"{""learning_rate"":0.03,""max_depth"":3,""n_estimators"":500}",a214318751f9b090bb43d21b64cb6179664c19130100e04f717d6f526aee91fc,2,13,4,1:1,656,162,0.5,0.8657216887669563,0.8112827478122043,0.6225654956244087,0.7928994082840237,0.7613636363636364,0.8271604938271605,0.14133967459201813,0.08538350003072992,1.0,253211c36a4e03f7beb1ba4c6fb38a30d71faa649d183e5779b5f27efb6ce6bf,3410040530,245057234,532155413,762879727,False
XGBoost,xgboost_08,8,"{""learning_rate"":0.05,""max_depth"":3,""n_estimators"":500}",0a2099d856937a1d65e74e799c5063cf6d14b0002660429dab2027ac456ba8cc,0,42,0,1:1,654,164,0.5,0.8579714455681142,0.7840758039734855,0.5681516079469711,0.8068181818181818,0.7553191489361702,0.8658536585365854,0.14355355501174927,0.08367108402308077,1.0,b9f1edb670a53afef5f4c085e90bf5e13a41156251f6667b1a65871f2c4c47e0,1973658644,3715151037,233149161,2399526814,False
XGBoost,xgboost_08,8,"{""learning_rate"":0.05,""max_depth"":3,""n_estimators"":500}",0a2099d856937a1d65e74e799c5063cf6d14b0002660429dab2027ac456ba8cc,0,42,1,1:1,654,164,0.5,0.8466686496133254,0.8113135644943745,0.6226271289887491,0.7570621468926554,0.7052631578947368,0.8170731707317073,0.16230988502502441,0.08976337499916553,1.0,c59d36017adea2f05186de3822c3dd8c95d35f359f7ff35c586a14db623a3103,2786658438,2191900349,3517737438,2371526345,False
XGBoost,xgboost_08,8,"{""learning_rate"":0.05,""max_depth"":3,""n_estimators"":500}",0a2099d856937a1d65e74e799c5063cf6d14b0002660429dab2027ac456ba8cc,0,42,2,1:1,654,164,0.5,0.8567816775728734,0.8365296759093688,0.6730593518187376,0.8131868131868132,0.74,0.9024390243902439,0.14867429435253143,0.08838054200168699,1.0,091c82241439a2f22ad7066be22112027623cd7401cf37ff3920d078a7a913e2,1888399133,2010463502,629780227,48921201,False
XGBoost,xgboost_08,8,"{""learning_rate"":0.05,""max_depth"":3,""n_estimators"":500}",0a2099d856937a1d65e74e799c5063cf6d14b0002660429dab2027ac456ba8cc,0,42,3,1:1,654,164,0.5,0.8511302795954788,0.8296489946626415,0.659297989325283,0.7471264367816092,0.7065217391304348,0.7926829268292683,0.1576010137796402,0.09269208298064768,1.0,971bb2c8d0b3b7495acb94f62ea8741d4ff4e6e52c17cfe1f97b50e8801a1513,1161336969,599905126,3703496083,230894654,False
XGBoost,xgboost_08,8,"{""learning_rate"":0.05,""max_depth"":3,""n_estimators"":500}",0a2099d856937a1d65e74e799c5063cf6d14b0002660429dab2027ac456ba8cc,0,42,4,1:1,656,162,0.5,0.8236549306508154,0.791179985452358,0.582359970904716,0.7701149425287356,0.7204301075268817,0.8271604938271605,0.17505837976932526,0.0827574580325745,1.0,78610b63b09a3b3be6828cac4d903ead2c4bc5386d421ebf8e60227a9040ab96,1001834057,624141303,515383750,972393367,False
XGBoost,xgboost_08,8,"{""learning_rate"":0.05,""max_depth"":3,""n_estimators"":500}",0a2099d856937a1d65e74e799c5063cf6d14b0002660429dab2027ac456ba8cc,1,7,0,1:1,654,164,0.5,0.8365556216537775,0.7638989331662218,0.5277978663324436,0.8021390374331551,0.7142857142857143,0.9146341463414634,0.15771052241325378,0.08850391703890637,1.0,74e66c11e57d405efbe19a02f13985423c60121aaf1960175664824578d0255d,2521657055,4094230609,264134123,842399429,False
XGBoost,xgboost_08,8,"{""learning_rate"":0.05,""max_depth"":3,""n_estimators"":500}",0a2099d856937a1d65e74e799c5063cf6d14b0002660429dab2027ac456ba8cc,1,7,1,1:1,654,164,0.5,0.7947650208209399,0.702695212923856,0.4053904258477119,0.7529411764705882,0.7272727272727273,0.7804878048780488,0.1799180507659912,0.08294829196529463,1.0,850c47286a5ff6cd122bd73c64fe0c130b4f93517aa2f9a4ab0225caa37355f8,3885368634,2431578943,1619142612,2845288631,False
XGBoost,xgboost_08,8,"{""learning_rate"":0.05,""max_depth"":3,""n_estimators"":500}",0a2099d856937a1d65e74e799c5063cf6d14b0002660429dab2027ac456ba8cc,1,7,2,1:1,654,164,0.5,0.8662998215348007,0.8344688971330458,0.6689377942660917,0.797752808988764,0.7395833333333334,0.8658536585365854,0.1503477543592453,0.0895654580090195,1.0,a58cdcfd42f13eceb650b4e384e38c15ac3d252fa7a9cf51166f33733bec7373,1974496636,1223099430,3474831427,1753096405,False
XGBoost,xgboost_08,8,"{""learning_rate"":0.05,""max_depth"":3,""n_estimators"":500}",0a2099d856937a1d65e74e799c5063cf6d14b0002660429dab2027ac456ba8cc,1,7,3,1:1,654,164,0.5,0.7813801308744794,0.7138127376660888,0.42762547533217754,0.7586206896551724,0.717391304347826,0.8048780487804879,0.19315817952156067,0.08292100002290681,1.0,0787429d108adbb8f716a931370780c2b496f9b4a512b716c8c31ecf6b7c002f,2308674788,3336517605,3055848280,3336201630,False
XGBoost,xgboost_08,8,"{""learning_rate"":0.05,""max_depth"":3,""n_estimators"":500}",0a2099d856937a1d65e74e799c5063cf6d14b0002660429dab2027ac456ba8cc,1,7,4,1:1,656,162,0.5,0.8392013412589544,0.7878769669289197,0.5757539338578395,0.7738095238095238,0.7471264367816092,0.8024691358024691,0.16200926899909973,0.08430383395170793,1.0,fd5a87140a37ffe54b3e77a354b4bd55b27678e3392d3612bcc974fcd938aac7,26843640,2371250898,2203746204,3425021368,False
XGBoost,xgboost_08,8,"{""learning_rate"":0.05,""max_depth"":3,""n_estimators"":500}",0a2099d856937a1d65e74e799c5063cf6d14b0002660429dab2027ac456ba8cc,2,13,0,1:1,654,164,0.5,0.8224271267102915,0.7516615814406643,0.5033231628813286,0.7544910179640718,0.7411764705882353,0.7682926829268293,0.1709563285112381,0.08262562501477078,1.0,b1e29c5fe8af2195e9abc0f61c3f3c4d213fca3f89d1193c4a6653fb53126347,4197323642,3493101560,3288021756,261167866,False
XGBoost,xgboost_08,8,"{""learning_rate"":0.05,""max_depth"":3,""n_estimators"":500}",0a2099d856937a1d65e74e799c5063cf6d14b0002660429dab2027ac456ba8cc,2,13,1,1:1,654,164,0.5,0.8329863176680548,0.7514749377381573,0.5029498754763146,0.7738095238095238,0.7558139534883721,0.7926829268292683,0.16781115531921387,0.08709929103497416,1.0,e3474974719a7c03379f3842f5f95d0ed2107cdd8a6ad009ba26fbebf9498feb,3966191544,1903504230,667876274,3411050692,False
XGBoost,xgboost_08,8,"{""learning_rate"":0.05,""max_depth"":3,""n_estimators"":500}",0a2099d856937a1d65e74e799c5063cf6d14b0002660429dab2027ac456ba8cc,2,13,2,1:1,654,164,0.5,0.8314991076740036,0.7786842003889349,0.5573684007778699,0.7885714285714286,0.7419354838709677,0.8414634146341463,0.1693274974822998,0.09292424999875948,1.0,9a349209c7d3b9bd40965068b2a613107212665860e7bbb02addbf0f67e5d1fd,1319135375,2081672424,66402786,1633975599,False
XGBoost,xgboost_08,8,"{""learning_rate"":0.05,""max_depth"":3,""n_estimators"":500}",0a2099d856937a1d65e74e799c5063cf6d14b0002660429dab2027ac456ba8cc,2,13,3,1:1,654,164,0.5,0.8277810826888756,0.7672941743350892,0.5345883486701783,0.797752808988764,0.7395833333333334,0.8658536585365854,0.15994369983673096,0.0902739999582991,1.0,d3ae34fbcfb73c5a1be0c96ad00e7eec3433eb478aea0c91dd2163d7870a83ad,2293279620,3028097891,2933952375,4053831653,False
XGBoost,xgboost_08,8,"{""learning_rate"":0.05,""max_depth"":3,""n_estimators"":500}",0a2099d856937a1d65e74e799c5063cf6d14b0002660429dab2027ac456ba8cc,2,13,4,1:1,656,162,0.5,0.8661789361377839,0.7940588888335105,0.588117777667021,0.8048780487804879,0.7951807228915663,0.8148148148148148,0.1439214050769806,0.0848293750314042,1.0,253211c36a4e03f7beb1ba4c6fb38a30d71faa649d183e5779b5f27efb6ce6bf,3410040530,245057234,532155413,762879727,False
XGBoost,xgboost_09,9,"{""learning_rate"":0.03,""max_depth"":5,""n_estimators"":500}",77ac2e276454f25987439f5378548300d895cabd00ff3c03e73d0f6c58b89ad5,0,42,0,1:1,654,164,0.5,0.8597560975609756,0.7873042872943209,0.5746085745886418,0.8295454545454546,0.776595744680851,0.8902439024390244,0.14143817126750946,0.13579745800234377,1.0,b9f1edb670a53afef5f4c085e90bf5e13a41156251f6667b1a65871f2c4c47e0,1973658644,3715151037,233149161,2399526814,False
XGBoost,xgboost_09,9,"{""learning_rate"":0.03,""max_depth"":5,""n_estimators"":500}",77ac2e276454f25987439f5378548300d895cabd00ff3c03e73d0f6c58b89ad5,0,42,1,1:1,654,164,0.5,0.8459250446162998,0.812367533160766,0.6247350663215321,0.768361581920904,0.7157894736842105,0.8292682926829268,0.16257768869400024,0.14756420796038583,1.0,c59d36017adea2f05186de3822c3dd8c95d35f359f7ff35c586a14db623a3103,2786658438,2191900349,3517737438,2371526345,False
XGBoost,xgboost_09,9,"{""learning_rate"":0.03,""max_depth"":5,""n_estimators"":500}",77ac2e276454f25987439f5378548300d895cabd00ff3c03e73d0f6c58b89ad5,0,42,2,1:1,654,164,0.5,0.8523200475907199,0.8311933768685125,0.6623867537370249,0.8172043010752689,0.7307692307692307,0.926829268292683,0.15150931477546692,0.15317862498341128,1.0,091c82241439a2f22ad7066be22112027623cd7401cf37ff3920d078a7a913e2,1888399133,2010463502,629780227,48921201,False
XGBoost,xgboost_09,9,"{""learning_rate"":0.03,""max_depth"":5,""n_estimators"":500}",77ac2e276454f25987439f5378548300d895cabd00ff3c03e73d0f6c58b89ad5,0,42,3,1:1,654,164,0.5,0.8505353955978584,0.8241226974403657,0.6482453948807314,0.7602339181286549,0.7303370786516854,0.7926829268292683,0.15671171247959137,0.1542606659932062,1.0,971bb2c8d0b3b7495acb94f62ea8741d4ff4e6e52c17cfe1f97b50e8801a1513,1161336969,599905126,3703496083,230894654,False
XGBoost,xgboost_09,9,"{""learning_rate"":0.03,""max_depth"":5,""n_estimators"":500}",77ac2e276454f25987439f5378548300d895cabd00ff3c03e73d0f6c58b89ad5,0,42,4,1:1,656,162,0.5,0.8280749885688157,0.8014319183856023,0.6028638367712047,0.7821229050279329,0.7142857142857143,0.8641975308641975,0.17385415732860565,0.1343234580126591,1.0,78610b63b09a3b3be6828cac4d903ead2c4bc5386d421ebf8e60227a9040ab96,1001834057,624141303,515383750,972393367,False
XGBoost,xgboost_09,9,"{""learning_rate"":0.03,""max_depth"":5,""n_estimators"":500}",77ac2e276454f25987439f5378548300d895cabd00ff3c03e73d0f6c58b89ad5,1,7,0,1:1,654,164,0.5,0.847412254610351,0.7728350805077909,0.5456701610155819,0.7956989247311828,0.7115384615384616,0.9024390243902439,0.15802019834518433,0.14669354201760143,1.0,74e66c11e57d405efbe19a02f13985423c60121aaf1960175664824578d0255d,2521657055,4094230609,264134123,842399429,False
XGBoost,xgboost_09,9,"{""learning_rate"":0.03,""max_depth"":5,""n_estimators"":500}",77ac2e276454f25987439f5378548300d895cabd00ff3c03e73d0f6c58b89ad5,1,7,1,1:1,654,164,0.5,0.7980368828078526,0.7126362648162403,0.42527252963248063,0.7701149425287356,0.7282608695652174,0.8170731707317073,0.17563192546367645,0.13321862497832626,1.0,850c47286a5ff6cd122bd73c64fe0c130b4f93517aa2f9a4ab0225caa37355f8,3885368634,2431578943,1619142612,2845288631,False
XGBoost,xgboost_09,9,"{""learning_rate"":0.03,""max_depth"":5,""n_estimators"":500}",77ac2e276454f25987439f5378548300d895cabd00ff3c03e73d0f6c58b89ad5,1,7,2,1:1,654,164,0.5,0.861540749553837,0.8173018833586566,0.6346037667173132,0.7821229050279329,0.7216494845360825,0.8536585365853658,0.1516919881105423,0.1461524999467656,1.0,a58cdcfd42f13eceb650b4e384e38c15ac3d252fa7a9cf51166f33733bec7373,1974496636,1223099430,3474831427,1753096405,False
XGBoost,xgboost_09,9,"{""learning_rate"":0.03,""max_depth"":5,""n_estimators"":500}",77ac2e276454f25987439f5378548300d895cabd00ff3c03e73d0f6c58b89ad5,1,7,3,1:1,654,164,0.5,0.7853955978584176,0.7134482920928756,0.42689658418575127,0.7514450867052023,0.7142857142857143,0.7926829268292683,0.1892576962709427,0.13528645900078118,1.0,0787429d108adbb8f716a931370780c2b496f9b4a512b716c8c31ecf6b7c002f,2308674788,3336517605,3055848280,3336201630,False
XGBoost,xgboost_09,9,"{""learning_rate"":0.03,""max_depth"":5,""n_estimators"":500}",77ac2e276454f25987439f5378548300d895cabd00ff3c03e73d0f6c58b89ad5,1,7,4,1:1,656,162,0.5,0.8527663465935071,0.7969252152859925,0.5938504305719849,0.7810650887573964,0.75,0.8148148148148148,0.15254904329776764,0.13808066700585186,1.0,fd5a87140a37ffe54b3e77a354b4bd55b27678e3392d3612bcc974fcd938aac7,26843640,2371250898,2203746204,3425021368,False
XGBoost,xgboost_09,9,"{""learning_rate"":0.03,""max_depth"":5,""n_estimators"":500}",77ac2e276454f25987439f5378548300d895cabd00ff3c03e73d0f6c58b89ad5,2,13,0,1:1,654,164,0.5,0.8210886377156454,0.7398343833087969,0.47966876661759383,0.7719298245614035,0.7415730337078652,0.8048780487804879,0.17007383704185486,0.13478595903143287,1.0,b1e29c5fe8af2195e9abc0f61c3f3c4d213fca3f89d1193c4a6653fb53126347,4197323642,3493101560,3288021756,261167866,False
XGBoost,xgboost_09,9,"{""learning_rate"":0.03,""max_depth"":5,""n_estimators"":500}",77ac2e276454f25987439f5378548300d895cabd00ff3c03e73d0f6c58b89ad5,2,13,1,1:1,654,164,0.5,0.8353658536585367,0.7540274860734621,0.5080549721469243,0.7804878048780488,0.7804878048780488,0.7804878048780488,0.16560745239257812,0.1445956249954179,1.0,e3474974719a7c03379f3842f5f95d0ed2107cdd8a6ad009ba26fbebf9498feb,3966191544,1903504230,667876274,3411050692,False
XGBoost,xgboost_09,9,"{""learning_rate"":0.03,""max_depth"":5,""n_estimators"":500}",77ac2e276454f25987439f5378548300d895cabd00ff3c03e73d0f6c58b89ad5,2,13,2,1:1,654,164,0.5,0.8306067816775728,0.7800079661636126,0.5600159323272251,0.7909604519774012,0.7368421052631579,0.8536585365853658,0.17128019034862518,0.15499279199866578,1.0,9a349209c7d3b9bd40965068b2a613107212665860e7bbb02addbf0f67e5d1fd,1319135375,2081672424,66402786,1633975599,False
XGBoost,xgboost_09,9,"{""learning_rate"":0.03,""max_depth"":5,""n_estimators"":500}",77ac2e276454f25987439f5378548300d895cabd00ff3c03e73d0f6c58b89ad5,2,13,3,1:1,654,164,0.5,0.8316478286734087,0.7746149498489083,0.5492298996978167,0.8089887640449438,0.75,0.8780487804878049,0.15794503688812256,0.14845791598781943,1.0,d3ae34fbcfb73c5a1be0c96ad00e7eec3433eb478aea0c91dd2163d7870a83ad,2293279620,3028097891,2933952375,4053831653,False
XGBoost,xgboost_09,9,"{""learning_rate"":0.03,""max_depth"":5,""n_estimators"":500}",77ac2e276454f25987439f5378548300d895cabd00ff3c03e73d0f6c58b89ad5,2,13,4,1:1,656,162,0.5,0.86374028349337,0.7871169452873462,0.5742338905746924,0.7926829268292683,0.7831325301204819,0.8024691358024691,0.14427079260349274,0.13805379200493917,1.0,253211c36a4e03f7beb1ba4c6fb38a30d71faa649d183e5779b5f27efb6ce6bf,3410040530,245057234,532155413,762879727,False
XGBoost,xgboost_10,10,"{""learning_rate"":0.05,""max_depth"":5,""n_estimators"":500}",8fad0e42f64b0f02555f0111c1d8dd01e2e8e0a5fc860c4128ec7914a2f4a41c,0,42,0,1:1,654,164,0.5,0.8660023795359905,0.8042795127416773,0.6085590254833546,0.8426966292134831,0.78125,0.9146341463414634,0.13885220885276794,0.12815345800481737,1.0,b9f1edb670a53afef5f4c085e90bf5e13a41156251f6667b1a65871f2c4c47e0,1973658644,3715151037,233149161,2399526814,False
XGBoost,xgboost_10,10,"{""learning_rate"":0.05,""max_depth"":5,""n_estimators"":500}",8fad0e42f64b0f02555f0111c1d8dd01e2e8e0a5fc860c4128ec7914a2f4a41c,0,42,1,1:1,654,164,0.5,0.841017251635931,0.8088795618048259,0.6177591236096518,0.7613636363636364,0.7127659574468085,0.8170731707317073,0.1726793348789215,0.13908679195446894,1.0,c59d36017adea2f05186de3822c3dd8c95d35f359f7ff35c586a14db623a3103,2786658438,2191900349,3517737438,2371526345,False
XGBoost,xgboost_10,10,"{""learning_rate"":0.05,""max_depth"":5,""n_estimators"":500}",8fad0e42f64b0f02555f0111c1d8dd01e2e8e0a5fc860c4128ec7914a2f4a41c,0,42,2,1:1,654,164,0.5,0.858863771564545,0.8434920442668373,0.6869840885336747,0.8021978021978022,0.73,0.8902439024390244,0.1580975353717804,0.13598204200388864,1.0,091c82241439a2f22ad7066be22112027623cd7401cf37ff3920d078a7a913e2,1888399133,2010463502,629780227,48921201,False
XGBoost,xgboost_10,10,"{""learning_rate"":0.05,""max_depth"":5,""n_estimators"":500}",8fad0e42f64b0f02555f0111c1d8dd01e2e8e0a5fc860c4128ec7914a2f4a41c,0,42,3,1:1,654,164,0.5,0.8392325996430696,0.8129561878048249,0.6259123756096499,0.7570621468926554,0.7052631578947368,0.8170731707317073,0.16331420838832855,0.14622758299810812,1.0,971bb2c8d0b3b7495acb94f62ea8741d4ff4e6e52c17cfe1f97b50e8801a1513,1161336969,599905126,3703496083,230894654,False
XGBoost,xgboost_10,10,"{""learning_rate"":0.05,""max_depth"":5,""n_estimators"":500}",8fad0e42f64b0f02555f0111c1d8dd01e2e8e0a5fc860c4128ec7914a2f4a41c,0,42,4,1:1,656,162,0.5,0.8216735253772292,0.7996551167319355,0.5993102334638709,0.7613636363636364,0.7052631578947368,0.8271604938271605,0.1845090687274933,0.1266007920494303,1.0,78610b63b09a3b3be6828cac4d903ead2c4bc5386d421ebf8e60227a9040ab96,1001834057,624141303,515383750,972393367,False
XGBoost,xgboost_10,10,"{""learning_rate"":0.05,""max_depth"":5,""n_estimators"":500}",8fad0e42f64b0f02555f0111c1d8dd01e2e8e0a5fc860c4128ec7914a2f4a41c,1,7,0,1:1,654,164,0.5,0.8475609756097561,0.7647357953619143,0.5294715907238285,0.8021390374331551,0.7142857142857143,0.9146341463414634,0.16023340821266174,0.1373200829839334,1.0,74e66c11e57d405efbe19a02f13985423c60121aaf1960175664824578d0255d,2521657055,4094230609,264134123,842399429,False
XGBoost,xgboost_10,10,"{""learning_rate"":0.05,""max_depth"":5,""n_estimators"":500}",8fad0e42f64b0f02555f0111c1d8dd01e2e8e0a5fc860c4128ec7914a2f4a41c,1,7,1,1:1,654,164,0.5,0.8060678167757287,0.7322498605255523,0.4644997210511046,0.783625730994152,0.7528089887640449,0.8170731707317073,0.1775771975517273,0.1272427499643527,1.0,850c47286a5ff6cd122bd73c64fe0c130b4f93517aa2f9a4ab0225caa37355f8,3885368634,2431578943,1619142612,2845288631,False
XGBoost,xgboost_10,10,"{""learning_rate"":0.05,""max_depth"":5,""n_estimators"":500}",8fad0e42f64b0f02555f0111c1d8dd01e2e8e0a5fc860c4128ec7914a2f4a41c,1,7,2,1:1,654,164,0.5,0.8639202855443189,0.8299963374307697,0.6599926748615395,0.7840909090909091,0.7340425531914894,0.8414634146341463,0.15482258796691895,0.13802937499713153,1.0,a58cdcfd42f13eceb650b4e384e38c15ac3d252fa7a9cf51166f33733bec7373,1974496636,1223099430,3474831427,1753096405,False
XGBoost,xgboost_10,10,"{""learning_rate"":0.05,""max_depth"":5,""n_estimators"":500}",8fad0e42f64b0f02555f0111c1d8dd01e2e8e0a5fc860c4128ec7914a2f4a41c,1,7,3,1:1,654,164,0.5,0.7797441998810233,0.7128277571197615,0.4256555142395231,0.7586206896551724,0.717391304347826,0.8048780487804879,0.20007891952991486,0.12623587501002476,1.0,0787429d108adbb8f716a931370780c2b496f9b4a512b716c8c31ecf6b7c002f,2308674788,3336517605,3055848280,3336201630,False
XGBoost,xgboost_10,10,"{""learning_rate"":0.05,""max_depth"":5,""n_estimators"":500}",8fad0e42f64b0f02555f0111c1d8dd01e2e8e0a5fc860c4128ec7914a2f4a41c,1,7,4,1:1,656,162,0.5,0.850480109739369,0.7980322215777517,0.5960644431555033,0.7590361445783133,0.7411764705882353,0.7777777777777778,0.1630876064300537,0.13034154201159254,1.0,fd5a87140a37ffe54b3e77a354b4bd55b27678e3392d3612bcc974fcd938aac7,26843640,2371250898,2203746204,3425021368,False
XGBoost,xgboost_10,10,"{""learning_rate"":0.05,""max_depth"":5,""n_estimators"":500}",8fad0e42f64b0f02555f0111c1d8dd01e2e8e0a5fc860c4128ec7914a2f4a41c,2,13,0,1:1,654,164,0.5,0.8252528256989887,0.7497514761179542,0.49950295223590846,0.7664670658682635,0.7529411764705882,0.7804878048780488,0.17131160199642181,0.12711337499786168,1.0,b1e29c5fe8af2195e9abc0f61c3f3c4d213fca3f89d1193c4a6653fb53126347,4197323642,3493101560,3288021756,261167866,False
XGBoost,xgboost_10,10,"{""learning_rate"":0.05,""max_depth"":5,""n_estimators"":500}",8fad0e42f64b0f02555f0111c1d8dd01e2e8e0a5fc860c4128ec7914a2f4a41c,2,13,1,1:1,654,164,0.5,0.8399762046400951,0.761206925166688,0.522413850333376,0.7757575757575758,0.7710843373493976,0.7804878048780488,0.16755573451519012,0.13507941702846438,1.0,e3474974719a7c03379f3842f5f95d0ed2107cdd8a6ad009ba26fbebf9498feb,3966191544,1903504230,667876274,3411050692,False
XGBoost,xgboost_10,10,"{""learning_rate"":0.05,""max_depth"":5,""n_estimators"":500}",8fad0e42f64b0f02555f0111c1d8dd01e2e8e0a5fc860c4128ec7914a2f4a41c,2,13,2,1:1,654,164,0.5,0.8207911957168352,0.7816903350747901,0.5633806701495803,0.7840909090909091,0.7340425531914894,0.8414634146341463,0.18212302029132843,0.14212450000923127,1.0,9a349209c7d3b9bd40965068b2a613107212665860e7bbb02addbf0f67e5d1fd,1319135375,2081672424,66402786,1633975599,False
XGBoost,xgboost_10,10,"{""learning_rate"":0.05,""max_depth"":5,""n_estimators"":500}",8fad0e42f64b0f02555f0111c1d8dd01e2e8e0a5fc860c4128ec7914a2f4a41c,2,13,3,1:1,654,164,0.5,0.8286734086853064,0.7623816598433633,0.5247633196867265,0.8068181818181818,0.7553191489361702,0.8658536585365854,0.16031809151172638,0.13808204198721796,1.0,d3ae34fbcfb73c5a1be0c96ad00e7eec3433eb478aea0c91dd2163d7870a83ad,2293279620,3028097891,2933952375,4053831653,False
XGBoost,xgboost_10,10,"{""learning_rate"":0.05,""max_depth"":5,""n_estimators"":500}",8fad0e42f64b0f02555f0111c1d8dd01e2e8e0a5fc860c4128ec7914a2f4a41c,2,13,4,1:1,656,162,0.5,0.8602347203170249,0.7792071775940402,0.5584143551880805,0.8121212121212121,0.7976190476190477,0.8271604938271605,0.14769798517227173,0.13263654202455655,1.0,253211c36a4e03f7beb1ba4c6fb38a30d71faa649d183e5779b5f27efb6ce6bf,3410040530,245057234,532155413,762879727,False
XGBoost,xgboost_11,11,"{""learning_rate"":0.03,""max_depth"":7,""n_estimators"":500}",1b74c4652afbe1a184853b0b1ba29e69c4e1d83007c65f9504ca9765fe81b8a9,0,42,0,1:1,654,164,0.5,0.8609458655562165,0.7929631428183854,0.5859262856367708,0.8342857142857143,0.7849462365591398,0.8902439024390244,0.13959652185440063,0.17210970900487155,1.0,b9f1edb670a53afef5f4c085e90bf5e13a41156251f6667b1a65871f2c4c47e0,1973658644,3715151037,233149161,2399526814,False
XGBoost,xgboost_11,11,"{""learning_rate"":0.03,""max_depth"":7,""n_estimators"":500}",1b74c4652afbe1a184853b0b1ba29e69c4e1d83007c65f9504ca9765fe81b8a9,0,42,1,1:1,654,164,0.5,0.8405710886377156,0.8081360058248014,0.6162720116496028,0.770949720670391,0.711340206185567,0.8414634146341463,0.1674834042787552,0.18637045798823237,1.0,c59d36017adea2f05186de3822c3dd8c95d35f359f7ff35c586a14db623a3103,2786658438,2191900349,3517737438,2371526345,False
XGBoost,xgboost_11,11,"{""learning_rate"":0.03,""max_depth"":7,""n_estimators"":500}",1b74c4652afbe1a184853b0b1ba29e69c4e1d83007c65f9504ca9765fe81b8a9,0,42,2,1:1,654,164,0.5,0.8529149315883404,0.8294200123533935,0.6588400247067869,0.8108108108108109,0.7281553398058253,0.9146341463414634,0.15226012468338013,0.17876954202074558,1.0,091c82241439a2f22ad7066be22112027623cd7401cf37ff3920d078a7a913e2,1888399133,2010463502,629780227,48921201,False
XGBoost,xgboost_11,11,"{""learning_rate"":0.03,""max_depth"":7,""n_estimators"":500}",1b74c4652afbe1a184853b0b1ba29e69c4e1d83007c65f9504ca9765fe81b8a9,0,42,3,1:1,654,164,0.5,0.8436942296252231,0.8179828945364358,0.6359657890728716,0.7816091954022989,0.7391304347826086,0.8292682926829268,0.15974058210849762,0.19777791597880423,1.0,971bb2c8d0b3b7495acb94f62ea8741d4ff4e6e52c17cfe1f97b50e8801a1513,1161336969,599905126,3703496083,230894654,False
XGBoost,xgboost_11,11,"{""learning_rate"":0.03,""max_depth"":7,""n_estimators"":500}",1b74c4652afbe1a184853b0b1ba29e69c4e1d83007c65f9504ca9765fe81b8a9,0,42,4,1:1,656,162,0.5,0.8270080780368847,0.8000696719091247,0.6001393438182494,0.7932960893854749,0.7244897959183674,0.8765432098765432,0.17715558409690857,0.16899437498068437,1.0,78610b63b09a3b3be6828cac4d903ead2c4bc5386d421ebf8e60227a9040ab96,1001834057,624141303,515383750,972393367,False
XGBoost,xgboost_11,11,"{""learning_rate"":0.03,""max_depth"":7,""n_estimators"":500}",1b74c4652afbe1a184853b0b1ba29e69c4e1d83007c65f9504ca9765fe81b8a9,1,7,0,1:1,654,164,0.5,0.8493456276026174,0.7688416531102845,0.537683306220569,0.7978723404255319,0.7075471698113207,0.9146341463414634,0.15565839409828186,0.18285687500610948,1.0,74e66c11e57d405efbe19a02f13985423c60121aaf1960175664824578d0255d,2521657055,4094230609,264134123,842399429,False
XGBoost,xgboost_11,11,"{""learning_rate"":0.03,""max_depth"":7,""n_estimators"":500}",1b74c4652afbe1a184853b0b1ba29e69c4e1d83007c65f9504ca9765fe81b8a9,1,7,1,1:1,654,164,0.5,0.8082986317668055,0.7350557792825507,0.47011155856510145,0.7931034482758621,0.75,0.8414634146341463,0.1717439740896225,0.16842641698895022,1.0,850c47286a5ff6cd122bd73c64fe0c130b4f93517aa2f9a4ab0225caa37355f8,3885368634,2431578943,1619142612,2845288631,False
XGBoost,xgboost_11,11,"{""learning_rate"":0.03,""max_depth"":7,""n_estimators"":500}",1b74c4652afbe1a184853b0b1ba29e69c4e1d83007c65f9504ca9765fe81b8a9,1,7,2,1:1,654,164,0.5,0.858863771564545,0.8217528211132243,0.6435056422264487,0.7885714285714286,0.7419354838709677,0.8414634146341463,0.1529289186000824,0.18129749997751787,1.0,a58cdcfd42f13eceb650b4e384e38c15ac3d252fa7a9cf51166f33733bec7373,1974496636,1223099430,3474831427,1753096405,False
XGBoost,xgboost_11,11,"{""learning_rate"":0.03,""max_depth"":7,""n_estimators"":500}",1b74c4652afbe1a184853b0b1ba29e69c4e1d83007c65f9504ca9765fe81b8a9,1,7,3,1:1,654,164,0.5,0.788518738845925,0.7229440196013092,0.4458880392026183,0.7471264367816092,0.7065217391304348,0.7926829268292683,0.1904841512441635,0.16625387500971556,1.0,0787429d108adbb8f716a931370780c2b496f9b4a512b716c8c31ecf6b7c002f,2308674788,3336517605,3055848280,3336201630,False
XGBoost,xgboost_11,11,"{""learning_rate"":0.03,""max_depth"":7,""n_estimators"":500}",1b74c4652afbe1a184853b0b1ba29e69c4e1d83007c65f9504ca9765fe81b8a9,1,7,4,1:1,656,162,0.5,0.8547477518670934,0.8110207443195967,0.6220414886391934,0.7738095238095238,0.7471264367816092,0.8024691358024691,0.15510554611682892,0.17517779197078198,1.0,fd5a87140a37ffe54b3e77a354b4bd55b27678e3392d3612bcc974fcd938aac7,26843640,2371250898,2203746204,3425021368,False
XGBoost,xgboost_11,11,"{""learning_rate"":0.03,""max_depth"":7,""n_estimators"":500}",1b74c4652afbe1a184853b0b1ba29e69c4e1d83007c65f9504ca9765fe81b8a9,2,13,0,1:1,654,164,0.5,0.8256989886972042,0.7544680989445592,0.5089361978891185,0.7810650887573964,0.7586206896551724,0.8048780487804879,0.16818538308143616,0.16616700001759455,1.0,b1e29c5fe8af2195e9abc0f61c3f3c4d213fca3f89d1193c4a6653fb53126347,4197323642,3493101560,3288021756,261167866,False
XGBoost,xgboost_11,11,"{""learning_rate"":0.03,""max_depth"":7,""n_estimators"":500}",1b74c4652afbe1a184853b0b1ba29e69c4e1d83007c65f9504ca9765fe81b8a9,2,13,1,1:1,654,164,0.5,0.8399762046400951,0.7712214133247651,0.5424428266495303,0.7878787878787878,0.7831325301204819,0.7926829268292683,0.16659347712993622,0.18026275001466274,1.0,e3474974719a7c03379f3842f5f95d0ed2107cdd8a6ad009ba26fbebf9498feb,3966191544,1903504230,667876274,3411050692,False
XGBoost,xgboost_11,11,"{""learning_rate"":0.03,""max_depth"":7,""n_estimators"":500}",1b74c4652afbe1a184853b0b1ba29e69c4e1d83007c65f9504ca9765fe81b8a9,2,13,2,1:1,654,164,0.5,0.8227245687091017,0.7646075860290796,0.5292151720581593,0.797752808988764,0.7395833333333334,0.8658536585365854,0.17589445412158966,0.1885647499584593,1.0,9a349209c7d3b9bd40965068b2a613107212665860e7bbb02addbf0f67e5d1fd,1319135375,2081672424,66402786,1633975599,False
XGBoost,xgboost_11,11,"{""learning_rate"":0.03,""max_depth"":7,""n_estimators"":500}",1b74c4652afbe1a184853b0b1ba29e69c4e1d83007c65f9504ca9765fe81b8a9,2,13,3,1:1,654,164,0.5,0.8274836406900654,0.7666365130768303,0.5332730261536607,0.8131868131868132,0.74,0.9024390243902439,0.15798316895961761,0.18465399998240173,1.0,d3ae34fbcfb73c5a1be0c96ad00e7eec3433eb478aea0c91dd2163d7870a83ad,2293279620,3028097891,2933952375,4053831653,False
XGBoost,xgboost_11,11,"{""learning_rate"":0.03,""max_depth"":7,""n_estimators"":500}",1b74c4652afbe1a184853b0b1ba29e69c4e1d83007c65f9504ca9765fe81b8a9,2,13,4,1:1,656,162,0.5,0.8637402834933698,0.7879333571128335,0.575866714225667,0.8047337278106509,0.7727272727272727,0.8395061728395061,0.1435297727584839,0.17326820804737508,1.0,253211c36a4e03f7beb1ba4c6fb38a30d71faa649d183e5779b5f27efb6ce6bf,3410040530,245057234,532155413,762879727,False
XGBoost,xgboost_12,12,"{""learning_rate"":0.05,""max_depth"":7,""n_estimators"":500}",703ef5801d58e41c23e1b93ca620072eec2730439007d6fb93f2c4542aaf814e,0,42,0,1:1,654,164,0.5,0.8572278405710887,0.7955402584491271,0.5910805168982542,0.8045977011494253,0.7608695652173914,0.8536585365853658,0.14758707582950592,0.15089499996975064,1.0,b9f1edb670a53afef5f4c085e90bf5e13a41156251f6667b1a65871f2c4c47e0,1973658644,3715151037,233149161,2399526814,False
XGBoost,xgboost_12,12,"{""learning_rate"":0.05,""max_depth"":7,""n_estimators"":500}",703ef5801d58e41c23e1b93ca620072eec2730439007d6fb93f2c4542aaf814e,0,42,1,1:1,654,164,0.5,0.8377453896490185,0.7986303718328456,0.5972607436656912,0.7821229050279329,0.7216494845360825,0.8536585365853658,0.17383599281311035,0.15828116599004716,1.0,c59d36017adea2f05186de3822c3dd8c95d35f359f7ff35c586a14db623a3103,2786658438,2191900349,3517737438,2371526345,False
XGBoost,xgboost_12,12,"{""learning_rate"":0.05,""max_depth"":7,""n_estimators"":500}",703ef5801d58e41c23e1b93ca620072eec2730439007d6fb93f2c4542aaf814e,0,42,2,1:1,654,164,0.5,0.8486020226055919,0.8249231289715504,0.6498462579431008,0.8087431693989071,0.7326732673267327,0.9024390243902439,0.16030338406562805,0.1571885829907842,1.0,091c82241439a2f22ad7066be22112027623cd7401cf37ff3920d078a7a913e2,1888399133,2010463502,629780227,48921201,False
XGBoost,xgboost_12,12,"{""learning_rate"":0.05,""max_depth"":7,""n_estimators"":500}",703ef5801d58e41c23e1b93ca620072eec2730439007d6fb93f2c4542aaf814e,0,42,3,1:1,654,164,0.5,0.84622248661511,0.8183845557693419,0.6367691115386838,0.7701149425287356,0.7282608695652174,0.8170731707317073,0.16336916387081146,0.1722159999771975,1.0,971bb2c8d0b3b7495acb94f62ea8741d4ff4e6e52c17cfe1f97b50e8801a1513,1161336969,599905126,3703496083,230894654,False
XGBoost,xgboost_12,12,"{""learning_rate"":0.05,""max_depth"":7,""n_estimators"":500}",703ef5801d58e41c23e1b93ca620072eec2730439007d6fb93f2c4542aaf814e,0,42,4,1:1,656,162,0.5,0.8251790885535741,0.8068820191414955,0.613764038282991,0.7752808988764045,0.711340206185567,0.8518518518518519,0.1856192797422409,0.14795216597849503,1.0,78610b63b09a3b3be6828cac4d903ead2c4bc5386d421ebf8e60227a9040ab96,1001834057,624141303,515383750,972393367,False
XGBoost,xgboost_12,12,"{""learning_rate"":0.05,""max_depth"":7,""n_estimators"":500}",703ef5801d58e41c23e1b93ca620072eec2730439007d6fb93f2c4542aaf814e,1,7,0,1:1,654,164,0.5,0.8451814396192743,0.7731340214129544,0.5462680428259088,0.7872340425531915,0.6981132075471698,0.9024390243902439,0.162202388048172,0.15870420797728002,1.0,74e66c11e57d405efbe19a02f13985423c60121aaf1960175664824578d0255d,2521657055,4094230609,264134123,842399429,False
XGBoost,xgboost_12,12,"{""learning_rate"":0.05,""max_depth"":7,""n_estimators"":500}",703ef5801d58e41c23e1b93ca620072eec2730439007d6fb93f2c4542aaf814e,1,7,1,1:1,654,164,0.5,0.8087447947650208,0.7441822563432635,0.48836451268652703,0.7931034482758621,0.75,0.8414634146341463,0.17709484696388245,0.14905116701265797,1.0,850c47286a5ff6cd122bd73c64fe0c130b4f93517aa2f9a4ab0225caa37355f8,3885368634,2431578943,1619142612,2845288631,False
XGBoost,xgboost_12,12,"{""learning_rate"":0.05,""max_depth"":7,""n_estimators"":500}",703ef5801d58e41c23e1b93ca620072eec2730439007d6fb93f2c4542aaf814e,1,7,2,1:1,654,164,0.5,0.8645151695419393,0.8286218956009651,0.6572437912019302,0.7932960893854749,0.7319587628865979,0.8658536585365854,0.15433494746685028,0.16018237499520183,1.0,a58cdcfd42f13eceb650b4e384e38c15ac3d252fa7a9cf51166f33733bec7373,1974496636,1223099430,3474831427,1753096405,False
XGBoost,xgboost_12,12,"{""learning_rate"":0.05,""max_depth"":7,""n_estimators"":500}",703ef5801d58e41c23e1b93ca620072eec2730439007d6fb93f2c4542aaf814e,1,7,3,1:1,654,164,0.5,0.7876264128494943,0.7245054934211903,0.4490109868423806,0.7586206896551724,0.717391304347826,0.8048780487804879,0.1979246884584427,0.1474882080219686,1.0,0787429d108adbb8f716a931370780c2b496f9b4a512b716c8c31ecf6b7c002f,2308674788,3336517605,3055848280,3336201630,False
XGBoost,xgboost_12,12,"{""learning_rate"":0.05,""max_depth"":7,""n_estimators"":500}",703ef5801d58e41c23e1b93ca620072eec2730439007d6fb93f2c4542aaf814e,1,7,4,1:1,656,162,0.5,0.8558146623990245,0.8143624699942204,0.6287249399884407,0.7710843373493976,0.7529411764705882,0.7901234567901234,0.16258153319358826,0.157626333006192,1.0,fd5a87140a37ffe54b3e77a354b4bd55b27678e3392d3612bcc974fcd938aac7,26843640,2371250898,2203746204,3425021368,False
XGBoost,xgboost_12,12,"{""learning_rate"":0.05,""max_depth"":7,""n_estimators"":500}",703ef5801d58e41c23e1b93ca620072eec2730439007d6fb93f2c4542aaf814e,2,13,0,1:1,654,164,0.5,0.8255502676977989,0.7558228691187647,0.5116457382375295,0.7810650887573964,0.7586206896551724,0.8048780487804879,0.1746836006641388,0.1506430419976823,1.0,b1e29c5fe8af2195e9abc0f61c3f3c4d213fca3f89d1193c4a6653fb53126347,4197323642,3493101560,3288021756,261167866,False
XGBoost,xgboost_12,12,"{""learning_rate"":0.05,""max_depth"":7,""n_estimators"":500}",703ef5801d58e41c23e1b93ca620072eec2730439007d6fb93f2c4542aaf814e,2,13,1,1:1,654,164,0.5,0.8426531826293873,0.7763954502864024,0.5527909005728049,0.7878787878787878,0.7831325301204819,0.7926829268292683,0.16918697953224182,0.1583109159837477,1.0,e3474974719a7c03379f3842f5f95d0ed2107cdd8a6ad009ba26fbebf9498feb,3966191544,1903504230,667876274,3411050692,False
XGBoost,xgboost_12,12,"{""learning_rate"":0.05,""max_depth"":7,""n_estimators"":500}",703ef5801d58e41c23e1b93ca620072eec2730439007d6fb93f2c4542aaf814e,2,13,2,1:1,654,164,0.5,0.817965496728138,0.7741474689575167,0.5482949379150335,0.7771428571428571,0.7311827956989247,0.8292682926829268,0.18313145637512207,0.16414829198038206,1.0,9a349209c7d3b9bd40965068b2a613107212665860e7bbb02addbf0f67e5d1fd,1319135375,2081672424,66402786,1633975599,False
XGBoost,xgboost_12,12,"{""learning_rate"":0.05,""max_depth"":7,""n_estimators"":500}",703ef5801d58e41c23e1b93ca620072eec2730439007d6fb93f2c4542aaf814e,2,13,3,1:1,654,164,0.5,0.8185603807257584,0.7504417869708968,0.5008835739417936,0.7909604519774012,0.7368421052631579,0.8536585365853658,0.1644338071346283,0.16585733398096636,1.0,d3ae34fbcfb73c5a1be0c96ad00e7eec3433eb478aea0c91dd2163d7870a83ad,2293279620,3028097891,2933952375,4053831653,False
XGBoost,xgboost_12,12,"{""learning_rate"":0.05,""max_depth"":7,""n_estimators"":500}",703ef5801d58e41c23e1b93ca620072eec2730439007d6fb93f2c4542aaf814e,2,13,4,1:1,656,162,0.5,0.867245846669715,0.7900029143363898,0.5800058286727796,0.8143712574850299,0.7906976744186046,0.8395061728395061,0.14329026639461517,0.15684387495275587,1.0,253211c36a4e03f7beb1ba4c6fb38a30d71faa649d183e5779b5f27efb6ce6bf,3410040530,245057234,532155413,762879727,False
LightGBM,lightgbm_01,1,"{""learning_rate"":0.03,""max_depth"":4,""n_estimators"":300,""num_leaves"":15}",3b9637e71e394e7b548cd37665c0ca709b72de7f0e265d3448f2e88299c8d72d,0,42,0,1:1,654,164,0.5,0.8474122546103511,0.7728601270439248,0.5457202540878496,0.8066298342541437,0.7373737373737373,0.8902439024390244,0.14779218767743652,0.03303574997698888,1.0,b9f1edb670a53afef5f4c085e90bf5e13a41156251f6667b1a65871f2c4c47e0,1973658644,3715151037,233149161,2399526814,False
LightGBM,lightgbm_01,1,"{""learning_rate"":0.03,""max_depth"":4,""n_estimators"":300,""num_leaves"":15}",3b9637e71e394e7b548cd37665c0ca709b72de7f0e265d3448f2e88299c8d72d,0,42,1,1:1,654,164,0.5,0.8355145746579418,0.8137670749536539,0.6275341499073077,0.7692307692307693,0.7,0.8536585365853658,0.15982571318609418,0.03302758402423933,1.0,c59d36017adea2f05186de3822c3dd8c95d35f359f7ff35c586a14db623a3103,2786658438,2191900349,3517737438,2371526345,False
LightGBM,lightgbm_01,1,"{""learning_rate"":0.03,""max_depth"":4,""n_estimators"":300,""num_leaves"":15}",3b9637e71e394e7b548cd37665c0ca709b72de7f0e265d3448f2e88299c8d72d,0,42,2,1:1,654,164,0.5,0.8503866745984534,0.8355970687458325,0.671194137491665,0.7849462365591398,0.7019230769230769,0.8902439024390244,0.14954075060600608,0.032497000007424504,1.0,091c82241439a2f22ad7066be22112027623cd7401cf37ff3920d078a7a913e2,1888399133,2010463502,629780227,48921201,False
LightGBM,lightgbm_01,1,"{""learning_rate"":0.03,""max_depth"":4,""n_estimators"":300,""num_leaves"":15}",3b9637e71e394e7b548cd37665c0ca709b72de7f0e265d3448f2e88299c8d72d,0,42,3,1:1,654,164,0.5,0.8484533016061868,0.8117168020120737,0.6234336040241475,0.7558139534883721,0.7222222222222222,0.7926829268292683,0.15450151467000736,0.032143999997060746,1.0,971bb2c8d0b3b7495acb94f62ea8741d4ff4e6e52c17cfe1f97b50e8801a1513,1161336969,599905126,3703496083,230894654,False
LightGBM,lightgbm_01,1,"{""learning_rate"":0.03,""max_depth"":4,""n_estimators"":300,""num_leaves"":15}",3b9637e71e394e7b548cd37665c0ca709b72de7f0e265d3448f2e88299c8d72d,0,42,4,1:1,656,162,0.5,0.8381344307270233,0.8080880719097142,0.6161761438194284,0.8044692737430168,0.7346938775510204,0.8888888888888888,0.16169520666267392,0.032427416008431464,1.0,78610b63b09a3b3be6828cac4d903ead2c4bc5386d421ebf8e60227a9040ab96,1001834057,624141303,515383750,972393367,False
LightGBM,lightgbm_01,1,"{""learning_rate"":0.03,""max_depth"":4,""n_estimators"":300,""num_leaves"":15}",3b9637e71e394e7b548cd37665c0ca709b72de7f0e265d3448f2e88299c8d72d,1,7,0,1:1,654,164,0.5,0.8245092207019631,0.7394292978985717,0.4788585957971434,0.8064516129032258,0.7211538461538461,0.9146341463414634,0.16099671656315118,0.03236845799256116,1.0,74e66c11e57d405efbe19a02f13985423c60121aaf1960175664824578d0255d,2521657055,4094230609,264134123,842399429,False
LightGBM,lightgbm_01,1,"{""learning_rate"":0.03,""max_depth"":4,""n_estimators"":300,""num_leaves"":15}",3b9637e71e394e7b548cd37665c0ca709b72de7f0e265d3448f2e88299c8d72d,1,7,1,1:1,654,164,0.5,0.780785246876859,0.6749402021622533,0.3498804043245065,0.7485380116959064,0.7191011235955056,0.7804878048780488,0.17819688506228792,0.03069091698853299,1.0,850c47286a5ff6cd122bd73c64fe0c130b4f93517aa2f9a4ab0225caa37355f8,3885368634,2431578943,1619142612,2845288631,False
LightGBM,lightgbm_01,1,"{""learning_rate"":0.03,""max_depth"":4,""n_estimators"":300,""num_leaves"":15}",3b9637e71e394e7b548cd37665c0ca709b72de7f0e265d3448f2e88299c8d72d,1,7,2,1:1,654,164,0.5,0.8509815585960738,0.8165764296999065,0.633152859399813,0.7955801104972375,0.7272727272727273,0.8780487804878049,0.15680574118757498,0.031126542016863823,1.0,a58cdcfd42f13eceb650b4e384e38c15ac3d252fa7a9cf51166f33733bec7373,1974496636,1223099430,3474831427,1753096405,False
LightGBM,lightgbm_01,1,"{""learning_rate"":0.03,""max_depth"":4,""n_estimators"":300,""num_leaves"":15}",3b9637e71e394e7b548cd37665c0ca709b72de7f0e265d3448f2e88299c8d72d,1,7,3,1:1,654,164,0.5,0.8053242117787032,0.7253732580873496,0.4507465161746993,0.7542857142857143,0.7096774193548387,0.8048780487804879,0.17190780879085912,0.03126595902722329,1.0,0787429d108adbb8f716a931370780c2b496f9b4a512b716c8c31ecf6b7c002f,2308674788,3336517605,3055848280,3336201630,False
LightGBM,lightgbm_01,1,"{""learning_rate"":0.03,""max_depth"":4,""n_estimators"":300,""num_leaves"":15}",3b9637e71e394e7b548cd37665c0ca709b72de7f0e265d3448f2e88299c8d72d,1,7,4,1:1,656,162,0.5,0.8273129096174363,0.7458818296010935,0.491763659202187,0.8066298342541437,0.73,0.9012345679012346,0.15443163651263592,0.032189957972150296,1.0,fd5a87140a37ffe54b3e77a354b4bd55b27678e3392d3612bcc974fcd938aac7,26843640,2371250898,2203746204,3425021368,False
LightGBM,lightgbm_01,1,"{""learning_rate"":0.03,""max_depth"":4,""n_estimators"":300,""num_leaves"":15}",3b9637e71e394e7b548cd37665c0ca709b72de7f0e265d3448f2e88299c8d72d,2,13,0,1:1,654,164,0.5,0.8126115407495538,0.7613334882575258,0.5226669765150516,0.7415730337078652,0.6875,0.8048780487804879,0.17349605653891403,0.03324933396652341,1.0,b1e29c5fe8af2195e9abc0f61c3f3c4d213fca3f89d1193c4a6653fb53126347,4197323642,3493101560,3288021756,261167866,False
LightGBM,lightgbm_01,1,"{""learning_rate"":0.03,""max_depth"":4,""n_estimators"":300,""num_leaves"":15}",3b9637e71e394e7b548cd37665c0ca709b72de7f0e265d3448f2e88299c8d72d,2,13,1,1:1,654,164,0.5,0.8248066627007734,0.7373374073857868,0.4746748147715736,0.783625730994152,0.7528089887640449,0.8170731707317073,0.16600152487806077,0.031347625015769154,1.0,e3474974719a7c03379f3842f5f95d0ed2107cdd8a6ad009ba26fbebf9498feb,3966191544,1903504230,667876274,3411050692,False
LightGBM,lightgbm_01,1,"{""learning_rate"":0.03,""max_depth"":4,""n_estimators"":300,""num_leaves"":15}",3b9637e71e394e7b548cd37665c0ca709b72de7f0e265d3448f2e88299c8d72d,2,13,2,1:1,654,164,0.5,0.8392325996430696,0.7717598381545052,0.5435196763090104,0.7909604519774012,0.7368421052631579,0.8536585365853658,0.1570714480109487,0.03594641695963219,1.0,9a349209c7d3b9bd40965068b2a613107212665860e7bbb02addbf0f67e5d1fd,1319135375,2081672424,66402786,1633975599,False
LightGBM,lightgbm_01,1,"{""learning_rate"":0.03,""max_depth"":4,""n_estimators"":300,""num_leaves"":15}",3b9637e71e394e7b548cd37665c0ca709b72de7f0e265d3448f2e88299c8d72d,2,13,3,1:1,654,164,0.5,0.838488994646044,0.7998821517615152,0.5997643035230305,0.8064516129032258,0.7211538461538461,0.9146341463414634,0.15677911624289548,0.032678875024430454,1.0,d3ae34fbcfb73c5a1be0c96ad00e7eec3433eb478aea0c91dd2163d7870a83ad,2293279620,3028097891,2933952375,4053831653,False
LightGBM,lightgbm_01,1,"{""learning_rate"":0.03,""max_depth"":4,""n_estimators"":300,""num_leaves"":15}",3b9637e71e394e7b548cd37665c0ca709b72de7f0e265d3448f2e88299c8d72d,2,13,4,1:1,656,162,0.5,0.8584057308337144,0.8038569698982364,0.6077139397964728,0.7928994082840237,0.7613636363636364,0.8271604938271605,0.14525321445359313,0.03036312502808869,1.0,253211c36a4e03f7beb1ba4c6fb38a30d71faa649d183e5779b5f27efb6ce6bf,3410040530,245057234,532155413,762879727,False
LightGBM,lightgbm_02,2,"{""learning_rate"":0.05,""max_depth"":4,""n_estimators"":300,""num_leaves"":15}",fa8d86388cc60cf7bc64254a7e789b8579ad790a1868efd80f889692a9d8cc10,0,42,0,1:1,654,164,0.5,0.8500892325996431,0.7784112672231576,0.5568225344463151,0.8160919540229885,0.7717391304347826,0.8658536585365854,0.14781640177139885,0.030442041985224932,1.0,b9f1edb670a53afef5f4c085e90bf5e13a41156251f6667b1a65871f2c4c47e0,1973658644,3715151037,233149161,2399526814,False
LightGBM,lightgbm_02,2,"{""learning_rate"":0.05,""max_depth"":4,""n_estimators"":300,""num_leaves"":15}",fa8d86388cc60cf7bc64254a7e789b8579ad790a1868efd80f889692a9d8cc10,0,42,1,1:1,654,164,0.5,0.8407198096371208,0.8160809894740185,0.632161978948037,0.7344632768361582,0.6842105263157895,0.7926829268292683,0.16796711509350412,0.03193012502742931,1.0,c59d36017adea2f05186de3822c3dd8c95d35f359f7ff35c586a14db623a3103,2786658438,2191900349,3517737438,2371526345,False
LightGBM,lightgbm_02,2,"{""learning_rate"":0.05,""max_depth"":4,""n_estimators"":300,""num_leaves"":15}",fa8d86388cc60cf7bc64254a7e789b8579ad790a1868efd80f889692a9d8cc10,0,42,2,1:1,654,164,0.5,0.8506841165972636,0.8387378797887363,0.6774757595774725,0.7956989247311828,0.7115384615384616,0.9024390243902439,0.15262334031572253,0.03171349997865036,1.0,091c82241439a2f22ad7066be22112027623cd7401cf37ff3920d078a7a913e2,1888399133,2010463502,629780227,48921201,False
LightGBM,lightgbm_02,2,"{""learning_rate"":0.05,""max_depth"":4,""n_estimators"":300,""num_leaves"":15}",fa8d86388cc60cf7bc64254a7e789b8579ad790a1868efd80f889692a9d8cc10,0,42,3,1:1,654,164,0.5,0.8509815585960738,0.8257779853048067,0.6515559706096135,0.7485380116959064,0.7191011235955056,0.7804878048780488,0.15738848321137,0.030799291969742626,1.0,971bb2c8d0b3b7495acb94f62ea8741d4ff4e6e52c17cfe1f97b50e8801a1513,1161336969,599905126,3703496083,230894654,False
LightGBM,lightgbm_02,2,"{""learning_rate"":0.05,""max_depth"":4,""n_estimators"":300,""num_leaves"":15}",fa8d86388cc60cf7bc64254a7e789b8579ad790a1868efd80f889692a9d8cc10,0,42,4,1:1,656,162,0.5,0.833714372809023,0.8119048306496965,0.6238096612993931,0.8022598870056498,0.7395833333333334,0.8765432098765432,0.16626612435161525,0.029975667013786733,1.0,78610b63b09a3b3be6828cac4d903ead2c4bc5386d421ebf8e60227a9040ab96,1001834057,624141303,515383750,972393367,False
LightGBM,lightgbm_02,2,"{""learning_rate"":0.05,""max_depth"":4,""n_estimators"":300,""num_leaves"":15}",fa8d86388cc60cf7bc64254a7e789b8579ad790a1868efd80f889692a9d8cc10,1,7,0,1:1,654,164,0.5,0.8280785246876858,0.7419709253709358,0.48394185074187157,0.7868852459016393,0.7128712871287128,0.8780487804878049,0.1624037099059529,0.031478249991778284,1.0,74e66c11e57d405efbe19a02f13985423c60121aaf1960175664824578d0255d,2521657055,4094230609,264134123,842399429,False
LightGBM,lightgbm_02,2,"{""learning_rate"":0.05,""max_depth"":4,""n_estimators"":300,""num_leaves"":15}",fa8d86388cc60cf7bc64254a7e789b8579ad790a1868efd80f889692a9d8cc10,1,7,1,1:1,654,164,0.5,0.7859904818560381,0.6935545390780743,0.3871090781561486,0.7337278106508875,0.7126436781609196,0.7560975609756098,0.18333393714361215,0.02949462499236688,1.0,850c47286a5ff6cd122bd73c64fe0c130b4f93517aa2f9a4ab0225caa37355f8,3885368634,2431578943,1619142612,2845288631,False
LightGBM,lightgbm_02,2,"{""learning_rate"":0.05,""max_depth"":4,""n_estimators"":300,""num_leaves"":15}",fa8d86388cc60cf7bc64254a7e789b8579ad790a1868efd80f889692a9d8cc10,1,7,2,1:1,654,164,0.5,0.8610945865556217,0.8291841233726194,0.6583682467452387,0.7909604519774012,0.7368421052631579,0.8536585365853658,0.15473022304002004,0.030632333946414292,1.0,a58cdcfd42f13eceb650b4e384e38c15ac3d252fa7a9cf51166f33733bec7373,1974496636,1223099430,3474831427,1753096405,False
LightGBM,lightgbm_02,2,"{""learning_rate"":0.05,""max_depth"":4,""n_estimators"":300,""num_leaves"":15}",fa8d86388cc60cf7bc64254a7e789b8579ad790a1868efd80f889692a9d8cc10,1,7,3,1:1,654,164,0.5,0.7898572278405711,0.7263381553604848,0.4526763107209697,0.7398843930635838,0.7032967032967034,0.7804878048780488,0.18760826804706066,0.030715125030837953,1.0,0787429d108adbb8f716a931370780c2b496f9b4a512b716c8c31ecf6b7c002f,2308674788,3336517605,3055848280,3336201630,False
LightGBM,lightgbm_02,2,"{""learning_rate"":0.05,""max_depth"":4,""n_estimators"":300,""num_leaves"":15}",fa8d86388cc60cf7bc64254a7e789b8579ad790a1868efd80f889692a9d8cc10,1,7,4,1:1,656,162,0.5,0.8263984148757811,0.7573763853883186,0.5147527707766373,0.8023255813953488,0.7582417582417582,0.8518518518518519,0.1603117026659492,0.030610291985794902,1.0,fd5a87140a37ffe54b3e77a354b4bd55b27678e3392d3612bcc974fcd938aac7,26843640,2371250898,2203746204,3425021368,False
LightGBM,lightgbm_02,2,"{""learning_rate"":0.05,""max_depth"":4,""n_estimators"":300,""num_leaves"":15}",fa8d86388cc60cf7bc64254a7e789b8579ad790a1868efd80f889692a9d8cc10,2,13,0,1:1,654,164,0.5,0.8188578227245686,0.7637977197059392,0.5275954394118785,0.7885714285714286,0.7419354838709677,0.8414634146341463,0.17329164117187826,0.03194300003815442,1.0,b1e29c5fe8af2195e9abc0f61c3f3c4d213fca3f89d1193c4a6653fb53126347,4197323642,3493101560,3288021756,261167866,False
LightGBM,lightgbm_02,2,"{""learning_rate"":0.05,""max_depth"":4,""n_estimators"":300,""num_leaves"":15}",fa8d86388cc60cf7bc64254a7e789b8579ad790a1868efd80f889692a9d8cc10,2,13,1,1:1,654,164,0.5,0.8191552647233789,0.7303185751507986,0.46063715030159713,0.7692307692307693,0.7471264367816092,0.7926829268292683,0.17165502390497636,0.030293291027192026,1.0,e3474974719a7c03379f3842f5f95d0ed2107cdd8a6ad009ba26fbebf9498feb,3966191544,1903504230,667876274,3411050692,False
LightGBM,lightgbm_02,2,"{""learning_rate"":0.05,""max_depth"":4,""n_estimators"":300,""num_leaves"":15}",fa8d86388cc60cf7bc64254a7e789b8579ad790a1868efd80f889692a9d8cc10,2,13,2,1:1,654,164,0.5,0.8264425936942297,0.7591436908131639,0.5182873816263278,0.7865168539325843,0.7291666666666666,0.8536585365853658,0.16937501357127732,0.03330379101680592,1.0,9a349209c7d3b9bd40965068b2a613107212665860e7bbb02addbf0f67e5d1fd,1319135375,2081672424,66402786,1633975599,False
LightGBM,lightgbm_02,2,"{""learning_rate"":0.05,""max_depth"":4,""n_estimators"":300,""num_leaves"":15}",fa8d86388cc60cf7bc64254a7e789b8579ad790a1868efd80f889692a9d8cc10,2,13,3,1:1,654,164,0.5,0.8283759666864962,0.7854375053132929,0.5708750106265859,0.8021390374331551,0.7142857142857143,0.9146341463414634,0.16175195217799632,0.031547166989184916,1.0,d3ae34fbcfb73c5a1be0c96ad00e7eec3433eb478aea0c91dd2163d7870a83ad,2293279620,3028097891,2933952375,4053831653,False
LightGBM,lightgbm_02,2,"{""learning_rate"":0.05,""max_depth"":4,""n_estimators"":300,""num_leaves"":15}",fa8d86388cc60cf7bc64254a7e789b8579ad790a1868efd80f889692a9d8cc10,2,13,4,1:1,656,162,0.5,0.8594726413656455,0.801127182828806,0.602254365657612,0.7901234567901234,0.7901234567901234,0.7901234567901234,0.14555072049777837,0.028974957996979356,1.0,253211c36a4e03f7beb1ba4c6fb38a30d71faa649d183e5779b5f27efb6ce6bf,3410040530,245057234,532155413,762879727,False
LightGBM,lightgbm_03,3,"{""learning_rate"":0.03,""max_depth"":5,""n_estimators"":300,""num_leaves"":63}",aeb1ab421ffcb54cd6012ebc9ffad9af55aa2a71cec5700f7fd64d81f9115768,0,42,0,1:1,654,164,0.5,0.8560380725758476,0.7855712688996919,0.5711425377993837,0.8181818181818182,0.7659574468085106,0.8780487804878049,0.14282975469559817,0.03858929203124717,1.0,b9f1edb670a53afef5f4c085e90bf5e13a41156251f6667b1a65871f2c4c47e0,1973658644,3715151037,233149161,2399526814,False
LightGBM,lightgbm_03,3,"{""learning_rate"":0.03,""max_depth"":5,""n_estimators"":300,""num_leaves"":63}",aeb1ab421ffcb54cd6012ebc9ffad9af55aa2a71cec5700f7fd64d81f9115768,0,42,1,1:1,654,164,0.5,0.835812016656752,0.8018532969693352,0.6037065939386703,0.7540983606557377,0.6831683168316832,0.8414634146341463,0.1616693523450741,0.04256354196695611,1.0,c59d36017adea2f05186de3822c3dd8c95d35f359f7ff35c586a14db623a3103,2786658438,2191900349,3517737438,2371526345,False
LightGBM,lightgbm_03,3,"{""learning_rate"":0.03,""max_depth"":5,""n_estimators"":300,""num_leaves"":63}",aeb1ab421ffcb54cd6012ebc9ffad9af55aa2a71cec5700f7fd64d81f9115768,0,42,2,1:1,654,164,0.5,0.8515764425936942,0.8303120996413176,0.6606241992826352,0.8,0.7184466019417476,0.9024390243902439,0.14830618811912652,0.04061083303531632,1.0,091c82241439a2f22ad7066be22112027623cd7401cf37ff3920d078a7a913e2,1888399133,2010463502,629780227,48921201,False
LightGBM,lightgbm_03,3,"{""learning_rate"":0.03,""max_depth"":5,""n_estimators"":300,""num_leaves"":63}",aeb1ab421ffcb54cd6012ebc9ffad9af55aa2a71cec5700f7fd64d81f9115768,0,42,3,1:1,654,164,0.5,0.8523200475907198,0.8185260070579574,0.6370520141159148,0.7865168539325843,0.7291666666666666,0.8536585365853658,0.1530345553797599,0.040611332980915904,1.0,971bb2c8d0b3b7495acb94f62ea8741d4ff4e6e52c17cfe1f97b50e8801a1513,1161336969,599905126,3703496083,230894654,False
LightGBM,lightgbm_03,3,"{""learning_rate"":0.03,""max_depth"":5,""n_estimators"":300,""num_leaves"":63}",aeb1ab421ffcb54cd6012ebc9ffad9af55aa2a71cec5700f7fd64d81f9115768,0,42,4,1:1,656,162,0.5,0.8361530254534371,0.8141395785237091,0.6282791570474182,0.7821229050279329,0.7142857142857143,0.8641975308641975,0.16478074623889208,0.03901491599390283,1.0,78610b63b09a3b3be6828cac4d903ead2c4bc5386d421ebf8e60227a9040ab96,1001834057,624141303,515383750,972393367,False
LightGBM,lightgbm_03,3,"{""learning_rate"":0.03,""max_depth"":5,""n_estimators"":300,""num_leaves"":63}",aeb1ab421ffcb54cd6012ebc9ffad9af55aa2a71cec5700f7fd64d81f9115768,1,7,0,1:1,654,164,0.5,0.833283759666865,0.7597949528765324,0.5195899057530649,0.7914438502673797,0.7047619047619048,0.9024390243902439,0.1594175702387885,0.04015820799395442,1.0,74e66c11e57d405efbe19a02f13985423c60121aaf1960175664824578d0255d,2521657055,4094230609,264134123,842399429,False
LightGBM,lightgbm_03,3,"{""learning_rate"":0.03,""max_depth"":5,""n_estimators"":300,""num_leaves"":63}",aeb1ab421ffcb54cd6012ebc9ffad9af55aa2a71cec5700f7fd64d81f9115768,1,7,1,1:1,654,164,0.5,0.7874776918500892,0.6989533379004351,0.39790667580087025,0.7602339181286549,0.7303370786516854,0.7926829268292683,0.1771350629012146,0.036874249984975904,1.0,850c47286a5ff6cd122bd73c64fe0c130b4f93517aa2f9a4ab0225caa37355f8,3885368634,2431578943,1619142612,2845288631,False
LightGBM,lightgbm_03,3,"{""learning_rate"":0.03,""max_depth"":5,""n_estimators"":300,""num_leaves"":63}",aeb1ab421ffcb54cd6012ebc9ffad9af55aa2a71cec5700f7fd64d81f9115768,1,7,2,1:1,654,164,0.5,0.8578227245687091,0.8314063051236172,0.6628126102472345,0.7978142076502732,0.7227722772277227,0.8902439024390244,0.15343436185043516,0.04049708298407495,1.0,a58cdcfd42f13eceb650b4e384e38c15ac3d252fa7a9cf51166f33733bec7373,1974496636,1223099430,3474831427,1753096405,False
LightGBM,lightgbm_03,3,"{""learning_rate"":0.03,""max_depth"":5,""n_estimators"":300,""num_leaves"":63}",aeb1ab421ffcb54cd6012ebc9ffad9af55aa2a71cec5700f7fd64d81f9115768,1,7,3,1:1,654,164,0.5,0.8002676977989293,0.7236517534469625,0.44730350689392506,0.7471264367816092,0.7065217391304348,0.7926829268292683,0.17823150833489157,0.04001362499548122,1.0,0787429d108adbb8f716a931370780c2b496f9b4a512b716c8c31ecf6b7c002f,2308674788,3336517605,3055848280,3336201630,False
LightGBM,lightgbm_03,3,"{""learning_rate"":0.03,""max_depth"":5,""n_estimators"":300,""num_leaves"":63}",aeb1ab421ffcb54cd6012ebc9ffad9af55aa2a71cec5700f7fd64d81f9115768,1,7,4,1:1,656,162,0.5,0.8392013412589545,0.7628047024756048,0.5256094049512097,0.8379888268156425,0.7653061224489796,0.9259259259259259,0.15134435409216562,0.0399925839737989,1.0,fd5a87140a37ffe54b3e77a354b4bd55b27678e3392d3612bcc974fcd938aac7,26843640,2371250898,2203746204,3425021368,False
LightGBM,lightgbm_03,3,"{""learning_rate"":0.03,""max_depth"":5,""n_estimators"":300,""num_leaves"":63}",aeb1ab421ffcb54cd6012ebc9ffad9af55aa2a71cec5700f7fd64d81f9115768,2,13,0,1:1,654,164,0.5,0.8197501487209994,0.7559238510011933,0.5118477020023866,0.7745664739884393,0.7362637362637363,0.8170731707317073,0.16931576533766463,0.040342750027775764,1.0,b1e29c5fe8af2195e9abc0f61c3f3c4d213fca3f89d1193c4a6653fb53126347,4197323642,3493101560,3288021756,261167866,False
LightGBM,lightgbm_03,3,"{""learning_rate"":0.03,""max_depth"":5,""n_estimators"":300,""num_leaves"":63}",aeb1ab421ffcb54cd6012ebc9ffad9af55aa2a71cec5700f7fd64d81f9115768,2,13,1,1:1,654,164,0.5,0.8188578227245686,0.7337904702883059,0.4675809405766118,0.7810650887573964,0.7586206896551724,0.8048780487804879,0.17103093555219992,0.03892899997299537,1.0,e3474974719a7c03379f3842f5f95d0ed2107cdd8a6ad009ba26fbebf9498feb,3966191544,1903504230,667876274,3411050692,False
LightGBM,lightgbm_03,3,"{""learning_rate"":0.03,""max_depth"":5,""n_estimators"":300,""num_leaves"":63}",aeb1ab421ffcb54cd6012ebc9ffad9af55aa2a71cec5700f7fd64d81f9115768,2,13,2,1:1,654,164,0.5,0.825698988697204,0.7486866030118786,0.49737320602375723,0.7865168539325843,0.7291666666666666,0.8536585365853658,0.16568458129337904,0.04620849998900667,1.0,9a349209c7d3b9bd40965068b2a613107212665860e7bbb02addbf0f67e5d1fd,1319135375,2081672424,66402786,1633975599,False
LightGBM,lightgbm_03,3,"{""learning_rate"":0.03,""max_depth"":5,""n_estimators"":300,""num_leaves"":63}",aeb1ab421ffcb54cd6012ebc9ffad9af55aa2a71cec5700f7fd64d81f9115768,2,13,3,1:1,654,164,0.5,0.8356632956573469,0.7895286157220254,0.5790572314440507,0.7741935483870968,0.6923076923076923,0.8780487804878049,0.15844650747926328,0.042141082987654954,1.0,d3ae34fbcfb73c5a1be0c96ad00e7eec3433eb478aea0c91dd2163d7870a83ad,2293279620,3028097891,2933952375,4053831653,False
LightGBM,lightgbm_03,3,"{""learning_rate"":0.03,""max_depth"":5,""n_estimators"":300,""num_leaves"":63}",aeb1ab421ffcb54cd6012ebc9ffad9af55aa2a71cec5700f7fd64d81f9115768,2,13,4,1:1,656,162,0.5,0.8632830361225423,0.7971334215560332,0.5942668431120663,0.8214285714285714,0.7931034482758621,0.8518518518518519,0.1430988200778483,0.04679183301050216,1.0,253211c36a4e03f7beb1ba4c6fb38a30d71faa649d183e5779b5f27efb6ce6bf,3410040530,245057234,532155413,762879727,False
LightGBM,lightgbm_04,4,"{""learning_rate"":0.05,""max_depth"":5,""n_estimators"":300,""num_leaves"":63}",61ac1822dcee3a7f1aac310b2b2167b461cc84c91bec9a0c3bb3b47e32302bde,0,42,0,1:1,654,164,0.5,0.8494943486020226,0.788260849829775,0.5765216996595499,0.8228571428571428,0.7741935483870968,0.8780487804878049,0.1479184067064487,0.0385552910156548,1.0,b9f1edb670a53afef5f4c085e90bf5e13a41156251f6667b1a65871f2c4c47e0,1973658644,3715151037,233149161,2399526814,False
LightGBM,lightgbm_04,4,"{""learning_rate"":0.05,""max_depth"":5,""n_estimators"":300,""num_leaves"":63}",61ac1822dcee3a7f1aac310b2b2167b461cc84c91bec9a0c3bb3b47e32302bde,0,42,1,1:1,654,164,0.5,0.841017251635931,0.8071147730360109,0.6142295460720217,0.7597765363128491,0.7010309278350515,0.8292682926829268,0.16738254467364347,0.041156416991725564,1.0,c59d36017adea2f05186de3822c3dd8c95d35f359f7ff35c586a14db623a3103,2786658438,2191900349,3517737438,2371526345,False
LightGBM,lightgbm_04,4,"{""learning_rate"":0.05,""max_depth"":5,""n_estimators"":300,""num_leaves"":63}",61ac1822dcee3a7f1aac310b2b2167b461cc84c91bec9a0c3bb3b47e32302bde,0,42,2,1:1,654,164,0.5,0.8428019036287924,0.823135950594545,0.6462719011890901,0.7783783783783784,0.6990291262135923,0.8780487804878049,0.16183174494606842,0.04040729103144258,1.0,091c82241439a2f22ad7066be22112027623cd7401cf37ff3920d078a7a913e2,1888399133,2010463502,629780227,48921201,False
LightGBM,lightgbm_04,4,"{""learning_rate"":0.05,""max_depth"":5,""n_estimators"":300,""num_leaves"":63}",61ac1822dcee3a7f1aac310b2b2167b461cc84c91bec9a0c3bb3b47e32302bde,0,42,3,1:1,654,164,0.5,0.838488994646044,0.801496442587447,0.602992885174894,0.7558139534883721,0.7222222222222222,0.7926829268292683,0.1653823886967712,0.039142541005276144,1.0,971bb2c8d0b3b7495acb94f62ea8741d4ff4e6e52c17cfe1f97b50e8801a1513,1161336969,599905126,3703496083,230894654,False
LightGBM,lightgbm_04,4,"{""learning_rate"":0.05,""max_depth"":5,""n_estimators"":300,""num_leaves"":63}",61ac1822dcee3a7f1aac310b2b2167b461cc84c91bec9a0c3bb3b47e32302bde,0,42,4,1:1,656,162,0.5,0.8344764517604024,0.8030486092333614,0.6060972184667228,0.7796610169491526,0.71875,0.8518518518518519,0.1730219811739654,0.03769933298463002,1.0,78610b63b09a3b3be6828cac4d903ead2c4bc5386d421ebf8e60227a9040ab96,1001834057,624141303,515383750,972393367,False
LightGBM,lightgbm_04,4,"{""learning_rate"":0.05,""max_depth"":5,""n_estimators"":300,""num_leaves"":63}",61ac1822dcee3a7f1aac310b2b2167b461cc84c91bec9a0c3bb3b47e32302bde,1,7,0,1:1,654,164,0.5,0.8371505056513979,0.7513596559614493,0.5027193119228985,0.8,0.7346938775510204,0.8780487804878049,0.1626353535464301,0.038456708018202335,1.0,74e66c11e57d405efbe19a02f13985423c60121aaf1960175664824578d0255d,2521657055,4094230609,264134123,842399429,False
LightGBM,lightgbm_04,4,"{""learning_rate"":0.05,""max_depth"":5,""n_estimators"":300,""num_leaves"":63}",61ac1822dcee3a7f1aac310b2b2167b461cc84c91bec9a0c3bb3b47e32302bde,1,7,1,1:1,654,164,0.5,0.7824211778703153,0.6868444989299831,0.37368899785996623,0.718562874251497,0.7058823529411765,0.7317073170731707,0.19218492726780745,0.03609574999427423,1.0,850c47286a5ff6cd122bd73c64fe0c130b4f93517aa2f9a4ab0225caa37355f8,3885368634,2431578943,1619142612,2845288631,False
LightGBM,lightgbm_04,4,"{""learning_rate"":0.05,""max_depth"":5,""n_estimators"":300,""num_leaves"":63}",61ac1822dcee3a7f1aac310b2b2167b461cc84c91bec9a0c3bb3b47e32302bde,1,7,2,1:1,654,164,0.5,0.8642177275431291,0.8375793525996884,0.6751587051993768,0.7888888888888889,0.7244897959183674,0.8658536585365854,0.15611667559307285,0.03910837497096509,1.0,a58cdcfd42f13eceb650b4e384e38c15ac3d252fa7a9cf51166f33733bec7373,1974496636,1223099430,3474831427,1753096405,False
LightGBM,lightgbm_04,4,"{""learning_rate"":0.05,""max_depth"":5,""n_estimators"":300,""num_leaves"":63}",61ac1822dcee3a7f1aac310b2b2167b461cc84c91bec9a0c3bb3b47e32302bde,1,7,3,1:1,654,164,0.5,0.7953599048185604,0.7328770473658519,0.4657540947317038,0.7411764705882353,0.7159090909090909,0.7682926829268293,0.18832223281968136,0.03783058299450204,1.0,0787429d108adbb8f716a931370780c2b496f9b4a512b716c8c31ecf6b7c002f,2308674788,3336517605,3055848280,3336201630,False
LightGBM,lightgbm_04,4,"{""learning_rate"":0.05,""max_depth"":5,""n_estimators"":300,""num_leaves"":63}",61ac1822dcee3a7f1aac310b2b2167b461cc84c91bec9a0c3bb3b47e32302bde,1,7,4,1:1,656,162,0.5,0.8393537570492303,0.7656603094870715,0.5313206189741431,0.8117647058823529,0.7752808988764045,0.8518518518518519,0.1541203095118881,0.038337416015565395,1.0,fd5a87140a37ffe54b3e77a354b4bd55b27678e3392d3612bcc974fcd938aac7,26843640,2371250898,2203746204,3425021368,False
LightGBM,lightgbm_04,4,"{""learning_rate"":0.05,""max_depth"":5,""n_estimators"":300,""num_leaves"":63}",61ac1822dcee3a7f1aac310b2b2167b461cc84c91bec9a0c3bb3b47e32302bde,2,13,0,1:1,654,164,0.5,0.8295657346817371,0.7651835699826371,0.5303671399652743,0.7928994082840237,0.7701149425287356,0.8170731707317073,0.16448989544562423,0.040050167008303106,1.0,b1e29c5fe8af2195e9abc0f61c3f3c4d213fca3f89d1193c4a6653fb53126347,4197323642,3493101560,3288021756,261167866,False
LightGBM,lightgbm_04,4,"{""learning_rate"":0.05,""max_depth"":5,""n_estimators"":300,""num_leaves"":63}",61ac1822dcee3a7f1aac310b2b2167b461cc84c91bec9a0c3bb3b47e32302bde,2,13,1,1:1,654,164,0.5,0.8178167757287329,0.7312338097723687,0.4624676195447375,0.7710843373493976,0.7619047619047619,0.7804878048780488,0.17586402054815797,0.03728183300700039,1.0,e3474974719a7c03379f3842f5f95d0ed2107cdd8a6ad009ba26fbebf9498feb,3966191544,1903504230,667876274,3411050692,False
LightGBM,lightgbm_04,4,"{""learning_rate"":0.05,""max_depth"":5,""n_estimators"":300,""num_leaves"":63}",61ac1822dcee3a7f1aac310b2b2167b461cc84c91bec9a0c3bb3b47e32302bde,2,13,2,1:1,654,164,0.5,0.8210886377156454,0.7563722866166415,0.5127445732332829,0.7840909090909091,0.7340425531914894,0.8414634146341463,0.17846993757076218,0.04265237500658259,1.0,9a349209c7d3b9bd40965068b2a613107212665860e7bbb02addbf0f67e5d1fd,1319135375,2081672424,66402786,1633975599,False
LightGBM,lightgbm_04,4,"{""learning_rate"":0.05,""max_depth"":5,""n_estimators"":300,""num_leaves"":63}",61ac1822dcee3a7f1aac310b2b2167b461cc84c91bec9a0c3bb3b47e32302bde,2,13,3,1:1,654,164,0.5,0.8203450327186199,0.7597054494172691,0.5194108988345383,0.8,0.7184466019417476,0.9024390243902439,0.1679254461428452,0.03996583400294185,1.0,d3ae34fbcfb73c5a1be0c96ad00e7eec3433eb478aea0c91dd2163d7870a83ad,2293279620,3028097891,2933952375,4053831653,False
LightGBM,lightgbm_04,4,"{""learning_rate"":0.05,""max_depth"":5,""n_estimators"":300,""num_leaves"":63}",61ac1822dcee3a7f1aac310b2b2167b461cc84c91bec9a0c3bb3b47e32302bde,2,13,4,1:1,656,162,0.5,0.8608443834781283,0.8059111334893165,0.6118222669786331,0.8148148148148148,0.8148148148148148,0.8148148148148148,0.1464418197884027,0.03603537497110665,1.0,253211c36a4e03f7beb1ba4c6fb38a30d71faa649d183e5779b5f27efb6ce6bf,3410040530,245057234,532155413,762879727,False
LightGBM,lightgbm_05,5,"{""learning_rate"":0.03,""max_depth"":7,""n_estimators"":300,""num_leaves"":63}",93249688b6ce5caaa6c0ea397be39053934956aa37f0818183f8b415e48e1e7c,0,42,0,1:1,654,164,0.5,0.8428019036287925,0.7593639961683762,0.5187279923367525,0.8268156424581006,0.7628865979381443,0.9024390243902439,0.15054674686309508,0.051111541979480535,1.0,b9f1edb670a53afef5f4c085e90bf5e13a41156251f6667b1a65871f2c4c47e0,1973658644,3715151037,233149161,2399526814,False
LightGBM,lightgbm_05,5,"{""learning_rate"":0.03,""max_depth"":7,""n_estimators"":300,""num_leaves"":63}",93249688b6ce5caaa6c0ea397be39053934956aa37f0818183f8b415e48e1e7c,0,42,1,1:1,654,164,0.5,0.8285246876859012,0.7692770545287217,0.5385541090574435,0.7624309392265194,0.696969696969697,0.8414634146341463,0.17164715665580266,0.05572512501385063,1.0,c59d36017adea2f05186de3822c3dd8c95d35f359f7ff35c586a14db623a3103,2786658438,2191900349,3517737438,2371526345,False
LightGBM,lightgbm_05,5,"{""learning_rate"":0.03,""max_depth"":7,""n_estimators"":300,""num_leaves"":63}",93249688b6ce5caaa6c0ea397be39053934956aa37f0818183f8b415e48e1e7c,0,42,2,1:1,654,164,0.5,0.8515764425936942,0.8299039150003706,0.6598078300007413,0.8128342245989305,0.7238095238095238,0.926829268292683,0.15273141937512436,0.05317595798987895,1.0,091c82241439a2f22ad7066be22112027623cd7401cf37ff3920d078a7a913e2,1888399133,2010463502,629780227,48921201,False
LightGBM,lightgbm_05,5,"{""learning_rate"":0.03,""max_depth"":7,""n_estimators"":300,""num_leaves"":63}",93249688b6ce5caaa6c0ea397be39053934956aa37f0818183f8b415e48e1e7c,0,42,3,1:1,654,164,0.5,0.848750743604997,0.8246251779558528,0.6492503559117055,0.7586206896551724,0.717391304347826,0.8048780487804879,0.15658622154854823,0.053445042052771896,1.0,971bb2c8d0b3b7495acb94f62ea8741d4ff4e6e52c17cfe1f97b50e8801a1513,1161336969,599905126,3703496083,230894654,False
LightGBM,lightgbm_05,5,"{""learning_rate"":0.03,""max_depth"":7,""n_estimators"":300,""num_leaves"":63}",93249688b6ce5caaa6c0ea397be39053934956aa37f0818183f8b415e48e1e7c,0,42,4,1:1,656,162,0.5,0.8270080780368846,0.7965128572161307,0.5930257144322615,0.7816091954022989,0.7311827956989247,0.8395061728395061,0.17189101199835854,0.051048666005954146,1.0,78610b63b09a3b3be6828cac4d903ead2c4bc5386d421ebf8e60227a9040ab96,1001834057,624141303,515383750,972393367,False
LightGBM,lightgbm_05,5,"{""learning_rate"":0.03,""max_depth"":7,""n_estimators"":300,""num_leaves"":63}",93249688b6ce5caaa6c0ea397be39053934956aa37f0818183f8b415e48e1e7c,1,7,0,1:1,654,164,0.5,0.8359607376561571,0.7694163516368798,0.5388327032737597,0.8108108108108109,0.7281553398058253,0.9146341463414634,0.16091991203060968,0.053952707967255265,1.0,74e66c11e57d405efbe19a02f13985423c60121aaf1960175664824578d0255d,2521657055,4094230609,264134123,842399429,False
LightGBM,lightgbm_05,5,"{""learning_rate"":0.03,""max_depth"":7,""n_estimators"":300,""num_leaves"":63}",93249688b6ce5caaa6c0ea397be39053934956aa37f0818183f8b415e48e1e7c,1,7,1,1:1,654,164,0.5,0.7940214158239143,0.7069374403143941,0.4138748806287882,0.7602339181286549,0.7303370786516854,0.7926829268292683,0.18127156739308428,0.04871120897587389,1.0,850c47286a5ff6cd122bd73c64fe0c130b4f93517aa2f9a4ab0225caa37355f8,3885368634,2431578943,1619142612,2845288631,False
LightGBM,lightgbm_05,5,"{""learning_rate"":0.03,""max_depth"":7,""n_estimators"":300,""num_leaves"":63}",93249688b6ce5caaa6c0ea397be39053934956aa37f0818183f8b415e48e1e7c,1,7,2,1:1,654,164,0.5,0.864069006543724,0.835358269068849,0.670716538137698,0.7845303867403315,0.7171717171717171,0.8658536585365854,0.1564604511508739,0.053208958997856826,1.0,a58cdcfd42f13eceb650b4e384e38c15ac3d252fa7a9cf51166f33733bec7373,1974496636,1223099430,3474831427,1753096405,False
LightGBM,lightgbm_05,5,"{""learning_rate"":0.03,""max_depth"":7,""n_estimators"":300,""num_leaves"":63}",93249688b6ce5caaa6c0ea397be39053934956aa37f0818183f8b415e48e1e7c,1,7,3,1:1,654,164,0.5,0.7938726948245092,0.7311639623322144,0.46232792466442874,0.7485380116959064,0.7191011235955056,0.7804878048780488,0.19216946340845645,0.05253237497527152,1.0,0787429d108adbb8f716a931370780c2b496f9b4a512b716c8c31ecf6b7c002f,2308674788,3336517605,3055848280,3336201630,False
LightGBM,lightgbm_05,5,"{""learning_rate"":0.03,""max_depth"":7,""n_estimators"":300,""num_leaves"":63}",93249688b6ce5caaa6c0ea397be39053934956aa37f0818183f8b415e48e1e7c,1,7,4,1:1,656,162,0.5,0.8449931412894376,0.7875447179492232,0.5750894358984464,0.8089887640449438,0.7422680412371134,0.8888888888888888,0.15242101976735942,0.05033350002486259,1.0,fd5a87140a37ffe54b3e77a354b4bd55b27678e3392d3612bcc974fcd938aac7,26843640,2371250898,2203746204,3425021368,False
LightGBM,lightgbm_05,5,"{""learning_rate"":0.03,""max_depth"":7,""n_estimators"":300,""num_leaves"":63}",93249688b6ce5caaa6c0ea397be39053934956aa37f0818183f8b415e48e1e7c,2,13,0,1:1,654,164,0.5,0.8216835217132659,0.7593829014149674,0.5187658028299349,0.7647058823529411,0.7386363636363636,0.7926829268292683,0.1703628248405915,0.052666708012111485,1.0,b1e29c5fe8af2195e9abc0f61c3f3c4d213fca3f89d1193c4a6653fb53126347,4197323642,3493101560,3288021756,261167866,False
LightGBM,lightgbm_05,5,"{""learning_rate"":0.03,""max_depth"":7,""n_estimators"":300,""num_leaves"":63}",93249688b6ce5caaa6c0ea397be39053934956aa37f0818183f8b415e48e1e7c,2,13,1,1:1,654,164,0.5,0.8209399167162403,0.7309569420349699,0.4619138840699397,0.7710843373493976,0.7619047619047619,0.7804878048780488,0.17499374211126317,0.05582245800178498,1.0,e3474974719a7c03379f3842f5f95d0ed2107cdd8a6ad009ba26fbebf9498feb,3966191544,1903504230,667876274,3411050692,False
LightGBM,lightgbm_05,5,"{""learning_rate"":0.03,""max_depth"":7,""n_estimators"":300,""num_leaves"":63}",93249688b6ce5caaa6c0ea397be39053934956aa37f0818183f8b415e48e1e7c,2,13,2,1:1,654,164,0.5,0.8274836406900654,0.7630549755203049,0.5261099510406098,0.7861271676300579,0.7472527472527473,0.8292682926829268,0.17073559106698766,0.05988362501375377,1.0,9a349209c7d3b9bd40965068b2a613107212665860e7bbb02addbf0f67e5d1fd,1319135375,2081672424,66402786,1633975599,False
LightGBM,lightgbm_05,5,"{""learning_rate"":0.03,""max_depth"":7,""n_estimators"":300,""num_leaves"":63}",93249688b6ce5caaa6c0ea397be39053934956aa37f0818183f8b415e48e1e7c,2,13,3,1:1,654,164,0.5,0.8274836406900655,0.7757093400644567,0.5514186801289134,0.7802197802197802,0.71,0.8658536585365854,0.16340065435293732,0.05564649996813387,1.0,d3ae34fbcfb73c5a1be0c96ad00e7eec3433eb478aea0c91dd2163d7870a83ad,2293279620,3028097891,2933952375,4053831653,False
LightGBM,lightgbm_05,5,"{""learning_rate"":0.03,""max_depth"":7,""n_estimators"":300,""num_leaves"":63}",93249688b6ce5caaa6c0ea397be39053934956aa37f0818183f8b415e48e1e7c,2,13,4,1:1,656,162,0.5,0.8593202255753696,0.7928356260142392,0.5856712520284784,0.7904191616766467,0.7674418604651163,0.8148148148148148,0.14478830748137206,0.048456499993335456,1.0,253211c36a4e03f7beb1ba4c6fb38a30d71faa649d183e5779b5f27efb6ce6bf,3410040530,245057234,532155413,762879727,False
LightGBM,lightgbm_06,6,"{""learning_rate"":0.05,""max_depth"":7,""n_estimators"":300,""num_leaves"":63}",6a7e994525819d42f8bb2e731338cc0c68a67344d2fd88ff904f310b867e5ab0,0,42,0,1:1,654,164,0.5,0.8572278405710887,0.8043216441392665,0.6086432882785331,0.8248587570621468,0.7684210526315789,0.8902439024390244,0.14643400777563162,0.050889083999209106,1.0,b9f1edb670a53afef5f4c085e90bf5e13a41156251f6667b1a65871f2c4c47e0,1973658644,3715151037,233149161,2399526814,False
LightGBM,lightgbm_06,6,"{""learning_rate"":0.05,""max_depth"":7,""n_estimators"":300,""num_leaves"":63}",6a7e994525819d42f8bb2e731338cc0c68a67344d2fd88ff904f310b867e5ab0,0,42,1,1:1,654,164,0.5,0.830755502676978,0.793290704474795,0.58658140894959,0.7486033519553073,0.6907216494845361,0.8170731707317073,0.18384475368241596,0.054486208013258874,1.0,c59d36017adea2f05186de3822c3dd8c95d35f359f7ff35c586a14db623a3103,2786658438,2191900349,3517737438,2371526345,False
LightGBM,lightgbm_06,6,"{""learning_rate"":0.05,""max_depth"":7,""n_estimators"":300,""num_leaves"":63}",6a7e994525819d42f8bb2e731338cc0c68a67344d2fd88ff904f310b867e5ab0,0,42,2,1:1,654,164,0.5,0.8493456276026176,0.8233248243799645,0.6466496487599289,0.8064516129032258,0.7211538461538461,0.9146341463414634,0.16094706861312785,0.051672082976438105,1.0,091c82241439a2f22ad7066be22112027623cd7401cf37ff3920d078a7a913e2,1888399133,2010463502,629780227,48921201,False
LightGBM,lightgbm_06,6,"{""learning_rate"":0.05,""max_depth"":7,""n_estimators"":300,""num_leaves"":63}",6a7e994525819d42f8bb2e731338cc0c68a67344d2fd88ff904f310b867e5ab0,0,42,3,1:1,654,164,0.5,0.8497917906008329,0.8237483463888652,0.6474966927777304,0.7727272727272727,0.723404255319149,0.8292682926829268,0.16588252800393288,0.05154145898995921,1.0,971bb2c8d0b3b7495acb94f62ea8741d4ff4e6e52c17cfe1f97b50e8801a1513,1161336969,599905126,3703496083,230894654,False
LightGBM,lightgbm_06,6,"{""learning_rate"":0.05,""max_depth"":7,""n_estimators"":300,""num_leaves"":63}",6a7e994525819d42f8bb2e731338cc0c68a67344d2fd88ff904f310b867e5ab0,0,42,4,1:1,656,162,0.5,0.8334095412284712,0.8068212457146399,0.6136424914292797,0.7796610169491526,0.71875,0.8518518518518519,0.1749765115984931,0.04934804199729115,1.0,78610b63b09a3b3be6828cac4d903ead2c4bc5386d421ebf8e60227a9040ab96,1001834057,624141303,515383750,972393367,False
LightGBM,lightgbm_06,6,"{""learning_rate"":0.05,""max_depth"":7,""n_estimators"":300,""num_leaves"":63}",6a7e994525819d42f8bb2e731338cc0c68a67344d2fd88ff904f310b867e5ab0,1,7,0,1:1,654,164,0.5,0.8370017846519928,0.7498841473208502,0.49976829464170036,0.8105263157894737,0.7129629629629629,0.9390243902439024,0.16531742260845173,0.0542349589522928,1.0,74e66c11e57d405efbe19a02f13985423c60121aaf1960175664824578d0255d,2521657055,4094230609,264134123,842399429,False
LightGBM,lightgbm_06,6,"{""learning_rate"":0.05,""max_depth"":7,""n_estimators"":300,""num_leaves"":63}",6a7e994525819d42f8bb2e731338cc0c68a67344d2fd88ff904f310b867e5ab0,1,7,1,1:1,654,164,0.5,0.7840571088637716,0.6959440894102072,0.3918881788204145,0.7261904761904762,0.7093023255813954,0.7439024390243902,0.1980415648376919,0.04632762499386445,1.0,850c47286a5ff6cd122bd73c64fe0c130b4f93517aa2f9a4ab0225caa37355f8,3885368634,2431578943,1619142612,2845288631,False
LightGBM,lightgbm_06,6,"{""learning_rate"":0.05,""max_depth"":7,""n_estimators"":300,""num_leaves"":63}",6a7e994525819d42f8bb2e731338cc0c68a67344d2fd88ff904f310b867e5ab0,1,7,2,1:1,654,164,0.5,0.8630279595478882,0.8364539162686531,0.6729078325373061,0.7865168539325843,0.7291666666666666,0.8536585365853658,0.16226587868351855,0.052305958000943065,1.0,a58cdcfd42f13eceb650b4e384e38c15ac3d252fa7a9cf51166f33733bec7373,1974496636,1223099430,3474831427,1753096405,False
LightGBM,lightgbm_06,6,"{""learning_rate"":0.05,""max_depth"":7,""n_estimators"":300,""num_leaves"":63}",6a7e994525819d42f8bb2e731338cc0c68a67344d2fd88ff904f310b867e5ab0,1,7,3,1:1,654,164,0.5,0.7901546698393813,0.7379314267191978,0.4758628534383955,0.7411764705882353,0.7159090909090909,0.7682926829268293,0.2041025386030943,0.051356000010855496,1.0,0787429d108adbb8f716a931370780c2b496f9b4a512b716c8c31ecf6b7c002f,2308674788,3336517605,3055848280,3336201630,False
LightGBM,lightgbm_06,6,"{""learning_rate"":0.05,""max_depth"":7,""n_estimators"":300,""num_leaves"":63}",6a7e994525819d42f8bb2e731338cc0c68a67344d2fd88ff904f310b867e5ab0,1,7,4,1:1,656,162,0.5,0.8395061728395061,0.7774443195255061,0.5548886390510122,0.7861271676300579,0.7391304347826086,0.8395061728395061,0.16010059662073017,0.049240582971833646,1.0,fd5a87140a37ffe54b3e77a354b4bd55b27678e3392d3612bcc974fcd938aac7,26843640,2371250898,2203746204,3425021368,False
LightGBM,lightgbm_06,6,"{""learning_rate"":0.05,""max_depth"":7,""n_estimators"":300,""num_leaves"":63}",6a7e994525819d42f8bb2e731338cc0c68a67344d2fd88ff904f310b867e5ab0,2,13,0,1:1,654,164,0.5,0.8262938726948246,0.765177179332964,0.5303543586659281,0.7719298245614035,0.7415730337078652,0.8048780487804879,0.16799216354856614,0.053342083003371954,1.0,b1e29c5fe8af2195e9abc0f61c3f3c4d213fca3f89d1193c4a6653fb53126347,4197323642,3493101560,3288021756,261167866,False
LightGBM,lightgbm_06,6,"{""learning_rate"":0.05,""max_depth"":7,""n_estimators"":300,""num_leaves"":63}",6a7e994525819d42f8bb2e731338cc0c68a67344d2fd88ff904f310b867e5ab0,2,13,1,1:1,654,164,0.5,0.8271861986912552,0.7435385787288314,0.4870771574576629,0.7636363636363637,0.7590361445783133,0.7682926829268293,0.1798903568008237,0.052088707976508886,1.0,e3474974719a7c03379f3842f5f95d0ed2107cdd8a6ad009ba26fbebf9498feb,3966191544,1903504230,667876274,3411050692,False
LightGBM,lightgbm_06,6,"{""learning_rate"":0.05,""max_depth"":7,""n_estimators"":300,""num_leaves"":63}",6a7e994525819d42f8bb2e731338cc0c68a67344d2fd88ff904f310b867e5ab0,2,13,2,1:1,654,164,0.5,0.8129089827483641,0.7549760919182382,0.5099521838364764,0.7796610169491526,0.7263157894736842,0.8414634146341463,0.19022061392130277,0.05748954199953005,1.0,9a349209c7d3b9bd40965068b2a613107212665860e7bbb02addbf0f67e5d1fd,1319135375,2081672424,66402786,1633975599,False
LightGBM,lightgbm_06,6,"{""learning_rate"":0.05,""max_depth"":7,""n_estimators"":300,""num_leaves"":63}",6a7e994525819d42f8bb2e731338cc0c68a67344d2fd88ff904f310b867e5ab0,2,13,3,1:1,654,164,0.5,0.8198988697204045,0.7660067875465165,0.532013575093033,0.7934782608695652,0.7156862745098039,0.8902439024390244,0.17332553531207048,0.05263004102744162,1.0,d3ae34fbcfb73c5a1be0c96ad00e7eec3433eb478aea0c91dd2163d7870a83ad,2293279620,3028097891,2933952375,4053831653,False
LightGBM,lightgbm_06,6,"{""learning_rate"":0.05,""max_depth"":7,""n_estimators"":300,""num_leaves"":63}",6a7e994525819d42f8bb2e731338cc0c68a67344d2fd88ff904f310b867e5ab0,2,13,4,1:1,656,162,0.5,0.8704465782655082,0.8001121016362642,0.6002242032725285,0.8,0.7857142857142857,0.8148148148148148,0.14045336378505807,0.04746437497669831,1.0,253211c36a4e03f7beb1ba4c6fb38a30d71faa649d183e5779b5f27efb6ce6bf,3410040530,245057234,532155413,762879727,False
LightGBM,lightgbm_07,7,"{""learning_rate"":0.03,""max_depth"":4,""n_estimators"":500,""num_leaves"":15}",861182c82a57d404019640da338a3e620950dbc017d4a673a0973a846a78d794,0,42,0,1:1,654,164,0.5,0.8460737656157049,0.7644000529116761,0.5288001058233522,0.8187134502923976,0.7865168539325843,0.8536585365853658,0.1470720106817514,0.047645832994021475,1.0,b9f1edb670a53afef5f4c085e90bf5e13a41156251f6667b1a65871f2c4c47e0,1973658644,3715151037,233149161,2399526814,False
LightGBM,lightgbm_07,7,"{""learning_rate"":0.03,""max_depth"":4,""n_estimators"":500,""num_leaves"":15}",861182c82a57d404019640da338a3e620950dbc017d4a673a0973a846a78d794,0,42,1,1:1,654,164,0.5,0.8352171326591314,0.8074795364669521,0.6149590729339043,0.7528089887640449,0.6979166666666666,0.8170731707317073,0.16804279821107132,0.051151165971532464,1.0,c59d36017adea2f05186de3822c3dd8c95d35f359f7ff35c586a14db623a3103,2786658438,2191900349,3517737438,2371526345,False
LightGBM,lightgbm_07,7,"{""learning_rate"":0.03,""max_depth"":4,""n_estimators"":500,""num_leaves"":15}",861182c82a57d404019640da338a3e620950dbc017d4a673a0973a846a78d794,0,42,2,1:1,654,164,0.5,0.8460737656157049,0.8317922862834278,0.6635845725668557,0.782608695652174,0.7058823529411765,0.8780487804878049,0.15514915417042976,0.0519632920040749,1.0,091c82241439a2f22ad7066be22112027623cd7401cf37ff3920d078a7a913e2,1888399133,2010463502,629780227,48921201,False
LightGBM,lightgbm_07,7,"{""learning_rate"":0.03,""max_depth"":4,""n_estimators"":500,""num_leaves"":15}",861182c82a57d404019640da338a3e620950dbc017d4a673a0973a846a78d794,0,42,3,1:1,654,164,0.5,0.8542534205829863,0.8286646045125925,0.657329209025185,0.7701149425287356,0.7282608695652174,0.8170731707317073,0.15456114090451484,0.04848333296831697,1.0,971bb2c8d0b3b7495acb94f62ea8741d4ff4e6e52c17cfe1f97b50e8801a1513,1161336969,599905126,3703496083,230894654,False
LightGBM,lightgbm_07,7,"{""learning_rate"":0.03,""max_depth"":4,""n_estimators"":500,""num_leaves"":15}",861182c82a57d404019640da338a3e620950dbc017d4a673a0973a846a78d794,0,42,4,1:1,656,162,0.5,0.8331047096479196,0.8077653813145402,0.6155307626290805,0.7865168539325843,0.7216494845360825,0.8641975308641975,0.16761496289960287,0.04856274998746812,1.0,78610b63b09a3b3be6828cac4d903ead2c4bc5386d421ebf8e60227a9040ab96,1001834057,624141303,515383750,972393367,False
LightGBM,lightgbm_07,7,"{""learning_rate"":0.03,""max_depth"":4,""n_estimators"":500,""num_leaves"":15}",861182c82a57d404019640da338a3e620950dbc017d4a673a0973a846a78d794,1,7,0,1:1,654,164,0.5,0.8259964306960144,0.7402079944680194,0.4804159889360389,0.7849462365591398,0.7019230769230769,0.8902439024390244,0.16344850558746205,0.050898624991532415,1.0,74e66c11e57d405efbe19a02f13985423c60121aaf1960175664824578d0255d,2521657055,4094230609,264134123,842399429,False
LightGBM,lightgbm_07,7,"{""learning_rate"":0.03,""max_depth"":4,""n_estimators"":500,""num_leaves"":15}",861182c82a57d404019640da338a3e620950dbc017d4a673a0973a846a78d794,1,7,1,1:1,654,164,0.5,0.7791493158834027,0.6771047792803065,0.3542095585606131,0.7411764705882353,0.7159090909090909,0.7682926829268293,0.18603789508529342,0.046830999956000596,1.0,850c47286a5ff6cd122bd73c64fe0c130b4f93517aa2f9a4ab0225caa37355f8,3885368634,2431578943,1619142612,2845288631,False
LightGBM,lightgbm_07,7,"{""learning_rate"":0.03,""max_depth"":4,""n_estimators"":500,""num_leaves"":15}",861182c82a57d404019640da338a3e620950dbc017d4a673a0973a846a78d794,1,7,2,1:1,654,164,0.5,0.8484533016061868,0.8006470276176775,0.601294055235355,0.7955801104972375,0.7272727272727273,0.8780487804878049,0.15893268786410875,0.04978733399184421,1.0,a58cdcfd42f13eceb650b4e384e38c15ac3d252fa7a9cf51166f33733bec7373,1974496636,1223099430,3474831427,1753096405,False
LightGBM,lightgbm_07,7,"{""learning_rate"":0.03,""max_depth"":4,""n_estimators"":500,""num_leaves"":15}",861182c82a57d404019640da338a3e620950dbc017d4a673a0973a846a78d794,1,7,3,1:1,654,164,0.5,0.7926829268292683,0.729898290130162,0.4597965802603241,0.7325581395348837,0.7,0.7682926829268293,0.18501683322810378,0.04834591597318649,1.0,0787429d108adbb8f716a931370780c2b496f9b4a512b716c8c31ecf6b7c002f,2308674788,3336517605,3055848280,3336201630,False
LightGBM,lightgbm_07,7,"{""learning_rate"":0.03,""max_depth"":4,""n_estimators"":500,""num_leaves"":15}",861182c82a57d404019640da338a3e620950dbc017d4a673a0973a846a78d794,1,7,4,1:1,656,162,0.5,0.8297515622618503,0.7604591190899583,0.5209182381799167,0.8111111111111111,0.7373737373737373,0.9012345679012346,0.15888121101250025,0.04919324995717034,1.0,fd5a87140a37ffe54b3e77a354b4bd55b27678e3392d3612bcc974fcd938aac7,26843640,2371250898,2203746204,3425021368,False
LightGBM,lightgbm_07,7,"{""learning_rate"":0.03,""max_depth"":4,""n_estimators"":500,""num_leaves"":15}",861182c82a57d404019640da338a3e620950dbc017d4a673a0973a846a78d794,2,13,0,1:1,654,164,0.5,0.8080011897679953,0.7513444030596322,0.5026888061192645,0.7613636363636364,0.7127659574468085,0.8170731707317073,0.17783165317214417,0.05179354199208319,1.0,b1e29c5fe8af2195e9abc0f61c3f3c4d213fca3f89d1193c4a6653fb53126347,4197323642,3493101560,3288021756,261167866,False
LightGBM,lightgbm_07,7,"{""learning_rate"":0.03,""max_depth"":4,""n_estimators"":500,""num_leaves"":15}",861182c82a57d404019640da338a3e620950dbc017d4a673a0973a846a78d794,2,13,1,1:1,654,164,0.5,0.821832242712671,0.7454366292455246,0.4908732584910491,0.7857142857142857,0.7674418604651163,0.8048780487804879,0.17191265508771908,0.0481852920493111,1.0,e3474974719a7c03379f3842f5f95d0ed2107cdd8a6ad009ba26fbebf9498feb,3966191544,1903504230,667876274,3411050692,False
LightGBM,lightgbm_07,7,"{""learning_rate"":0.03,""max_depth"":4,""n_estimators"":500,""num_leaves"":15}",861182c82a57d404019640da338a3e620950dbc017d4a673a0973a846a78d794,2,13,2,1:1,654,164,0.5,0.8365556216537775,0.7765192812522637,0.5530385625045273,0.7771428571428571,0.7311827956989247,0.8292682926829268,0.16507316061280025,0.05310187500435859,1.0,9a349209c7d3b9bd40965068b2a613107212665860e7bbb02addbf0f67e5d1fd,1319135375,2081672424,66402786,1633975599,False
LightGBM,lightgbm_07,7,"{""learning_rate"":0.03,""max_depth"":4,""n_estimators"":500,""num_leaves"":15}",861182c82a57d404019640da338a3e620950dbc017d4a673a0973a846a78d794,2,13,3,1:1,654,164,0.5,0.8430993456276026,0.7935944185391265,0.587188837078253,0.7912087912087912,0.72,0.8780487804878049,0.1559202413377835,0.04980449995491654,1.0,d3ae34fbcfb73c5a1be0c96ad00e7eec3433eb478aea0c91dd2163d7870a83ad,2293279620,3028097891,2933952375,4053831653,False
LightGBM,lightgbm_07,7,"{""learning_rate"":0.03,""max_depth"":4,""n_estimators"":500,""num_leaves"":15}",861182c82a57d404019640da338a3e620950dbc017d4a673a0973a846a78d794,2,13,4,1:1,656,162,0.5,0.8600823045267489,0.8137239722359542,0.6274479444719083,0.7951807228915663,0.7764705882352941,0.8148148148148148,0.14673257496989095,0.04678641597274691,1.0,253211c36a4e03f7beb1ba4c6fb38a30d71faa649d183e5779b5f27efb6ce6bf,3410040530,245057234,532155413,762879727,False
LightGBM,lightgbm_08,8,"{""learning_rate"":0.05,""max_depth"":4,""n_estimators"":500,""num_leaves"":15}",fc68aa58fed0484719b3e6282076bcde9b6f735f34e620d55620c1f03cb54882,0,42,0,1:1,654,164,0.5,0.8544021415823915,0.7934503220001723,0.5869006440003446,0.813953488372093,0.7777777777777778,0.8536585365853658,0.14872330494399344,0.04770300001837313,1.0,b9f1edb670a53afef5f4c085e90bf5e13a41156251f6667b1a65871f2c4c47e0,1973658644,3715151037,233149161,2399526814,False
LightGBM,lightgbm_08,8,"{""learning_rate"":0.05,""max_depth"":4,""n_estimators"":500,""num_leaves"":15}",fc68aa58fed0484719b3e6282076bcde9b6f735f34e620d55620c1f03cb54882,0,42,1,1:1,654,164,0.5,0.8419095776323617,0.8091608624203313,0.6183217248406625,0.7570621468926554,0.7052631578947368,0.8170731707317073,0.1723604669169458,0.05111295904498547,1.0,c59d36017adea2f05186de3822c3dd8c95d35f359f7ff35c586a14db623a3103,2786658438,2191900349,3517737438,2371526345,False
LightGBM,lightgbm_08,8,"{""learning_rate"":0.05,""max_depth"":4,""n_estimators"":500,""num_leaves"":15}",fc68aa58fed0484719b3e6282076bcde9b6f735f34e620d55620c1f03cb54882,0,42,2,1:1,654,164,0.5,0.8514277215942891,0.8370611926522019,0.6741223853044038,0.7717391304347826,0.696078431372549,0.8658536585365854,0.16003836642726035,0.051157667010556906,1.0,091c82241439a2f22ad7066be22112027623cd7401cf37ff3920d078a7a913e2,1888399133,2010463502,629780227,48921201,False
LightGBM,lightgbm_08,8,"{""learning_rate"":0.05,""max_depth"":4,""n_estimators"":500,""num_leaves"":15}",fc68aa58fed0484719b3e6282076bcde9b6f735f34e620d55620c1f03cb54882,0,42,3,1:1,654,164,0.5,0.8460737656157049,0.8302270247369303,0.6604540494738607,0.7586206896551724,0.717391304347826,0.8048780487804879,0.1653842185575868,0.04960979102179408,1.0,971bb2c8d0b3b7495acb94f62ea8741d4ff4e6e52c17cfe1f97b50e8801a1513,1161336969,599905126,3703496083,230894654,False
LightGBM,lightgbm_08,8,"{""learning_rate"":0.05,""max_depth"":4,""n_estimators"":500,""num_leaves"":15}",fc68aa58fed0484719b3e6282076bcde9b6f735f34e620d55620c1f03cb54882,0,42,4,1:1,656,162,0.5,0.828837067520195,0.7999667203872893,0.5999334407745787,0.7840909090909091,0.7263157894736842,0.8518518518518519,0.1746899262800183,0.04830191598739475,1.0,78610b63b09a3b3be6828cac4d903ead2c4bc5386d421ebf8e60227a9040ab96,1001834057,624141303,515383750,972393367,False
LightGBM,lightgbm_08,8,"{""learning_rate"":0.05,""max_depth"":4,""n_estimators"":500,""num_leaves"":15}",fc68aa58fed0484719b3e6282076bcde9b6f735f34e620d55620c1f03cb54882,1,7,0,1:1,654,164,0.5,0.8221296847114813,0.7400749907095325,0.48014998141906506,0.7821229050279329,0.7216494845360825,0.8536585365853658,0.1697912778285665,0.04949120798846707,1.0,74e66c11e57d405efbe19a02f13985423c60121aaf1960175664824578d0255d,2521657055,4094230609,264134123,842399429,False
LightGBM,lightgbm_08,8,"{""learning_rate"":0.05,""max_depth"":4,""n_estimators"":500,""num_leaves"":15}",fc68aa58fed0484719b3e6282076bcde9b6f735f34e620d55620c1f03cb54882,1,7,1,1:1,654,164,0.5,0.7813801308744794,0.6898055107914607,0.37961102158292137,0.7485380116959064,0.7191011235955056,0.7804878048780488,0.19271207544948377,0.04728774999966845,1.0,850c47286a5ff6cd122bd73c64fe0c130b4f93517aa2f9a4ab0225caa37355f8,3885368634,2431578943,1619142612,2845288631,False
LightGBM,lightgbm_08,8,"{""learning_rate"":0.05,""max_depth"":4,""n_estimators"":500,""num_leaves"":15}",fc68aa58fed0484719b3e6282076bcde9b6f735f34e620d55620c1f03cb54882,1,7,2,1:1,654,164,0.5,0.8643664485425342,0.8195098942703387,0.6390197885406774,0.7771428571428571,0.7311827956989247,0.8292682926829268,0.15917771659642754,0.04935212497366592,1.0,a58cdcfd42f13eceb650b4e384e38c15ac3d252fa7a9cf51166f33733bec7373,1974496636,1223099430,3474831427,1753096405,False
LightGBM,lightgbm_08,8,"{""learning_rate"":0.05,""max_depth"":4,""n_estimators"":500,""num_leaves"":15}",fc68aa58fed0484719b3e6282076bcde9b6f735f34e620d55620c1f03cb54882,1,7,3,1:1,654,164,0.5,0.7852468768590125,0.7224076185192227,0.4448152370384455,0.7283236994219653,0.6923076923076923,0.7682926829268293,0.20050496253757882,0.04771287500625476,1.0,0787429d108adbb8f716a931370780c2b496f9b4a512b716c8c31ecf6b7c002f,2308674788,3336517605,3055848280,3336201630,False
LightGBM,lightgbm_08,8,"{""learning_rate"":0.05,""max_depth"":4,""n_estimators"":500,""num_leaves"":15}",fc68aa58fed0484719b3e6282076bcde9b6f735f34e620d55620c1f03cb54882,1,7,4,1:1,656,162,0.5,0.8274653254077122,0.7585529402212774,0.5171058804425548,0.788235294117647,0.7528089887640449,0.8271604938271605,0.1645189072985021,0.04723250004462898,1.0,fd5a87140a37ffe54b3e77a354b4bd55b27678e3392d3612bcc974fcd938aac7,26843640,2371250898,2203746204,3425021368,False
LightGBM,lightgbm_08,8,"{""learning_rate"":0.05,""max_depth"":4,""n_estimators"":500,""num_leaves"":15}",fc68aa58fed0484719b3e6282076bcde9b6f735f34e620d55620c1f03cb54882,2,13,0,1:1,654,164,0.5,0.816775728732897,0.7538563031744222,0.5077126063488444,0.7861271676300579,0.7472527472527473,0.8292682926829268,0.17685797571680095,0.050108542025554925,1.0,b1e29c5fe8af2195e9abc0f61c3f3c4d213fca3f89d1193c4a6653fb53126347,4197323642,3493101560,3288021756,261167866,False
LightGBM,lightgbm_08,8,"{""learning_rate"":0.05,""max_depth"":4,""n_estimators"":500,""num_leaves"":15}",fc68aa58fed0484719b3e6282076bcde9b6f735f34e620d55620c1f03cb54882,2,13,1,1:1,654,164,0.5,0.8209399167162403,0.7388732315209972,0.4777464630419943,0.7784431137724551,0.7647058823529411,0.7926829268292683,0.1786560893026395,0.0504897499922663,1.0,e3474974719a7c03379f3842f5f95d0ed2107cdd8a6ad009ba26fbebf9498feb,3966191544,1903504230,667876274,3411050692,False
LightGBM,lightgbm_08,8,"{""learning_rate"":0.05,""max_depth"":4,""n_estimators"":500,""num_leaves"":15}",fc68aa58fed0484719b3e6282076bcde9b6f735f34e620d55620c1f03cb54882,2,13,2,1:1,654,164,0.5,0.8160321237358715,0.7537897611515484,0.5075795223030968,0.768361581920904,0.7157894736842105,0.8292682926829268,0.18347941723983163,0.052337959001306444,1.0,9a349209c7d3b9bd40965068b2a613107212665860e7bbb02addbf0f67e5d1fd,1319135375,2081672424,66402786,1633975599,False
LightGBM,lightgbm_08,8,"{""learning_rate"":0.05,""max_depth"":4,""n_estimators"":500,""num_leaves"":15}",fc68aa58fed0484719b3e6282076bcde9b6f735f34e620d55620c1f03cb54882,2,13,3,1:1,654,164,0.5,0.824360499702558,0.7712966166944086,0.5425932333888173,0.782608695652174,0.7058823529411765,0.8780487804878049,0.1701141081034871,0.05088237498421222,1.0,d3ae34fbcfb73c5a1be0c96ad00e7eec3433eb478aea0c91dd2163d7870a83ad,2293279620,3028097891,2933952375,4053831653,False
LightGBM,lightgbm_08,8,"{""learning_rate"":0.05,""max_depth"":4,""n_estimators"":500,""num_leaves"":15}",fc68aa58fed0484719b3e6282076bcde9b6f735f34e620d55620c1f03cb54882,2,13,4,1:1,656,162,0.5,0.8602347203170247,0.8130504815598993,0.6261009631197987,0.7852760736196319,0.7804878048780488,0.7901234567901234,0.1488064633315786,0.04767158400500193,1.0,253211c36a4e03f7beb1ba4c6fb38a30d71faa649d183e5779b5f27efb6ce6bf,3410040530,245057234,532155413,762879727,False
LightGBM,lightgbm_09,9,"{""learning_rate"":0.03,""max_depth"":5,""n_estimators"":500,""num_leaves"":63}",a2249cb1e9a14a99987779a050823b55e2ccafb12da195b6b9dd7aed7c7e5344,0,42,0,1:1,654,164,0.5,0.8566329565734683,0.7910177922861988,0.5820355845723977,0.8255813953488372,0.7888888888888889,0.8658536585365854,0.1420574120208504,0.06218691699905321,1.0,b9f1edb670a53afef5f4c085e90bf5e13a41156251f6667b1a65871f2c4c47e0,1973658644,3715151037,233149161,2399526814,False
LightGBM,lightgbm_09,9,"{""learning_rate"":0.03,""max_depth"":5,""n_estimators"":500,""num_leaves"":63}",a2249cb1e9a14a99987779a050823b55e2ccafb12da195b6b9dd7aed7c7e5344,0,42,1,1:1,654,164,0.5,0.8454788816180845,0.819656002188254,0.6393120043765079,0.7597765363128491,0.7010309278350515,0.8292682926829268,0.16837970467109165,0.06564966699806973,1.0,c59d36017adea2f05186de3822c3dd8c95d35f359f7ff35c586a14db623a3103,2786658438,2191900349,3517737438,2371526345,False
LightGBM,lightgbm_09,9,"{""learning_rate"":0.03,""max_depth"":5,""n_estimators"":500,""num_leaves"":63}",a2249cb1e9a14a99987779a050823b55e2ccafb12da195b6b9dd7aed7c7e5344,0,42,2,1:1,654,164,0.5,0.8530636525877454,0.8341756264932267,0.6683512529864535,0.8087431693989071,0.7326732673267327,0.9024390243902439,0.1534005378776003,0.06366162502672523,1.0,091c82241439a2f22ad7066be22112027623cd7401cf37ff3920d078a7a913e2,1888399133,2010463502,629780227,48921201,False
LightGBM,lightgbm_09,9,"{""learning_rate"":0.03,""max_depth"":5,""n_estimators"":500,""num_leaves"":63}",a2249cb1e9a14a99987779a050823b55e2ccafb12da195b6b9dd7aed7c7e5344,0,42,3,1:1,654,164,0.5,0.8509815585960737,0.8274678608196945,0.654935721639389,0.7542857142857143,0.7096774193548387,0.8048780487804879,0.15938910100702874,0.06310304201906547,1.0,971bb2c8d0b3b7495acb94f62ea8741d4ff4e6e52c17cfe1f97b50e8801a1513,1161336969,599905126,3703496083,230894654,False
LightGBM,lightgbm_09,9,"{""learning_rate"":0.03,""max_depth"":5,""n_estimators"":500,""num_leaves"":63}",a2249cb1e9a14a99987779a050823b55e2ccafb12da195b6b9dd7aed7c7e5344,0,42,4,1:1,656,162,0.5,0.8390489254686785,0.8183489851235164,0.6366979702470328,0.7909604519774012,0.7291666666666666,0.8641975308641975,0.17017873451515897,0.06034683302277699,1.0,78610b63b09a3b3be6828cac4d903ead2c4bc5386d421ebf8e60227a9040ab96,1001834057,624141303,515383750,972393367,False
LightGBM,lightgbm_09,9,"{""learning_rate"":0.03,""max_depth"":5,""n_estimators"":500,""num_leaves"":63}",a2249cb1e9a14a99987779a050823b55e2ccafb12da195b6b9dd7aed7c7e5344,1,7,0,1:1,654,164,0.5,0.8267400356930399,0.7423347344122241,0.48466946882444817,0.7845303867403315,0.7171717171717171,0.8658536585365854,0.16498547465422692,0.06148174998816103,1.0,74e66c11e57d405efbe19a02f13985423c60121aaf1960175664824578d0255d,2521657055,4094230609,264134123,842399429,False
LightGBM,lightgbm_09,9,"{""learning_rate"":0.03,""max_depth"":5,""n_estimators"":500,""num_leaves"":63}",a2249cb1e9a14a99987779a050823b55e2ccafb12da195b6b9dd7aed7c7e5344,1,7,1,1:1,654,164,0.5,0.7795954788816181,0.6834767316426507,0.3669534632853013,0.7411764705882353,0.7159090909090909,0.7682926829268293,0.19116531477672957,0.05825920798815787,1.0,850c47286a5ff6cd122bd73c64fe0c130b4f93517aa2f9a4ab0225caa37355f8,3885368634,2431578943,1619142612,2845288631,False
LightGBM,lightgbm_09,9,"{""learning_rate"":0.03,""max_depth"":5,""n_estimators"":500,""num_leaves"":63}",a2249cb1e9a14a99987779a050823b55e2ccafb12da195b6b9dd7aed7c7e5344,1,7,2,1:1,654,164,0.5,0.8616894705532421,0.8325235439971022,0.6650470879942043,0.7955801104972375,0.7272727272727273,0.8780487804878049,0.1561903013776302,0.06230824999511242,1.0,a58cdcfd42f13eceb650b4e384e38c15ac3d252fa7a9cf51166f33733bec7373,1974496636,1223099430,3474831427,1753096405,False
LightGBM,lightgbm_09,9,"{""learning_rate"":0.03,""max_depth"":5,""n_estimators"":500,""num_leaves"":63}",a2249cb1e9a14a99987779a050823b55e2ccafb12da195b6b9dd7aed7c7e5344,1,7,3,1:1,654,164,0.5,0.791046995835812,0.7245515822068612,0.44910316441372244,0.7368421052631579,0.7078651685393258,0.7682926829268293,0.1923157489479664,0.06124591699335724,1.0,0787429d108adbb8f716a931370780c2b496f9b4a512b716c8c31ecf6b7c002f,2308674788,3336517605,3055848280,3336201630,False
LightGBM,lightgbm_09,9,"{""learning_rate"":0.03,""max_depth"":5,""n_estimators"":500,""num_leaves"":63}",a2249cb1e9a14a99987779a050823b55e2ccafb12da195b6b9dd7aed7c7e5344,1,7,4,1:1,656,162,0.5,0.8350861149215059,0.7585259239662256,0.5170518479324513,0.8208092485549133,0.7717391304347826,0.8765432098765432,0.15571290369660112,0.06046562496339902,1.0,fd5a87140a37ffe54b3e77a354b4bd55b27678e3392d3612bcc974fcd938aac7,26843640,2371250898,2203746204,3425021368,False
LightGBM,lightgbm_09,9,"{""learning_rate"":0.03,""max_depth"":5,""n_estimators"":500,""num_leaves"":63}",a2249cb1e9a14a99987779a050823b55e2ccafb12da195b6b9dd7aed7c7e5344,2,13,0,1:1,654,164,0.5,0.8212373587150505,0.7595825978646229,0.5191651957292458,0.7810650887573964,0.7586206896551724,0.8048780487804879,0.1724400172362762,0.062302415957674384,1.0,b1e29c5fe8af2195e9abc0f61c3f3c4d213fca3f89d1193c4a6653fb53126347,4197323642,3493101560,3288021756,261167866,False
LightGBM,lightgbm_09,9,"{""learning_rate"":0.03,""max_depth"":5,""n_estimators"":500,""num_leaves"":63}",a2249cb1e9a14a99987779a050823b55e2ccafb12da195b6b9dd7aed7c7e5344,2,13,1,1:1,654,164,0.5,0.8225758477096966,0.7380233928499194,0.4760467856998387,0.7590361445783133,0.75,0.7682926829268293,0.17584570280960315,0.0617001669597812,1.0,e3474974719a7c03379f3842f5f95d0ed2107cdd8a6ad009ba26fbebf9498feb,3966191544,1903504230,667876274,3411050692,False
LightGBM,lightgbm_09,9,"{""learning_rate"":0.03,""max_depth"":5,""n_estimators"":500,""num_leaves"":63}",a2249cb1e9a14a99987779a050823b55e2ccafb12da195b6b9dd7aed7c7e5344,2,13,2,1:1,654,164,0.5,0.8227245687091017,0.7649689401764861,0.5299378803529722,0.770949720670391,0.711340206185567,0.8414634146341463,0.17501761247402564,0.06781033298466355,1.0,9a349209c7d3b9bd40965068b2a613107212665860e7bbb02addbf0f67e5d1fd,1319135375,2081672424,66402786,1633975599,False
LightGBM,lightgbm_09,9,"{""learning_rate"":0.03,""max_depth"":5,""n_estimators"":500,""num_leaves"":63}",a2249cb1e9a14a99987779a050823b55e2ccafb12da195b6b9dd7aed7c7e5344,2,13,3,1:1,654,164,0.5,0.8314991076740035,0.7768756677611044,0.5537513355222088,0.7891891891891892,0.7087378640776699,0.8902439024390244,0.16198938955587852,0.06432708399370313,1.0,d3ae34fbcfb73c5a1be0c96ad00e7eec3433eb478aea0c91dd2163d7870a83ad,2293279620,3028097891,2933952375,4053831653,False
LightGBM,lightgbm_09,9,"{""learning_rate"":0.03,""max_depth"":5,""n_estimators"":500,""num_leaves"":63}",a2249cb1e9a14a99987779a050823b55e2ccafb12da195b6b9dd7aed7c7e5344,2,13,4,1:1,656,162,0.5,0.8634354519128181,0.8051439751674709,0.6102879503349419,0.8,0.7857142857142857,0.8148148148148148,0.14402496229243092,0.0578605419723317,1.0,253211c36a4e03f7beb1ba4c6fb38a30d71faa649d183e5779b5f27efb6ce6bf,3410040530,245057234,532155413,762879727,False
LightGBM,lightgbm_10,10,"{""learning_rate"":0.05,""max_depth"":5,""n_estimators"":500,""num_leaves"":63}",2155d7ea03cac9a96af07abd8fcf53d5bea97d46b76c84e27546eecf6a5e6af1,0,42,0,1:1,654,164,0.5,0.8561867935752527,0.8044739828696608,0.6089479657393215,0.8117647058823529,0.7840909090909091,0.8414634146341463,0.15004699478870573,0.05985595897072926,1.0,b9f1edb670a53afef5f4c085e90bf5e13a41156251f6667b1a65871f2c4c47e0,1973658644,3715151037,233149161,2399526814,False
LightGBM,lightgbm_10,10,"{""learning_rate"":0.05,""max_depth"":5,""n_estimators"":500,""num_leaves"":63}",2155d7ea03cac9a96af07abd8fcf53d5bea97d46b76c84e27546eecf6a5e6af1,0,42,1,1:1,654,164,0.5,0.8337299226650803,0.7863782823925858,0.5727565647851716,0.7640449438202247,0.7083333333333334,0.8292682926829268,0.18209051111247795,0.06467908399645239,1.0,c59d36017adea2f05186de3822c3dd8c95d35f359f7ff35c586a14db623a3103,2786658438,2191900349,3517737438,2371526345,False
LightGBM,lightgbm_10,10,"{""learning_rate"":0.05,""max_depth"":5,""n_estimators"":500,""num_leaves"":63}",2155d7ea03cac9a96af07abd8fcf53d5bea97d46b76c84e27546eecf6a5e6af1,0,42,2,1:1,654,164,0.5,0.8497917906008328,0.8331011188156917,0.6662022376313834,0.7872340425531915,0.6981132075471698,0.9024390243902439,0.16784105752908252,0.06439704197691754,1.0,091c82241439a2f22ad7066be22112027623cd7401cf37ff3920d078a7a913e2,1888399133,2010463502,629780227,48921201,False
LightGBM,lightgbm_10,10,"{""learning_rate"":0.05,""max_depth"":5,""n_estimators"":500,""num_leaves"":63}",2155d7ea03cac9a96af07abd8fcf53d5bea97d46b76c84e27546eecf6a5e6af1,0,42,3,1:1,654,164,0.5,0.8408685306365259,0.8109658077675801,0.6219316155351602,0.7745664739884393,0.7362637362637363,0.8170731707317073,0.17238712519698074,0.06262870802311227,1.0,971bb2c8d0b3b7495acb94f62ea8741d4ff4e6e52c17cfe1f97b50e8801a1513,1161336969,599905126,3703496083,230894654,False
LightGBM,lightgbm_10,10,"{""learning_rate"":0.05,""max_depth"":5,""n_estimators"":500,""num_leaves"":63}",2155d7ea03cac9a96af07abd8fcf53d5bea97d46b76c84e27546eecf6a5e6af1,0,42,4,1:1,656,162,0.5,0.8366102728242646,0.8145539866167216,0.6291079732334433,0.768361581920904,0.7083333333333334,0.8395061728395061,0.1819324750433891,0.06038220803020522,1.0,78610b63b09a3b3be6828cac4d903ead2c4bc5386d421ebf8e60227a9040ab96,1001834057,624141303,515383750,972393367,False
LightGBM,lightgbm_10,10,"{""learning_rate"":0.05,""max_depth"":5,""n_estimators"":500,""num_leaves"":63}",2155d7ea03cac9a96af07abd8fcf53d5bea97d46b76c84e27546eecf6a5e6af1,1,7,0,1:1,654,164,0.5,0.8289708506841167,0.7498565658114573,0.49971313162291464,0.7845303867403315,0.7171717171717171,0.8658536585365854,0.17284726786876015,0.06103720795363188,1.0,74e66c11e57d405efbe19a02f13985423c60121aaf1960175664824578d0255d,2521657055,4094230609,264134123,842399429,False
LightGBM,lightgbm_10,10,"{""learning_rate"":0.05,""max_depth"":5,""n_estimators"":500,""num_leaves"":63}",2155d7ea03cac9a96af07abd8fcf53d5bea97d46b76c84e27546eecf6a5e6af1,1,7,1,1:1,654,164,0.5,0.7812314098750743,0.6919655286291313,0.3839310572582626,0.703030303030303,0.6987951807228916,0.7073170731707317,0.2067299149460403,0.056930334016215056,1.0,850c47286a5ff6cd122bd73c64fe0c130b4f93517aa2f9a4ab0225caa37355f8,3885368634,2431578943,1619142612,2845288631,False
LightGBM,lightgbm_10,10,"{""learning_rate"":0.05,""max_depth"":5,""n_estimators"":500,""num_leaves"":63}",2155d7ea03cac9a96af07abd8fcf53d5bea97d46b76c84e27546eecf6a5e6af1,1,7,2,1:1,654,164,0.5,0.8642177275431291,0.8345301127399225,0.669060225479845,0.7932960893854749,0.7319587628865979,0.8658536585365854,0.1645145962407993,0.06173958396539092,1.0,a58cdcfd42f13eceb650b4e384e38c15ac3d252fa7a9cf51166f33733bec7373,1974496636,1223099430,3474831427,1753096405,False
LightGBM,lightgbm_10,10,"{""learning_rate"":0.05,""max_depth"":5,""n_estimators"":500,""num_leaves"":63}",2155d7ea03cac9a96af07abd8fcf53d5bea97d46b76c84e27546eecf6a5e6af1,1,7,3,1:1,654,164,0.5,0.7914931588340274,0.7426089508811862,0.48521790176237234,0.7368421052631579,0.7078651685393258,0.7682926829268293,0.2068267017094151,0.05979450000450015,1.0,0787429d108adbb8f716a931370780c2b496f9b4a512b716c8c31ecf6b7c002f,2308674788,3336517605,3055848280,3336201630,False
LightGBM,lightgbm_10,10,"{""learning_rate"":0.05,""max_depth"":5,""n_estimators"":500,""num_leaves"":63}",2155d7ea03cac9a96af07abd8fcf53d5bea97d46b76c84e27546eecf6a5e6af1,1,7,4,1:1,656,162,0.5,0.836153025453437,0.7715289044166045,0.543057808833209,0.783625730994152,0.7444444444444445,0.8271604938271605,0.16151725584238108,0.0596564169973135,1.0,fd5a87140a37ffe54b3e77a354b4bd55b27678e3392d3612bcc974fcd938aac7,26843640,2371250898,2203746204,3425021368,False
LightGBM,lightgbm_10,10,"{""learning_rate"":0.05,""max_depth"":5,""n_estimators"":500,""num_leaves"":63}",2155d7ea03cac9a96af07abd8fcf53d5bea97d46b76c84e27546eecf6a5e6af1,2,13,0,1:1,654,164,0.5,0.8358120166567519,0.776197519003081,0.552395038006162,0.7810650887573964,0.7586206896551724,0.8048780487804879,0.16663034741707639,0.06250250001903623,1.0,b1e29c5fe8af2195e9abc0f61c3f3c4d213fca3f89d1193c4a6653fb53126347,4197323642,3493101560,3288021756,261167866,False
LightGBM,lightgbm_10,10,"{""learning_rate"":0.05,""max_depth"":5,""n_estimators"":500,""num_leaves"":63}",2155d7ea03cac9a96af07abd8fcf53d5bea97d46b76c84e27546eecf6a5e6af1,2,13,1,1:1,654,164,0.5,0.8228732897085069,0.7419808182429395,0.483961636485879,0.7710843373493976,0.7619047619047619,0.7804878048780488,0.18380924143979419,0.0597590830293484,1.0,e3474974719a7c03379f3842f5f95d0ed2107cdd8a6ad009ba26fbebf9498feb,3966191544,1903504230,667876274,3411050692,False
LightGBM,lightgbm_10,10,"{""learning_rate"":0.05,""max_depth"":5,""n_estimators"":500,""num_leaves"":63}",2155d7ea03cac9a96af07abd8fcf53d5bea97d46b76c84e27546eecf6a5e6af1,2,13,2,1:1,654,164,0.5,0.8130577037477691,0.7581569507900798,0.5163139015801597,0.7771428571428571,0.7311827956989247,0.8292682926829268,0.19224438828604812,0.06716666597640142,1.0,9a349209c7d3b9bd40965068b2a613107212665860e7bbb02addbf0f67e5d1fd,1319135375,2081672424,66402786,1633975599,False
LightGBM,lightgbm_10,10,"{""learning_rate"":0.05,""max_depth"":5,""n_estimators"":500,""num_leaves"":63}",2155d7ea03cac9a96af07abd8fcf53d5bea97d46b76c84e27546eecf6a5e6af1,2,13,3,1:1,654,164,0.5,0.8185603807257584,0.7495048309994827,0.49900966199896546,0.8087431693989071,0.7326732673267327,0.9024390243902439,0.17429587581235048,0.06359045900171623,1.0,d3ae34fbcfb73c5a1be0c96ad00e7eec3433eb478aea0c91dd2163d7870a83ad,2293279620,3028097891,2933952375,4053831653,False
LightGBM,lightgbm_10,10,"{""learning_rate"":0.05,""max_depth"":5,""n_estimators"":500,""num_leaves"":63}",2155d7ea03cac9a96af07abd8fcf53d5bea97d46b76c84e27546eecf6a5e6af1,2,13,4,1:1,656,162,0.5,0.8638926992836458,0.8158953359154207,0.6317906718308415,0.7875,0.7974683544303798,0.7777777777777778,0.1509625499969311,0.05487358302343637,1.0,253211c36a4e03f7beb1ba4c6fb38a30d71faa649d183e5779b5f27efb6ce6bf,3410040530,245057234,532155413,762879727,False
LightGBM,lightgbm_11,11,"{""learning_rate"":0.03,""max_depth"":7,""n_estimators"":500,""num_leaves"":63}",d51a9706d25408353abaaf39b6db47b9556d5f05c59cd09c64879ee2a5ac043e,0,42,0,1:1,654,164,0.5,0.8453301606186794,0.7709170366939185,0.5418340733878371,0.8202247191011236,0.7604166666666666,0.8902439024390244,0.15174054686443547,0.08269458403810859,1.0,b9f1edb670a53afef5f4c085e90bf5e13a41156251f6667b1a65871f2c4c47e0,1973658644,3715151037,233149161,2399526814,False
LightGBM,lightgbm_11,11,"{""learning_rate"":0.03,""max_depth"":7,""n_estimators"":500,""num_leaves"":63}",d51a9706d25408353abaaf39b6db47b9556d5f05c59cd09c64879ee2a5ac043e,0,42,1,1:1,654,164,0.5,0.830755502676978,0.7750970557411204,0.5501941114822408,0.7555555555555555,0.6938775510204082,0.8292682926829268,0.1819510765914088,0.08825920801609755,1.0,c59d36017adea2f05186de3822c3dd8c95d35f359f7ff35c586a14db623a3103,2786658438,2191900349,3517737438,2371526345,False
LightGBM,lightgbm_11,11,"{""learning_rate"":0.03,""max_depth"":7,""n_estimators"":500,""num_leaves"":63}",d51a9706d25408353abaaf39b6db47b9556d5f05c59cd09c64879ee2a5ac043e,0,42,2,1:1,654,164,0.5,0.8490481856038073,0.8297964771546971,0.6595929543093941,0.8042328042328042,0.7102803738317757,0.926829268292683,0.16077142543152143,0.08620091597549617,1.0,091c82241439a2f22ad7066be22112027623cd7401cf37ff3920d078a7a913e2,1888399133,2010463502,629780227,48921201,False
LightGBM,lightgbm_11,11,"{""learning_rate"":0.03,""max_depth"":7,""n_estimators"":500,""num_leaves"":63}",d51a9706d25408353abaaf39b6db47b9556d5f05c59cd09c64879ee2a5ac043e,0,42,3,1:1,654,164,0.5,0.8459250446162998,0.8278396467802438,0.6556792935604876,0.7428571428571429,0.6989247311827957,0.7926829268292683,0.1687550742189104,0.08417308301432058,1.0,971bb2c8d0b3b7495acb94f62ea8741d4ff4e6e52c17cfe1f97b50e8801a1513,1161336969,599905126,3703496083,230894654,False
LightGBM,lightgbm_11,11,"{""learning_rate"":0.03,""max_depth"":7,""n_estimators"":500,""num_leaves"":63}",d51a9706d25408353abaaf39b6db47b9556d5f05c59cd09c64879ee2a5ac043e,0,42,4,1:1,656,162,0.5,0.83493369913123,0.8115221782362472,0.6230443564724943,0.7771428571428571,0.723404255319149,0.8395061728395061,0.17671679962926423,0.08252354100113735,1.0,78610b63b09a3b3be6828cac4d903ead2c4bc5386d421ebf8e60227a9040ab96,1001834057,624141303,515383750,972393367,False
LightGBM,lightgbm_11,11,"{""learning_rate"":0.03,""max_depth"":7,""n_estimators"":500,""num_leaves"":63}",d51a9706d25408353abaaf39b6db47b9556d5f05c59cd09c64879ee2a5ac043e,1,7,0,1:1,654,164,0.5,0.8347709696609161,0.7550421909481713,0.5100843818963425,0.7888888888888889,0.7244897959183674,0.8658536585365854,0.16777312555062776,0.08538433298235759,1.0,74e66c11e57d405efbe19a02f13985423c60121aaf1960175664824578d0255d,2521657055,4094230609,264134123,842399429,False
LightGBM,lightgbm_11,11,"{""learning_rate"":0.03,""max_depth"":7,""n_estimators"":500,""num_leaves"":63}",d51a9706d25408353abaaf39b6db47b9556d5f05c59cd09c64879ee2a5ac043e,1,7,1,1:1,654,164,0.5,0.7906008328375966,0.7034897717552498,0.4069795435104997,0.7108433734939759,0.7023809523809523,0.7195121951219512,0.19555688678920946,0.07732325000688434,1.0,850c47286a5ff6cd122bd73c64fe0c130b4f93517aa2f9a4ab0225caa37355f8,3885368634,2431578943,1619142612,2845288631,False
LightGBM,lightgbm_11,11,"{""learning_rate"":0.03,""max_depth"":7,""n_estimators"":500,""num_leaves"":63}",d51a9706d25408353abaaf39b6db47b9556d5f05c59cd09c64879ee2a5ac043e,1,7,2,1:1,654,164,0.5,0.8616894705532421,0.8232618290922015,0.6465236581844029,0.7955801104972375,0.7272727272727273,0.8780487804878049,0.16081758372006547,0.08583679201547056,1.0,a58cdcfd42f13eceb650b4e384e38c15ac3d252fa7a9cf51166f33733bec7373,1974496636,1223099430,3474831427,1753096405,False
LightGBM,lightgbm_11,11,"{""learning_rate"":0.03,""max_depth"":7,""n_estimators"":500,""num_leaves"":63}",d51a9706d25408353abaaf39b6db47b9556d5f05c59cd09c64879ee2a5ac043e,1,7,3,1:1,654,164,0.5,0.7913444378346222,0.7305336414815464,0.46106728296309285,0.7529411764705882,0.7272727272727273,0.7804878048780488,0.2058541667570293,0.08335133298533037,1.0,0787429d108adbb8f716a931370780c2b496f9b4a512b716c8c31ecf6b7c002f,2308674788,3336517605,3055848280,3336201630,False
LightGBM,lightgbm_11,11,"{""learning_rate"":0.03,""max_depth"":7,""n_estimators"":500,""num_leaves"":63}",d51a9706d25408353abaaf39b6db47b9556d5f05c59cd09c64879ee2a5ac043e,1,7,4,1:1,656,162,0.5,0.8401158360006097,0.7794637328901788,0.5589274657803576,0.8022598870056498,0.7395833333333334,0.8765432098765432,0.16037288124140817,0.07986175001133233,1.0,fd5a87140a37ffe54b3e77a354b4bd55b27678e3392d3612bcc974fcd938aac7,26843640,2371250898,2203746204,3425021368,False
LightGBM,lightgbm_11,11,"{""learning_rate"":0.03,""max_depth"":7,""n_estimators"":500,""num_leaves"":63}",d51a9706d25408353abaaf39b6db47b9556d5f05c59cd09c64879ee2a5ac043e,2,13,0,1:1,654,164,0.5,0.8297144556811422,0.7668946855117871,0.5337893710235742,0.7544910179640718,0.7411764705882353,0.7682926829268293,0.1714429613667638,0.08500041702063754,1.0,b1e29c5fe8af2195e9abc0f61c3f3c4d213fca3f89d1193c4a6653fb53126347,4197323642,3493101560,3288021756,261167866,False
LightGBM,lightgbm_11,11,"{""learning_rate"":0.03,""max_depth"":7,""n_estimators"":500,""num_leaves"":63}",d51a9706d25408353abaaf39b6db47b9556d5f05c59cd09c64879ee2a5ac043e,2,13,1,1:1,654,164,0.5,0.8251041046995836,0.7468015603978875,0.49360312079577495,0.7636363636363637,0.7590361445783133,0.7682926829268293,0.18252703257325142,0.0830379169783555,1.0,e3474974719a7c03379f3842f5f95d0ed2107cdd8a6ad009ba26fbebf9498feb,3966191544,1903504230,667876274,3411050692,False
LightGBM,lightgbm_11,11,"{""learning_rate"":0.03,""max_depth"":7,""n_estimators"":500,""num_leaves"":63}",d51a9706d25408353abaaf39b6db47b9556d5f05c59cd09c64879ee2a5ac043e,2,13,2,1:1,654,164,0.5,0.8190065437239737,0.7577105268093046,0.5154210536186092,0.7727272727272727,0.723404255319149,0.8292682926829268,0.18599910525308624,0.10370295797474682,1.0,9a349209c7d3b9bd40965068b2a613107212665860e7bbb02addbf0f67e5d1fd,1319135375,2081672424,66402786,1633975599,False
LightGBM,lightgbm_11,11,"{""learning_rate"":0.03,""max_depth"":7,""n_estimators"":500,""num_leaves"":63}",d51a9706d25408353abaaf39b6db47b9556d5f05c59cd09c64879ee2a5ac043e,2,13,3,1:1,654,164,0.5,0.8252528256989887,0.7644036179687018,0.5288072359374036,0.7845303867403315,0.7171717171717171,0.8658536585365854,0.17015789804558842,0.08838425000431016,1.0,d3ae34fbcfb73c5a1be0c96ad00e7eec3433eb478aea0c91dd2163d7870a83ad,2293279620,3028097891,2933952375,4053831653,False
LightGBM,lightgbm_11,11,"{""learning_rate"":0.03,""max_depth"":7,""n_estimators"":500,""num_leaves"":63}",d51a9706d25408353abaaf39b6db47b9556d5f05c59cd09c64879ee2a5ac043e,2,13,4,1:1,656,162,0.5,0.8629782045419906,0.8010408685279047,0.6020817370558094,0.8,0.7857142857142857,0.8148148148148148,0.14621571831476857,0.07586829096544534,1.0,253211c36a4e03f7beb1ba4c6fb38a30d71faa649d183e5779b5f27efb6ce6bf,3410040530,245057234,532155413,762879727,False
LightGBM,lightgbm_12,12,"{""learning_rate"":0.05,""max_depth"":7,""n_estimators"":500,""num_leaves"":63}",a1d81831a5056b4545f3edb807ad0835e39f3f4ebcfb80397df2a461385c648b,0,42,0,1:1,654,164,0.5,0.8624330755502676,0.8191870602088813,0.6383741204177626,0.8342857142857143,0.7849462365591398,0.8902439024390244,0.1497535857960835,0.07992004102561623,1.0,b9f1edb670a53afef5f4c085e90bf5e13a41156251f6667b1a65871f2c4c47e0,1973658644,3715151037,233149161,2399526814,False
LightGBM,lightgbm_12,12,"{""learning_rate"":0.05,""max_depth"":7,""n_estimators"":500,""num_leaves"":63}",a1d81831a5056b4545f3edb807ad0835e39f3f4ebcfb80397df2a461385c648b,0,42,1,1:1,654,164,0.5,0.8306067816775728,0.7808266617362549,0.5616533234725098,0.7457627118644068,0.6947368421052632,0.8048780487804879,0.19592901666554885,0.08784533297875896,1.0,c59d36017adea2f05186de3822c3dd8c95d35f359f7ff35c586a14db623a3103,2786658438,2191900349,3517737438,2371526345,False
LightGBM,lightgbm_12,12,"{""learning_rate"":0.05,""max_depth"":7,""n_estimators"":500,""num_leaves"":63}",a1d81831a5056b4545f3edb807ad0835e39f3f4ebcfb80397df2a461385c648b,0,42,2,1:1,654,164,0.5,0.8468173706127305,0.8295281751781809,0.6590563503563618,0.8021390374331551,0.7142857142857143,0.9146341463414634,0.1754468696198671,0.08433029102161527,1.0,091c82241439a2f22ad7066be22112027623cd7401cf37ff3920d078a7a913e2,1888399133,2010463502,629780227,48921201,False
LightGBM,lightgbm_12,12,"{""learning_rate"":0.05,""max_depth"":7,""n_estimators"":500,""num_leaves"":63}",a1d81831a5056b4545f3edb807ad0835e39f3f4ebcfb80397df2a461385c648b,0,42,3,1:1,654,164,0.5,0.8472635336109459,0.8280582797511096,0.6561165595022191,0.7701149425287356,0.7282608695652174,0.8170731707317073,0.17605546185123624,0.08346624998375773,1.0,971bb2c8d0b3b7495acb94f62ea8741d4ff4e6e52c17cfe1f97b50e8801a1513,1161336969,599905126,3703496083,230894654,False
LightGBM,lightgbm_12,12,"{""learning_rate"":0.05,""max_depth"":7,""n_estimators"":500,""num_leaves"":63}",a1d81831a5056b4545f3edb807ad0835e39f3f4ebcfb80397df2a461385c648b,0,42,4,1:1,656,162,0.5,0.8331047096479195,0.8039246468952802,0.6078492937905604,0.7865168539325843,0.7216494845360825,0.8641975308641975,0.18667264895668353,0.08008212503045797,1.0,78610b63b09a3b3be6828cac4d903ead2c4bc5386d421ebf8e60227a9040ab96,1001834057,624141303,515383750,972393367,False
LightGBM,lightgbm_12,12,"{""learning_rate"":0.05,""max_depth"":7,""n_estimators"":500,""num_leaves"":63}",a1d81831a5056b4545f3edb807ad0835e39f3f4ebcfb80397df2a461385c648b,1,7,0,1:1,654,164,0.5,0.8478584176085664,0.7616714629578966,0.5233429259157931,0.8128342245989305,0.7238095238095238,0.926829268292683,0.16991746038079653,0.0868559589725919,1.0,74e66c11e57d405efbe19a02f13985423c60121aaf1960175664824578d0255d,2521657055,4094230609,264134123,842399429,False
LightGBM,lightgbm_12,12,"{""learning_rate"":0.05,""max_depth"":7,""n_estimators"":500,""num_leaves"":63}",a1d81831a5056b4545f3edb807ad0835e39f3f4ebcfb80397df2a461385c648b,1,7,1,1:1,654,164,0.5,0.7775133848899465,0.6985754441819098,0.3971508883638195,0.7065868263473054,0.6941176470588235,0.7195121951219512,0.21696906821009335,0.07631795800989494,1.0,850c47286a5ff6cd122bd73c64fe0c130b4f93517aa2f9a4ab0225caa37355f8,3885368634,2431578943,1619142612,2845288631,False
LightGBM,lightgbm_12,12,"{""learning_rate"":0.05,""max_depth"":7,""n_estimators"":500,""num_leaves"":63}",a1d81831a5056b4545f3edb807ad0835e39f3f4ebcfb80397df2a461385c648b,1,7,2,1:1,654,164,0.5,0.8596073765615705,0.8293094849350476,0.6586189698700953,0.7954545454545454,0.7446808510638298,0.8536585365853658,0.1733805836017721,0.08395450003445148,1.0,a58cdcfd42f13eceb650b4e384e38c15ac3d252fa7a9cf51166f33733bec7373,1974496636,1223099430,3474831427,1753096405,False
LightGBM,lightgbm_12,12,"{""learning_rate"":0.05,""max_depth"":7,""n_estimators"":500,""num_leaves"":63}",a1d81831a5056b4545f3edb807ad0835e39f3f4ebcfb80397df2a461385c648b,1,7,3,1:1,654,164,0.5,0.7877751338488994,0.7383997056685538,0.4767994113371077,0.7558139534883721,0.7222222222222222,0.7926829268292683,0.22019723943065928,0.08200225001201034,1.0,0787429d108adbb8f716a931370780c2b496f9b4a512b716c8c31ecf6b7c002f,2308674788,3336517605,3055848280,3336201630,False
LightGBM,lightgbm_12,12,"{""learning_rate"":0.05,""max_depth"":7,""n_estimators"":500,""num_leaves"":63}",a1d81831a5056b4545f3edb807ad0835e39f3f4ebcfb80397df2a461385c648b,1,7,4,1:1,656,162,0.5,0.8381344307270233,0.7743764656028107,0.5487529312056214,0.7931034482758621,0.7419354838709677,0.8518518518518519,0.16946993228607118,0.07903087500017136,1.0,fd5a87140a37ffe54b3e77a354b4bd55b27678e3392d3612bcc974fcd938aac7,26843640,2371250898,2203746204,3425021368,False
LightGBM,lightgbm_12,12,"{""learning_rate"":0.05,""max_depth"":7,""n_estimators"":500,""num_leaves"":63}",a1d81831a5056b4545f3edb807ad0835e39f3f4ebcfb80397df2a461385c648b,2,13,0,1:1,654,164,0.5,0.8273349196906603,0.7596094654424255,0.5192189308848509,0.7764705882352941,0.75,0.8048780487804879,0.17626257459907718,0.08369679196039215,1.0,b1e29c5fe8af2195e9abc0f61c3f3c4d213fca3f89d1193c4a6653fb53126347,4197323642,3493101560,3288021756,261167866,False
LightGBM,lightgbm_12,12,"{""learning_rate"":0.05,""max_depth"":7,""n_estimators"":500,""num_leaves"":63}",a1d81831a5056b4545f3edb807ad0835e39f3f4ebcfb80397df2a461385c648b,2,13,1,1:1,654,164,0.5,0.8300118976799524,0.7616486434129166,0.5232972868258332,0.7484662576687117,0.7530864197530864,0.7439024390243902,0.1918992821404913,0.08476854197215289,1.0,e3474974719a7c03379f3842f5f95d0ed2107cdd8a6ad009ba26fbebf9498feb,3966191544,1903504230,667876274,3411050692,False
LightGBM,lightgbm_12,12,"{""learning_rate"":0.05,""max_depth"":7,""n_estimators"":500,""num_leaves"":63}",a1d81831a5056b4545f3edb807ad0835e39f3f4ebcfb80397df2a461385c648b,2,13,2,1:1,654,164,0.5,0.810232004759072,0.7587639097441026,0.5175278194882051,0.7796610169491526,0.7263157894736842,0.8414634146341463,0.2058036708498449,0.10110704199178144,1.0,9a349209c7d3b9bd40965068b2a613107212665860e7bbb02addbf0f67e5d1fd,1319135375,2081672424,66402786,1633975599,False
LightGBM,lightgbm_12,12,"{""learning_rate"":0.05,""max_depth"":7,""n_estimators"":500,""num_leaves"":63}",a1d81831a5056b4545f3edb807ad0835e39f3f4ebcfb80397df2a461385c648b,2,13,3,1:1,654,164,0.5,0.8198988697204046,0.7554657753352947,0.5109315506705894,0.7891891891891892,0.7087378640776699,0.8902439024390244,0.1817270334690579,0.08526258397614583,1.0,d3ae34fbcfb73c5a1be0c96ad00e7eec3433eb478aea0c91dd2163d7870a83ad,2293279620,3028097891,2933952375,4053831653,False
LightGBM,lightgbm_12,12,"{""learning_rate"":0.05,""max_depth"":7,""n_estimators"":500,""num_leaves"":63}",a1d81831a5056b4545f3edb807ad0835e39f3f4ebcfb80397df2a461385c648b,2,13,4,1:1,656,162,0.5,0.8617588782197836,0.7934011235020474,0.5868022470040948,0.7950310559006211,0.8,0.7901234567901234,0.15316322017699652,0.07640583300963044,1.0,253211c36a4e03f7beb1ba4c6fb38a30d71faa649d183e5779b5f27efb6ce6bf,3410040530,245057234,532155413,762879727,False
CatBoost,catboost_01,1,"{""depth"":4,""iterations"":300,""learning_rate"":0.03}",8268fb171abbd264e63cf15afb96723f0096c315ac294505b491ceee24c1242a,0,42,0,1:1,654,164,0.5,0.8587150505651397,0.8385627753424183,0.6771255506848366,0.8021978021978022,0.73,0.8902439024390244,0.14737896674909295,0.3668701249989681,1.0,b9f1edb670a53afef5f4c085e90bf5e13a41156251f6667b1a65871f2c4c47e0,1973658644,3715151037,233149161,2399526814,False
CatBoost,catboost_01,1,"{""depth"":4,""iterations"":300,""learning_rate"":0.03}",8268fb171abbd264e63cf15afb96723f0096c315ac294505b491ceee24c1242a,0,42,1,1:1,654,164,0.5,0.8392325996430696,0.7969651577005532,0.5939303154011064,0.7934782608695652,0.7156862745098039,0.8902439024390244,0.1555395680155486,0.35951025004033,1.0,c59d36017adea2f05186de3822c3dd8c95d35f359f7ff35c586a14db623a3103,2786658438,2191900349,3517737438,2371526345,False
CatBoost,catboost_01,1,"{""depth"":4,""iterations"":300,""learning_rate"":0.03}",8268fb171abbd264e63cf15afb96723f0096c315ac294505b491ceee24c1242a,0,42,2,1:1,654,164,0.5,0.8486020226055919,0.82502074222975,0.6500414844594999,0.7978723404255319,0.7075471698113207,0.9146341463414634,0.15012841408817237,0.3494210420176387,1.0,091c82241439a2f22ad7066be22112027623cd7401cf37ff3920d078a7a913e2,1888399133,2010463502,629780227,48921201,False
CatBoost,catboost_01,1,"{""depth"":4,""iterations"":300,""learning_rate"":0.03}",8268fb171abbd264e63cf15afb96723f0096c315ac294505b491ceee24c1242a,0,42,3,1:1,654,164,0.5,0.8399762046400951,0.7855315947321544,0.5710631894643088,0.7840909090909091,0.7340425531914894,0.8414634146341463,0.1584687102534217,0.35172716702800244,1.0,971bb2c8d0b3b7495acb94f62ea8741d4ff4e6e52c17cfe1f97b50e8801a1513,1161336969,599905126,3703496083,230894654,False
CatBoost,catboost_01,1,"{""depth"":4,""iterations"":300,""learning_rate"":0.03}",8268fb171abbd264e63cf15afb96723f0096c315ac294505b491ceee24c1242a,0,42,4,1:1,656,162,0.5,0.8318853833257125,0.7872326999179569,0.5744653998359137,0.7692307692307693,0.693069306930693,0.8641975308641975,0.16262300452135806,0.29844954202417284,1.0,78610b63b09a3b3be6828cac4d903ead2c4bc5386d421ebf8e60227a9040ab96,1001834057,624141303,515383750,972393367,False
CatBoost,catboost_01,1,"{""depth"":4,""iterations"":300,""learning_rate"":0.03}",8268fb171abbd264e63cf15afb96723f0096c315ac294505b491ceee24c1242a,1,7,0,1:1,654,164,0.5,0.8176680547293278,0.7683066608942718,0.5366133217885436,0.7741935483870968,0.6923076923076923,0.8780487804878049,0.16187877764123493,0.33747750002657995,1.0,74e66c11e57d405efbe19a02f13985423c60121aaf1960175664824578d0255d,2521657055,4094230609,264134123,842399429,False
CatBoost,catboost_01,1,"{""depth"":4,""iterations"":300,""learning_rate"":0.03}",8268fb171abbd264e63cf15afb96723f0096c315ac294505b491ceee24c1242a,1,7,1,1:1,654,164,0.5,0.8069601427721594,0.7056895690323115,0.411379138064623,0.8022598870056498,0.7473684210526316,0.8658536585365854,0.16147640225073442,0.3230348749784753,1.0,850c47286a5ff6cd122bd73c64fe0c130b4f93517aa2f9a4ab0225caa37355f8,3885368634,2431578943,1619142612,2845288631,False
CatBoost,catboost_01,1,"{""depth"":4,""iterations"":300,""learning_rate"":0.03}",8268fb171abbd264e63cf15afb96723f0096c315ac294505b491ceee24c1242a,1,7,2,1:1,654,164,0.5,0.8630279595478882,0.8432796691454789,0.6865593382909578,0.8108108108108109,0.7281553398058253,0.9146341463414634,0.14819411262637833,0.36213016597321257,1.0,a58cdcfd42f13eceb650b4e384e38c15ac3d252fa7a9cf51166f33733bec7373,1974496636,1223099430,3474831427,1753096405,False
CatBoost,catboost_01,1,"{""depth"":4,""iterations"":300,""learning_rate"":0.03}",8268fb171abbd264e63cf15afb96723f0096c315ac294505b491ceee24c1242a,1,7,3,1:1,654,164,0.5,0.8149910767400357,0.7249858169042538,0.4499716338085076,0.7650273224043715,0.693069306930693,0.8536585365853658,0.16406298872599237,0.31544091599062085,1.0,0787429d108adbb8f716a931370780c2b496f9b4a512b716c8c31ecf6b7c002f,2308674788,3336517605,3055848280,3336201630,False
CatBoost,catboost_01,1,"{""depth"":4,""iterations"":300,""learning_rate"":0.03}",8268fb171abbd264e63cf15afb96723f0096c315ac294505b491ceee24c1242a,1,7,4,1:1,656,162,0.5,0.8267032464563329,0.7443833616281947,0.4887667232563895,0.8085106382978723,0.7102803738317757,0.9382716049382716,0.1592895536023595,0.34826695802621543,1.0,fd5a87140a37ffe54b3e77a354b4bd55b27678e3392d3612bcc974fcd938aac7,26843640,2371250898,2203746204,3425021368,False
CatBoost,catboost_01,1,"{""depth"":4,""iterations"":300,""learning_rate"":0.03}",8268fb171abbd264e63cf15afb96723f0096c315ac294505b491ceee24c1242a,2,13,0,1:1,654,164,0.5,0.8309042236763831,0.7959161480333004,0.5918322960666007,0.7885714285714286,0.7419354838709677,0.8414634146341463,0.16067797938086678,0.3082059579901397,1.0,b1e29c5fe8af2195e9abc0f61c3f3c4d213fca3f89d1193c4a6653fb53126347,4197323642,3493101560,3288021756,261167866,False
CatBoost,catboost_01,1,"{""depth"":4,""iterations"":300,""learning_rate"":0.03}",8268fb171abbd264e63cf15afb96723f0096c315ac294505b491ceee24c1242a,2,13,1,1:1,654,164,0.5,0.812908982748364,0.7297604075487372,0.45952081509747433,0.7790697674418605,0.7444444444444445,0.8170731707317073,0.17032975231024938,0.34746779198758304,1.0,e3474974719a7c03379f3842f5f95d0ed2107cdd8a6ad009ba26fbebf9498feb,3966191544,1903504230,667876274,3411050692,False
CatBoost,catboost_01,1,"{""depth"":4,""iterations"":300,""learning_rate"":0.03}",8268fb171abbd264e63cf15afb96723f0096c315ac294505b491ceee24c1242a,2,13,2,1:1,654,164,0.5,0.8481558596073766,0.784581233168695,0.56916246633739,0.776595744680851,0.6886792452830188,0.8902439024390244,0.15312657632503107,0.3409725419478491,1.0,9a349209c7d3b9bd40965068b2a613107212665860e7bbb02addbf0f67e5d1fd,1319135375,2081672424,66402786,1633975599,False
CatBoost,catboost_01,1,"{""depth"":4,""iterations"":300,""learning_rate"":0.03}",8268fb171abbd264e63cf15afb96723f0096c315ac294505b491ceee24c1242a,2,13,3,1:1,654,164,0.5,0.8631766805472934,0.8106874788432064,0.6213749576864127,0.819672131147541,0.7425742574257426,0.9146341463414634,0.14834574952008323,0.3246488330187276,1.0,d3ae34fbcfb73c5a1be0c96ad00e7eec3433eb478aea0c91dd2163d7870a83ad,2293279620,3028097891,2933952375,4053831653,False
CatBoost,catboost_01,1,"{""depth"":4,""iterations"":300,""learning_rate"":0.03}",8268fb171abbd264e63cf15afb96723f0096c315ac294505b491ceee24c1242a,2,13,4,1:1,656,162,0.5,0.8710562414266118,0.8420199115147937,0.6840398230295874,0.7976878612716763,0.75,0.8518518518518519,0.142539103097005,0.30784404202131554,1.0,253211c36a4e03f7beb1ba4c6fb38a30d71faa649d183e5779b5f27efb6ce6bf,3410040530,245057234,532155413,762879727,False
CatBoost,catboost_02,2,"{""depth"":4,""iterations"":300,""learning_rate"":0.05}",f3c7d69f2d83763a304e3f6c4e4cdbc8d45cd5f435549c5e6c504731e1a57159,0,42,0,1:1,654,164,0.5,0.8628792385484831,0.8299261512141045,0.659852302428209,0.819672131147541,0.7425742574257426,0.9146341463414634,0.14392064014877873,0.31215458299266174,1.0,b9f1edb670a53afef5f4c085e90bf5e13a41156251f6667b1a65871f2c4c47e0,1973658644,3715151037,233149161,2399526814,False
CatBoost,catboost_02,2,"{""depth"":4,""iterations"":300,""learning_rate"":0.05}",f3c7d69f2d83763a304e3f6c4e4cdbc8d45cd5f435549c5e6c504731e1a57159,0,42,1,1:1,654,164,0.5,0.8228732897085068,0.7789382046329666,0.5578764092659332,0.7796610169491526,0.7263157894736842,0.8414634146341463,0.16716490665263603,0.36136870802147314,1.0,c59d36017adea2f05186de3822c3dd8c95d35f359f7ff35c586a14db623a3103,2786658438,2191900349,3517737438,2371526345,False
CatBoost,catboost_02,2,"{""depth"":4,""iterations"":300,""learning_rate"":0.05}",f3c7d69f2d83763a304e3f6c4e4cdbc8d45cd5f435549c5e6c504731e1a57159,0,42,2,1:1,654,164,0.5,0.843694229625223,0.8225928668283871,0.6451857336567741,0.8043478260869565,0.7254901960784313,0.9024390243902439,0.15532270036091061,0.35295720800058916,1.0,091c82241439a2f22ad7066be22112027623cd7401cf37ff3920d078a7a913e2,1888399133,2010463502,629780227,48921201,False
CatBoost,catboost_02,2,"{""depth"":4,""iterations"":300,""learning_rate"":0.05}",f3c7d69f2d83763a304e3f6c4e4cdbc8d45cd5f435549c5e6c504731e1a57159,0,42,3,1:1,654,164,0.5,0.8432480666270077,0.7903872803560031,0.5807745607120063,0.7752808988764045,0.71875,0.8414634146341463,0.15873230485650633,0.35584895801730454,1.0,971bb2c8d0b3b7495acb94f62ea8741d4ff4e6e52c17cfe1f97b50e8801a1513,1161336969,599905126,3703496083,230894654,False
CatBoost,catboost_02,2,"{""depth"":4,""iterations"":300,""learning_rate"":0.05}",f3c7d69f2d83763a304e3f6c4e4cdbc8d45cd5f435549c5e6c504731e1a57159,0,42,4,1:1,656,162,0.5,0.8189300411522634,0.7500708244477872,0.5001416488955743,0.7692307692307693,0.693069306930693,0.8641975308641975,0.17008390576438198,0.2978258749935776,1.0,78610b63b09a3b3be6828cac4d903ead2c4bc5386d421ebf8e60227a9040ab96,1001834057,624141303,515383750,972393367,False
CatBoost,catboost_02,2,"{""depth"":4,""iterations"":300,""learning_rate"":0.05}",f3c7d69f2d83763a304e3f6c4e4cdbc8d45cd5f435549c5e6c504731e1a57159,1,7,0,1:1,654,164,0.5,0.814098750743605,0.7467417502690712,0.4934835005381424,0.7914438502673797,0.7047619047619048,0.9024390243902439,0.1638544191877349,0.33585737500106916,1.0,74e66c11e57d405efbe19a02f13985423c60121aaf1960175664824578d0255d,2521657055,4094230609,264134123,842399429,False
CatBoost,catboost_02,2,"{""depth"":4,""iterations"":300,""learning_rate"":0.05}",f3c7d69f2d83763a304e3f6c4e4cdbc8d45cd5f435549c5e6c504731e1a57159,1,7,1,1:1,654,164,0.5,0.78866745984533,0.6812608602328015,0.36252172046560305,0.8044692737430168,0.7422680412371134,0.8780487804878049,0.17277190013064986,0.32318416703492403,1.0,850c47286a5ff6cd122bd73c64fe0c130b4f93517aa2f9a4ab0225caa37355f8,3885368634,2431578943,1619142612,2845288631,False
CatBoost,catboost_02,2,"{""depth"":4,""iterations"":300,""learning_rate"":0.05}",f3c7d69f2d83763a304e3f6c4e4cdbc8d45cd5f435549c5e6c504731e1a57159,1,7,2,1:1,654,164,0.5,0.8616894705532421,0.8255108496801222,0.6510216993602445,0.8021978021978022,0.73,0.8902439024390244,0.14684704917200742,0.3577349170227535,1.0,a58cdcfd42f13eceb650b4e384e38c15ac3d252fa7a9cf51166f33733bec7373,1974496636,1223099430,3474831427,1753096405,False
CatBoost,catboost_02,2,"{""depth"":4,""iterations"":300,""learning_rate"":0.05}",f3c7d69f2d83763a304e3f6c4e4cdbc8d45cd5f435549c5e6c504731e1a57159,1,7,3,1:1,654,164,0.5,0.8157346817370612,0.7225526927251046,0.44510538545020917,0.770949720670391,0.711340206185567,0.8414634146341463,0.16427362641079762,0.31069587502861395,1.0,0787429d108adbb8f716a931370780c2b496f9b4a512b716c8c31ecf6b7c002f,2308674788,3336517605,3055848280,3336201630,False
CatBoost,catboost_02,2,"{""depth"":4,""iterations"":300,""learning_rate"":0.05}",f3c7d69f2d83763a304e3f6c4e4cdbc8d45cd5f435549c5e6c504731e1a57159,1,7,4,1:1,656,162,0.5,0.8222831885383326,0.7518497028760995,0.5036994057521991,0.7934782608695652,0.7087378640776699,0.9012345679012346,0.1624791112343247,0.3486794169875793,1.0,fd5a87140a37ffe54b3e77a354b4bd55b27678e3392d3612bcc974fcd938aac7,26843640,2371250898,2203746204,3425021368,False
CatBoost,catboost_02,2,"{""depth"":4,""iterations"":300,""learning_rate"":0.05}",f3c7d69f2d83763a304e3f6c4e4cdbc8d45cd5f435549c5e6c504731e1a57159,2,13,0,1:1,654,164,0.5,0.8389351576442594,0.7927872150739793,0.5855744301479586,0.7657142857142857,0.7204301075268817,0.8170731707317073,0.16036394308884283,0.30955587496282533,1.0,b1e29c5fe8af2195e9abc0f61c3f3c4d213fca3f89d1193c4a6653fb53126347,4197323642,3493101560,3288021756,261167866,False
CatBoost,catboost_02,2,"{""depth"":4,""iterations"":300,""learning_rate"":0.05}",f3c7d69f2d83763a304e3f6c4e4cdbc8d45cd5f435549c5e6c504731e1a57159,2,13,1,1:1,654,164,0.5,0.821832242712671,0.7531290961198671,0.5062581922397342,0.788235294117647,0.7613636363636364,0.8170731707317073,0.16968379802857772,0.34858604200417176,1.0,e3474974719a7c03379f3842f5f95d0ed2107cdd8a6ad009ba26fbebf9498feb,3966191544,1903504230,667876274,3411050692,False
CatBoost,catboost_02,2,"{""depth"":4,""iterations"":300,""learning_rate"":0.05}",f3c7d69f2d83763a304e3f6c4e4cdbc8d45cd5f435549c5e6c504731e1a57159,2,13,2,1:1,654,164,0.5,0.8475609756097561,0.8072134707809087,0.6144269415618173,0.7868852459016393,0.7128712871287128,0.8780487804878049,0.15444863574615128,0.34523400000762194,1.0,9a349209c7d3b9bd40965068b2a613107212665860e7bbb02addbf0f67e5d1fd,1319135375,2081672424,66402786,1633975599,False
CatBoost,catboost_02,2,"{""depth"":4,""iterations"":300,""learning_rate"":0.05}",f3c7d69f2d83763a304e3f6c4e4cdbc8d45cd5f435549c5e6c504731e1a57159,2,13,3,1:1,654,164,0.5,0.858863771564545,0.8120029192723497,0.6240058385446994,0.8108108108108109,0.7281553398058253,0.9146341463414634,0.14581384104916412,0.32760712498566136,1.0,d3ae34fbcfb73c5a1be0c96ad00e7eec3433eb478aea0c91dd2163d7870a83ad,2293279620,3028097891,2933952375,4053831653,False
CatBoost,catboost_02,2,"{""depth"":4,""iterations"":300,""learning_rate"":0.05}",f3c7d69f2d83763a304e3f6c4e4cdbc8d45cd5f435549c5e6c504731e1a57159,2,13,4,1:1,656,162,0.5,0.8774577046181984,0.8443676423146087,0.6887352846292174,0.8181818181818182,0.7578947368421053,0.8888888888888888,0.13844688309439485,0.3128544579958543,1.0,253211c36a4e03f7beb1ba4c6fb38a30d71faa649d183e5779b5f27efb6ce6bf,3410040530,245057234,532155413,762879727,False
CatBoost,catboost_03,3,"{""depth"":5,""iterations"":300,""learning_rate"":0.03}",7344c102dd8b92a823cf63300dd413a1578620c69727c20d5e7830d4e6a310e8,0,42,0,1:1,654,164,0.5,0.8541046995835813,0.8200559421841207,0.6401118843682414,0.8066298342541437,0.7373737373737373,0.8902439024390244,0.14944057945645609,0.44500891596544534,1.0,b9f1edb670a53afef5f4c085e90bf5e13a41156251f6667b1a65871f2c4c47e0,1973658644,3715151037,233149161,2399526814,False
CatBoost,catboost_03,3,"{""depth"":5,""iterations"":300,""learning_rate"":0.03}",7344c102dd8b92a823cf63300dd413a1578620c69727c20d5e7830d4e6a310e8,0,42,1,1:1,654,164,0.5,0.8377453896490185,0.8131880246630867,0.6263760493261734,0.7849462365591398,0.7019230769230769,0.8902439024390244,0.1554239317621972,0.529777167015709,1.0,c59d36017adea2f05186de3822c3dd8c95d35f359f7ff35c586a14db623a3103,2786658438,2191900349,3517737438,2371526345,False
CatBoost,catboost_03,3,"{""depth"":5,""iterations"":300,""learning_rate"":0.03}",7344c102dd8b92a823cf63300dd413a1578620c69727c20d5e7830d4e6a310e8,0,42,2,1:1,654,164,0.5,0.8573765615704938,0.8385022544870808,0.6770045089741616,0.8105263157894737,0.7129629629629629,0.9390243902439024,0.14626275069933142,0.5164437919738702,1.0,091c82241439a2f22ad7066be22112027623cd7401cf37ff3920d078a7a913e2,1888399133,2010463502,629780227,48921201,False
CatBoost,catboost_03,3,"{""depth"":5,""iterations"":300,""learning_rate"":0.03}",7344c102dd8b92a823cf63300dd413a1578620c69727c20d5e7830d4e6a310e8,0,42,3,1:1,654,164,0.5,0.8411659726353361,0.780928919846448,0.5618578396928959,0.7777777777777778,0.7142857142857143,0.8536585365853658,0.15921768059845354,0.5407836670055985,1.0,971bb2c8d0b3b7495acb94f62ea8741d4ff4e6e52c17cfe1f97b50e8801a1513,1161336969,599905126,3703496083,230894654,False
CatBoost,catboost_03,3,"{""depth"":5,""iterations"":300,""learning_rate"":0.03}",7344c102dd8b92a823cf63300dd413a1578620c69727c20d5e7830d4e6a310e8,0,42,4,1:1,656,162,0.5,0.8244170096021948,0.776376902593487,0.552753805186974,0.7912087912087912,0.7128712871287128,0.8888888888888888,0.1644765896692066,0.4442878339905292,1.0,78610b63b09a3b3be6828cac4d903ead2c4bc5386d421ebf8e60227a9040ab96,1001834057,624141303,515383750,972393367,False
CatBoost,catboost_03,3,"{""depth"":5,""iterations"":300,""learning_rate"":0.03}",7344c102dd8b92a823cf63300dd413a1578620c69727c20d5e7830d4e6a310e8,1,7,0,1:1,654,164,0.5,0.821683521713266,0.7634387455792214,0.5268774911584428,0.7978723404255319,0.7075471698113207,0.9146341463414634,0.1589576450976137,0.5053603330161422,1.0,74e66c11e57d405efbe19a02f13985423c60121aaf1960175664824578d0255d,2521657055,4094230609,264134123,842399429,False
CatBoost,catboost_03,3,"{""depth"":5,""iterations"":300,""learning_rate"":0.03}",7344c102dd8b92a823cf63300dd413a1578620c69727c20d5e7830d4e6a310e8,1,7,1,1:1,654,164,0.5,0.8069601427721594,0.7139987425580394,0.4279974851160788,0.8156424581005587,0.7525773195876289,0.8902439024390244,0.16170498399033062,0.4765686659957282,1.0,850c47286a5ff6cd122bd73c64fe0c130b4f93517aa2f9a4ab0225caa37355f8,3885368634,2431578943,1619142612,2845288631,False
CatBoost,catboost_03,3,"{""depth"":5,""iterations"":300,""learning_rate"":0.03}",7344c102dd8b92a823cf63300dd413a1578620c69727c20d5e7830d4e6a310e8,1,7,2,1:1,654,164,0.5,0.866597263533611,0.8400123038310374,0.6800246076620748,0.8148148148148148,0.719626168224299,0.9390243902439024,0.14667973414909524,0.5159084580373019,1.0,a58cdcfd42f13eceb650b4e384e38c15ac3d252fa7a9cf51166f33733bec7373,1974496636,1223099430,3474831427,1753096405,False
CatBoost,catboost_03,3,"{""depth"":5,""iterations"":300,""learning_rate"":0.03}",7344c102dd8b92a823cf63300dd413a1578620c69727c20d5e7830d4e6a310e8,1,7,3,1:1,654,164,0.5,0.8111243307555027,0.7268073052303863,0.45361461046077256,0.7717391304347826,0.696078431372549,0.8658536585365854,0.16280301965344515,0.4530615830444731,1.0,0787429d108adbb8f716a931370780c2b496f9b4a512b716c8c31ecf6b7c002f,2308674788,3336517605,3055848280,3336201630,False
CatBoost,catboost_03,3,"{""depth"":5,""iterations"":300,""learning_rate"":0.03}",7344c102dd8b92a823cf63300dd413a1578620c69727c20d5e7830d4e6a310e8,1,7,4,1:1,656,162,0.5,0.8465172991921963,0.7731321221793026,0.5462642443586052,0.8253968253968254,0.7222222222222222,0.9629629629629629,0.15319970322354798,0.5074364159954712,1.0,fd5a87140a37ffe54b3e77a354b4bd55b27678e3392d3612bcc974fcd938aac7,26843640,2371250898,2203746204,3425021368,False
CatBoost,catboost_03,3,"{""depth"":5,""iterations"":300,""learning_rate"":0.03}",7344c102dd8b92a823cf63300dd413a1578620c69727c20d5e7830d4e6a310e8,2,13,0,1:1,654,164,0.5,0.8323914336704343,0.7949114814825204,0.5898229629650409,0.7613636363636364,0.7127659574468085,0.8170731707317073,0.1604917507243809,0.4512119580176659,1.0,b1e29c5fe8af2195e9abc0f61c3f3c4d213fca3f89d1193c4a6653fb53126347,4197323642,3493101560,3288021756,261167866,False
CatBoost,catboost_03,3,"{""depth"":5,""iterations"":300,""learning_rate"":0.03}",7344c102dd8b92a823cf63300dd413a1578620c69727c20d5e7830d4e6a310e8,2,13,1,1:1,654,164,0.5,0.8139500297441999,0.7201017825841838,0.44020356516836756,0.7674418604651163,0.7333333333333333,0.8048780487804879,0.1690344751155733,0.5082154169795103,1.0,e3474974719a7c03379f3842f5f95d0ed2107cdd8a6ad009ba26fbebf9498feb,3966191544,1903504230,667876274,3411050692,False
CatBoost,catboost_03,3,"{""depth"":5,""iterations"":300,""learning_rate"":0.03}",7344c102dd8b92a823cf63300dd413a1578620c69727c20d5e7830d4e6a310e8,2,13,2,1:1,654,164,0.5,0.8518738845925045,0.7904948283762621,0.5809896567525241,0.7916666666666666,0.6909090909090909,0.926829268292683,0.15287290752367116,0.5119227080140263,1.0,9a349209c7d3b9bd40965068b2a613107212665860e7bbb02addbf0f67e5d1fd,1319135375,2081672424,66402786,1633975599,False
CatBoost,catboost_03,3,"{""depth"":5,""iterations"":300,""learning_rate"":0.03}",7344c102dd8b92a823cf63300dd413a1578620c69727c20d5e7830d4e6a310e8,2,13,3,1:1,654,164,0.5,0.864069006543724,0.8118247055852357,0.6236494111704713,0.8359788359788359,0.7383177570093458,0.9634146341463414,0.14499459478566193,0.48167291696881875,1.0,d3ae34fbcfb73c5a1be0c96ad00e7eec3433eb478aea0c91dd2163d7870a83ad,2293279620,3028097891,2933952375,4053831653,False
CatBoost,catboost_03,3,"{""depth"":5,""iterations"":300,""learning_rate"":0.03}",7344c102dd8b92a823cf63300dd413a1578620c69727c20d5e7830d4e6a310e8,2,13,4,1:1,656,162,0.5,0.8652644413961287,0.8425887225941849,0.6851774451883699,0.7861271676300579,0.7391304347826086,0.8395061728395061,0.144126060392518,0.4570212499820627,1.0,253211c36a4e03f7beb1ba4c6fb38a30d71faa649d183e5779b5f27efb6ce6bf,3410040530,245057234,532155413,762879727,False
CatBoost,catboost_04,4,"{""depth"":5,""iterations"":300,""learning_rate"":0.05}",f6e9ee76d5d31928889558f19cf7133abd5a66fe074397deff7cfa6863a807bf,0,42,0,1:1,654,164,0.5,0.851279000594884,0.804705247495813,0.6094104949916259,0.8176795580110497,0.7474747474747475,0.9024390243902439,0.1502251964462455,0.44390800001565367,1.0,b9f1edb670a53afef5f4c085e90bf5e13a41156251f6667b1a65871f2c4c47e0,1973658644,3715151037,233149161,2399526814,False
CatBoost,catboost_04,4,"{""depth"":5,""iterations"":300,""learning_rate"":0.05}",f6e9ee76d5d31928889558f19cf7133abd5a66fe074397deff7cfa6863a807bf,0,42,1,1:1,654,164,0.5,0.8416121356335514,0.8117721478208898,0.6235442956417796,0.7777777777777778,0.7142857142857143,0.8536585365853658,0.16076039724764002,0.5312574579729699,1.0,c59d36017adea2f05186de3822c3dd8c95d35f359f7ff35c586a14db623a3103,2786658438,2191900349,3517737438,2371526345,False
CatBoost,catboost_04,4,"{""depth"":5,""iterations"":300,""learning_rate"":0.05}",f6e9ee76d5d31928889558f19cf7133abd5a66fe074397deff7cfa6863a807bf,0,42,2,1:1,654,164,0.5,0.84622248661511,0.8229252000359953,0.6458504000719907,0.8105263157894737,0.7129629629629629,0.9390243902439024,0.15186956744780672,0.524724040995352,1.0,091c82241439a2f22ad7066be22112027623cd7401cf37ff3920d078a7a913e2,1888399133,2010463502,629780227,48921201,False
CatBoost,catboost_04,4,"{""depth"":5,""iterations"":300,""learning_rate"":0.05}",f6e9ee76d5d31928889558f19cf7133abd5a66fe074397deff7cfa6863a807bf,0,42,3,1:1,654,164,0.5,0.8404223676383106,0.7835710674951826,0.5671421349903651,0.7885714285714286,0.7419354838709677,0.8414634146341463,0.15947812668835157,0.5430287499912083,1.0,971bb2c8d0b3b7495acb94f62ea8741d4ff4e6e52c17cfe1f97b50e8801a1513,1161336969,599905126,3703496083,230894654,False
CatBoost,catboost_04,4,"{""depth"":5,""iterations"":300,""learning_rate"":0.05}",f6e9ee76d5d31928889558f19cf7133abd5a66fe074397deff7cfa6863a807bf,0,42,4,1:1,656,162,0.5,0.8088705989940558,0.750578358262463,0.501156716524926,0.7868852459016393,0.7058823529411765,0.8888888888888888,0.1755063306658147,0.44167033303529024,1.0,78610b63b09a3b3be6828cac4d903ead2c4bc5386d421ebf8e60227a9040ab96,1001834057,624141303,515383750,972393367,False
CatBoost,catboost_04,4,"{""depth"":5,""iterations"":300,""learning_rate"":0.05}",f6e9ee76d5d31928889558f19cf7133abd5a66fe074397deff7cfa6863a807bf,1,7,0,1:1,654,164,0.5,0.8222784057108864,0.7389552765718126,0.4779105531436252,0.7807486631016043,0.6952380952380952,0.8902439024390244,0.1634678949111691,0.5145099170040339,1.0,74e66c11e57d405efbe19a02f13985423c60121aaf1960175664824578d0255d,2521657055,4094230609,264134123,842399429,False
CatBoost,catboost_04,4,"{""depth"":5,""iterations"":300,""learning_rate"":0.05}",f6e9ee76d5d31928889558f19cf7133abd5a66fe074397deff7cfa6863a807bf,1,7,1,1:1,654,164,0.5,0.7998215348007138,0.6984644728305981,0.3969289456611962,0.8222222222222222,0.7551020408163265,0.9024390243902439,0.16604492287170702,0.4755357909598388,1.0,850c47286a5ff6cd122bd73c64fe0c130b4f93517aa2f9a4ab0225caa37355f8,3885368634,2431578943,1619142612,2845288631,False
CatBoost,catboost_04,4,"{""depth"":5,""iterations"":300,""learning_rate"":0.05}",f6e9ee76d5d31928889558f19cf7133abd5a66fe074397deff7cfa6863a807bf,1,7,2,1:1,654,164,0.5,0.8560380725758477,0.822983144707655,0.64596628941531,0.8131868131868132,0.74,0.9024390243902439,0.1516962602674908,0.5351021249662153,1.0,a58cdcfd42f13eceb650b4e384e38c15ac3d252fa7a9cf51166f33733bec7373,1974496636,1223099430,3474831427,1753096405,False
CatBoost,catboost_04,4,"{""depth"":5,""iterations"":300,""learning_rate"":0.05}",f6e9ee76d5d31928889558f19cf7133abd5a66fe074397deff7cfa6863a807bf,1,7,3,1:1,654,164,0.5,0.8087447947650208,0.7191740158345611,0.4383480316691222,0.7845303867403315,0.7171717171717171,0.8658536585365854,0.16669958426368917,0.4512872500345111,1.0,0787429d108adbb8f716a931370780c2b496f9b4a512b716c8c31ecf6b7c002f,2308674788,3336517605,3055848280,3336201630,False
CatBoost,catboost_04,4,"{""depth"":5,""iterations"":300,""learning_rate"":0.05}",f6e9ee76d5d31928889558f19cf7133abd5a66fe074397deff7cfa6863a807bf,1,7,4,1:1,656,162,0.5,0.8388965096784027,0.780293062193538,0.560586124387076,0.8021978021978022,0.7227722772277227,0.9012345679012346,0.1562789375994664,0.5041685419855639,1.0,fd5a87140a37ffe54b3e77a354b4bd55b27678e3392d3612bcc974fcd938aac7,26843640,2371250898,2203746204,3425021368,False
CatBoost,catboost_04,4,"{""depth"":5,""iterations"":300,""learning_rate"":0.05}",f6e9ee76d5d31928889558f19cf7133abd5a66fe074397deff7cfa6863a807bf,2,13,0,1:1,654,164,0.5,0.8386377156454492,0.7922380578414088,0.5844761156828175,0.7821229050279329,0.7216494845360825,0.8536585365853658,0.16009968529925614,0.4612857920001261,1.0,b1e29c5fe8af2195e9abc0f61c3f3c4d213fca3f89d1193c4a6653fb53126347,4197323642,3493101560,3288021756,261167866,False
CatBoost,catboost_04,4,"{""depth"":5,""iterations"":300,""learning_rate"":0.05}",f6e9ee76d5d31928889558f19cf7133abd5a66fe074397deff7cfa6863a807bf,2,13,1,1:1,654,164,0.5,0.8203450327186199,0.746272436162768,0.4925448723255359,0.7764705882352941,0.75,0.8048780487804879,0.16882485050795876,0.5103209580411203,1.0,e3474974719a7c03379f3842f5f95d0ed2107cdd8a6ad009ba26fbebf9498feb,3966191544,1903504230,667876274,3411050692,False
CatBoost,catboost_04,4,"{""depth"":5,""iterations"":300,""learning_rate"":0.05}",f6e9ee76d5d31928889558f19cf7133abd5a66fe074397deff7cfa6863a807bf,2,13,2,1:1,654,164,0.5,0.8468173706127304,0.8073153857498281,0.6146307714996562,0.7868852459016393,0.7128712871287128,0.8780487804878049,0.1559496224714569,0.5164800829952583,1.0,9a349209c7d3b9bd40965068b2a613107212665860e7bbb02addbf0f67e5d1fd,1319135375,2081672424,66402786,1633975599,False
CatBoost,catboost_04,4,"{""depth"":5,""iterations"":300,""learning_rate"":0.05}",f6e9ee76d5d31928889558f19cf7133abd5a66fe074397deff7cfa6863a807bf,2,13,3,1:1,654,164,0.5,0.8609458655562165,0.8110438832594539,0.6220877665189077,0.8087431693989071,0.7326732673267327,0.9024390243902439,0.14438340562217833,0.4856160419876687,1.0,d3ae34fbcfb73c5a1be0c96ad00e7eec3433eb478aea0c91dd2163d7870a83ad,2293279620,3028097891,2933952375,4053831653,False
CatBoost,catboost_04,4,"{""depth"":5,""iterations"":300,""learning_rate"":0.05}",f6e9ee76d5d31928889558f19cf7133abd5a66fe074397deff7cfa6863a807bf,2,13,4,1:1,656,162,0.5,0.8762383782959915,0.8567172719506407,0.7134345439012815,0.8068181818181818,0.7473684210526316,0.8765432098765432,0.13842217632241138,0.45988158299587667,1.0,253211c36a4e03f7beb1ba4c6fb38a30d71faa649d183e5779b5f27efb6ce6bf,3410040530,245057234,532155413,762879727,False
CatBoost,catboost_05,5,"{""depth"":6,""iterations"":300,""learning_rate"":0.03}",af5fd43222040c4806fa671c23d34f36a6aee7928e88ed74b635705162284296,0,42,0,1:1,654,164,0.5,0.8602022605591909,0.8157414262809667,0.6314828525619334,0.8108108108108109,0.7281553398058253,0.9146341463414634,0.14396861940337122,0.7000487499753945,1.0,b9f1edb670a53afef5f4c085e90bf5e13a41156251f6667b1a65871f2c4c47e0,1973658644,3715151037,233149161,2399526814,False
CatBoost,catboost_05,5,"{""depth"":6,""iterations"":300,""learning_rate"":0.03}",af5fd43222040c4806fa671c23d34f36a6aee7928e88ed74b635705162284296,0,42,1,1:1,654,164,0.5,0.8517251635930994,0.8403439271108559,0.6806878542217119,0.782608695652174,0.7058823529411765,0.8780487804878049,0.15240109997803492,0.8291752919903956,1.0,c59d36017adea2f05186de3822c3dd8c95d35f359f7ff35c586a14db623a3103,2786658438,2191900349,3517737438,2371526345,False
CatBoost,catboost_05,5,"{""depth"":6,""iterations"":300,""learning_rate"":0.03}",af5fd43222040c4806fa671c23d34f36a6aee7928e88ed74b635705162284296,0,42,2,1:1,654,164,0.5,0.8509815585960737,0.8318440339904293,0.6636880679808586,0.8042328042328042,0.7102803738317757,0.926829268292683,0.14780945200795376,0.8039385830052197,1.0,091c82241439a2f22ad7066be22112027623cd7401cf37ff3920d078a7a913e2,1888399133,2010463502,629780227,48921201,False
CatBoost,catboost_05,5,"{""depth"":6,""iterations"":300,""learning_rate"":0.03}",af5fd43222040c4806fa671c23d34f36a6aee7928e88ed74b635705162284296,0,42,3,1:1,654,164,0.5,0.8456276026174896,0.7963687820611914,0.5927375641223829,0.7912087912087912,0.72,0.8780487804878049,0.15580309646419765,0.833695541950874,1.0,971bb2c8d0b3b7495acb94f62ea8741d4ff4e6e52c17cfe1f97b50e8801a1513,1161336969,599905126,3703496083,230894654,False
CatBoost,catboost_05,5,"{""depth"":6,""iterations"":300,""learning_rate"":0.03}",af5fd43222040c4806fa671c23d34f36a6aee7928e88ed74b635705162284296,0,42,4,1:1,656,162,0.5,0.8222831885383326,0.7662289382358718,0.5324578764717436,0.7934782608695652,0.7087378640776699,0.9012345679012346,0.16554054342239546,0.6821662919828668,1.0,78610b63b09a3b3be6828cac4d903ead2c4bc5386d421ebf8e60227a9040ab96,1001834057,624141303,515383750,972393367,False
CatBoost,catboost_05,5,"{""depth"":6,""iterations"":300,""learning_rate"":0.03}",af5fd43222040c4806fa671c23d34f36a6aee7928e88ed74b635705162284296,1,7,0,1:1,654,164,0.5,0.8343248066627008,0.7814649986253905,0.5629299972507811,0.7914438502673797,0.7047619047619048,0.9024390243902439,0.15755781511684075,0.793897665978875,1.0,74e66c11e57d405efbe19a02f13985423c60121aaf1960175664824578d0255d,2521657055,4094230609,264134123,842399429,False
CatBoost,catboost_05,5,"{""depth"":6,""iterations"":300,""learning_rate"":0.03}",af5fd43222040c4806fa671c23d34f36a6aee7928e88ed74b635705162284296,1,7,1,1:1,654,164,0.5,0.8155859607376561,0.7228387149894822,0.4456774299789643,0.8202247191011236,0.7604166666666666,0.8902439024390244,0.15842314925003467,0.7732751250150613,1.0,850c47286a5ff6cd122bd73c64fe0c130b4f93517aa2f9a4ab0225caa37355f8,3885368634,2431578943,1619142612,2845288631,False
CatBoost,catboost_05,5,"{""depth"":6,""iterations"":300,""learning_rate"":0.03}",af5fd43222040c4806fa671c23d34f36a6aee7928e88ed74b635705162284296,1,7,2,1:1,654,164,0.5,0.8798334324806663,0.8679793955064878,0.7359587910129757,0.8085106382978723,0.7169811320754716,0.926829268292683,0.14293468733066028,0.8360604170011356,1.0,a58cdcfd42f13eceb650b4e384e38c15ac3d252fa7a9cf51166f33733bec7373,1974496636,1223099430,3474831427,1753096405,False
CatBoost,catboost_05,5,"{""depth"":6,""iterations"":300,""learning_rate"":0.03}",af5fd43222040c4806fa671c23d34f36a6aee7928e88ed74b635705162284296,1,7,3,1:1,654,164,0.5,0.8196014277215943,0.7507702049130062,0.5015404098260123,0.7845303867403315,0.7171717171717171,0.8658536585365854,0.16219012616258535,0.7335317910183221,1.0,0787429d108adbb8f716a931370780c2b496f9b4a512b716c8c31ecf6b7c002f,2308674788,3336517605,3055848280,3336201630,False
CatBoost,catboost_05,5,"{""depth"":6,""iterations"":300,""learning_rate"":0.03}",af5fd43222040c4806fa671c23d34f36a6aee7928e88ed74b635705162284296,1,7,4,1:1,656,162,0.5,0.8388965096784027,0.771875967626836,0.5437519352536719,0.8152173913043478,0.7281553398058253,0.9259259259259259,0.15348351945034963,0.8402450419962406,1.0,fd5a87140a37ffe54b3e77a354b4bd55b27678e3392d3612bcc974fcd938aac7,26843640,2371250898,2203746204,3425021368,False
CatBoost,catboost_05,5,"{""depth"":6,""iterations"":300,""learning_rate"":0.03}",af5fd43222040c4806fa671c23d34f36a6aee7928e88ed74b635705162284296,2,13,0,1:1,654,164,0.5,0.8335812016656752,0.7960058496821186,0.5920116993642373,0.7816091954022989,0.7391304347826086,0.8292682926829268,0.15922726749176444,0.7564869169727899,1.0,b1e29c5fe8af2195e9abc0f61c3f3c4d213fca3f89d1193c4a6653fb53126347,4197323642,3493101560,3288021756,261167866,False
CatBoost,catboost_05,5,"{""depth"":6,""iterations"":300,""learning_rate"":0.03}",af5fd43222040c4806fa671c23d34f36a6aee7928e88ed74b635705162284296,2,13,1,1:1,654,164,0.5,0.8304580606781677,0.7595524182712097,0.5191048365424193,0.7861271676300579,0.7472527472527473,0.8292682926829268,0.1637304574896535,0.8446245000232011,1.0,e3474974719a7c03379f3842f5f95d0ed2107cdd8a6ad009ba26fbebf9498feb,3966191544,1903504230,667876274,3411050692,False
CatBoost,catboost_05,5,"{""depth"":6,""iterations"":300,""learning_rate"":0.03}",af5fd43222040c4806fa671c23d34f36a6aee7928e88ed74b635705162284296,2,13,2,1:1,654,164,0.5,0.8466686496133253,0.7947349996028512,0.5894699992057024,0.7807486631016043,0.6952380952380952,0.8902439024390244,0.15482225726901588,0.8635476250201464,1.0,9a349209c7d3b9bd40965068b2a613107212665860e7bbb02addbf0f67e5d1fd,1319135375,2081672424,66402786,1633975599,False
CatBoost,catboost_05,5,"{""depth"":6,""iterations"":300,""learning_rate"":0.03}",af5fd43222040c4806fa671c23d34f36a6aee7928e88ed74b635705162284296,2,13,3,1:1,654,164,0.5,0.8535098155859607,0.7956525601513231,0.5913051203026463,0.8172043010752689,0.7307692307692307,0.926829268292683,0.14797364155067194,0.8083296670229174,1.0,d3ae34fbcfb73c5a1be0c96ad00e7eec3433eb478aea0c91dd2163d7870a83ad,2293279620,3028097891,2933952375,4053831653,False
CatBoost,catboost_05,5,"{""depth"":6,""iterations"":300,""learning_rate"":0.03}",af5fd43222040c4806fa671c23d34f36a6aee7928e88ed74b635705162284296,2,13,4,1:1,656,162,0.5,0.8661789361377839,0.8341868280067388,0.6683736560134776,0.7885714285714286,0.7340425531914894,0.8518518518518519,0.14521207407082354,0.7644357919925824,1.0,253211c36a4e03f7beb1ba4c6fb38a30d71faa649d183e5779b5f27efb6ce6bf,3410040530,245057234,532155413,762879727,False
CatBoost,catboost_06,6,"{""depth"":6,""iterations"":300,""learning_rate"":0.05}",aba9a6a5272f35ba788a0da71ee23d8931f38b3f038a8993f5203253455b63b3,0,42,0,1:1,654,164,0.5,0.861540749553837,0.8339696061946721,0.6679392123893442,0.8241758241758241,0.75,0.9146341463414634,0.14341591120937228,0.7334986669593491,1.0,b9f1edb670a53afef5f4c085e90bf5e13a41156251f6667b1a65871f2c4c47e0,1973658644,3715151037,233149161,2399526814,False
CatBoost,catboost_06,6,"{""depth"":6,""iterations"":300,""learning_rate"":0.05}",aba9a6a5272f35ba788a0da71ee23d8931f38b3f038a8993f5203253455b63b3,0,42,1,1:1,654,164,0.5,0.8340273646638905,0.7955747351682128,0.5911494703364255,0.7666666666666667,0.7040816326530612,0.8414634146341463,0.16458147519823635,0.8507198340375908,1.0,c59d36017adea2f05186de3822c3dd8c95d35f359f7ff35c586a14db623a3103,2786658438,2191900349,3517737438,2371526345,False
CatBoost,catboost_06,6,"{""depth"":6,""iterations"":300,""learning_rate"":0.05}",aba9a6a5272f35ba788a0da71ee23d8931f38b3f038a8993f5203253455b63b3,0,42,2,1:1,654,164,0.5,0.8549970255800119,0.8411188639974236,0.6822377279948473,0.8172043010752689,0.7307692307692307,0.926829268292683,0.14984147445541707,0.8223353329813108,1.0,091c82241439a2f22ad7066be22112027623cd7401cf37ff3920d078a7a913e2,1888399133,2010463502,629780227,48921201,False
CatBoost,catboost_06,6,"{""depth"":6,""iterations"":300,""learning_rate"":0.05}",aba9a6a5272f35ba788a0da71ee23d8931f38b3f038a8993f5203253455b63b3,0,42,3,1:1,654,164,0.5,0.8343248066627008,0.7911434773122987,0.5822869546245975,0.7528089887640449,0.6979166666666666,0.8170731707317073,0.1639218842004944,0.8356646659667604,1.0,971bb2c8d0b3b7495acb94f62ea8741d4ff4e6e52c17cfe1f97b50e8801a1513,1161336969,599905126,3703496083,230894654,False
CatBoost,catboost_06,6,"{""depth"":6,""iterations"":300,""learning_rate"":0.05}",aba9a6a5272f35ba788a0da71ee23d8931f38b3f038a8993f5203253455b63b3,0,42,4,1:1,656,162,0.5,0.8231976832799878,0.7710507470380998,0.5421014940761997,0.7849462365591398,0.6952380952380952,0.9012345679012346,0.17152194754929967,0.6899285000399686,1.0,78610b63b09a3b3be6828cac4d903ead2c4bc5386d421ebf8e60227a9040ab96,1001834057,624141303,515383750,972393367,False
CatBoost,catboost_06,6,"{""depth"":6,""iterations"":300,""learning_rate"":0.05}",aba9a6a5272f35ba788a0da71ee23d8931f38b3f038a8993f5203253455b63b3,1,7,0,1:1,654,164,0.5,0.8337299226650803,0.7549672988845406,0.5099345977690812,0.782608695652174,0.7058823529411765,0.8780487804878049,0.15857352194419272,0.7912446670234203,1.0,74e66c11e57d405efbe19a02f13985423c60121aaf1960175664824578d0255d,2521657055,4094230609,264134123,842399429,False
CatBoost,catboost_06,6,"{""depth"":6,""iterations"":300,""learning_rate"":0.05}",aba9a6a5272f35ba788a0da71ee23d8931f38b3f038a8993f5203253455b63b3,1,7,1,1:1,654,164,0.5,0.7978881618084473,0.7061700934042169,0.41234018680843376,0.7932960893854749,0.7319587628865979,0.8658536585365854,0.16865442492397337,0.7366374999983236,1.0,850c47286a5ff6cd122bd73c64fe0c130b4f93517aa2f9a4ab0225caa37355f8,3885368634,2431578943,1619142612,2845288631,False
CatBoost,catboost_06,6,"{""depth"":6,""iterations"":300,""learning_rate"":0.05}",aba9a6a5272f35ba788a0da71ee23d8931f38b3f038a8993f5203253455b63b3,1,7,2,1:1,654,164,0.5,0.860202260559191,0.8373766306932355,0.6747532613864711,0.8087431693989071,0.7326732673267327,0.9024390243902439,0.15211647127272773,0.818289624992758,1.0,a58cdcfd42f13eceb650b4e384e38c15ac3d252fa7a9cf51166f33733bec7373,1974496636,1223099430,3474831427,1753096405,False
CatBoost,catboost_06,6,"{""depth"":6,""iterations"":300,""learning_rate"":0.05}",aba9a6a5272f35ba788a0da71ee23d8931f38b3f038a8993f5203253455b63b3,1,7,3,1:1,654,164,0.5,0.8114217727543129,0.7436782134567222,0.4873564269134445,0.7891891891891892,0.7087378640776699,0.8902439024390244,0.1676503384361689,0.7115874579758383,1.0,0787429d108adbb8f716a931370780c2b496f9b4a512b716c8c31ecf6b7c002f,2308674788,3336517605,3055848280,3336201630,False
CatBoost,catboost_06,6,"{""depth"":6,""iterations"":300,""learning_rate"":0.05}",aba9a6a5272f35ba788a0da71ee23d8931f38b3f038a8993f5203253455b63b3,1,7,4,1:1,656,162,0.5,0.837219935985368,0.7663572982470966,0.5327145964941933,0.8066298342541437,0.73,0.9012345679012346,0.15739315559494285,0.7959875410306267,1.0,fd5a87140a37ffe54b3e77a354b4bd55b27678e3392d3612bcc974fcd938aac7,26843640,2371250898,2203746204,3425021368,False
CatBoost,catboost_06,6,"{""depth"":6,""iterations"":300,""learning_rate"":0.05}",aba9a6a5272f35ba788a0da71ee23d8931f38b3f038a8993f5203253455b63b3,2,13,0,1:1,654,164,0.5,0.8488994646044021,0.7908154383747938,0.5816308767495877,0.7865168539325843,0.7291666666666666,0.8536585365853658,0.1547238827293566,0.7229414579924196,1.0,b1e29c5fe8af2195e9abc0f61c3f3c4d213fca3f89d1193c4a6653fb53126347,4197323642,3493101560,3288021756,261167866,False
CatBoost,catboost_06,6,"{""depth"":6,""iterations"":300,""learning_rate"":0.05}",aba9a6a5272f35ba788a0da71ee23d8931f38b3f038a8993f5203253455b63b3,2,13,1,1:1,654,164,0.5,0.820493753718025,0.7624546872989151,0.5249093745978302,0.7885714285714286,0.7419354838709677,0.8414634146341463,0.17420840189775758,0.7927166249719448,1.0,e3474974719a7c03379f3842f5f95d0ed2107cdd8a6ad009ba26fbebf9498feb,3966191544,1903504230,667876274,3411050692,False
CatBoost,catboost_06,6,"{""depth"":6,""iterations"":300,""learning_rate"":0.05}",aba9a6a5272f35ba788a0da71ee23d8931f38b3f038a8993f5203253455b63b3,2,13,2,1:1,654,164,0.5,0.8413146936347412,0.7910109388319655,0.582021877663931,0.7802197802197802,0.71,0.8658536585365854,0.16118327885588452,0.8130026659928262,1.0,9a349209c7d3b9bd40965068b2a613107212665860e7bbb02addbf0f67e5d1fd,1319135375,2081672424,66402786,1633975599,False
CatBoost,catboost_06,6,"{""depth"":6,""iterations"":300,""learning_rate"":0.05}",aba9a6a5272f35ba788a0da71ee23d8931f38b3f038a8993f5203253455b63b3,2,13,3,1:1,654,164,0.5,0.8490481856038072,0.7838915512726561,0.5677831025453122,0.8148148148148148,0.719626168224299,0.9390243902439024,0.14919720767084355,0.7644947090302594,1.0,d3ae34fbcfb73c5a1be0c96ad00e7eec3433eb478aea0c91dd2163d7870a83ad,2293279620,3028097891,2933952375,4053831653,False
CatBoost,catboost_06,6,"{""depth"":6,""iterations"":300,""learning_rate"":0.05}",aba9a6a5272f35ba788a0da71ee23d8931f38b3f038a8993f5203253455b63b3,2,13,4,1:1,656,162,0.5,0.8861454046639232,0.8565947688995239,0.7131895377990478,0.7976878612716763,0.75,0.8518518518518519,0.13475610969017404,0.7330523749697022,1.0,253211c36a4e03f7beb1ba4c6fb38a30d71faa649d183e5779b5f27efb6ce6bf,3410040530,245057234,532155413,762879727,False
CatBoost,catboost_07,7,"{""depth"":4,""iterations"":500,""learning_rate"":0.03}",9f7f5a7749bacc12817ad34fe218b53d68ca0bf94034884785c550ff972bca77,0,42,0,1:1,654,164,0.5,0.8649613325401546,0.8442822301034747,0.6885644602069494,0.8066298342541437,0.7373737373737373,0.8902439024390244,0.14595239194000456,0.49813062499742955,1.0,b9f1edb670a53afef5f4c085e90bf5e13a41156251f6667b1a65871f2c4c47e0,1973658644,3715151037,233149161,2399526814,False
CatBoost,catboost_07,7,"{""depth"":4,""iterations"":500,""learning_rate"":0.03}",9f7f5a7749bacc12817ad34fe218b53d68ca0bf94034884785c550ff972bca77,0,42,1,1:1,654,164,0.5,0.8277810826888756,0.7903538132741494,0.5807076265482989,0.7486033519553073,0.6907216494845361,0.8170731707317073,0.16629859053463739,0.5962494169943966,1.0,c59d36017adea2f05186de3822c3dd8c95d35f359f7ff35c586a14db623a3103,2786658438,2191900349,3517737438,2371526345,False
CatBoost,catboost_07,7,"{""depth"":4,""iterations"":500,""learning_rate"":0.03}",9f7f5a7749bacc12817ad34fe218b53d68ca0bf94034884785c550ff972bca77,0,42,2,1:1,654,164,0.5,0.844883997620464,0.8223962124633504,0.6447924249267007,0.7978723404255319,0.7075471698113207,0.9146341463414634,0.151536817613613,0.5817440419923514,1.0,091c82241439a2f22ad7066be22112027623cd7401cf37ff3920d078a7a913e2,1888399133,2010463502,629780227,48921201,False
CatBoost,catboost_07,7,"{""depth"":4,""iterations"":500,""learning_rate"":0.03}",9f7f5a7749bacc12817ad34fe218b53d68ca0bf94034884785c550ff972bca77,0,42,3,1:1,654,164,0.5,0.8494943486020227,0.7966183402683775,0.593236680536755,0.7816091954022989,0.7391304347826086,0.8292682926829268,0.15505559715623757,0.58359658397967,1.0,971bb2c8d0b3b7495acb94f62ea8741d4ff4e6e52c17cfe1f97b50e8801a1513,1161336969,599905126,3703496083,230894654,False
CatBoost,catboost_07,7,"{""depth"":4,""iterations"":500,""learning_rate"":0.03}",9f7f5a7749bacc12817ad34fe218b53d68ca0bf94034884785c550ff972bca77,0,42,4,1:1,656,162,0.5,0.8207590306355739,0.7732392905000471,0.5464785810000943,0.7802197802197802,0.7029702970297029,0.8765432098765432,0.16917101525551034,0.4958737089764327,1.0,78610b63b09a3b3be6828cac4d903ead2c4bc5386d421ebf8e60227a9040ab96,1001834057,624141303,515383750,972393367,False
CatBoost,catboost_07,7,"{""depth"":4,""iterations"":500,""learning_rate"":0.03}",9f7f5a7749bacc12817ad34fe218b53d68ca0bf94034884785c550ff972bca77,1,7,0,1:1,654,164,0.5,0.8161808447352767,0.75463125584887,0.5092625116977401,0.8021390374331551,0.7142857142857143,0.9146341463414634,0.16356371533884637,0.5587613329989836,1.0,74e66c11e57d405efbe19a02f13985423c60121aaf1960175664824578d0255d,2521657055,4094230609,264134123,842399429,False
CatBoost,catboost_07,7,"{""depth"":4,""iterations"":500,""learning_rate"":0.03}",9f7f5a7749bacc12817ad34fe218b53d68ca0bf94034884785c550ff972bca77,1,7,1,1:1,654,164,0.5,0.7931290898274836,0.6938280213277019,0.3876560426554039,0.768361581920904,0.7157894736842105,0.8292682926829268,0.1706945488566921,0.5330712919821963,1.0,850c47286a5ff6cd122bd73c64fe0c130b4f93517aa2f9a4ab0225caa37355f8,3885368634,2431578943,1619142612,2845288631,False
CatBoost,catboost_07,7,"{""depth"":4,""iterations"":500,""learning_rate"":0.03}",9f7f5a7749bacc12817ad34fe218b53d68ca0bf94034884785c550ff972bca77,1,7,2,1:1,654,164,0.5,0.8616894705532422,0.8368035119317563,0.6736070238635126,0.797752808988764,0.7395833333333334,0.8658536585365854,0.14915726618618244,0.5911547919968143,1.0,a58cdcfd42f13eceb650b4e384e38c15ac3d252fa7a9cf51166f33733bec7373,1974496636,1223099430,3474831427,1753096405,False
CatBoost,catboost_07,7,"{""depth"":4,""iterations"":500,""learning_rate"":0.03}",9f7f5a7749bacc12817ad34fe218b53d68ca0bf94034884785c550ff972bca77,1,7,3,1:1,654,164,0.5,0.8136525877453897,0.7244274992139346,0.44885499842786913,0.770949720670391,0.711340206185567,0.8414634146341463,0.16633307700711392,0.5107131249969825,1.0,0787429d108adbb8f716a931370780c2b496f9b4a512b716c8c31ecf6b7c002f,2308674788,3336517605,3055848280,3336201630,False
CatBoost,catboost_07,7,"{""depth"":4,""iterations"":500,""learning_rate"":0.03}",9f7f5a7749bacc12817ad34fe218b53d68ca0bf94034884785c550ff972bca77,1,7,4,1:1,656,162,0.5,0.8317329675354367,0.7596389502298306,0.5192779004596613,0.8021978021978022,0.7227722772277227,0.9012345679012346,0.15816286595893972,0.5816917910124175,1.0,fd5a87140a37ffe54b3e77a354b4bd55b27678e3392d3612bcc974fcd938aac7,26843640,2371250898,2203746204,3425021368,False
CatBoost,catboost_07,7,"{""depth"":4,""iterations"":500,""learning_rate"":0.03}",9f7f5a7749bacc12817ad34fe218b53d68ca0bf94034884785c550ff972bca77,2,13,0,1:1,654,164,0.5,0.8396787626412849,0.7929456242297659,0.5858912484595318,0.7816091954022989,0.7391304347826086,0.8292682926829268,0.15851176082635535,0.5110305839916691,1.0,b1e29c5fe8af2195e9abc0f61c3f3c4d213fca3f89d1193c4a6653fb53126347,4197323642,3493101560,3288021756,261167866,False
CatBoost,catboost_07,7,"{""depth"":4,""iterations"":500,""learning_rate"":0.03}",9f7f5a7749bacc12817ad34fe218b53d68ca0bf94034884785c550ff972bca77,2,13,1,1:1,654,164,0.5,0.8135038667459846,0.7347284574048614,0.46945691480972274,0.788235294117647,0.7613636363636364,0.8170731707317073,0.17274582544139125,0.5766321250121109,1.0,e3474974719a7c03379f3842f5f95d0ed2107cdd8a6ad009ba26fbebf9498feb,3966191544,1903504230,667876274,3411050692,False
CatBoost,catboost_07,7,"{""depth"":4,""iterations"":500,""learning_rate"":0.03}",9f7f5a7749bacc12817ad34fe218b53d68ca0bf94034884785c550ff972bca77,2,13,2,1:1,654,164,0.5,0.843694229625223,0.7948516714720084,0.5897033429440168,0.7802197802197802,0.71,0.8658536585365854,0.15526435463952404,0.5707407919690013,1.0,9a349209c7d3b9bd40965068b2a613107212665860e7bbb02addbf0f67e5d1fd,1319135375,2081672424,66402786,1633975599,False
CatBoost,catboost_07,7,"{""depth"":4,""iterations"":500,""learning_rate"":0.03}",9f7f5a7749bacc12817ad34fe218b53d68ca0bf94034884785c550ff972bca77,2,13,3,1:1,654,164,0.5,0.8654074955383699,0.8181484752216684,0.6362969504433369,0.8128342245989305,0.7238095238095238,0.926829268292683,0.14531087837189594,0.5422595830168575,1.0,d3ae34fbcfb73c5a1be0c96ad00e7eec3433eb478aea0c91dd2163d7870a83ad,2293279620,3028097891,2933952375,4053831653,False
CatBoost,catboost_07,7,"{""depth"":4,""iterations"":500,""learning_rate"":0.03}",9f7f5a7749bacc12817ad34fe218b53d68ca0bf94034884785c550ff972bca77,2,13,4,1:1,656,162,0.5,0.8834019204389575,0.8500145953517082,0.7000291907034164,0.8235294117647058,0.7865168539325843,0.8641975308641975,0.13544497526242755,0.5218471669941209,1.0,253211c36a4e03f7beb1ba4c6fb38a30d71faa649d183e5779b5f27efb6ce6bf,3410040530,245057234,532155413,762879727,False
CatBoost,catboost_08,8,"{""depth"":4,""iterations"":500,""learning_rate"":0.05}",7e54874d68471866fc2dea850b042e836fd99cd4b9adce3432f19d9edc433c4f,0,42,0,1:1,654,164,0.5,0.8584176085663295,0.8331402094236311,0.6662804188472622,0.8156424581005587,0.7525773195876289,0.8902439024390244,0.1483951218674203,0.502320832980331,1.0,b9f1edb670a53afef5f4c085e90bf5e13a41156251f6667b1a65871f2c4c47e0,1973658644,3715151037,233149161,2399526814,False
CatBoost,catboost_08,8,"{""depth"":4,""iterations"":500,""learning_rate"":0.05}",7e54874d68471866fc2dea850b042e836fd99cd4b9adce3432f19d9edc433c4f,0,42,1,1:1,654,164,0.5,0.8184116597263533,0.7718785090945015,0.543757018189003,0.7457627118644068,0.6947368421052632,0.8048780487804879,0.17869828679812894,0.598714874999132,1.0,c59d36017adea2f05186de3822c3dd8c95d35f359f7ff35c586a14db623a3103,2786658438,2191900349,3517737438,2371526345,False
CatBoost,catboost_08,8,"{""depth"":4,""iterations"":500,""learning_rate"":0.05}",7e54874d68471866fc2dea850b042e836fd99cd4b9adce3432f19d9edc433c4f,0,42,2,1:1,654,164,0.5,0.838488994646044,0.8194737239538221,0.6389474479076442,0.7934782608695652,0.7156862745098039,0.8902439024390244,0.16050049244777606,0.5863553749513812,1.0,091c82241439a2f22ad7066be22112027623cd7401cf37ff3920d078a7a913e2,1888399133,2010463502,629780227,48921201,False
CatBoost,catboost_08,8,"{""depth"":4,""iterations"":500,""learning_rate"":0.05}",7e54874d68471866fc2dea850b042e836fd99cd4b9adce3432f19d9edc433c4f,0,42,3,1:1,654,164,0.5,0.8486020226055919,0.8076360284687798,0.6152720569375596,0.7657142857142857,0.7204301075268817,0.8170731707317073,0.15723347324037917,0.602809583011549,1.0,971bb2c8d0b3b7495acb94f62ea8741d4ff4e6e52c17cfe1f97b50e8801a1513,1161336969,599905126,3703496083,230894654,False
CatBoost,catboost_08,8,"{""depth"":4,""iterations"":500,""learning_rate"":0.05}",7e54874d68471866fc2dea850b042e836fd99cd4b9adce3432f19d9edc433c4f,0,42,4,1:1,656,162,0.5,0.8155768937661942,0.7504200860740234,0.5008401721480469,0.7888888888888889,0.7171717171717171,0.8765432098765432,0.1727053440216543,0.4989887499832548,1.0,78610b63b09a3b3be6828cac4d903ead2c4bc5386d421ebf8e60227a9040ab96,1001834057,624141303,515383750,972393367,False
CatBoost,catboost_08,8,"{""depth"":4,""iterations"":500,""learning_rate"":0.05}",7e54874d68471866fc2dea850b042e836fd99cd4b9adce3432f19d9edc433c4f,1,7,0,1:1,654,164,0.5,0.8184116597263533,0.7382178391752663,0.4764356783505326,0.7692307692307693,0.7,0.8536585365853658,0.16702032593109342,0.5739668749738485,1.0,74e66c11e57d405efbe19a02f13985423c60121aaf1960175664824578d0255d,2521657055,4094230609,264134123,842399429,False
CatBoost,catboost_08,8,"{""depth"":4,""iterations"":500,""learning_rate"":0.05}",7e54874d68471866fc2dea850b042e836fd99cd4b9adce3432f19d9edc433c4f,1,7,1,1:1,654,164,0.5,0.7812314098750743,0.682695117897119,0.365390235794238,0.7796610169491526,0.7263157894736842,0.8414634146341463,0.18285809866957647,0.5406440829974599,1.0,850c47286a5ff6cd122bd73c64fe0c130b4f93517aa2f9a4ab0225caa37355f8,3885368634,2431578943,1619142612,2845288631,False
CatBoost,catboost_08,8,"{""depth"":4,""iterations"":500,""learning_rate"":0.05}",7e54874d68471866fc2dea850b042e836fd99cd4b9adce3432f19d9edc433c4f,1,7,2,1:1,654,164,0.5,0.8625817965496727,0.8252302284276325,0.650460456855265,0.8089887640449438,0.75,0.8780487804878049,0.1490999845751817,0.5984903339995071,1.0,a58cdcfd42f13eceb650b4e384e38c15ac3d252fa7a9cf51166f33733bec7373,1974496636,1223099430,3474831427,1753096405,False
CatBoost,catboost_08,8,"{""depth"":4,""iterations"":500,""learning_rate"":0.05}",7e54874d68471866fc2dea850b042e836fd99cd4b9adce3432f19d9edc433c4f,1,7,3,1:1,654,164,0.5,0.8106781677572874,0.7285374242980525,0.4570748485961049,0.7771428571428571,0.7311827956989247,0.8292682926829268,0.168424044292491,0.5171324170078151,1.0,0787429d108adbb8f716a931370780c2b496f9b4a512b716c8c31ecf6b7c002f,2308674788,3336517605,3055848280,3336201630,False
CatBoost,catboost_08,8,"{""depth"":4,""iterations"":500,""learning_rate"":0.05}",7e54874d68471866fc2dea850b042e836fd99cd4b9adce3432f19d9edc433c4f,1,7,4,1:1,656,162,0.5,0.8114616674287456,0.7468348925182698,0.4936697850365397,0.7582417582417582,0.6831683168316832,0.8518518518518519,0.17247930348497684,0.5852814170066267,1.0,fd5a87140a37ffe54b3e77a354b4bd55b27678e3392d3612bcc974fcd938aac7,26843640,2371250898,2203746204,3425021368,False
CatBoost,catboost_08,8,"{""depth"":4,""iterations"":500,""learning_rate"":0.05}",7e54874d68471866fc2dea850b042e836fd99cd4b9adce3432f19d9edc433c4f,2,13,0,1:1,654,164,0.5,0.8442891136228435,0.7909100112737654,0.5818200225475307,0.7796610169491526,0.7263157894736842,0.8414634146341463,0.1613771381262372,0.5171936249826103,1.0,b1e29c5fe8af2195e9abc0f61c3f3c4d213fca3f89d1193c4a6653fb53126347,4197323642,3493101560,3288021756,261167866,False
CatBoost,catboost_08,8,"{""depth"":4,""iterations"":500,""learning_rate"":0.05}",7e54874d68471866fc2dea850b042e836fd99cd4b9adce3432f19d9edc433c4f,2,13,1,1:1,654,164,0.5,0.8139500297441999,0.7489710184909939,0.4979420369819878,0.7976878612716763,0.7582417582417582,0.8414634146341463,0.17935126806314644,0.5804668330238201,1.0,e3474974719a7c03379f3842f5f95d0ed2107cdd8a6ad009ba26fbebf9498feb,3966191544,1903504230,667876274,3411050692,False
CatBoost,catboost_08,8,"{""depth"":4,""iterations"":500,""learning_rate"":0.05}",7e54874d68471866fc2dea850b042e836fd99cd4b9adce3432f19d9edc433c4f,2,13,2,1:1,654,164,0.5,0.8416121356335515,0.792012201117638,0.5840244022352761,0.7734806629834254,0.7070707070707071,0.8536585365853658,0.16062769878464092,0.574165207974147,1.0,9a349209c7d3b9bd40965068b2a613107212665860e7bbb02addbf0f67e5d1fd,1319135375,2081672424,66402786,1633975599,False
CatBoost,catboost_08,8,"{""depth"":4,""iterations"":500,""learning_rate"":0.05}",7e54874d68471866fc2dea850b042e836fd99cd4b9adce3432f19d9edc433c4f,2,13,3,1:1,654,164,0.5,0.8569303985722785,0.8216222998537241,0.6432445997074483,0.8043478260869565,0.7254901960784313,0.9024390243902439,0.14606703092729484,0.5440877500222996,1.0,d3ae34fbcfb73c5a1be0c96ad00e7eec3433eb478aea0c91dd2163d7870a83ad,2293279620,3028097891,2933952375,4053831653,False
CatBoost,catboost_08,8,"{""depth"":4,""iterations"":500,""learning_rate"":0.05}",7e54874d68471866fc2dea850b042e836fd99cd4b9adce3432f19d9edc433c4f,2,13,4,1:1,656,162,0.5,0.8811156835848194,0.846991078214232,0.6939821564284641,0.8092485549132948,0.7608695652173914,0.8641975308641975,0.13613242405383996,0.5162220419733785,1.0,253211c36a4e03f7beb1ba4c6fb38a30d71faa649d183e5779b5f27efb6ce6bf,3410040530,245057234,532155413,762879727,False
CatBoost,catboost_09,9,"{""depth"":5,""iterations"":500,""learning_rate"":0.03}",5626fbcce60b1b7acd3fef784bb2e22597944255aec5142d0ed668e0a8a1547d,0,42,0,1:1,654,164,0.5,0.8557406305770374,0.8223023941296348,0.6446047882592696,0.8111111111111111,0.7448979591836735,0.8902439024390244,0.1472610915520925,0.7394463330274448,1.0,b9f1edb670a53afef5f4c085e90bf5e13a41156251f6667b1a65871f2c4c47e0,1973658644,3715151037,233149161,2399526814,False
CatBoost,catboost_09,9,"{""depth"":5,""iterations"":500,""learning_rate"":0.03}",5626fbcce60b1b7acd3fef784bb2e22597944255aec5142d0ed668e0a8a1547d,0,42,1,1:1,654,164,0.5,0.838488994646044,0.8118245767015244,0.6236491534030488,0.7597765363128491,0.7010309278350515,0.8292682926829268,0.1637484881469327,0.8840663750306703,1.0,c59d36017adea2f05186de3822c3dd8c95d35f359f7ff35c586a14db623a3103,2786658438,2191900349,3517737438,2371526345,False
CatBoost,catboost_09,9,"{""depth"":5,""iterations"":500,""learning_rate"":0.03}",5626fbcce60b1b7acd3fef784bb2e22597944255aec5142d0ed668e0a8a1547d,0,42,2,1:1,654,164,0.5,0.8561867935752528,0.8404442399210275,0.6808884798420549,0.8042328042328042,0.7102803738317757,0.926829268292683,0.14787057519106084,0.8595427080290392,1.0,091c82241439a2f22ad7066be22112027623cd7401cf37ff3920d078a7a913e2,1888399133,2010463502,629780227,48921201,False
CatBoost,catboost_09,9,"{""depth"":5,""iterations"":500,""learning_rate"":0.03}",5626fbcce60b1b7acd3fef784bb2e22597944255aec5142d0ed668e0a8a1547d,0,42,3,1:1,654,164,0.5,0.8420582986317668,0.7930772454828162,0.5861544909656324,0.7771428571428571,0.7311827956989247,0.8292682926829268,0.15910402063879361,0.8931051249965094,1.0,971bb2c8d0b3b7495acb94f62ea8741d4ff4e6e52c17cfe1f97b50e8801a1513,1161336969,599905126,3703496083,230894654,False
CatBoost,catboost_09,9,"{""depth"":5,""iterations"":500,""learning_rate"":0.03}",5626fbcce60b1b7acd3fef784bb2e22597944255aec5142d0ed668e0a8a1547d,0,42,4,1:1,656,162,0.5,0.8219783569577809,0.7701504543182991,0.5403009086365982,0.7868852459016393,0.7058823529411765,0.8888888888888888,0.16858422992476954,0.7280892909620889,1.0,78610b63b09a3b3be6828cac4d903ead2c4bc5386d421ebf8e60227a9040ab96,1001834057,624141303,515383750,972393367,False
CatBoost,catboost_09,9,"{""depth"":5,""iterations"":500,""learning_rate"":0.03}",5626fbcce60b1b7acd3fef784bb2e22597944255aec5142d0ed668e0a8a1547d,1,7,0,1:1,654,164,0.5,0.8270374776918501,0.7557864141038966,0.5115728282077932,0.7936507936507936,0.7009345794392523,0.9146341463414634,0.16020703655409546,0.8340879580355249,1.0,74e66c11e57d405efbe19a02f13985423c60121aaf1960175664824578d0255d,2521657055,4094230609,264134123,842399429,False
CatBoost,catboost_09,9,"{""depth"":5,""iterations"":500,""learning_rate"":0.03}",5626fbcce60b1b7acd3fef784bb2e22597944255aec5142d0ed668e0a8a1547d,1,7,1,1:1,654,164,0.5,0.7926829268292683,0.6829085610216388,0.36581712204327754,0.8021978021978022,0.73,0.8902439024390244,0.17141690999210202,0.7818896670360118,1.0,850c47286a5ff6cd122bd73c64fe0c130b4f93517aa2f9a4ab0225caa37355f8,3885368634,2431578943,1619142612,2845288631,False
CatBoost,catboost_09,9,"{""depth"":5,""iterations"":500,""learning_rate"":0.03}",5626fbcce60b1b7acd3fef784bb2e22597944255aec5142d0ed668e0a8a1547d,1,7,2,1:1,654,164,0.5,0.8639202855443189,0.8283372553295646,0.6566745106591292,0.8043478260869565,0.7254901960784313,0.9024390243902439,0.14733277042007342,0.880184041976463,1.0,a58cdcfd42f13eceb650b4e384e38c15ac3d252fa7a9cf51166f33733bec7373,1974496636,1223099430,3474831427,1753096405,False
CatBoost,catboost_09,9,"{""depth"":5,""iterations"":500,""learning_rate"":0.03}",5626fbcce60b1b7acd3fef784bb2e22597944255aec5142d0ed668e0a8a1547d,1,7,3,1:1,654,164,0.5,0.807703747769185,0.7245502841446323,0.4491005682892646,0.7752808988764045,0.71875,0.8414634146341463,0.16700949605382093,0.7610125420033,1.0,0787429d108adbb8f716a931370780c2b496f9b4a512b716c8c31ecf6b7c002f,2308674788,3336517605,3055848280,3336201630,False
CatBoost,catboost_09,9,"{""depth"":5,""iterations"":500,""learning_rate"":0.03}",5626fbcce60b1b7acd3fef784bb2e22597944255aec5142d0ed668e0a8a1547d,1,7,4,1:1,656,162,0.5,0.8437738149672306,0.7777699709300573,0.5555399418601146,0.8066298342541437,0.73,0.9012345679012346,0.15279883849839074,0.8555282079614699,1.0,fd5a87140a37ffe54b3e77a354b4bd55b27678e3392d3612bcc974fcd938aac7,26843640,2371250898,2203746204,3425021368,False
CatBoost,catboost_09,9,"{""depth"":5,""iterations"":500,""learning_rate"":0.03}",5626fbcce60b1b7acd3fef784bb2e22597944255aec5142d0ed668e0a8a1547d,2,13,0,1:1,654,164,0.5,0.8502379535990482,0.8030839112072835,0.606167822414567,0.770949720670391,0.711340206185567,0.8414634146341463,0.15504803829982747,0.754581666958984,1.0,b1e29c5fe8af2195e9abc0f61c3f3c4d213fca3f89d1193c4a6653fb53126347,4197323642,3493101560,3288021756,261167866,False
CatBoost,catboost_09,9,"{""depth"":5,""iterations"":500,""learning_rate"":0.03}",5626fbcce60b1b7acd3fef784bb2e22597944255aec5142d0ed668e0a8a1547d,2,13,1,1:1,654,164,0.5,0.8170731707317074,0.7391175959552055,0.4782351919104111,0.7790697674418605,0.7444444444444445,0.8170731707317073,0.17141107110749257,0.8485307080554776,1.0,e3474974719a7c03379f3842f5f95d0ed2107cdd8a6ad009ba26fbebf9498feb,3966191544,1903504230,667876274,3411050692,False
CatBoost,catboost_09,9,"{""depth"":5,""iterations"":500,""learning_rate"":0.03}",5626fbcce60b1b7acd3fef784bb2e22597944255aec5142d0ed668e0a8a1547d,2,13,2,1:1,654,164,0.5,0.847412254610351,0.7958701128331794,0.5917402256663589,0.8043478260869565,0.7254901960784313,0.9024390243902439,0.15463748242031033,0.8589146669837646,1.0,9a349209c7d3b9bd40965068b2a613107212665860e7bbb02addbf0f67e5d1fd,1319135375,2081672424,66402786,1633975599,False
CatBoost,catboost_09,9,"{""depth"":5,""iterations"":500,""learning_rate"":0.03}",5626fbcce60b1b7acd3fef784bb2e22597944255aec5142d0ed668e0a8a1547d,2,13,3,1:1,654,164,0.5,0.8579714455681142,0.8047868295504869,0.6095736591009737,0.8253968253968254,0.7289719626168224,0.9512195121951219,0.14596032293709324,0.8054480000282638,1.0,d3ae34fbcfb73c5a1be0c96ad00e7eec3433eb478aea0c91dd2163d7870a83ad,2293279620,3028097891,2933952375,4053831653,False
CatBoost,catboost_09,9,"{""depth"":5,""iterations"":500,""learning_rate"":0.03}",5626fbcce60b1b7acd3fef784bb2e22597944255aec5142d0ed668e0a8a1547d,2,13,4,1:1,656,162,0.5,0.879134278311233,0.8585008621815924,0.7170017243631848,0.7840909090909091,0.7263157894736842,0.8518518518518519,0.13926786490177392,0.7667450410081074,1.0,253211c36a4e03f7beb1ba4c6fb38a30d71faa649d183e5779b5f27efb6ce6bf,3410040530,245057234,532155413,762879727,False
CatBoost,catboost_10,10,"{""depth"":5,""iterations"":500,""learning_rate"":0.05}",0ecb3f0f0e439dfbd719fe6d2c81a734bdf3f58eb244bbe5420470e981f45b5f,0,42,0,1:1,654,164,0.5,0.8499405116002379,0.8220659392896897,0.6441318785793795,0.8287292817679558,0.7575757575757576,0.9146341463414634,0.15225425476136703,0.7452102090464905,1.0,b9f1edb670a53afef5f4c085e90bf5e13a41156251f6667b1a65871f2c4c47e0,1973658644,3715151037,233149161,2399526814,False
CatBoost,catboost_10,10,"{""depth"":5,""iterations"":500,""learning_rate"":0.05}",0ecb3f0f0e439dfbd719fe6d2c81a734bdf3f58eb244bbe5420470e981f45b5f,0,42,1,1:1,654,164,0.5,0.8389351576442594,0.8179644147901617,0.6359288295803234,0.7666666666666667,0.7040816326530612,0.8414634146341463,0.17274082635401036,0.8857858330011368,1.0,c59d36017adea2f05186de3822c3dd8c95d35f359f7ff35c586a14db623a3103,2786658438,2191900349,3517737438,2371526345,False
CatBoost,catboost_10,10,"{""depth"":5,""iterations"":500,""learning_rate"":0.05}",0ecb3f0f0e439dfbd719fe6d2c81a734bdf3f58eb244bbe5420470e981f45b5f,0,42,2,1:1,654,164,0.5,0.8450327186198692,0.8289237426739549,0.6578474853479097,0.8042328042328042,0.7102803738317757,0.926829268292683,0.15799081608266238,0.8704638339695521,1.0,091c82241439a2f22ad7066be22112027623cd7401cf37ff3920d078a7a913e2,1888399133,2010463502,629780227,48921201,False
CatBoost,catboost_10,10,"{""depth"":5,""iterations"":500,""learning_rate"":0.05}",0ecb3f0f0e439dfbd719fe6d2c81a734bdf3f58eb244bbe5420470e981f45b5f,0,42,3,1:1,654,164,0.5,0.8396787626412849,0.7892414587928465,0.5784829175856929,0.7796610169491526,0.7263157894736842,0.8414634146341463,0.161688584030754,0.8891061670146883,1.0,971bb2c8d0b3b7495acb94f62ea8741d4ff4e6e52c17cfe1f97b50e8801a1513,1161336969,599905126,3703496083,230894654,False
CatBoost,catboost_10,10,"{""depth"":5,""iterations"":500,""learning_rate"":0.05}",0ecb3f0f0e439dfbd719fe6d2c81a734bdf3f58eb244bbe5420470e981f45b5f,0,42,4,1:1,656,162,0.5,0.8055174516079866,0.7547008014627903,0.5094016029255806,0.7891891891891892,0.7019230769230769,0.9012345679012346,0.1822062788336879,0.7346974160172977,1.0,78610b63b09a3b3be6828cac4d903ead2c4bc5386d421ebf8e60227a9040ab96,1001834057,624141303,515383750,972393367,False
CatBoost,catboost_10,10,"{""depth"":5,""iterations"":500,""learning_rate"":0.05}",0ecb3f0f0e439dfbd719fe6d2c81a734bdf3f58eb244bbe5420470e981f45b5f,1,7,0,1:1,654,164,0.5,0.8237656157049376,0.7458754143892654,0.4917508287785308,0.7868852459016393,0.7128712871287128,0.8780487804878049,0.1687179695593518,0.834098500024993,1.0,74e66c11e57d405efbe19a02f13985423c60121aaf1960175664824578d0255d,2521657055,4094230609,264134123,842399429,False
CatBoost,catboost_10,10,"{""depth"":5,""iterations"":500,""learning_rate"":0.05}",0ecb3f0f0e439dfbd719fe6d2c81a734bdf3f58eb244bbe5420470e981f45b5f,1,7,1,1:1,654,164,0.5,0.7864366448542535,0.7003531884169516,0.4007063768339032,0.7932960893854749,0.7319587628865979,0.8658536585365854,0.18295205677075646,0.7961515000206418,1.0,850c47286a5ff6cd122bd73c64fe0c130b4f93517aa2f9a4ab0225caa37355f8,3885368634,2431578943,1619142612,2845288631,False
CatBoost,catboost_10,10,"{""depth"":5,""iterations"":500,""learning_rate"":0.05}",0ecb3f0f0e439dfbd719fe6d2c81a734bdf3f58eb244bbe5420470e981f45b5f,1,7,2,1:1,654,164,0.5,0.8578227245687091,0.8284769770093279,0.6569539540186558,0.797752808988764,0.7395833333333334,0.8658536585365854,0.1552472513742845,0.8705194999929518,1.0,a58cdcfd42f13eceb650b4e384e38c15ac3d252fa7a9cf51166f33733bec7373,1974496636,1223099430,3474831427,1753096405,False
CatBoost,catboost_10,10,"{""depth"":5,""iterations"":500,""learning_rate"":0.05}",0ecb3f0f0e439dfbd719fe6d2c81a734bdf3f58eb244bbe5420470e981f45b5f,1,7,3,1:1,654,164,0.5,0.802498512790006,0.7203801621076193,0.4407603242152387,0.7821229050279329,0.7216494845360825,0.8536585365853658,0.17581284700744984,0.758806458034087,1.0,0787429d108adbb8f716a931370780c2b496f9b4a512b716c8c31ecf6b7c002f,2308674788,3336517605,3055848280,3336201630,False
CatBoost,catboost_10,10,"{""depth"":5,""iterations"":500,""learning_rate"":0.05}",0ecb3f0f0e439dfbd719fe6d2c81a734bdf3f58eb244bbe5420470e981f45b5f,1,7,4,1:1,656,162,0.5,0.824112178021643,0.7674010479761395,0.534802095952279,0.7777777777777778,0.7070707070707071,0.8641975308641975,0.16600382246202056,0.8543951250030659,1.0,fd5a87140a37ffe54b3e77a354b4bd55b27678e3392d3612bcc974fcd938aac7,26843640,2371250898,2203746204,3425021368,False
CatBoost,catboost_10,10,"{""depth"":5,""iterations"":500,""learning_rate"":0.05}",0ecb3f0f0e439dfbd719fe6d2c81a734bdf3f58eb244bbe5420470e981f45b5f,2,13,0,1:1,654,164,0.5,0.8428019036287924,0.7848781083116124,0.5697562166232248,0.7932960893854749,0.7319587628865979,0.8658536585365854,0.1626675684726652,0.7599834590218961,1.0,b1e29c5fe8af2195e9abc0f61c3f3c4d213fca3f89d1193c4a6653fb53126347,4197323642,3493101560,3288021756,261167866,False
CatBoost,catboost_10,10,"{""depth"":5,""iterations"":500,""learning_rate"":0.05}",0ecb3f0f0e439dfbd719fe6d2c81a734bdf3f58eb244bbe5420470e981f45b5f,2,13,1,1:1,654,164,0.5,0.8198988697204045,0.7437466514162359,0.4874933028324717,0.7764705882352941,0.75,0.8048780487804879,0.17325524526878197,0.8515758329886012,1.0,e3474974719a7c03379f3842f5f95d0ed2107cdd8a6ad009ba26fbebf9498feb,3966191544,1903504230,667876274,3411050692,False
CatBoost,catboost_10,10,"{""depth"":5,""iterations"":500,""learning_rate"":0.05}",0ecb3f0f0e439dfbd719fe6d2c81a734bdf3f58eb244bbe5420470e981f45b5f,2,13,2,1:1,654,164,0.5,0.8407198096371208,0.8043433757114,0.6086867514228,0.7934782608695652,0.7156862745098039,0.8902439024390244,0.16405575435518113,0.864623749977909,1.0,9a349209c7d3b9bd40965068b2a613107212665860e7bbb02addbf0f67e5d1fd,1319135375,2081672424,66402786,1633975599,False
CatBoost,catboost_10,10,"{""depth"":5,""iterations"":500,""learning_rate"":0.05}",0ecb3f0f0e439dfbd719fe6d2c81a734bdf3f58eb244bbe5420470e981f45b5f,2,13,3,1:1,654,164,0.5,0.8599048185603807,0.8086577986351826,0.6173155972703652,0.8216216216216217,0.7378640776699029,0.926829268292683,0.14597711210845288,0.8107766670291312,1.0,d3ae34fbcfb73c5a1be0c96ad00e7eec3433eb478aea0c91dd2163d7870a83ad,2293279620,3028097891,2933952375,4053831653,False
CatBoost,catboost_10,10,"{""depth"":5,""iterations"":500,""learning_rate"":0.05}",0ecb3f0f0e439dfbd719fe6d2c81a734bdf3f58eb244bbe5420470e981f45b5f,2,13,4,1:1,656,162,0.5,0.8788294467306812,0.8560675244299525,0.712135048859905,0.8092485549132948,0.7608695652173914,0.8641975308641975,0.1379506714285605,0.7879358329810202,1.0,253211c36a4e03f7beb1ba4c6fb38a30d71faa649d183e5779b5f27efb6ce6bf,3410040530,245057234,532155413,762879727,False
CatBoost,catboost_11,11,"{""depth"":6,""iterations"":500,""learning_rate"":0.03}",21193840468b45a86cb799f15b59598d7fc59bae066fd99ea4430850dec77df7,0,42,0,1:1,654,164,0.5,0.8597560975609756,0.8131579180465218,0.6263158360930436,0.8260869565217391,0.7450980392156863,0.926829268292683,0.14355815674622466,1.1706943329772912,1.0,b9f1edb670a53afef5f4c085e90bf5e13a41156251f6667b1a65871f2c4c47e0,1973658644,3715151037,233149161,2399526814,False
CatBoost,catboost_11,11,"{""depth"":6,""iterations"":500,""learning_rate"":0.03}",21193840468b45a86cb799f15b59598d7fc59bae066fd99ea4430850dec77df7,0,42,1,1:1,654,164,0.5,0.8460737656157049,0.8337319566041089,0.6674639132082179,0.770949720670391,0.711340206185567,0.8414634146341463,0.16383538465040773,1.3842618339695036,1.0,c59d36017adea2f05186de3822c3dd8c95d35f359f7ff35c586a14db623a3103,2786658438,2191900349,3517737438,2371526345,False
CatBoost,catboost_11,11,"{""depth"":6,""iterations"":500,""learning_rate"":0.03}",21193840468b45a86cb799f15b59598d7fc59bae066fd99ea4430850dec77df7,0,42,2,1:1,654,164,0.5,0.8483045806067817,0.8310659748621312,0.6621319497242624,0.8021390374331551,0.7142857142857143,0.9146341463414634,0.15208790429847896,1.3529612920247018,1.0,091c82241439a2f22ad7066be22112027623cd7401cf37ff3920d078a7a913e2,1888399133,2010463502,629780227,48921201,False
CatBoost,catboost_11,11,"{""depth"":6,""iterations"":500,""learning_rate"":0.03}",21193840468b45a86cb799f15b59598d7fc59bae066fd99ea4430850dec77df7,0,42,3,1:1,654,164,0.5,0.8478584176085664,0.7959530142029624,0.5919060284059248,0.8022598870056498,0.7473684210526316,0.8658536585365854,0.15438506833618348,1.3735719170072116,1.0,971bb2c8d0b3b7495acb94f62ea8741d4ff4e6e52c17cfe1f97b50e8801a1513,1161336969,599905126,3703496083,230894654,False
CatBoost,catboost_11,11,"{""depth"":6,""iterations"":500,""learning_rate"":0.03}",21193840468b45a86cb799f15b59598d7fc59bae066fd99ea4430850dec77df7,0,42,4,1:1,656,162,0.5,0.8166438042981252,0.757043942865343,0.5140878857306861,0.782608695652174,0.6990291262135923,0.8888888888888888,0.1719653241156227,1.1332188340020366,1.0,78610b63b09a3b3be6828cac4d903ead2c4bc5386d421ebf8e60227a9040ab96,1001834057,624141303,515383750,972393367,False
CatBoost,catboost_11,11,"{""depth"":6,""iterations"":500,""learning_rate"":0.03}",21193840468b45a86cb799f15b59598d7fc59bae066fd99ea4430850dec77df7,1,7,0,1:1,654,164,0.5,0.8347709696609161,0.7567417819471126,0.5134835638942252,0.783068783068783,0.6915887850467289,0.9024390243902439,0.159756114872819,1.3080060830106959,1.0,74e66c11e57d405efbe19a02f13985423c60121aaf1960175664824578d0255d,2521657055,4094230609,264134123,842399429,False
CatBoost,catboost_11,11,"{""depth"":6,""iterations"":500,""learning_rate"":0.03}",21193840468b45a86cb799f15b59598d7fc59bae066fd99ea4430850dec77df7,1,7,1,1:1,654,164,0.5,0.8019036287923855,0.708653026378593,0.4173060527571859,0.797752808988764,0.7395833333333334,0.8658536585365854,0.17090277894667108,1.2304279580130242,1.0,850c47286a5ff6cd122bd73c64fe0c130b4f93517aa2f9a4ab0225caa37355f8,3885368634,2431578943,1619142612,2845288631,False
CatBoost,catboost_11,11,"{""depth"":6,""iterations"":500,""learning_rate"":0.03}",21193840468b45a86cb799f15b59598d7fc59bae066fd99ea4430850dec77df7,1,7,2,1:1,654,164,0.5,0.8713563355145747,0.8564247899057272,0.7128495798114545,0.8,0.7346938775510204,0.8780487804878049,0.14776543406712017,1.3459178340272047,1.0,a58cdcfd42f13eceb650b4e384e38c15ac3d252fa7a9cf51166f33733bec7373,1974496636,1223099430,3474831427,1753096405,False
CatBoost,catboost_11,11,"{""depth"":6,""iterations"":500,""learning_rate"":0.03}",21193840468b45a86cb799f15b59598d7fc59bae066fd99ea4430850dec77df7,1,7,3,1:1,654,164,0.5,0.8121653777513385,0.7470614810836016,0.4941229621672032,0.7802197802197802,0.71,0.8658536585365854,0.1675307552715403,1.1801901660510339,1.0,0787429d108adbb8f716a931370780c2b496f9b4a512b716c8c31ecf6b7c002f,2308674788,3336517605,3055848280,3336201630,False
CatBoost,catboost_11,11,"{""depth"":6,""iterations"":500,""learning_rate"":0.03}",21193840468b45a86cb799f15b59598d7fc59bae066fd99ea4430850dec77df7,1,7,4,1:1,656,162,0.5,0.8434689833866789,0.7829581988457559,0.5659163976915118,0.8044692737430168,0.7346938775510204,0.8888888888888888,0.1527576430721351,1.3217955409782007,1.0,fd5a87140a37ffe54b3e77a354b4bd55b27678e3392d3612bcc974fcd938aac7,26843640,2371250898,2203746204,3425021368,False
CatBoost,catboost_11,11,"{""depth"":6,""iterations"":500,""learning_rate"":0.03}",21193840468b45a86cb799f15b59598d7fc59bae066fd99ea4430850dec77df7,2,13,0,1:1,654,164,0.5,0.8428019036287924,0.7861953658043754,0.5723907316087509,0.7845303867403315,0.7171717171717171,0.8658536585365854,0.1585463792096415,1.165791041974444,1.0,b1e29c5fe8af2195e9abc0f61c3f3c4d213fca3f89d1193c4a6653fb53126347,4197323642,3493101560,3288021756,261167866,False
CatBoost,catboost_11,11,"{""depth"":6,""iterations"":500,""learning_rate"":0.03}",21193840468b45a86cb799f15b59598d7fc59bae066fd99ea4430850dec77df7,2,13,1,1:1,654,164,0.5,0.830755502676978,0.761119775656133,0.522239551312266,0.7906976744186046,0.7555555555555555,0.8292682926829268,0.16738555832059182,1.3211377499974333,1.0,e3474974719a7c03379f3842f5f95d0ed2107cdd8a6ad009ba26fbebf9498feb,3966191544,1903504230,667876274,3411050692,False
CatBoost,catboost_11,11,"{""depth"":6,""iterations"":500,""learning_rate"":0.03}",21193840468b45a86cb799f15b59598d7fc59bae066fd99ea4430850dec77df7,2,13,2,1:1,654,164,0.5,0.8471148126115406,0.8108721022346597,0.6217442044693193,0.7978142076502732,0.7227722772277227,0.8902439024390244,0.15738090185134554,1.3504126660409383,1.0,9a349209c7d3b9bd40965068b2a613107212665860e7bbb02addbf0f67e5d1fd,1319135375,2081672424,66402786,1633975599,False
CatBoost,catboost_11,11,"{""depth"":6,""iterations"":500,""learning_rate"":0.03}",21193840468b45a86cb799f15b59598d7fc59bae066fd99ea4430850dec77df7,2,13,3,1:1,654,164,0.5,0.8594586555621655,0.8003519709440499,0.6007039418880997,0.8235294117647058,0.7333333333333333,0.9390243902439024,0.14416607860962896,1.2683806249988265,1.0,d3ae34fbcfb73c5a1be0c96ad00e7eec3433eb478aea0c91dd2163d7870a83ad,2293279620,3028097891,2933952375,4053831653,False
CatBoost,catboost_11,11,"{""depth"":6,""iterations"":500,""learning_rate"":0.03}",21193840468b45a86cb799f15b59598d7fc59bae066fd99ea4430850dec77df7,2,13,4,1:1,656,162,0.5,0.870903825636336,0.8364073835593127,0.6728147671186253,0.783625730994152,0.7444444444444445,0.8271604938271605,0.14269781609364307,1.2051482500392012,1.0,253211c36a4e03f7beb1ba4c6fb38a30d71faa649d183e5779b5f27efb6ce6bf,3410040530,245057234,532155413,762879727,False
CatBoost,catboost_12,12,"{""depth"":6,""iterations"":500,""learning_rate"":0.05}",1f3ccbfc9c05be66c00da5f7671c9673baab6e5192475319006289f5a8ad43cf,0,42,0,1:1,654,164,0.5,0.8599048185603808,0.8372119438613892,0.6744238877227784,0.8156424581005587,0.7525773195876289,0.8902439024390244,0.14644255451133348,1.1677616669912823,1.0,b9f1edb670a53afef5f4c085e90bf5e13a41156251f6667b1a65871f2c4c47e0,1973658644,3715151037,233149161,2399526814,False
CatBoost,catboost_12,12,"{""depth"":6,""iterations"":500,""learning_rate"":0.05}",1f3ccbfc9c05be66c00da5f7671c9673baab6e5192475319006289f5a8ad43cf,0,42,1,1:1,654,164,0.5,0.8344735276621059,0.8119541282931688,0.6239082565863376,0.7513812154696132,0.6868686868686869,0.8292682926829268,0.17620079503569566,1.38218383298954,1.0,c59d36017adea2f05186de3822c3dd8c95d35f359f7ff35c586a14db623a3103,2786658438,2191900349,3517737438,2371526345,False
CatBoost,catboost_12,12,"{""depth"":6,""iterations"":500,""learning_rate"":0.05}",1f3ccbfc9c05be66c00da5f7671c9673baab6e5192475319006289f5a8ad43cf,0,42,2,1:1,654,164,0.5,0.849940511600238,0.8313454885163539,0.6626909770327079,0.8148148148148148,0.719626168224299,0.9390243902439024,0.15688863397642291,1.3511249580187723,1.0,091c82241439a2f22ad7066be22112027623cd7401cf37ff3920d078a7a913e2,1888399133,2010463502,629780227,48921201,False
CatBoost,catboost_12,12,"{""depth"":6,""iterations"":500,""learning_rate"":0.05}",1f3ccbfc9c05be66c00da5f7671c9673baab6e5192475319006289f5a8ad43cf,0,42,3,1:1,654,164,0.5,0.829417013682332,0.78965165571104,0.57930331142208,0.7570621468926554,0.7052631578947368,0.8170731707317073,0.16870326513395292,1.3893778329947963,1.0,971bb2c8d0b3b7495acb94f62ea8741d4ff4e6e52c17cfe1f97b50e8801a1513,1161336969,599905126,3703496083,230894654,False
CatBoost,catboost_12,12,"{""depth"":6,""iterations"":500,""learning_rate"":0.05}",1f3ccbfc9c05be66c00da5f7671c9673baab6e5192475319006289f5a8ad43cf,0,42,4,1:1,656,162,0.5,0.8235025148605395,0.7734817947299291,0.5469635894598581,0.8043478260869565,0.7184466019417476,0.9135802469135802,0.17626752458044054,1.1452390829799697,1.0,78610b63b09a3b3be6828cac4d903ead2c4bc5386d421ebf8e60227a9040ab96,1001834057,624141303,515383750,972393367,False
CatBoost,catboost_12,12,"{""depth"":6,""iterations"":500,""learning_rate"":0.05}",1f3ccbfc9c05be66c00da5f7671c9673baab6e5192475319006289f5a8ad43cf,1,7,0,1:1,654,164,0.5,0.8356632956573469,0.7452951045340153,0.4905902090680305,0.7891891891891892,0.7087378640776699,0.8902439024390244,0.16237326322551754,1.3193083749501966,1.0,74e66c11e57d405efbe19a02f13985423c60121aaf1960175664824578d0255d,2521657055,4094230609,264134123,842399429,False
CatBoost,catboost_12,12,"{""depth"":6,""iterations"":500,""learning_rate"":0.05}",1f3ccbfc9c05be66c00da5f7671c9673baab6e5192475319006289f5a8ad43cf,1,7,1,1:1,654,164,0.5,0.7874776918500892,0.7054083238821218,0.41081664776424365,0.7821229050279329,0.7216494845360825,0.8536585365853658,0.18164987950390954,1.2279053329839371,1.0,850c47286a5ff6cd122bd73c64fe0c130b4f93517aa2f9a4ab0225caa37355f8,3885368634,2431578943,1619142612,2845288631,False
CatBoost,catboost_12,12,"{""depth"":6,""iterations"":500,""learning_rate"":0.05}",1f3ccbfc9c05be66c00da5f7671c9673baab6e5192475319006289f5a8ad43cf,1,7,2,1:1,654,164,0.5,0.8594586555621654,0.8387925475512004,0.6775850951024007,0.7932960893854749,0.7319587628865979,0.8658536585365854,0.15609524374337472,1.3479897090001032,1.0,a58cdcfd42f13eceb650b4e384e38c15ac3d252fa7a9cf51166f33733bec7373,1974496636,1223099430,3474831427,1753096405,False
CatBoost,catboost_12,12,"{""depth"":6,""iterations"":500,""learning_rate"":0.05}",1f3ccbfc9c05be66c00da5f7671c9673baab6e5192475319006289f5a8ad43cf,1,7,3,1:1,654,164,0.5,0.8059190957763236,0.7372827440391937,0.4745654880783874,0.7692307692307693,0.7,0.8536585365853658,0.1756168471395534,1.1875719159725122,1.0,0787429d108adbb8f716a931370780c2b496f9b4a512b716c8c31ecf6b7c002f,2308674788,3336517605,3055848280,3336201630,False
CatBoost,catboost_12,12,"{""depth"":6,""iterations"":500,""learning_rate"":0.05}",1f3ccbfc9c05be66c00da5f7671c9673baab6e5192475319006289f5a8ad43cf,1,7,4,1:1,656,162,0.5,0.8332571254381954,0.7747817750662538,0.5495635501325076,0.7752808988764045,0.711340206185567,0.8518518518518519,0.16605587665137728,1.3279420829494484,1.0,fd5a87140a37ffe54b3e77a354b4bd55b27678e3392d3612bcc974fcd938aac7,26843640,2371250898,2203746204,3425021368,False
CatBoost,catboost_12,12,"{""depth"":6,""iterations"":500,""learning_rate"":0.05}",1f3ccbfc9c05be66c00da5f7671c9673baab6e5192475319006289f5a8ad43cf,2,13,0,1:1,654,164,0.5,0.8445865556216537,0.7879193472402998,0.5758386944805995,0.7861271676300579,0.7472527472527473,0.8292682926829268,0.16133678962487027,1.1851829169900157,1.0,b1e29c5fe8af2195e9abc0f61c3f3c4d213fca3f89d1193c4a6653fb53126347,4197323642,3493101560,3288021756,261167866,False
CatBoost,catboost_12,12,"{""depth"":6,""iterations"":500,""learning_rate"":0.05}",1f3ccbfc9c05be66c00da5f7671c9673baab6e5192475319006289f5a8ad43cf,2,13,1,1:1,654,164,0.5,0.8170731707317074,0.7474842327524956,0.4949684655049913,0.7701149425287356,0.7282608695652174,0.8170731707317073,0.1844277825989801,1.3298137499950826,1.0,e3474974719a7c03379f3842f5f95d0ed2107cdd8a6ad009ba26fbebf9498feb,3966191544,1903504230,667876274,3411050692,False
CatBoost,catboost_12,12,"{""depth"":6,""iterations"":500,""learning_rate"":0.05}",1f3ccbfc9c05be66c00da5f7671c9673baab6e5192475319006289f5a8ad43cf,2,13,2,1:1,654,164,0.5,0.8460737656157049,0.7935437071193635,0.587087414238727,0.8021978021978022,0.73,0.8902439024390244,0.1612395793579662,1.3592974999919534,1.0,9a349209c7d3b9bd40965068b2a613107212665860e7bbb02addbf0f67e5d1fd,1319135375,2081672424,66402786,1633975599,False
CatBoost,catboost_12,12,"{""depth"":6,""iterations"":500,""learning_rate"":0.05}",1f3ccbfc9c05be66c00da5f7671c9673baab6e5192475319006289f5a8ad43cf,2,13,3,1:1,654,164,0.5,0.8509815585960738,0.7827523192514649,0.5655046385029299,0.8167539267015707,0.7155963302752294,0.9512195121951219,0.15112655797302216,1.2728727079811506,1.0,d3ae34fbcfb73c5a1be0c96ad00e7eec3433eb478aea0c91dd2163d7870a83ad,2293279620,3028097891,2933952375,4053831653,False
CatBoost,catboost_12,12,"{""depth"":6,""iterations"":500,""learning_rate"":0.05}",1f3ccbfc9c05be66c00da5f7671c9673baab6e5192475319006289f5a8ad43cf,2,13,4,1:1,656,162,0.5,0.8832495046486816,0.8555898131320737,0.7111796262641474,0.8160919540229885,0.7634408602150538,0.8765432098765432,0.13812647724560387,1.2082369169802405,1.0,253211c36a4e03f7beb1ba4c6fb38a30d71faa649d183e5779b5f27efb6ce6bf,3410040530,245057234,532155413,762879727,False
