sample_id,label,GO:0003677,GO:0016020,GO:0000976,GO:0003700,GO:0009507,GO:0005515,GO:0005737,GO:0005524,GO:0005829,GO:0055085,GO:0003676,GO:0160062,GO:0007165,GO:0106310,GO:0004672,GO:0004674,GO:0008150,GO:0005575,GO:0004497,GO:0009738,GO:0010494,GO:0009793,GO:0016567,GO:0061630,GO:0043565,GO:0000398,GO:0007018,GO:0043068,GO:0005975,GO:0002239,GO:0048467,GO:0006357,GO:0071215,GO:0071472,GO:0009845,GO:0009451,GO:0010319,GO:0009638,GO:0019760,GO:0098869,GO:0042538,GO:0030001,GO:0051302,GO:0030246,GO:0010114,GO:0009705,GO:0008233,GO:0055028,GO:0061025,GO:1900056,GO:0006012,GO:0071421,GO:0006749,GO:0016226,GO:2000022,GO:0008137,GO:0034755,GO:0051260,GO:0010333,GO:0004714,jaccard_mean,jaccard_min,jaccard_max,jaccard_std,pathway_size,log_size,go_entropy,go_size_std,mean_go_per_gene
AraCyc::ALACAT2-PWY,1,0.0,0.0,0.0,0.0,0.5,0.125,0.375,0.25,0.75,0.0,0.0,0.0,0.0,0.0,0.0,0.0,0.125,0.0,0.0,0.0,0.0,0.125,0.0,0.0,0.0,0.0,0.0,0.0,0.0,0.0,0.125,0.0,0.0,0.0,0.0,0.0,0.0,0.0,0.0,0.0,0.0,0.0,0.0,0.0,0.0,0.0,0.0,0.0,0.0,0.0,0.0,0.0,0.0,0.0,0.0,0.0,0.0,0.0,0.0,0.0,0.14325456,0.0,0.6666667,0.16945946,8.0,2.1972246,1.8403412,7.904706,12.625
AraCyc::ALANINE-DEG3-PWY,1,0.0,0.0,0.0,0.0,0.33333334,0.16666667,0.5,0.33333334,0.6666667,0.0,0.0,0.0,0.0,0.0,0.0,0.0,0.16666667,0.0,0.0,0.0,0.0,0.16666667,0.0,0.0,0.0,0.0,0.0,0.0,0.0,0.0,0.16666667,0.0,0.0,0.0,0.0,0.0,0.0,0.0,0.0,0.0,0.0,0.0,0.0,0.0,0.0,0.0,0.0,0.0,0.0,0.0,0.0,0.0,0.0,0.0,0.0,0.0,0.0,0.0,0.0,0.0,0.2027182,0.0,0.6666667,0.20784014,6.0,1.9459101,1.9338105,8.698659,14.0
AraCyc::ALANINE-SYN2-PWY,1,0.0,0.0,0.0,0.0,0.33333334,0.16666667,0.5,0.33333334,0.6666667,0.0,0.0,0.0,0.0,0.0,0.0,0.0,0.16666667,0.0,0.0,0.0,0.0,0.16666667,0.0,0.0,0.0,0.0,0.0,0.0,0.0,0.0,0.16666667,0.0,0.0,0.0,0.0,0.0,0.0,0.0,0.0,0.0,0.0,0.0,0.0,0.0,0.0,0.0,0.0,0.0,0.0,0.0,0.0,0.0,0.0,0.0,0.0,0.0,0.0,0.0,0.0,0.0,0.2027182,0.0,0.6666667,0.20784014,6.0,1.9459101,1.9338105,8.698659,14.0
AraCyc::ARGSPECAT-PWY,1,0.0,0.0,0.0,0.0,0.0,0.33333334,0.33333334,0.0,0.0,0.0,0.0,0.0,0.0,0.0,0.0,0.0,0.0,0.16666667,0.0,0.0,0.0,0.0,0.0,0.0,0.0,0.0,0.0,0.0,0.0,0.0,0.0,0.0,0.0,0.0,0.0,0.0,0.0,0.0,0.0,0.0,0.0,0.0,0.0,0.0,0.0,0.0,0.0,0.0,0.0,0.0,0.0,0.0,0.0,0.0,0.0,0.0,0.0,0.0,0.0,0.0,0.28177044,0.0,0.8333333,0.27301383,6.0,1.9459101,1.0549216,2.3804762,6.0
AraCyc::ARGSYN-PWY,1,0.0,0.0,0.0,0.0,0.84615386,0.23076923,0.3846154,0.15384616,0.30769232,0.0,0.07692308,0.0,0.0,0.0,0.0,0.0,0.0,0.0,0.0,0.0,0.0,0.0,0.0,0.0,0.0,0.0,0.0,0.0,0.0,0.0,0.0,0.0,0.0,0.0,0.0,0.0,0.0,0.0,0.0,0.0,0.0,0.0,0.0,0.0,0.0,0.0,0.0,0.0,0.0,0.0,0.0,0.0,0.0,0.0,0.0,0.0,0.0,0.0,0.0,0.0,0.14826055,0.0,0.85714287,0.13691863,13.0,2.6390574,1.5407376,3.2690046,7.076923
AraCyc::ARGSYNBSUB-PWY,1,0.0,0.0,0.0,0.0,0.84615386,0.23076923,0.46153846,0.15384616,0.23076923,0.0,0.07692308,0.0,0.0,0.0,0.0,0.0,0.0,0.0,0.0,0.0,0.0,0.0,0.0,0.0,0.0,0.0,0.0,0.0,0.0,0.0,0.0,0.0,0.0,0.0,0.0,0.0,0.0,0.0,0.0,0.0,0.0,0.0,0.0,0.0,0.0,0.0,0.0,0.0,0.0,0.0,0.0,0.0,0.0,0.0,0.0,0.0,0.0,0.0,0.0,0.0,0.1477107,0.0,0.85714287,0.1377269,13.0,2.6390574,1.523275,3.3014252,6.8461537
AraCyc::ARO-PWY,1,0.0,0.0,0.0,0.0,1.0,0.4,0.1,0.0,0.3,0.0,0.0,0.0,0.0,0.0,0.0,0.0,0.0,0.0,0.0,0.0,0.0,0.1,0.0,0.0,0.0,0.0,0.0,0.0,0.0,0.0,0.0,0.0,0.0,0.0,0.0,0.0,0.0,0.0,0.0,0.0,0.0,0.0,0.0,0.0,0.0,0.0,0.0,0.0,0.0,0.0,0.0,0.0,0.0,0.0,0.0,0.0,0.0,0.0,0.0,0.0,0.28834856,0.13333334,0.9,0.14150293,10.0,2.3978953,1.2672361,1.9595917,7.6
AraCyc::ASPARAGINE-DEG1-PWY,1,0.0,0.0,0.0,0.0,0.0,0.0,0.6,0.0,0.4,0.0,0.0,0.0,0.0,0.0,0.0,0.0,0.0,0.0,0.0,0.0,0.0,0.0,0.0,0.0,0.0,0.0,0.0,0.0,0.0,0.0,0.0,0.0,0.0,0.0,0.0,0.0,0.0,0.0,0.0,0.0,0.0,0.0,0.0,0.0,0.0,0.0,0.0,0.0,0.0,0.0,0.0,0.0,0.0,0.0,0.0,0.0,0.0,0.0,0.0,0.0,0.14915043,0.0,0.8,0.22640495,5.0,1.7917595,0.6730129,2.7276363,5.6
AraCyc::ASPARAGINE-DEG1-PWY-1,1,0.0,0.0,0.0,0.0,0.26666668,0.06666667,0.53333336,0.0,0.53333336,0.0,0.0,0.0,0.0,0.0,0.0,0.0,0.0,0.06666667,0.0,0.0,0.0,0.13333334,0.0,0.0,0.0,0.0,0.0,0.0,0.0,0.0,0.06666667,0.0,0.0,0.0,0.0,0.0,0.06666667,0.0,0.0,0.0,0.0,0.0,0.0,0.0,0.0,0.0,0.0,0.0,0.0,0.0,0.0,0.0,0.0,0.0,0.0,0.0,0.0,0.0,0.0,0.0,0.12641354,0.0,0.8,0.17278832,15.0,2.7725887,1.7118458,7.741375,10.733334
AraCyc::ASPARTATE-DEG1-PWY,1,0.0,0.0,0.0,0.0,0.44444445,0.11111111,0.5555556,0.0,0.6666667,0.0,0.0,0.0,0.0,0.0,0.0,0.0,0.0,0.11111111,0.0,0.0,0.0,0.22222222,0.0,0.0,0.0,0.0,0.0,0.0,0.0,0.0,0.11111111,0.0,0.0,0.0,0.0,0.0,0.11111111,0.0,0.0,0.0,0.0,0.0,0.0,0.0,0.0,0.0,0.0,0.0,0.0,0.0,0.0,0.0,0.0,0.0,0.0,0.0,0.0,0.0,0.0,0.0,0.24573453,0.02,0.6875,0.20193557,9.0,2.3025851,1.819322,7.94425,14.333333
AraCyc::ASPARTATESYN-PWY,1,0.0,0.0,0.0,0.0,0.44444445,0.11111111,0.5555556,0.0,0.6666667,0.0,0.0,0.0,0.0,0.0,0.0,0.0,0.0,0.11111111,0.0,0.0,0.0,0.22222222,0.0,0.0,0.0,0.0,0.0,0.0,0.0,0.0,0.11111111,0.0,0.0,0.0,0.0,0.0,0.11111111,0.0,0.0,0.0,0.0,0.0,0.0,0.0,0.0,0.0,0.0,0.0,0.0,0.0,0.0,0.0,0.0,0.0,0.0,0.0,0.0,0.0,0.0,0.0,0.24573453,0.02,0.6875,0.20193557,9.0,2.3025851,1.819322,7.94425,14.333333
AraCyc::ASPASN-ARA-PWY,1,0.0,0.0,0.0,0.0,0.2777778,0.055555556,0.5555556,0.0,0.5555556,0.0,0.0,0.0,0.0,0.0,0.0,0.0,0.0,0.11111111,0.0,0.0,0.055555556,0.11111111,0.0,0.0,0.0,0.0,0.0,0.0,0.0,0.0,0.055555556,0.0,0.0,0.0,0.0,0.0,0.055555556,0.0,0.0,0.0,0.055555556,0.0,0.0,0.0,0.0,0.0,0.0,0.0,0.0,0.0,0.0,0.0,0.0,0.0,0.0,0.0,0.0,0.0,0.0,0.0,0.10746132,0.0,0.8,0.173463,18.0,2.944439,1.8536705,7.427219,10.055555
AraCyc::BRANCHED-CHAIN-AA-SYN-PWY,1,0.0,0.0,0.0,0.0,0.85714287,0.14285715,0.3809524,0.0,0.3809524,0.0,0.0,0.0,0.0,0.0,0.0,0.0,0.0,0.0,0.0,0.0,0.0,0.04761905,0.0,0.0,0.0,0.0,0.0,0.0,0.0,0.0,0.04761905,0.0,0.0,0.0,0.0,0.0,0.0,0.0,0.0,0.0,0.0,0.0,0.0,0.0,0.0,0.0,0.0,0.0,0.0,0.0,0.0,0.0,0.0,0.0,0.0,0.0,0.0,0.0,0.0,0.0,0.13701977,0.0,0.6666667,0.14064842,21.0,3.0910425,1.3919317,6.099329,10.476191
AraCyc::BSUBPOLYAMSYN-PWY,1,0.0,0.0,0.0,0.0,0.14285715,0.5714286,0.14285715,0.0,0.2857143,0.0,0.0,0.0,0.0,0.0,0.0,0.0,0.0,0.14285715,0.0,0.0,0.0,0.0,0.0,0.0,0.0,0.0,0.0,0.0,0.0,0.0,0.0,0.0,0.0,0.0,0.0,0.0,0.0,0.0,0.0,0.0,0.0,0.0,0.0,0.0,0.0,0.0,0.0,0.0,0.0,0.0,0.0,0.0,0.0,0.0,0.0,0.0,0.0,0.0,0.0,0.0,0.31113094,0.0,0.8333333,0.24904671,7.0,2.0794415,1.4270619,2.7105236,6.714286
AraCyc::CALVIN-PWY,1,0.0,0.0,0.0,0.0,0.7714286,0.2,0.42857143,0.0,0.45714286,0.0,0.0,0.0,0.0,0.0,0.08571429,0.0,0.057142857,0.028571429,0.0,0.0,0.0,0.0,0.0,0.0,0.0,0.0,0.0,0.0,0.34285715,0.0,0.0,0.0,0.0,0.0,0.0,0.0,0.08571429,0.0,0.0,0.0,0.0,0.0,0.0,0.0,0.0,0.0,0.0,0.0,0.0,0.0,0.0,0.0,0.0,0.0,0.0,0.0,0.0,0.0,0.0,0.0,0.10530785,0.0,0.71428573,0.12084696,35.0,3.583519,1.8335571,5.195288,10.742857
AraCyc::CAMALEXIN-SYN,1,0.0,0.6666667,0.0,0.0,0.36666667,0.1,0.16666667,0.0,0.2,0.0,0.0,0.0,0.0,0.0,0.0,0.0,0.26666668,0.1,0.7,0.0,0.033333335,0.0,0.0,0.0,0.0,0.0,0.0,0.0,0.0,0.0,0.0,0.0,0.0,0.0,0.0,0.0,0.0,0.0,0.16666667,0.0,0.0,0.0,0.0,0.0,0.0,0.0,0.16666667,0.0,0.0,0.0,0.0,0.0,0.1,0.0,0.0,0.0,0.0,0.0,0.0,0.0,0.40031347,0.0,1.0,0.32677534,30.0,3.4339871,2.1851275,2.7970223,7.1
AraCyc::CHLOROPHYLL-SYN,1,0.1,0.0,0.0,0.0,1.0,0.3,0.2,0.1,0.3,0.0,0.0,0.0,0.0,0.0,0.0,0.0,0.0,0.0,0.0,0.0,0.0,0.1,0.0,0.0,0.0,0.0,0.0,0.0,0.0,0.0,0.0,0.0,0.0,0.0,0.0,0.0,0.0,0.0,0.0,0.0,0.0,0.0,0.0,0.0,0.0,0.0,0.0,0.0,0.0,0.0,0.0,0.0,0.0,0.0,0.0,0.0,0.0,0.0,0.0,0.0,0.2585285,0.083333336,0.54545456,0.11890699,10.0,2.3978953,1.5681506,2.3685439,9.3
AraCyc::CITRULBIO-PWY,1,0.0,0.023255814,0.0,0.0,0.627907,0.093023255,0.3255814,0.069767445,0.37209302,0.0,0.0,0.0,0.0,0.0,0.0,0.0,0.093023255,0.023255814,0.0,0.0,0.023255814,0.046511628,0.0,0.0,0.0,0.0,0.0,0.0,0.0,0.0,0.0,0.0,0.0,0.0,0.0,0.0,0.0,0.0,0.0,0.0,0.11627907,0.0,0.0,0.0,0.0,0.0,0.0,0.0,0.0,0.0,0.0,0.0,0.0,0.0,0.0,0.0,0.0,0.0,0.0,0.0,0.11990089,0.0,1.0,0.20568937,43.0,3.7841897,1.8680493,4.822877,8.255814
AraCyc::COA-PWY,1,0.0,0.0,0.0,0.0,0.33333334,0.0,0.6666667,0.16666667,0.0,0.0,0.0,0.0,0.0,0.0,0.0,0.0,0.0,0.0,0.0,0.0,0.0,0.0,0.0,0.0,0.0,0.0,0.0,0.0,0.0,0.0,0.0,0.0,0.0,0.0,0.0,0.0,0.0,0.0,0.0,0.0,0.33333334,0.0,0.0,0.0,0.0,0.0,0.0,0.0,0.0,0.0,0.0,0.0,0.0,0.0,0.0,0.0,0.0,0.0,0.0,0.0,0.22059645,0.083333336,0.8333333,0.18376824,6.0,1.9459101,1.2730291,1.9720266,5.6666665
AraCyc::COMPLETE-ARO-ARA-PWY,1,0.0,0.0,0.0,0.0,1.0,0.0625,0.21875,0.0,0.125,0.0,0.0,0.0,0.0,0.0,0.0,0.0,0.09375,0.0,0.0,0.0,0.0,0.03125,0.0,0.0,0.0,0.0,0.0,0.0,0.0,0.0,0.0,0.0,0.0,0.0,0.0,0.0,0.03125,0.0,0.0,0.03125,0.0,0.0,0.0,0.0,0.0,0.0,0.0,0.0,0.0,0.0,0.0,0.0,0.0,0.0,0.0,0.0,0.0,0.0,0.0,0.0,0.20596485,0.04761905,1.0,0.20747301,32.0,3.4965076,1.2896258,2.4866834,6.5625
AraCyc::CYANCAT-PWY,1,0.0,0.0625,0.0,0.0,0.4375,0.125,0.8125,0.0,0.25,0.0,0.0,0.0,0.0,0.0,0.0,0.0,0.0,0.0,0.0,0.0,0.0,0.0,0.0,0.0,0.0,0.0,0.0,0.0,0.0,0.0,0.0,0.0,0.0,0.0,0.0,0.0,0.0625,0.0,0.0,0.0,0.0,0.0,0.0,0.0,0.0,0.0,0.0,0.0,0.0,0.0,0.0,0.0,0.0,0.0,0.0,0.0,0.0,0.0,0.0,0.0,0.34392783,0.0625,0.8333333,0.20281373,16.0,2.8332133,1.4073057,4.4856544,7.4375
AraCyc::CYSTSYN-PWY,1,0.0,0.0,0.0,0.0,0.84615386,0.23076923,0.6923077,0.0,0.6923077,0.0,0.0,0.0,0.0,0.0,0.0,0.0,0.0,0.0,0.0,0.0,0.0,0.0,0.0,0.0,0.0,0.0,0.0,0.0,0.0,0.0,0.0,0.0,0.0,0.0,0.0,0.0,0.0,0.0,0.0,0.0,0.0,0.0,0.0,0.0,0.0,0.0,0.0,0.0,0.0,0.0,0.0,0.0,0.0,0.0,0.0,0.0,0.0,0.0,0.0,0.0,0.2510042,0.0,0.85714287,0.19467467,13.0,2.6390574,1.3025261,3.2708142,7.6153846
AraCyc::DETOX1-PWY,1,0.0,0.0,0.0,0.0,0.6363636,0.27272728,0.18181819,0.0,0.27272728,0.0,0.0,0.0,0.0,0.0,0.0,0.0,0.18181819,0.0,0.0,0.0,0.0,0.09090909,0.0,0.0,0.0,0.0,0.0,0.0,0.0,0.0,0.0,0.0,0.0,0.27272728,0.0,0.0,0.0,0.0,0.0,0.0,0.0,0.0,0.0,0.0,0.0,0.0,0.0,0.0,0.0,0.0,0.0,0.0,0.0,0.0,0.0,0.0,0.0,0.0,0.0,0.0,0.18106614,0.0,0.75,0.17327012,11.0,2.4849067,1.7930244,7.0581994,12.0
AraCyc::DETOX1-PWY-1,1,0.0,0.0,0.0,0.0,0.6,0.2,0.3,0.0,0.5,0.0,0.0,0.0,0.0,0.0,0.0,0.0,0.15,0.0,0.0,0.05,0.05,0.1,0.0,0.0,0.0,0.0,0.0,0.0,0.0,0.0,0.0,0.0,0.0,0.15,0.0,0.0,0.0,0.0,0.0,0.4,0.0,0.0,0.0,0.0,0.0,0.0,0.0,0.0,0.0,0.0,0.0,0.0,0.0,0.0,0.0,0.0,0.0,0.0,0.0,0.0,0.14971367,0.0,1.0,0.20759273,20.0,3.0445225,2.0369442,6.192536,11.05
AraCyc::DTDPRHAMSYN-PWY,1,0.0,0.0,0.0,0.0,0.71428573,0.0,0.42857143,0.0,0.5714286,0.0,0.0,0.0,0.0,0.0,0.0,0.0,0.2857143,0.14285715,0.0,0.0,0.14285715,0.0,0.0,0.0,0.0,0.0,0.0,0.0,0.71428573,0.0,0.0,0.0,0.0,0.0,0.0,0.0,0.14285715,0.0,0.0,0.0,0.0,0.0,0.0,0.0,0.0,0.0,0.0,0.0,0.0,0.0,0.0,0.0,0.0,0.0,0.0,0.0,0.0,0.0,0.0,0.0,0.22758992,0.0,0.6363636,0.21634972,7.0,2.0794415,1.8946024,3.149344,8.285714
AraCyc::ETHYL-PWY,1,0.0,0.0,0.0,0.0,0.0,0.3478261,0.95652175,0.13043478,0.4347826,0.0,0.0,0.0,0.0,0.0,0.0,0.0,0.0,0.04347826,0.0,0.0,0.13043478,0.0,0.0,0.0,0.0,0.0,0.0,0.0,0.0,0.0,0.0,0.0,0.0,0.0,0.0,0.0,0.0,0.0,0.0,0.0,0.0,0.0,0.0,0.0,0.0,0.0,0.0,0.0,0.0,0.0,0.0,0.0,0.0,0.0,0.0,0.0,0.0,0.0,0.0,0.0,0.212246,0.0,1.0,0.21612722,23.0,3.1780539,1.4191697,4.104495,7.3913045
AraCyc::FASYN-ELONG-PWY,1,0.0,0.0,0.0,0.0,0.42857143,0.0,0.21428572,0.071428575,0.21428572,0.0,0.0,0.0,0.0,0.0,0.0,0.0,0.071428575,0.21428572,0.0,0.0,0.0,0.0,0.0,0.0,0.0,0.0,0.0,0.0,0.0,0.0,0.0,0.0,0.0,0.0,0.0,0.0,0.0,0.0,0.0,0.0,0.0,0.0,0.0,0.0,0.0,0.0,0.0,0.0,0.0,0.0,0.0,0.0,0.0,0.0,0.0,0.0,0.0,0.0,0.0,0.0,0.07900328,0.0,1.0,0.16173352,14.0,2.7080503,1.6192102,3.2919197,5.142857
AraCyc::GLUCONEO-PWY,1,0.020833334,0.020833334,0.0,0.0,0.625,0.22916667,0.6041667,0.0625,0.5625,0.0,0.0,0.0,0.0,0.020833334,0.083333336,0.020833334,0.0625,0.041666668,0.0,0.0,0.020833334,0.020833334,0.0,0.0,0.0,0.0,0.0,0.0,0.22916667,0.0,0.0,0.0,0.0,0.0,0.0,0.0,0.0625,0.0,0.0,0.0,0.0,0.0,0.0,0.0,0.0,0.0,0.0,0.0,0.0,0.0,0.0,0.0,0.0,0.0,0.0,0.0,0.0,0.0,0.0,0.0,0.11205918,0.0,0.73333335,0.108397804,48.0,3.8918202,2.082698,6.2732553,13.020833
AraCyc::GLUCOSE1PMETAB-PWY,1,0.0,0.07692308,0.0,0.0,0.61538464,0.15384616,0.23076923,0.53846157,0.30769232,0.0,0.0,0.0,0.0,0.0,0.0,0.0,0.15384616,0.0,0.0,0.0,0.0,0.0,0.0,0.0,0.0,0.0,0.0,0.0,0.9230769,0.0,0.0,0.07692308,0.0,0.0,0.0,0.0,0.07692308,0.0,0.0,0.0,0.0,0.0,0.0,0.0,0.0,0.0,0.0,0.0,0.0,0.0,0.0,0.0,0.0,0.0,0.0,0.0,0.0,0.0,0.0,0.0,0.23316611,0.0,0.75,0.21962701,13.0,2.6390574,1.9650508,6.0304947,11.692307
AraCyc::GLUTAMINDEG-PWY,1,0.0,0.028571429,0.0,0.0,0.62857145,0.114285715,0.34285715,0.028571429,0.37142858,0.0,0.0,0.0,0.0,0.0,0.0,0.0,0.114285715,0.028571429,0.0,0.0,0.028571429,0.028571429,0.0,0.0,0.0,0.0,0.0,0.0,0.0,0.0,0.0,0.0,0.0,0.0,0.0,0.0,0.0,0.0,0.0,0.0,0.057142857,0.0,0.0,0.0,0.0,0.0,0.0,0.0,0.0,0.0,0.0,0.0,0.0,0.0,0.0,0.0,0.0,0.0,0.0,0.0,0.11704712,0.0,1.0,0.20644712,35.0,3.583519,1.8103155,4.1923156,7.285714
AraCyc::GLUTORN-PWY,1,0.0,0.0,0.0,0.0,0.8,0.3,0.5,0.1,0.3,0.0,0.1,0.0,0.0,0.0,0.0,0.0,0.0,0.0,0.0,0.0,0.0,0.0,0.0,0.0,0.0,0.0,0.0,0.0,0.0,0.0,0.0,0.0,0.0,0.0,0.0,0.0,0.0,0.0,0.0,0.0,0.0,0.0,0.0,0.0,0.0,0.0,0.0,0.0,0.0,0.0,0.0,0.0,0.0,0.0,0.0,0.0,0.0,0.0,0.0,0.0,0.14416422,0.0,0.85714287,0.15878135,10.0,2.3978953,1.555266,3.6345563,7.3
AraCyc::GLYCLEAV-PWY,1,0.0,0.0,0.0,0.0,0.6,0.1,0.0,0.3,0.7,0.0,0.0,0.0,0.0,0.0,0.0,0.0,0.0,0.0,0.0,0.0,0.0,0.0,0.0,0.0,0.0,0.0,0.0,0.0,0.0,0.0,0.0,0.0,0.0,0.0,0.0,0.0,0.0,0.0,0.0,0.0,0.0,0.0,0.0,0.0,0.0,0.0,0.0,0.0,0.0,0.0,0.0,0.0,0.0,0.0,0.0,0.0,0.0,0.0,0.0,0.0,0.1702303,0.0,0.72727275,0.16909452,10.0,2.3978953,1.2056985,4.1904655,9.8
AraCyc::GLYCOLYSIS,1,0.018181818,0.0,0.0,0.0,0.5272727,0.14545454,0.6363636,0.12727273,0.5272727,0.0,0.0,0.0,0.0,0.0,0.054545455,0.0,0.054545455,0.036363635,0.0,0.0,0.018181818,0.0,0.0,0.0,0.0,0.0,0.0,0.0,0.2,0.0,0.0,0.0,0.0,0.0,0.0,0.018181818,0.036363635,0.0,0.0,0.0,0.0,0.0,0.0,0.0,0.0,0.0,0.0,0.0,0.0,0.0,0.0,0.0,0.0,0.0,0.0,0.0,0.0,0.0,0.0,0.0,0.11067708,0.0,0.73333335,0.12213437,55.0,4.0253515,1.9605421,5.932513,10.527273
AraCyc::GLYOXYLATE-BYPASS,1,0.0,0.04761905,0.0,0.0,0.42857143,0.1904762,0.47619048,0.0952381,0.61904764,0.0,0.0,0.0,0.0,0.0,0.0,0.0,0.0952381,0.0,0.0,0.0,0.0,0.04761905,0.0,0.0,0.0,0.0,0.0,0.0,0.0,0.0,0.0,0.0,0.0,0.0,0.0,0.0,0.04761905,0.0,0.0,0.0,0.0,0.0,0.0,0.0,0.0,0.0,0.0,0.0,0.0,0.0,0.0,0.0,0.0,0.0,0.0,0.0,0.0,0.0,0.0,0.0,0.19641872,0.0,1.0,0.1860883,21.0,3.0910425,1.7969453,6.2651176,11.285714
AraCyc::GLYSYN-ALA-PWY,1,0.0,0.0,0.0,0.0,0.8,0.2,0.6,0.0,0.4,0.0,0.0,0.0,0.0,0.0,0.0,0.0,0.0,0.0,0.0,0.0,0.0,0.0,0.0,0.0,0.0,0.0,0.0,0.0,0.0,0.0,0.0,0.0,0.0,0.0,0.0,0.0,0.0,0.0,0.0,0.0,0.0,0.0,0.0,0.0,0.0,0.0,0.0,0.0,0.0,0.0,0.0,0.0,0.0,0.0,0.0,0.0,0.0,0.0,0.0,0.0,0.32494986,0.15789473,0.6666667,0.16172487,5.0,1.7917595,1.2798548,4.8,9.4
AraCyc::GLYSYN-PWY,1,0.0,0.0,0.0,0.0,0.5714286,0.2857143,0.85714287,0.0,0.5714286,0.0,0.0,0.0,0.0,0.0,0.0,0.0,0.0,0.0,0.0,0.0,0.0,0.0,0.0,0.0,0.0,0.0,0.0,0.0,0.0,0.0,0.0,0.0,0.0,0.0,0.0,0.0,0.14285715,0.0,0.0,0.0,0.0,0.0,0.0,0.0,0.0,0.0,0.0,0.0,0.0,0.0,0.0,0.0,0.0,0.0,0.0,0.0,0.0,0.0,0.0,0.0,0.3679492,0.20689656,0.7,0.12815547,7.0,2.0794415,1.4669076,5.591539,11.857142
AraCyc::GLYSYN2-PWY,1,0.0,0.0,0.0,0.0,0.54545456,0.18181819,0.8181818,0.0,0.6363636,0.0,0.0,0.0,0.0,0.0,0.0,0.0,0.0,0.0,0.0,0.0,0.0,0.0,0.0,0.0,0.0,0.0,0.0,0.0,0.0,0.0,0.0,0.0,0.0,0.0,0.0,0.0,0.09090909,0.0,0.0,0.0,0.0,0.0,0.0,0.0,0.0,0.0,0.0,0.0,0.0,0.0,0.0,0.0,0.0,0.0,0.0,0.0,0.0,0.0,0.0,0.0,0.22957921,0.0,0.7,0.17176543,11.0,2.4849067,1.3975466,5.2460136,11.454545
AraCyc::HEME-BIOSYNTHESIS-II,1,0.0,0.0,0.0,0.0,1.0,0.11111111,0.11111111,0.0,0.33333334,0.0,0.0,0.0,0.0,0.0,0.0,0.0,0.0,0.0,0.0,0.0,0.0,0.22222222,0.0,0.0,0.0,0.0,0.0,0.0,0.0,0.0,0.0,0.0,0.0,0.0,0.0,0.0,0.0,0.0,0.0,0.0,0.0,0.0,0.0,0.0,0.0,0.0,0.0,0.0,0.0,0.0,0.0,0.0,0.0,0.11111111,0.0,0.0,0.0,0.0,0.0,0.0,0.23465475,0.045454547,0.54545456,0.15989237,9.0,2.3025851,1.394558,1.4229165,9.444445
AraCyc::HISTSYN-PWY,1,0.0,0.0,0.0,0.0,1.0,0.0,0.45454547,0.0,0.18181819,0.0,0.0,0.0,0.0,0.0,0.0,0.0,0.0,0.0,0.0,0.0,0.0,0.0,0.0,0.0,0.0,0.0,0.0,0.0,0.0,0.0,0.0,0.0,0.0,0.0,0.0,0.0,0.0,0.0,0.0,0.0,0.0,0.0,0.0,0.0,0.0,0.0,0.0,0.0,0.0,0.0,0.0,0.0,0.0,0.0,0.0,0.0,0.0,0.0,0.0,0.0,0.3119286,0.10526316,1.0,0.1761162,11.0,2.4849067,0.9009096,2.5936987,6.0
AraCyc::HOMOSERSYN-PWY,1,0.0,0.0,0.0,0.0,1.0,0.0,0.0,0.0,0.33333334,0.0,0.0,0.0,0.0,0.0,0.0,0.0,0.0,0.0,0.0,0.0,0.0,0.0,0.0,0.0,0.0,0.0,0.0,0.0,0.0,0.0,0.0,0.0,0.0,0.0,0.0,0.0,0.0,0.0,0.0,0.0,0.0,0.0,0.0,0.0,0.0,0.0,0.0,0.0,0.0,0.0,0.0,0.0,0.0,0.0,0.0,0.0,0.0,0.0,0.0,0.0,0.54433566,0.26666668,0.9285714,0.22108641,6.0,1.9459101,0.5623361,3.1313825,9.166667
AraCyc::ILE-VAL-PWY,1,0.0,0.0,0.0,0.0,1.0,0.2857143,0.5714286,0.0,0.42857143,0.0,0.0,0.0,0.0,0.0,0.0,0.0,0.0,0.0,0.0,0.0,0.0,0.0,0.0,0.0,0.0,0.0,0.0,0.0,0.0,0.0,0.0,0.0,0.0,0.0,0.0,0.0,0.0,0.0,0.0,0.0,0.0,0.0,0.0,0.0,0.0,0.0,0.0,0.0,0.0,0.0,0.0,0.0,0.0,0.0,0.0,0.0,0.0,0.0,0.0,0.0,0.30672833,0.07692308,0.8333333,0.23411374,7.0,2.0794415,1.2820468,1.9166297,12.428572
AraCyc::ILEUDEG-PWY,1,0.0,0.0,0.0,0.0,1.0,0.33333334,0.7777778,0.0,0.22222222,0.0,0.0,0.0,0.0,0.0,0.0,0.0,0.0,0.0,0.0,0.0,0.0,0.0,0.0,0.0,0.0,0.0,0.0,0.0,0.0,0.0,0.0,0.0,0.0,0.0,0.0,0.0,0.0,0.0,0.0,0.0,0.0,0.0,0.0,0.0,0.0,0.0,0.0,0.0,0.0,0.0,0.0,0.0,0.0,0.0,0.0,0.0,0.0,0.0,0.0,0.0,0.27705434,0.035714287,0.8333333,0.23678677,9.0,2.3025851,1.23126,3.4138424,10.888889
AraCyc::ILEUSYN-PWY,1,0.0,0.0,0.0,0.0,1.0,0.33333334,0.6666667,0.0,0.33333334,0.0,0.0,0.0,0.0,0.0,0.0,0.0,0.0,0.0,0.0,0.0,0.0,0.0,0.0,0.0,0.0,0.0,0.0,0.0,0.0,0.0,0.0,0.0,0.0,0.0,0.0,0.0,0.0,0.0,0.0,0.0,0.0,0.0,0.0,0.0,0.0,0.0,0.0,0.0,0.0,0.0,0.0,0.0,0.0,0.0,0.0,0.0,0.0,0.0,0.0,0.0,0.36379528,0.083333336,0.8333333,0.25015432,6.0,1.9459101,1.2770348,1.3437096,11.833333
AraCyc::LEU-DEG2-PWY,1,0.0,0.0,0.0,0.0,0.6923077,0.23076923,0.61538464,0.07692308,0.3846154,0.0,0.0,0.0,0.0,0.0,0.0,0.0,0.0,0.0,0.0,0.0,0.0,0.07692308,0.0,0.0,0.0,0.0,0.0,0.0,0.0,0.0,0.07692308,0.0,0.0,0.0,0.0,0.0,0.0,0.0,0.0,0.0,0.0,0.0,0.0,0.0,0.0,0.0,0.0,0.0,0.0,0.0,0.0,0.0,0.0,0.0,0.0,0.0,0.0,0.0,0.0,0.0,0.21447328,0.0,0.8333333,0.21666597,13.0,2.6390574,1.6267201,6.684788,10.923077
AraCyc::LEUSYN-PWY,1,0.0,0.0,0.0,0.0,0.8333333,0.11111111,0.44444445,0.0,0.33333334,0.0,0.0,0.0,0.0,0.0,0.0,0.0,0.0,0.0,0.0,0.0,0.0,0.055555556,0.0,0.0,0.0,0.0,0.0,0.0,0.0,0.0,0.055555556,0.0,0.0,0.0,0.0,0.0,0.0,0.0,0.0,0.0,0.0,0.0,0.0,0.0,0.0,0.0,0.0,0.0,0.0,0.0,0.0,0.0,0.0,0.0,0.0,0.0,0.0,0.0,0.0,0.0,0.17021723,0.0,1.0,0.19342382,18.0,2.944439,1.3936858,6.385748,10.0
AraCyc::LIPAS-PWY,1,0.0,0.045454547,0.0,0.0,0.38636363,0.09090909,0.25,0.0,0.0,0.0,0.0,0.0,0.0,0.0,0.0,0.0,0.06818182,0.06818182,0.0,0.0,0.0,0.0,0.0,0.0,0.0,0.0,0.0,0.0,0.0,0.0,0.0,0.0,0.0,0.0,0.0,0.0,0.0,0.0,0.0,0.0,0.0,0.0,0.0,0.0,0.0,0.0,0.0,0.0,0.0,0.0,0.0,0.0,0.0,0.0,0.0,0.0,0.0,0.0,0.0,0.0,0.15021284,0.0,1.0,0.18894936,44.0,3.8066626,1.4872651,3.1478708,5.0
AraCyc::LIPASYN-PWY,1,0.0,0.118644066,0.0,0.0,0.3220339,0.050847456,0.18644068,0.0,0.13559322,0.0,0.0,0.0,0.118644066,0.0,0.0,0.0,0.050847456,0.033898305,0.0,0.0,0.0,0.0,0.0,0.0,0.0,0.0,0.0,0.0,0.0,0.0,0.0,0.0,0.0,0.0,0.0,0.0,0.0,0.0,0.0,0.0,0.0,0.0,0.0,0.0,0.0,0.016949153,0.0,0.0,0.0,0.0,0.0,0.0,0.0,0.0,0.0,0.0,0.0,0.0,0.0,0.0,0.14202371,0.0,0.85714287,0.16754492,59.0,4.0943446,1.9112449,3.6700296,7.237288
AraCyc::LYSINE-DEG2-PWY,1,0.0,0.0,0.0,0.0,0.4,0.0,0.8,0.0,0.4,0.0,0.0,0.0,0.0,0.0,0.0,0.0,0.0,0.0,0.0,0.0,0.0,0.0,0.0,0.0,0.0,0.0,0.0,0.0,0.0,0.0,0.0,0.0,0.0,0.0,0.0,0.0,0.0,0.0,0.0,0.0,0.0,0.0,0.0,0.0,0.0,0.0,0.0,0.0,0.0,0.0,0.0,0.0,0.0,0.0,0.0,0.0,0.0,0.0,0.0,0.0,0.12641062,0.055555556,0.5,0.1265858,5.0,1.7917595,1.0397215,4.6647615,9.8
AraCyc::MANNOSYL-CHITO-DOLICHOL-BIOSYNTHESIS,1,0.0,0.21428572,0.0,0.0,0.071428575,0.0,0.0,0.0,0.0,0.0,0.0,0.0,0.0,0.0,0.0,0.0,0.0,0.071428575,0.0,0.0,0.0,0.071428575,0.0,0.0,0.0,0.0,0.0,0.0,0.0,0.0,0.0,0.0,0.0,0.0,0.0,0.0,0.0,0.0,0.0,0.0,0.0,0.0,0.0,0.0,0.0,0.0,0.0,0.0,0.0,0.0,0.0,0.0,0.0,0.0,0.0,0.0,0.0,0.0,0.0,0.0,0.1517027,0.0,0.5714286,0.1026017,14.0,2.7080503,1.2424558,2.6572964,6.285714
AraCyc::METHIONINE-DEG1-PWY,1,0.0,0.0,0.0,0.0,0.0,0.6,1.0,0.6,1.0,0.0,0.0,0.0,0.0,0.0,0.0,0.0,0.0,0.0,0.0,0.0,0.0,0.2,0.0,0.0,0.0,0.0,0.0,0.0,0.0,0.0,0.0,0.0,0.0,0.0,0.0,0.0,0.0,0.0,0.0,0.0,0.0,0.0,0.0,0.0,0.0,0.0,0.0,0.0,0.0,0.0,0.0,0.0,0.0,0.0,0.0,0.0,0.0,0.0,0.0,0.0,0.29748917,0.14285715,0.5714286,0.13699046,5.0,1.7917595,1.49874,3.1241,10.8
AraCyc::NAGLIPASYN-PWY,1,0.0,0.0,0.0,0.0,0.8888889,0.0,0.33333334,0.11111111,0.0,0.0,0.0,0.0,0.0,0.0,0.0,0.0,0.0,0.0,0.0,0.0,0.0,0.0,0.0,0.0,0.0,0.0,0.0,0.0,0.0,0.0,0.0,0.0,0.0,0.0,0.0,0.0,0.0,0.0,0.0,0.0,0.0,0.0,0.0,0.0,0.0,0.0,0.0,0.0,0.0,0.0,0.0,0.0,0.0,0.0,0.0,0.0,0.0,0.0,0.0,0.0,0.5550485,0.22222222,1.0,0.23092423,9.0,2.3025851,0.8239601,1.0540925,5.6666665
AraCyc::NONMEVIPP-PWY,1,0.0,0.0,0.0,0.0,0.9,0.1,0.2,0.1,0.2,0.0,0.0,0.0,0.0,0.0,0.0,0.0,0.1,0.0,0.0,0.0,0.0,0.0,0.0,0.0,0.0,0.0,0.0,0.0,0.0,0.0,0.0,0.0,0.0,0.0,0.0,0.0,0.0,0.0,0.0,0.0,0.0,0.0,0.0,0.0,0.0,0.0,0.0,0.0,0.0,0.0,0.0,0.0,0.0,0.0,0.0,0.0,0.0,0.0,0.0,0.0,0.22455384,0.0,1.0,0.19757777,10.0,2.3978953,1.3633639,1.9595917,6.4
AraCyc::NONOXIPENT-PWY,1,0.0,0.0,0.0,0.0,0.8333333,0.0,0.6666667,0.0,0.41666666,0.0,0.0,0.0,0.0,0.0,0.0,0.0,0.0,0.0,0.0,0.0,0.0,0.0,0.0,0.0,0.0,0.0,0.0,0.0,0.5,0.0,0.0,0.0,0.0,0.0,0.0,0.0,0.083333336,0.0,0.0,0.0,0.0,0.0,0.0,0.0,0.0,0.0,0.0,0.0,0.0,0.0,0.0,0.0,0.0,0.0,0.0,0.0,0.0,0.0,0.0,0.0,0.23626953,0.0,0.8333333,0.1652373,12.0,2.5649493,1.4525602,3.1358147,8.0
AraCyc::OXIDATIVEPENT-PWY,1,0.0,0.0,0.0,0.0,0.64285713,0.42857143,0.71428573,0.0,0.71428573,0.0,0.0,0.0,0.0,0.0,0.0,0.0,0.0,0.0,0.0,0.0,0.0,0.0,0.0,0.0,0.0,0.0,0.0,0.0,0.35714287,0.0,0.0,0.0,0.0,0.0,0.0,0.0,0.0,0.0,0.0,0.0,0.0,0.0,0.0,0.0,0.0,0.0,0.0,0.0,0.0,0.0,0.0,0.0,0.0,0.0,0.0,0.0,0.0,0.0,0.0,0.0,0.3368339,0.0,0.9,0.239383,14.0,2.7080503,1.5732682,3.5376978,9.357142
AraCyc::PANTO-PWY,1,0.0,0.0,0.0,0.0,0.22222222,0.11111111,0.6666667,0.5555556,0.33333334,0.0,0.0,0.0,0.0,0.0,0.0,0.0,0.0,0.0,0.0,0.0,0.0,0.11111111,0.0,0.0,0.0,0.0,0.0,0.0,0.0,0.0,0.0,0.0,0.0,0.0,0.0,0.0,0.0,0.0,0.0,0.0,0.0,0.0,0.0,0.0,0.0,0.0,0.0,0.0,0.0,0.0,0.0,0.0,0.0,0.0,0.0,0.0,0.0,0.0,0.0,0.0,0.23798601,0.0,0.8,0.2573554,9.0,2.3025851,1.5859346,0.94280905,4.6666665
AraCyc::PENTOSE-P-PWY,1,0.0,0.0,0.0,0.0,0.7307692,0.23076923,0.6923077,0.0,0.5769231,0.0,0.0,0.0,0.0,0.0,0.0,0.0,0.0,0.0,0.0,0.0,0.0,0.0,0.0,0.0,0.0,0.0,0.0,0.0,0.42307693,0.0,0.0,0.0,0.0,0.0,0.0,0.0,0.03846154,0.0,0.0,0.0,0.0,0.0,0.0,0.0,0.0,0.0,0.0,0.0,0.0,0.0,0.0,0.0,0.0,0.0,0.0,0.0,0.0,0.0,0.0,0.0,0.21876685,0.0,0.7777778,0.14978552,26.0,3.295837,1.5953643,3.425669,8.730769
AraCyc::PHOTOALL-PWY,1,0.0,0.056603774,0.0,0.0,0.8490566,0.26415095,0.3018868,0.0,0.41509435,0.018867925,0.0,0.0,0.0,0.0,0.056603774,0.0,0.03773585,0.018867925,0.0,0.0,0.0,0.0,0.0,0.0,0.0,0.0,0.0,0.0,0.2264151,0.0,0.0,0.0,0.0,0.0,0.0,0.0,0.056603774,0.0,0.0,0.0,0.0,0.0,0.0,0.0,0.0,0.0,0.0,0.0,0.0,0.0,0.0,0.0,0.0,0.0,0.0,0.0,0.0,0.0,0.0,0.0,0.085272655,0.0,0.7692308,0.10609752,53.0,3.988984,1.8392375,5.147106,11.18868
AraCyc::POLYAMINSYN3-PWY,1,0.0,0.0,0.0,0.0,0.33333334,0.5,0.16666667,0.0,0.5,0.0,0.0,0.0,0.0,0.0,0.0,0.0,0.0,0.083333336,0.0,0.0,0.0,0.0,0.0,0.0,0.0,0.0,0.0,0.0,0.0,0.0,0.0,0.0,0.0,0.0,0.0,0.0,0.0,0.0,0.0,0.0,0.0,0.0,0.0,0.0,0.0,0.0,0.0,0.0,0.0,0.0,0.0,0.0,0.0,0.0,0.0,0.0,0.0,0.0,0.0,0.0,0.1727562,0.0,0.8333333,0.20382828,12.0,2.5649493,1.4479878,4.609019,9.583333
AraCyc::PWY-1001,1,0.0,0.962963,0.0,0.0,0.037037037,0.25925925,0.14814815,0.0,0.0,0.0,0.0,0.0,0.0,0.0,0.0,0.0,0.0,0.0,0.0,0.0,0.0,0.0,0.0,0.0,0.0,0.0,0.0,0.0,0.0,0.0,0.0,0.0,0.0,0.0,0.0,0.0,0.0,0.0,0.0,0.0,0.037037037,0.0,0.0,0.0,0.0,0.0,0.0,0.0,0.0,0.0,0.0,0.0,0.0,0.0,0.0,0.0,0.0,0.0,0.0,0.0,0.4546061,0.0,1.0,0.2711567,27.0,3.3322046,1.0000482,3.4999511,8.481482
AraCyc::PWY-101,1,0.0,0.16666667,0.0,0.0,1.0,0.3888889,0.055555556,0.0,0.33333334,0.055555556,0.0,0.0,0.0,0.0,0.0,0.0,0.0,0.0,0.0,0.0,0.0,0.0,0.0,0.0,0.0,0.0,0.0,0.0,0.0,0.0,0.0,0.0,0.0,0.0,0.0,0.0,0.0,0.0,0.0,0.0,0.0,0.0,0.0,0.0,0.0,0.0,0.0,0.0,0.0,0.0,0.0,0.0,0.0,0.0,0.0,0.0,0.0,0.0,0.0,0.0,0.21012567,0.04347826,1.0,0.16150907,18.0,2.944439,1.3697846,4.938198,12.055555
AraCyc::PWY-102,1,0.0,0.0,0.0,0.0,0.25,0.0625,0.75,0.0,0.0,0.0,0.0,0.0,0.0,0.0,0.0,0.0,0.0625,0.0625,0.0,0.0,0.0,0.0,0.0,0.0,0.0,0.0,0.0,0.0,0.0,0.0,0.0,0.0,0.0,0.0,0.0,0.0,0.0,0.0,0.0,0.0,0.0,0.0,0.0,0.0,0.0625,0.0,0.0,0.0,0.0,0.0,0.0,0.0,0.0,0.0,0.0,0.0,0.0,0.0,0.0,0.0,0.205682,0.0,1.0,0.20650348,16.0,2.8332133,1.2275304,1.8328598,4.375
AraCyc::PWY-1042,1,0.02,0.0,0.0,0.0,0.48,0.18,0.76,0.22,0.54,0.0,0.0,0.0,0.0,0.0,0.06,0.0,0.06,0.04,0.0,0.0,0.02,0.02,0.0,0.0,0.0,0.0,0.0,0.0,0.14,0.0,0.0,0.0,0.0,0.0,0.0,0.0,0.02,0.0,0.0,0.0,0.0,0.0,0.0,0.0,0.0,0.0,0.0,0.0,0.0,0.0,0.0,0.0,0.0,0.0,0.0,0.0,0.0,0.0,0.0,0.0,0.13632698,0.0,0.73333335,0.13945718,50.0,3.9318256,1.9517152,5.8166656,10.92
AraCyc::PWY-1061,1,0.0,0.0,0.0,0.0,0.23076923,0.03846154,0.0,0.0,0.0,0.0,0.0,0.0,0.0,0.0,0.0,0.0,0.0,0.03846154,0.0,0.0,0.0,0.0,0.0,0.0,0.0,0.0,0.0,0.0,0.0,0.0,0.0,0.0,0.0,0.0,0.0,0.0,0.0,0.0,0.0,0.0,0.0,0.0,0.0,0.0,0.0,0.0,0.0,0.0,0.0,0.0,0.0,0.0,0.0,0.0,0.0,0.0,0.0,0.0,0.0,0.0,0.3851514,0.0,1.0,0.22512996,26.0,3.295837,0.7356256,2.8318245,7.5
AraCyc::PWY-112,1,0.0,0.0,0.0,0.0,0.16666667,0.0,0.0,0.0,0.0,0.0,0.0,0.0,0.0,0.0,0.0,0.0,0.0,0.0,0.0,0.0,0.0,0.0,0.0,0.0,0.0,0.0,0.0,0.0,0.0,0.0,0.0,0.0,0.0,0.0,0.0,0.0,0.0,0.0,0.0,0.0,0.0,0.0,0.0,0.0,0.0,0.0,0.0,0.0,0.0,0.0,0.0,0.0,0.0,0.0,0.0,0.0,0.0,0.0,0.0,0.0,0.4931746,0.3,0.75,0.1263537,6.0,1.9459101,7.0556907e-06,0.74535596,6.3333335
AraCyc::PWY-1121,1,0.0,0.22033899,0.0,0.0,0.30508474,0.15254237,0.18644068,0.0,0.27118644,0.0,0.0,0.0,0.0,0.0,0.0,0.0,0.10169491,0.118644066,0.23728813,0.0,0.016949153,0.0,0.0,0.0,0.0,0.0,0.0,0.0,0.0,0.0,0.0,0.0,0.0,0.0,0.0,0.0,0.0,0.0,0.0,0.0,0.0,0.0,0.0,0.0,0.0,0.0,0.0,0.0,0.0,0.0,0.0,0.0,0.0,0.0,0.0,0.0,0.0,0.0,0.0,0.0,0.07536274,0.0,0.8181818,0.15220602,59.0,4.0943446,2.0570033,4.752356,8.305085
AraCyc::PWY-1187,1,0.0,0.03125,0.0,0.0,0.03125,0.03125,0.375,0.0,0.25,0.0,0.0,0.0,0.0,0.0,0.0,0.0,0.1875,0.03125,0.0625,0.0,0.03125,0.0,0.0,0.0,0.0,0.0,0.0,0.0,0.0,0.0,0.0,0.0,0.0,0.0,0.0,0.0,0.0,0.0,0.15625,0.0,0.03125,0.0,0.0,0.0,0.0,0.0,0.15625,0.0,0.0,0.0,0.0,0.0,0.09375,0.0,0.0,0.0,0.0,0.0,0.0,0.0,0.34332162,0.05263158,1.0,0.21708396,32.0,3.4965076,2.1909678,3.2940228,7.34375
AraCyc::PWY-1722,1,0.0,0.0,0.0,0.0,0.85714287,0.0,0.5714286,0.42857143,0.2857143,0.0,0.0,0.0,0.0,0.0,0.0,0.0,0.2857143,0.0,0.0,0.0,0.0,0.0,0.0,0.0,0.0,0.0,0.0,0.0,0.0,0.0,0.0,0.0,0.0,0.0,0.0,0.0,0.0,0.0,0.0,0.0,0.0,0.0,0.0,0.0,0.0,0.0,0.0,0.0,0.0,0.0,0.0,0.0,0.0,0.0,0.0,0.0,0.0,0.0,0.0,0.0,0.3028394,0.0,0.8,0.23247126,7.0,2.0794415,1.517675,3.60272,7.142857
AraCyc::PWY-1741,1,0.0,0.0,0.0,0.0,0.8,0.2,0.0,0.0,0.2,0.0,0.0,0.0,0.0,0.0,0.0,0.0,0.2,0.0,0.0,0.0,0.0,0.0,0.0,0.0,0.0,0.0,0.0,0.0,0.0,0.0,0.0,0.0,0.0,0.0,0.0,0.0,0.0,0.0,0.0,0.0,0.0,0.0,0.0,0.0,0.0,0.0,0.0,0.0,0.0,0.0,0.0,0.0,0.0,0.0,0.0,0.0,0.0,0.0,0.0,0.0,0.21669997,0.0,0.5714286,0.1998347,5.0,1.7917595,1.1537428,2.6532998,6.4
AraCyc::PWY-1782,1,0.0,0.0,0.0,0.0,0.23529412,0.05882353,0.11764706,0.0,0.11764706,0.0,0.0,0.0,0.0,0.0,0.0,0.0,0.1764706,0.0,0.0,0.0,0.0,0.0,0.0,0.0,0.0,0.0,0.0,0.0,0.0,0.0,0.0,0.0,0.0,0.0,0.0,0.0,0.0,0.0,0.0,0.0,0.0,0.0,0.0,0.0,0.0,0.0,0.0,0.0,0.0,0.0,0.0,0.0,0.0,0.0,0.0,0.0,0.0,0.0,0.0,0.0,0.15216115,0.0,1.0,0.22542402,17.0,2.8903718,1.517108,2.5328295,4.2352943
AraCyc::PWY-181,1,0.0,0.0,0.0,0.0,0.6956522,0.13043478,0.5652174,0.04347826,0.65217394,0.0,0.0,0.0,0.0,0.0,0.0,0.04347826,0.08695652,0.0,0.0,0.0,0.0,0.0,0.0,0.0,0.0,0.0,0.0,0.0,0.0,0.0,0.0,0.0,0.0,0.0,0.0,0.0,0.04347826,0.0,0.0,0.0,0.0,0.0,0.0,0.0,0.0,0.0,0.0,0.0,0.0,0.0,0.0,0.0,0.0,0.0,0.0,0.0,0.0,0.0,0.0,0.0,0.16307688,0.0,0.7777778,0.14216787,23.0,3.1780539,1.5856934,4.742121,10.347826
AraCyc::PWY-2021,1,0.0,0.0,0.0,0.0,0.0,0.0,0.16666667,0.0,0.083333336,0.0,0.0,0.0,0.0,0.0,0.0,0.0,0.16666667,0.0,0.0,0.0,0.0,0.0,0.0,0.0,0.0,0.0,0.0,0.0,0.0,0.0,0.0,0.0,0.0,0.0,0.0,0.0,0.0,0.0,0.0,0.0,0.0,0.0,0.0,0.0,0.0,0.0,0.0,0.0,0.0,0.0,0.0,0.0,0.0,0.0,0.0,0.0,0.0,0.0,0.0,0.0,0.30104017,0.0,1.0,0.24628316,12.0,2.5649493,1.0549228,1.8408935,3.3333333
AraCyc::PWY-2161,1,0.0,0.0,0.0,0.0,0.5714286,0.14285715,0.71428573,0.5,0.42857143,0.0,0.0,0.0,0.0,0.0,0.0,0.0,0.14285715,0.0,0.0,0.0,0.0,0.071428575,0.0,0.0,0.0,0.0,0.0,0.0,0.0,0.0,0.0,0.0,0.0,0.0,0.0,0.0,0.071428575,0.0,0.0,0.0,0.0,0.0,0.0,0.0,0.0,0.0,0.0,0.0,0.0,0.0,0.0,0.0,0.0,0.0,0.0,0.0,0.0,0.0,0.0,0.0,0.17547546,0.0,0.8,0.17622305,14.0,2.7080503,1.8053535,4.945107,10.785714
AraCyc::PWY-2181,1,0.0,0.5555556,0.0,0.0,0.22222222,0.22222222,0.11111111,0.0,0.5555556,0.0,0.0,0.0,0.0,0.0,0.0,0.0,0.11111111,0.11111111,0.5555556,0.0,0.0,0.0,0.0,0.0,0.0,0.0,0.0,0.0,0.0,0.0,0.0,0.0,0.0,0.0,0.0,0.0,0.0,0.0,0.0,0.0,0.0,0.0,0.0,0.0,0.0,0.0,0.0,0.0,0.0,0.0,0.0,0.0,0.0,0.0,0.0,0.0,0.0,0.0,0.0,0.0,0.15365897,0.0,0.8,0.19038707,9.0,2.3025851,1.8676721,6.073622,11.0
AraCyc::PWY-2261,1,0.0,0.06666667,0.0,0.0,0.73333335,0.26666668,0.53333336,0.0,0.53333336,0.0,0.0,0.0,0.0,0.0,0.0,0.0,0.0,0.0,0.0,0.0,0.06666667,0.06666667,0.0,0.0,0.0,0.0,0.0,0.0,0.0,0.0,0.0,0.0,0.0,0.0,0.06666667,0.0,0.0,0.0,0.0,0.8,0.0,0.0,0.0,0.0,0.0,0.0,0.0,0.0,0.0,0.0,0.0,0.0,0.0,0.0,0.0,0.0,0.0,0.0,0.0,0.0,0.19144726,0.0,0.72727275,0.18424082,15.0,2.7725887,1.8286166,6.191033,12.733334
AraCyc::PWY-2301,1,0.0,0.0,0.0,0.0,0.33333334,0.33333334,0.8333333,0.0,0.33333334,0.0,0.0,0.0,0.0,0.0,0.0,0.0,0.0,0.0,0.0,0.0,0.0,0.5,0.0,0.0,0.0,0.0,0.0,0.0,0.0,0.0,0.0,0.0,0.0,0.0,0.0,0.0,0.0,0.0,0.0,0.0,0.0,0.0,0.0,0.0,0.0,0.0,0.0,0.0,0.0,0.0,0.0,0.0,0.0,0.0,0.0,0.0,0.0,0.0,0.0,0.0,0.2258468,0.05882353,0.45454547,0.14316365,6.0,1.9459101,1.5317786,2.5440562,8.833333
AraCyc::PWY-2463,1,0.0,0.6666667,0.0,0.0,0.22222222,0.0,0.22222222,0.0,0.0,0.0,0.0,0.0,0.0,0.0,0.0,0.0,0.11111111,0.11111111,0.6666667,0.0,0.0,0.0,0.0,0.0,0.0,0.0,0.0,0.0,0.0,0.0,0.0,0.0,0.0,0.0,0.0,0.0,0.0,0.0,0.0,0.0,0.0,0.0,0.0,0.0,0.0,0.0,0.0,0.0,0.0,0.0,0.0,0.0,0.0,0.0,0.0,0.0,0.0,0.0,0.0,0.0,0.26828703,0.0,0.75,0.31108105,9.0,2.3025851,1.5418333,1.0304021,6.2222223
AraCyc::PWY-2541,1,0.045454547,0.59090906,0.0,0.045454547,0.0,0.22727273,0.0,0.0,0.09090909,0.0,0.0,0.0,0.0,0.0,0.0,0.0,0.0,0.09090909,0.18181819,0.0,0.0,0.13636364,0.0,0.0,0.0,0.0,0.0,0.0,0.0,0.0,0.0,0.0,0.0,0.0,0.0,0.0,0.0,0.0,0.0,0.0,0.0,0.0,0.0,0.0,0.0,0.0,0.0,0.0,0.0,0.0,0.0,0.0,0.0,0.0,0.0,0.0,0.0,0.0,0.0,0.0,0.13778102,0.0,1.0,0.17103823,22.0,3.1354942,1.7241449,2.661712,8.227273
AraCyc::PWY-2582,1,0.0,0.71428573,0.0,0.0,0.2857143,0.14285715,0.0,0.0,0.0,0.0,0.0,0.0,0.0,0.0,0.0,0.0,0.0,0.14285715,0.85714287,0.0,0.0,0.0,0.0,0.0,0.0,0.0,0.0,0.0,0.0,0.0,0.0,0.0,0.0,0.0,0.0,0.0,0.0,0.0,0.0,0.0,0.0,0.0,0.0,0.0,0.0,0.0,0.0,0.0,0.0,0.0,0.0,0.0,0.0,0.0,0.0,0.0,0.0,0.0,0.0,0.0,0.29636887,0.04761905,0.75,0.16983242,7.0,2.0794415,1.362448,2.373321,12.714286
AraCyc::PWY-2681,1,0.0,0.22222222,0.0,0.0,0.5555556,0.11111111,0.33333334,0.0,0.11111111,0.0,0.0,0.0,0.0,0.0,0.0,0.0,0.0,0.0,0.22222222,0.0,0.0,0.0,0.0,0.0,0.0,0.0,0.0,0.0,0.0,0.0,0.0,0.0,0.0,0.0,0.0,0.0,0.0,0.0,0.0,0.0,0.0,0.0,0.0,0.0,0.0,0.0,0.0,0.0,0.0,0.0,0.0,0.0,0.0,0.0,0.0,0.0,0.0,0.0,0.0,0.0,0.260582,0.0,0.75,0.23112434,9.0,2.3025851,1.6307998,1.9499921,6.5555553
AraCyc::PWY-282,1,0.0,0.0,0.0,0.0,0.14285715,0.21428572,0.0,0.0,0.0,0.0,0.0,0.14285715,0.0,0.0,0.0,0.0,0.42857143,0.071428575,0.78571427,0.0,0.0,0.0,0.0,0.0,0.0,0.0,0.0,0.0,0.0,0.0,0.0,0.0,0.0,0.0,0.0,0.0,0.0,0.0,0.0,0.0,0.0,0.0,0.0,0.0,0.0,0.0,0.0,0.0,0.0,0.0,0.0,0.0,0.0,0.0,0.0,0.0,0.0,0.0,0.0,0.0,0.38961756,0.0,1.0,0.31234807,14.0,2.7080503,1.4910432,3.4352612,8.642858
AraCyc::PWY-2821,1,0.0,0.0,0.0,0.0,0.0,0.055555556,0.6666667,0.0,0.44444445,0.0,0.0,0.0,0.0,0.0,0.0,0.0,0.11111111,0.0,0.055555556,0.0,0.055555556,0.0,0.0,0.0,0.0,0.0,0.0,0.0,0.0,0.0,0.0,0.0,0.0,0.0,0.0,0.0,0.0,0.0,0.2777778,0.0,0.055555556,0.0,0.0,0.0,0.0,0.0,0.2777778,0.0,0.0,0.0,0.0,0.0,0.16666667,0.0,0.0,0.0,0.0,0.0,0.0,0.0,0.14869887,0.0,1.0,0.20974669,18.0,2.944439,1.9396923,3.7830844,7.7222223
AraCyc::PWY-2902,1,0.04,0.04,0.0,0.0,0.36,0.04,0.0,0.0,0.12,0.0,0.0,0.0,0.0,0.0,0.0,0.0,0.16,0.16,0.0,0.0,0.04,0.0,0.0,0.0,0.0,0.0,0.0,0.0,0.0,0.04,0.0,0.0,0.0,0.0,0.0,0.0,0.0,0.0,0.0,0.0,0.0,0.0,0.0,0.0,0.0,0.0,0.0,0.0,0.0,0.0,0.0,0.0,0.0,0.0,0.0,0.0,0.0,0.0,0.0,0.0,0.23710552,0.06666667,1.0,0.15542473,25.0,3.2580965,1.8524283,2.712932,4.6
AraCyc::PWY-3001,1,0.0,0.0,0.0,0.0,0.8,0.12,0.36,0.04,0.4,0.0,0.0,0.0,0.0,0.0,0.0,0.0,0.0,0.04,0.0,0.0,0.0,0.08,0.0,0.0,0.0,0.0,0.0,0.0,0.0,0.0,0.04,0.0,0.0,0.0,0.0,0.0,0.04,0.0,0.0,0.0,0.0,0.0,0.0,0.0,0.0,0.0,0.0,0.0,0.0,0.0,0.0,0.0,0.0,0.0,0.0,0.0,0.0,0.0,0.0,0.0,0.13119584,0.0,0.9285714,0.152095,25.0,3.2580965,1.6337506,5.9711304,11.16
AraCyc::PWY-3041,1,0.0,0.0,0.0,0.0,0.875,0.125,0.375,0.0,0.125,0.0,0.0,0.0,0.0,0.0,0.0,0.0,0.0,0.0,0.0,0.0,0.0,0.0,0.0,0.0,0.0,0.0,0.0,0.0,0.0,0.0,0.0,0.0,0.0,0.0,0.0,0.0,0.0,0.0,0.0,0.0,0.0,0.0,0.0,0.0,0.0,0.0,0.0,0.0,0.0,0.0,0.0,0.0,0.0,0.0,0.0,0.0,0.0,0.0,0.875,0.0,0.34825048,0.0,1.0,0.24328615,8.0,2.1972246,1.3371458,3.3071892,11.75
AraCyc::PWY-3101,1,0.0,0.14285715,0.0,0.0,0.071428575,0.14285715,0.64285713,0.0,0.071428575,0.0,0.0,0.0,0.0,0.0,0.0,0.0,0.071428575,0.21428572,0.2857143,0.0,0.0,0.0,0.0,0.0,0.0,0.0,0.0,0.0,0.0,0.0,0.0,0.0,0.0,0.0,0.0,0.0,0.0,0.0,0.0,0.0,0.0,0.0,0.0,0.0,0.0,0.0,0.0,0.0,0.0,0.0,0.0,0.0,0.0,0.0,0.0,0.0,0.0,0.0,0.0,0.0,0.20571557,0.0,1.0,0.2886907,14.0,2.7080503,1.7707721,2.8935184,5.642857
AraCyc::PWY-321,1,0.0,0.21621622,0.0,0.0,0.35135135,0.08108108,0.10810811,0.0,0.13513513,0.0,0.0,0.0,0.0,0.0,0.0,0.0,0.10810811,0.13513513,0.24324325,0.0,0.0,0.0,0.0,0.0,0.0,0.0,0.0,0.0,0.0,0.0,0.0,0.0,0.0,0.0,0.0,0.0,0.0,0.0,0.0,0.0,0.0,0.0,0.0,0.0,0.0,0.0,0.0,0.0,0.0,0.0,0.0,0.0,0.0,0.0,0.0,0.0,0.0,0.0,0.0,0.0,0.09859502,0.0,0.8181818,0.16573662,37.0,3.637586,1.9664251,3.4886856,7.135135
AraCyc::PWY-3461,1,0.0,0.0,0.0,0.0,1.0,0.0,0.0,0.0,0.6,0.0,0.0,0.0,0.0,0.0,0.0,0.0,0.0,0.0,0.0,0.0,0.0,0.2,0.0,0.0,0.0,0.0,0.0,0.0,0.0,0.0,0.0,0.0,0.0,0.0,0.0,0.0,0.0,0.0,0.0,0.2,0.0,0.0,0.0,0.0,0.0,0.0,0.0,0.0,0.0,0.0,0.0,0.0,0.0,0.0,0.0,0.0,0.0,0.0,0.0,0.0,0.23800537,0.04761905,0.7,0.25738382,5.0,1.7917595,1.1682831,2.0591261,9.4
AraCyc::PWY-3462,1,0.0,0.0,0.0,0.0,1.0,0.0,0.0,0.0,0.4,0.0,0.0,0.0,0.0,0.0,0.0,0.0,0.0,0.0,0.0,0.0,0.0,0.1,0.0,0.0,0.0,0.0,0.0,0.0,0.0,0.0,0.0,0.0,0.0,0.0,0.0,0.0,0.1,0.0,0.0,0.1,0.0,0.0,0.0,0.0,0.0,0.0,0.0,0.0,0.0,0.0,0.0,0.0,0.0,0.0,0.0,0.0,0.0,0.0,0.0,0.0,0.34813103,0.04761905,1.0,0.3110549,10.0,2.3978953,1.1525654,2.3748684,7.6
AraCyc::PWY-3481,1,0.0,0.0,0.0,0.0,1.0,0.0,0.0,0.0,0.36363637,0.0,0.0,0.0,0.0,0.0,0.0,0.0,0.0,0.0,0.0,0.0,0.0,0.09090909,0.0,0.0,0.0,0.0,0.0,0.0,0.0,0.0,0.0,0.0,0.0,0.0,0.0,0.0,0.09090909,0.0,0.0,0.09090909,0.0,0.0,0.0,0.0,0.0,0.0,0.0,0.0,0.0,0.0,0.0,0.0,0.0,0.0,0.0,0.0,0.0,0.0,0.0,0.0,0.29897177,0.04761905,1.0,0.3002375,11.0,2.4849067,1.1169267,2.2672663,7.6363635
AraCyc::PWY-3561,1,0.0,0.72727275,0.0,0.0,0.0,0.09090909,0.54545456,0.0,0.09090909,0.0,0.0,0.0,0.0,0.0,0.0,0.0,0.0,0.09090909,0.0,0.0,0.0,0.0,0.0,0.0,0.0,0.0,0.0,0.0,0.0,0.0,0.0,0.0,0.0,0.0,0.0,0.0,0.0,0.0,0.0,0.0,0.0,0.0,0.0,0.0,0.0,0.0,0.0,0.0,0.0,0.0,0.0,0.0,0.0,0.0,0.0,0.0,0.0,0.0,0.0,0.0,0.22299455,0.04,0.8333333,0.21242324,11.0,2.4849067,1.2222676,3.3868976,9.727273
AraCyc::PWY-3742,1,0.0,0.0,0.0,0.0,0.6,0.04,0.48,0.28,0.2,0.0,0.0,0.0,0.0,0.0,0.0,0.0,0.08,0.0,0.0,0.0,0.0,0.04,0.0,0.0,0.0,0.0,0.0,0.0,0.0,0.0,0.0,0.0,0.0,0.0,0.0,0.0,0.0,0.0,0.0,0.0,0.0,0.0,0.0,0.0,0.0,0.0,0.0,0.0,0.0,0.0,0.0,0.0,0.0,0.0,0.0,0.0,0.0,0.0,0.0,0.0,0.10237741,0.0,0.8,0.1369766,25.0,3.2580965,1.5869104,3.3908112,7.32
AraCyc::PWY-3781,1,0.0,0.36842105,0.0,0.0,0.39473686,0.0,0.05263158,0.0,0.05263158,0.0,0.0,0.0,0.0,0.0,0.0,0.0,0.18421052,0.078947365,0.0,0.0,0.0,0.0,0.0,0.0,0.0,0.0,0.0,0.0,0.0,0.0,0.0,0.0,0.0,0.0,0.0,0.05263158,0.0,0.0,0.0,0.0,0.0,0.0,0.0,0.0,0.0,0.0,0.0,0.0,0.0,0.0,0.0,0.0,0.0,0.0,0.0,0.34210527,0.0,0.0,0.0,0.0,0.15121008,0.0,0.47058824,0.13100399,38.0,3.6635616,1.7847887,2.7074587,7.3421054
AraCyc::PWY-3801,1,0.0,0.028571429,0.0,0.0,0.5714286,0.114285715,0.4857143,0.17142858,0.51428574,0.0,0.0,0.0,0.0,0.0,0.0,0.0,0.028571429,0.0,0.0,0.0,0.0,0.028571429,0.0,0.0,0.0,0.0,0.0,0.0,0.34285715,0.0,0.0,0.028571429,0.0,0.0,0.0,0.0,0.028571429,0.0,0.0,0.0,0.0,0.0,0.0,0.0,0.0,0.0,0.0,0.0,0.0,0.0,0.028571429,0.0,0.0,0.0,0.0,0.0,0.0,0.0,0.0,0.0,0.14864363,0.0,0.7777778,0.19186205,35.0,3.583519,1.9342557,4.4360304,9.914286
AraCyc::PWY-3841,1,0.0,0.0,0.0,0.0,0.6666667,0.16666667,0.625,0.125,0.33333334,0.0,0.0,0.0,0.0,0.0,0.0,0.0,0.083333336,0.0,0.0,0.0,0.0,0.0,0.0,0.0,0.0,0.0,0.0,0.0,0.0,0.0,0.0,0.0,0.0,0.0,0.0,0.0,0.041666668,0.0,0.0,0.0,0.0,0.0,0.0,0.0,0.0,0.0,0.0,0.0,0.0,0.0,0.0,0.0,0.0,0.0,0.0,0.0,0.0,0.0,0.0,0.0,0.15417121,0.0,0.8,0.17961423,24.0,3.218876,1.6092695,4.768058,8.625
AraCyc::PWY-3941,1,0.0,0.0,0.0,0.0,0.9,0.1,0.0,0.0,0.2,0.0,0.0,0.0,0.0,0.0,0.0,0.0,0.2,0.0,0.0,0.0,0.0,0.0,0.0,0.0,0.0,0.0,0.0,0.0,0.0,0.0,0.0,0.0,0.0,0.0,0.0,0.0,0.0,0.0,0.0,0.0,0.0,0.0,0.0,0.0,0.0,0.0,0.0,0.0,0.0,0.0,0.0,0.0,0.0,0.0,0.0,0.0,0.0,0.0,0.0,0.0,0.2955923,0.0,1.0,0.2720399,10.0,2.3978953,1.0285146,2.4979992,4.4
AraCyc::PWY-401,1,0.0,0.0,0.0,0.0,0.8333333,0.0,0.0,0.0,0.16666667,0.0,0.0,0.0,0.0,0.0,0.0,0.0,0.0,0.0,0.0,0.0,0.0,0.16666667,0.0,0.0,0.0,0.0,0.0,0.0,0.16666667,0.0,0.0,0.0,0.0,0.0,0.0,0.0,0.0,0.0,0.0,0.0,0.0,0.0,0.0,0.0,0.0,0.0,0.0,0.0,0.0,0.0,0.0,0.0,0.0,0.0,0.0,0.0,0.0,0.0,0.0,0.0,0.25513652,0.041666668,0.8181818,0.18406089,6.0,1.9459101,1.0735438,2.3804762,12.0
AraCyc::PWY-4041,1,0.0,0.0,0.0,0.0,0.16666667,0.0,0.6666667,0.0,0.5,0.0,0.0,0.0,0.0,0.0,0.0,0.0,0.0,0.0,0.0,0.0,0.0,0.0,0.0,0.0,0.0,0.0,0.0,0.0,0.0,0.0,0.0,0.0,0.0,0.0,0.0,0.0,0.0,0.0,0.0,0.0,0.0,0.0,0.0,0.0,0.0,0.0,0.0,0.0,0.0,0.0,0.0,0.0,0.0,0.0,0.0,0.0,0.0,0.0,0.0,0.0,0.15901977,0.0,0.5714286,0.195061,6.0,1.9459101,0.97431564,6.046119,7.3333335
AraCyc::PWY-4081,1,0.0,0.0,0.0,0.0,0.54545456,0.09090909,0.45454547,0.0,0.72727275,0.0,0.0,0.0,0.0,0.0,0.0,0.0,0.09090909,0.0,0.0,0.09090909,0.09090909,0.09090909,0.0,0.0,0.0,0.0,0.0,0.0,0.0,0.0,0.0,0.0,0.0,0.0,0.0,0.0,0.0,0.0,0.0,0.90909094,0.0,0.0,0.0,0.0,0.0,0.0,0.0,0.0,0.0,0.0,0.0,0.0,0.09090909,0.0,0.0,0.0,0.0,0.0,0.0,0.0,0.24992765,0.0,0.75,0.18963847,11.0,2.4849067,1.8850875,4.285281,10.0
AraCyc::PWY-4101,1,0.0,0.055555556,0.0,0.0,0.5,0.22222222,0.6111111,0.33333334,0.44444445,0.0,0.0,0.0,0.0,0.0,0.0,0.0,0.0,0.0,0.0,0.0,0.0,0.0,0.0,0.0,0.0,0.0,0.0,0.0,0.33333334,0.0,0.0,0.055555556,0.0,0.0,0.0,0.0,0.0,0.0,0.0,0.0,0.0,0.0,0.0,0.0,0.0,0.0,0.0,0.0,0.0,0.0,0.0,0.0,0.0,0.0,0.0,0.0,0.0,0.0,0.0,0.0,0.2331882,0.0,0.85714287,0.24331981,18.0,2.944439,1.8757354,5.3229065,10.333333
AraCyc::PWY-4203,1,0.0,0.0,0.0,0.0,0.07692308,0.0,0.23076923,0.0,0.0,0.0,0.0,0.0,0.0,0.0,0.0,0.0,0.0,0.07692308,0.0,0.0,0.0,0.0,0.0,0.0,0.0,0.0,0.0,0.0,0.0,0.0,0.0,0.0,0.0,0.0,0.0,0.0,0.0,0.0,0.0,0.0,0.0,0.0,0.0,0.0,0.0,0.0,0.0,0.0,0.0,0.0,0.0,0.0,0.0,0.0,0.0,0.0,0.0,0.0,0.0,0.0,0.23370339,0.0,1.0,0.28585327,13.0,2.6390574,0.95027345,2.7043686,3.6153846
AraCyc::PWY-4221,1,0.0,0.0,0.0,0.0,0.5416667,0.083333336,0.41666666,0.25,0.20833333,0.0,0.0,0.0,0.0,0.0,0.0,0.0,0.083333336,0.0,0.0,0.0,0.0,0.041666668,0.0,0.0,0.0,0.0,0.0,0.0,0.0,0.0,0.0,0.0,0.0,0.0,0.0,0.0,0.0,0.0,0.0,0.0,0.083333336,0.0,0.0,0.0,0.0,0.0,0.0,0.0,0.0,0.0,0.0,0.0,0.0,0.0,0.0,0.0,0.0,0.0,0.0,0.0,0.14744025,0.0,1.0,0.18701744,24.0,3.218876,1.7787721,2.034426,4.8333335
AraCyc::PWY-4221ARA,1,0.0,0.0,0.0,0.0,0.26666668,0.06666667,0.6666667,0.4,0.2,0.0,0.0,0.0,0.0,0.0,0.0,0.0,0.0,0.0,0.0,0.0,0.0,0.06666667,0.0,0.0,0.0,0.0,0.0,0.0,0.0,0.0,0.0,0.0,0.0,0.0,0.0,0.0,0.0,0.0,0.0,0.0,0.13333334,0.0,0.0,0.0,0.0,0.0,0.0,0.0,0.0,0.0,0.0,0.0,0.0,0.0,0.0,0.0,0.0,0.0,0.0,0.0,0.18508281,0.0,0.8333333,0.19183868,15.0,2.7725887,1.6660702,1.5260698,5.0666666
AraCyc::PWY-4302,1,0.0,0.22857143,0.0,0.0,0.42857143,0.0,0.17142858,0.0,0.057142857,0.0,0.0,0.0,0.0,0.0,0.0,0.0,0.14285715,0.114285715,0.0,0.0,0.0,0.0,0.0,0.0,0.0,0.0,0.0,0.0,0.0,0.0,0.0,0.0,0.0,0.0,0.0,0.0,0.0,0.0,0.0,0.0,0.0,0.0,0.0,0.0,0.0,0.0,0.0,0.0,0.0,0.0,0.0,0.0,0.0,0.0,0.0,0.37142858,0.0,0.0,0.0,0.0,0.14164226,0.0,1.0,0.18739662,35.0,3.583519,1.7753899,2.7081132,7.457143
AraCyc::PWY-4321,1,0.0,0.0,0.0,0.0,0.22222222,0.0,0.11111111,0.0,0.33333334,0.0,0.0,0.0,0.0,0.0,0.0,0.0,0.11111111,0.0,0.0,0.0,0.0,0.0,0.0,0.0,0.0,0.0,0.0,0.0,0.0,0.0,0.0,0.0,0.0,0.0,0.0,0.0,0.0,0.0,0.0,0.0,0.0,0.0,0.0,0.0,0.0,0.0,0.0,0.0,0.0,0.0,0.0,0.0,0.0,0.0,0.0,0.0,0.0,0.0,0.0,0.0,0.3175026,0.0,0.875,0.31664687,9.0,2.3025851,1.2770357,1.7497796,7.2222223
AraCyc::PWY-4361,1,0.0,0.0,0.0,0.0,0.375,0.25,0.875,0.0,0.625,0.0,0.0,0.0,0.0,0.0,0.0,0.0,0.0,0.0,0.0,0.0,0.125,0.0,0.0,0.0,0.0,0.0,0.0,0.0,0.0,0.0,0.0,0.0,0.0,0.0,0.0,0.0,0.0,0.0,0.0,0.0,0.0,0.0,0.125,0.0,0.0,0.0,0.0,0.0,0.0,0.0,0.0,0.0,0.0,0.0,0.0,0.0,0.0,0.0,0.0,0.0,0.25463578,0.0,0.90909094,0.31639516,8.0,2.1972246,1.5575609,2.4874685,8.75
AraCyc::PWY-4381,1,0.0,0.0,0.0,0.0,1.0,0.5,0.0,0.0,0.16666667,0.0,0.0,0.0,0.0,0.0,0.0,0.0,0.0,0.0,0.0,0.0,0.0,0.0,0.0,0.0,0.0,0.0,0.0,0.0,0.0,0.0,0.0,0.0,0.0,0.0,0.0,0.0,0.0,0.0,0.0,0.0,0.0,0.0,0.0,0.0,0.0,0.0,0.0,0.0,0.0,0.0,0.0,0.0,0.0,0.0,0.0,0.0,0.0,0.0,0.0,0.0,0.28887907,0.15384616,1.0,0.20708618,6.0,1.9459101,0.8979465,3.2360814,7.1666665
AraCyc::PWY-4541,1,0.0,0.0,0.0,0.0,0.0,0.0,0.125,0.75,0.0,0.0,0.0,0.0,0.0,0.0,0.0,0.0,0.5,0.375,0.0,0.0,0.0,0.25,0.0,0.0,0.0,0.0,0.0,0.0,0.0,0.0,0.0,0.0,0.0,0.0,0.0,0.0,0.0,0.0,0.0,0.0,0.0,0.0,0.0,0.0,0.0,0.0,0.0,0.0,0.0,0.0,0.0,0.0,0.0,0.0,0.0,0.0,0.0,0.0,0.0,0.0,0.3355737,0.03846154,1.0,0.32755208,8.0,2.1972246,1.4614727,5.1173725,8.75
AraCyc::PWY-4562,1,0.0,0.0,0.0,0.0,0.0,0.0,0.16666667,0.8333333,0.0,0.0,0.0,0.0,0.0,0.0,0.0,0.0,0.33333334,0.25,0.0,0.0,0.0,0.16666667,0.0,0.0,0.0,0.0,0.0,0.0,0.0,0.0,0.0,0.0,0.0,0.0,0.0,0.0,0.0,0.0,0.0,0.0,0.0,0.0,0.0,0.0,0.0,0.0,0.0,0.0,0.0,0.0,0.0,0.0,0.0,0.0,0.0,0.0,0.0,0.0,0.0,0.0,0.25428975,0.0,1.0,0.26335603,12.0,2.5649493,1.3950253,4.2516336,8.916667
AraCyc::PWY-4661,1,0.0,0.0,0.0,0.0,0.0,0.14285715,0.35714287,0.71428573,0.071428575,0.0,0.0,0.0,0.0,0.0,0.0,0.0,0.2857143,0.2857143,0.0,0.0,0.0,0.21428572,0.0,0.0,0.0,0.0,0.0,0.0,0.0,0.0,0.0,0.0,0.0,0.0,0.0,0.0,0.0,0.0,0.0,0.0,0.0,0.0,0.0,0.0,0.0,0.0,0.0,0.0,0.0,0.0,0.0,0.0,0.0,0.0,0.0,0.0,0.0,0.0,0.0,0.0,0.2030952,0.0,1.0,0.24658135,14.0,2.7080503,1.7519333,3.1533914,7.642857
AraCyc::PWY-4702,1,0.0,0.0,0.0,0.0,0.4,0.0,0.4,0.0,0.2,0.0,0.0,0.0,0.0,0.0,0.0,0.0,0.0,0.2,0.0,0.0,0.0,0.0,0.0,0.0,0.0,0.0,0.0,0.0,0.0,0.0,0.0,0.0,0.0,0.0,0.0,0.0,0.0,0.0,0.0,0.0,0.0,0.0,0.0,0.0,0.0,0.0,0.0,0.0,0.0,0.0,0.0,0.0,0.0,0.0,0.0,0.0,0.0,0.0,0.0,0.0,0.11922078,0.0,0.36363637,0.15437101,5.0,1.7917595,1.3296623,2.8,6.6
AraCyc::PWY-4765,1,0.0,0.0,0.0,0.0,0.0,0.0,0.16666667,0.8333333,0.0,0.0,0.0,0.0,0.0,0.0,0.0,0.0,0.33333334,0.25,0.0,0.0,0.0,0.16666667,0.0,0.0,0.0,0.0,0.0,0.0,0.0,0.0,0.0,0.0,0.0,0.0,0.0,0.0,0.0,0.0,0.0,0.0,0.0,0.0,0.0,0.0,0.0,0.0,0.0,0.0,0.0,0.0,0.0,0.0,0.0,0.0,0.0,0.0,0.0,0.0,0.0,0.0,0.25428975,0.0,1.0,0.26335603,12.0,2.5649493,1.3950253,4.2516336,8.916667
AraCyc::PWY-4821,1,0.0,0.16666667,0.0,0.0,0.083333336,0.083333336,0.75,0.0,0.41666666,0.0,0.0,0.0,0.0,0.0,0.0,0.0,0.083333336,0.0,0.0,0.0,0.0,0.0,0.0,0.0,0.0,0.0,0.0,0.0,0.16666667,0.0,0.0,0.0,0.0,0.0,0.0,0.0,0.0,0.0,0.0,0.0,0.0,0.0,0.0,0.0,0.0,0.0,0.0,0.0,0.0,0.0,0.0,0.0,0.0,0.0,0.0,0.0,0.0,0.0,0.0,0.0,0.23452921,0.0,1.0,0.26031592,12.0,2.5649493,1.5876279,3.2945662,8.25
AraCyc::PWY-4841,1,0.0,0.0,0.0,0.0,0.14285715,0.0,0.71428573,0.2857143,0.14285715,0.0,0.0,0.0,0.0,0.0,0.0,0.0,0.0,0.0,0.0,0.0,0.0,0.0,0.0,0.0,0.0,0.0,0.0,0.0,0.0,0.0,0.0,0.0,0.0,0.0,0.0,0.0,0.0,0.0,0.0,0.0,0.0,0.0,0.0,0.0,0.0,0.0,0.0,0.0,0.0,0.0,0.0,0.0,0.0,0.0,0.0,0.0,0.0,0.0,0.0,0.0,0.27732426,0.0,1.0,0.39911062,7.0,2.0794415,1.1490606,4.6423078,7.142857
AraCyc::PWY-4861,1,0.0,0.2,0.0,0.0,0.0,0.2,0.0,0.0,0.0,0.0,0.0,0.0,0.0,0.0,0.0,0.0,0.2,0.2,0.0,0.0,0.0,0.0,0.0,0.0,0.0,0.0,0.0,0.0,0.0,0.0,0.0,0.0,0.0,0.0,0.0,0.0,0.0,0.0,0.0,0.0,0.0,0.0,0.0,0.0,0.0,0.0,0.0,0.0,0.0,0.0,0.0,0.0,0.0,0.0,0.0,0.0,0.0,0.0,0.0,0.0,0.33599567,0.16666667,0.8181818,0.19481212,5.0,1.7917595,1.3862958,2.9393878,6.6
AraCyc::PWY-4984,1,0.0,0.0,0.0,0.0,0.8,0.0,0.0,0.2,0.6,0.0,0.0,0.0,0.0,0.0,0.0,0.0,0.0,0.0,0.0,0.0,0.0,0.0,0.0,0.0,0.0,0.0,0.0,0.0,0.0,0.0,0.0,0.0,0.0,0.0,0.0,0.0,0.0,0.0,0.0,0.0,0.0,0.0,0.0,0.0,0.0,0.0,0.0,0.0,0.0,0.0,0.0,0.0,0.0,0.0,0.0,0.0,0.0,0.0,0.0,0.0,0.15877706,0.0,0.42857143,0.1381608,5.0,1.7917595,0.9743155,4.5343137,9.8
AraCyc::PWY-5004,1,0.0,0.02173913,0.0,0.0,0.65217394,0.08695652,0.3043478,0.08695652,0.3478261,0.0,0.0,0.0,0.0,0.0,0.0,0.0,0.08695652,0.02173913,0.0,0.0,0.02173913,0.04347826,0.0,0.0,0.0,0.0,0.0,0.0,0.0,0.0,0.0,0.0,0.0,0.0,0.0,0.0,0.0,0.0,0.0,0.0,0.10869565,0.0,0.0,0.0,0.0,0.0,0.0,0.0,0.0,0.0,0.0,0.0,0.0,0.0,0.0,0.0,0.0,0.0,0.0,0.0,0.11990089,0.0,1.0,0.20568937,46.0,3.8501475,1.8529007,4.775093,8.26087
AraCyc::PWY-5027,1,0.0,0.125,0.0,0.0,0.5,0.125,0.5,0.0,0.375,0.0,0.0,0.0,0.0,0.0,0.0,0.0,0.0,0.0,0.0,0.0,0.0,0.0,0.0,0.0,0.0,0.0,0.0,0.0,0.0,0.0,0.0,0.0,0.0,0.0,0.0,0.0,0.0,0.0,0.0,0.0,0.0,0.0,0.0,0.0,0.0,0.0,0.0,0.0,0.0,0.0,0.0,0.0,0.0,0.0,0.0,0.0,0.0,0.0,0.0,0.0,0.23323365,0.0,0.6666667,0.19668199,8.0,2.1972246,1.4583199,3.2403703,9.5
AraCyc::PWY-5035,1,0.0,0.0,0.0,0.0,0.21428572,0.14285715,0.64285713,0.0,0.0,0.0,0.0,0.0,0.0,0.0,0.0,0.0,0.071428575,0.21428572,0.14285715,0.0,0.0,0.0,0.0,0.0,0.0,0.0,0.0,0.0,0.0,0.0,0.0,0.0,0.0,0.0,0.071428575,0.0,0.0,0.0,0.0,0.0,0.0,0.0,0.0,0.0,0.14285715,0.0,0.0,0.0,0.0,0.0,0.0,0.0,0.0,0.0,0.0,0.0,0.0,0.0,0.0,0.0,0.2192971,0.0,1.0,0.23196788,14.0,2.7080503,1.8082958,2.0603151,4.428571
AraCyc::PWY-5041,1,0.0,0.0,0.0,0.0,0.375,0.5,0.875,0.375,0.875,0.0,0.0,0.0,0.0,0.0,0.0,0.0,0.0,0.0,0.0,0.0,0.0,0.125,0.0,0.0,0.0,0.0,0.0,0.0,0.0,0.0,0.0,0.0,0.0,0.0,0.0,0.0,0.0,0.0,0.0,0.0,0.0,0.0,0.0,0.0,0.0,0.0,0.0,0.0,0.0,0.0,0.0,0.0,0.0,0.0,0.0,0.0,0.0,0.0,0.0,0.0,0.22471072,0.0,0.5714286,0.1598505,8.0,2.1972246,1.6436925,4.656984,11.75
AraCyc::PWY-5044,1,0.0,0.04347826,0.0,0.0,0.39130434,0.13043478,0.4347826,0.0,0.26086956,0.0,0.0,0.0,0.0,0.0,0.0,0.0,0.26086956,0.13043478,0.0,0.0,0.0,0.04347826,0.0,0.0,0.0,0.0,0.0,0.0,0.0,0.0,0.0,0.0,0.0,0.0,0.0,0.0,0.0,0.0,0.0,0.0,0.0,0.0,0.0,0.0,0.0,0.0,0.0,0.0,0.0,0.0,0.0,0.0,0.0,0.0,0.0,0.0,0.0,0.0,0.0,0.0,0.094527595,0.0,1.0,0.16570726,23.0,3.1780539,1.8457761,4.040438,6.6086955
AraCyc::PWY-5046,1,0.0,0.0,0.0,0.0,0.5,0.0,0.125,0.25,0.375,0.0,0.0,0.0,0.0,0.0,0.0,0.0,0.0,0.0,0.0,0.0,0.0,0.0,0.0,0.0,0.0,0.0,0.0,0.0,0.0,0.0,0.0,0.0,0.0,0.0,0.0,0.0,0.0,0.0,0.0,0.0,0.0,0.0,0.0,0.0,0.0,0.0,0.0,0.0,0.0,0.0,0.0,0.0,0.0,0.0,0.0,0.0,0.0,0.0,0.0,0.0,0.17048384,0.0,0.72727275,0.18830755,8.0,2.1972246,1.2798551,3.8709657,9.375
AraCyc::PWY-5049,1,0.0,0.0,0.0,0.0,0.4,0.0,0.6,0.0,0.6,0.0,0.0,0.0,0.0,0.0,0.0,0.0,0.0,0.0,0.0,0.0,0.0,0.0,0.0,0.0,0.0,0.0,0.0,0.0,0.0,0.0,0.0,0.0,0.0,0.0,0.0,0.0,0.0,0.0,0.0,0.0,0.0,0.0,0.0,0.0,0.0,0.0,0.0,0.0,0.0,0.0,0.0,0.0,0.0,0.0,0.0,0.0,0.0,0.0,0.0,0.0,0.26307693,0.0,0.7777778,0.2504238,5.0,1.7917595,1.0821962,4.4090815,6.4
AraCyc::PWY-5068,1,0.0,0.16666667,0.0,0.0,1.0,0.33333334,0.0,0.0,0.33333334,0.0,0.0,0.0,0.0,0.0,0.0,0.0,0.0,0.0,0.0,0.0,0.0,0.0,0.0,0.0,0.0,0.0,0.0,0.0,0.0,0.0,0.0,0.0,0.0,0.0,0.0,0.0,0.0,0.0,0.0,0.0,0.0,0.0,0.0,0.0,0.0,0.0,0.0,0.0,0.0,0.0,0.0,0.0,0.0,0.0,0.0,0.0,0.0,0.0,0.0,0.0,0.17919414,0.071428575,0.6666667,0.14916807,6.0,1.9459101,1.168519,1.1055416,7.6666665
AraCyc::PWY-5070,1,0.0,0.0,0.0,0.0,0.25,0.25,0.875,0.0,0.0,0.0,0.0,0.0,0.0,0.0,0.0,0.0,0.0,0.0,0.0,0.0,0.0,0.0,0.0,0.0,0.0,0.0,0.0,0.0,0.0,0.0,0.0,0.0,0.0,0.0,0.125,0.0,0.0,0.0,0.0,0.0,0.0,0.0,0.0,0.0,0.25,0.0,0.0,0.0,0.0,0.0,0.0,0.0,0.0,0.0,0.0,0.0,0.0,0.0,0.0,0.0,0.37316057,0.07692308,1.0,0.27069962,8.0,2.1972246,1.3690399,2.1650636,4.75
AraCyc::PWY-5079,1,0.0,0.0,0.0,0.0,0.44444445,0.11111111,0.44444445,0.0,0.33333334,0.0,0.0,0.0,0.0,0.0,0.0,0.0,0.0,0.11111111,0.0,0.0,0.0,0.11111111,0.0,0.0,0.0,0.0,0.0,0.0,0.0,0.0,0.11111111,0.0,0.0,0.0,0.0,0.0,0.0,0.0,0.0,0.0,0.0,0.0,0.0,0.0,0.0,0.0,0.0,0.0,0.0,0.0,0.0,0.0,0.0,0.0,0.0,0.0,0.0,0.0,0.0,0.0,0.18889402,0.0,1.0,0.25845397,9.0,2.3025851,1.7489715,7.9084263,10.888889
AraCyc::PWY-5080,1,0.0,0.59090906,0.0,0.0,0.3181818,0.18181819,0.3181818,0.0,0.13636364,0.0,0.0,0.25,0.0,0.0,0.0,0.0,0.022727273,0.09090909,0.0,0.0,0.0,0.022727273,0.0,0.0,0.0,0.0,0.0,0.0,0.0,0.0,0.0,0.0,0.022727273,0.0,0.0,0.0,0.0,0.0,0.0,0.0,0.0,0.0,0.022727273,0.0,0.0,0.0,0.0,0.0,0.0,0.0,0.0,0.0,0.0,0.0,0.0,0.0,0.0,0.0,0.0,0.0,0.29960892,0.0,0.8,0.25540528,44.0,3.8066626,1.9611703,4.215465,7.659091
AraCyc::PWY-5083,1,0.0,0.1923077,0.0,0.0,0.5,0.0,0.03846154,0.115384616,0.03846154,0.0,0.0,0.0,0.0,0.0,0.0,0.0,0.1923077,0.115384616,0.0,0.0,0.0,0.0,0.0,0.0,0.0,0.0,0.0,0.0,0.0,0.0,0.0,0.0,0.0,0.0,0.0,0.0,0.0,0.0,0.0,0.0,0.0,0.0,0.0,0.0,0.0,0.0,0.0,0.0,0.0,0.0,0.0,0.0,0.0,0.0,0.0,0.5,0.0,0.0,0.0,0.0,0.0981822,0.0,1.0,0.14369693,26.0,3.295837,1.7529463,2.4833767,6.576923
AraCyc::PWY-5084,1,0.0,0.0,0.0,0.0,0.25,0.0,0.0,0.25,0.625,0.0,0.0,0.0,0.0,0.0,0.0,0.0,0.0,0.0,0.0,0.0,0.0,0.0,0.0,0.0,0.0,0.0,0.0,0.0,0.0,0.0,0.0,0.0,0.0,0.0,0.0,0.0,0.0,0.0,0.0,0.0,0.0,0.0,0.0,0.0,0.0,0.0,0.0,0.0,0.0,0.0,0.0,0.0,0.0,0.0,0.0,0.0,0.0,0.0,0.0,0.0,0.21617384,0.0,0.7777778,0.2127275,8.0,2.1972246,0.995028,2.8912585,10.125
AraCyc::PWY-5097,1,0.0,0.0,0.0,0.0,1.0,0.0,0.06666667,0.0,0.26666668,0.0,0.0,0.0,0.0,0.0,0.0,0.0,0.0,0.0,0.0,0.0,0.0,0.0,0.0,0.0,0.0,0.0,0.0,0.0,0.0,0.0,0.0,0.0,0.0,0.0,0.0,0.0,0.0,0.0,0.0,0.0,0.0,0.0,0.0,0.0,0.0,0.0,0.0,0.0,0.0,0.0,0.0,0.0,0.0,0.0,0.0,0.0,0.0,0.0,0.0,0.0,0.28000423,0.04347826,1.0,0.19302337,15.0,2.7725887,0.68743664,3.0287511,7.4
AraCyc::PWY-5098,1,0.0,0.0,0.0,0.0,0.6666667,0.22222222,0.11111111,0.0,0.44444445,0.0,0.0,0.0,0.0,0.0,0.0,0.0,0.0,0.22222222,0.0,0.0,0.0,0.0,0.0,0.0,0.0,0.0,0.0,0.0,0.0,0.0,0.0,0.0,0.0,0.0,0.0,0.0,0.0,0.0,0.0,0.0,0.0,0.0,0.0,0.0,0.0,0.0,0.0,0.0,0.0,0.0,0.0,0.0,0.0,0.0,0.0,0.0,0.0,0.0,0.0,0.0,0.11237565,0.0,0.5,0.102873795,9.0,2.3025851,1.4368293,4.346135,7.0
AraCyc::PWY-5120,1,0.0,0.0,0.0,0.0,0.875,0.25,0.75,0.0,0.0625,0.0,0.0,0.0,0.0,0.0,0.0,0.0,0.0625,0.0,0.0,0.0,0.0,0.0625,0.0,0.0,0.0,0.0,0.0,0.0,0.0,0.0,0.0,0.0,0.0,0.0,0.0,0.0,0.0,0.0,0.0,0.0,0.0,0.0,0.0,0.0,0.0,0.0,0.0,0.0,0.0,0.0,0.0,0.0,0.0,0.0,0.0,0.0,0.0,0.0,0.0,0.0,0.47719485,0.0,1.0,0.3590555,16.0,2.8332133,1.30527,2.8939593,11.0
AraCyc::PWY-5121,1,0.0,0.0,0.0,0.0,0.82758623,0.1724138,0.55172414,0.03448276,0.13793103,0.0,0.0,0.0,0.0,0.0,0.0,0.0,0.06896552,0.0,0.0,0.0,0.0,0.06896552,0.0,0.0,0.0,0.0,0.0,0.0,0.0,0.0,0.0,0.0,0.0,0.0,0.0,0.0,0.0,0.0,0.0,0.0,0.0,0.0,0.0,0.0,0.0,0.0,0.0,0.0,0.0,0.0,0.0,0.0,0.0,0.0,0.0,0.0,0.0,0.0,0.0,0.0,0.24768499,0.0,1.0,0.29168725,29.0,3.4011974,1.4519538,3.2705946,9.310345
AraCyc::PWY-5122,1,0.0,0.0,0.0,0.0,0.8666667,0.13333334,0.93333334,0.0,0.13333334,0.0,0.0,0.0,0.0,0.0,0.0,0.0,0.0,0.0,0.0,0.0,0.0,0.13333334,0.0,0.0,0.0,0.0,0.0,0.0,0.0,0.0,0.0,0.0,0.0,0.0,0.0,0.0,0.0,0.0,0.0,0.0,0.0,0.0,0.0,0.0,0.0,0.0,0.0,0.0,0.0,0.0,0.0,0.0,0.0,0.0,0.0,0.0,0.0,0.0,0.0,0.0,0.6122032,0.1875,1.0,0.23548737,15.0,2.7725887,1.2404467,1.6918104,11.266666
AraCyc::PWY-5123,1,0.0,0.0,0.0,0.0,0.875,0.1875,0.875,0.0,0.125,0.0,0.0,0.0,0.0,0.0,0.0,0.0,0.0,0.0,0.0,0.0,0.0,0.125,0.0,0.0,0.0,0.0,0.0,0.0,0.0,0.0,0.0,0.0,0.0,0.0,0.0,0.0,0.0,0.0,0.0,0.0,0.0,0.0,0.0,0.0,0.0,0.0,0.0,0.0,0.0,0.0,0.0,0.0,0.0,0.0,0.0,0.0,0.0,0.0,0.0,0.0,0.58528864,0.125,1.0,0.25900742,16.0,2.8332133,1.2707192,1.6665365,11.1875
AraCyc::PWY-5125,1,0.0,0.0,0.0,0.0,0.35714287,0.0,0.5714286,0.0,0.14285715,0.0,0.0,0.0,0.0,0.0,0.0,0.0,0.14285715,0.071428575,0.0,0.0,0.0,0.0,0.0,0.0,0.0,0.0,0.0,0.0,0.0,0.0,0.0,0.0,0.0,0.0,0.0,0.0,0.0,0.0,0.0,0.0,0.0,0.0,0.0,0.0,0.0,0.0,0.0,0.0,0.0,0.0,0.0,0.0,0.0,0.0,0.2857143,0.0,0.0,0.0,0.0,0.0,0.15377869,0.0,1.0,0.24894546,14.0,2.7080503,1.591021,2.4380069,4.642857
AraCyc::PWY-5129,1,0.0,0.1764706,0.0,0.0,0.3529412,0.11764706,0.05882353,0.0,0.0,0.0,0.0,0.0,0.0,0.0,0.0,0.0,0.0,0.05882353,0.0,0.0,0.0,0.05882353,0.0,0.0,0.0,0.0,0.0,0.0,0.0,0.0,0.0,0.0,0.11764706,0.0,0.05882353,0.0,0.0,0.0,0.0,0.0,0.0,0.0,0.0,0.0,0.0,0.11764706,0.0,0.0,0.0,0.0,0.0,0.0,0.0,0.0,0.0,0.0,0.0,0.0,0.0,0.0,0.14758424,0.0,1.0,0.16557702,17.0,2.8903718,1.9862674,1.5134917,7.9411764
AraCyc::PWY-5136,1,0.0,0.0,0.0,0.0,0.4,0.2,0.4,0.0,0.33333334,0.0,0.0,0.0,0.0,0.0,0.0,0.0,0.0,0.0,0.0,0.0,0.0,0.0,0.0,0.0,0.0,0.0,0.0,0.0,0.0,0.0,0.0,0.0,0.0,0.0,0.06666667,0.0,0.0,0.0,0.0,0.0,0.0,0.0,0.0,0.0,0.0,0.0,0.0,0.0,0.0,0.0,0.0,0.0,0.0,0.0,0.0,0.0,0.0,0.0,0.0,0.0,0.19323671,0.0,0.75,0.16932002,15.0,2.7725887,1.4805166,4.323579,10.2
AraCyc::PWY-5137,1,0.0,0.0,0.0,0.0,0.0,0.0,1.0,0.0,0.4,0.0,0.0,0.0,0.0,0.0,0.0,0.0,0.0,0.0,0.0,0.0,0.0,0.0,0.0,0.0,0.0,0.0,0.0,0.0,0.0,0.0,0.0,0.0,0.0,0.0,0.2,0.0,0.0,0.0,0.0,0.0,0.0,0.0,0.0,0.0,0.0,0.0,0.0,0.0,0.0,0.0,0.0,0.0,0.0,0.0,0.0,0.0,0.0,0.0,0.0,0.0,0.37191796,0.17391305,0.71428573,0.2180959,5.0,1.7917595,0.9002568,5.885576,11.4
AraCyc::PWY-5138,1,0.0,0.0,0.0,0.0,0.0,0.0,0.5,0.0,0.4,0.0,0.0,0.0,0.0,0.0,0.0,0.0,0.0,0.1,0.0,0.0,0.0,0.0,0.0,0.0,0.0,0.0,0.0,0.0,0.0,0.0,0.0,0.0,0.0,0.0,0.1,0.0,0.0,0.0,0.0,0.0,0.0,0.0,0.0,0.0,0.0,0.0,0.0,0.0,0.0,0.0,0.0,0.0,0.0,0.0,0.0,0.0,0.0,0.0,0.0,0.0,0.19406365,0.0,0.71428573,0.1845803,10.0,2.3978953,1.1622266,5.52811,8.2
AraCyc::PWY-5142,1,0.0,0.0,0.0,0.14285715,0.85714287,0.0,0.0,0.0,0.0,0.0,0.0,0.0,0.0,0.0,0.0,0.0,0.14285715,0.0,0.0,0.0,0.0,0.0,0.0,0.0,0.14285715,0.0,0.0,0.0,0.0,0.0,0.0,0.0,0.0,0.0,0.0,0.0,0.0,0.0,0.0,0.0,0.0,0.0,0.0,0.0,0.0,0.0,0.0,0.0,0.0,0.0,0.0,0.0,0.0,0.0,0.0,0.0,0.0,0.0,0.0,0.0,0.31145126,0.0,0.75,0.21057844,7.0,2.0794415,1.0027192,0.9258201,4.0
AraCyc::PWY-5143,1,0.0,0.0,0.0,0.0,0.5833333,0.16666667,0.083333336,0.0,0.16666667,0.0,0.0,0.0,0.0,0.0,0.0,0.0,0.083333336,0.0,0.0,0.0,0.0,0.0,0.0,0.0,0.0,0.0,0.0,0.0,0.0,0.0,0.0,0.0,0.0,0.0,0.0,0.0,0.0,0.0,0.0,0.0,0.0,0.0,0.0,0.0,0.0,0.0,0.0,0.0,0.0,0.0,0.0,0.0,0.0,0.0,0.0,0.0,0.0,0.0,0.0,0.0,0.23844779,0.0,0.625,0.154333,12.0,2.5649493,1.3038765,2.7826347,7.4166665
AraCyc::PWY-5147,1,0.0,0.0,0.0,0.037037037,0.7777778,0.074074075,0.037037037,0.0,0.074074075,0.0,0.0,0.0,0.0,0.0,0.0,0.0,0.074074075,0.0,0.0,0.0,0.0,0.0,0.0,0.0,0.037037037,0.0,0.0,0.0,0.0,0.0,0.0,0.0,0.0,0.0,0.0,0.0,0.0,0.0,0.0,0.0,0.0,0.0,0.0,0.0,0.0,0.0,0.0,0.0,0.0,0.0,0.0,0.0,0.0,0.0,0.037037037,0.0,0.0,0.0,0.0,0.0,0.15209085,0.0,0.75,0.15446362,27.0,3.3322046,1.2374122,3.392075,6.4444447
AraCyc::PWY-5156,1,0.0,0.0,0.0,0.02173913,0.6956522,0.10869565,0.08695652,0.0,0.10869565,0.0,0.0,0.0,0.0,0.0,0.0,0.0,0.06521739,0.06521739,0.0,0.0,0.0,0.0,0.0,0.0,0.02173913,0.0,0.0,0.0,0.0,0.0,0.0,0.0,0.0,0.0,0.0,0.0,0.0,0.0,0.0,0.0,0.0,0.0,0.0,0.0,0.0,0.0,0.0,0.0,0.0,0.0,0.0,0.0,0.0,0.0,0.02173913,0.0,0.0,0.0,0.0,0.0,0.11154417,0.0,0.75,0.12550145,46.0,3.8501475,1.4776108,3.403337,6.0652175
AraCyc::PWY-5173,1,0.0,0.0,0.0,0.0,0.47368422,0.10526316,0.21052632,0.15789473,0.68421054,0.0,0.0,0.0,0.0,0.0,0.0,0.0,0.0,0.0,0.0,0.0,0.05263158,0.0,0.0,0.0,0.0,0.0,0.0,0.0,0.0,0.0,0.0,0.0,0.0,0.0,0.0,0.0,0.0,0.0,0.0,0.0,0.0,0.0,0.0,0.0,0.0,0.0,0.0,0.0,0.0,0.0,0.0,0.0,0.0,0.0,0.0,0.0,0.0,0.0,0.0,0.0,0.17462532,0.0,0.72727275,0.17439742,19.0,2.9957323,1.4861531,2.77304,8.684211
AraCyc::PWY-5188,1,0.0,0.0,0.0,0.0,1.0,0.22222222,0.22222222,0.0,0.22222222,0.0,0.0,0.0,0.0,0.0,0.0,0.0,0.0,0.0,0.0,0.0,0.0,0.0,0.0,0.0,0.0,0.0,0.0,0.0,0.0,0.0,0.0,0.0,0.0,0.0,0.0,0.0,0.0,0.0,0.0,0.0,0.0,0.0,0.0,0.0,0.0,0.0,0.0,0.0,0.0,0.0,0.0,0.0,0.0,0.0,0.0,0.0,0.0,0.0,0.0,0.0,0.40483946,0.2631579,0.7777778,0.13096732,9.0,2.3025851,1.1124573,2.748737,10.333333
AraCyc::PWY-5203,1,0.0,0.21428572,0.0,0.0,0.14285715,0.0,0.0,0.0,0.0,0.0,0.0,0.0,0.0,0.0,0.0,0.0,0.071428575,0.14285715,0.21428572,0.0,0.0,0.0,0.0,0.0,0.0,0.0,0.0,0.0,0.0,0.0,0.0,0.0,0.0,0.0,0.0,0.0,0.0,0.0,0.0,0.0,0.0,0.0,0.0,0.0,0.0,0.0,0.0,0.0,0.0,0.0,0.0,0.0,0.0,0.0,0.0,0.0,0.0,0.0,0.0,0.0,0.23762468,0.0,0.8333333,0.27778178,14.0,2.7080503,1.5466001,1.1605769,5.714286
AraCyc::PWY-5267,1,0.0,0.071428575,0.0,0.0,0.2857143,0.071428575,0.5,0.0,0.35714287,0.0,0.0,0.0,0.0,0.0,0.0,0.0,0.0,0.0,0.0,0.0,0.0,0.071428575,0.0,0.0,0.0,0.0,0.0,0.0,0.5,0.0,0.0,0.0,0.0,0.0,0.2857143,0.0,0.0,0.0,0.14285715,0.0,0.0,0.0,0.0,0.2857143,0.0,0.0,0.0,0.0,0.0,0.0,0.0,0.0,0.0,0.0,0.0,0.0,0.0,0.0,0.0,0.0,0.18306912,0.0,0.8333333,0.21273258,14.0,2.7080503,2.102637,4.5803485,8.857142
AraCyc::PWY-5269,1,0.0,0.4,0.0,0.0,0.2,0.0,0.6,0.0,0.0,0.0,0.0,0.0,0.0,0.0,0.0,0.0,0.0,0.0,0.0,0.0,0.0,0.0,0.0,0.0,0.0,0.0,0.0,0.0,0.0,0.0,0.0,0.0,0.0,0.0,0.0,0.0,0.0,0.0,0.0,0.0,0.0,0.0,0.0,0.0,0.0,0.0,0.0,0.0,0.0,0.0,0.0,0.0,0.0,0.0,0.0,0.0,0.0,0.0,0.0,0.0,0.20579365,0.0,1.0,0.27915308,5.0,1.7917595,1.0114052,1.6248077,8.6
AraCyc::PWY-5272,1,0.0,0.0,0.0,0.0,0.54545456,0.045454547,0.0,0.0,0.09090909,0.0,0.0,0.0,0.0,0.0,0.0,0.0,0.13636364,0.22727273,0.0,0.0,0.0,0.0,0.0,0.0,0.0,0.0,0.0,0.0,0.045454547,0.0,0.0,0.0,0.0,0.0,0.0,0.0,0.0,0.0,0.0,0.0,0.0,0.0,0.0,0.0,0.0,0.0,0.0,0.0,0.0,0.0,0.0,0.0,0.0,0.0,0.0,0.0,0.0,0.0,0.0,0.0,0.21958943,0.0,0.6666667,0.15495133,22.0,3.1354942,1.4052131,4.650824,5.2272725
AraCyc::PWY-5320,1,0.0,0.0,0.0,0.0,0.6111111,0.0,0.0,0.0,0.055555556,0.0,0.0,0.0,0.0,0.0,0.0,0.0,0.0,0.16666667,0.0,0.0,0.0,0.0,0.0,0.0,0.0,0.0,0.0,0.0,0.0,0.0,0.0,0.0,0.055555556,0.0,0.0,0.0,0.0,0.0,0.0,0.0,0.0,0.0,0.0,0.0,0.0,0.0,0.0,0.0,0.0,0.0,0.0,0.0,0.0,0.0,0.0,0.0,0.0,0.0,0.0,0.0,0.28512025,0.07692308,0.8,0.14594549,18.0,2.944439,0.91804725,2.9402485,5.7222223
AraCyc::PWY-5321,1,0.0,0.02631579,0.0,0.0,0.47368422,0.0,0.02631579,0.0,0.078947365,0.0,0.0,0.0,0.0,0.0,0.0,0.0,0.0,0.21052632,0.0,0.0,0.0,0.0,0.0,0.0,0.0,0.0,0.0,0.0,0.0,0.0,0.0,0.0,0.02631579,0.0,0.0,0.0,0.0,0.0,0.0,0.0,0.0,0.0,0.0,0.0,0.0,0.0,0.0,0.0,0.0,0.0,0.0,0.0,0.0,0.0,0.0,0.0,0.0,0.0,0.0,0.0,0.30199912,0.09090909,0.75,0.14530306,38.0,3.6635616,1.2170478,2.569936,6.0263157
AraCyc::PWY-5337,1,0.0,0.0,0.0,0.0,0.15384616,0.0,1.0,0.0,0.07692308,0.0,0.0,0.0,0.0,0.0,0.0,0.0,0.0,0.15384616,0.0,0.0,0.0,0.0,0.0,0.0,0.0,0.0,0.0,0.0,0.0,0.0,0.0,0.0,0.0,0.0,0.0,0.0,0.0,0.0,0.0,0.0,0.0,0.0,0.0,0.0,0.0,0.0,0.0,0.0,0.0,0.0,0.61538464,0.0,0.0,0.0,0.0,0.0,0.0,0.0,0.0,0.0,0.3816066,0.07692308,1.0,0.25523618,13.0,2.6390574,1.2291563,2.4687395,6.5384617
AraCyc::PWY-5340,1,0.0,0.0,0.0,0.0,1.0,0.16666667,0.6666667,0.6666667,0.5,0.0,0.0,0.0,0.0,0.0,0.0,0.0,0.0,0.0,0.0,0.0,0.0,0.0,0.0,0.0,0.0,0.0,0.0,0.0,0.0,0.0,0.0,0.0,0.0,0.0,0.0,0.0,0.0,0.0,0.0,0.0,0.0,0.0,0.0,0.0,0.0,0.0,0.0,0.0,0.0,0.0,0.0,0.0,0.0,0.0,0.0,0.0,0.0,0.0,0.0,0.0,0.45580733,0.21428572,0.7777778,0.1794032,6.0,1.9459101,1.4938861,1.0671874,7.8333335
AraCyc::PWY-5350,1,0.0,0.0,0.0,0.0,1.0,0.0,0.5,0.0,0.5,0.0,0.0,0.0,0.0,0.0,0.0,0.0,0.16666667,0.0,0.0,0.0,0.0,0.33333334,0.0,0.0,0.0,0.0,0.0,0.0,0.0,0.0,0.0,0.0,0.0,0.0,0.0,0.0,0.0,0.0,0.0,0.0,0.0,0.0,0.0,0.0,0.0,0.0,0.0,0.0,0.0,0.0,0.0,0.0,0.0,0.0,0.0,0.0,0.0,0.0,0.0,0.0,0.24704185,0.071428575,1.0,0.22467512,6.0,1.9459101,1.4594823,1.7320508,6.0
AraCyc::PWY-5366,1,0.0,0.0,0.0,0.16666667,0.8333333,0.0,0.0,0.0,0.0,0.0,0.0,0.0,0.0,0.0,0.0,0.0,0.16666667,0.0,0.0,0.0,0.0,0.0,0.0,0.0,0.16666667,0.0,0.0,0.0,0.0,0.0,0.0,0.0,0.0,0.0,0.0,0.0,0.0,0.0,0.0,0.0,0.0,0.0,0.0,0.0,0.0,0.0,0.0,0.0,0.0,0.0,0.0,0.0,0.0,0.0,0.0,0.0,0.0,0.0,0.0,0.0,0.29380953,0.0,0.75,0.2139659,6.0,1.9459101,1.0735438,1.0,4.0
AraCyc::PWY-5381,1,0.0,0.0,0.0,0.0,0.3478261,0.0,0.6086956,0.04347826,0.39130434,0.0,0.0,0.0,0.0,0.0,0.0,0.0,0.13043478,0.13043478,0.0,0.0,0.0,0.0,0.0,0.0,0.0,0.0,0.0,0.0,0.0,0.0,0.0,0.0,0.0,0.0,0.0,0.0,0.0,0.0,0.0,0.0,0.0,0.0,0.0,0.0,0.0,0.0,0.0,0.0,0.0,0.0,0.0,0.0,0.0,0.0,0.0,0.0,0.0,0.0,0.0,0.0,0.14369187,0.0,0.8333333,0.14165878,23.0,3.1780539,1.533665,2.9372776,6.7391305
AraCyc::PWY-5386,1,0.0,0.0,0.0,0.0,0.54545456,0.0,0.36363637,0.0,0.45454547,0.0,0.0,0.0,0.0,0.0,0.0,0.0,0.18181819,0.0,0.0,0.0,0.0,0.0,0.0,0.0,0.0,0.0,0.0,0.0,0.0,0.0,0.0,0.0,0.0,0.0,0.0,0.0,0.09090909,0.0,0.0,0.0,0.0,0.0,0.0,0.0,0.0,0.0,0.0,0.0,0.0,0.0,0.0,0.0,0.0,0.0,0.0,0.0,0.0,0.0,0.0,0.0,0.134168,0.0,0.5,0.12520699,11.0,2.4849067,1.4609715,2.8429992,6.090909
AraCyc::PWY-5386-1,1,0.0,0.0,0.0,0.0,0.54545456,0.0,0.36363637,0.0,0.45454547,0.0,0.0,0.0,0.0,0.0,0.0,0.0,0.18181819,0.0,0.0,0.0,0.0,0.0,0.0,0.0,0.0,0.0,0.0,0.0,0.0,0.0,0.0,0.0,0.0,0.0,0.0,0.0,0.09090909,0.0,0.0,0.0,0.0,0.0,0.0,0.0,0.0,0.0,0.0,0.0,0.0,0.0,0.0,0.0,0.0,0.0,0.0,0.0,0.0,0.0,0.0,0.0,0.134168,0.0,0.5,0.12520699,11.0,2.4849067,1.4609715,2.8429992,6.090909
AraCyc::PWY-5390,1,0.0,0.0,0.0,0.0,0.3488372,0.023255814,0.23255815,0.0,0.093023255,0.0,0.0,0.0,0.0,0.0,0.0,0.0,0.023255814,0.18604651,0.0,0.0,0.0,0.0,0.0,0.0,0.0,0.0,0.0,0.0,0.0,0.0,0.0,0.0,0.023255814,0.0,0.0,0.0,0.0,0.0,0.0,0.0,0.0,0.0,0.0,0.0,0.0,0.0,0.0,0.0,0.0,0.0,0.0,0.0,0.0,0.0,0.0,0.0,0.0,0.0,0.0,0.0,0.26591814,0.0,0.75,0.17361906,43.0,3.7841897,1.5431978,2.1875305,5.3488374
AraCyc::PWY-5410,1,0.0,0.0,0.0,0.0,0.47826087,0.13043478,0.47826087,0.0,0.2173913,0.0,0.0,0.0,0.0,0.0,0.0,0.0,0.17391305,0.08695652,0.0,0.0,0.0,0.0,0.0,0.0,0.0,0.0,0.0,0.0,0.0,0.0,0.0,0.0,0.0,0.0,0.0,0.0,0.0,0.0,0.0,0.0,0.0,0.0,0.0,0.0,0.0,0.0,0.0,0.0,0.0,0.0,0.0,0.0,0.0,0.0,0.0,0.0,0.0,0.0,0.0,0.0,0.09736828,0.0,1.0,0.16816312,23.0,3.1780539,1.6105143,5.783426,6.173913
AraCyc::PWY-5453,1,0.0,0.0,0.0,0.0,0.54545456,0.18181819,0.45454547,0.0,0.27272728,0.0,0.0,0.0,0.0,0.0,0.0,0.0,0.27272728,0.09090909,0.0,0.0,0.0,0.0,0.0,0.0,0.0,0.0,0.0,0.0,0.0,0.0,0.0,0.0,0.0,0.0,0.0,0.0,0.0,0.0,0.0,0.0,0.0,0.0,0.0,0.0,0.0,0.0,0.0,0.0,0.0,0.0,0.0,0.0,0.0,0.0,0.0,0.0,0.0,0.0,0.0,0.0,0.19872914,0.0,1.0,0.23269725,11.0,2.4849067,1.6569471,2.5873182,4.818182
AraCyc::PWY-5464,1,0.00990099,0.01980198,0.0,0.0,0.47524753,0.17821783,0.48514852,0.17821783,0.55445546,0.0,0.0,0.0,0.0,0.0,0.02970297,0.0,0.04950495,0.01980198,0.0,0.0,0.00990099,0.01980198,0.0,0.0,0.0,0.0,0.0,0.0,0.06930693,0.0,0.0,0.0,0.0,0.0,0.0,0.0,0.01980198,0.0,0.0,0.0,0.0,0.0,0.0,0.0,0.0,0.0,0.0,0.0,0.0,0.0,0.0,0.0,0.0,0.0,0.0,0.0,0.0,0.0,0.0,0.0,0.10028234,0.0,0.46666667,0.10664927,101.0,4.624973,1.9243901,5.3187394,10.475247
AraCyc::PWY-5484,1,0.018867925,0.0,0.0,0.0,0.5283019,0.1509434,0.6415094,0.13207547,0.509434,0.0,0.0,0.0,0.0,0.0,0.056603774,0.0,0.056603774,0.03773585,0.0,0.0,0.018867925,0.0,0.0,0.0,0.0,0.0,0.0,0.0,0.20754717,0.0,0.0,0.0,0.0,0.0,0.0,0.018867925,0.03773585,0.0,0.0,0.0,0.0,0.0,0.0,0.0,0.0,0.0,0.0,0.0,0.0,0.0,0.0,0.0,0.0,0.0,0.0,0.0,0.0,0.0,0.0,0.0,0.11067708,0.0,0.73333335,0.12213437,53.0,3.988984,1.9755963,6.039563,10.509434
AraCyc::PWY-5486,1,0.0,0.0,0.0,0.0,0.8,0.0,0.2,0.0,0.4,0.0,0.0,0.0,0.0,0.0,0.0,0.0,0.0,0.0,0.0,0.0,0.0,0.0,0.0,0.0,0.0,0.0,0.0,0.0,0.0,0.0,0.0,0.0,0.0,0.0,0.0,0.0,0.0,0.0,0.0,0.0,0.0,0.0,0.0,0.0,0.0,0.0,0.0,0.0,0.0,0.0,0.0,0.0,0.0,0.0,0.0,0.0,0.0,0.0,0.0,0.0,0.4562989,0.035714287,1.0,0.33313385,5.0,1.7917595,0.95570076,5.535341,11.4
AraCyc::PWY-561,1,0.0,0.04347826,0.0,0.0,0.36956522,0.19565217,0.39130434,0.10869565,0.45652175,0.0,0.0,0.0,0.0,0.02173913,0.02173913,0.02173913,0.04347826,0.0,0.0,0.0,0.0,0.02173913,0.0,0.0,0.0,0.0,0.0,0.0,0.0,0.0,0.0,0.0,0.0,0.0,0.02173913,0.0,0.02173913,0.0,0.0,0.0,0.0,0.0,0.0,0.0,0.0,0.0,0.0,0.0,0.0,0.0,0.0,0.0,0.0,0.0,0.0,0.0,0.0,0.0,0.0,0.0,0.108008265,0.0,0.75,0.1378812,46.0,3.8501475,1.9480135,5.0864453,10.673913
AraCyc::PWY-5659,1,0.0,0.0,0.083333336,0.0,0.33333334,0.33333334,0.8333333,0.0,0.41666666,0.0,0.0,0.0,0.0,0.0,0.0,0.0,0.083333336,0.0,0.0,0.0,0.0,0.083333336,0.0,0.0,0.0,0.0,0.0,0.0,0.33333334,0.0,0.0,0.0,0.0,0.0,0.0,0.0,0.0,0.0,0.0,0.0,0.0,0.0,0.0,0.0,0.0,0.0,0.0,0.0,0.0,0.0,0.0,0.0,0.0,0.0,0.0,0.0,0.0,0.0,0.0,0.0,0.14463423,0.0,1.0,0.16530178,12.0,2.5649493,1.810912,3.7379436,8.166667
AraCyc::PWY-5661,1,0.0,0.07692308,0.0,0.0,0.61538464,0.15384616,0.23076923,0.53846157,0.30769232,0.0,0.0,0.0,0.0,0.0,0.0,0.0,0.15384616,0.0,0.0,0.0,0.0,0.0,0.0,0.0,0.0,0.0,0.0,0.0,0.9230769,0.0,0.0,0.07692308,0.0,0.0,0.0,0.0,0.07692308,0.0,0.0,0.0,0.0,0.0,0.0,0.0,0.0,0.0,0.0,0.0,0.0,0.0,0.0,0.0,0.0,0.0,0.0,0.0,0.0,0.0,0.0,0.0,0.23316611,0.0,0.75,0.21962701,13.0,2.6390574,1.9650508,6.0304947,11.692307
AraCyc::PWY-5667,1,0.0,0.60714287,0.0,0.0,0.39285713,0.071428575,0.10714286,0.0,0.0,0.0,0.0,0.035714287,0.0,0.0,0.0,0.0,0.0,0.0,0.0,0.0,0.0,0.035714287,0.0,0.0,0.0,0.0,0.0,0.0,0.035714287,0.0,0.0,0.0,0.0,0.0,0.0,0.0,0.0,0.0,0.0,0.0,0.0,0.0,0.0,0.0,0.0,0.0,0.0,0.0,0.0,0.0,0.0,0.0,0.0,0.0,0.0,0.035714287,0.0,0.0,0.0,0.0,0.17639683,0.0,0.8333333,0.16594744,28.0,3.3672957,1.4697402,3.6691976,7.964286
AraCyc::PWY-5670,1,0.0,0.7777778,0.0,0.0,0.0,0.0,0.0,0.0,0.0,0.0,0.0,0.0,0.0,0.0,0.0,0.0,0.0,0.11111111,0.0,0.0,0.0,0.0,0.0,0.0,0.0,0.0,0.0,0.0,0.0,0.0,0.0,0.0,0.0,0.0,0.0,0.0,0.0,0.0,0.0,0.0,0.0,0.0,0.0,0.0,0.0,0.0,0.0,0.0,0.0,0.0,0.0,0.0,0.0,0.0,0.0,0.0,0.0,0.0,0.0,0.0,0.41627988,0.05882353,0.85714287,0.27850503,9.0,2.3025851,0.37677154,1.5634719,6.6666665
AraCyc::PWY-5687,1,0.0,0.33333334,0.0,0.0,0.23809524,0.04761905,0.47619048,0.23809524,0.3809524,0.0,0.0,0.0,0.0,0.0,0.0,0.0,0.04761905,0.0,0.0,0.0,0.0,0.04761905,0.0,0.0,0.0,0.0,0.0,0.0,0.0,0.0,0.0,0.0,0.0,0.0,0.0,0.0,0.0,0.0,0.0,0.0,0.0,0.0,0.0,0.0,0.0,0.0,0.0,0.0,0.0,0.0,0.0,0.0,0.0,0.0,0.0,0.0,0.0,0.0,0.0,0.0,0.16478708,0.0,1.0,0.24737448,21.0,3.0910425,1.8118727,3.9146216,7.7619047
AraCyc::PWY-5690,1,0.0,0.057142857,0.0,0.0,0.42857143,0.2,0.2857143,0.114285715,0.54285717,0.0,0.0,0.0,0.0,0.0,0.0,0.0,0.057142857,0.0,0.0,0.0,0.0,0.028571429,0.0,0.0,0.0,0.0,0.0,0.0,0.0,0.0,0.0,0.0,0.0,0.0,0.0,0.0,0.028571429,0.0,0.0,0.0,0.0,0.0,0.0,0.0,0.0,0.0,0.0,0.0,0.0,0.0,0.0,0.0,0.0,0.0,0.0,0.0,0.0,0.0,0.0,0.0,0.15746813,0.0,0.7222222,0.12243554,35.0,3.583519,1.7907091,5.373404,10.428572
AraCyc::PWY-5723,1,0.027777778,0.0,0.0,0.0,0.6111111,0.083333336,0.6388889,0.0,0.3888889,0.0,0.0,0.0,0.0,0.0,0.0,0.0,0.11111111,0.027777778,0.0,0.0,0.027777778,0.0,0.0,0.0,0.0,0.0,0.0,0.0,0.16666667,0.0,0.0,0.0,0.0,0.0,0.0,0.0,0.027777778,0.0,0.0,0.0,0.0,0.0,0.0,0.0,0.0,0.0,0.0,0.0,0.0,0.0,0.0,0.0,0.0,0.0,0.0,0.0,0.0,0.0,0.0,0.0,0.13508812,0.0,0.71428573,0.11911309,36.0,3.6109178,1.7431328,4.436451,9.611111
AraCyc::PWY-5725,1,0.0,0.0,0.0,0.0,1.0,0.0,0.7777778,0.0,0.11111111,0.0,0.0,0.0,0.0,0.0,0.0,0.0,0.0,0.0,0.0,0.0,0.0,0.0,0.0,0.0,0.0,0.0,0.0,0.0,0.0,0.0,0.0,0.0,0.0,0.0,0.0,0.0,0.0,0.0,0.0,0.0,0.0,0.0,0.0,0.0,0.0,0.0,0.0,0.0,0.0,0.0,0.0,0.0,0.0,0.0,0.0,0.0,0.0,0.0,0.8888889,0.0,0.46888924,0.05263158,1.0,0.30546042,9.0,2.3025851,1.2175993,4.618802,9.333333
AraCyc::PWY-5788,1,0.0,0.0,0.0,0.0,0.0,0.0,0.16666667,0.0,0.083333336,0.0,0.0,0.0,0.0,0.0,0.0,0.0,0.16666667,0.0,0.0,0.0,0.0,0.0,0.0,0.0,0.0,0.0,0.0,0.0,0.0,0.0,0.0,0.0,0.0,0.0,0.0,0.0,0.0,0.0,0.0,0.0,0.0,0.0,0.0,0.0,0.0,0.0,0.0,0.0,0.0,0.0,0.0,0.0,0.0,0.0,0.0,0.0,0.0,0.0,0.0,0.0,0.30104017,0.0,1.0,0.24628316,12.0,2.5649493,1.0549228,1.8408935,3.3333333
AraCyc::PWY-5791,1,0.0,0.0,0.0,0.0,0.75,0.0,0.0,0.0,0.0,0.0,0.0,0.0,0.0,0.0,0.0,0.0,0.0,0.0,0.0,0.0,0.0,0.0,0.0,0.0,0.0,0.0,0.0,0.0,0.0,0.0,0.0,0.0,0.0,0.0,0.0,0.0,0.0,0.0,0.0,0.0,0.0,0.0,0.0,0.0,0.0,0.0,0.0,0.0,0.0,0.0,0.0,0.0,0.0,0.0,0.0,0.0,0.0,0.0,0.0,0.0,0.20384651,0.0,1.0,0.18549384,8.0,2.1972246,1.6862058e-06,3.5968738,6.75
AraCyc::PWY-5800,1,0.0,0.8333333,0.0,0.0,0.0,0.0,0.16666667,0.0,0.0,0.0,0.0,0.0,0.0,0.0,0.0,0.0,0.16666667,0.16666667,0.0,0.0,0.0,0.0,0.0,0.0,0.0,0.0,0.0,0.0,0.0,0.0,0.0,0.0,0.0,0.0,0.0,0.0,0.0,0.0,0.0,0.0,0.0,0.0,0.0,0.0,0.0,0.0,0.0,0.0,0.0,0.0,0.0,0.0,0.0,0.0,0.0,0.0,0.0,0.0,0.0,0.0,0.23696329,0.0,0.72727275,0.24736182,6.0,1.9459101,1.0735438,5.676462,10.666667
AraCyc::PWY-5807,1,0.0,0.0,0.0,0.0,0.6666667,0.16666667,0.5,0.0,0.0,0.0,0.0,0.0,0.0,0.0,0.0,0.0,0.16666667,0.0,0.0,0.0,0.0,0.0,0.0,0.0,0.0,0.0,0.0,0.0,0.0,0.0,0.0,0.0,0.0,0.0,0.0,0.0,0.0,0.0,0.0,0.0,0.0,0.0,0.0,0.0,0.0,0.0,0.0,0.0,0.0,0.0,0.0,0.0,0.0,0.0,0.0,0.0,0.0,0.0,0.0,0.0,0.1788925,0.0,0.8,0.25606576,6.0,1.9459101,1.2148905,2.409472,6.1666665
AraCyc::PWY-581,1,0.0,0.5,0.0,0.0,0.11764706,0.14705883,0.1764706,0.0,0.11764706,0.0,0.0,0.0,0.0,0.0,0.0,0.0,0.11764706,0.1764706,0.5294118,0.0,0.0,0.0882353,0.0,0.0,0.0,0.0,0.0,0.0,0.0,0.0,0.05882353,0.0,0.0,0.0,0.0,0.0,0.0,0.0,0.0,0.0,0.0,0.0,0.0,0.0,0.0,0.0,0.0,0.0,0.0,0.0,0.0,0.0,0.0,0.0,0.0,0.0,0.0,0.0,0.0,0.0,0.14710435,0.0,0.8,0.21369359,34.0,3.5553482,2.044871,5.0657444,9.5
AraCyc::PWY-5837,1,0.0,0.0,0.0,0.0,0.75,0.0,0.0,0.0,0.0,0.0,0.0,0.0,0.0,0.0,0.0,0.0,0.0,0.0,0.0,0.0,0.0,0.0,0.0,0.0,0.0,0.0,0.0,0.0,0.0,0.0,0.0,0.0,0.0,0.0,0.0,0.0,0.0,0.0,0.0,0.0,0.0,0.0,0.0,0.0,0.0,0.0,0.0,0.0,0.0,0.0,0.0,0.0,0.0,0.0,0.0,0.0,0.0,0.0,0.0,0.0,0.20384651,0.0,1.0,0.18549384,8.0,2.1972246,1.6862058e-06,3.5968738,6.75
AraCyc::PWY-5859,1,0.0,0.0,0.0,0.0,0.2,0.0,1.0,0.0,0.2,0.0,0.0,0.0,0.0,0.0,0.0,0.0,0.0,0.0,0.0,0.0,0.0,0.0,0.0,0.0,0.0,0.0,0.0,0.0,0.0,0.0,0.0,0.0,0.0,0.0,0.0,0.0,0.0,0.0,0.0,0.0,0.0,0.0,0.0,0.0,0.0,0.0,0.0,0.0,0.0,0.0,0.0,0.0,0.0,0.0,0.0,0.0,0.0,0.0,0.0,0.0,0.4661905,0.25,0.75,0.14560376,5.0,1.7917595,0.7963125,1.3266499,3.8
AraCyc::PWY-5864,1,0.0,0.09090909,0.0,0.0,0.36363637,0.18181819,0.54545456,0.0,0.36363637,0.0,0.0,0.0,0.0,0.0,0.0,0.0,0.09090909,0.0,0.0,0.0,0.0,0.09090909,0.0,0.0,0.0,0.0,0.0,0.0,0.0,0.0,0.09090909,0.0,0.0,0.0,0.0,0.0,0.0,0.0,0.0,0.0,0.0,0.0,0.0,0.0,0.0,0.0,0.0,0.0,0.0,0.0,0.0,0.0,0.0,0.0,0.0,0.0,0.0,0.0,0.0,0.0,0.10636991,0.0,0.75,0.16011822,11.0,2.4849067,1.8343725,7.572242,10.454545
AraCyc::PWY-5868,1,0.0,0.2,0.0,0.0,0.48,0.12,0.28,0.0,0.24,0.0,0.0,0.0,0.0,0.0,0.0,0.0,0.04,0.08,0.16,0.0,0.0,0.0,0.0,0.0,0.0,0.0,0.0,0.0,0.0,0.0,0.0,0.0,0.0,0.0,0.0,0.0,0.0,0.0,0.0,0.0,0.0,0.0,0.0,0.0,0.0,0.0,0.0,0.0,0.0,0.0,0.0,0.0,0.0,0.0,0.0,0.0,0.0,0.0,0.0,0.0,0.129802,0.0,0.8,0.17725682,25.0,3.2580965,1.8772475,4.662017,8.84
AraCyc::PWY-5886,1,0.0,0.0,0.0,0.0,0.0,0.16666667,1.0,0.0,0.5,0.0,0.0,0.0,0.0,0.0,0.0,0.0,0.0,0.0,0.0,0.0,0.0,0.16666667,0.0,0.0,0.0,0.0,0.0,0.0,0.0,0.0,0.16666667,0.0,0.0,0.0,0.0,0.0,0.0,0.0,0.0,0.0,0.0,0.0,0.0,0.0,0.0,0.0,0.0,0.0,0.0,0.0,0.0,0.0,0.0,0.0,0.0,0.0,0.0,0.0,0.0,0.0,0.25499797,0.05,0.75,0.1761742,6.0,1.9459101,1.3143744,8.993825,12.666667
AraCyc::PWY-5918,1,0.0,0.0,0.0,0.0,1.0,0.16666667,0.16666667,0.0,0.2777778,0.0,0.0,0.0,0.0,0.0,0.0,0.0,0.0,0.0,0.0,0.0,0.0,0.11111111,0.0,0.0,0.0,0.0,0.0,0.0,0.0,0.0,0.0,0.0,0.0,0.0,0.0,0.0,0.0,0.0,0.0,0.0,0.0,0.0,0.0,0.0,0.0,0.0,0.0,0.0,0.0,0.0,0.0,0.0,0.0,0.055555556,0.0,0.0,0.0,0.0,0.0,0.0,0.30939803,0.04,0.7777778,0.1421457,18.0,2.944439,1.3391162,2.2333057,9.888889
AraCyc::PWY-5934,1,0.0,0.8,0.0,0.0,0.2,0.0,0.0,0.0,0.0,0.2,0.0,0.0,0.0,0.0,0.0,0.0,0.0,0.0,0.0,0.0,0.0,0.0,0.0,0.0,0.0,0.0,0.0,0.0,0.0,0.0,0.0,0.0,0.0,0.0,0.0,0.0,0.0,0.0,0.0,0.0,0.0,0.2,0.0,0.0,0.0,0.0,0.0,0.0,0.0,0.0,0.0,0.1,0.0,0.0,0.0,0.0,0.2,0.0,0.0,0.0,0.37477982,0.0,1.0,0.27077276,10.0,2.3978953,1.5284663,6.720119,8.8
AraCyc::PWY-5947,1,0.0,0.0,0.0,0.0,1.0,0.0,0.0,0.0,0.2,0.0,0.0,0.0,0.0,0.0,0.0,0.0,0.0,0.0,0.6,0.0,0.0,0.0,0.0,0.0,0.0,0.0,0.0,0.0,0.0,0.0,0.0,0.0,0.0,0.0,0.0,0.0,0.0,0.0,0.0,0.0,0.0,0.0,0.0,0.0,0.0,0.0,0.0,0.0,0.0,0.0,0.0,0.0,0.0,0.0,0.0,0.0,0.0,0.0,0.0,0.0,0.39395106,0.083333336,1.0,0.29887265,5.0,1.7917595,0.936889,2.0591261,7.4
AraCyc::PWY-5957,1,0.0,0.0,0.0,0.0,0.0,0.0,0.0,0.0,0.0,0.0,0.0,0.0,0.0,0.0,0.0,0.0,0.2,0.8,0.0,0.0,0.0,0.0,0.0,0.0,0.0,0.0,0.0,0.0,0.0,0.0,0.0,0.0,0.0,0.0,0.0,0.0,0.0,0.0,0.0,0.0,0.0,0.0,0.0,0.0,0.0,0.0,0.0,0.0,0.0,0.0,0.0,0.0,0.0,0.0,0.0,0.0,0.0,0.0,0.0,0.0,0.625,0.25,1.0,0.23337585,5.0,1.7917595,0.50040364,0.9797959,5.8
AraCyc::PWY-5963,1,0.0,0.0,0.0,0.0,0.5,0.0,0.16666667,0.0,0.0,0.0,0.0,0.0,0.0,0.0,0.0,0.0,0.16666667,0.5,0.0,0.0,0.0,0.0,0.0,0.0,0.0,0.0,0.0,0.0,0.0,0.0,0.0,0.0,0.0,0.0,0.0,0.0,0.0,0.0,0.0,0.0,0.0,0.0,0.0,0.0,0.0,0.0,0.0,0.0,0.0,0.0,0.0,0.0,0.0,0.0,0.0,0.0,0.0,0.0,0.0,0.0,0.3057971,0.0,1.0,0.28427848,6.0,1.9459101,1.2554832,7.3181663,5.6666665
AraCyc::PWY-5971,1,0.0,0.0,0.0,0.03125,0.5625,0.0625,0.125,0.0,0.125,0.0,0.0,0.0,0.0,0.0,0.0,0.0,0.09375,0.09375,0.0,0.0,0.0,0.0,0.0,0.0,0.03125,0.0,0.0,0.0,0.0,0.0,0.0,0.0,0.0,0.0,0.0,0.0,0.0,0.0,0.0,0.0,0.0,0.0,0.0,0.0,0.0,0.0,0.0,0.0,0.0,0.0,0.0,0.0,0.0,0.0,0.0,0.0,0.0,0.0,0.0,0.0,0.12223418,0.0,0.75,0.15719922,32.0,3.4965076,1.6086583,3.0193064,5.59375
AraCyc::PWY-5973,1,0.0,0.0,0.0,0.05263158,0.57894737,0.0,0.15789473,0.0,0.10526316,0.0,0.0,0.0,0.0,0.0,0.0,0.0,0.10526316,0.15789473,0.0,0.0,0.0,0.0,0.0,0.0,0.05263158,0.0,0.0,0.0,0.0,0.0,0.0,0.0,0.0,0.0,0.0,0.0,0.0,0.0,0.0,0.0,0.0,0.0,0.0,0.0,0.0,0.0,0.0,0.0,0.0,0.0,0.0,0.0,0.0,0.0,0.0,0.0,0.0,0.0,0.0,0.0,0.1113945,0.0,1.0,0.18667129,19.0,2.9957323,1.5815338,2.5998082,4.368421
AraCyc::PWY-5980,1,0.0,0.0,0.0,0.0,0.074074075,0.074074075,0.0,0.0,0.0,0.0,0.0,0.0,0.0,0.0,0.0,0.0,0.0,0.18518518,0.0,0.0,0.0,0.0,0.0,0.0,0.0,0.0,0.0,0.0,0.0,0.0,0.0,0.0,0.0,0.0,0.0,0.0,0.0,0.0,0.0,0.0,0.0,0.0,0.0,0.0,0.0,0.0,0.0,0.0,0.0,0.0,0.0,0.0,0.0,0.0,0.0,0.0,0.0,0.0,0.0,0.0,0.4700636,0.21428572,1.0,0.1763417,27.0,3.3322046,0.99503034,2.0231853,6.4074073
AraCyc::PWY-5989,1,0.0,0.0,0.0,0.03125,0.5625,0.0625,0.125,0.0,0.125,0.0,0.0,0.0,0.0,0.0,0.0,0.0,0.09375,0.09375,0.0,0.0,0.0,0.0,0.0,0.0,0.03125,0.0,0.0,0.0,0.0,0.0,0.0,0.0,0.0,0.0,0.0,0.0,0.0,0.0,0.0,0.0,0.0,0.0,0.0,0.0,0.0,0.0,0.0,0.0,0.0,0.0,0.0,0.0,0.0,0.0,0.0,0.0,0.0,0.0,0.0,0.0,0.12223418,0.0,0.75,0.15719922,32.0,3.4965076,1.6086583,3.0193064,5.59375
AraCyc::PWY-5992,1,0.0,0.96428573,0.0,0.0,0.17857143,0.0,0.0,0.0,0.0,0.0,0.0,0.0,0.0,0.0,0.0,0.0,0.25,0.071428575,0.96428573,0.0,0.0,0.0,0.0,0.0,0.0,0.0,0.0,0.0,0.0,0.0,0.0,0.0,0.0,0.0,0.0,0.0,0.0,0.0,0.0,0.0,0.0,0.0,0.0,0.0,0.0,0.0,0.0,0.0,0.0,0.0,0.0,0.0,0.0,0.0,0.0,0.0,0.0,0.0,0.0,0.0,0.716028,0.5,1.0,0.11522122,28.0,3.3672957,1.263184,1.662921,6.857143
AraCyc::PWY-6007,1,0.0,0.9,0.0,0.0,0.1,0.0,0.0,0.0,0.0,0.0,0.0,0.0,0.0,0.0,0.0,0.0,0.4,0.0,0.9,0.0,0.0,0.0,0.0,0.0,0.0,0.0,0.0,0.0,0.0,0.0,0.0,0.0,0.0,0.0,0.0,0.0,0.0,0.0,0.0,0.0,0.0,0.0,0.0,0.0,0.0,0.0,0.0,0.0,0.0,0.0,0.0,0.0,0.0,0.0,0.0,0.0,0.0,0.0,0.0,0.0,0.539434,0.0,1.0,0.30237442,10.0,2.3978953,1.174833,1.1661904,6.8
AraCyc::PWY-601,1,0.0,0.2777778,0.0,0.0,0.027777778,0.083333336,0.5277778,0.0,0.44444445,0.0,0.0,0.0,0.0,0.0,0.0,0.0,0.16666667,0.027777778,0.30555555,0.0,0.11111111,0.0,0.0,0.0,0.0,0.0,0.0,0.0,0.0,0.0,0.0,0.0,0.0,0.0,0.0,0.0,0.0,0.0,0.16666667,0.0,0.027777778,0.0,0.0,0.0,0.0,0.0,0.1388889,0.0,0.0,0.0,0.0,0.0,0.083333336,0.0,0.0,0.0,0.0,0.0,0.0,0.0,0.1834668,0.0,1.0,0.25956583,36.0,3.6109178,2.2288406,3.076569,7.4166665
AraCyc::PWY-6012,1,0.0,0.0,0.0,0.0,0.1,0.0,0.2,0.0,0.0,0.0,0.0,0.0,0.0,0.0,0.0,0.0,0.5,0.2,0.0,0.0,0.0,0.0,0.0,0.0,0.0,0.0,0.0,0.0,0.0,0.0,0.0,0.0,0.0,0.0,0.0,0.0,0.0,0.0,0.0,0.0,0.0,0.0,0.0,0.0,0.0,0.0,0.0,0.0,0.0,0.0,0.0,0.0,0.0,0.0,0.0,0.0,0.0,0.0,0.0,0.0,0.2337037,0.0,1.0,0.29157913,10.0,2.3978953,1.2206085,1.0,3.0
AraCyc::PWY-6014,1,0.0,0.375,0.0,0.0,0.375,0.0,0.0,0.0,0.125,0.0,0.0,0.0,0.0,0.0,0.0,0.0,0.25,0.0,1.0,0.0,0.0,0.0,0.0,0.0,0.0,0.0,0.0,0.0,0.0,0.0,0.0,0.0,0.0,0.0,0.0,0.0,0.0,0.0,0.0,0.0,0.0,0.0,0.0,0.0,0.0,0.0,0.0,0.0,0.0,0.0,0.0,0.0,0.0,0.0,0.0,0.0,0.0,0.0,0.0,0.0,0.43138722,0.26666668,0.71428573,0.12711558,8.0,2.1972246,1.385361,1.9364917,7.5
AraCyc::PWY-6039,1,0.0,0.17857143,0.0,0.0,0.42857143,0.10714286,0.25,0.0,0.32142857,0.0,0.0,0.0,0.0,0.0,0.0,0.0,0.071428575,0.071428575,0.14285715,0.0,0.035714287,0.0,0.0,0.0,0.0,0.0,0.0,0.0,0.0,0.0,0.0,0.0,0.0,0.0,0.0,0.0,0.0,0.0,0.0,0.0,0.0,0.0,0.0,0.0,0.0,0.0,0.0,0.0,0.0,0.0,0.0,0.0,0.0,0.0,0.0,0.0,0.0,0.0,0.0,0.0,0.11368442,0.0,0.6666667,0.15426195,28.0,3.3672957,1.9649729,3.5504742,7.964286
AraCyc::PWY-6040,1,0.0,0.23809524,0.0,0.0,0.52380955,0.14285715,0.2857143,0.0,0.0952381,0.0,0.0,0.0,0.0,0.0,0.0,0.0,0.0,0.0952381,0.1904762,0.0,0.0,0.0,0.0,0.0,0.0,0.0,0.0,0.0,0.0,0.0,0.0,0.0,0.0,0.0,0.0,0.0,0.0,0.0,0.0,0.0,0.0,0.0,0.0,0.0,0.0,0.0,0.0,0.0,0.0,0.0,0.0,0.0,0.0,0.0,0.0,0.0,0.0,0.0,0.0,0.0,0.13983695,0.0,0.6666667,0.16406743,21.0,3.0910425,1.7756538,3.5205905,8.714286
AraCyc::PWY-6051,1,0.0,0.0,0.0,0.0,0.75,0.0,0.0,0.0,0.0,0.0,0.0,0.0,0.0,0.0,0.0,0.0,0.0,0.125,0.0,0.0,0.0,0.0,0.0,0.0,0.0,0.0,0.0,0.0,0.0,0.0,0.0,0.0,0.125,0.0,0.0,0.0,0.0,0.0,0.0,0.0,0.0,0.0,0.0,0.0,0.0,0.0,0.0,0.0,0.0,0.0,0.0,0.0,0.0,0.0,0.0,0.0,0.0,0.0,0.0,0.0,0.29592916,0.11111111,0.75,0.12458112,8.0,2.1972246,0.7356231,2.5,7.0
AraCyc::PWY-6115,1,0.0,0.0,0.0,0.0,0.1,0.0,0.0,0.0,0.0,0.0,0.0,0.0,0.0,0.0,0.0,0.0,0.0,0.0,0.0,0.0,0.0,0.0,0.0,0.0,0.0,0.0,0.0,0.0,0.0,0.0,0.0,0.0,0.0,0.0,0.0,0.0,0.0,0.0,0.0,0.0,0.0,0.0,0.0,0.0,0.0,0.0,0.0,0.0,0.0,0.0,0.0,0.0,0.0,0.0,0.0,0.0,0.0,0.0,0.0,0.0,0.466221,0.2,0.8333333,0.17908941,10.0,2.3978953,1.1458135e-05,1.6881943,6.5
AraCyc::PWY-6117,1,0.0,0.0,0.0,0.0,0.0,0.0,0.6666667,0.0,0.0,0.0,0.0,0.0,0.0,0.0,0.0,0.0,0.0,0.0,0.0,0.0,0.0,0.0,0.0,0.0,0.0,0.0,0.0,0.0,0.0,0.0,0.0,0.0,0.0,0.0,0.0,0.0,0.0,0.0,0.0,0.0,0.0,0.0,0.0,0.0,0.0,0.0,0.0,0.0,0.0,0.0,0.0,0.0,0.0,0.0,0.0,0.0,0.0,0.0,0.0,0.0,0.26794657,0.0,1.0,0.293218,9.0,2.3025851,1.8865652e-06,3.337035,6.4444447
AraCyc::PWY-6118,1,0.0,0.0,0.0,0.0,0.4,0.0,0.6,0.0,0.4,0.0,0.0,0.0,0.0,0.0,0.0,0.0,0.0,0.0,0.0,0.0,0.0,0.0,0.0,0.0,0.0,0.0,0.0,0.0,0.8,0.0,0.0,0.0,0.0,0.0,0.0,0.0,0.0,0.0,0.0,0.0,0.0,0.0,0.0,0.0,0.0,0.0,0.0,0.0,0.0,0.0,0.0,0.0,0.0,0.0,0.0,0.0,0.0,0.0,0.0,0.0,0.3766902,0.05263158,0.7777778,0.2519073,5.0,1.7917595,1.3421137,2.1354156,9.2
AraCyc::PWY-6121,1,0.0,0.0,0.0,0.0,1.0,0.0,0.0,0.42857143,0.14285715,0.0,0.0,0.0,0.0,0.0,0.0,0.0,0.0,0.0,0.0,0.0,0.0,0.0,0.0,0.0,0.0,0.0,0.0,0.0,0.0,0.0,0.0,0.0,0.0,0.0,0.0,0.0,0.0,0.0,0.0,0.0,0.0,0.0,0.0,0.0,0.0,0.0,0.0,0.0,0.0,0.0,0.0,0.0,0.0,0.0,0.0,0.0,0.0,0.0,0.0,0.0,0.32981318,0.16666667,0.625,0.13809624,7.0,2.0794415,0.85996807,1.4142135,7.0
AraCyc::PWY-6124,1,0.0,0.0,0.0,0.0,1.0,0.0,0.0,0.16666667,0.0,0.0,0.0,0.0,0.0,0.0,0.0,0.0,0.0,0.0,0.0,0.0,0.0,0.0,0.0,0.0,0.0,0.0,0.0,0.0,0.0,0.0,0.0,0.0,0.0,0.0,0.0,0.0,0.16666667,0.0,0.0,0.0,0.0,0.0,0.0,0.0,0.0,0.0,0.0,0.0,0.0,0.0,0.0,0.0,0.0,0.0,0.0,0.0,0.0,0.0,0.0,0.0,0.3013394,0.18181819,0.8888889,0.16539313,6.0,1.9459101,0.7356228,1.7950549,7.3333335
AraCyc::PWY-6147,1,0.0,0.0,0.0,0.0,0.33333334,0.0,0.16666667,0.0,0.33333334,0.0,0.0,0.0,0.0,0.0,0.0,0.0,0.0,0.0,0.0,0.0,0.0,0.0,0.0,0.0,0.0,0.0,0.0,0.0,0.0,0.0,0.0,0.0,0.0,0.0,0.0,0.0,0.0,0.0,0.0,0.0,0.0,0.0,0.0,0.0,0.0,0.0,0.0,0.0,0.0,0.0,0.0,0.0,0.0,0.0,0.0,0.0,0.0,0.0,0.0,0.0,0.10547039,0.0,0.5,0.15656963,6.0,1.9459101,1.0549216,2.7335365,6.1666665
AraCyc::PWY-6163,1,0.0,0.0,0.0,0.0,1.0,0.16666667,0.0,0.0,0.5,0.0,0.0,0.0,0.0,0.0,0.0,0.0,0.0,0.0,0.0,0.0,0.0,0.16666667,0.0,0.0,0.0,0.0,0.0,0.0,0.0,0.0,0.0,0.0,0.0,0.0,0.0,0.0,0.0,0.0,0.0,0.0,0.0,0.0,0.0,0.0,0.0,0.0,0.0,0.0,0.0,0.0,0.0,0.0,0.0,0.0,0.0,0.0,0.0,0.0,0.0,0.0,0.30664003,0.16666667,0.9,0.19529013,6.0,1.9459101,1.120951,2.0548046,7.6666665
AraCyc::PWY-6199,1,0.0,0.0,0.0,0.0,0.07692308,0.0,0.84615386,0.0,0.23076923,0.0,0.0,0.0,0.0,0.0,0.0,0.0,0.15384616,0.0,0.0,0.0,0.0,0.0,0.0,0.0,0.0,0.0,0.0,0.0,0.0,0.0,0.0,0.0,0.0,0.0,0.0,0.0,0.0,0.0,0.0,0.0,0.0,0.0,0.0,0.0,0.0,0.0,0.0,0.0,0.0,0.0,0.0,0.0,0.0,0.0,0.0,0.0,0.0,0.0,0.0,0.0,0.32810056,0.0,1.0,0.2882546,13.0,2.6390574,1.0062155,5.594799,5.076923
AraCyc::PWY-621,1,0.0,0.071428575,0.0,0.0,0.42857143,0.21428572,0.39285713,0.25,0.39285713,0.0,0.0,0.0,0.0,0.0,0.0,0.0,0.035714287,0.035714287,0.0,0.0,0.035714287,0.0,0.0,0.0,0.0,0.0,0.0,0.0,0.5,0.0,0.0,0.035714287,0.0,0.0,0.0,0.0,0.0,0.0,0.0,0.0,0.0,0.0,0.0,0.0,0.0,0.0,0.0,0.0,0.0,0.0,0.0,0.0,0.0,0.0,0.0,0.0,0.0,0.0,0.0,0.0,0.13487287,0.0,0.7777778,0.18992187,28.0,3.3672957,2.0363708,4.7962303,9.821428
AraCyc::PWY-6219,1,0.0,0.0,0.0,0.0,0.0,0.0,0.16666667,0.0,0.083333336,0.0,0.0,0.0,0.0,0.0,0.0,0.0,0.16666667,0.0,0.0,0.0,0.0,0.0,0.0,0.0,0.0,0.0,0.0,0.0,0.0,0.0,0.0,0.0,0.0,0.0,0.0,0.0,0.0,0.0,0.0,0.0,0.0,0.0,0.0,0.0,0.0,0.0,0.0,0.0,0.0,0.0,0.0,0.0,0.0,0.0,0.0,0.0,0.0,0.0,0.0,0.0,0.30104017,0.0,1.0,0.24628316,12.0,2.5649493,1.0549228,1.8408935,3.3333333
AraCyc::PWY-622,1,0.0,0.0,0.0,0.0,0.9,0.15,0.2,0.0,0.3,0.0,0.0,0.0,0.0,0.0,0.0,0.0,0.05,0.0,0.0,0.0,0.0,0.0,0.0,0.0,0.0,0.0,0.0,0.0,0.4,0.0,0.0,0.0,0.0,0.0,0.0,0.0,0.05,0.0,0.0,0.0,0.0,0.0,0.0,0.05,0.0,0.0,0.0,0.0,0.0,0.0,0.0,0.0,0.0,0.0,0.0,0.0,0.0,0.0,0.0,0.0,0.20033057,0.0,1.0,0.20625615,20.0,3.0445225,1.6363893,3.5693138,8.4
AraCyc::PWY-6266-ARA,1,0.0,0.02631579,0.0,0.0,0.47368422,0.0,0.02631579,0.0,0.078947365,0.0,0.0,0.0,0.0,0.0,0.0,0.0,0.0,0.21052632,0.0,0.0,0.0,0.0,0.0,0.0,0.0,0.0,0.0,0.0,0.0,0.0,0.0,0.0,0.02631579,0.0,0.0,0.0,0.0,0.0,0.0,0.0,0.0,0.0,0.0,0.0,0.0,0.0,0.0,0.0,0.0,0.0,0.0,0.0,0.0,0.0,0.0,0.0,0.0,0.0,0.0,0.0,0.30199912,0.09090909,0.75,0.14530306,38.0,3.6635616,1.2170478,2.569936,6.0263157
AraCyc::PWY-63,1,0.0,0.0,0.0,0.0,0.0,0.0,0.0,0.0,0.0,0.0,0.0,0.0,0.0,0.0,0.0,0.0,0.2,0.0,0.0,0.0,0.0,0.2,0.0,0.0,0.0,0.0,0.0,0.0,0.0,0.0,0.0,0.0,0.0,0.0,0.0,0.0,0.0,0.0,0.0,0.0,0.0,0.0,0.0,0.0,0.0,0.0,0.0,0.0,0.0,0.0,0.8,0.0,0.0,0.0,0.0,0.0,0.0,0.0,0.0,0.0,0.4538889,0.0,1.0,0.3834062,5.0,1.7917595,0.8675642,2.4,7.2
AraCyc::PWY-6303,1,0.0,0.0,0.0,0.0,0.0,0.22222222,0.22222222,0.0,0.11111111,0.0,0.0,0.0,0.0,0.0,0.0,0.0,0.0,0.5555556,0.0,0.0,0.0,0.0,0.0,0.0,0.0,0.0,0.0,0.0,0.0,0.0,0.0,0.0,0.0,0.0,0.0,0.0,0.0,0.0,0.0,0.0,0.0,0.0,0.0,0.0,0.0,0.0,0.0,0.0,0.0,0.0,0.0,0.0,0.0,0.0,0.0,0.0,0.0,0.0,0.0,0.0,0.24391127,0.0,0.6923077,0.17068134,9.0,2.3025851,1.2206084,2.9355211,8.777778
AraCyc::PWY-6317,1,0.0,0.0,0.0,0.0,0.5714286,0.0,0.5714286,0.14285715,0.71428573,0.0,0.0,0.0,0.0,0.0,0.0,0.0,0.2857143,0.0,0.0,0.0,0.0,0.0,0.0,0.0,0.0,0.0,0.0,0.0,0.85714287,0.0,0.0,0.0,0.0,0.0,0.0,0.0,0.14285715,0.0,0.0,0.0,0.0,0.0,0.0,0.0,0.0,0.0,0.0,0.0,0.0,0.0,0.14285715,0.0,0.0,0.0,0.0,0.0,0.0,0.0,0.0,0.0,0.25390777,0.0,0.6363636,0.20028582,7.0,2.0794415,1.8749543,2.9760952,8.0
AraCyc::PWY-6348,1,0.0,0.0,0.0,0.0,0.23529412,0.0,0.029411765,0.0,0.029411765,0.0,0.0,0.0,0.0,0.0,0.0,0.0,0.0,0.05882353,0.0,0.0,0.0,0.0,0.0,0.0,0.0,0.0,0.0,0.0,0.029411765,0.0,0.0,0.0,0.0,0.0,0.029411765,0.0,0.0,0.0,0.0,0.05882353,0.0,0.0,0.0,0.0,0.0,0.0,0.0,0.0,0.0,0.0,0.0,0.0,0.0,0.0,0.0,0.0,0.0,0.0,0.0,0.0,0.30107298,0.0,1.0,0.27237466,34.0,3.5553482,1.5595833,2.3611987,5.2058825
AraCyc::PWY-6351,1,0.0,0.325,0.0,0.0,0.125,0.125,0.3,0.225,0.175,0.0,0.0,0.0,0.175,0.0,0.0,0.025,0.15,0.15,0.0,0.0,0.0,0.0,0.0,0.0,0.0,0.0,0.0,0.0,0.025,0.0,0.0,0.0,0.0,0.0,0.0,0.0,0.0,0.0,0.0,0.0,0.0,0.0,0.0,0.0,0.0,0.0,0.0,0.0,0.0,0.0,0.0,0.0,0.0,0.0,0.0,0.0,0.0,0.0,0.0,0.0,0.120365,0.0,1.0,0.1726843,40.0,3.713572,2.2242155,4.3068986,7.275
AraCyc::PWY-6352,1,0.0,0.33333334,0.0,0.0,0.102564104,0.17948718,0.3846154,0.33333334,0.12820514,0.0,0.0,0.0,0.0,0.025641026,0.0,0.051282052,0.15384616,0.15384616,0.0,0.0,0.0,0.0,0.0,0.0,0.0,0.0,0.0,0.0,0.025641026,0.0,0.0,0.0,0.0,0.0,0.0,0.0,0.0,0.0,0.0,0.0,0.0,0.0,0.0,0.0,0.0,0.0,0.0,0.0,0.0,0.0,0.0,0.0,0.0,0.0,0.0,0.0,0.0,0.0,0.0,0.0,0.102649756,0.0,1.0,0.15953207,39.0,3.6888795,2.1341507,5.4668927,8.102564
AraCyc::PWY-6358,1,0.0,0.0,0.0,0.0,0.4,0.1,0.7,0.0,0.0,0.0,0.0,0.0,0.0,0.0,0.0,0.0,0.0,0.0,0.0,0.1,0.0,0.0,0.0,0.0,0.0,0.0,0.0,0.0,0.0,0.0,0.0,0.0,0.0,0.0,0.2,0.0,0.0,0.0,0.0,0.0,0.0,0.0,0.0,0.0,0.0,0.0,0.0,0.0,0.0,0.0,0.0,0.0,0.0,0.0,0.0,0.0,0.0,0.0,0.0,0.0,0.18412875,0.0,0.71428573,0.20462583,10.0,2.3978953,1.3378614,6.3757353,10.5
AraCyc::PWY-6363,1,0.0,0.0,0.0,0.0,0.4,0.1,0.7,0.0,0.0,0.0,0.0,0.0,0.0,0.0,0.0,0.0,0.0,0.0,0.0,0.1,0.0,0.0,0.0,0.0,0.0,0.0,0.0,0.0,0.0,0.0,0.0,0.0,0.0,0.0,0.2,0.0,0.0,0.0,0.0,0.0,0.0,0.0,0.0,0.0,0.0,0.0,0.0,0.0,0.0,0.0,0.0,0.0,0.0,0.0,0.0,0.0,0.0,0.0,0.0,0.0,0.18412875,0.0,0.71428573,0.20462583,10.0,2.3978953,1.3378614,6.3757353,10.5
AraCyc::PWY-6364,1,0.0,0.0,0.0,0.0,0.0,0.2,0.8,0.0,0.0,0.0,0.0,0.0,0.0,0.0,0.0,0.0,0.0,0.0,0.0,0.0,0.0,0.0,0.0,0.0,0.0,0.0,0.0,0.0,0.0,0.0,0.0,0.0,0.0,0.0,0.4,0.0,0.0,0.0,0.0,0.0,0.0,0.0,0.0,0.0,0.0,0.0,0.0,0.0,0.0,0.0,0.0,0.0,0.0,0.0,0.0,0.0,0.0,0.0,0.0,0.0,0.37755617,0.1923077,0.625,0.13102151,5.0,1.7917595,0.95570076,4.1761227,11.6
AraCyc::PWY-6367,1,0.0,0.0,0.0,0.0,0.1,0.0,0.2,0.0,0.2,0.0,0.0,0.0,0.7,0.0,0.0,0.0,0.0,0.0,0.0,0.0,0.0,0.0,0.0,0.0,0.0,0.0,0.0,0.0,0.0,0.0,0.0,0.0,0.0,0.0,0.0,0.0,0.0,0.0,0.0,0.0,0.0,0.0,0.0,0.0,0.0,0.0,0.0,0.0,0.0,0.0,0.0,0.0,0.0,0.0,0.0,0.0,0.0,0.0,0.0,0.0,0.39601776,0.0,1.0,0.31250274,10.0,2.3978953,1.1187443,2.118962,8.1
AraCyc::PWY-6369,1,0.0,0.0,0.0,0.0,0.0,0.0,0.3,0.6,0.2,0.0,0.0,0.0,0.0,0.0,0.0,0.0,0.4,0.3,0.0,0.0,0.0,0.2,0.0,0.0,0.0,0.0,0.0,0.0,0.0,0.0,0.0,0.0,0.0,0.0,0.0,0.0,0.0,0.0,0.0,0.0,0.0,0.0,0.0,0.0,0.0,0.0,0.0,0.0,0.0,0.0,0.0,0.0,0.0,0.0,0.0,0.0,0.0,0.0,0.0,0.0,0.23151246,0.0,1.0,0.3060073,10.0,2.3978953,1.712733,4.8631268,9.5
AraCyc::PWY-641,1,0.0,0.0,0.0,0.0,0.22222222,0.0,0.7777778,0.0,0.22222222,0.0,0.0,0.0,0.0,0.0,0.0,0.0,0.22222222,0.11111111,0.0,0.0,0.0,0.0,0.0,0.0,0.0,0.0,0.0,0.0,0.0,0.0,0.0,0.0,0.0,0.0,0.0,0.0,0.0,0.0,0.0,0.0,0.0,0.0,0.0,0.0,0.0,0.0,0.0,0.0,0.0,0.0,0.0,0.0,0.0,0.0,0.44444445,0.0,0.0,0.0,0.0,0.0,0.20064415,0.0,1.0,0.3046701,9.0,2.3025851,1.594515,2.3147407,5.4444447
AraCyc::PWY-6441,1,0.0,0.0,0.0,0.0,0.0,0.0,0.4,0.0,0.0,0.0,0.0,0.0,0.0,0.0,0.0,0.0,0.0,0.0,0.0,0.0,0.0,0.0,0.0,0.0,0.0,0.0,0.0,0.0,0.0,0.0,0.0,0.0,0.0,0.0,0.0,0.0,0.0,0.0,0.0,0.0,0.0,0.0,0.0,0.0,0.0,0.0,0.0,0.0,0.0,0.0,0.0,0.0,0.0,0.0,0.0,0.0,0.0,0.0,0.0,0.0,0.5474997,0.23076923,0.8181818,0.17305513,5.0,1.7917595,3.0689685e-06,1.3266499,9.2
AraCyc::PWY-6444,1,0.0,0.0,0.0,0.0,0.0,0.8,1.0,0.0,0.2,0.0,0.0,0.0,0.0,0.0,0.0,0.0,0.0,0.0,0.0,0.0,0.0,0.0,0.0,0.0,0.0,0.0,0.0,0.0,0.0,0.0,0.0,0.0,0.0,0.0,0.0,0.0,0.0,0.0,0.2,0.0,0.0,0.0,0.0,0.0,0.0,0.0,0.0,0.0,0.0,0.0,0.0,0.0,0.0,0.0,0.0,0.0,0.0,0.0,0.0,0.0,0.43985453,0.028571429,0.9230769,0.344452,5.0,1.7917595,1.1622261,3.5777087,14.0
AraCyc::PWY-6475,1,0.0,0.0,0.0,0.0,1.0,0.2,0.0,0.0,0.0,0.0,0.0,0.0,0.0,0.0,0.0,0.0,0.0,0.0,0.0,0.0,0.0,0.0,0.0,0.0,0.0,0.0,0.0,0.0,0.0,0.0,0.0,0.0,0.0,0.0,0.0,0.0,0.0,0.0,0.0,0.0,0.0,0.0,0.0,0.0,0.0,0.0,0.0,0.0,0.0,0.0,0.0,0.0,0.0,0.0,0.0,0.0,0.0,0.0,0.0,0.0,0.21550977,0.071428575,0.4,0.10477035,5.0,1.7917595,0.45056224,2.9257479,5.8
AraCyc::PWY-6527,1,0.0,0.0,0.0,0.0,0.25,0.0,0.5,0.125,0.5,0.0,0.0,0.0,0.0,0.0,0.0,0.0,0.125,0.0,0.0,0.0,0.0,0.125,0.0,0.0,0.0,0.0,0.0,0.0,0.25,0.0,0.0,0.0,0.0,0.0,0.0,0.0,0.0,0.0,0.0,0.0,0.0,0.0,0.0,0.0,0.0,0.0,0.0,0.0,0.0,0.0,0.25,0.0,0.0,0.0,0.0,0.0,0.0,0.0,0.0,0.0,0.0796867,0.0,0.375,0.1030104,8.0,2.1972246,1.9361999,4.106017,9.125
AraCyc::PWY-6544,1,0.0,0.71428573,0.0,0.0,0.2857143,0.14285715,0.0,0.0,0.0,0.0,0.0,0.0,0.0,0.0,0.0,0.0,0.0,0.14285715,0.85714287,0.0,0.0,0.0,0.0,0.0,0.0,0.0,0.0,0.0,0.0,0.0,0.0,0.0,0.0,0.0,0.0,0.0,0.0,0.0,0.0,0.0,0.0,0.0,0.0,0.0,0.0,0.0,0.0,0.0,0.0,0.0,0.0,0.0,0.0,0.0,0.0,0.0,0.0,0.0,0.0,0.0,0.29636887,0.04761905,0.75,0.16983242,7.0,2.0794415,1.362448,2.373321,12.714286
AraCyc::PWY-6546,1,0.0,0.72727275,0.0,0.0,0.18181819,0.0,0.27272728,0.0,0.09090909,0.0,0.0,0.0,0.0,0.0,0.0,0.0,0.09090909,0.18181819,0.6363636,0.0,0.0,0.0,0.0,0.0,0.0,0.0,0.0,0.0,0.0,0.0,0.0,0.0,0.0,0.0,0.0,0.0,0.0,0.0,0.0,0.0,0.0,0.0,0.0,0.0,0.0,0.0,0.0,0.0,0.0,0.0,0.0,0.0,0.0,0.0,0.0,0.0,0.0,0.0,0.0,0.0,0.25080234,0.0,0.8,0.27471825,11.0,2.4849067,1.6644989,2.307014,7.3636365
AraCyc::PWY-6549,1,0.0,0.0,0.0,0.0,0.5185185,0.18518518,0.33333334,0.14814815,0.5925926,0.0,0.0,0.0,0.0,0.0,0.0,0.0,0.074074075,0.037037037,0.0,0.0,0.0,0.0,0.0,0.0,0.0,0.0,0.0,0.0,0.0,0.0,0.0,0.0,0.0,0.0,0.0,0.0,0.0,0.0,0.0,0.0,0.0,0.0,0.0,0.0,0.0,0.0,0.0,0.0,0.0,0.0,0.0,0.0,0.0,0.0,0.0,0.0,0.0,0.0,0.0,0.0,0.124872744,0.0,0.8,0.14908248,27.0,3.3322046,1.6561025,4.4969125,8.666667
AraCyc::PWY-6554,1,0.0,0.0,0.0,0.0,0.0,0.0,0.16666667,0.8333333,0.0,0.0,0.0,0.0,0.0,0.0,0.0,0.0,0.33333334,0.25,0.0,0.0,0.0,0.16666667,0.0,0.0,0.0,0.0,0.0,0.0,0.0,0.0,0.0,0.0,0.0,0.0,0.0,0.0,0.0,0.0,0.0,0.0,0.0,0.0,0.0,0.0,0.0,0.0,0.0,0.0,0.0,0.0,0.0,0.0,0.0,0.0,0.0,0.0,0.0,0.0,0.0,0.0,0.25428975,0.0,1.0,0.26335603,12.0,2.5649493,1.3950253,4.2516336,8.916667
AraCyc::PWY-6556,1,0.0,0.0,0.0,0.0,0.2,0.1,0.2,0.0,0.9,0.0,0.0,0.0,0.0,0.0,0.0,0.0,0.0,0.0,0.0,0.0,0.0,0.0,0.0,0.0,0.0,0.0,0.0,0.0,0.0,0.0,0.0,0.0,0.0,0.0,0.0,0.0,0.0,0.0,0.0,0.0,0.0,0.0,0.0,0.0,0.0,0.0,0.0,0.0,0.0,0.0,0.0,0.0,0.0,0.0,0.0,0.0,0.0,0.0,0.0,0.0,0.52062124,0.0952381,1.0,0.3061375,10.0,2.3978953,1.0285146,2.4576411,7.4
AraCyc::PWY-6595,1,0.0,0.0,0.0,0.0,0.36842105,0.05263158,0.42105263,0.0,0.21052632,0.0,0.0,0.0,0.0,0.0,0.0,0.0,0.31578946,0.15789473,0.0,0.0,0.0,0.0,0.0,0.0,0.0,0.0,0.0,0.0,0.0,0.0,0.0,0.0,0.0,0.0,0.0,0.0,0.0,0.0,0.0,0.0,0.0,0.0,0.0,0.0,0.0,0.0,0.0,0.0,0.0,0.0,0.0,0.0,0.0,0.0,0.0,0.0,0.0,0.0,0.0,0.0,0.0938874,0.0,1.0,0.17265719,19.0,2.9957323,1.6483836,3.7982354,5.6842103
AraCyc::PWY-6596,1,0.0,0.04761905,0.0,0.0,0.42857143,0.14285715,0.3809524,0.0,0.23809524,0.0,0.0,0.0,0.0,0.0,0.0,0.0,0.2857143,0.14285715,0.0,0.0,0.0,0.04761905,0.0,0.0,0.0,0.0,0.0,0.0,0.0,0.0,0.0,0.0,0.0,0.0,0.0,0.0,0.0,0.0,0.0,0.0,0.0,0.0,0.0,0.0,0.0,0.0,0.0,0.0,0.0,0.0,0.0,0.0,0.0,0.0,0.0,0.0,0.0,0.0,0.0,0.0,0.08351358,0.0,1.0,0.16220789,21.0,3.0910425,1.8668536,4.12118,6.6666665
AraCyc::PWY-6599,1,0.0,0.0,0.0,0.0,0.2,0.2,0.6,0.0,0.2,0.0,0.0,0.0,0.0,0.0,0.0,0.0,0.4,0.2,0.0,0.0,0.0,0.0,0.0,0.0,0.0,0.0,0.0,0.0,0.0,0.0,0.0,0.0,0.0,0.0,0.2,0.0,0.0,0.0,0.0,0.0,0.0,0.0,0.0,0.0,0.0,0.0,0.0,0.0,0.0,0.0,0.0,0.0,0.0,0.0,0.0,0.0,0.0,0.0,0.0,0.0,0.10885706,0.0,0.42857143,0.11675369,5.0,1.7917595,1.8343725,3.5552778,8.4
AraCyc::PWY-6605,1,0.0,0.0,0.0,0.0,0.22222222,0.11111111,0.7777778,0.0,0.44444445,0.0,0.0,0.0,0.0,0.0,0.0,0.0,0.22222222,0.11111111,0.0,0.0,0.0,0.0,0.0,0.0,0.0,0.0,0.0,0.0,0.0,0.0,0.0,0.0,0.0,0.0,0.0,0.0,0.0,0.0,0.0,0.0,0.0,0.0,0.0,0.0,0.0,0.0,0.0,0.0,0.0,0.0,0.0,0.0,0.0,0.0,0.0,0.0,0.0,0.0,0.0,0.0,0.22310424,0.0,1.0,0.27062714,9.0,2.3025851,1.5426764,3.7745085,7.5555553
AraCyc::PWY-6606,1,0.0,0.0,0.0,0.0,0.4117647,0.05882353,0.3529412,0.0,0.1764706,0.0,0.0,0.0,0.0,0.0,0.0,0.0,0.3529412,0.1764706,0.0,0.0,0.0,0.0,0.0,0.0,0.0,0.0,0.0,0.0,0.0,0.0,0.0,0.0,0.0,0.0,0.0,0.0,0.0,0.0,0.0,0.0,0.0,0.0,0.0,0.0,0.0,0.0,0.0,0.0,0.0,0.0,0.0,0.0,0.0,0.0,0.0,0.0,0.0,0.0,0.0,0.0,0.09623623,0.0,1.0,0.1781015,17.0,2.8903718,1.6537066,3.8796782,5.647059
AraCyc::PWY-6607,1,0.0,0.0,0.0,0.0,0.36842105,0.05263158,0.42105263,0.0,0.21052632,0.0,0.0,0.0,0.0,0.0,0.0,0.0,0.31578946,0.15789473,0.0,0.0,0.0,0.0,0.0,0.0,0.0,0.0,0.0,0.0,0.0,0.0,0.0,0.0,0.0,0.0,0.0,0.0,0.0,0.0,0.0,0.0,0.0,0.0,0.0,0.0,0.0,0.0,0.0,0.0,0.0,0.0,0.0,0.0,0.0,0.0,0.0,0.0,0.0,0.0,0.0,0.0,0.0938874,0.0,1.0,0.17265719,19.0,2.9957323,1.6483836,3.7982354,5.6842103
AraCyc::PWY-6612,1,0.0,0.0,0.0,0.0,0.53333336,0.06666667,0.33333334,0.06666667,0.13333334,0.0,0.0,0.0,0.0,0.0,0.0,0.0,0.0,0.0,0.0,0.0,0.0,0.06666667,0.0,0.0,0.0,0.0,0.0,0.0,0.0,0.0,0.0,0.0,0.0,0.0,0.0,0.0,0.0,0.0,0.0,0.0,0.0,0.0,0.0,0.0,0.0,0.0,0.0,0.0,0.0,0.0,0.0,0.0,0.0,0.0,0.0,0.0,0.0,0.0,0.0,0.0,0.11215695,0.0,0.7777778,0.14454082,15.0,2.7725887,1.442094,2.958979,6.6666665
AraCyc::PWY-6613,1,0.0,0.0,0.0,0.0,0.8,0.0,0.6,0.0,0.2,0.0,0.0,0.0,0.0,0.0,0.0,0.0,0.0,0.0,0.0,0.0,0.0,0.0,0.0,0.0,0.0,0.0,0.0,0.0,0.0,0.0,0.0,0.0,0.0,0.0,0.0,0.0,0.0,0.0,0.0,0.0,0.0,0.0,0.0,0.0,0.0,0.0,0.0,0.0,0.0,0.0,0.0,0.0,0.0,0.0,0.0,0.0,0.0,0.0,0.0,0.0,0.3938889,0.1,0.7777778,0.22253458,5.0,1.7917595,0.9743155,1.7204651,6.2
AraCyc::PWY-6614,1,0.0,0.0,0.0,0.0,0.5555556,0.11111111,0.44444445,0.11111111,0.11111111,0.0,0.0,0.0,0.0,0.0,0.0,0.0,0.0,0.0,0.0,0.0,0.0,0.11111111,0.0,0.0,0.0,0.0,0.0,0.0,0.0,0.0,0.0,0.0,0.0,0.0,0.0,0.0,0.0,0.0,0.0,0.0,0.0,0.0,0.0,0.0,0.0,0.0,0.0,0.0,0.0,0.0,0.0,0.0,0.0,0.0,0.0,0.0,0.0,0.0,0.0,0.0,0.1581532,0.0,0.7777778,0.2009677,9.0,2.3025851,1.5193834,3.2659864,6.6666665
AraCyc::PWY-6622,1,0.0,0.5,0.0,0.0,0.33333334,0.33333334,0.0,0.0,0.0,0.0,0.0,0.16666667,0.0,0.0,0.0,0.0,0.0,0.0,0.0,0.0,0.0,0.0,0.0,0.0,0.0,0.0,0.0,0.0,0.0,0.0,0.0,0.0,0.0,0.0,0.0,0.0,0.0,0.0,0.0,0.0,0.0,0.0,0.0,0.0,0.0,0.0,0.0,0.0,0.0,0.0,0.0,0.0,0.0,0.0,0.0,0.0,0.0,0.0,0.0,0.0,0.19824561,0.0,1.0,0.2716365,6.0,1.9459101,1.3208892,4.3204937,8.0
AraCyc::PWY-6663,1,0.125,0.375,0.0,0.125,0.0,0.125,0.0,0.0,0.0,0.0,0.0,0.0,0.0,0.0,0.0,0.0,0.0,0.25,0.25,0.0,0.0,0.125,0.0,0.0,0.0,0.0,0.0,0.0,0.0,0.0,0.0,0.0,0.0,0.0,0.0,0.0,0.0,0.0,0.0,0.0,0.0,0.0,0.0,0.0,0.0,0.0,0.0,0.0,0.0,0.0,0.0,0.0,0.0,0.0,0.0,0.0,0.0,0.0,0.0,0.0,0.13456209,0.0,0.625,0.16320498,8.0,2.1972246,1.846221,2.5495098,8.0
AraCyc::PWY-6691,1,0.0,0.0,0.0,0.0,0.8235294,0.23529412,0.7647059,0.0,0.05882353,0.0,0.0,0.0,0.0,0.0,0.0,0.0,0.05882353,0.0,0.0,0.0,0.0,0.05882353,0.0,0.0,0.0,0.0,0.0,0.0,0.0,0.0,0.0,0.0,0.0,0.0,0.0,0.0,0.0,0.0,0.0,0.0,0.0,0.0,0.0,0.0,0.0,0.0,0.0,0.0,0.0,0.0,0.0,0.0,0.0,0.0,0.0,0.0,0.0,0.0,0.0,0.0,0.42203733,0.0,1.0,0.3803335,17.0,2.8903718,1.295881,3.1425202,10.6470585
AraCyc::PWY-6710,1,0.0,0.375,0.0,0.0,0.375,0.0,0.0,0.0,0.125,0.0,0.0,0.0,0.0,0.0,0.0,0.0,0.25,0.0,1.0,0.0,0.0,0.0,0.0,0.0,0.0,0.0,0.0,0.0,0.0,0.0,0.0,0.0,0.0,0.0,0.0,0.0,0.0,0.0,0.0,0.0,0.0,0.0,0.0,0.0,0.0,0.0,0.0,0.0,0.0,0.0,0.0,0.0,0.0,0.0,0.0,0.0,0.0,0.0,0.0,0.0,0.43138722,0.26666668,0.71428573,0.12711558,8.0,2.1972246,1.385361,1.9364917,7.5
AraCyc::PWY-6717,1,0.0,0.04,0.0,0.0,0.12,0.0,0.0,0.0,0.12,0.0,0.0,0.0,0.0,0.0,0.0,0.0,0.12,0.08,0.0,0.0,0.0,0.0,0.0,0.0,0.0,0.0,0.0,0.0,0.8,0.0,0.0,0.0,0.0,0.0,0.0,0.0,0.0,0.0,0.0,0.04,0.0,0.0,0.0,0.08,0.0,0.0,0.0,0.0,0.0,0.0,0.0,0.0,0.0,0.0,0.0,0.0,0.0,0.0,0.0,0.0,0.27825803,0.0,1.0,0.2848497,25.0,3.2580965,1.4817847,2.9664793,6.6
AraCyc::PWY-6724,1,0.0,0.0,0.0,0.0,0.875,0.25,0.125,0.25,0.125,0.0,0.0,0.0,0.0,0.0,0.0,0.0,0.0,0.0,0.0,0.0,0.0,0.0,0.0,0.0,0.0,0.0,0.0,0.0,0.25,0.0,0.0,0.0,0.0,0.0,0.0,0.0,0.0,0.0,0.0,0.0,0.0,0.0,0.0,0.125,0.0,0.0,0.0,0.0,0.0,0.0,0.0,0.0,0.0,0.0,0.0,0.0,0.0,0.0,0.0,0.0,0.1582947,0.0,0.41666666,0.10921322,8.0,2.1972246,1.6613234,3.0388114,8.375
AraCyc::PWY-6733,1,0.0,0.225,0.0,0.0,0.35,0.1,0.1,0.0,0.125,0.0,0.0,0.0,0.0,0.0,0.0,0.0,0.1,0.175,0.225,0.0,0.0,0.0,0.0,0.0,0.0,0.0,0.0,0.0,0.0,0.0,0.0,0.0,0.0,0.0,0.0,0.0,0.0,0.0,0.0,0.0,0.0,0.0,0.0,0.0,0.0,0.0,0.0,0.0,0.0,0.0,0.0,0.0,0.0,0.0,0.0,0.0,0.0,0.0,0.0,0.0,0.11628014,0.0,0.8181818,0.17085238,40.0,3.713572,1.9753357,3.4132097,7.5
AraCyc::PWY-6745,1,0.0,0.0,0.0,0.0,0.33333334,0.0,0.0,0.0,0.16666667,0.0,0.0,0.0,0.0,0.0,0.0,0.0,0.0,0.0,0.0,0.0,0.0,0.0,0.0,0.0,0.0,0.0,0.0,0.0,0.0,0.0,0.0,0.0,0.0,0.0,0.0,0.0,0.0,0.0,0.0,0.0,0.0,0.0,0.0,0.0,0.0,0.0,0.0,0.0,0.0,0.0,0.0,0.0,0.5,0.0,0.0,0.0,0.0,0.0,0.0,0.0,0.1739685,0.0,0.6,0.16561875,6.0,1.9459101,1.0114055,5.34374,8.666667
AraCyc::PWY-6754,1,0.0,0.0,0.0,0.0,0.16666667,0.0,0.33333334,0.0,0.5,0.0,0.0,0.0,0.0,0.0,0.0,0.0,0.0,0.16666667,0.0,0.0,0.0,0.0,0.0,0.0,0.0,0.0,0.0,0.0,0.0,0.0,0.0,0.0,0.0,0.0,0.0,0.0,0.0,0.0,0.0,0.0,0.0,0.0,0.0,0.0,0.0,0.0,0.0,0.0,0.0,0.0,0.0,0.0,0.0,0.0,0.0,0.0,0.0,0.0,0.0,0.0,0.32518518,0.0,0.8,0.28249457,6.0,1.9459101,1.2770352,1.6749793,4.8333335
AraCyc::PWY-6773,1,0.0,0.85714287,0.0,0.0,0.21428572,0.0,0.0,0.0,0.071428575,0.0,0.0,0.0,0.0,0.0,0.0,0.0,0.0,0.0,0.0,0.0,0.0,0.0,0.0,0.0,0.0,0.0,0.0,0.0,0.0,0.0,0.0,0.0,0.0,0.0,0.0,0.0,0.0,0.0,0.0,0.0,0.0,0.0,0.0,0.0,0.0,0.0,0.0,0.0,0.0,0.0,0.0,0.0,0.0,0.0,0.0,0.0,0.0,0.0,0.0,0.0,0.37639314,0.0,1.0,0.2722574,14.0,2.7080503,0.70291996,4.604789,8.285714
AraCyc::PWY-6786,1,0.0,0.0,0.0,0.0,0.4375,0.125,0.5625,0.0,0.3125,0.0,0.0,0.0,0.0,0.0,0.0,0.0,0.3125,0.0625,0.0,0.0,0.0,0.0,0.0,0.0,0.0,0.0,0.0,0.0,0.0,0.0,0.0,0.0,0.0,0.0,0.0,0.0,0.0625,0.0,0.0,0.0,0.0,0.0,0.0,0.0,0.0,0.0,0.0,0.0,0.0,0.0,0.0,0.0,0.0,0.0,0.0,0.0,0.0,0.0,0.0,0.0,0.15645735,0.0,1.0,0.19595921,16.0,2.8332133,1.7052958,3.0612242,5.4375
AraCyc::PWY-6787,1,0.0,0.0,0.0,0.0,0.29411766,0.14705883,0.64705884,0.0,0.0882353,0.0,0.0,0.0,0.0,0.0,0.0,0.0,0.11764706,0.029411765,0.029411765,0.0,0.0,0.0,0.0,0.0,0.0,0.0,0.0,0.0,0.0,0.05882353,0.0,0.0,0.0,0.0,0.0,0.0,0.0,0.0,0.0,0.0,0.0,0.0,0.0,0.0,0.0,0.05882353,0.0,0.0,0.0,0.0,0.0,0.0,0.0,0.0,0.0,0.0,0.0,0.0,0.0,0.0,0.14321904,0.0,0.8,0.17714207,34.0,3.5553482,1.6982322,3.6966505,5.7352943
AraCyc::PWY-6792,1,0.0,0.0,0.0,0.0,0.18181819,0.0,0.45454547,0.0,0.6363636,0.0,0.0,0.0,0.0,0.0,0.0,0.0,0.18181819,0.0,0.0,0.0,0.18181819,0.0,0.0,0.0,0.0,0.0,0.0,0.0,0.0,0.0,0.0,0.0,0.0,0.0,0.0,0.0,0.0,0.0,0.0,0.0,0.0,0.0,0.0,0.0,0.0,0.0,0.0,0.0,0.0,0.0,0.0,0.0,0.0,0.0,0.0,0.0,0.0,0.0,0.0,0.0,0.18919568,0.0,1.0,0.20760697,11.0,2.4849067,1.4555144,2.4257572,5.4545455
AraCyc::PWY-6803,1,0.0,0.017857144,0.0,0.0,0.4107143,0.071428575,0.125,0.0,0.10714286,0.0,0.0,0.0,0.0,0.0,0.0,0.0,0.071428575,0.05357143,0.0,0.0,0.0,0.0,0.0,0.0,0.0,0.0,0.0,0.0,0.0,0.0,0.0,0.0,0.0,0.0,0.0,0.0,0.0,0.0,0.0,0.0,0.0,0.0,0.0,0.0,0.0,0.017857144,0.0,0.0,0.0,0.0,0.0,0.0,0.0,0.0,0.0,0.0,0.0,0.0,0.0,0.0,0.11281735,0.0,0.6666667,0.14421462,56.0,4.0430512,1.6290768,3.740592,6.839286
AraCyc::PWY-6837,1,0.0,0.0,0.0,0.0,0.1,0.0,0.6,0.0,0.3,0.0,0.0,0.0,0.0,0.0,0.0,0.0,0.0,0.1,0.0,0.0,0.0,0.0,0.0,0.0,0.0,0.0,0.0,0.0,0.0,0.0,0.0,0.0,0.0,0.0,0.1,0.0,0.0,0.0,0.0,0.0,0.0,0.0,0.0,0.0,0.0,0.0,0.0,0.0,0.0,0.0,0.0,0.0,0.0,0.0,0.0,0.0,0.0,0.0,0.0,0.0,0.21262182,0.0,0.71428573,0.18472068,10.0,2.3978953,1.3143748,5.480876,8.4
AraCyc::PWY-6842,1,0.0,0.18072289,0.0,0.0,0.21686748,0.04819277,0.61445785,0.15662651,0.61445785,0.036144577,0.0,0.0,0.0,0.0,0.0,0.0,0.04819277,0.024096385,0.0,0.0,0.036144577,0.0,0.0,0.0,0.0,0.0,0.0,0.0,0.0,0.024096385,0.0,0.0,0.0,0.0,0.0,0.0,0.012048192,0.0,0.0,0.060240965,0.012048192,0.0,0.0,0.0,0.0,0.012048192,0.0,0.0,0.0,0.0,0.0,0.0,0.37349397,0.0,0.0,0.0,0.0,0.0,0.0,0.0,0.26192954,0.0,0.8333333,0.23378322,83.0,4.4308167,2.0937743,4.994641,7.6626506
AraCyc::PWY-6908,1,0.0,0.0,0.0,0.0,0.71428573,0.0,0.0,0.2857143,0.2857143,0.0,0.0,0.0,0.0,0.0,0.0,0.0,0.14285715,0.0,0.0,0.0,0.0,0.0,0.0,0.0,0.0,0.0,0.0,0.0,0.0,0.0,0.0,0.0,0.0,0.0,0.0,0.0,0.0,0.0,0.0,0.0,0.0,0.0,0.0,0.0,0.0,0.0,0.0,0.0,0.0,0.0,0.0,0.0,0.0,0.0,0.0,0.0,0.0,0.0,0.0,0.0,0.14201024,0.0,1.0,0.23565784,7.0,2.0794415,1.2206081,2.441144,5.571429
AraCyc::PWY-6922,1,0.0,0.0,0.0,0.0,0.5,0.0,0.375,0.25,0.25,0.0,0.0,0.0,0.0,0.0,0.0,0.0,0.0,0.0,0.0,0.0,0.0,0.125,0.0,0.0,0.0,0.0,0.0,0.0,0.0,0.0,0.0,0.0,0.0,0.0,0.0,0.0,0.0,0.0,0.0,0.0,0.375,0.0,0.0,0.0,0.0,0.0,0.0,0.0,0.0,0.0,0.0,0.0,0.0,0.0,0.0,0.0,0.0,0.0,0.0,0.0,0.104451805,0.0,0.5652174,0.1432615,8.0,2.1972246,1.7140881,5.5099344,12.125
AraCyc::PWY-6927,1,0.0,0.0,0.0,0.0,0.53846157,0.23076923,0.23076923,0.0,0.15384616,0.0,0.0,0.0,0.0,0.0,0.0,0.0,0.0,0.23076923,0.0,0.0,0.0,0.0,0.0,0.0,0.0,0.0,0.0,0.0,0.0,0.0,0.0,0.0,0.0,0.0,0.0,0.0,0.0,0.0,0.0,0.0,0.0,0.0,0.0,0.0,0.0,0.0,0.0,0.0,0.0,0.0,0.0,0.0,0.0,0.0,0.0,0.0,0.0,0.0,0.0,0.0,0.09125146,0.0,1.0,0.14820354,13.0,2.6390574,1.5073073,3.950882,6.076923
AraCyc::PWY-6936,1,0.0,0.0,0.0,0.0,0.6,0.4,1.0,0.0,0.8,0.0,0.0,0.0,0.0,0.0,0.0,0.0,0.0,0.0,0.0,0.0,0.0,0.0,0.0,0.0,0.0,0.0,0.0,0.0,0.0,0.0,0.0,0.0,0.0,0.0,0.0,0.0,0.0,0.0,0.0,0.0,0.0,0.0,0.0,0.0,0.0,0.0,0.0,0.0,0.0,0.0,0.0,0.0,0.0,0.0,0.0,0.0,0.0,0.0,0.0,0.0,0.59502167,0.4,0.85714287,0.14917383,5.0,1.7917595,1.3337364,1.4142135,7.0
AraCyc::PWY-695,1,0.0,0.0,0.0,0.0,0.7,0.2,0.2,0.0,0.2,0.0,0.0,0.0,0.0,0.0,0.0,0.0,0.0,0.1,0.0,0.0,0.0,0.0,0.0,0.0,0.0,0.0,0.0,0.0,0.0,0.0,0.0,0.0,0.0,0.0,0.0,0.0,0.0,0.0,0.0,0.0,0.1,0.0,0.0,0.0,0.1,0.0,0.0,0.0,0.0,0.0,0.0,0.0,0.0,0.0,0.0,0.0,0.0,0.0,0.0,0.0,0.17311378,0.0,0.75,0.23047766,10.0,2.3978953,1.6613235,3.5156791,6.8
AraCyc::PWY-6952,1,0.0,0.53333336,0.0,0.0,0.53333336,0.0,0.2,0.13333334,0.2,0.0,0.0,0.0,0.0,0.06666667,0.13333334,0.06666667,0.06666667,0.13333334,0.0,0.0,0.0,0.0,0.0,0.0,0.0,0.0,0.0,0.0,0.0,0.0,0.0,0.0,0.0,0.0,0.0,0.0,0.0,0.0,0.0,0.0,0.0,0.0,0.0,0.0,0.0,0.0,0.0,0.0,0.0,0.0,0.0,0.0,0.0,0.0,0.0,0.0,0.0,0.0,0.0,0.0,0.32860374,0.0,1.0,0.22323349,15.0,2.7725887,2.0139353,2.3907228,6.866667
AraCyc::PWY-699,1,0.0,0.71428573,0.0,0.0,0.2857143,0.14285715,0.0,0.0,0.0,0.0,0.0,0.0,0.0,0.0,0.0,0.0,0.0,0.14285715,0.85714287,0.0,0.0,0.0,0.0,0.0,0.0,0.0,0.0,0.0,0.0,0.0,0.0,0.0,0.0,0.0,0.0,0.0,0.0,0.0,0.0,0.0,0.0,0.0,0.0,0.0,0.0,0.0,0.0,0.0,0.0,0.0,0.0,0.0,0.0,0.0,0.0,0.0,0.0,0.0,0.0,0.0,0.29636887,0.04761905,0.75,0.16983242,7.0,2.0794415,1.362448,2.373321,12.714286
AraCyc::PWY-702,1,0.0,0.0,0.0,0.0,0.72727275,0.18181819,0.54545456,0.09090909,0.45454547,0.0,0.0,0.0,0.0,0.0,0.0,0.0,0.0,0.0,0.0,0.0,0.0,0.0,0.0,0.0,0.0,0.0,0.0,0.0,0.0,0.0,0.0,0.0,0.0,0.0,0.0,0.0,0.0,0.0,0.0,0.0,0.09090909,0.0,0.0,0.0,0.0,0.0,0.0,0.0,0.0,0.0,0.0,0.0,0.0,0.0,0.0,0.0,0.0,0.0,0.0,0.0,0.10273076,0.0,0.54545456,0.10362785,11.0,2.4849067,1.5346438,5.7019644,10.818182
AraCyc::PWY-7036,1,0.0,0.29166666,0.0,0.0,0.25,0.25,0.29166666,0.0,0.29166666,0.0,0.0,0.16666667,0.0,0.0,0.0,0.0,0.041666668,0.125,0.0,0.0,0.0,0.041666668,0.0,0.0,0.0,0.0,0.0,0.0,0.0,0.0,0.0,0.0,0.0,0.0,0.041666668,0.0,0.0,0.0,0.0,0.0,0.0,0.0,0.041666668,0.0,0.0,0.0,0.0,0.0,0.0,0.0,0.0,0.0,0.0,0.0,0.0,0.0,0.0,0.0,0.0,0.0,0.10215988,0.0,1.0,0.17859225,24.0,3.218876,2.1658666,5.7877684,8.458333
AraCyc::PWY-7039,1,0.0,0.37037036,0.0,0.0,0.14814815,0.074074075,0.2962963,0.037037037,0.14814815,0.0,0.0,0.0,0.5185185,0.0,0.0,0.0,0.037037037,0.0,0.0,0.0,0.0,0.0,0.0,0.0,0.0,0.0,0.0,0.0,0.0,0.0,0.0,0.0,0.0,0.0,0.0,0.0,0.0,0.0,0.0,0.0,0.0,0.0,0.0,0.0,0.0,0.0,0.0,0.0,0.0,0.0,0.0,0.0,0.0,0.0,0.0,0.0,0.0,0.0,0.0,0.0,0.11264382,0.0,0.8888889,0.17647687,27.0,3.3322046,1.759535,3.091206,8.0
AraCyc::PWY-7047,1,0.0,0.11111111,0.0,0.0,0.6666667,0.33333334,0.6666667,0.0,0.5555556,0.0,0.0,0.0,0.0,0.0,0.0,0.0,0.11111111,0.0,0.0,0.0,0.0,0.11111111,0.0,0.0,0.0,0.0,0.0,0.0,0.0,0.0,0.0,0.0,0.0,0.0,0.0,0.0,0.11111111,0.0,0.0,0.0,0.0,0.0,0.0,0.0,0.0,0.0,0.0,0.0,0.0,0.0,0.0,0.0,0.0,0.0,0.0,0.0,0.0,0.0,0.0,0.0,0.36343637,0.08695652,0.7222222,0.15735629,9.0,2.3025851,1.8095484,6.2142806,15.222222
AraCyc::PWY-7048,1,0.0,0.071428575,0.0,0.0,0.71428573,0.21428572,0.71428573,0.0,0.5714286,0.0,0.0,0.0,0.0,0.0,0.0,0.0,0.071428575,0.0,0.0,0.0,0.0,0.071428575,0.0,0.0,0.0,0.0,0.0,0.0,0.0,0.0,0.0,0.0,0.0,0.0,0.0,0.0,0.071428575,0.0,0.0,0.0,0.0,0.0,0.0,0.0,0.0,0.0,0.0,0.0,0.0,0.0,0.0,0.0,0.0,0.0,0.0,0.0,0.0,0.0,0.0,0.0,0.28905085,0.05263158,0.72727275,0.15404788,14.0,2.7080503,1.6701179,5.4492087,14.142858
AraCyc::PWY-7101,1,0.0,0.0,0.0,0.0,0.8,0.0,0.0,0.0,0.0,0.0,0.0,0.0,0.0,0.0,0.0,0.0,0.2,0.0,0.0,0.0,0.0,0.0,0.0,0.0,0.0,0.0,0.0,0.0,0.0,0.0,0.0,0.0,0.0,0.0,0.0,0.0,0.0,0.0,0.0,0.0,0.0,0.0,0.0,0.0,0.0,0.0,0.0,0.0,0.0,0.0,0.0,0.0,0.0,0.0,0.0,0.0,0.0,0.0,0.0,0.0,0.21291046,0.045454547,0.5294118,0.15221766,5.0,1.7917595,0.50040364,3.544009,9.2
AraCyc::PWY-7120,1,0.0,0.0,0.0,0.0,0.0,0.0,1.0,0.0,0.2,0.0,0.0,0.0,0.0,0.0,0.0,0.0,0.0,0.0,0.0,0.0,0.0,0.0,0.0,0.0,0.0,0.0,0.0,0.0,0.0,0.0,0.0,0.0,0.0,0.0,0.0,0.0,0.0,0.0,0.0,0.0,0.0,0.0,0.0,0.0,0.0,0.0,0.0,0.0,0.0,0.0,0.0,0.0,0.0,0.0,0.0,0.0,0.0,0.0,0.0,0.0,0.16511905,0.11111111,0.33333334,0.06854622,5.0,1.7917595,0.45056224,2.8,6.6
AraCyc::PWY-7140,1,0.0,0.0,0.0,0.0,0.61538464,0.0,0.0,0.0,0.07692308,0.0,0.0,0.0,0.0,0.0,0.0,0.0,0.0,0.15384616,0.0,0.0,0.0,0.0,0.0,0.0,0.0,0.0,0.0,0.0,0.0,0.0,0.0,0.0,0.07692308,0.0,0.0,0.0,0.0,0.0,0.0,0.0,0.0,0.0,0.0,0.0,0.0,0.0,0.0,0.0,0.0,0.0,0.0,0.0,0.0,0.0,0.0,0.0,0.0,0.0,0.0,0.0,0.2866391,0.06666667,0.8,0.17476818,13.0,2.6390574,0.983089,2.2134607,4.8461537
AraCyc::PWY-7176,1,0.0,0.0,0.0,0.0,0.25,0.083333336,0.5833333,0.33333334,0.6666667,0.0,0.0,0.0,0.0,0.0,0.0,0.0,0.0,0.0,0.0,0.0,0.0,0.083333336,0.0,0.0,0.0,0.0,0.0,0.0,0.0,0.0,0.0,0.0,0.0,0.0,0.0,0.0,0.0,0.0,0.0,0.0,0.0,0.0,0.0,0.0,0.0,0.0,0.0,0.0,0.0,0.0,0.0,0.0,0.0,0.0,0.0,0.0,0.0,0.0,0.0,0.0,0.2593725,0.0,1.0,0.26851594,12.0,2.5649493,1.5489745,3.9228675,8.666667
AraCyc::PWY-7177,1,0.0,0.5,0.0,0.0,0.083333336,0.0,0.16666667,0.0,0.41666666,0.0,0.0,0.0,0.0,0.0,0.0,0.0,0.0,0.0,0.0,0.0,0.0,0.083333336,0.0,0.0,0.0,0.0,0.0,0.0,0.0,0.0,0.0,0.0,0.0,0.0,0.0,0.0,0.0,0.0,0.0,0.0,0.0,0.0,0.0,0.0,0.0,0.0,0.0,0.0,0.0,0.0,0.0,0.0,0.0,0.0,0.0,0.0,0.0,0.0,0.0,0.0,0.22851132,0.0,1.0,0.29602855,12.0,2.5649493,1.3624483,3.0402393,6.5833335
AraCyc::PWY-7184,1,0.0,0.16666667,0.0,0.0,0.5,0.16666667,0.8333333,0.33333334,0.0,0.0,0.0,0.0,0.0,0.0,0.0,0.0,0.16666667,0.0,0.0,0.0,0.0,0.16666667,0.0,0.0,0.0,0.0,0.0,0.0,0.0,0.0,0.0,0.0,0.0,0.0,0.0,0.0,0.0,0.0,0.0,0.0,0.0,0.0,0.0,0.0,0.0,0.0,0.0,0.0,0.0,0.0,0.0,0.0,0.0,0.0,0.0,0.0,0.0,0.0,0.0,0.0,0.20181626,0.0,0.7777778,0.27123365,6.0,1.9459101,1.7298206,1.9720266,7.6666665
AraCyc::PWY-7185,1,0.0,0.071428575,0.0,0.0,0.42857143,0.0,0.35714287,0.071428575,0.5,0.0,0.0,0.0,0.0,0.0,0.0,0.0,0.071428575,0.0,0.0,0.0,0.0,0.071428575,0.0,0.0,0.0,0.0,0.0,0.0,0.0,0.0,0.0,0.0,0.0,0.0,0.0,0.0,0.0,0.0,0.0,0.0,0.0,0.0,0.0,0.0,0.0,0.0,0.0,0.0,0.0,0.0,0.0,0.0,0.0,0.0,0.0,0.0,0.0,0.0,0.0,0.0,0.1637101,0.0,1.0,0.26176542,14.0,2.7080503,1.6174469,1.7569106,4.642857
AraCyc::PWY-7193,1,0.0,0.0,0.0,0.0,0.5,0.0,0.14285715,0.35714287,0.5714286,0.0,0.0,0.0,0.0,0.0,0.0,0.0,0.0,0.0,0.0,0.0,0.0,0.0,0.0,0.0,0.0,0.0,0.0,0.0,0.0,0.0,0.0,0.0,0.0,0.0,0.0,0.0,0.0,0.0,0.0,0.0,0.0,0.0,0.0,0.0,0.0,0.0,0.0,0.0,0.0,0.0,0.0,0.0,0.0,0.0,0.0,0.0,0.0,0.0,0.0,0.0,0.34207177,0.0,1.0,0.36122537,14.0,2.7080503,1.2869347,2.6649654,8.428572
AraCyc::PWY-7196,1,0.0,0.0,0.0,0.0,0.39285713,0.071428575,0.39285713,0.32142857,0.64285713,0.0,0.0,0.0,0.0,0.0,0.0,0.0,0.0,0.0,0.0,0.0,0.0,0.035714287,0.0,0.0,0.0,0.0,0.0,0.0,0.0,0.0,0.0,0.0,0.0,0.0,0.0,0.0,0.0,0.0,0.0,0.0,0.0,0.0,0.0,0.0,0.0,0.0,0.0,0.0,0.0,0.0,0.0,0.0,0.0,0.0,0.0,0.0,0.0,0.0,0.0,0.0,0.15949553,0.0,1.0,0.23809785,28.0,3.3672957,1.5292885,3.3525805,8.785714
AraCyc::PWY-7199,1,0.0,0.4642857,0.0,0.0,0.5,0.035714287,0.21428572,0.071428575,0.2857143,0.0,0.0,0.0,0.0,0.0,0.0,0.0,0.14285715,0.035714287,0.4642857,0.0,0.0,0.0,0.0,0.0,0.0,0.0,0.0,0.0,0.0,0.0,0.0,0.0,0.0,0.0,0.0,0.0,0.0,0.0,0.0,0.0,0.0,0.0,0.0,0.0,0.0,0.0,0.0,0.0,0.0,0.0,0.0,0.0,0.0,0.0,0.0,0.0,0.0,0.0,0.0,0.0,0.22230957,0.0,1.0,0.3386146,28.0,3.3672957,1.9020857,1.5596147,6.821429
AraCyc::PWY-7200,1,0.0,0.40625,0.0,0.0,0.46875,0.03125,0.3125,0.1875,0.3125,0.0,0.0,0.0,0.0,0.0,0.0,0.0,0.125,0.03125,0.40625,0.0,0.0,0.03125,0.0,0.0,0.0,0.0,0.0,0.0,0.0,0.0,0.0,0.0,0.0,0.0,0.0,0.0,0.0,0.0,0.0,0.0,0.0,0.0,0.0,0.0,0.0,0.0,0.0,0.0,0.0,0.0,0.0,0.0,0.0,0.0,0.0,0.0,0.0,0.0,0.0,0.0,0.21190411,0.0,1.0,0.32758746,32.0,3.4965076,2.011405,2.042517,7.125
AraCyc::PWY-7204,1,0.0,0.0,0.0,0.0,0.44444445,0.0,0.11111111,0.0,0.33333334,0.0,0.0,0.0,0.0,0.0,0.0,0.0,0.11111111,0.22222222,0.0,0.0,0.0,0.0,0.0,0.0,0.0,0.0,0.0,0.0,0.0,0.0,0.0,0.0,0.0,0.0,0.0,0.0,0.0,0.0,0.0,0.0,0.0,0.0,0.0,0.0,0.0,0.0,0.0,0.0,0.0,0.0,0.0,0.0,0.0,0.0,0.0,0.0,0.0,0.0,0.0,0.0,0.08375196,0.0,0.33333334,0.09336997,9.0,2.3025851,1.4681408,3.1778555,5.111111
AraCyc::PWY-7205,1,0.0,0.0,0.0,0.0,0.4,0.2,1.0,0.8,0.6,0.0,0.0,0.0,0.0,0.0,0.0,0.0,0.0,0.0,0.0,0.0,0.0,0.0,0.0,0.0,0.0,0.0,0.0,0.0,0.0,0.0,0.0,0.0,0.0,0.0,0.0,0.0,0.0,0.0,0.0,0.0,0.0,0.0,0.0,0.0,0.0,0.0,0.0,0.0,0.0,0.0,0.0,0.0,0.0,0.0,0.0,0.0,0.0,0.0,0.0,0.0,0.34676132,0.05263158,0.84615386,0.3094237,5.0,1.7917595,1.4897507,4.029888,11.4
AraCyc::PWY-7208,1,0.0,0.0,0.0,0.0,0.4375,0.0625,0.5625,0.4375,0.5625,0.0,0.0,0.0,0.0,0.0,0.0,0.0,0.0,0.0,0.0,0.0,0.0,0.0625,0.0,0.0,0.0,0.0,0.0,0.0,0.0,0.0,0.0,0.0,0.0,0.0,0.0,0.0,0.0,0.0,0.0,0.0,0.0,0.0,0.0,0.0,0.0,0.0,0.0,0.0,0.0,0.0,0.0,0.0,0.0,0.0,0.0,0.0,0.0,0.0,0.0,0.0,0.20822953,0.0,1.0,0.25911713,16.0,2.8332133,1.5618674,3.5393987,9.1875
AraCyc::PWY-7211,1,0.0,0.09090909,0.0,0.0,0.36363637,0.13636364,0.6363636,0.27272728,0.4090909,0.0,0.0,0.0,0.0,0.0,0.0,0.0,0.045454547,0.0,0.0,0.0,0.0,0.09090909,0.0,0.0,0.0,0.0,0.0,0.0,0.0,0.0,0.0,0.0,0.0,0.0,0.0,0.0,0.0,0.0,0.0,0.0,0.0,0.0,0.0,0.0,0.0,0.0,0.0,0.0,0.0,0.0,0.0,0.0,0.0,0.0,0.0,0.0,0.0,0.0,0.0,0.0,0.16860743,0.0,1.0,0.2327875,22.0,3.1354942,1.8027444,3.1870089,8.454545
AraCyc::PWY-7219,1,0.0,0.0,0.0,0.0,0.4,0.06666667,0.33333334,0.8666667,0.06666667,0.0,0.0,0.0,0.0,0.0,0.0,0.0,0.06666667,0.0,0.0,0.0,0.0,0.06666667,0.0,0.0,0.0,0.0,0.0,0.0,0.0,0.0,0.0,0.0,0.0,0.0,0.0,0.0,0.0,0.0,0.0,0.0,0.0,0.0,0.0,0.0,0.0,0.0,0.0,0.0,0.0,0.0,0.0,0.0,0.0,0.0,0.0,0.0,0.0,0.0,0.0,0.0,0.18203315,0.0,1.0,0.19421169,15.0,2.7725887,1.4699876,2.60427,9.466666
AraCyc::PWY-7221,1,0.0,0.0,0.0,0.0,0.42857143,0.14285715,0.71428573,0.14285715,0.2857143,0.0,0.0,0.0,0.0,0.0,0.0,0.0,0.0,0.0,0.0,0.0,0.0,0.0,0.0,0.0,0.0,0.0,0.0,0.0,0.0,0.0,0.0,0.0,0.0,0.0,0.0,0.0,0.0,0.0,0.0,0.0,0.0,0.0,0.0,0.0,0.0,0.0,0.0,0.0,0.0,0.0,0.0,0.0,0.0,0.0,0.0,0.0,0.0,0.0,0.0,0.0,0.1755977,0.0,0.6666667,0.20519695,7.0,2.0794415,1.4241306,2.96923,9.571428
AraCyc::PWY-7238,1,0.0,0.033333335,0.0,0.0,0.46666667,0.06666667,0.26666668,0.23333333,0.46666667,0.0,0.0,0.0,0.0,0.0,0.0,0.0,0.06666667,0.0,0.0,0.0,0.0,0.033333335,0.0,0.0,0.0,0.0,0.0,0.0,0.5,0.0,0.0,0.033333335,0.0,0.0,0.0,0.0,0.033333335,0.0,0.0,0.0,0.0,0.0,0.0,0.033333335,0.0,0.0,0.0,0.0,0.0,0.0,0.033333335,0.0,0.0,0.0,0.0,0.0,0.0,0.0,0.0,0.0,0.14277636,0.0,0.75,0.1933501,30.0,3.4339871,2.0497456,4.871687,10.0
AraCyc::PWY-724,1,0.0,0.0,0.0,0.0,0.8965517,0.06896552,0.2413793,0.03448276,0.3448276,0.0,0.0,0.0,0.0,0.0,0.0,0.0,0.0,0.0,0.0,0.0,0.0,0.0,0.0,0.0,0.0,0.0,0.0,0.0,0.0,0.0,0.0,0.0,0.0,0.0,0.0,0.0,0.0,0.0,0.0,0.0,0.03448276,0.0,0.0,0.0,0.0,0.0,0.0,0.0,0.0,0.0,0.0,0.0,0.0,0.0,0.0,0.0,0.0,0.0,0.0,0.0,0.14178146,0.0,0.6666667,0.10396339,29.0,3.4011974,1.2385733,4.514477,8.586206
AraCyc::PWY-7298,1,0.0,0.0,0.0,0.0,0.2,0.0,1.0,0.0,0.0,0.0,0.0,0.0,0.0,0.0,0.0,0.0,0.4,0.0,0.0,0.0,0.0,0.0,0.0,0.0,0.0,0.0,0.0,0.0,0.0,0.0,0.0,0.0,0.0,0.0,0.0,0.0,0.0,0.0,0.0,0.0,0.0,0.0,0.0,0.0,0.0,0.0,0.0,0.0,0.0,0.0,0.0,0.0,0.0,0.0,0.0,0.0,0.0,0.0,0.0,0.0,0.485,0.2,1.0,0.2576011,5.0,1.7917595,0.9002568,0.4,2.8
AraCyc::PWY-7343,1,0.0,0.0,0.0,0.0,0.6,0.0,0.5,0.0,0.7,0.0,0.0,0.0,0.0,0.0,0.0,0.0,0.1,0.0,0.0,0.0,0.0,0.1,0.0,0.0,0.0,0.0,0.0,0.0,0.6,0.0,0.0,0.0,0.0,0.0,0.0,0.0,0.1,0.0,0.0,0.0,0.0,0.0,0.0,0.0,0.0,0.0,0.0,0.0,0.0,0.0,0.1,0.0,0.0,0.0,0.0,0.0,0.0,0.0,0.0,0.0,0.1738922,0.0,0.6363636,0.16976422,10.0,2.3978953,1.7904308,3.3896902,9.9
AraCyc::PWY-7345,1,0.010526316,0.010526316,0.0,0.0,0.55789477,0.12631579,0.56842107,0.1368421,0.50526315,0.0,0.0,0.0,0.0,0.0,0.031578947,0.0,0.05263158,0.021052632,0.0,0.0,0.010526316,0.010526316,0.0,0.0,0.0,0.0,0.0,0.0,0.24210526,0.0,0.0,0.010526316,0.0,0.0,0.0,0.010526316,0.031578947,0.0,0.0,0.0,0.0,0.0,0.0,0.0,0.0,0.0,0.0,0.0,0.0,0.0,0.010526316,0.0,0.0,0.0,0.0,0.0,0.0,0.0,0.0,0.0,0.09798562,0.0,0.7777778,0.14807162,95.0,4.564348,1.9858582,5.469472,10.252631
AraCyc::PWY-7346,1,0.0,0.0,0.0,0.0,0.0,0.0,1.0,0.0,0.0,0.0,0.0,0.0,0.0,0.0,0.0,0.0,0.2,0.0,0.0,0.0,0.0,0.0,0.0,0.0,0.0,0.0,0.0,0.0,0.4,0.0,0.0,0.0,0.0,0.0,0.0,0.0,0.0,0.0,0.0,0.0,0.0,0.0,0.0,0.0,0.0,0.0,0.0,0.0,0.0,0.0,0.0,0.0,0.0,0.0,0.0,0.0,0.0,0.0,0.0,0.0,0.65,0.44444445,1.0,0.15046225,5.0,1.7917595,0.9002568,1.4696939,6.2
AraCyc::PWY-735,1,0.0,0.0,0.0,0.0,0.5294118,0.1764706,0.4117647,0.0,0.23529412,0.0,0.0,0.0,0.0,0.0,0.0,0.0,0.05882353,0.0,0.0,0.0,0.0,0.0,0.0,0.0,0.0,0.0,0.0,0.0,0.0,0.0,0.0,0.0,0.0,0.0,0.05882353,0.0,0.0,0.0,0.0,0.0,0.0,0.0,0.0,0.0,0.0,0.0,0.0,0.0,0.0,0.0,0.0,0.0,0.0,0.0,0.0,0.0,0.0,0.0,0.0,0.0,0.14998023,0.0,1.0,0.17163838,17.0,2.8903718,1.5293803,5.662357,11.235294
AraCyc::PWY-7356,1,0.0,0.0,0.0,0.0,0.6363636,0.0,0.18181819,0.27272728,0.36363637,0.0,0.0,0.0,0.0,0.0,0.0,0.0,0.09090909,0.09090909,0.0,0.0,0.0,0.0,0.0,0.0,0.0,0.0,0.0,0.0,0.0,0.0,0.0,0.0,0.0,0.0,0.0,0.0,0.0,0.0,0.0,0.0,0.0,0.0,0.0,0.0,0.0,0.0,0.0,0.0,0.0,0.0,0.0,0.0,0.0,0.0,0.0,0.0,0.0,0.0,0.0,0.0,0.12223935,0.0,1.0,0.16032162,11.0,2.4849067,1.5654458,2.2599642,5.7272725
AraCyc::PWY-7388,1,0.0,0.0,0.0,0.0,0.41666666,0.0,0.25,0.083333336,0.16666667,0.0,0.0,0.0,0.0,0.0,0.0,0.0,0.083333336,0.25,0.0,0.0,0.0,0.0,0.0,0.0,0.0,0.0,0.0,0.0,0.0,0.0,0.0,0.0,0.0,0.0,0.0,0.0,0.0,0.0,0.0,0.0,0.0,0.0,0.0,0.0,0.0,0.0,0.0,0.0,0.0,0.0,0.0,0.0,0.0,0.0,0.0,0.0,0.0,0.0,0.0,0.0,0.083289884,0.0,1.0,0.1829246,12.0,2.5649493,1.6397072,3.3623736,4.8333335
AraCyc::PWY-7398,1,0.0,0.0,0.0,0.0,0.48,0.04,0.32,0.0,0.32,0.0,0.0,0.0,0.0,0.0,0.0,0.0,0.08,0.04,0.0,0.0,0.08,0.0,0.0,0.0,0.0,0.0,0.0,0.0,0.0,0.0,0.0,0.0,0.0,0.0,0.0,0.0,0.0,0.0,0.0,0.0,0.0,0.0,0.0,0.0,0.0,0.0,0.0,0.0,0.0,0.0,0.0,0.0,0.0,0.0,0.0,0.0,0.0,0.0,0.0,0.0,0.1313293,0.0,0.6666667,0.1586325,25.0,3.2580965,1.589228,3.0463092,7.2
AraCyc::PWY-7417,1,0.0,0.4,0.0,0.0,0.4,0.1,0.3,0.0,0.0,0.0,0.0,0.0,0.0,0.0,0.0,0.0,0.0,0.0,0.0,0.0,0.0,0.1,0.0,0.0,0.0,0.0,0.0,0.0,0.0,0.0,0.0,0.0,0.0,0.0,0.0,0.0,0.0,0.0,0.0,0.0,0.0,0.0,0.0,0.0,0.0,0.0,0.0,0.0,0.0,0.0,0.0,0.0,0.0,0.0,0.0,0.0,0.0,0.0,0.0,0.0,0.12683381,0.0,0.8333333,0.18313223,10.0,2.3978953,1.4583201,4.56618,8.5
AraCyc::PWY-7450,1,0.0,0.0,0.0,0.0,0.6818182,0.0,0.13636364,0.0,0.0,0.0,0.0,0.0,0.0,0.0,0.0,0.0,0.18181819,0.09090909,0.0,0.0,0.0,0.0,0.0,0.0,0.0,0.0,0.0,0.0,0.0,0.0,0.0,0.0,0.0,0.0,0.0,0.0,0.0,0.0,0.0,0.0,0.0,0.0,0.0,0.0,0.0,0.0,0.0,0.0,0.0,0.0,0.0,0.0,0.0,0.0,0.0,0.0,0.0,0.0,0.0,0.0,0.3023356,0.0,1.0,0.31883025,22.0,3.1354942,1.0593857,1.744531,3.9545455
AraCyc::PWY-7546,1,0.0,0.0,0.0,0.0,0.0,0.4,0.6,0.0,0.4,0.0,0.0,0.0,0.0,0.0,0.0,0.0,0.0,0.2,0.0,0.0,0.0,0.0,0.0,0.0,0.0,0.0,0.0,0.0,0.0,0.0,0.0,0.0,0.0,0.0,0.0,0.0,0.0,0.0,0.0,0.0,0.0,0.0,0.0,0.0,0.0,0.0,0.0,0.0,0.0,0.0,0.0,0.0,0.0,0.0,0.0,0.0,0.0,0.0,0.0,0.0,0.11540404,0.0,0.75,0.22622105,5.0,1.7917595,1.3208891,2.1354156,4.8
AraCyc::PWY-7560,1,0.0,0.0,0.0,0.0,0.9166667,0.083333336,0.16666667,0.083333336,0.16666667,0.0,0.0,0.0,0.0,0.0,0.0,0.0,0.083333336,0.0,0.0,0.0,0.0,0.0,0.0,0.0,0.0,0.0,0.0,0.0,0.0,0.0,0.0,0.0,0.0,0.0,0.0,0.0,0.0,0.0,0.0,0.0,0.0,0.0,0.0,0.0,0.0,0.0,0.0,0.0,0.0,0.0,0.0,0.0,0.0,0.0,0.0,0.0,0.0,0.0,0.0,0.0,0.21656506,0.0,1.0,0.17030233,12.0,2.5649493,1.2709594,2.5644472,7.0833335
AraCyc::PWY-7634,1,0.0,0.375,0.0,0.0,0.375,0.0,0.0,0.0,0.125,0.0,0.0,0.0,0.0,0.0,0.0,0.0,0.25,0.0,1.0,0.0,0.0,0.0,0.0,0.0,0.0,0.0,0.0,0.0,0.0,0.0,0.0,0.0,0.0,0.0,0.0,0.0,0.0,0.0,0.0,0.0,0.0,0.0,0.0,0.0,0.0,0.0,0.0,0.0,0.0,0.0,0.0,0.0,0.0,0.0,0.0,0.0,0.0,0.0,0.0,0.0,0.43138722,0.26666668,0.71428573,0.12711558,8.0,2.1972246,1.385361,1.9364917,7.5
AraCyc::PWY-7851,1,0.0,0.0,0.0,0.0,0.4,0.0,0.8,0.2,0.0,0.0,0.0,0.0,0.0,0.0,0.0,0.0,0.0,0.0,0.0,0.0,0.0,0.0,0.0,0.0,0.0,0.0,0.0,0.0,0.0,0.0,0.0,0.0,0.0,0.0,0.0,0.0,0.0,0.0,0.0,0.0,0.4,0.0,0.0,0.0,0.0,0.0,0.0,0.0,0.0,0.0,0.0,0.0,0.0,0.0,0.0,0.0,0.0,0.0,0.0,0.0,0.24895021,0.09090909,0.8333333,0.202935,5.0,1.7917595,1.273029,2.0,6.0
AraCyc::PWY-7859,1,0.0,0.25,0.0,0.0,0.75,0.083333336,0.16666667,0.0,0.083333336,0.0,0.0,0.0,0.0,0.0,0.0,0.0,0.0,0.0,0.41666666,0.0,0.0,0.0,0.0,0.0,0.0,0.0,0.0,0.0,0.0,0.0,0.0,0.0,0.0,0.0,0.0,0.0,0.0,0.0,0.0,0.0,0.0,0.0,0.0,0.0,0.0,0.0,0.0,0.0,0.0,0.0,0.0,0.0,0.0,0.0,0.0,0.0,0.0,0.0,0.0,0.0,0.169396,0.0,0.6666667,0.18648666,12.0,2.5649493,1.4966973,3.0127046,6.9166665
AraCyc::PWY-7909,1,0.0,0.0,0.0,0.0,0.8333333,0.0,0.5,0.0,0.16666667,0.0,0.0,0.0,0.0,0.0,0.0,0.0,0.0,0.0,0.0,0.0,0.0,0.0,0.0,0.0,0.0,0.0,0.0,0.0,0.0,0.0,0.0,0.0,0.0,0.0,0.0,0.0,0.0,0.0,0.0,0.0,0.0,0.0,0.0,0.0,0.0,0.0,0.0,0.0,0.0,0.0,0.0,0.0,0.0,0.0,0.0,0.0,0.0,0.0,0.0,0.0,0.34837478,0.083333336,1.0,0.2869692,6.0,1.9459101,0.9368891,1.4907119,6.3333335
AraCyc::PWY-7980,1,0.0,0.15384616,0.0,0.0,0.61538464,0.0,0.15384616,0.46153846,0.30769232,0.0,0.0,0.0,0.0,0.0,0.0,0.0,0.07692308,0.0,0.0,0.0,0.0,0.0,0.0,0.0,0.0,0.0,0.0,0.0,0.0,0.0,0.0,0.0,0.0,0.0,0.0,0.0,0.0,0.0,0.0,0.0,0.0,0.0,0.0,0.0,0.0,0.0,0.0,0.0,0.0,0.0,0.0,0.0,0.0,0.0,0.0,0.0,0.0,0.0,0.0,0.0,0.30191705,0.037037037,1.0,0.19390178,13.0,2.6390574,1.5831534,5.6505747,12.384615
AraCyc::PWY-7995,1,0.0,0.33333334,0.0,0.0,0.16666667,0.16666667,0.0,0.0,0.33333334,0.0,0.0,0.0,0.0,0.0,0.0,0.0,0.16666667,0.33333334,0.6666667,0.0,0.0,0.0,0.0,0.0,0.0,0.0,0.0,0.0,0.0,0.0,0.0,0.0,0.0,0.0,0.0,0.0,0.0,0.0,0.0,0.0,0.0,0.0,0.0,0.0,0.0,0.0,0.0,0.0,0.0,0.0,0.0,0.0,0.0,0.0,0.0,0.0,0.0,0.0,0.0,0.0,0.19989318,0.0,0.6666667,0.24668813,6.0,1.9459101,1.8184837,2.560382,7.6666665
AraCyc::PWY-801,1,0.0,0.0,0.0,0.0,0.375,0.125,0.75,0.0,0.25,0.0,0.0,0.0,0.0,0.0,0.0,0.0,0.0,0.0,0.0,0.0,0.0,0.0,0.0,0.0,0.0,0.0,0.0,0.0,0.0,0.0,0.0,0.0,0.0,0.0,0.0,0.0,0.0,0.0,0.0,0.0,0.125,0.0,0.0,0.0,0.0,0.0,0.0,0.0,0.0,0.0,0.0,0.0,0.0,0.0,0.0,0.0,0.0,0.0,0.0,0.0,0.1006867,0.0,0.2857143,0.08763317,8.0,2.1972246,1.3778203,5.9319053,8.25
AraCyc::PWY-8011,1,0.0,0.0,0.0,0.0,0.5714286,0.0,0.42857143,0.0,0.71428573,0.0,0.0,0.0,0.0,0.0,0.0,0.0,0.0,0.0,0.0,0.0,0.0,0.0,0.0,0.0,0.0,0.0,0.0,0.0,0.0,0.0,0.0,0.0,0.0,0.0,0.0,0.0,0.0,0.0,0.0,0.0,0.0,0.0,0.0,0.0,0.0,0.0,0.0,0.0,0.0,0.0,0.0,0.0,0.0,0.0,0.0,0.0,0.0,0.0,0.0,0.0,0.27721518,0.06666667,0.7777778,0.15583362,7.0,2.0794415,1.0775571,4.30472,8.428572
AraCyc::PWY-8024,1,0.0,0.36363637,0.0,0.0,0.09090909,0.09090909,0.45454547,0.0,0.0,0.0,0.0,0.0,0.0,0.0,0.0,0.0,0.45454547,0.0,0.45454547,0.0,0.0,0.0,0.0,0.0,0.0,0.0,0.0,0.0,0.0,0.0,0.0,0.0,0.0,0.0,0.0,0.0,0.0,0.0,0.0,0.0,0.0,0.0,0.0,0.0,0.0,0.0,0.0,0.0,0.0,0.0,0.0,0.0,0.0,0.0,0.0,0.0,0.0,0.0,0.0,0.0,0.28014615,0.0,1.0,0.30699885,11.0,2.4849067,1.6308684,2.7423823,7.5454545
AraCyc::PWY-8142,1,0.0,0.42857143,0.0,0.0,0.14285715,0.0,0.5714286,0.0,0.0,0.0,0.0,0.0,0.0,0.0,0.0,0.0,0.0,0.0,0.0,0.0,0.0,0.0,0.0,0.0,0.0,0.0,0.0,0.0,0.0,0.0,0.0,0.0,0.0,0.0,0.0,0.0,0.0,0.0,0.0,0.0,0.0,0.0,0.0,0.0,0.0,0.0,0.0,0.0,0.0,0.0,0.0,0.0,0.0,0.0,0.0,0.0,0.0,0.0,0.0,0.0,0.3358102,0.0,1.0,0.39465255,7.0,2.0794415,0.9743158,2.5475078,6.285714
AraCyc::PWY-8148,1,0.0,0.0,0.0,0.0,0.2,0.0,0.0,0.6,0.0,0.0,0.0,0.0,0.0,0.0,0.0,0.0,0.4,0.0,0.0,0.0,0.0,0.0,0.0,0.0,0.0,0.0,0.0,0.0,0.0,0.0,0.0,0.0,0.0,0.0,0.0,0.0,0.0,0.0,0.0,0.0,0.0,0.0,0.0,0.0,0.0,0.0,0.0,0.0,0.0,0.0,0.0,0.0,0.0,0.0,0.0,0.0,0.0,0.0,0.0,0.0,0.2875,0.0,1.0,0.27024296,5.0,1.7917595,1.0114052,1.9390719,4.8
AraCyc::PWY-8157,1,0.0,0.23076923,0.0,0.0,0.42307693,0.30769232,0.3846154,0.0,0.07692308,0.0,0.0,0.0,0.0,0.0,0.0,0.0,0.0,0.07692308,0.1923077,0.0,0.0,0.0,0.0,0.0,0.0,0.0,0.0,0.0,0.0,0.0,0.0,0.0,0.0,0.0,0.0,0.0,0.0,0.0,0.0,0.0,0.0,0.0,0.0,0.0,0.0,0.0,0.0,0.0,0.0,0.0,0.0,0.0,0.0,0.0,0.0,0.0,0.0,0.0,0.0,0.0,0.13068219,0.0,0.7058824,0.15815973,26.0,3.295837,1.7930865,4.6153846,9.923077
AraCyc::PWY-8270,1,0.0,0.2857143,0.0,0.0,0.9285714,0.2857143,0.071428575,0.0,0.21428572,0.071428575,0.0,0.0,0.0,0.0,0.0,0.0,0.0,0.0,0.0,0.0,0.0,0.0,0.0,0.0,0.0,0.0,0.0,0.0,0.0,0.0,0.0,0.0,0.0,0.0,0.0,0.0,0.0,0.0,0.0,0.0,0.0,0.0,0.0,0.0,0.0,0.0,0.0,0.0,0.0,0.0,0.0,0.0,0.0,0.0,0.0,0.21428572,0.0,0.0,0.0,0.0,0.21216957,0.04347826,1.0,0.13651474,14.0,2.7080503,1.6077664,4.3524566,9.642858
AraCyc::PWY-8279,1,0.0,0.0,0.0,0.032258064,0.58064514,0.06451613,0.12903225,0.032258064,0.12903225,0.0,0.0,0.0,0.0,0.0,0.0,0.0,0.09677419,0.09677419,0.0,0.0,0.0,0.0,0.0,0.0,0.032258064,0.0,0.0,0.0,0.0,0.0,0.0,0.0,0.0,0.0,0.0,0.0,0.0,0.0,0.0,0.0,0.0,0.0,0.0,0.0,0.0,0.0,0.0,0.0,0.0,0.0,0.0,0.0,0.0,0.0,0.0,0.0,0.0,0.0,0.0,0.0,0.12223418,0.0,0.75,0.15719922,31.0,3.465736,1.6894319,3.1061685,5.645161
AraCyc::PWY-8280,1,0.0,0.0,0.0,0.032258064,0.58064514,0.06451613,0.12903225,0.032258064,0.12903225,0.0,0.0,0.0,0.0,0.0,0.0,0.0,0.09677419,0.09677419,0.0,0.0,0.0,0.0,0.0,0.0,0.032258064,0.0,0.0,0.0,0.0,0.0,0.0,0.0,0.0,0.0,0.0,0.0,0.0,0.0,0.0,0.0,0.0,0.0,0.0,0.0,0.0,0.0,0.0,0.0,0.0,0.0,0.0,0.0,0.0,0.0,0.0,0.0,0.0,0.0,0.0,0.0,0.12223418,0.0,0.75,0.15719922,31.0,3.465736,1.6894319,3.1061685,5.645161
AraCyc::PWY-8321,1,0.0,0.0,0.0,0.0,0.14285715,0.04761905,0.5714286,0.0,0.0952381,0.0,0.0,0.0,0.0,0.0,0.0,0.0,0.14285715,0.04761905,0.0,0.0,0.0,0.0,0.0,0.0,0.0,0.0,0.0,0.0,0.0,0.0,0.0,0.0,0.0,0.0,0.0,0.0,0.0,0.0,0.0,0.0,0.0,0.0,0.0,0.0,0.0,0.0,0.0,0.0,0.0,0.0,0.0,0.0,0.0,0.0,0.0,0.0,0.0,0.0,0.0,0.0,0.19169627,0.0,1.0,0.35436064,21.0,3.0910425,1.3730049,3.7910266,3.2380953
AraCyc::PWY-8363,1,0.0,0.0,0.0,0.0,0.6956522,0.13043478,0.5652174,0.04347826,0.65217394,0.0,0.0,0.0,0.0,0.0,0.0,0.04347826,0.08695652,0.0,0.0,0.0,0.0,0.0,0.0,0.0,0.0,0.0,0.0,0.0,0.0,0.0,0.0,0.0,0.0,0.0,0.0,0.0,0.04347826,0.0,0.0,0.0,0.0,0.0,0.0,0.0,0.0,0.0,0.0,0.0,0.0,0.0,0.0,0.0,0.0,0.0,0.0,0.0,0.0,0.0,0.0,0.0,0.16307688,0.0,0.7777778,0.14216787,23.0,3.1780539,1.5856934,4.742121,10.347826
AraCyc::PWY-8395,1,0.0,0.14285715,0.0,0.0,0.71428573,0.14285715,0.42857143,0.0,0.14285715,0.0,0.0,0.0,0.0,0.0,0.0,0.0,0.0,0.0,0.14285715,0.0,0.0,0.0,0.0,0.0,0.0,0.0,0.0,0.0,0.0,0.0,0.0,0.0,0.0,0.0,0.0,0.0,0.0,0.0,0.0,0.0,0.0,0.0,0.0,0.0,0.0,0.0,0.0,0.0,0.0,0.0,0.0,0.0,0.0,0.0,0.0,0.0,0.0,0.0,0.0,0.0,0.266919,0.0,0.7,0.19388439,7.0,2.0794415,1.5396551,5.3107514,15.285714
AraCyc::PWY-8398,1,0.0,0.0,0.0,0.0,0.6666667,0.16666667,0.5,0.0,0.16666667,0.0,0.0,0.0,0.0,0.0,0.0,0.0,0.0,0.0,0.0,0.0,0.0,0.0,0.0,0.0,0.0,0.0,0.0,0.0,0.0,0.0,0.0,0.0,0.0,0.0,0.0,0.0,0.0,0.0,0.0,0.0,0.0,0.0,0.0,0.0,0.0,0.0,0.0,0.0,0.0,0.0,0.0,0.0,0.0,0.0,0.0,0.0,0.0,0.0,0.0,0.0,0.3615006,0.19354838,0.7,0.14526682,6.0,1.9459101,1.2148905,4.4221663,16.666666
AraCyc::PWY-841,1,0.0,0.0,0.0,0.0,0.6060606,0.060606062,0.3030303,0.54545456,0.121212125,0.0,0.0,0.0,0.0,0.0,0.0,0.0,0.030303031,0.0,0.0,0.0,0.0,0.030303031,0.0,0.0,0.0,0.0,0.0,0.0,0.0,0.0,0.0,0.0,0.0,0.0,0.0,0.0,0.030303031,0.0,0.0,0.0,0.0,0.0,0.0,0.0,0.0,0.0,0.0,0.0,0.0,0.0,0.0,0.0,0.0,0.0,0.0,0.0,0.0,0.0,0.0,0.0,0.13703077,0.0,0.6666667,0.12696917,33.0,3.5263605,1.5536017,2.7059774,8.636364
AraCyc::PWY-8458,1,0.0,0.0,0.0,0.0,0.6,0.2,0.8,0.0,0.4,0.0,0.0,0.0,0.0,0.0,0.0,0.0,0.0,0.0,0.0,0.0,0.0,0.0,0.0,0.0,0.0,0.0,0.0,0.0,0.0,0.0,0.0,0.0,0.0,0.0,0.0,0.0,0.0,0.0,0.0,0.0,0.0,0.0,0.0,0.0,0.0,0.0,0.0,0.0,0.0,0.0,0.0,0.0,0.0,0.0,0.0,0.0,0.0,0.0,0.0,0.0,0.14221612,0.0,0.33333334,0.103895605,5.0,1.7917595,1.2798548,3.1241,5.2
AraCyc::PWY-8475,1,0.0,0.0,0.0,0.0,0.4,0.0,0.8,0.0,0.6,0.0,0.0,0.0,0.0,0.0,0.0,0.0,0.0,0.0,0.0,0.0,0.0,0.0,0.0,0.0,0.0,0.0,0.0,0.0,0.0,0.0,0.0,0.0,0.0,0.0,0.0,0.0,0.0,0.0,0.0,0.0,0.0,0.0,0.0,0.0,0.0,0.0,0.0,0.0,0.0,0.0,0.0,0.0,0.0,0.0,0.0,0.0,0.0,0.0,0.0,0.0,0.17132704,0.0,0.5,0.14573647,5.0,1.7917595,1.0608577,11.33843,17.8
AraCyc::PWY-882,1,0.0,0.16666667,0.0,0.0,0.33333334,0.0,0.8333333,0.0,0.33333334,0.0,0.0,0.0,0.0,0.0,0.0,0.0,0.0,0.0,0.0,0.0,0.0,0.0,0.0,0.0,0.0,0.0,0.0,0.0,0.0,0.0,0.0,0.0,0.0,0.0,0.0,0.0,0.0,0.0,0.0,0.0,0.0,0.0,0.0,0.0,0.0,0.0,0.0,0.0,0.0,0.0,0.0,0.0,0.0,0.0,0.0,0.0,0.0,0.0,0.0,0.0,0.13315226,0.04,0.4375,0.11838331,6.0,1.9459101,1.220608,3.036811,9.666667
AraCyc::PWY-922,1,0.0,0.1,0.0,0.0,0.4,0.1,0.5,0.2,0.4,0.0,0.0,0.0,0.0,0.0,0.0,0.0,0.0,0.0,0.0,0.0,0.0,0.0,0.0,0.0,0.0,0.0,0.0,0.0,0.0,0.0,0.0,0.0,0.0,0.0,0.0,0.0,0.0,0.0,0.0,0.0,0.0,0.0,0.0,0.0,0.0,0.0,0.0,0.0,0.0,0.0,0.0,0.0,0.0,0.0,0.0,0.0,0.0,0.0,0.0,0.0,0.1361332,0.0,0.54545456,0.11837343,10.0,2.3978953,1.6259294,2.1817424,8.2
AraCyc::PWY0-1182,1,0.0,0.11111111,0.0,0.0,0.44444445,0.22222222,0.11111111,0.7777778,0.0,0.0,0.0,0.0,0.0,0.0,0.0,0.0,0.11111111,0.0,0.0,0.0,0.0,0.0,0.0,0.0,0.0,0.0,0.0,0.0,0.8888889,0.0,0.0,0.11111111,0.0,0.0,0.0,0.0,0.0,0.0,0.0,0.0,0.0,0.0,0.0,0.0,0.0,0.0,0.0,0.0,0.0,0.0,0.0,0.0,0.0,0.0,0.0,0.0,0.0,0.0,0.0,0.0,0.30713725,0.0,0.75,0.25052124,9.0,2.3025851,1.7313412,6.657401,12.888889
AraCyc::PWY0-1264,1,0.0,0.0,0.0,0.0,0.8,0.3,0.2,0.3,0.4,0.0,0.0,0.0,0.0,0.0,0.0,0.0,0.0,0.0,0.0,0.0,0.0,0.1,0.0,0.0,0.0,0.0,0.0,0.0,0.0,0.0,0.0,0.0,0.0,0.0,0.0,0.0,0.0,0.0,0.0,0.0,0.0,0.0,0.0,0.0,0.0,0.0,0.0,0.0,0.0,0.0,0.0,0.0,0.0,0.0,0.0,0.0,0.0,0.0,0.0,0.0,0.18714781,0.0,1.0,0.19594692,10.0,2.3978953,1.6083955,4.90408,7.5
AraCyc::PWY0-1319,1,0.0,0.6666667,0.0,0.0,0.6666667,0.0,0.0,0.0,0.0,0.0,0.0,0.0,0.0,0.0,0.0,0.0,0.0,0.0,0.0,0.0,0.0,0.11111111,0.0,0.0,0.0,0.0,0.0,0.0,0.11111111,0.0,0.0,0.0,0.0,0.0,0.0,0.0,0.0,0.0,0.0,0.0,0.0,0.0,0.0,0.0,0.0,0.0,0.0,0.0,0.0,0.0,0.0,0.0,0.0,0.0,0.0,0.11111111,0.0,0.0,0.0,0.0,0.22851911,0.0,0.90909094,0.21756336,9.0,2.3025851,1.2746433,2.6246693,8.333333
AraCyc::PWY0-1507,1,0.0,0.0,0.0,0.0,0.16666667,0.5,0.0,0.33333334,0.33333334,0.0,0.0,0.0,0.0,0.0,0.0,0.0,0.0,0.0,0.0,0.0,0.0,0.0,0.0,0.0,0.0,0.0,0.0,0.0,0.0,0.0,0.0,0.0,0.0,0.0,0.0,0.0,0.0,0.0,0.0,0.0,0.0,0.0,0.0,0.0,0.0,0.0,0.0,0.0,0.0,0.0,0.0,0.0,0.0,0.16666667,0.0,0.0,0.0,0.0,0.0,0.0,0.16078918,0.06666667,0.5555556,0.11670464,6.0,1.9459101,1.5229558,1.7950549,7.6666665
AraCyc::PWY0-1608,1,0.0,0.0,0.0,0.0,0.6363636,0.27272728,0.54545456,0.0,0.54545456,0.0,0.0,0.0,0.0,0.0,0.0,0.0,0.0,0.0,0.0,0.0,0.0,0.0,0.0,0.0,0.0,0.0,0.0,0.0,0.0,0.0,0.0,0.0,0.0,0.0,0.0,0.0,0.09090909,0.0,0.0,0.0,0.0,0.0,0.0,0.0,0.0,0.0,0.0,0.0,0.0,0.0,0.0,0.0,0.0,0.0,0.0,0.0,0.0,0.0,0.0,0.0,0.20537838,0.0,0.7,0.16464862,11.0,2.4849067,1.465133,4.9991736,11.090909
AraCyc::PWY0-162,1,0.0,0.0625,0.0,0.0,0.3125,0.125,0.5625,0.25,0.5625,0.0,0.0,0.0,0.0,0.0,0.0,0.0,0.0,0.0,0.0,0.0,0.0,0.0625,0.0,0.0,0.0,0.0,0.0,0.0,0.0,0.0,0.0,0.0,0.0,0.0,0.0,0.0,0.0,0.0,0.0,0.0,0.0,0.0,0.0,0.0,0.0,0.0,0.0,0.0,0.0,0.0,0.0,0.0,0.0,0.0,0.0,0.0,0.0,0.0,0.0,0.0,0.19146751,0.0,1.0,0.23444417,16.0,2.8332133,1.6749973,3.49106,8.75
AraCyc::PWY0-166,1,0.0,0.16666667,0.0,0.0,0.5,0.16666667,0.8333333,0.33333334,0.0,0.0,0.0,0.0,0.0,0.0,0.0,0.0,0.16666667,0.0,0.0,0.0,0.0,0.16666667,0.0,0.0,0.0,0.0,0.0,0.0,0.0,0.0,0.0,0.0,0.0,0.0,0.0,0.0,0.0,0.0,0.0,0.0,0.0,0.0,0.0,0.0,0.0,0.0,0.0,0.0,0.0,0.0,0.0,0.0,0.0,0.0,0.0,0.0,0.0,0.0,0.0,0.0,0.20181626,0.0,0.7777778,0.27123365,6.0,1.9459101,1.7298206,1.9720266,7.6666665
AraCyc::PWY0-461,1,0.0,0.0,0.0,0.0,0.33333334,0.0,0.7777778,0.0,0.8888889,0.0,0.0,0.0,0.0,0.0,0.0,0.0,0.0,0.0,0.0,0.0,0.0,0.0,0.0,0.0,0.0,0.0,0.0,0.0,0.0,0.0,0.0,0.0,0.0,0.0,0.0,0.0,0.0,0.0,0.0,0.0,0.0,0.0,0.0,0.0,0.0,0.0,0.0,0.0,0.0,0.0,0.0,0.0,0.0,0.0,0.0,0.0,0.0,0.0,0.0,0.0,0.7137897,0.125,1.0,0.297964,9.0,2.3025851,1.0263312,1.4740554,5.7777777
AraCyc::PWY0-501,1,0.0,0.0,0.0,0.0,0.8,0.2,0.4,0.0,0.0,0.0,0.0,0.0,0.0,0.0,0.0,0.0,0.0,0.0,0.0,0.0,0.0,0.0,0.0,0.0,0.0,0.0,0.0,0.0,0.0,0.0,0.0,0.0,0.0,0.0,0.0,0.0,0.0,0.0,0.0,0.0,0.0,0.0,0.0,0.0,0.0,0.0,0.0,0.0,0.0,0.0,0.0,0.0,0.0,0.0,0.0,0.0,0.0,0.0,0.0,0.0,0.30289322,0.083333336,0.72727275,0.2059724,5.0,1.7917595,0.95570076,2.8,6.4
AraCyc::PWY0-662,1,0.0,0.0,0.0,0.0,0.8,0.0,0.4,0.0,0.2,0.0,0.0,0.0,0.0,0.0,0.0,0.0,0.0,0.0,0.0,0.0,0.0,0.0,0.0,0.0,0.0,0.0,0.0,0.0,0.0,0.0,0.0,0.0,0.0,0.0,0.0,0.0,0.0,0.0,0.0,0.0,0.0,0.0,0.0,0.0,0.0,0.0,0.0,0.0,0.0,0.0,0.0,0.0,0.0,0.0,0.0,0.0,0.0,0.0,0.0,0.0,0.59670633,0.3,0.8333333,0.20165916,5.0,1.7917595,0.95570076,1.0198039,5.6
AraCyc::PWY0A-6303,1,0.0,0.0,0.0,0.0,0.15384616,0.23076923,0.30769232,0.0,0.07692308,0.0,0.0,0.0,0.0,0.0,0.0,0.0,0.0,0.46153846,0.0,0.0,0.0,0.07692308,0.0,0.0,0.0,0.0,0.0,0.0,0.0,0.0,0.0,0.0,0.0,0.0,0.0,0.0,0.0,0.0,0.0,0.0,0.0,0.0,0.0,0.0,0.0,0.0,0.0,0.0,0.0,0.0,0.0,0.0,0.0,0.0,0.0,0.0,0.0,0.0,0.0,0.0,0.17733122,0.0,0.6923077,0.15616088,13.0,2.6390574,1.5992221,3.5401335,7.076923
AraCyc::PWY18C3-22,1,0.0,0.0,0.0,0.0,0.0,0.0,0.11111111,0.0,0.0,0.0,0.0,0.0,0.0,0.0,0.0,0.0,0.0,0.11111111,0.0,0.0,0.0,0.0,0.0,0.0,0.0,0.0,0.0,0.0,0.0,0.0,0.0,0.0,0.0,0.0,0.0,0.0,0.0,0.0,0.0,0.0,0.0,0.0,0.0,0.0,0.0,0.0,0.0,0.0,0.0,0.0,0.0,0.0,0.0,0.0,0.0,0.0,0.0,0.0,0.0,0.0,0.41841814,0.05882353,1.0,0.29577187,9.0,2.3025851,0.69315225,2.748737,4.3333335
AraCyc::PWY18C3-24,1,0.0,0.0,0.0,0.0,0.125,0.125,0.1875,0.0,0.125,0.0,0.0,0.0,0.0,0.0,0.0,0.0,0.0625,0.3125,0.0,0.0,0.0,0.0625,0.0,0.0,0.0,0.0,0.0,0.0,0.0,0.0,0.0,0.0,0.0,0.0,0.0,0.0,0.0,0.0,0.0,0.0,0.0,0.0,0.0,0.0,0.0,0.0,0.0,0.0,0.0,0.0,0.0,0.0,0.0,0.0,0.0,0.0,0.0,0.0,0.0,0.0,0.1450308,0.0,1.0,0.17375952,16.0,2.8332133,1.8037205,3.8114753,5.8125
AraCyc::PWY1F-823,1,0.0,0.0,0.0,0.0,0.0,0.21428572,0.14285715,0.0,0.14285715,0.0,0.0,0.0,0.0,0.0,0.0,0.0,0.071428575,0.42857143,0.071428575,0.0,0.0,0.0,0.0,0.0,0.0,0.0,0.0,0.0,0.0,0.0,0.0,0.0,0.0,0.0,0.0,0.0,0.0,0.0,0.0,0.0,0.0,0.0,0.0,0.0,0.0,0.0,0.0,0.0,0.0,0.0,0.0,0.0,0.0,0.0,0.0,0.0,0.0,0.0,0.0,0.0,0.15042272,0.0,1.0,0.2899537,14.0,2.7080503,1.5867857,2.5753937,3.2857144
AraCyc::PWY1ZNC-1,1,0.0,0.0,0.0,0.0,1.0,0.2857143,0.5714286,0.5714286,0.42857143,0.0,0.0,0.0,0.0,0.0,0.0,0.0,0.0,0.0,0.0,0.0,0.0,0.0,0.0,0.0,0.0,0.0,0.0,0.0,0.0,0.0,0.0,0.0,0.0,0.0,0.0,0.0,0.0,0.0,0.0,0.0,0.0,0.0,0.0,0.0,0.0,0.0,0.0,0.0,0.0,0.0,0.0,0.0,0.0,0.0,0.0,0.0,0.0,0.0,0.0,0.0,0.36942977,0.11111111,0.7777778,0.20474665,7.0,2.0794415,1.5260398,1.484615,8.285714
AraCyc::PWY3O-4107,1,0.0,0.0,0.0,0.0,0.1,0.2,0.7,0.1,0.1,0.0,0.0,0.0,0.0,0.0,0.0,0.0,0.0,0.2,0.0,0.0,0.0,0.0,0.0,0.0,0.0,0.0,0.0,0.0,0.0,0.0,0.0,0.0,0.0,0.0,0.0,0.0,0.0,0.0,0.0,0.0,0.0,0.0,0.0,0.0,0.0,0.0,0.0,0.0,0.0,0.0,0.0,0.0,0.0,0.0,0.0,0.0,0.0,0.0,0.0,0.0,0.10791761,0.0,1.0,0.18279117,10.0,2.3978953,1.468061,4.323193,6.9
AraCyc::PWY3O-450,1,0.0,0.2857143,0.0,0.0,0.0,0.0,0.5714286,0.0,0.0,0.0,0.0,0.0,0.0,0.0,0.0,0.0,0.0,0.14285715,0.0,0.0,0.0,0.0,0.0,0.0,0.0,0.0,0.0,0.0,0.0,0.0,0.0,0.0,0.0,0.0,0.0,0.0,0.0,0.0,0.0,0.0,0.0,0.0,0.0,0.0,0.0,0.0,0.0,0.0,0.0,0.0,0.0,0.0,0.0,0.0,0.0,0.0,0.0,0.0,0.0,0.0,0.35784587,0.14285715,1.0,0.26679894,7.0,2.0794415,0.95570105,2.3819046,6.428571
AraCyc::PWY4FS-2,1,0.0,0.18181819,0.0,0.0,0.0,0.0,0.36363637,0.0,0.0,0.0,0.0,0.0,0.0,0.0,0.0,0.0,0.09090909,0.09090909,0.0,0.0,0.0,0.0,0.0,0.0,0.0,0.0,0.0,0.0,0.0,0.0,0.0,0.0,0.0,0.0,0.0,0.0,0.0,0.0,0.0,0.0,0.0,0.0,0.0,0.0,0.0,0.0,0.0,0.0,0.0,0.0,0.0,0.0,0.0,0.0,0.0,0.0,0.0,0.0,0.0,0.0,0.137115,0.0,0.8333333,0.2094979,11.0,2.4849067,1.2130091,2.3741026,7.0
AraCyc::PWY4FS-3,1,0.0,0.0,0.0,0.0,0.125,0.0,0.375,0.0,0.0,0.0,0.0,0.0,0.0,0.0,0.0,0.0,0.125,0.0,0.0,0.0,0.0,0.0,0.0,0.0,0.0,0.0,0.0,0.0,0.0,0.0,0.0,0.0,0.0,0.0,0.0,0.0,0.0,0.0,0.0,0.0,0.0,0.0,0.0,0.0,0.0,0.0,0.0,0.0,0.0,0.0,0.0,0.0,0.0,0.0,0.0,0.0,0.0,0.0,0.0,0.0,0.14925002,0.0,0.71428573,0.2091621,8.0,2.1972246,0.9502724,2.1758618,6.625
AraCyc::PWY4FS-4,1,0.0,0.0,0.0,0.0,0.125,0.0,0.375,0.0,0.0,0.0,0.0,0.0,0.0,0.0,0.0,0.0,0.125,0.0,0.0,0.0,0.0,0.0,0.0,0.0,0.0,0.0,0.0,0.0,0.0,0.0,0.0,0.0,0.0,0.0,0.0,0.0,0.0,0.0,0.0,0.0,0.0,0.0,0.0,0.0,0.0,0.0,0.0,0.0,0.0,0.0,0.0,0.0,0.0,0.0,0.0,0.0,0.0,0.0,0.0,0.0,0.14925002,0.0,0.71428573,0.2091621,8.0,2.1972246,0.9502724,2.1758618,6.625
AraCyc::PWY4FS-7,1,0.0,0.53846157,0.0,0.0,0.53846157,0.0,0.23076923,0.0,0.0,0.0,0.0,0.0,0.0,0.0,0.0,0.0,0.0,0.0,0.0,0.0,0.0,0.07692308,0.0,0.0,0.0,0.0,0.0,0.0,0.07692308,0.0,0.0,0.0,0.0,0.0,0.0,0.0,0.0,0.0,0.0,0.0,0.0,0.0,0.0,0.0,0.0,0.0,0.0,0.0,0.0,0.0,0.0,0.0,0.0,0.0,0.0,0.07692308,0.0,0.0,0.0,0.0,0.15096319,0.0,1.0,0.20009817,13.0,2.6390574,1.468804,2.4056149,8.461538
AraCyc::PWY4FS-8,1,0.0,0.5625,0.0,0.0,0.375,0.0625,0.1875,0.0,0.0,0.0,0.0,0.03125,0.0,0.0,0.0,0.0,0.0,0.0,0.0,0.0,0.0,0.03125,0.0,0.0,0.0,0.0,0.0,0.0,0.03125,0.0,0.0,0.0,0.0,0.0,0.0,0.0,0.0,0.0,0.0,0.0,0.0,0.0,0.0,0.0,0.0,0.0,0.0,0.0,0.0,0.0,0.0,0.0,0.0,0.0,0.0,0.03125,0.0,0.0,0.0,0.0,0.16229375,0.0,0.8333333,0.17128903,32.0,3.4965076,1.4999937,3.4994419,8.0625
AraCyc::PWY66-21,1,0.0,0.0,0.0,0.0,0.6666667,0.0,0.33333334,0.16666667,0.8333333,0.0,0.0,0.0,0.0,0.0,0.0,0.0,0.0,0.0,0.0,0.0,0.0,0.0,0.0,0.0,0.0,0.0,0.0,0.0,0.0,0.0,0.0,0.0,0.0,0.0,0.0,0.0,0.0,0.0,0.0,0.0,0.0,0.0,0.0,0.0,0.0,0.0,0.0,0.0,0.0,0.0,0.0,0.0,0.0,0.0,0.0,0.0,0.0,0.0,0.0,0.0,0.13557269,0.033333335,0.5,0.115974255,6.0,1.9459101,1.2366855,5.934831,9.333333
AraCyc::PWY66-367,1,0.0,0.0,0.0,0.0,0.6666667,0.16666667,0.5,0.0,0.0,0.0,0.0,0.0,0.0,0.0,0.0,0.0,0.0,0.0,0.0,0.0,0.0,0.0,0.0,0.0,0.0,0.0,0.0,0.0,0.0,0.0,0.0,0.0,0.0,0.0,0.0,0.0,0.0,0.0,0.0,0.0,0.0,0.0,0.0,0.0,0.0,0.0,0.0,0.0,0.0,0.0,0.0,0.0,0.0,0.0,0.0,0.0,0.0,0.0,0.0,0.0,0.1076891,0.0,0.5,0.12855306,6.0,1.9459101,0.97431564,3.5901098,6.3333335
AraCyc::PWY66-385,1,0.0,0.0,0.0,0.0,0.5833333,0.25,0.8333333,0.0,0.33333334,0.0,0.0,0.0,0.0,0.0,0.0,0.0,0.0,0.0,0.0,0.0,0.0,0.0,0.0,0.0,0.0,0.0,0.0,0.0,0.0,0.0,0.0,0.0,0.0,0.0,0.0,0.0,0.083333336,0.0,0.0,0.0,0.0,0.0,0.0,0.0,0.0,0.0,0.0,0.0,0.0,0.0,0.0,0.0,0.0,0.0,0.0,0.0,0.0,0.0,0.0,0.0,0.20580742,0.0,0.7777778,0.19563866,12.0,2.5649493,1.399347,5.5,9.5
AraCyc::PWY66-423,1,0.0,0.2,0.0,0.0,0.0,0.0,0.2,0.2,0.0,0.0,0.0,0.0,0.0,0.0,0.0,0.0,0.6,0.0,0.0,0.0,0.0,0.0,0.0,0.0,0.0,0.0,0.0,0.0,0.0,0.0,0.0,0.0,0.0,0.0,0.0,0.0,0.0,0.0,0.0,0.0,0.0,0.0,0.0,0.2,0.0,0.0,0.0,0.0,0.0,0.0,0.0,0.0,0.0,0.0,0.0,0.0,0.0,0.0,0.0,0.0,0.3109524,0.0,1.0,0.32650697,5.0,1.7917595,1.4750772,4.2237425,4.6
AraCyc::PWY66-430,1,0.0,0.0,0.0,0.055555556,0.6111111,0.0,0.16666667,0.055555556,0.11111111,0.0,0.0,0.0,0.0,0.0,0.0,0.0,0.11111111,0.16666667,0.0,0.0,0.0,0.0,0.0,0.0,0.055555556,0.0,0.0,0.0,0.0,0.0,0.0,0.0,0.0,0.0,0.0,0.0,0.0,0.0,0.0,0.0,0.0,0.0,0.0,0.0,0.0,0.0,0.0,0.0,0.0,0.0,0.0,0.0,0.0,0.0,0.0,0.0,0.0,0.0,0.0,0.0,0.11553344,0.0,1.0,0.18682332,18.0,2.944439,1.6888417,2.7716599,4.388889
AraCyc::PWYDQC-4,1,0.0,0.06666667,0.0,0.0,0.13333334,0.13333334,0.33333334,0.0,0.13333334,0.0,0.0,0.0,0.0,0.0,0.0,0.0,0.0,0.2,0.06666667,0.0,0.0,0.2,0.0,0.0,0.0,0.0,0.0,0.0,0.0,0.0,0.13333334,0.0,0.0,0.0,0.0,0.0,0.0,0.0,0.0,0.0,0.0,0.0,0.0,0.0,0.0,0.0,0.0,0.0,0.0,0.0,0.0,0.0,0.0,0.0,0.0,0.0,0.0,0.0,0.0,0.0,0.29757544,0.028571429,0.7777778,0.22978227,15.0,2.7725887,2.0833783,6.478683,11.6
AraCyc::PWYQT-4429,1,0.0,0.04761905,0.0,0.0,0.3809524,0.14285715,0.8095238,0.0,0.33333334,0.0,0.0,0.0,0.0,0.0,0.0,0.0,0.04761905,0.04761905,0.0,0.0,0.0,0.0,0.0,0.0,0.0,0.0,0.0,0.0,0.0,0.0,0.0,0.0,0.0,0.0,0.0,0.0,0.04761905,0.0,0.0,0.0,0.0,0.0,0.0,0.0,0.0,0.0,0.0,0.0,0.0,0.0,0.0,0.0,0.0,0.0,0.0,0.0,0.0,0.0,0.0,0.0,0.18694392,0.0,0.8,0.18254802,21.0,3.0910425,1.5682452,4.215832,7.1904764
AraCyc::PWYQT-4445,1,0.0,0.0,0.0,0.0,0.75,0.083333336,0.5833333,0.25,0.33333334,0.0,0.0,0.0,0.0,0.0,0.0,0.0,0.0,0.0,0.0,0.0,0.0,0.0,0.0,0.0,0.0,0.0,0.0,0.0,0.0,0.0,0.0,0.0,0.0,0.0,0.0,0.0,0.0,0.0,0.0,0.0,0.0,0.0,0.0,0.0,0.0,0.0,0.0,0.0,0.0,0.0,0.0,0.0,0.0,0.0,0.0,0.0,0.0,0.0,0.0,0.0,0.16579033,0.0,1.0,0.21925873,12.0,2.5649493,1.4181625,4.209777,6.6666665
AraCyc::PWYQT-4449,1,0.0,0.0,0.0,0.0,0.875,0.1875,0.875,0.0,0.125,0.0,0.0,0.0,0.0,0.0,0.0,0.0,0.0,0.0,0.0,0.0,0.0,0.0625,0.0,0.0,0.0,0.0,0.0,0.0,0.0,0.0,0.0,0.0,0.0,0.0,0.0,0.0,0.0,0.0,0.0,0.0,0.0,0.0,0.0,0.0,0.0,0.0,0.0,0.0,0.0,0.0,0.0,0.0,0.0,0.0,0.0,0.0,0.0,0.0,0.0,0.0,0.58035475,0.125,1.0,0.26757026,16.0,2.8332133,1.21531,1.8371173,11.0
AraCyc::PWYQT-4450,1,0.0,0.0,0.0,0.0,1.0,0.0,0.2,0.0,0.4,0.0,0.0,0.0,0.0,0.0,0.0,0.0,0.0,0.0,0.0,0.0,0.0,0.0,0.0,0.0,0.0,0.0,0.0,0.0,0.0,0.0,0.0,0.0,0.0,0.0,0.0,0.0,0.0,0.0,0.0,0.0,0.0,0.0,0.0,0.0,0.0,0.0,0.0,0.0,0.0,0.0,0.0,0.0,0.0,0.0,0.0,0.0,0.0,0.0,0.0,0.0,0.23717079,0.13636364,0.5833333,0.12587956,5.0,1.7917595,0.9002568,2.7856777,10.8
AraCyc::PWYQT-4466,1,0.0,0.03448276,0.0,0.0,0.55172414,0.15517241,0.27586207,0.12068965,0.3448276,0.0,0.0,0.0,0.0,0.0,0.0,0.0,0.03448276,0.01724138,0.0,0.0,0.01724138,0.01724138,0.0,0.0,0.0,0.0,0.0,0.0,0.51724136,0.0,0.0,0.01724138,0.0,0.0,0.0,0.0,0.01724138,0.0,0.0,0.0,0.0,0.0,0.0,0.13793103,0.0,0.0,0.0,0.0,0.0,0.0,0.01724138,0.0,0.0,0.0,0.0,0.0,0.0,0.0,0.0,0.0,0.11318741,0.0,0.7777778,0.1650946,58.0,4.0775375,2.0796201,4.32659,8.931034
AraCyc::PWYQT-4471,1,0.0,0.021276595,0.0,0.0,0.021276595,0.021276595,0.5531915,0.0,0.23404256,0.0,0.0,0.0,0.0,0.0,0.0,0.0,0.17021276,0.021276595,0.04255319,0.0,0.04255319,0.0,0.0,0.0,0.0,0.0,0.0,0.0,0.0,0.0,0.0,0.0,0.0,0.0,0.0,0.0,0.0,0.0,0.10638298,0.0,0.021276595,0.0,0.0,0.0,0.0,0.0,0.10638298,0.0,0.0,0.0,0.0,0.0,0.06382979,0.0,0.0,0.0,0.0,0.0,0.0,0.0,0.1739048,0.0,0.75,0.20487174,47.0,3.871201,1.9675933,3.36251,6.2765956
AraCyc::PWYQT-4472,1,0.0,0.03125,0.0,0.0,0.03125,0.03125,0.375,0.0,0.25,0.0,0.0,0.0,0.0,0.0,0.0,0.0,0.1875,0.03125,0.0625,0.0,0.03125,0.0,0.0,0.0,0.0,0.0,0.0,0.0,0.0,0.0,0.0,0.0,0.0,0.0,0.0,0.0,0.0,0.0,0.15625,0.0,0.03125,0.0,0.0,0.0,0.0,0.0,0.15625,0.0,0.0,0.0,0.0,0.0,0.09375,0.0,0.0,0.0,0.0,0.0,0.0,0.0,0.34332162,0.05263158,1.0,0.21708396,32.0,3.4965076,2.1909678,3.2940228,7.34375
AraCyc::PWYQT-4473,1,0.0,0.03125,0.0,0.0,0.03125,0.03125,0.375,0.0,0.25,0.0,0.0,0.0,0.0,0.0,0.0,0.0,0.1875,0.03125,0.0625,0.0,0.03125,0.0,0.0,0.0,0.0,0.0,0.0,0.0,0.0,0.0,0.0,0.0,0.0,0.0,0.0,0.0,0.0,0.0,0.15625,0.0,0.03125,0.0,0.0,0.0,0.0,0.0,0.15625,0.0,0.0,0.0,0.0,0.0,0.09375,0.0,0.0,0.0,0.0,0.0,0.0,0.0,0.34332162,0.05263158,1.0,0.21708396,32.0,3.4965076,2.1909678,3.2940228,7.34375
AraCyc::PWYQT-4474,1,0.0,0.03125,0.0,0.0,0.03125,0.03125,0.375,0.0,0.25,0.0,0.0,0.0,0.0,0.0,0.0,0.0,0.1875,0.03125,0.0625,0.0,0.03125,0.0,0.0,0.0,0.0,0.0,0.0,0.0,0.0,0.0,0.0,0.0,0.0,0.0,0.0,0.0,0.0,0.0,0.15625,0.0,0.03125,0.0,0.0,0.0,0.0,0.0,0.15625,0.0,0.0,0.0,0.0,0.0,0.09375,0.0,0.0,0.0,0.0,0.0,0.0,0.0,0.34332162,0.05263158,1.0,0.21708396,32.0,3.4965076,2.1909678,3.2940228,7.34375
AraCyc::PWYQT-4475,1,0.0,0.030303031,0.0,0.0,0.030303031,0.030303031,0.36363637,0.0,0.24242425,0.0,0.0,0.0,0.0,0.0,0.0,0.0,0.18181819,0.030303031,0.060606062,0.0,0.030303031,0.0,0.0,0.0,0.0,0.0,0.0,0.0,0.0,0.0,0.0,0.0,0.0,0.0,0.0,0.0,0.0,0.0,0.15151516,0.0,0.030303031,0.0,0.0,0.0,0.0,0.0,0.15151516,0.0,0.0,0.0,0.0,0.0,0.09090909,0.0,0.0,0.0,0.0,0.0,0.0,0.0,0.35996088,0.05263158,1.0,0.21594782,33.0,3.5263605,2.1909678,3.2442646,7.3333335
AraCyc::PWYQT-4477,1,0.0,0.5555556,0.0,0.0,0.11111111,0.11111111,0.33333334,0.0,0.44444445,0.0,0.0,0.0,0.0,0.0,0.0,0.0,0.16666667,0.055555556,0.5,0.0,0.16666667,0.0,0.0,0.0,0.0,0.0,0.0,0.0,0.055555556,0.0,0.0,0.0,0.0,0.0,0.0,0.0,0.0,0.0,0.11111111,0.0,0.0,0.0,0.0,0.0,0.0,0.0,0.0,0.0,0.0,0.0,0.0,0.0,0.0,0.0,0.0,0.0,0.0,0.0,0.0,0.0,0.24223652,0.0,1.0,0.31990904,18.0,2.944439,2.1280732,3.975232,8.555555
AraCyc::PWYQT-4481,1,0.0,0.11111111,0.0,0.0,0.3888889,0.19444445,0.2777778,0.11111111,0.5277778,0.0,0.0,0.0,0.0,0.0,0.0,0.0,0.055555556,0.0,0.0,0.0,0.0,0.027777778,0.0,0.0,0.0,0.0,0.0,0.0,0.0,0.0,0.0,0.0,0.0,0.0,0.0,0.0,0.027777778,0.0,0.0,0.0,0.0,0.0,0.0,0.0,0.0,0.0,0.0,0.0,0.0,0.0,0.0,0.0,0.0,0.0,0.0,0.0,0.0,0.0,0.0,0.0,0.15562658,0.0,0.7222222,0.123224124,36.0,3.6109178,1.8365703,5.313258,10.361111
AraCyc::PWYQT-4482,1,0.0,0.72727275,0.0,0.0,0.54545456,0.0,0.09090909,0.0,0.0,0.0,0.0,0.0,0.0,0.0,0.0,0.0,0.0,0.0,0.0,0.0,0.0,0.09090909,0.0,0.0,0.0,0.0,0.0,0.0,0.0,0.0,0.0,0.0,0.0,0.0,0.0,0.0,0.0,0.0,0.0,0.0,0.0,0.0,0.0,0.0,0.0,0.0,0.0,0.0,0.0,0.0,0.0,0.0,0.0,0.0,0.0,0.09090909,0.0,0.0,0.0,0.0,0.20923394,0.0,0.90909094,0.1831179,11.0,2.4849067,1.2222676,2.3775814,8.272727
AraCyc::PWYQT-62,1,0.0,0.04761905,0.0,0.0,0.95238096,0.1904762,0.14285715,0.0,0.23809524,0.0,0.0,0.0,0.0,0.0,0.0,0.0,0.0,0.0,0.0,0.0,0.0,0.0952381,0.0,0.0,0.0,0.0,0.0,0.0,0.0,0.0,0.0,0.0,0.0,0.0,0.0,0.0,0.0,0.0,0.0,0.0,0.0,0.0,0.0,0.0,0.0,0.0,0.0,0.0,0.0,0.0,0.0,0.0,0.0,0.04761905,0.0,0.0,0.0,0.0,0.0,0.0,0.2740538,0.0,0.7777778,0.16909479,21.0,3.0910425,1.4115989,2.1925457,9.619047
AraCyc::PWYQT-94,1,0.0,0.0,0.0,0.0,0.125,0.5,0.25,0.0,0.25,0.0,0.0,0.0,0.0,0.0,0.0,0.0,0.0,0.125,0.0,0.0,0.0,0.0,0.0,0.0,0.0,0.0,0.0,0.0,0.0,0.0,0.0,0.0,0.0,0.0,0.0,0.0,0.0,0.0,0.0,0.0,0.0,0.0,0.0,0.0,0.0,0.0,0.0,0.0,0.0,0.0,0.0,0.0,0.0,0.0,0.0,0.0,0.0,0.0,0.0,0.0,0.25850192,0.0,0.8333333,0.2384629,8.0,2.1972246,1.4708093,2.5708704,6.875
AraCyc::PYRIDNUCSYN-PWY,1,0.0,0.0,0.0,0.0,0.6,0.0,0.2,0.2,0.0,0.0,0.0,0.0,0.0,0.0,0.0,0.0,0.0,0.0,0.0,0.0,0.0,0.0,0.0,0.0,0.0,0.0,0.0,0.0,0.0,0.0,0.0,0.0,0.0,0.0,0.0,0.0,0.0,0.0,0.0,0.0,0.0,0.0,0.0,0.0,0.0,0.0,0.0,0.0,0.0,0.0,0.0,0.0,0.0,0.2,0.0,0.0,0.0,0.0,0.0,0.0,0.12072473,0.05882353,0.2857143,0.06752425,5.0,1.7917595,1.2424543,2.0591261,6.6
AraCyc::PYRUVDEHYD-PWY,1,0.0,0.0,0.0,0.0,0.5625,0.125,0.0625,0.1875,0.625,0.0,0.0,0.0,0.0,0.0,0.0,0.0,0.0,0.0,0.0,0.0,0.0,0.0,0.0,0.0,0.0,0.0,0.0,0.0,0.0,0.0,0.0,0.0,0.0,0.0,0.0,0.0,0.0,0.0,0.0,0.0,0.0,0.0,0.0,0.0,0.0,0.0,0.0,0.0,0.0,0.0,0.0,0.0,0.0,0.0,0.0,0.0,0.0,0.0,0.0,0.0,0.20336369,0.0,0.72727275,0.17883426,16.0,2.8332133,1.3195565,2.7207248,9.1875
AraCyc::RIBOSYN2-PWY,1,0.0,0.0,0.0,0.0,0.9230769,0.0,0.15384616,0.0,0.15384616,0.0,0.0,0.0,0.0,0.0,0.0,0.0,0.07692308,0.0,0.0,0.0,0.0,0.0,0.0,0.0,0.0,0.0,0.0,0.0,0.0,0.0,0.0,0.0,0.0,0.0,0.0,0.0,0.0,0.0,0.0,0.0,0.0,0.0,0.0,0.0,0.0,0.0,0.0,0.0,0.0,0.0,0.0,0.0,0.0,0.0,0.0,0.0,0.0,0.0,0.0,0.0,0.19971196,0.0,0.8,0.16046925,13.0,2.6390574,0.91606903,2.1538463,5.769231
AraCyc::SER-GLYSYN-PWY,1,0.0,0.0,0.0,0.0,0.7692308,0.23076923,0.46153846,0.07692308,0.46153846,0.0,0.0,0.0,0.0,0.0,0.0,0.0,0.0,0.0,0.0,0.0,0.0,0.15384616,0.0,0.0,0.0,0.0,0.0,0.0,0.0,0.0,0.0,0.0,0.0,0.0,0.0,0.0,0.07692308,0.0,0.0,0.0,0.0,0.0,0.0,0.0,0.0,0.0,0.0,0.0,0.0,0.0,0.0,0.0,0.0,0.0,0.0,0.0,0.0,0.0,0.0,0.0,0.20936818,0.0,0.7,0.1591381,13.0,2.6390574,1.6704309,4.725607,10.769231
AraCyc::SERSYN-PWY,1,0.0,0.0,0.0,0.0,1.0,0.16666667,0.0,0.16666667,0.33333334,0.0,0.0,0.0,0.0,0.0,0.0,0.0,0.0,0.0,0.0,0.0,0.0,0.33333334,0.0,0.0,0.0,0.0,0.0,0.0,0.0,0.0,0.0,0.0,0.0,0.0,0.0,0.0,0.0,0.0,0.0,0.0,0.0,0.0,0.0,0.0,0.0,0.0,0.0,0.0,0.0,0.0,0.0,0.0,0.0,0.0,0.0,0.0,0.0,0.0,0.0,0.0,0.3009413,0.15384616,0.5833333,0.12152004,6.0,1.9459101,1.3579785,2.9860787,9.5
AraCyc::SUCSYN-PWY,1,0.0,0.0,0.0,0.0,0.55,0.175,0.425,0.0,0.6,0.0,0.0,0.0,0.0,0.0,0.075,0.0,0.025,0.025,0.0,0.0,0.0,0.025,0.0,0.0,0.0,0.0,0.0,0.0,0.4,0.0,0.0,0.0,0.0,0.0,0.0,0.0,0.075,0.0,0.0,0.0,0.0,0.0,0.0,0.0,0.0,0.0,0.0,0.0,0.0,0.0,0.025,0.0,0.0,0.0,0.0,0.0,0.0,0.0,0.0,0.0,0.09869617,0.0,0.73333335,0.12845236,40.0,3.713572,1.8871057,6.0145135,11.025
AraCyc::THISYNARA-PWY,1,0.0,0.0,0.0,0.0,0.7777778,0.0,0.11111111,0.22222222,0.22222222,0.0,0.0,0.0,0.0,0.0,0.0,0.0,0.11111111,0.0,0.0,0.0,0.0,0.0,0.0,0.0,0.0,0.0,0.0,0.0,0.0,0.0,0.0,0.0,0.0,0.0,0.0,0.0,0.0,0.0,0.0,0.0,0.0,0.0,0.0,0.0,0.0,0.0,0.0,0.0,0.0,0.0,0.0,0.0,0.0,0.0,0.0,0.0,0.0,0.0,0.0,0.0,0.1240315,0.0,1.0,0.18694684,9.0,2.3025851,1.3038763,2.828427,6.0
AraCyc::THRESYN-PWY,1,0.0,0.0,0.0,0.0,0.7368421,0.05263158,0.2631579,0.05263158,0.42105263,0.0,0.0,0.0,0.0,0.0,0.0,0.0,0.0,0.05263158,0.0,0.0,0.0,0.10526316,0.0,0.0,0.0,0.0,0.0,0.0,0.0,0.0,0.05263158,0.0,0.0,0.0,0.0,0.0,0.05263158,0.0,0.0,0.0,0.0,0.0,0.0,0.0,0.0,0.0,0.0,0.0,0.0,0.0,0.0,0.0,0.0,0.0,0.0,0.0,0.0,0.0,0.0,0.0,0.17909604,0.0,0.9285714,0.1823972,19.0,2.9957323,1.6729547,6.7937565,10.947369
AraCyc::TRESYN-PWY,1,0.0,0.0,0.0,0.0,0.3809524,0.0,0.71428573,0.0,0.04761905,0.0,0.0,0.0,0.0,0.0,0.0,0.0,0.0,0.0,0.0,0.0,0.0,0.04761905,0.0,0.0,0.0,0.0,0.0,0.0,0.0,0.0,0.0,0.0,0.0,0.0,0.0,0.0,0.0,0.0,0.0,0.0,0.0,0.0,0.0,0.0,0.0,0.0,0.0,0.0,0.0,0.0,0.0,0.0,0.0,0.0,0.0,0.0,0.0,0.0,0.0,0.0,0.47178036,0.083333336,1.0,0.24165452,21.0,3.0910425,0.9286254,2.751211,5.6190476
AraCyc::TRIGLSYN-PWY,1,0.0,0.3508772,0.0,0.0,0.2631579,0.07017544,0.10526316,0.0,0.05263158,0.01754386,0.0,0.01754386,0.0,0.0,0.0,0.0,0.0,0.0,0.0,0.0,0.0,0.01754386,0.0,0.0,0.0,0.0,0.0,0.0,0.0,0.0,0.0,0.0,0.0,0.0,0.0,0.0,0.0,0.0,0.0,0.0,0.0,0.0,0.0,0.0,0.0,0.01754386,0.0,0.0,0.0,0.0,0.0,0.0,0.0,0.0,0.0,0.0,0.0,0.0,0.0,0.0,0.06679561,0.0,0.6666667,0.1054645,57.0,4.060443,1.6411108,3.8593302,7.3508773
AraCyc::TRPSYN-PWY,1,0.0,0.0,0.0,0.0,1.0,0.0952381,0.33333334,0.0,0.0,0.0,0.0,0.0,0.0,0.0,0.0,0.0,0.14285715,0.0,0.0,0.0,0.0,0.0,0.0,0.0,0.0,0.0,0.0,0.0,0.0,0.0,0.0,0.0,0.0,0.0,0.0,0.0,0.0,0.0,0.0,0.0,0.0,0.0,0.0,0.0,0.0,0.0,0.0,0.0,0.0,0.0,0.0,0.0,0.0,0.0,0.0,0.0,0.0,0.0,0.0,0.0,0.27860287,0.07692308,1.0,0.19582978,21.0,3.0910425,1.0044334,2.4102955,6.0
AraCyc::TYRFUMCAT-PWY,1,0.0,0.0,0.0,0.0,0.0,0.1,0.9,0.0,0.6,0.0,0.0,0.0,0.0,0.0,0.0,0.0,0.0,0.0,0.0,0.0,0.0,0.1,0.0,0.0,0.0,0.0,0.0,0.0,0.0,0.0,0.1,0.0,0.0,0.0,0.0,0.0,0.0,0.0,0.0,0.0,0.0,0.0,0.0,0.0,0.0,0.0,0.0,0.0,0.0,0.0,0.0,0.0,0.0,0.0,0.0,0.0,0.0,0.0,0.0,0.0,0.20161036,0.0,0.75,0.15860398,10.0,2.3978953,1.194507,7.4323616,10.6
AraCyc::UDPNACETYLGALSYN-PWY,1,0.0,0.0625,0.0,0.0,0.4375,0.125,0.3125,0.4375,0.3125,0.0,0.0,0.0,0.0,0.0,0.0,0.0,0.0625,0.0,0.0,0.0,0.0,0.125,0.0,0.0,0.0,0.0,0.0,0.0,0.5625,0.0,0.0,0.0625,0.0,0.0,0.0,0.0,0.0,0.0,0.0,0.0,0.0,0.0,0.0,0.0,0.0,0.0,0.0,0.0,0.0,0.0,0.0625,0.0,0.0,0.0,0.0,0.0,0.0,0.0,0.0,0.0,0.14632507,0.0,0.75,0.20625533,16.0,2.8332133,2.1066277,5.1322355,12.6875
AraCyc::VALDEG-PWY,1,0.0,0.0,0.0,0.0,0.5,0.14285715,0.2857143,0.071428575,0.35714287,0.0,0.0,0.0,0.0,0.0,0.0,0.0,0.0,0.0,0.0,0.0,0.0,0.0,0.0,0.0,0.0,0.0,0.0,0.0,0.0,0.0,0.0,0.0,0.0,0.0,0.0,0.0,0.0,0.0,0.0,0.0,0.0,0.0,0.0,0.0,0.0,0.0,0.0,0.0,0.0,0.0,0.0,0.0,0.0,0.0,0.0,0.0,0.0,0.0,0.0,0.0,0.23739849,0.0,1.0,0.24891956,14.0,2.7080503,1.439175,4.1162944,7.357143
AraCyc::VALSYN-PWY,1,0.0,0.0,0.0,0.0,1.0,0.2857143,0.5714286,0.0,0.42857143,0.0,0.0,0.0,0.0,0.0,0.0,0.0,0.0,0.0,0.0,0.0,0.0,0.0,0.0,0.0,0.0,0.0,0.0,0.0,0.0,0.0,0.0,0.0,0.0,0.0,0.0,0.0,0.0,0.0,0.0,0.0,0.0,0.0,0.0,0.0,0.0,0.0,0.0,0.0,0.0,0.0,0.0,0.0,0.0,0.0,0.0,0.0,0.0,0.0,0.0,0.0,0.30672833,0.07692308,0.8333333,0.23411374,7.0,2.0794415,1.2820468,1.9166297,12.428572
KEGG::path:ath00010,1,0.008403362,0.008403362,0.0,0.0,0.49579832,0.1092437,0.5294118,0.20168068,0.4789916,0.0,0.0,0.0,0.0,0.0,0.025210084,0.0,0.008403362,0.0,0.0,0.0,0.008403362,0.008403362,0.0,0.0,0.0,0.0,0.0,0.0,0.25210086,0.0,0.0,0.008403362,0.0,0.0,0.0,0.0,0.025210084,0.0,0.0,0.0,0.0,0.0,0.0,0.09243698,0.0,0.0,0.0,0.0,0.0,0.0,0.0,0.0,0.0,0.0,0.0,0.0,0.0,0.0,0.0,0.0,0.09145967,0.0,0.8,0.10893362,119.0,4.787492,1.9639751,5.0617957,9.991596
KEGG::path:ath00020,1,0.0,0.0625,0.0,0.0,0.40625,0.15625,0.25,0.15625,0.59375,0.0,0.0,0.0,0.0,0.0,0.0,0.0,0.0,0.0,0.0,0.0,0.015625,0.015625,0.0,0.0,0.0,0.0,0.0,0.0,0.0,0.0,0.0,0.0,0.0,0.0,0.0,0.0,0.015625,0.0,0.0,0.0,0.0,0.0,0.0,0.0,0.0,0.0,0.0,0.0,0.0,0.0,0.0,0.0,0.0,0.0,0.0,0.0,0.0,0.0,0.0,0.0,0.12894022,0.0,0.72727275,0.13705683,64.0,4.1743875,1.692483,4.3070335,10.390625
KEGG::path:ath00030,1,0.0,0.0,0.0,0.0,0.63793105,0.18965517,0.70689654,0.20689656,0.5689655,0.0,0.0,0.0,0.0,0.0,0.0,0.0,0.0,0.0,0.0,0.0,0.0,0.01724138,0.0,0.0,0.0,0.0,0.0,0.0,0.29310346,0.0,0.0,0.0,0.0,0.0,0.0,0.0,0.05172414,0.0,0.0,0.0,0.0,0.0,0.0,0.0,0.0,0.0,0.0,0.0,0.0,0.0,0.0,0.0,0.0,0.0,0.0,0.0,0.0,0.0,0.0,0.0,0.13436271,0.0,0.7777778,0.1357806,58.0,4.0775375,1.760191,3.4877057,9.206897
KEGG::path:ath00040,1,0.0,0.074074075,0.0,0.0,0.09259259,0.027777778,0.2037037,0.027777778,0.10185185,0.0,0.0,0.0,0.0,0.0,0.0,0.0,0.027777778,0.083333336,0.0,0.0,0.009259259,0.0,0.0,0.0,0.0,0.0,0.0,0.0,0.35185185,0.0,0.0,0.0,0.0,0.0,0.0,0.0,0.009259259,0.0,0.0,0.0,0.0,0.0,0.0,0.0,0.0,0.0,0.0,0.0,0.0,0.0,0.0,0.0,0.0,0.0,0.0,0.0,0.0,0.0,0.0,0.0,0.2127379,0.0,1.0,0.25544578,108.0,4.691348,1.9213308,3.1899593,5.490741
KEGG::path:ath00051,1,0.0,0.032258064,0.016129032,0.0,0.32258064,0.19354838,0.62903225,0.29032257,0.38709676,0.0,0.0,0.0,0.0,0.0,0.0,0.0,0.016129032,0.0,0.0,0.0,0.0,0.032258064,0.0,0.0,0.0,0.0,0.0,0.0,0.20967741,0.0,0.0,0.016129032,0.0,0.0,0.048387095,0.0,0.016129032,0.0,0.0,0.0,0.0,0.0,0.0,0.016129032,0.0,0.0,0.0,0.0,0.0,0.0,0.0,0.0,0.0,0.0,0.0,0.0,0.0,0.0,0.0,0.0,0.10421733,0.0,0.7777778,0.14343242,62.0,4.1431346,2.026347,4.4935207,9.33871
KEGG::path:ath00052,1,0.0,0.06153846,0.0,0.0,0.21538462,0.06153846,0.47692308,0.2,0.2923077,0.0,0.0,0.0,0.0,0.0,0.0,0.0,0.0,0.06153846,0.0,0.0,0.015384615,0.0,0.0,0.0,0.0,0.0,0.0,0.0,0.5692308,0.0,0.0,0.015384615,0.0,0.0,0.0,0.0,0.015384615,0.0,0.0,0.0,0.0,0.0,0.0,0.092307694,0.0,0.0,0.0,0.0,0.0,0.0,0.21538462,0.0,0.0,0.0,0.0,0.0,0.0,0.0,0.0,0.0,0.1195217,0.0,1.0,0.1745962,65.0,4.189655,2.1138396,4.1439767,8.523077
KEGG::path:ath00053,1,0.0,0.16129032,0.0,0.0,0.30645162,0.06451613,0.46774194,0.06451613,0.2580645,0.0,0.0,0.0,0.0,0.0,0.0,0.0,0.08064516,0.032258064,0.0,0.0,0.032258064,0.016129032,0.0,0.0,0.0,0.0,0.0,0.0,0.032258064,0.0,0.0,0.0,0.0,0.0,0.016129032,0.0,0.016129032,0.0,0.0,0.17741935,0.0,0.0,0.0,0.0,0.0,0.0,0.0,0.0,0.0,0.0,0.0,0.0,0.0,0.0,0.0,0.0,0.0,0.0,0.0,0.0,0.06619534,0.0,0.6,0.09882305,62.0,4.1431346,2.1433296,4.685116,8.596774
KEGG::path:ath00061,1,0.0,0.0,0.0,0.0,0.8095238,0.0952381,0.0952381,0.0952381,0.21428572,0.0,0.0,0.0,0.0,0.0,0.0,0.0,0.0,0.023809524,0.0,0.0,0.0,0.071428575,0.0,0.0,0.0,0.0,0.0,0.0,0.0,0.0,0.0,0.0,0.0,0.0,0.0,0.0,0.0,0.0,0.0,0.0,0.0,0.0,0.0,0.0,0.0,0.0,0.0,0.0,0.0,0.0,0.0,0.0,0.0,0.0,0.023809524,0.0,0.0,0.0,0.0,0.0,0.15425856,0.0,0.625,0.11284164,42.0,3.7612002,1.4343011,3.4240215,7.8809524
KEGG::path:ath00062,1,0.0,0.64705884,0.0,0.0,0.38235295,0.11764706,0.4117647,0.029411765,0.0882353,0.0,0.0,0.32352942,0.0,0.0,0.0,0.0,0.0882353,0.0,0.0,0.0,0.0,0.029411765,0.0,0.0,0.0,0.0,0.0,0.0,0.0,0.0,0.0,0.0,0.0,0.0,0.0,0.0,0.0,0.0,0.0,0.0,0.0,0.0,0.029411765,0.0,0.0,0.0,0.0,0.0,0.0,0.0,0.0,0.0,0.0,0.0,0.0,0.0,0.0,0.0,0.0,0.0,0.39114395,0.0,0.8,0.25770223,34.0,3.5553482,1.8684356,3.8406856,9.117647
KEGG::path:ath00071,1,0.0,0.04255319,0.0,0.0,0.38297874,0.06382979,0.44680852,0.021276595,0.27659574,0.0,0.0,0.0,0.0,0.0,0.0,0.0,0.0,0.0,0.04255319,0.0,0.0,0.021276595,0.0,0.0,0.0,0.0,0.0,0.0,0.0,0.0,0.0,0.0,0.0,0.0,0.021276595,0.0,0.0,0.0,0.0,0.0,0.0,0.0,0.0,0.0,0.0,0.0,0.0,0.0,0.0,0.0,0.0,0.0,0.0,0.0,0.0,0.0,0.0,0.0,0.0,0.0,0.11620388,0.0,1.0,0.21789838,47.0,3.871201,1.621096,4.3251715,8.87234
KEGG::path:ath00073,1,0.0,0.33846155,0.0,0.0,0.21538462,0.092307694,0.046153847,0.0,0.015384615,0.0,0.0,0.015384615,0.0,0.0,0.0,0.0,0.13846155,0.15384616,0.24615385,0.0,0.0,0.015384615,0.0,0.0,0.0,0.0,0.0,0.0,0.0,0.0,0.0,0.0,0.0,0.0,0.0,0.0,0.0,0.0,0.0,0.0,0.0,0.0,0.0,0.0,0.0,0.0,0.0,0.0,0.0,0.0,0.0,0.0,0.0,0.0,0.0,0.0,0.0,0.0,0.0,0.0,0.11700409,0.0,1.0,0.18230104,65.0,4.189655,1.935005,3.5911133,7.8923078
KEGG::path:ath00100,1,0.0,0.6111111,0.0,0.0,0.0,0.19444445,0.0,0.0,0.083333336,0.0,0.0,0.0,0.0,0.0,0.0,0.0,0.0,0.055555556,0.1388889,0.0,0.0,0.083333336,0.0,0.0,0.0,0.0,0.0,0.0,0.0,0.0,0.0,0.0,0.0,0.0,0.0,0.0,0.0,0.0,0.0,0.0,0.0,0.0,0.0,0.0,0.0,0.0,0.0,0.0,0.0,0.0,0.0,0.0,0.0,0.0,0.0,0.0,0.0,0.0,0.0,0.0,0.12865993,0.0,0.875,0.1569473,36.0,3.6109178,1.4126834,2.3232255,8.361111
KEGG::path:ath00130,1,0.0,0.125,0.0,0.0,0.5,0.1,0.325,0.0,0.175,0.0,0.0,0.0,0.0,0.0,0.0,0.0,0.0,0.025,0.025,0.0,0.0,0.025,0.0,0.0,0.0,0.0,0.0,0.0,0.0,0.0,0.0,0.0,0.0,0.0,0.0,0.0,0.0,0.0,0.0,0.0,0.0,0.0,0.0,0.0,0.0,0.0,0.0,0.0,0.0,0.0,0.0,0.0,0.0,0.0,0.0,0.0,0.0,0.0,0.0,0.0,0.103679076,0.0,0.6666667,0.09650058,40.0,3.713572,1.6344614,4.0186286,9.525
KEGG::path:ath00190,1,0.0,0.30827066,0.0,0.0,0.2857143,0.11278196,0.09774436,0.15789473,0.30827066,0.0,0.0,0.0,0.0,0.0,0.0,0.0,0.082706764,0.007518797,0.0,0.0,0.007518797,0.015037594,0.0,0.0,0.0,0.0,0.0,0.0,0.007518797,0.0,0.0,0.007518797,0.0,0.0,0.0,0.0,0.007518797,0.0,0.0,0.0,0.0,0.0,0.0,0.0,0.0,0.030075189,0.0,0.0,0.0,0.0,0.0,0.0,0.0,0.0,0.0,0.082706764,0.0,0.0,0.0,0.0,0.085207276,0.0,0.75,0.11313842,133.0,4.89784,2.1383355,3.8886356,9.526316
KEGG::path:ath00195,1,0.0,0.17391305,0.0,0.0,1.0,0.3478261,0.04347826,0.0,0.26086956,0.02173913,0.0,0.0,0.0,0.0,0.0,0.0,0.0,0.0,0.0,0.0,0.0,0.0,0.0,0.0,0.0,0.0,0.0,0.0,0.0,0.0,0.0,0.0,0.0,0.0,0.0,0.0,0.02173913,0.0,0.0,0.0,0.0,0.0,0.0,0.0,0.0,0.0,0.0,0.0,0.0,0.0,0.0,0.0,0.0,0.0,0.0,0.0,0.0,0.0,0.0,0.0,0.20505138,0.041666668,0.8333333,0.15430903,46.0,3.8501475,1.3343523,4.4219766,11.521739
KEGG::path:ath00196,1,0.0,1.0,0.0,0.0,1.0,0.45454547,0.0,0.0,0.22727273,0.0,0.0,0.0,0.0,0.0,0.0,0.0,0.0,0.0,0.0,0.0,0.0,0.0,0.0,0.0,0.0,0.0,0.0,0.0,0.0,0.0,0.0,0.0,0.13636364,0.0,0.0,0.0,0.0,0.0,0.0,0.0,0.0,0.0,0.0,0.0,0.13636364,0.0,0.0,0.0,0.0,0.0,0.0,0.0,0.0,0.0,0.0,0.0,0.0,0.0,0.0,0.0,0.38717023,0.14285715,0.82758623,0.16799644,22.0,3.1354942,1.5025326,6.2051697,13.363636
KEGG::path:ath00220,1,0.0,0.0,0.0,0.0,0.65789473,0.15789473,0.55263156,0.18421052,0.6052632,0.0,0.0,0.0,0.0,0.0,0.0,0.0,0.0,0.0,0.0,0.0,0.0,0.0,0.0,0.0,0.0,0.0,0.0,0.0,0.0,0.0,0.0,0.0,0.0,0.0,0.0,0.0,0.02631579,0.0,0.0,0.0,0.0,0.0,0.0,0.0,0.0,0.0,0.0,0.0,0.0,0.0,0.0,0.0,0.0,0.0,0.0,0.0,0.0,0.0,0.0,0.0,0.13371639,0.0,1.0,0.13457352,38.0,3.6635616,1.5164897,3.9854305,11.105263
KEGG::path:ath00230,1,0.0,0.072916664,0.0,0.010416667,0.5625,0.114583336,0.41666666,0.21875,0.3125,0.0,0.0,0.0,0.0,0.03125,0.03125,0.03125,0.03125,0.010416667,0.0,0.0,0.0,0.010416667,0.0,0.0,0.0,0.0,0.0,0.0,0.03125,0.0,0.0,0.0,0.0,0.0,0.010416667,0.0,0.020833334,0.0,0.0,0.0,0.0,0.0,0.0,0.0,0.0,0.0,0.0,0.0,0.0,0.0,0.0,0.0,0.0,0.0,0.0,0.0,0.0,0.0,0.0,0.0,0.08974028,0.0,0.75,0.114480205,96.0,4.574711,2.0258334,3.616549,8.4375
KEGG::path:ath00240,1,0.0,0.10769231,0.0,0.0,0.46153846,0.092307694,0.44615385,0.23076923,0.41538462,0.0,0.0,0.0,0.0,0.0,0.0,0.0,0.015384615,0.0,0.0,0.0,0.0,0.03076923,0.0,0.0,0.0,0.0,0.0,0.0,0.0,0.015384615,0.0,0.0,0.0,0.0,0.0,0.0,0.0,0.0,0.0,0.0,0.0,0.0,0.0,0.0,0.0,0.0,0.0,0.0,0.0,0.0,0.0,0.0,0.0,0.0,0.0,0.0,0.0,0.0,0.0,0.0,0.06407271,0.0,0.75,0.12327291,65.0,4.189655,1.7617524,3.4532893,8.630769
KEGG::path:ath00250,1,0.0,0.0,0.0,0.0,0.5686275,0.09803922,0.39215687,0.11764706,0.50980395,0.0,0.0,0.0,0.0,0.0,0.0,0.0,0.0,0.0,0.0,0.0,0.019607844,0.0,0.0,0.0,0.0,0.0,0.0,0.0,0.0,0.0,0.0,0.0,0.0,0.0,0.0,0.0,0.019607844,0.0,0.0,0.0,0.019607844,0.0,0.0,0.0,0.0,0.0,0.0,0.0,0.0,0.0,0.0,0.0,0.0,0.0,0.0,0.0,0.0,0.0,0.0,0.0,0.13842359,0.0,0.875,0.14939526,51.0,3.9512436,1.5552158,4.987258,10.568627
KEGG::path:ath00260,1,0.0,0.0,0.0,0.0,0.6857143,0.08571429,0.27142859,0.1,0.3857143,0.0,0.0,0.0,0.014285714,0.0,0.0,0.0,0.0,0.0,0.0,0.014285714,0.014285714,0.028571429,0.0,0.0,0.0,0.0,0.0,0.0,0.0,0.0,0.0,0.0,0.0,0.0,0.0,0.0,0.014285714,0.0,0.0,0.0,0.0,0.0,0.0,0.0,0.0,0.0,0.0,0.0,0.0,0.0,0.0,0.0,0.0,0.0,0.0,0.0,0.0,0.0,0.0,0.0,0.06436087,0.0,0.6666667,0.08175534,70.0,4.26268,1.5724521,4.6226816,10.271428
KEGG::path:ath00261,1,0.0,0.0,0.0,0.0,1.0,0.0,0.071428575,0.0,0.21428572,0.0,0.0,0.0,0.0,0.0,0.0,0.0,0.0,0.0,0.0,0.0,0.0,0.0,0.0,0.0,0.0,0.0,0.0,0.0,0.0,0.0,0.0,0.0,0.0,0.0,0.0,0.0,0.0,0.0,0.0,0.0,0.0,0.0,0.0,0.0,0.0,0.0,0.0,0.0,0.0,0.0,0.0,0.0,0.0,0.0,0.0,0.0,0.0,0.0,0.0,0.0,0.2596073,0.071428575,1.0,0.21340574,14.0,2.7080503,0.65467054,3.1815796,7.857143
KEGG::path:ath00270,1,0.0,0.008,0.0,0.0,0.472,0.256,0.608,0.064,0.456,0.0,0.0,0.0,0.0,0.0,0.0,0.0,0.0,0.032,0.0,0.0,0.032,0.048,0.0,0.0,0.0,0.0,0.0,0.0,0.0,0.0,0.0,0.0,0.0,0.0,0.0,0.0,0.016,0.0,0.0,0.0,0.008,0.0,0.008,0.0,0.0,0.0,0.0,0.0,0.0,0.008,0.0,0.0,0.0,0.0,0.0,0.0,0.0,0.0,0.0,0.0,0.10368173,0.0,0.75,0.10719831,125.0,4.836282,1.7558953,4.5655684,9.328
KEGG::path:ath00280,1,0.0,0.0,0.0,0.0,0.5769231,0.13461539,0.28846154,0.09615385,0.30769232,0.0,0.0,0.0,0.0,0.0,0.0,0.0,0.0,0.0,0.0,0.0,0.0,0.0,0.0,0.0,0.0,0.0,0.0,0.0,0.0,0.0,0.0,0.0,0.0,0.0,0.0,0.0,0.0,0.0,0.0,0.0,0.0,0.0,0.0,0.0,0.0,0.0,0.0,0.0,0.0,0.0,0.0,0.0,0.0,0.0,0.0,0.0,0.0,0.0,0.0,0.0,0.108665526,0.0,0.7777778,0.13994788,52.0,3.9702919,1.431739,3.5511374,8.25
KEGG::path:ath00290,1,0.0,0.0,0.0,0.0,1.0,0.1904762,0.2857143,0.0,0.33333334,0.0,0.0,0.0,0.0,0.0,0.0,0.0,0.0,0.0,0.0,0.0,0.0,0.0,0.0,0.0,0.0,0.0,0.0,0.0,0.0,0.0,0.0,0.0,0.0,0.0,0.0,0.0,0.0,0.0,0.0,0.0,0.0,0.0,0.0,0.0,0.0,0.0,0.0,0.0,0.0,0.0,0.0,0.0,0.0,0.0,0.0,0.0,0.0,0.0,0.0,0.0,0.19080229,0.04,0.8,0.15656236,21.0,3.0910425,1.1677953,3.284679,10.142858
KEGG::path:ath00300,1,0.0,0.0,0.0,0.0,1.0,0.0,0.06666667,0.0,0.26666668,0.0,0.0,0.0,0.0,0.0,0.0,0.0,0.0,0.0,0.0,0.0,0.0,0.0,0.0,0.0,0.0,0.0,0.0,0.0,0.0,0.0,0.0,0.0,0.0,0.0,0.0,0.0,0.0,0.0,0.0,0.0,0.0,0.0,0.0,0.0,0.0,0.0,0.0,0.0,0.0,0.0,0.0,0.0,0.0,0.0,0.0,0.0,0.0,0.0,0.0,0.0,0.26654586,0.04347826,1.0,0.19074094,15.0,2.7725887,0.68743664,3.2550814,7.9333334
KEGG::path:ath00310,1,0.0625,0.0,0.0,0.0,0.34375,0.34375,0.25,0.09375,0.21875,0.0,0.0,0.0,0.0,0.0,0.0,0.0,0.0,0.0,0.0,0.0,0.0,0.0,0.0,0.0,0.03125,0.0,0.0,0.0,0.0,0.03125,0.0,0.0,0.0,0.0,0.0,0.0,0.0,0.0,0.0,0.0,0.0,0.0,0.0,0.0,0.0,0.0,0.0,0.0,0.0,0.0,0.0,0.0,0.0,0.0,0.0,0.0,0.0,0.0,0.0,0.0,0.11775377,0.0,0.8,0.14933646,32.0,3.4965076,1.7911738,3.9099982,9.65625
KEGG::path:ath00330,1,0.0,0.0,0.0,0.0,0.35185185,0.12962963,0.3148148,0.055555556,0.3148148,0.0,0.0,0.0,0.0,0.0,0.0,0.0,0.018518519,0.0,0.0,0.0,0.0,0.018518519,0.0,0.0,0.0,0.0,0.0,0.0,0.0,0.0,0.0,0.0,0.0,0.0,0.0,0.0,0.018518519,0.0,0.0,0.0,0.055555556,0.0,0.0,0.0,0.0,0.0,0.018518519,0.0,0.0,0.0,0.0,0.0,0.0,0.0,0.0,0.0,0.0,0.0,0.0,0.0,0.08804505,0.0,0.72727275,0.12849073,54.0,4.0073333,1.7844012,4.2138076,10.055555
KEGG::path:ath00340,1,0.0,0.0,0.0,0.0,0.8,0.0,0.4,0.05,0.2,0.0,0.0,0.0,0.0,0.0,0.0,0.0,0.0,0.0,0.0,0.0,0.0,0.0,0.0,0.0,0.0,0.0,0.0,0.0,0.0,0.0,0.0,0.0,0.0,0.0,0.0,0.0,0.0,0.0,0.0,0.0,0.0,0.0,0.0,0.0,0.0,0.0,0.0,0.0,0.0,0.0,0.0,0.0,0.0,0.0,0.0,0.0,0.0,0.0,0.0,0.0,0.16013987,0.0,1.0,0.20134215,20.0,3.0445225,1.0727404,4.3760715,7.5
KEGG::path:ath00350,1,0.0,0.0,0.0,0.0,0.29268292,0.024390243,0.70731705,0.0,0.41463414,0.0,0.0,0.0,0.024390243,0.0,0.0,0.0,0.0,0.0,0.0,0.024390243,0.0,0.024390243,0.0,0.0,0.0,0.0,0.0,0.0,0.0,0.0,0.0,0.0,0.0,0.0,0.0,0.0,0.024390243,0.0,0.0,0.0,0.0,0.0,0.0,0.0,0.0,0.0,0.0,0.0,0.0,0.0,0.0,0.0,0.0,0.0,0.0,0.0,0.0,0.0,0.0,0.0,0.13485822,0.0,1.0,0.23388217,41.0,3.7376697,1.355277,5.3293657,10.292683
KEGG::path:ath00360,1,0.0,0.0,0.0,0.0,0.36363637,0.15151516,0.6060606,0.0,0.36363637,0.0,0.0,0.0,0.030303031,0.0,0.0,0.0,0.0,0.0,0.0,0.030303031,0.0,0.030303031,0.0,0.0,0.0,0.0,0.0,0.0,0.0,0.0,0.0,0.0,0.0,0.0,0.0,0.0,0.030303031,0.0,0.0,0.0,0.0,0.0,0.0,0.0,0.0,0.0,0.0,0.0,0.0,0.0,0.0,0.0,0.0,0.0,0.0,0.0,0.0,0.0,0.0,0.0,0.11460304,0.0,0.7368421,0.1556041,33.0,3.5263605,1.5627531,4.9654455,11.363636
KEGG::path:ath00380,1,0.0,0.109375,0.0,0.0,0.34375,0.15625,0.375,0.046875,0.328125,0.0,0.0,0.0,0.0,0.0,0.0,0.0,0.015625,0.046875,0.109375,0.0,0.0,0.046875,0.0,0.0,0.0,0.0,0.0,0.0,0.09375,0.0,0.03125,0.0,0.0,0.0,0.0,0.0,0.015625,0.0,0.03125,0.046875,0.0,0.0,0.0,0.0,0.015625,0.0,0.0,0.0,0.0,0.0,0.0,0.0,0.0,0.0,0.0,0.0,0.0,0.0,0.0,0.0,0.0741542,0.0,0.75,0.12693803,64.0,4.1743875,2.2950883,6.795851,11.9375
KEGG::path:ath00400,1,0.0,0.0,0.0,0.0,0.85714287,0.10714286,0.3392857,0.0,0.26785713,0.0,0.0,0.0,0.0,0.0,0.0,0.0,0.05357143,0.0,0.0,0.0,0.0,0.035714287,0.0,0.0,0.0,0.0,0.0,0.0,0.0,0.0,0.0,0.0,0.0,0.0,0.0,0.0,0.035714287,0.0,0.0,0.017857144,0.0,0.0,0.0,0.0,0.0,0.0,0.0,0.0,0.0,0.0,0.0,0.0,0.0,0.0,0.0,0.0,0.0,0.0,0.0,0.0,0.16683468,0.05,1.0,0.199266,56.0,4.0430512,1.4476641,3.4303846,7.732143
KEGG::path:ath00410,1,0.0,0.0,0.0,0.0,0.29787233,0.021276595,0.21276596,0.021276595,0.29787233,0.0,0.0,0.0,0.021276595,0.0,0.0,0.0,0.0,0.0,0.0,0.021276595,0.0,0.04255319,0.0,0.0,0.0,0.0,0.0,0.0,0.0,0.0,0.0,0.0,0.0,0.0,0.0,0.0,0.0,0.0,0.0,0.0,0.0,0.0,0.0,0.0,0.0,0.0,0.0,0.0,0.0,0.0,0.0,0.0,0.0,0.0,0.0,0.0,0.0,0.0,0.0,0.0,0.09416544,0.0,0.875,0.17448102,47.0,3.871201,1.5499692,4.3282056,9.106383
KEGG::path:ath00430,1,0.0,0.0,0.0,0.0,0.18181819,0.0,0.0,0.0,0.09090909,0.0,0.0,0.0,0.0,0.0,0.0,0.0,0.09090909,0.09090909,0.0,0.0,0.0,0.0,0.0,0.0,0.0,0.0,0.0,0.0,0.0,0.0,0.0,0.0,0.0,0.0,0.0,0.0,0.0,0.0,0.0,0.0,0.0,0.0,0.0,0.0,0.0,0.0,0.0,0.0,0.0,0.0,0.0,0.0,0.27272728,0.0,0.0,0.0,0.0,0.0,0.0,0.0,0.1745038,0.0,0.875,0.27670497,11.0,2.4849067,1.4941766,2.5356956,7.4545455
KEGG::path:ath00440,1,0.0,0.4,0.0,0.0,0.0,0.0,0.2,0.0,0.0,0.0,0.0,0.0,0.0,0.0,0.0,0.0,0.0,0.2,0.0,0.0,0.0,0.0,0.0,0.0,0.0,0.0,0.0,0.0,0.0,0.0,0.0,0.0,0.0,0.0,0.0,0.0,0.0,0.0,0.0,0.0,0.0,0.0,0.0,0.0,0.0,0.0,0.0,0.0,0.0,0.0,0.0,0.0,0.0,0.0,0.0,0.0,0.0,0.0,0.0,0.0,0.27386373,0.055555556,0.8333333,0.27755716,5.0,1.7917595,1.0397222,2.0976176,8.0
KEGG::path:ath00450,1,0.0,0.0,0.0,0.0,0.75,0.125,0.625,0.125,0.5625,0.0,0.0,0.0,0.0,0.0,0.0,0.0,0.0,0.0,0.0,0.0,0.0,0.0,0.0,0.0,0.0,0.0,0.0,0.0,0.0,0.0,0.0,0.0,0.0,0.0,0.0,0.0,0.0,0.0,0.0,0.0,0.0,0.0,0.0,0.0,0.0,0.0,0.0,0.0,0.0,0.0,0.0,0.0,0.0,0.0,0.0,0.0,0.0,0.0,0.0,0.0,0.13792636,0.0,0.6666667,0.13849296,16.0,2.8332133,1.4012817,3.565788,10.3125
KEGG::path:ath00460,1,0.0,0.028571429,0.0,0.0,0.34285715,0.08571429,0.17142858,0.0,0.24285714,0.0,0.0,0.0,0.0,0.0,0.0,0.0,0.0,0.071428575,0.014285714,0.0,0.0,0.0,0.0,0.0,0.0,0.0,0.0,0.0,0.67142856,0.0,0.0,0.0,0.0,0.028571429,0.0,0.0,0.014285714,0.0,0.028571429,0.0,0.0,0.0,0.0,0.0,0.0,0.0,0.0,0.0,0.0,0.0,0.0,0.0,0.042857144,0.0,0.0,0.0,0.0,0.0,0.0,0.0,0.24268413,0.0,1.0,0.25837997,70.0,4.26268,1.8411839,4.3514247,7.3285713
KEGG::path:ath00470,1,0.0,0.0,0.0,0.0,1.0,0.0,0.16666667,0.0,0.33333334,0.0,0.0,0.0,0.0,0.0,0.0,0.0,0.0,0.0,0.0,0.0,0.0,0.0,0.0,0.0,0.0,0.0,0.0,0.0,0.0,0.0,0.0,0.0,0.0,0.0,0.0,0.0,0.0,0.0,0.0,0.0,0.0,0.0,0.0,0.0,0.0,0.0,0.0,0.0,0.0,0.0,0.0,0.0,0.0,0.0,0.0,0.0,0.0,0.0,0.0,0.0,0.18158258,0.0625,0.75,0.17645201,6.0,1.9459101,0.8486864,1.5275252,7.0
KEGG::path:ath00480,1,0.0,0.029411765,0.0,0.0,0.43137255,0.13725491,0.6862745,0.029411765,0.7058824,0.0,0.0,0.0,0.0,0.0,0.0,0.0,0.0,0.0,0.0,0.009803922,0.04901961,0.019607844,0.0,0.0,0.0,0.0,0.0,0.0,0.0,0.019607844,0.0,0.0,0.0,0.0,0.009803922,0.0,0.009803922,0.0,0.0,0.2254902,0.0,0.0,0.0,0.0,0.0,0.009803922,0.0,0.0,0.0,0.0,0.0,0.0,0.32352942,0.0,0.0,0.0,0.0,0.0,0.0,0.0,0.21475773,0.0,0.7777778,0.2080405,102.0,4.634729,1.9306684,4.6884174,9.382353
KEGG::path:ath00500,1,0.0,0.0718232,0.0,0.011049724,0.38121548,0.06077348,0.21546961,0.03314917,0.19337016,0.0,0.0,0.0,0.0,0.0,0.0,0.0,0.03314917,0.03314917,0.0,0.0,0.005524862,0.005524862,0.0,0.0,0.0,0.0,0.0,0.0,0.62983423,0.0,0.0,0.005524862,0.0,0.011049724,0.0,0.0,0.005524862,0.0,0.011049724,0.0,0.005524862,0.0,0.0,0.027624309,0.0,0.0,0.0,0.0,0.0,0.0,0.0,0.0,0.0,0.0,0.0,0.0,0.0,0.0,0.0,0.0,0.079357296,0.0,0.7777778,0.15259175,181.0,5.2040067,1.9317001,3.7676804,7.353591
KEGG::path:ath00510,1,0.0,0.44230768,0.0,0.0,0.17307693,0.07692308,0.0,0.0,0.01923077,0.0,0.0,0.0,0.0,0.0,0.0,0.0,0.057692308,0.057692308,0.0,0.0,0.01923077,0.0,0.0,0.0,0.0,0.0,0.0,0.0,0.13461539,0.0,0.0,0.0,0.0,0.0,0.0,0.0,0.0,0.0,0.0,0.0,0.01923077,0.0,0.0,0.03846154,0.0,0.0,0.0,0.0,0.0,0.0,0.0,0.0,0.0,0.0,0.0,0.0,0.0,0.0,0.0,0.0,0.120571926,0.0,1.0,0.14495678,52.0,3.9702919,1.7846165,3.337522,6.769231
KEGG::path:ath00511,1,0.0,0.22222222,0.0,0.0,0.3888889,0.0,0.11111111,0.0,0.22222222,0.0,0.0,0.0,0.0,0.0,0.0,0.0,0.0,0.0,0.0,0.0,0.0,0.0,0.0,0.0,0.0,0.0,0.0,0.0,0.7777778,0.0,0.0,0.0,0.0,0.0,0.0,0.0,0.0,0.0,0.0,0.0,0.0,0.0,0.0,0.22222222,0.0,0.0,0.0,0.0,0.0,0.0,0.0,0.0,0.0,0.0,0.0,0.0,0.0,0.0,0.0,0.0,0.1754254,0.0,0.85714287,0.17017177,18.0,2.944439,1.5956343,1.7320508,7.0
KEGG::path:ath00513,1,0.0,0.5,0.0,0.0,0.21052632,0.13157895,0.0,0.0,0.02631579,0.0,0.0,0.0,0.0,0.0,0.0,0.0,0.078947365,0.078947365,0.0,0.0,0.02631579,0.0,0.0,0.0,0.0,0.0,0.0,0.0,0.18421052,0.0,0.0,0.0,0.0,0.0,0.0,0.0,0.0,0.0,0.0,0.0,0.02631579,0.0,0.0,0.05263158,0.0,0.0,0.0,0.0,0.0,0.0,0.0,0.0,0.0,0.0,0.0,0.0,0.0,0.0,0.0,0.0,0.11004883,0.0,0.6666667,0.13486692,38.0,3.6635616,1.8674958,3.2822025,7.736842
KEGG::path:ath00514,1,0.0,0.23076923,0.0,0.0,0.0,0.15384616,0.07692308,0.0,0.0,0.0,0.0,0.0,0.0,0.0,0.0,0.0,0.0,0.30769232,0.0,0.0,0.0,0.0,0.0,0.0,0.0,0.0,0.0,0.0,0.0,0.0,0.0,0.0,0.0,0.0,0.0,0.0,0.0,0.0,0.0,0.0,0.0,0.0,0.0,0.0,0.0,0.0,0.0,0.0,0.0,0.0,0.0,0.0,0.0,0.0,0.0,0.0,0.0,0.0,0.0,0.0,0.1598444,0.0,1.0,0.22025079,13.0,2.6390574,1.2798557,2.5232646,6.3076925
KEGG::path:ath00520,1,0.0,0.08064516,0.008064516,0.0,0.2016129,0.12903225,0.37903225,0.10483871,0.29032257,0.0,0.0,0.0,0.0,0.0,0.0,0.0,0.024193548,0.016129032,0.0,0.0,0.016129032,0.032258064,0.0,0.0,0.0,0.0,0.0,0.0,0.33870968,0.0,0.0,0.008064516,0.0,0.0,0.0,0.0,0.008064516,0.0,0.0,0.0,0.0,0.0,0.0,0.0,0.0,0.0,0.0,0.0,0.0,0.0,0.09677419,0.0,0.0,0.0,0.0,0.0,0.0,0.0,0.0,0.0,0.05864839,0.0,0.7777778,0.115809195,124.0,4.828314,2.1632817,3.9950786,8.782258
KEGG::path:ath00531,1,0.0,0.375,0.0,0.0,0.375,0.0,0.0,0.0,0.0,0.0,0.0,0.0,0.0,0.0,0.0,0.0,0.125,0.0,0.0,0.0,0.0,0.125,0.0,0.0,0.0,0.0,0.0,0.0,0.5,0.0,0.0,0.0,0.0,0.0,0.0,0.0,0.0,0.0,0.0,0.0,0.0,0.0,0.0,0.0,0.0,0.0,0.0,0.0,0.0,0.0,0.0,0.0,0.0,0.0,0.0,0.0,0.0,0.0,0.0,0.0,0.16511236,0.0,0.8333333,0.22364603,8.0,2.1972246,1.4735031,1.363589,6.875
KEGG::path:ath00540,1,0.0,0.0,0.0,0.0,0.8,0.0,0.3,0.1,0.0,0.0,0.0,0.0,0.0,0.0,0.0,0.0,0.0,0.0,0.0,0.0,0.0,0.0,0.0,0.0,0.0,0.0,0.0,0.0,0.0,0.0,0.0,0.0,0.0,0.0,0.0,0.0,0.0,0.0,0.0,0.0,0.0,0.0,0.0,0.0,0.0,0.0,0.0,0.0,0.0,0.0,0.0,0.0,0.0,0.0,0.0,0.0,0.0,0.0,0.0,0.0,0.46984127,0.1,1.0,0.2680333,10.0,2.3978953,0.82396024,1.118034,5.5
KEGG::path:ath00541,1,0.0,0.0,0.033333335,0.0,0.3,0.2,0.6333333,0.0,0.26666668,0.0,0.0,0.0,0.0,0.0,0.0,0.0,0.06666667,0.0,0.0,0.0,0.1,0.06666667,0.0,0.0,0.0,0.0,0.0,0.0,0.1,0.0,0.0,0.0,0.0,0.0,0.0,0.0,0.0,0.0,0.0,0.0,0.0,0.0,0.0,0.0,0.0,0.0,0.0,0.0,0.0,0.0,0.0,0.0,0.0,0.0,0.0,0.0,0.0,0.0,0.0,0.0,0.09794734,0.0,1.0,0.15314187,30.0,3.4339871,1.8482225,3.4514086,8.233334
KEGG::path:ath00543,1,0.0,0.0,0.0,0.0,0.6,0.4,1.0,0.0,0.8,0.0,0.0,0.0,0.0,0.0,0.0,0.0,0.0,0.0,0.0,0.0,0.0,0.0,0.0,0.0,0.0,0.0,0.0,0.0,0.0,0.0,0.0,0.0,0.0,0.0,0.0,0.0,0.0,0.0,0.0,0.0,0.0,0.0,0.0,0.0,0.0,0.0,0.0,0.0,0.0,0.0,0.0,0.0,0.0,0.0,0.0,0.0,0.0,0.0,0.0,0.0,0.59502167,0.4,0.85714287,0.14917383,5.0,1.7917595,1.3337364,1.4142135,7.0
KEGG::path:ath00561,1,0.0,0.29577464,0.0,0.0,0.3943662,0.09859155,0.15492958,0.028169014,0.112676054,0.0,0.0,0.028169014,0.09859155,0.0,0.0,0.0,0.014084507,0.0,0.0,0.0,0.0,0.04225352,0.0,0.0,0.0,0.0,0.0,0.0,0.08450704,0.0,0.0,0.0,0.0,0.0,0.0,0.0,0.0,0.0,0.0,0.0,0.0,0.0,0.0,0.0,0.0,0.0,0.0,0.0,0.0,0.0,0.0,0.0,0.0,0.0,0.0,0.0,0.0,0.0,0.0,0.0,0.083970815,0.0,0.875,0.1333629,71.0,4.276666,2.0194447,3.613328,7.9859157
KEGG::path:ath00562,1,0.0,0.09638554,0.0,0.0,0.14457831,0.10843374,0.37349397,0.26506025,0.15662651,0.0,0.0,0.0,0.10843374,0.0,0.0,0.0,0.036144577,0.060240965,0.0,0.024096385,0.0,0.060240965,0.0,0.0,0.0,0.0,0.0,0.0,0.024096385,0.0,0.0,0.0,0.0,0.0,0.024096385,0.0,0.0,0.0,0.0,0.0,0.0,0.0,0.0,0.0,0.0,0.0,0.0,0.0,0.0,0.0,0.0,0.0,0.0,0.0,0.0,0.0,0.0,0.0,0.0,0.0,0.067382775,0.0,0.5555556,0.11836486,83.0,4.4308167,2.2320676,4.303212,9.156627
KEGG::path:ath00563,1,0.0,0.41379312,0.0,0.0,0.13793103,0.0,0.03448276,0.0,0.0,0.0,0.0,0.0,0.0,0.0,0.0,0.0,0.03448276,0.0,0.0,0.0,0.0,0.06896552,0.0,0.0,0.0,0.0,0.0,0.0,0.0,0.0,0.0,0.0,0.0,0.0,0.0,0.0,0.0,0.0,0.0,0.0,0.0,0.0,0.0,0.0,0.0,0.0,0.03448276,0.0,0.0,0.0,0.0,0.0,0.0,0.0,0.0,0.0,0.0,0.0,0.0,0.0,0.16912925,0.0,1.0,0.13694772,29.0,3.4011974,1.2945071,2.0997708,5.9310346
KEGG::path:ath00564,1,0.0,0.4040404,0.0,0.0,0.21212122,0.11111111,0.33333334,0.0,0.13131313,0.0,0.0,0.02020202,0.07070707,0.0,0.0,0.0,0.0,0.04040404,0.0,0.01010101,0.0,0.02020202,0.0,0.0,0.0,0.0,0.0,0.01010101,0.04040404,0.0,0.0,0.0,0.0,0.0,0.01010101,0.0,0.0,0.0,0.0,0.0,0.0,0.0,0.0,0.0,0.0,0.01010101,0.0,0.0,0.0,0.0,0.0,0.0,0.0,0.0,0.0,0.0,0.0,0.0,0.0,0.0,0.07195698,0.0,0.875,0.11498745,99.0,4.6051702,2.01202,3.8218143,8.414142
KEGG::path:ath00565,1,0.0,0.53846157,0.0,0.0,0.115384616,0.30769232,0.34615386,0.0,0.15384616,0.0,0.0,0.0,0.0,0.0,0.0,0.0,0.0,0.07692308,0.0,0.03846154,0.0,0.03846154,0.0,0.0,0.0,0.0,0.0,0.0,0.0,0.0,0.0,0.0,0.0,0.0,0.03846154,0.0,0.0,0.0,0.0,0.0,0.0,0.0,0.0,0.0,0.0,0.0,0.0,0.0,0.0,0.0,0.0,0.0,0.0,0.0,0.0,0.0,0.0,0.0,0.0,0.0,0.0908542,0.0,0.6875,0.1234087,26.0,3.295837,1.8173714,4.3699145,11.5
KEGG::path:ath00566,1,0.0,0.09090909,0.0,0.0,0.8181818,0.27272728,0.54545456,0.0,0.45454547,0.0,0.0,0.0,0.0,0.0,0.0,0.0,0.0,0.0,0.0,0.0,0.0,0.09090909,0.0,0.0,0.0,0.0,0.0,0.0,0.0,0.0,0.0,0.0,0.0,0.0,0.0,0.0,0.09090909,0.0,0.0,0.0,0.0,0.0,0.0,0.0,0.0,0.0,0.0,0.0,0.0,0.0,0.0,0.0,0.0,0.0,0.0,0.0,0.0,0.0,0.0,0.0,0.25128266,0.0,0.7222222,0.20279948,11.0,2.4849067,1.6477661,5.7882752,14.363636
KEGG::path:ath00590,1,0.0,0.16666667,0.0,0.0,0.16666667,0.083333336,0.33333334,0.0,0.083333336,0.0,0.0,0.0,0.0,0.0,0.0,0.0,0.0,0.0,0.0,0.0,0.0,0.0,0.0,0.0,0.0,0.0,0.0,0.0,0.0,0.0,0.0,0.0,0.0,0.0,0.0,0.0,0.0,0.0,0.0,0.0,0.0,0.0,0.0,0.0,0.0,0.0,0.0,0.0,0.0,0.0,0.0,0.0,0.25,0.0,0.0,0.0,0.0,0.0,0.0,0.0,0.08209519,0.0,1.0,0.1814365,12.0,2.5649493,1.6715963,2.7788887,6.3333335
KEGG::path:ath00591,1,0.0,0.22222222,0.0,0.0,0.44444445,0.22222222,0.33333334,0.0,0.11111111,0.0,0.0,0.0,0.0,0.0,0.0,0.0,0.0,0.0,0.0,0.0,0.0,0.0,0.0,0.0,0.0,0.0,0.0,0.0,0.0,0.0,0.0,0.0,0.0,0.0,0.0,0.0,0.0,0.0,0.0,0.0,0.0,0.0,0.0,0.0,0.0,0.0,0.0,0.0,0.0,0.0,0.0,0.0,0.0,0.0,0.0,0.0,0.0,0.0,0.0,0.0,0.17016889,0.0,0.7,0.20434515,9.0,2.3025851,1.5171072,5.300827,14.111111
KEGG::path:ath00592,1,0.0,0.046511628,0.0,0.0,0.44186047,0.13953489,0.30232558,0.0,0.27906978,0.0,0.0,0.0,0.0,0.0,0.0,0.0,0.023255814,0.023255814,0.023255814,0.0,0.0,0.023255814,0.0,0.0,0.0,0.0,0.0,0.023255814,0.0,0.0,0.0,0.0,0.0,0.0,0.023255814,0.0,0.023255814,0.0,0.0,0.046511628,0.0,0.0,0.0,0.0,0.0,0.0,0.0,0.0,0.0,0.0,0.0,0.0,0.0,0.0,0.0,0.0,0.0,0.0,0.0,0.0,0.103727385,0.0,0.7,0.14947976,43.0,3.7841897,1.9366007,5.713457,10.767442
KEGG::path:ath00600,1,0.0,0.31428573,0.0,0.0,0.31428573,0.028571429,0.0,0.0,0.057142857,0.0,0.0,0.0,0.0,0.0,0.0,0.0,0.0,0.028571429,0.0,0.0,0.0,0.028571429,0.0,0.0,0.0,0.0,0.0,0.0,0.34285715,0.0,0.0,0.0,0.057142857,0.0,0.028571429,0.0,0.0,0.0,0.0,0.0,0.0,0.0,0.0,0.028571429,0.0,0.057142857,0.0,0.0,0.0,0.0,0.0,0.0,0.0,0.0,0.0,0.0,0.0,0.0,0.0,0.0,0.12869778,0.0,1.0,0.18131053,35.0,3.583519,1.8792975,2.9739,8.314285
KEGG::path:ath00601,1,0.0,0.0,0.0,0.0,0.0,0.0,0.0,0.0,0.0,0.0,0.0,0.0,0.0,0.0,0.0,0.0,0.4,0.0,0.0,0.0,0.0,0.0,0.0,0.0,0.0,0.0,0.0,0.0,0.0,0.0,0.0,0.0,0.0,0.0,0.0,0.0,0.0,0.0,0.0,0.0,0.0,0.0,0.0,0.0,0.0,0.0,0.0,0.0,0.0,0.0,0.0,0.0,0.0,0.0,0.0,0.0,0.0,0.0,0.0,0.0,0.6166667,0.33333334,1.0,0.26925823,5.0,1.7917595,3.0689685e-06,0.8,1.6
KEGG::path:ath00603,1,0.0,0.0,0.0,0.0,0.09090909,0.0,0.0,0.0,0.0,0.0,0.0,0.0,0.0,0.0,0.0,0.0,0.18181819,0.0,0.0,0.0,0.0,0.0,0.0,0.0,0.0,0.0,0.0,0.0,0.54545456,0.0,0.0,0.0,0.0,0.0,0.0,0.0,0.0,0.0,0.0,0.0,0.0,0.0,0.0,0.0,0.0,0.0,0.0,0.0,0.0,0.0,0.0,0.0,0.0,0.0,0.0,0.0,0.0,0.0,0.0,0.0,0.20230487,0.0,1.0,0.27866507,11.0,2.4849067,0.848687,3.2473767,5.0
KEGG::path:ath00620,1,0.0,0.010416667,0.0,0.0,0.5520833,0.114583336,0.5104167,0.13541667,0.47916666,0.0,0.0,0.0,0.0,0.0,0.0,0.0,0.010416667,0.0,0.0,0.0,0.0,0.020833334,0.0,0.0,0.0,0.0,0.0,0.0,0.0,0.0,0.0,0.0,0.0,0.0,0.0,0.0,0.020833334,0.0,0.0,0.0,0.0,0.0,0.0,0.0,0.0,0.0,0.0,0.0,0.0,0.0,0.0,0.0,0.0,0.0,0.0,0.0,0.0,0.0,0.0,0.0,0.12111262,0.0,1.0,0.1570843,96.0,4.574711,1.587762,4.3874326,9.479167
KEGG::path:ath00630,1,0.0,0.0125,0.0,0.0,0.6375,0.225,0.425,0.0875,0.6125,0.0,0.0,0.0,0.0,0.0,0.0,0.0125,0.025,0.0,0.0,0.0,0.0125,0.0125,0.0,0.0,0.0,0.0,0.0,0.0,0.0,0.0,0.0,0.0,0.0,0.0,0.0,0.0,0.0375,0.0,0.0,0.0375,0.0,0.0,0.0,0.0,0.0,0.0,0.0,0.0,0.0,0.0,0.0,0.0,0.0,0.0,0.0,0.0,0.0,0.0,0.0,0.0,0.13183822,0.0,0.7,0.10429419,80.0,4.394449,1.722105,5.222547,11.5
KEGG::path:ath00640,1,0.0,0.0,0.0,0.0,0.41463414,0.048780486,0.12195122,0.14634146,0.4390244,0.0,0.0,0.0,0.0,0.0,0.0,0.0,0.0,0.0,0.0,0.0,0.0,0.048780486,0.0,0.0,0.0,0.0,0.0,0.0,0.0,0.0,0.0,0.0,0.0,0.0,0.0,0.0,0.0,0.0,0.0,0.0,0.0,0.0,0.0,0.0,0.0,0.0,0.0,0.0,0.0,0.0,0.0,0.0,0.0,0.0,0.0,0.0,0.0,0.0,0.0,0.0,0.11104049,0.0,1.0,0.18267396,41.0,3.7376697,1.4767908,3.5912511,8.073171
KEGG::path:ath00650,1,0.0,0.0,0.0,0.0,0.45,0.25,0.3,0.0,0.3,0.0,0.0,0.0,0.0,0.0,0.0,0.0,0.0,0.0,0.0,0.0,0.0,0.0,0.0,0.0,0.0,0.0,0.0,0.0,0.0,0.0,0.0,0.0,0.0,0.0,0.0,0.0,0.0,0.0,0.0,0.0,0.0,0.0,0.0,0.0,0.0,0.0,0.0,0.0,0.0,0.0,0.0,0.0,0.0,0.0,0.0,0.0,0.0,0.0,0.0,0.0,0.09903685,0.0,0.875,0.16485976,20.0,3.0445225,1.3610464,5.4990907,9.6
KEGG::path:ath00660,1,0.0,0.0,0.0,0.0,1.0,0.42857143,0.0,0.0,0.2857143,0.0,0.0,0.0,0.0,0.0,0.0,0.0,0.0,0.0,0.0,0.0,0.0,0.0,0.0,0.0,0.0,0.0,0.0,0.0,0.0,0.0,0.0,0.0,0.0,0.0,0.0,0.0,0.0,0.0,0.0,0.0,0.0,0.0,0.0,0.0,0.0,0.0,0.0,0.0,0.0,0.0,0.0,0.0,0.0,0.0,0.0,0.0,0.0,0.0,0.0,0.0,0.19655234,0.045454547,0.6,0.16750978,7.0,2.0794415,0.9596155,2.0995626,10.142858
KEGG::path:ath00670,1,0.0,0.0,0.0,0.0,0.45238096,0.1904762,0.54761904,0.21428572,0.54761904,0.0,0.0,0.0,0.0,0.0,0.0,0.0,0.0,0.0,0.0,0.0,0.0,0.023809524,0.0,0.0,0.0,0.0,0.0,0.0,0.0,0.0,0.0,0.0,0.0,0.0,0.0,0.0,0.04761905,0.0,0.0,0.0,0.0,0.0,0.0,0.0,0.0,0.0,0.0,0.0,0.0,0.0,0.0,0.0,0.0,0.0,0.0,0.0,0.0,0.0,0.0,0.0,0.0858469,0.0,0.7777778,0.10697057,42.0,3.7612002,1.6429586,4.2437763,9.452381
KEGG::path:ath00710,1,0.0,0.014285714,0.0,0.0,0.7285714,0.24285714,0.5857143,0.114285715,0.6142857,0.0,0.0,0.0,0.0,0.0,0.042857144,0.0,0.0,0.0,0.0,0.0,0.0,0.014285714,0.0,0.0,0.0,0.0,0.0,0.0,0.24285714,0.0,0.0,0.0,0.0,0.0,0.0,0.0,0.1,0.0,0.0,0.0,0.0,0.0,0.0,0.0,0.0,0.0,0.0,0.0,0.0,0.0,0.0,0.0,0.0,0.0,0.0,0.0,0.0,0.0,0.0,0.0,0.13580903,0.0,0.5652174,0.08859881,70.0,4.26268,1.8322598,5.5799203,13.085714
KEGG::path:ath00730,1,0.0,0.0,0.0,0.0,0.6666667,0.0952381,0.2857143,0.52380955,0.23809524,0.0,0.0,0.0,0.0,0.0,0.0,0.0,0.0952381,0.04761905,0.0,0.0,0.0,0.0,0.0,0.0,0.0,0.0,0.0,0.0,0.0,0.0,0.0,0.0,0.0,0.0,0.0,0.0,0.04761905,0.0,0.0,0.0,0.0,0.0,0.0,0.0,0.0,0.0,0.0,0.0,0.0,0.0,0.0,0.0,0.0,0.04761905,0.0,0.0,0.0,0.0,0.0,0.0,0.1216999,0.0,1.0,0.163952,21.0,3.0910425,1.7869219,3.8656578,7.904762
KEGG::path:ath00740,1,0.0,0.05,0.0,0.0,0.65,0.05,0.05,0.05,0.0,0.0,0.0,0.0,0.0,0.0,0.0,0.0,0.0,0.05,0.0,0.0,0.0,0.0,0.0,0.0,0.0,0.0,0.0,0.0,0.0,0.0,0.0,0.0,0.0,0.0,0.0,0.0,0.0,0.0,0.0,0.05,0.0,0.0,0.0,0.0,0.0,0.0,0.0,0.0,0.0,0.0,0.0,0.0,0.0,0.0,0.0,0.0,0.0,0.0,0.0,0.0,0.12251429,0.0,1.0,0.17180613,20.0,3.0445225,1.1894748,1.9817921,5.65
KEGG::path:ath00750,1,0.0,0.06666667,0.0,0.0,0.6,0.13333334,0.33333334,0.0,0.4,0.0,0.0,0.0,0.0,0.0,0.0,0.0,0.0,0.06666667,0.0,0.0,0.0,0.0,0.0,0.0,0.0,0.0,0.0,0.0,0.0,0.0,0.0,0.0,0.0,0.0,0.0,0.0,0.0,0.0,0.0,0.0,0.13333334,0.0,0.0,0.0,0.0,0.0,0.0,0.0,0.0,0.0,0.0,0.0,0.0,0.0,0.0,0.0,0.0,0.0,0.0,0.0,0.09452835,0.0,0.6666667,0.14775372,15.0,2.7725887,1.6678911,3.343983,8.466666
KEGG::path:ath00760,1,0.0,0.03846154,0.0,0.0,0.34615386,0.1923077,0.5,0.03846154,0.34615386,0.0,0.0,0.0,0.0,0.0,0.0,0.0,0.07692308,0.115384616,0.0,0.0,0.0,0.0,0.0,0.0,0.0,0.0,0.0,0.0,0.0,0.0,0.0,0.0,0.0,0.0,0.0,0.0,0.0,0.0,0.0,0.0,0.0,0.0,0.0,0.0,0.0,0.0,0.0,0.0,0.0,0.0,0.0,0.0,0.0,0.03846154,0.0,0.0,0.0,0.0,0.0,0.0,0.09354651,0.0,0.6,0.12918645,26.0,3.295837,1.838197,4.5508304,7.5384617
KEGG::path:ath00770,1,0.0,0.029411765,0.0,0.0,0.5882353,0.11764706,0.5588235,0.0882353,0.20588236,0.0,0.0,0.0,0.0,0.0,0.0,0.0,0.0,0.0,0.0,0.0,0.0,0.029411765,0.0,0.0,0.0,0.0,0.0,0.0,0.0,0.0,0.0,0.0,0.0,0.0,0.0,0.0,0.0,0.0,0.0,0.0,0.05882353,0.0,0.0,0.0,0.0,0.0,0.0,0.0,0.0,0.0,0.0,0.0,0.0,0.0,0.0,0.0,0.0,0.0,0.0,0.0,0.109945126,0.0,0.7777778,0.13550232,34.0,3.5553482,1.5920402,3.5935352,8.705882
KEGG::path:ath00780,1,0.0,0.0,0.0,0.0,0.6875,0.125,0.1875,0.0625,0.1875,0.0,0.0,0.0,0.0,0.0,0.0,0.0,0.0,0.0625,0.0,0.0,0.0,0.125,0.0,0.0,0.0,0.0,0.0,0.0,0.0,0.0,0.0,0.0,0.0,0.0,0.0,0.0,0.0,0.0,0.0,0.0,0.0,0.0,0.0,0.0,0.0,0.0,0.0,0.0,0.0,0.0,0.0,0.0,0.0,0.0,0.0,0.0,0.0,0.0,0.0,0.0,0.11742183,0.0,0.6666667,0.13441989,16.0,2.8332133,1.5815337,3.139964,6.875
KEGG::path:ath00785,1,0.0,0.0,0.0,0.0,0.5277778,0.11111111,0.083333336,0.1388889,0.44444445,0.0,0.0,0.0,0.0,0.0,0.0,0.0,0.0,0.0,0.0,0.0,0.0,0.0,0.0,0.0,0.0,0.0,0.0,0.0,0.0,0.0,0.0,0.0,0.0,0.0,0.0,0.0,0.0,0.0,0.0,0.0,0.0,0.0,0.0,0.0,0.0,0.0,0.0,0.0,0.0,0.0,0.0,0.0,0.0,0.0,0.0,0.0,0.0,0.0,0.0,0.0,0.14889064,0.0,0.72727275,0.11749122,36.0,3.6109178,1.3566599,2.7826347,8.416667
KEGG::path:ath00790,1,0.0,0.0,0.0,0.0,0.40625,0.09375,0.375,0.125,0.09375,0.0,0.0,0.0,0.0,0.0,0.0,0.0,0.03125,0.0625,0.0,0.0,0.0,0.03125,0.0,0.0,0.0,0.0,0.0,0.0,0.0,0.0,0.0,0.0,0.0,0.0,0.0,0.0,0.0,0.0,0.0,0.0,0.0,0.0,0.0,0.0,0.0,0.0,0.0,0.0,0.0,0.0,0.0,0.0,0.0,0.0,0.0,0.0,0.0,0.0,0.0,0.0,0.07056682,0.0,0.875,0.16179943,32.0,3.4965076,1.6972454,4.0076833,7.46875
KEGG::path:ath00860,1,0.01754386,0.05263158,0.0,0.0,0.8947368,0.31578946,0.15789473,0.0877193,0.2631579,0.0,0.0,0.0,0.0,0.0,0.0,0.0,0.0,0.03508772,0.0,0.0,0.0,0.03508772,0.0,0.0,0.0,0.0,0.0,0.0,0.0,0.0,0.0,0.0,0.0,0.0,0.0,0.0,0.0,0.0,0.0,0.0,0.0,0.0,0.0,0.0,0.0,0.0,0.0,0.0,0.0,0.0,0.0,0.0,0.0,0.01754386,0.0,0.0,0.0,0.0,0.0,0.0,0.13391264,0.0,0.8,0.1360476,57.0,4.060443,1.6161828,4.152895,9.736842
KEGG::path:ath00900,1,0.0,0.06666667,0.0,0.0,0.6,0.15,0.51666665,0.05,0.15,0.0,0.0,0.016666668,0.0,0.0,0.0,0.0,0.0,0.0,0.0,0.016666668,0.0,0.033333335,0.0,0.0,0.0,0.0,0.0,0.0,0.0,0.0,0.0,0.0,0.0,0.0,0.0,0.0,0.0,0.0,0.0,0.0,0.0,0.0,0.0,0.0,0.0,0.0,0.016666668,0.0,0.0,0.0,0.0,0.0,0.0,0.0,0.0,0.0,0.0,0.0,0.0,0.0,0.12431412,0.0,0.90909094,0.16164106,60.0,4.1108737,1.6341175,3.4277868,8.516666
KEGG::path:ath00901,1,0.0,0.0,0.0,0.0,0.4,0.0,0.2,0.0,0.0,0.0,0.0,0.0,0.0,0.0,0.0,0.0,0.0,0.0,0.0,0.0,0.0,0.0,0.0,0.0,0.0,0.0,0.0,0.0,0.0,0.0,0.0,0.0,0.0,0.0,0.0,0.0,0.0,0.0,0.0,0.2,0.0,0.0,0.0,0.0,0.0,0.0,0.0,0.0,0.0,0.0,0.0,0.0,0.0,0.0,0.0,0.0,0.0,0.0,0.0,0.0,0.16753615,0.0,0.42857143,0.1445775,5.0,1.7917595,1.0397222,3.0724583,8.6
KEGG::path:ath00902,1,0.0,0.0,0.0,0.0,0.71428573,0.14285715,0.2857143,0.0,0.2857143,0.0,0.0,0.0,0.0,0.0,0.0,0.0,0.14285715,0.0,0.0,0.0,0.0,0.0,0.0,0.0,0.0,0.0,0.0,0.0,0.0,0.0,0.0,0.0,0.0,0.0,0.0,0.0,0.0,0.0,0.0,0.0,0.0,0.0,0.0,0.0,0.0,0.0,0.0,0.0,0.0,0.0,0.0,0.0,0.0,0.0,0.0,0.0,0.0,0.0,0.71428573,0.0,0.24419577,0.0,1.0,0.26716322,7.0,2.0794415,1.5934037,3.4992712,10.428572
KEGG::path:ath00904,1,0.0,0.04,0.0,0.0,0.36,0.12,0.6,0.0,0.0,0.0,0.0,0.0,0.0,0.0,0.0,0.0,0.0,0.04,0.16,0.0,0.0,0.0,0.0,0.0,0.0,0.0,0.0,0.0,0.0,0.0,0.0,0.0,0.0,0.0,0.04,0.0,0.0,0.0,0.0,0.0,0.0,0.0,0.0,0.0,0.12,0.0,0.0,0.0,0.0,0.0,0.0,0.0,0.0,0.0,0.0,0.0,0.0,0.0,0.12,0.0,0.20841368,0.0,1.0,0.1999497,25.0,3.2580965,1.7931685,3.8987176,6.8
KEGG::path:ath00905,1,0.0,0.7777778,0.0,0.0,0.33333334,0.11111111,0.0,0.0,0.0,0.0,0.0,0.0,0.0,0.0,0.0,0.0,0.0,0.22222222,0.8888889,0.0,0.0,0.0,0.0,0.0,0.0,0.0,0.0,0.0,0.0,0.0,0.0,0.0,0.0,0.0,0.0,0.0,0.0,0.0,0.0,0.0,0.0,0.0,0.0,0.0,0.0,0.0,0.0,0.0,0.0,0.0,0.0,0.0,0.0,0.0,0.0,0.0,0.0,0.0,0.0,0.0,0.31440526,0.04761905,0.75,0.1472182,9.0,2.3025851,1.3807594,2.6434171,11.888889
KEGG::path:ath00906,1,0.0,0.21875,0.0,0.0,0.875,0.15625,0.09375,0.0,0.125,0.0,0.0,0.0,0.0,0.0,0.0,0.0,0.0,0.0,0.21875,0.0,0.0,0.0,0.0,0.0,0.0,0.0,0.0,0.0,0.03125,0.0,0.0,0.0,0.0,0.0,0.0,0.0,0.0,0.0,0.0,0.0,0.03125,0.0,0.0,0.0,0.09375,0.0,0.0,0.0,0.0,0.0,0.0,0.0,0.0,0.0,0.0,0.0,0.0,0.0,0.0,0.0,0.09522497,0.0,0.5555556,0.08616377,32.0,3.4965076,1.692309,4.4272547,9.65625
KEGG::path:ath00908,1,0.0,0.09375,0.0,0.0,0.375,0.0625,0.15625,0.03125,0.125,0.0,0.0,0.0,0.0,0.0,0.0,0.0,0.09375,0.0,0.0625,0.0,0.03125,0.0,0.0,0.0,0.0,0.0,0.0,0.0,0.0,0.0,0.0,0.0,0.0,0.0,0.0,0.0,0.0,0.0,0.0,0.0,0.0,0.0,0.0,0.0,0.0,0.0,0.0,0.0,0.0,0.0,0.0,0.0,0.0,0.0,0.0,0.0,0.0,0.0,0.0,0.0,0.14096834,0.0,0.72727275,0.18129829,32.0,3.4965076,1.8972507,2.652939,6.34375
KEGG::path:ath00909,1,0.0,0.26086956,0.0,0.0,0.17391305,0.0,0.17391305,0.0,0.0,0.0,0.0,0.0,0.0,0.0,0.0,0.0,0.0,0.0,0.0,0.0,0.0,0.0,0.0,0.0,0.0,0.0,0.0,0.0,0.0,0.0,0.0,0.0,0.0,0.0,0.0,0.0,0.0,0.0,0.0,0.0,0.0,0.0,0.0,0.0,0.0,0.0,0.0,0.0,0.0,0.0,0.0,0.0,0.0,0.0,0.0,0.0,0.0,0.0,0.17391305,0.0,0.14149971,0.0,0.9230769,0.23269434,23.0,3.1780539,1.3689238,3.2343853,8.130435
KEGG::path:ath00910,1,0.023255814,0.18604651,0.0,0.0,0.44186047,0.20930232,0.44186047,0.046511628,0.41860464,0.1627907,0.0,0.0,0.0,0.0,0.0,0.0,0.0,0.0,0.0,0.0,0.0,0.0,0.0,0.0,0.0,0.0,0.0,0.0,0.0,0.0,0.0,0.0,0.0,0.0,0.0,0.0,0.023255814,0.0,0.0,0.0,0.0,0.0,0.0,0.0,0.0,0.023255814,0.0,0.0,0.0,0.0,0.0,0.0,0.0,0.0,0.0,0.0,0.0,0.0,0.0,0.0,0.13071437,0.0,0.875,0.17994465,43.0,3.7841897,1.9093153,4.695026,9.16279
KEGG::path:ath00920,1,0.025,0.0,0.0,0.0,0.8,0.175,0.575,0.125,0.525,0.0,0.0,0.0,0.0,0.0,0.0,0.0,0.0,0.0,0.0,0.025,0.025,0.075,0.0,0.0,0.0,0.0,0.0,0.0,0.0,0.0,0.0,0.0,0.0,0.0,0.0,0.0,0.025,0.0,0.0,0.0,0.0,0.0,0.0,0.0,0.0,0.0,0.0,0.0,0.0,0.025,0.0,0.0,0.025,0.0,0.0,0.0,0.0,0.0,0.0,0.0,0.18027757,0.0,1.0,0.14221923,40.0,3.713572,1.7714198,4.595582,8.675
KEGG::path:ath00940,1,0.0,0.053846154,0.0,0.0,0.092307694,0.10769231,0.22307692,0.0,0.13076924,0.0,0.0,0.0,0.0,0.0,0.0,0.0,0.023076924,0.03076923,0.046153847,0.0,0.015384615,0.0076923077,0.0,0.0,0.0,0.0,0.0,0.0,0.0,0.0,0.0,0.0,0.0,0.0,0.0,0.0,0.0,0.0,0.0,0.56153846,0.0076923077,0.0,0.0,0.0,0.0,0.0,0.0,0.0,0.0,0.0,0.0,0.0,0.0,0.0,0.0,0.0,0.0,0.0,0.0,0.0,0.3363533,0.0,1.0,0.37477717,130.0,4.8751974,1.8140138,3.5669506,8.638461
KEGG::path:ath00941,1,0.0,0.12,0.0,0.0,0.2,0.28,0.56,0.0,0.24,0.0,0.0,0.0,0.0,0.0,0.0,0.0,0.12,0.0,0.12,0.0,0.04,0.0,0.0,0.0,0.0,0.0,0.0,0.0,0.0,0.0,0.0,0.0,0.0,0.0,0.0,0.0,0.0,0.0,0.0,0.0,0.0,0.0,0.0,0.0,0.0,0.08,0.0,0.0,0.0,0.0,0.0,0.0,0.0,0.0,0.0,0.0,0.0,0.0,0.0,0.0,0.09087742,0.0,0.6,0.11440291,25.0,3.2580965,1.9514692,5.1545706,7.48
KEGG::path:ath00945,1,0.0,0.33333334,0.0,0.0,0.11111111,0.33333334,0.44444445,0.0,0.5555556,0.0,0.0,0.0,0.0,0.0,0.0,0.0,0.22222222,0.0,0.22222222,0.0,0.11111111,0.0,0.0,0.0,0.0,0.0,0.0,0.0,0.0,0.0,0.0,0.0,0.0,0.0,0.0,0.0,0.0,0.0,0.0,0.0,0.0,0.0,0.0,0.0,0.0,0.0,0.0,0.0,0.0,0.0,0.0,0.0,0.0,0.0,0.0,0.0,0.0,0.0,0.0,0.0,0.12066041,0.0,0.6,0.15306857,9.0,2.3025851,1.9513501,6.3905797,9.222222
KEGG::path:ath00950,1,0.0,0.0,0.0,0.0,0.27272728,0.0,0.5,0.0,0.4090909,0.0,0.0,0.0,0.045454547,0.0,0.0,0.0,0.0,0.0,0.0,0.045454547,0.0,0.045454547,0.0,0.0,0.0,0.0,0.0,0.0,0.0,0.0,0.0,0.0,0.0,0.0,0.0,0.0,0.045454547,0.0,0.0,0.0,0.0,0.0,0.0,0.0,0.0,0.0,0.0,0.0,0.0,0.0,0.0,0.0,0.0,0.0,0.0,0.0,0.0,0.0,0.0,0.0,0.17957933,0.0,0.8125,0.21549723,22.0,3.1354942,1.5044507,4.8115306,12.590909
KEGG::path:ath00960,1,0.0,0.0,0.0,0.0,0.25641027,0.0,0.2820513,0.0,0.30769232,0.0,0.0,0.0,0.025641026,0.0,0.0,0.0,0.15384616,0.051282052,0.0,0.025641026,0.0,0.025641026,0.0,0.0,0.0,0.0,0.0,0.0,0.0,0.0,0.0,0.0,0.0,0.0,0.0,0.0,0.025641026,0.0,0.0,0.0,0.0,0.0,0.0,0.0,0.0,0.0,0.0,0.0,0.0,0.0,0.0,0.0,0.0,0.0,0.0,0.0,0.0,0.0,0.0,0.0,0.13036038,0.0,0.75,0.195408,39.0,3.6888795,1.776476,5.710297,8.538462
KEGG::path:ath00966,1,0.0,0.12,0.0,0.0,0.68,0.08,0.44,0.0,0.28,0.0,0.0,0.0,0.0,0.0,0.0,0.0,0.0,0.0,0.28,0.0,0.0,0.0,0.0,0.0,0.0,0.0,0.0,0.0,0.0,0.0,0.0,0.0,0.0,0.0,0.0,0.0,0.0,0.0,0.0,0.0,0.0,0.0,0.0,0.0,0.04,0.0,0.0,0.0,0.0,0.0,0.0,0.0,0.0,0.0,0.0,0.0,0.0,0.0,0.0,0.0,0.15866674,0.0,0.9166667,0.18907303,25.0,3.2580965,1.6531527,4.485354,11.04
KEGG::path:ath00970,1,0.0,0.0,0.0,0.0,0.57894737,0.01754386,0.80701756,0.8947368,0.50877196,0.0,0.1754386,0.0,0.0,0.0,0.0,0.0,0.0,0.0,0.0,0.0,0.0,0.15789473,0.0,0.0,0.0,0.0,0.0,0.0,0.0,0.0,0.0,0.0,0.0,0.0,0.0,0.0,0.0,0.0,0.0,0.0,0.0,0.0,0.0,0.0,0.0,0.0,0.0,0.0,0.0,0.0,0.0,0.0,0.0,0.0,0.0,0.0,0.0,0.0,0.0,0.0,0.24976511,0.0,0.6,0.16512515,57.0,4.060443,1.6539905,3.6212668,10.789474
KEGG::path:ath00999,1,0.0,0.08695652,0.0,0.0,0.3043478,0.057971016,0.1884058,0.057971016,0.17391305,0.0,0.0,0.0,0.0,0.0,0.0,0.0,0.028985508,0.10144927,0.057971016,0.0,0.028985508,0.014492754,0.0,0.0,0.0,0.0,0.0,0.0,0.68115944,0.0,0.0,0.0,0.0,0.028985508,0.0,0.0,0.0,0.0,0.028985508,0.0,0.0,0.0,0.0,0.0,0.0,0.0,0.0,0.0,0.0,0.0,0.0,0.0,0.0,0.0,0.0,0.0,0.0,0.0,0.0,0.0,0.17209198,0.0,1.0,0.27134395,69.0,4.248495,2.0520005,3.7116165,6.8550725
KEGG::path:ath01040,1,0.0,0.04,0.0,0.0,0.48,0.2,0.12,0.0,0.24,0.0,0.0,0.04,0.0,0.0,0.0,0.0,0.04,0.0,0.0,0.0,0.0,0.08,0.0,0.0,0.0,0.0,0.0,0.0,0.0,0.0,0.0,0.0,0.0,0.0,0.0,0.0,0.0,0.0,0.0,0.0,0.0,0.0,0.04,0.0,0.0,0.0,0.0,0.0,0.0,0.0,0.0,0.0,0.0,0.0,0.04,0.0,0.0,0.0,0.0,0.0,0.14868581,0.0,0.8,0.18364717,25.0,3.2580965,1.8813945,4.1761227,9.2
KEGG::path:ath01200,1,0.0036630037,0.01831502,0.0,0.0,0.5787546,0.17582418,0.43956044,0.13919415,0.5604396,0.0,0.0,0.0,0.0,0.0,0.010989011,0.0036630037,0.0073260074,0.0,0.0,0.0,0.0073260074,0.014652015,0.0,0.0,0.0,0.0,0.0,0.0,0.10622711,0.0,0.0,0.0036630037,0.0,0.0,0.0,0.0,0.032967035,0.0,0.0,0.010989011,0.0,0.0,0.0,0.0,0.0,0.0,0.0,0.0,0.0,0.0036630037,0.0,0.0,0.0,0.0,0.0,0.0,0.0,0.0,0.0,0.0,0.10534782,0.0,0.6666667,0.099721655,273.0,5.613128,1.8466414,4.991877,10.388278
KEGG::path:ath01210,1,0.0,0.029411765,0.0,0.0,0.6862745,0.13725491,0.2647059,0.0882353,0.47058824,0.0,0.0,0.0,0.0,0.0,0.0,0.0,0.0,0.0,0.068627454,0.0,0.0,0.0,0.0,0.0,0.0,0.0,0.0,0.0,0.0,0.0,0.0,0.0,0.0,0.0,0.0,0.0,0.009803922,0.0,0.0,0.0,0.0,0.0,0.0,0.0,0.009803922,0.0,0.0,0.0,0.0,0.0,0.0,0.0,0.0,0.0,0.0,0.0,0.0,0.0,0.0,0.0,0.094379656,0.0,0.9166667,0.11967271,102.0,4.634729,1.6049633,3.8493347,10.078431
KEGG::path:ath01212,1,0.0,0.014925373,0.0,0.0,0.6268657,0.13432837,0.1641791,0.05970149,0.26865673,0.0,0.0,0.014925373,0.0,0.0,0.0,0.0,0.04477612,0.014925373,0.0,0.0,0.0,0.07462686,0.0,0.0,0.0,0.0,0.0,0.0,0.0,0.0,0.0,0.0,0.0,0.0,0.014925373,0.0,0.0,0.0,0.0,0.0,0.0,0.0,0.014925373,0.0,0.0,0.0,0.0,0.0,0.0,0.0,0.0,0.0,0.0,0.0,0.014925373,0.0,0.0,0.0,0.0,0.0,0.11666886,0.0,0.6666667,0.11570859,67.0,4.2195077,1.8089591,4.115345,8.477612
KEGG::path:ath01230,1,0.004132231,0.0,0.0,0.0,0.7933884,0.1570248,0.45867768,0.09504132,0.45454547,0.0,0.0,0.0,0.0,0.0,0.012396694,0.0,0.012396694,0.0,0.0,0.0,0.008264462,0.020661157,0.0,0.0,0.0,0.0,0.0,0.0,0.049586777,0.0,0.0,0.0,0.0,0.0,0.0,0.0,0.020661157,0.0,0.0,0.004132231,0.012396694,0.0,0.0,0.0,0.0,0.0,0.0,0.0,0.0,0.004132231,0.0,0.0,0.0,0.0,0.0,0.0,0.0,0.0,0.0,0.0,0.08895777,0.0,1.0,0.11758697,242.0,5.4930615,1.6917024,4.5004325,9.433885
KEGG::path:ath01232,1,0.0,0.083333336,0.0,0.0,0.41666666,0.083333336,0.5,0.27380952,0.3809524,0.0,0.0,0.0,0.0,0.0,0.0,0.0,0.023809524,0.0,0.0,0.0,0.0,0.035714287,0.0,0.0,0.0,0.0,0.0,0.0,0.0,0.011904762,0.0,0.0,0.0,0.0,0.011904762,0.0,0.0,0.0,0.0,0.0,0.0,0.0,0.0,0.0,0.0,0.0,0.0,0.0,0.0,0.0,0.0,0.0,0.0,0.0,0.0,0.0,0.0,0.0,0.0,0.0,0.0653173,0.0,0.75,0.11989901,84.0,4.4426513,1.7862288,3.4059064,8.583333
KEGG::path:ath01240,1,0.0,0.07112971,0.0041841003,0.0,0.52719665,0.12970711,0.40585774,0.14644352,0.2761506,0.0,0.0,0.0,0.0,0.0,0.0,0.0,0.020920502,0.033472802,0.0,0.0,0.0041841003,0.033472802,0.0,0.0,0.0,0.0,0.0,0.0,0.016736401,0.0,0.0,0.0,0.0,0.0,0.0,0.0,0.008368201,0.0,0.0,0.0,0.016736401,0.0,0.0,0.0,0.0,0.0,0.0,0.0,0.0,0.0,0.0,0.0,0.0,0.008368201,0.0,0.0,0.0,0.0,0.0,0.0,0.058363035,0.0,0.53333336,0.07722033,239.0,5.480639,1.9206754,3.732391,8.535564
KEGG::path:ath01250,1,0.0,0.07920792,0.00990099,0.0,0.26732674,0.15841584,0.5445545,0.12871288,0.37623763,0.0,0.0,0.0,0.0,0.0,0.0,0.0,0.02970297,0.01980198,0.0,0.0,0.04950495,0.03960396,0.0,0.0,0.0,0.0,0.0,0.0,0.18811882,0.0,0.0,0.00990099,0.0,0.0,0.0,0.0,0.00990099,0.0,0.0,0.0,0.0,0.0,0.0,0.0,0.0,0.0,0.0,0.0,0.0,0.0,0.11881188,0.0,0.0,0.0,0.0,0.0,0.0,0.0,0.0,0.0,0.0725677,0.0,0.7777778,0.11432188,101.0,4.624973,2.1717997,4.0787992,8.762376
KEGG::path:ath01320,1,0.04761905,0.0,0.0,0.0,1.0,0.1904762,0.5714286,0.23809524,0.52380955,0.0,0.0,0.0,0.0,0.0,0.0,0.0,0.0,0.0,0.0,0.0,0.0,0.0,0.0,0.0,0.0,0.0,0.0,0.0,0.0,0.0,0.0,0.0,0.0,0.0,0.0,0.0,0.04761905,0.0,0.0,0.0,0.0,0.0,0.0,0.0,0.0,0.0,0.0,0.0,0.0,0.04761905,0.0,0.0,0.0,0.0,0.0,0.0,0.0,0.0,0.0,0.0,0.19712354,0.045454547,0.8333333,0.14665858,21.0,3.0910425,1.6374402,4.4675703,9.571428
KEGG::path:ath02010,1,0.0,1.0,0.0,0.0,0.10294118,0.14705883,0.0,1.0,0.11764706,0.75,0.0,0.0,0.0,0.0,0.0,0.0,0.014705882,0.0,0.0,0.05882353,0.0,0.0,0.0,0.0,0.0,0.0,0.0,0.0,0.0,0.014705882,0.014705882,0.0,0.0,0.0,0.0,0.0,0.0,0.0,0.0,0.0,0.0,0.0,0.0,0.0,0.0,0.0,0.0,0.0,0.0,0.0,0.0,0.0,0.0,0.0,0.0,0.0,0.0,0.0,0.0,0.0,0.30746022,0.0877193,0.85714287,0.15937245,68.0,4.2341065,1.5844872,8.797744,11.338235
KEGG::path:ath03008,1,0.0,0.0,0.010869565,0.010869565,0.02173913,0.20652173,0.22826087,0.13043478,0.22826087,0.0,0.10869565,0.0,0.0,0.04347826,0.054347824,0.097826086,0.06521739,0.0,0.0,0.0,0.02173913,0.032608695,0.0,0.0,0.0,0.032608695,0.0,0.0,0.0,0.0,0.0,0.0,0.02173913,0.0,0.0,0.010869565,0.0,0.0,0.0,0.0,0.0,0.0,0.0,0.0,0.0,0.0,0.0,0.0,0.0,0.0,0.0,0.0,0.0,0.0,0.0,0.0,0.0,0.0,0.0,0.0,0.18364698,0.045454547,0.6666667,0.11604311,92.0,4.5325994,2.4144518,3.6008787,7.4673915
KEGG::path:ath03010,1,0.0,0.0,0.0057471264,0.0,0.3045977,0.094827585,0.5718391,0.0,0.37931034,0.0,0.02586207,0.0,0.0,0.0,0.0,0.0,0.10632184,0.02586207,0.0,0.0,0.0,0.014367816,0.0028735632,0.0,0.0,0.0,0.0,0.0,0.0,0.0,0.0028735632,0.0,0.00862069,0.0,0.00862069,0.0,0.0,0.0,0.0,0.0,0.0,0.0,0.0,0.0,0.0,0.0,0.0,0.0,0.0,0.0,0.0,0.0,0.0,0.0,0.0,0.0,0.0,0.0,0.0,0.0,0.32159454,0.055555556,1.0,0.14165339,348.0,5.855072,1.6678921,3.5770068,8.864943
KEGG::path:ath03013,1,0.009615385,0.009615385,0.0,0.0,0.057692308,0.5673077,0.46153846,0.057692308,0.23076923,0.009615385,0.14423077,0.0,0.0,0.0,0.0,0.0,0.028846154,0.0,0.0,0.0,0.01923077,0.028846154,0.009615385,0.0,0.0,0.028846154,0.0,0.0,0.0,0.0,0.0,0.0,0.0,0.0,0.0,0.0,0.0,0.0,0.0,0.0,0.0,0.0,0.0,0.0,0.0,0.0,0.0,0.0,0.0,0.0,0.0,0.0,0.0,0.0,0.0,0.0,0.0,0.0,0.0,0.0,0.13758153,0.0,0.8333333,0.1554421,104.0,4.65396,1.823458,4.274847,8.067307
KEGG::path:ath03015,1,0.016949153,0.0,0.0,0.0,0.050847456,0.5423729,0.6101695,0.09322034,0.2457627,0.0,0.33050847,0.0,0.076271184,0.0,0.0,0.0,0.008474576,0.008474576,0.0,0.008474576,0.042372882,0.016949153,0.0,0.0,0.0,0.033898305,0.0,0.008474576,0.0,0.0,0.0,0.008474576,0.008474576,0.0,0.0,0.0,0.0,0.0,0.0,0.0,0.0,0.0,0.0,0.0,0.0,0.0,0.0,0.0,0.0,0.008474576,0.0,0.0,0.0,0.0,0.0,0.0,0.0,0.0,0.0,0.0,0.15338522,0.0,0.46153846,0.09394378,118.0,4.7791233,1.969916,4.156423,7.855932
KEGG::path:ath03018,1,0.02631579,0.0,0.0,0.0,0.21052632,0.31578946,0.6403509,0.28947368,0.27192983,0.0,0.39473686,0.0,0.0,0.0,0.0,0.0,0.04385965,0.00877193,0.0,0.0,0.05263158,0.00877193,0.0,0.0,0.0,0.078947365,0.0,0.0,0.0,0.0,0.0,0.0,0.0,0.0,0.00877193,0.0,0.01754386,0.0,0.0,0.0,0.01754386,0.0,0.0,0.0,0.00877193,0.0,0.0,0.0,0.0,0.0,0.0,0.0,0.0,0.0,0.0,0.0,0.0,0.0,0.0,0.0,0.18550847,0.0,1.0,0.16790445,114.0,4.744932,2.1066778,3.9959197,8.4561405
KEGG::path:ath03020,1,0.6041667,0.0,0.0,0.0,0.041666668,0.25,0.041666668,0.0,0.020833334,0.0,0.14583333,0.0,0.0,0.0,0.0,0.0,0.0,0.0,0.0,0.0,0.0,0.0,0.0,0.0,0.0,0.0,0.0,0.0,0.0,0.0,0.0,0.0,0.0,0.0,0.0,0.0,0.0,0.0,0.0,0.0,0.0,0.0,0.0,0.0,0.0,0.0,0.0,0.0,0.0,0.0,0.0,0.0,0.0,0.0,0.0,0.0,0.0,0.0,0.0,0.0,0.36066338,0.11111111,0.75,0.14853048,48.0,3.8918202,1.25587,2.93262,7.0625
KEGG::path:ath03022,1,0.14814815,0.0,0.0,0.0,0.0,0.35185185,0.074074075,0.11111111,0.018518519,0.0,0.018518519,0.0,0.0,0.055555556,0.074074075,0.018518519,0.0,0.0,0.0,0.0,0.0,0.018518519,0.0,0.0,0.0,0.0,0.0,0.0,0.0,0.0,0.0,0.09259259,0.0,0.0,0.0,0.0,0.0,0.0,0.0,0.0,0.0,0.0,0.0,0.0,0.0,0.0,0.0,0.0,0.0,0.0,0.0,0.0,0.0,0.0,0.0,0.0,0.0,0.0,0.0,0.0,0.18836217,0.05,1.0,0.17016515,54.0,4.0073333,1.9747493,3.0345519,6.296296
KEGG::path:ath03030,1,0.8095238,0.0,0.0,0.023809524,0.071428575,0.4047619,0.0952381,0.26190478,0.0952381,0.0,0.2857143,0.0,0.0,0.0,0.0,0.0,0.0,0.04761905,0.0,0.0,0.0,0.04761905,0.0,0.0,0.0,0.0,0.0,0.0,0.0,0.0,0.0,0.0,0.0,0.0,0.0,0.0,0.0,0.0,0.0,0.0,0.0,0.0,0.023809524,0.0,0.0,0.0,0.0,0.0,0.0,0.0,0.0,0.0,0.0,0.0,0.0,0.0,0.0,0.0,0.0,0.0,0.21233176,0.04761905,0.85714287,0.14391662,42.0,3.7612002,1.8579435,3.5559187,9.214286
KEGG::path:ath03040,1,0.004878049,0.004878049,0.004878049,0.004878049,0.058536585,0.34146342,0.2292683,0.17073171,0.23902439,0.0,0.43414634,0.0,0.0,0.0,0.0,0.0,0.034146342,0.004878049,0.0,0.004878049,0.014634146,0.029268293,0.024390243,0.009756098,0.0,0.41463414,0.0,0.0,0.0,0.0,0.0,0.004878049,0.0,0.0,0.009756098,0.0,0.0,0.0,0.0,0.0,0.0,0.0,0.0,0.0,0.014634146,0.0,0.009756098,0.0,0.0,0.0,0.0,0.0,0.0,0.0,0.0,0.0,0.0,0.0,0.0,0.0,0.18330355,0.05263158,0.7,0.11135632,205.0,5.327876,2.173341,4.2281065,7.9658537
KEGG::path:ath03050,1,0.0,0.0,0.0,0.0,0.19672132,0.19672132,0.6393443,0.18032786,0.55737704,0.0,0.0,0.0,0.0,0.0,0.0,0.0,0.016393442,0.0,0.0,0.0,0.0,0.016393442,0.0,0.0,0.0,0.0,0.0,0.0,0.0,0.0,0.0,0.016393442,0.0,0.0,0.0,0.0,0.0,0.0,0.0,0.0,0.0,0.0,0.0,0.0,0.0,0.0,0.06557377,0.0,0.0,0.0,0.0,0.0,0.0,0.0,0.0,0.0,0.0,0.0,0.0,0.0,0.27779448,0.055555556,0.6923077,0.15200953,61.0,4.1271343,1.6637592,5.052213,9.819673
KEGG::path:ath03060,1,0.0,0.52459013,0.0,0.0,0.37704918,0.21311475,0.26229507,0.13114753,0.21311475,0.0,0.0,0.0,0.0,0.0,0.0,0.0,0.0,0.0,0.0,0.0,0.0,0.016393442,0.0,0.0,0.0,0.0,0.0,0.0,0.0,0.0,0.0,0.0,0.0,0.0,0.0,0.0,0.0,0.0,0.0,0.0,0.0,0.0,0.0,0.0,0.0,0.0,0.09836066,0.0,0.0,0.0,0.0,0.0,0.0,0.0,0.0,0.0,0.0,0.0,0.0,0.0,0.14031816,0.0,1.0,0.22910117,61.0,4.1271343,1.8483557,3.3799129,7.9508195
KEGG::path:ath03082,1,0.296875,0.0,0.0,0.015625,0.015625,0.625,0.1875,0.140625,0.125,0.0,0.0,0.0,0.0,0.0,0.0,0.0,0.03125,0.0,0.0,0.0,0.0,0.046875,0.0,0.0,0.03125,0.0,0.0,0.0,0.0,0.0,0.0,0.03125,0.0,0.0,0.03125,0.0,0.0,0.0,0.0,0.0,0.0,0.0,0.0,0.0,0.0,0.0,0.0,0.0,0.0,0.0,0.0,0.0,0.0,0.0,0.0,0.0,0.0,0.0,0.0,0.0,0.18835104,0.05263158,0.875,0.15607065,64.0,4.1743875,1.8570026,4.1645536,8.515625
KEGG::path:ath03083,1,0.04347826,0.0,0.028985508,0.072463766,0.0,0.6376812,0.24637681,0.0,0.1594203,0.0,0.0,0.0,0.0,0.0,0.0,0.028985508,0.0,0.0,0.0,0.0,0.0,0.057971016,0.42028984,0.028985508,0.028985508,0.0,0.0,0.0,0.0,0.0,0.0,0.014492754,0.0,0.0,0.028985508,0.0,0.0,0.0,0.0,0.0,0.0,0.0,0.0,0.0,0.0,0.0,0.0,0.0,0.0,0.0,0.0,0.0,0.0,0.0,0.0,0.0,0.0,0.0,0.0,0.0,0.18991277,0.0,1.0,0.2335569,69.0,4.248495,1.8967574,3.8616593,8.565217
KEGG::path:ath03250,1,0.051282052,0.0,0.0,0.0,0.025641026,0.5641026,0.17948718,0.025641026,0.15384616,0.0,0.051282052,0.0,0.0,0.0,0.0,0.0,0.0,0.025641026,0.0,0.0,0.025641026,0.0,0.0,0.0,0.0,0.0,0.0,0.0,0.0,0.0,0.0,0.20512821,0.0,0.0,0.0,0.0,0.0,0.0,0.0,0.0,0.0,0.0,0.0,0.0,0.0,0.0,0.0,0.0,0.0,0.0,0.0,0.0,0.0,0.0,0.0,0.0,0.0,0.0,0.0,0.0,0.09780385,0.0,1.0,0.18448587,39.0,3.6888795,1.7400032,4.2010612,7.3076925
KEGG::path:ath03272,1,0.0,0.0,0.0,0.0,0.0,0.6666667,0.5833333,0.083333336,0.083333336,0.0,0.0,0.0,0.0,0.0,0.0,0.0,0.0,0.083333336,0.0,0.0,0.083333336,0.16666667,0.0,0.0,0.0,0.0,0.0,0.0,0.0,0.0,0.0,0.0,0.0,0.0,0.0,0.0,0.0,0.0,0.0,0.0,0.0,0.0,0.0,0.0,0.0,0.0,0.0,0.0,0.0,0.0,0.0,0.0,0.0,0.0,0.0,0.0,0.0,0.0,0.0,0.0,0.1131341,0.0,0.8,0.13839877,12.0,2.5649493,1.5377041,4.009537,7.0833335
KEGG::path:ath03410,1,0.48,0.0,0.0,0.02,0.06,0.24,0.04,0.1,0.04,0.0,0.14,0.0,0.0,0.0,0.0,0.0,0.0,0.02,0.0,0.0,0.0,0.02,0.0,0.0,0.0,0.0,0.0,0.0,0.04,0.0,0.0,0.0,0.0,0.0,0.0,0.0,0.0,0.0,0.0,0.0,0.0,0.0,0.02,0.0,0.0,0.0,0.0,0.0,0.0,0.0,0.0,0.0,0.0,0.0,0.0,0.0,0.0,0.0,0.0,0.0,0.20968118,0.045454547,1.0,0.20080994,50.0,3.9318256,1.8942279,3.3891592,8.56
KEGG::path:ath03420,1,0.54761904,0.0,0.0,0.011904762,0.04761905,0.4047619,0.16666667,0.14285715,0.071428575,0.0,0.1904762,0.0,0.0,0.035714287,0.04761905,0.011904762,0.011904762,0.023809524,0.0,0.0,0.0,0.023809524,0.071428575,0.0,0.0,0.0,0.0,0.0,0.0,0.0,0.0,0.05952381,0.0,0.0,0.0,0.0,0.0,0.0,0.0,0.0,0.0,0.0,0.011904762,0.0,0.0,0.0,0.0,0.0,0.0,0.0,0.0,0.0,0.0,0.0,0.0,0.0,0.0,0.0,0.0,0.0,0.13694698,0.04,0.6666667,0.090993345,84.0,4.4426513,2.1901402,3.349197,8.595238
KEGG::path:ath03430,1,0.71875,0.0,0.0,0.0,0.0,0.34375,0.03125,0.40625,0.0625,0.0,0.1875,0.0,0.0,0.0,0.0,0.0,0.0,0.0625,0.0,0.0,0.0,0.0,0.0,0.0,0.0,0.0,0.0,0.0,0.0,0.0,0.0,0.0,0.0,0.0,0.03125,0.0,0.0,0.0,0.0,0.0,0.0,0.0,0.0,0.0,0.0,0.0,0.0,0.0,0.0,0.0,0.0,0.0,0.0,0.0,0.0,0.0,0.0,0.0,0.0,0.0,0.22963445,0.04761905,0.875,0.1670321,32.0,3.4965076,1.6137973,2.4187984,8.34375
KEGG::path:ath03440,1,0.53333336,0.0,0.0,0.0,0.1,0.35,0.13333334,0.36666667,0.0,0.0,0.25,0.0,0.0,0.016666668,0.0,0.016666668,0.0,0.033333335,0.0,0.0,0.0,0.016666668,0.0,0.0,0.0,0.0,0.0,0.0,0.0,0.0,0.0,0.0,0.016666668,0.0,0.0,0.0,0.0,0.0,0.0,0.0,0.0,0.0,0.0,0.0,0.0,0.0,0.033333335,0.0,0.0,0.0,0.0,0.0,0.0,0.0,0.0,0.0,0.0,0.0,0.0,0.0,0.13956793,0.0,0.9,0.11262292,60.0,4.1108737,1.9183129,4.20433,9.083333
KEGG::path:ath03450,1,0.75,0.0,0.0,0.0,0.0,0.875,0.375,0.25,0.0,0.0,0.0,0.0,0.0,0.0,0.0,0.0,0.0,0.0,0.0,0.0,0.0,0.0,0.0,0.0,0.0,0.0,0.0,0.0,0.0,0.0,0.0,0.0,0.0,0.0,0.0,0.0,0.0,0.0,0.0,0.0,0.0,0.0,0.0,0.0,0.0,0.0,0.0,0.0,0.0,0.0,0.0,0.0,0.0,0.0,0.0,0.0,0.0,0.0,0.0,0.0,0.22105716,0.03846154,0.8235294,0.15782125,8.0,2.1972246,1.2762579,2.9047375,13.25
KEGG::path:ath03460,1,0.45652175,0.0,0.0,0.0,0.06521739,0.1521739,0.04347826,0.2173913,0.02173913,0.0,0.3043478,0.0,0.0,0.02173913,0.0,0.02173913,0.0,0.04347826,0.0,0.0,0.0,0.02173913,0.02173913,0.0,0.0,0.0,0.0,0.0,0.0,0.0,0.0,0.0,0.02173913,0.0,0.02173913,0.0,0.0,0.0,0.0,0.0,0.0,0.0,0.0,0.0,0.0,0.0,0.0,0.0,0.0,0.0,0.0,0.0,0.0,0.0,0.0,0.0,0.0,0.0,0.0,0.0,0.18281078,0.0,1.0,0.14611125,46.0,3.8501475,2.013937,4.1176,9.043478
KEGG::path:ath04016,1,0.034246575,0.1369863,0.05479452,0.09589041,0.10273973,0.72602737,0.369863,0.34246576,0.20547946,0.0,0.01369863,0.0,0.16438356,0.30136988,0.33561644,0.1849315,0.0,0.0,0.006849315,0.17123288,0.02739726,0.0,0.01369863,0.0,0.04109589,0.0,0.0,0.0,0.006849315,0.0,0.0,0.0,0.0,0.0,0.01369863,0.0,0.006849315,0.0,0.0,0.07534247,0.006849315,0.006849315,0.006849315,0.0,0.0,0.01369863,0.0,0.0,0.0,0.0,0.0,0.006849315,0.0,0.0,0.0,0.0,0.0,0.0,0.0,0.006849315,0.11563392,0.0,0.61538464,0.121934995,146.0,4.9904327,2.6464546,7.2467957,12.410959
KEGG::path:ath04070,1,0.0,0.17721519,0.0,0.0,0.1392405,0.16455697,0.39240506,0.2658228,0.24050634,0.0,0.0,0.0,0.20253165,0.0,0.0,0.0,0.03797468,0.050632913,0.0,0.025316456,0.0,0.025316456,0.0,0.0,0.0,0.0,0.0,0.0,0.012658228,0.0,0.0,0.0,0.0,0.0,0.0,0.0,0.0,0.0,0.0,0.0,0.012658228,0.0,0.0,0.0,0.0,0.0,0.0,0.0,0.0,0.0,0.0,0.0,0.0,0.0,0.0,0.0,0.0,0.0,0.0,0.0,0.14668596,0.0,1.0,0.21756835,79.0,4.3820267,2.1810517,4.07182,8.949368
KEGG::path:ath04075,1,0.13194445,0.106481485,0.1412037,0.27546296,0.08796296,0.5625,0.24537037,0.20833333,0.11574074,0.0023148148,0.0023148148,0.0,0.060185187,0.17592593,0.18518518,0.1736111,0.009259259,0.041666668,0.0023148148,0.07175926,0.0069444445,0.018518519,0.041666668,0.009259259,0.055555556,0.0,0.0,0.0,0.0023148148,0.0,0.0046296297,0.0023148148,0.0069444445,0.0,0.0069444445,0.0,0.0,0.0046296297,0.0023148148,0.0,0.0046296297,0.0023148148,0.0,0.0,0.016203703,0.0069444445,0.0,0.0,0.0,0.0,0.0,0.0023148148,0.0,0.0,0.013888889,0.0,0.0,0.0,0.0,0.0046296297,0.14276242,0.0,1.0,0.17372927,432.0,6.070738,2.789884,6.263647,9.446759
KEGG::path:ath04081,1,0.0,0.875,0.0,0.0,0.0,0.125,0.125,0.0,0.0,0.25,0.0,0.0,0.125,0.0,0.0,0.0,0.0,0.0,0.0,0.0,0.0,0.0,0.0,0.0,0.0,0.0,0.0,0.0,0.0,0.0,0.0,0.0,0.0,0.0,0.125,0.0,0.0,0.0,0.0,0.0,0.0,0.0,0.0,0.0,0.0,0.125,0.0,0.0,0.0,0.0,0.0,0.0,0.0,0.0,0.0,0.0,0.25,0.0,0.0,0.0,0.29551345,0.0,1.0,0.3459798,8.0,2.1972246,1.7479668,6.3786755,8.25
KEGG::path:ath04082,1,0.0,0.8888889,0.0,0.0,0.0,0.11111111,0.11111111,0.0,0.0,0.0,0.0,0.0,0.11111111,0.0,0.0,0.0,0.0,0.0,0.0,0.0,0.0,0.0,0.0,0.0,0.0,0.0,0.0,0.0,0.0,0.0,0.0,0.0,0.0,0.0,0.11111111,0.0,0.0,0.0,0.0,0.0,0.0,0.0,0.0,0.0,0.0,0.0,0.0,0.0,0.0,0.0,0.0,0.0,0.0,0.0,0.0,0.0,0.0,0.0,0.0,0.0,0.36578703,0.0,1.0,0.25836813,9.0,2.3025851,1.0986131,6.565905,4.6666665
KEGG::path:ath04120,1,0.0,0.018404908,0.0,0.0,0.012269938,0.47239265,0.29447854,0.0,0.1411043,0.0,0.012269938,0.0,0.0,0.0,0.0,0.0,0.0,0.006134969,0.0,0.0,0.0,0.042944785,0.74846625,0.20245399,0.0,0.012269938,0.0,0.0,0.006134969,0.0,0.0,0.0,0.0,0.0,0.0,0.0,0.0,0.0,0.0,0.0,0.0,0.0,0.0,0.0,0.006134969,0.0,0.0,0.0,0.0,0.0,0.0,0.0,0.0,0.0,0.0,0.0,0.0,0.0,0.0,0.0,0.16267434,0.0,0.8181818,0.1237788,163.0,5.0998664,1.6908302,3.2290926,7.04908
KEGG::path:ath04122,1,0.0,0.0,0.0,0.0,0.3846154,0.15384616,0.7692308,0.07692308,0.53846157,0.0,0.0,0.0,0.0,0.0,0.0,0.0,0.07692308,0.0,0.0,0.0,0.0,0.15384616,0.0,0.0,0.0,0.0,0.0,0.0,0.0,0.0,0.0,0.0,0.0,0.0,0.0,0.0,0.0,0.0,0.0,0.0,0.0,0.0,0.0,0.0,0.0,0.0,0.0,0.0,0.0,0.0,0.0,0.0,0.0,0.07692308,0.0,0.0,0.0,0.0,0.0,0.0,0.17025098,0.0,1.0,0.19338198,13.0,2.6390574,1.7305032,2.597222,8.153846
KEGG::path:ath04130,1,0.0,0.7777778,0.0,0.0,0.0,0.3888889,0.37037036,0.0,0.16666667,0.0,0.0,0.0,0.0,0.0,0.0,0.0,0.018518519,0.0,0.0,0.0,0.0,0.0,0.0,0.0,0.0,0.0,0.0,0.0,0.0,0.0,0.0,0.0,0.0,0.0,0.0,0.0,0.0,0.0,0.0,0.0,0.0,0.0,0.0,0.0,0.0,0.018518519,0.0,0.0,0.3888889,0.0,0.0,0.0,0.0,0.0,0.0,0.0,0.0,0.0,0.0,0.0,0.16591097,0.0,0.7,0.13336807,54.0,4.0073333,1.5750046,4.9118776,9.944445
KEGG::path:ath04136,1,0.0,0.07317073,0.024390243,0.0,0.19512194,0.6585366,0.6585366,0.07317073,0.12195122,0.0,0.0,0.0,0.0,0.048780486,0.09756097,0.09756097,0.0,0.0,0.0,0.0,0.0,0.048780486,0.024390243,0.0,0.0,0.0,0.0,0.0,0.0,0.0,0.0,0.0,0.0,0.0,0.0,0.0,0.0,0.0,0.0,0.0,0.0,0.0,0.0,0.0,0.0,0.0,0.0,0.0,0.0,0.024390243,0.0,0.0,0.0,0.0,0.0,0.0,0.0,0.0,0.0,0.0,0.13145322,0.0,0.8333333,0.1736012,41.0,3.7376697,1.9419676,5.1514826,8.268292
KEGG::path:ath04141,1,0.0,0.21524663,0.0,0.0,0.264574,0.37668163,0.32735425,0.11210762,0.23766816,0.0,0.00896861,0.0,0.0,0.004484305,0.004484305,0.004484305,0.049327355,0.03587444,0.0,0.0,0.031390134,0.01793722,0.22421524,0.058295965,0.0,0.0,0.0,0.0,0.03587444,0.0,0.0,0.0,0.0,0.0,0.0,0.0,0.0,0.0,0.0,0.0,0.00896861,0.0,0.0,0.004484305,0.0,0.0,0.0,0.0,0.0,0.0,0.0,0.0,0.0,0.0,0.0,0.0,0.0,0.0,0.0,0.0,0.07403,0.0,0.5,0.095488556,223.0,5.411646,2.312766,4.814728,8.466368
KEGG::path:ath04142,1,0.0,0.2827225,0.005235602,0.0,0.14659686,0.19895288,0.2356021,0.041884817,0.18848167,0.05235602,0.0,0.0,0.0,0.005235602,0.005235602,0.005235602,0.057591625,0.005235602,0.0,0.0,0.015706806,0.020942409,0.0,0.0,0.0,0.0,0.0,0.0,0.02617801,0.0,0.0,0.005235602,0.0,0.0,0.0,0.0,0.0,0.0,0.0,0.005235602,0.0,0.03141361,0.0,0.0,0.0,0.07853403,0.020942409,0.0,0.010471204,0.0,0.0,0.03141361,0.0,0.0,0.0,0.0,0.005235602,0.0,0.0,0.0,0.05638093,0.0,0.5714286,0.08412468,191.0,5.2574954,2.4679866,4.598838,8.680628
KEGG::path:ath04144,1,0.0,0.22435898,0.0,0.0,0.12179487,0.43589744,0.51282054,0.115384616,0.35897437,0.0,0.0,0.0,0.0,0.0,0.0,0.0,0.012820513,0.01923077,0.0,0.0064102565,0.03846154,0.03846154,0.0064102565,0.0,0.0,0.0,0.0,0.0,0.0064102565,0.0064102565,0.0,0.0,0.0,0.0,0.0064102565,0.0,0.0,0.0,0.0,0.0,0.0064102565,0.0,0.0,0.0,0.0,0.012820513,0.01923077,0.0,0.0,0.0,0.0,0.0,0.0,0.0,0.0,0.0,0.0,0.012820513,0.0,0.0,0.08765868,0.0,0.6363636,0.12859912,156.0,5.056246,2.038722,4.905953,9.333333
KEGG::path:ath04145,1,0.0,0.22988506,0.0,0.0,0.2413793,0.35632184,0.35632184,0.09195402,0.33333334,0.0,0.0,0.0,0.0,0.0,0.0,0.0,0.04597701,0.0,0.0,0.022988506,0.011494253,0.011494253,0.0,0.0,0.0,0.0,0.0,0.0,0.0,0.0,0.0,0.011494253,0.0,0.0,0.0,0.0,0.0,0.0,0.0,0.0,0.0,0.0,0.0,0.0,0.0,0.04597701,0.0,0.0,0.0,0.0,0.0,0.0,0.0,0.0,0.0,0.0,0.0,0.0,0.0,0.0,0.113118865,0.0,0.7222222,0.121335976,87.0,4.477337,2.0008922,4.2593303,11.137931
KEGG::path:ath04146,1,0.0,0.123595506,0.0,0.0,0.4494382,0.26966292,0.14606741,0.04494382,0.37078652,0.02247191,0.0,0.0,0.0,0.0,0.0,0.0,0.033707865,0.0,0.0,0.0,0.02247191,0.033707865,0.033707865,0.02247191,0.0,0.0,0.0,0.0,0.0,0.0,0.0,0.0,0.0,0.033707865,0.0,0.0,0.011235955,0.0,0.0,0.033707865,0.0,0.0,0.0,0.0,0.0,0.0,0.0,0.0,0.0,0.0,0.0,0.0,0.0,0.0,0.0,0.0,0.0,0.0,0.0,0.0,0.086624295,0.0,0.6666667,0.11126393,89.0,4.4998097,2.0984764,5.0412765,9.337079
KEGG::path:ath04148,1,0.0,0.3962264,0.0,0.0,0.16981132,0.4716981,0.3018868,0.094339624,0.16981132,0.0,0.0,0.0,0.018867925,0.03773585,0.03773585,0.0,0.056603774,0.0,0.0,0.056603774,0.0,0.0,0.0,0.0,0.0,0.0,0.0,0.0,0.0,0.0,0.0,0.0,0.03773585,0.0,0.018867925,0.0,0.0,0.0,0.0,0.0,0.0,0.0,0.0,0.0,0.0,0.16981132,0.0,0.0,0.0,0.0,0.0,0.018867925,0.0,0.0,0.0,0.0,0.0,0.0,0.0,0.0,0.0970938,0.0,0.75,0.13111815,53.0,3.988984,2.2428062,5.4957185,10.716981
KEGG::path:ath04382,1,0.0,0.14285715,0.0,0.0,0.17142858,0.5714286,0.54285717,0.0,0.34285715,0.0,0.0,0.0,0.25714287,0.0,0.0,0.0,0.0,0.0,0.0,0.028571429,0.0,0.028571429,0.0,0.0,0.0,0.028571429,0.0,0.0,0.114285715,0.0,0.0,0.0,0.0,0.0,0.0,0.0,0.0,0.0,0.0,0.0,0.0,0.0,0.0,0.0,0.0,0.0,0.0,0.0,0.0,0.028571429,0.0,0.0,0.0,0.0,0.0,0.0,0.0,0.0,0.0,0.0,0.19497441,0.0,1.0,0.18717021,35.0,3.583519,1.9669697,3.3847196,7.8285713
KEGG::path:ath04517,1,0.0,0.22,0.0,0.0,0.08,0.46,0.68,0.12,0.22,0.0,0.0,0.0,0.02,0.12,0.12,0.08,0.02,0.0,0.0,0.04,0.0,0.0,0.0,0.0,0.0,0.0,0.0,0.0,0.0,0.0,0.0,0.0,0.0,0.0,0.0,0.0,0.0,0.0,0.0,0.0,0.0,0.0,0.0,0.0,0.0,0.0,0.0,0.0,0.0,0.0,0.0,0.0,0.0,0.0,0.0,0.0,0.0,0.0,0.0,0.0,0.15057385,0.0,0.75,0.17009953,50.0,3.9318256,2.0354342,4.5078154,10.14
KEGG::path:ath04518,1,0.0,0.64285713,0.071428575,0.0,0.071428575,0.71428573,0.71428573,0.14285715,0.071428575,0.0,0.0,0.0,0.0,0.21428572,0.21428572,0.21428572,0.0,0.0,0.0,0.14285715,0.0,0.071428575,0.0,0.0,0.0,0.0,0.0,0.0,0.0,0.0,0.0,0.0,0.0,0.0,0.0,0.0,0.0,0.0,0.0,0.0,0.0,0.0,0.0,0.0,0.0,0.0,0.0,0.0,0.0,0.0,0.0,0.0,0.0,0.0,0.0,0.0,0.0,0.0,0.0,0.0,0.25902796,0.0,0.71428573,0.18994278,14.0,2.7080503,2.1224065,7.32378,12.928572
KEGG::path:ath04519,1,0.015384615,0.21538462,0.0,0.0,0.10769231,0.4923077,0.6769231,0.10769231,0.21538462,0.0,0.0,0.0,0.015384615,0.06153846,0.06153846,0.03076923,0.015384615,0.0,0.0,0.03076923,0.0,0.0,0.0,0.0,0.0,0.0,0.0,0.0,0.0,0.0,0.0,0.015384615,0.015384615,0.0,0.0,0.0,0.0,0.0,0.0,0.0,0.0,0.0,0.0,0.0,0.0,0.015384615,0.0,0.0,0.0,0.0,0.0,0.0,0.0,0.0,0.0,0.0,0.0,0.0,0.0,0.0,0.11650854,0.0,0.85714287,0.15398565,65.0,4.189655,2.0273085,4.3591433,8.83077
KEGG::path:ath04620,1,0.0,0.6,0.0,0.0,0.13333334,0.73333335,0.6,0.13333334,0.06666667,0.0,0.0,0.0,0.06666667,0.13333334,0.13333334,0.0,0.0,0.0,0.0,0.13333334,0.0,0.0,0.0,0.0,0.0,0.0,0.0,0.0,0.0,0.0,0.0,0.0,0.0,0.0,0.0,0.0,0.0,0.0,0.0,0.0,0.0,0.0,0.0,0.0,0.0,0.0,0.0,0.0,0.0,0.0,0.0,0.0,0.0,0.0,0.0,0.0,0.0,0.0,0.0,0.0,0.2295286,0.0,0.71428573,0.19616316,15.0,2.7725887,1.9365392,4.5284286,11.6
KEGG::path:ath04626,1,0.018518519,0.37037036,0.023148147,0.037037037,0.12037037,0.3888889,0.3148148,0.3564815,0.2037037,0.09259259,0.0,0.046296295,0.06944445,0.2824074,0.31944445,0.25462964,0.074074075,0.018518519,0.0,0.046296295,0.013888889,0.009259259,0.0,0.0,0.037037037,0.0,0.0,0.0,0.0046296297,0.0046296297,0.0,0.0,0.0046296297,0.0,0.0046296297,0.0,0.0,0.0,0.0,0.037037037,0.0046296297,0.0,0.0,0.0,0.0,0.0,0.0,0.0,0.0,0.0,0.0,0.0,0.0,0.0,0.0,0.0,0.0,0.0,0.0,0.009259259,0.09234022,0.0,0.6666667,0.12150441,216.0,5.379897,2.69061,5.8726172,9.837963
KEGG::path:ath04712,1,0.25581396,0.0,0.11627907,0.3255814,0.069767445,0.88372093,0.30232558,0.23255815,0.20930232,0.0,0.0,0.0,0.069767445,0.093023255,0.23255815,0.13953489,0.0,0.0,0.0,0.0,0.0,0.0,0.069767445,0.023255814,0.093023255,0.0,0.0,0.0,0.0,0.023255814,0.0,0.0,0.023255814,0.0,0.0,0.0,0.0,0.093023255,0.0,0.0,0.0,0.0,0.0,0.0,0.13953489,0.023255814,0.0,0.0,0.0,0.0,0.0,0.0,0.0,0.0,0.0,0.0,0.0,0.0,0.0,0.0,0.11948335,0.027027028,0.45614034,0.067987256,43.0,3.7841897,2.5632606,10.874673,14.790698
KEGG::path:ath04814,1,0.0,0.0,0.0,0.0,0.1097561,0.24390244,0.6219512,0.5609756,0.2682927,0.0,0.0,0.0,0.0,0.0,0.0,0.0,0.036585364,0.0121951215,0.0,0.0,0.0121951215,0.0,0.0,0.0,0.0,0.0,0.37804878,0.0,0.0,0.0,0.036585364,0.0,0.0,0.0,0.0121951215,0.0,0.0,0.0,0.0,0.0,0.0,0.0,0.0,0.0,0.0121951215,0.0,0.0,0.0,0.0,0.0,0.0,0.0,0.0,0.0,0.0,0.0,0.0,0.0,0.0,0.0,0.16424495,0.0,0.8888889,0.20625134,82.0,4.4188404,1.8693745,4.7526565,9.439024
KEGG::path:ath04820,1,0.125,0.125,0.0,0.0,0.375,0.5,0.5,0.0,0.25,0.0,0.0,0.0,0.0,0.0,0.0,0.0,0.0,0.0,0.0,0.0,0.0,0.125,0.0,0.0,0.0,0.0,0.0,0.0,0.0,0.0,0.0,0.0,0.0,0.0,0.0,0.0,0.0,0.0,0.0,0.0,0.0,0.0,0.0,0.0,0.0,0.0,0.0,0.0,0.0,0.0,0.0,0.0,0.0,0.0,0.0,0.0,0.0,0.25,0.0,0.0,0.12194506,0.0,0.8666667,0.19464631,8.0,2.1972246,1.9371066,4.769696,11.5
KEGG::path:ath04981,1,0.0,0.625,0.0,0.0,0.175,0.175,0.35,0.7,0.15,0.2,0.0,0.0,0.0,0.0,0.0,0.0,0.0,0.0,0.0,0.025,0.0,0.0,0.0,0.0,0.0,0.0,0.0,0.0,0.0,0.0,0.0,0.0,0.0,0.0,0.0,0.0,0.025,0.0,0.0,0.0,0.0,0.0,0.0,0.0,0.0,0.0,0.0,0.0,0.0,0.0,0.0,0.0,0.0,0.0,0.0,0.0,0.0,0.0,0.0,0.0,0.20188062,0.0,0.8,0.18886754,40.0,3.713572,1.8391521,4.7199044,8.85
KEGG::path:ath05100,1,0.0,0.42307693,0.0,0.0,0.07692308,0.5769231,0.7692308,0.0,0.15384616,0.0,0.0,0.0,0.0,0.0,0.0,0.0,0.0,0.0,0.0,0.07692308,0.0,0.0,0.0,0.0,0.0,0.0,0.0,0.0,0.0,0.0,0.0,0.0,0.0,0.0,0.0,0.0,0.0,0.0,0.0,0.0,0.0,0.0,0.0,0.0,0.0,0.0,0.0,0.0,0.0,0.0,0.0,0.0,0.0,0.0,0.0,0.0,0.0,0.0,0.0,0.0,0.17461057,0.0,1.0,0.20571235,26.0,3.295837,1.4847251,4.9839983,11.076923
NEG::mixture::0001,0,0.012820513,0.102564104,0.051282052,0.06410257,0.12820514,0.7307692,0.43589744,0.30769232,0.1923077,0.0,0.012820513,0.0,0.16666667,0.26923078,0.32051283,0.14102565,0.0,0.0,0.012820513,0.16666667,0.012820513,0.0,0.025641026,0.0,0.03846154,0.0,0.0,0.0,0.012820513,0.0,0.0,0.0,0.0,0.0,0.025641026,0.0,0.012820513,0.0,0.0,0.07692308,0.0,0.0,0.012820513,0.0,0.0,0.025641026,0.0,0.0,0.0,0.0,0.0,0.0,0.0,0.0,0.0,0.0,0.0,0.0,0.0,0.012820513,0.10087664,0.0,1.0,0.19745973,78.0,4.3694477,2.6209161,6.63985,12.166667
NEG::mixture::0002,0,0.0,0.0,0.0,0.0,0.29411766,0.1764706,0.61764705,0.29411766,0.5,0.0,0.0,0.0,0.0,0.0,0.0,0.0,0.029411765,0.0,0.0,0.0,0.0,0.0,0.0,0.0,0.0,0.0,0.0,0.0,0.0882353,0.0,0.0,0.029411765,0.0,0.0,0.0,0.0,0.0,0.0,0.0,0.0,0.0,0.0,0.0,0.0,0.0,0.0,0.05882353,0.0,0.0,0.0,0.0,0.0,0.0,0.0,0.0,0.0,0.0,0.0,0.0,0.0,0.21673661,0.0,0.84615386,0.18249324,34.0,3.5553482,1.8178355,3.3638883,9.911765
NEG::mixture::0003,0,0.0,0.5,0.0,0.0,0.33333334,0.083333336,0.125,0.0,0.083333336,0.0,0.0,0.0,0.0,0.0,0.0,0.0,0.041666668,0.083333336,0.0,0.0,0.0,0.041666668,0.0,0.0,0.0,0.0,0.0,0.0,0.20833333,0.0,0.0,0.0,0.0,0.0,0.0,0.0,0.041666668,0.0,0.0,0.0,0.0,0.0,0.0,0.0,0.0,0.0,0.0,0.0,0.0,0.0,0.0,0.0,0.0,0.0,0.0,0.0,0.0,0.0,0.0,0.0,0.09839851,0.0,0.6666667,0.13428667,24.0,3.218876,1.9364234,5.1799226,8.541667
NEG::mixture::0004,0,0.0,0.074074075,0.0,0.0,0.37037036,0.074074075,0.33333334,0.037037037,0.25925925,0.0,0.0,0.0,0.0,0.0,0.0,0.0,0.037037037,0.037037037,0.037037037,0.0,0.0,0.037037037,0.0,0.0,0.0,0.0,0.0,0.037037037,0.0,0.0,0.0,0.0,0.0,0.0,0.0,0.0,0.0,0.0,0.0,0.037037037,0.0,0.0,0.0,0.0,0.0,0.0,0.0,0.0,0.0,0.0,0.0,0.0,0.0,0.037037037,0.0,0.0,0.0,0.0,0.0,0.0,0.062947944,0.0,0.6666667,0.10381476,27.0,3.3322046,2.079828,4.540626,8.444445
NEG::mixture::0005,0,0.0,0.06153846,0.0,0.0,0.24615385,0.12307692,0.35384616,0.092307694,0.2923077,0.0,0.0,0.0,0.0,0.0,0.0,0.0,0.0,0.015384615,0.0,0.0,0.03076923,0.03076923,0.0,0.0,0.0,0.0,0.0,0.0,0.35384616,0.0,0.0,0.015384615,0.0,0.0,0.0,0.0,0.03076923,0.0,0.0,0.0,0.0,0.0,0.0,0.0,0.0,0.0,0.0,0.0,0.0,0.0,0.10769231,0.0,0.0,0.0,0.0,0.0,0.0,0.0,0.0,0.0,0.05677452,0.0,0.5,0.10099639,65.0,4.189655,2.1462865,4.096874,8.984615
NEG::mixture::0006,0,0.0,0.037037037,0.0,0.0,0.4814815,0.16666667,0.37037036,0.18518518,0.5555556,0.0,0.0,0.0,0.0,0.0,0.018518519,0.0,0.055555556,0.0,0.074074075,0.0,0.018518519,0.037037037,0.0,0.0,0.0,0.0,0.0,0.0,0.0,0.0,0.0,0.0,0.0,0.0,0.0,0.0,0.018518519,0.0,0.0,0.0,0.0,0.0,0.0,0.0,0.0,0.0,0.0,0.0,0.0,0.0,0.0,0.0,0.0,0.0,0.0,0.0,0.0,0.0,0.0,0.0,0.095418364,0.0,0.46153846,0.08852349,54.0,4.0073333,1.9291873,4.740162,10.111111
NEG::mixture::0007,0,0.0,0.0,0.0,0.0,0.42857143,0.14285715,0.0,0.0,0.14285715,0.0,0.0,0.0,0.0,0.0,0.0,0.0,0.0,0.42857143,0.0,0.0,0.0,0.0,0.0,0.0,0.0,0.0,0.0,0.0,0.0,0.0,0.0,0.0,0.0,0.0,0.0,0.0,0.0,0.0,0.0,0.0,0.0,0.0,0.0,0.0,0.0,0.0,0.0,0.0,0.0,0.0,0.0,0.0,0.0,0.0,0.0,0.0,0.0,0.0,0.0,0.0,0.13119659,0.0,0.54545456,0.16742364,7.0,2.0794415,1.2554834,2.2315,6.857143
NEG::mixture::0008,0,0.0,0.17857143,0.0,0.0,0.5714286,0.10714286,0.32142857,0.10714286,0.21428572,0.0,0.0,0.0,0.0,0.0,0.0,0.0,0.071428575,0.071428575,0.14285715,0.0,0.0,0.035714287,0.0,0.0,0.0,0.0,0.0,0.0,0.0,0.0,0.0,0.0,0.0,0.0,0.0,0.0,0.0,0.0,0.0,0.0,0.14285715,0.0,0.0,0.0,0.0,0.0,0.0,0.0,0.0,0.0,0.0,0.0,0.0,0.0,0.0,0.0,0.0,0.0,0.0,0.0,0.08925164,0.0,1.0,0.16210632,28.0,3.3672957,2.1275373,5.1163754,9.035714
NEG::mixture::0009,0,0.23913044,0.0,0.0,0.010869565,0.29347825,0.32608697,0.38043478,0.16304348,0.35869566,0.0,0.097826086,0.0,0.0,0.032608695,0.07608695,0.010869565,0.032608695,0.04347826,0.0,0.0,0.0,0.032608695,0.032608695,0.0,0.0,0.0,0.0,0.0,0.054347824,0.0,0.0,0.04347826,0.0,0.0,0.0,0.0,0.02173913,0.0,0.0,0.0,0.0,0.0,0.010869565,0.0,0.0,0.0,0.0,0.0,0.0,0.0,0.0,0.0,0.0,0.0,0.0,0.0,0.0,0.0,0.0,0.0,0.093268484,0.0,0.6666667,0.09701277,92.0,4.5325994,2.4213235,4.996726,10.01087
NEG::mixture::0010,0,0.0,0.0,0.0,0.0,0.16666667,0.16666667,0.16666667,0.0,0.0,0.0,0.0,0.0,0.0,0.0,0.0,0.0,0.0,0.16666667,0.0,0.0,0.0,0.0,0.0,0.0,0.0,0.0,0.0,0.0,0.0,0.0,0.0,0.0,0.0,0.0,0.0,0.0,0.0,0.0,0.0,0.0,0.0,0.0,0.0,0.0,0.0,0.0,0.0,0.0,0.0,0.0,0.0,0.0,0.0,0.0,0.0,0.0,0.0,0.0,0.0,0.0,0.11602841,0.0,0.5,0.15548527,6.0,1.9459101,1.386296,2.140872,5.5
NEG::mixture::0011,0,0.0,0.14285715,0.0,0.0,0.2857143,0.14285715,0.42857143,0.0,0.14285715,0.0,0.0,0.0,0.0,0.0,0.0,0.0,0.0,0.21428572,0.071428575,0.0,0.0,0.0,0.0,0.0,0.0,0.0,0.0,0.0,0.0,0.0,0.0,0.0,0.0,0.0,0.0,0.0,0.0,0.0,0.0,0.0,0.0,0.0,0.0,0.0,0.0,0.0,0.0,0.0,0.0,0.0,0.0,0.0,0.0,0.0,0.0,0.0,0.0,0.0,0.0,0.0,0.07638415,0.0,0.6363636,0.11785073,14.0,2.7080503,1.8082104,3.9589732,8.571428
NEG::mixture::0012,0,0.0,0.53846157,0.0,0.0,0.30769232,0.15384616,0.42307693,0.0,0.1923077,0.0,0.0,0.30769232,0.0,0.0,0.0,0.0,0.03846154,0.115384616,0.0,0.0,0.0,0.03846154,0.0,0.0,0.0,0.0,0.0,0.0,0.0,0.0,0.0,0.0,0.0,0.0,0.0,0.0,0.0,0.0,0.0,0.0,0.0,0.0,0.0,0.0,0.0,0.0,0.0,0.0,0.0,0.0,0.0,0.0,0.0,0.0,0.0,0.0,0.0,0.0,0.0,0.0,0.3294486,0.0,1.0,0.27343902,26.0,3.295837,1.9440079,3.9533148,8.423077
NEG::mixture::0013,0,0.0,0.0,0.0,0.0,0.42105263,0.21052632,0.47368422,0.42105263,0.36842105,0.0,0.0,0.0,0.0,0.0,0.0,0.0,0.0,0.0,0.0,0.0,0.0,0.15789473,0.0,0.0,0.0,0.0,0.0,0.0,0.2631579,0.0,0.0,0.05263158,0.0,0.0,0.0,0.0,0.0,0.0,0.0,0.0,0.0,0.0,0.0,0.0,0.0,0.0,0.0,0.0,0.0,0.0,0.0,0.0,0.0,0.0,0.0,0.0,0.0,0.0,0.0,0.0,0.11216093,0.0,1.0,0.19948849,19.0,2.9957323,1.9498705,5.1347494,11.052631
NEG::mixture::0014,0,0.0,0.17857143,0.0,0.0,0.39285713,0.035714287,0.17857143,0.0,0.035714287,0.0,0.0,0.0,0.0,0.0,0.0,0.0,0.17857143,0.10714286,0.0,0.0,0.0,0.035714287,0.0,0.0,0.0,0.0,0.0,0.0,0.0,0.0,0.0,0.0,0.0,0.0,0.0,0.0,0.0,0.0,0.0,0.0,0.0,0.0,0.0,0.0,0.0,0.0,0.0,0.0,0.0,0.0,0.0,0.0,0.0,0.0,0.0,0.32142857,0.0,0.0,0.0,0.0,0.054461885,0.0,0.6666667,0.08851432,28.0,3.3672957,1.9187124,2.7448933,6.535714
NEG::mixture::0015,0,0.03448276,0.03448276,0.0,0.0,0.62068963,0.13793103,0.55172414,0.13793103,0.41379312,0.0,0.0,0.0,0.0,0.0,0.06896552,0.0,0.06896552,0.03448276,0.0,0.0,0.0,0.03448276,0.0,0.0,0.0,0.0,0.0,0.0,0.1724138,0.0,0.0,0.0,0.0,0.0,0.0,0.0,0.0,0.0,0.0,0.0,0.0,0.0,0.0,0.0,0.0,0.0,0.0,0.0,0.0,0.0,0.0,0.0,0.0,0.0,0.0,0.0,0.0,0.0,0.0,0.0,0.12894243,0.0,0.625,0.109414816,29.0,3.4011974,1.9939897,6.3982015,10.551724
NEG::mixture::0016,0,0.0,0.22727273,0.0,0.0,0.3181818,0.0,0.27272728,0.13636364,0.36363637,0.0,0.0,0.0,0.27272728,0.0,0.0,0.0,0.045454547,0.0,0.0,0.0,0.045454547,0.0,0.0,0.0,0.0,0.0,0.0,0.0,0.0,0.0,0.0,0.0,0.0,0.0,0.0,0.0,0.0,0.0,0.0,0.0,0.0,0.0,0.0,0.0,0.0,0.0,0.0,0.0,0.0,0.0,0.0,0.0,0.0,0.0,0.0,0.0,0.0,0.0,0.0,0.0,0.06741896,0.0,0.6666667,0.13044055,22.0,3.1354942,1.9054849,2.8919952,8.0
NEG::mixture::0017,0,0.5714286,0.0,0.0,0.020408163,0.08163265,0.3469388,0.06122449,0.020408163,0.020408163,0.0,0.26530612,0.0,0.0,0.0,0.0,0.0,0.0,0.0,0.0,0.0,0.0,0.0,0.0,0.0,0.0,0.0,0.0,0.0,0.020408163,0.0,0.0,0.0,0.0,0.0,0.0,0.0,0.0,0.0,0.0,0.0,0.0,0.0,0.020408163,0.0,0.0,0.0,0.0,0.0,0.0,0.0,0.0,0.0,0.0,0.0,0.0,0.0,0.0,0.0,0.0,0.0,0.18122773,0.04347826,1.0,0.16812576,49.0,3.912023,1.6249001,3.7132764,8.387755
NEG::mixture::0018,0,0.0,0.0,0.0,0.0,1.0,0.0,0.27272728,0.0,0.18181819,0.0,0.0,0.0,0.0,0.0,0.0,0.0,0.0,0.0,0.0,0.0,0.0,0.0,0.0,0.0,0.0,0.0,0.0,0.0,0.0,0.0,0.0,0.0,0.0,0.0,0.0,0.0,0.0,0.0,0.0,0.0,0.0,0.0,0.0,0.0,0.0,0.0,0.0,0.0,0.0,0.0,0.0,0.0,0.0,0.0,0.0,0.0,0.0,0.0,0.27272728,0.0,0.1840042,0.055555556,1.0,0.19856635,11.0,2.4849067,1.1362915,2.2342193,7.090909
NEG::mixture::0019,0,0.0,0.0,0.0,0.0,0.6666667,0.16666667,0.16666667,0.0,0.0,0.0,0.0,0.0,0.0,0.0,0.0,0.0,0.16666667,0.16666667,0.0,0.0,0.0,0.0,0.0,0.0,0.0,0.0,0.0,0.0,0.0,0.0,0.0,0.0,0.0,0.0,0.0,0.0,0.0,0.0,0.0,0.0,0.0,0.0,0.0,0.0,0.0,0.0,0.0,0.0,0.0,0.0,0.0,0.0,0.0,0.0,0.0,0.0,0.0,0.0,0.0,0.0,0.15144782,0.0,0.6666667,0.21855925,6.0,1.9459101,1.3862952,3.0776975,4.8333335
NEG::mixture::0020,0,0.0,0.0,0.0,0.0,0.875,0.125,0.3125,0.0,0.3125,0.0,0.0,0.0,0.0,0.0,0.0,0.0,0.0,0.0,0.0,0.0,0.0,0.03125,0.0,0.0,0.0,0.0,0.0,0.0,0.0,0.0,0.0,0.0,0.0,0.0,0.0,0.0,0.0625,0.0,0.0,0.03125,0.0,0.0,0.0,0.0,0.0,0.0,0.0,0.0,0.0,0.0,0.0,0.0,0.0,0.0,0.0,0.0,0.0,0.0,0.125,0.0,0.120505944,0.0,1.0,0.13287434,32.0,3.4965076,1.5638438,3.720194,8.3125
NEG::mixture::0021,0,0.0,0.0,0.0,0.0,0.72727275,0.09090909,0.09090909,0.09090909,0.27272728,0.0,0.0,0.0,0.0,0.0,0.0,0.0,0.09090909,0.0,0.0,0.0,0.0,0.09090909,0.0,0.0,0.0,0.0,0.0,0.0,0.0,0.0,0.09090909,0.0,0.0,0.0,0.0,0.0,0.0,0.0,0.0,0.0,0.0,0.0,0.0,0.0,0.0,0.0,0.0,0.0,0.0,0.0,0.0,0.0,0.0,0.0,0.0,0.0,0.0,0.0,0.0,0.0,0.13670862,0.0,1.0,0.19483915,11.0,2.4849067,1.6607805,7.413412,9.363636
NEG::mixture::0022,0,0.0,0.0,0.0,0.0,0.58,0.16,0.68,0.12,0.54,0.0,0.0,0.0,0.0,0.0,0.04,0.0,0.04,0.02,0.0,0.0,0.02,0.0,0.0,0.0,0.0,0.0,0.0,0.0,0.24,0.0,0.0,0.02,0.0,0.0,0.0,0.0,0.02,0.0,0.0,0.0,0.0,0.0,0.0,0.0,0.0,0.0,0.0,0.0,0.0,0.0,0.02,0.0,0.0,0.0,0.0,0.0,0.0,0.0,0.0,0.0,0.078646146,0.0,0.6666667,0.09435826,50.0,3.9318256,1.8962102,6.0253134,10.66
NEG::mixture::0023,0,0.0,0.05,0.0,0.0,0.2,0.05,0.45,0.0,0.45,0.0,0.0,0.0,0.0,0.0,0.0,0.0,0.05,0.05,0.0,0.0,0.05,0.05,0.0,0.0,0.0,0.0,0.0,0.0,0.0,0.0,0.0,0.0,0.0,0.0,0.0,0.0,0.0,0.0,0.15,0.0,0.0,0.0,0.0,0.0,0.0,0.0,0.15,0.0,0.0,0.0,0.0,0.0,0.05,0.0,0.0,0.0,0.0,0.0,0.0,0.0,0.17473452,0.0,0.8,0.20365216,20.0,3.0445225,2.0785801,4.0899267,8.85
NEG::mixture::0024,0,0.0,0.0,0.0,0.0,0.5714286,0.14285715,0.5714286,0.0,0.2857143,0.0,0.0,0.0,0.0,0.0,0.0,0.0,0.0,0.0,0.0,0.0,0.0,0.0,0.0,0.0,0.0,0.0,0.0,0.0,0.0,0.0,0.0,0.0,0.0,0.0,0.0,0.0,0.0,0.0,0.0,0.0,0.0,0.0,0.0,0.0,0.0,0.0,0.0,0.0,0.0,0.0,0.0,0.0,0.0,0.0,0.0,0.0,0.0,0.0,0.0,0.0,0.103878215,0.0,0.6666667,0.14306208,7.0,2.0794415,1.2636552,4.8906407,7.285714
NEG::mixture::0025,0,0.0,0.06451613,0.0,0.0,0.4516129,0.16129032,0.32258064,0.19354838,0.32258064,0.0,0.0,0.0,0.0,0.0,0.0,0.0,0.032258064,0.032258064,0.0,0.0,0.032258064,0.0,0.0,0.0,0.0,0.0,0.0,0.0,0.61290324,0.0,0.0,0.032258064,0.0,0.0,0.0,0.0,0.032258064,0.0,0.0,0.0,0.0,0.0,0.0,0.06451613,0.0,0.0,0.0,0.0,0.0,0.0,0.032258064,0.0,0.0,0.0,0.0,0.0,0.0,0.0,0.0,0.0,0.098224156,0.0,0.6,0.10786549,31.0,3.465736,2.1349685,5.0015607,10.129032
NEG::mixture::0026,0,0.0,0.075,0.0,0.0,0.625,0.25,0.3,0.0875,0.4625,0.0,0.0,0.0,0.0,0.0,0.025,0.0,0.0125,0.0,0.0,0.0,0.025,0.0375,0.025,0.0125,0.0,0.0,0.0,0.0,0.1,0.0,0.0,0.0,0.0,0.0125,0.0,0.0,0.05,0.0,0.0,0.0125,0.0,0.0,0.0,0.0,0.0,0.0,0.0,0.0,0.0,0.0,0.0,0.0,0.0,0.0,0.0,0.0,0.0,0.0,0.0,0.0,0.074812725,0.0,0.41666666,0.07445249,80.0,4.394449,2.056524,5.9239845,10.8625
NEG::mixture::0027,0,0.0,0.85,0.0,0.0,0.075,0.1,0.0,0.85,0.05,0.65,0.0,0.0,0.0,0.0,0.0,0.0,0.05,0.0,0.1,0.05,0.0,0.0,0.0,0.0,0.0,0.0,0.0,0.0,0.0,0.0,0.0,0.0,0.0,0.0,0.0,0.0,0.0,0.0,0.0,0.0,0.0,0.0,0.0,0.0,0.0,0.0,0.0,0.0,0.0,0.0,0.0,0.0,0.0,0.0,0.0,0.0,0.0,0.0,0.0,0.0,0.22435813,0.0,1.0,0.22906177,40.0,3.713572,1.6190071,5.084228,10.275
NEG::mixture::0028,0,0.1923077,0.15384616,0.15384616,0.26923078,0.03846154,0.65384614,0.3846154,0.23076923,0.1923077,0.0,0.0,0.0,0.07692308,0.115384616,0.1923077,0.15384616,0.0,0.03846154,0.0,0.0,0.0,0.0,0.07692308,0.03846154,0.115384616,0.0,0.0,0.0,0.0,0.0,0.0,0.0,0.03846154,0.0,0.0,0.0,0.0,0.07692308,0.0,0.0,0.0,0.0,0.0,0.0,0.115384616,0.03846154,0.0,0.0,0.0,0.0,0.0,0.0,0.0,0.0,0.0,0.0,0.0,0.0,0.0,0.0,0.094618894,0.0,1.0,0.1536988,26.0,3.295837,2.7373347,10.4110775,14.384615
NEG::mixture::0029,0,0.0,0.0,0.0,0.0,0.46153846,0.0,0.30769232,0.0,0.15384616,0.0,0.0,0.0,0.0,0.0,0.0,0.0,0.30769232,0.15384616,0.0,0.0,0.0,0.07692308,0.0,0.0,0.0,0.0,0.0,0.0,0.0,0.0,0.0,0.0,0.0,0.0,0.0,0.0,0.0,0.0,0.0,0.0,0.0,0.0,0.0,0.0,0.0,0.0,0.0,0.0,0.0,0.0,0.0,0.0,0.0,0.0,0.0,0.0,0.0,0.0,0.0,0.0,0.089552544,0.0,0.6,0.1500586,13.0,2.6390574,1.6489923,2.9311628,6.1538463
NEG::mixture::0030,0,0.0,0.12,0.0,0.0,0.28,0.08,0.24,0.08,0.16,0.0,0.0,0.0,0.16,0.0,0.0,0.0,0.16,0.12,0.0,0.0,0.0,0.0,0.0,0.0,0.0,0.0,0.0,0.0,0.0,0.0,0.0,0.0,0.0,0.08,0.0,0.0,0.0,0.0,0.0,0.0,0.0,0.0,0.0,0.0,0.0,0.0,0.0,0.0,0.0,0.0,0.0,0.0,0.0,0.0,0.0,0.0,0.0,0.0,0.0,0.0,0.09577832,0.0,0.8888889,0.17123981,25.0,3.2580965,2.2120533,5.974077,8.52
NEG::mixture::0031,0,0.0,0.375,0.0,0.0,0.125,0.125,0.5,0.0,0.0,0.0,0.0,0.0,0.125,0.0,0.0,0.0,0.25,0.125,0.0,0.0,0.0,0.0,0.0,0.0,0.0,0.0,0.0,0.0,0.0,0.0,0.0,0.0,0.0,0.0,0.125,0.0,0.0,0.0,0.0,0.0,0.0,0.0,0.0,0.0,0.0,0.0,0.0,0.0,0.0,0.0,0.0,0.0,0.0,0.0,0.125,0.0,0.0,0.0,0.0,0.0,0.08749324,0.0,1.0,0.20739049,8.0,2.1972246,2.02623,6.854515,5.375
NEG::mixture::0032,0,0.0,0.30769232,0.07692308,0.0,0.0,0.3846154,0.61538464,0.07692308,0.07692308,0.0,0.0,0.0,0.0,0.15384616,0.15384616,0.15384616,0.07692308,0.0,0.0,0.07692308,0.0,0.07692308,0.0,0.0,0.0,0.0,0.0,0.0,0.0,0.0,0.0,0.0,0.0,0.0,0.0,0.0,0.0,0.0,0.0,0.0,0.0,0.0,0.0,0.0,0.0,0.0,0.0,0.0,0.0,0.0,0.0,0.0,0.0,0.0,0.0,0.0,0.0,0.0,0.0,0.0,0.17016341,0.0,0.8,0.17529295,13.0,2.6390574,2.1815453,8.434221,9.307693
NEG::mixture::0033,0,0.0,0.0,0.0,0.0,0.7307692,0.115384616,0.115384616,0.03846154,0.07692308,0.0,0.0,0.0,0.0,0.0,0.0,0.0,0.115384616,0.03846154,0.0,0.0,0.0,0.0,0.0,0.0,0.0,0.0,0.0,0.0,0.0,0.0,0.0,0.0,0.0,0.0,0.0,0.0,0.0,0.0,0.0,0.0,0.0,0.0,0.0,0.0,0.0,0.0,0.0,0.0,0.0,0.0,0.0,0.0,0.0,0.0,0.03846154,0.0,0.0,0.0,0.0,0.0,0.10365648,0.0,0.6,0.10196809,26.0,3.295837,1.459595,4.314555,7.0
NEG::mixture::0034,0,0.0,0.24444444,0.0,0.0,0.18888889,0.4,0.43333334,0.11111111,0.34444445,0.0,0.0,0.0,0.0,0.0,0.0,0.0,0.011111111,0.033333335,0.022222223,0.0,0.044444446,0.011111111,0.011111111,0.0,0.0,0.0,0.0,0.0,0.011111111,0.0,0.0,0.0,0.0,0.0,0.0,0.0,0.0,0.0,0.0,0.0,0.011111111,0.0,0.0,0.0,0.0,0.011111111,0.033333335,0.0,0.0,0.0,0.0,0.0,0.0,0.0,0.0,0.0,0.0,0.011111111,0.0,0.0,0.05544142,0.0,0.6666667,0.099487565,90.0,4.5108595,2.1070113,4.631894,9.366667
NEG::mixture::0035,0,0.0,0.0,0.0,0.0,0.6,0.4,0.6,0.0,0.7,0.0,0.0,0.0,0.0,0.0,0.0,0.0,0.0,0.0,0.0,0.0,0.0,0.0,0.0,0.0,0.0,0.0,0.0,0.0,0.5,0.0,0.0,0.0,0.0,0.0,0.0,0.0,0.0,0.0,0.0,0.0,0.0,0.0,0.0,0.0,0.0,0.0,0.0,0.0,0.0,0.0,0.0,0.0,0.0,0.0,0.0,0.0,0.0,0.0,0.0,0.0,0.2342668,0.0,0.8333333,0.23557845,10.0,2.3978953,1.5923887,3.0347981,7.7
NEG::mixture::0036,0,0.0,0.0,0.0,0.0,0.33333334,0.055555556,0.44444445,0.22222222,0.055555556,0.0,0.0,0.0,0.0,0.0,0.0,0.0,0.0,0.055555556,0.0,0.0,0.0,0.055555556,0.0,0.0,0.0,0.0,0.0,0.0,0.0,0.0,0.0,0.0,0.0,0.0,0.0,0.0,0.0,0.0,0.0,0.0,0.0,0.0,0.0,0.0,0.0,0.0,0.0,0.0,0.0,0.0,0.0,0.0,0.0,0.0,0.0,0.0,0.0,0.0,0.0,0.0,0.07220768,0.0,0.75,0.14019772,18.0,2.944439,1.5941676,4.5215535,8.333333
NEG::mixture::0037,0,0.0,0.5,0.0,0.0,0.5,0.16666667,0.0,0.0,0.16666667,0.0,0.0,0.0,0.0,0.0,0.0,0.0,0.0,0.16666667,0.5,0.0,0.0,0.0,0.0,0.0,0.0,0.0,0.0,0.0,0.0,0.0,0.0,0.0,0.0,0.0,0.0,0.0,0.0,0.0,0.0,0.0,0.0,0.0,0.0,0.0,0.0,0.0,0.0,0.0,0.0,0.0,0.0,0.0,0.0,0.0,0.0,0.0,0.0,0.0,0.0,0.0,0.12608089,0.0,0.7,0.18235567,6.0,1.9459101,1.660948,2.8722813,11.5
NEG::mixture::0038,0,0.0,0.2,0.0,0.0,0.8,0.1,0.1,0.0,0.0,0.0,0.0,0.0,0.0,0.0,0.0,0.0,0.0,0.0,0.2,0.0,0.0,0.0,0.0,0.0,0.0,0.0,0.0,0.0,0.0,0.0,0.0,0.0,0.0,0.0,0.0,0.0,0.0,0.0,0.0,0.0,0.0,0.0,0.0,0.0,0.0,0.0,0.0,0.0,0.0,0.0,0.0,0.0,0.0,0.0,0.0,0.0,0.0,0.0,0.0,0.0,0.11873926,0.0,1.0,0.17594777,10.0,2.3978953,1.2527637,2.7,6.1
NEG::mixture::0039,0,0.0,0.18421052,0.0,0.0,0.27192983,0.39473686,0.34210527,0.114035085,0.25438598,0.0,0.00877193,0.0,0.0,0.00877193,0.00877193,0.00877193,0.04385965,0.02631579,0.0,0.0,0.04385965,0.01754386,0.21052632,0.04385965,0.0,0.0,0.0,0.0,0.04385965,0.0,0.0,0.0,0.0,0.0,0.0,0.0,0.0,0.0,0.0,0.0,0.00877193,0.0,0.0,0.00877193,0.0,0.0,0.0,0.0,0.0,0.0,0.0,0.0,0.0,0.0,0.0,0.0,0.0,0.0,0.0,0.0,0.07365383,0.0,0.8181818,0.113695666,114.0,4.744932,2.3235393,5.768516,8.929825
NEG::mixture::0040,0,0.033333335,0.0,0.0,0.0,0.33333334,0.23333333,0.3,0.3,0.46666667,0.0,0.0,0.0,0.0,0.0,0.0,0.0,0.0,0.0,0.0,0.0,0.0,0.033333335,0.0,0.0,0.0,0.0,0.0,0.0,0.0,0.0,0.0,0.0,0.0,0.0,0.0,0.0,0.0,0.0,0.0,0.0,0.0,0.0,0.0,0.0,0.0,0.0,0.0,0.0,0.0,0.0,0.0,0.0,0.0,0.0,0.0,0.0,0.0,0.0,0.0,0.0,0.08936115,0.0,0.8333333,0.17487131,30.0,3.4339871,1.7133151,3.9895697,9.5
NEG::mixture::0041,0,0.0,0.0,0.0,0.0,0.6111111,0.11111111,0.33333334,0.0,0.5,0.0,0.0,0.0,0.0,0.0,0.0,0.055555556,0.055555556,0.0,0.0,0.0,0.0,0.0,0.0,0.0,0.0,0.0,0.0,0.0,0.0,0.0,0.0,0.0,0.0,0.0,0.0,0.0,0.0,0.0,0.0,0.0,0.0,0.0,0.0,0.0,0.0,0.0,0.0,0.0,0.0,0.0,0.0,0.0,0.0,0.0,0.0,0.0,0.0,0.0,0.0,0.0,0.12514687,0.0,0.71428573,0.13013455,18.0,2.944439,1.4582407,4.070748,8.388889
NEG::mixture::0042,0,0.0,0.0,0.0,0.0,0.7692308,0.30769232,0.46153846,0.0,0.3846154,0.0,0.0,0.0,0.0,0.0,0.0,0.0,0.0,0.0,0.0,0.0,0.0,0.23076923,0.0,0.0,0.0,0.0,0.0,0.0,0.0,0.0,0.0,0.0,0.0,0.0,0.0,0.0,0.0,0.0,0.0,0.0,0.0,0.0,0.0,0.0,0.0,0.0,0.0,0.0,0.0,0.0,0.0,0.0,0.0,0.0,0.0,0.0,0.0,0.0,0.0,0.0,0.14132965,0.0,0.8,0.16395123,13.0,2.6390574,1.5227547,3.0769231,10.615385
NEG::mixture::0043,0,0.0,0.0,0.0,0.0,0.15789473,0.15789473,0.7894737,0.0,0.05263158,0.0,0.0,0.0,0.0,0.0,0.0,0.0,0.15789473,0.0,0.0,0.0,0.0,0.0,0.0,0.0,0.0,0.0,0.0,0.0,0.0,0.05263158,0.0,0.0,0.0,0.0,0.10526316,0.0,0.0,0.0,0.0,0.0,0.0,0.0,0.0,0.0,0.0,0.0,0.0,0.0,0.0,0.0,0.0,0.0,0.0,0.0,0.0,0.0,0.0,0.0,0.0,0.0,0.12660785,0.0,1.0,0.17557324,19.0,2.9957323,1.4788282,3.6304345,6.368421
NEG::mixture::0044,0,0.0,0.23529412,0.0,0.0,0.29411766,0.4117647,0.5882353,0.0,0.11764706,0.0,0.0,0.0,0.0,0.0,0.0,0.0,0.0,0.0,0.0,0.05882353,0.0,0.0,0.0,0.0,0.0,0.0,0.0,0.0,0.0,0.0,0.0,0.0,0.0,0.0,0.0,0.0,0.0,0.0,0.0,0.0,0.0,0.0,0.0,0.0,0.0,0.0,0.0,0.0,0.0,0.0,0.0,0.0,0.0,0.0,0.0,0.0,0.0,0.0,0.0,0.0,0.13902123,0.0,1.0,0.23784477,17.0,2.8903718,1.5870936,4.1310706,8.411765
NEG::mixture::0045,0,0.0,0.0,0.0,0.0,0.6,0.06666667,0.33333334,0.0,0.33333334,0.0,0.0,0.0,0.0,0.0,0.0,0.0,0.13333334,0.06666667,0.0,0.0,0.06666667,0.0,0.0,0.0,0.0,0.0,0.0,0.0,0.0,0.0,0.0,0.0,0.0,0.0,0.0,0.0,0.0,0.0,0.0,0.0,0.0,0.0,0.0,0.0,0.0,0.0,0.0,0.0,0.0,0.0,0.0,0.0,0.0,0.0,0.0,0.0,0.0,0.0,0.0,0.0,0.11044665,0.0,1.0,0.14698827,15.0,2.7725887,1.6257339,2.9858928,6.866667
NEG::mixture::0046,0,0.0,0.0,0.0,0.0,0.22222222,0.11111111,0.44444445,0.44444445,0.11111111,0.0,0.0,0.0,0.0,0.0,0.0,0.0,0.33333334,0.22222222,0.0,0.0,0.0,0.11111111,0.0,0.0,0.0,0.0,0.0,0.0,0.0,0.0,0.0,0.0,0.0,0.0,0.0,0.0,0.0,0.0,0.0,0.0,0.0,0.0,0.0,0.0,0.0,0.0,0.0,0.0,0.0,0.0,0.0,0.0,0.0,0.0,0.0,0.0,0.0,0.0,0.0,0.0,0.1454553,0.0,1.0,0.25634834,9.0,2.3025851,1.9371067,4.3829074,8.111111
NEG::mixture::0047,0,0.0,0.050847456,0.0,0.0,0.6101695,0.118644066,0.2542373,0.06779661,0.37288135,0.0,0.0,0.0,0.0,0.0,0.0,0.0,0.0,0.016949153,0.06779661,0.0,0.0,0.0,0.0,0.0,0.0,0.0,0.0,0.0,0.0,0.0,0.0,0.0,0.016949153,0.0,0.016949153,0.0,0.0,0.0,0.0,0.0,0.0,0.0,0.0,0.0,0.0,0.016949153,0.0,0.0,0.0,0.0,0.0,0.0,0.0,0.0,0.0,0.0,0.0,0.0,0.0,0.0,0.107606,0.0,1.0,0.14587256,59.0,4.0943446,1.7576888,3.3752227,9.220339
NEG::mixture::0048,0,0.0,0.0,0.0,0.0,0.875,0.125,0.4375,0.0625,0.5625,0.0,0.0,0.0,0.0,0.0,0.0,0.0625,0.0625,0.0,0.0,0.0,0.0,0.0,0.0,0.0,0.0,0.0,0.0,0.0,0.0,0.0,0.0,0.0,0.0,0.0,0.0,0.0,0.0625,0.0,0.0,0.0,0.0,0.0,0.0,0.0,0.0,0.0,0.0,0.0,0.0,0.0,0.0,0.0,0.0,0.0,0.0,0.0,0.0,0.0,0.0,0.0,0.15557948,0.0,0.9,0.14981782,16.0,2.8332133,1.5910336,4.84768,9.5
NEG::mixture::0049,0,0.0,0.0,0.0,0.0,0.6,0.4,0.5,0.0,0.4,0.0,0.0,0.0,0.0,0.0,0.0,0.0,0.0,0.0,0.0,0.0,0.0,0.0,0.0,0.0,0.0,0.0,0.0,0.0,0.2,0.0,0.0,0.0,0.0,0.0,0.0,0.0,0.0,0.0,0.0,0.0,0.0,0.0,0.0,0.0,0.0,0.0,0.0,0.0,0.0,0.0,0.0,0.0,0.0,0.0,0.0,0.0,0.0,0.0,0.0,0.0,0.21083464,0.0,0.8888889,0.26729855,10.0,2.3978953,1.555266,2.6,7.8
NEG::mixture::0050,0,0.0,0.3,0.0,0.0,0.1,0.0,0.1,0.6,0.0,0.0,0.0,0.0,0.0,0.0,0.0,0.0,0.3,0.2,0.0,0.0,0.0,0.1,0.0,0.0,0.0,0.0,0.0,0.0,0.0,0.0,0.0,0.0,0.0,0.0,0.0,0.0,0.0,0.0,0.0,0.0,0.0,0.0,0.0,0.0,0.0,0.0,0.0,0.0,0.0,0.0,0.0,0.0,0.0,0.0,0.0,0.0,0.0,0.0,0.0,0.0,0.15171471,0.0,1.0,0.24691023,10.0,2.3978953,1.731536,2.758623,7.3
NEG::mixture::0051,0,0.0,0.2857143,0.0,0.0,0.5714286,0.14285715,0.14285715,0.14285715,0.2857143,0.0,0.0,0.0,0.0,0.0,0.0,0.0,0.0,0.14285715,0.2857143,0.0,0.0,0.0,0.0,0.0,0.0,0.0,0.0,0.0,0.0,0.0,0.0,0.0,0.0,0.0,0.0,0.0,0.0,0.0,0.0,0.0,0.0,0.0,0.0,0.0,0.0,0.0,0.0,0.0,0.0,0.0,0.0,0.0,0.0,0.0,0.0,0.0,0.0,0.0,0.0,0.0,0.075474806,0.0,0.36363637,0.1094981,7.0,2.0794415,1.9459107,6.174338,9.857142
NEG::mixture::0052,0,0.0,0.09090909,0.0,0.0,0.54545456,0.045454547,0.09090909,0.09090909,0.18181819,0.0,0.0,0.0,0.0,0.0,0.0,0.0,0.045454547,0.09090909,0.0,0.0,0.0,0.0,0.0,0.0,0.0,0.0,0.0,0.0,0.0,0.0,0.0,0.0,0.0,0.0,0.0,0.0,0.0,0.0,0.0,0.0,0.0,0.0,0.0,0.0,0.0,0.0,0.0,0.0,0.0,0.0,0.0,0.0,0.0,0.0,0.0,0.0,0.0,0.0,0.0,0.0,0.09244948,0.0,0.625,0.12880881,22.0,3.1354942,1.6846653,3.548076,6.9545455
NEG::mixture::0053,0,0.0,0.11111111,0.0,0.0,0.6666667,0.11111111,0.5555556,0.0,0.33333334,0.0,0.0,0.0,0.0,0.0,0.0,0.0,0.0,0.0,0.11111111,0.0,0.0,0.0,0.0,0.0,0.0,0.0,0.0,0.0,0.0,0.0,0.0,0.0,0.0,0.0,0.0,0.0,0.11111111,0.0,0.0,0.0,0.0,0.0,0.0,0.0,0.0,0.0,0.0,0.0,0.0,0.0,0.0,0.0,0.0,0.0,0.0,0.0,0.0,0.0,0.0,0.0,0.15033676,0.0,0.75,0.19268651,9.0,2.3025851,1.662951,6.1101007,9.333333
NEG::mixture::0054,0,0.0,0.04,0.0,0.0,0.68,0.28,0.44,0.08,0.52,0.0,0.0,0.0,0.0,0.0,0.0,0.0,0.04,0.0,0.0,0.0,0.0,0.0,0.0,0.0,0.0,0.0,0.0,0.0,0.0,0.0,0.0,0.0,0.0,0.0,0.0,0.0,0.0,0.0,0.0,0.0,0.0,0.0,0.0,0.0,0.0,0.0,0.0,0.0,0.0,0.0,0.0,0.0,0.0,0.0,0.0,0.0,0.0,0.0,0.0,0.0,0.19434437,0.0,1.0,0.25086766,25.0,3.2580965,1.587908,3.9698865,11.8
NEG::mixture::0055,0,0.0,0.0,0.0,0.0,0.5555556,0.0,0.33333334,0.11111111,0.44444445,0.0,0.0,0.0,0.0,0.0,0.0,0.0,0.22222222,0.0,0.0,0.0,0.0,0.0,0.0,0.0,0.0,0.0,0.0,0.0,0.0,0.0,0.0,0.0,0.0,0.0,0.0,0.0,0.0,0.0,0.0,0.0,0.0,0.0,0.0,0.0,0.0,0.0,0.0,0.0,0.0,0.0,0.0,0.0,0.0,0.0,0.0,0.0,0.0,0.0,0.0,0.0,0.095617,0.0,0.6,0.13312818,9.0,2.3025851,1.489751,2.2662308,5.4444447
NEG::mixture::0056,0,0.0,0.3125,0.0,0.0,0.375,0.0,0.25,0.0,0.375,0.0,0.0,0.0,0.0,0.0,0.0,0.0,0.0,0.0625,0.0,0.0,0.0625,0.0625,0.0,0.0,0.0,0.0,0.0,0.0,0.0,0.0,0.0,0.0,0.0,0.0,0.0,0.0,0.0625,0.0,0.0,0.0,0.0625,0.0,0.0,0.0,0.0,0.0,0.0,0.0,0.0,0.0,0.0,0.0,0.0,0.0,0.0,0.0,0.0,0.0,0.0,0.0,0.10365205,0.0,0.71428573,0.16905652,16.0,2.8332133,1.908348,5.2440443,8.5
NEG::mixture::0057,0,0.0,0.1923077,0.0,0.0,0.5192308,0.09615385,0.30769232,0.07692308,0.30769232,0.0,0.0,0.09615385,0.01923077,0.0,0.0,0.0,0.01923077,0.0,0.0,0.01923077,0.01923077,0.0,0.0,0.0,0.0,0.0,0.0,0.0,0.0,0.0,0.0,0.0,0.0,0.0,0.0,0.0,0.01923077,0.0,0.0,0.0,0.0,0.0,0.01923077,0.0,0.0,0.0,0.0,0.0,0.0,0.0,0.0,0.0,0.0,0.0,0.0,0.0,0.0,0.0,0.0,0.0,0.072489075,0.0,0.7368421,0.13467345,52.0,3.9702919,1.990032,4.981178,10.730769
NEG::mixture::0058,0,0.0,0.4864865,0.0,0.0,0.4864865,0.24324325,0.1891892,0.13513513,0.1891892,0.0,0.0,0.0,0.0,0.0,0.0,0.0,0.0,0.0,0.0,0.0,0.0,0.0,0.0,0.0,0.0,0.0,0.0,0.0,0.0,0.0,0.0,0.0,0.0,0.0,0.0,0.0,0.0,0.0,0.0,0.0,0.0,0.0,0.0,0.0,0.0,0.0,0.054054055,0.0,0.0,0.0,0.0,0.0,0.0,0.0,0.0,0.0,0.0,0.0,0.0,0.0,0.09414731,0.0,1.0,0.14658469,37.0,3.637586,1.757767,3.2382846,8.0
NEG::mixture::0059,0,0.0,0.0,0.0,0.0,0.47368422,0.0,0.0,0.0,0.21052632,0.0,0.0,0.0,0.0,0.0,0.0,0.0,0.05263158,0.0,0.0,0.0,0.0,0.0,0.0,0.0,0.0,0.0,0.0,0.0,0.5263158,0.0,0.0,0.0,0.0,0.0,0.0,0.0,0.0,0.0,0.0,0.05263158,0.0,0.0,0.0,0.05263158,0.0,0.0,0.0,0.0,0.0,0.0,0.0,0.0,0.0,0.0,0.0,0.0,0.0,0.0,0.0,0.0,0.16014859,0.0,1.0,0.23994958,19.0,2.9957323,1.398634,3.032602,7.4736843
NEG::mixture::0060,0,0.0,0.77272725,0.0,0.0,0.3409091,0.20454545,0.06818182,0.84090906,0.20454545,0.5681818,0.0,0.0,0.0,0.0,0.0,0.0,0.0,0.0,0.0,0.045454547,0.0,0.0,0.0,0.0,0.0,0.0,0.0,0.0,0.0,0.0,0.022727273,0.0,0.0,0.0,0.0,0.0,0.0,0.0,0.0,0.0,0.0,0.0,0.0,0.0,0.0,0.0,0.0,0.0,0.0,0.022727273,0.0,0.0,0.0,0.0,0.0,0.0,0.0,0.0,0.0,0.0,0.29431662,0.0,0.8,0.18737918,44.0,3.8066626,1.8330593,6.3187947,10.568182
NEG::mixture::0061,0,0.0,0.42857143,0.0,0.0,0.2857143,0.0,0.42857143,0.0,0.2857143,0.0,0.0,0.0,0.0,0.0,0.0,0.0,0.14285715,0.0,0.42857143,0.0,0.0,0.0,0.0,0.0,0.0,0.0,0.0,0.0,0.0,0.0,0.0,0.0,0.0,0.0,0.0,0.0,0.0,0.0,0.0,0.0,0.0,0.0,0.0,0.0,0.0,0.0,0.0,0.0,0.0,0.0,0.0,0.0,0.0,0.0,0.0,0.0,0.0,0.0,0.0,0.0,0.12767497,0.0,0.5555556,0.1974518,7.0,2.0794415,1.734765,3.070598,7.0
NEG::mixture::0062,0,0.0,0.0,0.0,0.0,0.6,0.3,0.2,0.0,0.2,0.0,0.0,0.0,0.4,0.0,0.0,0.0,0.0,0.0,0.0,0.0,0.0,0.0,0.0,0.0,0.0,0.0,0.0,0.0,0.0,0.0,0.0,0.0,0.0,0.0,0.0,0.0,0.0,0.0,0.0,0.0,0.0,0.0,0.0,0.0,0.0,0.0,0.0,0.0,0.0,0.0,0.0,0.0,0.0,0.0,0.0,0.0,0.0,0.0,0.0,0.0,0.19197078,0.0,0.9,0.2403916,10.0,2.3978953,1.5176752,1.6124516,8.0
NEG::mixture::0063,0,0.0,0.014285714,0.0,0.0,0.54285717,0.24285714,0.6,0.071428575,0.47142857,0.0,0.0,0.0,0.0,0.0,0.0,0.0,0.0,0.028571429,0.0,0.0,0.028571429,0.057142857,0.0,0.0,0.0,0.0,0.0,0.0,0.0,0.0,0.0,0.0,0.0,0.0,0.0,0.0,0.014285714,0.0,0.0,0.0,0.0,0.0,0.014285714,0.0,0.0,0.0,0.0,0.0,0.0,0.0,0.0,0.0,0.0,0.0,0.0,0.0,0.0,0.0,0.0,0.0,0.12406044,0.0,0.75,0.13369381,70.0,4.26268,1.7293282,4.455311,9.514286
NEG::mixture::0064,0,0.0,0.0,0.0,0.0,0.78571427,0.071428575,0.2857143,0.14285715,0.2857143,0.0,0.0,0.0,0.0,0.0,0.0,0.0,0.0,0.0,0.0,0.0,0.0,0.071428575,0.0,0.0,0.0,0.0,0.0,0.0,0.0,0.0,0.0,0.0,0.0,0.0,0.0,0.0,0.0,0.0,0.0,0.0,0.0,0.0,0.0,0.0,0.0,0.0,0.0,0.0,0.0,0.0,0.0,0.0,0.0,0.0,0.0,0.0,0.0,0.0,0.0,0.0,0.12130187,0.0,1.0,0.17200163,14.0,2.7080503,1.4462124,4.18269,7.928571
NEG::mixture::0065,0,0.0,0.84615386,0.0,0.0,1.0,0.46153846,0.0,0.0,0.23076923,0.0,0.0,0.0,0.0,0.0,0.0,0.0,0.0,0.0,0.0,0.0,0.0,0.0,0.0,0.0,0.0,0.0,0.0,0.0,0.0,0.0,0.0,0.0,0.15384616,0.0,0.0,0.0,0.0,0.0,0.0,0.0,0.0,0.0,0.0,0.0,0.15384616,0.0,0.0,0.0,0.0,0.0,0.0,0.0,0.0,0.0,0.0,0.0,0.0,0.0,0.0,0.0,0.3015481,0.027027028,0.875,0.21305622,13.0,2.6390574,1.542265,6.0324564,13.615385
NEG::mixture::0066,0,0.0,0.0625,0.0,0.0,0.5,0.0625,0.0625,0.3125,0.1875,0.0,0.0,0.0,0.0,0.0,0.0,0.0,0.1875,0.125,0.0,0.0,0.0,0.0,0.0,0.0,0.0,0.0,0.0,0.0,0.0,0.0,0.0,0.0,0.0,0.0,0.0,0.0,0.0,0.0,0.0,0.0,0.0,0.0,0.0,0.0,0.0,0.0,0.0,0.0,0.0,0.0,0.0,0.0,0.0,0.0,0.0,0.1875,0.0,0.0,0.0,0.0,0.090278454,0.0,1.0,0.14209762,16.0,2.8332133,1.9641143,2.193741,6.25
NEG::mixture::0067,0,0.0,0.3,0.0,0.0,0.425,0.1,0.125,0.05,0.1,0.0,0.0,0.05,0.05,0.0,0.0,0.0,0.0,0.0,0.0,0.0,0.0,0.075,0.0,0.0,0.0,0.0,0.0,0.0,0.075,0.0,0.0,0.0,0.0,0.0,0.0,0.0,0.0,0.0,0.0,0.0,0.0,0.0,0.0,0.0,0.0,0.0,0.0,0.0,0.0,0.0,0.0,0.0,0.0,0.0,0.0,0.0,0.0,0.0,0.0,0.0,0.06919387,0.0,0.875,0.12105395,40.0,3.713572,1.9913625,4.0117793,8.825
NEG::mixture::0068,0,0.0,0.0,0.0,0.0,1.0,0.27272728,0.36363637,0.0,0.27272728,0.0,0.0,0.0,0.0,0.0,0.0,0.0,0.0,0.0,0.0,0.0,0.0,0.09090909,0.0,0.0,0.0,0.0,0.0,0.0,0.0,0.0,0.0,0.0,0.0,0.0,0.0,0.0,0.0,0.0,0.0,0.0,0.0,0.0,0.0,0.0,0.0,0.0,0.0,0.0,0.0,0.0,0.0,0.0,0.0,0.09090909,0.0,0.0,0.0,0.0,0.0,0.0,0.2294635,0.04347826,0.7777778,0.17227453,11.0,2.4849067,1.4609861,2.3879864,9.454545
NEG::mixture::0069,0,0.0,0.029411765,0.0,0.0,0.38235295,0.1764706,0.2647059,0.11764706,0.5294118,0.0,0.0,0.0,0.0,0.0,0.0,0.0,0.0,0.0,0.0,0.0,0.0,0.029411765,0.0,0.0,0.0,0.0,0.0,0.0,0.0,0.0,0.0,0.0,0.0,0.0,0.0,0.0,0.029411765,0.0,0.0,0.0,0.0,0.0,0.0,0.0,0.0,0.0,0.0,0.0,0.0,0.0,0.0,0.0,0.0,0.0,0.0,0.0,0.0,0.0,0.0,0.0,0.09751491,0.0,0.71428573,0.12119772,34.0,3.5553482,1.6789382,4.504515,9.941176
NEG::mixture::0070,0,0.0,0.0,0.0,0.0,0.41666666,0.083333336,0.41666666,0.33333334,0.41666666,0.0,0.0,0.0,0.0,0.0,0.0,0.0,0.0,0.083333336,0.0,0.0,0.0,0.0,0.0,0.0,0.0,0.0,0.0,0.0,0.0,0.0,0.0,0.0,0.0,0.0,0.0,0.0,0.0,0.0,0.0,0.0,0.0,0.0,0.0,0.0,0.0,0.0,0.0,0.0,0.0,0.0,0.0,0.0,0.0,0.0,0.0,0.0,0.0,0.0,0.0,0.0,0.123324156,0.0,0.84615386,0.19758451,12.0,2.5649493,1.6308686,3.0550504,8.0
NEG::mixture::0071,0,0.0,0.15151516,0.0,0.0,0.21212122,0.030303031,0.121212125,0.0,0.15151516,0.0,0.0,0.0,0.0,0.0,0.0,0.0,0.060606062,0.24242425,0.15151516,0.0,0.0,0.0,0.0,0.0,0.0,0.0,0.0,0.0,0.0,0.0,0.0,0.0,0.0,0.0,0.0,0.0,0.0,0.0,0.0,0.0,0.0,0.0,0.0,0.0,0.0,0.0,0.0,0.0,0.0,0.0,0.0,0.0,0.0,0.0,0.0,0.0,0.0,0.0,0.0,0.0,0.10352793,0.0,0.72727275,0.18045522,33.0,3.5263605,1.9533528,2.871282,7.4242425
NEG::mixture::0072,0,0.0,0.0,0.0,0.0,0.5833333,0.25,0.41666666,0.0,0.5,0.0,0.0,0.0,0.0,0.0,0.0,0.0,0.0,0.0,0.0,0.0,0.0,0.0,0.0,0.0,0.0,0.0,0.0,0.0,0.0,0.0,0.0,0.0,0.0,0.0,0.0,0.0,0.0,0.0,0.0,0.0,0.0,0.0,0.0,0.0,0.0,0.0,0.0,0.0,0.0,0.0,0.0,0.0,0.0,0.0,0.0,0.0,0.0,0.0,0.0,0.0,0.10835681,0.0,0.75,0.12564813,12.0,2.5649493,1.343811,4.2589774,10.166667
NEG::mixture::0073,0,0.0,0.42857143,0.0,0.0,0.2857143,0.0,0.2857143,0.0,0.14285715,0.0,0.0,0.0,0.0,0.0,0.0,0.0,0.0,0.0,0.42857143,0.0,0.0,0.0,0.0,0.0,0.0,0.0,0.0,0.0,0.0,0.0,0.0,0.0,0.0,0.0,0.0,0.0,0.0,0.0,0.0,0.0,0.0,0.0,0.0,0.0,0.0,0.0,0.0,0.0,0.0,0.0,0.0,0.0,0.0,0.0,0.0,0.0,0.0,0.0,0.0,0.0,0.15194805,0.0,0.8,0.27746454,7.0,2.0794415,1.5465994,2.0503857,7.285714
NEG::mixture::0074,0,0.0,0.0,0.0,0.0,0.2857143,0.2857143,0.14285715,0.0,0.14285715,0.0,0.0,0.0,0.0,0.0,0.0,0.0,0.14285715,0.2857143,0.0,0.0,0.0,0.0,0.0,0.0,0.0,0.0,0.0,0.0,0.0,0.0,0.0,0.0,0.0,0.14285715,0.0,0.0,0.0,0.0,0.0,0.0,0.0,0.0,0.0,0.0,0.0,0.0,0.0,0.0,0.0,0.0,0.0,0.0,0.0,0.0,0.0,0.0,0.0,0.0,0.0,0.0,0.08421175,0.0,0.85714287,0.19253352,7.0,2.0794415,1.8866975,6.7551947,9.285714
NEG::mixture::0075,0,0.0,0.35714287,0.0,0.0,0.2857143,0.0,0.35714287,0.0,0.14285715,0.0,0.0,0.0,0.0,0.0,0.0,0.0,0.35714287,0.071428575,0.35714287,0.0,0.0,0.0,0.0,0.0,0.0,0.0,0.0,0.0,0.0,0.0,0.0,0.0,0.0,0.0,0.0,0.0,0.0,0.0,0.0,0.0,0.0,0.0,0.0,0.0,0.0,0.0,0.0,0.0,0.0,0.0,0.0,0.0,0.0,0.0,0.0,0.0,0.0,0.0,0.0,0.0,0.12444926,0.0,0.8333333,0.19935818,14.0,2.7080503,1.84694,2.4629915,5.928571
NEG::mixture::0076,0,0.60714287,0.0,0.0,0.0,0.14285715,0.25,0.14285715,0.0,0.14285715,0.0,0.10714286,0.0,0.0,0.0,0.0,0.0,0.0,0.0,0.0,0.0,0.0,0.0,0.0,0.0,0.0,0.0,0.0,0.0,0.0,0.0,0.0,0.0,0.0,0.0,0.0,0.0,0.035714287,0.0,0.0,0.0,0.0,0.0,0.0,0.0,0.0,0.0,0.0,0.0,0.0,0.0,0.0,0.0,0.0,0.0,0.0,0.0,0.0,0.0,0.0,0.0,0.27619302,0.033333335,0.71428573,0.1549688,28.0,3.3672957,1.645946,4.2286377,8.607142
NEG::mixture::0077,0,0.0,0.0,0.0,0.027777778,0.33333334,0.0,0.19444445,0.0,0.1388889,0.0,0.0,0.0,0.0,0.0,0.0,0.0,0.055555556,0.083333336,0.0,0.0,0.0,0.0,0.0,0.0,0.027777778,0.0,0.0,0.0,0.0,0.0,0.0,0.0,0.0,0.0,0.0,0.0,0.0,0.0,0.0,0.0,0.0,0.0,0.0,0.0,0.0,0.0,0.0,0.0,0.0,0.0,0.0,0.0,0.0,0.0,0.0,0.0,0.0,0.0,0.0,0.0,0.056093287,0.0,0.41666666,0.08545186,36.0,3.6109178,1.6220667,2.4080305,5.5833335
NEG::mixture::0078,0,0.0,0.0,0.0,0.0,0.3,0.0,0.3,0.1,0.3,0.0,0.0,0.0,0.0,0.0,0.0,0.0,0.0,0.1,0.0,0.0,0.0,0.0,0.0,0.0,0.0,0.0,0.0,0.0,0.0,0.0,0.0,0.0,0.0,0.0,0.0,0.0,0.0,0.0,0.0,0.0,0.0,0.0,0.0,0.0,0.0,0.0,0.0,0.0,0.0,0.0,0.0,0.0,0.0,0.0,0.0,0.0,0.0,0.0,0.0,0.0,0.09560646,0.0,0.71428573,0.16700317,10.0,2.3978953,1.4990317,2.3323808,5.4
NEG::mixture::0079,0,0.0,0.0,0.0,0.0,0.25,0.0,0.375,0.125,0.0,0.0,0.0,0.0,0.0,0.0,0.0,0.0,0.0,0.0,0.0,0.0,0.0,0.0,0.0,0.0,0.0,0.0,0.0,0.0,0.625,0.0,0.0,0.0,0.0,0.0,0.0,0.0,0.0,0.0,0.0,0.0,0.125,0.0,0.0,0.0,0.0,0.0,0.0,0.0,0.0,0.0,0.0,0.0,0.0,0.0,0.0,0.0,0.0,0.0,0.0,0.0,0.15503763,0.0,0.6666667,0.18761435,8.0,2.1972246,1.4241307,1.1989579,7.75
NEG::mixture::0080,0,0.0,0.0,0.0,0.0,0.42857143,0.2857143,0.42857143,0.14285715,0.42857143,0.0,0.0,0.0,0.0,0.0,0.0,0.0,0.14285715,0.0,0.0,0.0,0.0,0.0,0.0,0.0,0.0,0.0,0.0,0.0,0.0,0.0,0.0,0.0,0.0,0.0,0.0,0.0,0.0,0.0,0.0,0.0,0.0,0.0,0.0,0.0,0.0,0.0,0.0,0.0,0.0,0.0,0.0,0.0,0.0,0.0,0.0,0.0,0.0,0.0,0.0,0.0,0.08005306,0.0,0.33333334,0.11416431,7.0,2.0794415,1.6977342,6.197432,14.142858
NEG::mixture::0081,0,0.0,0.1904762,0.0,0.0,0.2857143,0.14285715,0.47619048,0.0,0.14285715,0.0,0.0,0.0,0.0,0.0,0.0,0.0,0.0,0.0,0.0,0.04761905,0.0,0.0,0.0,0.0,0.0,0.0,0.0,0.0,0.0,0.0,0.0,0.0,0.0,0.0,0.0,0.0,0.0,0.0,0.0,0.0,0.0,0.0,0.0,0.0,0.0,0.0,0.0,0.0,0.0,0.0,0.0,0.0,0.0,0.0,0.0,0.04761905,0.0,0.0,0.0,0.0,0.076385,0.0,0.7777778,0.16073258,21.0,3.0910425,1.6924461,4.994328,9.904762
NEG::mixture::0082,0,0.0,0.055555556,0.0,0.0,0.22222222,0.11111111,0.5,0.2777778,0.22222222,0.0,0.0,0.0,0.0,0.0,0.0,0.0,0.22222222,0.055555556,0.33333334,0.0,0.0,0.055555556,0.0,0.0,0.0,0.0,0.0,0.0,0.0,0.0,0.0,0.0,0.0,0.0,0.0,0.0,0.0,0.0,0.0,0.0,0.0,0.0,0.0,0.0,0.0,0.0,0.0,0.0,0.0,0.0,0.0,0.0,0.0,0.0,0.0,0.0,0.0,0.0,0.0,0.0,0.13643108,0.0,0.875,0.2366739,18.0,2.944439,2.0813348,3.4663284,8.611111
NEG::mixture::0083,0,0.0,0.18181819,0.0,0.0,0.45454547,0.09090909,0.09090909,0.0,0.18181819,0.0,0.0,0.0,0.27272728,0.0,0.0,0.0,0.0,0.0,0.36363637,0.0,0.0,0.0,0.0,0.0,0.0,0.0,0.0,0.0,0.0,0.0,0.0,0.0,0.0,0.0,0.0,0.0,0.0,0.0,0.0,0.0,0.0,0.0,0.0,0.0,0.0,0.0,0.0,0.0,0.0,0.0,0.0,0.0,0.0,0.0,0.0,0.0,0.0,0.0,0.0,0.0,0.13748096,0.0,0.8,0.18916072,11.0,2.4849067,1.7981062,2.1474566,7.5454545
NEG::mixture::0084,0,0.0,0.46666667,0.0,0.0,0.0,0.13333334,0.06666667,0.2,0.0,0.0,0.0,0.0,0.0,0.0,0.0,0.0,0.13333334,0.13333334,0.26666668,0.0,0.0,0.13333334,0.0,0.0,0.0,0.0,0.0,0.0,0.0,0.0,0.0,0.0,0.0,0.0,0.0,0.0,0.0,0.0,0.0,0.0,0.0,0.0,0.0,0.0,0.0,0.0,0.0,0.0,0.0,0.0,0.0,0.0,0.0,0.0,0.0,0.0,0.0,0.0,0.0,0.0,0.13574278,0.0,1.0,0.20959762,15.0,2.7725887,1.9177748,2.8936713,8.4
NEG::mixture::0085,0,0.0,0.5,0.0,0.0,0.5,0.2,0.1,0.0,0.05,0.0,0.0,0.0,0.0,0.0,0.0,0.0,0.05,0.0,0.0,0.0,0.0,0.05,0.0,0.0,0.0,0.0,0.0,0.0,0.0,0.0,0.0,0.0,0.0,0.0,0.0,0.0,0.0,0.0,0.0,0.0,0.0,0.0,0.0,0.0,0.0,0.0,0.0,0.0,0.0,0.0,0.0,0.0,0.0,0.0,0.0,0.0,0.0,0.0,0.0,0.0,0.12558983,0.0,0.90909094,0.17221299,20.0,3.0445225,1.5402906,3.6942523,8.55
NEG::mixture::0086,0,0.0,0.055555556,0.0,0.0,0.41666666,0.083333336,0.5,0.083333336,0.16666667,0.0,0.0,0.027777778,0.0,0.0,0.0,0.0,0.055555556,0.0,0.0,0.0,0.0,0.027777778,0.0,0.0,0.0,0.0,0.0,0.0,0.0,0.0,0.0,0.0,0.0,0.0,0.0,0.0,0.0,0.0,0.0,0.0,0.0,0.0,0.0,0.0,0.0,0.0,0.027777778,0.0,0.0,0.0,0.0,0.0,0.0,0.0,0.0,0.0,0.0,0.0,0.0,0.0,0.11902602,0.0,0.90909094,0.19777836,36.0,3.6109178,1.7827394,3.7965221,7.4444447
NEG::mixture::0087,0,0.0,0.2,0.0,0.0,0.6,0.3,0.5,0.2,0.4,0.0,0.0,0.0,0.0,0.0,0.0,0.0,0.0,0.0,0.0,0.0,0.0,0.1,0.0,0.0,0.0,0.0,0.0,0.0,0.0,0.0,0.0,0.0,0.0,0.0,0.0,0.0,0.0,0.0,0.0,0.0,0.1,0.0,0.0,0.0,0.0,0.0,0.0,0.0,0.0,0.0,0.0,0.0,0.0,0.0,0.0,0.0,0.0,0.0,0.0,0.0,0.07688748,0.0,0.44444445,0.087551646,10.0,2.3978953,1.9109148,3.753665,9.1
NEG::mixture::0088,0,0.0,0.0,0.0,0.0,1.0,0.0,0.125,0.0,0.375,0.0,0.0,0.0,0.0,0.0,0.0,0.0,0.0,0.0,0.0,0.0,0.0,0.0,0.0,0.0,0.0,0.0,0.0,0.0,0.0,0.0,0.0,0.0,0.0,0.0,0.0,0.0,0.125,0.0,0.0,0.0,0.0,0.0,0.0,0.0,0.0,0.0,0.0,0.0,0.0,0.0,0.0,0.0,0.0,0.0,0.0,0.0,0.0,0.0,0.0,0.0,0.17356743,0.04761905,0.9,0.17417869,8.0,2.1972246,1.0317678,2.619041,7.875
NEG::mixture::0089,0,0.0,0.22033899,0.0,0.0,0.2881356,0.118644066,0.16949153,0.016949153,0.16949153,0.0,0.0,0.0,0.0,0.0,0.0,0.0,0.06779661,0.10169491,0.13559322,0.0,0.0,0.016949153,0.0,0.0,0.0,0.0,0.0,0.0,0.0,0.0,0.0,0.0,0.0,0.0,0.0,0.0,0.0,0.0,0.0,0.0,0.016949153,0.0,0.0,0.0,0.0,0.0,0.016949153,0.0,0.0,0.0,0.0,0.0,0.0,0.0,0.0,0.0,0.0,0.0,0.0,0.0,0.05933382,0.0,0.72727275,0.102797024,59.0,4.0943446,2.1654828,3.9910846,8.627119
NEG::mixture::0090,0,0.0,0.0,0.0,0.0,0.8333333,0.16666667,0.41666666,0.083333336,0.25,0.0,0.0,0.0,0.0,0.0,0.0,0.0,0.0,0.0,0.16666667,0.0,0.0,0.0,0.0,0.0,0.0,0.0,0.0,0.0,0.0,0.0,0.0,0.0,0.0,0.0,0.0,0.0,0.0,0.0,0.0,0.0,0.0,0.0,0.0,0.0,0.0,0.0,0.0,0.0,0.0,0.0,0.0,0.0,0.0,0.0,0.0,0.0,0.0,0.0,0.0,0.0,0.10570308,0.0,0.5,0.11784253,12.0,2.5649493,1.5206485,2.8903575,6.75
NEG::mixture::0091,0,0.0,0.0,0.0,0.0,0.15789473,0.15789473,0.42105263,0.0,0.2631579,0.0,0.0,0.0,0.0,0.0,0.0,0.0,0.05263158,0.0,0.10526316,0.0,0.05263158,0.0,0.0,0.0,0.0,0.0,0.0,0.0,0.0,0.0,0.0,0.0,0.0,0.0,0.0,0.0,0.0,0.0,0.15789473,0.0,0.0,0.0,0.0,0.0,0.0,0.0,0.15789473,0.0,0.0,0.0,0.0,0.0,0.15789473,0.0,0.0,0.0,0.0,0.0,0.0,0.0,0.08699121,0.0,0.8333333,0.15339503,19.0,2.9957323,2.1361053,2.9995382,8.052631
NEG::mixture::0092,0,0.0,0.0,0.0,0.0,0.14285715,0.2857143,0.85714287,0.14285715,0.42857143,0.0,0.0,0.0,0.0,0.0,0.0,0.0,0.0,0.0,0.0,0.0,0.0,0.0,0.0,0.0,0.0,0.0,0.0,0.0,0.0,0.0,0.0,0.0,0.0,0.0,0.0,0.0,0.0,0.0,0.0,0.0,0.0,0.0,0.0,0.0,0.0,0.0,0.0,0.0,0.0,0.0,0.0,0.0,0.0,0.0,0.0,0.0,0.0,0.0,0.0,0.0,0.12967949,0.0,1.0,0.19903089,7.0,2.0794415,1.3778201,3.6533463,7.714286
NEG::mixture::0093,0,0.0,0.3181818,0.0,0.0,0.22727273,0.18181819,0.36363637,0.27272728,0.13636364,0.0,0.0,0.0,0.0,0.045454547,0.0,0.045454547,0.09090909,0.13636364,0.0,0.0,0.0,0.045454547,0.0,0.0,0.0,0.0,0.0,0.0,0.045454547,0.0,0.0,0.0,0.0,0.0,0.0,0.0,0.0,0.0,0.0,0.0,0.0,0.0,0.0,0.0,0.0,0.0,0.0,0.0,0.0,0.0,0.0,0.0,0.0,0.0,0.0,0.0,0.0,0.0,0.0,0.0,0.075073585,0.0,0.75,0.13650876,22.0,3.1354942,2.2477226,6.215151,8.909091
NEG::mixture::0094,0,0.0,0.1,0.0,0.0,0.6,0.1,0.1,0.6,0.2,0.0,0.0,0.0,0.0,0.0,0.0,0.0,0.2,0.0,0.0,0.0,0.0,0.0,0.0,0.0,0.0,0.0,0.0,0.0,0.3,0.0,0.0,0.0,0.0,0.0,0.0,0.0,0.0,0.0,0.0,0.0,0.0,0.0,0.0,0.0,0.0,0.0,0.0,0.0,0.0,0.0,0.0,0.0,0.0,0.0,0.0,0.0,0.0,0.0,0.0,0.0,0.17913967,0.0,0.75,0.19469869,10.0,2.3978953,1.837882,5.5145264,11.7
NEG::mixture::0095,0,0.039473683,0.118421055,0.065789476,0.09210526,0.09210526,0.69736844,0.40789473,0.35526314,0.18421052,0.0,0.0,0.0,0.21052632,0.28947368,0.34210527,0.15789473,0.0,0.013157895,0.02631579,0.2236842,0.02631579,0.0,0.013157895,0.0,0.039473683,0.0,0.0,0.0,0.013157895,0.0,0.0,0.0,0.0,0.0,0.0,0.0,0.0,0.0,0.0,0.039473683,0.0,0.0,0.0,0.0,0.0,0.02631579,0.0,0.0,0.0,0.0,0.0,0.0,0.0,0.0,0.0,0.0,0.0,0.0,0.0,0.0,0.13127387,0.0,0.6666667,0.14904445,76.0,4.3438053,2.5949523,7.675317,12.776316
NEG::mixture::0096,0,0.0,0.0,0.0,0.0,0.5945946,0.21621622,0.5405405,0.13513513,0.6216216,0.0,0.0,0.0,0.0,0.0,0.0,0.0,0.0,0.0,0.0,0.0,0.0,0.027027028,0.0,0.0,0.0,0.0,0.0,0.0,0.2972973,0.0,0.0,0.0,0.0,0.0,0.0,0.0,0.027027028,0.0,0.0,0.0,0.0,0.0,0.0,0.0,0.0,0.0,0.0,0.0,0.0,0.0,0.0,0.0,0.0,0.0,0.0,0.0,0.0,0.0,0.0,0.0,0.090115555,0.0,0.6363636,0.0910323,37.0,3.637586,1.7515905,2.780239,9.0
NEG::mixture::0097,0,0.0,0.37931034,0.0,0.0,0.20689656,0.03448276,0.06896552,0.0,0.06896552,0.0,0.0,0.0,0.0,0.0,0.0,0.0,0.06896552,0.03448276,0.0,0.0,0.0,0.0,0.0,0.0,0.0,0.0,0.0,0.0,0.06896552,0.0,0.0,0.0,0.0,0.0,0.0,0.0,0.0,0.0,0.0,0.0,0.0,0.0,0.0,0.03448276,0.0,0.0,0.0,0.0,0.0,0.0,0.0,0.0,0.0,0.0,0.0,0.0,0.0,0.0,0.0,0.0,0.10755534,0.0,1.0,0.14459243,29.0,3.4011974,1.8081847,5.140129,7.6896553
NEG::mixture::0098,0,0.0,0.0,0.0,0.0,0.75,0.25,0.75,0.0,0.375,0.0,0.0,0.0,0.0,0.0,0.0,0.0,0.0,0.0,0.0,0.0,0.0,0.125,0.0,0.0,0.0,0.0,0.0,0.0,0.0,0.0,0.0,0.0,0.0,0.0,0.0,0.0,0.125,0.0,0.0,0.0,0.0,0.0,0.0,0.0,0.0,0.0,0.0,0.0,0.0,0.0,0.0,0.0,0.0,0.0,0.0,0.0,0.0,0.0,0.0,0.0,0.09745777,0.0,0.44444445,0.109498106,8.0,2.1972246,1.566374,7.1937475,14.0
NEG::mixture::0099,0,0.0,0.0,0.0,0.0,0.4375,0.125,0.375,0.125,0.5,0.0,0.0,0.0,0.0,0.0,0.0,0.0,0.0,0.0625,0.0,0.0,0.0,0.0625,0.0,0.0,0.0,0.0,0.0,0.0,0.0,0.0,0.0,0.0,0.0,0.0,0.0,0.0,0.0,0.0,0.0,0.0,0.0,0.0,0.0,0.0,0.0,0.0,0.0,0.0,0.0,0.0,0.0,0.0,0.0,0.0,0.0,0.0,0.0,0.0,0.0,0.0,0.12356762,0.0,1.0,0.2282236,16.0,2.8332133,1.6743542,3.413553,6.8125
NEG::mixture::0100,0,0.0,0.0,0.0,0.0,0.3,0.05,0.05,0.0,0.0,0.0,0.0,0.0,0.0,0.0,0.0,0.0,0.0,0.1,0.0,0.0,0.0,0.0,0.0,0.0,0.0,0.0,0.0,0.0,0.0,0.0,0.0,0.0,0.0,0.0,0.0,0.0,0.0,0.0,0.0,0.05,0.0,0.0,0.0,0.0,0.0,0.0,0.0,0.0,0.0,0.0,0.0,0.0,0.0,0.0,0.0,0.0,0.0,0.0,0.15,0.0,0.2697135,0.0,1.0,0.3533533,20.0,3.0445225,1.536724,3.2403703,6.0
NEG::mixture::0101,0,0.0,0.44186047,0.0,0.0,0.093023255,0.23255815,0.27906978,0.0,0.11627907,0.0,0.0,0.0,0.0,0.0,0.0,0.0,0.023255814,0.023255814,0.0,0.0,0.0,0.0,0.0,0.0,0.0,0.0,0.0,0.0,0.023255814,0.0,0.0,0.0,0.0,0.0,0.0,0.0,0.0,0.0,0.0,0.023255814,0.0,0.0,0.0,0.0,0.0,0.0,0.0,0.0,0.13953489,0.0,0.0,0.0,0.0,0.0,0.0,0.0,0.0,0.0,0.0,0.0,0.103685364,0.0,0.75,0.15045658,43.0,3.7841897,1.8754787,4.346909,7.8139534
NEG::mixture::0102,0,0.0,0.18518518,0.0,0.0,1.0,0.2962963,0.037037037,0.0,0.2962963,0.037037037,0.0,0.0,0.0,0.0,0.0,0.0,0.0,0.0,0.0,0.0,0.0,0.037037037,0.0,0.0,0.0,0.0,0.0,0.0,0.0,0.0,0.0,0.0,0.0,0.0,0.0,0.0,0.0,0.0,0.0,0.0,0.0,0.0,0.0,0.0,0.0,0.0,0.0,0.0,0.0,0.0,0.0,0.0,0.0,0.0,0.0,0.0,0.0,0.0,0.0,0.0,0.1843639,0.041666668,0.8,0.13037497,27.0,3.3322046,1.3768096,3.6383116,11.148149
NEG::mixture::0103,0,0.0,0.0,0.0,0.0,0.28,0.04,0.28,0.0,0.04,0.0,0.0,0.0,0.0,0.0,0.0,0.0,0.0,0.08,0.0,0.0,0.0,0.0,0.0,0.0,0.0,0.0,0.0,0.0,0.0,0.0,0.0,0.0,0.0,0.0,0.0,0.0,0.0,0.0,0.0,0.0,0.0,0.0,0.0,0.0,0.0,0.0,0.0,0.0,0.0,0.0,0.0,0.0,0.0,0.0,0.0,0.0,0.0,0.0,0.0,0.0,0.19388394,0.0,1.0,0.24232796,25.0,3.2580965,1.2998713,2.964861,4.64
NEG::mixture::0104,0,0.0,0.0625,0.0,0.0,0.1875,0.125,0.375,0.125,0.375,0.0,0.0,0.0,0.0,0.0,0.0,0.0,0.0625,0.1875,0.0,0.0,0.0,0.0625,0.0,0.0,0.0,0.0,0.0,0.0,0.0,0.0,0.0,0.0,0.0,0.0,0.0,0.0,0.0,0.0,0.0,0.0,0.0,0.0,0.0,0.0,0.0,0.0,0.0,0.0,0.0,0.0,0.0,0.0,0.0,0.0,0.0,0.0,0.0,0.0,0.0,0.0,0.083605975,0.0,0.84615386,0.15402661,16.0,2.8332133,1.9842614,4.0620193,8.0
NEG::mixture::0105,0,0.020833334,0.25,0.0,0.0,0.25,0.3125,0.5416667,0.125,0.27083334,0.0,0.0,0.0,0.0,0.041666668,0.041666668,0.041666668,0.0625,0.0,0.16666667,0.020833334,0.0,0.0,0.0,0.0,0.0,0.0,0.0,0.0,0.0,0.0,0.0,0.020833334,0.0,0.0,0.0,0.0,0.0,0.0,0.0,0.0,0.0,0.0,0.0,0.0,0.0,0.020833334,0.0,0.0,0.0,0.0,0.0,0.0,0.0,0.0,0.0,0.0,0.0,0.0,0.0,0.0,0.08850812,0.0,0.7777778,0.13203235,48.0,3.8918202,2.2429686,3.6414258,8.104167
NEG::mixture::0106,0,0.0,0.3243243,0.0,0.0,0.27027026,0.35135135,0.16216215,0.08108108,0.10810811,0.0,0.0,0.0,0.0,0.0,0.0,0.0,0.08108108,0.027027028,0.0,0.054054055,0.0,0.0,0.0,0.0,0.0,0.0,0.0,0.0,0.0,0.0,0.0,0.0,0.0,0.0,0.0,0.0,0.0,0.0,0.0,0.0,0.0,0.0,0.0,0.0,0.0,0.10810811,0.0,0.0,0.0,0.0,0.0,0.027027028,0.0,0.0,0.0,0.0,0.0,0.0,0.0,0.0,0.08555839,0.0,0.75,0.12132599,37.0,3.637586,2.1113017,6.5303698,9.054054
NEG::mixture::0107,0,0.0,0.0,0.0,0.0,0.5555556,0.11111111,0.22222222,0.0,0.22222222,0.0,0.0,0.0,0.0,0.0,0.0,0.0,0.0,0.22222222,0.0,0.0,0.0,0.0,0.0,0.0,0.0,0.0,0.0,0.0,0.0,0.0,0.0,0.0,0.0,0.0,0.0,0.0,0.0,0.0,0.0,0.0,0.0,0.0,0.0,0.0,0.0,0.0,0.0,0.0,0.0,0.0,0.0,0.0,0.0,0.0,0.0,0.0,0.0,0.0,0.0,0.0,0.1453826,0.0,0.5833333,0.18102394,9.0,2.3025851,1.4677348,2.6573913,5.7777777
NEG::mixture::0108,0,0.0,0.0,0.0,0.0,0.16666667,0.0,1.0,0.0,0.16666667,0.0,0.0,0.0,0.0,0.0,0.0,0.0,0.0,0.0,0.0,0.0,0.0,0.0,0.0,0.0,0.0,0.0,0.0,0.0,0.0,0.0,0.0,0.0,0.0,0.0,0.0,0.0,0.0,0.0,0.0,0.0,0.16666667,0.0,0.0,0.0,0.0,0.0,0.0,0.0,0.0,0.0,0.0,0.0,0.0,0.0,0.0,0.0,0.0,0.0,0.0,0.0,0.1839715,0.05,0.6666667,0.14559485,6.0,1.9459101,1.002719,5.5377493,7.0
NEG::mixture::0109,0,0.0,0.0,0.0,0.0,0.3043478,0.26086956,0.6086956,0.0,0.13043478,0.0,0.0,0.0,0.0,0.0,0.0,0.0,0.08695652,0.08695652,0.0,0.0,0.0,0.0,0.0,0.0,0.0,0.0,0.0,0.0,0.0,0.08695652,0.0,0.0,0.0,0.0,0.0,0.0,0.0,0.0,0.0,0.0,0.0,0.0,0.0,0.0,0.0,0.08695652,0.0,0.0,0.0,0.0,0.0,0.0,0.0,0.0,0.0,0.0,0.0,0.0,0.0,0.0,0.08401381,0.0,0.6,0.11054388,23.0,3.1780539,1.7912778,4.586493,6.9130435
NEG::mixture::0110,0,0.0,0.0,0.0,0.0,0.24324325,0.21621622,0.6486486,0.13513513,0.5405405,0.0,0.0,0.0,0.0,0.0,0.0,0.0,0.027027028,0.027027028,0.027027028,0.0,0.0,0.0,0.0,0.0,0.0,0.0,0.0,0.0,0.0,0.0,0.0,0.027027028,0.0,0.0,0.0,0.0,0.0,0.0,0.0,0.0,0.0,0.0,0.0,0.0,0.0,0.0,0.027027028,0.0,0.0,0.0,0.0,0.0,0.0,0.0,0.0,0.0,0.0,0.0,0.0,0.0,0.24129966,0.0,0.84615386,0.18232538,37.0,3.637586,1.7183751,5.350669,9.72973
NEG::mixture::0111,0,0.0,0.0,0.0,0.0,0.85714287,0.14285715,0.2857143,0.0,0.0952381,0.0,0.0,0.0,0.0,0.0,0.0,0.0,0.04761905,0.0,0.0,0.0,0.0,0.04761905,0.0,0.0,0.0,0.0,0.0,0.0,0.0,0.0,0.0,0.0,0.0,0.0,0.0,0.0,0.0,0.0,0.0,0.0,0.0,0.0,0.0,0.0,0.0,0.0,0.0,0.0,0.0,0.0,0.0,0.0,0.0,0.0,0.0,0.0,0.0,0.0,0.0,0.0,0.13742308,0.0,1.0,0.17435451,21.0,3.0910425,1.2578789,3.4292328,8.047619
NEG::mixture::0112,0,0.0,0.15151516,0.0,0.0,0.18181819,0.030303031,0.21212122,0.07575758,0.10606061,0.0,0.0,0.0,0.0,0.0,0.0,0.0,0.09090909,0.121212125,0.0,0.0,0.0,0.0,0.0,0.0,0.0,0.0,0.0,0.0,0.27272728,0.0,0.0,0.0,0.0,0.0,0.0,0.0,0.0,0.0,0.0,0.0,0.0,0.0,0.0,0.0,0.0,0.0,0.0,0.0,0.0,0.0,0.0,0.0,0.0,0.0,0.0,0.060606062,0.0,0.0,0.0,0.0,0.072733685,0.0,0.8,0.13951714,66.0,4.204693,2.1542976,3.3659902,5.8636365
NEG::mixture::0113,0,0.0,0.0,0.0,0.0,0.6,0.4,0.5,0.1,0.5,0.0,0.0,0.0,0.0,0.0,0.0,0.0,0.0,0.0,0.0,0.0,0.0,0.0,0.0,0.0,0.0,0.0,0.0,0.0,0.2,0.0,0.0,0.0,0.0,0.0,0.0,0.0,0.0,0.0,0.0,0.0,0.0,0.0,0.0,0.0,0.0,0.0,0.0,0.0,0.0,0.0,0.0,0.0,0.0,0.0,0.0,0.0,0.0,0.0,0.0,0.0,0.18680722,0.0,0.9,0.24066046,10.0,2.3978953,1.6669552,3.954744,9.4
NEG::mixture::0114,0,0.0,0.15384616,0.0,0.0,0.8076923,0.07692308,0.115384616,0.03846154,0.15384616,0.0,0.0,0.0,0.0,0.0,0.0,0.0,0.0,0.0,0.0,0.0,0.0,0.115384616,0.0,0.0,0.0,0.0,0.0,0.0,0.0,0.0,0.0,0.0,0.0,0.0,0.0,0.0,0.0,0.0,0.0,0.0,0.0,0.0,0.0,0.0,0.0,0.0,0.0,0.0,0.0,0.0,0.0,0.0,0.0,0.0,0.03846154,0.03846154,0.0,0.0,0.0,0.0,0.122281715,0.0,0.8,0.10681491,26.0,3.295837,1.6137978,3.7882175,8.269231
NEG::mixture::0115,0,0.0,0.0,0.0,0.0,0.42857143,0.14285715,0.42857143,0.14285715,0.42857143,0.0,0.0,0.0,0.0,0.0,0.0,0.0,0.0,0.2857143,0.0,0.0,0.0,0.0,0.0,0.0,0.0,0.0,0.0,0.0,0.0,0.0,0.0,0.0,0.0,0.0,0.0,0.0,0.0,0.0,0.0,0.0,0.0,0.0,0.0,0.0,0.0,0.0,0.0,0.0,0.0,0.0,0.0,0.0,0.0,0.0,0.0,0.0,0.0,0.0,0.0,0.0,0.077812105,0.0,0.5555556,0.15540026,7.0,2.0794415,1.6977342,3.730733,5.285714
NEG::mixture::0116,0,0.0,0.05263158,0.0,0.0,0.2631579,0.0,0.10526316,0.05263158,0.10526316,0.0,0.0,0.0,0.0,0.0,0.0,0.0,0.10526316,0.05263158,0.0,0.0,0.0,0.05263158,0.0,0.0,0.0,0.0,0.0,0.0,0.47368422,0.0,0.0,0.0,0.0,0.0,0.0,0.0,0.0,0.0,0.0,0.05263158,0.0,0.0,0.0,0.05263158,0.0,0.0,0.0,0.0,0.0,0.0,0.0,0.0,0.0,0.0,0.0,0.0,0.0,0.0,0.0,0.0,0.13782714,0.0,1.0,0.24708873,19.0,2.9957323,2.0280552,2.8294063,6.6842103
NEG::mixture::0117,0,0.0,0.08108108,0.0,0.0,0.4864865,0.16216215,0.7837838,0.8108108,0.43243244,0.0,0.13513513,0.0,0.027027028,0.054054055,0.054054055,0.0,0.0,0.0,0.0,0.0,0.0,0.13513513,0.0,0.0,0.0,0.0,0.0,0.0,0.0,0.0,0.0,0.0,0.0,0.0,0.0,0.0,0.0,0.0,0.0,0.0,0.0,0.0,0.0,0.0,0.0,0.0,0.0,0.0,0.0,0.0,0.0,0.0,0.0,0.0,0.0,0.0,0.0,0.0,0.0,0.0,0.16277975,0.0,0.6,0.1635796,37.0,3.637586,1.9503027,4.0883236,10.648648
NEG::mixture::0118,0,0.0,0.22222222,0.0,0.0,0.5,0.11111111,0.2777778,0.22222222,0.33333334,0.0,0.0,0.0,0.0,0.0,0.0,0.0,0.0,0.0,0.0,0.0,0.0,0.0,0.0,0.0,0.0,0.0,0.0,0.0,0.6111111,0.0,0.0,0.055555556,0.0,0.0,0.0,0.0,0.0,0.0,0.0,0.0,0.0,0.0,0.0,0.055555556,0.0,0.0,0.0,0.0,0.0,0.0,0.0,0.0,0.0,0.0,0.0,0.0,0.0,0.0,0.0,0.0,0.1201531,0.0,0.85714287,0.16707286,18.0,2.944439,1.9605898,5.1666665,9.5
NEG::mixture::0119,0,0.0,0.05,0.0,0.0,0.2,0.05,0.575,0.175,0.25,0.0,0.0,0.0,0.0,0.0,0.0,0.0,0.025,0.075,0.0,0.0,0.0,0.0,0.0,0.0,0.0,0.0,0.0,0.0,0.45,0.0,0.0,0.0,0.0,0.0,0.0,0.0,0.0,0.0,0.0,0.0,0.0,0.0,0.0,0.1,0.025,0.0,0.0,0.0,0.0,0.0,0.15,0.0,0.0,0.0,0.0,0.0,0.0,0.0,0.0,0.0,0.1031754,0.0,1.0,0.17097543,40.0,3.713572,2.0921814,3.819686,7.4
NEG::mixture::0120,0,0.0,0.07692308,0.0,0.0,0.46153846,0.0,0.30769232,0.0,0.15384616,0.0,0.0,0.0,0.0,0.0,0.0,0.0,0.0,0.15384616,0.15384616,0.0,0.0,0.07692308,0.0,0.0,0.0,0.0,0.0,0.0,0.0,0.0,0.07692308,0.0,0.0,0.0,0.0,0.0,0.0,0.0,0.0,0.0,0.0,0.0,0.0,0.0,0.0,0.0,0.0,0.0,0.0,0.0,0.0,0.0,0.0,0.0,0.0,0.0,0.0,0.0,0.0,0.0,0.11635457,0.0,0.5714286,0.17230259,13.0,2.6390574,1.867881,4.6345754,8.461538
NEG::mixture::0121,0,0.0,0.0,0.0,0.0,0.7777778,0.11111111,0.33333334,0.0,0.22222222,0.0,0.0,0.0,0.0,0.0,0.0,0.0,0.0,0.0,0.0,0.0,0.0,0.0,0.0,0.0,0.0,0.0,0.0,0.0,0.0,0.0,0.0,0.0,0.0,0.0,0.11111111,0.0,0.0,0.0,0.0,0.0,0.0,0.0,0.0,0.0,0.0,0.0,0.0,0.0,0.0,0.0,0.0,0.0,0.0,0.0,0.0,0.0,0.0,0.0,0.0,0.0,0.19326647,0.0,0.9285714,0.24781358,9.0,2.3025851,1.331665,3.2126293,9.111111
NEG::mixture::0122,0,0.0,0.04,0.0,0.0,0.32,0.04,0.52,0.04,0.2,0.0,0.0,0.0,0.0,0.0,0.0,0.0,0.0,0.04,0.04,0.0,0.0,0.04,0.0,0.0,0.0,0.0,0.0,0.0,0.0,0.0,0.0,0.0,0.0,0.0,0.04,0.0,0.0,0.0,0.0,0.0,0.0,0.0,0.0,0.0,0.0,0.0,0.0,0.0,0.0,0.0,0.0,0.0,0.0,0.0,0.0,0.0,0.0,0.0,0.0,0.0,0.09753006,0.0,1.0,0.19081002,25.0,3.2580965,1.7381124,4.7318497,8.36
NEG::mixture::0123,0,0.0,0.0,0.0,0.0,0.29032257,0.09677419,0.38709676,0.032258064,0.22580644,0.0,0.0,0.0,0.0,0.0,0.0,0.0,0.032258064,0.0,0.0,0.0,0.0,0.032258064,0.0,0.0,0.0,0.0,0.0,0.0,0.0,0.0,0.0,0.0,0.0,0.0,0.0,0.0,0.0,0.0,0.0,0.0,0.06451613,0.0,0.0,0.0,0.0,0.0,0.0,0.0,0.0,0.0,0.0,0.0,0.0,0.0,0.0,0.0,0.0,0.0,0.0,0.0,0.07978992,0.0,0.8181818,0.15731272,31.0,3.465736,1.6974809,3.246386,8.903226
NEG::mixture::0124,0,0.5106383,0.0,0.0,0.0,0.021276595,0.34042552,0.14893617,0.14893617,0.04255319,0.0,0.10638298,0.0,0.0,0.04255319,0.06382979,0.021276595,0.04255319,0.021276595,0.0,0.0,0.0,0.021276595,0.06382979,0.0,0.0,0.0,0.0,0.0,0.06382979,0.0,0.0,0.08510638,0.0,0.0,0.0,0.0,0.0,0.0,0.0,0.0,0.0,0.0,0.021276595,0.0,0.0,0.0,0.0,0.0,0.0,0.0,0.0,0.0,0.0,0.0,0.0,0.0,0.0,0.0,0.0,0.0,0.11383381,0.0,0.6666667,0.1242372,47.0,3.871201,2.304188,3.0281613,8.021276
NEG::mixture::0125,0,0.0,0.0,0.0,0.0,0.5,0.25,0.5,0.375,0.625,0.0,0.0,0.0,0.0,0.0,0.0,0.0,0.0,0.0,0.0,0.0,0.0,0.125,0.0,0.0,0.0,0.0,0.0,0.0,0.375,0.0,0.0,0.0,0.0,0.0,0.0,0.0,0.0,0.0,0.0,0.0,0.0,0.0,0.0,0.0,0.0,0.0,0.0,0.0,0.0,0.0,0.125,0.0,0.0,0.0,0.0,0.0,0.0,0.0,0.0,0.0,0.14201684,0.0,1.0,0.21618447,8.0,2.1972246,1.9565593,4.608077,7.625
NEG::mixture::0126,0,0.0,0.17857143,0.0,0.0,0.60714287,0.071428575,0.071428575,0.0,0.035714287,0.0,0.0,0.0,0.0,0.0,0.0,0.0,0.17857143,0.14285715,0.0,0.0,0.0,0.0,0.0,0.0,0.0,0.0,0.0,0.0,0.14285715,0.0,0.0,0.0,0.0,0.0,0.0,0.0,0.0,0.0,0.0,0.0,0.0,0.0,0.0,0.035714287,0.0,0.0,0.0,0.0,0.0,0.0,0.0,0.0,0.0,0.0,0.0,0.2857143,0.0,0.0,0.0,0.0,0.09071231,0.0,0.75,0.12723258,28.0,3.3672957,1.9579947,3.5288534,7.892857
NEG::mixture::0127,0,0.0,0.0,0.0,0.0,0.7058824,0.0,0.1764706,0.0,0.47058824,0.0,0.0,0.0,0.0,0.0,0.0,0.0,0.1764706,0.0,0.0,0.0,0.0,0.0,0.0,0.0,0.0,0.0,0.0,0.0,0.0,0.0,0.0,0.0,0.0,0.0,0.0,0.0,0.0,0.0,0.0,0.0,0.0,0.0,0.0,0.0,0.0,0.0,0.0,0.0,0.0,0.0,0.0,0.0,0.0,0.0,0.0,0.0,0.0,0.0,0.0,0.0,0.12932093,0.0,0.6666667,0.15309753,17.0,2.8903718,1.2178632,2.9399998,5.9411764
NEG::mixture::0128,0,0.0,0.19148937,0.0,0.0,0.21276596,0.38297874,0.12765957,0.021276595,0.12765957,0.0,0.04255319,0.021276595,0.0,0.0,0.0,0.0,0.0,0.0,0.0,0.0,0.021276595,0.0,0.0,0.0,0.0,0.0,0.0,0.0,0.0,0.0,0.0,0.06382979,0.0,0.0,0.0,0.0,0.0,0.0,0.0,0.0,0.0,0.0,0.0,0.0,0.0,0.0,0.0,0.0,0.0,0.0,0.0,0.0,0.0,0.0,0.0,0.0,0.0,0.0,0.0,0.0,0.047757592,0.0,0.44444445,0.072539344,47.0,3.871201,1.9200555,3.8598113,7.319149
NEG::mixture::0129,0,0.0,0.1,0.0,0.0,0.4,0.2,0.6,0.0,0.3,0.0,0.0,0.0,0.0,0.0,0.0,0.0,0.0,0.0,0.0,0.0,0.0,0.0,0.0,0.0,0.0,0.0,0.0,0.0,0.0,0.0,0.0,0.0,0.0,0.0,0.0,0.0,0.0,0.0,0.0,0.0,0.0,0.0,0.0,0.0,0.0,0.0,0.0,0.0,0.0,0.0,0.0,0.0,0.0,0.0,0.0,0.0,0.0,0.0,0.0,0.0,0.109080516,0.0,0.8333333,0.15935658,10.0,2.3978953,1.4614729,4.267318,7.7
NEG::mixture::0130,0,0.0,0.0,0.0,0.0,0.56666666,0.033333335,0.8,0.8666667,0.46666667,0.0,0.13333334,0.0,0.0,0.0,0.0,0.0,0.0,0.0,0.0,0.0,0.0,0.06666667,0.0,0.0,0.0,0.0,0.0,0.0,0.0,0.0,0.0,0.0,0.0,0.0,0.0,0.0,0.0,0.0,0.0,0.0,0.0,0.0,0.0,0.0,0.0,0.0,0.0,0.0,0.0,0.0,0.0,0.0,0.0,0.0,0.0,0.0,0.0,0.0,0.0,0.0,0.300321,0.0625,0.5714286,0.13076894,30.0,3.4339871,1.6020337,3.7654865,10.766666
NEG::mixture::0131,0,0.0,0.0,0.0,0.0,0.7222222,0.11111111,0.5,0.0,0.5,0.0,0.0,0.0,0.0,0.0,0.0,0.0,0.11111111,0.0,0.0,0.0,0.0,0.0,0.0,0.0,0.0,0.0,0.0,0.0,0.0,0.0,0.0,0.0,0.0,0.0,0.0,0.0,0.055555556,0.0,0.0,0.0,0.0,0.0,0.0,0.0,0.0,0.0,0.0,0.0,0.0,0.0,0.0,0.0,0.0,0.0,0.0,0.0,0.0,0.0,0.0,0.0,0.11809158,0.0,0.64705884,0.11321708,18.0,2.944439,1.4816592,4.37868,9.222222
NEG::mixture::0132,0,0.0,0.0,0.0,0.0,0.47619048,0.14285715,0.2857143,0.0,0.04761905,0.0,0.0,0.0,0.0,0.0,0.0,0.0,0.0,0.0,0.0,0.0,0.0,0.04761905,0.0,0.0,0.0,0.0,0.0,0.0,0.0,0.0,0.0,0.0,0.0,0.0,0.0,0.0,0.0,0.0,0.0,0.0,0.0,0.0,0.0,0.0,0.0,0.0,0.0,0.0,0.0,0.0,0.0,0.0,0.0,0.0,0.0,0.0,0.0,0.0,0.0,0.0,0.20757784,0.0,1.0,0.2899075,21.0,3.0910425,1.2791786,3.3886566,8.428572
NEG::mixture::0133,0,0.0,0.06382979,0.0,0.021276595,0.4680851,0.10638298,0.34042552,0.14893617,0.29787233,0.0,0.0,0.0,0.0,0.0,0.0,0.0,0.021276595,0.06382979,0.0,0.0,0.0,0.04255319,0.0,0.0,0.021276595,0.0,0.0,0.0,0.0,0.021276595,0.0,0.0,0.0,0.0,0.0,0.0,0.0,0.0,0.0,0.0,0.0,0.0,0.0,0.0,0.0,0.0,0.0,0.0,0.0,0.0,0.0,0.0,0.0,0.0,0.0,0.0,0.0,0.0,0.0,0.0,0.03647005,0.0,0.25,0.055497825,47.0,3.871201,1.9760276,4.0676713,8.085107
NEG::mixture::0134,0,0.0,0.08791209,0.010989011,0.0,0.26373628,0.10989011,0.2857143,0.06593407,0.30769232,0.0,0.0,0.0,0.032967035,0.0,0.0,0.0,0.010989011,0.032967035,0.0,0.0,0.0,0.032967035,0.0,0.0,0.0,0.0,0.0,0.0,0.21978022,0.0,0.0,0.0,0.0,0.0,0.0,0.0,0.0,0.0,0.0,0.0,0.0,0.0,0.0,0.0,0.0,0.010989011,0.0,0.0,0.0,0.0,0.07692308,0.0,0.0,0.0,0.0,0.0,0.0,0.0,0.0,0.0,0.049643893,0.0,0.5,0.10132128,91.0,4.5217886,2.1961293,3.5573857,8.065934
NEG::mixture::0135,0,0.0,0.06382979,0.0,0.0,0.39361703,0.11702128,0.29787233,0.07446808,0.26595744,0.0,0.0,0.010638298,0.0,0.0,0.0,0.0,0.021276595,0.010638298,0.0,0.0,0.0,0.04255319,0.0,0.0,0.0,0.0,0.0,0.0,0.24468085,0.0,0.0,0.010638298,0.0,0.0,0.010638298,0.0,0.010638298,0.0,0.0,0.0,0.0,0.0,0.0,0.0,0.0,0.0,0.0,0.0,0.0,0.0,0.04255319,0.0,0.0,0.0,0.0,0.0,0.0,0.0,0.0,0.0,0.039251547,0.0,0.35714287,0.059992105,94.0,4.553877,2.1112535,4.160064,8.670213
NEG::mixture::0136,0,0.0,0.11111111,0.0,0.0,0.5555556,0.11111111,0.44444445,0.0,0.33333334,0.0,0.0,0.0,0.0,0.0,0.0,0.0,0.11111111,0.0,0.0,0.0,0.11111111,0.11111111,0.0,0.0,0.0,0.0,0.0,0.0,0.0,0.0,0.0,0.0,0.0,0.0,0.11111111,0.0,0.0,0.0,0.0,0.44444445,0.0,0.0,0.0,0.0,0.0,0.0,0.0,0.0,0.0,0.0,0.0,0.0,0.0,0.0,0.0,0.0,0.0,0.0,0.0,0.0,0.0861706,0.0,0.6666667,0.13700068,9.0,2.3025851,2.0713437,8.326664,10.0
NEG::mixture::0137,0,0.0,0.21428572,0.0,0.0,0.9285714,0.2857143,0.035714287,0.035714287,0.35714287,0.035714287,0.0,0.0,0.0,0.0,0.0,0.0,0.0,0.0,0.0,0.0,0.0,0.0,0.0,0.0,0.0,0.0,0.0,0.0,0.0,0.0,0.0,0.0,0.0,0.0,0.0,0.0,0.0,0.0,0.0,0.0,0.0,0.0,0.0,0.0,0.0,0.0,0.0,0.0,0.0,0.0,0.0,0.0,0.0,0.0,0.0,0.0,0.0,0.0,0.0,0.0,0.17261937,0.0,0.8333333,0.18753119,28.0,3.3672957,1.4208124,4.865539,10.571428
NEG::mixture::0138,0,0.0,0.06382979,0.0,0.0,0.59574467,0.34042552,0.5319149,0.04255319,0.5531915,0.0,0.0,0.04255319,0.0,0.0,0.04255319,0.0,0.0,0.021276595,0.0,0.0,0.0,0.021276595,0.0,0.0,0.0,0.0,0.0,0.0,0.23404256,0.0,0.0,0.0,0.0,0.0,0.0,0.0,0.10638298,0.0,0.0,0.0,0.0,0.0,0.021276595,0.0,0.0,0.0,0.0,0.0,0.0,0.0,0.0,0.0,0.0,0.0,0.0,0.0,0.0,0.0,0.0,0.0,0.093004875,0.0,0.36363637,0.07748332,47.0,3.871201,2.0095482,5.9975853,12.170213
NEG::mixture::0139,0,0.0,0.0,0.0,0.0,0.75,0.1875,0.1875,0.0,0.0,0.0,0.0,0.0,0.0,0.0,0.0,0.0,0.125,0.0,0.0,0.0,0.0,0.0,0.0,0.0,0.0,0.0,0.0,0.0,0.0,0.0,0.0,0.0,0.0,0.0,0.0,0.0,0.0,0.0,0.0,0.0,0.0,0.0,0.0,0.0,0.0,0.0,0.0,0.0,0.0,0.0,0.0,0.0,0.0,0.0,0.0625,0.0,0.0,0.0,0.0,0.0,0.14410742,0.0,1.0,0.17581344,16.0,2.8332133,1.2446734,3.8058343,7.375
NEG::mixture::0140,0,0.31428573,0.028571429,0.0,0.0,0.14285715,0.22857143,0.2857143,0.08571429,0.14285715,0.0,0.114285715,0.0,0.0,0.0,0.0,0.0,0.0,0.0,0.0,0.0,0.0,0.0,0.0,0.0,0.0,0.0,0.0,0.0,0.0,0.0,0.0,0.0,0.0,0.0,0.0,0.0,0.028571429,0.0,0.0,0.0,0.0,0.0,0.028571429,0.0,0.0,0.0,0.0,0.0,0.0,0.0,0.0,0.0,0.0,0.0,0.0,0.0,0.0,0.0,0.0,0.0,0.12178553,0.0,1.0,0.16344051,35.0,3.583519,2.0352163,3.8970423,8.114285
NEG::mixture::0141,0,0.0,0.0,0.0,0.0,0.5217391,0.2173913,0.5652174,0.04347826,0.47826087,0.0,0.0,0.0,0.0,0.0,0.0,0.0,0.0,0.04347826,0.0,0.0,0.0,0.04347826,0.0,0.0,0.0,0.0,0.0,0.0,0.0,0.0,0.04347826,0.0,0.0,0.0,0.0,0.0,0.0,0.0,0.0,0.0,0.0,0.0,0.0,0.0,0.0,0.0,0.0,0.0,0.0,0.0,0.0,0.0,0.0,0.04347826,0.0,0.0,0.0,0.0,0.0,0.0,0.09899526,0.0,0.8,0.15297347,23.0,3.1780539,1.7071798,6.2804646,10.652174
NEG::mixture::0142,0,0.0,0.05,0.0,0.0,0.3,0.15,0.4,0.2,0.25,0.0,0.0,0.0,0.0,0.0,0.0,0.0,0.05,0.0,0.0,0.0,0.05,0.0,0.0,0.0,0.0,0.0,0.0,0.0,0.4,0.0,0.0,0.0,0.0,0.0,0.0,0.0,0.0,0.0,0.0,0.0,0.0,0.0,0.0,0.0,0.0,0.0,0.0,0.0,0.0,0.0,0.0,0.0,0.0,0.0,0.0,0.0,0.0,0.0,0.0,0.0,0.13088661,0.0,1.0,0.20785725,20.0,3.0445225,1.964707,4.5782094,8.2
NEG::mixture::0143,0,0.0,0.0,0.0,0.0,0.375,0.0,0.5,0.125,0.125,0.0,0.0,0.0,0.0,0.0,0.0,0.0,0.0,0.0,0.0,0.0,0.0,0.125,0.0,0.0,0.0,0.0,0.0,0.0,0.0,0.0,0.0,0.0,0.0,0.0,0.0,0.0,0.0,0.0,0.0,0.0,0.125,0.0,0.0,0.0,0.0,0.0,0.0,0.0,0.0,0.0,0.0,0.0,0.0,0.0,0.0,0.0,0.0,0.0,0.0,0.0,0.043222252,0.0,0.25,0.055678006,8.0,2.1972246,1.5941675,4.380354,9.25
NEG::mixture::0144,0,0.0,0.0,0.0,0.0,0.5,0.3,0.9,0.1,0.8,0.0,0.0,0.0,0.0,0.0,0.0,0.0,0.0,0.0,0.0,0.0,0.0,0.0,0.0,0.0,0.0,0.0,0.0,0.0,0.2,0.0,0.0,0.0,0.0,0.0,0.0,0.0,0.0,0.0,0.0,0.0,0.0,0.0,0.0,0.0,0.0,0.0,0.0,0.0,0.0,0.0,0.0,0.0,0.0,0.0,0.0,0.0,0.0,0.0,0.0,0.0,0.2175355,0.0,0.8,0.17791998,10.0,2.3978953,1.5772094,2.1354156,9.2
NEG::mixture::0145,0,0.0,0.0,0.0,0.0,0.6666667,0.11111111,0.44444445,0.11111111,0.22222222,0.0,0.0,0.0,0.0,0.0,0.0,0.0,0.22222222,0.0,0.0,0.0,0.0,0.11111111,0.0,0.0,0.0,0.0,0.0,0.0,0.0,0.0,0.11111111,0.0,0.0,0.0,0.0,0.0,0.0,0.0,0.0,0.0,0.0,0.0,0.0,0.0,0.0,0.0,0.0,0.0,0.0,0.0,0.0,0.0,0.0,0.0,0.0,0.0,0.0,0.0,0.0,0.0,0.108053215,0.0,0.57894737,0.15173644,9.0,2.3025851,1.8310211,8.573574,10.222222
NEG::mixture::0146,0,0.0,0.0,0.0,0.0,0.44444445,0.25925925,0.8148148,0.2962963,0.6666667,0.0,0.0,0.0,0.0,0.0,0.037037037,0.0,0.0,0.0,0.0,0.0,0.0,0.037037037,0.0,0.0,0.0,0.0,0.0,0.0,0.18518518,0.0,0.0,0.0,0.0,0.0,0.0,0.0,0.037037037,0.0,0.0,0.0,0.0,0.0,0.0,0.0,0.0,0.0,0.0,0.0,0.0,0.0,0.0,0.0,0.0,0.0,0.0,0.0,0.0,0.0,0.0,0.0,0.14532034,0.0,1.0,0.14237002,27.0,3.3322046,1.8087872,6.320867,11.481482
NEG::mixture::0147,0,0.0,0.64,0.0,0.0,0.08,0.16,0.2,0.64,0.04,0.16,0.0,0.0,0.0,0.0,0.0,0.0,0.08,0.08,0.0,0.0,0.0,0.0,0.0,0.0,0.0,0.0,0.0,0.0,0.0,0.0,0.0,0.0,0.0,0.0,0.0,0.0,0.04,0.0,0.0,0.0,0.0,0.0,0.0,0.0,0.0,0.0,0.0,0.0,0.0,0.0,0.0,0.0,0.0,0.0,0.0,0.0,0.0,0.0,0.0,0.0,0.15439554,0.0,0.8333333,0.22230417,25.0,3.2580965,1.8567213,5.8139143,7.72
NEG::mixture::0148,0,0.0,0.11111111,0.0,0.0,0.6666667,0.22222222,0.6666667,0.0,0.5555556,0.0,0.0,0.0,0.0,0.0,0.0,0.0,0.0,0.0,0.0,0.0,0.0,0.0,0.0,0.0,0.0,0.0,0.0,0.0,0.0,0.0,0.0,0.0,0.0,0.0,0.0,0.0,0.0,0.0,0.0,0.0,0.0,0.0,0.0,0.0,0.0,0.0,0.0,0.0,0.0,0.0,0.0,0.0,0.0,0.0,0.0,0.0,0.0,0.0,0.0,0.0,0.21870242,0.03125,0.7222222,0.19193895,9.0,2.3025851,1.4490029,4.2105103,12.222222
NEG::mixture::0149,0,0.0,0.023255814,0.0,0.0,0.6744186,0.25581396,0.30232558,0.11627907,0.55813956,0.0,0.0,0.0,0.0,0.0,0.0,0.023255814,0.023255814,0.0,0.0,0.0,0.0,0.023255814,0.0,0.0,0.0,0.0,0.0,0.0,0.0,0.0,0.0,0.0,0.0,0.0,0.0,0.0,0.046511628,0.0,0.0,0.046511628,0.0,0.0,0.0,0.0,0.0,0.0,0.0,0.0,0.0,0.0,0.0,0.0,0.0,0.0,0.0,0.0,0.0,0.0,0.0,0.0,0.13049892,0.0,0.44444445,0.088805094,43.0,3.7841897,1.7835231,5.7048364,11.325582
NEG::mixture::0150,0,0.0,0.0,0.0,0.0,1.0,0.07692308,0.30769232,0.0,0.07692308,0.0,0.0,0.0,0.0,0.0,0.0,0.0,0.15384616,0.0,0.0,0.0,0.0,0.07692308,0.0,0.0,0.0,0.0,0.0,0.0,0.0,0.0,0.0,0.0,0.0,0.0,0.0,0.0,0.0,0.0,0.0,0.0,0.0,0.0,0.0,0.0,0.0,0.0,0.0,0.0,0.0,0.0,0.0,0.0,0.0,0.0,0.0,0.0,0.0,0.0,0.0,0.0,0.18048316,0.0625,0.45454547,0.094957426,13.0,2.6390574,1.2603244,2.170267,6.4615383
NEG::mixture::0151,0,0.0,0.1,0.0,0.0,0.2,0.0,0.2,0.0,0.2,0.0,0.0,0.0,0.0,0.0,0.0,0.0,0.1,0.1,0.1,0.0,0.0,0.0,0.0,0.0,0.0,0.0,0.0,0.0,0.0,0.0,0.0,0.0,0.0,0.0,0.0,0.0,0.0,0.0,0.0,0.0,0.0,0.0,0.0,0.0,0.0,0.0,0.0,0.0,0.0,0.0,0.0,0.0,0.0,0.0,0.0,0.0,0.0,0.0,0.0,0.0,0.089867115,0.0,0.71428573,0.19331215,10.0,2.3978953,1.8866979,4.5782094,6.8
NEG::mixture::0152,0,0.0,0.2631579,0.0,0.0,0.2631579,0.05263158,0.10526316,0.0,0.10526316,0.0,0.0,0.0,0.0,0.0,0.0,0.0,0.0,0.0,0.0,0.0,0.0,0.05263158,0.0,0.0,0.0,0.0,0.0,0.0,0.0,0.0,0.0,0.0,0.0,0.0,0.0,0.0,0.0,0.0,0.0,0.0,0.0,0.0,0.0,0.0,0.0,0.0,0.05263158,0.0,0.0,0.0,0.0,0.0,0.0,0.0,0.0,0.0,0.0,0.0,0.0,0.0,0.10251695,0.0,0.625,0.12381711,19.0,2.9957323,1.7233928,3.14999,7.8421054
NEG::mixture::0153,0,0.0,0.083333336,0.0,0.0,0.25,0.16666667,0.5,0.5833333,0.25,0.0,0.0,0.0,0.0,0.0,0.0,0.0,0.16666667,0.0,0.0,0.0,0.0,0.083333336,0.0,0.0,0.0,0.0,0.0,0.0,0.0,0.0,0.0,0.0,0.0,0.0,0.0,0.0,0.0,0.0,0.0,0.0,0.0,0.0,0.0,0.0,0.0,0.0,0.0,0.0,0.0,0.0,0.0,0.0,0.0,0.0,0.0,0.0,0.0,0.0,0.0,0.0,0.10328987,0.0,0.8,0.14981063,12.0,2.5649493,1.8694288,2.5927248,8.333333
NEG::mixture::0154,0,0.0,0.048780486,0.0,0.0,0.3902439,0.12195122,0.2195122,0.12195122,0.19512194,0.0,0.024390243,0.0,0.0,0.0,0.0,0.0,0.024390243,0.09756097,0.048780486,0.0,0.024390243,0.024390243,0.0,0.0,0.0,0.0,0.0,0.0,0.4878049,0.0,0.0,0.0,0.0,0.0,0.0,0.0,0.0,0.0,0.024390243,0.0,0.0,0.0,0.0,0.0,0.0,0.0,0.0,0.0,0.0,0.0,0.0,0.0,0.0,0.0,0.0,0.0,0.0,0.0,0.0,0.0,0.08514124,0.0,0.8,0.15985203,41.0,3.7376697,2.1583817,4.077185,7.243902
NEG::mixture::0155,0,0.0,0.0,0.0,0.0,0.6666667,0.16666667,0.33333334,0.16666667,0.33333334,0.0,0.0,0.0,0.0,0.0,0.0,0.0,0.0,0.0,0.0,0.0,0.0,0.0,0.0,0.0,0.0,0.0,0.0,0.0,0.0,0.0,0.0,0.0,0.0,0.0,0.0,0.0,0.0,0.0,0.0,0.0,0.0,0.0,0.0,0.0,0.0,0.0,0.0,0.0,0.0,0.0,0.0,0.0,0.0,0.0,0.0,0.0,0.0,0.0,0.0,0.0,0.18669192,0.0,0.5833333,0.21547772,6.0,1.9459101,1.4708092,2.7688746,9.0
NEG::mixture::0156,0,0.2972973,0.0,0.0,0.0,0.054054055,0.5945946,0.16216215,0.16216215,0.10810811,0.0,0.0,0.0,0.10810811,0.0,0.0,0.0,0.027027028,0.0,0.0,0.0,0.0,0.08108108,0.0,0.0,0.027027028,0.0,0.0,0.0,0.0,0.0,0.0,0.0,0.0,0.0,0.054054055,0.0,0.0,0.0,0.0,0.0,0.0,0.0,0.0,0.0,0.0,0.0,0.0,0.0,0.0,0.0,0.0,0.0,0.0,0.0,0.0,0.0,0.0,0.0,0.0,0.0,0.15023385,0.03846154,0.6666667,0.13833249,37.0,3.637586,1.9813337,3.6671205,9.1081085
NEG::mixture::0157,0,0.09090909,0.0,0.0,0.0,0.72727275,0.09090909,0.18181819,0.0,0.18181819,0.0,0.0,0.0,0.0,0.0,0.0,0.0,0.0,0.09090909,0.0,0.0,0.0,0.0,0.0,0.0,0.0,0.0,0.0,0.0,0.0,0.0,0.0,0.0,0.0,0.0,0.0,0.0,0.0,0.0,0.0,0.0,0.0,0.0,0.0,0.0,0.0,0.0,0.0,0.0,0.0,0.0,0.0,0.0,0.0,0.0,0.0,0.0,0.0,0.0,0.0,0.0,0.150782,0.0,0.6,0.15994309,11.0,2.4849067,1.4141762,3.5489492,6.6363635
NEG::mixture::0158,0,0.0,0.0,0.0,0.0,0.2,0.0,0.2,0.0,0.4,0.0,0.0,0.0,0.0,0.0,0.0,0.0,0.2,0.2,0.0,0.0,0.0,0.0,0.0,0.0,0.0,0.0,0.0,0.0,0.0,0.0,0.0,0.0,0.0,0.0,0.0,0.0,0.0,0.0,0.0,0.0,0.0,0.0,0.0,0.0,0.0,0.0,0.0,0.0,0.0,0.0,0.0,0.0,0.0,0.0,0.0,0.0,0.0,0.0,0.0,0.0,0.0763369,0.0,0.45454547,0.1463894,5.0,1.7917595,1.5607114,2.0396078,7.2
NEG::mixture::0159,0,0.0,0.16666667,0.0,0.0,0.41666666,0.33333334,0.33333334,0.041666668,0.29166666,0.16666667,0.0,0.0,0.0,0.0,0.0,0.0,0.0,0.041666668,0.0,0.0,0.0,0.0,0.0,0.0,0.0,0.0,0.0,0.0,0.0,0.0,0.0,0.0,0.0,0.0,0.0,0.0,0.0,0.0,0.0,0.0,0.0,0.0,0.0,0.0,0.0,0.0,0.0,0.0,0.0,0.0,0.0,0.0,0.0,0.0,0.0,0.0,0.0,0.0,0.0,0.0,0.09292414,0.0,0.875,0.16098684,24.0,3.218876,1.8772788,4.690416,9.0
NEG::mixture::0160,0,0.0,0.0625,0.0,0.0,0.4375,0.0625,0.5625,0.0625,0.5,0.0,0.0,0.0,0.0,0.0,0.0,0.0,0.125,0.0,0.0,0.0,0.0,0.0625,0.0,0.0,0.0,0.0,0.0,0.0,0.0,0.0,0.0,0.0,0.0,0.0,0.0,0.0,0.0,0.0,0.0,0.0,0.0,0.0,0.0,0.0,0.0,0.0,0.0,0.0,0.0,0.0,0.0,0.0,0.0,0.0,0.0,0.0,0.0,0.0,0.0,0.0,0.12005395,0.0,0.7777778,0.13954607,16.0,2.8332133,1.6872573,3.6006727,9.3125
NEG::mixture::0161,0,0.0,0.03448276,0.0,0.0,0.62068963,0.06896552,0.06896552,0.0,0.06896552,0.0,0.0,0.0,0.0,0.0,0.0,0.0,0.0,0.13793103,0.0,0.0,0.0,0.06896552,0.0,0.0,0.0,0.0,0.0,0.0,0.0,0.0,0.0,0.0,0.0,0.0,0.0,0.0,0.0,0.0,0.0,0.0,0.0,0.0,0.0,0.0,0.0,0.0,0.0,0.0,0.0,0.0,0.0,0.0,0.0,0.03448276,0.0,0.0,0.0,0.0,0.0,0.0,0.1835083,0.0,0.71428573,0.17129442,29.0,3.4011974,1.4933292,3.069934,7.2413793
NEG::mixture::0162,0,0.025641026,0.37606838,0.025641026,0.034188036,0.15384616,0.31623933,0.24786325,0.30769232,0.15384616,0.094017096,0.0,0.034188036,0.06837607,0.23076923,0.2735043,0.23931624,0.06837607,0.034188036,0.0,0.025641026,0.0,0.008547009,0.0,0.0,0.034188036,0.0,0.0,0.0,0.0,0.008547009,0.0,0.0,0.0,0.0,0.0,0.0,0.0,0.0,0.0,0.042735044,0.0,0.0,0.0,0.0,0.0,0.0,0.0,0.0,0.0,0.0,0.0,0.0,0.0,0.0,0.0,0.0,0.0,0.0,0.0,0.0,0.08116459,0.0,0.6666667,0.12576249,117.0,4.7706847,2.671745,5.021206,9.188034
NEG::mixture::0163,0,0.041666668,0.375,0.0,0.0,0.375,0.125,0.33333334,0.0,0.33333334,0.20833333,0.0,0.0,0.0,0.0,0.0,0.0,0.0,0.0,0.0,0.0,0.0,0.0,0.0,0.0,0.0,0.0,0.0,0.0,0.0,0.0,0.0,0.0,0.0,0.0,0.0,0.0,0.041666668,0.0,0.0,0.0,0.0,0.0,0.0,0.0,0.0,0.041666668,0.0,0.0,0.0,0.0,0.0,0.0,0.0,0.0,0.0,0.0,0.0,0.0,0.0,0.0,0.102440804,0.0,0.8,0.1508487,24.0,3.218876,1.9363489,4.3283224,8.375
NEG::mixture::0164,0,0.0,0.0,0.0,0.0,0.42857143,0.0,0.14285715,0.0,0.71428573,0.0,0.0,0.0,0.0,0.0,0.0,0.0,0.0,0.0,0.0,0.0,0.0,0.0,0.0,0.0,0.0,0.0,0.0,0.0,0.0,0.0,0.0,0.0,0.0,0.0,0.0,0.0,0.0,0.0,0.0,0.0,0.0,0.0,0.0,0.0,0.0,0.0,0.0,0.0,0.0,0.0,0.0,0.0,0.0,0.0,0.0,0.0,0.0,0.0,0.0,0.0,0.07813667,0.0,0.72727275,0.15152326,7.0,2.0794415,0.93688923,5.233331,9.428572
NEG::mixture::0165,0,0.0,0.08695652,0.0,0.0,0.26086956,0.2173913,0.17391305,0.04347826,0.47826087,0.0,0.0,0.0,0.0,0.0,0.0,0.0,0.13043478,0.04347826,0.0,0.0,0.0,0.04347826,0.0,0.0,0.0,0.0,0.0,0.0,0.0,0.0,0.0,0.0,0.0,0.0,0.0,0.0,0.04347826,0.0,0.0,0.0,0.0,0.0,0.0,0.0,0.0,0.0,0.0,0.0,0.0,0.0,0.0,0.0,0.08695652,0.0,0.0,0.0,0.0,0.0,0.0,0.0,0.11149037,0.0,0.6,0.1205787,23.0,3.1780539,2.0761025,4.835674,10.086957
NEG::mixture::0166,0,0.0,0.0,0.0,0.0,0.47619048,0.3809524,0.5714286,0.0952381,0.42857143,0.0,0.0,0.0,0.0,0.0,0.0,0.0,0.0,0.0,0.0,0.0,0.0952381,0.0,0.0,0.0,0.0,0.0,0.0,0.0,0.0,0.0,0.0,0.0,0.0,0.0,0.0,0.0,0.0,0.0,0.0,0.0,0.0,0.0,0.0,0.0,0.0,0.0,0.0,0.0,0.0,0.0,0.0,0.0,0.0,0.0,0.0,0.0,0.0,0.0,0.0,0.0,0.15829398,0.0,0.85714287,0.20678833,21.0,3.0910425,1.6210176,2.6607077,8.666667
NEG::mixture::0167,0,0.0,0.0,0.0,0.0,0.6666667,0.0,0.33333334,0.0,0.5,0.0,0.0,0.0,0.0,0.0,0.0,0.0,0.0,0.0,0.0,0.0,0.0,0.0,0.0,0.0,0.0,0.0,0.0,0.0,0.0,0.0,0.0,0.0,0.0,0.0,0.0,0.0,0.0,0.0,0.0,0.0,0.0,0.0,0.0,0.0,0.0,0.0,0.0,0.0,0.0,0.0,0.0,0.0,0.0,0.0,0.0,0.0,0.0,0.0,0.0,0.0,0.22610876,0.0,1.0,0.32028666,12.0,2.5649493,1.0608578,3.252136,7.9166665
NEG::mixture::0168,0,0.0,0.0,0.0,0.0,0.0,0.16666667,0.5,0.25,0.25,0.0,0.0,0.0,0.0,0.0,0.0,0.0,0.083333336,0.16666667,0.0,0.0,0.0,0.25,0.0,0.0,0.0,0.0,0.0,0.0,0.0,0.0,0.0,0.0,0.0,0.0,0.0,0.0,0.0,0.0,0.0,0.0,0.0,0.0,0.0,0.0,0.0,0.0,0.0,0.0,0.0,0.0,0.0,0.0,0.0,0.0,0.0,0.0,0.0,0.0,0.0,0.0,0.09078637,0.0,0.61538464,0.13812384,12.0,2.5649493,1.8252001,3.0310888,7.25
NEG::mixture::0169,0,0.0,0.56,0.0,0.0,0.04,0.08,0.44,0.04,0.28,0.0,0.0,0.0,0.0,0.0,0.0,0.0,0.2,0.08,0.56,0.0,0.12,0.0,0.0,0.0,0.0,0.0,0.0,0.0,0.0,0.0,0.0,0.0,0.0,0.0,0.0,0.0,0.0,0.0,0.0,0.0,0.0,0.0,0.0,0.0,0.0,0.0,0.0,0.0,0.0,0.0,0.0,0.0,0.0,0.0,0.0,0.0,0.0,0.0,0.0,0.0,0.39433482,0.0,1.0,0.35137993,25.0,3.2580965,1.9608877,3.135347,7.36
NEG::mixture::0170,0,0.0,0.0,0.0,0.0,0.7894737,0.28947368,0.5263158,0.10526316,0.57894737,0.0,0.0,0.0,0.0,0.0,0.05263158,0.0,0.0,0.0,0.0,0.0,0.0,0.02631579,0.0,0.0,0.0,0.0,0.0,0.0,0.28947368,0.0,0.0,0.0,0.0,0.0,0.0,0.0,0.15789473,0.0,0.0,0.0,0.0,0.0,0.0,0.0,0.0,0.0,0.0,0.0,0.0,0.0,0.0,0.0,0.0,0.0,0.0,0.0,0.0,0.0,0.0,0.0,0.10098266,0.0,0.57894737,0.08840975,38.0,3.6635616,1.8654532,6.1682887,14.289474
NEG::mixture::0171,0,0.0,0.0,0.0,0.0,0.5,0.5,0.5,0.0,0.16666667,0.0,0.0,0.0,0.0,0.0,0.0,0.0,0.0,0.0,0.0,0.0,0.0,0.0,0.0,0.0,0.0,0.0,0.0,0.0,0.0,0.0,0.0,0.0,0.0,0.0,0.0,0.0,0.0,0.0,0.0,0.0,0.0,0.0,0.0,0.0,0.0,0.0,0.0,0.0,0.0,0.0,0.0,0.0,0.0,0.0,0.0,0.0,0.0,0.0,0.0,0.0,0.10781885,0.0,0.46153846,0.13334262,6.0,1.9459101,1.3138348,2.309401,7.0
NEG::mixture::0172,0,0.46666667,0.0,0.0,0.0,0.08888889,0.33333334,0.2,0.11111111,0.08888889,0.0,0.15555556,0.0,0.0,0.022222223,0.044444446,0.022222223,0.0,0.0,0.0,0.0,0.0,0.022222223,0.06666667,0.0,0.0,0.0,0.0,0.0,0.0,0.0,0.0,0.06666667,0.0,0.0,0.0,0.0,0.0,0.0,0.0,0.0,0.0,0.0,0.0,0.0,0.0,0.0,0.0,0.0,0.0,0.0,0.0,0.0,0.0,0.0,0.0,0.0,0.0,0.0,0.0,0.0,0.13618898,0.0,0.90909094,0.14799862,45.0,3.8286414,2.1587913,3.220766,7.733333
NEG::mixture::0173,0,0.0,0.0,0.0,0.0,0.6923077,0.07692308,0.46153846,0.23076923,0.46153846,0.0,0.0,0.0,0.0,0.0,0.0,0.0,0.07692308,0.0,0.0,0.0,0.0,0.07692308,0.0,0.0,0.0,0.0,0.0,0.0,0.0,0.0,0.0,0.0,0.0,0.0,0.0,0.0,0.0,0.0,0.0,0.0,0.0,0.0,0.0,0.0,0.0,0.0,0.0,0.0,0.0,0.0,0.0,0.0,0.0,0.0,0.0,0.0,0.0,0.0,0.0,0.0,0.11482266,0.0,0.84615386,0.16151154,13.0,2.6390574,1.6450236,4.2704434,7.6153846
NEG::mixture::0174,0,0.0,0.0,0.0,0.0,0.875,0.0,0.0,0.125,0.125,0.0,0.0,0.0,0.0,0.0,0.0,0.0,0.25,0.0,0.0,0.0,0.0,0.0,0.0,0.0,0.0,0.0,0.0,0.0,0.0,0.0,0.0,0.0,0.0,0.0,0.0,0.0,0.0,0.0,0.0,0.0,0.0,0.0,0.0,0.0,0.0,0.0,0.0,0.0,0.0,0.0,0.0,0.0,0.0,0.0,0.0,0.0,0.0,0.0,0.0,0.0,0.17214172,0.0,0.8,0.21281877,8.0,2.1972246,1.0335629,2.2220485,6.25
NEG::mixture::0175,0,0.0,0.073529415,0.014705882,0.0,0.23529412,0.11764706,0.3529412,0.10294118,0.2647059,0.0,0.0,0.0,0.0,0.0,0.0,0.0,0.029411765,0.014705882,0.0,0.0,0.029411765,0.029411765,0.0,0.0,0.0,0.0,0.0,0.0,0.29411766,0.0,0.0,0.0,0.0,0.0,0.0,0.0,0.0,0.0,0.0,0.0,0.0,0.0,0.0,0.0,0.0,0.0,0.0,0.0,0.0,0.0,0.029411765,0.0,0.04411765,0.0,0.0,0.0,0.0,0.0,0.0,0.0,0.062444396,0.0,1.0,0.15234323,68.0,4.2341065,2.1895204,3.788756,8.705882
NEG::mixture::0176,0,0.0,0.0,0.0,0.0,0.6923077,0.07692308,0.61538464,0.0,0.61538464,0.0,0.0,0.0,0.0,0.0,0.0,0.0,0.0,0.0,0.0,0.0,0.0,0.15384616,0.0,0.0,0.0,0.0,0.0,0.0,0.30769232,0.0,0.07692308,0.0,0.0,0.0,0.0,0.0,0.15384616,0.0,0.0,0.0,0.0,0.0,0.0,0.0,0.0,0.0,0.0,0.0,0.0,0.0,0.0,0.0,0.0,0.0,0.0,0.0,0.0,0.0,0.0,0.0,0.14973636,0.0,0.8333333,0.16560622,13.0,2.6390574,1.8020955,7.053473,12.307693
NEG::mixture::0177,0,0.0,0.0,0.0,0.0,0.5555556,0.0,0.5555556,0.0,0.5555556,0.0,0.0,0.0,0.0,0.0,0.0,0.0,0.0,0.0,0.0,0.0,0.0,0.11111111,0.0,0.0,0.0,0.0,0.0,0.0,0.0,0.0,0.0,0.0,0.0,0.0,0.0,0.0,0.0,0.0,0.0,0.0,0.0,0.0,0.0,0.0,0.0,0.0,0.0,0.0,0.0,0.0,0.0,0.0,0.0,0.0,0.0,0.0,0.0,0.0,0.0,0.0,0.16937892,0.0,1.0,0.22222088,9.0,2.3025851,1.2637414,2.6666667,4.6666665
NEG::mixture::0178,0,0.0,0.0,0.0,0.0,0.0,0.0,0.57894737,0.05263158,0.2631579,0.0,0.0,0.0,0.0,0.0,0.0,0.0,0.15789473,0.0,0.05263158,0.0,0.0,0.0,0.0,0.0,0.0,0.0,0.0,0.0,0.0,0.0,0.0,0.0,0.0,0.0,0.0,0.0,0.0,0.0,0.15789473,0.0,0.05263158,0.0,0.0,0.0,0.0,0.0,0.15789473,0.0,0.0,0.0,0.0,0.0,0.0,0.0,0.0,0.0,0.0,0.0,0.0,0.0,0.12827885,0.0,1.0,0.19210342,19.0,2.9957323,1.7496499,3.3162072,7.0526314
NEG::mixture::0179,0,0.0,0.0,0.0,0.0,0.27272728,0.09090909,0.6363636,0.0,0.18181819,0.0,0.0,0.0,0.0,0.0,0.0,0.0,0.36363637,0.27272728,0.0,0.0,0.0,0.0,0.0,0.0,0.0,0.0,0.0,0.0,0.0,0.0,0.0,0.0,0.0,0.0,0.0,0.0,0.0,0.0,0.0,0.0,0.0,0.0,0.0,0.0,0.0,0.0,0.0,0.0,0.0,0.0,0.0,0.0,0.0,0.0,0.0,0.0,0.0,0.0,0.0,0.0,0.12187303,0.0,1.0,0.18126541,11.0,2.4849067,1.638507,3.2777739,4.7272725
NEG::mixture::0180,0,0.0,0.04761905,0.0,0.0,0.6666667,0.0952381,0.1904762,0.0,0.33333334,0.0,0.0,0.0,0.0,0.0,0.0,0.0,0.1904762,0.04761905,0.0,0.0,0.0,0.0,0.0,0.0,0.0,0.0,0.0,0.0,0.0,0.0,0.0,0.0,0.0,0.0,0.0,0.0,0.0,0.0,0.0,0.0,0.04761905,0.0,0.0,0.0,0.0,0.0,0.0,0.0,0.0,0.0,0.0,0.0,0.0,0.0,0.0,0.0,0.0,0.0,0.0,0.0,0.111592025,0.0,1.0,0.17484125,21.0,3.0910425,1.6721017,4.4237046,7.3809524
NEG::mixture::0181,0,0.0,0.10810811,0.0,0.0,0.21621622,0.054054055,0.4054054,0.0,0.27027026,0.0,0.0,0.0,0.0,0.0,0.0,0.0,0.1891892,0.0,0.10810811,0.0,0.027027028,0.0,0.0,0.0,0.0,0.0,0.0,0.0,0.0,0.0,0.0,0.0,0.0,0.0,0.0,0.0,0.0,0.0,0.08108108,0.0,0.0,0.0,0.0,0.0,0.0,0.0,0.08108108,0.0,0.0,0.0,0.0,0.0,0.054054055,0.0,0.0,0.0,0.0,0.0,0.0,0.0,0.11074781,0.0,0.8333333,0.16871291,37.0,3.637586,2.1392648,3.0615788,7.243243
NEG::mixture::0182,0,0.0,0.0,0.0,0.0,0.7777778,0.11111111,0.0,0.44444445,0.22222222,0.0,0.0,0.0,0.0,0.0,0.0,0.0,0.0,0.0,0.0,0.0,0.0,0.0,0.0,0.0,0.0,0.0,0.0,0.0,0.44444445,0.0,0.0,0.11111111,0.0,0.0,0.0,0.0,0.11111111,0.0,0.0,0.11111111,0.0,0.0,0.0,0.0,0.0,0.0,0.0,0.0,0.0,0.0,0.0,0.0,0.0,0.0,0.0,0.0,0.0,0.0,0.0,0.0,0.18140788,0.0,0.75,0.2423367,9.0,2.3025851,1.8017601,5.773503,10.333333
NEG::mixture::0183,0,0.0,0.06896552,0.0,0.0,0.31034482,0.12068965,0.36206895,0.2413793,0.1724138,0.0,0.0,0.0,0.05172414,0.0,0.0,0.0,0.06896552,0.05172414,0.0,0.01724138,0.01724138,0.01724138,0.0,0.0,0.0,0.0,0.0,0.0,0.01724138,0.0,0.0,0.0,0.0,0.0,0.03448276,0.0,0.0,0.0,0.0,0.0,0.03448276,0.0,0.0,0.0,0.0,0.0,0.0,0.0,0.0,0.0,0.0,0.0,0.0,0.0,0.0,0.0,0.0,0.0,0.0,0.0,0.08439451,0.0,1.0,0.16679417,58.0,4.0775375,2.2390685,4.0439396,8.5
NEG::mixture::0184,0,0.0,0.0,0.0,0.0,0.7619048,0.0952381,0.23809524,0.0,0.0,0.0,0.0,0.0,0.0,0.0,0.0,0.0,0.14285715,0.14285715,0.0,0.0,0.0,0.0,0.0,0.0,0.0,0.0,0.0,0.0,0.04761905,0.0,0.0,0.0,0.0,0.0,0.0,0.0,0.0,0.0,0.0,0.0,0.0,0.0,0.0,0.0,0.0,0.0,0.0,0.0,0.0,0.0,0.0,0.0,0.0,0.0,0.0,0.0,0.0,0.0,0.0,0.0,0.14282396,0.0,1.0,0.17993097,21.0,3.0910425,1.3883122,4.812116,6.285714
NEG::mixture::0185,0,0.0,0.0,0.016129032,0.0,0.4516129,0.08064516,0.7096774,0.5645161,0.41935483,0.0,0.08064516,0.0,0.0,0.0,0.0,0.0,0.0,0.0,0.0,0.0,0.0,0.09677419,0.0,0.0,0.0,0.0,0.0,0.0,0.14516129,0.0,0.0,0.016129032,0.0,0.0,0.016129032,0.0,0.0,0.0,0.0,0.0,0.0,0.0,0.0,0.0,0.0,0.0,0.0,0.0,0.0,0.0,0.0,0.0,0.0,0.0,0.0,0.0,0.0,0.0,0.0,0.0,0.09989613,0.0,0.7777778,0.11980698,62.0,4.1431346,1.8790835,4.3887568,9.645162
NEG::mixture::0186,0,0.41379312,0.0,0.0,0.0,0.13793103,0.2413793,0.10344828,0.0,0.10344828,0.0,0.2413793,0.0,0.0,0.0,0.0,0.0,0.0,0.0,0.0,0.0,0.0,0.03448276,0.0,0.0,0.0,0.0,0.0,0.0,0.0,0.0,0.0,0.0,0.0,0.06896552,0.0,0.0,0.0,0.0,0.0,0.0,0.0,0.0,0.0,0.0,0.0,0.0,0.0,0.0,0.0,0.0,0.0,0.0,0.0,0.0,0.0,0.0,0.0,0.0,0.0,0.0,0.20790596,0.0,0.6666667,0.17718449,29.0,3.4011974,1.8536966,5.491968,9.103448
NEG::mixture::0187,0,0.0,0.18181819,0.0,0.0,0.18181819,0.0,0.18181819,0.0,0.0,0.0,0.0,0.0,0.0,0.0,0.0,0.0,0.0,0.27272728,0.18181819,0.0,0.0,0.09090909,0.0,0.0,0.0,0.0,0.0,0.0,0.0,0.0,0.0,0.0,0.0,0.0,0.0,0.0,0.0,0.0,0.0,0.0,0.0,0.0,0.0,0.0,0.0,0.0,0.0,0.0,0.0,0.0,0.0,0.0,0.0,0.0,0.0,0.0,0.0,0.0,0.0,0.0,0.07495104,0.0,1.0,0.15997753,11.0,2.4849067,1.7481564,5.398194,6.6363635
NEG::mixture::0188,0,0.0,0.0,0.0,0.0,0.8333333,0.0,0.44444445,0.055555556,0.055555556,0.0,0.0,0.0,0.0,0.0,0.0,0.0,0.055555556,0.0,0.0,0.0,0.0,0.0,0.0,0.0,0.0,0.0,0.0,0.0,0.0,0.0,0.0,0.0,0.0,0.0,0.0,0.0,0.0,0.0,0.0,0.0,0.0,0.0,0.0,0.0,0.0,0.0,0.0,0.0,0.0,0.0,0.0,0.0,0.0,0.0,0.0,0.0,0.0,0.0,0.0,0.0,0.1710493,0.0,1.0,0.22389369,18.0,2.944439,1.0559325,3.1135902,7.8333335
NEG::mixture::0189,0,0.0,0.42682928,0.0,0.0,0.3292683,0.07317073,0.34146342,0.5121951,0.3292683,0.31707317,0.0,0.0,0.0,0.0,0.0121951215,0.0,0.036585364,0.0,0.0,0.0121951215,0.0121951215,0.0,0.0,0.0,0.0,0.0,0.0,0.0,0.15853658,0.0,0.0121951215,0.0,0.0,0.0,0.0,0.0121951215,0.024390243,0.0,0.0,0.0,0.0,0.0,0.0,0.0,0.0,0.0,0.0,0.0,0.0,0.0,0.0121951215,0.0,0.0,0.0,0.0,0.0,0.0,0.0,0.0,0.0,0.084500715,0.0,0.7,0.13116162,82.0,4.4188404,2.179086,5.688799,9.597561
NEG::mixture::0190,0,0.0,0.0,0.05263158,0.0,0.21052632,0.10526316,0.68421054,0.0,0.2631579,0.0,0.0,0.0,0.0,0.0,0.0,0.0,0.05263158,0.0,0.0,0.0,0.05263158,0.0,0.0,0.0,0.0,0.0,0.0,0.0,0.05263158,0.0,0.0,0.0,0.0,0.0,0.0,0.0,0.0,0.0,0.0,0.0,0.0,0.0,0.0,0.0,0.0,0.0,0.0,0.0,0.0,0.0,0.0,0.0,0.0,0.0,0.0,0.0,0.0,0.0,0.0,0.0,0.08461758,0.0,0.71428573,0.11708491,19.0,2.9957323,1.6063837,2.77304,6.6842103
NEG::mixture::0191,0,0.0,0.42857143,0.0,0.0,0.71428573,0.0,0.2857143,0.14285715,0.0,0.0,0.0,0.0,0.0,0.0,0.0,0.0,0.0,0.0,0.0,0.0,0.0,0.0,0.0,0.0,0.0,0.0,0.0,0.0,0.0,0.0,0.0,0.0,0.0,0.0,0.0,0.0,0.0,0.0,0.0,0.0,0.14285715,0.0,0.0,0.0,0.0,0.0,0.0,0.0,0.0,0.0,0.0,0.0,0.0,0.0,0.0,0.14285715,0.0,0.0,0.0,0.0,0.1592483,0.0,0.90909094,0.20681104,7.0,2.0794415,1.5857714,2.3904572,7.0
NEG::mixture::0192,0,0.0,0.055555556,0.0,0.0,0.5555556,0.0,0.11111111,0.055555556,0.22222222,0.0,0.0,0.0,0.0,0.0,0.0,0.0,0.16666667,0.055555556,0.0,0.0,0.0,0.0,0.0,0.0,0.0,0.0,0.0,0.0,0.0,0.0,0.0,0.0,0.0,0.0,0.0,0.0,0.055555556,0.0,0.0,0.0,0.0,0.0,0.0,0.0,0.0,0.0,0.0,0.0,0.0,0.0,0.0,0.0,0.0,0.0,0.0,0.33333334,0.0,0.0,0.0,0.0,0.06726612,0.0,0.5,0.09487794,18.0,2.944439,1.849927,2.5049334,6.9444447
NEG::mixture::0193,0,0.0,0.0,0.0,0.0,0.35714287,0.14285715,0.21428572,0.0,0.14285715,0.0,0.0,0.0,0.0,0.0,0.0,0.0,0.071428575,0.071428575,0.0,0.0,0.0,0.0,0.0,0.0,0.0,0.0,0.0,0.0,0.0,0.0,0.0,0.0,0.0,0.0,0.0,0.0,0.0,0.0,0.0,0.0,0.0,0.0,0.0,0.0,0.0,0.0,0.0,0.0,0.0,0.0,0.0,0.0,0.0,0.0,0.0,0.0,0.0,0.0,0.0,0.0,0.09858521,0.0,0.8,0.17566265,14.0,2.7080503,1.6308002,3.5376978,5.642857
NEG::mixture::0194,0,0.0,0.13043478,0.0,0.0,0.5652174,0.0,0.13043478,0.04347826,0.2173913,0.0,0.0,0.0,0.3478261,0.0,0.0,0.0,0.04347826,0.0,0.0,0.0,0.0,0.04347826,0.0,0.0,0.0,0.0,0.0,0.0,0.0,0.0,0.0,0.0,0.0,0.0,0.0,0.0,0.0,0.0,0.0,0.0,0.0,0.0,0.0,0.0,0.0,0.0,0.0,0.0,0.0,0.0,0.0,0.0,0.0,0.04347826,0.0,0.0,0.0,0.0,0.0,0.0,0.10306815,0.0,0.7,0.14232105,23.0,3.1780539,1.7885547,2.4246686,8.652174
NEG::mixture::0195,0,0.0,0.0,0.0,0.0,0.71428573,0.14285715,0.71428573,0.0,0.2857143,0.0,0.0,0.0,0.0,0.0,0.0,0.0,0.0,0.0,0.0,0.0,0.0,0.0,0.0,0.0,0.0,0.0,0.0,0.0,0.0,0.0,0.0,0.0,0.0,0.0,0.0,0.0,0.0,0.0,0.0,0.0,0.0,0.0,0.0,0.0,0.0,0.0,0.0,0.0,0.0,0.0,0.0,0.0,0.0,0.0,0.0,0.0,0.0,0.0,0.0,0.0,0.14067897,0.0,0.7222222,0.17236027,7.0,2.0794415,1.2202828,3.7361991,11.428572
NEG::mixture::0196,0,0.02631579,0.02631579,0.0,0.0,0.4473684,0.15789473,0.6052632,0.15789473,0.5263158,0.0,0.0,0.0,0.0,0.0,0.078947365,0.0,0.078947365,0.02631579,0.0,0.0,0.0,0.05263158,0.0,0.0,0.0,0.0,0.0,0.0,0.15789473,0.0,0.0,0.0,0.0,0.0,0.0,0.02631579,0.05263158,0.0,0.0,0.0,0.0,0.0,0.0,0.0,0.0,0.0,0.0,0.0,0.0,0.0,0.0,0.0,0.0,0.0,0.0,0.0,0.0,0.0,0.0,0.0,0.09823821,0.0,0.73333335,0.13018724,38.0,3.6635616,2.1107936,5.1487565,10.263158
NEG::mixture::0197,0,0.0,0.09090909,0.0,0.0,0.6363636,0.0,0.27272728,0.09090909,0.18181819,0.0,0.0,0.0,0.0,0.0,0.0,0.0,0.09090909,0.0,0.0,0.0,0.0,0.09090909,0.0,0.0,0.0,0.0,0.0,0.0,0.0,0.0,0.0,0.0,0.0,0.0,0.0,0.0,0.0,0.0,0.0,0.0,0.0,0.0,0.0,0.0,0.0,0.0,0.0,0.0,0.0,0.0,0.0,0.0,0.0,0.0,0.0,0.0,0.0,0.0,0.0,0.0,0.09011276,0.0,1.0,0.17243858,11.0,2.4849067,1.6286206,3.7372372,5.818182
NEG::mixture::0198,0,0.0,0.0,0.0,0.0,0.2857143,0.0,0.2857143,0.0,0.14285715,0.0,0.0,0.0,0.0,0.0,0.0,0.0,0.0,0.0,0.0,0.0,0.0,0.0,0.0,0.0,0.0,0.0,0.0,0.0,0.2857143,0.0,0.0,0.0,0.0,0.0,0.0,0.0,0.0,0.0,0.0,0.0,0.0,0.0,0.0,0.0,0.0,0.0,0.0,0.0,0.0,0.0,0.0,0.0,0.0,0.0,0.0,0.0,0.0,0.0,0.0,0.0,0.1866969,0.0,1.0,0.37118703,7.0,2.0794415,1.3517852,3.5456212,5.0
NEG::mixture::0199,0,0.0,0.125,0.0,0.0,0.5,0.125,0.4375,0.0,0.375,0.0,0.0,0.0,0.0,0.0,0.0,0.0625,0.0625,0.0,0.0,0.0,0.0,0.0,0.0,0.0,0.0,0.0,0.0,0.0,0.0,0.0,0.0,0.0,0.0,0.0,0.0,0.0,0.0625,0.0,0.0,0.0,0.0,0.0,0.0,0.0,0.0,0.0,0.0,0.0,0.0,0.0,0.0,0.0,0.0,0.0,0.0,0.0,0.0,0.0,0.0,0.0,0.08344358,0.0,0.5714286,0.09685332,16.0,2.8332133,1.7686319,5.8935876,9.375
NEG::mixture::0200,0,0.0,0.035714287,0.0,0.0,0.35714287,0.14285715,0.42857143,0.10714286,0.39285713,0.0,0.0,0.0,0.0,0.0,0.0,0.0,0.21428572,0.035714287,0.035714287,0.0,0.0,0.0,0.0,0.0,0.0,0.0,0.0,0.0,0.0,0.0,0.0,0.0,0.0,0.0,0.0,0.0,0.035714287,0.0,0.10714286,0.0,0.035714287,0.0,0.0,0.0,0.0,0.0,0.10714286,0.0,0.0,0.0,0.0,0.0,0.035714287,0.0,0.0,0.0,0.0,0.0,0.0,0.0,0.15622783,0.0,0.8,0.21039303,28.0,3.3672957,2.243119,5.037107,8.357142
NEG::mixture::0201,0,0.0,0.0,0.0,0.0,0.0,0.16666667,0.8333333,0.0,0.16666667,0.0,0.0,0.0,0.0,0.0,0.0,0.0,0.0,0.0,0.0,0.0,0.0,0.0,0.0,0.0,0.0,0.0,0.0,0.0,0.0,0.0,0.0,0.0,0.0,0.0,0.0,0.0,0.0,0.0,0.0,0.0,0.0,0.0,0.0,0.0,0.0,0.0,0.0,0.0,0.0,0.0,0.0,0.0,0.0,0.0,0.0,0.0,0.0,0.0,0.0,0.0,0.12600242,0.0,0.625,0.15820165,6.0,1.9459101,0.7963127,4.5338235,6.6666665
NEG::mixture::0202,0,0.0,0.71428573,0.0,0.0,0.14285715,0.42857143,0.0,0.0,0.2857143,0.0,0.0,0.0,0.0,0.0,0.0,0.0,0.14285715,0.14285715,0.71428573,0.0,0.0,0.0,0.0,0.0,0.0,0.0,0.0,0.0,0.0,0.0,0.0,0.0,0.0,0.0,0.0,0.0,0.0,0.0,0.0,0.0,0.0,0.0,0.0,0.0,0.0,0.0,0.0,0.0,0.0,0.0,0.0,0.0,0.0,0.0,0.0,0.0,0.0,0.0,0.0,0.0,0.15235133,0.0,0.5,0.132204,7.0,2.0794415,1.7361217,3.380617,12.0
NEG::mixture::0203,0,0.0,0.0,0.0,0.0,0.5,0.125,0.625,0.375,0.5,0.0,0.0,0.0,0.0,0.0,0.0,0.0,0.0,0.0,0.125,0.0,0.0,0.0,0.0,0.0,0.0,0.0,0.0,0.0,0.0,0.0,0.0,0.0,0.0,0.0,0.0,0.0,0.0,0.0,0.0,0.0,0.0,0.0,0.0,0.0,0.0,0.0,0.0,0.0,0.0,0.0,0.0,0.0,0.0,0.0,0.0,0.0,0.0,0.0,0.0,0.0,0.16175894,0.0,0.84615386,0.23804843,8.0,2.1972246,1.6440732,4.2112203,9.375
NEG::mixture::0204,0,0.014492754,0.1594203,0.0,0.0,0.20289855,0.49275362,0.3768116,0.057971016,0.2173913,0.014492754,0.08695652,0.10144927,0.0,0.0,0.0,0.0,0.057971016,0.0,0.0,0.0,0.014492754,0.04347826,0.014492754,0.0,0.0,0.028985508,0.0,0.0,0.0,0.0,0.0,0.0,0.0,0.0,0.0,0.0,0.0,0.0,0.0,0.0,0.0,0.0,0.0,0.0,0.0,0.0,0.0,0.0,0.0,0.0,0.0,0.0,0.0,0.0,0.0,0.0,0.0,0.0,0.0,0.0,0.07751193,0.0,0.5,0.10414768,69.0,4.248495,2.1852612,4.4954643,8.391304
NEG::mixture::0205,0,0.0,0.071428575,0.0,0.0,0.39285713,0.10714286,0.4642857,0.035714287,0.32142857,0.0,0.0,0.0,0.0,0.0,0.0,0.0,0.0,0.0,0.035714287,0.0,0.0,0.035714287,0.0,0.0,0.0,0.0,0.0,0.0,0.0,0.0,0.035714287,0.0,0.0,0.0,0.035714287,0.0,0.0,0.0,0.0,0.0,0.0,0.0,0.0,0.0,0.0,0.0,0.0,0.0,0.0,0.0,0.0,0.0,0.0,0.0,0.0,0.0,0.0,0.0,0.0,0.0,0.097590044,0.0,0.6,0.12105521,28.0,3.3672957,1.8035649,5.627352,10.107142
NEG::mixture::0206,0,0.0,0.0,0.0,0.0,0.27272728,0.09090909,0.54545456,0.36363637,0.6363636,0.0,0.0,0.0,0.0,0.0,0.0,0.0,0.09090909,0.0,0.0,0.0,0.0,0.0,0.0,0.0,0.0,0.0,0.0,0.0,0.18181819,0.0,0.0,0.0,0.0,0.0,0.0,0.0,0.0,0.0,0.0,0.0,0.0,0.0,0.0,0.0,0.0,0.0,0.0,0.0,0.0,0.0,0.09090909,0.0,0.0,0.0,0.0,0.0,0.0,0.0,0.0,0.0,0.13982873,0.0,1.0,0.21821715,11.0,2.4849067,1.8349068,3.2192602,8.0
NEG::mixture::0207,0,0.0,0.0,0.0,0.0,0.8888889,0.33333334,0.33333334,0.11111111,0.33333334,0.0,0.0,0.0,0.0,0.0,0.0,0.0,0.0,0.0,0.0,0.0,0.0,0.11111111,0.0,0.0,0.0,0.0,0.0,0.0,0.0,0.0,0.0,0.0,0.0,0.0,0.0,0.0,0.0,0.0,0.0,0.0,0.0,0.0,0.0,0.0,0.0,0.0,0.0,0.0,0.0,0.0,0.0,0.0,0.0,0.0,0.0,0.0,0.0,0.0,0.0,0.0,0.11483376,0.0,0.3,0.07963778,9.0,2.3025851,1.5484899,3.392075,8.222222
NEG::mixture::0208,0,0.0,0.019607844,0.0,0.0,0.50980395,0.078431375,0.47058824,0.09803922,0.4509804,0.0,0.0,0.0,0.0,0.0,0.019607844,0.0,0.11764706,0.078431375,0.0,0.0,0.019607844,0.019607844,0.0,0.0,0.0,0.0,0.0,0.0,0.19607843,0.0,0.0,0.019607844,0.0,0.0,0.0,0.0,0.039215688,0.0,0.0,0.0,0.0,0.0,0.0,0.0,0.0,0.0,0.0,0.0,0.0,0.0,0.0,0.0,0.0,0.0,0.0,0.0,0.0,0.0,0.0,0.0,0.067065224,0.0,0.7777778,0.116579466,51.0,3.9512436,2.0546472,5.151977,9.078431
NEG::mixture::0209,0,0.0,0.0,0.0,0.0,0.0,0.75,0.875,0.125,0.125,0.0,0.0,0.0,0.0,0.0,0.0,0.0,0.0,0.0,0.0,0.0,0.125,0.25,0.0,0.0,0.0,0.0,0.0,0.0,0.0,0.0,0.0,0.0,0.0,0.0,0.0,0.0,0.0,0.0,0.0,0.0,0.0,0.0,0.0,0.0,0.0,0.0,0.0,0.0,0.0,0.0,0.0,0.0,0.0,0.0,0.0,0.0,0.0,0.0,0.0,0.0,0.15260252,0.0,0.8,0.16715962,8.0,2.1972246,1.4593599,3.6314597,7.75
NEG::mixture::0210,0,0.0,0.09090909,0.0,0.0,0.5090909,0.2,0.5090909,0.12727273,0.43636364,0.0,0.0,0.0,0.0,0.018181818,0.018181818,0.0,0.018181818,0.0,0.0,0.018181818,0.0,0.0,0.0,0.0,0.0,0.0,0.0,0.0,0.0,0.0,0.0,0.0,0.0,0.0,0.0,0.0,0.018181818,0.0,0.0,0.0,0.0,0.0,0.0,0.0,0.0,0.0,0.0,0.0,0.0,0.0,0.0,0.0,0.0,0.0,0.0,0.0,0.0,0.0,0.0,0.0,0.07864874,0.0,0.72727275,0.09689711,55.0,4.0253515,1.8032229,3.827521,9.509091
NEG::mixture::0211,0,0.0,0.0,0.0,0.0,0.33333334,0.13333334,0.3,0.033333335,0.3,0.0,0.0,0.0,0.0,0.0,0.0,0.0,0.0,0.0,0.0,0.033333335,0.0,0.033333335,0.0,0.0,0.0,0.0,0.0,0.0,0.06666667,0.0,0.0,0.0,0.0,0.0,0.0,0.0,0.0,0.0,0.0,0.0,0.0,0.0,0.0,0.0,0.0,0.0,0.0,0.0,0.0,0.0,0.0,0.0,0.0,0.0,0.0,0.0,0.0,0.0,0.0,0.0,0.100531824,0.0,0.8125,0.20376481,30.0,3.4339871,1.7323413,4.213866,9.9
NEG::mixture::0212,0,0.0,0.0,0.0,0.0,0.32692307,0.115384616,0.65384614,0.09615385,0.3846154,0.0,0.0,0.0,0.0,0.0,0.0,0.0,0.09615385,0.01923077,0.01923077,0.0,0.03846154,0.01923077,0.0,0.0,0.0,0.0,0.0,0.0,0.21153846,0.0,0.0,0.0,0.0,0.0,0.0,0.0,0.01923077,0.0,0.01923077,0.0,0.01923077,0.0,0.0,0.0,0.0,0.0,0.01923077,0.0,0.0,0.0,0.0,0.0,0.0,0.0,0.0,0.0,0.0,0.0,0.0,0.0,0.11034613,0.0,1.0,0.16896565,52.0,3.9702919,2.031861,4.1225224,8.25
NEG::mixture::0213,0,0.0,0.09677419,0.0,0.010752688,0.43010753,0.07526882,0.20430107,0.032258064,0.21505377,0.0,0.0,0.0,0.0,0.0,0.0,0.0,0.05376344,0.032258064,0.0,0.0,0.010752688,0.0,0.0,0.0,0.0,0.0,0.0,0.0,0.5913978,0.0,0.0,0.010752688,0.0,0.010752688,0.0,0.0,0.0,0.0,0.010752688,0.0,0.0,0.0,0.0,0.021505376,0.0,0.0,0.0,0.0,0.0,0.0,0.0,0.0,0.0,0.0,0.0,0.0,0.0,0.0,0.0,0.0,0.10184132,0.0,1.0,0.16922173,93.0,4.543295,1.9499226,3.757476,7.451613
NEG::mixture::0214,0,0.0,0.0,0.0,0.0,0.8333333,0.16666667,0.5,0.0,0.16666667,0.0,0.0,0.0,0.0,0.0,0.0,0.0,0.0,0.0,0.0,0.0,0.0,0.0,0.0,0.0,0.0,0.0,0.0,0.0,0.0,0.0,0.0,0.0,0.0,0.0,0.0,0.0,0.0,0.0,0.0,0.0,0.0,0.0,0.0,0.0,0.0,0.0,0.0,0.0,0.0,0.0,0.0,0.0,0.0,0.0,0.0,0.0,0.0,0.0,0.0,0.0,0.0952272,0.0,0.4,0.094437756,6.0,1.9459101,1.1682831,2.560382,7.3333335
NEG::mixture::0215,0,0.0,0.0,0.0,0.0,0.8181818,0.18181819,0.8181818,0.0,0.27272728,0.0,0.0,0.0,0.0,0.0,0.0,0.0,0.0,0.0,0.0,0.0,0.0,0.09090909,0.0,0.0,0.0,0.0,0.0,0.0,0.0,0.0,0.0,0.0,0.0,0.0,0.0,0.0,0.0,0.0,0.0,0.0,0.0,0.0,0.0,0.0,0.0,0.0,0.0,0.0,0.0,0.0,0.0,0.0,0.0,0.0,0.0,0.0,0.0,0.0,0.0,0.0,0.31861424,0.0,1.0,0.27159047,11.0,2.4849067,1.3350471,2.7663863,10.272727
NEG::mixture::0216,0,0.0,0.0,0.0,0.0,0.46875,0.09375,0.8125,0.4375,0.5,0.0,0.0,0.0,0.0,0.0,0.0,0.0,0.09375,0.03125,0.0,0.0,0.0,0.0,0.0,0.0,0.0,0.0,0.0,0.0,0.0,0.0,0.0,0.0,0.0,0.0,0.0,0.0,0.0,0.0,0.0,0.0,0.0,0.0,0.0,0.0,0.0,0.0,0.0,0.0,0.0,0.0,0.0,0.0,0.0,0.0,0.0,0.0,0.0,0.0,0.0,0.0,0.13612278,0.0,0.8,0.14893104,32.0,3.4965076,1.6229764,3.3117628,9.03125
NEG::mixture::0217,0,0.0,0.13333334,0.0,0.0,0.16666667,0.033333335,0.3,0.1,0.06666667,0.0,0.0,0.0,0.0,0.0,0.0,0.0,0.033333335,0.033333335,0.0,0.0,0.0,0.06666667,0.0,0.0,0.0,0.0,0.0,0.0,0.0,0.0,0.0,0.0,0.0,0.0,0.0,0.0,0.0,0.0,0.0,0.0,0.0,0.0,0.0,0.0,0.0,0.0,0.033333335,0.0,0.0,0.0,0.0,0.0,0.0,0.0,0.0,0.0,0.0,0.0,0.0,0.0,0.061159026,0.0,0.6,0.09468996,30.0,3.4339871,2.0074413,3.029668,6.4333334
NEG::mixture::0218,0,0.0,0.5,0.0,0.0,0.16666667,0.16666667,0.33333334,0.16666667,0.0,0.0,0.0,0.0,0.0,0.0,0.0,0.0,0.0,0.0,0.0,0.0,0.0,0.0,0.0,0.0,0.0,0.0,0.0,0.0,0.0,0.0,0.0,0.0,0.0,0.0,0.0,0.0,0.0,0.0,0.0,0.0,0.0,0.0,0.0,0.0,0.0,0.0,0.0,0.0,0.0,0.0,0.0,0.0,0.0,0.0,0.0,0.0,0.0,0.0,0.0,0.0,0.13179255,0.0,0.625,0.22394973,6.0,1.9459101,1.494176,3.86221,8.5
NEG::mixture::0219,0,0.1764706,0.0,0.0,0.0,0.05882353,0.23529412,0.05882353,0.05882353,0.0,0.0,0.0,0.0,0.0,0.0,0.0,0.0,0.0,0.05882353,0.0,0.0,0.0,0.0,0.0,0.0,0.0,0.0,0.0,0.0,0.0,0.0,0.0,0.0,0.0,0.0,0.0,0.0,0.0,0.0,0.0,0.0,0.0,0.0,0.0,0.0,0.0,0.0,0.0,0.0,0.0,0.0,0.0,0.0,0.0,0.0,0.0,0.0,0.0,0.0,0.0,0.0,0.30526975,0.0,1.0,0.24811412,17.0,2.8903718,1.5941683,3.6175275,8.176471
NEG::mixture::0220,0,0.0,0.0,0.0,0.0,0.47058824,0.0,0.29411766,0.05882353,0.29411766,0.0,0.0,0.0,0.29411766,0.0,0.0,0.0,0.0,0.0,0.0,0.0,0.0,0.0,0.0,0.0,0.0,0.0,0.0,0.0,0.0,0.0,0.0,0.0,0.0,0.0,0.0,0.0,0.0,0.0,0.0,0.0,0.0,0.0,0.0,0.0,0.0,0.0,0.0,0.0,0.0,0.0,0.0,0.0,0.0,0.0,0.0,0.0,0.0,0.0,0.0,0.0,0.110119626,0.0,0.9,0.17384508,17.0,2.8903718,1.4790088,2.6319833,7.117647
NEG::mixture::0221,0,0.123853214,0.09633028,0.12844037,0.25688073,0.08715596,0.5504587,0.26605505,0.20183486,0.12844037,0.0,0.0,0.0,0.07798165,0.16972478,0.18348624,0.16513762,0.0091743115,0.036697246,0.0,0.08256881,0.0091743115,0.0091743115,0.03211009,0.0091743115,0.06422018,0.0,0.0,0.0,0.0045871558,0.0,0.0,0.0045871558,0.0045871558,0.0,0.0,0.0,0.0,0.0091743115,0.0045871558,0.0,0.0045871558,0.0045871558,0.0,0.0,0.027522936,0.0091743115,0.0,0.0,0.0,0.0,0.0,0.0045871558,0.0,0.0,0.0091743115,0.0,0.0,0.0,0.0,0.0045871558,0.12523109,0.0,0.71428573,0.1578456,218.0,5.389072,2.7840838,6.6107793,9.747706
NEG::mixture::0222,0,0.0,0.0,0.0,0.0,0.14285715,0.0,0.71428573,0.0,0.2857143,0.0,0.0,0.0,0.0,0.0,0.0,0.0,0.0,0.0,0.0,0.0,0.0,0.0,0.0,0.0,0.0,0.0,0.0,0.0,0.0,0.0,0.0,0.0,0.0,0.0,0.14285715,0.0,0.0,0.0,0.0,0.0,0.0,0.0,0.0,0.0,0.0,0.0,0.0,0.0,0.0,0.0,0.0,0.0,0.0,0.0,0.0,0.0,0.0,0.0,0.0,0.0,0.1329033,0.0,0.6818182,0.1831176,7.0,2.0794415,1.1490606,7.079721,12.142858
NEG::mixture::0223,0,0.0,0.0,0.0,0.0,0.6111111,0.0,0.3888889,0.055555556,0.44444445,0.0,0.0,0.0,0.0,0.0,0.0,0.0,0.0,0.11111111,0.0,0.0,0.0,0.0,0.0,0.0,0.0,0.0,0.0,0.0,0.0,0.0,0.0,0.0,0.0,0.0,0.0,0.0,0.0,0.0,0.0,0.0,0.0,0.0,0.0,0.0,0.0,0.0,0.0,0.0,0.0,0.0,0.0,0.0,0.0,0.0,0.0,0.0,0.0,0.0,0.0,0.0,0.08455754,0.0,0.6666667,0.12758958,18.0,2.944439,1.3666053,3.022549,6.4444447
NEG::mixture::0224,0,0.0,0.0,0.0,0.0,0.625,0.25,0.125,0.0,0.125,0.0,0.0,0.0,0.0,0.0,0.0,0.0,0.0,0.0,0.0,0.0,0.0,0.125,0.0,0.0,0.0,0.0,0.0,0.0,0.0,0.0,0.0,0.0,0.0,0.0,0.0,0.0,0.125,0.0,0.0,0.0,0.0,0.0,0.0,0.0,0.0,0.0,0.0,0.0,0.0,0.0,0.0,0.0,0.0,0.0,0.0,0.0,0.0,0.0,0.0,0.0,0.15422092,0.0,0.8333333,0.25564122,8.0,2.1972246,1.5403067,2.6427968,7.625
NEG::mixture::0225,0,0.0,0.06666667,0.0,0.0,0.6666667,0.06666667,0.46666667,0.0,0.0,0.0,0.0,0.0,0.0,0.0,0.0,0.0,0.0,0.06666667,0.0,0.0,0.0,0.06666667,0.0,0.0,0.0,0.0,0.0,0.0,0.0,0.0,0.0,0.0,0.0,0.0,0.0,0.0,0.0,0.0,0.0,0.0,0.0,0.0,0.0,0.0,0.0,0.0,0.0,0.0,0.0,0.0,0.0,0.0,0.0,0.0,0.0,0.0,0.0,0.0,0.0,0.0,0.22359218,0.0,1.0,0.314713,15.0,2.7725887,1.2994174,2.305549,9.533334
NEG::mixture::0226,0,0.375,0.0,0.0,0.0,0.23214285,0.3392857,0.32142857,0.14285715,0.125,0.0,0.14285715,0.0,0.0,0.035714287,0.035714287,0.017857144,0.035714287,0.0,0.0,0.0,0.0,0.035714287,0.08928572,0.0,0.0,0.0,0.0,0.0,0.0,0.0,0.0,0.05357143,0.0,0.0,0.0,0.0,0.0,0.0,0.0,0.0,0.0,0.0,0.0,0.0,0.0,0.0,0.0,0.0,0.0,0.0,0.0,0.0,0.0,0.0,0.0,0.0,0.0,0.0,0.0,0.0,0.10372379,0.0,0.71428573,0.1232914,56.0,4.0430512,2.285828,3.2299223,8.821428
NEG::mixture::0227,0,0.0,0.0,0.0,0.0,0.36363637,0.09090909,0.45454547,0.0,0.45454547,0.0,0.0,0.0,0.0,0.0,0.0,0.0,0.18181819,0.0,0.0,0.0,0.0,0.0,0.0,0.0,0.0,0.0,0.0,0.0,0.0,0.0,0.0,0.0,0.0,0.0,0.0,0.0,0.0,0.0,0.0,0.0,0.0,0.0,0.0,0.0,0.0,0.0,0.0,0.0,0.0,0.0,0.0,0.0,0.0,0.0,0.0,0.0,0.0,0.0,0.0,0.0,0.16356106,0.0,1.0,0.2075331,11.0,2.4849067,1.4787523,4.793246,7.4545455
NEG::mixture::0228,0,0.0,0.032258064,0.0,0.0,0.8064516,0.06451613,0.12903225,0.09677419,0.16129032,0.0,0.0,0.0,0.0,0.0,0.0,0.0,0.0,0.06451613,0.0,0.0,0.0,0.09677419,0.0,0.0,0.0,0.0,0.0,0.0,0.0,0.0,0.0,0.0,0.0,0.0,0.0,0.0,0.0,0.0,0.0,0.0,0.0,0.0,0.0,0.0,0.0,0.0,0.0,0.0,0.0,0.0,0.0,0.0,0.0,0.0,0.0,0.0,0.0,0.0,0.0,0.0,0.09903008,0.0,0.5,0.0950457,31.0,3.465736,1.5082515,3.166224,7.677419
NEG::mixture::0229,0,0.0,0.22891566,0.0,0.0,0.13253012,0.40963855,0.56626505,0.14457831,0.30120483,0.0,0.0,0.0,0.0,0.0,0.0,0.0,0.024096385,0.024096385,0.0,0.012048192,0.04819277,0.036144577,0.012048192,0.0,0.0,0.0,0.0,0.0,0.012048192,0.0,0.0,0.0,0.0,0.0,0.012048192,0.0,0.0,0.0,0.0,0.0,0.012048192,0.0,0.0,0.0,0.0,0.0,0.012048192,0.0,0.0,0.0,0.0,0.0,0.0,0.0,0.0,0.0,0.0,0.024096385,0.0,0.0,0.09065103,0.0,0.5555556,0.11698829,83.0,4.4308167,2.0852695,5.5441065,9.759036
NEG::mixture::0230,0,0.0,0.23809524,0.0,0.04761905,0.2857143,0.23809524,0.33333334,0.04761905,0.14285715,0.0,0.0,0.0,0.0,0.0,0.0,0.0,0.04761905,0.14285715,0.0,0.0,0.0,0.04761905,0.0,0.0,0.04761905,0.0,0.0,0.0,0.0,0.0,0.0,0.0,0.0,0.0,0.0,0.0,0.0,0.0,0.0,0.0,0.0,0.0,0.0,0.0,0.0,0.0,0.0,0.0,0.0,0.0,0.0,0.0,0.0,0.0,0.0,0.0,0.0,0.0,0.0,0.0,0.06572371,0.0,1.0,0.1498911,21.0,3.0910425,2.142303,4.3477,7.952381
NEG::mixture::0231,0,0.0,0.10909091,0.018181818,0.0,0.18181819,0.14545454,0.56363636,0.10909091,0.36363637,0.0,0.0,0.0,0.0,0.0,0.0,0.0,0.018181818,0.036363635,0.0,0.0,0.07272727,0.036363635,0.0,0.0,0.0,0.0,0.0,0.0,0.21818182,0.0,0.0,0.018181818,0.0,0.0,0.0,0.0,0.0,0.0,0.0,0.0,0.0,0.0,0.0,0.0,0.0,0.0,0.0,0.0,0.0,0.0,0.10909091,0.0,0.0,0.0,0.0,0.0,0.0,0.0,0.0,0.0,0.058141775,0.0,0.6363636,0.087863706,55.0,4.0253515,2.1875904,4.164232,8.690909
NEG::mixture::0232,0,0.05882353,0.4117647,0.0,0.05882353,0.0,0.29411766,0.23529412,0.0,0.11764706,0.0,0.0,0.0,0.0,0.0,0.0,0.0,0.0,0.05882353,0.0,0.0,0.0,0.05882353,0.0,0.0,0.0,0.0,0.0,0.0,0.0,0.0,0.0,0.0,0.0,0.0,0.0,0.0,0.0,0.0,0.0,0.0,0.0,0.0,0.0,0.0,0.0,0.0,0.0,0.0,0.0,0.0,0.0,0.0,0.0,0.0,0.0,0.0,0.0,0.0,0.0,0.0,0.06555881,0.0,0.6875,0.11340881,17.0,2.8903718,1.7910419,3.2175987,10.0
NEG::mixture::0233,0,0.0,0.07042254,0.014084507,0.0,0.2535211,0.12676056,0.49295774,0.09859155,0.36619717,0.0,0.0,0.0,0.0,0.0,0.0,0.0,0.028169014,0.04225352,0.0,0.0,0.04225352,0.04225352,0.0,0.0,0.0,0.0,0.0,0.0,0.16901408,0.0,0.0,0.0,0.0,0.0,0.0,0.0,0.014084507,0.0,0.0,0.0,0.0,0.0,0.0,0.0,0.0,0.0,0.0,0.0,0.0,0.0,0.08450704,0.0,0.0,0.0,0.0,0.0,0.0,0.0,0.0,0.0,0.051207315,0.0,0.5882353,0.092001274,71.0,4.276666,2.169387,3.8269448,7.7887325
NEG::mixture::0234,0,0.0,0.1,0.0,0.0,0.8,0.0,0.1,0.0,0.3,0.0,0.0,0.0,0.0,0.0,0.0,0.0,0.1,0.0,0.1,0.0,0.0,0.0,0.0,0.0,0.0,0.0,0.0,0.0,0.0,0.0,0.0,0.0,0.0,0.0,0.0,0.0,0.0,0.0,0.0,0.0,0.0,0.0,0.0,0.0,0.0,0.0,0.0,0.0,0.0,0.0,0.0,0.0,0.0,0.0,0.0,0.0,0.0,0.0,0.0,0.0,0.18211788,0.0,0.875,0.24725257,10.0,2.3978953,1.379293,2.5377154,7.6
NEG::mixture::0235,0,0.0,0.16666667,0.0,0.0,0.5,0.16666667,0.41666666,0.0,0.5,0.041666668,0.0,0.0,0.0,0.0,0.083333336,0.0,0.0,0.041666668,0.0,0.0,0.0,0.0,0.0,0.0,0.0,0.0,0.0,0.0,0.29166666,0.0,0.0,0.0,0.0,0.0,0.0,0.0,0.041666668,0.0,0.0,0.0,0.0,0.0,0.0,0.0,0.0,0.0,0.0,0.0,0.0,0.0,0.0,0.0,0.0,0.0,0.0,0.0,0.041666668,0.0,0.0,0.0,0.108240396,0.0,0.6666667,0.13452439,24.0,3.218876,2.0298495,7.2495213,11.166667
NEG::mixture::0236,0,0.0,0.0,0.0,0.0,0.2,0.14545454,0.16363636,0.09090909,0.23636363,0.0,0.10909091,0.0,0.0,0.054545455,0.054545455,0.07272727,0.036363635,0.0,0.0,0.0,0.036363635,0.036363635,0.0,0.0,0.0,0.036363635,0.0,0.0,0.0,0.0,0.0,0.0,0.018181818,0.0,0.0,0.0,0.0,0.0,0.0,0.0,0.0,0.0,0.0,0.0,0.0,0.0,0.0,0.0,0.0,0.0,0.0,0.0,0.0,0.0,0.0,0.0,0.0,0.0,0.0,0.0,0.08637172,0.0,0.4,0.09775016,55.0,4.0253515,2.3949127,3.825534,8.272727
NEG::mixture::0237,0,0.0,0.0,0.0,0.0,0.375,0.041666668,0.29166666,0.0,0.20833333,0.0,0.0,0.0,0.0,0.0,0.0,0.0,0.041666668,0.083333336,0.0,0.0,0.0,0.041666668,0.0,0.0,0.0,0.0,0.0,0.0,0.0,0.0,0.0,0.0,0.0,0.0,0.0,0.0,0.041666668,0.0,0.0,0.041666668,0.0,0.0,0.0,0.0,0.0,0.0,0.0,0.0,0.0,0.0,0.0,0.0,0.0,0.0,0.0,0.0,0.0,0.0,0.0,0.0,0.19039063,0.0,1.0,0.24653235,24.0,3.218876,1.802567,5.7625165,7.7083335
NEG::mixture::0238,0,0.0,0.0,0.0,0.0,0.6896552,0.06896552,0.37931034,0.13793103,0.27586207,0.0,0.0,0.0,0.0,0.0,0.0,0.0,0.06896552,0.0,0.0,0.0,0.0,0.03448276,0.0,0.0,0.0,0.0,0.0,0.0,0.0,0.0,0.0,0.0,0.0,0.0,0.0,0.0,0.0,0.0,0.0,0.0,0.06896552,0.0,0.0,0.0,0.0,0.0,0.0,0.0,0.0,0.0,0.0,0.0,0.0,0.0,0.0,0.0,0.0,0.0,0.0,0.0,0.10952451,0.0,1.0,0.16022328,29.0,3.4011974,1.6594019,4.4224052,7.551724
NEG::mixture::0239,0,0.0,0.0,0.0,0.0,0.6875,0.125,0.1875,0.0,0.1875,0.0,0.0,0.0,0.0,0.0,0.0,0.0,0.0625,0.0,0.0,0.0,0.0,0.0625,0.0,0.0,0.0,0.0,0.0,0.0,0.0,0.0,0.0,0.0,0.0,0.0,0.0,0.0,0.0,0.0,0.0,0.0,0.0,0.0,0.0625,0.0,0.0,0.0,0.0,0.0,0.0,0.0,0.0,0.0,0.0,0.0,0.0625,0.0,0.0,0.0,0.0,0.0,0.10158875,0.0,1.0,0.1390588,16.0,2.8332133,1.6418073,4.454194,9.6875
NEG::mixture::0240,0,0.0,0.04255319,0.0,0.0,0.44680852,0.08510638,0.39361703,0.12765957,0.39361703,0.0,0.0,0.0,0.0,0.0,0.031914894,0.0,0.010638298,0.021276595,0.021276595,0.0,0.021276595,0.010638298,0.0,0.0,0.0,0.0,0.0,0.0,0.43617022,0.0,0.0,0.010638298,0.0,0.010638298,0.0,0.0,0.021276595,0.0,0.010638298,0.0,0.0,0.0,0.0,0.08510638,0.0,0.0,0.0,0.0,0.0,0.0,0.0,0.0,0.0,0.0,0.0,0.0,0.0,0.0,0.0,0.0,0.06097513,0.0,0.6666667,0.11295634,94.0,4.553877,2.133144,4.8576965,8.904255
NEG::mixture::0241,0,0.0,0.06944445,0.0,0.0,0.06944445,0.1388889,0.31944445,0.013888889,0.19444445,0.0,0.0,0.0,0.0,0.0,0.0,0.0,0.027777778,0.041666668,0.055555556,0.0,0.013888889,0.0,0.0,0.0,0.0,0.0,0.0,0.0,0.0,0.0,0.0,0.0,0.0,0.0,0.0,0.0,0.0,0.0,0.0,0.4027778,0.0,0.0,0.0,0.0,0.0,0.0,0.0,0.0,0.0,0.0,0.0,0.0,0.0,0.0,0.0,0.0,0.0,0.0,0.0,0.0,0.08009779,0.0,1.0,0.19608766,72.0,4.2904596,1.9348943,3.4814045,8.069445
NEG::mixture::0242,0,0.0,0.3181818,0.0,0.0,0.27272728,0.045454547,0.045454547,0.0,0.22727273,0.0,0.0,0.0,0.0,0.0,0.0,0.0,0.0,0.045454547,0.0,0.0,0.0,0.045454547,0.0,0.0,0.0,0.0,0.0,0.0,0.3181818,0.0,0.0,0.0,0.045454547,0.0,0.045454547,0.0,0.0,0.0,0.0,0.0,0.0,0.0,0.0,0.0,0.0,0.045454547,0.0,0.0,0.0,0.0,0.0,0.0,0.0,0.0,0.0,0.0,0.0,0.0,0.0,0.0,0.09655923,0.0,0.85714287,0.14659776,22.0,3.1354942,2.0269713,3.2400515,8.045455
NEG::mixture::0243,0,0.0,0.0,0.0,0.0,0.52,0.16,0.56,0.0,0.72,0.0,0.0,0.0,0.0,0.0,0.04,0.0,0.0,0.04,0.0,0.0,0.0,0.0,0.0,0.0,0.0,0.0,0.0,0.0,0.24,0.0,0.0,0.0,0.0,0.0,0.0,0.0,0.04,0.0,0.0,0.0,0.0,0.0,0.0,0.0,0.0,0.0,0.0,0.0,0.0,0.0,0.0,0.0,0.0,0.0,0.0,0.0,0.0,0.0,0.0,0.0,0.121624306,0.0,0.6363636,0.11378493,25.0,3.2580965,1.6705544,5.438529,9.68
NEG::mixture::0244,0,0.0,0.0,0.0,0.0,0.8888889,0.22222222,0.33333334,0.055555556,0.2777778,0.0,0.0,0.0,0.0,0.0,0.0,0.0,0.055555556,0.0,0.0,0.0,0.0,0.0,0.0,0.0,0.0,0.0,0.0,0.0,0.0,0.0,0.0,0.0,0.0,0.0,0.0,0.0,0.0,0.0,0.0,0.0,0.0,0.0,0.0,0.0,0.0,0.0,0.0,0.0,0.0,0.0,0.0,0.0,0.0,0.0,0.0,0.0,0.0,0.0,0.0,0.0,0.13271442,0.0,0.9230769,0.1930052,18.0,2.944439,1.4145584,3.7201486,9.222222
NEG::mixture::0245,0,0.0,0.0,0.0,0.0,0.7,0.1,0.25,0.075,0.35,0.0,0.0,0.0,0.0,0.0,0.0,0.0,0.0,0.0,0.0,0.025,0.025,0.025,0.0,0.0,0.0,0.0,0.0,0.0,0.0,0.0,0.0,0.0,0.0,0.0,0.0,0.0,0.0,0.0,0.0,0.0,0.0,0.0,0.0,0.0,0.0,0.0,0.0,0.0,0.0,0.0,0.0,0.0,0.0,0.0,0.0,0.0,0.0,0.0,0.0,0.0,0.091270715,0.0,0.7368421,0.12192439,40.0,3.713572,1.5123707,4.628985,10.15
NEG::mixture::0246,0,0.0,0.055555556,0.0,0.0,0.22222222,0.22222222,0.3888889,0.055555556,0.2777778,0.0,0.0,0.0,0.2777778,0.0,0.0,0.0,0.0,0.055555556,0.0,0.0,0.0,0.0,0.0,0.0,0.0,0.0,0.0,0.0,0.0,0.0,0.0,0.0,0.0,0.0,0.0,0.0,0.0,0.0,0.0,0.0,0.0,0.0,0.0,0.0,0.0,0.0,0.0,0.0,0.0,0.0,0.0,0.0,0.0,0.055555556,0.0,0.0,0.0,0.0,0.0,0.0,0.06380239,0.0,0.8888889,0.1533437,18.0,2.944439,1.9601895,4.528374,8.777778
NEG::mixture::0247,0,0.0,0.5652174,0.0,0.0,0.26086956,0.13043478,0.26086956,0.5652174,0.2173913,0.3043478,0.0,0.0,0.0,0.0,0.0,0.0,0.0,0.0,0.0,0.04347826,0.0,0.0,0.0,0.0,0.0,0.0,0.0,0.0,0.0,0.0,0.0,0.0,0.0,0.0,0.0,0.0,0.0,0.0,0.0,0.0,0.0,0.0,0.0,0.0,0.0,0.0,0.0,0.0,0.0,0.0,0.0,0.0,0.04347826,0.0,0.0,0.0,0.0,0.0,0.0,0.0,0.20153669,0.0,0.8333333,0.24054012,23.0,3.1780539,1.9499847,4.493642,9.26087
NEG::mixture::0248,0,0.0,0.0,0.0,0.0,0.36842105,0.15789473,0.7894737,0.0,0.47368422,0.0,0.0,0.0,0.0,0.0,0.0,0.0,0.05263158,0.0,0.0,0.0,0.05263158,0.05263158,0.0,0.0,0.0,0.0,0.0,0.0,0.10526316,0.0,0.0,0.0,0.0,0.0,0.0,0.0,0.0,0.0,0.0,0.0,0.0,0.0,0.0,0.0,0.0,0.0,0.0,0.0,0.0,0.0,0.0,0.0,0.0,0.0,0.0,0.0,0.0,0.0,0.0,0.0,0.08887163,0.0,0.6875,0.11969316,19.0,2.9957323,1.645632,4.346489,10.052631
NEG::mixture::0249,0,0.05263158,0.14473684,0.078947365,0.118421055,0.10526316,0.75,0.42105263,0.32894737,0.2236842,0.0,0.013157895,0.0,0.15789473,0.3026316,0.32894737,0.18421052,0.0,0.0,0.013157895,0.15789473,0.02631579,0.0,0.013157895,0.0,0.05263158,0.0,0.0,0.0,0.0,0.0,0.0,0.0,0.0,0.0,0.013157895,0.0,0.013157895,0.0,0.0,0.09210526,0.013157895,0.013157895,0.0,0.0,0.0,0.0,0.0,0.0,0.0,0.0,0.0,0.013157895,0.0,0.0,0.0,0.0,0.0,0.0,0.0,0.0,0.115998805,0.0,0.61538464,0.123523615,76.0,4.3438053,2.6537242,6.829378,12.934211
NEG::mixture::0250,0,0.0,0.083333336,0.0,0.0,0.41666666,0.16666667,0.5833333,0.16666667,0.41666666,0.0,0.0,0.0,0.0,0.0,0.0,0.0,0.0,0.0,0.0,0.0,0.0,0.083333336,0.0,0.0,0.0,0.0,0.0,0.0,0.0,0.0,0.0,0.0,0.0,0.0,0.0,0.0,0.0,0.0,0.0,0.0,0.0,0.0,0.0,0.0,0.0,0.0,0.0,0.0,0.0,0.0,0.0,0.0,0.0,0.0,0.0,0.0,0.0,0.0,0.0,0.0,0.106831335,0.0,0.90909094,0.17661698,12.0,2.5649493,1.7229583,3.46009,8.166667
NEG::mixture::0251,0,0.0,0.0,0.0,0.0,0.53846157,0.0,0.3846154,0.07692308,0.15384616,0.0,0.0,0.0,0.0,0.0,0.0,0.0,0.0,0.07692308,0.0,0.0,0.0,0.0,0.0,0.0,0.0,0.0,0.0,0.0,0.0,0.0,0.0,0.0,0.0,0.0,0.0,0.0,0.0,0.0,0.0,0.0,0.0,0.0,0.0,0.0,0.0,0.0,0.0,0.0,0.0,0.0,0.0,0.0,0.0,0.0,0.0,0.0,0.0,0.0,0.0,0.0,0.09017743,0.0,1.0,0.17535442,13.0,2.6390574,1.3316612,4.7318635,7.3846154
NEG::mixture::0252,0,0.0,0.0,0.0,0.0,0.6666667,0.083333336,0.25,0.0,0.16666667,0.0,0.0,0.0,0.0,0.0,0.0,0.0,0.16666667,0.083333336,0.0,0.0,0.0,0.0,0.0,0.0,0.0,0.0,0.0,0.0,0.0,0.0,0.0,0.0,0.0,0.0,0.0,0.0,0.0,0.0,0.0,0.0,0.0,0.0,0.0,0.0,0.0,0.0,0.0,0.0,0.0,0.0,0.0,0.0,0.0,0.0,0.0,0.0,0.0,0.0,0.0,0.0,0.103971474,0.0,0.7777778,0.15922351,12.0,2.5649493,1.4976872,4.0585985,7.1666665
NEG::mixture::0253,0,0.0,0.125,0.0,0.0,0.75,0.0,0.125,0.0,0.125,0.0,0.0,0.0,0.0,0.0,0.0,0.0,0.125,0.125,0.0,0.0,0.0,0.0,0.0,0.0,0.0,0.0,0.0,0.0,0.0,0.0,0.0,0.0,0.0,0.0,0.0,0.0,0.0,0.0,0.0,0.0,0.0,0.0,0.0,0.0,0.0,0.0,0.0,0.0,0.0,0.0,0.0,0.0,0.0,0.0,0.0,0.0,0.0,0.0,0.0,0.0,0.16077693,0.0,0.8,0.22273009,8.0,2.1972246,1.4205728,1.8708287,6.5
NEG::mixture::0254,0,0.0,0.03448276,0.0,0.0,0.10344828,0.03448276,0.1724138,0.03448276,0.10344828,0.0,0.0,0.0,0.0,0.0,0.0,0.0,0.03448276,0.05172414,0.0,0.0,0.01724138,0.01724138,0.0,0.0,0.0,0.0,0.0,0.0,0.31034482,0.0,0.0,0.0,0.0,0.0,0.0,0.0,0.0,0.0,0.0,0.0,0.01724138,0.0,0.0,0.0,0.0,0.0,0.0,0.0,0.0,0.0,0.0,0.0,0.0,0.0,0.0,0.0,0.0,0.0,0.0,0.0,0.15393068,0.0,1.0,0.21766035,58.0,4.0775375,2.037232,3.6169522,5.672414
NEG::mixture::0255,0,0.0,0.0,0.0,0.0,0.45454547,0.18181819,0.36363637,0.18181819,0.09090909,0.0,0.0,0.0,0.0,0.0,0.0,0.0,0.27272728,0.0,0.0,0.0,0.0,0.0,0.0,0.0,0.0,0.0,0.0,0.0,0.0,0.0,0.0,0.0,0.0,0.0,0.0,0.0,0.0,0.0,0.0,0.0,0.0,0.0,0.0,0.0,0.0,0.0,0.0,0.0,0.0,0.0,0.0,0.0,0.0,0.09090909,0.0,0.0,0.0,0.0,0.0,0.0,0.07516143,0.0,0.6,0.12182968,11.0,2.4849067,1.7981062,2.522625,5.0
NEG::mixture::0256,0,0.0,0.0,0.0,0.0,0.4915254,0.15254237,0.3220339,0.118644066,0.4915254,0.0,0.0,0.0,0.016949153,0.0,0.0,0.016949153,0.06779661,0.033898305,0.0,0.0,0.0,0.0,0.0,0.0,0.0,0.0,0.0,0.0,0.0,0.0,0.0,0.0,0.0,0.0,0.0,0.0,0.016949153,0.0,0.0,0.016949153,0.0,0.0,0.0,0.0,0.0,0.0,0.0,0.0,0.0,0.0,0.0,0.0,0.0,0.0,0.0,0.0,0.0,0.0,0.0,0.0,0.10108629,0.0,0.4,0.08619543,59.0,4.0943446,1.8039008,5.3377185,10.016949
NEG::mixture::0257,0,0.0,0.0,0.0,0.0,0.3,0.0,0.2,0.6,0.1,0.0,0.0,0.0,0.0,0.0,0.0,0.0,0.2,0.2,0.0,0.0,0.0,0.1,0.0,0.0,0.0,0.0,0.0,0.0,0.0,0.0,0.0,0.0,0.0,0.0,0.0,0.0,0.0,0.0,0.0,0.0,0.0,0.0,0.0,0.0,0.0,0.0,0.0,0.0,0.0,0.0,0.0,0.0,0.0,0.0,0.0,0.0,0.0,0.0,0.0,0.0,0.11777114,0.0,1.0,0.20227703,10.0,2.3978953,1.7623154,3.7629776,10.2
NEG::mixture::0258,0,0.0,0.06410257,0.012820513,0.0,0.14102565,0.12820514,0.33333334,0.07692308,0.2948718,0.0,0.0,0.0,0.0,0.0,0.0,0.0,0.07692308,0.012820513,0.012820513,0.0,0.0,0.012820513,0.0,0.0,0.0,0.0,0.0,0.0,0.25641027,0.0,0.0,0.012820513,0.0,0.0,0.0,0.0,0.0,0.0,0.03846154,0.0,0.0,0.0,0.0,0.0,0.0,0.0,0.03846154,0.0,0.0,0.0,0.051282052,0.0,0.03846154,0.0,0.0,0.0,0.0,0.0,0.0,0.0,0.06257209,0.0,1.0,0.15630493,78.0,4.3694477,2.3393126,3.977439,7.8846154
NEG::mixture::0259,0,0.0,0.055555556,0.0,0.0,0.9444444,0.16666667,0.3888889,0.0,0.16666667,0.0,0.0,0.0,0.0,0.0,0.0,0.0,0.0,0.0,0.0,0.0,0.0,0.055555556,0.0,0.0,0.0,0.0,0.0,0.0,0.0,0.0,0.0,0.0,0.0,0.0,0.0,0.0,0.0,0.0,0.0,0.0,0.0,0.0,0.0,0.0,0.0,0.0,0.0,0.0,0.0,0.0,0.0,0.0,0.0,0.0,0.0,0.0,0.0,0.0,0.0,0.0,0.22833529,0.0,1.0,0.28934994,18.0,2.944439,1.3289343,1.8425694,9.777778
NEG::mixture::0260,0,0.0,0.0,0.0,0.0,0.35714287,0.35714287,0.71428573,0.0,0.5714286,0.0,0.0,0.0,0.0,0.0,0.0,0.0,0.0,0.0,0.0,0.0,0.0,0.071428575,0.0,0.0,0.0,0.0,0.0,0.0,0.35714287,0.0,0.0,0.0,0.0,0.0,0.071428575,0.0,0.0,0.0,0.071428575,0.0,0.0,0.0,0.0,0.071428575,0.0,0.0,0.0,0.0,0.0,0.0,0.0,0.0,0.0,0.0,0.0,0.0,0.0,0.0,0.0,0.0,0.15067229,0.0,0.7222222,0.15411048,14.0,2.7080503,1.8865142,4.4521265,9.5
NEG::mixture::0261,0,0.0,0.0,0.0,0.0,0.9,0.0,0.3,0.0,0.4,0.0,0.0,0.0,0.0,0.0,0.0,0.0,0.1,0.0,0.0,0.0,0.0,0.0,0.0,0.0,0.0,0.0,0.0,0.0,0.0,0.0,0.0,0.0,0.0,0.0,0.0,0.0,0.0,0.0,0.0,0.0,0.0,0.0,0.0,0.0,0.0,0.0,0.0,0.0,0.0,0.0,0.0,0.0,0.0,0.0,0.0,0.0,0.0,0.0,0.0,0.0,0.16663967,0.0,0.75,0.17479621,10.0,2.3978953,1.1499178,4.0853395,7.9
NEG::mixture::0262,0,0.0,0.16666667,0.0,0.0,0.36666667,0.26666668,0.5,0.1,0.33333334,0.0,0.0,0.0,0.0,0.0,0.0,0.0,0.0,0.033333335,0.1,0.0,0.0,0.0,0.0,0.0,0.0,0.0,0.0,0.0,0.16666667,0.0,0.0,0.0,0.0,0.0,0.0,0.0,0.0,0.0,0.0,0.0,0.0,0.0,0.0,0.0,0.0,0.0,0.0,0.0,0.0,0.0,0.033333335,0.0,0.0,0.0,0.0,0.0,0.0,0.0,0.0,0.0,0.06162482,0.0,0.6363636,0.11212693,30.0,3.4339871,2.0409245,4.7362666,9.966666
NEG::mixture::0263,0,0.0,0.083333336,0.0,0.0,0.5833333,0.16666667,0.33333334,0.0,0.33333334,0.0,0.0,0.0,0.0,0.0,0.0,0.0,0.0,0.0,0.0,0.0,0.0,0.16666667,0.0,0.0,0.0,0.0,0.0,0.0,0.25,0.0,0.0,0.0,0.0,0.0,0.16666667,0.0,0.0,0.0,0.083333336,0.0,0.0,0.0,0.0,0.16666667,0.0,0.0,0.0,0.0,0.0,0.0,0.0,0.0,0.0,0.0,0.0,0.0,0.0,0.0,0.0,0.0,0.10757117,0.0,0.6666667,0.14951263,12.0,2.5649493,2.1338928,3.252136,7.5833335
NEG::mixture::0264,0,0.0,0.0,0.0,0.0,0.6764706,0.11764706,0.29411766,0.0882353,0.3529412,0.0,0.0,0.0,0.0,0.0,0.0,0.0,0.0,0.029411765,0.0,0.0,0.0,0.05882353,0.0,0.0,0.0,0.0,0.0,0.0,0.0,0.0,0.0,0.0,0.0,0.0,0.0,0.0,0.0,0.0,0.0,0.0,0.0,0.0,0.0,0.0,0.0,0.0,0.0,0.0,0.0,0.0,0.0,0.0,0.0,0.0,0.0,0.0,0.0,0.0,0.0,0.0,0.10451107,0.0,0.6666667,0.0965313,34.0,3.5553482,1.5493629,3.3653023,8.705882
NEG::mixture::0265,0,0.010989011,0.054945055,0.0,0.0,0.4065934,0.15384616,0.5714286,0.08791209,0.6043956,0.0,0.0,0.0,0.0,0.0,0.032967035,0.0,0.054945055,0.010989011,0.0,0.0,0.032967035,0.0,0.0,0.0,0.0,0.0,0.0,0.0,0.032967035,0.010989011,0.0,0.0,0.0,0.0,0.0,0.0,0.021978023,0.0,0.0,0.043956045,0.0,0.0,0.0,0.0,0.0,0.010989011,0.0,0.0,0.0,0.0,0.0,0.0,0.18681319,0.0,0.0,0.0,0.0,0.0,0.0,0.0,0.14617306,0.0,0.8333333,0.16572142,91.0,4.5217886,2.0823777,5.178938,9.505494
NEG::mixture::0266,0,0.0,0.36363637,0.0,0.0,0.0,0.09090909,0.0,0.0,0.0,0.0,0.0,0.0,0.0,0.0,0.0,0.0,0.0,0.09090909,0.27272728,0.0,0.0,0.09090909,0.0,0.0,0.0,0.0,0.0,0.0,0.0,0.0,0.0,0.0,0.0,0.0,0.0,0.0,0.0,0.0,0.0,0.0,0.0,0.0,0.0,0.0,0.0,0.0,0.0,0.0,0.0,0.0,0.0,0.0,0.0,0.0,0.0,0.0,0.0,0.0,0.0,0.0,0.18032646,0.0,0.8333333,0.24523744,11.0,2.4849067,1.4184849,2.048987,7.2727275
NEG::mixture::0267,0,0.0,0.0,0.0,0.0,0.61904764,0.0952381,0.5714286,0.0952381,0.1904762,0.0,0.0,0.0,0.0,0.0,0.0,0.0,0.04761905,0.0,0.0,0.0,0.0,0.04761905,0.0,0.0,0.0,0.0,0.0,0.0,0.0,0.0,0.0,0.0,0.0,0.0,0.0,0.0,0.0,0.0,0.0,0.0,0.04761905,0.0,0.0,0.0,0.0,0.0,0.0,0.0,0.0,0.0,0.0,0.0,0.0,0.0,0.0,0.0,0.0,0.0,0.0,0.0,0.09858471,0.0,0.71428573,0.118041925,21.0,3.0910425,1.5979366,3.4627922,8.761905
NEG::mixture::0268,0,0.0,0.2631579,0.0,0.0,0.21052632,0.0,0.10526316,0.0,0.15789473,0.0,0.0,0.0,0.0,0.0,0.0,0.0,0.0,0.05263158,0.0,0.0,0.0,0.0,0.0,0.0,0.0,0.0,0.0,0.0,0.2631579,0.0,0.0,0.0,0.05263158,0.0,0.05263158,0.0,0.0,0.0,0.0,0.0,0.0,0.0,0.0,0.05263158,0.0,0.05263158,0.0,0.0,0.0,0.0,0.0,0.0,0.0,0.0,0.0,0.0,0.0,0.0,0.0,0.0,0.076711394,0.0,1.0,0.11796364,19.0,2.9957323,2.0813177,3.1491106,8.631579
NEG::partial::0001,0,0.0,0.0,0.0,0.0,0.5652174,0.08695652,0.3478261,0.5217391,0.13043478,0.0,0.0,0.0,0.0,0.0,0.0,0.0,0.04347826,0.0,0.0,0.0,0.0,0.0,0.0,0.0,0.0,0.0,0.0,0.0,0.0,0.0,0.0,0.0,0.0,0.0,0.0,0.0,0.0,0.0,0.0,0.0,0.0,0.0,0.0,0.0,0.0,0.0,0.0,0.0,0.0,0.0,0.0,0.0,0.0,0.0,0.0,0.0,0.0,0.0,0.0,0.0,0.119728506,0.0,0.6,0.13943818,23.0,3.1780539,1.4973857,2.7186954,9.0
NEG::partial::0002,0,0.0,0.0,0.0,0.0,0.36666667,0.033333335,0.033333335,0.0,0.06666667,0.0,0.0,0.0,0.0,0.0,0.0,0.0,0.13333334,0.06666667,0.0,0.0,0.0,0.0,0.0,0.0,0.0,0.0,0.0,0.0,0.0,0.0,0.0,0.0,0.0,0.0,0.0,0.0,0.0,0.0,0.0,0.0,0.0,0.0,0.0,0.0,0.0,0.0,0.0,0.0,0.0,0.0,0.0,0.0,0.0,0.0,0.0,0.0,0.0,0.0,0.0,0.0,0.074017525,0.0,0.625,0.14053135,30.0,3.4339871,1.3923995,3.658172,6.866667
NEG::partial::0003,0,0.0,0.0,0.0,0.0,0.45454547,0.0,0.18181819,0.36363637,0.54545456,0.0,0.0,0.0,0.0,0.0,0.0,0.0,0.0,0.0,0.0,0.0,0.0,0.0,0.0,0.0,0.0,0.0,0.0,0.0,0.0,0.0,0.0,0.0,0.0,0.0,0.0,0.0,0.0,0.0,0.0,0.0,0.0,0.0,0.0,0.0,0.0,0.0,0.0,0.0,0.0,0.0,0.0,0.0,0.0,0.0,0.0,0.0,0.0,0.0,0.0,0.0,0.3277993,0.0,1.0,0.3668067,11.0,2.4849067,1.3197306,2.93173,8.363636
NEG::partial::0004,0,0.0,1.0,0.0,0.0,0.05263158,0.2631579,0.21052632,0.0,0.0,0.0,0.0,0.0,0.0,0.0,0.0,0.0,0.0,0.0,0.0,0.0,0.0,0.0,0.0,0.0,0.0,0.0,0.0,0.0,0.0,0.0,0.0,0.0,0.0,0.0,0.0,0.0,0.0,0.0,0.0,0.0,0.05263158,0.0,0.0,0.0,0.0,0.0,0.0,0.0,0.0,0.0,0.0,0.0,0.0,0.0,0.0,0.0,0.0,0.0,0.0,0.0,0.47147718,0.15,1.0,0.21476923,19.0,2.9957323,1.0833079,3.7556975,9.0
NEG::partial::0005,0,0.16666667,0.0,0.0,0.0,1.0,0.5,0.16666667,0.16666667,0.33333334,0.0,0.0,0.0,0.0,0.0,0.0,0.0,0.0,0.0,0.0,0.0,0.0,0.0,0.0,0.0,0.0,0.0,0.0,0.0,0.0,0.0,0.0,0.0,0.0,0.0,0.0,0.0,0.0,0.0,0.0,0.0,0.0,0.0,0.0,0.0,0.0,0.0,0.0,0.0,0.0,0.0,0.0,0.0,0.0,0.0,0.0,0.0,0.0,0.0,0.0,0.0,0.21669535,0.0952381,0.35714287,0.08118242,6.0,1.9459101,1.5367229,2.7537854,9.5
NEG::partial::0006,0,0.0,0.0,0.0,0.0,0.2,0.2,0.6,0.0,0.2,0.0,0.0,0.0,0.0,0.0,0.0,0.0,0.0,0.0,0.0,0.0,0.0,0.0,0.0,0.0,0.0,0.0,0.0,0.0,0.0,0.0,0.0,0.0,0.0,0.0,0.0,0.0,0.0,0.0,0.0,0.0,0.0,0.0,0.0,0.0,0.0,0.0,0.0,0.0,0.0,0.0,0.0,0.0,0.0,0.0,0.0,0.0,0.0,0.0,0.0,0.0,0.07612045,0.0,0.2857143,0.10836393,5.0,1.7917595,1.2424543,5.3888774,5.6
NEG::partial::0007,0,0.0,0.0,0.0,0.0,0.6,0.0,0.0,0.0,0.0,0.0,0.0,0.0,0.0,0.0,0.0,0.0,0.2,0.4,0.0,0.0,0.0,0.0,0.0,0.0,0.0,0.0,0.0,0.0,0.0,0.0,0.0,0.0,0.0,0.0,0.0,0.0,0.0,0.0,0.0,0.0,0.0,0.0,0.0,0.0,0.0,0.0,0.0,0.0,0.0,0.0,0.0,0.0,0.0,0.0,0.0,0.0,0.0,0.0,0.0,0.0,0.45,0.25,1.0,0.24209732,5.0,1.7917595,1.0114052,0.48989794,2.4
NEG::partial::0008,0,0.0,0.15384616,0.0,0.0,0.2820513,0.12820514,0.2820513,0.07692308,0.35897437,0.0,0.0,0.0,0.0,0.0,0.0,0.0,0.0,0.051282052,0.15384616,0.0,0.0,0.051282052,0.0,0.0,0.0,0.0,0.0,0.0,0.07692308,0.0,0.025641026,0.0,0.0,0.0,0.0,0.0,0.025641026,0.0,0.051282052,0.025641026,0.0,0.0,0.0,0.0,0.025641026,0.0,0.0,0.0,0.0,0.0,0.0,0.0,0.0,0.0,0.0,0.0,0.0,0.0,0.0,0.0,0.085596904,0.0,0.8333333,0.1591299,39.0,3.6888795,2.3500583,6.284615,11.794871
NEG::partial::0009,0,0.0,0.0,0.0,0.0,0.7,0.05,0.2,0.6,0.1,0.0,0.0,0.0,0.0,0.0,0.0,0.0,0.0,0.0,0.0,0.0,0.0,0.0,0.0,0.0,0.0,0.0,0.0,0.0,0.0,0.0,0.0,0.0,0.0,0.0,0.0,0.0,0.05,0.0,0.0,0.0,0.0,0.0,0.0,0.0,0.0,0.0,0.0,0.0,0.0,0.0,0.0,0.0,0.0,0.0,0.0,0.0,0.0,0.0,0.0,0.0,0.14980188,0.0,0.54545456,0.1250677,20.0,3.0445225,1.3587978,2.0712316,8.1
NEG::partial::0010,0,0.0,0.037037037,0.0,0.0,0.14814815,0.09259259,0.3888889,0.3148148,0.14814815,0.0,0.0,0.0,0.074074075,0.0,0.0,0.0,0.055555556,0.074074075,0.0,0.037037037,0.0,0.037037037,0.0,0.0,0.0,0.0,0.0,0.0,0.0,0.0,0.0,0.0,0.0,0.0,0.037037037,0.0,0.0,0.0,0.0,0.0,0.0,0.0,0.0,0.0,0.0,0.0,0.0,0.0,0.0,0.0,0.0,0.0,0.0,0.0,0.0,0.0,0.0,0.0,0.0,0.0,0.07775163,0.0,1.0,0.17939815,54.0,4.0073333,2.1342835,3.974024,8.851851
NEG::partial::0011,0,0.0,0.0,0.0,0.0,0.0,0.0,0.85714287,0.0,0.71428573,0.0,0.0,0.0,0.0,0.0,0.0,0.0,0.0,0.0,0.0,0.0,0.0,0.0,0.0,0.0,0.0,0.0,0.0,0.0,0.0,0.0,0.0,0.0,0.0,0.0,0.0,0.0,0.0,0.0,0.0,0.0,0.0,0.0,0.0,0.0,0.0,0.0,0.0,0.0,0.0,0.0,0.0,0.0,0.0,0.0,0.0,0.0,0.0,0.0,0.0,0.0,0.22748035,0.07692308,0.75,0.144988,7.0,2.0794415,0.68901,3.2888184,8.571428
NEG::partial::0012,0,0.0,0.0,0.0,0.0,0.47368422,0.05263158,0.31578946,0.05263158,0.05263158,0.0,0.0,0.0,0.0,0.0,0.0,0.0,0.05263158,0.0,0.0,0.0,0.0,0.0,0.0,0.0,0.0,0.0,0.0,0.0,0.0,0.0,0.0,0.0,0.0,0.0,0.0,0.0,0.0,0.0,0.0,0.0,0.0,0.0,0.0,0.0,0.0,0.0,0.0,0.0,0.0,0.0,0.0,0.0,0.0,0.0,0.0,0.0,0.0,0.0,0.0,0.0,0.06973338,0.0,0.75,0.1229715,19.0,2.9957323,1.3378307,3.0344286,6.9473686
NEG::partial::0013,0,0.0,0.71428573,0.0,0.0,0.0,0.14285715,0.5714286,0.0,0.0,0.0,0.0,0.0,0.0,0.0,0.0,0.0,0.0,0.14285715,0.0,0.0,0.0,0.0,0.0,0.0,0.0,0.0,0.0,0.0,0.0,0.0,0.0,0.0,0.0,0.0,0.0,0.0,0.0,0.0,0.0,0.0,0.0,0.0,0.0,0.0,0.0,0.0,0.0,0.0,0.0,0.0,0.0,0.0,0.0,0.0,0.0,0.0,0.0,0.0,0.0,0.0,0.25809506,0.05263158,0.8333333,0.26094544,7.0,2.0794415,1.1622263,2.0303814,7.857143
NEG::partial::0014,0,0.0,0.0,0.0,0.0,1.0,0.4,0.0,0.0,0.4,0.0,0.0,0.0,0.0,0.0,0.0,0.0,0.0,0.0,0.0,0.0,0.0,0.0,0.0,0.0,0.0,0.0,0.0,0.0,0.0,0.0,0.0,0.0,0.0,0.0,0.0,0.0,0.0,0.0,0.0,0.0,0.0,0.0,0.0,0.0,0.0,0.0,0.0,0.0,0.0,0.0,0.0,0.0,0.0,0.0,0.0,0.0,0.0,0.0,0.0,0.0,0.1923106,0.045454547,0.6,0.2120736,5.0,1.7917595,0.99502766,2.4166093,10.4
NEG::partial::0015,0,0.0,0.0,0.0,0.0,0.0,0.6,0.4,0.0,0.2,0.0,0.0,0.0,0.0,0.0,0.0,0.0,0.0,0.2,0.0,0.0,0.0,0.0,0.0,0.0,0.0,0.0,0.0,0.0,0.0,0.0,0.0,0.0,0.0,0.0,0.0,0.0,0.0,0.0,0.0,0.0,0.0,0.0,0.0,0.0,0.0,0.0,0.0,0.0,0.0,0.0,0.0,0.0,0.0,0.0,0.0,0.0,0.0,0.0,0.0,0.0,0.17467949,0.0,0.42857143,0.13296805,5.0,1.7917595,1.2770351,2.6532998,7.4
NEG::partial::0016,0,0.0,0.0,0.0,0.0,0.33333334,0.0,0.33333334,0.16666667,0.33333334,0.0,0.0,0.0,0.0,0.0,0.0,0.0,0.16666667,0.0,0.0,0.0,0.0,0.0,0.0,0.0,0.0,0.0,0.0,0.0,0.33333334,0.0,0.0,0.0,0.0,0.0,0.0,0.0,0.0,0.0,0.0,0.0,0.0,0.0,0.0,0.0,0.0,0.0,0.0,0.0,0.0,0.0,0.33333334,0.0,0.0,0.0,0.0,0.0,0.0,0.0,0.0,0.0,0.041909885,0.0,0.2777778,0.07292943,6.0,1.9459101,1.9072845,4.425306,8.5
NEG::partial::0017,0,0.0,0.0,0.0,0.0,0.8333333,0.16666667,0.9166667,0.0,0.16666667,0.0,0.0,0.0,0.0,0.0,0.0,0.0,0.0,0.0,0.0,0.0,0.0,0.16666667,0.0,0.0,0.0,0.0,0.0,0.0,0.0,0.0,0.0,0.0,0.0,0.0,0.0,0.0,0.0,0.0,0.0,0.0,0.0,0.0,0.0,0.0,0.0,0.0,0.0,0.0,0.0,0.0,0.0,0.0,0.0,0.0,0.0,0.0,0.0,0.0,0.0,0.0,0.55926013,0.1875,1.0,0.22552265,12.0,2.5649493,1.3120751,1.8408935,11.333333
NEG::partial::0018,0,0.0,0.0,0.0,0.0,0.8,0.0,0.6,0.0,0.2,0.0,0.0,0.0,0.0,0.0,0.0,0.0,0.0,0.0,0.0,0.0,0.0,0.0,0.0,0.0,0.0,0.0,0.0,0.0,0.0,0.0,0.0,0.0,0.0,0.0,0.0,0.0,0.0,0.0,0.0,0.0,0.0,0.0,0.0,0.0,0.0,0.0,0.0,0.0,0.0,0.0,0.0,0.0,0.0,0.0,0.0,0.0,0.0,0.0,0.0,0.0,0.3938889,0.1,0.7777778,0.22253458,5.0,1.7917595,0.9743155,1.7204651,6.2
NEG::partial::0019,0,0.0,0.0,0.0,0.0,0.56666666,0.2,0.6,0.13333334,0.56666666,0.0,0.0,0.0,0.0,0.0,0.06666667,0.0,0.0,0.0,0.0,0.0,0.033333335,0.0,0.0,0.0,0.0,0.0,0.0,0.0,0.3,0.0,0.0,0.0,0.0,0.0,0.0,0.033333335,0.06666667,0.0,0.0,0.0,0.0,0.0,0.0,0.0,0.0,0.0,0.0,0.0,0.0,0.0,0.0,0.0,0.0,0.0,0.0,0.0,0.0,0.0,0.0,0.0,0.114707634,0.0,0.73333335,0.12495569,30.0,3.4339871,1.9126462,6.5323977,11.833333
NEG::partial::0020,0,0.0,0.0,0.0,0.0,0.16666667,0.083333336,0.5833333,0.0,0.083333336,0.0,0.0,0.0,0.0,0.0,0.0,0.0,0.16666667,0.0,0.0,0.0,0.0,0.0,0.0,0.0,0.0,0.0,0.0,0.0,0.0,0.0,0.0,0.0,0.0,0.0,0.0,0.0,0.0,0.0,0.0,0.0,0.0,0.0,0.0,0.0,0.0,0.0,0.0,0.0,0.0,0.0,0.0,0.0,0.0,0.0,0.0,0.0,0.0,0.0,0.0,0.0,0.21483585,0.0,1.0,0.35967135,12.0,2.5649493,1.3038765,3.578485,3.1666667
NEG::partial::0021,0,0.0,0.1,0.0,0.0,0.8,0.4,0.6,0.0,0.6,0.0,0.0,0.0,0.0,0.0,0.0,0.0,0.0,0.0,0.0,0.0,0.1,0.1,0.0,0.0,0.0,0.0,0.0,0.0,0.0,0.0,0.0,0.0,0.0,0.0,0.1,0.0,0.0,0.0,0.0,0.8,0.0,0.0,0.0,0.0,0.0,0.0,0.0,0.0,0.0,0.0,0.0,0.0,0.0,0.0,0.0,0.0,0.0,0.0,0.0,0.0,0.19778867,0.0,0.61904764,0.19120032,10.0,2.3978953,1.9080372,6.92026,14.1
NEG::partial::0022,0,0.0,0.0,0.0,0.0,1.0,0.0,0.4,0.0,0.2,0.0,0.0,0.0,0.0,0.0,0.0,0.0,0.0,0.0,0.0,0.0,0.0,0.0,0.0,0.0,0.0,0.0,0.0,0.0,0.0,0.0,0.0,0.0,0.0,0.0,0.0,0.0,0.0,0.0,0.0,0.0,0.0,0.0,0.0,0.0,0.0,0.0,0.0,0.0,0.0,0.0,0.0,0.0,0.0,0.0,0.0,0.0,0.0,0.0,0.0,0.0,0.3490232,0.083333336,1.0,0.31571275,5.0,1.7917595,0.9002568,1.6248077,6.4
NEG::partial::0023,0,0.0,0.0,0.0,0.0,0.53846157,0.0,0.7692308,0.0,0.07692308,0.0,0.0,0.0,0.0,0.0,0.0,0.0,0.0,0.0,0.0,0.0,0.0,0.07692308,0.0,0.0,0.0,0.0,0.0,0.0,0.0,0.0,0.0,0.0,0.0,0.0,0.0,0.0,0.0,0.0,0.0,0.0,0.0,0.0,0.0,0.0,0.0,0.0,0.0,0.0,0.0,0.0,0.0,0.0,0.0,0.0,0.0,0.0,0.0,0.0,0.0,0.0,0.4559062,0.11764706,1.0,0.22479711,13.0,2.6390574,1.0156386,3.1902218,6.230769
NEG::partial::0024,0,0.0,0.083333336,0.0,0.0,0.75,0.25,0.5,0.0,0.5,0.0,0.0,0.0,0.0,0.0,0.0,0.0,0.0,0.0,0.0,0.0,0.083333336,0.083333336,0.0,0.0,0.0,0.0,0.0,0.0,0.0,0.0,0.0,0.0,0.0,0.0,0.083333336,0.0,0.0,0.0,0.0,0.75,0.0,0.0,0.0,0.0,0.0,0.0,0.0,0.0,0.0,0.0,0.0,0.0,0.0,0.0,0.0,0.0,0.0,0.0,0.0,0.0,0.16663289,0.0,0.61538464,0.17164968,12.0,2.5649493,1.8718103,6.3305917,12.583333
NEG::partial::0025,0,0.0,0.1,0.0,0.0,0.3,0.0,0.0,0.0,0.0,0.0,0.0,0.0,0.0,0.0,0.0,0.0,0.0,0.1,0.0,0.0,0.0,0.0,0.0,0.0,0.0,0.0,0.0,0.0,0.0,0.0,0.0,0.0,0.2,0.0,0.1,0.0,0.0,0.0,0.0,0.0,0.0,0.0,0.0,0.0,0.0,0.2,0.0,0.0,0.0,0.0,0.0,0.0,0.0,0.0,0.0,0.0,0.0,0.0,0.0,0.0,0.10632778,0.0,1.0,0.1706744,10.0,2.3978953,1.6957436,1.4,7.8
NEG::partial::0026,0,0.0,0.14285715,0.0,0.0,0.0,0.14285715,0.5714286,0.0,0.0,0.0,0.0,0.0,0.0,0.0,0.0,0.0,0.0,0.42857143,0.2857143,0.0,0.0,0.0,0.0,0.0,0.0,0.0,0.0,0.0,0.0,0.0,0.0,0.0,0.0,0.0,0.0,0.0,0.0,0.0,0.0,0.0,0.0,0.0,0.0,0.0,0.0,0.0,0.0,0.0,0.0,0.0,0.0,0.0,0.0,0.0,0.0,0.0,0.0,0.0,0.0,0.0,0.19861369,0.0,1.0,0.30996132,7.0,2.0794415,1.4681407,2.7994168,5.142857
NEG::partial::0027,0,0.0,0.0,0.0,0.0,0.8333333,0.0,0.16666667,0.0,0.16666667,0.0,0.0,0.0,0.0,0.0,0.0,0.0,0.0,0.0,0.16666667,0.0,0.0,0.0,0.0,0.0,0.0,0.0,0.0,0.0,0.0,0.0,0.0,0.0,0.0,0.0,0.0,0.0,0.0,0.0,0.0,0.0,0.0,0.0,0.0,0.0,0.0,0.0,0.0,0.0,0.0,0.0,0.0,0.0,0.0,0.0,0.0,0.0,0.0,0.0,0.0,0.0,0.20163448,0.0,0.5714286,0.20952623,6.0,1.9459101,1.0735438,1.6072751,5.5
NEG::partial::0028,0,0.0,0.21428572,0.0,0.0,0.42857143,0.14285715,0.2857143,0.0,0.35714287,0.0,0.0,0.0,0.0,0.0,0.0,0.0,0.071428575,0.071428575,0.14285715,0.0,0.0,0.0,0.0,0.0,0.0,0.0,0.0,0.0,0.0,0.0,0.0,0.0,0.0,0.0,0.0,0.0,0.0,0.0,0.0,0.0,0.0,0.0,0.0,0.0,0.0,0.0,0.0,0.0,0.0,0.0,0.0,0.0,0.0,0.0,0.0,0.0,0.0,0.0,0.0,0.0,0.09281763,0.0,0.8,0.1513201,14.0,2.7080503,1.9109149,3.9207714,7.642857
NEG::partial::0029,0,0.0,0.0,0.0,0.0,0.4,0.0,0.4,0.2,0.4,0.0,0.0,0.0,0.0,0.0,0.0,0.0,0.0,0.0,0.0,0.0,0.0,0.0,0.0,0.0,0.0,0.0,0.0,0.0,0.0,0.0,0.0,0.0,0.0,0.0,0.0,0.0,0.0,0.0,0.0,0.0,0.2,0.0,0.0,0.0,0.0,0.0,0.0,0.0,0.0,0.0,0.0,0.0,0.0,0.0,0.0,0.0,0.0,0.0,0.0,0.0,0.08181589,0.0,0.42857143,0.1198615,5.0,1.7917595,1.5595819,5.986652,12.6
NEG::partial::0030,0,0.0,0.42857143,0.0,0.0,0.21428572,0.071428575,0.5,0.14285715,0.35714287,0.0,0.0,0.0,0.0,0.0,0.0,0.0,0.0,0.0,0.0,0.0,0.0,0.071428575,0.0,0.0,0.0,0.0,0.0,0.0,0.0,0.0,0.0,0.0,0.0,0.0,0.0,0.0,0.0,0.0,0.0,0.0,0.0,0.0,0.0,0.0,0.0,0.0,0.0,0.0,0.0,0.0,0.0,0.0,0.0,0.0,0.0,0.0,0.0,0.0,0.0,0.0,0.14401418,0.0,0.85714287,0.21067482,14.0,2.7080503,1.7348264,4.0,8.0
NEG::partial::0031,0,0.016949153,0.016949153,0.0,0.0,0.050847456,0.62711865,0.4915254,0.06779661,0.27118644,0.016949153,0.15254237,0.0,0.0,0.0,0.0,0.0,0.016949153,0.0,0.0,0.0,0.033898305,0.016949153,0.0,0.0,0.0,0.033898305,0.0,0.0,0.0,0.0,0.0,0.0,0.0,0.0,0.0,0.0,0.0,0.0,0.0,0.0,0.0,0.0,0.0,0.0,0.0,0.0,0.0,0.0,0.0,0.0,0.0,0.0,0.0,0.0,0.0,0.0,0.0,0.0,0.0,0.0,0.12031668,0.0,0.6666667,0.121382885,59.0,4.0943446,1.8036183,4.7384324,8.525424
NEG::partial::0032,0,0.0,0.0,0.0,0.0,0.30769232,0.15384616,0.5769231,0.0,0.34615386,0.0,0.0,0.0,0.03846154,0.0,0.0,0.0,0.0,0.0,0.0,0.03846154,0.0,0.03846154,0.0,0.0,0.0,0.0,0.0,0.0,0.0,0.0,0.0,0.0,0.0,0.0,0.0,0.0,0.03846154,0.0,0.0,0.0,0.0,0.0,0.0,0.0,0.0,0.0,0.0,0.0,0.0,0.0,0.0,0.0,0.0,0.0,0.0,0.0,0.0,0.0,0.0,0.0,0.10750942,0.0,0.8125,0.17164245,26.0,3.295837,1.6244681,4.8517976,11.192307
NEG::partial::0033,0,0.8148148,0.0,0.0,0.037037037,0.11111111,0.37037036,0.074074075,0.18518518,0.11111111,0.0,0.2962963,0.0,0.0,0.0,0.0,0.0,0.0,0.037037037,0.0,0.0,0.0,0.0,0.0,0.0,0.0,0.0,0.0,0.0,0.0,0.0,0.0,0.0,0.0,0.0,0.0,0.0,0.0,0.0,0.0,0.0,0.0,0.0,0.037037037,0.0,0.0,0.0,0.0,0.0,0.0,0.0,0.0,0.0,0.0,0.0,0.0,0.0,0.0,0.0,0.0,0.0,0.19441015,0.05,0.85714287,0.12452967,27.0,3.3322046,1.8166115,3.6209269,9.0
NEG::partial::0034,0,0.0,0.0,0.0,0.0,0.33333334,0.5,0.8333333,0.33333334,0.8333333,0.0,0.0,0.0,0.0,0.0,0.0,0.0,0.0,0.0,0.0,0.0,0.0,0.16666667,0.0,0.0,0.0,0.0,0.0,0.0,0.0,0.0,0.0,0.0,0.0,0.0,0.0,0.0,0.0,0.0,0.0,0.0,0.0,0.0,0.0,0.0,0.0,0.0,0.0,0.0,0.0,0.0,0.0,0.0,0.0,0.0,0.0,0.0,0.0,0.0,0.0,0.0,0.1925874,0.0,0.5714286,0.16513354,6.0,1.9459101,1.6591052,3.3665016,10.0
NEG::partial::0035,0,0.0,0.0,0.0,0.0,0.3846154,0.07692308,0.33333334,0.051282052,0.30769232,0.0,0.0,0.0,0.0,0.0,0.0,0.0,0.025641026,0.0,0.0,0.0,0.0,0.0,0.0,0.0,0.0,0.0,0.0,0.0,0.0,0.0,0.0,0.0,0.0,0.0,0.0,0.0,0.025641026,0.0,0.0,0.0,0.051282052,0.0,0.0,0.0,0.0,0.0,0.025641026,0.0,0.0,0.0,0.0,0.0,0.0,0.0,0.0,0.0,0.0,0.0,0.0,0.0,0.0899386,0.0,0.6923077,0.14168105,39.0,3.6888795,1.7149758,4.290411,9.948718
NEG::partial::0036,0,0.2,0.2,0.0,0.0,0.4,0.6,0.6,0.0,0.2,0.0,0.0,0.0,0.0,0.0,0.0,0.0,0.0,0.0,0.0,0.0,0.0,0.2,0.0,0.0,0.0,0.0,0.0,0.0,0.0,0.0,0.0,0.0,0.0,0.0,0.0,0.0,0.0,0.0,0.0,0.0,0.0,0.0,0.0,0.0,0.0,0.0,0.0,0.0,0.0,0.0,0.0,0.0,0.0,0.0,0.0,0.0,0.0,0.2,0.0,0.0,0.107320406,0.0,0.6,0.169933,5.0,1.7917595,1.95126,5.2383204,12.6
NEG::partial::0037,0,0.0,0.0,0.0,0.0,0.0,0.2,0.4,0.0,0.8,0.0,0.0,0.0,0.0,0.0,0.0,0.0,0.0,0.0,0.0,0.0,0.0,0.0,0.0,0.0,0.0,0.0,0.0,0.0,0.0,0.0,0.0,0.0,0.0,0.0,0.0,0.0,0.0,0.0,0.0,0.0,0.0,0.0,0.0,0.0,0.0,0.0,0.0,0.0,0.0,0.0,0.0,0.0,0.0,0.0,0.0,0.0,0.0,0.0,0.0,0.0,0.39333335,0.1,1.0,0.3979019,5.0,1.7917595,0.95570076,3.0983868,8.0
NEG::partial::0038,0,0.0,0.0,0.0,0.0,0.0,0.0,0.6,0.0,0.4,0.0,0.0,0.0,0.0,0.0,0.0,0.0,0.0,0.0,0.0,0.0,0.0,0.0,0.0,0.0,0.0,0.0,0.0,0.0,0.0,0.0,0.0,0.0,0.0,0.0,0.0,0.0,0.0,0.0,0.0,0.0,0.0,0.0,0.0,0.0,0.0,0.0,0.0,0.0,0.0,0.0,0.0,0.0,0.0,0.0,0.0,0.0,0.0,0.0,0.0,0.0,0.14915043,0.0,0.8,0.22640495,5.0,1.7917595,0.6730129,2.7276363,5.6
NEG::partial::0039,0,0.0,0.0,0.0,0.0,0.1,0.0,0.3,0.0,0.0,0.0,0.0,0.0,0.0,0.0,0.0,0.0,0.0,0.0,0.0,0.0,0.0,0.0,0.0,0.0,0.0,0.0,0.0,0.0,0.0,0.0,0.0,0.0,0.0,0.0,0.0,0.0,0.0,0.0,0.0,0.0,0.0,0.0,0.0,0.0,0.0,0.0,0.0,0.0,0.0,0.0,0.0,0.0,0.0,0.0,0.0,0.0,0.0,0.0,0.0,0.0,0.234302,0.0,1.0,0.29131845,10.0,2.3978953,0.56233805,2.32379,3.0
NEG::partial::0040,0,0.0,0.0,0.0,0.0,0.75,0.0,0.125,0.125,0.0,0.0,0.0,0.0,0.0,0.0,0.0,0.0,0.0,0.0,0.0,0.0,0.0,0.0,0.0,0.0,0.0,0.0,0.0,0.0,0.0,0.0,0.0,0.0,0.0,0.0,0.0,0.0,0.0,0.0,0.0,0.0,0.0,0.0,0.0,0.0,0.0,0.0,0.0,0.0,0.0,0.0,0.0,0.0,0.0,0.0,0.0,0.0,0.0,0.0,0.0,0.0,0.517602,0.1,1.0,0.30819023,8.0,2.1972246,0.7356231,0.78062475,5.125
NEG::partial::0041,0,0.0,0.0,0.0,0.0,0.0,0.0,0.2,0.8,0.0,0.0,0.0,0.0,0.0,0.0,0.0,0.0,0.6,0.4,0.0,0.0,0.0,0.2,0.0,0.0,0.0,0.0,0.0,0.0,0.0,0.0,0.0,0.0,0.0,0.0,0.0,0.0,0.0,0.0,0.0,0.0,0.0,0.0,0.0,0.0,0.0,0.0,0.0,0.0,0.0,0.0,0.0,0.0,0.0,0.0,0.0,0.0,0.0,0.0,0.0,0.0,0.31251672,0.03846154,1.0,0.32232475,5.0,1.7917595,1.4681405,4.0792155,8.6
NEG::partial::0042,0,0.0,0.0,0.0,0.0,0.7777778,0.0,0.5555556,0.0,0.44444445,0.0,0.0,0.0,0.0,0.0,0.0,0.0,0.0,0.0,0.0,0.0,0.0,0.0,0.0,0.0,0.0,0.0,0.0,0.0,0.33333334,0.0,0.0,0.0,0.0,0.0,0.0,0.0,0.11111111,0.0,0.0,0.0,0.0,0.0,0.0,0.0,0.0,0.0,0.0,0.0,0.0,0.0,0.0,0.0,0.0,0.0,0.0,0.0,0.0,0.0,0.0,0.0,0.21804048,0.0,0.8333333,0.19506998,9.0,2.3025851,1.4702541,3.392075,7.7777777
NEG::partial::0043,0,0.0,0.0,0.0,0.0,0.25,0.125,0.5,0.0,0.375,0.0,0.0,0.0,0.0,0.0,0.0,0.0,0.0,0.0,0.0,0.0,0.0,0.0,0.0,0.0,0.0,0.0,0.0,0.0,0.5,0.0,0.0,0.0,0.0,0.0,0.25,0.0,0.0,0.0,0.125,0.0,0.0,0.0,0.0,0.25,0.0,0.0,0.0,0.0,0.0,0.0,0.0,0.0,0.0,0.0,0.0,0.0,0.0,0.0,0.0,0.0,0.19015023,0.0,0.8333333,0.24032494,8.0,2.1972246,1.9683828,2.4968731,6.625
NEG::partial::0044,0,0.0,0.020833334,0.020833334,0.0,0.35416666,0.20833333,0.6458333,0.22916667,0.39583334,0.0,0.0,0.0,0.0,0.0,0.0,0.0,0.0,0.0,0.0,0.0,0.0,0.041666668,0.0,0.0,0.0,0.0,0.0,0.0,0.20833333,0.0,0.0,0.020833334,0.0,0.0,0.041666668,0.0,0.020833334,0.0,0.0,0.0,0.0,0.0,0.0,0.020833334,0.0,0.0,0.0,0.0,0.0,0.0,0.0,0.0,0.0,0.0,0.0,0.0,0.0,0.0,0.0,0.0,0.09809672,0.0,0.7777778,0.13212322,48.0,3.8918202,2.0021403,4.636388,9.4375
NEG::partial::0045,0,0.0,0.0,0.0,0.0,0.6,0.2,0.8,0.0,0.2,0.0,0.0,0.0,0.0,0.0,0.0,0.0,0.0,0.0,0.0,0.0,0.0,0.0,0.0,0.0,0.0,0.0,0.0,0.0,0.0,0.0,0.0,0.0,0.0,0.0,0.0,0.0,0.0,0.0,0.0,0.0,0.0,0.0,0.0,0.0,0.0,0.0,0.0,0.0,0.0,0.0,0.0,0.0,0.0,0.0,0.0,0.0,0.0,0.0,0.0,0.0,0.111365005,0.0,0.25,0.074131995,5.0,1.7917595,1.2148904,5.083306,8.4
NEG::partial::0046,0,0.0,0.0,0.0,0.0,0.75,0.25,0.125,0.0,0.25,0.0,0.0,0.0,0.0,0.0,0.0,0.0,0.0,0.125,0.0,0.0,0.0,0.0,0.0,0.0,0.0,0.0,0.0,0.0,0.0,0.0,0.0,0.0,0.0,0.0,0.0,0.0,0.0,0.0,0.0,0.0,0.125,0.0,0.0,0.0,0.125,0.0,0.0,0.0,0.0,0.0,0.0,0.0,0.0,0.0,0.0,0.0,0.0,0.0,0.0,0.0,0.1678644,0.0,0.5555556,0.19544062,8.0,2.1972246,1.673119,3.4641016,7.5
NEG::partial::0047,0,0.0,0.0,0.0,0.0,0.6,0.2,0.3,0.1,0.5,0.0,0.0,0.0,0.0,0.0,0.0,0.0,0.0,0.0,0.0,0.0,0.0,0.0,0.0,0.0,0.0,0.0,0.0,0.0,0.0,0.0,0.0,0.0,0.0,0.0,0.0,0.0,0.0,0.0,0.0,0.0,0.0,0.0,0.0,0.0,0.0,0.0,0.0,0.0,0.0,0.0,0.0,0.0,0.0,0.0,0.0,0.0,0.0,0.0,0.0,0.0,0.22834188,0.0,1.0,0.24011225,10.0,2.3978953,1.4520447,4.0249224,8.0
NEG::partial::0048,0,0.0,0.0,0.0,0.0,0.16666667,0.0,0.33333334,0.0,0.0,0.0,0.0,0.0,0.0,0.0,0.0,0.0,0.16666667,0.0,0.0,0.0,0.0,0.0,0.0,0.0,0.0,0.0,0.0,0.0,0.0,0.0,0.0,0.0,0.0,0.0,0.0,0.0,0.0,0.0,0.0,0.0,0.0,0.0,0.0,0.0,0.0,0.0,0.0,0.0,0.0,0.0,0.0,0.0,0.0,0.0,0.0,0.0,0.0,0.0,0.0,0.0,0.11664644,0.0,0.6666667,0.16921484,6.0,1.9459101,1.0397226,2.409472,6.8333335
NEG::partial::0049,0,0.0,0.0,0.0,0.0,0.0,0.0,1.0,0.0,0.0,0.0,0.0,0.0,0.0,0.0,0.0,0.0,0.2,0.0,0.0,0.0,0.0,0.0,0.0,0.0,0.0,0.0,0.0,0.0,0.4,0.0,0.0,0.0,0.0,0.0,0.0,0.0,0.0,0.0,0.0,0.0,0.0,0.0,0.0,0.0,0.0,0.0,0.0,0.0,0.0,0.0,0.0,0.0,0.0,0.0,0.0,0.0,0.0,0.0,0.0,0.0,0.65,0.44444445,1.0,0.15046225,5.0,1.7917595,0.9002568,1.4696939,6.2
NEG::partial::0050,0,0.0,0.23684211,0.0,0.0,0.10526316,0.4473684,0.6315789,0.15789473,0.21052632,0.0,0.0,0.0,0.02631579,0.15789473,0.15789473,0.10526316,0.02631579,0.0,0.0,0.05263158,0.0,0.0,0.0,0.0,0.0,0.0,0.0,0.0,0.0,0.0,0.0,0.0,0.0,0.0,0.0,0.0,0.0,0.0,0.0,0.0,0.0,0.0,0.0,0.0,0.0,0.0,0.0,0.0,0.0,0.0,0.0,0.0,0.0,0.0,0.0,0.0,0.0,0.0,0.0,0.0,0.14111221,0.0,0.7222222,0.16500202,38.0,3.6635616,2.1412373,4.6277647,10.289474
NEG::partial::0051,0,0.0,0.0,0.0,0.0,0.8333333,0.16666667,0.16666667,0.0,0.16666667,0.0,0.0,0.0,0.0,0.0,0.0,0.0,0.0,0.0,0.0,0.0,0.0,0.0,0.0,0.0,0.0,0.0,0.0,0.0,0.0,0.0,0.0,0.0,0.0,0.0,0.0,0.0,0.0,0.0,0.0,0.0,0.0,0.0,0.0,0.0,0.0,0.0,0.0,0.0,0.0,0.0,0.0,0.0,0.0,0.0,0.0,0.0,0.0,0.0,0.8333333,0.0,0.3339132,0.0,1.0,0.2814286,6.0,1.9459101,1.3269207,2.828427,13.0
NEG::partial::0052,0,0.0,0.25,0.0,0.0,0.35,0.1,0.15,0.0,0.2,0.0,0.0,0.0,0.0,0.0,0.0,0.0,0.05,0.1,0.25,0.0,0.0,0.0,0.0,0.0,0.0,0.0,0.0,0.0,0.0,0.0,0.0,0.0,0.0,0.0,0.0,0.0,0.0,0.0,0.0,0.0,0.0,0.0,0.0,0.0,0.0,0.0,0.0,0.0,0.0,0.0,0.0,0.0,0.0,0.0,0.0,0.0,0.0,0.0,0.0,0.0,0.10804405,0.0,1.0,0.19308035,20.0,3.0445225,1.9421464,3.7983549,7.35
NEG::partial::0053,0,0.0,0.5945946,0.0,0.0,0.3783784,0.21621622,0.21621622,0.13513513,0.1891892,0.0,0.0,0.0,0.0,0.0,0.0,0.0,0.0,0.0,0.0,0.0,0.0,0.027027028,0.0,0.0,0.0,0.0,0.0,0.0,0.0,0.0,0.0,0.0,0.0,0.0,0.0,0.0,0.0,0.0,0.0,0.0,0.0,0.0,0.0,0.0,0.0,0.0,0.13513513,0.0,0.0,0.0,0.0,0.0,0.0,0.0,0.0,0.0,0.0,0.0,0.0,0.0,0.14236562,0.0,1.0,0.16580816,37.0,3.637586,1.8494022,3.758798,7.918919
NEG::partial::0054,0,0.0,0.0,0.0,0.0,1.0,0.2,0.4,0.0,0.6,0.0,0.0,0.0,0.0,0.0,0.0,0.0,0.0,0.0,0.0,0.0,0.0,0.0,0.0,0.0,0.0,0.0,0.0,0.0,0.0,0.0,0.0,0.0,0.0,0.0,0.0,0.0,0.0,0.0,0.0,0.0,0.0,0.0,0.0,0.0,0.0,0.0,0.0,0.0,0.0,0.0,0.0,0.0,0.0,0.0,0.0,0.0,0.0,0.0,0.0,0.0,0.25457162,0.125,0.71428573,0.16256633,5.0,1.7917595,1.2406849,2.1354156,12.8
NEG::partial::0055,0,0.0,0.05263158,0.0,0.0,0.42105263,0.05263158,0.10526316,0.0,0.10526316,0.0,0.0,0.0,0.0,0.0,0.0,0.0,0.05263158,0.0,0.05263158,0.0,0.05263158,0.0,0.0,0.0,0.0,0.0,0.0,0.0,0.0,0.0,0.0,0.0,0.0,0.0,0.0,0.0,0.0,0.0,0.0,0.0,0.0,0.0,0.0,0.0,0.0,0.0,0.0,0.0,0.0,0.0,0.0,0.0,0.0,0.0,0.0,0.0,0.0,0.0,0.0,0.0,0.14288886,0.0,1.0,0.185776,19.0,2.9957323,1.6915604,2.1366088,5.5263157
NEG::partial::0056,0,0.0,0.0,0.0,0.0,0.0,0.33333334,0.0,0.0,0.16666667,0.0,0.0,0.0,0.0,0.0,0.0,0.0,0.0,0.6666667,0.0,0.0,0.0,0.0,0.0,0.0,0.0,0.0,0.0,0.0,0.0,0.0,0.0,0.0,0.0,0.0,0.0,0.0,0.0,0.0,0.0,0.0,0.0,0.0,0.0,0.0,0.0,0.0,0.0,0.0,0.0,0.0,0.0,0.0,0.0,0.0,0.0,0.0,0.0,0.0,0.0,0.0,0.24850178,0.0,0.6923077,0.2032945,6.0,1.9459101,0.95570093,2.2852182,9.333333
NEG::partial::0057,0,0.0,0.18181819,0.0,0.0,0.6363636,0.18181819,0.27272728,0.0,0.18181819,0.0,0.0,0.0,0.0,0.0,0.0,0.0,0.0,0.18181819,0.18181819,0.0,0.0,0.0,0.0,0.0,0.0,0.0,0.0,0.0,0.0,0.0,0.0,0.0,0.0,0.0,0.0,0.0,0.0,0.0,0.0,0.0,0.0,0.0,0.0,0.0,0.0,0.0,0.0,0.0,0.0,0.0,0.0,0.0,0.0,0.0,0.0,0.0,0.0,0.0,0.0,0.0,0.14863515,0.0,0.6363636,0.14991221,11.0,2.4849067,1.8032988,3.2269526,9.363636
NEG::partial::0058,0,0.0,0.0,0.0,0.0,0.75,0.0,0.0,0.0,0.0,0.0,0.0,0.0,0.0,0.0,0.0,0.0,0.0,0.125,0.0,0.0,0.0,0.0,0.0,0.0,0.0,0.0,0.0,0.0,0.0,0.0,0.0,0.0,0.125,0.0,0.0,0.0,0.0,0.0,0.0,0.0,0.0,0.0,0.0,0.0,0.0,0.0,0.0,0.0,0.0,0.0,0.0,0.0,0.0,0.0,0.0,0.0,0.0,0.0,0.0,0.0,0.3035524,0.14285715,0.75,0.16909254,8.0,2.1972246,0.7356231,2.4968731,4.625
NEG::partial::0059,0,0.0,0.0,0.0,0.0,0.0,0.125,0.25,0.75,0.125,0.0,0.0,0.0,0.0,0.0,0.0,0.0,0.125,0.25,0.0,0.0,0.0,0.125,0.0,0.0,0.0,0.0,0.0,0.0,0.0,0.0,0.0,0.0,0.0,0.0,0.0,0.0,0.0,0.0,0.0,0.0,0.0,0.0,0.0,0.0,0.0,0.0,0.0,0.0,0.0,0.0,0.0,0.0,0.0,0.0,0.0,0.0,0.0,0.0,0.0,0.0,0.17284717,0.0,0.72727275,0.17747575,8.0,2.1972246,1.673119,3.3166249,8.0
NEG::partial::0060,0,0.0,0.0,0.0,0.0,0.6363636,0.18181819,0.36363637,0.0,0.36363637,0.0,0.0,0.0,0.0,0.0,0.0,0.0,0.0,0.0,0.0,0.0,0.0,0.0,0.0,0.0,0.0,0.0,0.0,0.0,0.0,0.0,0.0,0.0,0.0,0.0,0.0,0.0,0.0,0.0,0.0,0.0,0.0,0.0,0.0,0.0,0.0,0.0,0.0,0.0,0.0,0.0,0.0,0.0,0.0,0.0,0.0,0.0,0.0,0.0,0.0,0.0,0.24125545,0.0,1.0,0.24333264,11.0,2.4849067,1.2980365,3.9792852,7.7272725
NEG::partial::0061,0,0.0,0.0,0.0,0.0,1.0,0.15384616,0.46153846,0.15384616,0.53846157,0.0,0.0,0.0,0.0,0.0,0.0,0.0,0.0,0.0,0.0,0.0,0.0,0.0,0.0,0.0,0.0,0.0,0.0,0.0,0.0,0.0,0.0,0.0,0.0,0.0,0.0,0.0,0.0,0.0,0.0,0.0,0.0,0.0,0.0,0.0,0.0,0.0,0.0,0.0,0.0,0.07692308,0.0,0.0,0.0,0.0,0.0,0.0,0.0,0.0,0.0,0.0,0.19644953,0.045454547,0.8333333,0.15444347,13.0,2.6390574,1.4827342,4.2146544,8.923077
NEG::partial::0062,0,0.0,0.0,0.0,0.0,0.32142857,0.035714287,0.71428573,0.0,0.39285713,0.0,0.0,0.0,0.035714287,0.0,0.0,0.0,0.0,0.0,0.0,0.0,0.0,0.035714287,0.0,0.0,0.0,0.0,0.0,0.0,0.0,0.0,0.0,0.0,0.0,0.0,0.0,0.0,0.035714287,0.0,0.0,0.0,0.0,0.0,0.0,0.0,0.0,0.0,0.0,0.0,0.0,0.0,0.0,0.0,0.0,0.0,0.0,0.0,0.0,0.0,0.0,0.0,0.12648508,0.0,1.0,0.21319517,28.0,3.3672957,1.3735877,5.578178,10.25
NEG::partial::0063,0,0.0,0.0,0.0,0.0,0.0,0.0,0.0,0.0,0.0,0.0,0.0,0.0,0.0,0.0,0.0,0.0,0.4,0.0,0.0,0.0,0.0,0.0,0.0,0.0,0.0,0.0,0.0,0.0,0.0,0.0,0.0,0.0,0.0,0.0,0.0,0.0,0.0,0.0,0.0,0.0,0.0,0.0,0.0,0.0,0.0,0.0,0.0,0.0,0.0,0.0,0.0,0.0,0.0,0.0,0.0,0.0,0.0,0.0,0.0,0.0,0.6166667,0.33333334,1.0,0.26925823,5.0,1.7917595,3.0689685e-06,0.8,1.6
NEG::partial::0064,0,0.0,0.5675676,0.0,0.0,0.35135135,0.16216215,0.24324325,0.16216215,0.27027026,0.0,0.0,0.0,0.0,0.0,0.0,0.0,0.0,0.0,0.0,0.0,0.0,0.027027028,0.0,0.0,0.0,0.0,0.0,0.0,0.0,0.0,0.0,0.0,0.0,0.0,0.0,0.0,0.0,0.0,0.0,0.0,0.0,0.0,0.0,0.0,0.0,0.0,0.054054055,0.0,0.0,0.0,0.0,0.0,0.0,0.0,0.0,0.0,0.0,0.0,0.0,0.0,0.117177434,0.0,1.0,0.18957788,37.0,3.637586,1.822926,2.8413105,7.3783784
NEG::partial::0065,0,0.0,0.0,0.0,0.0,0.8888889,0.22222222,0.33333334,0.22222222,0.22222222,0.0,0.11111111,0.0,0.0,0.0,0.0,0.0,0.0,0.0,0.0,0.0,0.0,0.0,0.0,0.0,0.0,0.0,0.0,0.0,0.0,0.0,0.0,0.0,0.0,0.0,0.0,0.0,0.0,0.0,0.0,0.0,0.0,0.0,0.0,0.0,0.0,0.0,0.0,0.0,0.0,0.0,0.0,0.0,0.0,0.0,0.0,0.0,0.0,0.0,0.0,0.0,0.13552693,0.0,0.375,0.09090709,9.0,2.3025851,1.552025,3.4995592,7.5555553
NEG::partial::0066,0,0.0,0.0,0.0,0.0,0.25,0.0,1.0,0.0,0.75,0.0,0.0,0.0,0.0,0.0,0.0,0.0,0.0,0.0,0.0,0.0,0.0,0.25,0.0,0.0,0.0,0.0,0.0,0.0,0.0,0.0,0.0,0.0,0.0,0.0,0.0,0.0,0.0,0.0,0.0,0.0,0.0,0.0,0.0,0.0,0.0,0.0,0.0,0.0,0.0,0.0,0.0,0.0,0.0,0.0,0.0,0.0,0.0,0.0,0.0,0.0,0.26301906,0.05882353,1.0,0.23960227,8.0,2.1972246,1.2148902,2.8476965,7.875
NEG::partial::0067,0,0.0,0.11111111,0.0,0.0,0.37037036,0.14814815,0.22222222,0.11111111,0.4814815,0.0,0.0,0.0,0.0,0.0,0.0,0.0,0.074074075,0.0,0.0,0.0,0.0,0.0,0.0,0.0,0.0,0.0,0.0,0.0,0.0,0.0,0.0,0.0,0.0,0.0,0.0,0.0,0.0,0.0,0.0,0.0,0.0,0.0,0.0,0.0,0.0,0.0,0.0,0.0,0.0,0.0,0.0,0.0,0.0,0.0,0.0,0.0,0.0,0.0,0.0,0.0,0.15860923,0.0,0.7777778,0.13018045,27.0,3.3322046,1.7466486,3.9224303,9.148149
NEG::partial::0068,0,0.0,0.03125,0.0,0.0,0.40625,0.125,0.125,0.0,0.125,0.0,0.0,0.0,0.0,0.0,0.0,0.0,0.09375,0.0625,0.0,0.0,0.0,0.0,0.0,0.0,0.0,0.0,0.0,0.0,0.0,0.0,0.0,0.0,0.0,0.0,0.0,0.0,0.0,0.0,0.0,0.0,0.0,0.0,0.0,0.0,0.0,0.03125,0.0,0.0,0.0,0.0,0.0,0.0,0.0,0.0,0.0,0.0,0.0,0.0,0.0,0.0,0.063815475,0.0,0.5,0.112941444,32.0,3.4965076,1.7575493,3.887078,7.125
NEG::partial::0069,0,0.035714287,0.0,0.0,0.0,0.64285713,0.10714286,0.6785714,0.0,0.42857143,0.0,0.0,0.0,0.0,0.0,0.0,0.0,0.035714287,0.0,0.0,0.0,0.035714287,0.0,0.0,0.0,0.0,0.0,0.0,0.0,0.21428572,0.0,0.0,0.0,0.0,0.0,0.0,0.0,0.035714287,0.0,0.0,0.0,0.0,0.0,0.0,0.0,0.0,0.0,0.0,0.0,0.0,0.0,0.0,0.0,0.0,0.0,0.0,0.0,0.0,0.0,0.0,0.0,0.14907293,0.0,1.0,0.15327008,28.0,3.3672957,1.6781622,4.6251035,10.464286
NEG::partial::0070,0,0.0,0.0,0.0,0.0,1.0,0.0,0.0,0.0,0.2857143,0.0,0.0,0.0,0.0,0.0,0.0,0.0,0.0,0.0,0.0,0.0,0.0,0.14285715,0.0,0.0,0.0,0.0,0.0,0.0,0.0,0.0,0.0,0.0,0.0,0.0,0.0,0.0,0.14285715,0.0,0.0,0.14285715,0.0,0.0,0.0,0.0,0.0,0.0,0.0,0.0,0.0,0.0,0.0,0.0,0.0,0.0,0.0,0.0,0.0,0.0,0.0,0.0,0.32258877,0.04761905,1.0,0.32015157,7.0,2.0794415,1.2342685,2.747912,7.857143
NEG::partial::0071,0,0.0,0.4,0.0,0.0,0.0,0.0,0.6,0.0,0.0,0.0,0.0,0.0,0.0,0.0,0.0,0.0,0.0,0.2,0.0,0.0,0.0,0.0,0.0,0.0,0.0,0.0,0.0,0.0,0.0,0.0,0.0,0.0,0.0,0.0,0.0,0.0,0.0,0.0,0.0,0.0,0.0,0.0,0.0,0.0,0.0,0.0,0.0,0.0,0.0,0.0,0.0,0.0,0.0,0.0,0.0,0.0,0.0,0.0,0.0,0.0,0.3151515,0.14285715,0.8181818,0.23508167,5.0,1.7917595,1.0114052,2.4,7.2
NEG::partial::0072,0,0.0,0.42307693,0.0,0.0,0.5,0.0,0.30769232,0.23076923,0.30769232,0.0,0.0,0.0,0.0,0.0,0.0,0.0,0.115384616,0.03846154,0.42307693,0.0,0.0,0.03846154,0.0,0.0,0.0,0.0,0.0,0.0,0.0,0.0,0.0,0.0,0.0,0.0,0.0,0.0,0.0,0.0,0.0,0.0,0.0,0.0,0.0,0.0,0.0,0.0,0.0,0.0,0.0,0.0,0.0,0.0,0.0,0.0,0.0,0.0,0.0,0.0,0.0,0.0,0.16161244,0.0,1.0,0.29200116,26.0,3.295837,1.9752719,2.1665149,7.1923075
NEG::partial::0073,0,0.0,0.10869565,0.0,0.0,0.2826087,0.06521739,0.5,0.3043478,0.3478261,0.0,0.0,0.0,0.0,0.0,0.0,0.0,0.0,0.0,0.0,0.0,0.0,0.04347826,0.0,0.0,0.0,0.0,0.0,0.0,0.0,0.02173913,0.0,0.0,0.0,0.0,0.02173913,0.0,0.0,0.0,0.0,0.0,0.0,0.0,0.0,0.0,0.0,0.0,0.0,0.0,0.0,0.0,0.0,0.0,0.0,0.0,0.0,0.0,0.0,0.0,0.0,0.0,0.05335174,0.0,0.7777778,0.13710673,46.0,3.8501475,1.7990396,3.192989,7.978261
NEG::partial::0074,0,0.0,0.0,0.0,0.0,0.6666667,0.0,0.33333334,0.0,0.44444445,0.0,0.0,0.0,0.0,0.0,0.0,0.0,0.11111111,0.0,0.0,0.0,0.0,0.0,0.0,0.0,0.0,0.0,0.0,0.0,0.0,0.0,0.0,0.0,0.0,0.0,0.0,0.0,0.11111111,0.0,0.0,0.0,0.0,0.0,0.0,0.0,0.0,0.0,0.0,0.0,0.0,0.0,0.0,0.0,0.0,0.0,0.0,0.0,0.0,0.0,0.0,0.0,0.15343568,0.0,0.5,0.13494225,9.0,2.3025851,1.4019462,2.828427,6.6666665
NEG::partial::0075,0,0.0,0.0,0.0,0.0,0.2,0.0,1.0,0.0,0.1,0.0,0.0,0.0,0.0,0.0,0.0,0.0,0.0,0.2,0.0,0.0,0.0,0.0,0.0,0.0,0.0,0.0,0.0,0.0,0.0,0.0,0.0,0.0,0.0,0.0,0.0,0.0,0.0,0.0,0.0,0.0,0.0,0.0,0.0,0.0,0.0,0.0,0.0,0.0,0.0,0.0,0.7,0.0,0.0,0.0,0.0,0.0,0.0,0.0,0.0,0.0,0.39756727,0.07692308,1.0,0.25769427,10.0,2.3978953,1.2992334,2.6627054,6.9
NEG::partial::0076,0,0.0,0.06896552,0.0,0.0,0.3448276,0.20689656,0.37931034,0.10344828,0.41379312,0.0,0.0,0.0,0.0,0.03448276,0.03448276,0.03448276,0.03448276,0.0,0.0,0.0,0.0,0.03448276,0.0,0.0,0.0,0.0,0.0,0.0,0.0,0.0,0.0,0.0,0.0,0.0,0.03448276,0.0,0.03448276,0.0,0.0,0.0,0.0,0.0,0.0,0.0,0.0,0.0,0.0,0.0,0.0,0.0,0.0,0.0,0.0,0.0,0.0,0.0,0.0,0.0,0.0,0.0,0.08976348,0.0,0.7222222,0.115533926,29.0,3.4011974,2.0758603,5.1701145,10.448276
NEG::partial::0077,0,0.0,0.5,0.0,0.0,0.125,0.0,0.25,0.0,0.375,0.0,0.0,0.0,0.0,0.0,0.0,0.0,0.0,0.0,0.0,0.0,0.0,0.125,0.0,0.0,0.0,0.0,0.0,0.0,0.0,0.0,0.0,0.0,0.0,0.0,0.0,0.0,0.0,0.0,0.0,0.0,0.0,0.0,0.0,0.0,0.0,0.0,0.0,0.0,0.0,0.0,0.0,0.0,0.0,0.0,0.0,0.0,0.0,0.0,0.0,0.0,0.18557261,0.0,0.85714287,0.24925087,8.0,2.1972246,1.4681407,3.2787192,7.5
NEG::partial::0078,0,0.0,0.0,0.0,0.0,0.75,0.0,0.25,0.0,0.75,0.0,0.0,0.0,0.0,0.0,0.0,0.0,0.0,0.0,0.0,0.0,0.0,0.0,0.0,0.0,0.0,0.0,0.0,0.0,0.0,0.0,0.0,0.0,0.0,0.0,0.0,0.0,0.0,0.0,0.0,0.0,0.0,0.0,0.0,0.0,0.0,0.0,0.0,0.0,0.0,0.0,0.0,0.0,0.0,0.0,0.0,0.0,0.0,0.0,0.0,0.0,0.09971108,0.0,0.16666667,0.056675836,4.0,1.609438,1.0042431,3.6055512,7.0
NEG::partial::0079,0,0.0,0.42105263,0.0,0.0,0.15789473,0.078947365,0.0,0.0,0.0,0.0,0.0,0.0,0.0,0.0,0.0,0.0,0.078947365,0.078947365,0.0,0.0,0.02631579,0.0,0.0,0.0,0.0,0.0,0.0,0.0,0.10526316,0.0,0.0,0.0,0.0,0.0,0.0,0.0,0.0,0.0,0.0,0.0,0.0,0.0,0.0,0.0,0.0,0.0,0.0,0.0,0.0,0.0,0.0,0.0,0.0,0.0,0.0,0.0,0.0,0.0,0.0,0.0,0.12077562,0.0,1.0,0.14784996,38.0,3.6635616,1.6239461,3.2488012,6.394737
NEG::partial::0080,0,0.0,0.13333334,0.0,0.0,0.2,0.2,0.6,0.0,0.2,0.0,0.0,0.0,0.0,0.0,0.0,0.0,0.13333334,0.0,0.2,0.0,0.0,0.0,0.0,0.0,0.0,0.0,0.0,0.0,0.0,0.0,0.0,0.0,0.0,0.0,0.0,0.0,0.0,0.0,0.0,0.0,0.0,0.0,0.0,0.0,0.0,0.0,0.0,0.0,0.0,0.0,0.0,0.0,0.0,0.0,0.0,0.0,0.0,0.0,0.0,0.0,0.115414895,0.0,1.0,0.1646993,15.0,2.7725887,1.7896382,5.545769,7.6666665
NEG::partial::0081,0,0.0,0.0,0.0,0.0,0.0,0.0,0.0,0.0,0.0,0.0,0.0,0.0,0.0,0.0,0.0,0.0,0.0,0.0,0.0,0.0,0.0,0.0,0.0,0.0,0.0,0.0,0.0,0.0,0.0,0.0,0.0,0.0,0.0,0.0,0.0,0.0,0.0,0.0,0.0,0.0,0.0,0.0,0.0,0.0,0.0,0.0,0.0,0.0,0.0,0.0,0.0,0.0,0.0,0.0,0.0,0.0,0.0,0.0,0.0,0.0,0.54748476,0.2,0.8333333,0.23413037,6.0,1.9459101,4.0943446,1.9148542,7.0
NEG::partial::0082,0,0.0,0.0,0.0,0.0,0.875,0.25,0.375,0.0,0.125,0.0,0.0,0.0,0.0,0.0,0.0,0.0,0.0,0.125,0.0,0.0,0.0,0.0,0.0,0.0,0.0,0.0,0.0,0.0,0.0,0.0,0.0,0.0,0.0,0.0,0.0,0.0,0.0,0.0,0.0,0.0,0.0,0.0,0.0,0.0,0.0,0.0,0.0,0.0,0.0,0.0,0.0,0.0,0.0,0.0,0.0,0.0,0.0,0.0,0.0,0.0,0.15825419,0.0,0.6363636,0.1433894,8.0,2.1972246,1.3316649,3.5509682,6.125
NEG::partial::0083,0,0.0,0.0,0.0,0.0,0.0,0.0,0.0,0.0,0.0,0.0,0.0,0.0,0.0,0.0,0.0,0.0,0.4,0.0,0.0,0.0,0.0,0.0,0.0,0.0,0.0,0.0,0.0,0.0,0.0,0.0,0.0,0.0,0.0,0.0,0.0,0.0,0.0,0.0,0.0,0.0,0.0,0.0,0.0,0.0,0.0,0.0,0.0,0.0,0.0,0.0,0.0,0.0,0.0,0.0,0.0,0.0,0.0,0.0,0.0,0.0,0.6166667,0.33333334,1.0,0.26925823,5.0,1.7917595,3.0689685e-06,0.8,1.6
NEG::partial::0084,0,0.0,0.21428572,0.0,0.0,0.5,0.071428575,0.14285715,0.0,0.2857143,0.0,0.0,0.0,0.0,0.0,0.0,0.0,0.071428575,0.071428575,0.14285715,0.0,0.0,0.0,0.0,0.0,0.0,0.0,0.0,0.0,0.0,0.0,0.0,0.0,0.0,0.0,0.0,0.0,0.0,0.0,0.0,0.0,0.0,0.0,0.0,0.0,0.0,0.0,0.0,0.0,0.0,0.0,0.0,0.0,0.0,0.0,0.0,0.0,0.0,0.0,0.0,0.0,0.0976589,0.0,0.6666667,0.1404529,14.0,2.7080503,1.8428577,2.2177393,7.285714
NEG::partial::0085,0,0.0,0.0,0.0,0.0,0.32258064,0.032258064,0.67741936,0.0,0.4516129,0.0,0.0,0.0,0.032258064,0.0,0.0,0.0,0.0,0.0,0.0,0.0,0.0,0.032258064,0.0,0.0,0.0,0.0,0.0,0.0,0.0,0.0,0.0,0.0,0.0,0.0,0.0,0.0,0.032258064,0.0,0.0,0.0,0.0,0.0,0.0,0.0,0.0,0.0,0.0,0.0,0.0,0.0,0.0,0.0,0.0,0.0,0.0,0.0,0.0,0.0,0.0,0.0,0.10036569,0.0,1.0,0.14944005,31.0,3.465736,1.363094,5.41436,10.32258
NEG::partial::0086,0,0.033333335,0.2,0.0,0.0,0.43333334,0.23333333,0.4,0.033333335,0.43333334,0.16666667,0.0,0.0,0.0,0.0,0.0,0.0,0.0,0.0,0.0,0.0,0.0,0.0,0.0,0.0,0.0,0.0,0.0,0.0,0.0,0.0,0.0,0.0,0.0,0.0,0.0,0.0,0.033333335,0.0,0.0,0.0,0.0,0.0,0.0,0.0,0.0,0.033333335,0.0,0.0,0.0,0.0,0.0,0.0,0.0,0.0,0.0,0.0,0.0,0.0,0.0,0.0,0.09885509,0.0,0.875,0.13458648,30.0,3.4339871,1.945567,4.795368,9.066667
NEG::partial::0087,0,0.0,0.0,0.0,0.0,1.0,0.0,0.0,0.0,0.3,0.0,0.0,0.0,0.0,0.0,0.0,0.0,0.0,0.0,0.0,0.0,0.0,0.0,0.0,0.0,0.0,0.0,0.0,0.0,0.0,0.0,0.0,0.0,0.0,0.0,0.0,0.0,0.0,0.0,0.0,0.0,0.0,0.0,0.0,0.0,0.0,0.0,0.0,0.0,0.0,0.0,0.0,0.0,0.0,0.0,0.0,0.0,0.0,0.0,0.0,0.0,0.2800391,0.04347826,0.875,0.2147527,10.0,2.3978953,0.5402051,2.764055,7.4
NEG::partial::0088,0,0.0,0.0,0.0,0.0,1.0,0.0,0.0,0.0,0.6,0.0,0.0,0.0,0.0,0.0,0.0,0.0,0.0,0.0,0.0,0.0,0.0,0.2,0.0,0.0,0.0,0.0,0.0,0.0,0.0,0.0,0.0,0.0,0.0,0.0,0.0,0.0,0.0,0.0,0.0,0.2,0.0,0.0,0.0,0.0,0.0,0.0,0.0,0.0,0.0,0.0,0.0,0.0,0.0,0.0,0.0,0.0,0.0,0.0,0.0,0.0,0.23800537,0.04761905,0.7,0.25738382,5.0,1.7917595,1.1682831,2.0591261,9.4
NEG::partial::0089,0,0.0,0.3888889,0.0,0.0,0.44444445,0.055555556,0.33333334,0.22222222,0.33333334,0.0,0.0,0.0,0.0,0.0,0.0,0.0,0.22222222,0.055555556,0.3888889,0.0,0.0,0.055555556,0.0,0.0,0.0,0.0,0.0,0.0,0.0,0.0,0.0,0.0,0.0,0.0,0.0,0.0,0.0,0.0,0.0,0.0,0.0,0.0,0.0,0.0,0.0,0.0,0.0,0.0,0.0,0.0,0.0,0.0,0.0,0.0,0.0,0.0,0.0,0.0,0.0,0.0,0.20391054,0.0,1.0,0.3321066,18.0,2.944439,2.1073353,1.740051,7.1666665
NEG::partial::0090,0,0.0,0.0,0.0,0.0,1.0,0.125,0.25,0.0,0.25,0.0,0.0,0.0,0.0,0.0,0.0,0.0,0.0,0.0,0.0,0.0,0.0,0.0,0.0,0.0,0.0,0.0,0.0,0.0,0.0,0.0,0.0,0.0,0.0,0.0,0.0,0.0,0.0,0.0,0.0,0.0,0.0,0.0,0.0,0.0,0.0,0.0,0.0,0.0,0.0,0.0,0.0,0.0,0.0,0.0,0.0,0.0,0.0,0.0,0.0,0.0,0.27079487,0.083333336,1.0,0.19477549,8.0,2.1972246,1.0720177,1.763342,6.875
NEG::partial::0091,0,0.8,0.0,0.0,0.0,0.0,0.8,0.2,0.2,0.0,0.0,0.0,0.0,0.0,0.0,0.0,0.0,0.0,0.0,0.0,0.0,0.0,0.0,0.0,0.0,0.0,0.0,0.0,0.0,0.0,0.0,0.0,0.0,0.0,0.0,0.0,0.0,0.0,0.0,0.0,0.0,0.0,0.0,0.0,0.0,0.0,0.0,0.0,0.0,0.0,0.0,0.0,0.0,0.0,0.0,0.0,0.0,0.0,0.0,0.0,0.0,0.1398937,0.03846154,0.3043478,0.08301881,5.0,1.7917595,1.1935502,0.9797959,14.2
NEG::partial::0092,0,0.0,0.0,0.0,0.0,0.9,0.3,0.9,0.0,0.1,0.0,0.0,0.0,0.0,0.0,0.0,0.0,0.0,0.0,0.0,0.0,0.0,0.1,0.0,0.0,0.0,0.0,0.0,0.0,0.0,0.0,0.0,0.0,0.0,0.0,0.0,0.0,0.0,0.0,0.0,0.0,0.0,0.0,0.0,0.0,0.0,0.0,0.0,0.0,0.0,0.0,0.0,0.0,0.0,0.0,0.0,0.0,0.0,0.0,0.0,0.0,0.5615803,0.125,1.0,0.23559828,10.0,2.3978953,1.2726305,2.0518284,11.3
NEG::partial::0093,0,0.06666667,0.0,0.0,0.0,0.33333334,0.0,0.0,0.0,0.06666667,0.0,0.0,0.0,0.0,0.0,0.0,0.0,0.2,0.26666668,0.0,0.0,0.0,0.0,0.0,0.0,0.0,0.0,0.0,0.0,0.0,0.06666667,0.0,0.0,0.0,0.0,0.0,0.0,0.0,0.0,0.0,0.0,0.0,0.0,0.0,0.0,0.0,0.0,0.0,0.0,0.0,0.0,0.0,0.0,0.0,0.0,0.0,0.0,0.0,0.0,0.0,0.0,0.24245816,0.071428575,1.0,0.18153304,15.0,2.7725887,1.5821711,2.6948512,4.266667
NEG::partial::0094,0,0.0,0.4347826,0.0,0.0,0.28985506,0.08695652,0.3188406,0.0,0.10144927,0.0,0.0,0.028985508,0.08695652,0.0,0.0,0.0,0.0,0.028985508,0.0,0.014492754,0.0,0.028985508,0.0,0.0,0.0,0.0,0.0,0.014492754,0.028985508,0.0,0.0,0.0,0.0,0.0,0.014492754,0.0,0.0,0.0,0.0,0.0,0.0,0.0,0.0,0.0,0.0,0.014492754,0.0,0.0,0.0,0.0,0.0,0.0,0.0,0.0,0.0,0.0,0.0,0.0,0.0,0.0,0.08295756,0.0,0.875,0.11632373,69.0,4.248495,2.0073397,4.109405,8.521739
NEG::partial::0095,0,0.0,0.06666667,0.0,0.0,0.46666667,0.13333334,0.33333334,0.13333334,0.6,0.0,0.0,0.0,0.0,0.0,0.0,0.0,0.13333334,0.0,0.0,0.0,0.0,0.06666667,0.0,0.0,0.0,0.0,0.0,0.0,0.0,0.0,0.0,0.0,0.0,0.0,0.0,0.0,0.06666667,0.0,0.0,0.0,0.0,0.0,0.0,0.0,0.0,0.0,0.0,0.0,0.0,0.0,0.0,0.0,0.0,0.0,0.0,0.0,0.0,0.0,0.0,0.0,0.16196598,0.0,0.7777778,0.16158305,15.0,2.7725887,1.8811158,6.386096,11.133333
NEG::partial::0096,0,0.0,0.15384616,0.0,0.0,0.53846157,0.07692308,0.15384616,0.0,0.30769232,0.0,0.0,0.0,0.0,0.0,0.0,0.0,0.07692308,0.07692308,0.15384616,0.0,0.0,0.0,0.0,0.0,0.0,0.0,0.0,0.0,0.0,0.0,0.0,0.0,0.0,0.0,0.0,0.0,0.0,0.0,0.0,0.0,0.0,0.0,0.0,0.0,0.0,0.0,0.0,0.0,0.0,0.0,0.0,0.0,0.0,0.0,0.0,0.0,0.0,0.0,0.0,0.0,0.10131528,0.0,0.5833333,0.14013036,13.0,2.6390574,1.8294613,5.5116873,9.076923
NEG::partial::0097,0,0.0,0.0,0.0,0.0,0.9,0.2,0.6,0.2,0.3,0.0,0.1,0.0,0.0,0.0,0.0,0.0,0.0,0.0,0.0,0.0,0.0,0.0,0.0,0.0,0.0,0.0,0.0,0.0,0.0,0.0,0.0,0.0,0.0,0.0,0.0,0.0,0.0,0.0,0.0,0.0,0.0,0.0,0.0,0.0,0.0,0.0,0.0,0.0,0.0,0.0,0.0,0.0,0.0,0.0,0.0,0.0,0.0,0.0,0.0,0.0,0.16142339,0.0,0.85714287,0.15316966,10.0,2.3978953,1.5444511,2.7730849,6.9
NEG::partial::0098,0,0.14285715,0.0,0.0,0.0,1.0,0.42857143,0.14285715,0.0,0.42857143,0.0,0.0,0.0,0.0,0.0,0.0,0.0,0.0,0.0,0.0,0.0,0.0,0.0,0.0,0.0,0.0,0.0,0.0,0.0,0.0,0.0,0.0,0.0,0.0,0.0,0.0,0.0,0.0,0.0,0.0,0.0,0.0,0.0,0.0,0.0,0.0,0.0,0.0,0.0,0.0,0.0,0.0,0.0,0.0,0.0,0.0,0.0,0.0,0.0,0.0,0.0,0.25100014,0.083333336,0.5,0.11456662,7.0,2.0794415,1.3605144,2.7180426,9.571428
NEG::partial::0099,0,0.0,0.0,0.0,0.0,0.8181818,0.18181819,0.8181818,0.0,0.18181819,0.0,0.0,0.0,0.0,0.0,0.0,0.0,0.0,0.0,0.0,0.0,0.0,0.09090909,0.0,0.0,0.0,0.0,0.0,0.0,0.0,0.0,0.0,0.0,0.0,0.0,0.0,0.0,0.0,0.0,0.0,0.0,0.0,0.0,0.0,0.0,0.0,0.0,0.0,0.0,0.0,0.0,0.0,0.0,0.0,0.0,0.0,0.0,0.0,0.0,0.0,0.0,0.5264806,0.125,1.0,0.26016435,11.0,2.4849067,1.2953804,2.1242402,10.818182
NEG::partial::0100,0,0.0,0.0,0.0,0.0,0.8333333,0.16666667,0.16666667,0.0,0.0,0.0,0.0,0.0,0.0,0.0,0.0,0.0,0.16666667,0.0,0.0,0.0,0.0,0.0,0.0,0.0,0.0,0.0,0.0,0.0,0.0,0.0,0.0,0.0,0.0,0.0,0.0,0.0,0.0,0.0,0.0,0.0,0.0,0.0,0.0,0.0,0.0,0.0,0.0,0.0,0.0,0.0,0.0,0.0,0.0,0.0,0.0,0.0,0.0,0.0,0.0,0.0,0.1891814,0.0,0.5,0.14916402,6.0,1.9459101,1.0735438,2.924988,7.6666665
NEG::partial::0101,0,0.0,0.0,0.0,0.0,0.0,0.6,0.2,0.0,0.2,0.0,0.0,0.0,0.0,0.0,0.0,0.0,0.0,0.2,0.0,0.0,0.0,0.0,0.0,0.0,0.0,0.0,0.0,0.0,0.0,0.0,0.0,0.0,0.0,0.0,0.0,0.0,0.0,0.0,0.0,0.0,0.0,0.0,0.0,0.0,0.0,0.0,0.0,0.0,0.0,0.0,0.0,0.0,0.0,0.0,0.0,0.0,0.0,0.0,0.0,0.0,0.24796703,0.0,0.6666667,0.19497736,5.0,1.7917595,1.2424543,2.9393878,6.6
NEG::partial::0102,0,0.0,0.0,0.0,0.0,0.6875,0.25,0.3125,0.0,0.4375,0.0,0.0,0.0,0.0,0.0,0.0,0.0,0.125,0.0,0.0,0.0625,0.0625,0.0625,0.0,0.0,0.0,0.0,0.0,0.0,0.0,0.0,0.0,0.0,0.0,0.1875,0.0,0.0,0.0,0.0,0.0,0.375,0.0,0.0,0.0,0.0,0.0,0.0,0.0,0.0,0.0,0.0,0.0,0.0,0.0,0.0,0.0,0.0,0.0,0.0,0.0,0.0,0.13508362,0.0,0.75,0.1537808,16.0,2.8332133,2.030078,6.451744,12.0
NEG::partial::0103,0,0.018518519,0.037037037,0.0,0.0,0.5,0.16666667,0.44444445,0.18518518,0.5740741,0.0,0.0,0.0,0.0,0.0,0.0,0.0,0.055555556,0.018518519,0.0,0.0,0.0,0.0,0.0,0.0,0.0,0.0,0.0,0.0,0.018518519,0.0,0.0,0.0,0.0,0.0,0.0,0.0,0.0,0.0,0.0,0.0,0.0,0.0,0.0,0.0,0.0,0.0,0.0,0.0,0.0,0.0,0.0,0.0,0.0,0.0,0.0,0.0,0.0,0.0,0.0,0.0,0.105735585,0.0,0.72727275,0.10540194,54.0,4.0073333,1.762931,4.242964,9.814815
NEG::partial::0104,0,0.0,0.0,0.0,0.0,0.5,0.11764706,0.61764705,0.11764706,0.47058824,0.0,0.0,0.0,0.0,0.0,0.0882353,0.0,0.0882353,0.029411765,0.0,0.0,0.029411765,0.0,0.0,0.0,0.0,0.0,0.0,0.0,0.1764706,0.0,0.0,0.0,0.0,0.0,0.0,0.029411765,0.05882353,0.0,0.0,0.0,0.0,0.0,0.0,0.0,0.0,0.0,0.0,0.0,0.0,0.0,0.0,0.0,0.0,0.0,0.0,0.0,0.0,0.0,0.0,0.0,0.121170714,0.0,0.73333335,0.13057329,34.0,3.5553482,2.0114748,4.9092984,9.676471
NEG::partial::0105,0,0.0,0.0,0.0,0.0,0.0,0.0,0.5,0.0,0.0,0.0,0.0,0.0,0.0,0.0,0.0,0.0,0.0,0.0,0.0,0.0,0.0,0.0,0.0,0.0,0.0,0.0,0.0,0.0,0.0,0.0,0.0,0.0,0.0,0.0,0.0,0.0,0.0,0.0,0.0,0.0,0.0,0.0,0.0,0.0,0.0,0.0,0.0,0.0,0.0,0.0,0.0,0.0,0.0,0.0,0.0,0.0,0.0,0.0,0.0,0.0,0.33530173,0.0,1.0,0.35609227,6.0,1.9459101,2.4814938e-06,3.6247606,6.8333335
NEG::partial::0106,0,0.0,0.0,0.0,0.0,0.0,0.8,1.0,0.0,0.2,0.0,0.0,0.0,0.0,0.0,0.0,0.0,0.0,0.0,0.0,0.0,0.0,0.0,0.0,0.0,0.0,0.0,0.0,0.0,0.0,0.0,0.0,0.0,0.0,0.0,0.0,0.0,0.0,0.0,0.2,0.0,0.0,0.0,0.0,0.0,0.0,0.0,0.0,0.0,0.0,0.0,0.0,0.0,0.0,0.0,0.0,0.0,0.0,0.0,0.0,0.0,0.43985453,0.028571429,0.9230769,0.344452,5.0,1.7917595,1.1622261,3.5777087,14.0
NEG::partial::0107,0,0.0,0.125,0.0,0.0,0.375,0.025,0.2,0.0,0.125,0.0,0.0,0.0,0.075,0.0,0.0,0.0,0.05,0.05,0.0,0.0,0.0,0.0,0.0,0.0,0.0,0.0,0.0,0.0,0.0,0.0,0.0,0.0,0.0,0.0,0.0,0.0,0.0,0.0,0.0,0.0,0.0,0.0,0.0,0.0,0.0,0.025,0.0,0.0,0.0,0.0,0.0,0.0,0.0,0.0,0.0,0.0,0.0,0.0,0.0,0.0,0.10710876,0.0,0.85714287,0.15718167,40.0,3.713572,1.8467399,3.8825731,7.025
NEG::partial::0108,0,0.0,0.0,0.0,0.0,0.0,0.05263158,0.47368422,0.0,0.36842105,0.0,0.0,0.0,0.0,0.0,0.0,0.0,0.15789473,0.05263158,0.0,0.0,0.05263158,0.0,0.0,0.0,0.0,0.0,0.0,0.0,0.0,0.0,0.0,0.0,0.0,0.0,0.0,0.0,0.0,0.0,0.2631579,0.0,0.0,0.0,0.0,0.0,0.0,0.0,0.2631579,0.0,0.0,0.0,0.0,0.0,0.05263158,0.0,0.0,0.0,0.0,0.0,0.0,0.0,0.13691697,0.0,0.8333333,0.20311713,19.0,2.9957323,1.896914,2.9417238,6.631579
NEG::partial::0109,0,0.0,0.0,0.0,0.0,0.5,0.375,0.625,0.0,0.75,0.0,0.0,0.0,0.0,0.0,0.0,0.0,0.0,0.0,0.0,0.0,0.0,0.0,0.0,0.0,0.0,0.0,0.0,0.0,0.0,0.0,0.0,0.0,0.0,0.0,0.0,0.0,0.125,0.0,0.0,0.0,0.0,0.0,0.0,0.0,0.0,0.0,0.0,0.0,0.0,0.0,0.0,0.0,0.0,0.0,0.0,0.0,0.0,0.0,0.0,0.0,0.20581457,0.0,0.54545456,0.16726793,8.0,2.1972246,1.4897679,5.8309517,11.0
NEG::partial::0110,0,0.0,0.8,0.0,0.0,0.2,0.2,0.0,0.0,0.0,0.0,0.0,0.0,0.0,0.0,0.0,0.0,0.0,0.0,1.0,0.0,0.0,0.0,0.0,0.0,0.0,0.0,0.0,0.0,0.0,0.0,0.0,0.0,0.0,0.0,0.0,0.0,0.0,0.0,0.0,0.0,0.0,0.0,0.0,0.0,0.0,0.0,0.0,0.0,0.0,0.0,0.0,0.0,0.0,0.0,0.0,0.0,0.0,0.0,0.0,0.0,0.3641422,0.22727273,0.61538464,0.12710162,5.0,1.7917595,1.1622261,2.0591261,12.6
NEG::partial::0111,0,0.0,0.0,0.0,0.0,1.0,0.125,0.375,0.0,0.0,0.0,0.0,0.0,0.0,0.0,0.0,0.0,0.125,0.0,0.0,0.0,0.0,0.0,0.0,0.0,0.0,0.0,0.0,0.0,0.0,0.0,0.0,0.0,0.0,0.0,0.0,0.0,0.0,0.0,0.0,0.0,0.0,0.0,0.0,0.0,0.0,0.0,0.0,0.0,0.0,0.0,0.0,0.0,0.0,0.0,0.0,0.0,0.0,0.0,0.0,0.0,0.25242588,0.07692308,1.0,0.14820105,16.0,2.8332133,1.0317678,2.5302854,6.1875
NEG::partial::0112,0,0.0,0.0,0.0,0.0,0.0,0.0,0.375,0.625,0.25,0.0,0.0,0.0,0.0,0.0,0.0,0.0,0.5,0.375,0.0,0.0,0.0,0.125,0.0,0.0,0.0,0.0,0.0,0.0,0.0,0.0,0.0,0.0,0.0,0.0,0.0,0.0,0.0,0.0,0.0,0.0,0.0,0.0,0.0,0.0,0.0,0.0,0.0,0.0,0.0,0.0,0.0,0.0,0.0,0.0,0.0,0.0,0.0,0.0,0.0,0.0,0.24949965,0.0,1.0,0.3391787,8.0,2.1972246,1.6920203,3.8971143,9.25
NEG::partial::0113,0,0.0,0.0,0.0,0.0,0.6,0.0,0.2,0.2,0.0,0.0,0.0,0.0,0.0,0.0,0.0,0.0,0.0,0.0,0.0,0.0,0.0,0.0,0.0,0.0,0.0,0.0,0.0,0.0,0.0,0.0,0.0,0.0,0.0,0.0,0.0,0.0,0.0,0.0,0.0,0.0,0.0,0.0,0.0,0.0,0.0,0.0,0.0,0.0,0.0,0.0,0.0,0.0,0.0,0.2,0.0,0.0,0.0,0.0,0.0,0.0,0.12072473,0.05882353,0.2857143,0.06752425,5.0,1.7917595,1.2424543,2.0591261,6.6
NEG::partial::0114,0,0.0,0.0,0.0,0.0,0.8,0.0,0.6,0.0,0.2,0.0,0.0,0.0,0.0,0.0,0.0,0.0,0.0,0.0,0.0,0.0,0.0,0.0,0.0,0.0,0.0,0.0,0.0,0.0,0.0,0.0,0.0,0.0,0.0,0.0,0.0,0.0,0.0,0.0,0.0,0.0,0.0,0.0,0.0,0.0,0.0,0.0,0.0,0.0,0.0,0.0,0.0,0.0,0.0,0.0,0.0,0.0,0.0,0.0,0.0,0.0,0.3938889,0.1,0.7777778,0.22253458,5.0,1.7917595,0.9743155,1.7204651,6.2
NEG::partial::0115,0,0.0,0.71428573,0.0,0.0,0.2857143,0.0,0.0,0.0,0.0,0.14285715,0.0,0.0,0.0,0.0,0.0,0.0,0.0,0.0,0.0,0.0,0.0,0.0,0.0,0.0,0.0,0.0,0.0,0.0,0.0,0.0,0.0,0.0,0.0,0.0,0.0,0.0,0.0,0.0,0.0,0.0,0.0,0.14285715,0.0,0.0,0.0,0.0,0.0,0.0,0.0,0.0,0.0,0.14285715,0.0,0.0,0.0,0.0,0.14285715,0.0,0.0,0.0,0.35453337,0.0,1.0,0.24220976,7.0,2.0794415,1.5403066,7.814168,9.285714
NEG::partial::0116,0,0.0,0.0,0.0,0.0,0.6,0.4,0.4,0.0,0.4,0.0,0.0,0.0,0.0,0.0,0.0,0.0,0.0,0.0,0.0,0.0,0.0,0.0,0.0,0.0,0.0,0.0,0.0,0.0,0.0,0.0,0.0,0.0,0.0,0.0,0.0,0.0,0.0,0.0,0.0,0.0,0.0,0.0,0.0,0.0,0.2,0.0,0.0,0.0,0.0,0.0,0.0,0.0,0.0,0.0,0.0,0.0,0.0,0.0,0.0,0.0,0.10963346,0.0,0.45454547,0.12965152,5.0,1.7917595,1.5571136,4.2142615,7.8
NEG::partial::0117,0,0.0,0.0,0.0,0.0,0.3181818,0.0,0.18181819,0.0,0.09090909,0.0,0.0,0.0,0.0,0.0,0.0,0.0,0.0,0.22727273,0.0,0.0,0.0,0.0,0.0,0.0,0.0,0.0,0.0,0.0,0.0,0.0,0.0,0.0,0.045454547,0.0,0.0,0.0,0.0,0.0,0.0,0.0,0.0,0.0,0.0,0.0,0.0,0.0,0.0,0.0,0.0,0.0,0.0,0.0,0.0,0.0,0.0,0.0,0.0,0.0,0.0,0.0,0.27289808,0.0,0.71428573,0.17158325,22.0,3.1354942,1.4391754,2.2709084,5.5454545
NEG::partial::0118,0,0.0,0.6,0.0,0.0,0.6,0.0,0.0,0.0,0.0,0.0,0.0,0.0,0.0,0.0,0.0,0.0,0.0,0.0,0.0,0.0,0.0,0.0,0.0,0.0,0.0,0.0,0.0,0.0,0.2,0.0,0.0,0.0,0.0,0.0,0.0,0.0,0.0,0.0,0.0,0.0,0.0,0.0,0.0,0.0,0.0,0.0,0.0,0.0,0.0,0.0,0.0,0.0,0.0,0.0,0.0,0.2,0.0,0.0,0.0,0.0,0.1570572,0.0,0.625,0.19856597,5.0,1.7917595,1.255483,2.4979992,7.4
NEG::partial::0119,0,0.0,0.0,0.0,0.0,0.4,0.0,0.6666667,0.0,0.06666667,0.0,0.0,0.0,0.0,0.0,0.0,0.0,0.0,0.0,0.0,0.0,0.0,0.0,0.0,0.0,0.0,0.0,0.0,0.0,0.0,0.0,0.0,0.0,0.0,0.0,0.0,0.0,0.0,0.0,0.0,0.0,0.0,0.0,0.0,0.0,0.0,0.0,0.0,0.0,0.0,0.0,0.0,0.0,0.0,0.0,0.0,0.0,0.0,0.0,0.0,0.0,0.4272387,0.083333336,1.0,0.22118957,15.0,2.7725887,0.8463669,1.5491934,5.0
NEG::partial::0120,0,0.0,0.0,0.0,0.2,0.8,0.0,0.0,0.0,0.0,0.0,0.0,0.0,0.0,0.0,0.0,0.0,0.2,0.0,0.0,0.0,0.0,0.0,0.0,0.0,0.2,0.0,0.0,0.0,0.0,0.0,0.0,0.0,0.0,0.0,0.0,0.0,0.0,0.0,0.0,0.0,0.0,0.0,0.0,0.0,0.0,0.0,0.0,0.0,0.0,0.0,0.0,0.0,0.0,0.0,0.0,0.0,0.0,0.0,0.0,0.0,0.24714285,0.0,0.6,0.17794748,5.0,1.7917595,1.1537428,0.9797959,4.2
NEG::partial::0121,0,0.0,0.29032257,0.0,0.0,0.2580645,0.09677419,0.09677419,0.0,0.12903225,0.0,0.0,0.0,0.0,0.0,0.0,0.0,0.09677419,0.19354838,0.29032257,0.0,0.0,0.0,0.0,0.0,0.0,0.0,0.0,0.0,0.0,0.0,0.0,0.0,0.0,0.0,0.0,0.0,0.0,0.0,0.0,0.0,0.0,0.0,0.0,0.0,0.0,0.0,0.0,0.0,0.0,0.0,0.0,0.0,0.0,0.0,0.0,0.0,0.0,0.0,0.0,0.0,0.12203568,0.0,0.8181818,0.18417019,31.0,3.465736,1.976245,3.6074266,7.774194
NEG::partial::0122,0,0.0,0.0,0.0,0.0,1.0,0.26666668,0.33333334,0.0,0.26666668,0.0,0.0,0.0,0.0,0.0,0.0,0.0,0.0,0.0,0.0,0.0,0.0,0.0,0.0,0.0,0.0,0.0,0.0,0.0,0.0,0.0,0.0,0.0,0.0,0.0,0.0,0.0,0.0,0.0,0.0,0.0,0.0,0.0,0.0,0.0,0.0,0.0,0.0,0.0,0.0,0.0,0.0,0.0,0.0,0.0,0.0,0.0,0.0,0.0,0.0,0.0,0.19397892,0.04,0.8333333,0.16711111,15.0,2.7725887,1.1979803,2.828427,10.0
NEG::partial::0123,0,0.0,0.0,0.0,0.0,0.0,0.4,0.6,0.0,0.4,0.0,0.0,0.0,0.0,0.0,0.0,0.0,0.0,0.2,0.0,0.0,0.0,0.0,0.0,0.0,0.0,0.0,0.0,0.0,0.0,0.0,0.0,0.0,0.0,0.0,0.0,0.0,0.0,0.0,0.0,0.0,0.0,0.0,0.0,0.0,0.0,0.0,0.0,0.0,0.0,0.0,0.0,0.0,0.0,0.0,0.0,0.0,0.0,0.0,0.0,0.0,0.11540404,0.0,0.75,0.22622105,5.0,1.7917595,1.3208891,2.1354156,4.8
NEG::partial::0124,0,0.0,0.2,0.0,0.0,0.4,0.0,0.6,0.0,0.4,0.0,0.0,0.0,0.0,0.0,0.0,0.0,0.0,0.0,0.0,0.0,0.0,0.0,0.0,0.0,0.0,0.0,0.0,0.0,0.0,0.0,0.0,0.0,0.0,0.0,0.0,0.0,0.0,0.0,0.0,0.0,0.0,0.0,0.0,0.0,0.0,0.0,0.0,0.0,0.0,0.0,0.0,0.0,0.0,0.0,0.0,0.0,0.0,0.0,0.0,0.0,0.23941994,0.04,0.6666667,0.19366814,5.0,1.7917595,1.3208891,3.4292855,10.8
NEG::partial::0125,0,0.0,0.3846154,0.0,0.0,0.30769232,0.07692308,0.46153846,0.23076923,0.30769232,0.0,0.0,0.0,0.0,0.0,0.0,0.0,0.07692308,0.0,0.0,0.0,0.0,0.07692308,0.0,0.0,0.0,0.0,0.0,0.0,0.0,0.0,0.0,0.0,0.0,0.0,0.0,0.0,0.0,0.0,0.0,0.0,0.0,0.0,0.0,0.0,0.0,0.0,0.0,0.0,0.0,0.0,0.0,0.0,0.0,0.0,0.0,0.0,0.0,0.0,0.0,0.0,0.11363262,0.0,0.75,0.17617895,13.0,2.6390574,1.8915188,4.469489,8.153846
NEG::partial::0126,0,0.0,0.016949153,0.0,0.0,0.7288136,0.118644066,0.2542373,0.084745765,0.5254237,0.0,0.0,0.0,0.0,0.0,0.0,0.0,0.0,0.0,0.050847456,0.0,0.0,0.0,0.0,0.0,0.0,0.0,0.0,0.0,0.0,0.0,0.0,0.0,0.0,0.0,0.0,0.0,0.0,0.0,0.0,0.0,0.0,0.0,0.0,0.0,0.0,0.0,0.0,0.0,0.0,0.0,0.0,0.0,0.0,0.0,0.0,0.0,0.0,0.0,0.0,0.0,0.10570443,0.0,0.72727275,0.11661444,59.0,4.0943446,1.4751956,3.6376371,9.525424
NEG::partial::0127,0,0.0,0.0,0.0,0.0,0.625,0.375,0.625,0.0,0.5,0.0,0.0,0.0,0.0,0.0,0.0,0.0,0.0,0.0,0.0,0.0,0.0,0.125,0.0,0.0,0.0,0.0,0.0,0.0,0.0,0.0,0.125,0.0,0.0,0.0,0.0,0.0,0.0,0.0,0.0,0.0,0.0,0.0,0.0,0.0,0.0,0.0,0.0,0.0,0.0,0.0,0.0,0.0,0.0,0.0,0.0,0.0,0.0,0.0,0.0,0.0,0.1717868,0.0,0.8,0.17356065,8.0,2.1972246,1.6320503,7.744958,12.375
NEG::partial::0128,0,0.0,0.0,0.0,0.0,0.0,0.09090909,0.54545456,0.0,0.36363637,0.0,0.0,0.0,0.0,0.0,0.0,0.0,0.0,0.0,0.09090909,0.0,0.09090909,0.0,0.0,0.0,0.0,0.0,0.0,0.0,0.0,0.0,0.0,0.0,0.0,0.0,0.0,0.0,0.0,0.0,0.09090909,0.0,0.09090909,0.0,0.0,0.0,0.0,0.0,0.09090909,0.0,0.0,0.0,0.0,0.0,0.18181819,0.0,0.0,0.0,0.0,0.0,0.0,0.0,0.075217605,0.0,0.44444445,0.106405415,11.0,2.4849067,1.9080374,4.285281,9.0
NEG::partial::0129,0,0.0,0.0,0.0,0.0,0.0,0.0,0.0,0.8333333,0.0,0.0,0.0,0.0,0.0,0.0,0.0,0.0,0.5,0.5,0.0,0.0,0.0,0.16666667,0.0,0.0,0.0,0.0,0.0,0.0,0.0,0.0,0.0,0.0,0.0,0.0,0.0,0.0,0.0,0.0,0.0,0.0,0.0,0.0,0.0,0.0,0.0,0.0,0.0,0.0,0.0,0.0,0.0,0.0,0.0,0.0,0.0,0.0,0.0,0.0,0.0,0.0,0.33356845,0.04347826,1.0,0.3681097,6.0,1.9459101,1.265002,4.3365374,9.166667
NEG::partial::0130,0,0.0,0.0,0.0,0.0,0.2857143,0.0,0.0,0.0,0.14285715,0.0,0.0,0.0,0.0,0.0,0.0,0.0,0.0,0.0,0.0,0.0,0.0,0.0,0.0,0.0,0.0,0.0,0.0,0.0,0.0,0.0,0.0,0.0,0.0,0.0,0.0,0.0,0.0,0.0,0.0,0.0,0.0,0.0,0.0,0.0,0.0,0.0,0.0,0.0,0.0,0.0,0.0,0.0,0.42857143,0.0,0.0,0.0,0.0,0.0,0.0,0.0,0.15753452,0.0,0.6666667,0.25396472,7.0,2.0794415,1.0114056,2.2587698,8.571428
NEG::partial::0131,0,0.0,0.0,0.0,0.0,0.125,0.0,1.0,0.0,0.0,0.0,0.0,0.0,0.0,0.0,0.0,0.0,0.0,0.125,0.0,0.0,0.0,0.0,0.0,0.0,0.0,0.0,0.0,0.0,0.0,0.0,0.0,0.0,0.0,0.0,0.0,0.0,0.0,0.0,0.0,0.0,0.0,0.0,0.0,0.0,0.0,0.0,0.0,0.0,0.0,0.0,0.625,0.0,0.0,0.0,0.0,0.0,0.0,0.0,0.0,0.0,0.36472338,0.125,1.0,0.21174702,8.0,2.1972246,1.062536,2.5,7.0
NEG::partial::0132,0,0.0,0.1,0.0,0.0,0.6,0.1,0.3,0.5,0.4,0.0,0.0,0.0,0.0,0.0,0.0,0.0,0.2,0.0,0.0,0.0,0.0,0.0,0.0,0.0,0.0,0.0,0.0,0.0,0.9,0.0,0.0,0.0,0.0,0.0,0.0,0.0,0.1,0.0,0.0,0.0,0.0,0.0,0.0,0.0,0.0,0.0,0.0,0.0,0.0,0.0,0.0,0.0,0.0,0.0,0.0,0.0,0.0,0.0,0.0,0.0,0.22041248,0.0,0.73333335,0.21429868,10.0,2.3978953,1.9407339,4.6572523,11.1
NEG::partial::0133,0,0.0,0.0,0.0,0.0,0.2,0.0,0.4,0.2,0.6,0.0,0.0,0.0,0.0,0.0,0.0,0.0,0.2,0.0,0.0,0.0,0.0,0.2,0.0,0.0,0.0,0.0,0.0,0.0,0.4,0.0,0.0,0.0,0.0,0.0,0.0,0.0,0.0,0.0,0.0,0.0,0.0,0.0,0.0,0.0,0.0,0.0,0.0,0.0,0.0,0.0,0.4,0.0,0.0,0.0,0.0,0.0,0.0,0.0,0.0,0.0,0.057944193,0.0,0.2,0.06347383,5.0,1.7917595,1.9915098,4.630335,10.4
NEG::partial::0134,0,0.0,0.0,0.0,0.0,0.0,0.0,0.4,0.0,0.0,0.0,0.0,0.0,0.0,0.0,0.0,0.0,0.0,0.0,0.0,0.0,0.0,0.0,0.0,0.0,0.0,0.0,0.0,0.0,0.0,0.0,0.0,0.0,0.0,0.0,0.0,0.0,0.0,0.0,0.0,0.0,0.0,0.0,0.0,0.0,0.0,0.0,0.0,0.0,0.0,0.0,0.0,0.0,0.0,0.0,0.0,0.0,0.0,0.0,0.0,0.0,0.5474997,0.23076923,0.8181818,0.17305513,5.0,1.7917595,3.0689685e-06,1.3266499,9.2
NEG::partial::0135,0,0.0,0.6,0.0,0.0,0.0,0.2,0.0,0.0,0.0,0.0,0.0,0.0,0.0,0.0,0.0,0.0,0.0,0.2,0.4,0.0,0.0,0.2,0.0,0.0,0.0,0.0,0.0,0.0,0.0,0.0,0.0,0.0,0.0,0.0,0.0,0.0,0.0,0.0,0.0,0.0,0.0,0.0,0.0,0.0,0.0,0.0,0.0,0.0,0.0,0.0,0.0,0.0,0.0,0.0,0.0,0.0,0.0,0.0,0.0,0.0,0.2173912,0.071428575,0.6,0.15138608,5.0,1.7917595,1.4941758,1.7204651,8.8
NEG::partial::0136,0,0.0,0.0,0.0,0.0,0.33333334,0.0,0.6666667,0.06666667,0.53333336,0.0,0.0,0.0,0.0,0.0,0.0,0.0,0.2,0.13333334,0.0,0.0,0.0,0.0,0.0,0.0,0.0,0.0,0.0,0.0,0.0,0.0,0.0,0.0,0.0,0.0,0.0,0.0,0.0,0.0,0.0,0.0,0.0,0.0,0.0,0.0,0.0,0.0,0.0,0.0,0.0,0.0,0.0,0.0,0.0,0.0,0.0,0.0,0.0,0.0,0.0,0.0,0.1253054,0.0,1.0,0.15521549,15.0,2.7725887,1.5607204,3.1155524,7.4
NEG::partial::0137,0,0.0,0.0,0.0,0.0,0.06666667,0.06666667,0.53333336,0.0,0.06666667,0.0,0.0,0.0,0.0,0.0,0.0,0.0,0.13333334,0.06666667,0.0,0.0,0.0,0.0,0.0,0.0,0.0,0.0,0.0,0.0,0.0,0.0,0.0,0.0,0.0,0.0,0.0,0.0,0.0,0.0,0.0,0.0,0.0,0.0,0.0,0.0,0.0,0.0,0.0,0.0,0.0,0.0,0.0,0.0,0.0,0.0,0.0,0.0,0.0,0.0,0.0,0.0,0.25032312,0.0,1.0,0.39919668,15.0,2.7725887,1.3517852,3.197221,2.3333333
NEG::partial::0138,0,0.0,0.2,0.0,0.0,0.0,0.2,0.0,0.0,0.4,0.0,0.0,0.0,0.0,0.0,0.0,0.0,0.2,0.4,0.6,0.0,0.0,0.0,0.0,0.0,0.0,0.0,0.0,0.0,0.0,0.0,0.0,0.0,0.0,0.0,0.0,0.0,0.0,0.0,0.0,0.0,0.0,0.0,0.0,0.0,0.0,0.0,0.0,0.0,0.0,0.0,0.0,0.0,0.0,0.0,0.0,0.0,0.0,0.0,0.0,0.0,0.14650643,0.0,0.6363636,0.20542343,5.0,1.7917595,1.6957431,2.7276363,7.4
NEG::partial::0139,0,0.0,0.0,0.0,0.0,1.0,0.0,0.0,0.0,0.4,0.0,0.0,0.0,0.0,0.0,0.0,0.0,0.0,0.0,0.0,0.0,0.0,0.0,0.0,0.0,0.0,0.0,0.0,0.0,0.0,0.0,0.0,0.0,0.0,0.0,0.0,0.0,0.0,0.0,0.0,0.0,0.0,0.0,0.0,0.0,0.0,0.0,0.0,0.0,0.0,0.0,0.0,0.0,0.0,0.0,0.0,0.0,0.0,0.0,0.0,0.0,0.52015734,0.26666668,0.9285714,0.22671686,5.0,1.7917595,0.5982705,3.2619014,9.6
NEG::partial::0140,0,0.0,0.0,0.0,0.0,0.72727275,0.18181819,0.18181819,0.54545456,0.18181819,0.0,0.0,0.0,0.0,0.0,0.0,0.0,0.0,0.0,0.0,0.0,0.0,0.0,0.0,0.0,0.0,0.0,0.0,0.0,0.0,0.0,0.0,0.0,0.0,0.0,0.0,0.0,0.0,0.0,0.0,0.0,0.0,0.0,0.0,0.0,0.0,0.0,0.0,0.0,0.0,0.0,0.0,0.0,0.0,0.09090909,0.0,0.0,0.0,0.0,0.0,0.0,0.12182585,0.0,1.0,0.159491,11.0,2.4849067,1.5423815,2.622219,7.181818
NEG::partial::0141,0,0.0,0.20967741,0.0,0.0,0.10483871,0.45967743,0.4919355,0.088709675,0.33870968,0.0,0.0,0.0,0.0,0.0,0.0,0.0,0.016129032,0.016129032,0.0,0.008064516,0.008064516,0.04032258,0.0,0.0,0.0,0.0,0.0,0.0,0.008064516,0.008064516,0.0,0.0,0.0,0.0,0.008064516,0.0,0.0,0.0,0.0,0.0,0.008064516,0.0,0.0,0.0,0.0,0.008064516,0.008064516,0.0,0.0,0.0,0.0,0.0,0.0,0.0,0.0,0.0,0.0,0.016129032,0.0,0.0,0.099994965,0.0,0.5555556,0.11917266,124.0,4.828314,1.962818,4.749774,9.064516
NEG::partial::0142,0,0.0,0.037037037,0.0,0.0,0.3148148,0.074074075,0.14814815,0.0,0.24074075,0.0,0.0,0.0,0.0,0.0,0.0,0.0,0.0,0.09259259,0.018518519,0.0,0.0,0.0,0.0,0.0,0.0,0.0,0.0,0.0,0.7222222,0.0,0.0,0.0,0.0,0.037037037,0.0,0.0,0.018518519,0.0,0.018518519,0.0,0.0,0.0,0.0,0.0,0.0,0.0,0.0,0.0,0.0,0.0,0.0,0.0,0.037037037,0.0,0.0,0.0,0.0,0.0,0.0,0.0,0.3142189,0.0,0.85714287,0.22843675,54.0,4.0073333,1.8299338,3.8236144,7.4814816
NEG::partial::0143,0,0.0,0.0,0.0,0.0,0.0,0.0,0.22222222,0.0,0.11111111,0.0,0.0,0.0,0.0,0.0,0.0,0.0,0.11111111,0.0,0.0,0.0,0.0,0.0,0.0,0.0,0.0,0.0,0.0,0.0,0.0,0.0,0.0,0.0,0.0,0.0,0.0,0.0,0.0,0.0,0.0,0.0,0.0,0.0,0.0,0.0,0.0,0.0,0.0,0.0,0.0,0.0,0.0,0.0,0.0,0.0,0.0,0.0,0.0,0.0,0.0,0.0,0.26349208,0.0,0.8,0.22638306,9.0,2.3025851,1.0397233,1.8724778,3.2222223
NEG::partial::0144,0,0.0,0.0,0.0,0.0,0.42857143,0.22857143,0.4,0.114285715,0.45714286,0.0,0.0,0.0,0.0,0.028571429,0.028571429,0.028571429,0.028571429,0.0,0.0,0.0,0.0,0.028571429,0.0,0.0,0.0,0.0,0.0,0.0,0.0,0.0,0.0,0.0,0.0,0.0,0.028571429,0.0,0.028571429,0.0,0.0,0.0,0.0,0.0,0.0,0.0,0.0,0.0,0.0,0.0,0.0,0.0,0.0,0.0,0.0,0.0,0.0,0.0,0.0,0.0,0.0,0.0,0.11244436,0.0,0.75,0.14003143,35.0,3.583519,1.9071698,5.2117605,10.457143
NEG::partial::0145,0,0.0,0.0,0.0,0.0,0.33333334,0.0,0.6666667,0.0,0.5555556,0.0,0.0,0.0,0.0,0.0,0.0,0.0,0.22222222,0.0,0.0,0.0,0.0,0.0,0.0,0.0,0.0,0.0,0.0,0.0,0.0,0.0,0.0,0.0,0.0,0.0,0.0,0.0,0.0,0.0,0.0,0.0,0.0,0.0,0.0,0.0,0.0,0.0,0.0,0.0,0.0,0.0,0.0,0.0,0.0,0.0,0.0,0.0,0.0,0.0,0.0,0.0,0.17203206,0.0,1.0,0.23735756,9.0,2.3025851,1.305097,2.5141575,4.888889
NEG::partial::0146,0,0.0,0.0,0.0,0.0,0.14285715,0.0,0.5714286,0.0,0.5714286,0.0,0.0,0.0,0.0,0.0,0.0,0.0,0.0,0.0,0.0,0.0,0.2857143,0.0,0.0,0.0,0.0,0.0,0.0,0.0,0.0,0.0,0.0,0.0,0.0,0.0,0.0,0.0,0.0,0.0,0.0,0.0,0.0,0.0,0.0,0.0,0.0,0.0,0.0,0.0,0.0,0.0,0.0,0.0,0.0,0.0,0.0,0.0,0.0,0.0,0.0,0.0,0.21233033,0.0,1.0,0.23195896,7.0,2.0794415,1.2636552,2.3819046,6.428571
NEG::partial::0147,0,0.0,0.125,0.0,0.0,0.25,0.0,0.375,0.0,0.25,0.0,0.0,0.0,0.0,0.0,0.0,0.0,0.0,0.25,0.125,0.0,0.0,0.25,0.0,0.0,0.0,0.0,0.0,0.0,0.0,0.0,0.125,0.0,0.0,0.0,0.0,0.0,0.0,0.0,0.0,0.0,0.0,0.0,0.0,0.0,0.0,0.0,0.0,0.0,0.0,0.0,0.0,0.0,0.0,0.0,0.0,0.0,0.0,0.0,0.0,0.0,0.2284002,0.04347826,0.7,0.21311389,8.0,2.1972246,2.007557,4.62162,11.125
NEG::partial::0148,0,0.0,0.0,0.0,0.0,0.125,0.0,0.625,0.125,0.125,0.0,0.0,0.0,0.0,0.0,0.0,0.0,0.0,0.25,0.0,0.0,0.0,0.0,0.0,0.0,0.0,0.0,0.0,0.0,0.0,0.0,0.0,0.0,0.0,0.0,0.0,0.0,0.0,0.0,0.0,0.0,0.0,0.0,0.0,0.0,0.0,0.0,0.0,0.0,0.0,0.0,0.0,0.0,0.0,0.0,0.0,0.0,0.0,0.0,0.0,0.0,0.12835215,0.0,1.0,0.21569785,8.0,2.1972246,1.3592376,3.2763357,5.375
NEG::partial::0149,0,0.0,0.0,0.0,0.0,0.5,0.0,0.375,0.0,0.25,0.0,0.0,0.0,0.0,0.0,0.0,0.0,0.25,0.0,0.0,0.0,0.0,0.0,0.0,0.0,0.0,0.0,0.0,0.0,0.0,0.0,0.0,0.0,0.0,0.0,0.0,0.0,0.125,0.0,0.0,0.0,0.0,0.0,0.0,0.0,0.0,0.0,0.0,0.0,0.0,0.0,0.0,0.0,0.0,0.0,0.0,0.0,0.0,0.0,0.0,0.0,0.118181124,0.0,0.5,0.12764752,8.0,2.1972246,1.5171071,2.9895651,5.75
NEG::partial::0150,0,0.28125,0.0,0.125,0.3125,0.09375,0.9375,0.34375,0.21875,0.25,0.0,0.0,0.0,0.09375,0.0625,0.21875,0.125,0.0,0.0,0.0,0.0,0.0,0.0,0.09375,0.03125,0.09375,0.0,0.0,0.0,0.0,0.03125,0.0,0.0,0.03125,0.0,0.0,0.0,0.0,0.125,0.0,0.0,0.0,0.0,0.0,0.0,0.1875,0.0,0.0,0.0,0.0,0.0,0.0,0.0,0.0,0.0,0.0,0.0,0.0,0.0,0.0,0.0,0.124383725,0.027027028,0.45614034,0.071447365,32.0,3.4965076,2.5651858,11.892586,16.4375
NEG::partial::0151,0,0.0,0.0,0.0,0.0,0.4,0.08,0.28,0.12,0.12,0.0,0.0,0.0,0.0,0.0,0.0,0.0,0.04,0.04,0.0,0.0,0.0,0.04,0.0,0.0,0.0,0.0,0.0,0.0,0.0,0.0,0.0,0.0,0.0,0.0,0.0,0.0,0.0,0.0,0.0,0.0,0.0,0.0,0.0,0.0,0.0,0.0,0.0,0.0,0.0,0.0,0.0,0.0,0.0,0.0,0.0,0.0,0.0,0.0,0.0,0.0,0.074056946,0.0,0.875,0.15554073,25.0,3.2580965,1.7384486,2.7712812,7.2
NEG::partial::0152,0,0.0,0.0,0.0,0.0,0.2857143,0.0,0.0,0.0,0.04761905,0.0,0.0,0.0,0.0,0.0,0.0,0.0,0.0,0.0,0.0,0.0,0.0,0.0,0.0,0.0,0.0,0.0,0.0,0.0,0.04761905,0.0,0.0,0.0,0.0,0.0,0.04761905,0.0,0.0,0.0,0.0,0.04761905,0.0,0.0,0.0,0.0,0.0,0.0,0.0,0.0,0.0,0.0,0.0,0.0,0.0,0.0,0.0,0.0,0.0,0.0,0.0,0.0,0.3789923,0.0,1.0,0.27984595,21.0,3.0910425,1.2275317,2.3531713,5.285714
NEG::partial::0153,0,0.0,0.8333333,0.0,0.0,0.16666667,0.0,0.0,0.0,0.0,0.0,0.0,0.0,0.0,0.0,0.0,0.0,0.0,0.0,0.0,0.0,0.0,0.0,0.0,0.0,0.0,0.0,0.0,0.0,0.0,0.0,0.0,0.0,0.0,0.0,0.0,0.0,0.0,0.0,0.0,0.0,0.0,0.0,0.0,0.0,0.0,0.0,0.0,0.0,0.0,0.0,0.0,0.0,0.0,0.0,0.0,0.0,0.0,0.0,0.0,0.0,0.52763164,0.27272728,1.0,0.1761281,6.0,1.9459101,0.45056245,1.4907119,6.6666665
NEG::partial::0154,0,0.0,0.0,0.0,0.0,0.0,0.75,1.0,0.0,0.25,0.0,0.0,0.0,0.0,0.0,0.0,0.0,0.0,0.0,0.0,0.0,0.0,0.0,0.0,0.0,0.0,0.0,0.0,0.0,0.0,0.0,0.0,0.0,0.0,0.0,0.0,0.0,0.0,0.0,0.25,0.0,0.0,0.0,0.0,0.0,0.0,0.0,0.0,0.0,0.0,0.0,0.0,0.0,0.0,0.0,0.0,0.0,0.0,0.0,0.0,0.0,0.3310421,0.028571429,0.6923077,0.30268428,4.0,1.609438,1.2148902,3.8405728,14.5
NEG::partial::0155,0,0.0,0.0,0.0,0.0,0.7037037,0.22222222,0.4814815,0.0,0.44444445,0.0,0.0,0.0,0.0,0.0,0.11111111,0.0,0.074074075,0.037037037,0.0,0.0,0.0,0.0,0.0,0.0,0.0,0.0,0.0,0.0,0.37037036,0.0,0.0,0.0,0.0,0.0,0.0,0.0,0.074074075,0.0,0.0,0.0,0.0,0.0,0.0,0.0,0.0,0.0,0.0,0.0,0.0,0.0,0.0,0.0,0.0,0.0,0.0,0.0,0.0,0.0,0.0,0.0,0.101705156,0.0,0.5714286,0.1085919,27.0,3.3322046,1.8819729,5.7265058,10.851851
NEG::partial::0156,0,0.0,0.0,0.0,0.0,0.44444445,0.11111111,0.44444445,0.22222222,0.22222222,0.0,0.0,0.0,0.0,0.0,0.0,0.0,0.11111111,0.0,0.0,0.0,0.0,0.055555556,0.0,0.0,0.0,0.0,0.0,0.0,0.0,0.0,0.0,0.0,0.0,0.0,0.0,0.0,0.0,0.0,0.0,0.0,0.11111111,0.0,0.0,0.0,0.0,0.0,0.0,0.0,0.0,0.0,0.0,0.0,0.0,0.0,0.0,0.0,0.0,0.0,0.0,0.0,0.13869418,0.0,1.0,0.19471265,18.0,2.944439,1.8688167,2.0615528,5.1666665
NEG::partial::0157,0,0.0,0.75757575,0.0,0.0,0.0,0.42424244,0.3939394,0.0,0.18181819,0.0,0.0,0.0,0.0,0.0,0.0,0.0,0.030303031,0.0,0.0,0.0,0.0,0.0,0.0,0.0,0.0,0.0,0.0,0.0,0.0,0.0,0.0,0.0,0.0,0.0,0.0,0.0,0.0,0.0,0.0,0.0,0.0,0.0,0.0,0.0,0.0,0.030303031,0.0,0.0,0.3939394,0.0,0.0,0.0,0.0,0.0,0.0,0.0,0.0,0.0,0.0,0.0,0.1832576,0.0,0.5555556,0.12849785,33.0,3.5263605,1.6211731,4.9693274,10.181818
NEG::partial::0158,0,0.0,0.0,0.0,0.0,0.6,0.2,0.0,0.0,0.4,0.0,0.0,0.0,0.0,0.0,0.0,0.0,0.0,0.2,0.0,0.0,0.0,0.0,0.0,0.0,0.0,0.0,0.0,0.0,0.0,0.0,0.0,0.0,0.0,0.0,0.0,0.0,0.0,0.0,0.0,0.0,0.0,0.0,0.0,0.0,0.0,0.0,0.0,0.0,0.0,0.0,0.0,0.0,0.0,0.0,0.0,0.0,0.0,0.0,0.0,0.0,0.11920996,0.0,0.5,0.13797896,5.0,1.7917595,1.2770351,1.5491934,5.0
NEG::partial::0159,0,0.0,0.0,0.0,0.0,0.5714286,0.2857143,0.42857143,0.0,0.14285715,0.0,0.0,0.0,0.0,0.0,0.0,0.0,0.2857143,0.14285715,0.0,0.0,0.0,0.0,0.0,0.0,0.0,0.0,0.0,0.0,0.0,0.0,0.0,0.0,0.0,0.0,0.0,0.0,0.0,0.0,0.0,0.0,0.0,0.0,0.0,0.0,0.0,0.0,0.0,0.0,0.0,0.0,0.0,0.0,0.0,0.0,0.0,0.0,0.0,0.0,0.0,0.0,0.1549296,0.0,0.6,0.1663606,7.0,2.0794415,1.6715959,2.2497165,4.714286
NEG::partial::0160,0,0.0,0.09677419,0.0,0.0,0.12903225,0.09677419,0.41935483,0.32258064,0.14516129,0.0,0.0,0.0,0.06451613,0.0,0.0,0.0,0.048387095,0.08064516,0.0,0.016129032,0.0,0.06451613,0.0,0.0,0.0,0.0,0.0,0.0,0.016129032,0.0,0.0,0.0,0.0,0.0,0.032258064,0.0,0.0,0.0,0.0,0.0,0.0,0.0,0.0,0.0,0.0,0.0,0.0,0.0,0.0,0.0,0.0,0.0,0.0,0.0,0.0,0.0,0.0,0.0,0.0,0.0,0.10627623,0.0,1.0,0.20020854,62.0,4.1431346,2.1711776,4.4988437,9.048388
NEG::partial::0161,0,0.0,0.0,0.0,0.0,0.8,0.0,0.6,0.4,0.2,0.0,0.0,0.0,0.0,0.0,0.0,0.0,0.2,0.0,0.0,0.0,0.0,0.0,0.0,0.0,0.0,0.0,0.0,0.0,0.0,0.0,0.0,0.0,0.0,0.0,0.0,0.0,0.0,0.0,0.0,0.0,0.0,0.0,0.0,0.0,0.0,0.0,0.0,0.0,0.0,0.0,0.0,0.0,0.0,0.0,0.0,0.0,0.0,0.0,0.0,0.0,0.2913458,0.09090909,0.625,0.18166348,5.0,1.7917595,1.4681405,3.9293766,7.4
NEG::partial::0162,0,0.0,0.6666667,0.0,0.0,0.3809524,0.0952381,0.04761905,0.0,0.0,0.0,0.0,0.0,0.0,0.0,0.0,0.0,0.0,0.0,0.0,0.0,0.0,0.0,0.0,0.0,0.0,0.0,0.0,0.0,0.04761905,0.0,0.0,0.0,0.0,0.0,0.0,0.0,0.0,0.0,0.0,0.0,0.0,0.0,0.0,0.0,0.0,0.0,0.0,0.0,0.0,0.0,0.0,0.0,0.0,0.0,0.0,0.0,0.0,0.0,0.0,0.0,0.2535476,0.0,0.90909094,0.16837493,21.0,3.0910425,1.1439195,3.0956044,7.5238094
NEG::partial::0163,0,0.0,0.0,0.0,0.0,0.2857143,0.14285715,0.5714286,0.5714286,0.2857143,0.0,0.0,0.0,0.0,0.0,0.0,0.0,0.0,0.0,0.0,0.0,0.0,0.0,0.0,0.0,0.0,0.0,0.0,0.0,0.0,0.0,0.0,0.0,0.0,0.0,0.0,0.0,0.0,0.0,0.0,0.0,0.0,0.0,0.0,0.0,0.0,0.0,0.0,0.0,0.0,0.0,0.0,0.0,0.0,0.0,0.0,0.0,0.0,0.0,0.0,0.0,0.23446712,0.0,0.6666667,0.2578875,7.0,2.0794415,1.4985697,0.9035079,4.571429
NEG::partial::0164,0,0.0,0.0,0.0,0.0,0.54545456,0.045454547,0.54545456,0.13636364,0.6363636,0.0,0.0,0.0,0.0,0.0,0.0,0.0,0.045454547,0.0,0.0,0.0,0.0,0.045454547,0.0,0.0,0.0,0.0,0.0,0.0,0.3181818,0.0,0.0,0.045454547,0.0,0.0,0.0,0.0,0.0,0.0,0.0,0.0,0.0,0.0,0.0,0.0,0.0,0.0,0.0,0.0,0.0,0.0,0.0,0.0,0.0,0.0,0.0,0.0,0.0,0.0,0.0,0.0,0.13086355,0.0,0.85714287,0.18973017,22.0,3.1354942,1.7685179,4.7733765,9.818182
NEG::partial::0165,0,0.048780486,0.0,0.048780486,0.048780486,0.0,0.63414633,0.19512194,0.0,0.19512194,0.0,0.0,0.0,0.0,0.0,0.0,0.024390243,0.0,0.0,0.0,0.0,0.0,0.048780486,0.4390244,0.024390243,0.024390243,0.0,0.0,0.0,0.0,0.0,0.0,0.024390243,0.0,0.0,0.0,0.0,0.0,0.0,0.0,0.0,0.0,0.0,0.0,0.0,0.0,0.0,0.0,0.0,0.0,0.0,0.0,0.0,0.0,0.0,0.0,0.0,0.0,0.0,0.0,0.0,0.21461543,0.0,1.0,0.23689099,41.0,3.7376697,1.8384244,4.0881133,8.341463
NEG::partial::0166,0,0.0,0.0,0.0,0.0,0.6,0.0,0.2,0.2,0.0,0.0,0.0,0.0,0.0,0.0,0.0,0.0,0.0,0.0,0.0,0.0,0.0,0.0,0.0,0.0,0.0,0.0,0.0,0.0,0.0,0.0,0.0,0.0,0.0,0.0,0.0,0.0,0.0,0.0,0.0,0.0,0.0,0.0,0.0,0.0,0.0,0.0,0.0,0.0,0.0,0.0,0.0,0.0,0.0,0.2,0.0,0.0,0.0,0.0,0.0,0.0,0.12072473,0.05882353,0.2857143,0.06752425,5.0,1.7917595,1.2424543,2.0591261,6.6
NEG::partial::0167,0,0.0,0.15384616,0.0,0.0,0.03846154,0.5769231,0.8076923,0.03846154,0.23076923,0.0,0.0,0.0,0.0,0.03846154,0.03846154,0.03846154,0.0,0.0,0.0,0.03846154,0.0,0.0,0.0,0.0,0.0,0.0,0.0,0.0,0.0,0.0,0.0,0.0,0.0,0.0,0.0,0.0,0.0,0.0,0.0,0.0,0.0,0.0,0.0,0.0,0.0,0.0,0.0,0.0,0.0,0.0,0.0,0.0,0.0,0.0,0.0,0.0,0.0,0.0,0.0,0.0,0.19541866,0.0,0.7777778,0.20013529,26.0,3.295837,1.6271777,4.8856754,10.769231
NEG::partial::0168,0,0.0,0.2,0.0,0.0,1.0,0.43333334,0.033333335,0.0,0.33333334,0.033333335,0.0,0.0,0.0,0.0,0.0,0.0,0.0,0.0,0.0,0.0,0.0,0.0,0.0,0.0,0.0,0.0,0.0,0.0,0.0,0.0,0.0,0.0,0.0,0.0,0.0,0.0,0.033333335,0.0,0.0,0.0,0.0,0.0,0.0,0.0,0.0,0.0,0.0,0.0,0.0,0.0,0.0,0.0,0.0,0.0,0.0,0.0,0.0,0.0,0.0,0.0,0.20196767,0.03846154,0.8333333,0.16950911,30.0,3.4339871,1.3988016,4.3920383,12.1
NEG::partial::0169,0,0.0,0.0,0.0,0.0,0.2,0.1,0.6,0.0,0.6,0.0,0.0,0.0,0.0,0.0,0.0,0.0,0.0,0.1,0.0,0.0,0.0,0.2,0.0,0.0,0.0,0.0,0.0,0.0,0.0,0.0,0.1,0.0,0.0,0.0,0.0,0.0,0.0,0.0,0.0,0.0,0.0,0.0,0.0,0.0,0.0,0.0,0.0,0.0,0.0,0.0,0.0,0.0,0.0,0.0,0.0,0.0,0.0,0.0,0.0,0.0,0.1191438,0.0,0.5714286,0.14103125,10.0,2.3978953,1.6668763,8.034924,11.8
NEG::partial::0170,0,0.0,0.0,0.0,0.0,0.3125,0.0,0.4375,0.0,0.4375,0.0,0.0,0.0,0.0625,0.0,0.0,0.0,0.0,0.0,0.0,0.0625,0.0,0.0625,0.0,0.0,0.0,0.0,0.0,0.0,0.0,0.0,0.0,0.0,0.0,0.0,0.0,0.0,0.0625,0.0,0.0,0.0,0.0,0.0,0.0,0.0,0.0,0.0,0.0,0.0,0.0,0.0,0.0,0.0,0.0,0.0,0.0,0.0,0.0,0.0,0.0,0.0,0.15156147,0.0,0.8,0.18309467,16.0,2.8332133,1.6011502,4.592368,12.3125
NEG::partial::0171,0,0.0,0.055555556,0.0,0.0,0.3888889,0.0,0.0,0.0,0.055555556,0.0,0.0,0.0,0.0,0.0,0.0,0.0,0.055555556,0.16666667,0.0,0.0,0.055555556,0.0,0.0,0.0,0.0,0.0,0.0,0.0,0.0,0.055555556,0.0,0.0,0.0,0.0,0.0,0.0,0.0,0.0,0.0,0.0,0.0,0.0,0.0,0.0,0.0,0.0,0.0,0.0,0.0,0.0,0.0,0.0,0.0,0.0,0.0,0.0,0.0,0.0,0.0,0.0,0.25800416,0.06666667,1.0,0.18968377,18.0,2.944439,1.5802376,3.0937014,4.611111
NEG::partial::0172,0,0.0,0.0,0.0,0.0,1.0,0.0,0.0,0.0,0.6,0.0,0.0,0.0,0.0,0.0,0.0,0.0,0.0,0.0,0.0,0.0,0.0,0.2,0.0,0.0,0.0,0.0,0.0,0.0,0.0,0.0,0.0,0.0,0.0,0.0,0.0,0.0,0.0,0.0,0.0,0.2,0.0,0.0,0.0,0.0,0.0,0.0,0.0,0.0,0.0,0.0,0.0,0.0,0.0,0.0,0.0,0.0,0.0,0.0,0.0,0.0,0.23800537,0.04761905,0.7,0.25738382,5.0,1.7917595,1.1682831,2.0591261,9.4
NEG::partial::0173,0,0.0,0.0,0.0,0.0,0.0,0.0,0.125,0.75,0.0,0.0,0.0,0.0,0.0,0.0,0.0,0.0,0.25,0.25,0.0,0.0,0.0,0.25,0.0,0.0,0.0,0.0,0.0,0.0,0.0,0.0,0.0,0.0,0.0,0.0,0.0,0.0,0.0,0.0,0.0,0.0,0.0,0.0,0.0,0.0,0.0,0.0,0.0,0.0,0.0,0.0,0.0,0.0,0.0,0.0,0.0,0.0,0.0,0.0,0.0,0.0,0.21080415,0.03846154,1.0,0.22798377,8.0,2.1972246,1.4180701,4.675401,9.875
NEG::partial::0174,0,0.0,0.0,0.0,0.0,0.0,0.75,1.0,0.0,0.25,0.0,0.0,0.0,0.0,0.0,0.0,0.0,0.0,0.0,0.0,0.0,0.0,0.0,0.0,0.0,0.0,0.0,0.0,0.0,0.0,0.0,0.0,0.0,0.0,0.0,0.0,0.0,0.0,0.0,0.25,0.0,0.0,0.0,0.0,0.0,0.0,0.0,0.0,0.0,0.0,0.0,0.0,0.0,0.0,0.0,0.0,0.0,0.0,0.0,0.0,0.0,0.3982981,0.028571429,0.9230769,0.37547857,4.0,1.609438,1.2148902,2.8613808,15.25
NEG::partial::0175,0,0.0,0.0,0.0,0.0,0.71428573,0.5714286,0.71428573,0.0,0.71428573,0.0,0.0,0.0,0.0,0.0,0.0,0.0,0.0,0.0,0.0,0.0,0.0,0.0,0.0,0.0,0.0,0.0,0.0,0.0,0.2857143,0.0,0.0,0.0,0.0,0.0,0.0,0.0,0.0,0.0,0.0,0.0,0.0,0.0,0.0,0.0,0.0,0.0,0.0,0.0,0.0,0.0,0.0,0.0,0.0,0.0,0.0,0.0,0.0,0.0,0.0,0.0,0.30434358,0.0,0.7777778,0.18588777,7.0,2.0794415,1.5648543,2.9485383,9.857142
NEG::partial::0176,0,0.0,0.0,0.0,0.0,0.0,0.26666668,1.0,0.2,0.6,0.0,0.0,0.0,0.0,0.0,0.0,0.0,0.0,0.0,0.0,0.0,0.2,0.0,0.0,0.0,0.0,0.0,0.0,0.0,0.0,0.0,0.0,0.0,0.0,0.0,0.0,0.0,0.0,0.0,0.0,0.0,0.0,0.0,0.0,0.0,0.0,0.0,0.0,0.0,0.0,0.0,0.0,0.0,0.0,0.0,0.0,0.0,0.0,0.0,0.0,0.0,0.18065156,0.05,1.0,0.16823822,15.0,2.7725887,1.3930485,4.106364,7.733333
NEG::partial::0177,0,0.0,0.0,0.0,0.0,0.75,0.125,0.625,0.0,0.5,0.0,0.0,0.0,0.0,0.0,0.0,0.0,0.0,0.0,0.0,0.0,0.0,0.0,0.0,0.0,0.0,0.0,0.0,0.0,0.0,0.0,0.0,0.0,0.0,0.0,0.0,0.0,0.0,0.0,0.0,0.0,0.125,0.0,0.0,0.0,0.0,0.0,0.0,0.0,0.0,0.0,0.0,0.0,0.0,0.0,0.0,0.0,0.0,0.0,0.0,0.0,0.13046873,0.0,0.54545456,0.1265451,8.0,2.1972246,1.4012772,5.545268,11.5
NEG::partial::0178,0,0.0,0.03125,0.0,0.0,0.625,0.0625,0.3125,0.125,0.40625,0.0,0.0,0.0,0.0,0.0,0.0,0.0,0.09375,0.03125,0.0,0.0,0.03125,0.0625,0.0,0.0,0.0,0.0,0.0,0.0,0.0,0.0,0.0,0.0,0.0,0.0,0.0,0.0,0.0,0.0,0.0,0.0,0.15625,0.0,0.0,0.0,0.0,0.0,0.0,0.0,0.0,0.0,0.0,0.0,0.0,0.0,0.0,0.0,0.0,0.0,0.0,0.0,0.08318013,0.0,1.0,0.16895413,32.0,3.4965076,1.9344635,4.616123,8.5625
NEG::partial::0179,0,0.0,0.0,0.0,0.0,0.8,0.0,0.0,0.2,0.2,0.0,0.0,0.0,0.0,0.0,0.0,0.0,0.0,0.0,0.0,0.0,0.0,0.0,0.0,0.0,0.0,0.0,0.0,0.0,0.0,0.0,0.0,0.0,0.0,0.0,0.0,0.0,0.0,0.0,0.0,0.0,0.0,0.0,0.0,0.0,0.0,0.0,0.0,0.0,0.0,0.0,0.0,0.0,0.0,0.0,0.0,0.0,0.0,0.0,0.0,0.0,0.08282468,0.0,0.16666667,0.05059757,5.0,1.7917595,0.8675642,2.607681,6.0
NEG::partial::0180,0,0.04109589,0.0,0.0,0.0,0.23287672,0.34246576,0.63013697,0.3561644,0.28767124,0.0,0.38356164,0.0,0.0,0.0,0.0,0.0,0.05479452,0.01369863,0.0,0.0,0.04109589,0.01369863,0.0,0.0,0.0,0.09589041,0.0,0.0,0.0,0.0,0.0,0.0,0.0,0.0,0.01369863,0.0,0.02739726,0.0,0.0,0.0,0.01369863,0.0,0.0,0.0,0.01369863,0.0,0.0,0.0,0.0,0.0,0.0,0.0,0.0,0.0,0.0,0.0,0.0,0.0,0.0,0.0,0.12296703,0.0,0.6666667,0.11608305,73.0,4.304065,2.162415,4.2989697,9.109589
NEG::partial::0181,0,0.0,0.0,0.0,0.0,1.0,0.16666667,0.0,0.0,0.5,0.0,0.0,0.0,0.0,0.0,0.0,0.0,0.0,0.0,0.0,0.0,0.0,0.33333334,0.0,0.0,0.0,0.0,0.0,0.0,0.0,0.0,0.0,0.0,0.0,0.0,0.0,0.0,0.0,0.0,0.0,0.0,0.0,0.0,0.0,0.0,0.0,0.0,0.0,0.0,0.0,0.0,0.0,0.0,0.0,0.16666667,0.0,0.0,0.0,0.0,0.0,0.0,0.22735631,0.05,0.53846157,0.1553626,6.0,1.9459101,1.37782,1.5,9.5
NEG::partial::0182,0,0.0,0.6666667,0.0,0.0,0.5,0.0,0.0,0.0,0.0,0.0,0.0,0.0,0.0,0.0,0.0,0.0,0.0,0.33333334,0.8333333,0.0,0.0,0.0,0.0,0.0,0.0,0.0,0.0,0.0,0.0,0.0,0.0,0.0,0.0,0.0,0.0,0.0,0.0,0.0,0.0,0.0,0.0,0.0,0.0,0.0,0.0,0.0,0.0,0.0,0.0,0.0,0.0,0.0,0.0,0.0,0.0,0.0,0.0,0.0,0.0,0.0,0.30825695,0.04761905,0.75,0.17280404,6.0,1.9459101,1.3337365,2.5166116,11.0
NEG::partial::0183,0,0.0,0.0,0.0,0.0,0.3,0.1,0.8,0.6,0.3,0.0,0.0,0.0,0.0,0.0,0.0,0.0,0.0,0.0,0.0,0.0,0.0,0.1,0.0,0.0,0.0,0.0,0.0,0.0,0.0,0.0,0.0,0.0,0.0,0.0,0.0,0.0,0.0,0.0,0.0,0.0,0.1,0.0,0.0,0.0,0.0,0.0,0.0,0.0,0.0,0.0,0.0,0.0,0.0,0.0,0.0,0.0,0.0,0.0,0.0,0.0,0.2509644,0.0,0.8,0.23106468,10.0,2.3978953,1.6582006,1.1357816,5.1
NEG::partial::0184,0,0.0,0.5714286,0.0,0.0,0.0,0.2857143,0.0,0.0,0.071428575,0.0,0.0,0.0,0.0,0.0,0.0,0.0,0.0,0.14285715,0.21428572,0.0,0.0,0.14285715,0.0,0.0,0.0,0.0,0.0,0.0,0.0,0.0,0.0,0.0,0.0,0.0,0.0,0.0,0.0,0.0,0.0,0.0,0.0,0.0,0.0,0.0,0.0,0.0,0.0,0.0,0.0,0.0,0.0,0.0,0.0,0.0,0.0,0.0,0.0,0.0,0.0,0.0,0.16723397,0.0,1.0,0.19117415,14.0,2.7080503,1.5832763,2.96923,8.428572
NEG::partial::0185,0,0.0,0.6666667,0.0,0.0,0.33333334,0.0,0.33333334,0.0,0.0,0.0,0.0,0.0,0.0,0.0,0.0,0.0,0.0,0.16666667,0.6666667,0.0,0.0,0.0,0.0,0.0,0.0,0.0,0.0,0.0,0.0,0.0,0.0,0.0,0.0,0.0,0.0,0.0,0.0,0.0,0.0,0.0,0.0,0.0,0.0,0.0,0.0,0.0,0.0,0.0,0.0,0.0,0.0,0.0,0.0,0.0,0.0,0.0,0.0,0.0,0.0,0.0,0.2687037,0.0,0.75,0.31963435,6.0,1.9459101,1.4985696,0.74535596,6.3333335
NEG::partial::0186,0,0.0,0.0,0.0,0.0,0.16666667,0.0,0.5833333,0.0,0.41666666,0.0,0.0,0.0,0.0,0.0,0.0,0.0,0.0,0.0,0.0,0.0,0.0,0.083333336,0.0,0.0,0.0,0.0,0.0,0.0,0.0,0.0,0.0,0.0,0.0,0.0,0.0,0.0,0.0,0.0,0.0,0.0,0.0,0.0,0.0,0.0,0.0,0.0,0.0,0.0,0.0,0.0,0.0,0.0,0.0,0.0,0.0,0.0,0.0,0.0,0.0,0.0,0.20463651,0.0,0.8,0.19571245,12.0,2.5649493,1.1710608,5.0083265,11.5
NEG::partial::0187,0,0.0,0.0,0.0,0.0,0.6,0.0,0.0,0.0,0.0,0.0,0.0,0.0,0.0,0.0,0.0,0.0,0.0,0.2,0.0,0.0,0.0,0.0,0.0,0.0,0.0,0.0,0.0,0.0,0.0,0.0,0.0,0.0,0.0,0.0,0.0,0.0,0.0,0.0,0.0,0.0,0.0,0.0,0.0,0.0,0.0,0.0,0.0,0.0,0.0,0.0,0.0,0.0,0.0,0.0,0.0,0.0,0.0,0.0,0.0,0.0,0.2322175,0.07692308,0.5714286,0.111568145,10.0,2.3978953,0.5623367,3.0805843,5.9
NEG::partial::0188,0,0.0,0.0,0.0,0.0,0.8,0.0,0.6,0.6,0.2,0.0,0.0,0.0,0.0,0.0,0.0,0.0,0.4,0.0,0.0,0.0,0.0,0.0,0.0,0.0,0.0,0.0,0.0,0.0,0.0,0.0,0.0,0.0,0.0,0.0,0.0,0.0,0.0,0.0,0.0,0.0,0.0,0.0,0.0,0.0,0.0,0.0,0.0,0.0,0.0,0.0,0.0,0.0,0.0,0.0,0.0,0.0,0.0,0.0,0.0,0.0,0.26092914,0.0,0.8,0.24211895,5.0,1.7917595,1.5247078,3.9293766,7.4
NEG::partial::0189,0,0.0,0.0,0.0,0.0,0.8,0.0,0.0,0.0,0.2,0.0,0.0,0.0,0.0,0.0,0.0,0.0,0.0,0.0,0.0,0.0,0.0,0.0,0.0,0.0,0.0,0.0,0.0,0.0,0.2,0.0,0.0,0.0,0.0,0.0,0.0,0.0,0.0,0.0,0.0,0.0,0.0,0.0,0.0,0.0,0.0,0.0,0.0,0.0,0.0,0.0,0.0,0.0,0.0,0.0,0.0,0.0,0.0,0.0,0.0,0.0,0.26026034,0.041666668,0.8181818,0.2163004,5.0,1.7917595,0.8675642,2.4166093,11.6
NEG::partial::0190,0,0.0,0.0,0.0,0.0,0.625,0.25,0.75,0.125,0.375,0.0,0.0,0.0,0.0,0.0,0.0,0.0,0.0,0.0,0.0,0.0,0.0,0.125,0.0,0.0,0.0,0.0,0.0,0.0,0.0,0.0,0.125,0.0,0.0,0.0,0.0,0.0,0.0,0.0,0.0,0.0,0.0,0.0,0.0,0.0,0.0,0.0,0.0,0.0,0.0,0.0,0.0,0.0,0.0,0.0,0.0,0.0,0.0,0.0,0.0,0.0,0.19992138,0.0,0.71428573,0.20259987,8.0,2.1972246,1.7086564,7.7852025,12.125
NEG::partial::0191,0,0.0,0.33333334,0.0,0.0,0.2,0.4,0.33333334,0.0,0.13333334,0.0,0.0,0.26666668,0.0,0.0,0.0,0.0,0.0,0.13333334,0.0,0.0,0.0,0.06666667,0.0,0.0,0.0,0.0,0.0,0.0,0.0,0.0,0.0,0.0,0.0,0.0,0.06666667,0.0,0.0,0.0,0.0,0.0,0.0,0.0,0.06666667,0.0,0.0,0.0,0.0,0.0,0.0,0.0,0.0,0.0,0.0,0.0,0.0,0.0,0.0,0.0,0.0,0.0,0.12020261,0.0,1.0,0.17720577,15.0,2.7725887,2.1192465,6.0750856,9.6
NEG::partial::0192,0,0.0,0.14285715,0.0,0.0,0.5714286,0.0,0.2857143,0.0,0.0,0.0,0.0,0.0,0.0,0.0,0.0,0.0,0.0,0.0,0.2857143,0.0,0.0,0.0,0.0,0.0,0.0,0.0,0.0,0.0,0.0,0.0,0.0,0.0,0.0,0.0,0.0,0.0,0.0,0.0,0.0,0.0,0.0,0.0,0.0,0.0,0.0,0.0,0.0,0.0,0.0,0.0,0.0,0.0,0.0,0.0,0.0,0.0,0.0,0.0,0.0,0.0,0.12078781,0.0,0.5,0.16681951,7.0,2.0794415,1.2730292,3.6589282,6.571429
NEG::partial::0193,0,0.0,0.0,0.0,0.0,0.0,0.0,0.6,0.0,0.4,0.0,0.0,0.0,0.0,0.0,0.0,0.0,0.0,0.0,0.0,0.0,0.0,0.0,0.0,0.0,0.0,0.0,0.0,0.0,0.0,0.0,0.0,0.0,0.0,0.0,0.0,0.0,0.0,0.0,0.0,0.0,0.0,0.0,0.0,0.0,0.0,0.0,0.0,0.0,0.0,0.0,0.0,0.0,0.0,0.0,0.0,0.0,0.0,0.0,0.0,0.0,0.14915043,0.0,0.8,0.22640495,5.0,1.7917595,0.6730129,2.7276363,5.6
NEG::partial::0194,0,0.0,0.0,0.0,0.0,0.8181818,0.0,0.54545456,0.09090909,0.18181819,0.0,0.0,0.0,0.0,0.0,0.0,0.0,0.0,0.0,0.0,0.0,0.0,0.0,0.0,0.0,0.0,0.0,0.0,0.0,0.0,0.0,0.0,0.0,0.0,0.0,0.0,0.0,0.0,0.0,0.0,0.0,0.0,0.0,0.0,0.0,0.0,0.0,0.0,0.0,0.0,0.0,0.0,0.0,0.0,0.0,0.0,0.0,0.0,0.0,0.0,0.0,0.21255018,0.0,1.0,0.21875289,11.0,2.4849067,1.1174906,3.432947,7.181818
NEG::partial::0195,0,0.025974026,0.15584415,0.064935066,0.116883114,0.103896104,0.71428573,0.38961038,0.33766234,0.16883117,0.0,0.025974026,0.0,0.16883117,0.3116883,0.33766234,0.19480519,0.0,0.0,0.012987013,0.09090909,0.038961038,0.0,0.025974026,0.0,0.051948052,0.0,0.0,0.0,0.012987013,0.0,0.0,0.0,0.0,0.0,0.012987013,0.0,0.0,0.0,0.0,0.09090909,0.012987013,0.012987013,0.012987013,0.0,0.0,0.012987013,0.0,0.0,0.0,0.0,0.0,0.012987013,0.0,0.0,0.0,0.0,0.0,0.0,0.0,0.012987013,0.07547778,0.0,0.6,0.108767256,77.0,4.356709,2.7015293,7.739083,12.948052
NEG::partial::0196,0,0.0,0.0,0.0,0.0,0.0,0.0,0.6666667,0.0,0.0,0.0,0.0,0.0,0.0,0.0,0.0,0.0,0.0,0.0,0.0,0.0,0.0,0.0,0.0,0.0,0.0,0.0,0.0,0.0,0.0,0.0,0.0,0.0,0.0,0.0,0.0,0.0,0.0,0.0,0.0,0.0,0.0,0.0,0.0,0.0,0.0,0.0,0.0,0.0,0.0,0.0,0.0,0.0,0.0,0.0,0.0,0.0,0.0,0.0,0.0,0.0,0.31968254,0.0,1.0,0.32288828,6.0,1.9459101,1.8865652e-06,3.7155828,7.1666665
NEG::partial::0197,0,0.0,0.0,0.0,0.0,0.3,0.1,0.5,0.0,0.4,0.0,0.0,0.0,0.0,0.0,0.0,0.0,0.0,0.1,0.0,0.0,0.0,0.2,0.0,0.0,0.0,0.0,0.0,0.0,0.0,0.0,0.1,0.0,0.0,0.0,0.0,0.0,0.0,0.0,0.0,0.0,0.0,0.0,0.0,0.0,0.0,0.0,0.0,0.0,0.0,0.0,0.0,0.0,0.0,0.0,0.0,0.0,0.0,0.0,0.0,0.0,0.101057306,0.0,0.8,0.17049423,10.0,2.3978953,1.7582434,8.3,9.9
NEG::partial::0198,0,0.0,0.0,0.0,0.0,0.0,0.0,0.25,0.0,0.0,0.0,0.0,0.0,0.0,0.0,0.0,0.0,0.0,0.0,0.0,0.0,0.0,0.0,0.0,0.0,0.0,0.0,0.0,0.0,0.0,0.0,0.0,0.0,0.0,0.0,0.0,0.0,0.0,0.0,0.0,0.0,0.0,0.0,0.0,0.0,0.0,0.0,0.0,0.0,0.0,0.0,0.0,0.0,0.0,0.0,0.0,0.0,0.0,0.0,0.0,0.0,0.33602607,0.0,0.8,0.25473207,8.0,2.1972246,4.799464e-06,2.1176343,3.625
NEG::partial::0199,0,0.0,0.8333333,0.0,0.0,0.0,0.0,0.0,0.0,0.0,0.0,0.0,0.0,0.0,0.0,0.0,0.0,0.0,0.0,0.0,0.0,0.0,0.0,0.0,0.0,0.0,0.0,0.0,0.0,0.0,0.0,0.0,0.0,0.0,0.0,0.0,0.0,0.0,0.0,0.0,0.0,0.0,0.0,0.0,0.0,0.0,0.0,0.0,0.0,0.0,0.0,0.0,0.0,0.0,0.0,0.0,0.0,0.0,0.0,0.0,0.0,0.4919031,0.07692308,0.85714287,0.29605177,6.0,1.9459101,1.5250388e-06,1.3743685,6.3333335
NEG::partial::0200,0,0.0,0.0,0.0,0.0,0.8181818,0.27272728,0.90909094,0.0,0.18181819,0.0,0.0,0.0,0.0,0.0,0.0,0.0,0.0,0.0,0.0,0.0,0.0,0.09090909,0.0,0.0,0.0,0.0,0.0,0.0,0.0,0.0,0.0,0.0,0.0,0.0,0.0,0.0,0.0,0.0,0.0,0.0,0.0,0.0,0.0,0.0,0.0,0.0,0.0,0.0,0.0,0.0,0.0,0.0,0.0,0.0,0.0,0.0,0.0,0.0,0.0,0.0,0.5440036,0.125,1.0,0.22887258,11.0,2.4849067,1.3195562,1.8982376,11.181818
NEG::partial::0201,0,0.0,0.045454547,0.0,0.0,0.36363637,0.06818182,0.18181819,0.0,0.18181819,0.0,0.0,0.0,0.0,0.0,0.0,0.0,0.0,0.045454547,0.0,0.0,0.0,0.0,0.0,0.0,0.0,0.0,0.0,0.0,0.77272725,0.0,0.0,0.0,0.0,0.045454547,0.0,0.0,0.0,0.0,0.045454547,0.0,0.0,0.0,0.0,0.0,0.0,0.0,0.0,0.0,0.0,0.0,0.0,0.0,0.045454547,0.0,0.0,0.0,0.0,0.0,0.0,0.0,0.37002468,0.0,1.0,0.22791368,44.0,3.8066626,1.739625,4.145096,7.0
NEG::partial::0202,0,0.0,0.0,0.0,0.0,0.625,0.125,0.5,0.0,0.75,0.0,0.0,0.0,0.0,0.0,0.0,0.0,0.0,0.0,0.0,0.125,0.125,0.0,0.0,0.0,0.0,0.0,0.0,0.0,0.0,0.0,0.0,0.0,0.0,0.0,0.0,0.0,0.0,0.0,0.0,1.0,0.0,0.0,0.0,0.0,0.0,0.0,0.0,0.0,0.0,0.0,0.0,0.0,0.125,0.0,0.0,0.0,0.0,0.0,0.0,0.0,0.25746855,0.05,0.6,0.13776556,8.0,2.1972246,1.7781166,4.054319,11.25
NEG::partial::0203,0,0.0,0.0,0.0,0.0,0.41666666,0.0,0.6666667,0.083333336,0.33333334,0.0,0.0,0.0,0.0,0.0,0.0,0.0,0.25,0.16666667,0.0,0.0,0.0,0.0,0.0,0.0,0.0,0.0,0.0,0.0,0.0,0.0,0.0,0.0,0.0,0.0,0.0,0.0,0.0,0.0,0.0,0.0,0.0,0.0,0.0,0.0,0.0,0.0,0.0,0.0,0.0,0.0,0.0,0.0,0.0,0.0,0.0,0.0,0.0,0.0,0.0,0.0,0.116710216,0.0,0.6363636,0.13825263,12.0,2.5649493,1.6176674,2.477678,7.1666665
NEG::partial::0204,0,0.0,0.35714287,0.0,0.0,0.2857143,0.0,0.2857143,0.071428575,0.071428575,0.0,0.0,0.0,0.5714286,0.0,0.0,0.0,0.0,0.0,0.0,0.0,0.0,0.0,0.0,0.0,0.0,0.0,0.0,0.0,0.0,0.0,0.0,0.0,0.0,0.0,0.0,0.0,0.0,0.0,0.0,0.0,0.0,0.0,0.0,0.0,0.0,0.0,0.0,0.0,0.0,0.0,0.0,0.0,0.0,0.0,0.0,0.0,0.0,0.0,0.0,0.0,0.15384433,0.0,0.9,0.24303244,14.0,2.7080503,1.5801437,2.5833058,8.428572
NEG::partial::0205,0,0.0,0.0,0.0,0.0,1.0,0.2,0.6,0.0,0.4,0.0,0.0,0.0,0.0,0.0,0.0,0.0,0.0,0.0,0.0,0.0,0.0,0.0,0.0,0.0,0.0,0.0,0.0,0.0,0.0,0.0,0.0,0.0,0.0,0.0,0.0,0.0,0.0,0.0,0.0,0.0,0.0,0.0,0.0,0.0,0.0,0.0,0.0,0.0,0.0,0.0,0.0,0.0,0.0,0.0,0.0,0.0,0.0,0.0,0.0,0.0,0.34088597,0.08,0.8333333,0.2751384,5.0,1.7917595,1.2406849,2.1354156,12.2
NEG::partial::0206,0,0.0,0.0,0.0,0.0,0.6,0.2,0.8,0.0,0.4,0.0,0.0,0.0,0.0,0.0,0.0,0.0,0.0,0.0,0.0,0.0,0.0,0.0,0.0,0.0,0.0,0.0,0.0,0.0,0.0,0.0,0.0,0.0,0.0,0.0,0.0,0.0,0.0,0.0,0.0,0.0,0.0,0.0,0.0,0.0,0.0,0.0,0.0,0.0,0.0,0.0,0.0,0.0,0.0,0.0,0.0,0.0,0.0,0.0,0.0,0.0,0.14221612,0.0,0.33333334,0.103895605,5.0,1.7917595,1.2798548,3.1241,5.2
NEG::partial::0207,0,0.0,0.5263158,0.0,0.0,0.42105263,0.10526316,0.15789473,0.0,0.0,0.0,0.0,0.0,0.0,0.0,0.0,0.0,0.0,0.0,0.0,0.0,0.0,0.05263158,0.0,0.0,0.0,0.0,0.0,0.0,0.0,0.0,0.0,0.0,0.0,0.0,0.0,0.0,0.0,0.0,0.0,0.0,0.0,0.0,0.0,0.0,0.0,0.0,0.0,0.0,0.0,0.0,0.0,0.0,0.0,0.0,0.0,0.0,0.0,0.0,0.0,0.0,0.16636722,0.0,0.8333333,0.16488023,19.0,2.9957323,1.3304083,3.8149726,7.8421054
NEG::partial::0208,0,0.0,0.05,0.0,0.0,0.875,0.3,0.3,0.0,0.525,0.025,0.0,0.0,0.0,0.0,0.05,0.0,0.025,0.0,0.0,0.0,0.0,0.0,0.0,0.0,0.0,0.0,0.0,0.0,0.275,0.0,0.0,0.0,0.0,0.0,0.0,0.0,0.075,0.0,0.0,0.0,0.0,0.0,0.0,0.0,0.0,0.0,0.0,0.0,0.0,0.0,0.0,0.0,0.0,0.0,0.0,0.0,0.0,0.0,0.0,0.0,0.12546171,0.0,0.85714287,0.13714555,40.0,3.713572,1.8006188,5.193686,11.775
NEG::partial::0209,0,0.0,0.0,0.0,0.0,1.0,0.2,0.0,0.2,0.4,0.0,0.0,0.0,0.0,0.0,0.0,0.0,0.0,0.0,0.0,0.0,0.0,0.2,0.0,0.0,0.0,0.0,0.0,0.0,0.0,0.0,0.0,0.0,0.0,0.0,0.0,0.0,0.0,0.0,0.0,0.0,0.0,0.0,0.0,0.0,0.0,0.0,0.0,0.0,0.0,0.0,0.0,0.0,0.0,0.0,0.0,0.0,0.0,0.0,0.0,0.0,0.3480513,0.1764706,0.5833333,0.11785788,5.0,1.7917595,1.3592373,3.2619014,9.4
NEG::partial::0210,0,0.0,0.0,0.0,0.0,0.0,0.6,0.2,0.0,0.2,0.0,0.0,0.0,0.0,0.0,0.0,0.0,0.0,0.2,0.0,0.0,0.0,0.0,0.0,0.0,0.0,0.0,0.0,0.0,0.0,0.0,0.0,0.0,0.0,0.0,0.0,0.0,0.0,0.0,0.0,0.0,0.0,0.0,0.0,0.0,0.0,0.0,0.0,0.0,0.0,0.0,0.0,0.0,0.0,0.0,0.0,0.0,0.0,0.0,0.0,0.0,0.27335164,0.0,0.8333333,0.22010021,5.0,1.7917595,1.2424543,2.7856777,6.8
NEG::partial::0211,0,0.0,0.0,0.0,0.0,0.45454547,0.18181819,0.36363637,0.0,0.6363636,0.0,0.0,0.0,0.0,0.0,0.0,0.0,0.18181819,0.0,0.0,0.09090909,0.09090909,0.09090909,0.0,0.0,0.0,0.0,0.0,0.0,0.0,0.0,0.0,0.0,0.0,0.18181819,0.0,0.0,0.0,0.0,0.0,0.45454547,0.0,0.0,0.0,0.0,0.0,0.0,0.0,0.0,0.0,0.0,0.0,0.0,0.0,0.0,0.0,0.0,0.0,0.0,0.0,0.0,0.13264167,0.0,0.75,0.1583973,11.0,2.4849067,2.087204,5.8521733,11.454545
NEG::partial::0212,0,0.0,0.0,0.0,0.0,0.8,0.0,0.0,0.2,0.6,0.0,0.0,0.0,0.0,0.0,0.0,0.0,0.0,0.0,0.0,0.0,0.0,0.0,0.0,0.0,0.0,0.0,0.0,0.0,0.0,0.0,0.0,0.0,0.0,0.0,0.0,0.0,0.0,0.0,0.0,0.0,0.0,0.0,0.0,0.0,0.0,0.0,0.0,0.0,0.0,0.0,0.0,0.0,0.0,0.0,0.0,0.0,0.0,0.0,0.0,0.0,0.15877706,0.0,0.42857143,0.1381608,5.0,1.7917595,0.9743155,4.5343137,9.8
NEG::partial::0213,0,0.0,0.2857143,0.0,0.0,0.5714286,0.14285715,0.2857143,0.0,0.0,0.0,0.0,0.0,0.0,0.0,0.0,0.0,0.0,0.0,0.42857143,0.0,0.0,0.0,0.0,0.0,0.0,0.0,0.0,0.0,0.0,0.0,0.0,0.0,0.0,0.0,0.0,0.0,0.0,0.0,0.0,0.0,0.0,0.0,0.0,0.0,0.0,0.0,0.0,0.0,0.0,0.0,0.0,0.0,0.0,0.0,0.0,0.0,0.0,0.0,0.0,0.0,0.133283,0.0,0.5,0.16581784,7.0,2.0794415,1.517107,3.6589282,7.428571
NEG::partial::0214,0,0.0,0.0,0.0,0.0,0.5714286,0.14285715,0.71428573,0.0,0.0,0.0,0.0,0.0,0.0,0.0,0.0,0.0,0.0,0.0,0.0,0.14285715,0.0,0.0,0.0,0.0,0.0,0.0,0.0,0.0,0.0,0.0,0.0,0.0,0.0,0.0,0.14285715,0.0,0.0,0.0,0.0,0.0,0.0,0.0,0.0,0.0,0.0,0.0,0.0,0.0,0.0,0.0,0.0,0.0,0.0,0.0,0.0,0.0,0.0,0.0,0.0,0.0,0.20751624,0.0,0.71428573,0.22359398,7.0,2.0794415,1.35221,6.8213353,9.571428
NEG::partial::0215,0,0.0,0.6315789,0.0,0.0,0.15789473,0.21052632,0.36842105,0.0,0.10526316,0.0,0.0,0.0,0.0,0.0,0.0,0.0,0.0,0.10526316,0.0,0.05263158,0.0,0.0,0.0,0.0,0.0,0.0,0.0,0.0,0.0,0.0,0.0,0.0,0.0,0.0,0.05263158,0.0,0.0,0.0,0.0,0.0,0.0,0.0,0.0,0.0,0.0,0.0,0.0,0.0,0.0,0.0,0.0,0.0,0.0,0.0,0.0,0.0,0.0,0.0,0.0,0.0,0.09299458,0.0,0.8333333,0.15030226,19.0,2.9957323,1.7453036,4.7057457,11.473684
NEG::partial::0216,0,0.0,0.0,0.0,0.0,0.0,0.0,0.0,0.0,0.0,0.0,0.0,0.0,0.0,0.0,0.0,0.0,0.2,0.0,0.0,0.0,0.0,0.2,0.0,0.0,0.0,0.0,0.0,0.0,0.0,0.0,0.0,0.0,0.0,0.0,0.0,0.0,0.0,0.0,0.0,0.0,0.0,0.0,0.0,0.0,0.0,0.0,0.0,0.0,0.0,0.0,0.8,0.0,0.0,0.0,0.0,0.0,0.0,0.0,0.0,0.0,0.4538889,0.0,1.0,0.3834062,5.0,1.7917595,0.8675642,2.4,7.2
NEG::partial::0217,0,0.0,0.0,0.0,0.0,0.6666667,0.0,0.25,0.083333336,0.083333336,0.0,0.0,0.0,0.0,0.0,0.0,0.0,0.0,0.0,0.0,0.0,0.0,0.083333336,0.0,0.0,0.0,0.0,0.0,0.0,0.0,0.0,0.0,0.0,0.0,0.0,0.0,0.0,0.0,0.0,0.0,0.0,0.0,0.0,0.0,0.0,0.0,0.0,0.0,0.0,0.0,0.0,0.0,0.0,0.0,0.0,0.0,0.0,0.0,0.0,0.0,0.0,0.12417535,0.0,0.7,0.121445455,12.0,2.5649493,1.2153891,3.036811,6.3333335
NEG::partial::0218,0,0.0,0.0,0.0,0.0,0.71428573,0.14285715,0.14285715,0.0,0.14285715,0.0,0.0,0.0,0.0,0.0,0.0,0.0,0.0,0.14285715,0.0,0.0,0.0,0.0,0.0,0.0,0.0,0.0,0.0,0.0,0.0,0.0,0.0,0.0,0.0,0.0,0.0,0.0,0.0,0.0,0.0,0.0,0.14285715,0.0,0.0,0.0,0.14285715,0.0,0.0,0.0,0.0,0.0,0.0,0.0,0.0,0.0,0.0,0.0,0.0,0.0,0.0,0.0,0.19895059,0.0,0.75,0.25232625,7.0,2.0794415,1.6663333,3.6533463,7.714286
NEG::partial::0219,0,0.0,0.375,0.0,0.0,0.125,0.125,0.5,0.0,0.0,0.0,0.0,0.0,0.0,0.0,0.0,0.0,0.375,0.0,0.5,0.0,0.0,0.0,0.0,0.0,0.0,0.0,0.0,0.0,0.0,0.0,0.0,0.0,0.0,0.0,0.0,0.0,0.0,0.0,0.0,0.0,0.0,0.0,0.0,0.0,0.0,0.0,0.0,0.0,0.0,0.0,0.0,0.0,0.0,0.0,0.0,0.0,0.0,0.0,0.0,0.0,0.24541698,0.0,0.85714287,0.28262615,8.0,2.1972246,1.6674625,2.9047375,8.25
NEG::partial::0220,0,0.0,0.0,0.0,0.0,0.44444445,0.0,0.22222222,0.11111111,0.22222222,0.0,0.0,0.0,0.0,0.0,0.0,0.0,0.0,0.22222222,0.0,0.0,0.0,0.0,0.0,0.0,0.0,0.0,0.0,0.0,0.0,0.0,0.0,0.0,0.0,0.0,0.0,0.0,0.0,0.0,0.0,0.0,0.0,0.0,0.0,0.0,0.0,0.0,0.0,0.0,0.0,0.0,0.0,0.0,0.0,0.0,0.0,0.0,0.0,0.0,0.0,0.0,0.060813207,0.0,0.5,0.11488494,9.0,2.3025851,1.5157089,3.247031,5.111111
NEG::partial::0221,0,0.0,0.32,0.0,0.0,0.22,0.1,0.04,0.0,0.02,0.0,0.0,0.02,0.0,0.0,0.0,0.0,0.16,0.14,0.28,0.0,0.0,0.02,0.0,0.0,0.0,0.0,0.0,0.0,0.0,0.0,0.0,0.0,0.0,0.0,0.0,0.0,0.0,0.0,0.0,0.0,0.0,0.0,0.0,0.0,0.0,0.0,0.0,0.0,0.0,0.0,0.0,0.0,0.0,0.0,0.0,0.0,0.0,0.0,0.0,0.0,0.11700409,0.0,1.0,0.18230104,50.0,3.9318256,1.956694,3.1890438,7.9
NEG::partial::0222,0,0.0,0.0,0.0,0.0,0.33333334,0.0,0.04761905,0.23809524,0.52380955,0.0,0.0,0.0,0.0,0.0,0.0,0.0,0.0,0.0,0.0,0.0,0.0,0.0,0.0,0.0,0.0,0.0,0.0,0.0,0.0,0.0,0.0,0.0,0.0,0.0,0.0,0.0,0.0,0.0,0.0,0.0,0.0,0.0,0.0,0.0,0.0,0.0,0.0,0.0,0.0,0.0,0.0,0.0,0.0,0.0,0.0,0.0,0.0,0.0,0.0,0.0,0.17675471,0.0,0.72727275,0.14628793,21.0,3.0910425,1.1761628,2.7536824,8.523809
NEG::partial::0223,0,0.0,0.0,0.0,0.0,0.5,0.10714286,0.10714286,0.14285715,0.4642857,0.0,0.0,0.0,0.0,0.0,0.0,0.0,0.0,0.0,0.0,0.0,0.0,0.0,0.0,0.0,0.0,0.0,0.0,0.0,0.0,0.0,0.0,0.0,0.0,0.0,0.0,0.0,0.0,0.0,0.0,0.0,0.0,0.0,0.0,0.0,0.0,0.0,0.0,0.0,0.0,0.0,0.0,0.0,0.0,0.0,0.0,0.0,0.0,0.0,0.0,0.0,0.15304972,0.0,0.72727275,0.13053855,28.0,3.3672957,1.3831351,2.7036917,8.107142
NEG::partial::0224,0,0.0,0.3529412,0.0,0.0,0.47058824,0.05882353,0.3529412,0.23529412,0.3529412,0.0,0.0,0.0,0.0,0.0,0.0,0.0,0.05882353,0.05882353,0.3529412,0.0,0.0,0.05882353,0.0,0.0,0.0,0.0,0.0,0.0,0.0,0.0,0.0,0.0,0.0,0.0,0.0,0.0,0.0,0.0,0.0,0.0,0.0,0.0,0.0,0.0,0.0,0.0,0.0,0.0,0.0,0.0,0.0,0.0,0.0,0.0,0.0,0.0,0.0,0.0,0.0,0.0,0.19626701,0.0,1.0,0.30879653,17.0,2.8903718,2.0593064,2.145245,7.470588
NEG::partial::0225,0,0.0,0.0,0.0,0.0,0.61538464,0.07692308,0.30769232,0.0,0.46153846,0.0,0.0,0.0,0.0,0.0,0.0,0.0,0.07692308,0.0,0.0,0.0,0.07692308,0.0,0.0,0.0,0.0,0.0,0.0,0.0,0.0,0.0,0.0,0.0,0.0,0.0,0.0,0.0,0.0,0.0,0.0,0.0,0.0,0.0,0.0,0.0,0.0,0.0,0.0,0.0,0.0,0.0,0.0,0.0,0.0,0.0,0.0,0.0,0.0,0.0,0.0,0.0,0.12561016,0.0,0.6666667,0.14888087,13.0,2.6390574,1.4763676,3.3653297,6.5384617
NEG::partial::0226,0,0.0,0.0,0.0,0.0,0.4,0.0,0.6,0.2,0.4,0.0,0.0,0.0,0.0,0.0,0.0,0.0,0.0,0.0,0.0,0.0,0.0,0.0,0.0,0.0,0.0,0.0,0.0,0.0,0.0,0.0,0.0,0.0,0.0,0.0,0.0,0.0,0.0,0.0,0.0,0.0,0.0,0.0,0.0,0.0,0.0,0.0,0.0,0.0,0.0,0.0,0.0,0.0,0.0,0.0,0.0,0.0,0.0,0.0,0.0,0.0,0.09618132,0.0,0.23076923,0.0618901,5.0,1.7917595,1.3208891,1.0198039,7.6
NEG::partial::0227,0,0.0,0.0,0.0,0.0,0.8,0.0,0.0,0.0,0.0,0.0,0.0,0.0,0.0,0.0,0.0,0.0,0.0,0.0,0.0,0.0,0.0,0.0,0.0,0.0,0.0,0.0,0.0,0.0,0.0,0.0,0.0,0.0,0.2,0.0,0.0,0.0,0.0,0.0,0.0,0.0,0.0,0.0,0.0,0.0,0.0,0.0,0.0,0.0,0.0,0.0,0.0,0.0,0.0,0.0,0.0,0.0,0.0,0.0,0.0,0.0,0.24825312,0.1764706,0.33333334,0.04784146,5.0,1.7917595,0.50040364,2.712932,7.2
NEG::partial::0228,0,0.0,0.0,0.0,0.0,1.0,0.0,0.2,0.0,0.4,0.0,0.0,0.0,0.0,0.0,0.0,0.0,0.0,0.0,0.0,0.0,0.0,0.0,0.0,0.0,0.0,0.0,0.0,0.0,0.0,0.0,0.0,0.0,0.0,0.0,0.0,0.0,0.0,0.0,0.0,0.0,0.0,0.0,0.0,0.0,0.0,0.0,0.0,0.0,0.0,0.0,0.0,0.0,0.0,0.0,0.0,0.0,0.0,0.0,0.0,0.0,0.23717079,0.13636364,0.5833333,0.12587956,5.0,1.7917595,0.9002568,2.7856777,10.8
NEG::partial::0229,0,0.0,0.0,0.0,0.0,0.2,0.2,0.6,0.0,0.4,0.0,0.0,0.0,0.0,0.0,0.0,0.0,0.0,0.2,0.0,0.0,0.0,0.2,0.0,0.0,0.0,0.0,0.0,0.0,0.0,0.0,0.2,0.0,0.0,0.0,0.0,0.0,0.2,0.0,0.0,0.0,0.0,0.0,0.0,0.0,0.0,0.0,0.0,0.0,0.0,0.0,0.0,0.0,0.0,0.0,0.0,0.0,0.0,0.0,0.0,0.0,0.1305128,0.02,0.4074074,0.14149499,5.0,1.7917595,1.9722475,10.533755,15.2
NEG::partial::0230,0,0.0,0.0,0.0,0.0,0.4,0.0,0.0,0.0,0.2,0.0,0.0,0.0,0.0,0.0,0.0,0.0,0.2,0.0,1.0,0.0,0.0,0.0,0.0,0.0,0.0,0.0,0.0,0.0,0.0,0.0,0.0,0.0,0.0,0.0,0.0,0.0,0.0,0.0,0.0,0.0,0.0,0.0,0.0,0.0,0.0,0.0,0.0,0.0,0.0,0.0,0.0,0.0,0.0,0.0,0.0,0.0,0.0,0.0,0.0,0.0,0.3631295,0.26666668,0.625,0.10270843,5.0,1.7917595,1.1490604,2.1354156,8.2
NEG::partial::0231,0,0.0,0.0,0.0,0.0,0.6,0.1,0.35,0.125,0.5,0.0,0.0,0.0,0.0,0.0,0.0,0.0,0.0,0.0,0.0,0.0,0.0,0.0,0.0,0.0,0.0,0.0,0.0,0.0,0.0,0.0,0.0,0.0,0.0,0.0,0.0,0.0,0.025,0.0,0.0,0.0,0.0,0.0,0.0,0.0,0.0,0.0,0.0,0.0,0.0,0.0,0.0,0.0,0.0,0.0,0.0,0.0,0.0,0.0,0.0,0.0,0.15702483,0.0,0.875,0.1516327,40.0,3.713572,1.4735215,4.508603,10.35
NEG::partial::0232,0,0.0,0.14285715,0.0,0.0,0.71428573,0.0,0.2857143,0.0,0.0,0.0,0.0,0.0,0.0,0.0,0.0,0.0,0.0,0.0,0.14285715,0.0,0.0,0.0,0.0,0.0,0.0,0.0,0.0,0.0,0.0,0.0,0.0,0.0,0.0,0.0,0.0,0.0,0.0,0.0,0.0,0.0,0.0,0.0,0.0,0.0,0.0,0.0,0.0,0.0,0.0,0.0,0.0,0.0,0.0,0.0,0.0,0.0,0.0,0.0,0.0,0.0,0.32362399,0.0,0.75,0.2292052,7.0,2.0794415,1.1490606,1.9587585,6.142857
NEG::partial::0233,0,0.0,0.0,0.0,0.0,0.4,0.2,0.8,0.0,0.4,0.0,0.0,0.0,0.0,0.0,0.0,0.0,0.0,0.0,0.0,0.0,0.0,0.4,0.0,0.0,0.0,0.0,0.0,0.0,0.0,0.0,0.0,0.0,0.0,0.0,0.0,0.0,0.0,0.0,0.0,0.0,0.0,0.0,0.0,0.0,0.0,0.0,0.0,0.0,0.0,0.0,0.0,0.0,0.0,0.0,0.0,0.0,0.0,0.0,0.0,0.0,0.22694486,0.0625,0.45454547,0.12959225,5.0,1.7917595,1.5157084,2.3151674,8.2
NEG::partial::0234,0,0.0,0.0,0.0,0.0,0.6,0.4,1.0,0.0,0.8,0.0,0.0,0.0,0.0,0.0,0.0,0.0,0.0,0.0,0.0,0.0,0.0,0.0,0.0,0.0,0.0,0.0,0.0,0.0,0.0,0.0,0.0,0.0,0.0,0.0,0.0,0.0,0.0,0.0,0.0,0.0,0.0,0.0,0.0,0.0,0.0,0.0,0.0,0.0,0.0,0.0,0.0,0.0,0.0,0.0,0.0,0.0,0.0,0.0,0.0,0.0,0.59502167,0.4,0.85714287,0.14917383,5.0,1.7917595,1.3337364,1.4142135,7.0
NEG::partial::0235,0,0.0,0.0,0.0,0.0,0.8333333,0.083333336,0.33333334,0.0,0.41666666,0.0,0.0,0.0,0.0,0.0,0.0,0.0,0.0,0.0,0.0,0.0,0.0,0.16666667,0.0,0.0,0.0,0.0,0.0,0.0,0.0,0.0,0.083333336,0.0,0.0,0.0,0.0,0.0,0.0,0.0,0.0,0.0,0.0,0.0,0.0,0.0,0.0,0.0,0.0,0.0,0.0,0.0,0.0,0.0,0.0,0.0,0.0,0.0,0.0,0.0,0.0,0.0,0.18938082,0.0,0.875,0.17307286,12.0,2.5649493,1.4831247,7.3649883,10.416667
NEG::partial::0236,0,0.0,0.0,0.0,0.0,0.2,0.6,0.2,0.0,0.2,0.0,0.0,0.0,0.0,0.0,0.0,0.0,0.0,0.2,0.0,0.0,0.0,0.0,0.0,0.0,0.0,0.0,0.0,0.0,0.0,0.0,0.0,0.0,0.0,0.0,0.0,0.0,0.0,0.0,0.0,0.0,0.0,0.0,0.0,0.0,0.0,0.0,0.0,0.0,0.0,0.0,0.0,0.0,0.0,0.0,0.0,0.0,0.0,0.0,0.0,0.0,0.28061107,0.0,0.8333333,0.22096281,5.0,1.7917595,1.4750772,2.5768197,6.6
NEG::partial::0237,0,0.0,0.0,0.0,0.0,0.6666667,0.0,0.33333334,0.11111111,0.33333334,0.0,0.0,0.0,0.0,0.0,0.0,0.0,0.0,0.11111111,0.0,0.0,0.0,0.0,0.0,0.0,0.0,0.0,0.0,0.0,0.0,0.0,0.0,0.0,0.0,0.0,0.0,0.0,0.0,0.0,0.0,0.0,0.0,0.0,0.0,0.0,0.0,0.0,0.0,0.0,0.0,0.0,0.0,0.0,0.0,0.0,0.0,0.0,0.0,0.0,0.0,0.0,0.102498546,0.0,0.6363636,0.1357127,9.0,2.3025851,1.4003273,3.2317865,6.3333335
NEG::partial::0238,0,0.0,0.375,0.0,0.0,0.5,0.0625,0.1875,0.0625,0.375,0.0,0.0,0.0,0.0,0.0,0.0,0.0,0.0625,0.0,0.375,0.0,0.0,0.0,0.0,0.0,0.0,0.0,0.0,0.0,0.0,0.0,0.0,0.0,0.0,0.0,0.0,0.0,0.0,0.0,0.0,0.0,0.0,0.0,0.0,0.0,0.0,0.0,0.0,0.0,0.0,0.0,0.0,0.0,0.0,0.0,0.0,0.0,0.0,0.0,0.0,0.0,0.20802537,0.0,1.0,0.3408155,16.0,2.8332133,1.8350165,1.6092992,6.6875
NEG::partial::0239,0,0.0,0.0,0.0,0.0,0.04761905,0.6507937,0.6984127,0.031746034,0.31746033,0.0,0.3015873,0.0,0.11111111,0.0,0.0,0.0,0.0,0.0,0.0,0.0,0.04761905,0.015873017,0.0,0.0,0.0,0.04761905,0.0,0.015873017,0.0,0.0,0.0,0.015873017,0.0,0.0,0.0,0.0,0.0,0.0,0.0,0.0,0.0,0.0,0.0,0.0,0.0,0.0,0.0,0.0,0.0,0.015873017,0.0,0.0,0.0,0.0,0.0,0.0,0.0,0.0,0.0,0.0,0.13573001,0.0,0.46153846,0.09011663,63.0,4.158883,1.8362443,4.0143986,8.698413
NEG::partial::0240,0,0.0,0.0,0.0,0.0,1.0,0.4,0.2,0.0,0.4,0.0,0.0,0.0,0.0,0.0,0.0,0.0,0.0,0.0,0.0,0.0,0.0,0.0,0.0,0.0,0.0,0.0,0.0,0.0,0.0,0.0,0.0,0.0,0.0,0.0,0.0,0.0,0.0,0.0,0.0,0.0,0.0,0.0,0.0,0.0,0.0,0.0,0.0,0.0,0.0,0.0,0.0,0.0,0.0,0.0,0.0,0.0,0.0,0.0,0.0,0.0,0.32100442,0.1875,0.9,0.19688761,5.0,1.7917595,1.2206079,1.496663,8.6
NEG::partial::0241,0,0.0,0.8,0.0,0.0,0.0,0.0,0.0,0.0,0.0,0.0,0.0,0.0,0.0,0.0,0.0,0.0,0.4,0.0,0.8,0.0,0.0,0.0,0.0,0.0,0.0,0.0,0.0,0.0,0.0,0.0,0.0,0.0,0.0,0.0,0.0,0.0,0.0,0.0,0.0,0.0,0.0,0.0,0.0,0.0,0.0,0.0,0.0,0.0,0.0,0.0,0.0,0.0,0.0,0.0,0.0,0.0,0.0,0.0,0.0,0.0,0.3984127,0.0,0.875,0.33881757,5.0,1.7917595,1.0549208,0.9797959,6.8
NEG::partial::0242,0,0.0,0.0,0.0,0.0,0.33333334,0.0,0.44444445,0.44444445,0.5555556,0.0,0.0,0.0,0.0,0.0,0.0,0.0,0.0,0.0,0.0,0.0,0.0,0.055555556,0.0,0.0,0.0,0.0,0.0,0.0,0.0,0.0,0.0,0.0,0.0,0.0,0.0,0.0,0.0,0.0,0.0,0.0,0.0,0.0,0.0,0.0,0.0,0.0,0.0,0.0,0.0,0.0,0.0,0.0,0.0,0.0,0.0,0.0,0.0,0.0,0.0,0.0,0.13795786,0.0,0.84615386,0.20115876,18.0,2.944439,1.4647666,3.2923405,8.777778
NEG::partial::0243,0,0.0,0.0,0.0,0.0,0.5,0.16666667,0.41666666,0.16666667,0.75,0.0,0.0,0.0,0.0,0.0,0.0,0.0,0.083333336,0.0,0.0,0.0,0.0,0.0,0.0,0.0,0.0,0.0,0.0,0.0,0.0,0.0,0.0,0.0,0.0,0.0,0.0,0.0,0.0,0.0,0.0,0.0,0.0,0.0,0.0,0.0,0.0,0.0,0.0,0.0,0.0,0.0,0.0,0.0,0.0,0.0,0.0,0.0,0.0,0.0,0.0,0.0,0.1884811,0.0,0.7777778,0.1658756,12.0,2.5649493,1.5650622,4.6807823,11.083333
NEG::partial::0244,0,0.0,0.0,0.0,0.0,0.6,0.4,1.0,0.0,0.8,0.0,0.0,0.0,0.0,0.0,0.0,0.0,0.0,0.0,0.0,0.0,0.0,0.0,0.0,0.0,0.0,0.0,0.0,0.0,0.0,0.0,0.0,0.0,0.0,0.0,0.0,0.0,0.0,0.0,0.0,0.0,0.0,0.0,0.0,0.0,0.0,0.0,0.0,0.0,0.0,0.0,0.0,0.0,0.0,0.0,0.0,0.0,0.0,0.0,0.0,0.0,0.59502167,0.4,0.85714287,0.14917383,5.0,1.7917595,1.3337364,1.4142135,7.0
NEG::partial::0245,0,0.0,0.16666667,0.0,0.0,0.375,0.083333336,0.125,0.0,0.125,0.0,0.0,0.0,0.0,0.0,0.0,0.0,0.125,0.20833333,0.16666667,0.0,0.0,0.0,0.0,0.0,0.0,0.0,0.0,0.0,0.0,0.0,0.0,0.0,0.0,0.0,0.0,0.0,0.0,0.0,0.0,0.0,0.0,0.0,0.0,0.0,0.0,0.0,0.0,0.0,0.0,0.0,0.0,0.0,0.0,0.0,0.0,0.0,0.0,0.0,0.0,0.0,0.07085248,0.0,0.9,0.13521041,24.0,3.218876,1.9757092,3.8179038,7.0833335
NEG::partial::0246,0,0.0,0.0,0.0,0.0,0.5,0.0,0.5,0.25,0.0,0.0,0.0,0.0,0.0,0.0,0.0,0.0,0.0,0.0,0.0,0.0,0.0,0.0,0.0,0.0,0.0,0.0,0.0,0.0,0.0,0.0,0.0,0.0,0.0,0.0,0.0,0.0,0.0,0.0,0.0,0.0,0.25,0.0,0.0,0.0,0.0,0.0,0.0,0.0,0.0,0.0,0.0,0.0,0.0,0.0,0.0,0.0,0.0,0.0,0.0,0.0,0.17946686,0.0,0.8333333,0.19920905,8.0,2.1972246,1.3296621,1.3919411,4.75
NEG::partial::0247,0,0.023809524,0.0,0.0,0.0,0.5,0.14285715,0.6666667,0.16666667,0.54761904,0.0,0.0,0.0,0.0,0.0,0.04761905,0.0,0.071428575,0.04761905,0.0,0.0,0.023809524,0.0,0.0,0.0,0.0,0.0,0.0,0.0,0.16666667,0.0,0.0,0.0,0.0,0.0,0.0,0.0,0.04761905,0.0,0.0,0.0,0.0,0.0,0.0,0.0,0.0,0.0,0.0,0.0,0.0,0.0,0.0,0.0,0.0,0.0,0.0,0.0,0.0,0.0,0.0,0.0,0.101721145,0.0,0.73333335,0.11317126,42.0,3.7612002,1.9667578,5.769181,10.619047
NEG::partial::0248,0,0.036585364,0.12195122,0.048780486,0.09756097,0.1097561,0.74390244,0.40243903,0.34146342,0.20731707,0.0,0.0121951215,0.0,0.14634146,0.30487806,0.31707317,0.18292683,0.0,0.0,0.0,0.24390244,0.048780486,0.0,0.0,0.0,0.048780486,0.0,0.0,0.0,0.0,0.0,0.0,0.0,0.0,0.0,0.024390243,0.0,0.0,0.0,0.0,0.07317073,0.0121951215,0.0121951215,0.0121951215,0.0,0.0,0.0121951215,0.0,0.0,0.0,0.0,0.0,0.0121951215,0.0,0.0,0.0,0.0,0.0,0.0,0.0,0.0,0.07321012,0.0,0.5833333,0.08597916,82.0,4.4188404,2.6267405,8.218255,12.817073
NEG::partial::0249,0,0.0,1.0,0.0,0.0,0.11627907,0.1627907,0.0,1.0,0.1627907,0.81395346,0.0,0.0,0.0,0.0,0.0,0.0,0.023255814,0.0,0.0,0.093023255,0.0,0.0,0.0,0.0,0.0,0.0,0.0,0.0,0.0,0.023255814,0.0,0.0,0.0,0.0,0.0,0.0,0.0,0.0,0.0,0.0,0.0,0.0,0.0,0.0,0.0,0.0,0.0,0.0,0.0,0.0,0.0,0.0,0.0,0.0,0.0,0.0,0.0,0.0,0.0,0.0,0.32979065,0.071428575,0.85714287,0.16780204,43.0,3.7841897,1.6361035,9.836467,12.186047
NEG::partial::0250,0,0.0,0.1875,0.0,0.0,0.375,0.0625,0.1875,0.0,0.25,0.0,0.0,0.0,0.0,0.0,0.0,0.0,0.0625,0.125,0.1875,0.0,0.0625,0.0,0.0,0.0,0.0,0.0,0.0,0.0,0.0,0.0,0.0,0.0,0.0,0.0,0.0,0.0,0.0,0.0,0.0,0.0,0.0,0.0,0.0,0.0,0.0,0.0,0.0,0.0,0.0,0.0,0.0,0.0,0.0,0.0,0.0,0.0,0.0,0.0,0.0,0.0,0.082875736,0.0,0.6666667,0.14282228,16.0,2.8332133,2.0293238,3.3166249,8.0
NEG::partial::0251,0,0.0,0.0,0.0,0.0,1.0,0.0,0.6,0.0,0.6,0.0,0.0,0.0,0.0,0.0,0.0,0.0,0.2,0.0,0.0,0.0,0.0,0.4,0.0,0.0,0.0,0.0,0.0,0.0,0.0,0.0,0.0,0.0,0.0,0.0,0.0,0.0,0.0,0.0,0.0,0.0,0.0,0.0,0.0,0.0,0.0,0.0,0.0,0.0,0.0,0.0,0.0,0.0,0.0,0.0,0.0,0.0,0.0,0.0,0.0,0.0,0.31627706,0.09090909,1.0,0.24537988,5.0,1.7917595,1.4944036,1.8330302,5.8
NEG::partial::0252,0,0.0,0.016949153,0.0,0.0,0.42372882,0.084745765,0.62711865,0.033898305,0.66101694,0.0,0.0,0.0,0.0,0.0,0.0,0.0,0.0,0.0,0.0,0.016949153,0.050847456,0.016949153,0.0,0.0,0.0,0.0,0.0,0.0,0.0,0.0,0.0,0.0,0.0,0.0,0.016949153,0.0,0.0,0.0,0.0,0.22033899,0.0,0.0,0.0,0.0,0.0,0.016949153,0.0,0.0,0.0,0.0,0.0,0.0,0.2542373,0.0,0.0,0.0,0.0,0.0,0.0,0.0,0.18568951,0.0,0.8333333,0.20487389,59.0,4.0943446,1.8889166,4.0042353,9.0
NEG::partial::0253,0,0.0,0.055555556,0.0,0.0,0.055555556,0.0,0.3888889,0.0,0.33333334,0.0,0.0,0.0,0.0,0.0,0.0,0.0,0.16666667,0.055555556,0.0,0.0,0.055555556,0.0,0.0,0.0,0.0,0.0,0.0,0.0,0.0,0.0,0.0,0.0,0.0,0.0,0.0,0.0,0.0,0.0,0.22222222,0.0,0.055555556,0.0,0.0,0.0,0.0,0.0,0.22222222,0.0,0.0,0.0,0.0,0.0,0.11111111,0.0,0.0,0.0,0.0,0.0,0.0,0.0,0.13923384,0.0,0.8333333,0.19956924,18.0,2.944439,2.1390066,3.3701668,7.5555553
NEG::partial::0254,0,0.0,0.07692308,0.0,0.0,0.6923077,0.102564104,0.51282054,0.051282052,0.102564104,0.0,0.0,0.0,0.0,0.0,0.0,0.0,0.0,0.0,0.0,0.025641026,0.0,0.025641026,0.0,0.0,0.0,0.0,0.0,0.0,0.0,0.0,0.0,0.0,0.0,0.0,0.0,0.0,0.0,0.0,0.0,0.0,0.0,0.0,0.0,0.0,0.0,0.0,0.025641026,0.0,0.0,0.0,0.0,0.0,0.0,0.0,0.0,0.0,0.0,0.0,0.0,0.0,0.12260695,0.0,1.0,0.17941469,39.0,3.6888795,1.5292509,2.8097699,8.282051
NEG::partial::0255,0,0.0,0.0,0.0,0.0,0.0,0.2,1.0,0.0,0.4,0.0,0.0,0.0,0.0,0.0,0.0,0.0,0.0,0.0,0.0,0.0,0.0,0.2,0.0,0.0,0.0,0.0,0.0,0.0,0.0,0.0,0.2,0.0,0.0,0.0,0.0,0.0,0.0,0.0,0.0,0.0,0.0,0.0,0.0,0.0,0.0,0.0,0.0,0.0,0.0,0.0,0.0,0.0,0.0,0.0,0.0,0.0,0.0,0.0,0.0,0.0,0.19984351,0.05,0.36842105,0.10888962,5.0,1.7917595,1.3592373,9.7652445,13.2
NEG::partial::0256,0,0.0,0.0,0.0,0.0,0.5555556,0.33333334,0.22222222,0.0,0.33333334,0.0,0.0,0.0,0.0,0.0,0.0,0.0,0.11111111,0.0,0.0,0.0,0.0,0.11111111,0.0,0.0,0.0,0.0,0.0,0.0,0.0,0.0,0.0,0.0,0.0,0.33333334,0.0,0.0,0.0,0.0,0.0,0.0,0.0,0.0,0.0,0.0,0.0,0.0,0.0,0.0,0.0,0.0,0.0,0.0,0.0,0.0,0.0,0.0,0.0,0.0,0.0,0.0,0.21848841,0.0,0.6,0.15122439,9.0,2.3025851,1.8169837,6.2182527,14.0
NEG::partial::0257,0,0.0,0.0,0.0,0.0,0.22222222,0.0,0.7777778,0.0,0.5555556,0.0,0.0,0.0,0.0,0.0,0.0,0.0,0.44444445,0.0,0.0,0.0,0.0,0.0,0.0,0.0,0.0,0.0,0.0,0.0,0.0,0.0,0.0,0.0,0.0,0.0,0.0,0.0,0.0,0.0,0.0,0.0,0.0,0.0,0.0,0.0,0.0,0.0,0.0,0.0,0.0,0.0,0.0,0.0,0.0,0.0,0.0,0.0,0.0,0.0,0.0,0.0,0.1895488,0.0,0.5,0.15465812,9.0,2.3025851,1.3014816,2.3306863,5.111111
NEG::partial::0258,0,0.14150943,0.094339624,0.1509434,0.2893082,0.07861635,0.5628931,0.2389937,0.1918239,0.12264151,0.0,0.003144654,0.0,0.06603774,0.16666667,0.17924528,0.16666667,0.009433962,0.031446543,0.003144654,0.06603774,0.009433962,0.018867925,0.034591194,0.006289308,0.06603774,0.0,0.0,0.0,0.0,0.0,0.006289308,0.003144654,0.009433962,0.0,0.006289308,0.0,0.0,0.006289308,0.0,0.0,0.006289308,0.003144654,0.0,0.0,0.015723271,0.006289308,0.0,0.0,0.0,0.0,0.0,0.003144654,0.0,0.0,0.006289308,0.0,0.0,0.0,0.0,0.0,0.14008194,0.0,1.0,0.16028495,318.0,5.765191,2.7653353,6.262658,9.22956
NEG::partial::0259,0,0.0,0.0,0.0,0.0,0.8333333,0.33333334,0.6666667,0.16666667,0.33333334,0.0,0.0,0.0,0.0,0.0,0.0,0.0,0.0,0.0,0.0,0.0,0.0,0.0,0.0,0.0,0.0,0.0,0.0,0.0,0.0,0.0,0.0,0.0,0.0,0.0,0.0,0.0,0.0,0.0,0.0,0.0,0.0,0.0,0.0,0.0,0.0,0.0,0.0,0.0,0.0,0.0,0.0,0.0,0.0,0.0,0.0,0.0,0.0,0.0,0.0,0.0,0.18874061,0.0,0.85714287,0.19564623,6.0,1.9459101,1.4701325,3.2998316,7.6666665
NEG::partial::0260,0,0.0,0.0,0.0,0.0,0.2857143,0.14285715,0.5714286,0.0,0.42857143,0.0,0.0,0.0,0.0,0.0,0.0,0.0,0.0,0.14285715,0.0,0.0,0.0,0.14285715,0.0,0.0,0.0,0.0,0.0,0.0,0.0,0.0,0.14285715,0.0,0.0,0.0,0.0,0.0,0.0,0.0,0.0,0.0,0.0,0.0,0.0,0.0,0.0,0.0,0.0,0.0,0.0,0.0,0.0,0.0,0.0,0.0,0.0,0.0,0.0,0.0,0.0,0.0,0.1289152,0.0,0.61538464,0.157055,7.0,2.0794415,1.7782339,8.652002,12.0
NEG::partial::0261,0,0.0,0.0,0.0,0.0,0.15,0.0,0.0,0.0,0.05,0.0,0.0,0.0,0.0,0.0,0.0,0.0,0.0,0.05,0.0,0.0,0.0,0.0,0.0,0.0,0.0,0.0,0.0,0.0,0.0,0.0,0.0,0.0,0.0,0.0,0.05,0.0,0.0,0.0,0.0,0.1,0.0,0.0,0.0,0.0,0.0,0.0,0.0,0.0,0.0,0.0,0.0,0.0,0.0,0.0,0.0,0.0,0.0,0.0,0.0,0.0,0.4230378,0.0,1.0,0.34057876,20.0,3.0445225,1.4941778,2.4979992,5.6
NEG::partial::0262,0,0.0,0.0,0.0,0.0,0.2,0.4,0.0,0.4,0.4,0.0,0.0,0.0,0.0,0.0,0.0,0.0,0.0,0.0,0.0,0.0,0.0,0.0,0.0,0.0,0.0,0.0,0.0,0.0,0.0,0.0,0.0,0.0,0.0,0.0,0.0,0.0,0.0,0.0,0.0,0.0,0.0,0.0,0.0,0.0,0.0,0.0,0.0,0.0,0.0,0.0,0.0,0.0,0.0,0.2,0.0,0.0,0.0,0.0,0.0,0.0,0.1806826,0.071428575,0.5555556,0.13226844,5.0,1.7917595,1.5595819,1.9390719,7.8
NEG::partial::0263,0,0.0,0.0,0.0,0.0,0.22222222,0.0,0.33333334,0.0,0.7777778,0.0,0.0,0.0,0.0,0.0,0.0,0.0,0.22222222,0.0,0.0,0.0,0.11111111,0.0,0.0,0.0,0.0,0.0,0.0,0.0,0.0,0.0,0.0,0.0,0.0,0.0,0.0,0.0,0.0,0.0,0.0,0.0,0.0,0.0,0.0,0.0,0.0,0.0,0.0,0.0,0.0,0.0,0.0,0.0,0.0,0.0,0.0,0.0,0.0,0.0,0.0,0.0,0.20992495,0.0,0.6666667,0.18431488,9.0,2.3025851,1.3953978,2.528846,5.2222223
NEG::partial::0264,0,0.0,0.04761905,0.0,0.0,0.52380955,0.0,0.0,0.0,0.04761905,0.0,0.0,0.0,0.0,0.0,0.0,0.0,0.0,0.23809524,0.0,0.0,0.0,0.0,0.0,0.0,0.0,0.0,0.0,0.0,0.0,0.0,0.0,0.0,0.0,0.0,0.0,0.0,0.0,0.0,0.0,0.0,0.0,0.0,0.0,0.0,0.0,0.0,0.0,0.0,0.0,0.0,0.0,0.0,0.0,0.0,0.0,0.0,0.0,0.0,0.0,0.0,0.28326216,0.05882353,0.75,0.12707633,21.0,3.0910425,0.97792655,2.3328474,5.714286
NEG::partial::0265,0,0.0,0.46666667,0.0,0.0,0.13333334,0.0,0.0,0.0,0.0,0.0,0.0,0.0,0.0,0.0,0.0,0.0,0.0,0.0,0.0,0.0,0.0,0.06666667,0.0,0.0,0.0,0.0,0.0,0.0,0.0,0.0,0.0,0.0,0.0,0.0,0.0,0.0,0.0,0.0,0.0,0.0,0.0,0.0,0.0,0.0,0.0,0.0,0.0,0.0,0.0,0.0,0.0,0.0,0.0,0.0,0.0,0.0,0.0,0.0,0.0,0.0,0.13511744,0.0,0.85714287,0.113716066,15.0,2.7725887,0.80182034,1.9955506,5.866667
NEG::partial::0266,0,0.0,0.084745765,0.0,0.0,0.42372882,0.118644066,0.5254237,0.23728813,0.44067797,0.0,0.0,0.0,0.0,0.0,0.0,0.0,0.016949153,0.0,0.0,0.0,0.0,0.050847456,0.0,0.0,0.0,0.0,0.0,0.0,0.0,0.0,0.0,0.0,0.0,0.0,0.016949153,0.0,0.0,0.0,0.0,0.0,0.0,0.0,0.0,0.0,0.0,0.0,0.0,0.0,0.0,0.0,0.0,0.0,0.0,0.0,0.0,0.0,0.0,0.0,0.0,0.0,0.06105943,0.0,0.6666667,0.11143393,59.0,4.0943446,1.7756431,3.3176208,8.898305
NEG::partial::0267,0,0.0,0.0,0.0,0.0,0.2857143,0.14285715,0.61904764,0.0,0.14285715,0.0,0.0,0.0,0.0,0.0,0.0,0.0,0.0952381,0.04761905,0.04761905,0.0,0.0,0.0,0.0,0.0,0.0,0.0,0.0,0.0,0.0,0.04761905,0.0,0.0,0.0,0.0,0.0,0.0,0.0,0.0,0.0,0.0,0.0,0.0,0.0,0.0,0.0,0.0952381,0.0,0.0,0.0,0.0,0.0,0.0,0.0,0.0,0.0,0.0,0.0,0.0,0.0,0.0,0.1058531,0.0,0.75,0.1387283,21.0,3.0910425,1.7951378,3.9555352,5.857143
NEG::partial::0268,0,0.0,0.16666667,0.0,0.0,0.16666667,0.16666667,0.5,0.0,0.6666667,0.0,0.0,0.0,0.0,0.0,0.0,0.0,0.33333334,0.0,0.0,0.0,0.16666667,0.0,0.0,0.0,0.0,0.0,0.0,0.0,0.0,0.0,0.0,0.0,0.0,0.0,0.0,0.0,0.0,0.0,0.0,0.0,0.0,0.0,0.0,0.0,0.0,0.0,0.0,0.0,0.0,0.0,0.0,0.0,0.0,0.0,0.0,0.0,0.0,0.0,0.0,0.0,0.1872261,0.0,0.6,0.2000689,6.0,1.9459101,1.7782338,2.3804762,7.0
NEG::random::0001,0,0.0,0.0,0.0,0.0,0.53846157,0.23076923,0.53846157,0.15384616,0.23076923,0.0,0.15384616,0.0,0.0,0.0,0.0,0.0,0.07692308,0.07692308,0.0,0.0,0.0,0.0,0.0,0.0,0.0,0.0,0.0,0.0,0.15384616,0.0,0.0,0.0,0.0,0.0,0.0,0.0,0.0,0.0,0.0,0.0,0.0,0.0,0.0,0.0,0.0,0.0,0.0,0.0,0.0,0.0,0.0,0.0,0.0,0.0,0.0,0.0,0.0,0.0,0.0,0.0,0.05037034,0.0,0.2,0.051794056,13.0,2.6390574,1.9753015,4.1623845,9.538462
NEG::random::0002,0,0.0,0.035714287,0.0,0.035714287,0.21428572,0.25,0.39285713,0.10714286,0.17857143,0.035714287,0.0,0.0,0.0,0.035714287,0.035714287,0.0,0.035714287,0.0,0.0,0.0,0.0,0.035714287,0.035714287,0.0,0.035714287,0.035714287,0.0,0.0,0.035714287,0.0,0.0,0.0,0.0,0.0,0.035714287,0.0,0.0,0.0,0.0,0.0,0.0,0.0,0.0,0.0,0.0,0.0,0.0,0.0,0.0,0.0,0.0,0.0,0.0,0.0,0.0,0.0,0.0,0.0,0.0,0.0,0.041137356,0.0,0.25,0.05942886,28.0,3.3672957,2.3730128,3.5892413,7.214286
NEG::random::0003,0,0.041666668,0.0,0.041666668,0.041666668,0.41666666,0.375,0.29166666,0.041666668,0.20833333,0.0,0.0,0.0,0.0,0.0,0.0,0.0,0.083333336,0.0,0.0,0.0,0.0,0.083333336,0.0,0.0,0.0,0.0,0.0,0.0,0.041666668,0.0,0.0,0.0,0.0,0.0,0.0,0.0,0.0,0.0,0.0,0.0,0.0,0.0,0.0,0.0,0.0,0.0,0.0,0.0,0.0,0.0,0.0,0.0,0.0,0.0,0.0,0.0,0.0,0.0,0.0,0.0,0.03581284,0.0,0.4,0.05366113,24.0,3.218876,2.0078294,4.9984374,8.375
NEG::random::0004,0,0.10714286,0.10714286,0.0,0.035714287,0.17857143,0.32142857,0.39285713,0.14285715,0.14285715,0.035714287,0.035714287,0.0,0.035714287,0.035714287,0.035714287,0.035714287,0.071428575,0.035714287,0.0,0.0,0.0,0.0,0.0,0.0,0.0,0.0,0.0,0.0,0.0,0.0,0.0,0.0,0.0,0.0,0.0,0.0,0.0,0.0,0.0,0.0,0.0,0.0,0.0,0.0,0.0,0.0,0.0,0.0,0.0,0.0,0.0,0.0,0.0,0.0,0.0,0.0,0.0,0.0,0.0,0.0,0.047190323,0.0,0.44444445,0.07090519,28.0,3.3672957,2.396568,4.2968607,8.035714
NEG::random::0005,0,0.0,0.36363637,0.0,0.0,0.18181819,0.3181818,0.3181818,0.13636364,0.27272728,0.13636364,0.0,0.0,0.0,0.045454547,0.045454547,0.045454547,0.0,0.045454547,0.045454547,0.0,0.0,0.0,0.0,0.0,0.0,0.0,0.0,0.0,0.045454547,0.0,0.0,0.045454547,0.0,0.0,0.045454547,0.0,0.0,0.0,0.0,0.045454547,0.045454547,0.0,0.0,0.0,0.0,0.045454547,0.0,0.0,0.0,0.0,0.0,0.0,0.0,0.0,0.0,0.0,0.0,0.0,0.045454547,0.0,0.03432436,0.0,0.23076923,0.047671087,22.0,3.1354942,2.5767097,3.8751166,8.727273
NEG::random::0006,0,0.2,0.2,0.0,0.0,0.0,0.0,0.4,0.0,0.0,0.0,0.0,0.0,0.0,0.0,0.0,0.0,0.0,0.0,0.0,0.0,0.0,0.0,0.2,0.2,0.0,0.0,0.0,0.0,0.2,0.0,0.0,0.0,0.0,0.0,0.0,0.0,0.0,0.0,0.0,0.0,0.0,0.0,0.0,0.0,0.0,0.0,0.0,0.0,0.0,0.0,0.0,0.0,0.0,0.0,0.0,0.0,0.0,0.0,0.0,0.0,0.028168498,0.0,0.13333334,0.045675308,5.0,1.7917595,1.7478689,0.9797959,7.8
NEG::random::0007,0,0.0,0.0,0.0,0.0,0.11111111,0.22222222,0.5555556,0.0,0.22222222,0.0,0.0,0.0,0.0,0.0,0.0,0.0,0.0,0.0,0.0,0.0,0.0,0.0,0.11111111,0.11111111,0.0,0.11111111,0.0,0.0,0.0,0.0,0.0,0.0,0.0,0.0,0.0,0.0,0.0,0.0,0.0,0.0,0.0,0.0,0.0,0.0,0.0,0.0,0.0,0.0,0.0,0.0,0.0,0.0,0.0,0.0,0.0,0.0,0.0,0.0,0.0,0.0,0.06113609,0.0,0.625,0.10381872,9.0,2.3025851,1.7326595,5.2092037,8.555555
NEG::random::0008,0,0.0,0.08,0.04,0.08,0.36,0.12,0.24,0.16,0.2,0.0,0.0,0.0,0.0,0.0,0.0,0.0,0.08,0.04,0.0,0.0,0.04,0.04,0.04,0.0,0.04,0.0,0.0,0.0,0.08,0.0,0.0,0.0,0.0,0.0,0.04,0.0,0.0,0.0,0.0,0.0,0.0,0.0,0.0,0.04,0.0,0.0,0.0,0.0,0.0,0.0,0.0,0.0,0.0,0.04,0.0,0.0,0.0,0.0,0.0,0.0,0.038296744,0.0,0.25,0.055946466,25.0,3.2580965,2.5805774,3.5561776,7.56
NEG::random::0009,0,0.0,0.21428572,0.0,0.0,0.2857143,0.35714287,0.21428572,0.14285715,0.42857143,0.0,0.071428575,0.0,0.0,0.0,0.0,0.0,0.14285715,0.0,0.0,0.0,0.071428575,0.0,0.0,0.0,0.0,0.0,0.0,0.0,0.21428572,0.0,0.0,0.0,0.0,0.071428575,0.0,0.0,0.0,0.0,0.0,0.0,0.071428575,0.0,0.0,0.071428575,0.0,0.0,0.0,0.0,0.0,0.0,0.0,0.0,0.0,0.0,0.0,0.0,0.0,0.0,0.0,0.0,0.042207215,0.0,0.1875,0.044712294,14.0,2.7080503,2.3752043,4.753624,9.785714
NEG::random::0010,0,0.07692308,0.07692308,0.0,0.0,0.3846154,0.23076923,0.3846154,0.07692308,0.15384616,0.0,0.0,0.0,0.0,0.0,0.0,0.0,0.07692308,0.07692308,0.0,0.0,0.07692308,0.0,0.0,0.0,0.0,0.0,0.0,0.0,0.0,0.0,0.0,0.0,0.07692308,0.0,0.07692308,0.0,0.0,0.0,0.0,0.0,0.0,0.0,0.0,0.0,0.0,0.07692308,0.0,0.0,0.0,0.0,0.0,0.0,0.0,0.0,0.0,0.0,0.0,0.0,0.0,0.0,0.04006191,0.0,0.25,0.05504023,13.0,2.6390574,2.3123665,6.434927,7.769231
NEG::random::0011,0,0.125,0.25,0.0625,0.0625,0.375,0.3125,0.3125,0.125,0.125,0.0625,0.125,0.0,0.0,0.0,0.0,0.0,0.125,0.0,0.125,0.0,0.0,0.125,0.0625,0.0625,0.0,0.0625,0.0,0.0,0.125,0.0,0.0,0.0,0.0,0.0,0.0,0.0,0.0,0.0,0.0,0.0,0.0,0.0,0.0,0.0,0.0,0.0,0.0,0.0,0.0625,0.0,0.0,0.0,0.0,0.0,0.0,0.0,0.0,0.0,0.0,0.0,0.039065897,0.0,0.625,0.08056622,16.0,2.8332133,2.7500267,3.200952,8.4375
NEG::random::0012,0,0.13043478,0.08695652,0.0,0.04347826,0.13043478,0.47826087,0.26086956,0.0,0.13043478,0.0,0.0,0.0,0.0,0.0,0.0,0.0,0.04347826,0.0,0.0,0.0,0.04347826,0.04347826,0.04347826,0.0,0.04347826,0.0,0.0,0.0,0.08695652,0.0,0.0,0.0,0.0,0.0,0.0,0.0,0.0,0.0,0.0,0.04347826,0.0,0.0,0.0,0.04347826,0.0,0.0,0.0,0.0,0.0,0.0,0.0,0.0,0.0,0.0,0.0,0.0,0.0,0.0,0.0,0.0,0.056346063,0.0,0.5,0.06582583,23.0,3.1780539,2.3273892,3.7648258,8.0
NEG::random::0013,0,0.055555556,0.055555556,0.0,0.055555556,0.22222222,0.11111111,0.16666667,0.11111111,0.2777778,0.0,0.055555556,0.0,0.055555556,0.11111111,0.11111111,0.11111111,0.055555556,0.0,0.0,0.0,0.0,0.055555556,0.0,0.0,0.0,0.055555556,0.0,0.0,0.11111111,0.0,0.0,0.055555556,0.0,0.0,0.0,0.0,0.0,0.0,0.0,0.0,0.055555556,0.0,0.0,0.0,0.0,0.0,0.0,0.0,0.0,0.0,0.055555556,0.0,0.0,0.0,0.0,0.0,0.0,0.0,0.0,0.0,0.025900073,0.0,0.21428572,0.049047433,18.0,2.944439,2.835178,4.997839,8.277778
NEG::random::0014,0,0.0,0.06666667,0.0,0.0,0.2,0.06666667,0.26666668,0.06666667,0.06666667,0.0,0.06666667,0.0,0.0,0.06666667,0.06666667,0.06666667,0.13333334,0.06666667,0.13333334,0.0,0.0,0.0,0.0,0.0,0.0,0.0,0.0,0.0,0.06666667,0.0,0.0,0.0,0.0,0.0,0.0,0.0,0.0,0.0,0.0,0.0,0.0,0.0,0.0,0.0,0.0,0.0,0.0,0.0,0.0,0.0,0.0,0.0,0.0,0.0,0.0,0.06666667,0.0,0.0,0.0,0.0,0.038768325,0.0,0.25,0.06296368,15.0,2.7725887,2.563152,3.4227993,6.866667
NEG::random::0015,0,0.0,0.16666667,0.0,0.0,0.5,0.33333334,0.33333334,0.0,0.0,0.0,0.0,0.0,0.0,0.0,0.0,0.0,0.16666667,0.16666667,0.16666667,0.0,0.0,0.0,0.0,0.0,0.0,0.0,0.0,0.0,0.16666667,0.0,0.0,0.0,0.0,0.0,0.0,0.0,0.0,0.0,0.0,0.0,0.0,0.0,0.0,0.0,0.16666667,0.0,0.0,0.0,0.0,0.0,0.0,0.0,0.0,0.0,0.0,0.0,0.0,0.0,0.0,0.0,0.019728078,0.0,0.09090909,0.033645816,6.0,1.9459101,2.0981479,3.578485,7.8333335
NEG::random::0016,0,0.0,0.26086956,0.0,0.0,0.08695652,0.2173913,0.26086956,0.17391305,0.17391305,0.04347826,0.08695652,0.0,0.04347826,0.04347826,0.04347826,0.0,0.08695652,0.08695652,0.04347826,0.0,0.0,0.04347826,0.04347826,0.0,0.0,0.08695652,0.0,0.0,0.04347826,0.0,0.0,0.0,0.04347826,0.0,0.0,0.0,0.0,0.0,0.0,0.0,0.0,0.0,0.0,0.0,0.0,0.0,0.04347826,0.0,0.0,0.0,0.0,0.0,0.0,0.0,0.0,0.0,0.0,0.0,0.0,0.0,0.021952821,0.0,0.16666667,0.035798598,23.0,3.1780539,2.749549,3.9938517,8.304348
NEG::random::0017,0,0.0,0.375,0.0,0.0,0.125,0.375,0.25,0.125,0.5,0.125,0.0,0.0,0.0,0.0,0.0,0.0,0.0,0.0,0.125,0.0,0.0,0.0,0.0,0.0,0.0,0.0,0.0,0.0,0.0,0.0,0.0,0.0,0.0,0.0,0.0,0.0,0.0,0.0,0.0,0.0,0.0,0.0,0.0,0.0,0.0,0.0,0.0,0.0,0.0,0.0,0.0,0.0,0.0,0.0,0.0,0.0,0.0,0.0,0.0,0.0,0.044551928,0.0,0.2,0.055473294,8.0,2.1972246,1.9273926,5.3560715,9.75
NEG::random::0018,0,0.14285715,0.0,0.0,0.0,0.2857143,0.2857143,0.2857143,0.14285715,0.14285715,0.0,0.0,0.0,0.14285715,0.14285715,0.14285715,0.0,0.0,0.14285715,0.0,0.0,0.0,0.0,0.0,0.0,0.0,0.0,0.0,0.0,0.0,0.0,0.0,0.0,0.0,0.0,0.0,0.0,0.0,0.0,0.0,0.0,0.0,0.0,0.0,0.0,0.0,0.0,0.0,0.0,0.0,0.0,0.0,0.0,0.0,0.0,0.0,0.0,0.0,0.0,0.0,0.0,0.01684008,0.0,0.2,0.044703927,7.0,2.0794415,2.245036,3.4404557,7.142857
NEG::random::0019,0,0.0,0.2857143,0.0,0.0,0.14285715,0.21428572,0.35714287,0.14285715,0.071428575,0.0,0.0,0.0,0.0,0.0,0.071428575,0.071428575,0.0,0.0,0.071428575,0.0,0.0,0.071428575,0.0,0.0,0.0,0.0,0.0,0.0,0.0,0.0,0.0,0.0,0.0,0.0,0.0,0.0,0.0,0.0,0.0,0.0,0.0,0.0,0.0,0.0,0.0,0.0,0.0,0.0,0.0,0.0,0.0,0.0,0.0,0.0,0.0,0.0,0.0,0.0,0.0,0.0,0.04066092,0.0,0.25,0.064696535,14.0,2.7080503,2.108295,1.7510929,6.071429
NEG::random::0020,0,0.0,0.16666667,0.0,0.0,0.33333334,0.0,0.16666667,0.33333334,0.5,0.0,0.0,0.0,0.0,0.0,0.0,0.0,0.0,0.0,0.0,0.0,0.0,0.0,0.0,0.0,0.0,0.0,0.0,0.0,0.16666667,0.0,0.0,0.0,0.0,0.0,0.0,0.0,0.16666667,0.0,0.16666667,0.0,0.0,0.0,0.0,0.0,0.0,0.0,0.0,0.0,0.0,0.0,0.0,0.0,0.0,0.0,0.0,0.0,0.0,0.0,0.0,0.0,0.031976912,0.0,0.13636364,0.049442932,6.0,1.9459101,1.979205,3.4359214,8.166667
NEG::random::0021,0,0.0,0.11111111,0.0,0.0,0.2777778,0.22222222,0.44444445,0.16666667,0.3888889,0.055555556,0.055555556,0.0,0.055555556,0.0,0.0,0.0,0.11111111,0.055555556,0.055555556,0.0,0.0,0.0,0.055555556,0.0,0.0,0.0,0.0,0.0,0.055555556,0.0,0.0,0.0,0.0,0.0,0.0,0.0,0.0,0.0,0.0,0.0,0.0,0.055555556,0.0,0.0,0.0,0.0,0.0,0.0,0.0,0.0,0.0,0.0,0.0,0.0,0.0,0.0,0.055555556,0.0,0.0,0.0,0.0394935,0.0,0.30769232,0.057418156,18.0,2.944439,2.4409375,5.2692914,9.111111
NEG::random::0022,0,0.0,0.14285715,0.0,0.0,0.1904762,0.1904762,0.1904762,0.0952381,0.0952381,0.0,0.04761905,0.0,0.0,0.04761905,0.0952381,0.0952381,0.0,0.0,0.04761905,0.0,0.0952381,0.0,0.0,0.0,0.0,0.0,0.0,0.0,0.04761905,0.0,0.0,0.0,0.0,0.0,0.0,0.0,0.0,0.0,0.0,0.04761905,0.0,0.0,0.0,0.0,0.0,0.0,0.0,0.0,0.0,0.0,0.0,0.0,0.0,0.0,0.0,0.0,0.0,0.0,0.0,0.0,0.02462415,0.0,0.4,0.05312202,21.0,3.0910425,2.50577,4.1162252,7.095238
NEG::random::0023,0,0.0,0.0,0.0,0.0,0.25,0.33333334,0.25,0.16666667,0.16666667,0.0,0.083333336,0.0,0.0,0.0,0.0,0.083333336,0.083333336,0.083333336,0.0,0.0,0.0,0.0,0.0,0.0,0.0,0.0,0.0,0.0,0.083333336,0.0,0.0,0.0,0.0,0.0,0.0,0.0,0.0,0.0,0.0,0.083333336,0.0,0.0,0.0,0.0,0.0,0.0,0.0,0.0,0.0,0.0,0.0,0.0,0.0,0.0,0.0,0.0,0.0,0.0,0.0,0.0,0.029323658,0.0,0.3,0.057661694,12.0,2.5649493,2.2502608,3.3029869,6.4166665
NEG::random::0024,0,0.0,0.1904762,0.0,0.0,0.2857143,0.0952381,0.3809524,0.04761905,0.33333334,0.0,0.04761905,0.0,0.0,0.0,0.0,0.0,0.0,0.04761905,0.04761905,0.0,0.0,0.0,0.0,0.0,0.0,0.04761905,0.0,0.0,0.0,0.0,0.0,0.0,0.0,0.0,0.0,0.0,0.0,0.0,0.0,0.0,0.0,0.0,0.0,0.0,0.0,0.0,0.0,0.0,0.0,0.0,0.0,0.0,0.0,0.0,0.0,0.0,0.0,0.0,0.0,0.0,0.03594825,0.0,0.33333334,0.056198526,21.0,3.0910425,1.9676449,2.6168823,7.2380953
NEG::random::0025,0,0.0,0.04761905,0.0,0.0,0.33333334,0.0952381,0.33333334,0.14285715,0.23809524,0.04761905,0.0952381,0.0,0.0,0.0,0.0,0.0,0.0,0.0,0.0,0.0,0.0,0.0,0.0,0.0,0.0,0.0,0.0,0.0,0.0,0.0,0.0,0.0,0.0,0.0,0.0,0.0,0.04761905,0.0,0.0,0.04761905,0.0,0.0,0.0,0.0,0.0,0.0,0.0,0.0,0.0,0.0,0.0,0.0,0.0,0.0,0.0,0.0,0.0,0.0,0.0,0.0,0.02904481,0.0,0.16666667,0.04201116,21.0,3.0910425,2.022586,4.297339,7.904762
NEG::random::0026,0,0.11111111,0.0,0.0,0.0,0.22222222,0.33333334,0.11111111,0.0,0.22222222,0.0,0.0,0.0,0.0,0.0,0.0,0.0,0.0,0.11111111,0.0,0.0,0.0,0.11111111,0.11111111,0.0,0.0,0.11111111,0.0,0.0,0.0,0.0,0.0,0.0,0.0,0.0,0.0,0.0,0.0,0.0,0.0,0.0,0.0,0.0,0.0,0.0,0.0,0.0,0.0,0.0,0.0,0.0,0.0,0.0,0.0,0.0,0.0,0.0,0.0,0.0,0.0,0.0,0.016650002,0.0,0.11111111,0.032562632,9.0,2.3025851,2.098148,4.3574824,9.111111
NEG::random::0027,0,0.037037037,0.11111111,0.0,0.0,0.14814815,0.37037036,0.33333334,0.25925925,0.18518518,0.0,0.037037037,0.0,0.0,0.11111111,0.18518518,0.14814815,0.11111111,0.0,0.0,0.0,0.037037037,0.0,0.0,0.0,0.0,0.0,0.0,0.0,0.0,0.0,0.0,0.0,0.0,0.0,0.0,0.0,0.0,0.0,0.0,0.0,0.0,0.037037037,0.0,0.0,0.0,0.0,0.0,0.0,0.0,0.0,0.0,0.037037037,0.037037037,0.0,0.0,0.0,0.0,0.0,0.0,0.0,0.04205519,0.0,0.2857143,0.05638678,27.0,3.3322046,2.4928856,4.6107764,8.666667
NEG::random::0028,0,0.0,0.0,0.0,0.0,0.4,0.0,0.26666668,0.06666667,0.26666668,0.0,0.0,0.0,0.0,0.0,0.0,0.0,0.06666667,0.13333334,0.0,0.0,0.0,0.0,0.0,0.0,0.0,0.0,0.0,0.0,0.13333334,0.0,0.0,0.0,0.0,0.0,0.0,0.0,0.06666667,0.0,0.0,0.06666667,0.0,0.0,0.0,0.0,0.0,0.0,0.0,0.0,0.0,0.0,0.0,0.0,0.0,0.0,0.0,0.0,0.0,0.0,0.0,0.0,0.033044025,0.0,0.35,0.059840843,15.0,2.7725887,1.9722477,3.515047,6.6666665
NEG::random::0029,0,0.0,0.0,0.0,0.0,0.5,0.0,0.16666667,0.0,0.16666667,0.0,0.0,0.0,0.0,0.0,0.0,0.0,0.0,0.0,0.0,0.0,0.0,0.0,0.0,0.0,0.0,0.0,0.0,0.0,0.0,0.0,0.0,0.0,0.0,0.0,0.0,0.0,0.0,0.0,0.16666667,0.0,0.0,0.0,0.0,0.0,0.0,0.0,0.16666667,0.0,0.0,0.0,0.0,0.0,0.0,0.0,0.0,0.0,0.0,0.0,0.0,0.0,0.04,0.0,0.25,0.07291548,6.0,1.9459101,1.4750773,3.6968455,6.0
NEG::random::0030,0,0.0,0.375,0.0,0.0,0.375,0.125,0.1875,0.0625,0.1875,0.0,0.0,0.0,0.0,0.0,0.0625,0.0,0.125,0.0,0.125,0.0,0.0,0.0,0.0,0.0,0.0,0.0,0.0,0.0,0.0,0.0,0.0,0.0,0.0,0.0,0.0,0.0,0.0,0.0,0.0,0.0,0.0,0.0,0.0,0.0,0.0,0.0,0.0,0.0,0.0,0.0,0.0,0.0,0.0,0.0,0.0,0.0,0.0,0.0,0.0,0.0,0.044151206,0.0,0.46666667,0.068196,16.0,2.8332133,2.0176482,3.5438106,7.0625
NEG::random::0031,0,0.0,0.21428572,0.071428575,0.071428575,0.21428572,0.2857143,0.35714287,0.071428575,0.21428572,0.071428575,0.071428575,0.0,0.0,0.0,0.0,0.0,0.071428575,0.0,0.071428575,0.0,0.0,0.071428575,0.0,0.0,0.0,0.0,0.0,0.0,0.0,0.0,0.071428575,0.0,0.0,0.0,0.0,0.0,0.0,0.0,0.0,0.0,0.0,0.0,0.0,0.0,0.0,0.0,0.0,0.0,0.0,0.0,0.0,0.0,0.071428575,0.0,0.0,0.0,0.0,0.0,0.0,0.0,0.029802507,0.0,0.22222222,0.051555153,14.0,2.7080503,2.4936378,7.710647,9.785714
NEG::random::0032,0,0.04761905,0.0952381,0.0,0.0,0.33333334,0.1904762,0.42857143,0.04761905,0.1904762,0.0,0.0,0.0,0.04761905,0.04761905,0.04761905,0.0,0.0,0.0952381,0.0,0.04761905,0.0,0.0,0.0,0.0,0.0,0.0,0.0,0.0,0.04761905,0.0,0.0,0.0,0.0,0.0,0.0,0.0,0.0,0.0,0.0,0.0,0.0,0.0,0.0,0.0,0.0,0.0,0.0,0.0,0.0,0.0,0.0,0.0,0.0,0.0,0.0,0.0,0.0,0.0,0.0,0.0,0.03219577,0.0,0.25,0.053567618,21.0,3.0910425,2.205082,8.415513,8.476191
NEG::random::0033,0,0.04,0.12,0.0,0.0,0.2,0.2,0.48,0.12,0.2,0.0,0.0,0.0,0.0,0.0,0.0,0.0,0.04,0.08,0.04,0.0,0.0,0.0,0.0,0.0,0.0,0.0,0.04,0.0,0.04,0.0,0.0,0.0,0.0,0.0,0.0,0.0,0.0,0.0,0.0,0.04,0.0,0.0,0.0,0.0,0.0,0.0,0.0,0.0,0.0,0.0,0.0,0.0,0.0,0.0,0.0,0.0,0.0,0.0,0.0,0.0,0.037031,0.0,0.33333334,0.05806147,25.0,3.2580965,2.2028797,3.9751227,7.72
NEG::random::0034,0,0.0,0.0,0.0,0.0,0.0,0.0,0.4,0.2,0.0,0.0,0.2,0.0,0.0,0.0,0.0,0.0,0.0,0.0,0.0,0.0,0.0,0.0,0.0,0.0,0.0,0.0,0.0,0.0,0.0,0.0,0.0,0.0,0.0,0.0,0.0,0.0,0.0,0.0,0.0,0.2,0.0,0.0,0.0,0.0,0.0,0.0,0.0,0.0,0.0,0.0,0.0,0.0,0.0,0.0,0.0,0.0,0.0,0.0,0.0,0.0,0.043055557,0.0,0.125,0.053593837,5.0,1.7917595,1.3321801,1.7204651,6.2
NEG::random::0035,0,0.0,0.08695652,0.0,0.0,0.39130434,0.13043478,0.2173913,0.2173913,0.08695652,0.04347826,0.04347826,0.0,0.04347826,0.08695652,0.08695652,0.04347826,0.04347826,0.04347826,0.0,0.04347826,0.04347826,0.0,0.0,0.0,0.0,0.0,0.0,0.0,0.08695652,0.0,0.0,0.0,0.0,0.0,0.0,0.0,0.0,0.0,0.0,0.04347826,0.0,0.0,0.0,0.0,0.0,0.0,0.0,0.0,0.0,0.0,0.0,0.0,0.0,0.0,0.0,0.0,0.0,0.0,0.0,0.0,0.025165454,0.0,0.33333334,0.052602015,23.0,3.1780539,2.5892625,4.4322243,7.0869565
NEG::random::0036,0,0.125,0.125,0.0625,0.0625,0.375,0.125,0.3125,0.125,0.1875,0.0,0.125,0.0,0.0,0.0,0.0,0.0,0.0625,0.0,0.0,0.0,0.0,0.0625,0.0,0.0,0.0,0.0,0.0,0.0,0.0,0.0,0.0,0.0,0.0,0.0,0.0,0.0,0.0,0.0,0.0,0.0,0.0,0.0,0.0,0.0,0.0,0.0,0.0,0.0,0.0,0.0,0.0,0.0,0.0,0.0,0.0,0.0,0.0,0.0,0.0,0.0,0.03211782,0.0,0.13333334,0.039743666,16.0,2.8332133,2.295596,4.558217,9.8125
NEG::random::0037,0,0.07692308,0.115384616,0.0,0.0,0.30769232,0.26923078,0.15384616,0.1923077,0.07692308,0.0,0.03846154,0.0,0.0,0.07692308,0.07692308,0.07692308,0.07692308,0.03846154,0.03846154,0.0,0.0,0.0,0.03846154,0.03846154,0.0,0.03846154,0.03846154,0.0,0.07692308,0.0,0.0,0.0,0.0,0.0,0.0,0.0,0.0,0.0,0.0,0.0,0.0,0.0,0.0,0.0,0.0,0.0,0.0,0.0,0.0,0.0,0.0,0.0,0.0,0.0,0.0,0.0,0.0,0.0,0.0,0.0,0.033958998,0.0,0.2,0.04286819,26.0,3.295837,2.6868439,4.57369,8.346154
NEG::random::0038,0,0.0,0.15789473,0.0,0.0,0.2631579,0.15789473,0.42105263,0.05263158,0.36842105,0.0,0.0,0.05263158,0.0,0.05263158,0.05263158,0.05263158,0.10526316,0.0,0.05263158,0.0,0.0,0.0,0.0,0.0,0.0,0.0,0.0,0.0,0.05263158,0.0,0.0,0.0,0.0,0.0,0.0,0.0,0.0,0.0,0.0,0.0,0.0,0.0,0.0,0.0,0.0,0.0,0.0,0.0,0.0,0.0,0.0,0.0,0.0,0.0,0.0,0.0,0.0,0.0,0.0,0.0,0.04672444,0.0,0.33333334,0.057328906,19.0,2.9957323,2.233004,3.0878189,7.2105265
NEG::random::0039,0,0.0,0.21052632,0.0,0.05263158,0.21052632,0.21052632,0.2631579,0.10526316,0.05263158,0.05263158,0.0,0.0,0.0,0.05263158,0.05263158,0.05263158,0.0,0.10526316,0.05263158,0.0,0.0,0.0,0.05263158,0.0,0.0,0.0,0.0,0.0,0.05263158,0.05263158,0.0,0.0,0.0,0.0,0.0,0.0,0.0,0.0,0.0,0.0,0.0,0.0,0.0,0.0,0.0,0.0,0.05263158,0.0,0.0,0.0,0.0,0.0,0.0,0.0,0.0,0.05263158,0.0,0.0,0.0,0.0,0.025232237,0.0,0.25,0.05088782,19.0,2.9957323,2.6645288,4.7467732,7.3157897
NEG::random::0040,0,0.1,0.1,0.0,0.0,0.1,0.2,0.5,0.1,0.2,0.0,0.0,0.0,0.1,0.0,0.0,0.0,0.1,0.0,0.0,0.0,0.0,0.0,0.0,0.0,0.0,0.0,0.0,0.0,0.0,0.0,0.0,0.0,0.0,0.0,0.0,0.0,0.0,0.0,0.0,0.0,0.0,0.0,0.0,0.0,0.0,0.0,0.0,0.0,0.0,0.0,0.0,0.0,0.0,0.0,0.0,0.0,0.0,0.0,0.0,0.0,0.04141263,0.0,0.22222222,0.057081755,10.0,2.3978953,1.9867324,2.6095977,6.3
NEG::random::0041,0,0.0,0.0,0.0,0.0,0.3125,0.1875,0.1875,0.0,0.125,0.0,0.0,0.0,0.0625,0.0,0.0,0.0,0.125,0.0,0.0,0.0,0.0,0.0,0.0625,0.0625,0.0,0.0,0.0,0.0,0.0,0.0,0.0,0.0,0.0,0.0,0.0,0.0,0.0,0.0,0.0,0.0,0.0,0.0,0.0,0.0,0.0,0.0,0.0,0.0,0.0,0.0,0.0,0.0,0.0,0.0,0.0,0.0,0.0,0.0,0.0,0.0,0.03274209,0.0,0.33333334,0.057090033,16.0,2.8332133,1.9230698,3.1218734,6.5625
NEG::random::0042,0,0.07692308,0.07692308,0.07692308,0.07692308,0.30769232,0.23076923,0.30769232,0.15384616,0.07692308,0.0,0.0,0.0,0.0,0.0,0.0,0.0,0.0,0.0,0.0,0.0,0.0,0.0,0.0,0.0,0.07692308,0.0,0.07692308,0.0,0.07692308,0.0,0.0,0.0,0.0,0.0,0.0,0.0,0.0,0.0,0.0,0.0,0.0,0.0,0.0,0.0,0.0,0.0,0.0,0.0,0.0,0.0,0.0,0.0,0.0,0.0,0.0,0.0,0.0,0.0,0.0,0.0,0.030779565,0.0,0.3888889,0.054429505,13.0,2.6390574,2.2934523,6.071565,9.461538
NEG::random::0043,0,0.0,0.05882353,0.0,0.0,0.23529412,0.1764706,0.47058824,0.0,0.29411766,0.05882353,0.0,0.0,0.0,0.0,0.0,0.0,0.0,0.05882353,0.0,0.0,0.0,0.0,0.0,0.0,0.0,0.0,0.0,0.0,0.0,0.0,0.0,0.0,0.0,0.0,0.0,0.0,0.0,0.0,0.0,0.05882353,0.0,0.0,0.0,0.0,0.0,0.0,0.0,0.0,0.0,0.0,0.0,0.0,0.05882353,0.0,0.0,0.0,0.0,0.0,0.0,0.0,0.039096303,0.0,0.2,0.058727454,17.0,2.8903718,1.8779271,4.961443,7.8235292
NEG::random::0044,0,0.0,0.04347826,0.0,0.0,0.39130434,0.3043478,0.4347826,0.08695652,0.26086956,0.0,0.08695652,0.0,0.0,0.0,0.0,0.0,0.0,0.04347826,0.0,0.0,0.13043478,0.0,0.0,0.0,0.0,0.0,0.0,0.0,0.0,0.0,0.0,0.0,0.04347826,0.0,0.04347826,0.0,0.0,0.0,0.0,0.0,0.0,0.0,0.0,0.0,0.0,0.0,0.0,0.0,0.0,0.0,0.0,0.0,0.0,0.0,0.0,0.0,0.0,0.0,0.0,0.0,0.041926976,0.0,0.25,0.047444183,23.0,3.1780539,2.0579164,5.6791997,9.913043
NEG::random::0045,0,0.0,0.0,0.0,0.0,0.33333334,0.25,0.33333334,0.0,0.33333334,0.0,0.0,0.0,0.0,0.0,0.0,0.0,0.0,0.0,0.0,0.0,0.0,0.083333336,0.0,0.0,0.0,0.083333336,0.0,0.0,0.0,0.0,0.0,0.0,0.0,0.0,0.0,0.0,0.0,0.0,0.0,0.0,0.0,0.0,0.0,0.0,0.0,0.0,0.0,0.0,0.0,0.0,0.0,0.0,0.0,0.0,0.0,0.0,0.0,0.0,0.0,0.0,0.0604492,0.0,0.27272728,0.066013955,12.0,2.5649493,1.6607807,3.6362374,8.333333
NEG::random::0046,0,0.0,0.07692308,0.0,0.0,0.30769232,0.26923078,0.3846154,0.15384616,0.1923077,0.0,0.07692308,0.0,0.0,0.03846154,0.03846154,0.03846154,0.115384616,0.0,0.0,0.0,0.0,0.0,0.0,0.0,0.0,0.115384616,0.03846154,0.0,0.03846154,0.0,0.0,0.03846154,0.0,0.0,0.0,0.0,0.0,0.0,0.0,0.0,0.0,0.0,0.0,0.0,0.0,0.03846154,0.0,0.0,0.0,0.0,0.0,0.0,0.0,0.0,0.0,0.0,0.0,0.0,0.0,0.0,0.043987356,0.0,0.3125,0.06265063,26.0,3.295837,2.4369361,3.0790858,7.5
NEG::random::0047,0,0.0,0.15,0.0,0.05,0.15,0.3,0.15,0.15,0.25,0.0,0.0,0.0,0.0,0.05,0.05,0.05,0.0,0.05,0.0,0.05,0.05,0.05,0.05,0.05,0.0,0.0,0.0,0.0,0.0,0.0,0.0,0.0,0.0,0.0,0.0,0.0,0.0,0.0,0.0,0.05,0.0,0.0,0.0,0.0,0.0,0.0,0.0,0.0,0.0,0.0,0.0,0.0,0.0,0.0,0.05,0.0,0.0,0.0,0.0,0.0,0.048354827,0.0,0.33333334,0.07057019,20.0,3.0445225,2.641603,4.3735,8.15
NEG::random::0048,0,0.09090909,0.09090909,0.0,0.0,0.09090909,0.0,0.09090909,0.09090909,0.09090909,0.0,0.09090909,0.0,0.0,0.0,0.0,0.0,0.09090909,0.09090909,0.0,0.0,0.0,0.0,0.0,0.0,0.0,0.0,0.0,0.0,0.09090909,0.0,0.0,0.0,0.0,0.0,0.0,0.0,0.0,0.0,0.0,0.0,0.0,0.0,0.0,0.0,0.0,0.0,0.0,0.0,0.0,0.0,0.0,0.0,0.0,0.0,0.0,0.0,0.0,0.0,0.0,0.0,0.02265709,0.0,0.2,0.04752577,11.0,2.4849067,2.302586,1.4316378,5.6363635
NEG::random::0049,0,0.0,0.0,0.0,0.0,0.09090909,0.18181819,0.45454547,0.18181819,0.18181819,0.0,0.09090909,0.0,0.0,0.0,0.0,0.0,0.18181819,0.18181819,0.0,0.0,0.0,0.0,0.09090909,0.09090909,0.0,0.0,0.09090909,0.0,0.0,0.0,0.0,0.0,0.0,0.0,0.0,0.0,0.0,0.0,0.0,0.0,0.0,0.0,0.0,0.0,0.0,0.0,0.0,0.0,0.0,0.0,0.0,0.0,0.0,0.0,0.0,0.0,0.0,0.0,0.0,0.0,0.031627025,0.0,0.16666667,0.05021679,11.0,2.4849067,2.2467997,2.6379306,5.6363635
NEG::random::0050,0,0.0,0.16666667,0.0,0.0,0.16666667,0.16666667,0.5,0.16666667,0.5,0.0,0.0,0.0,0.0,0.0,0.0,0.0,0.0,0.16666667,0.16666667,0.0,0.0,0.0,0.0,0.0,0.0,0.0,0.0,0.0,0.0,0.0,0.0,0.0,0.0,0.0,0.0,0.0,0.0,0.0,0.0,0.0,0.0,0.0,0.0,0.0,0.0,0.0,0.0,0.0,0.0,0.0,0.0,0.0,0.0,0.0,0.0,0.0,0.0,0.0,0.0,0.0,0.032263108,0.0,0.14285715,0.052504357,6.0,1.9459101,1.935601,5.1126204,9.166667
NEG::random::0051,0,0.05,0.25,0.0,0.0,0.25,0.0,0.4,0.0,0.1,0.0,0.0,0.0,0.0,0.0,0.0,0.0,0.0,0.0,0.05,0.0,0.0,0.0,0.0,0.0,0.0,0.0,0.0,0.0,0.05,0.0,0.0,0.0,0.0,0.0,0.0,0.0,0.0,0.0,0.0,0.0,0.05,0.0,0.0,0.0,0.0,0.0,0.0,0.0,0.0,0.0,0.0,0.0,0.0,0.0,0.0,0.0,0.0,0.0,0.0,0.0,0.04070337,0.0,0.2857143,0.05929047,20.0,3.0445225,1.7565461,3.3852623,6.2
NEG::random::0052,0,0.0,0.1904762,0.0,0.04761905,0.23809524,0.42857143,0.33333334,0.0,0.23809524,0.0,0.0,0.0,0.0,0.0,0.0,0.0,0.0,0.0952381,0.0,0.0,0.0,0.04761905,0.04761905,0.04761905,0.0,0.0,0.0,0.0,0.0,0.0,0.0,0.0,0.0,0.0,0.0,0.0,0.04761905,0.0,0.0,0.04761905,0.0,0.0,0.0,0.0,0.0,0.0,0.0,0.0,0.04761905,0.0,0.0,0.0,0.0,0.0,0.0,0.0,0.0,0.0,0.0,0.0,0.050613303,0.0,0.23809524,0.052174244,21.0,3.0910425,2.216838,4.0896974,8.190476
NEG::random::0053,0,0.10714286,0.21428572,0.071428575,0.071428575,0.35714287,0.17857143,0.32142857,0.17857143,0.32142857,0.071428575,0.035714287,0.0,0.0,0.035714287,0.035714287,0.035714287,0.0,0.0,0.035714287,0.0,0.0,0.035714287,0.0,0.0,0.035714287,0.0,0.0,0.0,0.0,0.0,0.0,0.0,0.0,0.0,0.0,0.0,0.0,0.0,0.0,0.035714287,0.0,0.0,0.0,0.0,0.0,0.035714287,0.035714287,0.0,0.0,0.0,0.0,0.0,0.0,0.0,0.0,0.0,0.0,0.0,0.0,0.0,0.042601895,0.0,0.36363637,0.059699036,28.0,3.3672957,2.605428,3.660845,8.25
NEG::random::0054,0,0.05263158,0.2631579,0.10526316,0.10526316,0.21052632,0.31578946,0.21052632,0.10526316,0.21052632,0.0,0.0,0.05263158,0.0,0.05263158,0.10526316,0.05263158,0.0,0.0,0.0,0.0,0.0,0.0,0.0,0.0,0.10526316,0.05263158,0.0,0.0,0.05263158,0.0,0.0,0.0,0.0,0.0,0.0,0.0,0.05263158,0.0,0.0,0.0,0.0,0.0,0.0,0.0,0.0,0.0,0.0,0.0,0.05263158,0.0,0.0,0.0,0.0,0.0,0.0,0.0,0.0,0.0,0.0,0.0,0.032663975,0.0,0.25,0.045611046,19.0,2.9957323,2.680286,7.0561657,11.0
NEG::random::0055,0,0.0,0.0952381,0.0,0.0,0.23809524,0.04761905,0.47619048,0.0952381,0.1904762,0.04761905,0.0,0.0,0.0,0.0,0.04761905,0.04761905,0.04761905,0.04761905,0.0,0.0,0.04761905,0.04761905,0.0,0.0,0.0,0.0,0.04761905,0.0,0.0,0.04761905,0.0,0.0,0.0,0.0,0.0,0.0,0.0,0.0,0.0,0.04761905,0.0,0.0,0.0,0.0,0.0,0.0952381,0.0,0.0,0.0,0.0,0.0,0.0,0.0,0.0,0.0,0.0,0.0,0.0,0.0,0.0,0.027854232,0.0,0.13636364,0.0408863,21.0,3.0910425,2.450822,4.069688,7.2380953
NEG::random::0056,0,0.04347826,0.17391305,0.0,0.0,0.3043478,0.13043478,0.2173913,0.08695652,0.2173913,0.0,0.0,0.0,0.0,0.0,0.0,0.0,0.13043478,0.04347826,0.08695652,0.0,0.0,0.04347826,0.04347826,0.04347826,0.0,0.0,0.0,0.0,0.04347826,0.0,0.0,0.04347826,0.0,0.0,0.0,0.0,0.0,0.0,0.0,0.04347826,0.0,0.0,0.0,0.0,0.0,0.0,0.0,0.0,0.0,0.0,0.0,0.0,0.0,0.0,0.0,0.0,0.0,0.0,0.0,0.0,0.030009165,0.0,0.22222222,0.057300195,23.0,3.1780539,2.5193264,4.395822,7.7391305
NEG::random::0057,0,0.25,0.0,0.0,0.0,0.5,0.0,0.25,0.125,0.125,0.0,0.125,0.0,0.0,0.0,0.0,0.0,0.0,0.0,0.0,0.0,0.0,0.0,0.0,0.0,0.0,0.0,0.0,0.0,0.0,0.0,0.0,0.0,0.0,0.0,0.0,0.0,0.0,0.0,0.0,0.0,0.0,0.0,0.0,0.0,0.0,0.0,0.0,0.0,0.0,0.0,0.0,0.0,0.0,0.0,0.0,0.0,0.0,0.0,0.125,0.0,0.031391278,0.0,0.125,0.04281839,8.0,2.1972246,1.7917602,4.1363482,8.125
NEG::random::0058,0,0.125,0.125,0.0,0.0,0.25,0.125,0.25,0.25,0.25,0.0,0.125,0.0,0.0,0.0,0.0,0.0,0.25,0.25,0.125,0.0,0.0,0.0,0.0,0.0,0.0,0.0,0.0,0.0,0.0,0.0,0.0,0.0,0.0,0.0,0.0,0.0,0.0,0.0,0.0,0.0,0.0,0.0,0.0,0.0,0.0,0.0,0.0,0.0,0.0,0.0,0.0,0.0,0.0,0.0,0.0,0.0,0.0,0.0,0.0,0.0,0.028081309,0.0,0.18181819,0.052340273,8.0,2.1972246,2.3439333,2.4206145,6.875
NEG::random::0059,0,0.03846154,0.0,0.03846154,0.07692308,0.34615386,0.30769232,0.26923078,0.0,0.26923078,0.0,0.03846154,0.0,0.0,0.0,0.0,0.0,0.07692308,0.07692308,0.0,0.0,0.0,0.0,0.03846154,0.0,0.0,0.07692308,0.0,0.0,0.07692308,0.0,0.0,0.0,0.03846154,0.0,0.03846154,0.0,0.0,0.0,0.0,0.0,0.0,0.0,0.0,0.0,0.0,0.0,0.0,0.0,0.0,0.0,0.0,0.0,0.0,0.0,0.0,0.0,0.0,0.0,0.0,0.0,0.037801407,0.0,0.2,0.050376173,26.0,3.295837,2.3483446,4.2809954,7.5
NEG::random::0060,0,0.0,0.0,0.0,0.0,0.6,0.0,0.6,0.0,0.4,0.0,0.0,0.0,0.0,0.0,0.0,0.0,0.0,0.0,0.0,0.0,0.2,0.0,0.0,0.0,0.0,0.0,0.0,0.0,0.0,0.0,0.0,0.0,0.0,0.0,0.0,0.0,0.0,0.0,0.0,0.0,0.2,0.0,0.0,0.0,0.0,0.0,0.0,0.0,0.0,0.0,0.0,0.0,0.0,0.0,0.0,0.0,0.0,0.0,0.0,0.0,0.06905844,0.0,0.18181819,0.057655167,5.0,1.7917595,1.5047889,2.1540658,6.6
NEG::random::0061,0,0.055555556,0.055555556,0.0,0.0,0.33333334,0.16666667,0.5,0.055555556,0.22222222,0.0,0.11111111,0.0,0.0,0.055555556,0.055555556,0.055555556,0.0,0.0,0.0,0.0,0.0,0.0,0.0,0.0,0.0,0.0,0.0,0.0,0.0,0.0,0.0,0.0,0.0,0.0,0.0,0.0,0.0,0.0,0.0,0.0,0.0,0.0,0.0,0.0,0.0,0.0,0.0,0.0,0.0,0.0,0.0,0.0,0.0,0.0,0.0,0.0,0.0,0.0,0.0,0.0,0.03990628,0.0,0.5,0.06470917,18.0,2.944439,2.0427685,4.1249766,8.388889
NEG::random::0062,0,0.06666667,0.06666667,0.0,0.0,0.26666668,0.13333334,0.4,0.13333334,0.26666668,0.0,0.0,0.0,0.0,0.0,0.0,0.0,0.0,0.06666667,0.0,0.0,0.06666667,0.06666667,0.0,0.0,0.0,0.0,0.0,0.0,0.06666667,0.0,0.0,0.0,0.06666667,0.0,0.0,0.0,0.0,0.0,0.0,0.0,0.0,0.0,0.0,0.0,0.0,0.0,0.0,0.0,0.0,0.0,0.0,0.0,0.0,0.0,0.0,0.0,0.0,0.0,0.0,0.0,0.049216837,0.0,0.5,0.06816678,15.0,2.7725887,2.2343364,6.2275376,8.533334
NEG::random::0063,0,0.05,0.1,0.05,0.05,0.15,0.1,0.2,0.0,0.25,0.0,0.05,0.0,0.0,0.0,0.0,0.0,0.05,0.05,0.0,0.0,0.0,0.0,0.0,0.0,0.0,0.0,0.0,0.0,0.1,0.0,0.0,0.0,0.0,0.0,0.0,0.0,0.0,0.0,0.0,0.0,0.0,0.0,0.0,0.05,0.0,0.0,0.0,0.0,0.0,0.0,0.0,0.0,0.0,0.0,0.0,0.0,0.0,0.0,0.0,0.0,0.029489664,0.0,0.2,0.05036796,20.0,3.0445225,2.3769932,2.850877,6.15
NEG::random::0064,0,0.0,0.05,0.05,0.05,0.2,0.25,0.25,0.15,0.2,0.0,0.05,0.0,0.05,0.05,0.05,0.0,0.05,0.05,0.0,0.0,0.05,0.0,0.0,0.0,0.0,0.0,0.0,0.0,0.0,0.0,0.0,0.0,0.0,0.0,0.0,0.0,0.0,0.0,0.0,0.05,0.05,0.0,0.0,0.0,0.0,0.0,0.0,0.0,0.0,0.0,0.0,0.0,0.0,0.0,0.0,0.0,0.0,0.0,0.0,0.0,0.028657233,0.0,0.23076923,0.049764104,20.0,3.0445225,2.5728545,3.5394208,7.35
NEG::random::0065,0,0.0,0.04,0.0,0.04,0.28,0.16,0.36,0.0,0.2,0.0,0.08,0.0,0.0,0.0,0.0,0.0,0.08,0.0,0.08,0.0,0.0,0.0,0.0,0.0,0.0,0.04,0.0,0.0,0.08,0.0,0.0,0.0,0.0,0.0,0.0,0.0,0.0,0.0,0.0,0.0,0.0,0.0,0.0,0.0,0.0,0.0,0.0,0.0,0.0,0.0,0.0,0.0,0.0,0.0,0.0,0.0,0.0,0.0,0.0,0.0,0.035840236,0.0,0.2,0.048647363,25.0,3.2580965,2.1242435,2.8660774,6.84
NEG::random::0066,0,0.0,0.1,0.1,0.0,0.2,0.4,0.5,0.2,0.4,0.0,0.1,0.0,0.0,0.0,0.0,0.0,0.0,0.1,0.0,0.0,0.0,0.0,0.0,0.0,0.0,0.1,0.1,0.0,0.0,0.0,0.0,0.0,0.0,0.0,0.0,0.0,0.0,0.0,0.0,0.1,0.0,0.0,0.0,0.0,0.0,0.0,0.0,0.0,0.0,0.0,0.0,0.0,0.0,0.0,0.0,0.0,0.0,0.0,0.0,0.0,0.046556097,0.0,0.26666668,0.061806217,10.0,2.3978953,2.265132,2.5377154,7.6
NEG::random::0067,0,0.14285715,0.14285715,0.0,0.14285715,0.14285715,0.14285715,0.2857143,0.0,0.42857143,0.0,0.0,0.0,0.0,0.0,0.0,0.0,0.14285715,0.0,0.0,0.0,0.0,0.0,0.0,0.0,0.0,0.0,0.0,0.0,0.14285715,0.0,0.0,0.14285715,0.0,0.0,0.0,0.0,0.0,0.14285715,0.0,0.0,0.0,0.0,0.0,0.0,0.0,0.0,0.0,0.0,0.0,0.0,0.0,0.0,0.0,0.0,0.0,0.0,0.0,0.0,0.0,0.0,0.053180527,0.0,0.22222222,0.06132832,7.0,2.0794415,2.3046198,6.207303,9.428572
NEG::random::0068,0,0.0,0.42857143,0.0,0.0,0.14285715,0.14285715,0.14285715,0.42857143,0.14285715,0.14285715,0.0,0.0,0.0,0.14285715,0.14285715,0.14285715,0.2857143,0.14285715,0.0,0.0,0.0,0.0,0.0,0.0,0.0,0.0,0.0,0.0,0.0,0.0,0.0,0.0,0.0,0.0,0.0,0.0,0.0,0.0,0.0,0.0,0.0,0.0,0.0,0.0,0.0,0.0,0.0,0.0,0.0,0.0,0.0,0.0,0.0,0.0,0.0,0.14285715,0.0,0.0,0.0,0.0,0.035422795,0.0,0.23076923,0.05504817,7.0,2.0794415,2.4471517,3.1167748,8.0
NEG::random::0069,0,0.0,0.0,0.0,0.0,0.23076923,0.15384616,0.30769232,0.0,0.23076923,0.0,0.07692308,0.0,0.0,0.0,0.0,0.0,0.15384616,0.07692308,0.0,0.0,0.0,0.0,0.07692308,0.07692308,0.0,0.15384616,0.0,0.0,0.0,0.0,0.0,0.0,0.0,0.0,0.07692308,0.0,0.0,0.0,0.0,0.0,0.0,0.0,0.0,0.0,0.0,0.0,0.0,0.0,0.0,0.0,0.0,0.0,0.0,0.0,0.0,0.07692308,0.0,0.0,0.0,0.0,0.03776363,0.0,0.33333334,0.064876355,13.0,2.6390574,2.3503277,3.5767162,7.230769
NEG::random::0070,0,0.0,0.1,0.0,0.0,0.5,0.0,0.1,0.0,0.2,0.0,0.0,0.0,0.0,0.0,0.0,0.0,0.0,0.1,0.0,0.0,0.0,0.0,0.0,0.0,0.0,0.0,0.0,0.0,0.1,0.0,0.0,0.0,0.0,0.0,0.0,0.0,0.1,0.0,0.0,0.1,0.0,0.0,0.0,0.0,0.0,0.0,0.0,0.0,0.0,0.0,0.0,0.0,0.0,0.0,0.0,0.0,0.0,0.0,0.0,0.0,0.040397257,0.0,0.22222222,0.058420952,10.0,2.3978953,1.8392975,3.3896902,5.9
NEG::random::0071,0,0.14285715,0.0,0.0,0.0,0.2857143,0.42857143,0.42857143,0.14285715,0.0,0.0,0.14285715,0.0,0.0,0.0,0.0,0.0,0.14285715,0.0,0.0,0.0,0.0,0.0,0.0,0.0,0.0,0.0,0.0,0.0,0.0,0.0,0.0,0.0,0.0,0.0,0.0,0.14285715,0.0,0.0,0.0,0.0,0.0,0.0,0.0,0.0,0.0,0.0,0.0,0.0,0.0,0.0,0.0,0.0,0.0,0.0,0.0,0.0,0.0,0.0,0.0,0.0,0.07070432,0.0,0.4,0.089148335,7.0,2.0794415,1.9512601,3.907084,7.142857
NEG::random::0072,0,0.0,0.3,0.0,0.0,0.35,0.15,0.25,0.15,0.2,0.05,0.0,0.0,0.0,0.1,0.1,0.1,0.0,0.05,0.05,0.0,0.0,0.0,0.0,0.0,0.0,0.0,0.0,0.0,0.1,0.0,0.0,0.0,0.05,0.0,0.05,0.0,0.0,0.0,0.0,0.05,0.0,0.05,0.0,0.0,0.0,0.05,0.0,0.0,0.0,0.0,0.0,0.0,0.0,0.0,0.0,0.0,0.05,0.0,0.05,0.0,0.04290136,0.0,0.33333334,0.063079126,20.0,3.0445225,2.7394865,3.207803,7.9
NEG::random::0073,0,0.0,0.083333336,0.0,0.0,0.33333334,0.20833333,0.29166666,0.041666668,0.16666667,0.0,0.0,0.0,0.0,0.0,0.0,0.0,0.083333336,0.083333336,0.0,0.0,0.0,0.0,0.0,0.0,0.0,0.0,0.0,0.0,0.0,0.0,0.0,0.041666668,0.0,0.0,0.0,0.0,0.0,0.0,0.0,0.041666668,0.0,0.0,0.0,0.0,0.0,0.0,0.0,0.0,0.0,0.0,0.0,0.0,0.0,0.0,0.0,0.0,0.0,0.0,0.0,0.0,0.031780683,0.0,0.22222222,0.047922537,24.0,3.218876,2.0417159,3.9578948,7.2083335
NEG::random::0074,0,0.0,0.33333334,0.33333334,0.0,0.33333334,0.33333334,0.33333334,0.0,0.0,0.0,0.0,0.33333334,0.0,0.0,0.0,0.0,0.0,0.0,0.0,0.0,0.0,0.0,0.0,0.0,0.0,0.0,0.0,0.0,0.0,0.0,0.0,0.0,0.0,0.0,0.0,0.0,0.0,0.0,0.0,0.0,0.0,0.0,0.0,0.0,0.0,0.0,0.0,0.0,0.0,0.0,0.0,0.0,0.0,0.0,0.0,0.0,0.0,0.0,0.0,0.0,0.016666668,0.0,0.05,0.023570227,3.0,1.3862944,1.79176,4.189935,8.333333
NEG::random::0075,0,0.1764706,0.11764706,0.0,0.0,0.3529412,0.23529412,0.4117647,0.1764706,0.1764706,0.05882353,0.0,0.0,0.0,0.0,0.0,0.0,0.1764706,0.05882353,0.0,0.0,0.0,0.0,0.0,0.0,0.0,0.0,0.0,0.0,0.05882353,0.0,0.0,0.0,0.0,0.0,0.0,0.0,0.0,0.0,0.0,0.0,0.0,0.0,0.0,0.0,0.0,0.0,0.0,0.0,0.0,0.0,0.0,0.0,0.0,0.0,0.0,0.0,0.0,0.0,0.0,0.0,0.043493297,0.0,0.5,0.07138848,17.0,2.8903718,2.2179272,4.25567,7.647059
NEG::random::0076,0,0.0,0.0,0.0,0.0,0.41666666,0.5,0.41666666,0.16666667,0.41666666,0.0,0.083333336,0.0,0.083333336,0.083333336,0.083333336,0.083333336,0.083333336,0.0,0.0,0.083333336,0.083333336,0.0,0.0,0.0,0.0,0.0,0.0,0.0,0.0,0.0,0.0,0.0,0.0,0.0,0.0,0.0,0.0,0.0,0.0,0.0,0.0,0.0,0.0,0.0,0.0,0.0,0.0,0.0,0.0,0.0,0.0,0.0,0.0,0.0,0.0,0.0,0.0,0.0,0.0,0.0,0.05032069,0.0,0.21428572,0.05405788,12.0,2.5649493,2.263716,3.328121,8.083333
NEG::random::0077,0,0.045454547,0.22727273,0.0,0.0,0.27272728,0.045454547,0.36363637,0.13636364,0.13636364,0.045454547,0.0,0.0,0.045454547,0.0,0.0,0.0,0.0,0.09090909,0.0,0.0,0.0,0.0,0.0,0.0,0.0,0.0,0.045454547,0.0,0.09090909,0.0,0.0,0.0,0.0,0.0,0.0,0.0,0.0,0.0,0.0,0.045454547,0.0,0.0,0.0,0.0,0.0,0.0,0.0,0.0,0.0,0.0,0.0,0.0,0.0,0.0,0.0,0.0,0.0,0.0,0.0,0.0,0.02309614,0.0,0.16666667,0.04318275,22.0,3.1354942,2.275419,3.4691677,7.318182
NEG::random::0078,0,0.13333334,0.13333334,0.06666667,0.06666667,0.33333334,0.4,0.33333334,0.06666667,0.13333334,0.0,0.0,0.06666667,0.0,0.06666667,0.06666667,0.06666667,0.06666667,0.0,0.0,0.0,0.0,0.06666667,0.0,0.0,0.0,0.0,0.0,0.0,0.2,0.0,0.0,0.0,0.0,0.0,0.0,0.0,0.0,0.0,0.0,0.0,0.0,0.0,0.0,0.0,0.0,0.0,0.0,0.0,0.0,0.0,0.0,0.0,0.0,0.0,0.0,0.0,0.0,0.0,0.0,0.0,0.0293511,0.0,0.25,0.042630836,15.0,2.7725887,2.5175476,6.0604362,10.266666
NEG::random::0079,0,0.04761905,0.1904762,0.0,0.0,0.33333334,0.2857143,0.23809524,0.0952381,0.1904762,0.0,0.04761905,0.0,0.0,0.0,0.04761905,0.0,0.04761905,0.04761905,0.0,0.0,0.0,0.0952381,0.04761905,0.0,0.0,0.04761905,0.0,0.0,0.04761905,0.04761905,0.0,0.0,0.0,0.0,0.0,0.0,0.0,0.0,0.0,0.0,0.0,0.0,0.0,0.0,0.0,0.0,0.0,0.0,0.0,0.0,0.0,0.0,0.0,0.0,0.0,0.0,0.0,0.0,0.0,0.0,0.026820624,0.0,0.18181819,0.045030992,21.0,3.0910425,2.4768426,2.8050811,7.5238094
NEG::random::0080,0,0.0,0.33333334,0.0,0.0,0.33333334,0.41666666,0.5,0.0,0.25,0.0,0.0,0.083333336,0.0,0.0,0.0,0.0,0.083333336,0.0,0.083333336,0.0,0.0,0.0,0.083333336,0.0,0.0,0.083333336,0.0,0.0,0.16666667,0.0,0.0,0.0,0.0,0.0,0.0,0.0,0.0,0.0,0.0,0.0,0.0,0.0,0.0,0.0,0.0,0.0,0.0,0.0,0.0,0.0,0.0,0.0,0.0,0.0,0.0,0.0,0.0,0.0,0.0,0.0,0.04938815,0.0,0.25,0.05311537,12.0,2.5649493,2.1752193,4.8961434,11.166667
NEG::random::0081,0,0.074074075,0.14814815,0.0,0.037037037,0.22222222,0.14814815,0.2962963,0.11111111,0.074074075,0.037037037,0.0,0.0,0.0,0.037037037,0.037037037,0.037037037,0.0,0.074074075,0.074074075,0.0,0.0,0.0,0.0,0.0,0.0,0.0,0.0,0.0,0.037037037,0.0,0.0,0.037037037,0.0,0.0,0.0,0.0,0.0,0.037037037,0.0,0.0,0.0,0.0,0.0,0.0,0.0,0.0,0.0,0.0,0.0,0.0,0.0,0.0,0.0,0.0,0.0,0.0,0.0,0.0,0.0,0.0,0.030190222,0.0,0.8,0.08811469,27.0,3.3322046,2.5594883,4.931075,7.5925927
NEG::random::0082,0,0.18181819,0.18181819,0.0,0.0,0.18181819,0.27272728,0.09090909,0.0,0.27272728,0.0,0.0,0.0,0.0,0.0,0.0,0.0,0.0,0.0,0.0,0.0,0.0,0.0,0.0,0.0,0.0,0.0,0.0,0.0,0.09090909,0.0,0.0,0.0,0.0,0.0,0.0,0.0,0.0,0.0,0.0,0.0,0.0,0.0,0.0,0.0,0.09090909,0.0,0.0,0.0,0.0,0.0,0.0,0.0,0.0,0.0,0.0,0.0,0.0,0.0,0.0,0.0,0.018169673,0.0,0.125,0.035173617,11.0,2.4849067,1.9913472,2.9005556,7.6363635
NEG::random::0083,0,0.04347826,0.08695652,0.0,0.0,0.2173913,0.4347826,0.3478261,0.17391305,0.26086956,0.04347826,0.08695652,0.0,0.0,0.04347826,0.04347826,0.04347826,0.0,0.04347826,0.0,0.04347826,0.0,0.0,0.04347826,0.04347826,0.0,0.0,0.0,0.0,0.04347826,0.0,0.0,0.0,0.0,0.0,0.0,0.0,0.0,0.0,0.0,0.0,0.04347826,0.0,0.0,0.0,0.0,0.0,0.0,0.0,0.0,0.0,0.0,0.0,0.0,0.0,0.0,0.0,0.0,0.0,0.0,0.0,0.033911515,0.0,0.16666667,0.045427136,23.0,3.1780539,2.480016,4.106797,8.217391
NEG::random::0084,0,0.0,0.0,0.0,0.0,0.42857143,0.2857143,0.14285715,0.0,0.0,0.0,0.0,0.0,0.0,0.0,0.0,0.0,0.14285715,0.0,0.0,0.0,0.0,0.0,0.0,0.0,0.0,0.0,0.0,0.0,0.0,0.0,0.0,0.0,0.0,0.0,0.0,0.0,0.0,0.0,0.0,0.0,0.0,0.0,0.0,0.0,0.0,0.0,0.0,0.0,0.0,0.0,0.0,0.0,0.0,0.0,0.0,0.0,0.0,0.0,0.14285715,0.0,0.03716327,0.0,0.16666667,0.053602133,7.0,2.0794415,1.4941761,3.964125,6.0
NEG::random::0085,0,0.0,0.16666667,0.0,0.0,0.2777778,0.11111111,0.3888889,0.16666667,0.16666667,0.055555556,0.055555556,0.0,0.0,0.0,0.0,0.0,0.055555556,0.055555556,0.0,0.0,0.0,0.055555556,0.0,0.0,0.0,0.055555556,0.055555556,0.0,0.055555556,0.0,0.0,0.0,0.0,0.0,0.0,0.0,0.0,0.0,0.0,0.0,0.0,0.0,0.0,0.0,0.0,0.0,0.0,0.0,0.055555556,0.0,0.0,0.0,0.0,0.0,0.0,0.0,0.0,0.0,0.0,0.0,0.04203868,0.0,0.21428572,0.05232857,18.0,2.944439,2.4362874,1.8559215,7.0
NEG::random::0086,0,0.0,0.1,0.0,0.0,0.2,0.2,0.35,0.0,0.15,0.05,0.0,0.0,0.0,0.0,0.0,0.0,0.0,0.05,0.0,0.0,0.0,0.05,0.05,0.05,0.0,0.0,0.0,0.0,0.0,0.0,0.0,0.0,0.0,0.0,0.0,0.0,0.0,0.0,0.0,0.0,0.05,0.0,0.0,0.0,0.0,0.05,0.0,0.0,0.0,0.0,0.05,0.0,0.0,0.0,0.0,0.0,0.0,0.0,0.0,0.0,0.02194625,0.0,0.125,0.037576366,20.0,3.0445225,2.2824244,4.0357776,7.75
NEG::random::0087,0,0.05263158,0.0,0.0,0.0,0.21052632,0.10526316,0.21052632,0.21052632,0.2631579,0.0,0.05263158,0.0,0.0,0.0,0.0,0.0,0.15789473,0.0,0.0,0.0,0.0,0.0,0.05263158,0.0,0.0,0.0,0.0,0.0,0.05263158,0.0,0.0,0.0,0.0,0.0,0.0,0.0,0.0,0.0,0.0,0.05263158,0.0,0.0,0.0,0.0,0.0,0.0,0.0,0.0,0.0,0.0,0.0,0.0,0.05263158,0.0,0.0,0.0,0.0,0.0,0.0,0.0,0.036708914,0.0,0.22222222,0.051121954,19.0,2.9957323,2.2834604,3.7483144,7.9473686
NEG::random::0088,0,0.0,0.13636364,0.0,0.0,0.22727273,0.09090909,0.18181819,0.045454547,0.27272728,0.0,0.0,0.045454547,0.0,0.0,0.045454547,0.045454547,0.09090909,0.045454547,0.045454547,0.0,0.0,0.0,0.0,0.0,0.0,0.0,0.0,0.0,0.045454547,0.0,0.0,0.0,0.0,0.0,0.0,0.0,0.0,0.0,0.0,0.09090909,0.0,0.0,0.0,0.0,0.0,0.0,0.0,0.0,0.0,0.0,0.0,0.0,0.0,0.0,0.0,0.0,0.0,0.0,0.0,0.0,0.033436,0.0,0.25,0.052634727,22.0,3.1354942,2.4082575,4.249453,7.181818
NEG::random::0089,0,0.1,0.05,0.0,0.05,0.35,0.2,0.3,0.0,0.05,0.0,0.05,0.0,0.0,0.0,0.0,0.0,0.05,0.0,0.0,0.0,0.0,0.0,0.0,0.0,0.0,0.05,0.0,0.0,0.0,0.0,0.0,0.0,0.0,0.0,0.0,0.0,0.0,0.0,0.0,0.0,0.0,0.0,0.0,0.0,0.0,0.0,0.0,0.0,0.0,0.0,0.0,0.0,0.05,0.0,0.0,0.0,0.0,0.0,0.05,0.0,0.024520613,0.0,0.2,0.042665068,20.0,3.0445225,2.1364524,3.0594118,8.2
NEG::random::0090,0,0.0,0.3,0.0,0.0,0.3,0.1,0.3,0.0,0.2,0.1,0.1,0.0,0.0,0.0,0.0,0.0,0.0,0.2,0.1,0.0,0.0,0.0,0.0,0.0,0.0,0.0,0.0,0.0,0.0,0.0,0.0,0.0,0.0,0.0,0.0,0.0,0.0,0.0,0.0,0.0,0.0,0.0,0.0,0.0,0.0,0.0,0.0,0.0,0.0,0.0,0.0,0.0,0.0,0.0,0.0,0.0,0.0,0.0,0.0,0.0,0.029115276,0.0,0.22222222,0.052007332,10.0,2.3978953,2.0885022,2.7367864,7.1
NEG::random::0091,0,0.055555556,0.0,0.0,0.0,0.33333334,0.33333334,0.5555556,0.11111111,0.33333334,0.0,0.0,0.0,0.055555556,0.0,0.055555556,0.0,0.055555556,0.0,0.0,0.0,0.055555556,0.0,0.055555556,0.0,0.0,0.0,0.0,0.0,0.0,0.0,0.0,0.0,0.0,0.0,0.0,0.0,0.0,0.055555556,0.0,0.055555556,0.0,0.0,0.0,0.0,0.055555556,0.0,0.0,0.0,0.0,0.0,0.0,0.0,0.055555556,0.0,0.0,0.0,0.0,0.0,0.0,0.0,0.046726536,0.0,0.16666667,0.048807036,18.0,2.944439,2.2722845,11.5139475,12.388889
NEG::random::0092,0,0.037037037,0.22222222,0.0,0.0,0.4074074,0.22222222,0.25925925,0.14814815,0.14814815,0.037037037,0.037037037,0.0,0.0,0.0,0.037037037,0.0,0.037037037,0.0,0.037037037,0.0,0.0,0.0,0.0,0.0,0.0,0.0,0.037037037,0.0,0.037037037,0.0,0.0,0.0,0.037037037,0.0,0.0,0.0,0.0,0.0,0.0,0.0,0.0,0.0,0.0,0.0,0.0,0.0,0.0,0.0,0.0,0.0,0.0,0.0,0.0,0.0,0.0,0.0,0.0,0.0,0.0,0.0,0.03203768,0.0,0.15384616,0.04215194,27.0,3.3322046,2.3056867,3.5311663,7.888889
NEG::random::0093,0,0.0,0.0,0.0,0.0,0.42857143,0.23809524,0.23809524,0.04761905,0.1904762,0.0,0.04761905,0.0,0.0,0.0,0.0,0.0,0.0,0.0,0.0,0.0,0.0,0.0,0.04761905,0.0,0.0,0.0,0.0,0.0,0.1904762,0.0,0.0,0.0,0.0,0.0,0.0,0.0,0.0,0.0,0.0,0.04761905,0.0,0.0,0.0,0.0,0.0,0.0,0.0,0.0,0.0,0.0,0.0,0.0,0.0,0.0,0.0,0.0,0.0,0.0,0.0,0.0,0.06390404,0.0,1.0,0.11400743,21.0,3.0910425,1.9191571,4.644261,8.380953
NEG::random::0094,0,0.0,0.125,0.0,0.0,0.125,0.0,0.125,0.0,0.0,0.0,0.0,0.0,0.0,0.0,0.0,0.0,0.0,0.125,0.0,0.0,0.0,0.0,0.0,0.0,0.0,0.0,0.0,0.0,0.125,0.0,0.0,0.0,0.0,0.0,0.0,0.0,0.0,0.0,0.0,0.125,0.0,0.0,0.0,0.0,0.0,0.0,0.0,0.0,0.0,0.0,0.0,0.0,0.0,0.0,0.0,0.0,0.0,0.0,0.0,0.0,0.018195098,0.0,0.16666667,0.041754972,8.0,2.1972246,1.7917609,1.8540496,5.75
NEG::random::0095,0,0.0,0.0,0.0,0.0,0.33333334,0.11111111,0.33333334,0.11111111,0.0,0.0,0.0,0.0,0.0,0.0,0.0,0.0,0.11111111,0.0,0.0,0.0,0.0,0.0,0.11111111,0.11111111,0.0,0.11111111,0.11111111,0.0,0.0,0.0,0.0,0.0,0.0,0.0,0.0,0.0,0.0,0.0,0.0,0.0,0.0,0.0,0.0,0.0,0.0,0.11111111,0.0,0.0,0.0,0.0,0.0,0.0,0.0,0.0,0.0,0.0,0.0,0.0,0.0,0.0,0.026393116,0.0,0.125,0.040296514,9.0,2.3025851,2.168224,3.7843082,6.888889
NEG::random::0096,0,0.0,0.0,0.0,0.0,0.5,0.0,0.5,0.16666667,0.0,0.0,0.0,0.0,0.0,0.0,0.0,0.0,0.16666667,0.0,0.0,0.0,0.0,0.0,0.0,0.0,0.0,0.0,0.0,0.0,0.0,0.0,0.0,0.0,0.0,0.0,0.0,0.0,0.0,0.0,0.0,0.0,0.16666667,0.0,0.0,0.0,0.0,0.0,0.0,0.0,0.0,0.0,0.0,0.0,0.0,0.0,0.0,0.0,0.0,0.0,0.0,0.0,0.031261288,0.0,0.09090909,0.033113144,6.0,1.9459101,1.4648172,6.3245554,10.0
NEG::random::0097,0,0.125,0.0,0.125,0.125,0.125,0.375,0.25,0.25,0.125,0.0,0.0,0.0,0.0,0.0,0.0,0.0,0.0,0.125,0.0,0.125,0.0,0.0,0.0,0.0,0.125,0.0,0.25,0.0,0.0,0.0,0.0,0.0,0.0,0.0,0.0,0.0,0.0,0.0,0.0,0.125,0.0,0.0,0.0,0.0,0.0,0.0,0.0,0.0,0.0,0.0,0.0,0.0,0.0,0.0,0.0,0.0,0.0,0.0,0.0,0.0,0.08081384,0.0,0.5,0.11972701,8.0,2.1972246,2.476221,3.7666297,6.75
NEG::random::0098,0,0.0,0.0,0.0,0.0,0.5714286,0.14285715,0.42857143,0.14285715,0.2857143,0.0,0.0,0.0,0.0,0.0,0.0,0.0,0.14285715,0.0,0.0,0.0,0.14285715,0.0,0.0,0.0,0.0,0.0,0.0,0.0,0.0,0.0,0.0,0.0,0.0,0.0,0.0,0.0,0.0,0.0,0.0,0.0,0.0,0.0,0.0,0.0,0.0,0.0,0.0,0.0,0.0,0.0,0.0,0.0,0.0,0.0,0.0,0.0,0.0,0.0,0.0,0.0,0.031949107,0.0,0.14285715,0.037291724,7.0,2.0794415,1.7782339,5.256677,9.285714
NEG::random::0099,0,0.0,0.15384616,0.0,0.0,0.23076923,0.30769232,0.23076923,0.0,0.15384616,0.0,0.0,0.0,0.0,0.0,0.0,0.0,0.07692308,0.0,0.0,0.0,0.0,0.0,0.0,0.0,0.0,0.0,0.0,0.0,0.0,0.0,0.0,0.0,0.0,0.0,0.0,0.0,0.0,0.0,0.0,0.07692308,0.0,0.0,0.0,0.0,0.0,0.0,0.0,0.0,0.07692308,0.0,0.0,0.0,0.07692308,0.0,0.0,0.0,0.0,0.0,0.07692308,0.0,0.020780882,0.0,0.22222222,0.0431078,13.0,2.6390574,2.1597323,3.9836946,7.769231
NEG::random::0100,0,0.0,0.14285715,0.071428575,0.071428575,0.21428572,0.0,0.35714287,0.071428575,0.35714287,0.0,0.14285715,0.0,0.071428575,0.0,0.0,0.0,0.0,0.071428575,0.071428575,0.0,0.0,0.0,0.0,0.0,0.0,0.0,0.0,0.0,0.0,0.0,0.0,0.0,0.0,0.0,0.0,0.0,0.0,0.0,0.0,0.0,0.0,0.0,0.0,0.0,0.0,0.0,0.0,0.0,0.0,0.0,0.0,0.0,0.0,0.0,0.0,0.0,0.0,0.0,0.0,0.0,0.028500978,0.0,0.22222222,0.050425608,14.0,2.7080503,2.1718946,3.81458,7.857143
NEG::random::0101,0,0.0,0.0,0.0,0.0,0.5714286,0.2857143,0.14285715,0.0,0.14285715,0.0,0.0,0.0,0.0,0.0,0.0,0.0,0.0,0.0,0.0,0.0,0.0,0.0,0.14285715,0.14285715,0.0,0.0,0.0,0.0,0.14285715,0.0,0.0,0.0,0.0,0.0,0.0,0.0,0.0,0.0,0.0,0.14285715,0.0,0.0,0.0,0.0,0.0,0.0,0.0,0.0,0.0,0.0,0.0,0.0,0.0,0.0,0.0,0.14285715,0.0,0.0,0.0,0.0,0.034745324,0.0,0.16666667,0.04906893,7.0,2.0794415,2.0317597,3.8861344,7.428571
NEG::random::0102,0,0.11111111,0.0,0.0,0.0,0.22222222,0.22222222,0.5555556,0.0,0.5555556,0.0,0.0,0.0,0.0,0.0,0.0,0.0,0.11111111,0.0,0.0,0.0,0.0,0.0,0.0,0.0,0.0,0.0,0.0,0.0,0.11111111,0.0,0.0,0.0,0.0,0.0,0.11111111,0.0,0.0,0.0,0.0,0.0,0.0,0.0,0.0,0.0,0.0,0.0,0.0,0.0,0.0,0.0,0.0,0.0,0.0,0.0,0.0,0.0,0.0,0.0,0.0,0.0,0.0500409,0.0,0.2,0.06097026,9.0,2.3025851,1.8422074,5.617433,8.666667
NEG::random::0103,0,0.0,0.14285715,0.0,0.0,0.5,0.14285715,0.21428572,0.071428575,0.071428575,0.0,0.071428575,0.0,0.0,0.0,0.0,0.0,0.14285715,0.0,0.14285715,0.0,0.0,0.0,0.0,0.0,0.0,0.0,0.0,0.0,0.071428575,0.0,0.0,0.0,0.0,0.0,0.0,0.0,0.0,0.0,0.0,0.0,0.0,0.0,0.0,0.0,0.0,0.0,0.0,0.0,0.0,0.0,0.0,0.0,0.0,0.0,0.0,0.0,0.0,0.0,0.0,0.0,0.055863198,0.0,0.625,0.087684155,14.0,2.7080503,2.0700257,1.9859198,5.642857
NEG::random::0104,0,0.0,0.18181819,0.0,0.0,0.27272728,0.3181818,0.27272728,0.18181819,0.13636364,0.0,0.045454547,0.0,0.0,0.045454547,0.045454547,0.045454547,0.0,0.0,0.045454547,0.045454547,0.0,0.0,0.0,0.0,0.0,0.0,0.09090909,0.0,0.045454547,0.0,0.0,0.0,0.0,0.0,0.0,0.0,0.0,0.0,0.0,0.045454547,0.045454547,0.0,0.0,0.0,0.0,0.0,0.0,0.0,0.045454547,0.0,0.0,0.0,0.045454547,0.0,0.0,0.0,0.0,0.0,0.045454547,0.0,0.02166048,0.0,0.1904762,0.03522301,22.0,3.1354942,2.6274862,4.4591813,9.545455
NEG::random::0105,0,0.0,0.22727273,0.0,0.0,0.18181819,0.09090909,0.27272728,0.18181819,0.27272728,0.0,0.0,0.0,0.0,0.045454547,0.09090909,0.045454547,0.0,0.045454547,0.045454547,0.0,0.0,0.0,0.0,0.0,0.0,0.0,0.0,0.0,0.045454547,0.0,0.0,0.0,0.0,0.0,0.0,0.0,0.0,0.0,0.0,0.0,0.0,0.0,0.0,0.0,0.0,0.0,0.0,0.0,0.0,0.0,0.045454547,0.0,0.0,0.0,0.0,0.0,0.0,0.0,0.0,0.0,0.036943916,0.0,0.25,0.055551574,22.0,3.1354942,2.3150272,3.6366477,7.0454545
NEG::random::0106,0,0.0,0.1875,0.0,0.0,0.1875,0.0,0.3125,0.0,0.375,0.0625,0.0,0.0,0.0,0.0,0.0,0.0,0.125,0.125,0.0,0.0,0.0,0.0,0.0625,0.0625,0.0,0.0,0.0,0.0,0.0625,0.0,0.0,0.0,0.0,0.0,0.0,0.0,0.0,0.0,0.0,0.0,0.0,0.0,0.0,0.0,0.0,0.0,0.0,0.0,0.0,0.0,0.0,0.0,0.0,0.0,0.0,0.0,0.0,0.0,0.0,0.0,0.042328253,0.0,0.33333334,0.0613054,16.0,2.8332133,2.092396,3.1318674,7.0625
NEG::random::0107,0,0.0,0.4,0.0,0.1,0.4,0.1,0.1,0.0,0.1,0.0,0.0,0.0,0.0,0.0,0.0,0.0,0.0,0.1,0.2,0.0,0.0,0.0,0.0,0.0,0.0,0.0,0.0,0.0,0.0,0.0,0.0,0.0,0.0,0.0,0.0,0.0,0.0,0.0,0.0,0.1,0.0,0.0,0.0,0.0,0.0,0.0,0.0,0.0,0.0,0.0,0.0,0.0,0.0,0.0,0.0,0.0,0.0,0.0,0.0,0.0,0.038022388,0.0,0.71428573,0.10855456,10.0,2.3978953,1.9927988,2.8301942,6.7
NEG::random::0108,0,0.0,0.33333334,0.0,0.0,0.16666667,0.33333334,0.16666667,0.0,0.0,0.0,0.0,0.0,0.0,0.0,0.0,0.0,0.0,0.16666667,0.0,0.0,0.0,0.16666667,0.0,0.0,0.0,0.0,0.0,0.0,0.33333334,0.0,0.0,0.0,0.0,0.0,0.0,0.0,0.0,0.0,0.0,0.0,0.0,0.0,0.0,0.0,0.0,0.0,0.0,0.0,0.0,0.0,0.0,0.0,0.0,0.0,0.0,0.0,0.0,0.0,0.0,0.0,0.017118128,0.0,0.0952381,0.03006423,6.0,1.9459101,1.8866974,5.676462,9.333333
NEG::random::0109,0,0.0,0.14285715,0.0,0.0,0.14285715,0.21428572,0.5714286,0.071428575,0.14285715,0.0,0.0,0.0,0.0,0.0,0.0,0.0,0.0,0.071428575,0.071428575,0.0,0.0,0.0,0.0,0.0,0.0,0.0,0.0,0.0,0.0,0.0,0.0,0.0,0.0,0.071428575,0.0,0.0,0.0,0.0,0.0,0.071428575,0.0,0.0,0.071428575,0.0,0.0,0.0,0.0,0.0,0.0,0.0,0.0,0.0,0.0,0.0,0.0,0.0,0.0,0.0,0.0,0.0,0.044914737,0.0,0.41666666,0.067124896,14.0,2.7080503,2.0880926,3.7005239,6.857143
NEG::random::0110,0,0.0,0.115384616,0.0,0.0,0.42307693,0.23076923,0.3846154,0.0,0.1923077,0.0,0.115384616,0.0,0.03846154,0.0,0.0,0.0,0.03846154,0.03846154,0.0,0.0,0.0,0.0,0.0,0.0,0.0,0.0,0.0,0.0,0.03846154,0.0,0.0,0.0,0.0,0.03846154,0.0,0.0,0.0,0.0,0.0,0.07692308,0.03846154,0.0,0.0,0.0,0.0,0.0,0.0,0.0,0.0,0.0,0.0,0.0,0.0,0.0,0.0,0.0,0.0,0.0,0.0,0.0,0.031125119,0.0,0.22222222,0.046645347,26.0,3.295837,2.1725895,4.725607,8.769231
NEG::random::0111,0,0.0,0.11111111,0.0,0.0,0.44444445,0.11111111,0.22222222,0.11111111,0.22222222,0.0,0.0,0.0,0.0,0.0,0.0,0.0,0.22222222,0.0,0.0,0.11111111,0.0,0.0,0.0,0.0,0.0,0.0,0.0,0.0,0.11111111,0.0,0.0,0.0,0.0,0.0,0.0,0.0,0.0,0.0,0.0,0.0,0.0,0.0,0.0,0.0,0.0,0.0,0.0,0.0,0.0,0.0,0.0,0.0,0.0,0.0,0.0,0.0,0.0,0.0,0.0,0.0,0.044516232,0.0,0.25,0.06044426,9.0,2.3025851,2.0611134,4.794544,8.888889
NEG::random::0112,0,0.0,0.0,0.0,0.0,0.25,0.25,0.0,0.0,0.25,0.0,0.0,0.0,0.0,0.0,0.0,0.0,0.0,0.0,0.0,0.0,0.0,0.0,0.0,0.0,0.0,0.0,0.0,0.0,0.0,0.0,0.0,0.0,0.0,0.0,0.0,0.0,0.0,0.0,0.0,0.25,0.0,0.0,0.0,0.0,0.0,0.0,0.0,0.0,0.0,0.0,0.0,0.0,0.0,0.0,0.0,0.0,0.0,0.0,0.0,0.0,0.02037037,0.0,0.06666667,0.028986067,4.0,1.609438,1.3862956,1.299038,9.25
NEG::random::0113,0,0.125,0.0,0.125,0.125,0.125,0.125,0.5,0.125,0.25,0.0,0.0,0.0,0.0,0.0,0.0,0.0,0.0,0.0,0.0,0.0,0.0,0.0,0.0,0.0,0.0,0.0,0.125,0.0,0.0,0.0,0.0,0.0,0.0,0.0,0.0,0.0,0.0,0.0,0.0,0.0,0.0,0.0,0.0,0.0,0.0,0.0,0.125,0.0,0.0,0.0,0.0,0.0,0.0,0.0,0.0,0.0,0.0,0.0,0.0,0.0,0.026200844,0.0,0.125,0.037346985,8.0,2.1972246,2.1439528,1.9202864,8.25
NEG::random::0114,0,0.09090909,0.045454547,0.045454547,0.045454547,0.4090909,0.3181818,0.3181818,0.045454547,0.09090909,0.0,0.045454547,0.0,0.0,0.0,0.0,0.0,0.09090909,0.045454547,0.0,0.0,0.0,0.0,0.0,0.0,0.0,0.0,0.0,0.0,0.045454547,0.0,0.0,0.0,0.0,0.0,0.0,0.0,0.0,0.0,0.0,0.0,0.0,0.0,0.0,0.0,0.0,0.0,0.0,0.0,0.0,0.0,0.0,0.0,0.045454547,0.0,0.0,0.0,0.0,0.0,0.0,0.0,0.033085514,0.0,0.2,0.044818476,22.0,3.1354942,2.2277658,6.002238,7.8636365
NEG::random::0115,0,0.041666668,0.25,0.0,0.041666668,0.375,0.20833333,0.25,0.125,0.16666667,0.0,0.125,0.041666668,0.0,0.041666668,0.041666668,0.041666668,0.0,0.0,0.20833333,0.0,0.0,0.041666668,0.041666668,0.0,0.041666668,0.0,0.0,0.0,0.041666668,0.0,0.0,0.0,0.0,0.0,0.0,0.0,0.0,0.0,0.0,0.0,0.0,0.0,0.0,0.0,0.0,0.0,0.0,0.0,0.0,0.0,0.0,0.0,0.0,0.0,0.0,0.0,0.0,0.0,0.0,0.0,0.04543409,0.0,0.5555556,0.071955554,24.0,3.218876,2.5689366,2.9506943,8.708333
NEG::random::0116,0,0.0,0.04761905,0.0,0.0,0.3809524,0.14285715,0.2857143,0.0,0.14285715,0.0,0.04761905,0.0,0.0,0.0,0.0,0.0,0.14285715,0.0,0.04761905,0.0,0.0,0.0,0.0,0.0,0.0,0.04761905,0.0,0.0,0.04761905,0.0,0.0,0.0,0.0,0.0,0.0,0.0,0.0,0.0,0.0,0.0,0.0,0.0,0.0,0.0,0.0,0.04761905,0.0,0.0,0.0,0.0,0.0,0.0,0.0,0.0,0.0,0.0,0.0,0.0,0.0,0.0,0.026975285,0.0,0.2857143,0.04654201,21.0,3.0910425,2.082,4.371107,8.476191
NEG::random::0117,0,0.0,0.16666667,0.0,0.0,0.33333334,0.2777778,0.2777778,0.055555556,0.055555556,0.0,0.0,0.0,0.0,0.0,0.055555556,0.055555556,0.0,0.055555556,0.0,0.0,0.0,0.0,0.0,0.0,0.0,0.055555556,0.0,0.0,0.0,0.0,0.0,0.0,0.0,0.0,0.0,0.0,0.0,0.0,0.0,0.0,0.0,0.0,0.0,0.0,0.0,0.0,0.0,0.0,0.0,0.0,0.0,0.0,0.0,0.0,0.0,0.0,0.0,0.0,0.0,0.0,0.03818449,0.0,0.2,0.05311683,18.0,2.944439,2.0132456,3.643445,6.9444447
NEG::random::0118,0,0.115384616,0.115384616,0.0,0.0,0.26923078,0.42307693,0.23076923,0.115384616,0.1923077,0.0,0.03846154,0.0,0.0,0.0,0.0,0.0,0.0,0.0,0.03846154,0.0,0.0,0.03846154,0.0,0.0,0.0,0.03846154,0.03846154,0.0,0.115384616,0.0,0.0,0.0,0.0,0.0,0.0,0.0,0.0,0.0,0.0,0.0,0.0,0.0,0.0,0.0,0.0,0.0,0.0,0.0,0.0,0.0,0.0,0.0,0.0,0.0,0.0,0.0,0.0,0.0,0.0,0.0,0.04090785,0.0,0.75,0.087465,26.0,3.295837,2.2638743,3.594251,8.653846
NEG::random::0119,0,0.0,0.0,0.0,0.0,0.5,0.16666667,0.5,0.0,0.33333334,0.0,0.0,0.0,0.0,0.0,0.0,0.0,0.0,0.0,0.16666667,0.0,0.0,0.0,0.0,0.0,0.0,0.0,0.0,0.0,0.0,0.0,0.0,0.0,0.0,0.0,0.0,0.0,0.0,0.0,0.0,0.0,0.0,0.0,0.0,0.0,0.0,0.0,0.0,0.0,0.0,0.0,0.0,0.0,0.0,0.0,0.0,0.0,0.0,0.0,0.0,0.0,0.042958893,0.0,0.14285715,0.057440124,6.0,1.9459101,1.504789,2.5658007,6.5
NEG::random::0120,0,0.0,0.09090909,0.0,0.0,0.09090909,0.18181819,0.36363637,0.22727273,0.09090909,0.0,0.09090909,0.0,0.0,0.045454547,0.045454547,0.045454547,0.045454547,0.045454547,0.0,0.0,0.0,0.0,0.045454547,0.0,0.0,0.0,0.0,0.0,0.045454547,0.0,0.0,0.0,0.0,0.0,0.0,0.0,0.0,0.0,0.0,0.045454547,0.0,0.0,0.0,0.0,0.0,0.0,0.0,0.0,0.0,0.0,0.0,0.0,0.0,0.0,0.0,0.0,0.0,0.0,0.0,0.0,0.027617943,0.0,0.5,0.069246456,22.0,3.1354942,2.4124756,4.0054197,6.9545455
NEG::random::0121,0,0.0,0.16666667,0.0,0.0,0.5,0.33333334,0.5,0.16666667,0.6666667,0.0,0.16666667,0.0,0.0,0.0,0.0,0.0,0.0,0.0,0.0,0.0,0.0,0.0,0.0,0.0,0.0,0.0,0.0,0.0,0.0,0.0,0.0,0.0,0.0,0.0,0.0,0.0,0.0,0.0,0.0,0.0,0.0,0.0,0.0,0.0,0.0,0.0,0.0,0.0,0.0,0.0,0.0,0.0,0.0,0.0,0.0,0.0,0.0,0.0,0.0,0.0,0.06969397,0.0,0.2,0.05279734,6.0,1.9459101,1.8065076,4.0173235,9.833333
NEG::random::0122,0,0.0,0.0,0.0,0.0,0.5555556,0.22222222,0.22222222,0.0,0.22222222,0.0,0.11111111,0.0,0.0,0.0,0.0,0.0,0.0,0.0,0.0,0.0,0.0,0.0,0.0,0.0,0.0,0.0,0.0,0.0,0.11111111,0.0,0.0,0.0,0.0,0.0,0.0,0.0,0.0,0.0,0.0,0.11111111,0.0,0.0,0.0,0.0,0.0,0.0,0.0,0.0,0.0,0.0,0.0,0.0,0.0,0.0,0.0,0.0,0.0,0.0,0.0,0.0,0.037211373,0.0,0.16666667,0.040458824,9.0,2.3025851,1.7671957,4.148479,9.111111
NEG::random::0123,0,0.0,0.0,0.1,0.1,0.1,0.6,0.2,0.1,0.2,0.0,0.0,0.0,0.0,0.0,0.0,0.0,0.1,0.0,0.0,0.0,0.0,0.0,0.2,0.2,0.1,0.0,0.1,0.0,0.0,0.0,0.0,0.0,0.0,0.0,0.0,0.0,0.0,0.0,0.0,0.0,0.0,0.0,0.0,0.0,0.1,0.0,0.0,0.0,0.0,0.0,0.0,0.0,0.0,0.0,0.0,0.0,0.0,0.0,0.0,0.0,0.09702529,0.0,0.30769232,0.056902282,10.0,2.3978953,2.3503277,1.9595917,8.4
NEG::random::0124,0,0.05263158,0.10526316,0.0,0.05263158,0.21052632,0.15789473,0.42105263,0.15789473,0.21052632,0.0,0.0,0.0,0.05263158,0.05263158,0.05263158,0.05263158,0.10526316,0.05263158,0.0,0.05263158,0.05263158,0.0,0.0,0.0,0.0,0.0,0.0,0.0,0.10526316,0.0,0.0,0.0,0.05263158,0.0,0.0,0.0,0.0,0.0,0.05263158,0.05263158,0.0,0.0,0.0,0.0,0.0,0.0,0.0,0.0,0.0,0.0,0.0,0.0,0.0,0.0,0.0,0.0,0.0,0.0,0.0,0.0,0.033158056,0.0,0.2,0.050071392,19.0,2.9957323,2.7269688,6.455044,9.263158
NEG::random::0125,0,0.0,0.13333334,0.0,0.0,0.33333334,0.0,0.13333334,0.06666667,0.2,0.0,0.06666667,0.0,0.0,0.0,0.0,0.0,0.2,0.06666667,0.06666667,0.0,0.0,0.06666667,0.06666667,0.06666667,0.0,0.0,0.0,0.0,0.06666667,0.0,0.0,0.0,0.0,0.0,0.0,0.0,0.0,0.0,0.0,0.0,0.0,0.0,0.0,0.0,0.0,0.0,0.0,0.0,0.0,0.0,0.0,0.0,0.0,0.0,0.0,0.0,0.0,0.0,0.0,0.0,0.03904116,0.0,1.0,0.10906588,15.0,2.7725887,2.3784752,3.77477,6.4666667
NEG::random::0126,0,0.0625,0.0625,0.0,0.0,0.1875,0.125,0.25,0.125,0.1875,0.0,0.0,0.0,0.0,0.0,0.0,0.0,0.0625,0.125,0.0,0.0,0.0,0.0,0.0,0.0,0.0,0.125,0.0,0.0,0.0625,0.0,0.0,0.0,0.0,0.0,0.0625,0.0,0.0,0.0,0.0,0.0,0.0,0.0,0.0,0.0,0.0,0.0,0.0,0.0,0.0,0.0,0.0,0.0,0.0,0.0,0.0,0.0,0.0,0.0,0.0,0.0,0.020723524,0.0,0.22222222,0.042365823,16.0,2.8332133,2.3667111,2.6575365,6.25
NEG::random::0127,0,0.055555556,0.11111111,0.055555556,0.11111111,0.44444445,0.2777778,0.11111111,0.11111111,0.0,0.0,0.055555556,0.0,0.0,0.0,0.0,0.0,0.055555556,0.0,0.0,0.0,0.055555556,0.0,0.0,0.0,0.055555556,0.055555556,0.0,0.0,0.0,0.0,0.0,0.0,0.0,0.0,0.0,0.0,0.0,0.0,0.0,0.11111111,0.0,0.0,0.0,0.0,0.0,0.0,0.0,0.0,0.0,0.0,0.0,0.0,0.0,0.0,0.0,0.0,0.0,0.0,0.0,0.0,0.044111192,0.0,0.33333334,0.061904382,18.0,2.944439,2.3473914,4.6643515,7.7222223
NEG::random::0128,0,0.0,0.2,0.0,0.0,0.2,0.1,0.1,0.0,0.2,0.1,0.0,0.0,0.0,0.0,0.0,0.0,0.2,0.1,0.1,0.0,0.0,0.0,0.0,0.0,0.0,0.0,0.0,0.0,0.1,0.0,0.0,0.0,0.0,0.0,0.0,0.0,0.0,0.0,0.0,0.0,0.0,0.0,0.0,0.0,0.0,0.1,0.0,0.0,0.0,0.0,0.0,0.0,0.0,0.0,0.0,0.0,0.0,0.0,0.0,0.0,0.050315425,0.0,0.6666667,0.10827797,10.0,2.3978953,2.3383725,3.867816,6.2
NEG::random::0129,0,0.0625,0.1875,0.0625,0.0625,0.375,0.25,0.5,0.0625,0.3125,0.0,0.0625,0.0,0.0,0.0,0.0,0.0,0.0625,0.0,0.0625,0.0,0.0,0.0,0.0625,0.0,0.0,0.0,0.0,0.0,0.0,0.0,0.0,0.0,0.0,0.0,0.0,0.0,0.0,0.0,0.0,0.0,0.0,0.0,0.0625,0.0,0.0,0.0,0.0,0.0,0.0,0.0,0.0,0.0,0.0,0.0,0.0625,0.0,0.0,0.0,0.0625,0.0,0.053101335,0.0,0.47368422,0.07250155,16.0,2.8332133,2.4143157,5.577578,9.875
NEG::random::0130,0,0.0,0.16666667,0.0,0.16666667,0.33333334,0.16666667,0.16666667,0.0,0.0,0.0,0.0,0.0,0.0,0.0,0.0,0.0,0.0,0.0,0.0,0.0,0.0,0.0,0.0,0.0,0.16666667,0.0,0.0,0.0,0.0,0.0,0.0,0.0,0.0,0.0,0.16666667,0.0,0.0,0.0,0.0,0.0,0.0,0.0,0.0,0.0,0.0,0.0,0.0,0.0,0.0,0.0,0.0,0.0,0.0,0.0,0.0,0.0,0.0,0.0,0.0,0.0,0.02178744,0.0,0.2,0.05273482,6.0,1.9459101,1.9061556,5.079917,7.1666665
NEG::random::0131,0,0.0,0.035714287,0.035714287,0.035714287,0.2857143,0.14285715,0.32142857,0.10714286,0.10714286,0.0,0.071428575,0.0,0.0,0.035714287,0.035714287,0.035714287,0.0,0.035714287,0.0,0.0,0.0,0.0,0.0,0.0,0.035714287,0.0,0.0,0.0,0.0,0.0,0.0,0.0,0.0,0.0,0.0,0.0,0.0,0.0,0.0,0.071428575,0.035714287,0.0,0.0,0.0,0.0,0.0,0.0,0.0,0.0,0.0,0.0,0.0,0.0,0.0,0.0,0.035714287,0.0,0.0,0.0,0.0,0.039219517,0.0,0.2,0.0484767,28.0,3.3672957,2.4618654,3.7627335,8.357142
NEG::random::0132,0,0.055555556,0.055555556,0.0,0.0,0.44444445,0.3888889,0.2777778,0.0,0.2777778,0.0,0.0,0.055555556,0.0,0.0,0.0,0.0,0.055555556,0.0,0.0,0.0,0.0,0.0,0.055555556,0.055555556,0.0,0.0,0.0,0.0,0.0,0.0,0.0,0.0,0.0,0.0,0.0,0.0,0.0,0.0,0.0,0.0,0.0,0.0,0.0,0.0,0.0,0.0,0.0,0.0,0.0,0.0,0.0,0.0,0.0,0.0,0.0,0.0,0.0,0.0,0.0,0.0,0.042225286,0.0,0.6875,0.076943554,18.0,2.944439,1.9387852,4.287867,8.944445
NEG::random::0133,0,0.0,0.0625,0.0,0.0,0.1875,0.1875,0.375,0.0625,0.5625,0.0,0.0,0.0,0.0,0.0625,0.0625,0.0625,0.125,0.125,0.0,0.0,0.0625,0.0625,0.0,0.0,0.0,0.0,0.0,0.0,0.0625,0.0,0.0,0.0,0.0,0.0,0.0,0.0,0.0,0.0,0.0,0.0625,0.0,0.0,0.0,0.0,0.0,0.0,0.0,0.0,0.0,0.0,0.0,0.0,0.0,0.0,0.0,0.0,0.0,0.0,0.0,0.0,0.04429992,0.0,0.2857143,0.056366123,16.0,2.8332133,2.3531303,3.139964,7.625
NEG::random::0134,0,0.25,0.375,0.0,0.125,0.125,0.125,0.375,0.0,0.375,0.0,0.0,0.125,0.0,0.0,0.0,0.0,0.0,0.0,0.0,0.0,0.0,0.0,0.0,0.0,0.0,0.0,0.0,0.0,0.0,0.0,0.0,0.0,0.0,0.0,0.0,0.0,0.0,0.0,0.0,0.0,0.0,0.0,0.0,0.0,0.0,0.0,0.0,0.0,0.0,0.0,0.0,0.0,0.0,0.0,0.0,0.0,0.0,0.0,0.0,0.0,0.03711084,0.0,0.25,0.053098638,8.0,2.1972246,1.9564638,3.9290583,8.25
NEG::random::0135,0,0.0,0.25,0.0,0.0,0.0,0.0,0.5,0.0,0.25,0.0,0.25,0.0,0.0,0.0,0.0,0.0,0.0,0.25,0.25,0.0,0.0,0.0,0.0,0.0,0.0,0.0,0.0,0.0,0.0,0.0,0.0,0.0,0.0,0.0,0.0,0.0,0.0,0.0,0.0,0.0,0.0,0.0,0.0,0.0,0.0,0.0,0.0,0.0,0.0,0.0,0.0,0.0,0.25,0.0,0.0,0.0,0.0,0.0,0.0,0.0,0.012820513,0.0,0.07692308,0.028667537,4.0,1.609438,1.9061553,2.828427,5.0
NEG::random::0136,0,0.0625,0.0625,0.0625,0.125,0.1875,0.375,0.125,0.0625,0.125,0.0,0.0625,0.0,0.0,0.0,0.0,0.0,0.0625,0.0,0.0,0.0,0.0,0.0,0.0,0.0,0.0,0.0625,0.0,0.0,0.0625,0.0,0.0,0.0,0.0,0.0,0.0625,0.0,0.0,0.0,0.0,0.0,0.0,0.0625,0.0,0.0,0.0,0.0625,0.0,0.0,0.0,0.0,0.0,0.0625,0.0,0.0,0.0,0.0,0.0,0.0,0.0,0.0,0.030925078,0.0,0.18181819,0.043287445,16.0,2.8332133,2.621568,5.829612,10.625
NEG::random::0137,0,0.0,0.11111111,0.0,0.0,0.22222222,0.0,0.0,0.11111111,0.11111111,0.11111111,0.11111111,0.0,0.0,0.0,0.0,0.0,0.0,0.0,0.0,0.0,0.0,0.0,0.0,0.0,0.0,0.0,0.0,0.0,0.11111111,0.0,0.0,0.0,0.0,0.0,0.0,0.0,0.0,0.0,0.0,0.0,0.0,0.0,0.0,0.0,0.0,0.0,0.11111111,0.0,0.0,0.0,0.0,0.0,0.0,0.0,0.0,0.0,0.0,0.0,0.0,0.0,0.031469222,0.0,0.2,0.047142413,9.0,2.3025851,2.0431929,2.9814239,6.6666665
NEG::random::0138,0,0.0,0.1764706,0.0,0.0,0.1764706,0.3529412,0.29411766,0.05882353,0.1764706,0.0,0.0,0.0,0.05882353,0.0,0.0,0.0,0.11764706,0.0,0.05882353,0.0,0.0,0.05882353,0.0,0.0,0.0,0.0,0.0,0.0,0.05882353,0.0,0.0,0.0,0.0,0.0,0.05882353,0.0,0.0,0.0,0.0,0.0,0.0,0.0,0.0,0.0,0.0,0.0,0.0,0.0,0.0,0.0,0.0,0.0,0.0,0.0,0.0,0.0,0.0,0.0,0.0,0.0,0.038863845,0.0,0.22222222,0.051155202,17.0,2.8903718,2.2582211,5.270536,8.529411
NEG::random::0139,0,0.08,0.12,0.08,0.12,0.2,0.36,0.32,0.04,0.12,0.0,0.04,0.0,0.04,0.04,0.04,0.04,0.0,0.0,0.04,0.0,0.0,0.04,0.04,0.04,0.0,0.0,0.0,0.0,0.04,0.0,0.0,0.04,0.0,0.0,0.0,0.0,0.0,0.0,0.0,0.04,0.04,0.0,0.0,0.0,0.04,0.0,0.0,0.0,0.0,0.0,0.0,0.0,0.0,0.0,0.0,0.0,0.0,0.0,0.0,0.0,0.03633865,0.0,0.18181819,0.041749865,25.0,3.2580965,2.7696664,4.7436695,8.24
NEG::random::0140,0,0.0,0.25,0.0,0.0,0.25,0.16666667,0.16666667,0.0,0.16666667,0.083333336,0.0,0.0,0.0,0.0,0.0,0.0,0.083333336,0.083333336,0.0,0.0,0.0,0.083333336,0.0,0.0,0.0,0.0,0.0,0.0,0.0,0.0,0.0,0.0,0.0,0.0,0.083333336,0.0,0.0,0.0,0.0,0.083333336,0.0,0.0,0.0,0.0,0.0,0.0,0.0,0.0,0.0,0.0,0.0,0.0,0.083333336,0.0,0.0,0.0,0.0,0.0,0.0,0.0,0.035659656,0.0,0.25,0.056106206,12.0,2.5649493,2.3786209,3.9264064,7.5
NEG::random::0141,0,0.041666668,0.125,0.0,0.0,0.29166666,0.041666668,0.20833333,0.083333336,0.083333336,0.0,0.0,0.0,0.0,0.0,0.0,0.0,0.16666667,0.0,0.041666668,0.0,0.0,0.0,0.0,0.0,0.0,0.041666668,0.0,0.0,0.083333336,0.0,0.0,0.0,0.0,0.0,0.0,0.0,0.0,0.0,0.0,0.083333336,0.0,0.0,0.0,0.041666668,0.0,0.0,0.0,0.0,0.0,0.0,0.0,0.0,0.0,0.0,0.0,0.0,0.0,0.0,0.0,0.0,0.04378353,0.0,0.4,0.06282557,24.0,3.218876,2.3390255,4.216164,8.125
NEG::random::0142,0,0.0,0.0,0.0,0.0,0.0,0.0,0.4,0.0,0.2,0.0,0.0,0.0,0.0,0.0,0.0,0.0,0.0,0.2,0.0,0.0,0.0,0.0,0.0,0.0,0.0,0.0,0.0,0.0,0.0,0.0,0.0,0.0,0.0,0.0,0.2,0.0,0.0,0.0,0.0,0.0,0.0,0.0,0.0,0.2,0.0,0.0,0.0,0.0,0.0,0.0,0.0,0.0,0.0,0.0,0.0,0.0,0.0,0.0,0.0,0.0,0.017424243,0.0,0.09090909,0.034889635,5.0,1.7917595,1.5607114,2.1540658,5.6
NEG::random::0143,0,0.05,0.15,0.05,0.05,0.3,0.2,0.35,0.0,0.15,0.05,0.0,0.0,0.0,0.0,0.0,0.0,0.1,0.05,0.05,0.0,0.0,0.05,0.0,0.0,0.0,0.0,0.0,0.0,0.05,0.0,0.0,0.0,0.0,0.0,0.0,0.0,0.0,0.0,0.0,0.05,0.0,0.0,0.0,0.05,0.0,0.0,0.0,0.0,0.0,0.0,0.0,0.0,0.05,0.0,0.0,0.0,0.0,0.0,0.0,0.0,0.041115236,0.0,0.33333334,0.07367567,20.0,3.0445225,2.5308785,2.5670996,7.1
NEG::random::0144,0,0.04347826,0.2173913,0.0,0.04347826,0.3043478,0.26086956,0.2173913,0.13043478,0.17391305,0.04347826,0.0,0.0,0.04347826,0.04347826,0.08695652,0.08695652,0.04347826,0.0,0.04347826,0.0,0.0,0.0,0.0,0.0,0.0,0.04347826,0.0,0.0,0.04347826,0.0,0.0,0.0,0.0,0.0,0.0,0.0,0.0,0.0,0.04347826,0.04347826,0.0,0.0,0.0,0.0,0.0,0.0,0.04347826,0.0,0.0,0.0,0.0,0.0,0.0,0.0,0.0,0.0,0.0,0.0,0.0,0.0,0.029186474,0.0,0.2,0.04700451,23.0,3.1780539,2.6964698,4.9120812,8.043478
NEG::random::0145,0,0.11111111,0.22222222,0.11111111,0.11111111,0.22222222,0.11111111,0.11111111,0.0,0.0,0.0,0.11111111,0.0,0.0,0.0,0.0,0.0,0.0,0.0,0.11111111,0.0,0.0,0.0,0.0,0.0,0.0,0.0,0.0,0.0,0.11111111,0.0,0.0,0.0,0.0,0.0,0.0,0.0,0.0,0.0,0.0,0.0,0.0,0.0,0.0,0.0,0.0,0.0,0.0,0.0,0.0,0.0,0.0,0.0,0.0,0.0,0.0,0.0,0.0,0.0,0.0,0.0,0.021324573,0.0,0.25,0.048464444,9.0,2.3025851,2.2538583,5.0868993,8.111111
NEG::random::0146,0,0.10344828,0.06896552,0.06896552,0.10344828,0.3448276,0.31034482,0.13793103,0.10344828,0.13793103,0.0,0.0,0.0,0.0,0.0,0.0,0.0,0.06896552,0.03448276,0.03448276,0.0,0.0,0.0,0.0,0.0,0.06896552,0.03448276,0.0,0.0,0.03448276,0.0,0.0,0.0,0.0,0.0,0.0,0.0,0.0,0.0,0.0,0.0,0.0,0.0,0.0,0.0,0.0,0.0,0.0,0.0,0.0,0.0,0.0,0.0,0.0,0.0,0.0,0.0,0.0,0.0,0.0,0.0,0.023252575,0.0,0.15,0.036286794,29.0,3.4011974,2.4269533,3.4493103,7.413793
NEG::random::0147,0,0.0,0.2,0.0,0.0,0.4,0.2,0.2,0.2,0.4,0.0,0.0,0.0,0.0,0.0,0.0,0.0,0.0,0.0,0.0,0.0,0.0,0.0,0.0,0.0,0.0,0.0,0.0,0.0,0.0,0.0,0.0,0.0,0.0,0.0,0.0,0.0,0.0,0.0,0.0,0.0,0.0,0.0,0.0,0.0,0.0,0.0,0.0,0.0,0.0,0.0,0.0,0.0,0.0,0.0,0.0,0.0,0.0,0.0,0.0,0.0,0.013392857,0.0,0.071428575,0.026860015,5.0,1.7917595,1.7328687,0.7483315,8.2
NEG::random::0148,0,0.055555556,0.11111111,0.0,0.0,0.2777778,0.22222222,0.33333334,0.11111111,0.22222222,0.055555556,0.055555556,0.0,0.0,0.0,0.0,0.0,0.055555556,0.0,0.055555556,0.055555556,0.0,0.0,0.0,0.0,0.0,0.0,0.055555556,0.0,0.055555556,0.0,0.0,0.0,0.0,0.0,0.0,0.0,0.0,0.0,0.0,0.055555556,0.0,0.0,0.0,0.0,0.0,0.0,0.0,0.0,0.0,0.0,0.0,0.0,0.0,0.0,0.0,0.0,0.0,0.0,0.055555556,0.0,0.02839504,0.0,0.1764706,0.044348236,18.0,2.944439,2.5067902,5.5832644,9.777778
NEG::random::0149,0,0.05,0.25,0.0,0.0,0.35,0.15,0.25,0.0,0.2,0.0,0.0,0.0,0.0,0.0,0.0,0.0,0.0,0.05,0.05,0.0,0.0,0.0,0.0,0.0,0.0,0.05,0.0,0.0,0.0,0.0,0.0,0.0,0.0,0.0,0.0,0.0,0.0,0.0,0.0,0.0,0.0,0.0,0.0,0.0,0.0,0.0,0.0,0.0,0.0,0.0,0.0,0.0,0.0,0.0,0.0,0.0,0.0,0.0,0.0,0.0,0.03383554,0.0,0.2,0.04567667,20.0,3.0445225,1.9551779,4.126439,7.85
NEG::random::0150,0,0.0,0.0,0.0,0.0,0.33333334,0.16666667,0.16666667,0.16666667,0.0,0.0,0.0,0.0,0.0,0.0,0.0,0.0,0.0,0.0,0.0,0.0,0.0,0.0,0.0,0.0,0.0,0.0,0.0,0.0,0.0,0.0,0.0,0.0,0.0,0.0,0.0,0.0,0.0,0.0,0.0,0.0,0.0,0.0,0.0,0.0,0.0,0.0,0.0,0.0,0.0,0.0,0.0,0.0,0.0,0.0,0.0,0.0,0.0,0.0,0.0,0.0,0.009572649,0.0,0.07692308,0.024477296,6.0,1.9459101,1.3321804,2.7688746,6.0
NEG::random::0151,0,0.083333336,0.16666667,0.083333336,0.083333336,0.16666667,0.25,0.083333336,0.16666667,0.16666667,0.083333336,0.0,0.0,0.0,0.0,0.0,0.0,0.0,0.0,0.0,0.0,0.0,0.0,0.0,0.0,0.0,0.083333336,0.0,0.0,0.0,0.0,0.0,0.0,0.0,0.0,0.0,0.0,0.0,0.0,0.0,0.0,0.0,0.0,0.0,0.0,0.0,0.0,0.083333336,0.0,0.0,0.0,0.0,0.0,0.0,0.0,0.0,0.0,0.0,0.0,0.0,0.0,0.028275495,0.0,0.2,0.047787838,12.0,2.5649493,2.399205,3.4115815,8.166667
NEG::random::0152,0,0.0,0.2857143,0.0,0.0,0.0,0.2857143,0.14285715,0.14285715,0.2857143,0.2857143,0.0,0.0,0.0,0.0,0.0,0.0,0.0,0.0,0.0,0.0,0.0,0.0,0.14285715,0.0,0.0,0.0,0.0,0.0,0.14285715,0.0,0.0,0.0,0.0,0.0,0.0,0.0,0.0,0.0,0.0,0.0,0.0,0.0,0.0,0.0,0.0,0.0,0.0,0.0,0.0,0.0,0.0,0.0,0.0,0.0,0.0,0.0,0.0,0.0,0.0,0.0,0.028841916,0.0,0.06666667,0.026878437,7.0,2.0794415,2.022809,5.364281,10.285714
NEG::random::0153,0,0.0,0.2,0.0,0.0,0.26666668,0.06666667,0.53333336,0.0,0.26666668,0.0,0.0,0.0,0.0,0.0,0.0,0.0,0.06666667,0.0,0.0,0.0,0.0,0.0,0.0,0.0,0.0,0.0,0.0,0.0,0.0,0.0,0.0,0.0,0.0,0.0,0.0,0.0,0.0,0.0,0.06666667,0.06666667,0.0,0.06666667,0.0,0.0,0.0,0.0,0.06666667,0.0,0.0,0.0,0.0,0.06666667,0.0,0.0,0.0,0.0,0.0,0.0,0.0,0.0,0.04969816,0.0,0.5,0.078391165,15.0,2.7725887,2.0649538,6.581455,8.466666
NEG::random::0154,0,0.125,0.16666667,0.041666668,0.083333336,0.16666667,0.25,0.16666667,0.083333336,0.16666667,0.041666668,0.041666668,0.0,0.0,0.0,0.0,0.0,0.041666668,0.0,0.0,0.0,0.0,0.041666668,0.083333336,0.083333336,0.041666668,0.0,0.041666668,0.0,0.041666668,0.0,0.0,0.0,0.0,0.0,0.0,0.0,0.0,0.0,0.0,0.041666668,0.0,0.0,0.0,0.0,0.0,0.0,0.0,0.0,0.0,0.0,0.0,0.0,0.0,0.0,0.0,0.0,0.0,0.0,0.0,0.0,0.030823061,0.0,0.2857143,0.05618613,24.0,3.218876,2.743092,4.2426405,8.0
NEG::random::0155,0,0.0,0.1,0.1,0.1,0.3,0.4,0.2,0.0,0.2,0.0,0.0,0.0,0.0,0.0,0.0,0.0,0.0,0.0,0.0,0.0,0.0,0.0,0.0,0.0,0.1,0.0,0.0,0.0,0.0,0.0,0.0,0.0,0.0,0.0,0.0,0.0,0.0,0.0,0.0,0.1,0.0,0.0,0.0,0.0,0.0,0.0,0.0,0.0,0.0,0.0,0.0,0.0,0.0,0.0,0.0,0.0,0.0,0.0,0.0,0.0,0.023416305,0.0,0.15384616,0.045105137,10.0,2.3978953,2.046739,5.7280016,9.3
NEG::random::0156,0,0.0,0.33333334,0.0,0.0,0.33333334,0.0,0.16666667,0.16666667,0.16666667,0.0,0.0,0.0,0.0,0.0,0.0,0.0,0.0,0.0,0.0,0.0,0.0,0.0,0.0,0.0,0.0,0.0,0.0,0.0,0.16666667,0.0,0.0,0.0,0.0,0.0,0.0,0.0,0.0,0.0,0.0,0.0,0.0,0.0,0.0,0.0,0.0,0.0,0.0,0.0,0.0,0.0,0.0,0.0,0.0,0.0,0.0,0.0,0.0,0.0,0.0,0.0,0.020039683,0.0,0.1,0.034087047,6.0,1.9459101,1.7328688,2.5819888,7.0
NEG::random::0157,0,0.11764706,0.05882353,0.05882353,0.05882353,0.3529412,0.1764706,0.1764706,0.05882353,0.23529412,0.0,0.05882353,0.0,0.0,0.0,0.0,0.0,0.05882353,0.0,0.0,0.05882353,0.0,0.0,0.05882353,0.0,0.05882353,0.0,0.0,0.0,0.0,0.0,0.05882353,0.0,0.0,0.0,0.0,0.0,0.0,0.0,0.0,0.0,0.0,0.0,0.0,0.0,0.0,0.0,0.0,0.0,0.05882353,0.0,0.0,0.0,0.0,0.0,0.0,0.0,0.0,0.0,0.0,0.0,0.024486357,0.0,0.2,0.0387131,17.0,2.8903718,2.530272,4.4441943,7.882353
NEG::random::0158,0,0.0,0.3809524,0.0,0.0,0.23809524,0.14285715,0.2857143,0.14285715,0.2857143,0.0,0.0,0.0,0.0,0.04761905,0.04761905,0.04761905,0.0952381,0.0,0.04761905,0.0,0.04761905,0.0,0.0,0.0,0.0,0.0,0.0,0.0,0.04761905,0.0,0.0,0.0,0.0,0.0,0.0,0.0,0.0,0.0,0.0,0.0,0.0,0.0,0.0,0.0,0.0,0.0,0.0,0.0,0.0,0.0,0.0,0.0,0.0,0.0,0.0,0.04761905,0.0,0.0,0.0,0.0,0.043802567,0.0,0.1875,0.051110618,21.0,3.0910425,2.3348348,3.5398605,8.571428
NEG::random::0159,0,0.0,0.16666667,0.0,0.0,0.33333334,0.33333334,0.33333334,0.33333334,0.16666667,0.0,0.16666667,0.0,0.0,0.16666667,0.16666667,0.0,0.0,0.0,0.0,0.16666667,0.0,0.0,0.0,0.0,0.0,0.0,0.0,0.0,0.0,0.0,0.0,0.0,0.0,0.0,0.16666667,0.0,0.0,0.0,0.0,0.0,0.0,0.0,0.0,0.0,0.0,0.0,0.0,0.0,0.0,0.0,0.0,0.0,0.0,0.0,0.0,0.0,0.0,0.0,0.0,0.0,0.057365146,0.0,0.16666667,0.049738944,6.0,1.9459101,2.338372,5.8142543,8.833333
NEG::random::0160,0,0.055555556,0.16666667,0.0,0.0,0.2777778,0.055555556,0.3888889,0.22222222,0.16666667,0.0,0.055555556,0.0,0.0,0.0,0.0,0.0,0.0,0.16666667,0.055555556,0.0,0.0,0.0,0.0,0.0,0.0,0.0,0.0,0.0,0.0,0.0,0.0,0.0,0.0,0.0,0.0,0.0,0.0,0.0,0.0,0.0,0.0,0.0,0.0,0.0,0.0,0.0,0.0,0.0,0.0,0.0,0.0,0.0,0.0,0.0,0.0,0.0,0.0,0.0,0.0,0.0,0.042487577,0.0,0.6666667,0.0841251,18.0,2.944439,2.087943,3.205416,7.0555553
NEG::random::0161,0,0.14285715,0.071428575,0.0,0.071428575,0.21428572,0.2857143,0.2857143,0.071428575,0.35714287,0.0,0.14285715,0.0,0.0,0.0,0.0,0.0,0.071428575,0.0,0.0,0.0,0.071428575,0.0,0.0,0.0,0.0,0.14285715,0.0,0.0,0.0,0.0,0.0,0.0,0.0,0.0,0.071428575,0.0,0.0,0.0,0.0,0.0,0.0,0.0,0.0,0.0,0.0,0.0,0.0,0.0,0.0,0.0,0.0,0.0,0.0,0.0,0.0,0.0,0.0,0.0,0.0,0.0,0.046784714,0.0,0.44444445,0.07043523,14.0,2.7080503,2.3824813,3.9408898,8.428572
NEG::random::0162,0,0.0,0.125,0.0,0.0,0.25,0.125,0.5,0.375,0.25,0.125,0.0,0.0,0.0,0.0,0.0,0.0,0.0,0.125,0.0,0.0,0.0,0.125,0.0,0.0,0.0,0.0,0.0,0.0,0.0,0.0,0.0,0.0,0.0,0.0,0.0,0.0,0.0,0.0,0.0,0.0,0.0,0.0,0.0,0.0,0.0,0.0,0.0,0.0,0.0,0.0,0.0,0.0,0.0,0.0,0.0,0.0,0.0,0.0,0.0,0.0,0.03210148,0.0,0.11111111,0.043005276,8.0,2.1972246,2.046739,3.982383,7.875
NEG::random::0163,0,0.0,0.4,0.0,0.0,0.0,0.2,0.4,0.0,0.2,0.0,0.0,0.0,0.0,0.0,0.0,0.0,0.2,0.2,0.0,0.0,0.0,0.0,0.2,0.2,0.0,0.0,0.0,0.0,0.0,0.0,0.0,0.0,0.0,0.0,0.0,0.0,0.0,0.0,0.0,0.0,0.0,0.2,0.0,0.0,0.0,0.0,0.0,0.0,0.0,0.0,0.0,0.2,0.0,0.0,0.0,0.0,0.0,0.0,0.0,0.0,0.03205757,0.0,0.069767445,0.024788458,5.0,1.7917595,2.253858,11.142711,14.2
NEG::random::0164,0,0.11111111,0.0,0.0,0.0,0.11111111,0.33333334,0.11111111,0.0,0.33333334,0.0,0.0,0.0,0.11111111,0.0,0.11111111,0.11111111,0.0,0.0,0.0,0.0,0.11111111,0.0,0.11111111,0.0,0.0,0.0,0.0,0.0,0.11111111,0.0,0.0,0.0,0.0,0.0,0.0,0.0,0.0,0.0,0.11111111,0.0,0.11111111,0.0,0.0,0.0,0.0,0.0,0.0,0.0,0.0,0.0,0.0,0.0,0.0,0.0,0.0,0.0,0.0,0.0,0.0,0.0,0.018123414,0.0,0.13333334,0.036716964,9.0,2.3025851,2.4454684,3.2241373,7.2222223
NEG::random::0165,0,0.05263158,0.10526316,0.0,0.05263158,0.31578946,0.10526316,0.15789473,0.05263158,0.21052632,0.0,0.0,0.0,0.0,0.0,0.0,0.0,0.0,0.0,0.0,0.0,0.0,0.0,0.0,0.0,0.0,0.0,0.0,0.0,0.0,0.0,0.0,0.0,0.0,0.0,0.0,0.0,0.0,0.0,0.0,0.10526316,0.0,0.0,0.0,0.0,0.0,0.0,0.0,0.0,0.0,0.0,0.0,0.0,0.0,0.0,0.05263158,0.0,0.0,0.0,0.0,0.0,0.040312365,0.0,0.2,0.0510839,19.0,2.9957323,2.1028666,4.8323703,6.736842
NEG::random::0166,0,0.055555556,0.055555556,0.0,0.0,0.2777778,0.33333334,0.33333334,0.055555556,0.16666667,0.055555556,0.0,0.0,0.0,0.0,0.0,0.0,0.11111111,0.0,0.055555556,0.0,0.0,0.055555556,0.0,0.0,0.0,0.0,0.0,0.0,0.0,0.0,0.0,0.0,0.0,0.0,0.0,0.0,0.0,0.0,0.0,0.0,0.0,0.0,0.0,0.0,0.0,0.0,0.0,0.0,0.0,0.0,0.055555556,0.0,0.0,0.0,0.0,0.0,0.0,0.0,0.0,0.0,0.05597743,0.0,0.5,0.08699684,18.0,2.944439,2.1869366,3.7597609,7.4444447
NEG::random::0167,0,0.0,0.16,0.0,0.04,0.16,0.32,0.28,0.04,0.2,0.04,0.08,0.0,0.04,0.0,0.04,0.04,0.04,0.12,0.04,0.0,0.0,0.0,0.08,0.0,0.0,0.0,0.0,0.0,0.0,0.0,0.0,0.0,0.0,0.0,0.0,0.0,0.0,0.0,0.0,0.0,0.0,0.0,0.0,0.0,0.0,0.08,0.0,0.0,0.0,0.0,0.0,0.0,0.0,0.0,0.0,0.0,0.0,0.0,0.0,0.0,0.026213916,0.0,0.2857143,0.048582323,25.0,3.2580965,2.543348,3.7735925,7.0
NEG::random::0168,0,0.0,0.1875,0.0,0.0,0.25,0.0625,0.25,0.125,0.25,0.0625,0.0,0.0,0.0,0.0,0.0,0.0,0.0,0.125,0.0,0.0625,0.0,0.0,0.0625,0.0,0.0,0.0625,0.0,0.0,0.0625,0.0,0.0,0.0,0.0,0.0,0.0,0.0,0.0,0.0,0.0,0.0,0.0,0.0,0.0,0.0,0.0,0.0,0.0,0.0,0.0,0.0,0.0625,0.0,0.0,0.0,0.0,0.0,0.0,0.0,0.0,0.0,0.026931377,0.0,0.25,0.05353425,16.0,2.8332133,2.384868,4.1231055,7.0
NEG::random::0169,0,0.083333336,0.25,0.0,0.0,0.33333334,0.083333336,0.25,0.0,0.25,0.0,0.083333336,0.0,0.0,0.0,0.0,0.0,0.083333336,0.16666667,0.083333336,0.0,0.083333336,0.083333336,0.0,0.0,0.0,0.0,0.0,0.0,0.0,0.0,0.0,0.0,0.0,0.0,0.0,0.0,0.0,0.0,0.0,0.0,0.0,0.0,0.0,0.0,0.0,0.0,0.0,0.0,0.0,0.0,0.0,0.0,0.0,0.0,0.0,0.0,0.0,0.0,0.0,0.0,0.040793408,0.0,0.2,0.04914451,12.0,2.5649493,2.3265438,2.841899,6.5833335
NEG::random::0170,0,0.0,0.18181819,0.0,0.0,0.18181819,0.09090909,0.27272728,0.27272728,0.18181819,0.09090909,0.0,0.0,0.0,0.0,0.0,0.0,0.0,0.0,0.0,0.0,0.0,0.0,0.0,0.0,0.0,0.0,0.0,0.0,0.0,0.0,0.0,0.0,0.0,0.0,0.0,0.0,0.0,0.0,0.0,0.0,0.0,0.0,0.0,0.0,0.0,0.0,0.0,0.0,0.0,0.0,0.0,0.0,0.0,0.0,0.0,0.0,0.0,0.0,0.0,0.0,0.0364445,0.0,0.16666667,0.04469698,11.0,2.4849067,1.8711612,8.21609,9.636364
NEG::random::0171,0,0.074074075,0.074074075,0.037037037,0.074074075,0.25925925,0.22222222,0.4074074,0.074074075,0.2962963,0.0,0.0,0.0,0.037037037,0.0,0.0,0.0,0.0,0.0,0.0,0.0,0.037037037,0.037037037,0.0,0.0,0.0,0.037037037,0.0,0.0,0.074074075,0.0,0.0,0.0,0.0,0.0,0.0,0.0,0.037037037,0.0,0.0,0.0,0.0,0.0,0.0,0.0,0.0,0.0,0.0,0.0,0.037037037,0.0,0.0,0.0,0.0,0.0,0.0,0.0,0.0,0.0,0.0,0.0,0.04327476,0.0,0.4,0.06755225,27.0,3.3322046,2.3751721,4.817663,7.888889
NEG::random::0172,0,0.0,0.083333336,0.0,0.0,0.41666666,0.33333334,0.25,0.083333336,0.25,0.0,0.083333336,0.0,0.0,0.0,0.0,0.0,0.0,0.0,0.083333336,0.0,0.083333336,0.0,0.0,0.0,0.0,0.0,0.0,0.0,0.0,0.0,0.0,0.0,0.0,0.0,0.0,0.0,0.0,0.0,0.0,0.0,0.0,0.0,0.0,0.0,0.0,0.083333336,0.0,0.0,0.0,0.0,0.0,0.0,0.0,0.0,0.0,0.0,0.0,0.0,0.0,0.0,0.045210004,0.0,0.2,0.047123358,12.0,2.5649493,2.0833783,5.950607,9.583333
NEG::random::0173,0,0.1,0.15,0.0,0.0,0.2,0.2,0.3,0.1,0.15,0.0,0.0,0.0,0.0,0.0,0.0,0.0,0.05,0.1,0.1,0.0,0.05,0.0,0.0,0.0,0.0,0.0,0.05,0.0,0.05,0.0,0.0,0.0,0.0,0.0,0.0,0.0,0.0,0.0,0.0,0.0,0.0,0.0,0.0,0.0,0.0,0.0,0.0,0.0,0.0,0.0,0.0,0.0,0.0,0.0,0.0,0.0,0.0,0.0,0.0,0.0,0.045644656,0.0,0.54545456,0.08615865,20.0,3.0445225,2.4039314,2.8965497,7.1
NEG::random::0174,0,0.05,0.0,0.0,0.05,0.25,0.2,0.2,0.2,0.15,0.0,0.0,0.0,0.0,0.05,0.05,0.05,0.05,0.05,0.05,0.0,0.0,0.05,0.0,0.0,0.0,0.05,0.05,0.0,0.05,0.0,0.0,0.0,0.0,0.0,0.0,0.0,0.0,0.0,0.0,0.0,0.0,0.0,0.0,0.0,0.0,0.0,0.0,0.0,0.0,0.0,0.0,0.0,0.0,0.0,0.0,0.0,0.0,0.0,0.0,0.0,0.026804509,0.0,0.2857143,0.047465634,20.0,3.0445225,2.5914066,4.348563,7.3
NEG::random::0175,0,0.03846154,0.15384616,0.03846154,0.03846154,0.26923078,0.30769232,0.15384616,0.1923077,0.23076923,0.03846154,0.0,0.0,0.0,0.115384616,0.115384616,0.115384616,0.03846154,0.03846154,0.0,0.0,0.03846154,0.03846154,0.0,0.0,0.0,0.0,0.0,0.0,0.03846154,0.0,0.0,0.0,0.0,0.0,0.0,0.0,0.0,0.0,0.0,0.0,0.0,0.0,0.0,0.0,0.0,0.0,0.03846154,0.0,0.0,0.0,0.0,0.0,0.0,0.03846154,0.0,0.0,0.0,0.0,0.0,0.0,0.02829932,0.0,0.2,0.050695337,26.0,3.295837,2.692086,4.978207,8.576923
NEG::random::0176,0,0.05,0.2,0.05,0.05,0.3,0.1,0.35,0.0,0.25,0.0,0.0,0.0,0.0,0.0,0.0,0.0,0.0,0.1,0.0,0.0,0.0,0.1,0.0,0.0,0.0,0.05,0.0,0.0,0.1,0.0,0.0,0.0,0.0,0.0,0.0,0.0,0.0,0.0,0.0,0.0,0.0,0.0,0.0,0.0,0.0,0.0,0.05,0.0,0.05,0.0,0.0,0.0,0.0,0.0,0.0,0.05,0.0,0.0,0.0,0.0,0.027077107,0.0,0.33333334,0.05166398,20.0,3.0445225,2.4349868,3.6469164,7.0
NEG::random::0177,0,0.0,0.16666667,0.0,0.0,0.5833333,0.25,0.16666667,0.16666667,0.25,0.0,0.0,0.0,0.0,0.083333336,0.083333336,0.083333336,0.0,0.0,0.083333336,0.0,0.0,0.083333336,0.0,0.0,0.0,0.0,0.0,0.0,0.083333336,0.0,0.0,0.0,0.0,0.0,0.0,0.0,0.083333336,0.0,0.083333336,0.0,0.0,0.0,0.0,0.0,0.0,0.0,0.083333336,0.0,0.0,0.0,0.083333336,0.0,0.0,0.0,0.0,0.0,0.0,0.0,0.0,0.0,0.03365792,0.0,0.13043478,0.039555266,12.0,2.5649493,2.5268848,3.8324275,8.75
NEG::random::0178,0,0.055555556,0.22222222,0.0,0.0,0.5555556,0.22222222,0.3888889,0.2777778,0.2777778,0.0,0.0,0.0,0.0,0.0,0.0,0.0,0.11111111,0.0,0.055555556,0.0,0.0,0.0,0.055555556,0.055555556,0.0,0.0,0.055555556,0.0,0.055555556,0.0,0.0,0.0,0.0,0.0,0.0,0.0,0.0,0.0,0.0,0.0,0.0,0.0,0.0,0.0,0.0,0.0,0.0,0.0,0.0,0.0,0.0,0.0,0.0,0.0,0.0,0.0,0.0,0.0,0.0,0.0,0.04677844,0.0,0.75,0.087283894,18.0,2.944439,2.244497,5.2493386,9.333333
NEG::random::0179,0,0.0,0.15384616,0.0,0.0,0.07692308,0.07692308,0.30769232,0.0,0.23076923,0.0,0.07692308,0.07692308,0.0,0.0,0.0,0.0,0.0,0.07692308,0.0,0.0,0.0,0.0,0.0,0.0,0.0,0.0,0.0,0.0,0.0,0.0,0.0,0.0,0.0,0.0,0.0,0.0,0.0,0.0,0.0,0.0,0.0,0.0,0.0,0.0,0.0,0.0,0.0,0.0,0.0,0.0,0.0,0.0,0.0,0.0,0.0,0.0,0.0,0.0,0.0,0.0,0.025794143,0.0,0.2857143,0.05122665,13.0,2.6390574,1.9085362,2.9251006,5.5384617
NEG::random::0180,0,0.0,0.26666668,0.0,0.0,0.26666668,0.2,0.2,0.13333334,0.06666667,0.0,0.06666667,0.0,0.0,0.06666667,0.06666667,0.06666667,0.06666667,0.06666667,0.06666667,0.0,0.0,0.0,0.0,0.0,0.0,0.0,0.0,0.0,0.0,0.0,0.0,0.0,0.0,0.0,0.0,0.0,0.0,0.0,0.0,0.0,0.0,0.0,0.0,0.0,0.0,0.0,0.0,0.0,0.0,0.0,0.0,0.0,0.0,0.0,0.0,0.0,0.0,0.0,0.0,0.0,0.04082266,0.0,0.22222222,0.062901966,15.0,2.7725887,2.3835409,2.305549,5.866667
NEG::random::0181,0,0.0,0.09090909,0.0,0.0,0.36363637,0.09090909,0.27272728,0.18181819,0.27272728,0.0,0.09090909,0.0,0.0,0.0,0.09090909,0.09090909,0.09090909,0.09090909,0.09090909,0.0,0.0,0.0,0.0,0.0,0.0,0.09090909,0.0,0.0,0.0,0.0,0.0,0.0,0.0,0.0,0.0,0.0,0.0,0.0,0.0,0.0,0.0,0.0,0.0,0.0,0.0,0.0,0.0,0.0,0.0,0.0,0.0,0.0,0.0,0.0,0.0,0.0,0.0,0.0,0.0,0.0,0.04681519,0.0,0.3,0.06498711,11.0,2.4849067,2.4005637,3.9542842,7.0
NEG::random::0182,0,0.04761905,0.1904762,0.04761905,0.04761905,0.33333334,0.1904762,0.1904762,0.04761905,0.14285715,0.04761905,0.0,0.0,0.0,0.0,0.0,0.0,0.04761905,0.0952381,0.0,0.04761905,0.0,0.0,0.04761905,0.04761905,0.04761905,0.0,0.0,0.0,0.0952381,0.0,0.0,0.0,0.0,0.0,0.0,0.0,0.0,0.0,0.0,0.0,0.0,0.0,0.0,0.0,0.0,0.0,0.0,0.0,0.0,0.0,0.0,0.0,0.0,0.0,0.04761905,0.0,0.0,0.0,0.0,0.0,0.02786799,0.0,0.18181819,0.046154104,21.0,3.0910425,2.6291528,3.5932665,7.428571
NEG::random::0183,0,0.0625,0.0625,0.0,0.0625,0.25,0.1875,0.3125,0.0625,0.125,0.0,0.125,0.0,0.0625,0.0,0.0,0.0,0.125,0.0,0.0625,0.0,0.0,0.0,0.0,0.0,0.0,0.0,0.0,0.0,0.125,0.0,0.0,0.0,0.0,0.0,0.0,0.0,0.0,0.0,0.0,0.0,0.0,0.0,0.0,0.0,0.0,0.0,0.0,0.0,0.0,0.0,0.0,0.0,0.0,0.0,0.0,0.0,0.0,0.0,0.0,0.0,0.054604486,0.0,0.375,0.06892902,16.0,2.8332133,2.3952746,4.106017,8.125
NEG::random::0184,0,0.06666667,0.0,0.0,0.06666667,0.26666668,0.06666667,0.33333334,0.13333334,0.13333334,0.0,0.0,0.0,0.0,0.0,0.0,0.0,0.0,0.06666667,0.0,0.06666667,0.0,0.0,0.0,0.0,0.0,0.0,0.0,0.0,0.06666667,0.0,0.0,0.0,0.0,0.0,0.0,0.0,0.0,0.0,0.0,0.0,0.0,0.0,0.0,0.0,0.0,0.0,0.0,0.0,0.0,0.0,0.0,0.0,0.0,0.0,0.0,0.0,0.0,0.0,0.0,0.0,0.02303671,0.0,0.2,0.04415529,15.0,2.7725887,2.0831263,5.4389544,7.133333
NEG::random::0185,0,0.03846154,0.115384616,0.03846154,0.03846154,0.26923078,0.26923078,0.3846154,0.1923077,0.1923077,0.0,0.07692308,0.0,0.0,0.03846154,0.07692308,0.03846154,0.07692308,0.03846154,0.03846154,0.0,0.0,0.0,0.03846154,0.03846154,0.03846154,0.0,0.0,0.0,0.03846154,0.0,0.0,0.0,0.0,0.0,0.0,0.0,0.0,0.0,0.0,0.03846154,0.0,0.0,0.0,0.0,0.0,0.0,0.0,0.0,0.0,0.0,0.0,0.0,0.0,0.0,0.0,0.0,0.0,0.0,0.0,0.0,0.03716873,0.0,0.21052632,0.048815347,26.0,3.295837,2.6651938,5.379256,8.423077
NEG::random::0186,0,0.09090909,0.09090909,0.0,0.0,0.09090909,0.09090909,0.27272728,0.0,0.18181819,0.0,0.0,0.0,0.0,0.0,0.0,0.0,0.18181819,0.0,0.09090909,0.0,0.0,0.0,0.0,0.0,0.0,0.0,0.0,0.0,0.0,0.0,0.0,0.0,0.0,0.0,0.0,0.0,0.0,0.0,0.0,0.09090909,0.0,0.0,0.0,0.0,0.0,0.0,0.0,0.0,0.0,0.0,0.0,0.0,0.0,0.0,0.0,0.0,0.0,0.0,0.0,0.0,0.030617716,0.0,0.46153846,0.08071677,11.0,2.4849067,2.0981483,2.6998622,6.2727275
NEG::random::0187,0,0.0,0.07692308,0.07692308,0.07692308,0.15384616,0.3846154,0.23076923,0.07692308,0.23076923,0.0,0.0,0.0,0.0,0.07692308,0.07692308,0.07692308,0.0,0.07692308,0.0,0.0,0.0,0.0,0.07692308,0.0,0.07692308,0.0,0.0,0.0,0.07692308,0.0,0.0,0.0,0.0,0.0,0.0,0.0,0.0,0.0,0.0,0.07692308,0.0,0.0,0.0,0.0,0.0,0.0,0.0,0.0,0.07692308,0.0,0.0,0.0,0.0,0.0,0.0,0.0,0.0,0.0,0.0,0.0,0.027790846,0.0,0.22222222,0.045470834,13.0,2.6390574,2.6417449,3.4997888,8.461538
NEG::random::0188,0,0.0,0.0,0.0,0.0,0.2631579,0.21052632,0.47368422,0.15789473,0.15789473,0.0,0.0,0.0,0.05263158,0.05263158,0.10526316,0.05263158,0.10526316,0.05263158,0.05263158,0.05263158,0.05263158,0.0,0.05263158,0.0,0.0,0.0,0.05263158,0.0,0.05263158,0.0,0.0,0.0,0.0,0.0,0.0,0.0,0.0,0.0,0.0,0.10526316,0.0,0.0,0.0,0.05263158,0.0,0.0,0.0,0.0,0.0,0.0,0.0,0.0,0.0,0.0,0.0,0.0,0.0,0.0,0.0,0.0,0.037781466,0.0,0.22222222,0.050315402,19.0,2.9957323,2.637525,5.9209943,8.315789
NEG::random::0189,0,0.03448276,0.2413793,0.0,0.0,0.20689656,0.1724138,0.37931034,0.1724138,0.1724138,0.03448276,0.03448276,0.0,0.0,0.03448276,0.03448276,0.03448276,0.06896552,0.03448276,0.06896552,0.0,0.0,0.0,0.06896552,0.0,0.0,0.0,0.06896552,0.0,0.03448276,0.03448276,0.0,0.0,0.0,0.0,0.0,0.0,0.0,0.0,0.0,0.0,0.0,0.0,0.0,0.0,0.0,0.0,0.0,0.0,0.0,0.0,0.03448276,0.0,0.0,0.0,0.0,0.0,0.0,0.0,0.0,0.0,0.032664694,0.0,0.33333334,0.052901037,29.0,3.4011974,2.6319022,9.553529,9.620689
NEG::random::0190,0,0.04761905,0.14285715,0.0,0.0,0.33333334,0.0952381,0.42857143,0.1904762,0.1904762,0.04761905,0.0,0.0,0.0,0.04761905,0.04761905,0.04761905,0.04761905,0.04761905,0.0,0.0,0.0,0.0,0.04761905,0.04761905,0.0,0.0,0.0,0.0,0.04761905,0.0,0.0,0.0,0.0,0.0,0.0,0.0,0.0,0.0,0.0,0.04761905,0.0,0.0,0.0,0.0,0.0,0.0,0.0,0.0,0.0,0.0,0.0,0.0,0.0,0.0,0.0,0.0,0.0,0.0,0.0,0.0,0.044918213,0.0,0.22222222,0.055081375,21.0,3.0910425,2.459658,3.8621366,8.809524
NEG::random::0191,0,0.04,0.08,0.0,0.04,0.16,0.24,0.16,0.12,0.24,0.0,0.08,0.0,0.0,0.04,0.04,0.04,0.04,0.04,0.04,0.0,0.0,0.04,0.0,0.0,0.0,0.12,0.0,0.0,0.08,0.0,0.0,0.0,0.0,0.0,0.0,0.0,0.0,0.0,0.0,0.08,0.0,0.0,0.0,0.04,0.0,0.0,0.0,0.0,0.0,0.0,0.0,0.0,0.0,0.0,0.0,0.0,0.0,0.0,0.0,0.0,0.0342115,0.0,0.23529412,0.052230142,25.0,3.2580965,2.7676373,3.7146199,8.04
NEG::random::0192,0,0.0,0.0,0.0,0.0,0.5,0.0,0.125,0.0,0.375,0.0,0.0,0.0,0.0,0.0,0.0,0.0,0.0,0.0,0.0,0.0,0.125,0.0,0.0,0.0,0.0,0.0,0.0,0.0,0.0,0.0,0.0,0.0,0.0,0.0,0.0,0.0,0.0,0.0,0.0,0.125,0.0,0.0,0.0,0.0,0.0,0.0,0.0,0.0,0.0,0.0,0.0,0.0,0.0,0.0,0.0,0.0,0.0,0.0,0.0,0.0,0.056132894,0.0,0.2,0.05254327,8.0,2.1972246,1.4184846,5.2186565,10.375
NEG::random::0193,0,0.0,0.1,0.0,0.2,0.1,0.5,0.5,0.0,0.1,0.0,0.0,0.0,0.0,0.0,0.0,0.0,0.0,0.1,0.0,0.0,0.0,0.0,0.1,0.0,0.1,0.0,0.0,0.0,0.1,0.0,0.0,0.0,0.0,0.0,0.1,0.0,0.0,0.0,0.0,0.0,0.0,0.0,0.0,0.0,0.0,0.0,0.0,0.0,0.0,0.0,0.0,0.0,0.0,0.0,0.0,0.0,0.0,0.0,0.0,0.0,0.051533844,0.0,0.2857143,0.07009655,10.0,2.3978953,2.121699,4.422669,7.8
NEG::random::0194,0,0.4,0.0,0.2,0.4,0.0,0.2,0.2,0.2,0.0,0.0,0.0,0.0,0.0,0.0,0.0,0.0,0.0,0.2,0.0,0.0,0.0,0.0,0.0,0.0,0.0,0.0,0.0,0.0,0.2,0.0,0.0,0.0,0.0,0.0,0.0,0.0,0.0,0.0,0.0,0.0,0.0,0.0,0.0,0.0,0.0,0.0,0.0,0.0,0.0,0.0,0.0,0.0,0.0,0.0,0.0,0.0,0.0,0.0,0.0,0.0,0.053333335,0.0,0.33333334,0.10132456,5.0,1.7917595,2.0253267,2.2449944,6.6
NEG::random::0195,0,0.08,0.08,0.04,0.12,0.28,0.16,0.28,0.0,0.2,0.0,0.0,0.04,0.0,0.0,0.0,0.0,0.04,0.0,0.04,0.0,0.0,0.0,0.0,0.0,0.0,0.04,0.0,0.0,0.0,0.0,0.0,0.04,0.0,0.0,0.0,0.0,0.0,0.0,0.0,0.04,0.0,0.0,0.0,0.0,0.0,0.0,0.0,0.0,0.0,0.0,0.0,0.0,0.0,0.0,0.0,0.0,0.0,0.0,0.0,0.0,0.03357794,0.0,0.25,0.054303106,25.0,3.2580965,2.3432555,4.701659,7.88
NEG::random::0196,0,0.0,0.25,0.125,0.125,0.25,0.25,0.125,0.0,0.125,0.125,0.125,0.0,0.0,0.0,0.0,0.0,0.0,0.125,0.125,0.0,0.0,0.0,0.0,0.0,0.0,0.0,0.0,0.0,0.125,0.0,0.0,0.0,0.0,0.0,0.0,0.0,0.0,0.0,0.0,0.0,0.0,0.0,0.0,0.0,0.0,0.0,0.0,0.0,0.0,0.0,0.0,0.0,0.0,0.0,0.0,0.0,0.0,0.0,0.0,0.0,0.028047923,0.0,0.14285715,0.041166328,8.0,2.1972246,2.4307919,3.4072533,7.875
NEG::random::0197,0,0.0,0.16666667,0.0,0.0,0.16666667,0.0,0.33333334,0.16666667,0.0,0.16666667,0.16666667,0.0,0.0,0.0,0.0,0.0,0.0,0.0,0.0,0.0,0.0,0.0,0.0,0.0,0.0,0.0,0.0,0.0,0.0,0.0,0.0,0.0,0.0,0.0,0.0,0.0,0.0,0.0,0.0,0.0,0.0,0.0,0.0,0.0,0.0,0.0,0.0,0.0,0.0,0.0,0.0,0.0,0.0,0.0,0.0,0.0,0.0,0.0,0.0,0.0,0.017350428,0.0,0.1,0.03497241,6.0,1.9459101,1.747869,2.0548046,6.6666665
NEG::random::0198,0,0.10526316,0.10526316,0.0,0.05263158,0.31578946,0.21052632,0.15789473,0.0,0.15789473,0.0,0.0,0.0,0.05263158,0.0,0.0,0.05263158,0.05263158,0.05263158,0.05263158,0.0,0.0,0.0,0.0,0.0,0.0,0.0,0.0,0.0,0.0,0.0,0.0,0.0,0.0,0.0,0.0,0.0,0.0,0.0,0.0,0.0,0.0,0.0,0.0,0.0,0.0,0.0,0.0,0.0,0.0,0.0,0.0,0.0,0.0,0.0,0.0,0.0,0.0,0.0,0.0,0.0,0.028074272,0.0,0.26666668,0.04521305,19.0,2.9957323,2.2711742,4.317073,7.6842103
NEG::random::0199,0,0.0,0.15,0.05,0.05,0.3,0.15,0.3,0.2,0.2,0.05,0.15,0.0,0.0,0.05,0.05,0.05,0.1,0.05,0.0,0.0,0.0,0.0,0.0,0.0,0.05,0.0,0.0,0.0,0.05,0.0,0.0,0.0,0.0,0.0,0.0,0.0,0.0,0.0,0.0,0.0,0.0,0.0,0.0,0.05,0.05,0.0,0.0,0.0,0.0,0.0,0.0,0.0,0.0,0.0,0.0,0.05,0.0,0.0,0.0,0.0,0.044211973,0.0,0.25,0.06056512,20.0,3.0445225,2.741078,6.1634,8.25
NEG::random::0200,0,0.0,0.0,0.0,0.0,0.42857143,0.14285715,0.42857143,0.0,0.14285715,0.0,0.0,0.0,0.0,0.0,0.0,0.0,0.2857143,0.14285715,0.0,0.0,0.0,0.0,0.0,0.0,0.0,0.0,0.0,0.0,0.14285715,0.0,0.0,0.0,0.0,0.0,0.0,0.0,0.0,0.0,0.0,0.0,0.0,0.0,0.0,0.0,0.0,0.0,0.0,0.0,0.0,0.0,0.0,0.0,0.0,0.0,0.0,0.0,0.0,0.0,0.0,0.0,0.03950815,0.0,0.27272728,0.06672971,7.0,2.0794415,1.8200766,4.6291003,8.0
NEG::random::0201,0,0.04347826,0.17391305,0.0,0.0,0.4347826,0.13043478,0.17391305,0.04347826,0.2173913,0.0,0.04347826,0.0,0.0,0.0,0.0,0.0,0.04347826,0.04347826,0.04347826,0.0,0.0,0.04347826,0.0,0.0,0.0,0.0,0.0,0.0,0.0,0.0,0.0,0.0,0.0,0.0,0.0,0.0,0.0,0.0,0.0,0.0,0.0,0.0,0.0,0.0,0.04347826,0.0,0.0,0.0,0.0,0.0,0.0,0.0,0.04347826,0.0,0.0,0.0,0.0,0.0,0.0,0.0,0.052554075,0.0,0.33333334,0.070296735,23.0,3.1780539,2.2565134,4.0395026,6.826087
NEG::random::0202,0,0.06666667,0.13333334,0.0,0.06666667,0.2,0.4,0.2,0.06666667,0.26666668,0.0,0.0,0.0,0.0,0.06666667,0.06666667,0.06666667,0.0,0.0,0.06666667,0.06666667,0.06666667,0.0,0.0,0.0,0.0,0.0,0.0,0.0,0.06666667,0.0,0.0,0.0,0.0,0.0,0.0,0.0,0.0,0.0,0.0,0.0,0.0,0.0,0.0,0.0,0.0,0.0,0.0,0.0,0.0,0.0,0.0,0.0,0.0,0.0,0.0,0.0,0.0,0.0,0.0,0.0,0.051897768,0.0,0.33333334,0.064463854,15.0,2.7725887,2.465287,3.2550814,8.066667
NEG::random::0203,0,0.0,0.13636364,0.09090909,0.045454547,0.22727273,0.22727273,0.36363637,0.045454547,0.18181819,0.09090909,0.0,0.0,0.045454547,0.0,0.0,0.0,0.045454547,0.0,0.0,0.0,0.0,0.0,0.0,0.0,0.0,0.045454547,0.0,0.0,0.045454547,0.0,0.0,0.0,0.0,0.0,0.0,0.0,0.0,0.0,0.0,0.0,0.0,0.0,0.0,0.0,0.0,0.0,0.0,0.0,0.0,0.0,0.0,0.0,0.0,0.0,0.0,0.0,0.0,0.0,0.0,0.0,0.040719938,0.0,0.35714287,0.07131013,22.0,3.1354942,2.288391,2.7592819,7.5
NEG::random::0204,0,0.0,0.1875,0.0625,0.0,0.125,0.25,0.4375,0.25,0.25,0.0,0.0625,0.0,0.0,0.0625,0.125,0.0625,0.125,0.0625,0.0,0.0,0.0,0.0,0.0625,0.0,0.0,0.0,0.0,0.0,0.0625,0.0,0.0,0.0,0.0,0.0,0.0625,0.0,0.0,0.0,0.0,0.0625,0.0,0.0,0.0,0.0,0.0625,0.0,0.0,0.0,0.0,0.0,0.0,0.0,0.0,0.0,0.0,0.0,0.0,0.0,0.0,0.0,0.03807847,0.0,0.20833333,0.04732307,16.0,2.8332133,2.6451755,4.2348075,9.9375
NEG::random::0205,0,0.0,0.07692308,0.0,0.03846154,0.26923078,0.23076923,0.42307693,0.23076923,0.34615386,0.03846154,0.0,0.0,0.0,0.03846154,0.07692308,0.03846154,0.03846154,0.03846154,0.0,0.0,0.07692308,0.0,0.0,0.0,0.0,0.0,0.0,0.0,0.03846154,0.0,0.0,0.03846154,0.0,0.0,0.0,0.0,0.0,0.0,0.0,0.03846154,0.0,0.0,0.0,0.0,0.0,0.0,0.0,0.0,0.0,0.0,0.0,0.0,0.0,0.0,0.0,0.0,0.0,0.0,0.0,0.0,0.08137643,0.0,0.7777778,0.09562208,26.0,3.295837,2.4068875,4.655594,8.307693
NEG::random::0206,0,0.0,0.1,0.0,0.0,0.3,0.0,0.4,0.0,0.2,0.0,0.0,0.0,0.0,0.0,0.0,0.0,0.1,0.0,0.1,0.0,0.1,0.0,0.0,0.0,0.0,0.0,0.0,0.0,0.0,0.0,0.0,0.0,0.0,0.0,0.1,0.0,0.0,0.0,0.1,0.0,0.0,0.0,0.0,0.0,0.0,0.0,0.1,0.0,0.0,0.0,0.0,0.0,0.0,0.0,0.0,0.0,0.0,0.0,0.0,0.0,0.030757515,0.0,0.14285715,0.045458943,10.0,2.3978953,2.1333826,1.7776389,6.2
NEG::random::0207,0,0.08695652,0.13043478,0.0,0.04347826,0.3043478,0.2173913,0.2173913,0.13043478,0.2173913,0.0,0.04347826,0.0,0.0,0.0,0.0,0.0,0.0,0.0,0.0,0.0,0.04347826,0.13043478,0.04347826,0.0,0.0,0.0,0.04347826,0.0,0.0,0.0,0.0,0.0,0.0,0.0,0.0,0.0,0.0,0.0,0.0,0.13043478,0.0,0.0,0.0,0.0,0.0,0.0,0.0,0.0,0.0,0.0,0.0,0.0,0.0,0.0,0.0,0.0,0.0,0.0,0.0,0.0,0.040840045,0.0,0.25925925,0.052635126,23.0,3.1780539,2.4371681,5.3951597,8.608696
NEG::random::0208,0,0.0,0.25,0.0,0.0,0.25,0.25,0.125,0.125,0.0,0.0,0.0,0.0,0.0,0.0,0.0,0.0,0.0,0.0,0.0,0.0,0.0,0.0,0.0,0.0,0.0,0.0,0.0,0.0,0.0,0.0,0.0,0.0,0.0,0.0,0.0,0.0,0.0,0.0,0.0,0.0,0.0,0.0,0.0,0.0,0.0,0.0,0.0,0.0,0.0,0.0,0.0,0.0,0.0,0.0,0.0,0.0,0.0,0.0,0.0,0.0,0.056977414,0.0,0.16666667,0.04555694,8.0,2.1972246,1.5595822,2.4206145,6.875
NEG::random::0209,0,0.0,0.125,0.0,0.0,0.375,0.125,0.25,0.0,0.25,0.0,0.0,0.0,0.0,0.0,0.0,0.0,0.0,0.0,0.0,0.0,0.0,0.0,0.0,0.0,0.0,0.125,0.0,0.0,0.0,0.0,0.0,0.0,0.0,0.0,0.0,0.0,0.0,0.0,0.0,0.0,0.0,0.0,0.0,0.0,0.0,0.0,0.125,0.0,0.0,0.0,0.0,0.0,0.125,0.0,0.0,0.0,0.0,0.0,0.0,0.0,0.021842146,0.0,0.09090909,0.035060447,8.0,2.1972246,1.9792053,1.9960899,7.625
NEG::random::0210,0,0.1,0.4,0.0,0.05,0.2,0.3,0.4,0.1,0.1,0.1,0.0,0.0,0.0,0.0,0.0,0.0,0.0,0.0,0.05,0.0,0.0,0.0,0.0,0.0,0.0,0.0,0.0,0.0,0.0,0.05,0.0,0.0,0.0,0.0,0.0,0.0,0.0,0.0,0.0,0.0,0.0,0.0,0.0,0.0,0.0,0.0,0.0,0.0,0.0,0.0,0.0,0.0,0.0,0.0,0.05,0.0,0.0,0.0,0.0,0.0,0.04284751,0.0,0.25,0.057126,20.0,3.0445225,2.1872716,11.06108,9.95
NEG::random::0211,0,0.041666668,0.041666668,0.041666668,0.041666668,0.20833333,0.16666667,0.45833334,0.16666667,0.29166666,0.041666668,0.125,0.0,0.0,0.0,0.0,0.0,0.083333336,0.041666668,0.0,0.0,0.0,0.041666668,0.0,0.0,0.0,0.0,0.0,0.0,0.041666668,0.0,0.0,0.0,0.0,0.0,0.0,0.0,0.0,0.0,0.0,0.041666668,0.0,0.0,0.0,0.0,0.0,0.0,0.041666668,0.0,0.0,0.0,0.0,0.0,0.0,0.0,0.0,0.0,0.0,0.0,0.0,0.0,0.04708127,0.0,0.6666667,0.080419876,24.0,3.218876,2.4412963,3.5930102,7.9166665
NEG::random::0212,0,0.0,0.23076923,0.0,0.0,0.07692308,0.53846157,0.30769232,0.07692308,0.15384616,0.07692308,0.0,0.0,0.0,0.07692308,0.07692308,0.0,0.0,0.15384616,0.07692308,0.0,0.0,0.0,0.0,0.0,0.0,0.0,0.0,0.0,0.15384616,0.0,0.0,0.0,0.0,0.0,0.0,0.0,0.0,0.0,0.0,0.0,0.0,0.0,0.0,0.0,0.0,0.07692308,0.0,0.0,0.0,0.0,0.0,0.0,0.0,0.0,0.0,0.0,0.0,0.0,0.0,0.0,0.042408142,0.0,0.2857143,0.061496027,13.0,2.6390574,2.3098645,4.0191846,8.0
NEG::random::0213,0,0.0,0.14285715,0.0,0.0,0.0,0.2857143,0.2857143,0.14285715,0.2857143,0.0,0.0,0.0,0.0,0.0,0.0,0.0,0.14285715,0.0,0.0,0.0,0.0,0.0,0.0,0.0,0.0,0.0,0.0,0.0,0.0,0.0,0.0,0.0,0.0,0.0,0.0,0.0,0.0,0.0,0.0,0.0,0.0,0.0,0.0,0.0,0.0,0.0,0.0,0.0,0.0,0.0,0.0,0.0,0.0,0.0,0.0,0.0,0.0,0.0,0.0,0.0,0.024410114,0.0,0.15384616,0.046419032,7.0,2.0794415,1.7351273,2.0995626,7.142857
NEG::random::0214,0,0.0,0.0,0.0,0.0,0.0,0.0,0.6666667,0.0,0.0,0.0,0.0,0.0,0.0,0.0,0.0,0.0,0.0,0.0,0.0,0.0,0.0,0.0,0.0,0.0,0.0,0.0,0.0,0.0,0.0,0.0,0.0,0.0,0.0,0.0,0.0,0.0,0.0,0.0,0.0,0.0,0.0,0.0,0.0,0.0,0.0,0.0,0.0,0.0,0.0,0.0,0.0,0.0,0.0,0.0,0.0,0.0,0.0,0.0,0.0,0.0,0.041666668,0.0,0.125,0.058925565,3.0,1.3862944,1.8865652e-06,1.4142135,4.0
NEG::random::0215,0,0.0,0.22727273,0.0,0.0,0.18181819,0.09090909,0.18181819,0.18181819,0.09090909,0.045454547,0.0,0.0,0.0,0.0,0.045454547,0.0,0.09090909,0.27272728,0.045454547,0.0,0.0,0.09090909,0.0,0.0,0.0,0.045454547,0.0,0.0,0.045454547,0.0,0.0,0.0,0.0,0.0,0.0,0.0,0.0,0.0,0.0,0.0,0.0,0.0,0.0,0.0,0.0,0.0,0.0,0.0,0.0,0.0,0.0,0.0,0.0,0.0,0.0,0.045454547,0.0,0.0,0.0,0.0,0.052518643,0.0,0.44444445,0.0874682,22.0,3.1354942,2.5033927,3.4855072,7.181818
NEG::random::0216,0,0.0,0.21428572,0.0,0.0,0.14285715,0.35714287,0.35714287,0.2857143,0.14285715,0.0,0.0,0.0,0.071428575,0.14285715,0.14285715,0.14285715,0.071428575,0.0,0.0,0.071428575,0.0,0.0,0.0,0.0,0.0,0.0,0.0,0.0,0.071428575,0.0,0.0,0.0,0.0,0.0,0.0,0.0,0.0,0.0,0.0,0.071428575,0.0,0.0,0.0,0.071428575,0.0,0.0,0.0,0.0,0.0,0.0,0.0,0.0,0.0,0.0,0.0,0.0,0.0,0.0,0.0,0.0,0.04372894,0.0,0.33333334,0.06511981,14.0,2.7080503,2.5308454,4.3454175,8.785714
NEG::random::0217,0,0.0,0.0,0.0,0.04761905,0.23809524,0.1904762,0.33333334,0.0,0.14285715,0.0,0.04761905,0.0,0.0,0.0,0.0,0.0,0.04761905,0.04761905,0.0,0.0,0.0,0.0,0.04761905,0.0,0.0,0.04761905,0.0,0.0,0.14285715,0.0,0.0,0.0,0.0,0.0,0.0,0.0,0.0,0.0,0.04761905,0.04761905,0.0,0.0,0.0,0.0,0.0,0.0,0.04761905,0.0,0.0,0.0,0.0,0.0,0.0,0.0,0.0,0.0,0.0,0.0,0.0,0.0,0.030144379,0.0,0.25,0.052131295,21.0,3.0910425,2.3434906,2.7536824,6.8095236
NEG::random::0218,0,0.0,0.13793103,0.0,0.0,0.27586207,0.1724138,0.41379312,0.13793103,0.20689656,0.06896552,0.0,0.0,0.03448276,0.0,0.0,0.0,0.10344828,0.06896552,0.0,0.0,0.0,0.03448276,0.0,0.0,0.03448276,0.0,0.0,0.0,0.03448276,0.0,0.0,0.0,0.0,0.0,0.03448276,0.0,0.0,0.03448276,0.0,0.0,0.0,0.0,0.0,0.0,0.0,0.0,0.0,0.0,0.03448276,0.0,0.03448276,0.0,0.0,0.0,0.0,0.0,0.0,0.0,0.0,0.0,0.043192554,0.0,0.2857143,0.057855863,29.0,3.4011974,2.462856,8.837548,8.965517
NEG::random::0219,0,0.083333336,0.16666667,0.083333336,0.083333336,0.25,0.5,0.25,0.16666667,0.083333336,0.0,0.083333336,0.0,0.0,0.0,0.0,0.0,0.0,0.0,0.0,0.0,0.0,0.0,0.083333336,0.0,0.0,0.0,0.0,0.0,0.0,0.0,0.0,0.0,0.0,0.0,0.0,0.0,0.0,0.0,0.0,0.0,0.0,0.0,0.0,0.0,0.0,0.0,0.0,0.0,0.0,0.0,0.0,0.0,0.0,0.083333336,0.0,0.0,0.0,0.0,0.0,0.0,0.033142556,0.0,0.21428572,0.044034738,12.0,2.5649493,2.2609375,4.4814434,8.5
NEG::random::0220,0,0.0,0.125,0.0,0.0625,0.1875,0.3125,0.375,0.125,0.4375,0.0625,0.0,0.0,0.0,0.0,0.0,0.0,0.0,0.0,0.0,0.0,0.0,0.0625,0.0,0.0,0.0,0.0625,0.0,0.0,0.0625,0.0,0.0,0.0,0.0,0.0,0.0,0.0,0.0,0.0,0.0,0.0,0.0,0.0,0.0,0.0,0.0625,0.0625,0.0,0.0,0.0,0.0,0.0,0.0,0.0,0.0,0.0,0.0,0.0,0.0,0.0,0.0,0.04363341,0.0,0.2,0.04869974,16.0,2.8332133,2.2630007,4.8116884,9.8125
NEG::random::0221,0,0.0,0.4117647,0.0,0.0,0.23529412,0.11764706,0.4117647,0.0,0.05882353,0.05882353,0.0,0.0,0.0,0.0,0.0,0.0,0.11764706,0.11764706,0.11764706,0.0,0.0,0.0,0.05882353,0.0,0.0,0.0,0.0,0.0,0.11764706,0.0,0.0,0.0,0.0,0.0,0.0,0.0,0.0,0.0,0.0,0.0,0.0,0.0,0.0,0.0,0.0,0.0,0.0,0.0,0.0,0.0,0.0,0.0,0.0,0.0,0.0,0.05882353,0.0,0.0,0.0,0.0,0.03398893,0.0,0.41666666,0.055211294,17.0,2.8903718,2.2245054,4.758529,8.941176
NEG::random::0222,0,0.0,0.22222222,0.0,0.0,0.16666667,0.22222222,0.5,0.055555556,0.2777778,0.055555556,0.055555556,0.0,0.0,0.0,0.0,0.0,0.055555556,0.0,0.0,0.055555556,0.0,0.0,0.0,0.0,0.0,0.0,0.0,0.0,0.11111111,0.0,0.0,0.0,0.0,0.0,0.0,0.0,0.0,0.0,0.0,0.0,0.0,0.0,0.0,0.0,0.0,0.055555556,0.0,0.0,0.0,0.0,0.0,0.0,0.0,0.0,0.0,0.0,0.0,0.0,0.0,0.0,0.04754452,0.0,0.25,0.05893712,18.0,2.944439,2.1754568,5.2587376,8.888889
NEG::random::0223,0,0.1,0.15,0.05,0.1,0.25,0.25,0.25,0.15,0.15,0.05,0.05,0.0,0.0,0.05,0.05,0.05,0.0,0.0,0.05,0.0,0.0,0.0,0.0,0.0,0.0,0.0,0.0,0.0,0.1,0.0,0.0,0.0,0.0,0.0,0.0,0.0,0.05,0.0,0.0,0.0,0.0,0.0,0.0,0.0,0.0,0.0,0.0,0.0,0.0,0.0,0.0,0.0,0.0,0.0,0.0,0.0,0.0,0.0,0.0,0.0,0.029989522,0.0,0.33333334,0.048829965,20.0,3.0445225,2.6326401,6.4844046,9.55
NEG::random::0224,0,0.0,0.071428575,0.0,0.0,0.35714287,0.2857143,0.14285715,0.0,0.21428572,0.0,0.0,0.0,0.0,0.0,0.0,0.0,0.14285715,0.071428575,0.0,0.0,0.0,0.0,0.0,0.0,0.0,0.0,0.0,0.0,0.0,0.0,0.0,0.0,0.0,0.0,0.0,0.0,0.0,0.0,0.0,0.071428575,0.0,0.0,0.0,0.0,0.0,0.0,0.0,0.0,0.0,0.0,0.0,0.0,0.0,0.0,0.0,0.0,0.0,0.0,0.0,0.0,0.0306752,0.0,0.25,0.047880657,14.0,2.7080503,1.9096612,6.983947,11.285714
NEG::random::0225,0,0.04,0.12,0.0,0.0,0.32,0.12,0.4,0.0,0.08,0.0,0.0,0.0,0.0,0.0,0.0,0.0,0.08,0.08,0.08,0.0,0.0,0.0,0.0,0.0,0.0,0.0,0.0,0.0,0.04,0.0,0.0,0.0,0.0,0.0,0.0,0.0,0.04,0.0,0.0,0.0,0.0,0.0,0.0,0.04,0.0,0.0,0.0,0.0,0.0,0.0,0.0,0.0,0.04,0.0,0.0,0.0,0.0,0.0,0.0,0.0,0.040842198,0.0,0.90909094,0.09604639,25.0,3.2580965,2.2109663,3.4742482,6.36
NEG::random::0226,0,0.071428575,0.071428575,0.0,0.0,0.21428572,0.071428575,0.35714287,0.071428575,0.071428575,0.071428575,0.0,0.0,0.071428575,0.0,0.0,0.0,0.0,0.0,0.0,0.0,0.0,0.0,0.071428575,0.0,0.0,0.071428575,0.0,0.0,0.0,0.0,0.0,0.0,0.0,0.071428575,0.0,0.0,0.0,0.0,0.0,0.0,0.0,0.0,0.0,0.0,0.0,0.0,0.071428575,0.0,0.0,0.0,0.0,0.0,0.0,0.0,0.0,0.0,0.0,0.0,0.0,0.0,0.03686636,0.0,0.2857143,0.0581909,14.0,2.7080503,2.3474383,4.6996527,7.357143
NEG::random::0227,0,0.0,0.0,0.0,0.0,0.4,0.25,0.5,0.15,0.25,0.0,0.05,0.0,0.0,0.0,0.0,0.0,0.05,0.05,0.0,0.0,0.0,0.0,0.05,0.05,0.0,0.0,0.0,0.0,0.1,0.0,0.0,0.0,0.0,0.0,0.0,0.0,0.05,0.0,0.0,0.05,0.0,0.0,0.0,0.0,0.0,0.0,0.0,0.0,0.0,0.0,0.0,0.0,0.0,0.0,0.0,0.0,0.0,0.0,0.0,0.0,0.06330773,0.0,0.2,0.05201052,20.0,3.0445225,2.1779325,6.960424,9.95
NEG::random::0228,0,0.06666667,0.2,0.0,0.0,0.33333334,0.13333334,0.33333334,0.13333334,0.06666667,0.0,0.0,0.0,0.0,0.0,0.0,0.0,0.13333334,0.0,0.0,0.0,0.0,0.0,0.0,0.0,0.0,0.0,0.0,0.0,0.13333334,0.0,0.0,0.0,0.0,0.0,0.06666667,0.0,0.0,0.0,0.0,0.0,0.0,0.0,0.0,0.06666667,0.0,0.0,0.0,0.0,0.0,0.0,0.0,0.0,0.0,0.0,0.0,0.0,0.0,0.0,0.0,0.0,0.043542232,0.0,0.5,0.08188978,15.0,2.7725887,2.2214606,2.5871477,6.2
NEG::random::0229,0,0.074074075,0.18518518,0.037037037,0.037037037,0.11111111,0.22222222,0.18518518,0.074074075,0.11111111,0.0,0.037037037,0.0,0.0,0.037037037,0.037037037,0.037037037,0.074074075,0.074074075,0.0,0.0,0.0,0.0,0.074074075,0.0,0.037037037,0.037037037,0.0,0.0,0.074074075,0.0,0.0,0.0,0.0,0.0,0.0,0.0,0.0,0.0,0.0,0.0,0.0,0.0,0.0,0.0,0.0,0.0,0.0,0.0,0.0,0.0,0.0,0.0,0.0,0.0,0.0,0.0,0.0,0.0,0.0,0.0,0.033833183,0.0,0.27272728,0.05491735,27.0,3.3322046,2.7435184,2.8196838,6.4444447
NEG::random::0230,0,0.0,0.37037036,0.0,0.0,0.11111111,0.11111111,0.22222222,0.074074075,0.18518518,0.0,0.0,0.0,0.0,0.0,0.0,0.0,0.037037037,0.11111111,0.074074075,0.0,0.0,0.037037037,0.037037037,0.0,0.0,0.0,0.037037037,0.0,0.037037037,0.0,0.0,0.0,0.0,0.0,0.0,0.0,0.0,0.0,0.0,0.037037037,0.0,0.0,0.0,0.037037037,0.0,0.0,0.0,0.0,0.0,0.0,0.0,0.0,0.0,0.0,0.0,0.0,0.0,0.0,0.0,0.0,0.040391244,0.0,0.33333334,0.07139351,27.0,3.3322046,2.384702,4.1573973,7.111111
NEG::random::0231,0,0.0,0.05882353,0.0,0.0,0.23529412,0.11764706,0.47058824,0.11764706,0.23529412,0.0,0.05882353,0.0,0.0,0.05882353,0.05882353,0.05882353,0.11764706,0.11764706,0.05882353,0.0,0.05882353,0.0,0.0,0.0,0.0,0.0,0.0,0.0,0.05882353,0.0,0.0,0.0,0.0,0.0,0.0,0.0,0.0,0.0,0.0,0.0,0.0,0.0,0.0,0.0,0.0,0.05882353,0.0,0.0,0.0,0.0,0.0,0.0,0.0,0.0,0.0,0.0,0.0,0.0,0.0,0.0,0.03373376,0.0,0.5,0.062668405,17.0,2.8903718,2.488294,3.4319887,7.470588
NEG::random::0232,0,0.0,0.16,0.0,0.0,0.44,0.24,0.16,0.16,0.16,0.0,0.0,0.04,0.0,0.04,0.04,0.04,0.04,0.04,0.08,0.0,0.04,0.04,0.04,0.0,0.0,0.0,0.0,0.0,0.08,0.0,0.0,0.0,0.0,0.0,0.0,0.0,0.0,0.0,0.0,0.04,0.0,0.0,0.0,0.0,0.0,0.04,0.0,0.0,0.0,0.0,0.0,0.0,0.0,0.0,0.0,0.0,0.0,0.0,0.04,0.0,0.03825622,0.0,0.6666667,0.07396791,25.0,3.2580965,2.6248677,4.190656,8.28
NEG::random::0233,0,0.0,0.0,0.0,0.0,0.11111111,0.11111111,0.44444445,0.0,0.22222222,0.0,0.0,0.0,0.0,0.0,0.0,0.0,0.0,0.0,0.0,0.11111111,0.0,0.0,0.11111111,0.11111111,0.0,0.0,0.0,0.0,0.0,0.0,0.0,0.0,0.0,0.0,0.11111111,0.0,0.0,0.0,0.0,0.0,0.0,0.0,0.0,0.11111111,0.0,0.0,0.0,0.0,0.0,0.0,0.0,0.0,0.0,0.0,0.0,0.0,0.0,0.0,0.0,0.0,0.02833349,0.0,0.11764706,0.038267862,9.0,2.3025851,2.03176,3.337035,7.5555553
NEG::random::0234,0,0.03846154,0.07692308,0.03846154,0.0,0.03846154,0.115384616,0.42307693,0.03846154,0.26923078,0.0,0.07692308,0.0,0.0,0.0,0.0,0.0,0.07692308,0.07692308,0.0,0.0,0.0,0.03846154,0.03846154,0.03846154,0.0,0.0,0.0,0.0,0.03846154,0.0,0.0,0.0,0.0,0.0,0.0,0.0,0.0,0.0,0.0,0.07692308,0.0,0.0,0.0,0.0,0.0,0.0,0.0,0.0,0.0,0.0,0.0,0.0,0.0,0.0,0.0,0.0,0.0,0.0,0.0,0.0,0.05106701,0.0,0.2857143,0.06955006,26.0,3.295837,2.3757281,3.1978636,6.6538463
NEG::random::0235,0,0.07692308,0.15384616,0.07692308,0.07692308,0.23076923,0.46153846,0.15384616,0.30769232,0.23076923,0.0,0.30769232,0.0,0.0,0.07692308,0.07692308,0.07692308,0.0,0.07692308,0.0,0.0,0.0,0.07692308,0.0,0.0,0.0,0.15384616,0.07692308,0.0,0.0,0.0,0.0,0.0,0.0,0.0,0.0,0.0,0.0,0.0,0.0,0.0,0.0,0.0,0.0,0.0,0.0,0.0,0.0,0.0,0.0,0.0,0.0,0.0,0.0,0.0,0.0,0.0,0.0,0.0,0.0,0.0,0.048219487,0.0,0.25,0.06145338,13.0,2.6390574,2.6241636,3.9732835,9.461538
NEG::random::0236,0,0.0,0.10526316,0.0,0.0,0.2631579,0.05263158,0.2631579,0.05263158,0.10526316,0.0,0.0,0.0,0.0,0.0,0.0,0.0,0.0,0.05263158,0.05263158,0.0,0.0,0.0,0.0,0.0,0.0,0.0,0.05263158,0.0,0.0,0.0,0.0,0.0,0.0,0.0,0.0,0.0,0.0,0.0,0.0,0.15789473,0.0,0.0,0.0,0.0,0.0,0.0,0.0,0.0,0.0,0.0,0.0,0.0,0.0,0.0,0.0,0.05263158,0.0,0.0,0.05263158,0.0,0.034090403,0.0,0.7,0.084157385,19.0,2.9957323,2.2546043,4.9417663,8.0
NEG::random::0237,0,0.0,0.0,0.0,0.0,0.33333334,0.0,0.16666667,0.0,0.16666667,0.0,0.0,0.0,0.0,0.0,0.0,0.0,0.0,0.0,0.0,0.0,0.0,0.0,0.0,0.0,0.0,0.0,0.0,0.0,0.0,0.0,0.0,0.0,0.0,0.0,0.0,0.0,0.0,0.0,0.0,0.0,0.0,0.0,0.0,0.0,0.0,0.0,0.0,0.0,0.0,0.0,0.16666667,0.0,0.0,0.0,0.0,0.0,0.0,0.0,0.0,0.0,0.016223893,0.0,0.071428575,0.027249992,6.0,1.9459101,1.3321804,2.7938426,7.1666665
NEG::random::0238,0,0.0,0.0,0.0,0.0,0.6,0.4,0.4,0.0,0.0,0.0,0.0,0.0,0.2,0.0,0.0,0.0,0.0,0.0,0.0,0.0,0.0,0.2,0.0,0.0,0.0,0.0,0.0,0.0,0.0,0.0,0.0,0.0,0.0,0.0,0.0,0.0,0.0,0.0,0.0,0.0,0.0,0.0,0.0,0.0,0.0,0.0,0.0,0.0,0.0,0.0,0.0,0.0,0.0,0.0,0.0,0.0,0.0,0.0,0.0,0.0,0.038756747,0.0,0.23076923,0.0682979,5.0,1.7917595,1.5229557,3.867816,8.8
NEG::random::0239,0,0.0,0.2,0.0,0.0,0.36,0.08,0.32,0.16,0.16,0.0,0.12,0.0,0.0,0.04,0.04,0.04,0.08,0.0,0.08,0.0,0.04,0.0,0.04,0.0,0.0,0.0,0.0,0.0,0.0,0.0,0.0,0.0,0.0,0.0,0.0,0.0,0.04,0.0,0.0,0.0,0.0,0.0,0.0,0.0,0.0,0.0,0.0,0.0,0.0,0.0,0.0,0.0,0.0,0.0,0.0,0.04,0.0,0.0,0.0,0.0,0.04416812,0.0,0.5555556,0.06987445,25.0,3.2580965,2.4590154,5.228537,8.32
NEG::random::0240,0,0.0,0.07692308,0.0,0.07692308,0.15384616,0.07692308,0.30769232,0.0,0.3846154,0.0,0.0,0.0,0.0,0.0,0.0,0.0,0.15384616,0.0,0.0,0.0,0.0,0.07692308,0.0,0.0,0.0,0.0,0.0,0.0,0.07692308,0.0,0.0,0.0,0.0,0.0,0.0,0.0,0.0,0.0,0.0,0.0,0.0,0.0,0.0,0.0,0.0,0.0,0.0,0.0,0.0,0.0,0.0,0.0,0.0,0.07692308,0.0,0.0,0.0,0.0,0.0,0.0,0.046618465,0.0,0.2857143,0.063921735,13.0,2.6390574,2.0831263,2.258449,6.769231
NEG::random::0241,0,0.05,0.15,0.0,0.0,0.35,0.2,0.3,0.1,0.15,0.0,0.1,0.0,0.0,0.05,0.05,0.05,0.05,0.0,0.05,0.0,0.0,0.0,0.05,0.05,0.0,0.0,0.0,0.0,0.05,0.0,0.0,0.0,0.05,0.0,0.0,0.0,0.0,0.0,0.0,0.0,0.0,0.0,0.05,0.0,0.0,0.0,0.0,0.0,0.0,0.0,0.0,0.0,0.0,0.0,0.0,0.0,0.0,0.0,0.0,0.0,0.038223904,0.0,0.25,0.05213141,20.0,3.0445225,2.6038663,3.9230092,7.1
NEG::random::0242,0,0.0,0.11111111,0.0,0.0,0.2777778,0.16666667,0.2777778,0.0,0.22222222,0.0,0.0,0.0,0.0,0.0,0.0,0.0,0.11111111,0.0,0.0,0.0,0.0,0.055555556,0.055555556,0.055555556,0.0,0.0,0.0,0.0,0.055555556,0.0,0.0,0.0,0.0,0.0,0.0,0.0,0.0,0.0,0.0,0.0,0.0,0.0,0.0,0.0,0.0,0.0,0.0,0.0,0.0,0.055555556,0.0,0.0,0.0,0.0,0.0,0.0,0.0,0.0,0.0,0.0,0.029822594,0.0,0.2,0.044015415,18.0,2.944439,2.1924057,3.72678,7.6666665
NEG::random::0243,0,0.0,0.21428572,0.071428575,0.071428575,0.35714287,0.2857143,0.2857143,0.071428575,0.5,0.0,0.071428575,0.0,0.0,0.0,0.0,0.0,0.0,0.071428575,0.0,0.071428575,0.0,0.0,0.0,0.0,0.0,0.071428575,0.0,0.0,0.21428572,0.0,0.0,0.0,0.0,0.0,0.0,0.0,0.0,0.0,0.0,0.0,0.0,0.0,0.0,0.0,0.0,0.0,0.071428575,0.0,0.0,0.0,0.071428575,0.0,0.0,0.0,0.0,0.0,0.0,0.0,0.0,0.0,0.04217785,0.0,0.33333334,0.052800678,14.0,2.7080503,2.4310458,3.5749981,8.071428
NEG::random::0244,0,0.1,0.0,0.0,0.0,0.1,0.1,0.2,0.1,0.4,0.0,0.0,0.0,0.0,0.0,0.0,0.0,0.1,0.1,0.0,0.0,0.0,0.0,0.0,0.0,0.0,0.0,0.0,0.0,0.0,0.0,0.0,0.0,0.0,0.0,0.0,0.0,0.0,0.0,0.0,0.1,0.0,0.0,0.0,0.0,0.0,0.1,0.0,0.0,0.0,0.0,0.0,0.0,0.0,0.0,0.0,0.0,0.0,0.0,0.0,0.0,0.01799953,0.0,0.14285715,0.03548569,10.0,2.3978953,2.1439528,3.318132,7.7
NEG::random::0245,0,0.0625,0.125,0.0,0.0,0.1875,0.1875,0.375,0.0625,0.3125,0.0,0.0625,0.0,0.0,0.0,0.0,0.0,0.0625,0.0625,0.0,0.0,0.0,0.0,0.0,0.0,0.0,0.0625,0.0,0.0,0.0625,0.0,0.0,0.0,0.0,0.0,0.0,0.0,0.0,0.0,0.0,0.0,0.0,0.0,0.0,0.0,0.0,0.0,0.0,0.0,0.0,0.0,0.0,0.0,0.0,0.0,0.0,0.0,0.0,0.0,0.0,0.0,0.033254214,0.0,0.2857143,0.05475676,16.0,2.8332133,2.228262,2.8497534,6.5625
NEG::random::0246,0,0.0,0.23809524,0.0,0.0,0.2857143,0.14285715,0.1904762,0.04761905,0.23809524,0.04761905,0.04761905,0.0,0.0,0.0,0.0,0.0,0.04761905,0.23809524,0.14285715,0.0,0.0,0.0,0.04761905,0.04761905,0.0,0.0,0.0,0.0,0.04761905,0.0,0.0,0.0,0.0,0.0,0.0,0.0,0.0,0.0,0.04761905,0.0,0.0,0.0,0.0,0.0,0.0,0.0,0.0,0.0,0.04761905,0.0,0.0,0.0,0.0,0.0,0.0,0.0,0.0,0.0,0.04761905,0.0,0.034673154,0.0,0.71428573,0.08378141,21.0,3.0910425,2.5665243,6.1614704,8.476191
NEG::random::0247,0,0.04,0.12,0.0,0.04,0.32,0.16,0.4,0.08,0.16,0.0,0.04,0.0,0.0,0.0,0.0,0.0,0.08,0.12,0.0,0.0,0.04,0.04,0.0,0.0,0.0,0.0,0.0,0.0,0.08,0.0,0.0,0.0,0.0,0.04,0.0,0.0,0.0,0.0,0.0,0.0,0.0,0.04,0.0,0.0,0.0,0.0,0.0,0.0,0.0,0.0,0.0,0.04,0.0,0.0,0.0,0.0,0.0,0.0,0.0,0.0,0.033243287,0.0,0.33333334,0.055157006,25.0,3.2580965,2.4916356,4.5031543,8.04
NEG::random::0248,0,0.13636364,0.18181819,0.0,0.0,0.27272728,0.09090909,0.36363637,0.22727273,0.22727273,0.09090909,0.18181819,0.0,0.0,0.0,0.0,0.0,0.22727273,0.0,0.0,0.045454547,0.0,0.0,0.0,0.0,0.0,0.0,0.0,0.0,0.045454547,0.0,0.0,0.045454547,0.0,0.0,0.0,0.0,0.0,0.0,0.0,0.0,0.0,0.0,0.0,0.0,0.0,0.0,0.0,0.0,0.0,0.0,0.0,0.0,0.0,0.0,0.0,0.0,0.0,0.0,0.0,0.0,0.052337922,0.0,0.2857143,0.06567267,22.0,3.1354942,2.3887346,6.302466,9.227273
NEG::random::0249,0,0.0,0.0,0.0,0.0,0.7,0.2,0.2,0.1,0.5,0.0,0.0,0.0,0.0,0.0,0.0,0.0,0.0,0.1,0.0,0.0,0.0,0.0,0.0,0.0,0.0,0.0,0.0,0.0,0.1,0.0,0.0,0.0,0.0,0.0,0.0,0.0,0.0,0.0,0.0,0.1,0.0,0.0,0.0,0.0,0.0,0.0,0.0,0.0,0.0,0.0,0.0,0.0,0.0,0.0,0.0,0.0,0.0,0.0,0.2,0.0,0.05935443,0.0,0.35714287,0.065491796,10.0,2.3978953,1.9170682,3.5341194,8.9
NEG::random::0250,0,0.06666667,0.13333334,0.0,0.0,0.2,0.2,0.26666668,0.13333334,0.13333334,0.06666667,0.06666667,0.0,0.13333334,0.0,0.0,0.0,0.13333334,0.0,0.0,0.0,0.06666667,0.06666667,0.0,0.0,0.0,0.0,0.06666667,0.0,0.0,0.0,0.0,0.0,0.0,0.0,0.0,0.0,0.0,0.0,0.0,0.0,0.0,0.0,0.0,0.0,0.0,0.06666667,0.0,0.0,0.0,0.0,0.0,0.0,0.0,0.0,0.0,0.0,0.0,0.0,0.0,0.0,0.039719418,0.0,0.4,0.06341138,15.0,2.7725887,2.5896032,3.8758512,6.6666665
NEG::random::0251,0,0.041666668,0.20833333,0.0,0.0,0.20833333,0.41666666,0.375,0.20833333,0.33333334,0.041666668,0.041666668,0.0,0.0,0.0,0.0,0.0,0.083333336,0.0,0.041666668,0.0,0.041666668,0.0,0.041666668,0.0,0.0,0.0,0.041666668,0.0,0.0,0.0,0.0,0.0,0.0,0.0,0.0,0.0,0.0,0.0,0.0,0.0,0.041666668,0.0,0.083333336,0.0,0.0,0.041666668,0.0,0.0,0.041666668,0.0,0.0,0.0,0.0,0.0,0.0,0.0,0.0,0.0,0.0,0.0,0.04729245,0.0,0.61538464,0.07164122,24.0,3.218876,2.4833777,5.765679,10.916667
NEG::random::0252,0,0.0,0.074074075,0.0,0.0,0.33333334,0.33333334,0.33333334,0.14814815,0.18518518,0.0,0.0,0.0,0.0,0.037037037,0.037037037,0.037037037,0.0,0.0,0.0,0.037037037,0.0,0.0,0.037037037,0.0,0.0,0.0,0.0,0.0,0.037037037,0.0,0.0,0.0,0.0,0.0,0.0,0.0,0.0,0.0,0.0,0.037037037,0.0,0.0,0.0,0.0,0.0,0.0,0.0,0.0,0.0,0.0,0.0,0.0,0.0,0.0,0.0,0.0,0.0,0.0,0.0,0.0,0.060225025,0.0,0.3,0.06700501,27.0,3.3322046,2.1554692,1.9294839,6.4074073
NEG::random::0253,0,0.0,0.25,0.0,0.0,0.375,0.375,0.25,0.125,0.5,0.0,0.0,0.0,0.0,0.125,0.125,0.25,0.125,0.0,0.125,0.0,0.0,0.125,0.0,0.0,0.0,0.0,0.0,0.0,0.0,0.0,0.0,0.0,0.0,0.0,0.0,0.0,0.0,0.0,0.0,0.0,0.0,0.0,0.0,0.0,0.0,0.0,0.125,0.0,0.0,0.0,0.0,0.0,0.0,0.0,0.0,0.0,0.0,0.0,0.0,0.0,0.043300133,0.0,0.16666667,0.05111535,8.0,2.1972246,2.4269843,2.7128167,8.125
NEG::random::0254,0,0.0,0.1724138,0.0,0.03448276,0.1724138,0.27586207,0.31034482,0.03448276,0.27586207,0.03448276,0.0,0.0,0.0,0.0,0.0,0.0,0.06896552,0.03448276,0.0,0.0,0.0,0.0,0.03448276,0.0,0.0,0.0,0.0,0.0,0.03448276,0.0,0.0,0.0,0.0,0.0,0.0,0.0,0.0,0.0,0.0,0.0,0.0,0.0,0.0,0.0,0.0,0.0,0.0,0.0,0.0,0.0,0.0,0.0,0.0,0.0,0.0,0.03448276,0.0,0.0,0.0,0.0,0.0427264,0.0,0.25,0.057717238,29.0,3.4011974,2.1813095,4.755371,8.724138
NEG::random::0255,0,0.0,0.25,0.0,0.0,0.5,0.0,0.375,0.0,0.25,0.0,0.0,0.0,0.0,0.0,0.0,0.0,0.125,0.125,0.125,0.0,0.0,0.0,0.0,0.0,0.0,0.0,0.0,0.0,0.0,0.0,0.0,0.0,0.0,0.0,0.0,0.0,0.0,0.0,0.0,0.0,0.0,0.0,0.0,0.0,0.0,0.0,0.0,0.0,0.0,0.0,0.0,0.0,0.0,0.0,0.0,0.0,0.0,0.0,0.0,0.0,0.03445321,0.0,0.15384616,0.049321625,8.0,2.1972246,1.8095149,2.2325714,6.625
NEG::random::0256,0,0.0,0.2,0.0,0.0,0.4,0.2,0.5,0.0,0.4,0.0,0.0,0.0,0.0,0.0,0.0,0.0,0.0,0.1,0.0,0.0,0.0,0.0,0.0,0.0,0.0,0.0,0.0,0.0,0.0,0.0,0.0,0.0,0.0,0.0,0.0,0.0,0.0,0.0,0.0,0.1,0.0,0.0,0.0,0.0,0.0,0.0,0.0,0.0,0.0,0.0,0.1,0.0,0.1,0.0,0.0,0.0,0.0,0.0,0.0,0.0,0.048650924,0.0,0.33333334,0.06871137,10.0,2.3978953,2.0011833,3.5496478,8.0
NEG::random::0257,0,0.0,0.04347826,0.04347826,0.04347826,0.08695652,0.3043478,0.2173913,0.0,0.26086956,0.0,0.08695652,0.0,0.0,0.0,0.0,0.0,0.04347826,0.04347826,0.0,0.0,0.04347826,0.0,0.0,0.0,0.0,0.04347826,0.0,0.0,0.04347826,0.0,0.0,0.0,0.0,0.0,0.0,0.0,0.0,0.0,0.0,0.0,0.0,0.0,0.0,0.0,0.0,0.0,0.0,0.0,0.0,0.0,0.0,0.0,0.0,0.0,0.0,0.0,0.0,0.0,0.0,0.0,0.03845673,0.0,0.3,0.05955821,23.0,3.1780539,2.2281413,4.3499994,7.652174
NEG::random::0258,0,0.0,0.0,0.0,0.0,0.5,0.125,0.25,0.0,0.375,0.125,0.0,0.0,0.0,0.0,0.0,0.0,0.0,0.125,0.0,0.0,0.0,0.0,0.0,0.0,0.0,0.0,0.0,0.0,0.0,0.0,0.0,0.0,0.0,0.0,0.0,0.0,0.0,0.0,0.0,0.0,0.0,0.0,0.0,0.0,0.0,0.0,0.0,0.0,0.0,0.0,0.0,0.0,0.0,0.0,0.0,0.0,0.0,0.0,0.0,0.0,0.042367056,0.0,0.26923078,0.07133129,8.0,2.1972246,1.6326317,4.736824,9.75
NEG::random::0259,0,0.055555556,0.16666667,0.0,0.0,0.2777778,0.33333334,0.2777778,0.0,0.11111111,0.055555556,0.0,0.0,0.0,0.0,0.0,0.0,0.11111111,0.055555556,0.0,0.0,0.0,0.0,0.0,0.0,0.0,0.0,0.0,0.0,0.11111111,0.0,0.0,0.0,0.0,0.0,0.0,0.0,0.0,0.0,0.0,0.0,0.0,0.0,0.0,0.055555556,0.0,0.0,0.0,0.0,0.0,0.0,0.0,0.0,0.0,0.0,0.0,0.0,0.0,0.0,0.0,0.0,0.02784994,0.0,0.15384616,0.046145406,18.0,2.944439,2.1845496,4.0752945,7.0555553
NEG::random::0260,0,0.037037037,0.074074075,0.0,0.037037037,0.25925925,0.14814815,0.2962963,0.074074075,0.2962963,0.037037037,0.074074075,0.0,0.0,0.0,0.0,0.0,0.0,0.074074075,0.0,0.0,0.037037037,0.0,0.074074075,0.0,0.0,0.037037037,0.0,0.0,0.074074075,0.0,0.0,0.0,0.0,0.0,0.0,0.0,0.0,0.0,0.0,0.0,0.0,0.0,0.0,0.037037037,0.0,0.0,0.0,0.0,0.0,0.0,0.0,0.0,0.0,0.0,0.0,0.0,0.0,0.0,0.0,0.0,0.040163275,0.0,0.33333334,0.056118757,27.0,3.3322046,2.4565434,4.540626,7.7777777
NEG::random::0261,0,0.14285715,0.0,0.0,0.0,0.2857143,0.14285715,0.5714286,0.2857143,0.2857143,0.0,0.0,0.0,0.0,0.0,0.0,0.0,0.0,0.0,0.0,0.0,0.0,0.0,0.0,0.0,0.0,0.0,0.0,0.0,0.0,0.0,0.0,0.0,0.0,0.0,0.14285715,0.0,0.0,0.0,0.0,0.0,0.0,0.0,0.0,0.0,0.0,0.0,0.0,0.0,0.0,0.0,0.0,0.0,0.0,0.0,0.0,0.0,0.0,0.0,0.0,0.0,0.053977177,0.0,0.5,0.10838387,7.0,2.0794415,1.8184837,3.7796447,9.0
NEG::random::0262,0,0.16666667,0.16666667,0.16666667,0.16666667,0.16666667,0.0,0.16666667,0.16666667,0.33333334,0.0,0.0,0.0,0.0,0.0,0.0,0.0,0.16666667,0.0,0.16666667,0.0,0.0,0.0,0.0,0.0,0.16666667,0.0,0.0,0.0,0.0,0.0,0.0,0.0,0.0,0.0,0.0,0.0,0.0,0.0,0.0,0.16666667,0.0,0.0,0.0,0.0,0.0,0.0,0.0,0.0,0.0,0.0,0.0,0.0,0.0,0.0,0.0,0.0,0.0,0.0,0.0,0.0,0.015266955,0.0,0.09090909,0.030892015,6.0,1.9459101,2.4583118,2.7335365,7.1666665
NEG::random::0263,0,0.083333336,0.083333336,0.083333336,0.083333336,0.16666667,0.16666667,0.16666667,0.16666667,0.25,0.0,0.0,0.0,0.0,0.0,0.0,0.0,0.0,0.0,0.0,0.0,0.083333336,0.0,0.083333336,0.0,0.0,0.0,0.0,0.0,0.0,0.0,0.0,0.0,0.0,0.0,0.0,0.0,0.0,0.0,0.0,0.0,0.0,0.0,0.0,0.0,0.0,0.0,0.0,0.0,0.0,0.0,0.0,0.083333336,0.0,0.0,0.0,0.0,0.0,0.0,0.0,0.0,0.037601415,0.0,0.27272728,0.048791606,12.0,2.5649493,2.399205,4.139914,9.833333
NEG::random::0264,0,0.083333336,0.0,0.0,0.041666668,0.375,0.16666667,0.41666666,0.041666668,0.16666667,0.0,0.041666668,0.0,0.0,0.0,0.0,0.0,0.125,0.083333336,0.0,0.0,0.0,0.0,0.0,0.0,0.0,0.0,0.0,0.0,0.041666668,0.041666668,0.0,0.0,0.0,0.0,0.0,0.0,0.0,0.0,0.0,0.0,0.0,0.0,0.0,0.0,0.041666668,0.0,0.0,0.0,0.0,0.0,0.0,0.0,0.0,0.0,0.0,0.0,0.0,0.0,0.0,0.0,0.04029669,0.0,0.2,0.056437623,24.0,3.218876,2.1898887,3.8935487,6.9166665
NEG::random::0265,0,0.16666667,0.16666667,0.0,0.0,0.33333334,0.5,0.8333333,0.33333334,0.33333334,0.0,0.0,0.0,0.0,0.0,0.0,0.0,0.0,0.0,0.0,0.0,0.16666667,0.0,0.33333334,0.33333334,0.0,0.0,0.0,0.0,0.0,0.0,0.0,0.0,0.0,0.0,0.0,0.0,0.0,0.0,0.0,0.0,0.0,0.0,0.0,0.0,0.0,0.0,0.0,0.0,0.0,0.0,0.0,0.0,0.0,0.0,0.0,0.0,0.0,0.0,0.0,0.0,0.06312601,0.0,0.2,0.046404254,6.0,1.9459101,2.1743085,5.3046103,12.833333
NEG::random::0266,0,0.0,0.0,0.0,0.0,0.0,0.0,0.0,0.2,0.2,0.0,0.0,0.0,0.0,0.0,0.0,0.0,0.2,0.0,0.0,0.0,0.0,0.0,0.0,0.0,0.0,0.0,0.0,0.0,0.0,0.0,0.0,0.0,0.0,0.0,0.0,0.0,0.0,0.0,0.0,0.0,0.0,0.0,0.0,0.0,0.0,0.0,0.0,0.0,0.0,0.0,0.0,0.0,0.0,0.0,0.0,0.0,0.0,0.0,0.0,0.0,0.042692307,0.0,0.125,0.05379668,5.0,1.7917595,1.0986142,1.7204651,5.2
NEG::random::0267,0,0.041666668,0.29166666,0.0,0.0,0.29166666,0.33333334,0.375,0.125,0.25,0.0,0.125,0.041666668,0.041666668,0.041666668,0.041666668,0.041666668,0.083333336,0.0,0.041666668,0.041666668,0.0,0.041666668,0.041666668,0.0,0.0,0.0,0.0,0.0,0.041666668,0.0,0.0,0.041666668,0.0,0.041666668,0.0,0.0,0.0,0.0,0.0,0.0,0.0,0.0,0.0,0.0,0.0,0.0,0.0,0.0,0.0,0.0,0.0,0.0,0.0,0.0,0.0,0.0,0.0,0.0,0.0,0.0,0.03451913,0.0,0.18181819,0.048901156,24.0,3.218876,2.640067,5.8450775,9.791667
NEG::random::0268,0,0.0,0.16666667,0.0,0.0,0.25,0.25,0.16666667,0.083333336,0.083333336,0.0,0.0,0.0,0.083333336,0.083333336,0.083333336,0.0,0.083333336,0.083333336,0.0,0.083333336,0.083333336,0.0,0.0,0.0,0.0,0.0,0.0,0.0,0.083333336,0.0,0.0,0.0,0.0,0.0,0.0,0.0,0.0,0.0,0.0,0.0,0.0,0.0,0.0,0.0,0.0,0.0,0.0,0.0,0.0,0.0,0.0,0.0,0.0,0.0,0.0,0.0,0.0,0.0,0.0,0.0,0.026721625,0.0,0.54545456,0.07240958,12.0,2.5649493,2.5275197,6.2427735,10.166667
NEG::shuffled::0001,0,0.0,0.19354838,0.0,0.0,0.22580644,0.19354838,0.29032257,0.09677419,0.2580645,0.0,0.0,0.0,0.0,0.032258064,0.032258064,0.032258064,0.032258064,0.0,0.032258064,0.032258064,0.0,0.06451613,0.06451613,0.0,0.0,0.0,0.032258064,0.0,0.06451613,0.0,0.0,0.0,0.0,0.0,0.032258064,0.0,0.0,0.0,0.0,0.032258064,0.0,0.0,0.0,0.032258064,0.0,0.0,0.0,0.0,0.0,0.0,0.0,0.0,0.032258064,0.0,0.0,0.0,0.0,0.0,0.0,0.0,0.037963107,0.0,0.3529412,0.055480793,31.0,3.465736,2.6148565,3.890007,8.645162
NEG::shuffled::0002,0,0.0,0.18181819,0.0,0.045454547,0.13636364,0.09090909,0.3181818,0.09090909,0.27272728,0.045454547,0.0,0.0,0.0,0.0,0.0,0.0,0.045454547,0.09090909,0.13636364,0.045454547,0.0,0.0,0.0,0.0,0.0,0.0,0.0,0.0,0.0,0.045454547,0.0,0.045454547,0.0,0.0,0.0,0.0,0.0,0.0,0.0,0.045454547,0.0,0.0,0.0,0.0,0.0,0.0,0.0,0.0,0.0,0.0,0.0,0.0,0.09090909,0.0,0.0,0.0,0.0,0.0,0.0,0.0,0.040190823,0.0,1.0,0.10703068,22.0,3.1354942,2.5309036,5.118432,8.272727
NEG::shuffled::0003,0,0.0,0.25,0.0,0.0,0.0,0.0,0.25,0.25,0.0,0.0,0.0,0.0,0.5,0.0,0.0,0.0,0.0,0.25,0.25,0.0,0.0,0.0,0.0,0.0,0.0,0.0,0.0,0.0,0.0,0.25,0.0,0.0,0.0,0.0,0.0,0.0,0.0,0.0,0.0,0.0,0.0,0.0,0.0,0.0,0.0,0.0,0.0,0.0,0.0,0.0,0.0,0.0,0.0,0.0,0.0,0.0,0.0,0.0,0.0,0.0,0.027056277,0.0,0.09090909,0.03867439,4.0,1.609438,1.9061553,1.0897248,6.75
NEG::shuffled::0004,0,0.0,0.125,0.0,0.0,0.375,0.125,0.25,0.25,0.0,0.0,0.125,0.0,0.0,0.0,0.0,0.0,0.0,0.0,0.0,0.0,0.0,0.0,0.0,0.0,0.0,0.0,0.0,0.0,0.125,0.0,0.0,0.0,0.0,0.0,0.0,0.0,0.0,0.0,0.0,0.0,0.0,0.0,0.0,0.0,0.0,0.0,0.0,0.0,0.0,0.0,0.0,0.0,0.0,0.0,0.0,0.0,0.0,0.0,0.0,0.0,0.016064234,0.0,0.16666667,0.042183455,8.0,2.1972246,1.846221,4.4982634,9.625
NEG::shuffled::0005,0,0.0,0.071428575,0.0,0.0,0.21428572,0.35714287,0.2857143,0.0,0.14285715,0.0,0.14285715,0.0,0.0,0.0,0.0,0.0,0.0,0.071428575,0.0,0.0,0.071428575,0.071428575,0.0,0.0,0.0,0.0,0.0,0.0,0.0,0.0,0.0,0.0,0.0,0.0,0.0,0.0,0.0,0.0,0.0,0.0,0.0,0.0,0.0,0.0,0.0,0.071428575,0.0,0.0,0.0,0.0,0.0,0.0,0.0,0.0,0.0,0.0,0.0,0.0,0.0,0.0,0.034947425,0.0,0.5714286,0.07454468,14.0,2.7080503,2.108295,4.589807,9.071428
NEG::shuffled::0006,0,0.0,0.23076923,0.0,0.0,0.15384616,0.15384616,0.23076923,0.0,0.07692308,0.0,0.0,0.0,0.0,0.0,0.0,0.0,0.0,0.15384616,0.07692308,0.0,0.0,0.0,0.0,0.0,0.07692308,0.0,0.0,0.0,0.07692308,0.0,0.0,0.0,0.0,0.0,0.0,0.0,0.0,0.0,0.0,0.0,0.0,0.0,0.0,0.0,0.0,0.0,0.0,0.0,0.0,0.0,0.0,0.0,0.07692308,0.0,0.0,0.0,0.0,0.0,0.0,0.0,0.02090849,0.0,0.2857143,0.0551944,13.0,2.6390574,2.2008283,2.6063192,5.769231
NEG::shuffled::0007,0,0.0,0.0,0.0,0.0,0.4,0.0,0.2,0.4,0.0,0.0,0.0,0.0,0.0,0.0,0.0,0.0,0.0,0.0,0.0,0.0,0.0,0.0,0.0,0.0,0.0,0.0,0.0,0.0,0.0,0.0,0.0,0.0,0.0,0.0,0.0,0.0,0.0,0.0,0.0,0.0,0.0,0.0,0.0,0.2,0.0,0.0,0.0,0.0,0.0,0.0,0.0,0.0,0.0,0.0,0.0,0.0,0.0,0.0,0.0,0.0,0.013809524,0.0,0.071428575,0.027639566,5.0,1.7917595,1.3296623,3.3823068,5.4
NEG::shuffled::0008,0,0.0,0.1,0.0,0.0,0.33333334,0.16666667,0.3,0.1,0.3,0.0,0.033333335,0.0,0.0,0.033333335,0.033333335,0.033333335,0.1,0.0,0.033333335,0.0,0.0,0.033333335,0.0,0.0,0.0,0.06666667,0.0,0.0,0.06666667,0.0,0.0,0.0,0.0,0.0,0.0,0.0,0.0,0.0,0.0,0.0,0.0,0.0,0.0,0.033333335,0.0,0.0,0.0,0.0,0.0,0.0,0.0,0.0,0.0,0.0,0.0,0.0,0.0,0.0,0.0,0.0,0.040015668,0.0,0.4,0.06313551,30.0,3.4339871,2.3989117,4.004997,7.4
NEG::shuffled::0009,0,0.0,0.14285715,0.0,0.0,0.2857143,0.0,0.14285715,0.2857143,0.2857143,0.14285715,0.0,0.0,0.0,0.14285715,0.14285715,0.14285715,0.0,0.0,0.0,0.0,0.0,0.0,0.0,0.0,0.0,0.0,0.0,0.0,0.14285715,0.0,0.0,0.0,0.0,0.0,0.0,0.0,0.0,0.0,0.0,0.0,0.0,0.0,0.0,0.0,0.0,0.0,0.0,0.0,0.0,0.0,0.0,0.0,0.0,0.0,0.0,0.0,0.0,0.0,0.0,0.0,0.009931245,0.0,0.11764706,0.030886944,7.0,2.0794415,2.245036,3.325842,5.285714
NEG::shuffled::0010,0,0.0,0.21428572,0.0,0.0,0.42857143,0.2857143,0.21428572,0.0,0.21428572,0.0,0.0,0.0,0.071428575,0.0,0.0,0.0,0.0,0.0,0.0,0.0,0.0,0.0,0.0,0.0,0.0,0.071428575,0.0,0.0,0.0,0.0,0.0,0.0,0.0,0.0,0.0,0.0,0.0,0.0,0.0,0.0,0.0,0.0,0.0,0.0,0.0,0.0,0.0,0.0,0.0,0.0,0.0,0.0,0.0,0.0,0.0,0.0,0.0,0.0,0.0,0.0,0.037122194,0.0,0.2,0.052684102,14.0,2.7080503,1.797702,2.9872177,6.928571
NEG::shuffled::0011,0,0.0,0.125,0.0,0.03125,0.21875,0.1875,0.34375,0.03125,0.25,0.0,0.0625,0.0,0.0,0.0,0.0,0.0,0.09375,0.09375,0.09375,0.0,0.0,0.0,0.03125,0.0,0.0,0.0625,0.0,0.0,0.0,0.0,0.0,0.0,0.0,0.0,0.0,0.0,0.0,0.0,0.0,0.03125,0.0,0.0,0.0,0.0,0.03125,0.0,0.0,0.0,0.0,0.0,0.0,0.0,0.03125,0.0,0.0,0.0,0.0,0.0,0.0,0.0,0.04224645,0.0,0.5,0.07685044,32.0,3.4965076,2.4511595,3.158415,7.65625
NEG::shuffled::0012,0,0.0,0.1,0.0,0.0,0.2,0.4,0.3,0.1,0.0,0.0,0.0,0.1,0.0,0.1,0.1,0.1,0.0,0.0,0.1,0.0,0.0,0.0,0.0,0.0,0.0,0.0,0.0,0.0,0.0,0.0,0.0,0.0,0.0,0.0,0.0,0.0,0.0,0.0,0.0,0.0,0.0,0.0,0.0,0.0,0.0,0.0,0.0,0.0,0.0,0.0,0.0,0.0,0.0,0.0,0.0,0.0,0.0,0.0,0.0,0.0,0.028608346,0.0,0.35714287,0.06340702,10.0,2.3978953,2.1333826,4.7212286,9.1
NEG::shuffled::0013,0,0.2,0.0,0.2,0.2,0.2,0.6,0.2,0.0,0.2,0.0,0.0,0.0,0.0,0.0,0.0,0.0,0.0,0.0,0.0,0.0,0.0,0.0,0.0,0.0,0.0,0.2,0.0,0.0,0.0,0.0,0.0,0.0,0.0,0.0,0.0,0.0,0.0,0.0,0.0,0.0,0.0,0.0,0.0,0.0,0.0,0.0,0.0,0.0,0.0,0.0,0.0,0.0,0.0,0.0,0.0,0.0,0.0,0.0,0.0,0.0,0.08761456,0.032258064,0.14814815,0.036499746,5.0,1.7917595,1.973002,5.2383204,11.4
NEG::shuffled::0014,0,0.0,0.0,0.0,0.0,0.41666666,0.25,0.16666667,0.0,0.083333336,0.0,0.0,0.0,0.0,0.0,0.0,0.0,0.083333336,0.0,0.0,0.0,0.0,0.0,0.0,0.0,0.0,0.0,0.0,0.0,0.0,0.0,0.0,0.0,0.0,0.0,0.0,0.0,0.0,0.0,0.0,0.0,0.0,0.0,0.0,0.0,0.0,0.0,0.0,0.0,0.0,0.0,0.0,0.0,0.0,0.0,0.0,0.0,0.0,0.0,0.0,0.0,0.041474715,0.0,0.5,0.08159657,12.0,2.5649493,1.424131,2.6562295,6.6666665
NEG::shuffled::0015,0,0.0,0.15384616,0.0,0.0,0.30769232,0.23076923,0.30769232,0.07692308,0.23076923,0.07692308,0.0,0.0,0.0,0.0,0.0,0.0,0.07692308,0.0,0.0,0.0,0.0,0.07692308,0.0,0.0,0.0,0.0,0.0,0.0,0.07692308,0.0,0.07692308,0.0,0.0,0.0,0.0,0.0,0.0,0.0,0.0,0.0,0.0,0.0,0.0,0.07692308,0.0,0.0,0.0,0.0,0.0,0.0,0.0,0.0,0.0,0.0,0.0,0.0,0.0,0.0,0.0,0.0,0.035902653,0.0,0.25,0.061368227,13.0,2.6390574,2.3064373,4.514277,7.076923
NEG::shuffled::0016,0,0.0,0.0,0.0,0.0,0.0,0.0,0.25,0.0,0.25,0.0,0.0,0.0,0.0,0.0,0.0,0.0,0.0,0.0,0.0,0.0,0.0,0.0,0.0,0.0,0.0,0.0,0.0,0.0,0.0,0.0,0.0,0.0,0.0,0.0,0.0,0.0,0.0,0.0,0.0,0.0,0.0,0.0,0.0,0.0,0.0,0.0,0.0,0.0,0.0,0.0,0.0,0.0,0.0,0.0,0.0,0.0,0.0,0.0,0.0,0.0,0.0,0.0,0.0,0.0,4.0,1.609438,0.69314957,1.6393596,4.25
NEG::shuffled::0017,0,0.0,0.375,0.0,0.125,0.0,0.0,0.25,0.125,0.125,0.0,0.0,0.0,0.0,0.0,0.0,0.0,0.0,0.0,0.125,0.0,0.0,0.125,0.0,0.0,0.0,0.0,0.0,0.0,0.0,0.0,0.0,0.0,0.0,0.0,0.0,0.0,0.0,0.0,0.0,0.0,0.0,0.0,0.0,0.0,0.0,0.0,0.0,0.0,0.0,0.0,0.0,0.0,0.0,0.0,0.0,0.0,0.0,0.0,0.0,0.0,0.03525859,0.0,0.22222222,0.0630441,8.0,2.1972246,1.8343729,2.8256636,6.625
NEG::shuffled::0018,0,0.072916664,0.09375,0.020833334,0.03125,0.32291666,0.30208334,0.3125,0.052083332,0.20833333,0.020833334,0.03125,0.0,0.0,0.0,0.0,0.0,0.020833334,0.0,0.010416667,0.010416667,0.0,0.010416667,0.083333336,0.052083332,0.0,0.010416667,0.0,0.0,0.041666668,0.0,0.010416667,0.0,0.010416667,0.010416667,0.020833334,0.0,0.010416667,0.0,0.0,0.041666668,0.0,0.010416667,0.0,0.010416667,0.010416667,0.020833334,0.0,0.0,0.0,0.0,0.0,0.010416667,0.0,0.0,0.0,0.0,0.010416667,0.0,0.0,0.0,0.054999817,0.0,0.30769232,0.060008753,96.0,4.574711,2.674765,5.3346353,8.5
NEG::shuffled::0019,0,0.03125,0.125,0.0,0.0,0.25,0.125,0.3125,0.0625,0.28125,0.0,0.03125,0.0,0.0,0.03125,0.03125,0.03125,0.03125,0.03125,0.0,0.0,0.0,0.0,0.0,0.0,0.0,0.0,0.0,0.0,0.09375,0.0,0.0,0.0,0.0,0.0,0.0,0.0,0.0,0.0,0.0,0.0,0.03125,0.0,0.0,0.0,0.0,0.03125,0.0,0.0,0.0,0.0,0.0,0.0,0.0,0.0,0.0,0.0,0.0,0.03125,0.0,0.0,0.019583685,0.0,0.25,0.040387165,32.0,3.4965076,2.4078457,4.1339865,8.3125
NEG::shuffled::0020,0,0.018518519,0.074074075,0.055555556,0.037037037,0.22222222,0.22222222,0.35185185,0.12962963,0.2037037,0.0,0.018518519,0.0,0.0,0.055555556,0.055555556,0.055555556,0.09259259,0.055555556,0.018518519,0.0,0.0,0.018518519,0.018518519,0.0,0.018518519,0.0,0.0,0.0,0.0,0.0,0.0,0.018518519,0.0,0.0,0.0,0.0,0.0,0.0,0.0,0.037037037,0.0,0.0,0.0,0.0,0.0,0.0,0.0,0.0,0.018518519,0.0,0.0,0.0,0.018518519,0.0,0.0,0.018518519,0.0,0.0,0.0,0.0,0.044519063,0.0,0.33333334,0.070818245,54.0,4.0073333,2.6918428,3.5847566,7.962963
NEG::shuffled::0021,0,0.0,0.26923078,0.0,0.03846154,0.30769232,0.1923077,0.03846154,0.23076923,0.15384616,0.07692308,0.0,0.0,0.0,0.03846154,0.03846154,0.0,0.0,0.03846154,0.03846154,0.0,0.0,0.0,0.0,0.0,0.0,0.0,0.0,0.0,0.15384616,0.0,0.0,0.03846154,0.0,0.0,0.0,0.0,0.0,0.0,0.0,0.0,0.0,0.0,0.0,0.0,0.0,0.0,0.0,0.0,0.03846154,0.0,0.0,0.0,0.0,0.0,0.0,0.0,0.0,0.0,0.0,0.0,0.040675037,0.0,0.33333334,0.05253538,26.0,3.295837,2.3857515,2.9933357,7.9615383
NEG::shuffled::0022,0,0.07692308,0.07692308,0.0,0.07692308,0.30769232,0.30769232,0.30769232,0.07692308,0.23076923,0.0,0.07692308,0.0,0.0,0.0,0.0,0.0,0.15384616,0.0,0.0,0.0,0.0,0.0,0.07692308,0.0,0.0,0.0,0.0,0.0,0.07692308,0.0,0.0,0.0,0.0,0.0,0.0,0.0,0.0,0.0,0.0,0.15384616,0.0,0.0,0.0,0.0,0.0,0.0,0.0,0.0,0.0,0.0,0.0,0.0,0.0,0.0,0.0,0.0,0.0,0.0,0.0,0.0,0.043563172,0.0,0.2,0.052202392,13.0,2.6390574,2.384868,4.6153846,9.076923
NEG::shuffled::0023,0,0.0,0.11111111,0.0,0.0,0.22222222,0.11111111,0.22222222,0.22222222,0.0,0.0,0.11111111,0.0,0.0,0.11111111,0.11111111,0.11111111,0.0,0.0,0.0,0.0,0.0,0.0,0.0,0.0,0.0,0.0,0.0,0.0,0.0,0.0,0.0,0.0,0.0,0.0,0.0,0.0,0.0,0.0,0.0,0.0,0.0,0.0,0.0,0.0,0.0,0.0,0.0,0.0,0.0,0.0,0.0,0.0,0.0,0.0,0.0,0.0,0.0,0.0,0.0,0.0,0.022324331,0.0,0.125,0.03812419,9.0,2.3025851,2.1383338,2.6666667,7.3333335
NEG::shuffled::0024,0,0.0,0.25925925,0.0,0.0,0.2962963,0.22222222,0.2962963,0.074074075,0.25925925,0.0,0.0,0.0,0.0,0.0,0.0,0.0,0.037037037,0.037037037,0.037037037,0.037037037,0.0,0.0,0.0,0.0,0.0,0.0,0.0,0.0,0.037037037,0.0,0.0,0.0,0.0,0.0,0.0,0.0,0.037037037,0.0,0.0,0.037037037,0.0,0.0,0.0,0.0,0.0,0.0,0.0,0.0,0.0,0.0,0.0,0.0,0.0,0.0,0.0,0.0,0.0,0.0,0.0,0.0,0.030467352,0.0,0.22222222,0.049559023,27.0,3.3322046,2.192204,4.949401,9.148149
NEG::shuffled::0025,0,0.0,0.27272728,0.0,0.0,0.27272728,0.18181819,0.27272728,0.18181819,0.18181819,0.09090909,0.0,0.0,0.0,0.0,0.0,0.0,0.09090909,0.09090909,0.18181819,0.0,0.0,0.0,0.09090909,0.0,0.0,0.0,0.0,0.0,0.09090909,0.0,0.0,0.0,0.0,0.0,0.0,0.0,0.0,0.0,0.0,0.09090909,0.0,0.0,0.0,0.0,0.0,0.0,0.0,0.0,0.0,0.0,0.0,0.0,0.0,0.0,0.0,0.0,0.0,0.0,0.0,0.0,0.03315391,0.0,0.5,0.07693234,11.0,2.4849067,2.4645083,4.7342606,7.6363635
NEG::shuffled::0026,0,0.1,0.2,0.0,0.0,0.3,0.0,0.4,0.0,0.1,0.0,0.0,0.1,0.0,0.0,0.0,0.0,0.1,0.0,0.0,0.0,0.0,0.0,0.0,0.0,0.0,0.0,0.0,0.0,0.0,0.1,0.0,0.0,0.0,0.0,0.0,0.0,0.1,0.0,0.0,0.0,0.0,0.0,0.0,0.0,0.0,0.0,0.0,0.0,0.0,0.0,0.0,0.0,0.0,0.0,0.0,0.0,0.0,0.0,0.0,0.0,0.030955438,0.0,0.125,0.04270161,10.0,2.3978953,2.0262303,5.07937,9.0
NEG::shuffled::0027,0,0.0625,0.0625,0.0625,0.0625,0.3125,0.25,0.3125,0.0625,0.3125,0.0,0.0,0.0,0.0,0.0,0.0,0.0,0.125,0.0,0.0,0.0,0.0,0.0,0.0,0.0,0.0625,0.0,0.0,0.0,0.0,0.0,0.0,0.0,0.0,0.0,0.0,0.0,0.0,0.0,0.0,0.0,0.0,0.0,0.0,0.0,0.0,0.0,0.0,0.0,0.0,0.0,0.0,0.0,0.0,0.0,0.0,0.0,0.0,0.0,0.0,0.0,0.039426792,0.0,0.33333334,0.055942547,16.0,2.8332133,2.144984,3.0181742,7.375
NEG::shuffled::0028,0,0.05,0.15,0.0,0.0,0.3,0.25,0.2,0.15,0.35,0.0,0.05,0.0,0.05,0.0,0.0,0.0,0.0,0.0,0.0,0.0,0.0,0.0,0.0,0.0,0.0,0.1,0.05,0.0,0.15,0.0,0.0,0.0,0.0,0.0,0.0,0.0,0.0,0.0,0.0,0.05,0.0,0.0,0.0,0.05,0.0,0.0,0.0,0.0,0.05,0.0,0.0,0.0,0.0,0.0,0.0,0.0,0.0,0.0,0.0,0.0,0.055998843,0.0,0.33333334,0.06493289,20.0,3.0445225,2.4579275,4.015906,7.85
NEG::shuffled::0029,0,0.09090909,0.09090909,0.0,0.09090909,0.09090909,0.36363637,0.3181818,0.09090909,0.0,0.0,0.0,0.0,0.0,0.0,0.045454547,0.0,0.045454547,0.045454547,0.0,0.045454547,0.0,0.0,0.09090909,0.045454547,0.0,0.0,0.0,0.0,0.0,0.0,0.0,0.0,0.0,0.0,0.0,0.0,0.0,0.0,0.0,0.045454547,0.0,0.0,0.0,0.0,0.0,0.0,0.0,0.0,0.0,0.0,0.0,0.0,0.0,0.0,0.0,0.0,0.0,0.0,0.0,0.0,0.027204977,0.0,0.2,0.04652822,22.0,3.1354942,2.3275788,6.4662185,8.227273
NEG::shuffled::0030,0,0.022727273,0.16666667,0.015151516,0.022727273,0.3181818,0.18181819,0.1969697,0.09090909,0.2651515,0.015151516,0.015151516,0.0,0.007575758,0.022727273,0.022727273,0.022727273,0.045454547,0.015151516,0.015151516,0.007575758,0.022727273,0.015151516,0.022727273,0.0,0.0,0.007575758,0.0,0.0,0.07575758,0.007575758,0.007575758,0.0,0.0,0.007575758,0.0,0.0,0.015151516,0.0,0.0,0.015151516,0.0,0.0,0.0,0.015151516,0.007575758,0.0,0.0,0.0,0.0,0.0,0.0,0.0,0.015151516,0.0,0.0,0.007575758,0.0,0.0,0.0,0.007575758,0.026186652,0.0,0.18181819,0.040073905,132.0,4.890349,2.733606,4.9532886,7.9469695
NEG::shuffled::0031,0,0.0,0.09090909,0.060606062,0.030303031,0.21212122,0.121212125,0.42424244,0.060606062,0.21212122,0.0,0.030303031,0.0,0.0,0.030303031,0.030303031,0.0,0.030303031,0.0,0.0,0.030303031,0.0,0.030303031,0.0,0.0,0.0,0.030303031,0.0,0.0,0.030303031,0.0,0.0,0.0,0.030303031,0.0,0.030303031,0.0,0.0,0.0,0.0,0.060606062,0.0,0.0,0.0,0.0,0.0,0.030303031,0.030303031,0.0,0.0,0.0,0.0,0.0,0.0,0.0,0.0,0.0,0.0,0.0,0.0,0.0,0.038442533,0.0,0.33333334,0.06638322,33.0,3.5263605,2.5595505,3.8842292,7.6060605
NEG::shuffled::0032,0,0.05,0.2,0.0,0.0,0.2,0.3,0.45,0.15,0.35,0.05,0.0,0.0,0.0,0.0,0.0,0.0,0.15,0.05,0.05,0.0,0.0,0.0,0.0,0.0,0.0,0.0,0.05,0.0,0.0,0.0,0.0,0.0,0.0,0.0,0.0,0.0,0.0,0.0,0.0,0.0,0.0,0.0,0.0,0.0,0.05,0.0,0.0,0.0,0.0,0.0,0.0,0.0,0.0,0.0,0.0,0.0,0.0,0.0,0.0,0.0,0.041411527,0.0,0.27272728,0.053064417,20.0,3.0445225,2.2655516,7.470609,10.3
NEG::shuffled::0033,0,0.0,0.14285715,0.0,0.0,0.2857143,0.0,0.71428573,0.0,0.2857143,0.0,0.0,0.0,0.0,0.0,0.0,0.0,0.0,0.0,0.0,0.0,0.0,0.0,0.0,0.0,0.0,0.0,0.0,0.0,0.0,0.0,0.0,0.0,0.0,0.0,0.0,0.0,0.0,0.0,0.0,0.0,0.0,0.0,0.0,0.0,0.0,0.0,0.0,0.0,0.0,0.0,0.0,0.0,0.14285715,0.0,0.0,0.0,0.0,0.0,0.0,0.0,0.04080218,0.0,0.16666667,0.04273522,7.0,2.0794415,1.4142798,2.4907994,8.714286
NEG::shuffled::0034,0,0.08695652,0.19565217,0.02173913,0.08695652,0.23913044,0.26086956,0.26086956,0.10869565,0.32608697,0.02173913,0.0,0.0,0.02173913,0.04347826,0.04347826,0.02173913,0.08695652,0.0,0.02173913,0.02173913,0.02173913,0.02173913,0.02173913,0.0,0.02173913,0.0,0.0,0.0,0.04347826,0.0,0.0,0.0,0.0,0.0,0.0,0.0,0.0,0.0,0.0,0.02173913,0.0,0.0,0.0,0.0,0.0,0.02173913,0.0,0.0,0.0,0.0,0.0,0.0,0.0,0.02173913,0.0,0.0,0.02173913,0.0,0.0,0.0,0.030635051,0.0,0.46153846,0.06549904,46.0,3.8501475,2.738807,7.2737455,9.304348
NEG::shuffled::0035,0,0.0,0.06666667,0.06666667,0.06666667,0.26666668,0.4,0.46666667,0.0,0.13333334,0.0,0.0,0.0,0.0,0.0,0.0,0.0,0.13333334,0.0,0.0,0.06666667,0.0,0.06666667,0.0,0.0,0.0,0.0,0.0,0.0,0.0,0.06666667,0.0,0.0,0.0,0.0,0.0,0.0,0.0,0.0,0.0,0.0,0.0,0.0,0.0,0.0,0.0,0.0,0.0,0.0,0.0,0.0,0.0,0.0,0.0,0.0,0.0,0.0,0.0,0.0,0.0,0.0,0.062230457,0.0,0.4,0.0740821,15.0,2.7725887,2.085108,4.5636244,8.8
NEG::shuffled::0036,0,0.0,0.20253165,0.012658228,0.012658228,0.2658228,0.278481,0.32911393,0.06329114,0.2278481,0.03797468,0.012658228,0.0,0.0,0.012658228,0.012658228,0.025316456,0.03797468,0.025316456,0.03797468,0.012658228,0.025316456,0.025316456,0.012658228,0.0,0.0,0.025316456,0.0,0.0,0.07594936,0.0,0.0,0.0,0.0,0.0,0.0,0.0,0.0,0.0,0.0,0.012658228,0.0,0.0,0.0,0.0,0.0,0.0,0.012658228,0.0,0.012658228,0.0,0.0,0.0,0.0,0.0,0.012658228,0.0,0.0,0.0,0.0,0.0,0.033384275,0.0,0.26086956,0.055681266,79.0,4.3820267,2.5486104,4.8228016,8.443038
NEG::shuffled::0037,0,0.06666667,0.06666667,0.0,0.0,0.26666668,0.13333334,0.33333334,0.2,0.2,0.0,0.06666667,0.0,0.0,0.0,0.0,0.0,0.0,0.0,0.0,0.06666667,0.0,0.06666667,0.0,0.0,0.0,0.06666667,0.0,0.0,0.13333334,0.0,0.0,0.0,0.0,0.0,0.0,0.0,0.0,0.0,0.0,0.06666667,0.06666667,0.0,0.0,0.0,0.0,0.0,0.0,0.0,0.0,0.0,0.0,0.0,0.0,0.0,0.0,0.0,0.0,0.0,0.0,0.0,0.030392645,0.0,0.2857143,0.046743207,15.0,2.7725887,2.445592,5.425864,9.4
NEG::shuffled::0038,0,0.23076923,0.15384616,0.0,0.07692308,0.30769232,0.23076923,0.15384616,0.07692308,0.07692308,0.0,0.07692308,0.0,0.0,0.07692308,0.07692308,0.07692308,0.0,0.07692308,0.0,0.0,0.0,0.0,0.0,0.0,0.07692308,0.07692308,0.0,0.0,0.0,0.0,0.0,0.0,0.0,0.0,0.0,0.0,0.0,0.0,0.0,0.0,0.0,0.0,0.0,0.0,0.0,0.0,0.0,0.0,0.0,0.0,0.0,0.0,0.0,0.0,0.0,0.0,0.0,0.0,0.0,0.0,0.03140616,0.0,0.25,0.058779866,13.0,2.6390574,2.5568275,4.1538463,7.769231
NEG::shuffled::0039,0,0.0,0.0,0.0,0.0,0.18181819,0.27272728,0.54545456,0.27272728,0.36363637,0.0,0.0,0.0,0.0,0.18181819,0.18181819,0.09090909,0.0,0.0,0.0,0.0,0.0,0.0,0.0,0.0,0.0,0.0,0.0,0.0,0.0,0.0,0.0,0.0,0.0,0.0,0.0,0.0,0.0,0.0,0.0,0.0,0.0,0.0,0.0,0.0,0.0,0.0,0.0,0.0,0.0,0.0,0.0,0.0,0.0,0.0,0.0,0.0,0.0,0.0,0.0,0.0,0.06092367,0.0,0.27272728,0.06001025,11.0,2.4849067,1.959569,4.7690463,9.272727
NEG::shuffled::0040,0,0.035714287,0.071428575,0.0,0.0,0.30357143,0.21428572,0.16071428,0.10714286,0.23214285,0.0,0.035714287,0.0,0.017857144,0.035714287,0.05357143,0.017857144,0.08928572,0.035714287,0.035714287,0.0,0.0,0.017857144,0.017857144,0.0,0.0,0.0,0.0,0.0,0.0,0.0,0.0,0.0,0.0,0.0,0.0,0.0,0.0,0.0,0.0,0.0,0.0,0.0,0.017857144,0.0,0.0,0.0,0.0,0.0,0.0,0.0,0.0,0.0,0.0,0.0,0.0,0.017857144,0.0,0.0,0.0,0.0,0.045737926,0.0,0.5,0.09002289,56.0,4.0430512,2.4935565,4.3254113,7.571429
NEG::shuffled::0041,0,0.035714287,0.17857143,0.0,0.035714287,0.42857143,0.14285715,0.35714287,0.071428575,0.10714286,0.035714287,0.071428575,0.0,0.0,0.0,0.0,0.0,0.035714287,0.035714287,0.071428575,0.0,0.0,0.035714287,0.0,0.0,0.0,0.0,0.0,0.0,0.035714287,0.0,0.0,0.035714287,0.0,0.0,0.0,0.0,0.0,0.0,0.0,0.0,0.0,0.0,0.0,0.0,0.035714287,0.0,0.0,0.0,0.0,0.0,0.0,0.0,0.0,0.0,0.0,0.0,0.0,0.0,0.0,0.0,0.07473693,0.0,0.75,0.12058073,28.0,3.3672957,2.3838246,4.1629744,7.75
NEG::shuffled::0042,0,0.0,0.0,0.0,0.0,0.0,0.0,0.16666667,0.33333334,0.16666667,0.0,0.16666667,0.0,0.0,0.0,0.0,0.0,0.16666667,0.33333334,0.0,0.0,0.0,0.0,0.0,0.0,0.0,0.0,0.0,0.0,0.0,0.0,0.0,0.0,0.0,0.0,0.16666667,0.0,0.0,0.0,0.0,0.0,0.0,0.0,0.0,0.0,0.0,0.0,0.0,0.0,0.0,0.0,0.0,0.0,0.0,0.0,0.0,0.0,0.0,0.0,0.0,0.0,0.05760702,0.0,0.5714286,0.14188588,6.0,1.9459101,1.8891599,3.4359214,7.1666665
NEG::shuffled::0043,0,0.0,0.0,0.0,0.0,0.125,0.0,0.125,0.0,0.0,0.0,0.0,0.0,0.0,0.0,0.0,0.0,0.125,0.125,0.125,0.0,0.0,0.125,0.125,0.0,0.0,0.0,0.0,0.0,0.125,0.0,0.0,0.0,0.0,0.0,0.0,0.0,0.0,0.0,0.0,0.125,0.0,0.0,0.0,0.0,0.125,0.0,0.0,0.0,0.0,0.0,0.0,0.0,0.0,0.0,0.0,0.0,0.0,0.0,0.0,0.0,0.0070316913,0.0,0.09090909,0.021277605,8.0,2.1972246,2.3025858,4.1155195,7.25
NEG::shuffled::0044,0,0.16666667,0.083333336,0.0,0.083333336,0.083333336,0.25,0.16666667,0.0,0.083333336,0.0,0.083333336,0.0,0.0,0.0,0.0,0.0,0.083333336,0.0,0.083333336,0.0,0.0,0.0,0.0,0.0,0.0,0.16666667,0.0,0.0,0.083333336,0.0,0.0,0.0,0.0,0.0,0.0,0.0,0.0,0.0,0.0,0.0,0.0,0.0,0.0,0.0,0.0,0.0,0.083333336,0.0,0.0,0.0,0.0,0.0,0.0,0.0,0.0,0.0,0.0,0.0,0.0,0.0,0.05254103,0.0,0.6666667,0.09146915,12.0,2.5649493,2.4762213,2.9533408,7.3333335
NEG::shuffled::0045,0,0.0,0.0,0.0,0.0,0.33333334,0.0,0.33333334,0.0,0.16666667,0.0,0.0,0.0,0.0,0.0,0.0,0.0,0.0,0.0,0.0,0.0,0.0,0.0,0.0,0.0,0.0,0.0,0.0,0.0,0.16666667,0.0,0.0,0.0,0.0,0.0,0.0,0.0,0.0,0.0,0.0,0.0,0.0,0.0,0.0,0.0,0.0,0.0,0.0,0.0,0.0,0.0,0.0,0.0,0.0,0.0,0.0,0.0,0.0,0.0,0.0,0.0,0.00969697,0.0,0.1,0.02665289,6.0,1.9459101,1.3296624,3.9581141,7.0
NEG::shuffled::0046,0,0.08108108,0.16216215,0.0,0.0,0.27027026,0.10810811,0.24324325,0.08108108,0.1891892,0.0,0.0,0.0,0.027027028,0.0,0.0,0.0,0.027027028,0.027027028,0.054054055,0.027027028,0.0,0.0,0.027027028,0.027027028,0.0,0.0,0.0,0.0,0.027027028,0.0,0.0,0.0,0.0,0.0,0.0,0.0,0.0,0.0,0.0,0.027027028,0.0,0.0,0.0,0.0,0.027027028,0.0,0.0,0.0,0.0,0.0,0.027027028,0.0,0.0,0.0,0.0,0.0,0.0,0.0,0.027027028,0.0,0.03964118,0.0,0.4,0.05818352,37.0,3.637586,2.5401347,3.8928301,7.3783784
NEG::shuffled::0047,0,0.05,0.3,0.05,0.05,0.25,0.35,0.25,0.1,0.3,0.05,0.0,0.0,0.0,0.0,0.0,0.0,0.0,0.0,0.0,0.0,0.0,0.1,0.05,0.0,0.05,0.0,0.0,0.0,0.05,0.0,0.0,0.0,0.0,0.0,0.0,0.0,0.0,0.0,0.0,0.0,0.0,0.0,0.0,0.0,0.0,0.0,0.0,0.0,0.05,0.0,0.0,0.0,0.05,0.0,0.0,0.0,0.0,0.0,0.0,0.0,0.044616316,0.0,0.3,0.060765732,20.0,3.0445225,2.4522069,4.0187063,9.5
NEG::shuffled::0048,0,0.0,0.14285715,0.0,0.0,0.21428572,0.21428572,0.35714287,0.071428575,0.2857143,0.0,0.071428575,0.0,0.0,0.071428575,0.071428575,0.071428575,0.0,0.14285715,0.0,0.071428575,0.0,0.0,0.0,0.0,0.0,0.0,0.0,0.0,0.071428575,0.0,0.0,0.0,0.0,0.0,0.0,0.0,0.0,0.0,0.0,0.0,0.0,0.0,0.0,0.0,0.0,0.0,0.0,0.0,0.0,0.0,0.0,0.0,0.0,0.0,0.0,0.0,0.0,0.0,0.0,0.0,0.033576436,0.0,0.6666667,0.07986715,14.0,2.7080503,2.3751497,4.206409,7.857143
NEG::shuffled::0049,0,0.0,0.07692308,0.0,0.0,0.30769232,0.23076923,0.3846154,0.15384616,0.3846154,0.07692308,0.0,0.0,0.07692308,0.07692308,0.07692308,0.07692308,0.0,0.0,0.0,0.0,0.0,0.0,0.0,0.0,0.0,0.0,0.0,0.0,0.0,0.0,0.0,0.0,0.0,0.0,0.0,0.0,0.0,0.0,0.0,0.0,0.0,0.0,0.0,0.0,0.0,0.0,0.0,0.0,0.0,0.0,0.0,0.0,0.15384616,0.0,0.0,0.0,0.0,0.0,0.07692308,0.0,0.035551757,0.0,0.15384616,0.043826766,13.0,2.6390574,2.3426342,4.2216687,10.846154
NEG::shuffled::0050,0,0.0,0.125,0.0,0.0,0.375,0.125,0.125,0.0,0.0,0.0,0.0,0.0,0.0,0.0,0.0,0.0,0.0,0.0,0.0,0.0,0.0,0.0,0.0,0.0,0.0,0.0,0.0,0.0,0.125,0.0,0.0,0.0,0.0,0.0,0.0,0.0,0.0,0.0,0.0,0.0,0.0,0.0,0.0,0.125,0.0,0.0,0.0,0.0,0.0,0.0,0.0,0.0,0.0,0.0,0.0,0.0,0.0,0.0,0.0,0.0,0.025614034,0.0,0.125,0.040826496,8.0,2.1972246,1.6674631,3.0413814,7.0
NEG::shuffled::0051,0,0.0,0.2,0.0,0.0,0.0,0.4,0.2,0.2,0.2,0.0,0.2,0.0,0.0,0.0,0.0,0.0,0.0,0.0,0.0,0.0,0.0,0.2,0.0,0.0,0.0,0.0,0.0,0.0,0.0,0.0,0.0,0.0,0.0,0.0,0.0,0.0,0.0,0.0,0.0,0.0,0.0,0.0,0.0,0.0,0.0,0.0,0.0,0.0,0.0,0.0,0.0,0.0,0.0,0.0,0.0,0.0,0.0,0.0,0.0,0.0,0.026785715,0.0,0.0625,0.027277237,5.0,1.7917595,1.9061555,2.4494898,9.0
NEG::shuffled::0052,0,0.0,0.0,0.0,0.0,0.2,0.2,0.6,0.2,0.2,0.0,0.0,0.0,0.0,0.0,0.0,0.0,0.0,0.0,0.0,0.0,0.0,0.0,0.0,0.0,0.0,0.0,0.0,0.0,0.0,0.0,0.0,0.0,0.0,0.0,0.0,0.0,0.0,0.0,0.0,0.0,0.0,0.0,0.0,0.0,0.0,0.0,0.0,0.0,0.0,0.0,0.0,0.0,0.0,0.0,0.0,0.0,0.0,0.0,0.0,0.0,0.06845238,0.0,0.2,0.073415324,5.0,1.7917595,1.4750772,3.6551335,5.2
NEG::shuffled::0053,0,0.0,0.05,0.0,0.0,0.35,0.3,0.4,0.0,0.2,0.0,0.0,0.0,0.0,0.0,0.0,0.0,0.05,0.0,0.0,0.0,0.0,0.0,0.0,0.0,0.0,0.0,0.0,0.0,0.0,0.0,0.0,0.05,0.0,0.0,0.05,0.0,0.0,0.0,0.0,0.0,0.0,0.0,0.0,0.0,0.0,0.0,0.0,0.0,0.0,0.0,0.0,0.0,0.0,0.0,0.0,0.0,0.0,0.0,0.0,0.0,0.051825006,0.0,0.46153846,0.07730984,20.0,3.0445225,1.7620332,3.740321,6.9
NEG::shuffled::0054,0,0.03448276,0.06896552,0.0,0.0,0.3275862,0.12068965,0.3275862,0.13793103,0.13793103,0.01724138,0.0862069,0.01724138,0.01724138,0.03448276,0.03448276,0.03448276,0.13793103,0.01724138,0.0,0.0,0.0,0.01724138,0.01724138,0.0,0.0,0.0,0.0,0.0,0.05172414,0.0,0.0,0.0,0.0,0.0,0.01724138,0.0,0.0,0.0,0.0,0.01724138,0.01724138,0.0,0.0,0.03448276,0.0,0.0,0.0,0.0,0.0,0.0,0.0,0.0,0.01724138,0.0,0.0,0.0,0.0,0.0,0.0,0.0,0.03080882,0.0,0.22222222,0.050749417,58.0,4.0775375,2.642484,3.8843262,7.6551723
NEG::shuffled::0055,0,0.0,0.16666667,0.0,0.0,0.5,0.0,0.16666667,0.33333334,0.16666667,0.0,0.16666667,0.0,0.0,0.0,0.0,0.0,0.16666667,0.0,0.0,0.0,0.0,0.0,0.0,0.0,0.0,0.0,0.0,0.0,0.16666667,0.0,0.0,0.0,0.0,0.0,0.0,0.0,0.16666667,0.0,0.0,0.0,0.0,0.0,0.0,0.0,0.0,0.0,0.0,0.0,0.0,0.0,0.0,0.0,0.0,0.0,0.0,0.0,0.0,0.0,0.0,0.0,0.026513113,0.0,0.13043478,0.040760923,6.0,1.9459101,2.0947297,4.5704365,7.3333335
NEG::shuffled::0056,0,0.01754386,0.22807017,0.0,0.0,0.24561404,0.3508772,0.31578946,0.15789473,0.24561404,0.01754386,0.05263158,0.0,0.03508772,0.07017544,0.0877193,0.05263158,0.0,0.0,0.01754386,0.05263158,0.01754386,0.0,0.01754386,0.0,0.0,0.0,0.01754386,0.0,0.07017544,0.0,0.0,0.0,0.0,0.0,0.0,0.0,0.0,0.0,0.0,0.01754386,0.0,0.0,0.0,0.0,0.01754386,0.03508772,0.0,0.0,0.03508772,0.0,0.0,0.0,0.0,0.0,0.0,0.01754386,0.0,0.0,0.0,0.0,0.05067326,0.0,0.375,0.064395174,57.0,4.060443,2.6512082,4.453791,9.666667
NEG::shuffled::0057,0,0.0,0.0,0.0,0.0,0.16666667,0.5,0.8333333,0.0,0.16666667,0.0,0.0,0.0,0.0,0.0,0.0,0.16666667,0.0,0.0,0.0,0.0,0.16666667,0.16666667,0.0,0.0,0.16666667,0.0,0.0,0.0,0.0,0.0,0.0,0.0,0.0,0.0,0.0,0.0,0.0,0.0,0.0,0.0,0.0,0.0,0.0,0.0,0.33333334,0.0,0.0,0.0,0.0,0.0,0.0,0.0,0.0,0.0,0.0,0.0,0.0,0.0,0.0,0.0,0.076243006,0.0,0.16666667,0.061206818,6.0,1.9459101,1.9770066,3.448027,8.666667
NEG::shuffled::0058,0,0.03846154,0.115384616,0.0,0.03846154,0.26923078,0.26923078,0.46153846,0.115384616,0.26923078,0.03846154,0.0,0.0,0.03846154,0.03846154,0.03846154,0.03846154,0.07692308,0.115384616,0.03846154,0.03846154,0.0,0.0,0.03846154,0.0,0.0,0.0,0.0,0.0,0.03846154,0.0,0.0,0.0,0.0,0.0,0.0,0.0,0.0,0.0,0.0,0.0,0.0,0.0,0.0,0.0,0.0,0.0,0.0,0.0,0.0,0.0,0.0,0.0,0.0,0.0,0.0,0.0,0.0,0.0,0.0,0.0,0.040717535,0.0,0.22222222,0.05328306,26.0,3.295837,2.51721,5.8829813,8.923077
NEG::shuffled::0059,0,0.0,0.14285715,0.0,0.0,0.25396827,0.20634921,0.25396827,0.15873016,0.26984128,0.0,0.031746034,0.0,0.015873017,0.07936508,0.07936508,0.06349207,0.031746034,0.015873017,0.015873017,0.015873017,0.015873017,0.015873017,0.031746034,0.0,0.0,0.031746034,0.0,0.0,0.04761905,0.015873017,0.0,0.0,0.0,0.0,0.015873017,0.0,0.0,0.0,0.0,0.015873017,0.0,0.0,0.0,0.0,0.015873017,0.0,0.0,0.0,0.015873017,0.0,0.0,0.0,0.0,0.0,0.0,0.0,0.0,0.0,0.0,0.0,0.04992175,0.0,0.25,0.053251207,63.0,4.158883,2.6808646,4.3709917,8.539682
NEG::shuffled::0060,0,0.021276595,0.13829787,0.0,0.0,0.3723404,0.15957446,0.3723404,0.07446808,0.21276596,0.0,0.031914894,0.010638298,0.010638298,0.031914894,0.031914894,0.031914894,0.031914894,0.021276595,0.010638298,0.0,0.010638298,0.010638298,0.010638298,0.010638298,0.0,0.010638298,0.0,0.0,0.021276595,0.0,0.0,0.0,0.0,0.0,0.010638298,0.0,0.0,0.0,0.0,0.031914894,0.0,0.0,0.0,0.0,0.0,0.010638298,0.0,0.0,0.010638298,0.0,0.010638298,0.0,0.0,0.0,0.0,0.021276595,0.0,0.0,0.0,0.021276595,0.03298413,0.0,0.33333334,0.061489567,94.0,4.553877,2.5418127,4.9092836,8.5
NEG::shuffled::0061,0,0.0,0.0,0.0,0.0,0.5,0.125,0.375,0.125,0.375,0.0,0.125,0.0,0.0,0.0,0.0,0.0,0.0,0.0,0.0,0.0,0.125,0.0,0.0,0.0,0.0,0.125,0.0,0.0,0.0,0.0,0.0,0.0,0.0,0.0,0.0,0.0,0.0,0.0,0.0,0.0,0.0,0.0,0.0,0.0,0.0,0.0,0.0,0.0,0.0,0.0,0.0,0.0,0.0,0.0,0.0,0.0,0.0,0.0,0.0,0.0,0.04577937,0.0,0.14285715,0.04642324,8.0,2.1972246,1.8989273,0.99215674,7.625
NEG::shuffled::0062,0,0.07692308,0.23076923,0.0,0.0,0.15384616,0.30769232,0.30769232,0.15384616,0.07692308,0.0,0.07692308,0.0,0.0,0.07692308,0.07692308,0.07692308,0.15384616,0.0,0.07692308,0.0,0.0,0.0,0.0,0.0,0.0,0.0,0.0,0.0,0.07692308,0.0,0.0,0.07692308,0.0,0.0,0.0,0.0,0.0,0.0,0.0,0.0,0.0,0.0,0.0,0.0,0.0,0.0,0.0,0.0,0.0,0.0,0.0,0.0,0.0,0.0,0.0,0.0,0.0,0.0,0.0,0.0,0.034051355,0.0,0.6,0.07636898,13.0,2.6390574,2.5448248,4.339171,8.692307
NEG::shuffled::0063,0,0.0,0.0,0.0,0.0,0.25,0.0,0.25,0.0,0.0,0.0,0.0,0.0,0.0,0.0,0.0,0.0,0.0,0.0,0.0,0.0,0.0,0.0,0.0,0.0,0.0,0.0,0.0,0.0,0.0,0.0,0.0,0.0,0.0,0.0,0.0,0.0,0.0,0.0,0.0,0.0,0.0,0.0,0.0,0.0,0.0,0.0,0.0,0.0,0.0,0.0,0.0,0.0,0.0,0.0,0.0,0.0,0.0,0.0,0.0,0.0,0.04057971,0.0,0.2,0.07304118,4.0,1.609438,0.69314957,3.5707142,9.5
NEG::shuffled::0064,0,0.0,0.125,0.0,0.0,0.20833333,0.125,0.25,0.16666667,0.20833333,0.041666668,0.0,0.0,0.083333336,0.041666668,0.083333336,0.041666668,0.0,0.0,0.0,0.041666668,0.041666668,0.041666668,0.0,0.0,0.0,0.0,0.0,0.0,0.083333336,0.0,0.0,0.0,0.0,0.041666668,0.0,0.0,0.0,0.0,0.0,0.0,0.0,0.0,0.0,0.0,0.0,0.0,0.0,0.0,0.0,0.0,0.0,0.0,0.041666668,0.0,0.0,0.0,0.0,0.0,0.0,0.0,0.03249897,0.0,0.14285715,0.042294197,24.0,3.218876,2.6103632,3.0945742,8.416667
NEG::shuffled::0065,0,0.01923077,0.115384616,0.01923077,0.01923077,0.21153846,0.26923078,0.30769232,0.09615385,0.23076923,0.0,0.01923077,0.0,0.0,0.03846154,0.03846154,0.03846154,0.03846154,0.03846154,0.01923077,0.0,0.0,0.03846154,0.03846154,0.01923077,0.0,0.0,0.0,0.0,0.0,0.0,0.0,0.0,0.0,0.0,0.0,0.0,0.0,0.0,0.0,0.0,0.0,0.0,0.0,0.0,0.0,0.0,0.0,0.0,0.0,0.0,0.0,0.0,0.01923077,0.0,0.01923077,0.0,0.0,0.0,0.0,0.0,0.03915125,0.0,0.25,0.050508372,52.0,3.9702919,2.5240483,5.4279847,9.192307
NEG::shuffled::0066,0,0.07692308,0.0,0.0,0.0,0.30769232,0.07692308,0.07692308,0.07692308,0.07692308,0.0,0.15384616,0.0,0.0,0.0,0.0,0.0,0.0,0.23076923,0.0,0.0,0.0,0.0,0.0,0.0,0.0,0.0,0.0,0.0,0.07692308,0.0,0.0,0.0,0.0,0.0,0.0,0.0,0.0,0.0,0.0,0.0,0.0,0.0,0.0,0.0,0.0,0.0,0.0,0.0,0.0,0.0,0.0,0.0,0.0,0.0,0.0,0.0,0.0,0.0,0.0,0.0,0.038803328,0.0,0.35714287,0.08090707,13.0,2.6390574,2.0262306,4.110889,5.8461537
NEG::shuffled::0067,0,0.0,0.22222222,0.0,0.0,0.33333334,0.22222222,0.11111111,0.0,0.44444445,0.0,0.0,0.11111111,0.0,0.0,0.0,0.0,0.0,0.11111111,0.11111111,0.0,0.11111111,0.11111111,0.0,0.0,0.0,0.0,0.0,0.0,0.0,0.0,0.0,0.0,0.0,0.0,0.0,0.0,0.0,0.0,0.0,0.22222222,0.0,0.0,0.0,0.0,0.0,0.0,0.0,0.0,0.0,0.0,0.0,0.0,0.0,0.0,0.0,0.0,0.0,0.0,0.0,0.0,0.036218993,0.0,0.3,0.057706304,9.0,2.3025851,2.2602344,6.463573,9.333333
NEG::shuffled::0068,0,0.0,0.0,0.0,0.0,0.25,0.25,0.25,0.125,0.375,0.0,0.0625,0.0,0.0,0.0625,0.0625,0.0625,0.0625,0.0625,0.0,0.0,0.0,0.0,0.0625,0.0,0.0,0.0625,0.0,0.0,0.0625,0.0,0.0,0.0,0.0,0.0,0.0,0.0,0.0,0.0,0.0,0.0,0.0,0.0,0.0,0.0,0.0,0.0,0.0,0.0,0.0,0.0,0.0,0.0,0.0,0.0,0.0,0.0625,0.0,0.0,0.0,0.0,0.045509595,0.0,0.33333334,0.0550005,16.0,2.8332133,2.4421184,5.7865686,9.125
NEG::shuffled::0069,0,0.0,0.18181819,0.09090909,0.09090909,0.27272728,0.09090909,0.27272728,0.09090909,0.18181819,0.0,0.0,0.0,0.0,0.0,0.0,0.0,0.09090909,0.0,0.0,0.0,0.0,0.0,0.0,0.0,0.0,0.09090909,0.0,0.0,0.18181819,0.0,0.0,0.0,0.0,0.0,0.0,0.0,0.0,0.0,0.0,0.0,0.0,0.0,0.0,0.0,0.0,0.0,0.0,0.0,0.0,0.0,0.0,0.0,0.0,0.0,0.0,0.0,0.0,0.0,0.09090909,0.0,0.035620254,0.0,0.2,0.048475616,11.0,2.4849067,2.3786209,3.5419564,8.0
NEG::shuffled::0070,0,0.02631579,0.10526316,0.02631579,0.078947365,0.34210527,0.31578946,0.31578946,0.078947365,0.2631579,0.0,0.02631579,0.0,0.0,0.0,0.05263158,0.0,0.05263158,0.05263158,0.02631579,0.0,0.0,0.02631579,0.02631579,0.0,0.0,0.02631579,0.02631579,0.0,0.05263158,0.0,0.0,0.02631579,0.02631579,0.0,0.0,0.0,0.078947365,0.02631579,0.0,0.02631579,0.02631579,0.0,0.0,0.0,0.0,0.0,0.0,0.0,0.0,0.0,0.0,0.0,0.02631579,0.0,0.0,0.02631579,0.0,0.02631579,0.0,0.0,0.022162633,0.0,0.23076923,0.044889357,38.0,3.6635616,2.8000336,4.8501077,8.947369
NEG::shuffled::0071,0,0.0,0.0,0.0,0.0,0.4,0.2,0.2,0.2,0.4,0.0,0.0,0.0,0.0,0.2,0.2,0.2,0.2,0.0,0.0,0.0,0.0,0.0,0.0,0.0,0.0,0.0,0.0,0.0,0.2,0.0,0.0,0.2,0.0,0.0,0.0,0.0,0.0,0.0,0.0,0.0,0.0,0.0,0.0,0.0,0.0,0.0,0.0,0.0,0.0,0.0,0.0,0.0,0.0,0.0,0.0,0.0,0.0,0.0,0.0,0.0,0.036720086,0.0,0.11111111,0.03953465,5.0,1.7917595,2.3516736,3.7735925,7.6
NEG::shuffled::0072,0,0.0,0.22222222,0.0,0.0,0.33333334,0.22222222,0.11111111,0.11111111,0.11111111,0.0,0.0,0.0,0.0,0.0,0.0,0.0,0.0,0.0,0.22222222,0.0,0.0,0.0,0.11111111,0.11111111,0.0,0.0,0.0,0.0,0.11111111,0.0,0.0,0.0,0.0,0.0,0.0,0.0,0.0,0.0,0.0,0.0,0.0,0.0,0.0,0.11111111,0.0,0.0,0.0,0.0,0.0,0.0,0.0,0.0,0.0,0.0,0.0,0.0,0.0,0.0,0.0,0.0,0.05151145,0.0,1.0,0.16599496,9.0,2.3025851,2.3066692,1.4487116,6.111111
NEG::shuffled::0073,0,0.028037382,0.14018692,0.009345794,0.009345794,0.27102804,0.21495327,0.317757,0.12149533,0.25233644,0.018691588,0.018691588,0.0,0.0,0.028037382,0.028037382,0.037383176,0.10280374,0.056074765,0.037383176,0.0,0.0,0.0,0.018691588,0.0,0.009345794,0.028037382,0.0,0.0,0.037383176,0.0,0.0,0.0,0.009345794,0.0,0.009345794,0.0,0.009345794,0.0,0.0,0.028037382,0.0,0.009345794,0.0,0.009345794,0.0,0.0,0.0,0.0,0.0,0.0,0.0,0.009345794,0.009345794,0.0,0.009345794,0.0,0.0,0.0,0.009345794,0.0,0.03584244,0.0,0.2,0.05150975,107.0,4.6821313,2.7170591,4.647069,8.476636
NEG::shuffled::0074,0,0.0,0.0,0.0,0.0,0.14285715,0.14285715,0.42857143,0.0,0.0,0.0,0.0,0.0,0.0,0.0,0.0,0.0,0.14285715,0.0,0.0,0.0,0.14285715,0.0,0.14285715,0.0,0.0,0.0,0.0,0.0,0.14285715,0.0,0.0,0.0,0.0,0.0,0.0,0.0,0.0,0.0,0.0,0.0,0.0,0.0,0.0,0.0,0.0,0.0,0.0,0.0,0.0,0.0,0.0,0.0,0.0,0.0,0.0,0.0,0.0,0.0,0.0,0.0,0.046294175,0.0,0.18181819,0.06303697,7.0,2.0794415,1.8310213,2.96923,5.571429
NEG::shuffled::0075,0,0.0,0.18181819,0.0,0.0,0.27272728,0.09090909,0.18181819,0.0,0.0,0.0,0.0,0.0,0.0,0.0,0.0,0.0,0.09090909,0.09090909,0.0,0.0,0.0,0.0,0.09090909,0.09090909,0.0,0.0,0.0,0.0,0.0,0.0,0.0,0.0,0.0,0.0,0.0,0.0,0.0,0.0,0.0,0.0,0.0,0.0,0.0,0.0,0.0,0.0,0.0,0.0,0.0,0.0,0.0,0.0,0.0,0.0,0.0,0.0,0.0,0.0,0.0,0.0,0.022741904,0.0,0.16666667,0.040697698,11.0,2.4849067,1.9792055,1.9455395,6.181818
NEG::shuffled::0076,0,0.05882353,0.1764706,0.0,0.029411765,0.32352942,0.23529412,0.2647059,0.029411765,0.14705883,0.0,0.029411765,0.0,0.0,0.0,0.0,0.0,0.11764706,0.05882353,0.05882353,0.0,0.029411765,0.029411765,0.0,0.0,0.0,0.029411765,0.0,0.0,0.0882353,0.0,0.0,0.0,0.0,0.0,0.0,0.0,0.029411765,0.0,0.0,0.05882353,0.0,0.0,0.0,0.029411765,0.0,0.0,0.0,0.0,0.0,0.029411765,0.0,0.0,0.0,0.0,0.0,0.0,0.0,0.0,0.0,0.0,0.027706275,0.0,0.22222222,0.04295083,34.0,3.5553482,2.6197805,4.568964,9.6470585
NEG::shuffled::0077,0,0.017857144,0.10714286,0.0,0.0,0.26785713,0.35714287,0.3392857,0.14285715,0.19642857,0.0,0.0,0.017857144,0.017857144,0.017857144,0.035714287,0.0,0.035714287,0.017857144,0.035714287,0.0,0.0,0.035714287,0.08928572,0.017857144,0.0,0.0,0.0,0.0,0.071428575,0.0,0.0,0.017857144,0.0,0.0,0.017857144,0.0,0.035714287,0.0,0.0,0.0,0.017857144,0.0,0.0,0.0,0.017857144,0.0,0.0,0.0,0.0,0.0,0.0,0.0,0.0,0.0,0.0,0.0,0.0,0.0,0.0,0.0,0.054681152,0.0,0.36363637,0.07556895,56.0,4.0430512,2.5454047,5.0253186,8.821428
NEG::shuffled::0078,0,0.03448276,0.09770115,0.022988506,0.05172414,0.23563218,0.25287357,0.31609195,0.10344828,0.18390805,0.011494253,0.011494253,0.0,0.011494253,0.01724138,0.028735632,0.022988506,0.03448276,0.011494253,0.028735632,0.011494253,0.0057471264,0.011494253,0.03448276,0.0057471264,0.0057471264,0.022988506,0.011494253,0.0,0.05172414,0.0057471264,0.0057471264,0.0,0.0,0.0,0.0,0.0,0.0057471264,0.0,0.0,0.03448276,0.0,0.0,0.0,0.011494253,0.011494253,0.0,0.0,0.0,0.0,0.0,0.0,0.0,0.0,0.0,0.0,0.011494253,0.0,0.0,0.0057471264,0.0,0.06642681,0.0,0.4,0.07751012,174.0,5.164786,2.7745526,4.3537316,8.166667
NEG::shuffled::0079,0,0.0,0.0,0.0,0.0,0.375,0.25,0.375,0.0,0.25,0.0,0.0,0.0,0.0,0.0,0.0,0.0,0.0,0.125,0.0,0.0,0.0,0.0,0.0,0.0,0.125,0.0,0.0,0.0,0.0,0.0,0.0,0.0,0.0,0.0,0.0,0.0,0.0,0.0,0.0,0.0,0.0,0.0,0.0,0.0,0.0,0.0,0.0,0.0,0.0,0.0,0.0,0.0,0.0,0.0,0.0,0.0,0.0,0.0,0.0,0.0,0.033280864,0.0,0.15,0.046068974,8.0,2.1972246,1.7045522,7.507288,9.875
NEG::shuffled::0080,0,0.0,0.15384616,0.0,0.07692308,0.23076923,0.23076923,0.23076923,0.07692308,0.15384616,0.07692308,0.0,0.0,0.0,0.0,0.0,0.0,0.07692308,0.07692308,0.0,0.0,0.0,0.0,0.0,0.0,0.07692308,0.07692308,0.0,0.0,0.0,0.0,0.0,0.0,0.0,0.0,0.07692308,0.0,0.0,0.0,0.0,0.0,0.0,0.0,0.0,0.0,0.0,0.0,0.0,0.0,0.0,0.0,0.0,0.0,0.0,0.0,0.0,0.0,0.0,0.0,0.0,0.0,0.02324815,0.0,0.4,0.05886776,13.0,2.6390574,2.4416611,3.9253387,6.230769
NEG::shuffled::0081,0,0.034188036,0.11111111,0.0,0.017094018,0.18803419,0.23931624,0.37606838,0.14529915,0.20512821,0.0,0.008547009,0.0,0.017094018,0.025641026,0.034188036,0.008547009,0.051282052,0.025641026,0.051282052,0.0,0.008547009,0.017094018,0.025641026,0.0,0.0,0.0,0.008547009,0.0,0.025641026,0.0,0.008547009,0.0,0.017094018,0.0,0.008547009,0.0,0.0,0.0,0.0,0.042735044,0.0,0.0,0.0,0.0,0.008547009,0.008547009,0.0,0.0,0.0,0.0,0.0,0.0,0.0,0.0,0.0,0.008547009,0.0,0.0,0.0,0.0,0.05321544,0.0,0.2857143,0.063663185,117.0,4.7706847,2.610454,4.647011,8.17094
NEG::shuffled::0082,0,0.0,0.20833333,0.0,0.0,0.29166666,0.25,0.20833333,0.125,0.29166666,0.083333336,0.125,0.0,0.0,0.0,0.0,0.0,0.0,0.0,0.0,0.0,0.041666668,0.0,0.0,0.0,0.0,0.041666668,0.0,0.0,0.0,0.0,0.0,0.0,0.0,0.0,0.041666668,0.0,0.0,0.0,0.0,0.0,0.0,0.0,0.0,0.0,0.0,0.0,0.0,0.0,0.0,0.0,0.0,0.0,0.0,0.0,0.0,0.0,0.0,0.0,0.0,0.0,0.033396848,0.0,0.23076923,0.05224776,24.0,3.218876,2.1997764,4.377182,9.083333
NEG::shuffled::0083,0,0.11111111,0.22222222,0.0,0.0,0.11111111,0.44444445,0.44444445,0.22222222,0.11111111,0.11111111,0.0,0.0,0.0,0.0,0.0,0.0,0.0,0.0,0.11111111,0.0,0.0,0.0,0.0,0.0,0.0,0.0,0.0,0.0,0.11111111,0.0,0.11111111,0.0,0.0,0.0,0.0,0.0,0.0,0.0,0.0,0.0,0.0,0.0,0.0,0.0,0.0,0.11111111,0.0,0.0,0.0,0.0,0.0,0.0,0.0,0.0,0.0,0.0,0.0,0.0,0.0,0.0,0.052073825,0.0,0.18181819,0.052662276,9.0,2.3025851,2.3025856,3.9377878,7.7777777
NEG::shuffled::0084,0,0.0,0.12962963,0.018518519,0.018518519,0.35185185,0.09259259,0.3888889,0.074074075,0.24074075,0.0,0.0,0.0,0.0,0.0,0.0,0.0,0.09259259,0.074074075,0.018518519,0.0,0.0,0.018518519,0.0,0.0,0.0,0.0,0.0,0.0,0.018518519,0.0,0.0,0.0,0.018518519,0.0,0.0,0.0,0.0,0.0,0.0,0.037037037,0.018518519,0.0,0.0,0.0,0.018518519,0.0,0.0,0.0,0.0,0.0,0.0,0.0,0.018518519,0.0,0.018518519,0.0,0.0,0.0,0.0,0.0,0.07753298,0.0,0.45454547,0.084912,54.0,4.0073333,2.3285208,4.8679757,7.685185
NEG::shuffled::0085,0,0.0625,0.1875,0.03125,0.03125,0.21875,0.1875,0.28125,0.09375,0.15625,0.0,0.03125,0.0,0.03125,0.0,0.0,0.0,0.03125,0.03125,0.09375,0.0,0.0,0.0,0.0625,0.0,0.0,0.0,0.0,0.0,0.03125,0.0,0.0,0.0,0.03125,0.0,0.0,0.0,0.0,0.0,0.0,0.0,0.0,0.0,0.0,0.0,0.0,0.0,0.0,0.0,0.0,0.0,0.0,0.0,0.0,0.0,0.0,0.0,0.0,0.0,0.0,0.0,0.040205363,0.0,0.625,0.0732231,32.0,3.4965076,2.5140035,5.467857,7.90625
NEG::shuffled::0086,0,0.0,0.0,0.0,0.0,0.25,0.5,0.25,0.0,0.0,0.0,0.0,0.0,0.0,0.0,0.0,0.0,0.0,0.0,0.0,0.0,0.0,0.0,0.0,0.0,0.0,0.0,0.0,0.0,0.0,0.0,0.0,0.0,0.0,0.0,0.0,0.0,0.0,0.0,0.0,0.0,0.0,0.0,0.0,0.0,0.0,0.0,0.0,0.0,0.0,0.0,0.0,0.0,0.0,0.0,0.0,0.0,0.0,0.0,0.0,0.0,0.033333335,0.0,0.2,0.0745356,4.0,1.609438,1.039722,3.1622777,6.0
NEG::shuffled::0087,0,0.0,0.25,0.071428575,0.071428575,0.17857143,0.21428572,0.17857143,0.035714287,0.10714286,0.0,0.035714287,0.0,0.0,0.035714287,0.035714287,0.035714287,0.10714286,0.035714287,0.0,0.0,0.0,0.0,0.0,0.0,0.0,0.0,0.0,0.0,0.035714287,0.0,0.0,0.0,0.0,0.0,0.0,0.0,0.0,0.0,0.0,0.0,0.0,0.0,0.0,0.0,0.0,0.0,0.035714287,0.0,0.0,0.0,0.0,0.0,0.0,0.0,0.0,0.0,0.0,0.0,0.0,0.0,0.038920846,0.0,0.46153846,0.06927128,28.0,3.3672957,2.498193,4.281397,7.25
NEG::shuffled::0088,0,0.0,0.2631579,0.0,0.0,0.31578946,0.2631579,0.15789473,0.05263158,0.10526316,0.0,0.0,0.05263158,0.0,0.0,0.0,0.0,0.05263158,0.05263158,0.05263158,0.0,0.0,0.05263158,0.0,0.0,0.0,0.0,0.05263158,0.0,0.10526316,0.0,0.0,0.0,0.0,0.0,0.0,0.0,0.0,0.0,0.0,0.0,0.0,0.0,0.0,0.0,0.0,0.0,0.0,0.0,0.0,0.0,0.0,0.0,0.0,0.0,0.05263158,0.0,0.0,0.0,0.0,0.0,0.0332463,0.0,0.33333334,0.05241596,19.0,2.9957323,2.3722665,3.586679,8.368421
NEG::shuffled::0089,0,0.011904762,0.10714286,0.023809524,0.04761905,0.23809524,0.23809524,0.26190478,0.083333336,0.25,0.011904762,0.023809524,0.011904762,0.0,0.011904762,0.011904762,0.011904762,0.0952381,0.11904762,0.071428575,0.0,0.023809524,0.011904762,0.035714287,0.011904762,0.011904762,0.0,0.0,0.0,0.023809524,0.0,0.0,0.023809524,0.0,0.0,0.0,0.0,0.0,0.0,0.011904762,0.0,0.0,0.0,0.0,0.0,0.0,0.0,0.011904762,0.0,0.0,0.0,0.0,0.0,0.011904762,0.011904762,0.0,0.0,0.0,0.011904762,0.011904762,0.0,0.038571574,0.0,0.2,0.05362243,84.0,4.4426513,2.776664,3.9229217,7.5595236
NEG::shuffled::0090,0,0.041666668,0.25,0.0,0.0,0.25,0.083333336,0.25,0.125,0.125,0.0,0.0,0.0,0.0,0.0,0.0,0.0,0.041666668,0.083333336,0.125,0.0,0.0,0.041666668,0.041666668,0.0,0.0,0.0,0.0,0.0,0.0,0.0,0.0,0.0,0.0,0.0,0.041666668,0.0,0.0,0.0,0.0,0.0,0.0,0.0,0.0,0.0,0.0,0.0,0.0,0.0,0.0,0.041666668,0.0,0.0,0.0,0.0,0.0,0.0,0.0,0.0,0.0,0.0,0.041148346,0.0,0.75,0.08997106,24.0,3.218876,2.3970869,3.390141,7.0833335
NEG::shuffled::0091,0,0.0,0.14285715,0.0,0.0,0.14285715,0.2857143,0.2857143,0.14285715,0.0,0.0,0.0,0.0,0.0,0.0,0.0,0.0,0.0,0.0,0.0,0.0,0.0,0.0,0.0,0.0,0.0,0.0,0.0,0.0,0.14285715,0.0,0.0,0.0,0.0,0.0,0.0,0.0,0.0,0.0,0.0,0.0,0.0,0.0,0.0,0.0,0.14285715,0.0,0.0,0.0,0.0,0.0,0.0,0.0,0.0,0.0,0.0,0.0,0.0,0.0,0.0,0.0,0.030667745,0.0,0.16666667,0.057897538,7.0,2.0794415,1.88916,2.194613,5.428571
NEG::shuffled::0092,0,0.0,0.14893617,0.0,0.021276595,0.31914893,0.17021276,0.21276596,0.10638298,0.17021276,0.04255319,0.0,0.0,0.0,0.06382979,0.04255319,0.04255319,0.12765957,0.08510638,0.021276595,0.0,0.0,0.021276595,0.021276595,0.0,0.0,0.0,0.0,0.0,0.021276595,0.0,0.0,0.0,0.0,0.0,0.0,0.0,0.0,0.0,0.0,0.04255319,0.0,0.021276595,0.0,0.0,0.021276595,0.0,0.0,0.0,0.0,0.0,0.0,0.021276595,0.0,0.0,0.0,0.0,0.021276595,0.0,0.0,0.0,0.05282929,0.0,0.2857143,0.06846759,47.0,3.871201,2.687239,5.337415,8.25532
NEG::shuffled::0093,0,0.0,0.23076923,0.07692308,0.0,0.3846154,0.23076923,0.30769232,0.07692308,0.15384616,0.07692308,0.0,0.0,0.0,0.07692308,0.07692308,0.07692308,0.07692308,0.0,0.0,0.0,0.0,0.0,0.0,0.0,0.0,0.0,0.0,0.0,0.0,0.0,0.0,0.0,0.0,0.0,0.0,0.0,0.0,0.0,0.0,0.0,0.0,0.0,0.0,0.0,0.0,0.0,0.0,0.0,0.0,0.0,0.0,0.0,0.0,0.0,0.0,0.0,0.0,0.0,0.0,0.0,0.032278765,0.0,0.30769232,0.051314976,13.0,2.6390574,2.2792904,2.838868,7.6923075
NEG::shuffled::0094,0,0.0,0.125,0.0,0.0,0.25,0.25,0.375,0.125,0.0,0.0,0.0,0.0,0.0,0.0,0.0,0.0,0.125,0.125,0.0,0.0,0.0,0.0,0.125,0.125,0.0,0.0,0.0,0.0,0.0,0.0,0.0,0.0,0.0,0.0,0.125,0.0,0.0,0.0,0.0,0.0,0.0,0.0,0.0,0.0,0.0,0.0,0.0,0.0,0.0,0.0,0.0,0.0,0.0,0.0,0.0,0.0,0.0,0.0,0.0,0.0,0.022878164,0.0,0.125,0.04120679,8.0,2.1972246,2.2055988,2.8256636,6.625
NEG::shuffled::0095,0,0.01923077,0.13461539,0.0,0.0,0.1923077,0.32692307,0.44230768,0.07692308,0.1923077,0.0,0.01923077,0.0,0.01923077,0.057692308,0.057692308,0.03846154,0.057692308,0.03846154,0.01923077,0.01923077,0.01923077,0.0,0.057692308,0.0,0.0,0.01923077,0.01923077,0.0,0.03846154,0.0,0.0,0.0,0.0,0.0,0.01923077,0.0,0.0,0.0,0.0,0.0,0.0,0.0,0.0,0.0,0.0,0.0,0.0,0.0,0.03846154,0.0,0.0,0.0,0.01923077,0.0,0.0,0.0,0.0,0.0,0.01923077,0.0,0.05519825,0.0,0.6666667,0.087231345,52.0,3.9702919,2.6227403,3.751134,8.076923
NEG::shuffled::0096,0,0.0,0.4,0.0,0.0,0.0,0.4,0.4,0.0,0.4,0.0,0.0,0.0,0.0,0.0,0.0,0.0,0.0,0.0,0.2,0.0,0.0,0.0,0.0,0.0,0.0,0.0,0.0,0.0,0.0,0.0,0.0,0.0,0.0,0.0,0.0,0.0,0.0,0.0,0.0,0.0,0.0,0.0,0.0,0.0,0.0,0.0,0.0,0.0,0.0,0.0,0.0,0.0,0.0,0.0,0.0,0.0,0.0,0.0,0.0,0.0,0.028941799,0.0,0.16666667,0.053028464,5.0,1.7917595,1.5810944,5.7619443,12.0
NEG::shuffled::0097,0,0.0,0.16666667,0.0,0.0,0.19444445,0.25,0.3888889,0.083333336,0.2777778,0.0,0.027777778,0.0,0.0,0.0,0.0,0.0,0.0,0.055555556,0.027777778,0.0,0.027777778,0.0,0.055555556,0.027777778,0.0,0.0,0.0,0.0,0.055555556,0.0,0.0,0.027777778,0.0,0.0,0.0,0.0,0.0,0.0,0.0,0.055555556,0.0,0.0,0.0,0.0,0.0,0.0,0.0,0.0,0.027777778,0.0,0.0,0.0,0.0,0.0,0.0,0.0,0.0,0.0,0.0,0.0,0.051392607,0.0,0.25,0.05691233,36.0,3.6109178,2.3501096,4.821105,8.25
NEG::shuffled::0098,0,0.044444446,0.08888889,0.0,0.0,0.17777778,0.24444444,0.2888889,0.08888889,0.26666668,0.0,0.044444446,0.0,0.0,0.044444446,0.044444446,0.044444446,0.08888889,0.11111111,0.044444446,0.0,0.0,0.022222223,0.022222223,0.022222223,0.0,0.0,0.022222223,0.0,0.06666667,0.0,0.0,0.0,0.0,0.0,0.0,0.0,0.0,0.0,0.0,0.0,0.0,0.0,0.0,0.0,0.0,0.0,0.022222223,0.0,0.0,0.0,0.0,0.0,0.0,0.0,0.0,0.0,0.0,0.0,0.0,0.0,0.04260989,0.0,0.46153846,0.07426525,45.0,3.8286414,2.635537,4.8942394,7.8444443
NEG::shuffled::0099,0,0.07692308,0.07692308,0.0,0.0,0.15384616,0.07692308,0.23076923,0.23076923,0.15384616,0.0,0.0,0.0,0.0,0.15384616,0.15384616,0.15384616,0.0,0.07692308,0.0,0.0,0.0,0.0,0.0,0.0,0.0,0.0,0.0,0.0,0.07692308,0.0,0.0,0.0,0.0,0.0,0.0,0.0,0.0,0.0,0.0,0.0,0.0,0.0,0.0,0.07692308,0.0,0.0,0.0,0.0,0.07692308,0.0,0.0,0.0,0.0,0.0,0.0,0.0,0.0,0.0,0.0,0.07692308,0.018295877,0.0,0.16666667,0.038275532,13.0,2.6390574,2.61459,6.5207906,7.6923075
NEG::shuffled::0100,0,0.055555556,0.12962963,0.018518519,0.018518519,0.2962963,0.2962963,0.2777778,0.18518518,0.22222222,0.018518519,0.018518519,0.0,0.037037037,0.037037037,0.037037037,0.018518519,0.037037037,0.018518519,0.0,0.0,0.0,0.018518519,0.037037037,0.018518519,0.0,0.037037037,0.0,0.0,0.055555556,0.0,0.0,0.018518519,0.0,0.0,0.0,0.0,0.0,0.0,0.0,0.037037037,0.0,0.0,0.0,0.0,0.0,0.0,0.0,0.0,0.0,0.0,0.0,0.0,0.0,0.0,0.0,0.018518519,0.0,0.0,0.0,0.0,0.051278137,0.0,0.33333334,0.06305668,54.0,4.0073333,2.6624448,4.2602654,8.87037
NEG::shuffled::0101,0,0.0,0.33333334,0.0,0.0,0.083333336,0.33333334,0.33333334,0.25,0.41666666,0.16666667,0.0,0.083333336,0.0,0.083333336,0.083333336,0.083333336,0.0,0.0,0.0,0.0,0.0,0.0,0.0,0.0,0.0,0.0,0.0,0.0,0.0,0.0,0.0,0.0,0.0,0.0,0.0,0.0,0.0,0.0,0.0,0.083333336,0.083333336,0.0,0.0,0.0,0.0,0.083333336,0.0,0.0,0.0,0.0,0.0,0.0,0.0,0.0,0.0,0.0,0.0,0.0,0.0,0.0,0.048990678,0.0,0.27272728,0.060428638,12.0,2.5649493,2.4223692,6.025409,10.833333
NEG::shuffled::0102,0,0.0,0.11111111,0.0,0.0,0.30555555,0.30555555,0.3888889,0.11111111,0.41666666,0.055555556,0.055555556,0.027777778,0.0,0.027777778,0.027777778,0.027777778,0.027777778,0.027777778,0.0,0.0,0.0,0.0,0.027777778,0.0,0.0,0.0,0.0,0.0,0.0,0.0,0.0,0.027777778,0.0,0.0,0.0,0.0,0.027777778,0.0,0.0,0.027777778,0.0,0.0,0.0,0.0,0.0,0.0,0.0,0.0,0.0,0.0,0.0,0.0,0.0,0.0,0.0,0.027777778,0.0,0.0,0.0,0.0,0.068263456,0.0,0.3,0.078920536,36.0,3.6109178,2.3556304,4.0752945,7.9444447
NEG::shuffled::0103,0,0.030303031,0.15151516,0.0,0.030303031,0.18181819,0.18181819,0.27272728,0.09090909,0.18181819,0.0,0.0,0.0,0.0,0.0,0.030303031,0.0,0.030303031,0.060606062,0.030303031,0.030303031,0.0,0.030303031,0.030303031,0.0,0.0,0.060606062,0.0,0.0,0.09090909,0.0,0.0,0.030303031,0.0,0.0,0.0,0.0,0.0,0.0,0.0,0.0,0.0,0.0,0.0,0.030303031,0.0,0.0,0.0,0.0,0.0,0.0,0.0,0.0,0.0,0.0,0.0,0.0,0.0,0.0,0.030303031,0.0,0.027868157,0.0,0.25,0.053805076,33.0,3.5263605,2.6601388,5.545703,7.818182
NEG::shuffled::0104,0,0.0,0.18421052,0.0,0.02631579,0.18421052,0.18421052,0.10526316,0.18421052,0.10526316,0.02631579,0.0,0.0,0.02631579,0.05263158,0.078947365,0.078947365,0.05263158,0.02631579,0.05263158,0.0,0.0,0.0,0.05263158,0.02631579,0.02631579,0.0,0.0,0.0,0.05263158,0.0,0.0,0.0,0.0,0.0,0.0,0.0,0.0,0.0,0.0,0.0,0.0,0.0,0.0,0.02631579,0.0,0.0,0.0,0.0,0.0,0.0,0.0,0.0,0.0,0.0,0.0,0.0,0.0,0.0,0.0,0.0,0.032104112,0.0,0.15384616,0.040149674,38.0,3.6635616,2.7368772,3.9934156,8.0
NEG::shuffled::0105,0,0.025641026,0.15384616,0.025641026,0.025641026,0.23076923,0.15384616,0.25641027,0.07692308,0.2820513,0.025641026,0.025641026,0.0,0.025641026,0.0,0.0,0.0,0.07692308,0.025641026,0.025641026,0.0,0.0,0.0,0.051282052,0.0,0.025641026,0.025641026,0.0,0.0,0.07692308,0.0,0.0,0.0,0.0,0.0,0.0,0.0,0.0,0.0,0.0,0.0,0.0,0.0,0.0,0.0,0.025641026,0.0,0.0,0.0,0.025641026,0.0,0.0,0.0,0.0,0.0,0.0,0.0,0.0,0.0,0.0,0.0,0.029735226,0.0,0.27272728,0.05036846,39.0,3.6888795,2.6058855,3.0358367,7.5897436
NEG::shuffled::0106,0,0.0,0.4,0.0,0.0,0.6,0.0,0.4,0.2,0.0,0.0,0.0,0.0,0.0,0.0,0.0,0.0,0.0,0.2,0.2,0.0,0.0,0.0,0.0,0.0,0.0,0.0,0.0,0.0,0.0,0.0,0.0,0.0,0.0,0.0,0.0,0.0,0.0,0.0,0.0,0.0,0.0,0.0,0.0,0.0,0.0,0.0,0.0,0.0,0.0,0.0,0.0,0.0,0.0,0.0,0.0,0.0,0.0,0.0,0.2,0.0,0.03207283,0.0,0.0952381,0.04051688,5.0,1.7917595,1.8462207,2.4166093,9.4
NEG::shuffled::0107,0,0.09677419,0.22580644,0.0,0.032258064,0.12903225,0.16129032,0.29032257,0.06451613,0.19354838,0.0,0.032258064,0.0,0.0,0.032258064,0.032258064,0.032258064,0.032258064,0.0,0.0,0.032258064,0.0,0.0,0.0,0.0,0.032258064,0.0,0.0,0.0,0.09677419,0.0,0.032258064,0.0,0.0,0.0,0.0,0.0,0.0,0.0,0.0,0.0,0.0,0.0,0.0,0.0,0.0,0.0,0.0,0.0,0.0,0.0,0.0,0.0,0.032258064,0.0,0.0,0.0,0.0,0.0,0.0,0.0,0.030364549,0.0,0.27272728,0.05116494,31.0,3.465736,2.5506518,4.499046,7.870968
NEG::shuffled::0108,0,0.04,0.12,0.0,0.0,0.34,0.2,0.2,0.1,0.18,0.0,0.02,0.0,0.0,0.0,0.0,0.0,0.14,0.04,0.04,0.0,0.02,0.02,0.0,0.0,0.0,0.02,0.0,0.0,0.02,0.02,0.0,0.0,0.0,0.0,0.0,0.0,0.0,0.0,0.0,0.02,0.0,0.02,0.0,0.0,0.0,0.0,0.02,0.0,0.0,0.0,0.0,0.02,0.0,0.0,0.0,0.0,0.0,0.0,0.0,0.0,0.050533365,0.0,0.33333334,0.063220315,50.0,3.9318256,2.4999104,3.1074748,7.06
NEG::shuffled::0109,0,0.0,0.0,0.0,0.0,0.2,0.6,0.2,0.0,0.4,0.0,0.0,0.0,0.0,0.0,0.0,0.0,0.0,0.0,0.0,0.0,0.0,0.0,0.0,0.0,0.2,0.0,0.0,0.0,0.0,0.0,0.0,0.0,0.0,0.0,0.0,0.0,0.0,0.0,0.0,0.0,0.0,0.0,0.0,0.0,0.0,0.0,0.0,0.0,0.0,0.0,0.0,0.0,0.0,0.0,0.0,0.0,0.0,0.0,0.0,0.0,0.04996795,0.0,0.15384616,0.054361176,5.0,1.7917595,1.4941758,4.758151,8.4
NEG::shuffled::0110,0,0.16666667,0.5,0.0,0.0,0.5,0.33333334,0.33333334,0.5,0.16666667,0.0,0.16666667,0.0,0.0,0.0,0.0,0.0,0.16666667,0.0,0.16666667,0.0,0.16666667,0.0,0.0,0.0,0.0,0.0,0.0,0.0,0.16666667,0.0,0.0,0.0,0.0,0.0,0.0,0.0,0.0,0.0,0.0,0.0,0.0,0.0,0.0,0.0,0.0,0.0,0.0,0.0,0.0,0.0,0.0,0.0,0.0,0.0,0.0,0.0,0.0,0.0,0.0,0.0,0.048593994,0.0,0.18181819,0.047246434,6.0,1.9459101,2.3627276,4.9888763,9.333333
NEG::shuffled::0111,0,0.06666667,0.12,0.04,0.093333334,0.18666667,0.32,0.30666667,0.06666667,0.28,0.013333334,0.026666667,0.0,0.013333334,0.013333334,0.013333334,0.013333334,0.026666667,0.013333334,0.013333334,0.026666667,0.04,0.053333335,0.013333334,0.013333334,0.026666667,0.013333334,0.0,0.0,0.026666667,0.0,0.0,0.0,0.0,0.0,0.0,0.0,0.013333334,0.0,0.0,0.026666667,0.013333334,0.0,0.0,0.0,0.0,0.0,0.0,0.0,0.0,0.0,0.0,0.0,0.04,0.0,0.0,0.0,0.0,0.0,0.0,0.0,0.040617026,0.0,0.3478261,0.05799434,75.0,4.3307333,2.7525089,4.061177,7.9866667
NEG::shuffled::0112,0,0.02,0.16,0.0,0.0,0.28,0.22,0.38,0.08,0.18,0.04,0.04,0.0,0.02,0.02,0.02,0.0,0.08,0.04,0.02,0.0,0.02,0.02,0.02,0.02,0.0,0.02,0.0,0.0,0.02,0.0,0.0,0.0,0.0,0.0,0.0,0.0,0.0,0.0,0.02,0.02,0.0,0.0,0.0,0.0,0.0,0.02,0.0,0.0,0.0,0.0,0.0,0.0,0.0,0.0,0.0,0.0,0.02,0.0,0.0,0.0,0.04417343,0.0,0.2,0.051951785,50.0,3.9318256,2.6006124,3.874274,8.1
NEG::shuffled::0113,0,0.037037037,0.18518518,0.0,0.037037037,0.37037036,0.33333334,0.33333334,0.14814815,0.25925925,0.037037037,0.0,0.0,0.037037037,0.037037037,0.037037037,0.037037037,0.037037037,0.0,0.037037037,0.0,0.0,0.0,0.0,0.0,0.0,0.0,0.037037037,0.0,0.11111111,0.0,0.0,0.037037037,0.0,0.0,0.0,0.0,0.0,0.0,0.0,0.037037037,0.0,0.0,0.0,0.0,0.0,0.0,0.0,0.0,0.0,0.0,0.0,0.0,0.0,0.0,0.0,0.0,0.0,0.0,0.0,0.0,0.028077539,0.0,0.15384616,0.03754706,27.0,3.3322046,2.499818,5.031042,10.148149
NEG::shuffled::0114,0,0.032258064,0.12903225,0.0,0.06451613,0.22580644,0.29032257,0.2580645,0.09677419,0.19354838,0.0,0.06451613,0.0,0.0,0.0,0.0,0.0,0.06451613,0.032258064,0.06451613,0.0,0.0,0.0,0.0,0.0,0.0,0.0,0.0,0.0,0.06451613,0.0,0.0,0.0,0.0,0.0,0.0,0.0,0.0,0.0,0.0,0.0,0.0,0.0,0.0,0.032258064,0.0,0.0,0.0,0.0,0.0,0.0,0.0,0.0,0.0,0.0,0.0,0.0,0.0,0.0,0.0,0.0,0.028433513,0.0,0.22222222,0.044832814,31.0,3.465736,2.3809242,3.661255,7.580645
NEG::shuffled::0115,0,0.0,0.0,0.0,0.0,0.33333334,0.33333334,0.6666667,0.16666667,0.6666667,0.0,0.0,0.0,0.0,0.0,0.0,0.0,0.0,0.0,0.0,0.0,0.0,0.0,0.0,0.0,0.0,0.16666667,0.0,0.0,0.0,0.0,0.0,0.0,0.0,0.0,0.0,0.0,0.0,0.0,0.0,0.0,0.0,0.0,0.0,0.0,0.0,0.0,0.0,0.0,0.0,0.0,0.0,0.0,0.0,0.0,0.0,0.0,0.0,0.0,0.0,0.0,0.08429243,0.0,0.25,0.06989834,6.0,1.9459101,1.6488476,4.7051983,9.166667
NEG::shuffled::0116,0,0.01923077,0.115384616,0.0,0.0,0.25,0.28846154,0.25,0.09615385,0.13461539,0.0,0.057692308,0.0,0.0,0.01923077,0.03846154,0.01923077,0.057692308,0.09615385,0.03846154,0.01923077,0.0,0.03846154,0.03846154,0.01923077,0.0,0.01923077,0.0,0.01923077,0.03846154,0.0,0.0,0.01923077,0.0,0.01923077,0.0,0.0,0.0,0.0,0.0,0.0,0.0,0.0,0.0,0.0,0.0,0.0,0.0,0.0,0.01923077,0.0,0.0,0.0,0.01923077,0.0,0.0,0.01923077,0.0,0.0,0.0,0.0,0.047483414,0.0,0.3846154,0.06988347,52.0,3.9702919,2.7685401,3.6134918,7.519231
NEG::shuffled::0117,0,0.0,0.18181819,0.0,0.0,0.27272728,0.18181819,0.36363637,0.045454547,0.13636364,0.0,0.045454547,0.0,0.0,0.0,0.0,0.0,0.09090909,0.0,0.045454547,0.0,0.0,0.0,0.045454547,0.0,0.0,0.0,0.0,0.0,0.09090909,0.0,0.0,0.0,0.0,0.0,0.0,0.0,0.0,0.0,0.0,0.0,0.0,0.0,0.0,0.045454547,0.0,0.0,0.0,0.0,0.0,0.0,0.0,0.0,0.045454547,0.0,0.045454547,0.0,0.0,0.0,0.0,0.0,0.024201795,0.0,0.15384616,0.041163787,22.0,3.1354942,2.346162,3.1231606,7.8636365
NEG::shuffled::0118,0,0.0,0.5,0.0,0.0,0.5,0.16666667,0.16666667,0.0,0.16666667,0.0,0.0,0.0,0.0,0.0,0.0,0.0,0.0,0.16666667,0.0,0.0,0.16666667,0.0,0.0,0.0,0.0,0.0,0.0,0.0,0.0,0.0,0.0,0.0,0.0,0.0,0.0,0.0,0.0,0.0,0.0,0.0,0.0,0.0,0.0,0.0,0.0,0.0,0.0,0.0,0.16666667,0.0,0.0,0.0,0.0,0.0,0.0,0.0,0.0,0.0,0.0,0.0,0.031216154,0.0,0.11764706,0.04005474,6.0,1.9459101,1.935601,2.0,7.0
NEG::shuffled::0119,0,0.029411765,0.11764706,0.0,0.0,0.32352942,0.1764706,0.4117647,0.11764706,0.20588236,0.029411765,0.029411765,0.0,0.029411765,0.0,0.0,0.029411765,0.0,0.029411765,0.029411765,0.0,0.0,0.0,0.029411765,0.0,0.0,0.0,0.0,0.0,0.0,0.029411765,0.0,0.0,0.0,0.029411765,0.0,0.0,0.0,0.0,0.0,0.0,0.029411765,0.0,0.0,0.0,0.0,0.029411765,0.0,0.0,0.0,0.0,0.0,0.0,0.0,0.0,0.0,0.0,0.0,0.0,0.0,0.0,0.04495191,0.0,0.33333334,0.06337276,34.0,3.5553482,2.3572378,4.8142843,8.382353
NEG::shuffled::0120,0,0.025,0.25,0.0,0.025,0.25,0.25,0.4,0.1,0.175,0.0,0.05,0.0,0.0,0.05,0.05,0.05,0.05,0.025,0.075,0.0,0.025,0.025,0.0,0.0,0.0,0.0,0.0,0.0,0.025,0.0,0.0,0.0,0.0,0.0,0.0,0.0,0.0,0.0,0.0,0.025,0.0,0.0,0.0,0.0,0.0,0.0,0.0,0.0,0.0,0.0,0.0,0.0,0.0,0.0,0.0,0.0,0.0,0.0,0.0,0.0,0.048041075,0.0,0.2,0.053681117,40.0,3.713572,2.4888341,4.382921,8.2
NEG::shuffled::0121,0,0.0,0.2,0.0,0.0,0.4,0.2,0.4,0.0,0.2,0.0,0.0,0.0,0.0,0.0,0.0,0.0,0.0,0.2,0.0,0.0,0.0,0.0,0.2,0.0,0.0,0.0,0.0,0.0,0.2,0.0,0.0,0.0,0.0,0.0,0.0,0.0,0.0,0.0,0.0,0.0,0.0,0.0,0.0,0.0,0.0,0.0,0.0,0.0,0.0,0.0,0.0,0.0,0.0,0.0,0.0,0.0,0.0,0.0,0.0,0.0,0.01904762,0.0,0.071428575,0.029738085,5.0,1.7917595,2.0253267,3.1241,8.2
NEG::shuffled::0122,0,0.13333334,0.06666667,0.06666667,0.13333334,0.4,0.4,0.46666667,0.06666667,0.46666667,0.0,0.0,0.0,0.0,0.0,0.0,0.0,0.0,0.0,0.06666667,0.0,0.0,0.0,0.0,0.0,0.13333334,0.0,0.0,0.0,0.06666667,0.0,0.0,0.0,0.0,0.0,0.0,0.0,0.0,0.0,0.06666667,0.0,0.0,0.0,0.0,0.0,0.0,0.0,0.0,0.0,0.0,0.0,0.0,0.0,0.0,0.0,0.0,0.0,0.0,0.0,0.0,0.0,0.051153395,0.0,0.42105263,0.06564519,15.0,2.7725887,2.2454093,6.8553305,11.266666
NEG::shuffled::0123,0,0.050632913,0.15189873,0.012658228,0.0,0.25316456,0.21518987,0.4556962,0.11392405,0.16455697,0.012658228,0.06329114,0.0,0.0,0.025316456,0.025316456,0.025316456,0.050632913,0.012658228,0.03797468,0.0,0.025316456,0.025316456,0.012658228,0.0,0.0,0.0,0.012658228,0.0,0.03797468,0.0,0.0,0.0,0.012658228,0.0,0.0,0.0,0.012658228,0.0,0.012658228,0.0,0.012658228,0.0,0.0,0.012658228,0.012658228,0.0,0.0,0.0,0.012658228,0.0,0.025316456,0.0,0.0,0.0,0.0,0.012658228,0.0,0.0,0.0,0.0,0.03128127,0.0,0.4,0.05628527,79.0,4.3820267,2.672438,5.1650224,8.822784
NEG::shuffled::0124,0,0.0,0.2,0.0,0.0,0.2,0.2,0.2,0.0,0.2,0.0,0.2,0.0,0.0,0.0,0.0,0.0,0.2,0.0,0.0,0.0,0.0,0.0,0.0,0.0,0.0,0.0,0.0,0.0,0.0,0.0,0.0,0.0,0.0,0.0,0.0,0.0,0.0,0.0,0.0,0.0,0.0,0.0,0.0,0.0,0.0,0.0,0.0,0.0,0.0,0.0,0.0,0.0,0.0,0.0,0.0,0.0,0.0,0.0,0.0,0.0,0.027142856,0.0,0.2,0.061428573,5.0,1.7917595,1.9459109,2.0976176,5.0
NEG::shuffled::0125,0,0.0,0.08695652,0.0,0.0,0.3043478,0.08695652,0.3043478,0.0,0.13043478,0.0,0.04347826,0.0,0.0,0.0,0.0,0.0,0.08695652,0.08695652,0.0,0.0,0.04347826,0.0,0.0,0.0,0.0,0.0,0.0,0.0,0.13043478,0.0,0.0,0.0,0.0,0.0,0.0,0.0,0.0,0.0,0.0,0.04347826,0.0,0.0,0.0,0.0,0.0,0.0,0.0,0.0,0.0,0.0,0.0,0.0,0.0,0.0,0.0,0.0,0.0,0.0,0.04347826,0.0,0.031667817,0.0,0.4,0.060273923,23.0,3.1780539,2.2351243,4.2211995,7.9130435
NEG::shuffled::0126,0,0.0,0.07692308,0.0,0.07692308,0.34615386,0.15384616,0.1923077,0.115384616,0.26923078,0.0,0.0,0.0,0.0,0.03846154,0.03846154,0.03846154,0.03846154,0.07692308,0.03846154,0.0,0.0,0.0,0.0,0.0,0.0,0.03846154,0.0,0.0,0.15384616,0.0,0.0,0.0,0.0,0.0,0.0,0.0,0.0,0.0,0.0,0.0,0.0,0.0,0.0,0.0,0.0,0.0,0.0,0.0,0.0,0.0,0.0,0.0,0.0,0.0,0.0,0.0,0.0,0.0,0.0,0.0,0.035897065,0.0,0.5,0.07037977,26.0,3.295837,2.4208117,2.991111,7.230769
NEG::shuffled::0127,0,0.0,0.23529412,0.0,0.0,0.1764706,0.1764706,0.1764706,0.05882353,0.11764706,0.05882353,0.11764706,0.0,0.0,0.0,0.0,0.0,0.11764706,0.05882353,0.1764706,0.0,0.0,0.0,0.0,0.0,0.0,0.0,0.0,0.0,0.0,0.0,0.0,0.0,0.0,0.0,0.0,0.0,0.0,0.0,0.0,0.05882353,0.0,0.0,0.0,0.0,0.0,0.05882353,0.0,0.0,0.0,0.0,0.0,0.0,0.0,0.0,0.0,0.0,0.0,0.0,0.0,0.0,0.035095375,0.0,0.625,0.08643373,17.0,2.8903718,2.4481556,3.06786,7.0
NEG::shuffled::0128,0,0.0,0.5,0.0,0.0,0.5,0.25,0.0,0.0,0.0,0.0,0.0,0.0,0.0,0.0,0.0,0.0,0.0,0.0,0.0,0.0,0.0,0.0,0.0,0.0,0.0,0.0,0.0,0.0,0.0,0.0,0.0,0.0,0.25,0.0,0.0,0.0,0.0,0.0,0.0,0.0,0.0,0.0,0.0,0.0,0.25,0.0,0.0,0.0,0.0,0.0,0.0,0.0,0.0,0.0,0.0,0.0,0.0,0.0,0.0,0.0,0.010763889,0.0,0.033333335,0.015234313,4.0,1.609438,1.5498267,7.5828753,12.0
NEG::shuffled::0129,0,0.016666668,0.15,0.016666668,0.033333335,0.3,0.16666667,0.35,0.033333335,0.2,0.016666668,0.016666668,0.033333335,0.0,0.0,0.0,0.0,0.05,0.05,0.0,0.0,0.0,0.0,0.016666668,0.0,0.0,0.0,0.0,0.0,0.033333335,0.0,0.0,0.0,0.0,0.0,0.0,0.0,0.0,0.0,0.0,0.0,0.0,0.0,0.0,0.016666668,0.0,0.0,0.0,0.0,0.0,0.0,0.0,0.0,0.0,0.0,0.0,0.0,0.0,0.0,0.0,0.0,0.048664413,0.0,0.5,0.06950016,60.0,4.1108737,2.2696073,4.0721273,7.133333
NEG::shuffled::0130,0,0.0,0.0,0.0,0.0,0.25,0.1875,0.375,0.0,0.1875,0.0,0.0,0.0,0.0,0.0,0.0,0.0,0.0625,0.0625,0.0,0.0,0.0,0.0,0.125,0.0625,0.0,0.0,0.0,0.0,0.0,0.0,0.0,0.0,0.0,0.0,0.0,0.0,0.0,0.0,0.0,0.0,0.0,0.0,0.0,0.0,0.0,0.0,0.0,0.0,0.0,0.0,0.0625,0.0,0.0625,0.0,0.0,0.0,0.0,0.0,0.0,0.0,0.03194147,0.0,0.5,0.06465983,16.0,2.8332133,2.0801165,2.9573796,6.5625
NEG::shuffled::0131,0,0.0,0.0,0.0,0.0,0.5,0.0,0.25,0.25,0.25,0.0,0.0,0.0,0.0,0.0,0.0,0.0,0.0,0.0,0.0,0.0,0.0,0.0,0.0,0.0,0.0,0.0,0.0,0.0,0.25,0.0,0.0,0.0,0.0,0.0,0.25,0.0,0.0,0.0,0.0,0.0,0.0,0.0,0.0,0.25,0.0,0.0,0.0,0.0,0.0,0.0,0.0,0.0,0.0,0.0,0.0,0.0,0.0,0.0,0.0,0.0,0.021135265,0.0,0.083333336,0.03202761,4.0,1.609438,1.9061553,4.031129,8.5
NEG::shuffled::0132,0,0.16666667,0.16666667,0.0,0.0,0.33333334,0.16666667,0.33333334,0.0,0.16666667,0.0,0.0,0.0,0.0,0.0,0.0,0.0,0.0,0.0,0.16666667,0.0,0.0,0.0,0.0,0.0,0.0,0.0,0.0,0.0,0.0,0.0,0.0,0.0,0.0,0.0,0.0,0.0,0.0,0.0,0.0,0.0,0.16666667,0.0,0.0,0.0,0.0,0.0,0.0,0.0,0.0,0.0,0.0,0.0,0.16666667,0.0,0.0,0.0,0.0,0.0,0.0,0.0,0.030256411,0.0,0.2,0.056628946,6.0,1.9459101,2.1458423,0.89752746,6.1666665
NEG::shuffled::0133,0,0.0,0.11627907,0.023255814,0.023255814,0.23255815,0.23255815,0.37209302,0.11627907,0.30232558,0.0,0.069767445,0.0,0.0,0.0,0.023255814,0.0,0.023255814,0.023255814,0.023255814,0.0,0.023255814,0.046511628,0.069767445,0.046511628,0.0,0.0,0.046511628,0.0,0.023255814,0.0,0.0,0.0,0.0,0.0,0.0,0.0,0.0,0.0,0.0,0.023255814,0.0,0.0,0.0,0.023255814,0.0,0.0,0.0,0.0,0.0,0.0,0.0,0.0,0.0,0.0,0.0,0.0,0.0,0.0,0.023255814,0.0,0.05351509,0.0,0.23076923,0.063120216,43.0,3.7841897,2.570105,3.4697175,7.7674417
NEG::shuffled::0134,0,0.08,0.2,0.04,0.04,0.4,0.28,0.16,0.12,0.24,0.0,0.04,0.0,0.0,0.04,0.04,0.04,0.0,0.04,0.12,0.04,0.0,0.0,0.0,0.0,0.04,0.0,0.04,0.0,0.04,0.0,0.0,0.0,0.0,0.0,0.0,0.0,0.0,0.0,0.0,0.0,0.0,0.0,0.0,0.0,0.0,0.0,0.0,0.0,0.0,0.0,0.0,0.0,0.0,0.0,0.0,0.0,0.0,0.0,0.0,0.0,0.049791485,0.0,0.4,0.070012674,25.0,3.2580965,2.57951,4.3627515,8.08
NEG::shuffled::0135,0,0.020408163,0.040816326,0.0,0.020408163,0.30612245,0.3469388,0.30612245,0.08163265,0.26530612,0.0,0.020408163,0.020408163,0.0,0.0,0.040816326,0.0,0.040816326,0.040816326,0.0,0.0,0.0,0.0,0.0,0.0,0.020408163,0.020408163,0.0,0.0,0.10204082,0.0,0.0,0.020408163,0.0,0.0,0.020408163,0.0,0.0,0.0,0.0,0.0,0.0,0.0,0.0,0.020408163,0.0,0.0,0.020408163,0.0,0.0,0.0,0.0,0.0,0.0,0.0,0.0,0.0,0.0,0.0,0.0,0.0,0.052314468,0.0,0.2857143,0.067362666,49.0,3.912023,2.3752418,6.53533,9.061225
NEG::shuffled::0136,0,0.05,0.1,0.05,0.1,0.25,0.35,0.1,0.0,0.05,0.0,0.05,0.0,0.0,0.0,0.0,0.0,0.0,0.0,0.0,0.0,0.0,0.0,0.1,0.05,0.0,0.05,0.0,0.0,0.05,0.0,0.0,0.0,0.0,0.0,0.05,0.0,0.0,0.0,0.0,0.0,0.0,0.0,0.0,0.0,0.05,0.0,0.0,0.0,0.0,0.0,0.0,0.0,0.0,0.0,0.0,0.0,0.0,0.0,0.0,0.0,0.0363402,0.0,0.4,0.060138162,20.0,3.0445225,2.4288917,2.9068885,7.5
NEG::shuffled::0137,0,0.0,0.0,0.0,0.0,0.25,0.5,0.75,0.25,0.5,0.0,0.0,0.0,0.0,0.0,0.0,0.0,0.0,0.0,0.0,0.0,0.0,0.25,0.0,0.0,0.0,0.0,0.0,0.0,0.0,0.0,0.0,0.0,0.0,0.0,0.0,0.0,0.0,0.0,0.0,0.0,0.0,0.0,0.0,0.0,0.0,0.0,0.0,0.0,0.0,0.0,0.0,0.0,0.0,0.0,0.0,0.0,0.0,0.0,0.0,0.0,0.03990699,0.0,0.083333336,0.031061077,4.0,1.609438,1.695743,8.55497,11.25
NEG::shuffled::0138,0,0.0,0.1764706,0.0,0.0,0.23529412,0.1764706,0.64705884,0.1764706,0.11764706,0.05882353,0.0,0.0,0.05882353,0.11764706,0.11764706,0.05882353,0.11764706,0.0,0.05882353,0.05882353,0.05882353,0.0,0.0,0.0,0.0,0.0,0.0,0.0,0.0,0.0,0.05882353,0.0,0.0,0.0,0.0,0.0,0.0,0.0,0.0,0.0,0.0,0.0,0.0,0.0,0.0,0.0,0.0,0.0,0.0,0.0,0.0,0.0,0.0,0.0,0.0,0.0,0.0,0.0,0.0,0.0,0.07211696,0.0,0.5,0.10293416,17.0,2.8903718,2.4493387,6.8159184,8.117647
NEG::shuffled::0139,0,0.0,0.09375,0.0,0.0,0.21875,0.15625,0.34375,0.0625,0.1875,0.0625,0.0,0.03125,0.0,0.0,0.0,0.0,0.0625,0.0,0.0625,0.03125,0.03125,0.0,0.0,0.0,0.0,0.0,0.0,0.0,0.0625,0.0,0.0,0.0,0.0,0.0,0.0,0.0,0.03125,0.0,0.0,0.03125,0.0,0.0,0.0,0.0,0.0,0.0,0.0,0.0,0.0,0.0,0.0,0.0,0.0,0.0,0.03125,0.0,0.0,0.03125,0.0,0.0,0.03504752,0.0,0.375,0.058838867,32.0,3.4965076,2.4831827,4.641861,8.125
NEG::shuffled::0140,0,0.027272727,0.13636364,0.027272727,0.036363635,0.29090908,0.18181819,0.38181818,0.09090909,0.2,0.009090909,0.027272727,0.0,0.009090909,0.018181818,0.018181818,0.009090909,0.07272727,0.009090909,0.009090909,0.009090909,0.0,0.0,0.018181818,0.009090909,0.009090909,0.0,0.0,0.0,0.045454547,0.0,0.009090909,0.0,0.009090909,0.0,0.009090909,0.0,0.0,0.0,0.0,0.009090909,0.0,0.0,0.0,0.018181818,0.0,0.0,0.0,0.0,0.0,0.0,0.009090909,0.0,0.0,0.0,0.0,0.0,0.0,0.009090909,0.009090909,0.0,0.046297505,0.0,0.22222222,0.057627708,110.0,4.7095304,2.5885484,3.420659,7.7
NEG::shuffled::0141,0,0.125,0.25,0.0,0.0,0.125,0.125,0.375,0.25,0.0,0.0,0.0,0.0,0.0,0.0,0.0,0.0,0.0,0.0,0.0,0.0,0.0,0.0,0.0,0.0,0.0,0.0,0.0,0.0,0.0,0.0,0.0,0.0,0.0,0.0,0.0,0.0,0.0,0.0,0.0,0.0,0.0,0.0,0.0,0.0,0.0,0.0,0.0,0.0,0.0,0.0,0.0,0.0,0.0,0.0,0.0,0.0,0.0,0.0,0.0,0.0,0.033248298,0.0,0.33333334,0.0702153,8.0,2.1972246,1.6957434,3.2015622,6.5
NEG::shuffled::0142,0,0.0,0.16666667,0.0,0.0,0.16666667,0.33333334,0.33333334,0.0,0.16666667,0.0,0.0,0.0,0.0,0.0,0.0,0.0,0.0,0.0,0.0,0.0,0.16666667,0.0,0.0,0.0,0.0,0.0,0.0,0.0,0.0,0.0,0.0,0.0,0.0,0.0,0.0,0.0,0.0,0.0,0.0,0.16666667,0.0,0.0,0.0,0.0,0.0,0.0,0.0,0.0,0.0,0.0,0.16666667,0.0,0.0,0.0,0.0,0.0,0.0,0.0,0.16666667,0.0,0.022287581,0.0,0.083333336,0.031940263,6.0,1.9459101,2.1458423,2.4267032,8.333333
NEG::shuffled::0143,0,0.0,0.21052632,0.0,0.05263158,0.21052632,0.2631579,0.23684211,0.10526316,0.10526316,0.0,0.05263158,0.02631579,0.02631579,0.078947365,0.078947365,0.02631579,0.05263158,0.05263158,0.05263158,0.0,0.0,0.02631579,0.0,0.0,0.0,0.02631579,0.0,0.0,0.05263158,0.0,0.0,0.02631579,0.0,0.0,0.0,0.0,0.0,0.0,0.0,0.0,0.02631579,0.0,0.0,0.02631579,0.0,0.0,0.0,0.0,0.0,0.0,0.0,0.0,0.0,0.0,0.0,0.0,0.0,0.0,0.0,0.0,0.030766478,0.0,0.71428573,0.08019378,38.0,3.6635616,2.7548065,3.622892,6.9210525
NEG::shuffled::0144,0,0.02631579,0.13157895,0.0,0.0,0.2631579,0.10526316,0.31578946,0.02631579,0.15789473,0.02631579,0.02631579,0.0,0.02631579,0.0,0.0,0.0,0.0,0.0,0.02631579,0.0,0.02631579,0.05263158,0.0,0.0,0.0,0.02631579,0.0,0.0,0.078947365,0.0,0.0,0.0,0.0,0.0,0.0,0.0,0.0,0.0,0.0,0.0,0.0,0.0,0.0,0.0,0.0,0.0,0.02631579,0.0,0.0,0.0,0.0,0.0,0.0,0.0,0.0,0.0,0.0,0.0,0.0,0.0,0.026316695,0.0,0.42857143,0.05672389,38.0,3.6635616,2.3265364,4.3292475,8.315789
NEG::shuffled::0145,0,0.0,0.12,0.0,0.0,0.36,0.16,0.28,0.08,0.32,0.0,0.0,0.0,0.0,0.0,0.0,0.0,0.0,0.0,0.0,0.0,0.0,0.04,0.0,0.0,0.0,0.0,0.0,0.0,0.0,0.0,0.04,0.0,0.0,0.0,0.0,0.0,0.0,0.0,0.0,0.08,0.0,0.0,0.0,0.0,0.0,0.0,0.0,0.0,0.0,0.0,0.0,0.0,0.0,0.0,0.0,0.0,0.0,0.0,0.0,0.0,0.025145125,0.0,0.16666667,0.038403936,25.0,3.2580965,1.9448233,6.0058637,9.64
NEG::shuffled::0146,0,0.045454547,0.13636364,0.0,0.045454547,0.29545453,0.1590909,0.20454545,0.045454547,0.13636364,0.0,0.022727273,0.0,0.0,0.022727273,0.022727273,0.022727273,0.045454547,0.0,0.045454547,0.0,0.0,0.0,0.0,0.0,0.0,0.0,0.0,0.0,0.045454547,0.0,0.0,0.0,0.0,0.0,0.0,0.0,0.0,0.0,0.0,0.0,0.0,0.0,0.0,0.0,0.0,0.0,0.0,0.0,0.0,0.0,0.0,0.0,0.0,0.0,0.0,0.045454547,0.0,0.0,0.0,0.022727273,0.027560053,0.0,0.33333334,0.056984767,44.0,3.8066626,2.4619133,5.053229,7.681818
NEG::shuffled::0147,0,0.0,0.23076923,0.0,0.0,0.21153846,0.21153846,0.32692307,0.09615385,0.115384616,0.09615385,0.03846154,0.0,0.0,0.0,0.0,0.0,0.01923077,0.01923077,0.03846154,0.0,0.03846154,0.0,0.01923077,0.0,0.0,0.03846154,0.01923077,0.0,0.03846154,0.0,0.0,0.0,0.0,0.0,0.0,0.0,0.0,0.0,0.0,0.03846154,0.0,0.0,0.0,0.0,0.0,0.01923077,0.01923077,0.0,0.0,0.0,0.0,0.0,0.0,0.0,0.0,0.0,0.0,0.0,0.0,0.0,0.034902614,0.0,0.27272728,0.050571743,52.0,3.9702919,2.490888,4.4759383,8.653846
NEG::shuffled::0148,0,0.03409091,0.11363637,0.0,0.03409091,0.27272728,0.22727273,0.3409091,0.10227273,0.2840909,0.045454547,0.022727273,0.0,0.011363637,0.011363637,0.011363637,0.022727273,0.056818184,0.022727273,0.03409091,0.011363637,0.03409091,0.0,0.022727273,0.011363637,0.0,0.0,0.0,0.0,0.056818184,0.0,0.0,0.022727273,0.0,0.0,0.0,0.0,0.0,0.0,0.0,0.0,0.0,0.0,0.0,0.011363637,0.0,0.0,0.011363637,0.0,0.0,0.0,0.0,0.0,0.0,0.0,0.011363637,0.0,0.0,0.0,0.0,0.0,0.04297764,0.0,0.5555556,0.07771036,88.0,4.4886365,2.598393,4.0910983,7.8863635
NEG::shuffled::0149,0,0.0,0.0,0.0,0.0,0.2857143,0.0,0.2857143,0.0,0.2857143,0.0,0.14285715,0.0,0.0,0.0,0.0,0.0,0.0,0.14285715,0.0,0.0,0.0,0.0,0.0,0.0,0.0,0.0,0.0,0.0,0.0,0.0,0.0,0.0,0.0,0.0,0.0,0.0,0.0,0.0,0.0,0.0,0.0,0.0,0.0,0.0,0.0,0.0,0.0,0.0,0.0,0.0,0.0,0.0,0.0,0.0,0.0,0.0,0.0,0.0,0.0,0.0,0.042974547,0.0,0.2857143,0.06665314,7.0,2.0794415,1.5595821,3.1102202,6.571429
NEG::shuffled::0150,0,0.0,0.1,0.0,0.0,0.2,0.25,0.2,0.2,0.15,0.0,0.05,0.0,0.05,0.0,0.0,0.0,0.05,0.05,0.05,0.0,0.0,0.0,0.1,0.05,0.0,0.0,0.05,0.0,0.05,0.0,0.05,0.0,0.05,0.0,0.0,0.0,0.0,0.0,0.0,0.0,0.0,0.0,0.0,0.0,0.0,0.0,0.0,0.0,0.0,0.0,0.0,0.0,0.0,0.0,0.0,0.0,0.0,0.05,0.0,0.0,0.035540808,0.0,0.1875,0.046246476,20.0,3.0445225,2.6767442,6.334627,8.65
NEG::shuffled::0151,0,0.0,0.14285715,0.0,0.0,0.2857143,0.14285715,0.42857143,0.14285715,0.2857143,0.0,0.0,0.0,0.0,0.0,0.0,0.0,0.2857143,0.0,0.0,0.0,0.0,0.0,0.14285715,0.0,0.0,0.0,0.0,0.0,0.0,0.0,0.0,0.0,0.0,0.0,0.0,0.0,0.0,0.0,0.0,0.0,0.0,0.0,0.0,0.0,0.0,0.0,0.0,0.0,0.0,0.0,0.0,0.0,0.0,0.0,0.0,0.0,0.0,0.0,0.0,0.0,0.07618219,0.0,0.33333334,0.11187549,7.0,2.0794415,1.9915099,3.7032804,7.0
NEG::shuffled::0152,0,0.0,0.0,0.0,0.16666667,0.33333334,0.33333334,0.0,0.0,0.33333334,0.0,0.0,0.0,0.0,0.0,0.0,0.0,0.0,0.0,0.0,0.0,0.0,0.0,0.16666667,0.0,0.0,0.16666667,0.0,0.0,0.0,0.0,0.0,0.0,0.0,0.0,0.0,0.0,0.0,0.0,0.0,0.0,0.0,0.0,0.0,0.0,0.0,0.0,0.0,0.0,0.0,0.0,0.0,0.0,0.0,0.0,0.0,0.0,0.0,0.0,0.0,0.0,0.045580685,0.0,0.15384616,0.043888576,6.0,1.9459101,1.7351272,2.409472,8.833333
NEG::shuffled::0153,0,0.0,0.1,0.0,0.0,0.3,0.3,0.3,0.0,0.2,0.0,0.0,0.0,0.0,0.0,0.0,0.0,0.0,0.0,0.0,0.0,0.1,0.0,0.0,0.0,0.0,0.0,0.0,0.0,0.1,0.0,0.0,0.0,0.0,0.0,0.0,0.0,0.0,0.0,0.0,0.0,0.0,0.0,0.0,0.0,0.0,0.0,0.0,0.0,0.0,0.0,0.0,0.0,0.0,0.0,0.0,0.0,0.0,0.0,0.0,0.0,0.02940285,0.0,0.1,0.038726185,10.0,2.3978953,1.8337864,2.0099752,7.4
NEG::shuffled::0154,0,0.0,0.2,0.0,0.0,0.6,0.2,0.2,0.0,0.0,0.0,0.0,0.0,0.0,0.0,0.0,0.0,0.0,0.0,0.2,0.0,0.0,0.0,0.0,0.0,0.0,0.0,0.0,0.0,0.2,0.0,0.0,0.0,0.0,0.0,0.0,0.0,0.0,0.0,0.0,0.0,0.0,0.0,0.0,0.0,0.0,0.0,0.0,0.0,0.0,0.0,0.0,0.0,0.0,0.0,0.0,0.0,0.0,0.0,0.0,0.0,0.038194444,0.0,0.125,0.049227245,5.0,1.7917595,1.6674626,2.5768197,6.4
NEG::shuffled::0155,0,0.032786883,0.08196721,0.016393442,0.04918033,0.29508197,0.16393442,0.32786885,0.114754096,0.22950819,0.016393442,0.032786883,0.0,0.0,0.032786883,0.032786883,0.032786883,0.06557377,0.032786883,0.016393442,0.016393442,0.0,0.016393442,0.0,0.0,0.016393442,0.016393442,0.0,0.0,0.032786883,0.0,0.0,0.0,0.016393442,0.0,0.0,0.0,0.0,0.0,0.0,0.0,0.0,0.0,0.0,0.0,0.0,0.0,0.0,0.0,0.0,0.0,0.0,0.0,0.0,0.0,0.0,0.0,0.0,0.0,0.0,0.0,0.040188223,0.0,0.4,0.06180511,61.0,4.1271343,2.575238,5.0015316,8.032787
NEG::shuffled::0156,0,0.04347826,0.13043478,0.0,0.02173913,0.2173913,0.1521739,0.23913044,0.1521739,0.23913044,0.02173913,0.02173913,0.0,0.0,0.0,0.0,0.0,0.06521739,0.06521739,0.0,0.0,0.02173913,0.0,0.02173913,0.0,0.0,0.0,0.02173913,0.0,0.0,0.0,0.0,0.0,0.0,0.0,0.0,0.0,0.0,0.0,0.0,0.02173913,0.0,0.02173913,0.0,0.0,0.0,0.0,0.0,0.0,0.02173913,0.0,0.0,0.02173913,0.0,0.0,0.0,0.02173913,0.0,0.0,0.0,0.0,0.062334947,0.0,0.5,0.09247279,46.0,3.8501475,2.5478802,4.955759,8.304348
NEG::shuffled::0157,0,0.0,0.375,0.0,0.0,0.375,0.0,0.25,0.0,0.0,0.0,0.0,0.0,0.0,0.0,0.0,0.0,0.25,0.125,0.125,0.0,0.0,0.0,0.0,0.0,0.0,0.0,0.0,0.0,0.0,0.0,0.0,0.0,0.0,0.0,0.0,0.0,0.0,0.0,0.0,0.0,0.0,0.0,0.0,0.0,0.0,0.0,0.0,0.0,0.0,0.0,0.0,0.0,0.0,0.0,0.0,0.0,0.0,0.0,0.0,0.0,0.03367129,0.0,0.2,0.051020008,8.0,2.1972246,1.7045522,2.6896794,5.625
NEG::shuffled::0158,0,0.0,0.18181819,0.0,0.09090909,0.27272728,0.27272728,0.18181819,0.18181819,0.09090909,0.09090909,0.09090909,0.0,0.0,0.0,0.0,0.09090909,0.09090909,0.09090909,0.0,0.0,0.0,0.0,0.0,0.0,0.0,0.0,0.0,0.09090909,0.0,0.0,0.0,0.0,0.0,0.0,0.0,0.0,0.0,0.0,0.0,0.09090909,0.0,0.0,0.0,0.0,0.0,0.0,0.09090909,0.0,0.0,0.0,0.0,0.0,0.0,0.0,0.0,0.0,0.0,0.0,0.0,0.0,0.024366152,0.0,0.1875,0.042586956,11.0,2.4849067,2.6023812,4.813892,7.909091
NEG::shuffled::0159,0,0.039215688,0.09803922,0.019607844,0.078431375,0.33333334,0.25490198,0.37254903,0.13725491,0.21568628,0.0,0.019607844,0.0,0.0,0.019607844,0.019607844,0.019607844,0.05882353,0.039215688,0.0,0.0,0.0,0.019607844,0.039215688,0.0,0.019607844,0.019607844,0.0,0.0,0.078431375,0.0,0.0,0.0,0.0,0.0,0.0,0.0,0.019607844,0.0,0.0,0.0,0.0,0.0,0.0,0.019607844,0.0,0.0,0.0,0.0,0.0,0.0,0.0,0.0,0.0,0.0,0.0,0.0,0.0,0.0,0.019607844,0.0,0.0514285,0.0,0.18181819,0.050554167,51.0,3.9512436,2.5647326,3.955442,6.9607844
NEG::shuffled::0160,0,0.0,0.22727273,0.0,0.0,0.22727273,0.22727273,0.27272728,0.09090909,0.18181819,0.09090909,0.0,0.0,0.0,0.0,0.0,0.0,0.0,0.09090909,0.0,0.0,0.0,0.0,0.0,0.0,0.0,0.0,0.0,0.0,0.09090909,0.0,0.0,0.0,0.0,0.0,0.0,0.0,0.0,0.0,0.0,0.045454547,0.0,0.0,0.0,0.0,0.0,0.0,0.0,0.0,0.0,0.0,0.0,0.0,0.0,0.0,0.0,0.0,0.0,0.0,0.0,0.0,0.025344431,0.0,0.26666668,0.053844634,22.0,3.1354942,2.1739352,3.6241271,6.9545455
NEG::shuffled::0161,0,0.2,0.2,0.0,0.1,0.2,0.0,0.3,0.1,0.2,0.0,0.1,0.0,0.0,0.0,0.0,0.0,0.0,0.0,0.0,0.0,0.0,0.0,0.0,0.0,0.0,0.0,0.0,0.0,0.2,0.0,0.0,0.0,0.0,0.0,0.0,0.0,0.0,0.0,0.0,0.0,0.0,0.0,0.0,0.0,0.0,0.0,0.0,0.0,0.0,0.0,0.0,0.1,0.0,0.0,0.0,0.1,0.0,0.0,0.0,0.0,0.035955537,0.0,0.21428572,0.04727389,10.0,2.3978953,2.3221884,3.7947333,10.0
NEG::shuffled::0162,0,0.0,0.2,0.0,0.0,0.4,0.2,0.2,0.0,0.0,0.0,0.0,0.0,0.0,0.0,0.0,0.0,0.0,0.0,0.0,0.0,0.0,0.0,0.0,0.0,0.0,0.0,0.0,0.0,0.0,0.0,0.0,0.0,0.0,0.0,0.0,0.0,0.0,0.0,0.0,0.0,0.2,0.0,0.0,0.0,0.0,0.0,0.0,0.0,0.0,0.0,0.0,0.0,0.0,0.0,0.0,0.0,0.0,0.0,0.0,0.0,0.019642858,0.0,0.125,0.04107143,5.0,1.7917595,1.5607114,3.544009,6.2
NEG::shuffled::0163,0,0.0,0.06666667,0.0,0.0,0.2,0.33333334,0.33333334,0.13333334,0.06666667,0.0,0.0,0.0,0.0,0.13333334,0.13333334,0.13333334,0.06666667,0.06666667,0.0,0.0,0.0,0.0,0.06666667,0.0,0.0,0.0,0.0,0.0,0.0,0.0,0.0,0.0,0.0,0.0,0.0,0.0,0.0,0.0,0.0,0.0,0.0,0.0,0.0,0.0,0.0,0.0,0.0,0.0,0.0,0.0,0.0,0.0,0.0,0.0,0.0,0.0,0.0,0.0,0.0,0.0,0.0383363,0.0,0.29411766,0.0542178,15.0,2.7725887,2.2990434,3.473071,8.066667
NEG::shuffled::0164,0,0.0,0.5,0.0,0.0,0.16666667,0.0,0.16666667,0.5,0.16666667,0.16666667,0.0,0.0,0.0,0.0,0.0,0.0,0.0,0.0,0.0,0.0,0.0,0.0,0.0,0.0,0.0,0.0,0.0,0.0,0.0,0.0,0.0,0.0,0.0,0.0,0.16666667,0.0,0.0,0.0,0.0,0.16666667,0.0,0.0,0.0,0.0,0.0,0.0,0.0,0.0,0.16666667,0.0,0.0,0.0,0.0,0.0,0.0,0.0,0.0,0.0,0.0,0.0,0.11309524,0.0,0.5714286,0.20920014,6.0,1.9459101,2.057898,2.67187,6.1666665
NEG::shuffled::0165,0,0.03448276,0.10344828,0.0,0.011494253,0.26436782,0.13793103,0.25287357,0.08045977,0.20689656,0.0,0.03448276,0.0,0.03448276,0.03448276,0.03448276,0.03448276,0.03448276,0.04597701,0.03448276,0.0,0.0,0.0,0.011494253,0.0,0.011494253,0.0,0.0,0.0,0.011494253,0.0,0.0,0.0,0.0,0.0,0.011494253,0.0,0.0,0.0,0.011494253,0.022988506,0.0,0.0,0.0,0.011494253,0.0,0.011494253,0.022988506,0.0,0.0,0.0,0.0,0.0,0.011494253,0.0,0.0,0.0,0.0,0.0,0.0,0.011494253,0.047312677,0.0,0.2,0.053342853,87.0,4.477337,2.7095547,4.3290477,7.2528734
NEG::shuffled::0166,0,0.0,0.11764706,0.0,0.0,0.23529412,0.1764706,0.23529412,0.05882353,0.29411766,0.05882353,0.05882353,0.0,0.0,0.0,0.0,0.0,0.0,0.0,0.0,0.0,0.0,0.0,0.0,0.0,0.0,0.05882353,0.0,0.0,0.0,0.0,0.0,0.0,0.0,0.0,0.0,0.0,0.0,0.0,0.0,0.0,0.0,0.0,0.0,0.0,0.0,0.0,0.0,0.0,0.0,0.0,0.0,0.0,0.0,0.0,0.0,0.0,0.0,0.0,0.0,0.0,0.026413383,0.0,0.2,0.04675812,17.0,2.8903718,2.0083308,4.1719112,7.647059
NEG::shuffled::0167,0,0.0,0.26923078,0.0,0.0,0.1923077,0.30769232,0.23076923,0.03846154,0.1923077,0.03846154,0.0,0.0,0.0,0.0,0.0,0.0,0.03846154,0.0,0.0,0.0,0.03846154,0.0,0.03846154,0.0,0.0,0.0,0.0,0.0,0.0,0.0,0.0,0.0,0.0,0.0,0.0,0.0,0.0,0.0,0.0,0.0,0.0,0.0,0.0,0.0,0.0,0.0,0.0,0.0,0.0,0.0,0.0,0.0,0.0,0.0,0.0,0.03846154,0.0,0.0,0.0,0.0,0.04371191,0.0,0.2,0.048411623,26.0,3.295837,2.0676258,3.0421107,7.769231
NEG::shuffled::0168,0,0.0,0.115384616,0.0,0.0,0.23076923,0.23076923,0.5,0.115384616,0.23076923,0.03846154,0.0,0.03846154,0.0,0.0,0.0,0.0,0.07692308,0.03846154,0.0,0.0,0.0,0.03846154,0.03846154,0.0,0.0,0.03846154,0.0,0.0,0.0,0.0,0.0,0.0,0.0,0.0,0.0,0.0,0.0,0.0,0.0,0.0,0.0,0.0,0.0,0.0,0.0,0.0,0.0,0.0,0.0,0.03846154,0.0,0.0,0.0,0.0,0.03846154,0.0,0.0,0.0,0.0,0.0,0.030501105,0.0,0.18181819,0.043253414,26.0,3.295837,2.2847443,3.7289846,8.692307
NEG::shuffled::0169,0,0.046875,0.1484375,0.0234375,0.0234375,0.2109375,0.1796875,0.296875,0.09375,0.21875,0.0078125,0.03125,0.0,0.015625,0.0234375,0.0234375,0.015625,0.0546875,0.03125,0.015625,0.0,0.0078125,0.015625,0.0234375,0.015625,0.015625,0.0078125,0.0,0.0,0.0390625,0.0,0.0,0.0,0.0,0.0,0.0,0.0,0.0,0.0,0.0,0.015625,0.0,0.0,0.0,0.0078125,0.0,0.0,0.0,0.0,0.0078125,0.0,0.0078125,0.0,0.0078125,0.0,0.0,0.0,0.0,0.0,0.0,0.0,0.024593119,0.0,0.5,0.05882181,128.0,4.8598123,2.719895,4.713722,7.9140625
NEG::shuffled::0170,0,0.11764706,0.1764706,0.0,0.05882353,0.29411766,0.3529412,0.29411766,0.0,0.11764706,0.0,0.0,0.0,0.0,0.0,0.0,0.0,0.05882353,0.05882353,0.0,0.0,0.0,0.0,0.05882353,0.0,0.0,0.0,0.0,0.0,0.11764706,0.0,0.0,0.0,0.0,0.0,0.0,0.0,0.0,0.0,0.0,0.0,0.0,0.0,0.0,0.0,0.0,0.0,0.0,0.0,0.0,0.0,0.05882353,0.0,0.0,0.0,0.0,0.0,0.0,0.0,0.0,0.0,0.04185689,0.0,0.2,0.053808205,17.0,2.8903718,2.2578762,3.134803,6.7647057
NEG::shuffled::0171,0,0.0,0.2,0.0,0.0,0.1,0.2,0.3,0.0,0.1,0.1,0.0,0.0,0.0,0.0,0.0,0.0,0.0,0.0,0.0,0.0,0.0,0.0,0.0,0.0,0.0,0.1,0.0,0.0,0.0,0.0,0.0,0.0,0.0,0.0,0.0,0.0,0.0,0.0,0.0,0.1,0.0,0.0,0.0,0.0,0.0,0.0,0.0,0.0,0.1,0.0,0.0,0.0,0.0,0.0,0.0,0.0,0.0,0.0,0.0,0.0,0.036066893,0.0,0.4,0.06604835,10.0,2.3978953,2.098148,2.0880613,8.2
NEG::shuffled::0172,0,0.0,0.0,0.0,0.0,0.0,0.0,0.25,0.0,0.125,0.0,0.0,0.0,0.0,0.0,0.0,0.0,0.0,0.0,0.0,0.0,0.0,0.0,0.0,0.0,0.0,0.125,0.0,0.0,0.0,0.0,0.0,0.0,0.0,0.0,0.0,0.0,0.0,0.0,0.0,0.125,0.0,0.0,0.0,0.0,0.0,0.0,0.125,0.0,0.0,0.0,0.0,0.0,0.0,0.0,0.0,0.0,0.0,0.0,0.0,0.0,0.031315062,0.0,0.14285715,0.044964407,8.0,2.1972246,1.5607119,2.5464437,6.625
NEG::shuffled::0173,0,0.0,0.0,0.0,0.0,0.0,0.33333334,0.6666667,0.0,0.0,0.0,0.0,0.0,0.0,0.0,0.0,0.0,0.0,0.0,0.0,0.0,0.0,0.0,0.0,0.0,0.0,0.33333334,0.0,0.0,0.0,0.0,0.0,0.0,0.0,0.0,0.0,0.0,0.0,0.0,0.0,0.0,0.0,0.0,0.0,0.0,0.0,0.0,0.0,0.0,0.0,0.0,0.0,0.0,0.0,0.0,0.0,0.0,0.0,0.0,0.0,0.0,0.060606062,0.0,0.09090909,0.042854957,3.0,1.3862944,1.0397216,1.8856181,5.3333335
NEG::shuffled::0174,0,0.0,0.11111111,0.0,0.0,0.11111111,0.22222222,0.44444445,0.11111111,0.11111111,0.0,0.0,0.0,0.0,0.0,0.11111111,0.0,0.0,0.0,0.0,0.0,0.0,0.0,0.0,0.0,0.0,0.0,0.0,0.0,0.0,0.0,0.0,0.0,0.0,0.0,0.0,0.0,0.0,0.11111111,0.0,0.0,0.0,0.0,0.0,0.0,0.11111111,0.0,0.0,0.0,0.0,0.0,0.0,0.0,0.0,0.0,0.0,0.0,0.0,0.0,0.0,0.0,0.015776126,0.0,0.09090909,0.026384396,9.0,2.3025851,2.03176,14.914572,13.0
NEG::shuffled::0175,0,0.14285715,0.0,0.0,0.0,0.14285715,0.42857143,0.42857143,0.0,0.14285715,0.0,0.2857143,0.0,0.0,0.0,0.0,0.0,0.0,0.0,0.14285715,0.0,0.0,0.14285715,0.14285715,0.0,0.0,0.0,0.0,0.0,0.0,0.0,0.0,0.0,0.0,0.0,0.0,0.0,0.0,0.0,0.0,0.0,0.0,0.0,0.0,0.0,0.0,0.0,0.0,0.0,0.0,0.0,0.0,0.0,0.0,0.0,0.0,0.0,0.0,0.0,0.0,0.0,0.05188285,0.0,0.22222222,0.06366964,7.0,2.0794415,2.069203,4.015277,7.142857
NEG::shuffled::0176,0,0.0,0.4,0.0,0.0,0.0,0.0,0.6,0.0,0.0,0.0,0.0,0.2,0.0,0.0,0.0,0.0,0.0,0.0,0.0,0.0,0.0,0.0,0.0,0.0,0.0,0.0,0.0,0.0,0.2,0.0,0.0,0.0,0.0,0.0,0.0,0.0,0.0,0.0,0.0,0.0,0.0,0.0,0.0,0.0,0.0,0.0,0.0,0.0,0.0,0.0,0.0,0.0,0.0,0.0,0.0,0.0,0.0,0.0,0.0,0.0,0.028525641,0.0,0.11111111,0.038662963,5.0,1.7917595,1.2770351,3.9698865,8.2
NEG::shuffled::0177,0,0.022222223,0.2,0.022222223,0.022222223,0.26666668,0.08888889,0.44444445,0.08888889,0.24444444,0.022222223,0.0,0.022222223,0.022222223,0.022222223,0.022222223,0.022222223,0.08888889,0.044444446,0.022222223,0.0,0.044444446,0.022222223,0.0,0.0,0.022222223,0.0,0.0,0.0,0.022222223,0.0,0.0,0.0,0.0,0.0,0.0,0.0,0.0,0.0,0.0,0.0,0.0,0.044444446,0.0,0.0,0.0,0.0,0.0,0.0,0.0,0.0,0.0,0.044444446,0.0,0.0,0.0,0.0,0.0,0.0,0.0,0.0,0.04808483,0.0,0.4,0.069457926,45.0,3.8286414,2.5830505,4.819405,8.133333
NEG::shuffled::0178,0,0.07692308,0.07692308,0.0,0.0,0.3846154,0.23076923,0.30769232,0.3846154,0.23076923,0.07692308,0.0,0.0,0.0,0.07692308,0.15384616,0.07692308,0.07692308,0.0,0.0,0.07692308,0.0,0.0,0.07692308,0.0,0.0,0.0,0.0,0.0,0.0,0.0,0.0,0.0,0.0,0.0,0.0,0.0,0.0,0.0,0.0,0.0,0.0,0.0,0.0,0.0,0.0,0.0,0.0,0.0,0.0,0.0,0.0,0.0,0.0,0.0,0.0,0.0,0.0,0.0,0.0,0.0,0.046548065,0.0,0.25,0.055346724,13.0,2.6390574,2.4139469,4.409511,8.307693
NEG::shuffled::0179,0,0.046511628,0.13953489,0.007751938,0.015503876,0.24806201,0.2248062,0.31782946,0.093023255,0.17054264,0.023255814,0.046511628,0.0,0.031007752,0.023255814,0.023255814,0.007751938,0.08527132,0.023255814,0.023255814,0.007751938,0.0,0.023255814,0.007751938,0.007751938,0.007751938,0.015503876,0.015503876,0.0,0.015503876,0.0,0.0,0.0,0.0,0.0,0.007751938,0.0,0.0,0.0,0.0,0.015503876,0.0,0.0,0.0,0.0,0.015503876,0.0,0.0,0.0,0.015503876,0.0,0.0,0.0,0.007751938,0.0,0.007751938,0.0,0.0,0.0,0.0,0.0,0.040562544,0.0,0.6666667,0.0764905,129.0,4.8675346,2.7289736,3.8134494,7.6821704
NEG::shuffled::0180,0,0.0,0.083333336,0.0,0.0,0.25,0.0,0.41666666,0.083333336,0.16666667,0.083333336,0.0,0.0,0.083333336,0.0,0.0,0.0,0.0,0.083333336,0.0,0.0,0.0,0.0,0.0,0.0,0.0,0.083333336,0.0,0.0,0.0,0.0,0.0,0.0,0.0,0.0,0.0,0.0,0.0,0.0,0.0,0.0,0.0,0.0,0.0,0.0,0.0,0.0,0.0,0.0,0.0,0.0,0.0,0.0,0.0,0.0,0.0,0.0,0.0,0.0,0.0,0.0,0.031258445,0.0,0.14285715,0.044766378,12.0,2.5649493,1.9770069,2.2530844,5.9166665
NEG::shuffled::0181,0,0.0,0.2,0.0,0.0,0.2,0.0,0.2,0.0,0.0,0.0,0.0,0.0,0.0,0.0,0.0,0.0,0.0,0.0,0.2,0.0,0.0,0.0,0.0,0.0,0.0,0.0,0.0,0.0,0.2,0.0,0.0,0.0,0.0,0.0,0.0,0.0,0.0,0.0,0.0,0.0,0.0,0.0,0.0,0.0,0.0,0.0,0.0,0.0,0.0,0.0,0.0,0.0,0.0,0.0,0.0,0.0,0.0,0.0,0.0,0.0,0.021666666,0.0,0.083333336,0.033374973,5.0,1.7917595,1.609439,2.4979992,6.4
NEG::shuffled::0182,0,0.01724138,0.12068965,0.03448276,0.03448276,0.27586207,0.2413793,0.37931034,0.06896552,0.1724138,0.0,0.01724138,0.0,0.0,0.01724138,0.01724138,0.03448276,0.05172414,0.03448276,0.01724138,0.0,0.01724138,0.01724138,0.01724138,0.0,0.01724138,0.0,0.0,0.0,0.03448276,0.0,0.0,0.0,0.0,0.0,0.0,0.01724138,0.0,0.0,0.0,0.0,0.0,0.0,0.0,0.0,0.03448276,0.01724138,0.0,0.0,0.0,0.0,0.0,0.0,0.0,0.0,0.0,0.0,0.0,0.0,0.0,0.0,0.023482017,0.0,0.33333334,0.04542377,58.0,4.0775375,2.5434318,5.1526346,7.6034484
NEG::shuffled::0183,0,0.06666667,0.06666667,0.0,0.06666667,0.0,0.53333336,0.2,0.0,0.13333334,0.0,0.06666667,0.0,0.0,0.0,0.0,0.0,0.06666667,0.0,0.0,0.0,0.06666667,0.0,0.13333334,0.06666667,0.0,0.0,0.0,0.0,0.06666667,0.0,0.0,0.0,0.06666667,0.0,0.06666667,0.0,0.0,0.0,0.0,0.0,0.0,0.0,0.0,0.0,0.0,0.0,0.0,0.0,0.0,0.0,0.0,0.0,0.0,0.0,0.06666667,0.06666667,0.0,0.0,0.0,0.0,0.05231322,0.0,0.27272728,0.06673853,15.0,2.7725887,2.45495,3.8447657,7.4666667
NEG::shuffled::0184,0,0.0,0.045454547,0.045454547,0.0,0.3181818,0.13636364,0.3181818,0.09090909,0.27272728,0.0,0.045454547,0.0,0.0,0.0,0.0,0.0,0.09090909,0.045454547,0.0,0.045454547,0.0,0.0,0.0,0.0,0.0,0.0,0.0,0.0,0.045454547,0.0,0.0,0.0,0.0,0.0,0.0,0.0,0.0,0.0,0.0,0.0,0.0,0.0,0.0,0.0,0.0,0.0,0.0,0.0,0.0,0.0,0.0,0.0,0.0,0.0,0.0,0.0,0.0,0.0,0.0,0.0,0.034319293,0.0,0.25,0.055325985,22.0,3.1354942,2.1613045,4.1968603,7.5
NEG::shuffled::0185,0,0.02631579,0.18421052,0.0,0.05263158,0.23684211,0.18421052,0.21052632,0.10526316,0.15789473,0.10526316,0.0,0.0,0.0,0.02631579,0.05263158,0.05263158,0.0,0.0,0.0,0.02631579,0.0,0.0,0.05263158,0.02631579,0.02631579,0.0,0.0,0.0,0.15789473,0.0,0.0,0.0,0.0,0.0,0.0,0.0,0.0,0.0,0.0,0.0,0.02631579,0.0,0.02631579,0.0,0.0,0.0,0.0,0.0,0.0,0.0,0.0,0.0,0.0,0.0,0.0,0.0,0.0,0.0,0.0,0.0,0.031424,0.0,0.25,0.04814643,38.0,3.6635616,2.6473835,5.1331306,8.421053
NEG::shuffled::0186,0,0.033898305,0.15254237,0.0,0.0,0.27118644,0.20338982,0.30508474,0.13559322,0.22033899,0.0,0.016949153,0.0,0.016949153,0.033898305,0.033898305,0.050847456,0.016949153,0.033898305,0.0,0.016949153,0.016949153,0.033898305,0.016949153,0.0,0.0,0.0,0.0,0.0,0.033898305,0.0,0.0,0.0,0.0,0.0,0.016949153,0.0,0.0,0.0,0.0,0.0,0.0,0.0,0.0,0.0,0.0,0.016949153,0.0,0.0,0.0,0.0,0.0,0.0,0.0,0.0,0.0,0.0,0.0,0.0,0.016949153,0.0,0.03606847,0.0,0.33333334,0.063786335,59.0,4.0943446,2.5294158,5.61874,8.542373
NEG::shuffled::0187,0,0.0,0.25,0.0,0.0,0.25,0.0,0.0,0.0,0.125,0.0,0.0,0.0,0.0,0.0,0.0,0.0,0.25,0.125,0.125,0.0,0.0,0.0,0.0,0.0,0.0,0.0,0.0,0.0,0.25,0.0,0.0,0.0,0.0,0.0,0.0,0.0,0.0,0.0,0.0,0.0,0.0,0.0,0.0,0.0,0.0,0.0,0.0,0.0,0.0,0.0,0.0,0.0,0.0,0.0,0.0,0.0,0.0,0.0,0.0,0.0,0.027402211,0.0,0.2,0.051248405,8.0,2.1972246,1.893789,1.4086784,7.375
NEG::shuffled::0188,0,0.22222222,0.11111111,0.11111111,0.22222222,0.11111111,0.22222222,0.11111111,0.11111111,0.22222222,0.0,0.0,0.0,0.0,0.11111111,0.11111111,0.11111111,0.0,0.0,0.0,0.0,0.0,0.0,0.0,0.0,0.0,0.0,0.0,0.0,0.11111111,0.0,0.0,0.0,0.0,0.0,0.0,0.0,0.0,0.11111111,0.0,0.0,0.0,0.0,0.0,0.0,0.0,0.0,0.0,0.0,0.0,0.0,0.0,0.0,0.0,0.0,0.0,0.0,0.0,0.0,0.0,0.0,0.030240193,0.0,0.2,0.04332741,9.0,2.3025851,2.5823069,3.8618104,9.444445
NEG::shuffled::0189,0,0.0,0.2777778,0.0,0.0,0.33333334,0.33333334,0.33333334,0.055555556,0.2777778,0.0,0.11111111,0.0,0.055555556,0.0,0.0,0.0,0.0,0.0,0.055555556,0.055555556,0.055555556,0.0,0.0,0.0,0.0,0.0,0.055555556,0.0,0.0,0.0,0.0,0.0,0.0,0.0,0.0,0.0,0.0,0.0,0.0,0.0,0.0,0.0,0.0,0.055555556,0.0,0.0,0.0,0.0,0.0,0.0,0.0,0.0,0.0,0.0,0.0,0.055555556,0.0,0.0,0.0,0.0,0.035504702,0.0,0.22727273,0.052263483,18.0,2.944439,2.3288407,4.3871303,9.444445
NEG::shuffled::0190,0,0.0,0.083333336,0.0,0.0,0.41666666,0.083333336,0.5833333,0.16666667,0.16666667,0.0,0.083333336,0.0,0.0,0.0,0.0,0.083333336,0.0,0.0,0.083333336,0.0,0.0,0.0,0.0,0.0,0.0,0.0,0.0,0.0,0.083333336,0.0,0.0,0.0,0.0,0.0,0.0,0.0,0.0,0.0,0.0,0.0,0.0,0.0,0.0,0.0,0.083333336,0.0,0.0,0.0,0.0,0.0,0.0,0.0,0.0,0.0,0.0,0.0,0.0,0.0,0.0,0.0,0.052485175,0.0,0.27272728,0.058251858,12.0,2.5649493,2.0728362,3.4278274,7.5
NEG::shuffled::0191,0,0.0,0.0,0.0,0.0,0.0,0.25,0.25,0.0,0.5,0.0,0.0,0.0,0.0,0.0,0.0,0.0,0.0,0.25,0.0,0.0,0.0,0.0,0.25,0.0,0.0,0.0,0.0,0.0,0.0,0.0,0.0,0.0,0.0,0.0,0.0,0.0,0.0,0.0,0.0,0.0,0.0,0.0,0.0,0.0,0.0,0.0,0.0,0.0,0.0,0.0,0.0,0.0,0.0,0.0,0.0,0.0,0.0,0.0,0.0,0.0,0.02116402,0.0,0.071428575,0.030279161,4.0,1.609438,1.5607111,2.5495098,8.0
NEG::shuffled::0192,0,0.0,0.09090909,0.09090909,0.0,0.27272728,0.09090909,0.27272728,0.27272728,0.09090909,0.0,0.09090909,0.0,0.0,0.09090909,0.09090909,0.09090909,0.18181819,0.09090909,0.0,0.0,0.0,0.0,0.0,0.0,0.0,0.0,0.09090909,0.0,0.0,0.0,0.0,0.0,0.0,0.0,0.0,0.0,0.0,0.0,0.0,0.09090909,0.0,0.0,0.0,0.0,0.0,0.0,0.0,0.0,0.0,0.0,0.0,0.0,0.0,0.0,0.0,0.0,0.0,0.0,0.0,0.0,0.021205636,0.0,0.16666667,0.04302478,11.0,2.4849067,2.5785973,3.5161963,8.0
NEG::shuffled::0193,0,0.0,0.2413793,0.0,0.03448276,0.1724138,0.1724138,0.31034482,0.06896552,0.10344828,0.0,0.03448276,0.0,0.0,0.03448276,0.03448276,0.03448276,0.03448276,0.06896552,0.0,0.03448276,0.0,0.0,0.03448276,0.03448276,0.0,0.0,0.0,0.0,0.06896552,0.0,0.0,0.0,0.0,0.0,0.0,0.0,0.0,0.0,0.0,0.0,0.0,0.0,0.0,0.03448276,0.0,0.0,0.0,0.0,0.0,0.0,0.03448276,0.0,0.0,0.0,0.0,0.0,0.0,0.0,0.0,0.0,0.02870881,0.0,0.5555556,0.068162926,29.0,3.4011974,2.5906963,4.1969924,7.62069
NEG::shuffled::0194,0,0.0,0.15789473,0.05263158,0.05263158,0.21052632,0.15789473,0.10526316,0.05263158,0.15789473,0.05263158,0.0,0.0,0.0,0.0,0.0,0.0,0.10526316,0.0,0.0,0.0,0.0,0.0,0.0,0.0,0.0,0.05263158,0.0,0.0,0.0,0.0,0.0,0.0,0.0,0.0,0.05263158,0.0,0.0,0.0,0.0,0.0,0.0,0.0,0.0,0.0,0.0,0.0,0.0,0.0,0.0,0.0,0.0,0.0,0.0,0.0,0.0,0.0,0.0,0.0,0.0,0.0,0.039419338,0.0,1.0,0.10287057,19.0,2.9957323,2.3439612,4.537318,7.2105265
NEG::shuffled::0195,0,0.09090909,0.0,0.0,0.0,0.6363636,0.18181819,0.27272728,0.09090909,0.36363637,0.0,0.0,0.0,0.0,0.0,0.0,0.0,0.0,0.0,0.0,0.0,0.0,0.18181819,0.09090909,0.09090909,0.0,0.0,0.0,0.0,0.0,0.0,0.0,0.0,0.0,0.0,0.0,0.0,0.09090909,0.0,0.0,0.0,0.0,0.0,0.0,0.0,0.0,0.0,0.0,0.0,0.0,0.0,0.0,0.0,0.0,0.0,0.0,0.0,0.0,0.0,0.0,0.0,0.04642433,0.0,0.15789473,0.04174399,11.0,2.4849067,2.038322,5.123274,11.454545
NEG::shuffled::0196,0,0.05,0.1,0.05,0.05,0.3,0.3,0.2,0.15,0.25,0.0,0.0,0.05,0.0,0.0,0.0,0.0,0.0,0.05,0.05,0.0,0.0,0.0,0.05,0.05,0.0,0.0,0.0,0.0,0.0,0.0,0.0,0.0,0.0,0.0,0.0,0.0,0.0,0.0,0.0,0.0,0.0,0.0,0.0,0.0,0.0,0.0,0.05,0.0,0.0,0.0,0.0,0.0,0.0,0.0,0.0,0.0,0.0,0.0,0.0,0.0,0.039000917,0.0,0.26666668,0.06002359,20.0,3.0445225,2.4189026,3.2538438,7.25
NEG::shuffled::0197,0,0.06666667,0.06666667,0.0,0.0,0.26666668,0.2,0.33333334,0.06666667,0.4,0.0,0.06666667,0.0,0.0,0.0,0.0,0.0,0.0,0.0,0.06666667,0.0,0.0,0.0,0.06666667,0.06666667,0.0,0.0,0.0,0.0,0.0,0.0,0.0,0.0,0.0,0.0,0.0,0.0,0.0,0.0,0.0,0.06666667,0.0,0.0,0.0,0.0,0.0,0.0,0.0,0.0,0.0,0.0,0.0,0.0,0.0,0.0,0.0,0.0,0.0,0.0,0.0,0.0,0.04790977,0.0,0.1875,0.05103127,15.0,2.7725887,2.195068,4.460194,8.8
NEG::shuffled::0198,0,0.0,0.0,0.0,0.0,0.3,0.3,0.0,0.0,0.1,0.0,0.0,0.0,0.0,0.0,0.0,0.0,0.2,0.2,0.1,0.0,0.0,0.0,0.0,0.0,0.0,0.0,0.0,0.0,0.0,0.0,0.0,0.0,0.0,0.0,0.0,0.0,0.0,0.0,0.0,0.0,0.0,0.0,0.0,0.0,0.0,0.0,0.0,0.0,0.0,0.0,0.0,0.0,0.0,0.0,0.0,0.0,0.0,0.0,0.0,0.0,0.03925462,0.0,0.5833333,0.09810593,10.0,2.3978953,1.7045524,4.261455,8.2
NEG::shuffled::0199,0,0.0,0.26666668,0.0,0.0,0.33333334,0.13333334,0.13333334,0.06666667,0.0,0.0,0.0,0.0,0.0,0.06666667,0.06666667,0.06666667,0.0,0.0,0.06666667,0.0,0.0,0.0,0.06666667,0.06666667,0.0,0.0,0.0,0.0,0.13333334,0.0,0.0,0.0,0.0,0.0,0.0,0.0,0.0,0.0,0.0,0.06666667,0.0,0.0,0.0,0.0,0.0,0.0,0.0,0.0,0.0,0.0,0.06666667,0.0,0.0,0.0,0.0,0.0,0.0,0.0,0.0,0.0,0.0307411,0.0,0.2,0.04624949,15.0,2.7725887,2.4384189,3.604935,7.9333334
NEG::shuffled::0200,0,0.07692308,0.15384616,0.0,0.0,0.46153846,0.3846154,0.30769232,0.30769232,0.3846154,0.0,0.07692308,0.0,0.0,0.07692308,0.15384616,0.07692308,0.07692308,0.07692308,0.07692308,0.0,0.0,0.0,0.07692308,0.0,0.0,0.0,0.0,0.0,0.0,0.0,0.0,0.0,0.0,0.0,0.0,0.0,0.0,0.0,0.0,0.0,0.0,0.0,0.0,0.0,0.0,0.0,0.0,0.0,0.0,0.0,0.07692308,0.0,0.0,0.0,0.0,0.0,0.0,0.0,0.07692308,0.0,0.050014023,0.0,0.2,0.053910054,13.0,2.6390574,2.5663264,1.942974,9.615385
NEG::shuffled::0201,0,0.06666667,0.0,0.0,0.0,0.4,0.4,0.46666667,0.2,0.2,0.0,0.06666667,0.0,0.13333334,0.2,0.2,0.06666667,0.06666667,0.0,0.0,0.13333334,0.06666667,0.0,0.0,0.0,0.0,0.0,0.0,0.0,0.0,0.0,0.0,0.0,0.0,0.0,0.0,0.0,0.0,0.0,0.0,0.0,0.06666667,0.0,0.0,0.0,0.0,0.0,0.0,0.0,0.0,0.0,0.0,0.0,0.0,0.0,0.0,0.0,0.0,0.0,0.0,0.0,0.048321877,0.0,0.26666668,0.054985665,15.0,2.7725887,2.4677572,4.2089853,10.466666
NEG::shuffled::0202,0,0.030303031,0.15151516,0.030303031,0.030303031,0.3030303,0.13636364,0.36363637,0.09090909,0.1969697,0.015151516,0.060606062,0.0,0.0,0.0,0.0,0.0,0.030303031,0.015151516,0.045454547,0.0,0.0,0.045454547,0.015151516,0.015151516,0.015151516,0.045454547,0.0,0.0,0.030303031,0.0,0.0,0.0,0.0,0.0,0.0,0.0,0.015151516,0.0,0.015151516,0.045454547,0.0,0.0,0.0,0.0,0.030303031,0.015151516,0.015151516,0.0,0.0,0.0,0.015151516,0.0,0.0,0.0,0.0,0.0,0.0,0.0,0.015151516,0.0,0.07742658,0.0,0.33333334,0.06988584,66.0,4.204693,2.7286007,4.1347814,7.5454545
NEG::shuffled::0203,0,0.0,0.23076923,0.0,0.0,0.23076923,0.07692308,0.3846154,0.15384616,0.0,0.0,0.0,0.0,0.0,0.0,0.0,0.0,0.15384616,0.0,0.0,0.0,0.0,0.0,0.0,0.0,0.0,0.0,0.07692308,0.0,0.07692308,0.0,0.0,0.0,0.0,0.0,0.0,0.0,0.0,0.0,0.0,0.0,0.0,0.0,0.0,0.07692308,0.0,0.0,0.0,0.0,0.0,0.0,0.0,0.0,0.0,0.0,0.07692308,0.0,0.0,0.0,0.0,0.0,0.029252619,0.0,0.5,0.06565844,13.0,2.6390574,2.1251602,2.572039,7.0
NEG::shuffled::0204,0,0.0,0.33333334,0.083333336,0.0,0.5,0.083333336,0.083333336,0.083333336,0.0,0.083333336,0.0,0.0,0.0,0.083333336,0.083333336,0.083333336,0.0,0.0,0.083333336,0.0,0.0,0.0,0.0,0.0,0.0,0.0,0.0,0.0,0.16666667,0.0,0.0,0.0,0.083333336,0.0,0.0,0.0,0.0,0.0,0.0,0.0,0.0,0.0,0.0,0.0,0.083333336,0.0,0.0,0.0,0.0,0.0,0.0,0.0,0.0,0.0,0.0,0.0,0.0,0.0,0.0,0.0,0.03094353,0.0,0.15384616,0.041197784,12.0,2.5649493,2.366711,5.8807597,9.5
NEG::shuffled::0205,0,0.04761905,0.14285715,0.0,0.0,0.2857143,0.14285715,0.23809524,0.14285715,0.23809524,0.0,0.0,0.0,0.0,0.0,0.0,0.0,0.0952381,0.04761905,0.0,0.0,0.04761905,0.0,0.0952381,0.0952381,0.0,0.0,0.0,0.0,0.0,0.0,0.0,0.0,0.0,0.0,0.0,0.0,0.0,0.0,0.0,0.0,0.0,0.0,0.0,0.0,0.0,0.0,0.0,0.0,0.0,0.0,0.0,0.0,0.0,0.0,0.0,0.0,0.0,0.0,0.0,0.0,0.042776883,0.0,1.0,0.11171007,21.0,3.0910425,2.323675,3.8338509,6.6666665
NEG::shuffled::0206,0,0.0,0.41666666,0.0,0.0,0.25,0.16666667,0.5,0.0,0.41666666,0.0,0.083333336,0.0,0.0,0.0,0.0,0.0,0.0,0.083333336,0.083333336,0.0,0.0,0.0,0.0,0.0,0.0,0.0,0.0,0.0,0.0,0.0,0.0,0.0,0.0,0.0,0.0,0.0,0.0,0.0,0.083333336,0.0,0.0,0.0,0.0,0.0,0.0,0.0,0.083333336,0.0,0.16666667,0.0,0.0,0.0,0.0,0.0,0.0,0.0,0.0,0.0,0.083333336,0.0,0.059459664,0.0,0.6363636,0.09158042,12.0,2.5649493,2.2323527,3.3029869,7.4166665
NEG::shuffled::0207,0,0.0,0.0,0.0,0.0,0.16666667,0.16666667,0.33333334,0.0,0.16666667,0.0,0.0,0.0,0.0,0.0,0.0,0.0,0.0,0.0,0.0,0.0,0.0,0.0,0.0,0.0,0.0,0.0,0.0,0.0,0.0,0.0,0.0,0.0,0.0,0.0,0.0,0.0,0.0,0.0,0.0,0.0,0.0,0.0,0.0,0.0,0.0,0.0,0.0,0.0,0.0,0.0,0.0,0.0,0.0,0.0,0.0,0.0,0.0,0.0,0.0,0.0,0.028888889,0.0,0.2,0.05526591,6.0,1.9459101,1.3321804,2.8674417,4.6666665
NEG::shuffled::0208,0,0.0,0.22222222,0.0,0.0,0.5555556,0.44444445,0.11111111,0.11111111,0.33333334,0.0,0.11111111,0.0,0.0,0.0,0.0,0.0,0.0,0.0,0.0,0.0,0.11111111,0.0,0.0,0.0,0.0,0.11111111,0.0,0.0,0.11111111,0.0,0.0,0.0,0.0,0.0,0.0,0.0,0.0,0.0,0.0,0.0,0.0,0.0,0.0,0.0,0.0,0.0,0.0,0.0,0.0,0.0,0.0,0.0,0.0,0.0,0.0,0.0,0.0,0.0,0.0,0.0,0.056212947,0.0,0.27272728,0.07112379,9.0,2.3025851,2.082008,2.6712923,7.4444447
NEG::shuffled::0209,0,0.06451613,0.12903225,0.09677419,0.09677419,0.29032257,0.2580645,0.2580645,0.09677419,0.22580644,0.0,0.0,0.0,0.0,0.09677419,0.09677419,0.06451613,0.06451613,0.032258064,0.032258064,0.0,0.0,0.0,0.0,0.0,0.032258064,0.0,0.0,0.0,0.0,0.032258064,0.0,0.0,0.0,0.0,0.0,0.0,0.0,0.0,0.0,0.032258064,0.0,0.0,0.0,0.0,0.0,0.0,0.0,0.0,0.0,0.032258064,0.0,0.0,0.0,0.0,0.0,0.0,0.0,0.0,0.0,0.0,0.034305744,0.0,0.33333334,0.057250865,31.0,3.465736,2.6693144,2.6210546,7.032258
NEG::shuffled::0210,0,0.0,0.2,0.2,0.2,0.2,0.4,0.2,0.0,0.0,0.0,0.0,0.0,0.0,0.0,0.0,0.0,0.0,0.0,0.0,0.0,0.0,0.0,0.0,0.0,0.0,0.0,0.0,0.0,0.0,0.0,0.0,0.0,0.0,0.0,0.0,0.0,0.0,0.0,0.0,0.0,0.0,0.0,0.0,0.0,0.0,0.0,0.0,0.0,0.0,0.0,0.0,0.0,0.0,0.0,0.0,0.0,0.0,0.0,0.0,0.0,0.02348178,0.0,0.15789473,0.05033286,5.0,1.7917595,1.7478689,2.8,8.6
NEG::shuffled::0211,0,0.0,0.083333336,0.0,0.0,0.25,0.33333334,0.5833333,0.083333336,0.41666666,0.0,0.0,0.0,0.0,0.0,0.0,0.0,0.0,0.0,0.0,0.083333336,0.0,0.083333336,0.083333336,0.0,0.0,0.0,0.0,0.0,0.0,0.0,0.0,0.0,0.0,0.0,0.0,0.0,0.0,0.0,0.0,0.0,0.0,0.0,0.0,0.0,0.0,0.0,0.0,0.0,0.0,0.0,0.0,0.0,0.0,0.0,0.0,0.0,0.0,0.0,0.0,0.0,0.042866208,0.0,0.21052632,0.053252086,12.0,2.5649493,1.9068221,8.339997,12.333333
NEG::shuffled::0212,0,0.048780486,0.19512194,0.0,0.07317073,0.2682927,0.31707317,0.24390244,0.07317073,0.19512194,0.0,0.0,0.0,0.0,0.024390243,0.024390243,0.024390243,0.07317073,0.024390243,0.09756097,0.024390243,0.0,0.024390243,0.048780486,0.024390243,0.024390243,0.0,0.0,0.0,0.024390243,0.0,0.0,0.0,0.0,0.0,0.0,0.0,0.0,0.0,0.0,0.0,0.0,0.0,0.0,0.0,0.0,0.0,0.0,0.0,0.0,0.0,0.0,0.0,0.0,0.0,0.0,0.0,0.0,0.0,0.0,0.0,0.06018801,0.0,0.30769232,0.06194548,41.0,3.7376697,2.5646367,4.033471,7.780488
NEG::shuffled::0213,0,0.083333336,0.125,0.083333336,0.125,0.29166666,0.29166666,0.33333334,0.083333336,0.16666667,0.041666668,0.16666667,0.0,0.0,0.0,0.0,0.0,0.041666668,0.083333336,0.0,0.0,0.0,0.083333336,0.041666668,0.0,0.0,0.083333336,0.0,0.0,0.0,0.0,0.0,0.0,0.0,0.0,0.041666668,0.0,0.0,0.0,0.0,0.0,0.0,0.0,0.0,0.0,0.041666668,0.0,0.0,0.0,0.0,0.0,0.0,0.0,0.0,0.0,0.0,0.0,0.0,0.0,0.0,0.0,0.031471483,0.0,0.2631579,0.05243901,24.0,3.218876,2.651838,3.5450964,8.375
NEG::shuffled::0214,0,0.11111111,0.11111111,0.0,0.055555556,0.33333334,0.22222222,0.2777778,0.11111111,0.2777778,0.0,0.0,0.0,0.0,0.0,0.0,0.0,0.055555556,0.0,0.055555556,0.0,0.0,0.0,0.0,0.0,0.0,0.0,0.0,0.0,0.11111111,0.0,0.0,0.0,0.0,0.0,0.055555556,0.0,0.0,0.0,0.0,0.0,0.0,0.0,0.0,0.0,0.0,0.0,0.0,0.0,0.0,0.0,0.0,0.0,0.055555556,0.0,0.0,0.0,0.0,0.0,0.0,0.0,0.045682803,0.0,0.25,0.059962615,18.0,2.944439,2.3469539,3.743719,7.611111
NEG::shuffled::0215,0,0.0,0.25,0.25,0.25,0.5,0.75,0.25,0.0,0.25,0.0,0.0,0.0,0.0,0.0,0.0,0.0,0.0,0.0,0.0,0.0,0.0,0.0,0.0,0.0,0.0,0.0,0.0,0.0,0.0,0.0,0.0,0.0,0.0,0.0,0.0,0.0,0.0,0.0,0.0,0.0,0.0,0.0,0.0,0.0,0.0,0.0,0.0,0.0,0.0,0.0,0.0,0.0,0.0,0.0,0.0,0.0,0.0,0.0,0.0,0.0,0.040198445,0.0,0.083333336,0.030784033,4.0,1.609438,1.8343724,2.772634,9.25
NEG::shuffled::0216,0,0.0625,0.3125,0.0,0.0625,0.375,0.1875,0.3125,0.0,0.1875,0.125,0.0,0.0,0.0,0.0,0.0,0.0,0.0625,0.0,0.0,0.0,0.0,0.0,0.125,0.0,0.0625,0.0,0.0,0.0,0.0,0.0,0.0,0.0,0.0,0.0,0.0,0.0,0.0,0.0,0.0,0.0,0.0,0.0,0.0,0.0,0.0,0.0,0.0,0.0,0.0,0.0,0.0,0.0,0.0,0.0,0.0,0.0,0.0,0.0,0.0,0.0,0.043481175,0.0,0.2,0.05098016,16.0,2.8332133,2.1942246,4.088379,7.6875
NEG::shuffled::0217,0,0.041666668,0.20833333,0.020833334,0.020833334,0.20833333,0.29166666,0.3125,0.14583333,0.27083334,0.020833334,0.020833334,0.0,0.0,0.0625,0.0625,0.0625,0.0,0.0625,0.104166664,0.0625,0.0,0.020833334,0.0,0.0,0.0,0.0,0.0,0.0,0.041666668,0.0,0.0,0.0,0.0,0.0,0.0,0.0,0.0,0.0,0.020833334,0.041666668,0.0,0.020833334,0.0,0.0,0.0,0.0,0.0,0.0,0.0,0.0,0.0,0.0,0.0,0.0,0.0,0.0,0.020833334,0.0,0.0,0.0,0.08171609,0.0,0.4117647,0.077089444,48.0,3.8918202,2.700067,3.8835032,8.541667
NEG::shuffled::0218,0,0.0,0.0,0.0,0.0,0.27272728,0.09090909,0.36363637,0.27272728,0.18181819,0.0,0.0,0.0,0.09090909,0.0,0.0,0.0,0.09090909,0.0,0.0,0.0,0.0,0.0,0.0,0.0,0.0,0.0,0.0,0.0,0.18181819,0.0,0.0,0.0,0.0,0.0,0.0,0.0,0.0,0.0,0.0,0.0,0.0,0.0,0.0,0.0,0.0,0.0,0.0,0.0,0.0,0.0,0.0,0.0,0.0,0.0,0.0,0.0,0.0,0.0,0.0,0.0,0.041626662,0.0,0.18181819,0.048508972,11.0,2.4849067,1.9561882,3.5279288,7.909091
NEG::shuffled::0219,0,0.025,0.1,0.0,0.025,0.15,0.2,0.375,0.15,0.225,0.0,0.05,0.0,0.05,0.05,0.05,0.0,0.0,0.05,0.0,0.05,0.025,0.0,0.025,0.0,0.0,0.0,0.0,0.0,0.0,0.0,0.0,0.0,0.0,0.0,0.0,0.0,0.0,0.0,0.0,0.0,0.0,0.0,0.0,0.0,0.0,0.025,0.0,0.0,0.0,0.0,0.0,0.0,0.0,0.0,0.0,0.0,0.0,0.0,0.0,0.0,0.039817937,0.0,0.2777778,0.05219902,40.0,3.713572,2.4452283,3.866523,8.5
NEG::shuffled::0220,0,0.0,0.16666667,0.0,0.0,0.33333334,0.25,0.33333334,0.0,0.16666667,0.0,0.0,0.0,0.0,0.0,0.0,0.0,0.0,0.0,0.0,0.0,0.0,0.083333336,0.083333336,0.083333336,0.0,0.0,0.0,0.0,0.16666667,0.0,0.0,0.0,0.0,0.0,0.083333336,0.0,0.0,0.0,0.0,0.0,0.0,0.0,0.0,0.083333336,0.0,0.0,0.0,0.0,0.0,0.0,0.0,0.0,0.0,0.0,0.0,0.0,0.0,0.0,0.0,0.0,0.025338942,0.0,0.15,0.03786627,12.0,2.5649493,2.248085,4.5848484,8.75
NEG::shuffled::0221,0,0.0,0.2,0.0,0.0,0.3,0.2,0.2,0.1,0.2,0.1,0.0,0.0,0.0,0.0,0.0,0.0,0.1,0.0,0.0,0.0,0.0,0.0,0.0,0.0,0.0,0.0,0.0,0.0,0.0,0.0,0.0,0.0,0.0,0.0,0.0,0.0,0.0,0.0,0.0,0.0,0.0,0.0,0.0,0.0,0.0,0.0,0.0,0.0,0.0,0.0,0.0,0.0,0.0,0.0,0.0,0.0,0.0,0.0,0.0,0.0,0.018376108,0.0,0.14285715,0.034029584,10.0,2.3978953,2.0075572,4.124318,9.3
NEG::shuffled::0222,0,0.030303031,0.121212125,0.0,0.0,0.3030303,0.15151516,0.33333334,0.09090909,0.24242425,0.0,0.060606062,0.0,0.060606062,0.030303031,0.030303031,0.0,0.060606062,0.060606062,0.030303031,0.0,0.0,0.030303031,0.030303031,0.0,0.0,0.030303031,0.0,0.0,0.09090909,0.0,0.0,0.0,0.0,0.0,0.0,0.0,0.030303031,0.0,0.0,0.0,0.0,0.0,0.0,0.0,0.0,0.0,0.0,0.0,0.0,0.030303031,0.0,0.0,0.0,0.0,0.0,0.030303031,0.0,0.0,0.0,0.0,0.028529454,0.0,0.3,0.052221946,33.0,3.5263605,2.6470146,4.40844,7.6666665
NEG::shuffled::0223,0,0.0,0.083333336,0.0,0.083333336,0.083333336,0.16666667,0.41666666,0.0,0.41666666,0.0,0.0,0.0,0.0,0.0,0.0,0.0,0.0,0.0,0.0,0.0,0.0,0.0,0.083333336,0.083333336,0.0,0.0,0.0,0.0,0.0,0.0,0.0,0.0,0.0,0.0,0.0,0.0,0.0,0.0,0.0,0.0,0.0,0.0,0.0,0.0,0.0,0.0,0.083333336,0.0,0.0,0.0,0.0,0.0,0.0,0.0,0.0,0.0,0.0,0.0,0.0,0.0,0.049195338,0.0,0.22222222,0.058259014,12.0,2.5649493,1.9192239,4.1197357,7.8333335
NEG::shuffled::0224,0,0.0,0.18181819,0.0,0.0,0.27272728,0.18181819,0.3030303,0.121212125,0.27272728,0.0,0.0,0.0,0.030303031,0.0,0.030303031,0.030303031,0.060606062,0.0,0.060606062,0.0,0.030303031,0.0,0.030303031,0.030303031,0.0,0.0,0.030303031,0.0,0.030303031,0.0,0.0,0.0,0.0,0.0,0.0,0.0,0.0,0.0,0.0,0.060606062,0.0,0.0,0.0,0.0,0.0,0.0,0.030303031,0.0,0.0,0.0,0.0,0.0,0.030303031,0.0,0.0,0.0,0.0,0.0,0.0,0.0,0.037703443,0.0,0.30769232,0.06095888,33.0,3.5263605,2.5313272,4.270685,7.6060605
NEG::shuffled::0225,0,0.06666667,0.11111111,0.011111111,0.033333335,0.25555557,0.2,0.2777778,0.14444445,0.25555557,0.033333335,0.022222223,0.0,0.022222223,0.0,0.0,0.0,0.06666667,0.044444446,0.011111111,0.0,0.0,0.011111111,0.022222223,0.011111111,0.011111111,0.011111111,0.011111111,0.0,0.055555556,0.0,0.0,0.0,0.0,0.0,0.0,0.0,0.0,0.0,0.0,0.033333335,0.0,0.0,0.0,0.0,0.011111111,0.011111111,0.0,0.0,0.0,0.0,0.0,0.0,0.0,0.0,0.0,0.0,0.011111111,0.0,0.0,0.0,0.025113331,0.0,0.16666667,0.0429821,90.0,4.5108595,2.643346,4.7664595,7.9444447
NEG::shuffled::0226,0,0.018181818,0.10909091,0.018181818,0.018181818,0.3272727,0.12727273,0.34545454,0.07272727,0.2,0.0,0.0,0.0,0.0,0.036363635,0.036363635,0.036363635,0.12727273,0.018181818,0.0,0.018181818,0.018181818,0.0,0.0,0.0,0.0,0.018181818,0.0,0.0,0.10909091,0.0,0.0,0.0,0.018181818,0.0,0.018181818,0.0,0.0,0.0,0.0,0.018181818,0.036363635,0.0,0.0,0.018181818,0.0,0.0,0.0,0.0,0.0,0.0,0.0,0.0,0.0,0.0,0.0,0.0,0.0,0.0,0.0,0.0,0.07094186,0.0,0.75,0.1145577,55.0,4.0253515,2.5728343,5.2600474,7.490909
NEG::shuffled::0227,0,0.033333335,0.16666667,0.033333335,0.033333335,0.3,0.13333334,0.26666668,0.2,0.26666668,0.033333335,0.033333335,0.0,0.033333335,0.033333335,0.033333335,0.0,0.0,0.033333335,0.06666667,0.0,0.0,0.0,0.033333335,0.0,0.0,0.0,0.0,0.0,0.0,0.0,0.0,0.0,0.033333335,0.0,0.033333335,0.0,0.0,0.0,0.0,0.033333335,0.0,0.0,0.0,0.0,0.0,0.0,0.0,0.0,0.0,0.0,0.0,0.0,0.0,0.0,0.0,0.0,0.0,0.0,0.0,0.0,0.034089625,0.0,0.44444445,0.06525684,30.0,3.4339871,2.5750554,4.0668035,8.833333
NEG::shuffled::0228,0,0.0,0.15,0.0,0.0,0.425,0.2,0.3,0.1,0.2,0.05,0.075,0.0,0.0,0.025,0.025,0.025,0.025,0.0,0.05,0.0,0.0,0.025,0.0,0.0,0.0,0.025,0.0,0.0,0.0,0.0,0.0,0.0,0.0,0.0,0.0,0.0,0.025,0.0,0.0,0.0,0.0,0.0,0.0,0.0,0.0,0.0,0.0,0.0,0.0,0.0,0.025,0.0,0.0,0.0,0.0,0.025,0.0,0.0,0.0,0.0,0.064530365,0.0,0.26923078,0.063201055,40.0,3.713572,2.3807263,4.0447497,8.3
NEG::shuffled::0229,0,0.11111111,0.11111111,0.0,0.11111111,0.33333334,0.22222222,0.22222222,0.0,0.5555556,0.0,0.0,0.0,0.0,0.0,0.0,0.0,0.0,0.0,0.0,0.0,0.0,0.0,0.11111111,0.0,0.0,0.0,0.0,0.0,0.0,0.0,0.0,0.11111111,0.0,0.0,0.0,0.0,0.0,0.11111111,0.0,0.0,0.0,0.0,0.0,0.0,0.0,0.0,0.0,0.0,0.0,0.0,0.0,0.0,0.0,0.0,0.0,0.11111111,0.0,0.0,0.0,0.0,0.045808665,0.0,0.2,0.05156706,9.0,2.3025851,2.2015123,6.3905797,8.222222
NEG::shuffled::0230,0,0.0,0.083333336,0.0,0.0,0.083333336,0.33333334,0.41666666,0.25,0.25,0.0,0.0,0.0,0.0,0.083333336,0.083333336,0.083333336,0.083333336,0.083333336,0.0,0.0,0.0,0.0,0.0,0.0,0.0,0.0,0.0,0.0,0.0,0.0,0.0,0.0,0.0,0.0,0.0,0.0,0.0,0.0,0.0,0.0,0.0,0.0,0.0,0.0,0.0,0.0,0.0,0.0,0.0,0.0,0.0,0.0,0.0,0.0,0.0,0.0,0.0,0.0,0.0,0.0,0.045789268,0.0,0.27272728,0.065956235,12.0,2.5649493,2.1735866,3.423773,6.6666665
NEG::shuffled::0231,0,0.2,0.0,0.0,0.0,0.2,0.2,0.4,0.2,0.4,0.0,0.0,0.0,0.0,0.0,0.0,0.0,0.0,0.0,0.0,0.0,0.2,0.0,0.0,0.0,0.0,0.0,0.0,0.0,0.0,0.0,0.0,0.0,0.0,0.0,0.0,0.0,0.0,0.0,0.0,0.2,0.0,0.0,0.0,0.0,0.0,0.0,0.0,0.0,0.0,0.0,0.0,0.0,0.0,0.0,0.0,0.0,0.0,0.0,0.0,0.0,0.017692307,0.0,0.1,0.03575889,5.0,1.7917595,2.0253267,5.9531503,9.4
NEG::shuffled::0232,0,0.0,0.09090909,0.0,0.0,0.0,0.27272728,0.54545456,0.18181819,0.18181819,0.0,0.0,0.0,0.09090909,0.18181819,0.18181819,0.09090909,0.0,0.09090909,0.0,0.09090909,0.18181819,0.0,0.0,0.0,0.0,0.0,0.0,0.0,0.18181819,0.0,0.0,0.0,0.0,0.0,0.0,0.0,0.0,0.0,0.0,0.0,0.09090909,0.0,0.0,0.0,0.0,0.0,0.0,0.0,0.0,0.0,0.0,0.0,0.0,0.0,0.0,0.0,0.0,0.0,0.0,0.0,0.042203505,0.0,0.5,0.0738632,11.0,2.4849067,2.467535,7.608173,10.545455
NEG::shuffled::0233,0,0.0,0.06451613,0.0,0.0,0.29032257,0.16129032,0.3548387,0.19354838,0.22580644,0.0,0.0,0.0,0.0,0.032258064,0.032258064,0.032258064,0.06451613,0.0,0.032258064,0.0,0.0,0.0,0.0,0.0,0.0,0.032258064,0.032258064,0.0,0.032258064,0.0,0.0,0.0,0.0,0.0,0.032258064,0.0,0.0,0.0,0.0,0.032258064,0.032258064,0.0,0.0,0.0,0.0,0.0,0.0,0.0,0.0,0.0,0.0,0.0,0.0,0.0,0.0,0.0,0.0,0.0,0.0,0.0,0.031383052,0.0,0.2,0.04405317,31.0,3.465736,2.3869448,5.0440307,7.903226
NEG::shuffled::0234,0,0.041666668,0.083333336,0.0,0.083333336,0.41666666,0.083333336,0.29166666,0.0,0.29166666,0.0,0.0,0.0,0.0,0.0,0.0,0.0,0.041666668,0.0,0.0,0.0,0.0,0.0,0.0,0.0,0.0,0.0,0.0,0.0,0.083333336,0.0,0.0,0.0,0.0,0.0,0.0,0.0,0.0,0.0,0.041666668,0.0,0.0,0.0,0.0,0.041666668,0.0,0.0,0.041666668,0.0,0.0,0.0,0.0,0.0,0.0,0.0,0.041666668,0.0,0.0,0.0,0.0,0.0,0.060333163,0.0,0.33333334,0.07402949,24.0,3.218876,2.1688032,3.9314878,7.2916665
NEG::shuffled::0235,0,0.0,0.0,0.0,0.0,0.0,0.5,0.75,0.25,0.25,0.0,0.0,0.0,0.0,0.25,0.25,0.25,0.25,0.0,0.0,0.0,0.25,0.0,0.25,0.0,0.0,0.0,0.0,0.0,0.0,0.0,0.0,0.0,0.0,0.0,0.0,0.0,0.0,0.0,0.0,0.0,0.0,0.0,0.0,0.0,0.0,0.0,0.0,0.0,0.0,0.0,0.0,0.0,0.0,0.0,0.0,0.0,0.0,0.0,0.0,0.0,0.050451286,0.0,0.07692308,0.026780324,4.0,1.609438,2.2047858,8.689074,12.0
NEG::shuffled::0236,0,0.0,0.0,0.0,0.0,0.2857143,0.14285715,0.21428572,0.0,0.35714287,0.0,0.0,0.0,0.0,0.0,0.0,0.0,0.0,0.14285715,0.0,0.0,0.0,0.071428575,0.0,0.0,0.0,0.0,0.0,0.0,0.14285715,0.0,0.0,0.0,0.0,0.0,0.0,0.0,0.0,0.0,0.0,0.0,0.0,0.0,0.0,0.0,0.0,0.0,0.0,0.0,0.0,0.0,0.0,0.0,0.0,0.0,0.0,0.0,0.0,0.0,0.0,0.0,0.030295907,0.0,0.23076923,0.054038685,14.0,2.7080503,1.8366983,3.1306581,6.642857
NEG::shuffled::0237,0,0.16666667,0.16666667,0.16666667,0.16666667,0.16666667,0.33333334,0.0,0.0,0.0,0.0,0.0,0.0,0.0,0.0,0.0,0.0,0.0,0.0,0.0,0.0,0.0,0.33333334,0.0,0.0,0.0,0.0,0.0,0.0,0.0,0.0,0.0,0.0,0.0,0.0,0.0,0.0,0.0,0.0,0.0,0.0,0.0,0.0,0.0,0.0,0.0,0.0,0.0,0.0,0.0,0.0,0.0,0.0,0.0,0.0,0.0,0.0,0.0,0.0,0.0,0.0,0.02775641,0.0,0.15384616,0.050491475,6.0,1.9459101,1.8891599,2.2173557,7.5
NEG::shuffled::0238,0,0.0,0.2857143,0.0,0.0,0.21428572,0.2857143,0.21428572,0.14285715,0.14285715,0.14285715,0.071428575,0.0,0.0,0.071428575,0.071428575,0.071428575,0.0,0.071428575,0.0,0.0,0.0,0.0,0.14285715,0.0,0.0,0.0,0.0,0.0,0.0,0.0,0.0,0.0,0.0,0.0,0.0,0.0,0.0,0.0,0.0,0.0,0.0,0.0,0.0,0.0,0.0,0.071428575,0.0,0.0,0.0,0.0,0.0,0.0,0.0,0.0,0.0,0.0,0.0,0.0,0.0,0.0,0.039563,0.0,0.22222222,0.05197539,14.0,2.7080503,2.502662,3.2826073,7.285714
NEG::shuffled::0239,0,0.0625,0.125,0.0,0.0,0.1875,0.1875,0.4375,0.0625,0.125,0.0,0.0625,0.0,0.0,0.0,0.0,0.0,0.0,0.0625,0.0,0.0625,0.0,0.0,0.0,0.0,0.0,0.0,0.0,0.0,0.125,0.0,0.0,0.0,0.0,0.0,0.0,0.0,0.0,0.0,0.0,0.0,0.0,0.0,0.0,0.0,0.0,0.0,0.0,0.0,0.0,0.0,0.0,0.0,0.0,0.0,0.0,0.0,0.0,0.0,0.0,0.0,0.038221408,0.0,0.5,0.07117644,16.0,2.8332133,2.1625576,4.788903,8.9375
NEG::shuffled::0240,0,0.020325202,0.14634146,0.0121951215,0.024390243,0.27235773,0.2195122,0.3495935,0.11788618,0.17479675,0.016260162,0.032520324,0.0040650405,0.024390243,0.028455285,0.032520324,0.028455285,0.048780486,0.048780486,0.024390243,0.008130081,0.0040650405,0.016260162,0.020325202,0.0,0.0121951215,0.008130081,0.0040650405,0.0,0.06504065,0.0121951215,0.0,0.0,0.0121951215,0.0,0.0040650405,0.0040650405,0.008130081,0.0,0.0040650405,0.036585364,0.0040650405,0.0040650405,0.0,0.008130081,0.0040650405,0.0,0.0,0.0,0.008130081,0.0,0.008130081,0.0040650405,0.008130081,0.0,0.0,0.0121951215,0.0,0.0,0.0,0.0,0.027384067,0.0,0.5555556,0.065679975,246.0,5.5093884,2.8702385,4.903438,8.394309
NEG::shuffled::0241,0,0.0,0.1,0.0,0.0,0.45,0.3,0.2,0.15,0.3,0.0,0.05,0.0,0.05,0.0,0.0,0.0,0.05,0.05,0.05,0.0,0.0,0.0,0.0,0.0,0.0,0.0,0.05,0.0,0.1,0.0,0.0,0.0,0.0,0.0,0.0,0.0,0.0,0.0,0.0,0.0,0.0,0.0,0.0,0.05,0.0,0.0,0.0,0.0,0.05,0.0,0.0,0.0,0.0,0.0,0.0,0.0,0.0,0.0,0.0,0.0,0.04171386,0.0,0.22222222,0.052434348,20.0,3.0445225,2.3666365,2.6921182,7.05
NEG::shuffled::0242,0,0.020689655,0.14482759,0.0,0.0068965517,0.32413793,0.18620689,0.24827586,0.11724138,0.23448277,0.013793103,0.04137931,0.0,0.0068965517,0.027586207,0.027586207,0.020689655,0.04137931,0.03448276,0.020689655,0.013793103,0.013793103,0.03448276,0.020689655,0.0068965517,0.0,0.0068965517,0.0068965517,0.0,0.04137931,0.0,0.0,0.0,0.0,0.0,0.0068965517,0.0,0.013793103,0.0,0.0,0.027586207,0.0068965517,0.0,0.0,0.0068965517,0.0,0.0,0.0068965517,0.0,0.013793103,0.0,0.0,0.0,0.0,0.0,0.0,0.0068965517,0.0,0.0,0.0068965517,0.0,0.028247189,0.0,0.2857143,0.048713934,145.0,4.983607,2.7332501,5.174225,8.165517
NEG::shuffled::0243,0,0.037037037,0.14814815,0.0,0.0,0.2962963,0.37037036,0.4074074,0.14814815,0.18518518,0.0,0.11111111,0.0,0.0,0.0,0.0,0.0,0.074074075,0.037037037,0.037037037,0.0,0.0,0.074074075,0.037037037,0.0,0.0,0.0,0.0,0.0,0.0,0.0,0.0,0.037037037,0.0,0.0,0.0,0.0,0.0,0.0,0.0,0.074074075,0.0,0.0,0.0,0.0,0.0,0.0,0.0,0.0,0.0,0.0,0.0,0.0,0.0,0.0,0.0,0.0,0.0,0.0,0.0,0.0,0.037074033,0.0,0.33333334,0.05975731,27.0,3.3322046,2.371236,4.561724,8.925926
NEG::shuffled::0244,0,0.15384616,0.07692308,0.15384616,0.07692308,0.15384616,0.30769232,0.46153846,0.07692308,0.07692308,0.07692308,0.0,0.0,0.0,0.0,0.0,0.0,0.15384616,0.0,0.0,0.0,0.0,0.0,0.07692308,0.0,0.07692308,0.0,0.0,0.0,0.07692308,0.0,0.0,0.0,0.0,0.0,0.0,0.0,0.0,0.0,0.0,0.0,0.0,0.0,0.0,0.07692308,0.0,0.0,0.0,0.0,0.0,0.0,0.0,0.0,0.0,0.0,0.0,0.0,0.0,0.0,0.0,0.0,0.04608906,0.0,0.27272728,0.06044074,13.0,2.6390574,2.4869146,3.363571,6.6153846
NEG::shuffled::0245,0,0.05882353,0.11764706,0.029411765,0.029411765,0.30882353,0.13235295,0.16176471,0.10294118,0.1764706,0.014705882,0.073529415,0.0,0.0,0.014705882,0.014705882,0.014705882,0.0882353,0.0,0.05882353,0.0,0.0,0.014705882,0.0,0.0,0.014705882,0.029411765,0.0,0.0,0.073529415,0.0,0.0,0.0,0.0,0.0,0.0,0.0,0.0,0.0,0.0,0.029411765,0.0,0.0,0.0,0.014705882,0.0,0.0,0.0,0.0,0.0,0.0,0.0,0.0,0.0,0.0,0.0,0.0,0.0,0.0,0.0,0.0,0.03680864,0.0,0.21428572,0.051230654,68.0,4.2341065,2.6761649,4.1545353,7.720588
NEG::shuffled::0246,0,0.0,0.11111111,0.0,0.0,0.44444445,0.11111111,0.11111111,0.0,0.22222222,0.0,0.0,0.0,0.0,0.0,0.0,0.0,0.0,0.0,0.0,0.0,0.0,0.0,0.11111111,0.0,0.0,0.0,0.0,0.0,0.0,0.0,0.0,0.0,0.0,0.0,0.0,0.0,0.11111111,0.0,0.0,0.0,0.0,0.0,0.0,0.0,0.0,0.0,0.0,0.0,0.0,0.0,0.0,0.0,0.0,0.0,0.0,0.0,0.0,0.0,0.0,0.0,0.016484814,0.0,0.14285715,0.03419298,9.0,2.3025851,1.7677623,4.2946997,9.333333
NEG::shuffled::0247,0,0.09677419,0.19354838,0.032258064,0.06451613,0.19354838,0.2580645,0.29032257,0.032258064,0.12903225,0.0,0.0,0.0,0.0,0.0,0.0,0.0,0.09677419,0.12903225,0.032258064,0.0,0.0,0.0,0.0,0.0,0.0,0.0,0.0,0.0,0.0,0.0,0.0,0.0,0.0,0.0,0.0,0.0,0.0,0.0,0.0,0.0,0.0,0.0,0.0,0.0,0.0,0.0,0.032258064,0.0,0.0,0.0,0.0,0.0,0.0,0.0,0.0,0.032258064,0.0,0.0,0.0,0.0,0.04009228,0.0,0.25,0.054929167,31.0,3.465736,2.372424,3.8258119,7.516129
NEG::shuffled::0248,0,0.25,0.0,0.0,0.0,0.125,0.125,0.375,0.0,0.375,0.0,0.0,0.0,0.0,0.0,0.0,0.0,0.0,0.0,0.0,0.0,0.0,0.0,0.0,0.0,0.0,0.0,0.0,0.0,0.125,0.0,0.0,0.0,0.0,0.0,0.0,0.0,0.0,0.0,0.0,0.25,0.0,0.0,0.0,0.125,0.0,0.0,0.0,0.0,0.0,0.0,0.0,0.0,0.0,0.0,0.0,0.0,0.0,0.0,0.0,0.0,0.04033111,0.0,0.22222222,0.05958705,8.0,2.1972246,1.9701821,2.52178,6.875
NEG::shuffled::0249,0,0.0,0.09090909,0.0,0.0,0.18181819,0.09090909,0.36363637,0.18181819,0.09090909,0.0,0.09090909,0.0,0.0,0.0,0.0,0.0,0.18181819,0.0,0.09090909,0.0,0.0,0.09090909,0.18181819,0.09090909,0.0,0.18181819,0.0,0.0,0.09090909,0.0,0.0,0.0,0.0,0.0,0.0,0.0,0.0,0.0,0.0,0.0,0.0,0.0,0.0,0.0,0.0,0.0,0.0,0.0,0.0,0.0,0.0,0.0,0.0,0.0,0.0,0.0,0.0,0.0,0.0,0.0,0.045093656,0.0,0.33333334,0.06493485,11.0,2.4849067,2.5239224,3.6635349,6.818182
NEG::shuffled::0250,0,0.04,0.16,0.04,0.04,0.2,0.24,0.36,0.0,0.32,0.0,0.04,0.0,0.0,0.0,0.0,0.0,0.08,0.04,0.0,0.0,0.0,0.0,0.08,0.04,0.0,0.04,0.0,0.0,0.04,0.0,0.0,0.0,0.0,0.0,0.0,0.0,0.04,0.0,0.0,0.0,0.0,0.0,0.0,0.0,0.0,0.0,0.0,0.0,0.0,0.0,0.0,0.0,0.0,0.0,0.0,0.0,0.0,0.0,0.0,0.0,0.03499062,0.0,0.2857143,0.05309973,25.0,3.2580965,2.3949726,5.068491,8.48
NEG::shuffled::0251,0,0.07317073,0.19512194,0.0,0.0,0.29268292,0.14634146,0.34146342,0.12195122,0.24390244,0.0,0.024390243,0.0,0.0,0.024390243,0.024390243,0.024390243,0.048780486,0.024390243,0.024390243,0.0,0.024390243,0.0,0.024390243,0.0,0.0,0.0,0.0,0.0,0.048780486,0.0,0.0,0.024390243,0.0,0.0,0.024390243,0.0,0.0,0.0,0.0,0.0,0.0,0.0,0.0,0.048780486,0.0,0.0,0.0,0.0,0.0,0.0,0.0,0.0,0.0,0.0,0.0,0.0,0.0,0.0,0.0,0.0,0.029553466,0.0,0.1764706,0.043008953,41.0,3.7376697,2.5110989,4.3451614,8.439024
NEG::shuffled::0252,0,0.0,0.0,0.16666667,0.16666667,0.16666667,0.33333334,0.5,0.0,0.0,0.0,0.0,0.0,0.0,0.0,0.0,0.0,0.33333334,0.16666667,0.0,0.0,0.0,0.16666667,0.0,0.0,0.0,0.0,0.0,0.0,0.0,0.0,0.0,0.0,0.0,0.0,0.0,0.0,0.0,0.0,0.0,0.0,0.0,0.0,0.0,0.0,0.0,0.0,0.0,0.0,0.0,0.0,0.0,0.0,0.0,0.0,0.0,0.0,0.0,0.0,0.0,0.0,0.06966138,0.0,0.25,0.08080836,6.0,1.9459101,1.979205,5.0470014,8.166667
NEG::shuffled::0253,0,0.018867925,0.20754717,0.0,0.03773585,0.3018868,0.18867925,0.3207547,0.018867925,0.20754717,0.018867925,0.0,0.0,0.0,0.0,0.0,0.0,0.11320755,0.018867925,0.03773585,0.0,0.0,0.018867925,0.0,0.0,0.018867925,0.018867925,0.0,0.0,0.018867925,0.0,0.0,0.0,0.0,0.0,0.0,0.0,0.018867925,0.0,0.0,0.0,0.018867925,0.0,0.0,0.0,0.018867925,0.0,0.0,0.0,0.0,0.0,0.0,0.0,0.0,0.0,0.0,0.0,0.0,0.018867925,0.0,0.0,0.0488937,0.0,0.33333334,0.07074404,53.0,3.988984,2.3759232,4.038,7.3584905
NEG::shuffled::0254,0,0.05882353,0.23529412,0.11764706,0.11764706,0.1764706,0.29411766,0.29411766,0.11764706,0.23529412,0.05882353,0.0,0.0,0.0,0.0,0.0,0.0,0.05882353,0.0,0.0,0.0,0.05882353,0.0,0.0,0.0,0.0,0.0,0.0,0.0,0.0,0.0,0.0,0.0,0.0,0.0,0.0,0.0,0.0,0.0,0.0,0.05882353,0.0,0.0,0.0,0.0,0.0,0.0,0.0,0.0,0.05882353,0.0,0.0,0.0,0.0,0.0,0.0,0.0,0.0,0.0,0.0,0.0,0.03304381,0.0,0.6363636,0.07128675,17.0,2.8903718,2.4468277,4.239377,8.294118
NEG::shuffled::0255,0,0.0,0.11111111,0.0,0.0,0.22222222,0.0,0.11111111,0.11111111,0.11111111,0.0,0.0,0.0,0.0,0.0,0.0,0.0,0.0,0.22222222,0.0,0.0,0.0,0.0,0.0,0.0,0.0,0.0,0.11111111,0.0,0.0,0.0,0.0,0.0,0.0,0.0,0.0,0.0,0.0,0.0,0.0,0.0,0.0,0.0,0.0,0.0,0.0,0.11111111,0.0,0.0,0.0,0.0,0.0,0.0,0.0,0.0,0.0,0.0,0.0,0.0,0.0,0.0,0.052882805,0.0,0.6666667,0.11983921,9.0,2.3025851,2.0253272,2.2498286,5.2222223
NEG::shuffled::0256,0,0.04,0.28,0.0,0.04,0.4,0.12,0.2,0.0,0.16,0.0,0.08,0.0,0.0,0.0,0.0,0.0,0.04,0.08,0.08,0.0,0.04,0.08,0.0,0.0,0.0,0.0,0.0,0.0,0.04,0.0,0.0,0.0,0.0,0.0,0.0,0.0,0.0,0.0,0.0,0.04,0.0,0.0,0.0,0.0,0.04,0.0,0.0,0.0,0.0,0.0,0.0,0.0,0.0,0.0,0.0,0.0,0.0,0.0,0.0,0.0,0.026081277,0.0,0.2,0.038921498,25.0,3.2580965,2.4414492,5.7234955,8.96
NEG::shuffled::0257,0,0.0,0.2,0.0,0.0,0.4,0.6,0.6,0.4,0.4,0.2,0.0,0.0,0.0,0.0,0.0,0.0,0.0,0.0,0.0,0.0,0.0,0.0,0.2,0.0,0.0,0.0,0.2,0.0,0.0,0.0,0.0,0.0,0.0,0.0,0.0,0.0,0.0,0.0,0.0,0.0,0.0,0.0,0.0,0.0,0.0,0.0,0.0,0.0,0.0,0.0,0.0,0.0,0.0,0.0,0.0,0.0,0.0,0.0,0.0,0.0,0.05022215,0.0,0.11111111,0.037948746,5.0,1.7917595,2.1006792,4.0,12.0
NEG::shuffled::0258,0,0.054054055,0.10810811,0.054054055,0.054054055,0.27027026,0.1891892,0.3243243,0.08108108,0.16216215,0.027027028,0.10810811,0.0,0.0,0.0,0.0,0.0,0.027027028,0.0,0.027027028,0.0,0.054054055,0.027027028,0.0,0.0,0.054054055,0.0,0.0,0.027027028,0.08108108,0.0,0.0,0.0,0.0,0.0,0.0,0.0,0.0,0.0,0.0,0.027027028,0.0,0.0,0.0,0.0,0.0,0.0,0.0,0.0,0.0,0.0,0.0,0.0,0.0,0.0,0.0,0.0,0.0,0.0,0.0,0.0,0.03253924,0.0,0.25,0.050604198,37.0,3.637586,2.60777,4.953546,8.945946
NEG::shuffled::0259,0,0.0,0.25,0.0,0.0,0.25,0.25,0.375,0.375,0.125,0.125,0.0,0.0,0.0,0.125,0.125,0.125,0.0,0.0,0.0,0.0,0.0,0.0,0.0,0.0,0.0,0.0,0.125,0.0,0.0,0.0,0.125,0.0,0.0,0.0,0.0,0.0,0.0,0.0,0.0,0.0,0.0,0.0,0.0,0.0,0.0,0.0,0.0,0.0,0.0,0.0,0.0,0.0,0.0,0.0,0.0,0.0,0.0,0.0,0.0,0.0,0.044431925,0.0,0.2,0.0600348,8.0,2.1972246,2.3786206,1.7853571,9.25
NEG::shuffled::0260,0,0.125,0.125,0.0,0.0,0.375,0.25,0.75,0.25,0.375,0.0,0.0,0.0,0.0,0.0,0.0,0.0,0.0,0.0,0.125,0.0,0.0,0.125,0.0,0.0,0.0,0.0,0.125,0.0,0.0,0.0,0.0,0.0,0.0,0.0,0.0,0.0,0.0,0.0,0.0,0.0,0.0,0.0,0.0,0.0,0.0,0.0,0.0,0.0,0.0,0.0,0.0,0.0,0.0,0.0,0.0,0.0,0.0,0.0,0.0,0.0,0.062615305,0.0,0.2,0.05788759,8.0,2.1972246,2.0866742,2.0577598,7.375
NEG::shuffled::0261,0,0.14285715,0.0,0.0,0.0,0.21428572,0.42857143,0.2857143,0.0,0.21428572,0.0,0.0,0.0,0.0,0.0,0.0,0.0,0.0,0.071428575,0.0,0.0,0.0,0.0,0.0,0.0,0.0,0.0,0.0,0.0,0.0,0.0,0.0,0.0,0.0,0.0,0.0,0.0,0.0,0.0,0.0,0.14285715,0.0,0.0,0.0,0.0,0.0,0.0,0.0,0.0,0.0,0.0,0.0,0.0,0.0,0.0,0.0,0.0,0.0,0.0,0.0,0.0,0.04686228,0.0,0.6363636,0.10267157,14.0,2.7080503,1.8226186,3.9974482,7.857143
NEG::shuffled::0262,0,0.0,0.23809524,0.0,0.0,0.23809524,0.21428572,0.23809524,0.11904762,0.14285715,0.0,0.023809524,0.0,0.0,0.0,0.023809524,0.023809524,0.04761905,0.023809524,0.04761905,0.0,0.0,0.023809524,0.023809524,0.023809524,0.0,0.023809524,0.0,0.0,0.0952381,0.0,0.0,0.0,0.0,0.0,0.0,0.0,0.0,0.0,0.0,0.04761905,0.0,0.0,0.0,0.0,0.0,0.0,0.0,0.0,0.0,0.0,0.0,0.0,0.0,0.0,0.0,0.0,0.0,0.0,0.0,0.0,0.034657467,0.0,0.18181819,0.044266287,42.0,3.7612002,2.4937086,3.7830179,7.785714
NEG::shuffled::0263,0,0.0,0.32,0.0,0.0,0.4,0.36,0.32,0.12,0.24,0.0,0.0,0.0,0.04,0.04,0.08,0.08,0.08,0.0,0.08,0.0,0.0,0.0,0.04,0.0,0.0,0.0,0.0,0.0,0.0,0.0,0.0,0.0,0.0,0.0,0.0,0.0,0.0,0.04,0.0,0.0,0.0,0.0,0.0,0.0,0.0,0.0,0.0,0.0,0.0,0.0,0.0,0.0,0.0,0.0,0.0,0.0,0.0,0.0,0.0,0.0,0.049783867,0.0,0.4,0.06151263,25.0,3.2580965,2.3170753,6.131884,9.2
NEG::shuffled::0264,0,0.0,0.06666667,0.0,0.0,0.33333334,0.06666667,0.4,0.06666667,0.4,0.0,0.0,0.0,0.0,0.06666667,0.06666667,0.06666667,0.06666667,0.06666667,0.06666667,0.0,0.0,0.0,0.0,0.0,0.0,0.0,0.0,0.0,0.0,0.0,0.0,0.0,0.0,0.0,0.06666667,0.0,0.0,0.0,0.0,0.06666667,0.0,0.0,0.0,0.0,0.0,0.0,0.0,0.0,0.0,0.0,0.0,0.0,0.06666667,0.0,0.0,0.0,0.0,0.0,0.06666667,0.0,0.038040563,0.0,0.25,0.055226747,15.0,2.7725887,2.4162543,3.5627704,6.2
NEG::shuffled::0265,0,0.0,0.1,0.0,0.0,0.2,0.0,0.3,0.1,0.1,0.0,0.0,0.0,0.0,0.0,0.0,0.0,0.1,0.1,0.1,0.0,0.0,0.0,0.0,0.0,0.0,0.0,0.0,0.0,0.0,0.0,0.0,0.0,0.0,0.0,0.0,0.0,0.0,0.0,0.0,0.0,0.0,0.0,0.0,0.0,0.0,0.0,0.0,0.0,0.0,0.0,0.0,0.0,0.0,0.0,0.0,0.0,0.0,0.0,0.0,0.0,0.010655995,0.0,0.09090909,0.02358743,10.0,2.3978953,1.972248,3.2695565,7.1
NEG::shuffled::0266,0,0.03773585,0.11320755,0.018867925,0.018867925,0.43396226,0.2264151,0.35849056,0.13207547,0.24528302,0.0,0.0754717,0.0,0.0,0.0,0.0,0.0,0.0,0.0,0.03773585,0.0,0.0,0.018867925,0.0,0.0,0.0,0.018867925,0.0,0.0,0.0754717,0.0,0.018867925,0.0,0.018867925,0.0,0.0,0.0,0.0,0.0,0.0,0.056603774,0.0,0.0,0.0,0.018867925,0.018867925,0.0,0.0,0.0,0.0,0.0,0.018867925,0.0,0.0,0.0,0.0,0.0,0.0,0.0,0.0,0.0,0.037376948,0.0,0.18518518,0.04228078,53.0,3.988984,2.4063659,4.3699512,9.18868
NEG::shuffled::0267,0,0.0,0.0,0.0,0.0,0.0,0.5,0.75,0.25,0.25,0.0,0.25,0.0,0.0,0.0,0.0,0.0,0.0,0.0,0.0,0.0,0.0,0.0,0.0,0.0,0.0,0.0,0.0,0.0,0.0,0.0,0.0,0.0,0.0,0.0,0.0,0.0,0.0,0.0,0.0,0.0,0.0,0.0,0.0,0.0,0.0,0.0,0.0,0.0,0.0,0.0,0.0,0.0,0.0,0.0,0.0,0.0,0.0,0.0,0.0,0.0,0.05296385,0.0,0.18181819,0.06575379,4.0,1.609438,1.4941757,3.082207,7.0
NEG::shuffled::0268,0,0.0,0.0,0.0,0.0,0.5,0.16666667,0.5,0.33333334,0.33333334,0.0,0.0,0.0,0.0,0.16666667,0.16666667,0.16666667,0.0,0.0,0.0,0.0,0.0,0.0,0.0,0.0,0.0,0.0,0.0,0.0,0.0,0.0,0.0,0.0,0.0,0.0,0.0,0.0,0.0,0.0,0.0,0.0,0.0,0.0,0.0,0.0,0.16666667,0.0,0.0,0.0,0.0,0.0,0.0,0.0,0.0,0.0,0.0,0.0,0.0,0.0,0.0,0.0,0.05974988,0.0,0.2,0.061526805,6.0,1.9459101,2.0837665,3.97562,7.1666665
