sample_id,split,negative_type,n_genes,source_pathway_ids,source_families,source_overlap_count,source_overlap_fraction,cross_same_family,generation_seed,gene_set_sha256
TRAIN_NEG_00000,train,random_5_30,23,,,0,0.0,False,142,68639f6c78c9c517009625fc4f0c12f4528ac94413a6439f6f23d0cd6fae7484
TRAIN_NEG_00001,train,shuffled,20,AC_DETOX1-PWY-1,AraCyc_Misc,0,0.0,False,142,9ec35e9961bac2e4694be6f3d723839c5140ccf7b96ce3c6fcf69177e2692378
TRAIN_NEG_00002,train,partial_50_80,40,ath04070,KEGG_SignalTrans,40,1.0,False,142,00120133d0868e3901a91402005c1fbddd2378506a54a5af9bb3278004e7fcfe
TRAIN_NEG_00003,train,cross_pathway,11,AC_LEUSYN-PWY;AC_PWY-8148,AraCyc_Misc;AraCyc_Misc,11,1.0,True,142,15670d8d83bd4341748e9b827b6e7d0e6ad99edaa6ab7266350f4d041eb1e905
TRAIN_NEG_00004,train,random_5_30,25,,,0,0.0,False,142,cd8725121f269e7fafbc5de288bcf7e150881dac2a937121b044999ec08a620e
TRAIN_NEG_00005,train,shuffled,15,AC_FASYN-ELONG-PWY,AraCyc_Lipid,0,0.0,False,142,72d9258da2a0725c60c9121e7a697dfc9819207a54dd97d1f1e0ccb10e68d36b
TRAIN_NEG_00006,train,partial_50_80,3,AC_PWY-8142,AraCyc_Misc,3,1.0,False,142,eb6b3ebf39d859dbb748d67c3e91b10f670615df07266db7632fecd2d4e13229
TRAIN_NEG_00007,train,cross_pathway,45,AC_BRANCHED-CHAIN-AA-SYN-PWY;ath00561,AraCyc_AminoAcid;KEGG_Lipid,45,1.0,False,142,0effbf058bb398384af13cc463b7e5c506d7c58bbc6497d40ac9324c1e9de796
TRAIN_NEG_00008,train,random_5_30,22,,,0,0.0,False,142,5a23b505343b391756c90b6eb60d44055fa29d579bc768e896b885450d2f1e1b
TRAIN_NEG_00009,train,shuffled,65,ath00073,KEGG_Cellular,0,0.0,False,142,de6ee39db7343b189ab912d392ef7bb659dd06bfc290ab7cd6fff99d3df1faa9
TRAIN_NEG_00010,train,partial_50_80,28,ath04136,KEGG_SignalTrans,28,1.0,False,142,24cd9cf39f4bbf0540670acf0d515a410c6e1bd6ba9e966f60a6176c8788f29f
TRAIN_NEG_00011,train,cross_pathway,10,AC_PWY-6199;AC_PWY-5027,AraCyc_Misc;AraCyc_Misc,10,1.0,True,142,fae084b7078bd625c07b84e9a318200eb26c602a744d98a54516b035a18eeabe
TRAIN_NEG_00012,train,random_5_30,13,,,0,0.0,False,142,371f728fd7717de261828ae0ff1814c3715ccb1ea4f14094bc1ee384ea4ce872
TRAIN_NEG_00013,train,shuffled,28,AC_PWY-5992,AraCyc_Misc,0,0.0,False,142,6b11aedd443ec6c4935fe3e6f28e98e9bd356a013a1d505907b0f5cf6575ff9e
TRAIN_NEG_00014,train,partial_50_80,6,ath03450,KEGG_GeneticInfo,6,1.0,False,142,10b3941b2cbd54385572befa1fe8cfdc19c66acb6ec42a64acb1403c369ec1ee
TRAIN_NEG_00015,train,cross_pathway,27,ath04981;AC_PWY-4221ARA,KEGG_SignalTrans;AraCyc_Misc,27,1.0,False,142,4f59870d4722c25a7ccc020ab894f4c1fde74b41887e17a670bb31654c8bf390
TRAIN_NEG_00016,train,random_5_30,13,,,0,0.0,False,142,760d60e6e6629ae98d4e59f0668d6743ae442a8025158dbf75300f9d63c90a60
TRAIN_NEG_00017,train,shuffled,59,AC_LIPASYN-PWY,AraCyc_Misc,0,0.0,False,142,a30ccb71898fb3658e0e9a4a107cf8cd364654d4968ade146bb91893deaf3d73
TRAIN_NEG_00018,train,partial_50_80,4,AC_PWY-5800,AraCyc_Misc,4,1.0,False,142,7a902b7818eba8dc007fcb74347d50bf1418e752d2ff32e92db86fdf622e2631
TRAIN_NEG_00019,train,cross_pathway,22,AC_PWY-7238;AC_ASPARAGINE-DEG1-PWY-1,AraCyc_Carbohydrate;AraCyc_Misc,22,1.0,False,142,3582bdd4c91dcac8892260b0626f853f7a507c6437741e6ab780e45dc378fb23
TRAIN_NEG_00020,train,random_5_30,23,,,0,0.0,False,142,0360d1bfea00f81203a7fd9cff78f4ef7fe8016702cba9b1af120fb821a9b4d9
TRAIN_NEG_00021,train,shuffled,6,AC_PWY-7184,AraCyc_Nucleotide,0,0.0,False,142,966d2ee30fcbbc8954427809a975f340108f752a8ddb8cda6038df44d3420fc6
TRAIN_NEG_00022,train,partial_50_80,29,AC_PWY-5321,AraCyc_Misc,29,1.0,False,142,e451d56464941875ec1def895b32cb935f954189c042bbb9ce939f540a893f91
TRAIN_NEG_00023,train,cross_pathway,8,AC_PWY-3461;AC_PWY-5143,AraCyc_Misc;AraCyc_Lipid,8,1.0,False,142,cc8e220f7f281ccf2421c8966780883e4ffb786f7cb71b7041df2e4978cec1c7
TRAIN_NEG_00024,train,random_5_30,14,,,0,0.0,False,142,0b2e0ca8a74fb47fd6bff16451d96c5916380cf10714eb3671e86edb017b964e
TRAIN_NEG_00025,train,shuffled,27,AC_PWY-5147,AraCyc_Misc,0,0.0,False,142,9a49c58da4ef53bef1db2fb555d1d7eba8c9a68b8aee376931326628f3c5d764
TRAIN_NEG_00026,train,partial_50_80,18,AC_PWY-7200,AraCyc_Nucleotide,18,1.0,False,142,6eb44c878c42e1503235db2737090fe7ffd4086ee14f02cc4c7e082dde14de68
TRAIN_NEG_00027,train,cross_pathway,7,AC_COA-PWY;AC_PWY-5041,AraCyc_Misc;AraCyc_AminoAcid,7,1.0,False,142,068a96fd79a96d4ddc528733c43925553b90875bb2ab27a86c0f4c6219c77f92
TRAIN_NEG_00028,train,random_5_30,9,,,0,0.0,False,142,cbecf95285e84f9766d8b554897db24ad5ddfe48d6b618433437eacf05f3ff6f
TRAIN_NEG_00029,train,shuffled,223,ath04141,KEGG_SignalTrans,3,0.013452914798206279,False,142,074d779dabc3bf67cab5b0d0254eccb147e77e69e435e047b6d7bff1b50824fc
TRAIN_NEG_00030,train,partial_50_80,10,AC_PWY66-430,AraCyc_Misc,10,1.0,False,142,2027be72b7f2124a167a344b16df9936a319cce89e7b54198893470cae5ce01a
TRAIN_NEG_00031,train,cross_pathway,10,ath00902;AC_PWY-6612,KEGG_Cellular;AraCyc_Cofactor,10,1.0,False,142,706fe753cb033b97edae89c4beae242940d7d87b77bc241fe03b55714da8b960
TRAIN_NEG_00032,train,random_5_30,6,,,0,0.0,False,142,a18b7d2f5cc559ddddbfb4b4759f71a3d384a5072e0ddf03fd5fbd54f130bec3
TRAIN_NEG_00033,train,shuffled,11,AC_PWY-5386-1,AraCyc_Misc,0,0.0,False,142,fbe8c3dac2ee195f482a1f05801ae2386b9a62ab93225064d4727ddbc528f634
TRAIN_NEG_00034,train,partial_50_80,10,AC_ASPASN-ARA-PWY,AraCyc_Misc,10,1.0,False,142,0ccddc6428ba6622beca3bc9584320107052120f2c29beb555fcb10a21e77652
TRAIN_NEG_00035,train,cross_pathway,28,ath00071;AC_HISTSYN-PWY,KEGG_Lipid;AraCyc_Misc,28,1.0,False,142,00377c9429ca4722ad8a5334a7995ec5cba12826a6ddc4d517af19598e4816bb
TRAIN_NEG_00036,train,random_5_30,12,,,0,0.0,False,142,1f2c92a40955ccbc17e3ce05419949183043e599438d30aca5034cffa29d5188
TRAIN_NEG_00037,train,shuffled,13,ath00514,KEGG_Lipid,0,0.0,False,142,ae861f9dea121d56a44a37ea333f06d9d7eb8fd6775117f2cf7163c679e0107b
TRAIN_NEG_00038,train,partial_50_80,4,AC_PWY-6908,AraCyc_Cofactor,4,1.0,False,142,0199b5ce87a546183992fe1fba2f1ed69ef829051ff3715e2c5c8d94acf17cf4
TRAIN_NEG_00039,train,cross_pathway,83,ath00190;AC_PWY-5129,KEGG_Metabolism;AraCyc_Lipid,83,1.0,False,142,2b9b1ef59c8191c1483490f271d851f5a941394f6745254154f04a909318c825
TRAIN_NEG_00040,train,random_5_30,18,,,0,0.0,False,142,51e94908810dc4dd30d374e6c923d3afb9c58e5b74443b855ce3bb025860c3f0
TRAIN_NEG_00041,train,shuffled,12,AC_PWY-5788,AraCyc_Misc,0,0.0,False,142,d6672ace35f49ba5fafe9e490d81141f3b1fe926ff2add1d55aa9cb3a7e89b87
TRAIN_NEG_00042,train,partial_50_80,7,ath00566,KEGG_Lipid,7,1.0,False,142,51b03c55308790b6f7a7222b518d45bc9179d1db7a7736215bc9ddd868eaae27
TRAIN_NEG_00043,train,cross_pathway,4,AC_PWY-5269;AC_PWY-8475,AraCyc_Misc;AraCyc_Misc,4,1.0,True,142,c888333b991368b87493a75b7ddbdb08e61d12134f2506f9ddefc1cc9dd57deb
TRAIN_NEG_00044,train,random_5_30,16,,,0,0.0,False,142,d3c01da7a28a0c295a15667ba7c5be1ce23a6e4e25d6832552d26a295f73403d
TRAIN_NEG_00045,train,shuffled,102,ath00480,KEGG_Cellular,2,0.0196078431372549,False,142,bb91ce2853a234fe491faa8cb0ddf7074d0d9880bac0db184fe6af695ea0a53c
TRAIN_NEG_00046,train,partial_50_80,6,AC_PWY0-1319,AraCyc_Misc,6,1.0,False,142,c10fabd9408c07f3733134ef0652e1e4593f20453a1eaea4f964b81c709b525f
TRAIN_NEG_00047,train,cross_pathway,15,AC_PWY-181;AC_PWY-5046,AraCyc_Misc;AraCyc_Misc,15,1.0,True,142,4ff69883a4c49135521786a5a5f3676c57924c656453d1c0770718c93e179ab2
TRAIN_NEG_00048,train,random_5_30,20,,,0,0.0,False,142,439b80a6c9fed0b383d5328a0845bf063dd862943fc7e3dd0dc722a0cf41675d
TRAIN_NEG_00049,train,shuffled,22,ath00950,KEGG_Cellular,0,0.0,False,142,413ac5a9165f5ea7bdd3f2d5d5563edb789cdf18b01713c1e9cb499684f00037
TRAIN_NEG_00050,train,partial_50_80,8,AC_PWY-4221ARA,AraCyc_Misc,8,1.0,False,142,f6d2676040e1a6286e4bd47935750cab397c1e1141ec343e81858a62607a148b
TRAIN_NEG_00051,train,cross_pathway,14,AC_PWY3O-450;AC_PWY-181,AraCyc_Misc;AraCyc_Misc,14,1.0,True,142,c5734f40e626d156f244f097860f2387cc9765d500587b210c0d402b7a037565
TRAIN_NEG_00052,train,random_5_30,15,,,0,0.0,False,142,9d5887351f879815ef354f8b58aafbd4f104aa707d16c1dd14b72a9f4ce4ceb7
TRAIN_NEG_00053,train,shuffled,43,AC_PWY-5390,AraCyc_Misc,0,0.0,False,142,7cbb2a75e039b0fe3073eed31830eef75b4647bbe72c541e53559a29d6725c93
TRAIN_NEG_00054,train,partial_50_80,31,ath03460,KEGG_GeneticInfo,31,1.0,False,142,d099dc3b5dfe67c7506b234b0372a38c5302439f9f6a0bc16e31c13a5a3bcc66
TRAIN_NEG_00055,train,cross_pathway,11,AC_CHLOROPHYLL-SYN;ath00590,AraCyc_Misc;KEGG_Lipid,11,1.0,False,142,276820bda4f7dbc8a2f211d968effc5c94ca90816166840f5f799c2c1516368b
TRAIN_NEG_00056,train,random_5_30,21,,,0,0.0,False,142,e786fb2d1594aa11d8838269ab9e24afee02b5f73550603b4fd058ffafcf629f
TRAIN_NEG_00057,train,shuffled,10,AC_PWY-6556,AraCyc_Nucleotide,0,0.0,False,142,0a410ba4133e97b6e021c9b76d63d6daa5b17f97aa16361339850b76f9c439ce
TRAIN_NEG_00058,train,partial_50_80,18,AC_PENTOSE-P-PWY,AraCyc_Misc,18,1.0,False,142,a1325506b2d03cfba887b19f3c851fccf09f35de14861a2acb1f47ec00240a9b
TRAIN_NEG_00059,train,cross_pathway,6,ath04082;AC_PWY-5859,KEGG_SignalTrans;AraCyc_Misc,6,1.0,False,142,66a9292b085bb160bee160c4daa0f7d9d93ddaf0f1fe4ce79bd7c041b645bfe1
TRAIN_NEG_00060,train,random_5_30,17,,,0,0.0,False,142,3fcf79c9a81796c221286a93cdb6f4996819923157a5de6f84bfc6d72be8a633
TRAIN_NEG_00061,train,shuffled,34,AC_PWY-581,AraCyc_Misc,0,0.0,False,142,d54248c28decd017e34993385145722552340fa87fbed2164f1587fe4e4208e1
TRAIN_NEG_00062,train,partial_50_80,18,ath00310,KEGG_Cellular,18,1.0,False,142,cd8aa8fb56163e8e16c4301d1edc24ba444348140e3757e6561edb146a9bc9bc
TRAIN_NEG_00063,train,cross_pathway,29,ath00071;AC_ARGSYNBSUB-PWY,KEGG_Lipid;AraCyc_AminoAcid,29,1.0,False,142,cf3fcd3b518c3884bfc8ae54fc5f65c200c7f09b0c69666e54f265a33719233c
TRAIN_NEG_00064,train,random_5_30,15,,,0,0.0,False,142,917eb5425ca63df702d5b5052b3c13e616d4e31dcafc9781c0e6ae253574dca9
TRAIN_NEG_00065,train,shuffled,35,AC_PWY-3801,AraCyc_Carbohydrate,0,0.0,False,142,5ebbfb392593f29e5d9d05ebcf74b1b951fc266dbbd60223b998b523cd2c9ff9
TRAIN_NEG_00066,train,partial_50_80,18,AC_PWY-3001,AraCyc_Misc,18,1.0,False,142,209a86b31441b297f3b55baf62b10d90e33090a5915cac7b7cf9b364dd2bfad9
TRAIN_NEG_00067,train,cross_pathway,23,AC_PWY-8475;AC_PWY-5390,AraCyc_Misc;AraCyc_Misc,23,1.0,True,142,fa6afbdbded347171987c22692ee8361e2a772f00c8ee2530d9cdd84d29bf2d1
TRAIN_NEG_00068,train,random_5_30,14,,,0,0.0,False,142,7bcb98be09eef633b6b7c4a2b1d8f102dfd793cbfa14cbc1791d7a2b2fc61c02
TRAIN_NEG_00069,train,shuffled,23,AC_ETHYL-PWY,AraCyc_Misc,0,0.0,False,142,34802d2cf6b0718712370481459eaf20a4458ee41105778920d0e1ac90b4229f
TRAIN_NEG_00070,train,partial_50_80,3,AC_PWY-6544,AraCyc_Misc,3,1.0,False,142,81936504294a538575cc448d31fe6f4fd24e37a6094b9676de1961ab47f39396
TRAIN_NEG_00071,train,cross_pathway,83,ath04144;AC_PWY0-1264,KEGG_SignalTrans;AraCyc_Cofactor,83,1.0,False,142,9b3104f8dcdfbacf2eaca6d9b77f0eb1537964612fc1d8d346369389dadab95b
TRAIN_NEG_00072,train,random_5_30,22,,,0,0.0,False,142,b116b3f2b1d92bb725fb174adc131410edddf41e2209f0279db8d6c1ebf5057a
TRAIN_NEG_00073,train,shuffled,10,AC_GLUTORN-PWY,AraCyc_Misc,0,0.0,False,142,bfe3b02b124ff57686c02150deacef14249c7a175a2e39d91da137a17d74b75d
TRAIN_NEG_00074,train,partial_50_80,5,ath00905,KEGG_Cellular,5,1.0,False,142,8256d12e49fcf3ecf0e4791670ec6bc4c70761321f630f3edbaa69175421cb7e
TRAIN_NEG_00075,train,cross_pathway,33,AC_PWY-7039;ath04981,AraCyc_Misc;KEGG_SignalTrans,33,1.0,False,142,fbf25b28295ce0d2d27aa90e95f533cfb6518498a98cc2c4baa40d3c3c8dfbc2
TRAIN_NEG_00076,train,random_5_30,28,,,0,0.0,False,142,8ad5ca787c72f2f18e1916d789d50246ab0dbbda4394056efd5b8bf002c1112c
TRAIN_NEG_00077,train,shuffled,5,AC_PWY-4861,AraCyc_Misc,0,0.0,False,142,ed1414424e54fb3ab1ccaac4ad2e53c6641432c568c7494857e4ec39adab25b7
TRAIN_NEG_00078,train,partial_50_80,5,AC_PWY-6051,AraCyc_Misc,5,1.0,False,142,5e1b00f6d66cc8296a91b7676466b0da30bca6a148d50d9da2ca2eec8c0330f6
TRAIN_NEG_00079,train,cross_pathway,11,AC_GLUCOSE1PMETAB-PWY;AC_HISTSYN-PWY,AraCyc_Carbohydrate;AraCyc_Misc,11,1.0,False,142,903716921f59c7374f480b31b08d8559b0fba22253b83f3a83e549751a99a52a
TRAIN_NEG_00080,train,random_5_30,6,,,0,0.0,False,142,277470a53a263218482531a77bac8c95db3247de328d37165e2f1cc34c930717
TRAIN_NEG_00081,train,shuffled,34,AC_PWY-6348,AraCyc_Misc,0,0.0,False,142,1d58329f2f158a83b5ac6642543d44dffa3e4ece6ff02dced975236d6c980f3b
TRAIN_NEG_00082,train,partial_50_80,19,AC_PWY-6549,AraCyc_Misc,19,1.0,False,142,a87c700789d09c54e94ecd013194ae473f951418c46b1790783519bac030c0a1
TRAIN_NEG_00083,train,cross_pathway,16,AC_PWY-3561;ath00950,AraCyc_Misc;KEGG_Cellular,16,1.0,False,142,1ea034a2a489f6a632290ea051d8e8af90cb0a4a00339ed610e76acffa5f1db0
TRAIN_NEG_00084,train,random_5_30,29,,,0,0.0,False,142,a77a24c5aa58547e840d0f4c4af369611854c503a5c0fca0d5518b5f524ea0af
TRAIN_NEG_00085,train,shuffled,71,ath00561,KEGG_Lipid,1,0.014084507042253521,False,142,25f2c9ea5777a2e2541659bfb29d054b24fbcbeee7ab66691a9104cf5a41736b
TRAIN_NEG_00086,train,partial_50_80,52,ath01212,KEGG_Lipid,52,1.0,False,142,912f1dcfaed4a03477be5053ee007c72772bca215fde3ff66762da4d7663e9e0
TRAIN_NEG_00087,train,cross_pathway,12,ath00660;AC_PWY66-430,KEGG_Cellular;AraCyc_Misc,12,1.0,False,142,ca469d9f74248d269edd841981244800bcddccc81b00a2d9207a89e72ef476f8
TRAIN_NEG_00088,train,random_5_30,11,,,0,0.0,False,142,56ea417cf66a85b69bca244e17535f0a2fa0d5818b0854e6b4cc130d47a5e008
TRAIN_NEG_00089,train,shuffled,82,ath04814,KEGG_SignalTrans,0,0.0,False,142,067b9cae7e169b746f47a90752b236d3fe4c9d4bebe486bfe7003c2fcb3c3110
TRAIN_NEG_00090,train,partial_50_80,30,ath03440,KEGG_GeneticInfo,30,1.0,False,142,8269ed718c6dda3b64cb555acd6605f43919e36f1160be3ce4404fcd483491d6
TRAIN_NEG_00091,train,cross_pathway,25,AC_PWY-581;AC_PWY-5123,AraCyc_Misc;AraCyc_Misc,25,1.0,True,142,b0e21a24b7594f5d0a59c7a40c39db090c1f5a8068655dbf253b3e3d0126d303
TRAIN_NEG_00092,train,random_5_30,8,,,0,0.0,False,142,57ebebd2f0d8f7c476bb50ee40d81d10cf999ad67b865d0f7d128905dcd7f182
TRAIN_NEG_00093,train,shuffled,25,ath00941,KEGG_Cellular,0,0.0,False,142,eef2598a77775058cb1364007579f70f06200e1b0b0bd4659d26e6345ff1a6b2
TRAIN_NEG_00094,train,partial_50_80,48,ath00020,KEGG_Cellular,48,1.0,False,142,27a786e08d029a3f89769c9709ec6102128c7f87477d9c282cf193f898fbb8a9
TRAIN_NEG_00095,train,cross_pathway,9,AC_PWY-7120;AC_PWY-4221ARA,AraCyc_Misc;AraCyc_Misc,9,1.0,True,142,9a66104a0cdd191f1f3be01c9c3ca9c90ff0be1348b6ca035756ce5a0bbea41d
TRAIN_NEG_00096,train,random_5_30,6,,,0,0.0,False,142,0e4935284dedd9e86bca69ebdd51ffd86cd3fe91a5008e82137763fdb16730d1
TRAIN_NEG_00097,train,shuffled,20,AC_DETOX1-PWY-1,AraCyc_Misc,0,0.0,False,142,1cda71bf3a722ebedf9a87f494e265957a24208ccd96c2ea2172225df59646c3
TRAIN_NEG_00098,train,partial_50_80,46,AC_PWY-1121,AraCyc_Misc,46,1.0,False,142,e1340759726239cc76b9ac89b7ed4f1ea8e620fd0cd908649166154efe170db8
TRAIN_NEG_00099,train,cross_pathway,29,AC_ETHYL-PWY;AC_PWY-5723,AraCyc_Misc;AraCyc_Misc,29,1.0,True,142,c94f65feeb76cb705197fa300811b6696ffe2cc42833d33ed89d76378d4a02d6
TRAIN_NEG_00100,train,random_5_30,21,,,0,0.0,False,142,b7b5ab69f43c9b6c55bf6ccbc4579e09d705472b48a86c3b828350de3dbe0671
TRAIN_NEG_00101,train,shuffled,57,AC_TRIGLSYN-PWY,AraCyc_Misc,0,0.0,False,142,986692e8ae8e4dc5b8875b45b454e9bd067b667bdf227a0a74e86a7ae94d5b6f
TRAIN_NEG_00102,train,partial_50_80,8,AC_PWY-6554,AraCyc_Misc,8,1.0,False,142,0cb933a346aadab6026b98f0b455049d326efae6feabc6fabfe0506e9be8235b
TRAIN_NEG_00103,train,cross_pathway,39,AC_PWY-3001;AC_PWY-5484,AraCyc_Misc;AraCyc_Misc,39,1.0,True,142,ae3e3d82d556214c3e920c702a05711951759654857a7e3df23d6346de228812
TRAIN_NEG_00104,train,random_5_30,20,,,0,0.0,False,142,08137f7a343893412258cc692a7946e3eff4e5c4d5d884195d6d1dfe68a49898
TRAIN_NEG_00105,train,shuffled,19,AC_PWY-6607,AraCyc_Nucleotide,0,0.0,False,142,6d42c51bc915f3d01ad834dfb14f3552bb95796ca2058233288aa0984a8fa1d8
TRAIN_NEG_00106,train,partial_50_80,3,AC_PWY-6364,AraCyc_Misc,3,1.0,False,142,e410f5f4e350f2fd32c171b7c9e8bfc502606b4ee2f292004232f5fcab30dbe9
TRAIN_NEG_00107,train,cross_pathway,7,AC_PWY-6613;AC_PWY-7356,AraCyc_Cofactor;AraCyc_Cofactor,7,1.0,True,142,c3aaac0e508058a47b6f166e102da4538b1f1082834311bf6e8a6bb1d4439609
TRAIN_NEG_00108,train,random_5_30,16,,,0,0.0,False,142,9ccd6ca5770d38d3d91943fc40b89594213edecbeef3f856949bc142e84ad24b
TRAIN_NEG_00109,train,shuffled,97,ath00620,KEGG_Cellular,0,0.0,False,142,856d6b4719623e02e27aa82ffa158d40decc19fd31227a52e74e862f88f8d0c8
TRAIN_NEG_00110,train,partial_50_80,298,ath03010,KEGG_GeneticInfo,298,1.0,False,142,6f35abd2e77a7d4cc357bce91e5d81791e9e4f28d111da74d0c75b97af682b4e
TRAIN_NEG_00111,train,cross_pathway,25,AC_PWYQT-4449;ath04382,AraCyc_Misc;KEGG_SignalTrans,25,1.0,False,142,a4074167836d9aef2c3344f91db545323de44c984262248966a8a19fbac44259
TRAIN_NEG_00112,train,random_5_30,12,,,0,0.0,False,142,061510fcd730a1ebedc34aa959a101b5887fb766f8905cba2d7b0b85cd9171fa
TRAIN_NEG_00113,train,shuffled,8,AC_PWY-6051,AraCyc_Misc,0,0.0,False,142,3d0569f9d08ad0c27445173c0a116943fd6d5442c3458d033fe38b0b230c9ff4
TRAIN_NEG_00114,train,partial_50_80,8,AC_PWY-6792,AraCyc_Misc,8,1.0,False,142,658e35186684474fc8fec0f2bee7322a2b0509456f079a87f156e22db81de997
TRAIN_NEG_00115,train,cross_pathway,29,AC_PWY-8148;ath04130,AraCyc_Misc;KEGG_SignalTrans,29,1.0,False,142,d441a5433fb92086fc17a85a2db25b29b3743566fa990be227e65a0f79c85fec
TRAIN_NEG_00116,train,random_5_30,24,,,0,0.0,False,142,dfdf91e9cdcc131e945ef7419053e513ee7c213fcad638f0324d077bfcbf4631
TRAIN_NEG_00117,train,shuffled,151,ath00190,KEGG_Metabolism,2,0.013245033112582781,False,142,9ce3b163574a0d2588cdd258fcf6ed77000b6d011c823aca5217e5717eb3f505
TRAIN_NEG_00118,train,partial_50_80,28,AC_CITRULBIO-PWY,AraCyc_Misc,28,1.0,False,142,285c9fe56838dfc7a23b5c36de5e589940986637326a513e8924d2d6e034fc4b
TRAIN_NEG_00119,train,cross_pathway,18,AC_COMPLETE-ARO-ARA-PWY;AC_PWY-7546,AraCyc_AminoAcid;AraCyc_Misc,18,1.0,False,142,da3de0501e360293dc950aa1fe7b23b027df389c62fe657b7612b76d78d10e00
TRAIN_NEG_00120,train,random_5_30,20,,,0,0.0,False,142,7f96de7cfcb20be6ac40c74b78bdf258465855f8e1dcb2856c484cc703786003
TRAIN_NEG_00121,train,shuffled,14,AC_PWY-3101,AraCyc_Misc,0,0.0,False,142,6e5aa731235dafcdd363d918364cec0c11b1277ac5e7160ce1c423c6d72724cc
TRAIN_NEG_00122,train,partial_50_80,7,AC_PWY-922,AraCyc_Misc,7,1.0,False,142,309c7d210eab489c9d9db84d786208b097a08dd09ac493a42427f701ca1a7909
TRAIN_NEG_00123,train,cross_pathway,15,AC_PWYQT-4477;AC_ARGSYNBSUB-PWY,AraCyc_Misc;AraCyc_AminoAcid,15,1.0,False,142,4e2de643d3db46b0b7417ebcfd6a5b0ef453d211581b4026416d9f518482d3fe
TRAIN_NEG_00124,train,random_5_30,22,,,0,0.0,False,142,389d2c26252fdc91dfb184f1edcf77ccc6f12a1194871bef9b5bae5d7c5bf72e
TRAIN_NEG_00125,train,shuffled,48,AC_GLUCONEO-PWY,AraCyc_Misc,0,0.0,False,142,658be1c4b72e5b6a226b9011f63f1a32726b0693a440dc5ad5d18cdf64f3f81d
TRAIN_NEG_00126,train,partial_50_80,10,AC_PWY-5173,AraCyc_Misc,10,1.0,False,142,51fa82aceeffaeb2c55501f8bd3e65f7558c5b243e9bd61c4e936b1846711dd3
TRAIN_NEG_00127,train,cross_pathway,21,AC_PWY-5121;ath00261,AraCyc_Misc;KEGG_Cellular,21,1.0,False,142,8089a69c5dad8841e435160765afe47c2b0eea68d1400fc1f8c6adc8a83470d5
TRAIN_NEG_00128,train,random_5_30,14,,,0,0.0,False,142,30d3d4776a31355f9bc2b3f6f4ca9a9c8338282910dc66930489cb0e33cd78a1
TRAIN_NEG_00129,train,shuffled,5,AC_PWY-8458,AraCyc_Misc,0,0.0,False,142,2ffbb9dc0b9e16ec3b9c4757f39e57bba6643f2bb523117243b37661a1ec8c31
TRAIN_NEG_00130,train,partial_50_80,28,AC_PWY-6266-ARA,AraCyc_Misc,28,1.0,False,142,76aa7f789a62a317d789d1bbfe903cfa662ad1dbc83fcb91a7c46b179ef9350a
TRAIN_NEG_00131,train,cross_pathway,6,AC_PWY-641;AC_PWY-5947,AraCyc_Misc;AraCyc_Misc,6,1.0,True,142,12cccfeac074ffea9571772fd4454f4ffa34db14c7e690a92b91404cb8212985
TRAIN_NEG_00132,train,random_5_30,5,,,0,0.0,False,142,b4ce452827db8af2c11b9c41c6d9fdd059abf96251d2d86e8e572749b5ecaf4b
TRAIN_NEG_00133,train,shuffled,5,AC_PWY-4702,AraCyc_Misc,0,0.0,False,142,4f81da97b1d5af8d383f26d4a1fa7d65769c63d37d48e2e0fbbdb0907a5ecc64
TRAIN_NEG_00134,train,partial_50_80,53,ath04814,KEGG_SignalTrans,53,1.0,False,142,7fd10a964fdb67d0e9f52eb53b4abebbfab4fabe022269926a27a99860d8446c
TRAIN_NEG_00135,train,cross_pathway,12,ath04620;AC_PWY-7356,KEGG_SignalTrans;AraCyc_Cofactor,12,1.0,False,142,e6fd64df33d8444fc126403555ec4834510db40daedaf30c39644a06ab90910e
TRAIN_NEG_00136,train,random_5_30,9,,,0,0.0,False,142,5738ff964c08086588c6c30d5a9655865d26d053e4e4b87d4b64fba6e59eadad
TRAIN_NEG_00137,train,shuffled,20,AC_DETOX1-PWY-1,AraCyc_Misc,0,0.0,False,142,0b97419aff2ae957eaab74bf6c3e3f1e892d7d91e9c30535a263d30272da9609
TRAIN_NEG_00138,train,partial_50_80,115,ath04142,KEGG_SignalTrans,115,1.0,False,142,9c4cd5177e0b34499359ccacca18359324ce9a4b9e62c0e44b28487b08e62206
TRAIN_NEG_00139,train,cross_pathway,25,AC_PWY-2541;AC_PWY-621,AraCyc_Lipid;AraCyc_Carbohydrate,25,1.0,False,142,c159faa6b0b332b9ed714dc8dcb031a329135c8a0632f695f5dd388f49fe5e18
TRAIN_NEG_00140,train,random_5_30,22,,,0,0.0,False,142,a8edccf83be170afb2360e6e9133a0fd464f41746127fa692a106ead2ac10320
TRAIN_NEG_00141,train,shuffled,15,AC_PWY-5097,AraCyc_AminoAcid,0,0.0,False,142,3e35ac302900b1628e628e982d9e30b4094bda9f02d8fde33e0e1b02edf6ddaa
TRAIN_NEG_00142,train,partial_50_80,25,ath00410,KEGG_Cellular,25,1.0,False,142,7f69d945b777e968d4d2c7ca8f5c0a0434bf704e771085e626e585480bd39c62
TRAIN_NEG_00143,train,cross_pathway,37,ath00790;ath00910,KEGG_Cellular;KEGG_Cellular,37,1.0,True,142,7795b218766a87ad12e8ff87a013c7e50118f6786f528e27d72e3ecd7f05d38d
TRAIN_NEG_00144,train,random_5_30,18,,,0,0.0,False,142,46aff5cb18d5437c4373bddca8c097c9a651eda7ea9e99863d89949d09b72a45
TRAIN_NEG_00145,train,shuffled,6,AC_ILEUSYN-PWY,AraCyc_Misc,0,0.0,False,142,4f69227b65f94f8df22ae30df57ab98994f5b472e832797efaecdef6f34c72e5
TRAIN_NEG_00146,train,partial_50_80,189,ath01240,KEGG_Cellular,189,1.0,False,142,575e3321ca16a3bb6d82d80632abb5946e8223868f2c33f9eb7d5b731a0399fd
TRAIN_NEG_00147,train,cross_pathway,29,ath00470;ath00280,KEGG_Cellular;KEGG_Cellular,29,1.0,True,142,02d0402b9a34c91ed31a9b1b3dbc26a845fdb351fa4fbff95521d92a70dc2d03
TRAIN_NEG_00148,train,random_5_30,10,,,0,0.0,False,142,688e9020c064d5144235c5e970ca28bf9452ec891cbc6a1983452776a9be0c6f
TRAIN_NEG_00149,train,shuffled,13,AC_PWY0A-6303,AraCyc_Misc,0,0.0,False,142,05fb111f45e3e1acf7b13b1340c4d2f4620ce90fd4ece2f401d87a29b827acba
TRAIN_NEG_00150,train,partial_50_80,3,AC_PWY-882,AraCyc_Misc,3,1.0,False,142,71792507cf57eb882c75f993ac3848d130aa4bf8dddc0d84792cf4972147eafc
TRAIN_NEG_00151,train,cross_pathway,64,ath03015;AC_PWY0-461,KEGG_GeneticInfo;AraCyc_AminoAcid,64,1.0,False,142,5a3099726f8f0f7841ceb18218f202743145710f8291994477fdad74b2e33f0c
TRAIN_NEG_00152,train,random_5_30,15,,,0,0.0,False,142,1659614f71017757a20c832fa463cc3defa7069a9f037bac151b760dc80691ba
TRAIN_NEG_00153,train,shuffled,13,ath04122,KEGG_SignalTrans,0,0.0,False,142,030a9dcd96757f34eefb901932f742e649c03abd2132a558b8e095503090b963
TRAIN_NEG_00154,train,partial_50_80,189,ath03040,KEGG_GeneticInfo,189,1.0,False,142,90237060d16f19e631f34780f8d0deb6be018eb53625b6b178e4355191c9e5b5
TRAIN_NEG_00155,train,cross_pathway,63,ath00270;AC_PWY-5041,KEGG_Cellular;AraCyc_AminoAcid,63,1.0,False,142,a7f7d5f62fea54fc97131bf65de1844ed56f0333c88beba6d920d987101f45d2
TRAIN_NEG_00156,train,random_5_30,22,,,0,0.0,False,142,820ce4db7908c68aadea2108a9fa33f99712b663d3a2d762e50da1a37f62b933
TRAIN_NEG_00157,train,shuffled,55,ath04130,KEGG_SignalTrans,0,0.0,False,142,77123b2265345d5fdf93637b01f56567e0d19b31bead2673f6db5757fb5533da
TRAIN_NEG_00158,train,partial_50_80,7,ath00430,KEGG_Cellular,7,1.0,False,142,94293f24f8b69b9d8c2ef1d7322280dabd6bfc67a5bcbb9c1e2e229eb9b5be02
TRAIN_NEG_00159,train,cross_pathway,12,AC_PWYQT-4450;AC_PWY-622,AraCyc_Misc;AraCyc_Carbohydrate,12,1.0,False,142,743c8f172e2c87201f00528e6b2ece952c2531dff88c4e6c5943248d867179f5
TRAIN_NEG_00160,train,random_5_30,18,,,0,0.0,False,142,1375c40e1d94e5d9a74a2263bd216b8b7e692f16968f9ba92031fac5d9faee40
TRAIN_NEG_00161,train,shuffled,18,AC_PWY-4101,AraCyc_Misc,0,0.0,False,142,d4a97a77603116d77c2da06c26152383d432d90f401446fa78bb9465b7bd7b03
TRAIN_NEG_00162,train,partial_50_80,7,ath04518,KEGG_SignalTrans,7,1.0,False,142,dc831818344e0643ccc2a442e28ed3f654ed5cb929a096928b8c7d10cd4bdf3c
TRAIN_NEG_00163,train,cross_pathway,38,AC_DTDPRHAMSYN-PWY;ath01212,AraCyc_Misc;KEGG_Lipid,38,1.0,False,142,126521652976ec739813a9c9414369e8408c9fa18736afc8d02a1f89657774d4
TRAIN_NEG_00164,train,random_5_30,7,,,0,0.0,False,142,8c716b573a818ead3903b8aae9a722cc824e69c7705df30505dc45ee81109c74
TRAIN_NEG_00165,train,shuffled,10,AC_PWY-7204,AraCyc_Cofactor,0,0.0,False,142,a2da04f8f213549c1b123c4e2f52c58c326c6483e25070ddb67dcf11c87cfa93
TRAIN_NEG_00166,train,partial_50_80,8,AC_PWY-5129,AraCyc_Lipid,8,1.0,False,142,b05fcb6bfa69b13c70ad6c9a282915bfba1db859a9797e44b6bc258c2a3e1847
TRAIN_NEG_00167,train,cross_pathway,16,AC_PWY-3742;AC_PWY-5027,AraCyc_Cofactor;AraCyc_Misc,16,1.0,False,142,982cb78e1b67905e7f704f139aa1c5d9814aedaa24bb81021ecff17ce46c8fcc
TRAIN_NEG_00168,train,random_5_30,28,,,0,0.0,False,142,115260f233fb47fb3f58087e692dcc562795cb23387e8bf7673f748d0613d89e
TRAIN_NEG_00169,train,shuffled,23,AC_PWY-8363,AraCyc_Misc,0,0.0,False,142,6d1b9ca0dd04d3e77b79b753003d82c7afa1611cafa3df8f4749af9b40734fed
TRAIN_NEG_00170,train,partial_50_80,16,AC_PWY-5410,AraCyc_Misc,16,1.0,False,142,c2b584df60ec9656af1b38d5a53faac06e74831e4491f036125e0e2ae23607f8
TRAIN_NEG_00171,train,cross_pathway,13,AC_THRESYN-PWY;AC_PWY-5027,AraCyc_Misc;AraCyc_Misc,13,1.0,True,142,7cee29240efcc4605f3e91017f0ff0ca00e155bfb310be61293ec5dc9261c6f5
TRAIN_NEG_00172,train,random_5_30,24,,,0,0.0,False,142,f8a9e807a290e77b1a8fb1b990072fd0e75bbe29e11220f66b7ee3076958253d
TRAIN_NEG_00173,train,shuffled,50,ath04517,KEGG_SignalTrans,0,0.0,False,142,8f80a1cc3ff65d687d0a164c32762062ad168abf050975e4d201ae6af59be297
TRAIN_NEG_00174,train,partial_50_80,3,AC_ASPARAGINE-DEG1-PWY,AraCyc_Misc,3,1.0,False,142,65bd05fa8e1630f7c8697a24cd7f274ec215cfb1f57beef34253b64b814b261b
TRAIN_NEG_00175,train,cross_pathway,43,AC_PWYQT-4466;AC_PWY-5121,AraCyc_Carbohydrate;AraCyc_Misc,43,1.0,False,142,e306f332880a0d223020f546271bc6c8d5f76300df0574895a40512e140f0666
TRAIN_NEG_00176,train,random_5_30,18,,,0,0.0,False,142,974e0a0677c47952e5ba1943893d202f4a9f57ae566181603bd4868b9d470ee1
TRAIN_NEG_00177,train,shuffled,23,AC_ETHYL-PWY,AraCyc_Misc,0,0.0,False,142,aad0e0c82fdcfe012b1b043d95be208fc03f60837264fe6bf6f431b2edb80ffd
TRAIN_NEG_00178,train,partial_50_80,18,AC_PWY-7199,AraCyc_Nucleotide,18,1.0,False,142,e16c965a017e04c5aa7fe8abf71f84130e3d042f516c8296db8469814a9bde6d
TRAIN_NEG_00179,train,cross_pathway,28,AC_PWY-3841;AC_COMPLETE-ARO-ARA-PWY,AraCyc_Cofactor;AraCyc_AminoAcid,28,1.0,False,142,dffb003e9e582833f94191d6b9a61edf16347a8f76887111d0776058c176680b
TRAIN_NEG_00180,train,random_5_30,14,,,0,0.0,False,142,d8e33984314c1331af614bdfa95e8e226057a933b5fd848e41baa71e73ba502b
TRAIN_NEG_00181,train,shuffled,691,ath00970,KEGG_Cellular,16,0.023154848046309694,False,142,fd89db693dd176b692a4c8d4cea3017ac9840ac5cefb96a26d8e6aaa18b2dbdb
TRAIN_NEG_00182,train,partial_50_80,3,AC_ASPARAGINE-DEG1-PWY,AraCyc_Misc,3,1.0,False,142,c267b94ba5a344e841f470209b99a62c790de037ac70183f1b689566dac5ef44
TRAIN_NEG_00183,train,cross_pathway,27,AC_PWY-5156;AC_PWY-4361,AraCyc_Lipid;AraCyc_Misc,27,1.0,False,142,7e3efcd86bc79daa72d7979f4e1d88236a172f8cc3ddda3fbeda2e40820daf65
TRAIN_NEG_00184,train,random_5_30,26,,,0,0.0,False,142,cc6e815fcf4309ef418de1d42e664b1ee3f663d1e79ee75c4659edebb36960fd
TRAIN_NEG_00185,train,shuffled,21,AC_PWY-6596,AraCyc_Nucleotide,0,0.0,False,142,f3d33254a95e4ea5e0e6058a9da77a416d88a09b992e2d26bf9dd0b856e1fbaf
TRAIN_NEG_00186,train,partial_50_80,12,AC_ETHYL-PWY,AraCyc_Misc,12,1.0,False,142,ad78ee811fdfc704daeef95634d7559b82e900330945d6dfced2571896ba7fff
TRAIN_NEG_00187,train,cross_pathway,225,ath04075;ath00511,KEGG_SignalTrans;KEGG_Lipid,225,1.0,False,142,f6dfe10d6150ab77bd0fc9686e0a43328a5f7393df4a6ee62c01bdb3ebf448d6
TRAIN_NEG_00188,train,random_5_30,21,,,0,0.0,False,142,630e4a84e294b1236851b8f4fb43c8adcf4dd91c93d994b360f867e9064df952
TRAIN_NEG_00189,train,shuffled,7,AC_PWY3O-450,AraCyc_Misc,0,0.0,False,142,c58e2fd94e8dba3f60716aabd8b2a8b13258d0b035825748e7a8e2c8e7effe49
TRAIN_NEG_00190,train,partial_50_80,3,AC_PWY-401,AraCyc_Lipid,3,1.0,False,142,5230a03f2ec1df5ed295b406530a622ce6c947c1e378b0b846696d2b6a713e21
TRAIN_NEG_00191,train,cross_pathway,23,AC_PWY-5136;ath03430,AraCyc_Lipid;KEGG_GeneticInfo,23,1.0,False,142,02340468db5a419fd169ec4bf0c444f31e59f77750ed49c94473983729ddd1a4
TRAIN_NEG_00192,train,random_5_30,24,,,0,0.0,False,142,66045e48e8c840fc2cf972efc4a11fac08d639ff5d2c7dd5c981a7fdffa8ed4c
TRAIN_NEG_00193,train,shuffled,11,AC_PWY0-1608,AraCyc_Misc,0,0.0,False,142,27bd98f4f040550e9356d6565db6e2e17b6c6df8d60f757ee5a0e4b20a4475c4
TRAIN_NEG_00194,train,partial_50_80,7,AC_PWY-5788,AraCyc_Misc,7,1.0,False,142,3c8d484504da09794e798d745b96acc0bf99f3943e977edbd657430acf50b942
TRAIN_NEG_00195,train,cross_pathway,44,AC_PWY-6039;ath00900,AraCyc_Misc;KEGG_Cellular,44,1.0,False,142,20708fb81f914dc90d642d228160bef6bb71617245e6041f3f9ea69e90c42a32
TRAIN_NEG_00196,train,random_5_30,14,,,0,0.0,False,142,ecf607dab4161adf6b754d69f9da4b72432b1052fdf2987fafc8924f0edbd5f0
TRAIN_NEG_00197,train,shuffled,21,AC_PWYQT-4429,AraCyc_Misc,0,0.0,False,142,ac53a480268ff713114fb771f68505ce40632bd38766270623bfe5046305e517
TRAIN_NEG_00198,train,partial_50_80,6,AC_GLYSYN2-PWY,AraCyc_Misc,6,1.0,False,142,7667b76efb2f481e4e02b387c963d47f70b75113a694907e6c82a4d7a84360ba
TRAIN_NEG_00199,train,cross_pathway,16,AC_PWY-4221;AC_PWY0-1182,AraCyc_Misc;AraCyc_Misc,16,1.0,True,142,66a227511e05ae4f71f435b26ad2713c80682d0e94fc03538312ae59ad834eaf
TRAIN_NEG_00200,train,random_5_30,30,,,0,0.0,False,142,5255de9abff155f599fe6b0615149bbce19cc14c7a4b90f66e2472a7a7732eb0
TRAIN_NEG_00201,train,shuffled,16,ath00780,KEGG_Cellular,0,0.0,False,142,07bc52f47eed701e38d7bc70af4ace26136b00adc83c0db00168f1c524d132bc
TRAIN_NEG_00202,train,partial_50_80,11,AC_PWY-7219,AraCyc_Nucleotide,11,1.0,False,142,eddc0e1fe71dc19be5798cd73d86a2fef4203b91a9889bb3b90157e0971f160a
TRAIN_NEG_00203,train,cross_pathway,27,AC_PWY-5156;ath03450,AraCyc_Lipid;KEGG_GeneticInfo,27,1.0,False,142,a45ef1fd798c20e2ef4af6127f9ac5628837fbfd7b0eaabfb0cc2869ab48dbf0
TRAIN_NEG_00204,train,random_5_30,24,,,0,0.0,False,142,9a0617f56ded7f967ff3e15f4563d75c13c76af53be8e929e8a2222f85d0bc23
TRAIN_NEG_00205,train,shuffled,7,AC_GLYSYN-PWY,AraCyc_Misc,0,0.0,False,142,e1f0fbbd606c2944d82d05baea31277828f6137588153b63455d61704142866e
TRAIN_NEG_00206,train,partial_50_80,3,AC_PWY-5947,AraCyc_Misc,3,1.0,False,142,1b56228004de4d47e3321b2a5bc0d5349473a2de74abe061db1b1ac3f3f2654d
TRAIN_NEG_00207,train,cross_pathway,36,AC_PWY-8157;ath00071,AraCyc_Misc;KEGG_Lipid,36,1.0,False,142,af69dfc370386f8fffe5302e65cd16fa9e24793cfc5c4752e3548579d42df401
TRAIN_NEG_00208,train,random_5_30,12,,,0,0.0,False,142,7ad242c36385ee020c4f0d79cff9f25fb2a7412f9bdde8edfecfd50c2534e062
TRAIN_NEG_00209,train,shuffled,36,ath00100,KEGG_Metabolism,0,0.0,False,142,640e024174ffd59b75ecb62743b2012a2c50b0f8e8235966bf73554da232f452
TRAIN_NEG_00210,train,partial_50_80,3,AC_PWY-7546,AraCyc_Misc,3,1.0,False,142,bce4fa1d344367a01067461fe0df366330edc14c20c1aeacf9a7f281cf582639
TRAIN_NEG_00211,train,cross_pathway,39,AC_PWYQT-4471;AC_COMPLETE-ARO-ARA-PWY,AraCyc_AminoAcid;AraCyc_AminoAcid,39,1.0,True,142,2eea991868cae43a6751ed07a9bdb342a9ad37368d4da2819e1aa6163710c4a3
TRAIN_NEG_00212,train,random_5_30,9,,,0,0.0,False,142,01593f3bae71ce4cf10041d382b9d0ee0ce2df0c9cb68449f7fdde39ba0f4531
TRAIN_NEG_00213,train,shuffled,52,ath00510,KEGG_Lipid,0,0.0,False,142,27904ec0f95ba5885e9802988b3d13b758dbef70580b64587853a93692f5e9f6
TRAIN_NEG_00214,train,partial_50_80,65,AC_PWY-7345,AraCyc_Carbohydrate,65,1.0,False,142,e9de288eeb0bc18e6a610119906d3ce2924200c27962e2df8b5dadfe83b7ef6a
TRAIN_NEG_00215,train,cross_pathway,26,AC_PWY-6554;AC_PWY-6733,AraCyc_Misc;AraCyc_Misc,26,1.0,True,142,ed3dcde20306b58d4caa8c28d8d11d7f47ee30fa11229d809f5f3e3018bbb526
TRAIN_NEG_00216,train,random_5_30,21,,,0,0.0,False,142,e17d4c25eadde7156d2bc813d0a583b751d70ede1a11637b16d1951da24c4bc4
TRAIN_NEG_00217,train,shuffled,6,AC_PWY-6754,AraCyc_Misc,0,0.0,False,142,a72233cbd87dffeb0a73f0f848d3506980252844adddf345d1c5a4feb493b52f
TRAIN_NEG_00218,train,partial_50_80,6,AC_ILEUDEG-PWY,AraCyc_Misc,6,1.0,False,142,d4cc3b5dd9310749ab584314a65fc7aa0e5071b1e1ebb52927e2d32e1943bd04
TRAIN_NEG_00219,train,cross_pathway,17,AC_PWY-6163;AC_PWY-5992,AraCyc_Misc;AraCyc_Misc,17,1.0,True,142,87caf64050f2f9113372ffe8d32528eb061a40df384651435f7646ab79487254
TRAIN_NEG_00220,train,random_5_30,21,,,0,0.0,False,142,fddd5af34e88a85fd34da87cf327d89e3340bf44fe1f9f7efc7234437e92f65a
TRAIN_NEG_00221,train,shuffled,38,AC_PWY-6266-ARA,AraCyc_Misc,0,0.0,False,142,b50acd940794a22d71cfdbd5d8dd2dac60b6e187d430c7c7a2c17a09a2ef6242
TRAIN_NEG_00222,train,partial_50_80,19,AC_PWY-5723,AraCyc_Misc,19,1.0,False,142,580bf9f5dbe771026648f9f6d901c832f93bcf46af841e07113d0aa250e799e6
TRAIN_NEG_00223,train,cross_pathway,23,AC_PWYQT-4474;AC_PWY-5122,AraCyc_AminoAcid;AraCyc_Misc,23,1.0,False,142,3072d92b4939bfc870f81a932837c596d4226f5b5bb6f415840e84e28db742e2
TRAIN_NEG_00224,train,random_5_30,9,,,0,0.0,False,142,11cf840bd90406dda2781afc69bd3ddaad7212bdeee5dcc67d6c36b31b4fde59
TRAIN_NEG_00225,train,shuffled,9,AC_ASPARTATE-DEG1-PWY,AraCyc_Misc,0,0.0,False,142,a1e766741edade9932daa6619abd5444c530af7a25ae59b72c1a3f9806344ee0
TRAIN_NEG_00226,train,partial_50_80,17,AC_PWY-8279,AraCyc_Misc,17,1.0,False,142,0fb02c0d0f3a11c706443c2dee99d9fab774b168d0b34f4edb302f069c5aa23e
TRAIN_NEG_00227,train,cross_pathway,11,AC_PWY-2463;AC_PWY-3101,AraCyc_Misc;AraCyc_Misc,11,1.0,True,142,2b28a135b343f82ca6c1e2cfee30a949ffa75b62eafc482c67cc11344420fb0a
TRAIN_NEG_00228,train,random_5_30,26,,,0,0.0,False,142,9ddd87b9ccfd91930e1d1fa68d8cbdb65bd08e0741e3fa49a1658d5e17d80ca8
TRAIN_NEG_00229,train,shuffled,10,AC_PWY-6007,AraCyc_Misc,0,0.0,False,142,671eab21c71446649065cfb2ae2a0f190d9190a3a8c65c2cfb7f824592bf7802
TRAIN_NEG_00230,train,partial_50_80,16,ath00290,KEGG_Cellular,16,1.0,False,142,56e268a360377e0c00e0b976b2fed10dc0e057b12fb0bf7863bc47dca91ef74e
TRAIN_NEG_00231,train,cross_pathway,41,AC_PWY-6351;AC_PWY-5390,AraCyc_Misc;AraCyc_Misc,41,1.0,True,142,3e2772f2f526b29369a34cd678356535d53bac84c0df8be4c955252efe2f105b
TRAIN_NEG_00232,train,random_5_30,12,,,0,0.0,False,142,99b8455a53018db3d547800155891b0d90b971af63cae98e29fe71709de18160
TRAIN_NEG_00233,train,shuffled,82,ath04814,KEGG_SignalTrans,0,0.0,False,142,4191b3342384b358ec027d3a35d7082d8b8946157581180af8e81efa18c3bd34
TRAIN_NEG_00234,train,partial_50_80,110,ath04120,KEGG_SignalTrans,110,1.0,False,142,4c3dcdb3a0bec4f965986a4061d00f3269884526ce2953ca1b75673cacd0cf8a
TRAIN_NEG_00235,train,cross_pathway,41,ath01212;AC_RIBOSYN2-PWY,KEGG_Lipid;AraCyc_Misc,41,1.0,False,142,e6b7fd7cf49140c80bbb531375059d3bfd73f83fa8f0b2c2c1e2f240e570e476
TRAIN_NEG_00236,train,random_5_30,20,,,0,0.0,False,142,905cf5ad2c7bd0527cdebb3b3c90db92c658117084db255229f87b12c28e1cf3
TRAIN_NEG_00237,train,shuffled,5,AC_PWY0-662,AraCyc_Misc,0,0.0,False,142,0d7f59e930544b67073cbccae111117dcf1f31b38a66dcad03b60f2d128d9de7
TRAIN_NEG_00238,train,partial_50_80,9,AC_PWYDQC-4,AraCyc_Misc,9,1.0,False,142,5e0b2f87cf1d2cccf35b7cad39dcf67dcc45cd661ec48963a198cbe122b9778d
TRAIN_NEG_00239,train,cross_pathway,12,AC_PWY-6199;AC_PWY-6927,AraCyc_Misc;AraCyc_Misc,12,1.0,True,142,b8f3b48615bb743af4c02addba8b5ca9fc50592d5f1672407401aa43dd8eb3e0
TRAIN_NEG_00240,train,random_5_30,28,,,0,0.0,False,142,7b63df8ad2c7a87d264a185471a0774de05d46b9b3f996bbf3dffa8c7cdf3b8d
TRAIN_NEG_00241,train,shuffled,56,AC_GLYCOLYSIS,AraCyc_Carbohydrate,0,0.0,False,142,ed6e8a6e3d3ef202c0e5001016b640c9d74f82feea006b54d0e1bacc60a81756
TRAIN_NEG_00242,train,partial_50_80,70,ath00230,KEGG_Cellular,70,1.0,False,142,7e698465c226d264d79fc77847c96cf68d24ea9f046d5c5d3506b2f2bf6c58f0
TRAIN_NEG_00243,train,cross_pathway,8,AC_ARGSYNBSUB-PWY;AC_PWY66-423,AraCyc_AminoAcid;AraCyc_Misc,8,1.0,False,142,533b210437be078becb8236ebe399e6b2b5b22cd26085421f0106aa324e2153d
TRAIN_NEG_00244,train,random_5_30,25,,,0,0.0,False,142,869ab8f3cf8eb3f40bb4b63614ff3f83fadbd05288f4ec0ca3e0f900550ba658
TRAIN_NEG_00245,train,shuffled,56,AC_PWY-6803,AraCyc_Misc,1,0.017857142857142856,False,142,26fe92c21db41b0649251be99c3bfbda67078dbec1a2f432fd8f4b5afbe0490b
TRAIN_NEG_00246,train,partial_50_80,4,AC_PWY-6544,AraCyc_Misc,4,1.0,False,142,ffde18d37696536a09a6fd82716da04c2cfcb6c69d0a2cc730668d72e55f1c37
TRAIN_NEG_00247,train,cross_pathway,47,AC_PWY0-461;ath01232,AraCyc_AminoAcid;KEGG_Cellular,47,1.0,False,142,633ac5b19fa66c4565c53c07dc0acb336f9bd2e13228a57e2950167ab1df0036
TRAIN_NEG_00248,train,random_5_30,28,,,0,0.0,False,142,3d2a684c8f8a938b900787763a268118f2f026a805718262a382f5e0024d1d8f
TRAIN_NEG_00249,train,shuffled,52,ath00510,KEGG_Lipid,1,0.019230769230769232,False,142,019457dd64ba9971130863c5aeb34447a6060a8b2ed1c1ef7a55702838783044
TRAIN_NEG_00250,train,partial_50_80,8,ath00261,KEGG_Cellular,8,1.0,False,142,f78c69b754cce15b202db205fe8007e24a136d52efbea1a25dc0f46e9a0ed556
TRAIN_NEG_00251,train,cross_pathway,25,AC_PWY-3742;AC_PWY-7039,AraCyc_Cofactor;AraCyc_Misc,25,1.0,False,142,eb1960f8a781ce63a879d8658ff3699ae0c83963b0f276d2f8ea8573a72c0dbf
TRAIN_NEG_00252,train,random_5_30,5,,,0,0.0,False,142,14efa28a7ad7720de094bf88ef451035625b034906bcb90cc6fa717883513023
TRAIN_NEG_00253,train,shuffled,34,AC_PWY-6348,AraCyc_Misc,0,0.0,False,142,0b8608e97e6e1d4daa61e4308c6b0652b1cf82356f826631883fc9ed10ce7640
TRAIN_NEG_00254,train,partial_50_80,11,AC_BRANCHED-CHAIN-AA-SYN-PWY,AraCyc_AminoAcid,11,1.0,False,142,83a0dfa761a827c9e621a995bfa400dc615f43fc1bc0f5de1d06dd8600fb6a9c
TRAIN_NEG_00255,train,cross_pathway,12,AC_PWY-6691;AC_PWY-5098,AraCyc_Misc;AraCyc_Misc,12,1.0,True,142,f18915f9f998fe2b0027a90e2eea72b0c1fad83da1a6b0ef17952d28c8bf62b6
TRAIN_NEG_00256,train,random_5_30,11,,,0,0.0,False,142,e09734ab977899d0b5e2eb67a9797e3789be404eac436e3af2d6b9f5d84f432a
TRAIN_NEG_00257,train,shuffled,5,AC_PWY-6441,AraCyc_Misc,0,0.0,False,142,b40a6648ec8621f8289913f3dcd10a3f61f381ae6f216b40fdb0dbff14abf57f
TRAIN_NEG_00258,train,partial_50_80,29,AC_CITRULBIO-PWY,AraCyc_Misc,29,1.0,False,142,9a682a6c0a16ae37bd49e5e3c1fce49e17015ff1833f60be333769b5d1bba15e
TRAIN_NEG_00259,train,cross_pathway,10,AC_PWY-6369;AC_PWY-7204,AraCyc_Misc;AraCyc_Cofactor,10,1.0,False,142,9b3808bcd1c9987f18a204fafc407696518187924bcf5166bfb2919fcabfebb0
TRAIN_NEG_00260,train,random_5_30,9,,,0,0.0,False,142,cdaea7b5bd7e5fe3e13b4ed4cf1bcd01f539ab2481a49af499dc6b7c7d208a95
TRAIN_NEG_00261,train,shuffled,46,ath03460,KEGG_GeneticInfo,0,0.0,False,142,c3fdbc472f81a0e57da5f9a35f9fb36a254cb6fe632b50d17dc050c3f00bebdd
TRAIN_NEG_00262,train,partial_50_80,21,ath00910,KEGG_Cellular,21,1.0,False,142,1b8e60f471c35a98e4b4301d163e2cbc2ce04a6012f61199f75362ddb4371f38
TRAIN_NEG_00263,train,cross_pathway,10,AC_PWY-7356;AC_PWY-5386-1,AraCyc_Cofactor;AraCyc_Misc,10,1.0,False,142,aade8082646e27cf83388de266f4e69d6db5873ca7c471d4327d81bf47c7ae31
TRAIN_NEG_00264,train,random_5_30,15,,,0,0.0,False,142,22f37ab15c62188486b90237290c03def03af177170cdb8387780e51e041da52
TRAIN_NEG_00265,train,shuffled,5,AC_PWY0-662,AraCyc_Misc,0,0.0,False,142,541b5d07c2d4eee61f8846902bb33c6d0803910e88ea1de2dbce42f368ea3329
TRAIN_NEG_00266,train,partial_50_80,3,AC_PWY-5800,AraCyc_Misc,3,1.0,False,142,b727054679945b01f4dfb629b0669567c056fc690ed6b2fb7d8e978b26cca9ca
TRAIN_NEG_00267,train,cross_pathway,13,AC_PWY-5269;AC_PWY-8321,AraCyc_Misc;AraCyc_Misc,13,1.0,True,142,439a79984c74336bd70075a9396465d0beb4bf9288bfcd388b5730dbf130badb
TRAIN_NEG_00268,train,random_5_30,26,,,0,0.0,False,142,d9864a4493d7414abd87ff753b72e8f74e3c99593c95a7d704c6fb6609d9f95c
TRAIN_NEG_00269,train,shuffled,8,AC_PWY-6014,AraCyc_Misc,0,0.0,False,142,a7c111d790c2d5f9bf3a8803560ba54415e831d8d69577b01af5f838b857bf9f
TRAIN_NEG_00270,train,partial_50_80,7,AC_GLUTORN-PWY,AraCyc_Misc,7,1.0,False,142,1c7f12abf3e8e5aff94662e7d1179cfc676869ef1fa65a9909d8bf82fe89c997
TRAIN_NEG_00271,train,cross_pathway,20,AC_PWY-5800;AC_PWY-581,AraCyc_Misc;AraCyc_Misc,20,1.0,True,142,193310bdfccc650412fb9d71b4f182967e2560c4e189b38d7543f10816fcf636
TRAIN_NEG_00272,train,random_5_30,10,,,0,0.0,False,142,4899de62c05f8ab1cb066e89abcd9069cd8c0f808e23494f7f988305e823a645
TRAIN_NEG_00273,train,shuffled,26,ath05100,KEGG_Environmental,2,0.07692307692307693,False,142,9f4846eb52366c36da09ea710273028f210edad91f1dd4b00aa96b3494db2eea
TRAIN_NEG_00274,train,partial_50_80,17,ath05100,KEGG_Environmental,17,1.0,False,142,9f9492968f42e97644c0f7d33c6524ea61bd93a40135310a645bd0ac4b2f64a5
TRAIN_NEG_00275,train,cross_pathway,8,ath00440;AC_PWY-6554,KEGG_Cellular;AraCyc_Misc,8,1.0,False,142,7506994a0e4083594657d0bda1c3e43a0096ffd49ed61f6e8017e7ea4ef2e820
TRAIN_NEG_00276,train,random_5_30,13,,,0,0.0,False,142,1ca669b171a7063cdd45ff29b1dec01233ddf8f382c63942af576c518aa5d45a
TRAIN_NEG_00277,train,shuffled,105,ath03013,KEGG_GeneticInfo,2,0.01904761904761905,False,142,5c4660921547d01e201e36fbe926a4bf1d39e6e6a186abe47001746b28820a44
TRAIN_NEG_00278,train,partial_50_80,10,AC_LEUSYN-PWY,AraCyc_Misc,10,1.0,False,142,ef5d8308cde28f9752cf1cf1a62b9176f31b6e378264c6b8627f1dce37ff5cca
TRAIN_NEG_00279,train,cross_pathway,11,ath00430;AC_GLUCOSE1PMETAB-PWY,KEGG_Cellular;AraCyc_Carbohydrate,11,1.0,False,142,f98c0a1b55f989d72c354db1f68fba88f303b06e94540cfe7829a12bd9b86437
TRAIN_NEG_00280,train,random_5_30,21,,,0,0.0,False,142,e9ee6884247f00ffb54b2c5b731630c8cedefd48c33226063f8fc9119ce1d5a5
TRAIN_NEG_00281,train,shuffled,52,ath00280,KEGG_Cellular,0,0.0,False,142,4319e45826223ea452f387b8d5d48023e1a9679b8305abc8592eba2c2ebfddc9
TRAIN_NEG_00282,train,partial_50_80,15,AC_PWYQT-62,AraCyc_Misc,15,1.0,False,142,f310bb9f38ae0c1acdb39f67872d2e13c138b3e3c0ed64bcfb788f5c5bcd3067
TRAIN_NEG_00283,train,cross_pathway,14,AC_PYRUVDEHYD-PWY;AC_PWY-4765,AraCyc_Misc;AraCyc_Lipid,14,1.0,False,142,dfb45703b139ad9aaef24fcec0b66de086bbf166e4f00ef1ce5ab12c11d0abab
TRAIN_NEG_00284,train,random_5_30,21,,,0,0.0,False,142,2ffad0e5915ce240bfd29853667959a0baabfb973acb444c77bd06a658ae60d2
TRAIN_NEG_00285,train,shuffled,97,ath00620,KEGG_Cellular,1,0.010309278350515464,False,142,8e6d999f10915f04568cf44cea6ad8d874a6405fa36093fb8006ddc272275f34
TRAIN_NEG_00286,train,partial_50_80,21,AC_PWY4FS-8,AraCyc_Misc,21,1.0,False,142,37670409cd1aa5346fdbfa8b5a4a251d1c14d84e0766f44e401a8c3d8d606cfd
TRAIN_NEG_00287,train,cross_pathway,9,AC_PWY-6792;AC_PWY-5070,AraCyc_Misc;AraCyc_Misc,9,1.0,True,142,ab25728d3d70b0a7b2e1e7af711e936a2af9cfbbd31859a1b86d9b43b014d842
TRAIN_NEG_00288,train,random_5_30,16,,,0,0.0,False,142,97b191306fe34e1545565cfe517da0c084b3fbd3b1405120825ab7073f6c1085
TRAIN_NEG_00289,train,shuffled,275,ath01200,KEGG_Metabolism,2,0.007272727272727273,False,142,ce15594717b7a18cf5dd8ca030459dc39f210fe135cd7826c1a1fc9f84027196
TRAIN_NEG_00290,train,partial_50_80,39,ath00250,KEGG_Cellular,39,1.0,False,142,e1db8fac12171820bfe1444c7d707ab2b0b5df80c861fe75b9968409bd5cef43
TRAIN_NEG_00291,train,cross_pathway,21,AC_PWY-622;AC_PWY-5381,AraCyc_Carbohydrate;AraCyc_Misc,21,1.0,False,142,39d20be0ad580adbb8efad1bf3247d0610280b9c78bec79f1f09b2c17cd5b87d
TRAIN_NEG_00292,train,random_5_30,8,,,0,0.0,False,142,da575edb44712a645776e9b07083d48f7d57e02573b08362cc802ed38509802d
TRAIN_NEG_00293,train,shuffled,33,ath00360,KEGG_Cellular,0,0.0,False,142,69d677f6f209078d58137b265bd791cecf567b203cdb1b697024a3540cf4ee80
TRAIN_NEG_00294,train,partial_50_80,19,ath00906,KEGG_Cellular,19,1.0,False,142,4ba378a32fa30c22bdb08fe7195a831bd7cb0ae1d038915205e14d1b7c734419
TRAIN_NEG_00295,train,cross_pathway,5,AC_PWY0-501;AC_PWY-5350,AraCyc_Misc;AraCyc_Misc,5,1.0,True,142,44543581153f1839a0ad4a3f108268b13bbe8274c5d29db102653350b5bcf9fb
TRAIN_NEG_00296,train,random_5_30,22,,,0,0.0,False,142,d10494ce21d5ade6ab74108380b562cdf554a2686b05edecb65a3d0bb82232a1
TRAIN_NEG_00297,train,shuffled,25,AC_PWY-5868,AraCyc_Secondary,0,0.0,False,142,fee864a46385d37058fce2c1fa97fc9913a68f02ef9dfd7cf295f5b1cf42f002
TRAIN_NEG_00298,train,partial_50_80,3,AC_PWY-7546,AraCyc_Misc,3,1.0,False,142,0bf170392ac39180b8c4e5c41f6c54d4f04e69ca3d605f659d14ca93901e3786
TRAIN_NEG_00299,train,cross_pathway,14,AC_PWY-8363;AC_GLYSYN2-PWY,AraCyc_Misc;AraCyc_Misc,14,1.0,True,142,867c9b609b27b2caf6fad22c2c2c5edc05f4c6c65d063d6945ea073c0efe59bc
TRAIN_NEG_00300,train,random_5_30,22,,,0,0.0,False,142,f55a121a19b21427e93af5c0615369f45d9140dfd5b32256670cece5474f8875
TRAIN_NEG_00301,train,shuffled,8,AC_PWY-6527,AraCyc_Misc,0,0.0,False,142,681f94f1f5aab86ede02f2f3d5bf45159ed43459174993f180b84be5e947945b
TRAIN_NEG_00302,train,partial_50_80,11,AC_PWYQT-4477,AraCyc_Misc,11,1.0,False,142,4e4790d4e3db65b0658fb6b05bfb79243c838ba8bec8f6dc42077b4a42d998a8
TRAIN_NEG_00303,train,cross_pathway,12,AC_ARO-PWY;ath04620,AraCyc_Misc;KEGG_SignalTrans,12,1.0,False,142,21fb25064578bac42ede923584982d220836d6f3444bfd5fa43e65d198de1310
TRAIN_NEG_00304,train,random_5_30,18,,,0,0.0,False,142,28319e08195ce4e59a1a78d2eed09eb885c8807840ab7e44de1b47d581961be5
TRAIN_NEG_00305,train,shuffled,64,ath00020,KEGG_Cellular,0,0.0,False,142,ee372ff4d9d4437669eace93c3db53d3d4eb408817b6ed8fbee82f19971549c6
TRAIN_NEG_00306,train,partial_50_80,22,AC_PWY-6348,AraCyc_Misc,22,1.0,False,142,ceb8f07fcc3b352319c7466a3652af6b8da988b4279777aa6531650e818496a2
TRAIN_NEG_00307,train,cross_pathway,15,AC_PWY-6549;ath00901,AraCyc_Misc;KEGG_Cellular,15,1.0,False,142,4ef8fb0ddf9e23a418fa8ae4ba0793585ed3422a6b0c14f7b5813e700a4a796f
TRAIN_NEG_00308,train,random_5_30,13,,,0,0.0,False,142,1045a0b2de6549e502e6c2b8b2e12c52ebd340373b4e6e392423b989a94c1ca3
TRAIN_NEG_00309,train,shuffled,8,AC_ALACAT2-PWY,AraCyc_Misc,0,0.0,False,142,db905fa001cb14c5134746a573ac0d75ce1c4a2623b324a49c2745f503a9b28f
TRAIN_NEG_00310,train,partial_50_80,3,AC_PWY-4984,AraCyc_Misc,3,1.0,False,142,3636c0203b00cc987382df4072b14b6916eb64d76cb479b6b4ad72567db5fec9
TRAIN_NEG_00311,train,cross_pathway,18,AC_PWY-5098;AC_PWY-621,AraCyc_Misc;AraCyc_Carbohydrate,18,1.0,False,142,661a35e1ce37d265d23ce993afcacd9074dd9827348ebe5f31b2b898e18e46ee
TRAIN_NEG_00312,train,random_5_30,19,,,0,0.0,False,142,8f810b969eebfb4d2c3d894967af21394305d7c1bdb6f2fe65c64f8540d26a21
TRAIN_NEG_00313,train,shuffled,6,AC_PWY-5350,AraCyc_Misc,0,0.0,False,142,d45ea2c36c23dc1e22333d8684f4a5837706066645da5d33736e97c600e3a90f
TRAIN_NEG_00314,train,partial_50_80,12,AC_PWY-2541,AraCyc_Lipid,12,1.0,False,142,db663110367c7835011280662843d008c66899724807820fd57f9f0d2be54911
TRAIN_NEG_00315,train,cross_pathway,10,AC_ILEUSYN-PWY;AC_PWY-6612,AraCyc_Misc;AraCyc_Cofactor,10,1.0,False,142,83942898f5eda4e479d1dbc325f8a418c081770b4827a255ad45fd0ee3d3f272
TRAIN_NEG_00316,train,random_5_30,11,,,0,0.0,False,142,1f1f8521565658b84b444c3a4c0b63f8f78e413387ac2d80e969b1fa0d377911
TRAIN_NEG_00317,train,shuffled,5,AC_PWY-7346,AraCyc_Carbohydrate,0,0.0,False,142,78b52fd1fd53c45d71156e85f09ad86c4fbe3839b33c7cad5defcebb57a928ca
TRAIN_NEG_00318,train,partial_50_80,16,AC_PWYQT-62,AraCyc_Misc,16,1.0,False,142,b5d33ef9bbdeee44695abad5f352af7706b3c00375b9b5cac8a4098b06a7424f
TRAIN_NEG_00319,train,cross_pathway,12,AC_PWY18C3-24;AC_ASPARTATESYN-PWY,AraCyc_Misc;AraCyc_Misc,12,1.0,True,142,1d54554769a0cd1cff2eb63b956903c167e268bf857f12492e0e2559081ac192
TRAIN_NEG_00320,train,random_5_30,5,,,0,0.0,False,142,0de47125c6269a4932a66fdf5d4c9bae01023dca59b94848c39aa77c055a5a51
TRAIN_NEG_00321,train,shuffled,65,ath04519,KEGG_SignalTrans,0,0.0,False,142,f23c7a02d3d349ceb9edce2e184b3d35cd8de22188ed28e603d000e727329677
TRAIN_NEG_00322,train,partial_50_80,5,AC_PWY-2681,AraCyc_Misc,5,1.0,False,142,73ebc52ea6a3932477ba6bd4e146af944124741bf8f9e141f05d4d61846e16d2
TRAIN_NEG_00323,train,cross_pathway,35,AC_PWY-5188;ath00053,AraCyc_Misc;KEGG_Cellular,35,1.0,False,142,5d0431b129bf926441f71ac43e637819bc15ad6f3a04cec743eb0e95e00505f5
TRAIN_NEG_00324,train,random_5_30,28,,,0,0.0,False,142,bfb1145ca167b87e99f5a6aa2ec87116b0b5108f8ac7b95b0867928de333c645
TRAIN_NEG_00325,train,shuffled,10,AC_PWY-6012,AraCyc_Misc,0,0.0,False,142,3fdda614fd4028aa9f5a8b7d13454d49532888997e2c9dab4f7311d77f784b89
TRAIN_NEG_00326,train,partial_50_80,4,AC_COA-PWY,AraCyc_Misc,4,1.0,False,142,c66d1348640f786b68325527cee347fdfaa7e120bb18182538e46fd7db68a6ec
TRAIN_NEG_00327,train,cross_pathway,35,AC_DTDPRHAMSYN-PWY;ath00073,AraCyc_Misc;KEGG_Cellular,35,1.0,False,142,f3ffe992bcac2ad7552f857d97b9eb86c901e6de644c11f90ffbdc164b28893d
TRAIN_NEG_00328,train,random_5_30,23,,,0,0.0,False,142,f65ead4333cc851628cb587fd3e837253700328f47b1f9328921dd71d7414e91
TRAIN_NEG_00329,train,shuffled,691,ath00970,KEGG_Cellular,15,0.02170767004341534,False,142,d86fad7d7625dfa73ade2144d0d42cbcbd88d87cebda83323efda4fece50983b
TRAIN_NEG_00330,train,partial_50_80,5,AC_PWY-5670,AraCyc_Misc,5,1.0,False,142,ea5ff5075dd036e5392e340e32860e0af0caeb34bf6383cf3c528973b12dc391
TRAIN_NEG_00331,train,cross_pathway,13,AC_DTDPRHAMSYN-PWY;ath01320,AraCyc_Misc;KEGG_Cellular,13,1.0,False,142,a1d16c04bd749128e5b5635fe7461dae2f38314e5d44f18692f2907df2becf18
TRAIN_NEG_00332,train,random_5_30,20,,,0,0.0,False,142,c465b847f2e2ca6480b8bb0b4ec42b9661a673779d20b7bb941b57eb4e10f4dc
TRAIN_NEG_00333,train,shuffled,32,ath00310,KEGG_Cellular,1,0.03125,False,142,b4472b2d1190b5746e968951ff5b68a42899e1c90b4b6fdb698f88288173cd53
TRAIN_NEG_00334,train,partial_50_80,6,AC_PWY-6710,AraCyc_Lipid,6,1.0,False,142,96ed341f8dc0ecb9696ba6f487906c19d1035a5ad7bfa98454d5910f34123a56
TRAIN_NEG_00335,train,cross_pathway,17,ath00760;AC_PWY-5837,KEGG_Cellular;AraCyc_Misc,17,1.0,False,142,249157fb26f85edcfdfbc37b829961307899b41656ce1dfc38f0fa20b6c87bb3
TRAIN_NEG_00336,train,random_5_30,6,,,0,0.0,False,142,86b7dd22635ddf1cd9feb7f0509797c7e88cf998a566b2b47661afbd5318d88a
TRAIN_NEG_00337,train,shuffled,11,AC_GLYSYN2-PWY,AraCyc_Misc,0,0.0,False,142,acf3eba672bade931696b0f8e20a56a4c3e1781db22b689cdb1be7ec8b3ef747
TRAIN_NEG_00338,train,partial_50_80,32,ath03460,KEGG_GeneticInfo,32,1.0,False,142,ff2c0df2f2eebbb49828b500844ed3a8dd9d680449d2f1afb230a1e26a418471
TRAIN_NEG_00339,train,cross_pathway,25,ath04981;AC_PWY-6012,KEGG_SignalTrans;AraCyc_Misc,25,1.0,False,142,58e0cb96b7dcfdd9167759bfce64fb9bc30ca67c2a2f2e2cf9717001d9848174
TRAIN_NEG_00340,train,random_5_30,7,,,0,0.0,False,142,bdb21dd269e74607ac53ed8a77298ee2c62a456ca860f866a945408810c99ecd
TRAIN_NEG_00341,train,shuffled,43,ath04712,KEGG_SignalTrans,0,0.0,False,142,8ae8106381edc3818b38eee6058c5d7079f7f260e9ac70e8467eee1c000ba132
TRAIN_NEG_00342,train,partial_50_80,13,ath00650,KEGG_Cellular,13,1.0,False,142,fa1f64794b0a2c8530f5bfa41011382b194f3513271c8438c7417260773f29c7
TRAIN_NEG_00343,train,cross_pathway,59,ath00561;AC_GLUCONEO-PWY,KEGG_Lipid;AraCyc_Misc,59,1.0,False,142,a6116216cbfdbc5441886a9049589ed4affe78cad03889a044c79d72d0968958
TRAIN_NEG_00344,train,random_5_30,6,,,0,0.0,False,142,7a7fb4784e9b5e9be6a6b84ac2c727c99bb6381900acd8750a49294f22e4569b
TRAIN_NEG_00345,train,shuffled,181,ath00500,KEGG_Lipid,1,0.0055248618784530384,False,142,13288ad03eb127a5c16d4cf0ef48ad587ca326123d9d749cd6f961f00a0eece1
TRAIN_NEG_00346,train,partial_50_80,3,AC_PWY-7298,AraCyc_Misc,3,1.0,False,142,2bb47f7c033502e5282cd305ef81afc65e22f0d5c908e69494bccd4b3e04b6e9
TRAIN_NEG_00347,train,cross_pathway,11,AC_PWY-6554;AC_PWY4FS-2,AraCyc_Misc;AraCyc_Misc,11,1.0,True,142,319bbb9e0f9ee504a896f96b21f7f44f39ab06ca7c9d8a8bcb8a9e020633bb18
TRAIN_NEG_00348,train,random_5_30,18,,,0,0.0,False,142,e7bc26960f96c64efb1a3120401e4d782d1ff041ae325399e473b24e2c9f934c
TRAIN_NEG_00349,train,shuffled,25,AC_PWY-7398,AraCyc_Secondary,0,0.0,False,142,146278dce44f77eae6ae723be596d7ea0c46e2ccc3ac0eb2efd385a3cf044bf3
TRAIN_NEG_00350,train,partial_50_80,5,AC_ASPARTATESYN-PWY,AraCyc_Misc,5,1.0,False,142,230c7eb79f070d783c12cd83f333319d16e8a6429f054e1cbad8e1798cf4e04e
TRAIN_NEG_00351,train,cross_pathway,37,ath03083;AC_PWY66-21,KEGG_GeneticInfo;AraCyc_Misc,37,1.0,False,142,1710e8074334ca6dabf4150cfaf38868bc7f0b3ae3ee29913406e6cf899d5b1a
TRAIN_NEG_00352,train,random_5_30,13,,,0,0.0,False,142,4eaeeb1b7400c2522dccefd7b83d19dde6886e14622017a48b7ad9df78d219e4
TRAIN_NEG_00353,train,shuffled,96,ath00230,KEGG_Cellular,1,0.010416666666666666,False,142,c0a9f39e6a1b792f93b3d61dcc75ec2179b079ab21d4b48c086d612a9a66a1a9
TRAIN_NEG_00354,train,partial_50_80,9,AC_PWY-7219,AraCyc_Nucleotide,9,1.0,False,142,a8c211fc34580ed0ecb79af29a4d8eef3f9ddb975696cc7924dd0b9e3c7848c0
TRAIN_NEG_00355,train,cross_pathway,19,ath05100;AC_ARGSYNBSUB-PWY,KEGG_Environmental;AraCyc_AminoAcid,19,1.0,False,142,800d0145b5951596cece590f45c03219518d3584d9cc23dbdc64208750f7ea94
TRAIN_NEG_00356,train,random_5_30,7,,,0,0.0,False,142,f0c214c5bbf2972253234db9794d161a72db19b7d0fbf0b1cdae386e11538eba
TRAIN_NEG_00357,train,shuffled,14,AC_PWY-5035,AraCyc_Misc,0,0.0,False,142,bf89e351dbbac85b7af3a8148741f9e2298af41e703389a9c9125d0134279738
TRAIN_NEG_00358,train,partial_50_80,3,AC_PWY-7184,AraCyc_Nucleotide,3,1.0,False,142,da3e2e4d420a3c564198bd232410010bb2e1b34074db2e0fb8f090b40f0155e9
TRAIN_NEG_00359,train,cross_pathway,34,ath00941;AC_PWY-5080,KEGG_Cellular;AraCyc_Lipid,34,1.0,False,142,337d60de658e11c17402f786df586fd1eaabcb17cb4dbf1139298da40cebcb43
TRAIN_NEG_00360,train,random_5_30,13,,,0,0.0,False,142,9d918db1c5da763ab74965ade778c2fca52339b0bcd037fa730110c1141e42e0
TRAIN_NEG_00361,train,shuffled,11,ath00603,KEGG_Lipid,0,0.0,False,142,0a982e1637defb802ddfa804c8062cfc96cd8858da32593f185dfe6a6230bdfa
TRAIN_NEG_00362,train,partial_50_80,6,AC_GLUTORN-PWY,AraCyc_Misc,6,1.0,False,142,2e185d70e3b00686b26fa39ad7c6360b28fd85448af56b49db8768c9da50b002
TRAIN_NEG_00363,train,cross_pathway,59,ath00710;AC_GLYCOLYSIS,KEGG_Metabolism;AraCyc_Carbohydrate,59,1.0,False,142,8909c1916b4f9fe6b5738a4a8be144b251ea09f4b563d9ac5def8d22ef066591
TRAIN_NEG_00364,train,random_5_30,8,,,0,0.0,False,142,70c46169ca3b39979a22b319b1b24ed2ce5a5c0d43cf7327c42a86be57e43ada
TRAIN_NEG_00365,train,shuffled,24,AC_PWY-4221,AraCyc_Misc,0,0.0,False,142,af78504ea4ab7d86b091b626ee2c541b48989288a649cda0bd1120ae2b78722f
TRAIN_NEG_00366,train,partial_50_80,3,AC_PWY-6544,AraCyc_Misc,3,1.0,False,142,ccaa18e09994304033e0bc0e9c1b02703056fd3c52e41652046e3f7fc5fbde65
TRAIN_NEG_00367,train,cross_pathway,79,AC_PWY-6527;ath00190,AraCyc_Misc;KEGG_Metabolism,79,1.0,False,142,93346e61cc02f76aa5ffd691ba5efadfa74b3806df105569a009c65b2fd7bc08
TRAIN_NEG_00368,train,random_5_30,15,,,0,0.0,False,142,5b2fc3be8571b7009b61742022a376888772ad09bfbb16d3858c1546d6bbce2a
TRAIN_NEG_00369,train,shuffled,7,AC_ILE-VAL-PWY,AraCyc_Misc,0,0.0,False,142,8b904f06e6f4769226a36e11148be7ec7da994c616edf3686b2cb0a54e917383
TRAIN_NEG_00370,train,partial_50_80,7,AC_PWY-695,AraCyc_Misc,7,1.0,False,142,f5ea733bf306e61b77698d9d5faa4abcaa8850d1ca78c38cbd92942b550c57c5
TRAIN_NEG_00371,train,cross_pathway,10,ath00750;AC_PWY-8142,KEGG_Cellular;AraCyc_Misc,10,1.0,False,142,4dc33bc77370e5aae904993862359c9a6a39a767dabf2e550aafa7526229dc50
TRAIN_NEG_00372,train,random_5_30,15,,,0,0.0,False,142,bdcf287f2ba3ad72c437fac253462f248d05c54c83b73abcba90cef635422639
TRAIN_NEG_00373,train,shuffled,53,ath04148,KEGG_SignalTrans,0,0.0,False,142,c816ace399824c95c69e9c4102d8bdf9f61be92b3f38296a7ac76a309f671328
TRAIN_NEG_00374,train,partial_50_80,6,AC_PWY-6554,AraCyc_Misc,6,1.0,False,142,b3ce7816ba6d087620d14f2db9c7f53428e075bc5ce0fb9a27ce221f0c7366a5
TRAIN_NEG_00375,train,cross_pathway,11,AC_PWY-5027;AC_ASPARAGINE-DEG1-PWY-1,AraCyc_Misc;AraCyc_Misc,11,1.0,True,142,3e835aef5fba6c99a087c1babe582d16e212b8a008e001c11f5419cbe766c3ba
TRAIN_NEG_00376,train,random_5_30,10,,,0,0.0,False,142,1fc19a60d4c014b66683b1f304bbef13552299f3be7591cd045f63faf2c27a2c
TRAIN_NEG_00377,train,shuffled,18,ath00511,KEGG_Lipid,0,0.0,False,142,ba5441c8975ff75575d73e4f784768eca6c5e786f91bfe1bd465d10b700fcfbc
TRAIN_NEG_00378,train,partial_50_80,6,AC_PWY-6556,AraCyc_Nucleotide,6,1.0,False,142,61445cc702567ee6971f6e98a3afe5ba5ca5922f7b8ac5e7e744128f13c180a6
TRAIN_NEG_00379,train,cross_pathway,14,AC_PWY-7221;AC_PWY-181,AraCyc_Nucleotide;AraCyc_Misc,14,1.0,False,142,a50a41135efa5c5f28a4b74064b659291dc83b6df0b1ee45dc3babe954f1b7c3
TRAIN_NEG_00380,train,random_5_30,23,,,0,0.0,False,142,e4115574ba8fae26769004fb1b5e04b275f6abb5354261468511380c9de849b0
TRAIN_NEG_00381,train,shuffled,28,AC_PWY-5667,AraCyc_Misc,0,0.0,False,142,5e60e3795234818bb7dacfa567154a3a6b8134998af65f6b1979792c74f077ec
TRAIN_NEG_00382,train,partial_50_80,45,ath00900,KEGG_Cellular,45,1.0,False,142,b3231c4f77e3354d2fe3bcaa532e2781abea429e3a16351da75a5ded833dbcd1
TRAIN_NEG_00383,train,cross_pathway,28,ath00250;AC_DTDPRHAMSYN-PWY,KEGG_Cellular;AraCyc_Misc,28,1.0,False,142,9335b235835b1d96be5fd11bab3f3b84243d636f6f14081c67abff110d19664e
TRAIN_NEG_00384,train,random_5_30,5,,,0,0.0,False,142,38f537f9d1ca8559fdc53900b2fcb5c6a85399143b0e6937770dba7c8af22258
TRAIN_NEG_00385,train,shuffled,181,ath00500,KEGG_Lipid,1,0.0055248618784530384,False,142,ac364f0c8f894c1bcb764a02f84ea9937ea165325f3d5a24101a4a9de2ac043c
TRAIN_NEG_00386,train,partial_50_80,57,ath04814,KEGG_SignalTrans,57,1.0,False,142,63bc1e3537405144ba01e051e967002c51fe49129757417c10c04b0d967fa0eb
TRAIN_NEG_00387,train,cross_pathway,6,AC_PWY-4861;AC_PWY-6051,AraCyc_Misc;AraCyc_Misc,6,1.0,True,142,7727dbd096ada51f499d1addef4777a560bc5a8a3ce09ebd953d1c9f5c27006c
TRAIN_NEG_00388,train,random_5_30,21,,,0,0.0,False,142,29782efb0ed7da76e992ce46d19071bfe11a0338a38f78f1eba5bda356023625
TRAIN_NEG_00389,train,shuffled,17,AC_PWY-6691,AraCyc_Misc,0,0.0,False,142,1026080ee7fab3482d7d45b17e3f580c9028005a78bc2e8709aa8bb0fc04c0ec
TRAIN_NEG_00390,train,partial_50_80,11,ath00340,KEGG_Cellular,11,1.0,False,142,6f2774870eedff3a7537a5159f0585c6d48e17c0d5e9a46fa3be322dbf35d7df
TRAIN_NEG_00391,train,cross_pathway,11,AC_PWY-3561;AC_PWY-4765,AraCyc_Misc;AraCyc_Lipid,11,1.0,False,142,5a34b66b5482da216c37d9ea3b906d1e357cf41d777fef31ef780465132f88ec
TRAIN_NEG_00392,train,random_5_30,21,,,0,0.0,False,142,d779c78c684dd8f5a301c277cf35a0d4c4dc88c0b2432f52caf15404d8d05fc8
TRAIN_NEG_00393,train,shuffled,10,AC_PWY-6363,AraCyc_Misc,0,0.0,False,142,fd966e1bca1db31156dea7f0127cc35c43594a70db92ac7020e668378e3c3392
TRAIN_NEG_00394,train,partial_50_80,6,AC_PWY0-1264,AraCyc_Cofactor,6,1.0,False,142,fc7f17ef454ecf3436b4c3eaa48cffd11d26b7ef606ce37bcf1ba94e4c878c46
TRAIN_NEG_00395,train,cross_pathway,16,AC_PWY-7199;AC_PWY-6475,AraCyc_Nucleotide;AraCyc_Misc,16,1.0,False,142,663fee4fef35952c957819fe81882d56a3c6480ed2edba36642991e3fd853f15
TRAIN_NEG_00396,train,random_5_30,6,,,0,0.0,False,142,595585d6de186a6c8017924e48f9322a984b3c559b90e9c613b3e65538ddd3c0
TRAIN_NEG_00397,train,shuffled,62,ath03060,KEGG_GeneticInfo,0,0.0,False,142,dca3aa5433d917936b8e11dba1b39628d9c1630b97776bc9d9e8009981046d0a
TRAIN_NEG_00398,train,partial_50_80,7,AC_HISTSYN-PWY,AraCyc_Misc,7,1.0,False,142,d25e821b9660f475e9bc022d890136910a71357b421b8bdedb872172c6230ac8
TRAIN_NEG_00399,train,cross_pathway,10,AC_ILEUSYN-PWY;AC_PWY-7219,AraCyc_Misc;AraCyc_Nucleotide,10,1.0,False,142,d3e5d476ef5d2392952464d8d69700f88a46a4b99f3cb063b60991afe960aafb
TRAIN_NEG_00400,train,random_5_30,21,,,0,0.0,False,142,da30bef61b23ca1b806ee9871dc9481b55771b8f8ac6b604e869e91f3ef1a909
TRAIN_NEG_00401,train,shuffled,35,AC_CALVIN-PWY,AraCyc_Misc,1,0.02857142857142857,False,142,350a898627c03feb01701ff8ed1d2df7ea8b75d799ab2b02141f118d08e58792
TRAIN_NEG_00402,train,partial_50_80,14,AC_PWY-6039,AraCyc_Misc,14,1.0,False,142,fa930ddde50ba08de8caf86251a8332ddf50a0e2bdc44c971ac267a728c32227
TRAIN_NEG_00403,train,cross_pathway,12,AC_PWY-401;AC_ASPASN-ARA-PWY,AraCyc_Lipid;AraCyc_Misc,12,1.0,False,142,4c3078f5c245bfb09c740b3a7d11cd6a12976f0619a94e95d94b106562618471
TRAIN_NEG_00404,train,random_5_30,10,,,0,0.0,False,142,81ef55d96e1e42a15e27e905ea2c3566001cd6fde3a3f41782fb3a5560cfb19d
TRAIN_NEG_00405,train,shuffled,27,AC_PWY-5083,AraCyc_Misc,0,0.0,False,142,c3755ae234ae0b2ddfc7aee791a4d6f7784aadc6058fa0a96c8868ceb2bde149
TRAIN_NEG_00406,train,partial_50_80,9,AC_PWY-7140,AraCyc_Misc,9,1.0,False,142,ba1694a3537387e1d1f3b3278c17a7ace09a27871ba32d39bba6c1613805b696
TRAIN_NEG_00407,train,cross_pathway,10,AC_PWY-5386;AC_PWY-6367,AraCyc_Misc;AraCyc_Misc,10,1.0,True,142,7c3dd200e72f03f27531d5728365849ef073ab6c02d13cb3418aaa90bd635d94
TRAIN_NEG_00408,train,random_5_30,22,,,0,0.0,False,142,3662e8944533b5ba3ef67ec60e6019e77da161f85dbdd7e3afa2895ea2c8d653
TRAIN_NEG_00409,train,shuffled,125,ath00270,KEGG_Cellular,1,0.008,False,142,28f2ac2666ba4b7b81c3af1851f0ac00b74cd67c66e8cefa87e4d04d8cec2b33
TRAIN_NEG_00410,train,partial_50_80,65,ath00010,KEGG_Metabolism,65,1.0,False,142,cb863f7d36c65e2527dc8066770e2fa2713c4d7876c43b872078a435fd5f1ea9
TRAIN_NEG_00411,train,cross_pathway,10,AC_ALANINE-SYN2-PWY;AC_PWY-5122,AraCyc_Misc;AraCyc_Misc,10,1.0,True,142,598c8b391c886eaf65070b6ef63b1168cc13a7e84c5bc8006f80c2c0badeb97d
TRAIN_NEG_00412,train,random_5_30,16,,,0,0.0,False,142,029a7d47adf522c7155b8d9f02554c077c1b294f955dde473a5f36cabb2f417b
TRAIN_NEG_00413,train,shuffled,5,AC_PWY-4984,AraCyc_Misc,0,0.0,False,142,6e7dfcb93f2070ae47d09e90af64a391eb7a29b35495cce301f19f72c4a6e4ba
TRAIN_NEG_00414,train,partial_50_80,20,AC_PWY-1187,AraCyc_AminoAcid,20,1.0,False,142,547d399d983343b6cd40f118426d193aa9f19279fe8ebe5b10877d9c6506b929
TRAIN_NEG_00415,train,cross_pathway,37,ath00710;AC_PWY-8458,KEGG_Metabolism;AraCyc_Misc,37,1.0,False,142,3aa9f590b3319016c1564727507e4831dcfee212625077b470272317d091c572
TRAIN_NEG_00416,train,random_5_30,22,,,0,0.0,False,142,d7ae5f12f22a50d3fb6e82e3318809e251b0486d95a28e6464e3048e48909e7b
TRAIN_NEG_00417,train,shuffled,62,ath03060,KEGG_GeneticInfo,0,0.0,False,142,28bdfed698993fb6d5590ebb3dea22192dc9d709eb16b3830022a4dc05fe2989
TRAIN_NEG_00418,train,partial_50_80,8,AC_PWY-4562,AraCyc_Lipid,8,1.0,False,142,0efdb2f23800af598133c35f7d017f0857b54065537aa6fb9baa5eb101fb18e7
TRAIN_NEG_00419,train,cross_pathway,11,AC_PWY-6607;ath00601,AraCyc_Nucleotide;KEGG_Lipid,11,1.0,False,142,fad241f943fadf38e09d61f129fa5d037b075b5b672be4cb943d5eb4db005c89
TRAIN_NEG_00420,train,random_5_30,20,,,0,0.0,False,142,c3801110e0adf51d295715059abaf0d810e1ba85eec608db2982254b18761f00
TRAIN_NEG_00421,train,shuffled,69,ath03083,KEGG_GeneticInfo,0,0.0,False,142,60efa835233f3d43291512f1a343a5b98edabda5375f44876eaeff91717b6e93
TRAIN_NEG_00422,train,partial_50_80,5,AC_PWY-5837,AraCyc_Misc,5,1.0,False,142,b527cddf5f8dc3a02cc86ea1c582d2e3e070cf7a81ba3baa2ea8248707d4bb28
TRAIN_NEG_00423,train,cross_pathway,10,AC_PWY-7140;AC_PWY0-1182,AraCyc_Misc;AraCyc_Misc,10,1.0,True,142,446c22127f64622d5de95aac1572d06b7b44f0358f9109f83de220e92d0ff5a9
TRAIN_NEG_00424,train,random_5_30,23,,,0,0.0,False,142,6b521fe6d75e68b7d022db08fb379682e920e0f7c577d2086ffad982399fccb5
TRAIN_NEG_00425,train,shuffled,36,ath00785,KEGG_Cellular,0,0.0,False,142,8930301ca8a902ae2651e6274989a76a1c2b7c43412cbc19ebf03be206243d8d
TRAIN_NEG_00426,train,partial_50_80,5,AC_ASPARTATE-DEG1-PWY,AraCyc_Misc,5,1.0,False,142,96cad13784ad51e1aee1e1001a7d365aff5a52eb3405b3870c53fb0cebc3d9c2
TRAIN_NEG_00427,train,cross_pathway,24,AC_PWY-6612;ath04382,AraCyc_Cofactor;KEGG_SignalTrans,24,1.0,False,142,ecdffd9a7dd1ab968fa5ad5141a472d05b9bf5b6cc3a313538b8a5db3f14cd8d
TRAIN_NEG_00428,train,random_5_30,7,,,0,0.0,False,142,39cc4d7c4494031a018633e25edfd8f9f7949074228e7e99924109f953285042
TRAIN_NEG_00429,train,shuffled,47,AC_PWYQT-4471,AraCyc_AminoAcid,0,0.0,False,142,69f226b374fe8ac5f6172f27f26148e1b5bf6a737de859274320b87edf64ba6b
TRAIN_NEG_00430,train,partial_50_80,52,ath01212,KEGG_Lipid,52,1.0,False,142,36702769843dc68399d885a5b281c800b1dfc131a381c55828cf67fddc24e69d
TRAIN_NEG_00431,train,cross_pathway,26,ath00513;AC_FASYN-ELONG-PWY,KEGG_Lipid;AraCyc_Lipid,26,1.0,False,142,539c38616d65f2028a4e7880ccad16bfd876f2fc3bc5f5b213e6abd2dd5e59c2
TRAIN_NEG_00432,train,random_5_30,24,,,0,0.0,False,142,cf00762afde965834b4180910685b44aafd5074616e1be6060e3e7be8ce4e032
TRAIN_NEG_00433,train,shuffled,6,AC_PWY-5350,AraCyc_Misc,0,0.0,False,142,b37e4c17562a7dca6c6375a7b41cf158ac614dec0ef3b193e421a41c6753fd1a
TRAIN_NEG_00434,train,partial_50_80,4,AC_SERSYN-PWY,AraCyc_Misc,4,1.0,False,142,54d072c60a9639b23e60d380609ca8a4dc9b4f57949e2f6bd6375493615319a0
TRAIN_NEG_00435,train,cross_pathway,9,AC_PWY-6367;AC_PWY-6710,AraCyc_Misc;AraCyc_Lipid,9,1.0,False,142,fd21aacac706285cab9aafa2e568a1b79c8fdb3b74524402e6a3c02c81cdae05
TRAIN_NEG_00436,train,random_5_30,9,,,0,0.0,False,142,ea03bdea99592b9696d444ed6c932de13f80b31397964dafbebbef11bdb0ca9f
TRAIN_NEG_00437,train,shuffled,6,ath00470,KEGG_Cellular,0,0.0,False,142,78de6cb3e51465bebb7622c3b6c91c9599daa3dfce5bdb2bf93f6e8bc074fbfd
TRAIN_NEG_00438,train,partial_50_80,32,AC_PHOTOALL-PWY,AraCyc_Misc,32,1.0,False,142,0f44fae095042c3849f227a335c745d0f50f46bd0d8cc3a3d47b46abff74e969
TRAIN_NEG_00439,train,cross_pathway,10,AC_PWY-5386;AC_PWY-702,AraCyc_Misc;AraCyc_AminoAcid,10,1.0,False,142,93b0922b0028eef18b4afe8dc192fb6b5bed7ea28214380f6a58a27b663b9701
TRAIN_NEG_00440,train,random_5_30,26,,,0,0.0,False,142,33305692efaf53092f0e71c074bfa8eecb2389414a23a853d3762959d371aaad
TRAIN_NEG_00441,train,shuffled,10,AC_PWY-6367,AraCyc_Misc,0,0.0,False,142,1ba5c2f77afd8c20d6cc3d6ab3cae671b0bf1a1ab99b4d5e436bc6f1ff0ddb80
TRAIN_NEG_00442,train,partial_50_80,31,ath00071,KEGG_Lipid,31,1.0,False,142,456763917e5da026aaa7dc2b7057a613a8c54d959401f2f4b6164ff491d4e130
TRAIN_NEG_00443,train,cross_pathway,13,ath00950;AC_PWY-7851,KEGG_Cellular;AraCyc_Misc,13,1.0,False,142,8015e42203fdd0202eb66b60062d4fe991177ddc50a744695618125c24c02990
TRAIN_NEG_00444,train,random_5_30,12,,,0,0.0,False,142,a0c3a4c52b75c18385bcda68b7fab56beef7adace52256fe5998c3e1b5234398
TRAIN_NEG_00445,train,shuffled,18,AC_ASPASN-ARA-PWY,AraCyc_Misc,0,0.0,False,142,edffce42d6959fd851cbb382cd26b618328f81204e3e73679c512927b310963c
TRAIN_NEG_00446,train,partial_50_80,35,AC_GLYCOLYSIS,AraCyc_Carbohydrate,35,1.0,False,142,ef60598a128d6515b8cac6bfe6dd5d8b4caf618953652a71815c1825c1ddcb8b
TRAIN_NEG_00447,train,cross_pathway,23,AC_PWY-7346;AC_CITRULBIO-PWY,AraCyc_Carbohydrate;AraCyc_Misc,23,1.0,False,142,0ba057c5ca3137c48811f90b53caf0833e5a399e0cb3c420b6aa6f2c01957bb5
TRAIN_NEG_00448,train,random_5_30,13,,,0,0.0,False,142,366ce2778aea3e79eb6dd8ff0722763f17f78a16d4e911143d9b6ed8fa50c428
TRAIN_NEG_00449,train,shuffled,25,AC_PWY-7398,AraCyc_Secondary,1,0.04,False,142,679c0792ade3afd2c37e5bb259a33e576cc13d5a97f42c944a30c74f7d5df423
TRAIN_NEG_00450,train,partial_50_80,6,AC_PWYQT-4445,AraCyc_Nucleotide,6,1.0,False,142,4b98d7d5c1faa40c6aee2ffa2ed2144733756163f08648d2892e7ede2b459aef
TRAIN_NEG_00451,train,cross_pathway,26,AC_PWY-6549;AC_PWY-5083,AraCyc_Misc;AraCyc_Misc,26,1.0,True,142,8cca43d9a9c9ebc440cab5c8adf71df6146a860777053bda43f8a0f0dba18d66
TRAIN_NEG_00452,train,random_5_30,8,,,0,0.0,False,142,8e3314e22574e51740a7442b1feb1def4d470d224348125fe5139faa8b3f5133
TRAIN_NEG_00453,train,shuffled,17,AC_PWYQT-4449,AraCyc_Misc,0,0.0,False,142,e8a3e36663f12ca7ad887405d73214fb7146c05e5d0fb782b0901815e4c2539d
TRAIN_NEG_00454,train,partial_50_80,44,ath00380,KEGG_Cellular,44,1.0,False,142,dd7a5fe9c8d189359e0da3e30f494a4e2830d3e01841b6f54818f1cb4fc0022d
TRAIN_NEG_00455,train,cross_pathway,7,ath03450;AC_PWY-7909,KEGG_GeneticInfo;AraCyc_Misc,7,1.0,False,142,8394c42b5895eec35051a587b31b8ae0454cc01fcde45aa2ea097c245a7b63b8
TRAIN_NEG_00456,train,random_5_30,8,,,0,0.0,False,142,dcda5ab5eccd7b82dfe41a48f10bc8b58db35d9cbe313d970ec2558ee0fddca6
TRAIN_NEG_00457,train,shuffled,12,AC_PWY-6219,AraCyc_Misc,0,0.0,False,142,2e8e250b63a1411cef5de885ad1efe1452534d82e2a55b72e23813dc3a2be8ec
TRAIN_NEG_00458,train,partial_50_80,6,AC_PWY-6007,AraCyc_Misc,6,1.0,False,142,4bcccf588d0f9bc5be5594fe8a0868d774ddb92aecc50092f0d2b5624e3b4b87
TRAIN_NEG_00459,train,cross_pathway,37,ath03082;AC_PWY-7417,KEGG_GeneticInfo;AraCyc_Lipid,37,1.0,False,142,d041978827288d17da2c2e6027b31b9ef3378ea9b2e24da88ed4d48abfacf2dd
TRAIN_NEG_00460,train,random_5_30,26,,,0,0.0,False,142,92006ffad45a28d5097c75aaec0ecd355118ae2d95a04df5f29ce4adbab3c890
TRAIN_NEG_00461,train,shuffled,9,AC_ASPARTATESYN-PWY,AraCyc_Misc,0,0.0,False,142,b9476dd804d0a270245d75cfbf18725eadbe2c0059d5547079e5e7b6c09cec00
TRAIN_NEG_00462,train,partial_50_80,129,ath04141,KEGG_SignalTrans,129,1.0,False,142,223ace25b4c67976994e333c2d4790cb1f4b4c4c328d741beb5cf19162f1df09
TRAIN_NEG_00463,train,cross_pathway,19,AC_PWY-7343;AC_PWY-6039,AraCyc_Carbohydrate;AraCyc_Misc,19,1.0,False,142,ba8a37db5f61dfdb08669e1e465d77fe3087c932e7bbbe72f5b01d4583aa6b90
TRAIN_NEG_00464,train,random_5_30,17,,,0,0.0,False,142,af46333eac4abe62486b9711d1edea06306f5726272d483e609c373a567cb18b
TRAIN_NEG_00465,train,shuffled,10,AC_GLYCLEAV-PWY,AraCyc_Misc,0,0.0,False,142,a6eb827a598904223992473ef373e26b02e9fa4233701b5c17c514eea8587dc1
TRAIN_NEG_00466,train,partial_50_80,7,AC_PWY-6199,AraCyc_Misc,7,1.0,False,142,f1dba9a5c0c479033b35f0c1c16f0d44eed233bb13422cd2cd190a49a0848768
TRAIN_NEG_00467,train,cross_pathway,31,AC_PWY-601;AC_PWY-5147,AraCyc_AminoAcid;AraCyc_Misc,31,1.0,False,142,6ad27bd588ae2f1bc8453ffc173b0b605786dd1b922e87b840608e93aea361ae
TRAIN_NEG_00468,train,random_5_30,30,,,0,0.0,False,142,eab8d72318268ce48d959c2eae5c4e807d73c420e032b13b5596c6de8f0e8cfd
TRAIN_NEG_00469,train,shuffled,5,AC_PWY-8475,AraCyc_Misc,0,0.0,False,142,54b65d2af75eb1869f750143df2009f222fe61bc47539f032227488bd0583e6e
TRAIN_NEG_00470,train,partial_50_80,3,AC_PWY-6444,AraCyc_Misc,3,1.0,False,142,8a22a03b0a0e564340d4e84ed98a5f4422853b510a1a15d89fe791e36e877362
TRAIN_NEG_00471,train,cross_pathway,22,AC_PWY-6007;AC_CALVIN-PWY,AraCyc_Misc;AraCyc_Misc,22,1.0,True,142,2ebb662eb59c0667524afd106f21a40122b2221bae8a0061e7b58359d2113b27
TRAIN_NEG_00472,train,random_5_30,20,,,0,0.0,False,142,7a474bf44fd4f204f69c5b2feac542e835d3f8a431cb86adb59df308a49829d6
TRAIN_NEG_00473,train,shuffled,26,AC_PWY-8157,AraCyc_Misc,0,0.0,False,142,2f47f9d7e8d9e0d3cc70f6b3cbc200cb6d9903d36cd1a122f837c22c1954d732
TRAIN_NEG_00474,train,partial_50_80,11,AC_PWY-5122,AraCyc_Misc,11,1.0,False,142,1bc714697e8a6984fa29bdf4f18fb19008c446b127bb4ff023e812de39aaaa6b
TRAIN_NEG_00475,train,cross_pathway,64,AC_CHLOROPHYLL-SYN;ath00010,AraCyc_Misc;KEGG_Metabolism,64,1.0,False,142,0f5a905796415627027374080ae90b19423c4cede0cd1125f89ff46ee5f33905
TRAIN_NEG_00476,train,random_5_30,13,,,0,0.0,False,142,8033d77518b6112ebc4cc00bdb929fa3224603188633a704c4f143f4c18eca80
TRAIN_NEG_00477,train,shuffled,84,ath01232,KEGG_Cellular,0,0.0,False,142,483d6adfce2ef5cb9b9a1d3370600932f80c8df618794311036d536681157dd7
TRAIN_NEG_00478,train,partial_50_80,3,AC_PWY-6163,AraCyc_Misc,3,1.0,False,142,e61f6786801be9128a2f92563f5c0c6b626797c601cfbbe94a3cde896d998a59
TRAIN_NEG_00479,train,cross_pathway,28,AC_PWYQT-62;AC_PWY-321,AraCyc_Misc;AraCyc_Misc,28,1.0,True,142,003ed7c10ab0c49df9736bb894e72ce36e454d3b64e4fee555e66a876d91c57c
TRAIN_NEG_00480,train,random_5_30,10,,,0,0.0,False,142,6cce1b652281fea88e4e78c34d2386cb2c35951b32a4275a1814904ca2b23bd7
TRAIN_NEG_00481,train,shuffled,18,AC_PWYQT-4477,AraCyc_Misc,0,0.0,False,142,7c3e0af53344803453fdda12a8667e2b41dfd987ac41aa261db1f0c6091d47d6
TRAIN_NEG_00482,train,partial_50_80,28,ath00640,KEGG_Cellular,28,1.0,False,142,0c505271e9e9370d6df1b9d564472326ba9b485ecd90606efb5ae05ddefbf066
TRAIN_NEG_00483,train,cross_pathway,7,AC_PWY-5340;ath03450,AraCyc_Misc;KEGG_GeneticInfo,7,1.0,False,142,a6958fd59988ef845e96dc4a1d0fcd175b18547420b8b19633a201d512f18c6e
TRAIN_NEG_00484,train,random_5_30,5,,,0,0.0,False,142,43eeca128e4d8a3759542d1e6a9631f130e9c6ef50e72f15ac539e4a362ee905
TRAIN_NEG_00485,train,shuffled,6,AC_PWY-5807,AraCyc_Misc,0,0.0,False,142,36ac46aa126e0ee5d37cad46e0b7ddfb85de6db9bd605af2005f498bf02f8c2c
TRAIN_NEG_00486,train,partial_50_80,61,ath03013,KEGG_GeneticInfo,61,1.0,False,142,03c6775b8147ada47ab449e595a2c01c4358d2c1ab851daed0ef815e54cf57f2
TRAIN_NEG_00487,train,cross_pathway,62,AC_PWY-7345;AC_PWY-5992,AraCyc_Carbohydrate;AraCyc_Misc,62,1.0,False,142,417797ce182e19f6d3b78d089ee70abe3614fbc5faa9f9546e00d3147f921b19
TRAIN_NEG_00488,train,random_5_30,27,,,0,0.0,False,142,ef22aed77bb1bd80591dfa5e52d058d99b37b5528636437e4d031725c0165dcf
TRAIN_NEG_00489,train,shuffled,105,ath03013,KEGG_GeneticInfo,0,0.0,False,142,9b89259125631cc65e46387f4684bc9ae2b4815662c183f301a19262f39f98cc
TRAIN_NEG_00490,train,partial_50_80,6,AC_PWY-7560,AraCyc_Misc,6,1.0,False,142,c5b99d5522efa7741940fab7b4ea13926da635673afb67dbfdbac7507c79ca1d
TRAIN_NEG_00491,train,cross_pathway,10,AC_ALANINE-SYN2-PWY;AC_PWY-4221ARA,AraCyc_Misc;AraCyc_Misc,10,1.0,True,142,707b289146023eb291b7134b84e0e39463ace944559250658bdfedd15b184ec6
TRAIN_NEG_00492,train,random_5_30,28,,,0,0.0,False,142,a3459d6591327369ee62376539e68023583fecc00a66b4134840eb359a515280
TRAIN_NEG_00493,train,shuffled,10,AC_ARO-PWY,AraCyc_Misc,0,0.0,False,142,da46b0c1f23dc6a4b8394aedabb2c5a2cf24090b06701da9f63370d521fc8999
TRAIN_NEG_00494,train,partial_50_80,10,ath04518,KEGG_SignalTrans,10,1.0,False,142,ee7b23c979ddcc86eeedbc812efd38354ca992109dcb8773ccc33becf26b246a
TRAIN_NEG_00495,train,cross_pathway,34,ath03430;ath00100,KEGG_GeneticInfo;KEGG_Metabolism,34,1.0,False,142,de346dc12b7f54435bbeefdb3a117db41542141dd43598d6bfa0e5be2370921c
TRAIN_NEG_00496,train,random_5_30,16,,,0,0.0,False,142,1008c6a339e56ae0a982e570cdc32276fbca37a6b76ea4b05aed10c45a3ee031
TRAIN_NEG_00497,train,shuffled,11,ath00430,KEGG_Cellular,0,0.0,False,142,f94da49a57f9bed6b1f7e045e3987361897fdf2437d39e41f8a0bb05f53596bf
TRAIN_NEG_00498,train,partial_50_80,30,AC_CITRULBIO-PWY,AraCyc_Misc,30,1.0,False,142,b845c725f4f78a266b7f652898de2cc5255ceb75e2d149a3315e701a5d5df182
TRAIN_NEG_00499,train,cross_pathway,22,AC_HOMOSERSYN-PWY;AC_PWY-5321,AraCyc_Misc;AraCyc_Misc,22,1.0,True,142,0ca9acf4cc61a952af45570453a75d093eb94f2c84bd807128507f06ea5df6bc
TRAIN_NEG_00500,train,random_5_30,10,,,0,0.0,False,142,9a63b03996f29199101f476088bd4acf6dfdef82d7a9680a648807c55d0fa7ae
TRAIN_NEG_00501,train,shuffled,54,ath00330,KEGG_Cellular,0,0.0,False,142,2535f338e2cb5e9719aebe1cdd0b1f65fc9b1b892cd73915201d7f3a5114e4e4
TRAIN_NEG_00502,train,partial_50_80,6,AC_HISTSYN-PWY,AraCyc_Misc,6,1.0,False,142,46d9c06b4a37afdb7d151de3c0802ecf2f9bc0404edc3fd5b00d1375a83e79e5
TRAIN_NEG_00503,train,cross_pathway,10,ath03272;AC_PWY-5670,KEGG_GeneticInfo;AraCyc_Misc,10,1.0,False,142,0b9a96fc90db44558250c1b6de608f7eb630731b4bb2d896c3dd1595a4935ed5
TRAIN_NEG_00504,train,random_5_30,15,,,0,0.0,False,142,a67aa4fac379089a5baa0eabc3ef18bd00906e55a656c059e77d9a33b262c975
TRAIN_NEG_00505,train,shuffled,5,ath00440,KEGG_Cellular,0,0.0,False,142,3cfc3ace4cbabffab55cec6ba49f4e392b8693c24fb92bb32df0a8a1f30a535f
TRAIN_NEG_00506,train,partial_50_80,7,AC_PWY-5097,AraCyc_AminoAcid,7,1.0,False,142,15adbd39963ebb659de8109884b92fc27d7556ea8deb4c5e1b0b53a230cdb359
TRAIN_NEG_00507,train,cross_pathway,8,AC_PWY-5138;AC_PWY-6622,AraCyc_Lipid;AraCyc_Misc,8,1.0,False,142,09b6877db13247b19172f6b59f4885fe785e1e51f45726bc5de61e40b2bef503
TRAIN_NEG_00508,train,random_5_30,23,,,0,0.0,False,142,36c7a6c777efa4db07656da1f2a7e1d7252f9e49e455ff23ac3cac18527f3f3f
TRAIN_NEG_00509,train,shuffled,35,ath04382,KEGG_SignalTrans,0,0.0,False,142,4ae18d1686ae7a4d9894543bba6d02fd2095fd1ef03693589f6cd91c0eb3e81a
TRAIN_NEG_00510,train,partial_50_80,10,AC_PWY-3101,AraCyc_Misc,10,1.0,False,142,5812c12df3f66c808afd247984cf63663d8d4f0b23c87fc68e162c3de51d26c5
TRAIN_NEG_00511,train,cross_pathway,7,AC_PWY-5807;AC_PWY-2463,AraCyc_Misc;AraCyc_Misc,7,1.0,True,142,885cd87a2160344e97ba527a795847e7aa9562be7a08cb7610a54a744c4292c5
TRAIN_NEG_00512,train,random_5_30,11,,,0,0.0,False,142,8c6f49fe69c49af94293f5a6b9cbb40936568782da54ede48e7d6f6d43bc7ec6
TRAIN_NEG_00513,train,shuffled,40,ath04981,KEGG_SignalTrans,0,0.0,False,142,6d40c2b0bf8958e3408ad7e5bf2f8d1cb0c9d92562e81fb37a90f646538a3d8c
TRAIN_NEG_00514,train,partial_50_80,20,ath00310,KEGG_Cellular,20,1.0,False,142,36ff66cfa32d569ec86c51a87924b94ddd9ad6d2c27dd1dede2d9996c8ce403a
TRAIN_NEG_00515,train,cross_pathway,35,AC_PWYQT-4466;AC_ARGSYN-PWY,AraCyc_Carbohydrate;AraCyc_AminoAcid,35,1.0,False,142,3250dd1d42f275e5b34a7abf3be8971a87ee2168714dfaf5269d3bd40b9f3f47
TRAIN_NEG_00516,train,random_5_30,22,,,0,0.0,False,142,6ea82dae2730348f39dee97609325c2a566697ad631ca4f1572bd70fbe421663
TRAIN_NEG_00517,train,shuffled,24,AC_PWY-4221,AraCyc_Misc,0,0.0,False,142,9bc9d46604ca1d1134458cb6fc88bafc4fe9f2757bfc0488c6effa2c5b498246
TRAIN_NEG_00518,train,partial_50_80,7,AC_CHLOROPHYLL-SYN,AraCyc_Misc,7,1.0,False,142,b790bcf6a49a45ffc44201a177b1e7f2cf0fff3663fa80bf86a93565d76dbef8
TRAIN_NEG_00519,train,cross_pathway,38,AC_PWY-5484;AC_PWY-8363,AraCyc_Misc;AraCyc_Misc,38,1.0,True,142,1260c73a0fe070b3991dd73fede3e1d48a19ef2723ec3149f12aa773a6fd8404
TRAIN_NEG_00520,train,random_5_30,14,,,0,0.0,False,142,05f3d156f1f30509a0c9d35103c031478f28e4110e695b693af879f47a868070
TRAIN_NEG_00521,train,shuffled,32,AC_PWY-8279,AraCyc_Misc,0,0.0,False,142,0f7d4e9d8fcb1176395682f4fc975ad2464758d1884bfbd7cd99df29b87ba8e1
TRAIN_NEG_00522,train,partial_50_80,8,AC_PWY-3561,AraCyc_Misc,8,1.0,False,142,816902e76c9ab0861c4ff1f98a5f83406cc900996ddd6742140416547b676fe9
TRAIN_NEG_00523,train,cross_pathway,47,ath00960;AC_GLYCOLYSIS,KEGG_Cellular;AraCyc_Carbohydrate,47,1.0,False,142,c7e146bd8005bd17f4ef9a0a50a897e7db3cfb9984ca0c5f5297a55d416f23e4
TRAIN_NEG_00524,train,random_5_30,9,,,0,0.0,False,142,f6a7cccfffaf3bdbcf663b0474cdd4d94af56daa0508c7c7b23c6100d8f8d875
TRAIN_NEG_00525,train,shuffled,7,AC_PWY-2582,AraCyc_Misc,0,0.0,False,142,1f5c4cda6472fcc8ac24164f174b278ba11337b1ffd2c59bb2ff9362650f926a
TRAIN_NEG_00526,train,partial_50_80,16,AC_PWY-8321,AraCyc_Misc,16,1.0,False,142,7b083ab17b5ca6e6a32788be2a98480acd620b0ec93f900dfe9eacc4a578063a
TRAIN_NEG_00527,train,cross_pathway,15,AC_PWY0A-6303;AC_THRESYN-PWY,AraCyc_Misc;AraCyc_Misc,15,1.0,True,142,2db535e9465ab24e8e09689b649946910f7e72111a3edbdab9d8243e77a11cde
TRAIN_NEG_00528,train,random_5_30,30,,,0,0.0,False,142,5d01001f082bbb52dd2b4213b7685561411c0c693efd6043230c55c4eb9130ac
TRAIN_NEG_00529,train,shuffled,12,AC_PWYQT-4445,AraCyc_Nucleotide,0,0.0,False,142,fb3b2cddfdb46877e9ec39fc9c683b590b1c95419eefcd03bf24b9d38a1d6721
TRAIN_NEG_00530,train,partial_50_80,14,AC_PWY-6607,AraCyc_Nucleotide,14,1.0,False,142,2c181b6126df9c8d7aafb4db64cfa7aab1f4ccb9023576f23777afdda705da0d
TRAIN_NEG_00531,train,cross_pathway,30,AC_PWYDQC-4;AC_PWY-5156,AraCyc_Misc;AraCyc_Lipid,30,1.0,False,142,fec83718b596938f0df8410615ec8b9998bdc21c6abd49c83a54dd3881823f81
TRAIN_NEG_00532,train,random_5_30,22,,,0,0.0,False,142,61595cf31039441027ee90c7fa4c59752ad14cdb1d21e0a68b2764f47893244d
TRAIN_NEG_00533,train,shuffled,19,AC_PWY-5173,AraCyc_Misc,0,0.0,False,142,242b3364ac0a255d6f22d055b52264f32727afe0c0ca9c0c04d641d5c81946b1
TRAIN_NEG_00534,train,partial_50_80,5,AC_PWY-5188,AraCyc_Misc,5,1.0,False,142,0b0e0a22cebcc3a7c490070b6ebc6836f44705750bf4e9d68ed0b46d509ce26b
TRAIN_NEG_00535,train,cross_pathway,63,AC_PWY-3001;ath00480,AraCyc_Misc;KEGG_Cellular,63,1.0,False,142,1f516e4f699ba3282b4f9108ef72efe645e5c01cb1b34acc32a4acfc0ab241b2
TRAIN_NEG_00536,train,random_5_30,22,,,0,0.0,False,142,58eccdc9158c7251d480a3de5233ebaf9da0b7ee97ea5c49b1e2b51132ffbe7e
TRAIN_NEG_00537,train,shuffled,20,AC_DETOX1-PWY-1,AraCyc_Misc,0,0.0,False,142,33fbd5f818d9c11a11fbdcb70f0e5e9f624ef5b22cb1990a184af0135adb8f02
TRAIN_NEG_00538,train,partial_50_80,3,AC_LYSINE-DEG2-PWY,AraCyc_AminoAcid,3,1.0,False,142,7df51f7f3d3d496a4a5d0d612b3f72ec3537725b52a1c139f21d7b4110c58f3a
TRAIN_NEG_00539,train,cross_pathway,5,AC_ALANINE-SYN2-PWY;AC_PWY-7120,AraCyc_Misc;AraCyc_Misc,5,1.0,True,142,65b1674c0ccb8d0b29ce455c4e126a3dffffb9f4dc53d5b3cccbd536d53730a7
TRAIN_NEG_00540,train,random_5_30,6,,,0,0.0,False,142,9acea95221b7c8dc1656291e92c1f3dccc217b22e86df657f21f14acd2cab221
TRAIN_NEG_00541,train,shuffled,10,AC_ARO-PWY,AraCyc_Misc,0,0.0,False,142,d5134594b1431edc2534d9dcdfdc974a724b69e07eec08eff9aa47096f2e8d27
TRAIN_NEG_00542,train,partial_50_80,7,AC_PWY-6363,AraCyc_Misc,7,1.0,False,142,7cb6334b20c3bf3ab83f44da38bffd3439fcf315ce0b9763faffae78233bda11
TRAIN_NEG_00543,train,cross_pathway,17,ath05100;ath00905,KEGG_Environmental;KEGG_Cellular,17,1.0,False,142,bced670741d5a0b2e613da378cef6f8f4c4f4e00b70ca179829795126f746381
TRAIN_NEG_00544,train,random_5_30,16,,,0,0.0,False,142,efd1b03f79cb5c5e7778b7c3e82f2d654ad654675bbf8c56bdac0da38d2fddde
TRAIN_NEG_00545,train,shuffled,14,AC_PWY-4661,AraCyc_Misc,0,0.0,False,142,ce570316dcd40e195dfcee094b4d1e1a212874a80c93445df15186ec2ea23fa6
TRAIN_NEG_00546,train,partial_50_80,12,AC_PWY-8321,AraCyc_Misc,12,1.0,False,142,4f3876d200673046e49e2d853e92b8833ce41f740ee574a935af0f583af107e2
TRAIN_NEG_00547,train,cross_pathway,17,ath01320;AC_PWY-282,KEGG_Cellular;AraCyc_Lipid,17,1.0,False,142,fefc1cc15cc4ed12029c6592e87b817c4ed85e7bd47798318ee4cc216bfa0447
TRAIN_NEG_00548,train,random_5_30,30,,,0,0.0,False,142,159c26cc56e08bf09a9df2c12e69985bc0adac790511570300c9cbef41f8f7a4
TRAIN_NEG_00549,train,shuffled,6,AC_PWY-5350,AraCyc_Misc,0,0.0,False,142,e658aed573f15cb9f8d6d74fd3e4333bd78c78e64288b02f3254be4c3cb80d94
TRAIN_NEG_00550,train,partial_50_80,53,ath00710,KEGG_Metabolism,53,1.0,False,142,dbd1116871bd9e317df1c94801d0cd8f34193a486ad2fb2e2863791974ebb4a5
TRAIN_NEG_00551,train,cross_pathway,39,AC_ETHYL-PWY;AC_GLYCOLYSIS,AraCyc_Misc;AraCyc_Carbohydrate,39,1.0,False,142,5e50158ce3e3202ebe51914980ad45597816b3a7bb8694d98bf21a5c3c386397
TRAIN_NEG_00552,train,random_5_30,21,,,0,0.0,False,142,49b32b69a92943422ef5d14bc4fa4b6dba8f64aab4453d18eb5aa4b478ad554f
TRAIN_NEG_00553,train,shuffled,41,ath04136,KEGG_SignalTrans,0,0.0,False,142,61f4605867ecf886cbba16417238543f1cf9091f49e6c6c467dce9e0c66fa837
TRAIN_NEG_00554,train,partial_50_80,3,AC_PWY-5859,AraCyc_Misc,3,1.0,False,142,7706245c4e01a43ae8f18fc8309547a4793629197e19a40efbdd0db201392cdf
TRAIN_NEG_00555,train,cross_pathway,11,AC_PWY-6527;AC_PWY-4661,AraCyc_Misc;AraCyc_Misc,11,1.0,True,142,0377f13afd8375503cf0f3bf4eeb8fdb81d8f589b301a490dc4302c55da4162b
TRAIN_NEG_00556,train,random_5_30,12,,,0,0.0,False,142,703ea5238ad96af2e15358dee3e6b0639d4c8b7a44c8467efb555d119ba11e03
TRAIN_NEG_00557,train,shuffled,52,ath00510,KEGG_Lipid,0,0.0,False,142,0a7fc6ded7955ad593c4a8717b273cfd07299b22c863f8d5aacbd2a212c345ba
TRAIN_NEG_00558,train,partial_50_80,20,AC_PWY4FS-8,AraCyc_Misc,20,1.0,False,142,38a183f4767bdaa000a0dbe9f39e687a9a8e878b3278e1166a86d783e8338a6f
TRAIN_NEG_00559,train,cross_pathway,25,ath00071;AC_PWY-6364,KEGG_Lipid;AraCyc_Misc,25,1.0,False,142,d8fc7aa0d6aced6dcc7b189ee8fc663f053af5a9b27c11d0152128cfa12d370c
TRAIN_NEG_00560,train,random_5_30,6,,,0,0.0,False,142,5f68fb09a8e6c4454aaa428c88a660f377d5f18e81dd4c271c37f99befd2ad1b
TRAIN_NEG_00561,train,shuffled,5,AC_PWY-7851,AraCyc_Misc,0,0.0,False,142,b7032be565b31331c820ff356491f43c09d359248115d5710c3cbf08e8a5bb54
TRAIN_NEG_00562,train,partial_50_80,14,AC_BRANCHED-CHAIN-AA-SYN-PWY,AraCyc_AminoAcid,14,1.0,False,142,6cb7a0614a0a8767f79d201053fb3831fa27d3ef40b4125fb46e569f7b0f6853
TRAIN_NEG_00563,train,cross_pathway,8,ath03450;AC_PWY-6605,KEGG_GeneticInfo;AraCyc_Misc,8,1.0,False,142,20a4c8e15207d71b6ba74f61d685c48a80bd7610a1aff51139769362dd85989e
TRAIN_NEG_00564,train,random_5_30,7,,,0,0.0,False,142,443cf2f117586674fa0449ba035d93fb79a8e9b23ed7959050c252aa36d33f5e
TRAIN_NEG_00565,train,shuffled,10,AC_PWY-6367,AraCyc_Misc,0,0.0,False,142,a3f1302fe42d59776a6998365fbdbb38219d5d09c9418fea2609e4f3fcce3156
TRAIN_NEG_00566,train,partial_50_80,3,AC_PWY-5957,AraCyc_Misc,3,1.0,False,142,d29fe01a06a5baec323d0a72c391b1eb86642b50e68b2c20f9648664401747f6
TRAIN_NEG_00567,train,cross_pathway,10,AC_PWY-6605;AC_PWY-7560,AraCyc_Misc;AraCyc_Misc,10,1.0,True,142,75388ab46f9a889a670497b2bd6a9e1f37f1aec4ef7d84e2fcc9b5bfe10aa738
TRAIN_NEG_00568,train,random_5_30,20,,,0,0.0,False,142,ee578311a61daa3d53ae979970f63aa6f03ad7328068fa0538b6ab7f7f8fd176
TRAIN_NEG_00569,train,shuffled,5,AC_PWY-6364,AraCyc_Misc,0,0.0,False,142,29c5d289c1c37a861f0673aeaf1a22a111343ea6fa9ee0090e88cd67dbeafc39
TRAIN_NEG_00570,train,partial_50_80,5,AC_PWY-7204,AraCyc_Cofactor,5,1.0,False,142,a287782c11c4cec5f045c5b87c147d85cd5faad92f80e860cd79eb56608718fd
TRAIN_NEG_00571,train,cross_pathway,11,AC_RIBOSYN2-PWY;AC_GLYCLEAV-PWY,AraCyc_Misc;AraCyc_Misc,11,1.0,True,142,b882de7867500a86fdbd95d0a303f75153b5b59490ea0d94b70c8b52015aa72c
TRAIN_NEG_00572,train,random_5_30,10,,,0,0.0,False,142,5cf17585dbd50e6ccde28632a21dccbb1358331e6c89118ca95c708d30ee7afa
TRAIN_NEG_00573,train,shuffled,13,AC_PWY0A-6303,AraCyc_Misc,0,0.0,False,142,d2c6e2199aa19f53b0e92061915ef9d00b2801bbb7bc01f22592ee158b52ac88
TRAIN_NEG_00574,train,partial_50_80,4,AC_PWY-6622,AraCyc_Misc,4,1.0,False,142,d83fcc29f49756d125c68ea61c45e83b4354832c88d496099e1338f967c30b81
TRAIN_NEG_00575,train,cross_pathway,42,AC_PWY-7039;AC_PWY-1121,AraCyc_Misc;AraCyc_Misc,42,1.0,True,142,18bec7472ca52a593e5d0f3ff1aa0066df1d2298a03136e0bb5ca158666cda80
TRAIN_NEG_00576,train,random_5_30,28,,,0,0.0,False,142,7b1146198657810cd6619c564f1825a0416112b1e38b678cc9d22fb60aab3b51
TRAIN_NEG_00577,train,shuffled,6,AC_ALANINE-SYN2-PWY,AraCyc_Misc,0,0.0,False,142,b043334f33856bbde9b8f2ac013d596200eabed723ad9d08fc016e3fe593ba99
TRAIN_NEG_00578,train,partial_50_80,15,AC_PWY-5083,AraCyc_Misc,15,1.0,False,142,73fa57bb44975196994ccce2b788ee44c67f6d190783a0a582df3c6f2cbb9d56
TRAIN_NEG_00579,train,cross_pathway,5,ath00902;AC_PWY-7851,KEGG_Cellular;AraCyc_Misc,5,1.0,False,142,2d21f56701ba9f0ae3c8ad279a815cdc301113acf390b6ee6e6d9dbe84c1c99a
TRAIN_NEG_00580,train,random_5_30,5,,,0,0.0,False,142,ea6c380975f7be815811550eb79f1a2f71adcc536a86cc7947807646f4454e05
TRAIN_NEG_00581,train,shuffled,10,AC_CHLOROPHYLL-SYN,AraCyc_Misc,0,0.0,False,142,6f2d35b6410908c074e1db226fc9597d76515c9cf3d7c1c75858946715099e18
TRAIN_NEG_00582,train,partial_50_80,38,AC_TRIGLSYN-PWY,AraCyc_Misc,38,1.0,False,142,73150668aa81652d528ffbde3041da0d350abcfe6d95f785698028f360146639
TRAIN_NEG_00583,train,cross_pathway,19,AC_PWY-6612;AC_PWY-6717,AraCyc_Cofactor;AraCyc_Misc,19,1.0,False,142,9ce27169a838f18854d68bcc4937fda5e656182aceac597a7dbf94da342da737
TRAIN_NEG_00584,train,random_5_30,12,,,0,0.0,False,142,6d52198ed6af1737608ea29441bc3a6c216fa16088cbe932fe87bf5cf8245f4e
TRAIN_NEG_00585,train,shuffled,23,AC_PWY-8363,AraCyc_Misc,0,0.0,False,142,32f8e0e6da1329b10f54ba0fd37c8801edbdec9ce8638f2e9d43c7e5177658f4
TRAIN_NEG_00586,train,partial_50_80,5,AC_PWY-4361,AraCyc_Misc,5,1.0,False,142,6aaa1e1b71ba899ede4bfc92e2184b7d095edf70bc422847cc9232c67bc29c0b
TRAIN_NEG_00587,train,cross_pathway,7,AC_ILEUDEG-PWY;ath00902,AraCyc_Misc;KEGG_Cellular,7,1.0,False,142,bafa23b6f694035517ed4e7d07390a12bee419df1f8621d197f468b2577a40bd
TRAIN_NEG_00588,train,random_5_30,5,,,0,0.0,False,142,89e79d53f71319dd9b069652078c3ac908e3524e8614670c75a4579ce2f75745
TRAIN_NEG_00589,train,shuffled,15,ath00750,KEGG_Cellular,0,0.0,False,142,4464a1975e1030cbcbd5c30fb94c13117adcf649f1dc211a66658c2cf93cdb45
TRAIN_NEG_00590,train,partial_50_80,3,AC_PWY-7909,AraCyc_Misc,3,1.0,False,142,01d0ec9d10cfec105f0725a8e3e120c582cb2b442e663c542fa47b70a69a2dd8
TRAIN_NEG_00591,train,cross_pathway,11,AC_PWY-2463;AC_PWY-282,AraCyc_Misc;AraCyc_Lipid,11,1.0,False,142,461429e5327642180f08de4a796b0e7f82a97747d34955cfbaba6db255edf840
TRAIN_NEG_00592,train,random_5_30,20,,,0,0.0,False,142,34ee8b4d70028fef989fe2bc1638289c267d9b74c101cda204b243cf6e604152
TRAIN_NEG_00593,train,shuffled,5,AC_PYRIDNUCSYN-PWY,AraCyc_Misc,0,0.0,False,142,d0d7e8ee7019c524a9771e87426aa00b281b8109aeea6a4c57b3bcd66e8219c1
TRAIN_NEG_00594,train,partial_50_80,12,AC_PWY-101,AraCyc_Misc,12,1.0,False,142,7ed81cb153e115c2c4fe0095941a88c3b875dd9361c420111f66061e09cef836
TRAIN_NEG_00595,train,cross_pathway,22,ath04981;AC_PWY-4984,KEGG_SignalTrans;AraCyc_Misc,22,1.0,False,142,c86892cd85ab265802a79ef5a7452b57bd669feaf82f0fa6af9d7f305f04aa51
TRAIN_NEG_00596,train,random_5_30,18,,,0,0.0,False,142,b79898cbd8f9f709fc6b8afc0d7c8069afb35a61a5d3c455cde80e7c683ddf21
TRAIN_NEG_00597,train,shuffled,21,AC_PWYQT-62,AraCyc_Misc,0,0.0,False,142,1cc0cee750d68938daf186eac60e116dad3314f8b7d4b0af44f7e62f1de3bc16
TRAIN_NEG_00598,train,partial_50_80,11,AC_PWYQT-4429,AraCyc_Misc,11,1.0,False,142,c9bfc1bf8c56a1978e2d449718f517e1869116e45581b0e089398b6fb29cb9c1
TRAIN_NEG_00599,train,cross_pathway,23,ath00910;AC_PWY-6118,KEGG_Cellular;AraCyc_Misc,23,1.0,False,142,6bcbcb8c43c515fd013401da9a801b094eb385ef5bb8023315c817ae1a6f7e33
TRAIN_NEG_00600,train,random_5_30,30,,,0,0.0,False,142,813979417946e0d7b7333e2fa8b55cdc2ba9ea1811c369eeac8780126888049e
TRAIN_NEG_00601,train,shuffled,21,AC_PWY-6040,AraCyc_Misc,0,0.0,False,142,4fe973d05a195575f9a7d3975e55b684f5d2a5305af6d4f0af141b18c5eabfe3
TRAIN_NEG_00602,train,partial_50_80,4,ath00470,KEGG_Cellular,4,1.0,False,142,6c6b7cac85ee2949c42f5afcce351e704190a9e67b69bbf814341604103cd56d
TRAIN_NEG_00603,train,cross_pathway,27,AC_PWY-581;ath00340,AraCyc_Misc;KEGG_Cellular,27,1.0,False,142,8f77c3a0bc218b26430d4204951f14d7deef6719f3d499d88f1f2c17c9086993
TRAIN_NEG_00604,train,random_5_30,9,,,0,0.0,False,142,ad1d0a64660571306260ce325b83643eb6736f24dd0c0985a925f060c574a7c2
TRAIN_NEG_00605,train,shuffled,6,AC_PWY66-21,AraCyc_Misc,0,0.0,False,142,a927ab0a5cdff6b99a777596d5d6396a93c5ee1d9375fedabaaaff42086a43b6
TRAIN_NEG_00606,train,partial_50_80,7,AC_PWY-5188,AraCyc_Misc,7,1.0,False,142,7653039dcbdbd5d0384a16cb0510519f42b63bba587415b41fd3266c4074e5ba
TRAIN_NEG_00607,train,cross_pathway,24,AC_PWY-6351;AC_PWY-3041,AraCyc_Misc;AraCyc_Misc,24,1.0,True,142,15bee7bb32cb0f821384bfad31d2b6dc38493bf68f85f89830d712d214532c48
TRAIN_NEG_00608,train,random_5_30,29,,,0,0.0,False,142,042472a08de0c06c0154400deb2b67b56f8add9a46ed0bcbea4c4d1dc49298fe
TRAIN_NEG_00609,train,shuffled,8,AC_PWY-7634,AraCyc_Misc,0,0.0,False,142,7ab4de6f4807d23840a2f72e9288c6b0014e4bafcb80966da877a012bef7f0c7
TRAIN_NEG_00610,train,partial_50_80,6,AC_PWY-4765,AraCyc_Lipid,6,1.0,False,142,31abb697ccf2fd48c698ea5b30238ef40d93a5cc91920755c561fcfed07d9c59
TRAIN_NEG_00611,train,cross_pathway,10,AC_HOMOSERSYN-PWY;ath00750,AraCyc_Misc;KEGG_Cellular,10,1.0,False,142,801f82a4d30823fb27c325f1367e80b7e05a93eddfd5839f59d7727695a5f229
TRAIN_NEG_00612,train,random_5_30,19,,,0,0.0,False,142,ff496f62ee33c9a2b87f7f44ea2eb4fde4ec0a84da29f1f30b565f7a8106d717
TRAIN_NEG_00613,train,shuffled,12,AC_PWY-4821,AraCyc_Misc,0,0.0,False,142,82a3cf656461266e9038084b6ed8ede58a4c7cf63728ea590ca2fc9a94a73fae
TRAIN_NEG_00614,train,partial_50_80,64,ath00230,KEGG_Cellular,64,1.0,False,142,6d7a64e88d089f2bcfefbba89e975cd4e0a5e5fccfe7e6400534d4761fb22f5c
TRAIN_NEG_00615,train,cross_pathway,70,AC_PWY-5044;ath00010,AraCyc_Nucleotide;KEGG_Metabolism,70,1.0,False,142,fd113bda56e6c386b587c201901db429f503f5ebfc5e097a277986e3029cacde
TRAIN_NEG_00616,train,random_5_30,26,,,0,0.0,False,142,c2be9fe0d8912d5547cc90a9e790c648b64f724f3999d91549906a06157fd690
TRAIN_NEG_00617,train,shuffled,8,AC_PWY-5027,AraCyc_Misc,0,0.0,False,142,8a757e8b05774306dcb31a12901c9eb7d92bad4f0cc442c1c948e0dcc6764f30
TRAIN_NEG_00618,train,partial_50_80,22,ath00100,KEGG_Metabolism,22,1.0,False,142,9e14fd82ee1fc907e545ec912f8aeec092171a94ef4594ccea535d2445d47746
TRAIN_NEG_00619,train,cross_pathway,39,ath00999;AC_PWY-2463,KEGG_Cellular;AraCyc_Misc,39,1.0,False,142,d198a7e0131074a75f545babc318940c204af4c15bc12e2151494ca9e20da9ce
TRAIN_NEG_00620,train,random_5_30,15,,,0,0.0,False,142,3c39bdb141b3199affa75085694c5053c0278ea3324fd2e4d9d6bca6b4cc3317
TRAIN_NEG_00621,train,shuffled,10,AC_PWY-3941,AraCyc_Misc,0,0.0,False,142,d13aec4344c3c47675630c78de09607fe430ef254a33d30a456db431e77e25ec
TRAIN_NEG_00622,train,partial_50_80,27,ath04517,KEGG_SignalTrans,27,1.0,False,142,56fe0a6df86fbec8cdbc7178ad15cc2adda62e459c88f7e82d2c7ba05a0e7240
TRAIN_NEG_00623,train,cross_pathway,8,ath03272;AC_PWY0-662,KEGG_GeneticInfo;AraCyc_Misc,8,1.0,False,142,660e05429f67452f5b4e745083295c6cea8d1b9c906c6e13c9c994b000ecb136
TRAIN_NEG_00624,train,random_5_30,19,,,0,0.0,False,142,bf63e47855c3a5085ce2dd182c05e5fcdc53ca9f94587580c131de94492f866c
TRAIN_NEG_00625,train,shuffled,20,ath00650,KEGG_Cellular,0,0.0,False,142,fbfa6db849971ebfe6cde00a4e549805f02286640fb7c4de8802fc36af930db8
TRAIN_NEG_00626,train,partial_50_80,8,AC_PWYQT-4482,AraCyc_Misc,8,1.0,False,142,cfac0f78a58d7025e93b9d6a3982fcaf9c2887c8415e7d58c12f21eed3871fd2
TRAIN_NEG_00627,train,cross_pathway,38,AC_PWY-5142;ath00710,AraCyc_Misc;KEGG_Metabolism,38,1.0,False,142,30a764bff09f7f7b4455b80543260d6fd8e0cae215c26c9ad18d1ab6ad85bfff
TRAIN_NEG_00628,train,random_5_30,11,,,0,0.0,False,142,a06fa7f550b358b0da0472572b6f3a7c39734a98834e306dbc9da1392af0a5c9
TRAIN_NEG_00629,train,shuffled,36,ath00785,KEGG_Cellular,0,0.0,False,142,93b8f9b41e904e8ea0078af6e07a2f202ff50fe8ac38e41c832374373c7867a3
TRAIN_NEG_00630,train,partial_50_80,14,AC_PWY-2902,AraCyc_Misc,14,1.0,False,142,57e835435b115fc08905e51143806fa61c8f3e9b5e09709d6bb9dcbad031b58e
TRAIN_NEG_00631,train,cross_pathway,5,AC_PWY-5800;AC_PWYQT-4450,AraCyc_Misc;AraCyc_Misc,5,1.0,True,142,12ea1a7ccb8ee79fe70a6f11567fd56ce403ecd5ba5d8b12a8c80999affac0d1
TRAIN_NEG_00632,train,random_5_30,23,,,0,0.0,False,142,32465be57d21fc0e3c21cd2f66ab6e909335c06b2b9bf18b70fc11ef28744646
TRAIN_NEG_00633,train,shuffled,43,AC_PWY-5390,AraCyc_Misc,0,0.0,False,142,0a40b4c57e51e032d9fb1d9c00380496ec69ca0e30b6377c048064bc8f79954e
TRAIN_NEG_00634,train,partial_50_80,3,AC_PWY3O-450,AraCyc_Misc,3,1.0,False,142,ff18feefc2e593175af65c590bedc6e7f65115cccaf9d8449dd2b2984cf67918
TRAIN_NEG_00635,train,cross_pathway,5,AC_PWY3O-450;AC_PWY-1741,AraCyc_Misc;AraCyc_Misc,5,1.0,True,142,cfa6d7d79cab07bf224fd1e224914850c751e0f7403d5725d3a14c6a08660b83
TRAIN_NEG_00636,train,random_5_30,26,,,0,0.0,False,142,ea3416493bf902e57ca6678d5303b6e8f5ac2c50a22a920997a8ef62ed21d3e6
TRAIN_NEG_00637,train,shuffled,7,AC_PWY-5142,AraCyc_Misc,0,0.0,False,142,65e322c26e9ae5e1929b953a2ae976bf1194ba0103c89db6573493365ccb1919
TRAIN_NEG_00638,train,partial_50_80,11,AC_PWY-5173,AraCyc_Misc,11,1.0,False,142,4f2ff4132efce7bf407416c3c5eb54a7e7da97662142f4b798e42b70f21dba4a
TRAIN_NEG_00639,train,cross_pathway,25,AC_PWY-7204;AC_PWY-6351,AraCyc_Cofactor;AraCyc_Misc,25,1.0,False,142,13eebe96dd794d739a723f13c02d73c9604a7b90f956dcedf1bfb71779e80156
TRAIN_NEG_00640,train,random_5_30,26,,,0,0.0,False,142,53eb5b813e09c7bd44cf61c6e361825f8bb9ea798784ef26dc377b648f928619
TRAIN_NEG_00641,train,shuffled,33,AC_PWY-841,AraCyc_Nucleotide,0,0.0,False,142,4ef041d625d1642af3061db364959bb07279cd43bf69c6097f6b8b54224457a6
TRAIN_NEG_00642,train,partial_50_80,7,AC_PWY4FS-7,AraCyc_Misc,7,1.0,False,142,175aae0d8f4555ed82f09105e3b098d24b92ad5b57a30c6b9672e26a6433ebdf
TRAIN_NEG_00643,train,cross_pathway,31,ath03022;AC_PWY-6527,KEGG_GeneticInfo;AraCyc_Misc,31,1.0,False,142,c36c2e4e5820b84ef549347cf69b5decb231bab3f56b70180d2ca16af7846549
TRAIN_NEG_00644,train,random_5_30,17,,,0,0.0,False,142,09e505a34acb1268a897378e6f026a65598d984ee462631f9b87c92bec3e122f
TRAIN_NEG_00645,train,shuffled,25,AC_PWY-2902,AraCyc_Misc,0,0.0,False,142,b0842e54214fe0eb9c280aa66689b5c6c91011cc41647d51b68aa785bf93be2e
TRAIN_NEG_00646,train,partial_50_80,32,AC_PWY-5484,AraCyc_Misc,32,1.0,False,142,a16eb01d762ca826e1a478a4d2db32377b19ecdd392f7a3970a7f6b38845c162
TRAIN_NEG_00647,train,cross_pathway,14,ath03272;ath00450,KEGG_GeneticInfo;KEGG_Cellular,14,1.0,False,142,0c310db5aa54a22a17260ee17627775c63cffb53952d59bd911451050d1b7f7d
TRAIN_NEG_00648,train,random_5_30,16,,,0,0.0,False,142,282f4796a367688c9735b0f88f4d43daa3a90cf6669ea52bfe0d6a00e23b5ff8
TRAIN_NEG_00649,train,shuffled,30,AC_PWY-7238,AraCyc_Carbohydrate,0,0.0,False,142,0b1180a9e2026f7f488e3a43ecccecd8ebfbd07ae8b5e85200a055d167e8064c
TRAIN_NEG_00650,train,partial_50_80,86,ath03018,KEGG_GeneticInfo,86,1.0,False,142,7a3831b1e432fc08c26075fd6c95ef833b0a278e00609c587602a564c21da0d9
TRAIN_NEG_00651,train,cross_pathway,11,AC_PWYDQC-4;ath00945,AraCyc_Misc;KEGG_Cellular,11,1.0,False,142,06c74b49fac966fc37d21de979a472af39e41bdcd05de279e373f35332ea7c85
TRAIN_NEG_00652,train,random_5_30,10,,,0,0.0,False,142,c0a8e9d8b9db5a0f3e42d16486f26938141afc88bf9614291a4d5e32fb750425
TRAIN_NEG_00653,train,shuffled,5,ath00543,KEGG_Lipid,0,0.0,False,142,8315299a27baa29836f46684288ec4b93b7b08688ffcc2bb3fe03e074d6ea177
TRAIN_NEG_00654,train,partial_50_80,4,AC_PWY-6754,AraCyc_Misc,4,1.0,False,142,092d957650c621993e6e46a540802478958023aede6f711f8055ef263da0a847
TRAIN_NEG_00655,train,cross_pathway,8,AC_ALANINE-SYN2-PWY;AC_PWY-6556,AraCyc_Misc;AraCyc_Nucleotide,8,1.0,False,142,66b5530bddc4f794bd5670c15e38b21c2535379fc85264ed090ccdbcd7dbc4c9
TRAIN_NEG_00656,train,random_5_30,29,,,0,0.0,False,142,ad6fffd92b1f11817d39739d2df0a30791e02f119141375bb96ae05cb48d6a26
TRAIN_NEG_00657,train,shuffled,35,AC_CALVIN-PWY,AraCyc_Misc,0,0.0,False,142,919033f1917435ba3e90b606d43d8c80bd9f1a5b23c0f1e82909bb3d63e4c4c1
TRAIN_NEG_00658,train,partial_50_80,6,AC_PWY-5098,AraCyc_Misc,6,1.0,False,142,7543bed600802fdb9f14acbbe97bb4b1b44cff027a2cfadd944bceea2cd6e3a6
TRAIN_NEG_00659,train,cross_pathway,6,AC_PWY-4702;ath00905,AraCyc_Misc;KEGG_Cellular,6,1.0,False,142,dedad6266a3b36db1b48cf4e9b44e2052f0c9f70c4300cf5b2294c4d5549c8f0
TRAIN_NEG_00660,train,random_5_30,29,,,0,0.0,False,142,d44c6194e094c789116a58e87d7a8c7a19f5d8caf02752e7957bff3d8b8fd138
TRAIN_NEG_00661,train,shuffled,35,ath04382,KEGG_SignalTrans,0,0.0,False,142,d1602099d93a7b8e5f5abf45d0d2c7d1415a650bef84b5ee3e825510ffa70cd8
TRAIN_NEG_00662,train,partial_50_80,10,AC_PWY-6612,AraCyc_Cofactor,10,1.0,False,142,1eae55faf0573f06b0dbd76cd666a96551708d2c6fe0e0e48a58e79c81eac579
TRAIN_NEG_00663,train,cross_pathway,220,ath04075;AC_PWY-6710,KEGG_SignalTrans;AraCyc_Lipid,220,1.0,False,142,9703293a3db92205c6791d56f7bbf6d01c41c8c8a4792a418c1216c3dc8c7397
TRAIN_NEG_00664,train,random_5_30,10,,,0,0.0,False,142,dd36eff7258934213b95e48ac0ec64d5af0c15795548303b830b7700aa452b9e
TRAIN_NEG_00665,train,shuffled,9,AC_PWY-2681,AraCyc_Misc,0,0.0,False,142,983609d7915b3ac8f746fccbe002be9e49ab50afa2354b338243778208349d92
TRAIN_NEG_00666,train,partial_50_80,5,AC_PWY-6121,AraCyc_AminoAcid,5,1.0,False,142,c8c40690a37bac7bfcc13c353a1c3878425694ee74d4baa66ca894294003ad1a
TRAIN_NEG_00667,train,cross_pathway,31,AC_PWY-6118;ath00030,AraCyc_Misc;KEGG_Cellular,31,1.0,False,142,0f19c43e865d495350dd3d1875521a306e003519969f7914de9e81695e727377
TRAIN_NEG_00668,train,random_5_30,26,,,0,0.0,False,142,4f436a0bbd66db56c659b0506cc7ce13a264d9cd9b6b83a891428e2b8ca37b07
TRAIN_NEG_00669,train,shuffled,26,ath05100,KEGG_Environmental,0,0.0,False,142,8d547387346c602ad28fb0d50857a6382f6d87e75bfbeb9d857abb642e44d8f2
TRAIN_NEG_00670,train,partial_50_80,42,ath04814,KEGG_SignalTrans,42,1.0,False,142,81aad645fd02c008c28da5579ef8ab317735e6ae2b93371de4094616e282b3c6
TRAIN_NEG_00671,train,cross_pathway,7,AC_PWY-5934;AC_PYRIDNUCSYN-PWY,AraCyc_Misc;AraCyc_Misc,7,1.0,True,142,fa9a94f4c6f3785251fd54b8ce2caf60cde31a92fccd991e5c06e32156d02e32
TRAIN_NEG_00672,train,random_5_30,25,,,0,0.0,False,142,8c8bc53089b1303c0c514632a2fa1299e3d4e7cb6943c459c4f685601da05ff8
TRAIN_NEG_00673,train,shuffled,5,AC_PWY0-662,AraCyc_Misc,0,0.0,False,142,5e97445dc44504b889db16e92971b7162c2e97cd395e59f225b09f8d4dcfade5
TRAIN_NEG_00674,train,partial_50_80,5,AC_DTDPRHAMSYN-PWY,AraCyc_Misc,5,1.0,False,142,055ff3ec21ac0d173ab293d34775f6a49215457b2d172268e864712c47e72e55
TRAIN_NEG_00675,train,cross_pathway,32,AC_PWY-7140;ath04148,AraCyc_Misc;KEGG_SignalTrans,32,1.0,False,142,ccd3b5317f7e81bc493345033fb74033925c82324d10c6ed141b2d550da8f5ee
TRAIN_NEG_00676,train,random_5_30,18,,,0,0.0,False,142,527e0e435a0339c6bff23fb0ce4b8f1ccbf2776ce2b04a6cb47867c0541c1fb9
TRAIN_NEG_00677,train,shuffled,13,AC_ARGSYNBSUB-PWY,AraCyc_AminoAcid,0,0.0,False,142,f95045a6f83fe5b7ad39120e6156464c4245383ab1c063e6b565751b253b6a1b
TRAIN_NEG_00678,train,partial_50_80,15,AC_PWY-3841,AraCyc_Cofactor,15,1.0,False,142,3a2189def7fbf2b66b05d6195af774bd42fd1dcdc1b80793c94514eb39b3a4f7
TRAIN_NEG_00679,train,cross_pathway,4,AC_PWY-7205;AC_PWY-7546,AraCyc_Misc;AraCyc_Misc,4,1.0,True,142,5cf3e594f75f277d4666a9fde38273c580102649e482cdf760a4f9ad0c4201d7
TRAIN_NEG_00680,train,random_5_30,20,,,0,0.0,False,142,1c013325d8253e92fae5e9b34cb1d5779fb8b84ee95567db75889378456f65f4
TRAIN_NEG_00681,train,shuffled,37,AC_PWY-321,AraCyc_Misc,0,0.0,False,142,bffbe9440c912459d882b8607e7440284f96d1110d60bbd6ba449f84e8ca2894
TRAIN_NEG_00682,train,partial_50_80,18,AC_PWY-6717,AraCyc_Misc,18,1.0,False,142,7d66656e37c3507b192aa524fd18251454f690117466dc3ba81058361c07568f
TRAIN_NEG_00683,train,cross_pathway,46,AC_PWY-5484;AC_PWY-6266-ARA,AraCyc_Misc;AraCyc_Misc,46,1.0,True,142,ee3b6f02c2c734c8a83629a11a513fc3ac0f367f8af0ee2a62fe905f158a25ad
TRAIN_NEG_00684,train,random_5_30,6,,,0,0.0,False,142,5489a8c2f67ee6057da2fa95a84c5cf3f49136e53bc70a6cb2a0376eb58bd222
TRAIN_NEG_00685,train,shuffled,40,AC_PWY-6733,AraCyc_Misc,0,0.0,False,142,eed44c0f317f5d93cfa28f853fb69f8a772ee95c6aeca344cd26ee230fcda2a4
TRAIN_NEG_00686,train,partial_50_80,6,ath00945,KEGG_Cellular,6,1.0,False,142,a50239dbaf7eb2d472eff23983335722a1537bcf84ae92e7152c03e12e91ec96
TRAIN_NEG_00687,train,cross_pathway,117,ath00330;ath00500,KEGG_Cellular;KEGG_Lipid,117,1.0,False,142,d9a1680cfb16975295db85f20802284f2827bd0b4d8dfc4a540a5013e703f94e
TRAIN_NEG_00688,train,random_5_30,10,,,0,0.0,False,142,420d79ae49332fc450f359f0ce838da299f11da89c6dee78c9c2967884818eaf
TRAIN_NEG_00689,train,shuffled,13,AC_ARGSYNBSUB-PWY,AraCyc_AminoAcid,0,0.0,False,142,6c711b33772db8c6dfd4dd328826656ea64314164bd30e877277401efbb88293
TRAIN_NEG_00690,train,partial_50_80,37,ath00071,KEGG_Lipid,37,1.0,False,142,3b9b8b73acb07ef99be8b7339149bcb1bb6cfdd82db6363bfb8a71234577401a
TRAIN_NEG_00691,train,cross_pathway,20,AC_PWY-841;AC_PWY-5070,AraCyc_Nucleotide;AraCyc_Misc,20,1.0,False,142,ab69028d5743333d61fc97afabf4c9341957a8852174deaee3e0897363de4736
TRAIN_NEG_00692,train,random_5_30,17,,,0,0.0,False,142,48afb93088c0fcb6bdd24e8eb2133bb6bd481e7925588994854edc4478460f82
TRAIN_NEG_00693,train,shuffled,10,AC_NONMEVIPP-PWY,AraCyc_Misc,0,0.0,False,142,23bdfad7820485a2fb52fa31706104f8f38b7e3c1d42479cf06464469ecaff49
TRAIN_NEG_00694,train,partial_50_80,45,ath00900,KEGG_Cellular,45,1.0,False,142,78fd51b5a5c3f0cb7738c084d6aae8e1c0f1bdc33386064172817c283bd400f9
TRAIN_NEG_00695,train,cross_pathway,63,ath03018;AC_PWY-7560,KEGG_GeneticInfo;AraCyc_Misc,63,1.0,False,142,435f3372df60c1d11351cf4a11a75379467d7714b5bae7ba478fdceb186ef8b6
TRAIN_NEG_00696,train,random_5_30,16,,,0,0.0,False,142,494fb24e436ca4f35db73d02d76ac4b93185b22530189f6c9dbff2c4f0803fad
TRAIN_NEG_00697,train,shuffled,124,ath00520,KEGG_Lipid,1,0.008064516129032258,False,142,d00ffccda396f639a1b240d9f50a95271cd0a67688231e3916663db570171ae4
TRAIN_NEG_00698,train,partial_50_80,12,AC_PWY-7211,AraCyc_Nucleotide,12,1.0,False,142,68270f2abd66323542a06a59635cac95a58ca1277342a02c2f5db40fa80e984b
TRAIN_NEG_00699,train,cross_pathway,12,AC_PWY-702;ath00261,AraCyc_AminoAcid;KEGG_Cellular,12,1.0,False,142,2c870701e7e1547c56c3c78a3ecb91cab751bcd7eac95d75a908f91673f1197d
TRAIN_NEG_00700,train,random_5_30,30,,,0,0.0,False,142,c8f6f64f5fcafbe5d3e6769889f57d631dbebba0707e16d241c91baaefbcf416
TRAIN_NEG_00701,train,shuffled,8,AC_PWY-5046,AraCyc_Misc,0,0.0,False,142,e84a7505dda1bc80496747be3a1fd867c6b5ce4be5cb867d9299ae00934090b9
TRAIN_NEG_00702,train,partial_50_80,4,AC_PWY1ZNC-1,AraCyc_Misc,4,1.0,False,142,6209c4db551caca0f2930eed2695e02836a2c6101e18588ad76c9aaaab750c33
TRAIN_NEG_00703,train,cross_pathway,133,ath03040;AC_PWY-3841,KEGG_GeneticInfo;AraCyc_Cofactor,133,1.0,False,142,9412f575bd4fc053475e34e000fb014d5d39584fb2357f3389a3ff04d19c5285
TRAIN_NEG_00704,train,random_5_30,16,,,0,0.0,False,142,613317120ec717fe7f7c4554a836602f80ac32fce8b252d9ed219c5e489e43c3
TRAIN_NEG_00705,train,shuffled,18,AC_PWY-4101,AraCyc_Misc,0,0.0,False,142,a4631ddd5fad1ef4f152f0f928dae44f0646f96500e6061281fb7ff5c496bada
TRAIN_NEG_00706,train,partial_50_80,17,ath00196,KEGG_Metabolism,17,1.0,False,142,2fccf448f94c775f73159a94aebf3e716eaa020ca89cc691cbb65366c58b86f2
TRAIN_NEG_00707,train,cross_pathway,51,AC_PWY-5350;AC_PWY-7345,AraCyc_Misc;AraCyc_Carbohydrate,51,1.0,False,142,4d4f7cf855c677db722c27053a4ee5633f4b617feec55355db138e416948d550
TRAIN_NEG_00708,train,random_5_30,13,,,0,0.0,False,142,bb151c14be720f573e5c58e4f0ad2ccb03c28b06bd9d94304b69f46633370dc7
TRAIN_NEG_00709,train,shuffled,26,ath05100,KEGG_Environmental,0,0.0,False,142,9318c28497ab6774603c06f1c5c688987680403498fcacc0b710fa4808ade9cf
TRAIN_NEG_00710,train,partial_50_80,3,AC_PWY66-21,AraCyc_Misc,3,1.0,False,142,db3e8e593f546fabd18958a45c371313f6f3a6a34706ba0ae01e3f02fb6e1c7a
TRAIN_NEG_00711,train,cross_pathway,123,AC_PWY-3461;ath03040,AraCyc_Misc;KEGG_GeneticInfo,123,1.0,False,142,4d22b098604c031dfbbc2721851c9d869d3778548cb791733bc87535cbfec859
TRAIN_NEG_00712,train,random_5_30,17,,,0,0.0,False,142,c62e1e43d28cc3d0fdc7b7f5aa0c08307b9f5044067d74b85b4b90a6a8496a1e
TRAIN_NEG_00713,train,shuffled,10,AC_PWY-922,AraCyc_Misc,0,0.0,False,142,a5579d4ad335c540e95a0e669f610c4b8681652901c525868ffcba9e8c692619
TRAIN_NEG_00714,train,partial_50_80,5,AC_PWY-6358,AraCyc_Misc,5,1.0,False,142,f16982d8c1df19343bb26eed43bd80495157154803279db9f77347299ac7b398
TRAIN_NEG_00715,train,cross_pathway,8,AC_PWY-5041;ath04082,AraCyc_AminoAcid;KEGG_SignalTrans,8,1.0,False,142,93ff174413a7fecf06a3b891898b1ef69c19b82185587062692dce71d830be1d
TRAIN_NEG_00716,train,random_5_30,12,,,0,0.0,False,142,d497603c55798264c0d3b2d03fd593b72d09034012a8e3d4fce01870557e26fe
TRAIN_NEG_00717,train,shuffled,8,AC_PWY-6051,AraCyc_Misc,0,0.0,False,142,3608bfdc75533e7d257f8aab4e26a6ec548da670241eeb65cb7e52d3f0f8002b
TRAIN_NEG_00718,train,partial_50_80,4,AC_ALANINE-SYN2-PWY,AraCyc_Misc,4,1.0,False,142,9f381a235456c6b2cf3f2d3ad98c283c2784a89f62d7c01789fbaa9a8e05d8eb
TRAIN_NEG_00719,train,cross_pathway,20,AC_PWY-581;AC_PWY3O-450,AraCyc_Misc;AraCyc_Misc,20,1.0,True,142,ef142b84bbb1ba0219fa3c014dd5038ac4a743896cbaea8031c5b43d78e7ab52
TRAIN_NEG_00720,train,random_5_30,28,,,0,0.0,False,142,3b32922363d2dcdde12bbc4679e74917771b46ea3fea03077f3751a248fa8ea0
TRAIN_NEG_00721,train,shuffled,8,AC_PWY-6051,AraCyc_Misc,0,0.0,False,142,3b790a0451ad77d68a3a9728268d8a779666d5924a6a1d23c4ee56559c52a03b
TRAIN_NEG_00722,train,partial_50_80,26,ath00910,KEGG_Cellular,26,1.0,False,142,74eeca5311c2696c9fc254cde65d7dbbb96b8d47d6e86ac40cb9d6d2fac88b1a
TRAIN_NEG_00723,train,cross_pathway,11,AC_PWY-2301;AC_PWY18C3-24,AraCyc_Misc;AraCyc_Misc,11,1.0,True,142,e220907fd3fd3781cdc695aeeb637a47b649a4d97417d804c373aab654528b1c
TRAIN_NEG_00724,train,random_5_30,10,,,0,0.0,False,142,1df35170101b00dc0643051809478c0e3154728ea3e84e39f0f6c9425f8b3e7b
TRAIN_NEG_00725,train,shuffled,43,ath00910,KEGG_Cellular,0,0.0,False,142,eb787db8d78650807ca130a34c1c2e9877f75d206a6e67d034a29c1f4127b011
TRAIN_NEG_00726,train,partial_50_80,11,AC_PWY-6606,AraCyc_Nucleotide,11,1.0,False,142,3ce082f64c3d12fd6306ff859b6acc63b8c06e8aebaa7573428594b4359c73c9
TRAIN_NEG_00727,train,cross_pathway,30,AC_CITRULBIO-PWY;AC_PWY-7211,AraCyc_Misc;AraCyc_Nucleotide,30,1.0,False,142,279d642f2d4ba4b863a9d3e62b6fe9cbd19325ba4e31341a80da0fbef7024770
TRAIN_NEG_00728,train,random_5_30,21,,,0,0.0,False,142,a46fe1a7ebf07eca296c67d98fa378a399995df6b58ae9691d21e4822f360e38
TRAIN_NEG_00729,train,shuffled,8,ath04081,KEGG_SignalTrans,0,0.0,False,142,f90db960fb5ba81d34d4f2e16172eef7d3816c228d8bb4b8ccb3a6402f1651a7
TRAIN_NEG_00730,train,partial_50_80,18,ath00785,KEGG_Cellular,18,1.0,False,142,30be68a0ae1627bdbedc42b3a2e009343c14bd98a1491da001a28190fd4b82fb
TRAIN_NEG_00731,train,cross_pathway,14,AC_PWY-5272;AC_PWY-7221,AraCyc_Misc;AraCyc_Nucleotide,14,1.0,False,142,15238acea4233b54fa61d63f8c66cf9eb5e12f66ee233f6fd513033a9eeea9a5
TRAIN_NEG_00732,train,random_5_30,19,,,0,0.0,False,142,767baceb8224d62c67d337774eb83a2ddf932617bc5117e5477f6fa8cde5a605
TRAIN_NEG_00733,train,shuffled,10,AC_PWY-7343,AraCyc_Carbohydrate,0,0.0,False,142,1c900abd1040054ec3501ae484c6d4b422f18d04e3e2e2efd0b11a711bdd3bbd
TRAIN_NEG_00734,train,partial_50_80,11,AC_GLYOXYLATE-BYPASS,AraCyc_Misc,11,1.0,False,142,1c488ce3d88999aac2190bb0af335127029ed7c044842772ecbd746b32d06f1a
TRAIN_NEG_00735,train,cross_pathway,6,AC_PWY0-662;AC_ILEUDEG-PWY,AraCyc_Misc;AraCyc_Misc,6,1.0,True,142,6e6fd411d596812dde592786f0c1f3952ebea9cb41f14df856fabcd7c38af647
TRAIN_NEG_00736,train,random_5_30,8,,,0,0.0,False,142,8bdadd96d2dd8278115d7e85aa48206869f061a963c13130c8234c81de4abcb6
TRAIN_NEG_00737,train,shuffled,9,AC_PWY-4321,AraCyc_Misc,0,0.0,False,142,451661571f06bdeeb21395b6053aa09d620c9de865ae53c92d6cf187c7a41d72
TRAIN_NEG_00738,train,partial_50_80,20,AC_PWY-6351,AraCyc_Misc,20,1.0,False,142,0527caad891570ba56042f82305ce81be8df2b40b264c4ed8d296729e5b81eda
TRAIN_NEG_00739,train,cross_pathway,15,AC_PWYDQC-4;AC_PWY-6606,AraCyc_Misc;AraCyc_Nucleotide,15,1.0,False,142,bc0e532cf29cf3ad9c83611345f3cefec0e5c8f638f1779b0ed9cbebc1b478a7
TRAIN_NEG_00740,train,random_5_30,22,,,0,0.0,False,142,ba7f17a5041abbe914d2427e4d47f833604b34672deaca42c1a375bc874cbc75
TRAIN_NEG_00741,train,shuffled,5,ath00543,KEGG_Lipid,0,0.0,False,142,b1392b21e8f5146ea00d4c87f7ca365cc9642644cb713f3c87dd3e6cfb242209
TRAIN_NEG_00742,train,partial_50_80,5,AC_PWY-801,AraCyc_Misc,5,1.0,False,142,35a6791c5d283b099adf11232e0fb744cd1e0309c2c2c2a8b840c9469383eecb
TRAIN_NEG_00743,train,cross_pathway,9,ath00300;AC_PWY-6475,KEGG_Cellular;AraCyc_Misc,9,1.0,False,142,bd671eed88064b466dae7075a545686286caf5f437bb11868e8d928a78b3e22a
TRAIN_NEG_00744,train,random_5_30,6,,,0,0.0,False,142,4d6d7bd89b1cf51243bef38fa6baf78e8664240156e7bbc8b5753d54e6eb811d
TRAIN_NEG_00745,train,shuffled,12,AC_PWY-5788,AraCyc_Misc,0,0.0,False,142,37d6117a1b1d3b628dc757aa1df2ecd17e0d3439af3104904bb1418998b17cf3
TRAIN_NEG_00746,train,partial_50_80,3,AC_PWY-8142,AraCyc_Misc,3,1.0,False,142,d56046320a5beec053ac0e9565063af08207e4ededcba9919359cb4f6a2a67a3
TRAIN_NEG_00747,train,cross_pathway,10,AC_PWY-5079;AC_PWY-6927,AraCyc_Misc;AraCyc_Misc,10,1.0,True,142,fabf6714136d9b60476d6539cd4ece2f753a27d124c7bef79ee9327996f58583
TRAIN_NEG_00748,train,random_5_30,8,,,0,0.0,False,142,2d61b1ef9dde8a536f0165e011fcc4e141410178ae23af8cd6677727e3363a3d
TRAIN_NEG_00749,train,shuffled,8,AC_PWY-5070,AraCyc_Misc,0,0.0,False,142,25cad59f1ddfdcc4a236446199aa0a03c5b7b823de37735181ca1286c8c1f3cb
TRAIN_NEG_00750,train,partial_50_80,5,AC_PWY0-461,AraCyc_AminoAcid,5,1.0,False,142,1cb1b7517836209d98d8fc180410e600457223d4789a25c361e75408b6e3fa1f
TRAIN_NEG_00751,train,cross_pathway,43,AC_COMPLETE-ARO-ARA-PWY;ath03022,AraCyc_AminoAcid;KEGG_GeneticInfo,43,1.0,False,142,deafd812738134a42ba6c37bba15a9673e95f98e1e7235abcac78fc22cd014e8
TRAIN_NEG_00752,train,random_5_30,24,,,0,0.0,False,142,9f07b8b8050dddd9d413cd8927ec446a14251b5f2b006fd71a1246ff4493d028
TRAIN_NEG_00753,train,shuffled,28,AC_PWY-5667,AraCyc_Misc,0,0.0,False,142,05f9e246102ee327e432701a300ec696ec1f67951a3f5ad69d8129eae6f24b96
TRAIN_NEG_00754,train,partial_50_80,5,AC_ILE-VAL-PWY,AraCyc_Misc,5,1.0,False,142,b8162bd22bcdf5c87a93f1ae17803034406136cf560cdc7f755f031ca828aee2
TRAIN_NEG_00755,train,cross_pathway,108,ath00900;ath04144,KEGG_Cellular;KEGG_SignalTrans,108,1.0,False,142,29b1c56fef0c0d5c648af226f1278038b513042afda19d87a355b55ae52a58b6
TRAIN_NEG_00756,train,random_5_30,8,,,0,0.0,False,142,eb78b5bb4a627ab0d98cb622b1a86eabcfa3df5e61bf457163ec84feffae18f2
TRAIN_NEG_00757,train,shuffled,23,AC_PWY-5381,AraCyc_Misc,0,0.0,False,142,3ad048ae07b5a25f009ccce3f408ed8fa8da34dd8a2a68122cdbf1a7b60d99f6
TRAIN_NEG_00758,train,partial_50_80,39,ath04517,KEGG_SignalTrans,39,1.0,False,142,77a7775a9e036afad318a747b7f7d0f19e43bbcdff529c0bc0c8fe1d703f4117
TRAIN_NEG_00759,train,cross_pathway,37,AC_PWY-6936;ath00460,AraCyc_AminoAcid;KEGG_Cellular,37,1.0,False,142,3f2592ed3c792547b3bd544581e178e07246515d503e816f7c4db12f90d21087
TRAIN_NEG_00760,train,random_5_30,26,,,0,0.0,False,142,da36045e503cee8e4522dc8ab7ac20f475ca05101db7ffda19c1131215df3b54
TRAIN_NEG_00761,train,shuffled,54,AC_PWY-5484,AraCyc_Misc,0,0.0,False,142,4d3ab67c72baf9328d2a44cc6da5b45cba7a2f394301611055361cd83db0d6a3
TRAIN_NEG_00762,train,partial_50_80,3,AC_PWY-6745,AraCyc_Misc,3,1.0,False,142,31b4536fa31324cc58c139a074449212fd6f2116b3c689346b8a0d38d9d15478
TRAIN_NEG_00763,train,cross_pathway,6,AC_PWY-5886;AC_PWY-5366,AraCyc_Misc;AraCyc_Misc,6,1.0,True,142,4d39dc51050fc995ea15cabfc2430e1adecb0b1f561bb40fbb918030f03fc46c
TRAIN_NEG_00764,train,random_5_30,10,,,0,0.0,False,142,eff44e0a6bb118df9f0f38f4ef693783646fc3f9e2b8499efcdc955d4f1305dd
TRAIN_NEG_00765,train,shuffled,43,AC_CITRULBIO-PWY,AraCyc_Misc,0,0.0,False,142,4a303992341457c1c165d78ac8f35b8247b686f6d05f9fb5c1e3f544b493cc56
TRAIN_NEG_00766,train,partial_50_80,46,ath00710,KEGG_Metabolism,46,1.0,False,142,a92583f7e1ff170d354395704a870197859748c5315b1240e49953aff4acb89f
TRAIN_NEG_00767,train,cross_pathway,16,AC_PWYQT-62;AC_PWY-6927,AraCyc_Misc;AraCyc_Misc,16,1.0,True,142,3944555ece52647e83c529fd64a5ea7f7fb209d92c10b0c6b2f3086da3dd01da
TRAIN_NEG_00768,train,random_5_30,15,,,0,0.0,False,142,b7f86487924c3452fd17ca5b62ea46245a3d54d1ff6fd4619dcd0223d3ba3e50
TRAIN_NEG_00769,train,shuffled,10,AC_PWY-6363,AraCyc_Misc,0,0.0,False,142,3b17616812c910a03f204a0a826335466d8f97ea40f533fd1462776f20133d21
TRAIN_NEG_00770,train,partial_50_80,7,AC_PWY-5864,AraCyc_Misc,7,1.0,False,142,812847710dbe6a9e2d5d4824198f801e5e2cefbfdbf9ad388ae4ca1d90b33885
TRAIN_NEG_00771,train,cross_pathway,12,AC_PWYQT-4477;AC_PWY-7184,AraCyc_Misc;AraCyc_Nucleotide,12,1.0,False,142,981bc5b3e532c75002295b1f2904db47eef00b99150138eada7b746459b421df
TRAIN_NEG_00772,train,random_5_30,15,,,0,0.0,False,142,29f9d9f1a5c6a6aa243bf73387599af33d0d07cac428bc357d959ae1f1021378
TRAIN_NEG_00773,train,shuffled,35,ath04382,KEGG_SignalTrans,0,0.0,False,142,948dfd4ea3b3859cd2894cff19ae7276b62ca408046408d9a22d5a9238dda9bd
TRAIN_NEG_00774,train,partial_50_80,6,AC_PWY-5837,AraCyc_Misc,6,1.0,False,142,3a86f2f6f9c3ced5abc2e77c67c2a200df0162b3965080eb142b3277928f35dc
TRAIN_NEG_00775,train,cross_pathway,79,ath04016;AC_PWY-5659,KEGG_SignalTrans;AraCyc_Carbohydrate,79,1.0,False,142,06bbc8aa4a1b7f4466e55f8199f56a47757956cc61d6cc077f8d91e47790d700
TRAIN_NEG_00776,train,random_5_30,28,,,0,0.0,False,142,a093dc280b531adfe9aeba9177b5c28f3815aba11da69180c0912fee9d1430f6
TRAIN_NEG_00777,train,shuffled,64,ath00380,KEGG_Cellular,0,0.0,False,142,2610826cef7282539dff8099af4e48a124a9cb712adccbb3630b2521a61cbace
TRAIN_NEG_00778,train,partial_50_80,47,ath01212,KEGG_Lipid,47,1.0,False,142,3452cfb0eaf55733094dae6f2ee4c6e75499c247db209b6a445c5adca4f1b292
TRAIN_NEG_00779,train,cross_pathway,27,AC_PWY-3941;AC_PWY-5080,AraCyc_Misc;AraCyc_Lipid,27,1.0,False,142,a83b63c3e0fcb2b29d9d410f0df7ba272103dc30caf724349247e24432754d90
TRAIN_NEG_00780,train,random_5_30,12,,,0,0.0,False,142,d5e65fd63f35325f5c5f6e9b0fab206baf01e78a44e780c8d6eb7f4f2137139f
TRAIN_NEG_00781,train,shuffled,11,ath00603,KEGG_Lipid,0,0.0,False,142,9ad2ec20c013917d54cfad3c69b7ebdb6de8600de93947ad73f2ef8a6483a8b6
TRAIN_NEG_00782,train,partial_50_80,33,AC_LIPASYN-PWY,AraCyc_Misc,33,1.0,False,142,f6c79c7bfcff30eb88fa2f54c6c78395c723d63e35762760b3d17abc4e4f7b39
TRAIN_NEG_00783,train,cross_pathway,59,AC_PWY0-1608;ath00040,AraCyc_Misc;KEGG_Cellular,59,1.0,False,142,d509bc8d97f11c3b3ca814ad90bd203b6dee77b8a4fa6502f3f8dcb59a616297
TRAIN_NEG_00784,train,random_5_30,25,,,0,0.0,False,142,6050adeef7a9572be64512b410e1fc08814692189718a385d8775ef1ff0be308
TRAIN_NEG_00785,train,shuffled,9,AC_PWY-5098,AraCyc_Misc,0,0.0,False,142,4b8de7e62b399e59c06d2634d806002dd04268e55014b63ae0f6b2121c7b6b34
TRAIN_NEG_00786,train,partial_50_80,6,AC_PWY0-1319,AraCyc_Misc,6,1.0,False,142,2779f840e6aa918e6d67822d044efe2d85b130f2fd1b58b071afe69b8678fcc8
TRAIN_NEG_00787,train,cross_pathway,9,AC_PWY0A-6303;AC_ILEUSYN-PWY,AraCyc_Misc;AraCyc_Misc,9,1.0,True,142,47e81fb0d88bced61d6a980f3e4d8a2f5f3191e92bc2907e2c67270a79c47677
TRAIN_NEG_00788,train,random_5_30,18,,,0,0.0,False,142,52890122884286dd13e78c12c1da6dfab19b4c37065472dff8b82735edf1bdaf
TRAIN_NEG_00789,train,shuffled,64,ath00020,KEGG_Cellular,0,0.0,False,142,5fb7142363ebf912878dd02f63da392f890fb9b620ad7e30101a12f681d2cc7e
TRAIN_NEG_00790,train,partial_50_80,8,AC_PWY-6219,AraCyc_Misc,8,1.0,False,142,0fb3831b83b739722158e670339b39ab29e46480bba6fd6ef70dbaf7b1e635b7
TRAIN_NEG_00791,train,cross_pathway,7,AC_PWY-6544;AC_PWY0-1182,AraCyc_Misc;AraCyc_Misc,7,1.0,True,142,36a01fabd8cfdf2e7105262e3ca2f053a051a4af8bbd1c2473014ca3b7ce7d01
TRAIN_NEG_00792,train,random_5_30,20,,,0,0.0,False,142,fa0ada799a08a14192934fa176320e2a34c856a858ff9a16fab24cf41d94af27
TRAIN_NEG_00793,train,shuffled,21,AC_PWYQT-4429,AraCyc_Misc,0,0.0,False,142,099845f188996c1622966bdcc4bae08d3c0c40c89a3be314b8432b213d08fefd
TRAIN_NEG_00794,train,partial_50_80,3,AC_PWY-8475,AraCyc_Misc,3,1.0,False,142,2cf5e3542a2e0b3ca7e044ce3148f323c5ab4b16e378f0ad5b1e54713dc5cc4a
TRAIN_NEG_00795,train,cross_pathway,8,AC_PWY66-21;AC_PWY-6115,AraCyc_Misc;AraCyc_Misc,8,1.0,True,142,b63f91b17d18ce555efc9a4c22c45e1c336e19d8c7c8f0b7d30a8a81f4466247
TRAIN_NEG_00796,train,random_5_30,22,,,0,0.0,False,142,30e604056a423e6ea385bf57b8e5b3085e06f8d32cfdfde5e2f544822b4eca86
TRAIN_NEG_00797,train,shuffled,5,AC_PWY-8148,AraCyc_Misc,0,0.0,False,142,44bd61fef6db995ec0265d1035204d3cdf218990839dfac2d6a79860301e57c6
TRAIN_NEG_00798,train,partial_50_80,5,AC_PWY-6837,AraCyc_Lipid,5,1.0,False,142,51f979314ca2709713a527f7e2aae223cf11696f962109715e2502779f01d1f3
TRAIN_NEG_00799,train,cross_pathway,50,AC_PWY-4984;AC_PWY-7345,AraCyc_Misc;AraCyc_Carbohydrate,50,1.0,False,142,877a71abcd65ae06067b3bba82df007d3b36eb4b5d24a27e44e29f050f03aacb
TRAIN_NEG_00800,train,random_5_30,22,,,0,0.0,False,142,aaeebf6a6dd413ecd77d2d186671efa0ca63574a9550cd535fb6df7853ec6a28
TRAIN_NEG_00801,train,shuffled,10,AC_PWY-6012,AraCyc_Misc,0,0.0,False,142,b0a010f39770b5a0a5c4f61216dfde30f1ccb86ff02483c2e1a7f6b8f889aa04
TRAIN_NEG_00802,train,partial_50_80,3,ath00543,KEGG_Lipid,3,1.0,False,142,23006ad9b8ab15a42e25f8a4ef491609272a2e7406dd6fa94654625fea65a5c8
TRAIN_NEG_00803,train,cross_pathway,18,AC_PWY0-1182;AC_PWY-5992,AraCyc_Misc;AraCyc_Misc,18,1.0,True,142,b13722850d4816526ef9058ab7ca6eb6b10e7a7c4a030c8988fd29a12618d05e
TRAIN_NEG_00804,train,random_5_30,27,,,0,0.0,False,142,a1fe4507d9d721330714c889886ed56a25ef9bdb8682aaf094193e478e2c2e4d
TRAIN_NEG_00805,train,shuffled,386,ath03010,KEGG_GeneticInfo,3,0.007772020725388601,False,142,8e446e5a5412f155fd893bb021d3f9cd99d04597d0c96279df85b20da2f263f8
TRAIN_NEG_00806,train,partial_50_80,19,AC_PWY-7398,AraCyc_Secondary,19,1.0,False,142,4b445d8ce9e331784ba99277d6b6836faf63d323b2523b6a8fdb4475660db9f1
TRAIN_NEG_00807,train,cross_pathway,8,ath00660;AC_PWY-6556,KEGG_Cellular;AraCyc_Nucleotide,8,1.0,False,142,ddac141002eb5353162795a14f048986da3ea137abbd72a6ca314439ad0ced25
TRAIN_NEG_00808,train,random_5_30,20,,,0,0.0,False,142,9e3051397e332c7f73d5a0b3ea1f6aca317a21c9fec18bd0f0f55ae9377f7cb6
TRAIN_NEG_00809,train,shuffled,34,ath00770,KEGG_Cellular,0,0.0,False,142,245de1a34f194972e404a8b1ffee0e299ac2efea2055d30199ba2382cc674d04
TRAIN_NEG_00810,train,partial_50_80,29,ath03022,KEGG_GeneticInfo,29,1.0,False,142,411322ae85428d9cee630943da4b1fc3285c076febaca1d5c8fef7b3ffd7b27d
TRAIN_NEG_00811,train,cross_pathway,42,ath00630;AC_PWY-7346,KEGG_Cellular;AraCyc_Carbohydrate,42,1.0,False,142,593bed1dfbb1f4e145fb7aa73685239535d41ce28d8b940a1b47c0db1d78fba8
TRAIN_NEG_00812,train,random_5_30,10,,,0,0.0,False,142,aaec6f650c4720855030f6c48baa1398c0f5c988a3c55499060dafacb0c4016e
TRAIN_NEG_00813,train,shuffled,13,AC_ARGSYN-PWY,AraCyc_AminoAcid,0,0.0,False,142,9c022eb18f3f28519df523d6f7b4155bed64accc3dc3ae79d79351c5eaab4efa
TRAIN_NEG_00814,train,partial_50_80,16,AC_PWY-2902,AraCyc_Misc,16,1.0,False,142,33c8949669db9b8ff5cbd474d1493b03e2cf8c53122d17eafe0fe8a1993d603d
TRAIN_NEG_00815,train,cross_pathway,21,ath00310;AC_PWY-6792,KEGG_Cellular;AraCyc_Misc,21,1.0,False,142,1c57fd502f2d6c2f119e3c3c7395dc9d24cdef3bf624047b3c0d2113fada86c9
TRAIN_NEG_00816,train,random_5_30,23,,,0,0.0,False,142,f4a0b2c351dbac88fc956b684547af3a2f0796c2212fd9b789fd8cef1acf46ab
TRAIN_NEG_00817,train,shuffled,13,AC_ARGSYN-PWY,AraCyc_AminoAcid,0,0.0,False,142,4eba1eb4d17dacfa69bc5a869e88380763a5d9279713d97ba28a0c412d6e4a45
TRAIN_NEG_00818,train,partial_50_80,3,AC_PYRIDNUCSYN-PWY,AraCyc_Misc,3,1.0,False,142,e2f978e2fc0925e0dd4e89c9c57126b356d60bd17721c88967aa13d67571970f
TRAIN_NEG_00819,train,cross_pathway,13,AC_PWY-5122;ath00590,AraCyc_Misc;KEGG_Lipid,13,1.0,False,142,0316e7d26336a78c369e91882ee3c2023af386a6f580dd3ea49afaf5c5ba002a
TRAIN_NEG_00820,train,random_5_30,17,,,0,0.0,False,142,fe94188eae37654f8320eb5a873afb206ac17bcf1cec833aae46a46cd4dded66
TRAIN_NEG_00821,train,shuffled,7,AC_PWY-8142,AraCyc_Misc,0,0.0,False,142,3318af42dde7381429927534c23552c1185bfd59d88748fb79f1f277e685caa3
TRAIN_NEG_00822,train,partial_50_80,33,AC_PWY-5484,AraCyc_Misc,33,1.0,False,142,7b83e7206ff6eff2a45b88a0b6ecdd906324e0c16c9a3c24bc53f7b204597a1f
TRAIN_NEG_00823,train,cross_pathway,1221,AC_PWY-5667;ath01100,AraCyc_Misc;KEGG_Cellular,1221,1.0,False,142,8d4360c39ae5780babe900048a939dae01ac2df8648fdc89f75f9ad5e08228eb
TRAIN_NEG_00824,train,random_5_30,30,,,0,0.0,False,142,7d85e1744319ac6cab10ec186c35e3da3086b42ca5d1aa4499cd4349eeca9efa
TRAIN_NEG_00825,train,shuffled,26,ath00760,KEGG_Cellular,0,0.0,False,142,001e46491bb5b28eee452f521b70ab8a0cb45a534442b863df731ebb3b42a905
TRAIN_NEG_00826,train,partial_50_80,87,ath00520,KEGG_Lipid,87,1.0,False,142,f8ba832b2e96bea402c1749be554fae8233f824a97c68bdb497254ff235d0a33
TRAIN_NEG_00827,train,cross_pathway,8,AC_PWY-5725;AC_PWY-5041,AraCyc_Misc;AraCyc_AminoAcid,8,1.0,False,142,401bdc8d020a026dfc3b52a7b6c883c0ec1e1c8a8a5f7a012657d617e450f89a
TRAIN_NEG_00828,train,random_5_30,29,,,0,0.0,False,142,38e80d4eacbb3a656e413df867bec730874e0bd1b10fad342c30755cf3f9cac7
TRAIN_NEG_00829,train,shuffled,34,AC_PWY-581,AraCyc_Misc,0,0.0,False,142,6c8e8e9de62658185fe530d0e7b4e3bed9b0a47354d5c8d62d17c12099d2a053
TRAIN_NEG_00830,train,partial_50_80,4,AC_PWY-641,AraCyc_Misc,4,1.0,False,142,66ba2721ef8e4e3d097a900a00b110ef71269977ad8bf41a8d34c46977b3bc3b
TRAIN_NEG_00831,train,cross_pathway,7,AC_HISTSYN-PWY;AC_LYSINE-DEG2-PWY,AraCyc_Misc;AraCyc_AminoAcid,7,1.0,False,142,ac3dd7d4111cf32e3578c7eb55efa35675fcb30b654368e4ebd440cc94830447
TRAIN_NEG_00832,train,random_5_30,18,,,0,0.0,False,142,846fc7a969e03c44781027e3b4ffcbe823f6342f855d075494a1810a151addd7
TRAIN_NEG_00833,train,shuffled,21,AC_TRPSYN-PWY,AraCyc_AminoAcid,0,0.0,False,142,e2756fc8992667ca960ed341835643093bacab1868bda6aa7b2aa4f0c215310e
TRAIN_NEG_00834,train,partial_50_80,14,AC_PWY-181,AraCyc_Misc,14,1.0,False,142,8e6b56b78d5fa3e09faf0a597084f8f8b1a1ddc032abd54e58ddb8fc29a89000
TRAIN_NEG_00835,train,cross_pathway,51,ath00071;ath00400,KEGG_Lipid;KEGG_Cellular,51,1.0,False,142,a2a4df13a8097b5d7b49a1542e5b0a81d6b395c9e2e2fc1fd734cc77612f3be0
TRAIN_NEG_00836,train,random_5_30,16,,,0,0.0,False,142,58e0e0f377d84263f805ac344847479ed5fd61266ea5b666f536191aa8fa83f1
TRAIN_NEG_00837,train,shuffled,12,AC_PWY-5788,AraCyc_Misc,0,0.0,False,142,dfa8fa97a2e8d630979007663f0e199651c54b8522f2a1540e5628c5074c4c91
TRAIN_NEG_00838,train,partial_50_80,4,AC_PWY-6163,AraCyc_Misc,4,1.0,False,142,21442ad9b7e91225e2c94fa755d6a77bec469c5677e2283e84ffa82412b5320c
TRAIN_NEG_00839,train,cross_pathway,5,ath00543;ath00902,KEGG_Lipid;KEGG_Cellular,5,1.0,False,142,f967d0d52604e9e6eab4923aac01eaeb76278e9a2467e120d8a955b506f6d6e0
TRAIN_NEG_00840,train,random_5_30,27,,,0,0.0,False,142,65692dc3b982fab7b5f95b612d47c536ecedde52c297ca6db74168302e737c07
TRAIN_NEG_00841,train,shuffled,21,AC_BRANCHED-CHAIN-AA-SYN-PWY,AraCyc_AminoAcid,0,0.0,False,142,6396a95d0f4a8edf8fc57135accbeec2ea98f61a29e3422661c4cd2fa1249f28
TRAIN_NEG_00842,train,partial_50_80,38,ath03022,KEGG_GeneticInfo,38,1.0,False,142,05e3af75c3d2434fcbb0f6c021eb842ccefcc97c5c2c42d17326482573d67f32
TRAIN_NEG_00843,train,cross_pathway,9,AC_PWY-6367;AC_PWY-5188,AraCyc_Misc;AraCyc_Misc,9,1.0,True,142,3c546ff0c2aae298bc0589e555c9528ca342f9dfccbe83e7f4ebf8bdcdcdcf8c
TRAIN_NEG_00844,train,random_5_30,5,,,0,0.0,False,142,08779dcc811f5eac8aa7f294446aaa712d07885dd35c3ee635c2cb60f9b823f1
TRAIN_NEG_00845,train,shuffled,15,AC_PWY-6612,AraCyc_Cofactor,0,0.0,False,142,842ca56cbbd860bfe34356dd79685e3012572054ee89025d62a7cd8c1e512aa4
TRAIN_NEG_00846,train,partial_50_80,7,AC_PWY-6115,AraCyc_Misc,7,1.0,False,142,6208b16dec0d8e2fb61ec6815bb6ec67d14cd5f5981d0ee5949b318fb820c08a
TRAIN_NEG_00847,train,cross_pathway,12,AC_PWY-5486;AC_PWYQT-4429,AraCyc_Misc;AraCyc_Misc,12,1.0,True,142,0d5f60b4f0dd6bfab3971b5f30bd04c18780fdfd813edd2e45ab43aaec580fcd
TRAIN_NEG_00848,train,random_5_30,28,,,0,0.0,False,142,86ac6a980c4d666b1ce0528b0bc34c87ac645a4b9d7d76d15599e9d22445682f
TRAIN_NEG_00849,train,shuffled,5,AC_PWY0-501,AraCyc_Misc,0,0.0,False,142,ae9d230aa207fbe50138605ba18b2fdef0b6710936155af36c4f81474197439c
TRAIN_NEG_00850,train,partial_50_80,6,AC_PWYQT-4482,AraCyc_Misc,6,1.0,False,142,efaf7276cb19090f4abcaaa752e6f60a7f245d176f9421b7e20dc04f1de961f2
TRAIN_NEG_00851,train,cross_pathway,34,AC_PWY-7208;AC_PHOTOALL-PWY,AraCyc_Nucleotide;AraCyc_Misc,34,1.0,False,142,6f89341bf09ac5c8c97d184c46265df9f8fe8c692e511aa13ebf41ed861416b0
TRAIN_NEG_00852,train,random_5_30,25,,,0,0.0,False,142,5c40d8c6bb3090c4660957c1c4a8819fc2325cf48e5c9957d531fa5978c827b3
TRAIN_NEG_00853,train,shuffled,56,ath00400,KEGG_Cellular,0,0.0,False,142,c6c860b3202cdc6366e9f44e2577639650683739d9c533619dbcd560806bcc6b
TRAIN_NEG_00854,train,partial_50_80,17,AC_PWY-2902,AraCyc_Misc,17,1.0,False,142,1e657b4c19ded7707d95b539ee82427765d5a07ff18f094c8b29786d996c3a33
TRAIN_NEG_00855,train,cross_pathway,60,ath03013;AC_PWYQT-4449,KEGG_GeneticInfo;AraCyc_Misc,60,1.0,False,142,5096930eb363954aa2c4ff1c7fc631863a9a4a3945083af11434a402b2bfbf0a
TRAIN_NEG_00856,train,random_5_30,16,,,0,0.0,False,142,90ab564996e3a3afdfdb3e2be2c56562c4d7fff7c8d47f665bfa6eee72746fea
TRAIN_NEG_00857,train,shuffled,11,AC_PWY-5386,AraCyc_Misc,0,0.0,False,142,fd16ffb322903d1a3822b7444ca26f5d7692f5391844c1ced4663a27b27d41bd
TRAIN_NEG_00858,train,partial_50_80,35,ath00510,KEGG_Lipid,35,1.0,False,142,3c4d8ba6966b6b546530a066645e413a147e1f15c1966d3222197102519859bf
TRAIN_NEG_00859,train,cross_pathway,6,ath00543;ath00945,KEGG_Lipid;KEGG_Cellular,6,1.0,False,142,870aaf6ac8610cf488728da67c211b8f89275ce8eec52740c39d8d61d54831fa
TRAIN_NEG_00860,train,random_5_30,29,,,0,0.0,False,142,aa28bb08a974955d46d59842a2b2668e5f3411d972864763c1372bb7a3cfe67e
TRAIN_NEG_00861,train,shuffled,5,AC_PWY-4861,AraCyc_Misc,0,0.0,False,142,8820bd30b266d68fcc337e65e005175e6133f1362c2b76dfdfff4374ea15e27b
TRAIN_NEG_00862,train,partial_50_80,22,ath00770,KEGG_Cellular,22,1.0,False,142,9cdcc0e29f9381113164566dc46d59bfdb9bcc42f9bdf0fc131156f71d42795a
TRAIN_NEG_00863,train,cross_pathway,18,ath00650;AC_PYRUVDEHYD-PWY,KEGG_Cellular;AraCyc_Misc,18,1.0,False,142,0361ba70f868734ef441dc6cd25272e2a5df0c2206eff15928de7909991e9e4a
TRAIN_NEG_00864,train,random_5_30,23,,,0,0.0,False,142,3a929a7b76f0de2d929b5e4513239f6b5e5c65e62faafd48cbc3bb2050402a04
TRAIN_NEG_00865,train,shuffled,5,AC_PWY-5486,AraCyc_Misc,0,0.0,False,142,ec924ffc4528b6d577a624fd8e751806ad0b30676f937e9454afccaac489ce57
TRAIN_NEG_00866,train,partial_50_80,25,ath00908,KEGG_Cellular,25,1.0,False,142,5f77c89c97a9d4a0cd7af5bd9a6ecf64cae590e7d00cc6c6ddc1a5dc00809c95
TRAIN_NEG_00867,train,cross_pathway,62,ath04519;ath00900,KEGG_SignalTrans;KEGG_Cellular,62,1.0,False,142,1eff478c283424e2b327f31a65a3caa7f3ea31cf5c7ac0e771ab34dd936d199f
TRAIN_NEG_00868,train,random_5_30,29,,,0,0.0,False,142,eaaacde93f2c673b81a0a8ae0453ffeefa94e520758de380139a147b04413179
TRAIN_NEG_00869,train,shuffled,20,AC_DETOX1-PWY-1,AraCyc_Misc,0,0.0,False,142,5a7fc53288853a57ff05eb48d785b4882fb91fd6d6781059cccca9f7a614106b
TRAIN_NEG_00870,train,partial_50_80,24,ath00062,KEGG_Lipid,24,1.0,False,142,b4802c7a3ad8badc45ca43eece384a04443484f4d9ea5f99a1154653c8d96ebb
TRAIN_NEG_00871,train,cross_pathway,8,AC_ARGSYNBSUB-PWY;AC_PWY-4702,AraCyc_AminoAcid;AraCyc_Misc,8,1.0,False,142,37d3e44dd326cf312953e9c93caea9aa3fb12573815c717d2ca3ad9180dc8774
TRAIN_NEG_00872,train,random_5_30,13,,,0,0.0,False,142,1453a9792554efd3d69c1d81035ecca8385877207f74e922d38e4923f8b2b00f
TRAIN_NEG_00873,train,shuffled,10,AC_PWY-7204,AraCyc_Cofactor,0,0.0,False,142,7407c98ec344a4acdcff1cc341b31d60457d0f31564d31781c626245e2d6d413
TRAIN_NEG_00874,train,partial_50_80,16,AC_ETHYL-PWY,AraCyc_Misc,16,1.0,False,142,4fd132fb88b3efaf3f280816e6fd2c4d7095f2a0a58075070ae356bd75b0d3d3
TRAIN_NEG_00875,train,cross_pathway,30,AC_PWY-1042;AC_ARO-PWY,AraCyc_Misc;AraCyc_Misc,30,1.0,True,142,8958579eb67aa375ad0c8155e8485569dde1dd9d2ec85caa7d8411051c4b6dc1
TRAIN_NEG_00876,train,random_5_30,30,,,0,0.0,False,142,d69026e9335383a3b881dcbfc2544f1d3e38d336eff6bdf58238773833ac56a1
TRAIN_NEG_00877,train,shuffled,53,AC_PHOTOALL-PWY,AraCyc_Misc,0,0.0,False,142,6feb264a0a2dc690226e158f3e43facea9d05f860f9492a38292f745653074dc
TRAIN_NEG_00878,train,partial_50_80,3,AC_PWY-7184,AraCyc_Nucleotide,3,1.0,False,142,da3e2e4d420a3c564198bd232410010bb2e1b34074db2e0fb8f090b40f0155e9
TRAIN_NEG_00879,train,cross_pathway,29,AC_PWY-5272;AC_PWY-5390,AraCyc_Misc;AraCyc_Misc,29,1.0,True,142,90b97b07c99c9f2f0b76b115e2f153da41e3d78adae70bc44b12c79111746e5d
TRAIN_NEG_00880,train,random_5_30,24,,,0,0.0,False,142,f64935140b7c4203291a83ccec16d111f509ad9f4e7af5d57223a7ceace4058b
TRAIN_NEG_00881,train,shuffled,9,AC_PWY18C3-22,AraCyc_Misc,0,0.0,False,142,45737d1594f6af76c801ac38c2e46391ab3107ff41613a2106cc1de6d05619bf
TRAIN_NEG_00882,train,partial_50_80,3,AC_PWY1ZNC-1,AraCyc_Misc,3,1.0,False,142,b98d50c84d6896f19754b7d8deabfe5bfb4cc7fe617fa61fe4331211dfdce314
TRAIN_NEG_00883,train,cross_pathway,14,ath00261;AC_PWY-282,KEGG_Cellular;AraCyc_Lipid,14,1.0,False,142,cfbc4a443b77e3d179571b87d580b452905e1f84258aed00bede630e1c0059ea
TRAIN_NEG_00884,train,random_5_30,17,,,0,0.0,False,142,2dc794254f4c90be25af99e47daff19cd0da7ac55b55c21f18831bea7c8719e2
TRAIN_NEG_00885,train,shuffled,223,ath04141,KEGG_SignalTrans,0,0.0,False,142,87a8ef072646ab55ea6fe46f1bf667dcc7af351604144ca2156082e721340db8
TRAIN_NEG_00886,train,partial_50_80,5,AC_PWY-6303,AraCyc_Misc,5,1.0,False,142,a5c94699f9940bf5d8396e5bdba96193f56c04a3c9c710959f28dcf24a0a9b42
TRAIN_NEG_00887,train,cross_pathway,8,AC_PWY-7204;AC_PWY1ZNC-1,AraCyc_Cofactor;AraCyc_Misc,8,1.0,False,142,7be7c961ebf5c2a39a8da58b9be6c9511db15cc7b15d572478b2f26a54012cb2
TRAIN_NEG_00888,train,random_5_30,7,,,0,0.0,False,142,5fb6cbbd7c782a3a18662679fbbd3bb387530511a0ab2128d6c6f8154ff7f554
TRAIN_NEG_00889,train,shuffled,125,ath00270,KEGG_Cellular,1,0.008,False,142,1e8a8f74ccd8bbbe956c36a04eb210725ff581e0452493c7f511a9dd111d8117
TRAIN_NEG_00890,train,partial_50_80,5,AC_PWY-7417,AraCyc_Lipid,5,1.0,False,142,bb4a6b24eeedd1cf72dce4d0b245a20c46fac6e8fbdc3fbab8403aade481cf40
TRAIN_NEG_00891,train,cross_pathway,5,AC_PWY-5366;AC_PWY66-423,AraCyc_Misc;AraCyc_Misc,5,1.0,True,142,cf9b7f9e56e34e1c55bae75159e988289d1ff3fdff882afb37e599227e6650c4
TRAIN_NEG_00892,train,random_5_30,12,,,0,0.0,False,142,15ab83a91f2cfe3d8f5ddc22262295f12e9a73656ff54be260a584dcd88b2905
TRAIN_NEG_00893,train,shuffled,18,ath00511,KEGG_Lipid,0,0.0,False,142,9db87a95166768f8262d3ce9ed394137fc0f8dd114ff36af2387164f09ca999e
TRAIN_NEG_00894,train,partial_50_80,7,AC_PWY-5138,AraCyc_Lipid,7,1.0,False,142,4f865cc270e4d0d845348c4ba895c7dcefa3000a18e76dd15c6b0280851f95f1
TRAIN_NEG_00895,train,cross_pathway,14,AC_PWY-6595;AC_PWY-695,AraCyc_Nucleotide;AraCyc_Misc,14,1.0,False,142,d99a61d7d992685613dad9118c439f141125b2f98054787f710530dafa4b00d3
TRAIN_NEG_00896,train,random_5_30,19,,,0,0.0,False,142,0705a7bbde1610247e2c231919527d30cb80ec66577408f4b9529228b6c2e36e
TRAIN_NEG_00897,train,shuffled,14,AC_PWY-5203,AraCyc_Misc,0,0.0,False,142,368f567ab6f992cf37b9de6af4df91f9fc554e049694255f852b45d100e2effb
TRAIN_NEG_00898,train,partial_50_80,129,ath04120,KEGG_SignalTrans,129,1.0,False,142,2702e68b22cde91656600c6415d796a56c0e5490942cf7475cfb68f981036475
TRAIN_NEG_00899,train,cross_pathway,64,AC_PWYQT-4466;ath00260,AraCyc_Carbohydrate;KEGG_Cellular,64,1.0,False,142,4f8952a286f3e868233cdc7f7a8325ed1c0f6decb27e6afce639e1c00c57c3c2
TRAIN_NEG_00900,train,random_5_30,29,,,0,0.0,False,142,9c58b0627a5a2f9ee9ef9b1fa167bfba9cb5b2ecedf9ceae2ba4f3883433bd85
TRAIN_NEG_00901,train,shuffled,9,AC_THISYNARA-PWY,AraCyc_Cofactor,0,0.0,False,142,943a344807da9f1aca0c183234811bb6270240966197eccd0d21d6c0b4cddc23
TRAIN_NEG_00902,train,partial_50_80,7,AC_PWY-4221ARA,AraCyc_Misc,7,1.0,False,142,77b723634463ee3c816f6ce0e21ffe0fd9f4b12304fe4c59e170e213a22c6cb7
TRAIN_NEG_00903,train,cross_pathway,18,AC_PWY-5918;AC_THRESYN-PWY,AraCyc_Misc;AraCyc_Misc,18,1.0,True,142,52cb2eaedc73ebc979526428e4d173348725b28accf35470c9683b2509ff8c9a
TRAIN_NEG_00904,train,random_5_30,26,,,0,0.0,False,142,9bbdd78f3dd598d0e924ee2cf51e9f914db3e200dd90f0596d26ff838bc27c6e
TRAIN_NEG_00905,train,shuffled,8,ath04081,KEGG_SignalTrans,0,0.0,False,142,111142a286a3757f8826f65a745268852a1d2bfef3ca15ebd772c617e838d4ba
TRAIN_NEG_00906,train,partial_50_80,27,ath00770,KEGG_Cellular,27,1.0,False,142,8c0808517f81dea2d1013194626ec66cf9a9f47ffdc77f7e15ca55f987f04de8
TRAIN_NEG_00907,train,cross_pathway,10,ath00603;AC_GLUTORN-PWY,KEGG_Lipid;AraCyc_Misc,10,1.0,False,142,7aef531ee6b217fb68384f84703d83154976b939db5aa49a0b274049492bbafa
TRAIN_NEG_00908,train,random_5_30,30,,,0,0.0,False,142,884e837c2317858fc90f0b972f927939b511c4e5138706c68d8f353c9b20a480
TRAIN_NEG_00909,train,shuffled,10,AC_GLUTORN-PWY,AraCyc_Misc,0,0.0,False,142,5720d80054462a43cbfd7f63eccc559fda94179185e5992d7a001fd9f49af7f1
TRAIN_NEG_00910,train,partial_50_80,69,ath00940,KEGG_Cellular,69,1.0,False,142,bb1345ecfda8329a93fef0b786fbf3f4a332eff7e0a6d124865e6ff6e2f46327
TRAIN_NEG_00911,train,cross_pathway,10,AC_PWY4FS-2;AC_GLYSYN2-PWY,AraCyc_Misc;AraCyc_Misc,10,1.0,True,142,65234225b9ceb2cb602c141884aa7c818bbbb9b9bddeffc88a12494a4e48faf1
TRAIN_NEG_00912,train,random_5_30,21,,,0,0.0,False,142,ee45afd01eaeb19a358b3b3fc73327d6e61ecdde484ca8b855621ead76f9462e
TRAIN_NEG_00913,train,shuffled,51,AC_PWY-1042,AraCyc_Misc,0,0.0,False,142,83c51d40823aaff95b490d177478035019529fb66d41a642775080c4ee73f61a
TRAIN_NEG_00914,train,partial_50_80,6,AC_PWY-4821,AraCyc_Misc,6,1.0,False,142,1dc9760e18142c6094be71604be1c476626b25c75ead8155e85049650c04a300
TRAIN_NEG_00915,train,cross_pathway,40,ath00513;ath00640,KEGG_Lipid;KEGG_Cellular,40,1.0,False,142,ffe0db450b358b7ecf508694d7e612c9f5eaaeb8baf3fcf9ab9f5879e6dcf4bc
TRAIN_NEG_00916,train,random_5_30,8,,,0,0.0,False,142,614c7e63b9dd9b62bd447e2d3ca369bdcc91f1a69b7e7b53b4d898302b17d8ab
TRAIN_NEG_00917,train,shuffled,12,AC_PWY-5659,AraCyc_Carbohydrate,0,0.0,False,142,bddbb0e754b9b61fbee070a9d8dbe2e03113c7ee705f0ca9dae7df147a7f8f36
TRAIN_NEG_00918,train,partial_50_80,28,AC_PWY-5321,AraCyc_Misc,28,1.0,False,142,c2c6701d0fdf24ed5b2ddd06651beb5bd7dbc2c4473ba69571fac0e80ae3bc7a
TRAIN_NEG_00919,train,cross_pathway,10,ath00261;AC_PWY-2582,KEGG_Cellular;AraCyc_Misc,10,1.0,False,142,eba7ab734b66de69443fb5452465079143b93836e1eae73e581fbf215e51d0e2
TRAIN_NEG_00920,train,random_5_30,26,,,0,0.0,False,142,d65f45ff3d897fc0f548d598e2a7ef60ed7c9169b5e0f165fdadbfaea046b272
TRAIN_NEG_00921,train,shuffled,11,AC_PWY-4081,AraCyc_Misc,0,0.0,False,142,502c42f1ffb0e6cce0be5490b9cc487e56d9d891ebb5b50c46a16c27a583d220
TRAIN_NEG_00922,train,partial_50_80,8,AC_RIBOSYN2-PWY,AraCyc_Misc,8,1.0,False,142,13816a50afb5f7a849af97b80308184dc74ea7fa12ac9ed70e3d4a7ca592d539
TRAIN_NEG_00923,train,cross_pathway,8,ath00945;AC_PWY-5046,KEGG_Cellular;AraCyc_Misc,8,1.0,False,142,4977b4de0acb74307bd853a5fcb5b71fed3ab4d4562fa82e7bf1981fd0a7e709
TRAIN_NEG_00924,train,random_5_30,20,,,0,0.0,False,142,517eadd4121423d069c19524723db2f1b98661adf8e1a0f1d9ff905a34832089
TRAIN_NEG_00925,train,shuffled,56,AC_GLYCOLYSIS,AraCyc_Carbohydrate,1,0.017857142857142856,False,142,0004accd01c392e3d4a31a140fb160649ea3216a05aeeca42e55e26bbfaeea64
TRAIN_NEG_00926,train,partial_50_80,7,AC_PWY-6007,AraCyc_Misc,7,1.0,False,142,687bff7662888a844e439dec260a93c0d124e3a629071ac27c4f511fd204f8e3
TRAIN_NEG_00927,train,cross_pathway,19,AC_PWY-5918;ath01320,AraCyc_Misc;KEGG_Cellular,19,1.0,False,142,430fa501b0a48c12a6e5666c2a11db20469f13185490e70b2b7c631124fde5f5
TRAIN_NEG_00928,train,random_5_30,30,,,0,0.0,False,142,d86af1c2b28734a276c945d8145d19db0431e0984e71db0cfdb8c3a79ce6c790
TRAIN_NEG_00929,train,shuffled,5,ath00543,KEGG_Lipid,0,0.0,False,142,babd60ef312100d26cafa9d6e87055d77c467ae15f49c6c0254a16a767f836ec
TRAIN_NEG_00930,train,partial_50_80,3,AC_PWY-8458,AraCyc_Misc,3,1.0,False,142,23a8084aac48834d5b8b350d9325ae94c1323d62d14f6c17cc153dfe955ab9ab
TRAIN_NEG_00931,train,cross_pathway,25,AC_PWY-6266-ARA;AC_GLUCOSE1PMETAB-PWY,AraCyc_Misc;AraCyc_Carbohydrate,25,1.0,False,142,29058b14160ce4550d3f037bba02a3214c613b3320102331fcf690539f8988dd
TRAIN_NEG_00932,train,random_5_30,24,,,0,0.0,False,142,52f1b3cf29df715df765ed78fd205b1e0da3e91efb26d34b8247e2c3525044ed
TRAIN_NEG_00933,train,shuffled,36,AC_PWYQT-4481,AraCyc_Misc,0,0.0,False,142,dcfadbea0a075c793adef11d73ba4c28309571e551e5b7dfcf028a1d8f8e38f2
TRAIN_NEG_00934,train,partial_50_80,85,ath00940,KEGG_Cellular,85,1.0,False,142,567d6dddafbb17ca0884b72c20c00c11ab6e0e935d97f4bc43b193126b90af2c
TRAIN_NEG_00935,train,cross_pathway,51,ath00230;AC_ILE-VAL-PWY,KEGG_Cellular;AraCyc_Misc,51,1.0,False,142,c2fea7fea187d504698d6f6e125beebdadaaffaebef8dbcc1befb3540f26c49a
TRAIN_NEG_00936,train,random_5_30,15,,,0,0.0,False,142,f41f53ab4ef4e96aadea2ef2475303673444f9489f9a94cf0381d35e8a95206b
TRAIN_NEG_00937,train,shuffled,10,AC_PWY-695,AraCyc_Misc,0,0.0,False,142,d544d6c2b687468aeed8bdf21b1237bf5dbe4b78f393605f7bb6550aaa4dbae5
TRAIN_NEG_00938,train,partial_50_80,3,AC_PWY-4041,AraCyc_Misc,3,1.0,False,142,69d8c404960f60f3ac26995b4ee47eeac3a65fcb8129a1de5e9beddd07d48461
TRAIN_NEG_00939,train,cross_pathway,27,AC_GLUCONEO-PWY;AC_PWY-6908,AraCyc_Misc;AraCyc_Cofactor,27,1.0,False,142,116d26029d683b043c1031da2e2f389d13c94b4fbea53048653fc1a3194e3515
TRAIN_NEG_00940,train,random_5_30,7,,,0,0.0,False,142,a8730037b8ac31a56cc4484877c4f7e2578ae89f6308b89ef3f5a679665e923d
TRAIN_NEG_00941,train,shuffled,8,AC_PWY-6014,AraCyc_Misc,0,0.0,False,142,0a201e529445020b40e85d06ad29ba7a7ac5a07f5f9b24f17c07e01def964273
TRAIN_NEG_00942,train,partial_50_80,6,AC_PWY-6369,AraCyc_Misc,6,1.0,False,142,90c4b66cb9dea514431a7176e1e8e393c9bd5bb931ac2330d3db47e521b53bfc
TRAIN_NEG_00943,train,cross_pathway,82,ath00480;ath03060,KEGG_Cellular;KEGG_GeneticInfo,82,1.0,False,142,8e903da4853ec6979c9046fc86cddd848df518c0da4b97f2ae1b2abd761e2308
TRAIN_NEG_00944,train,random_5_30,18,,,0,0.0,False,142,b7cd3ced2b8a8d81ff64286d34f428e5e6f3be9595aef13ab6e46a2595a8eb9e
TRAIN_NEG_00945,train,shuffled,15,AC_ASPARAGINE-DEG1-PWY-1,AraCyc_Misc,0,0.0,False,142,7fdfc3febdbe43e8299eb9cd6ebc8700cab20fb012d6e3068f654da2ba865d41
TRAIN_NEG_00946,train,partial_50_80,36,ath00561,KEGG_Lipid,36,1.0,False,142,53eab76734182ba8feb5a62928fa17441bef12cc0b5d81c623da8f4ccf92cfca
TRAIN_NEG_00947,train,cross_pathway,20,ath00908;AC_PWY-7634,KEGG_Cellular;AraCyc_Misc,20,1.0,False,142,85715cc1cec130140d5b99206a48253e407972c6ed1d5ea45e955f32e2282791
TRAIN_NEG_00948,train,random_5_30,8,,,0,0.0,False,142,baa3e453bdad720e60ec8f05d7cfaeb7ef222180c2210a36ac46ecaa45dcbb01
TRAIN_NEG_00949,train,shuffled,5,ath00601,KEGG_Lipid,0,0.0,False,142,8eb29dbf449ca3cdede658039d24aa7dbf9fe0de29382f5a713d09c37ef9cfdc
TRAIN_NEG_00950,train,partial_50_80,53,ath00999,KEGG_Cellular,53,1.0,False,142,0392890443df87c02d035d9a87bd0d00aec45288257c917b111668c7eebff23c
TRAIN_NEG_00951,train,cross_pathway,22,AC_HOMOSERSYN-PWY;ath00513,AraCyc_Misc;KEGG_Lipid,22,1.0,False,142,195f309b6e1055c2e89906baf586793ada146cd74ece25e3d4cd0249bc3d4714
TRAIN_NEG_00952,train,random_5_30,29,,,0,0.0,False,142,b211652e2a95f0043d90dc778fff5ad32a658eb91c498511fe985675005ead12
TRAIN_NEG_00953,train,shuffled,130,ath00940,KEGG_Cellular,0,0.0,False,142,e3b010ae40780151cfe7def2fc078029e011dded4def356e945a74bce19b4387
TRAIN_NEG_00954,train,partial_50_80,3,AC_ILE-VAL-PWY,AraCyc_Misc,3,1.0,False,142,85a8a695d070e3f27dcad6a793bca1f43a937e7979f791ed4ef38e7b0b4467fd
TRAIN_NEG_00955,train,cross_pathway,1217,AC_PWY-2261;ath01100,AraCyc_Misc;KEGG_Cellular,1217,1.0,False,142,4fd6b4b73ab4f3ee246ab04e7f5eb9877329c6d3aaa5517d7f307cfaee424f23
TRAIN_NEG_00956,train,random_5_30,13,,,0,0.0,False,142,7aef68624b723c35c34221029609bef6def3ee09f7dcdc426f16a98c9829f503
TRAIN_NEG_00957,train,shuffled,25,AC_PWY-6717,AraCyc_Misc,0,0.0,False,142,d81b2587cfad70cb852c6fcdbc7428b82e21cd86ae8149ee8d2d61d14e02c888
TRAIN_NEG_00958,train,partial_50_80,7,AC_PWY-4765,AraCyc_Lipid,7,1.0,False,142,995691453a15acc20472d477b2fcb755e6c8a5ef595ceba526b4cea9e4f81d28
TRAIN_NEG_00959,train,cross_pathway,228,AC_PWY-7398;ath04075,AraCyc_Secondary;KEGG_SignalTrans,228,1.0,False,142,ac97d642e0876ff81fa416de2f5a17a912b0dd8c360eb9b1b540388e60f8193f
TRAIN_NEG_00960,train,random_5_30,8,,,0,0.0,False,142,306b341b7f4dc7fac8768cbca4f1298a181b57329d081f36f188f3e89d486d17
TRAIN_NEG_00961,train,shuffled,5,AC_PWY-6936,AraCyc_AminoAcid,0,0.0,False,142,9025011e48caa419207fd0587b48871a17138d5c1ed3946af805de812b3b47ab
TRAIN_NEG_00962,train,partial_50_80,8,AC_PWY-7560,AraCyc_Misc,8,1.0,False,142,176eefd841f40d18d6cb83a5e798fa7c87b9bc1461abc75d60a68f7468af2867
TRAIN_NEG_00963,train,cross_pathway,20,AC_PWY-6787;AC_SERSYN-PWY,AraCyc_Secondary;AraCyc_Misc,20,1.0,False,142,920c695e2c9d388bcfba5425bedf5abf467e16f7b43d76465b8c1003d2497ede
TRAIN_NEG_00964,train,random_5_30,12,,,0,0.0,False,142,67b6f09ff88e50162249d8f757f2ef3b34247699e3550ab2b127c228ebbeaaff
TRAIN_NEG_00965,train,shuffled,9,AC_PWY-5188,AraCyc_Misc,0,0.0,False,142,9b62e1cc2c79ae067e9ecbe00ef78dec6d604e329bc3aef6f2646a0fe762e5f3
TRAIN_NEG_00966,train,partial_50_80,14,ath00290,KEGG_Cellular,14,1.0,False,142,3e8f02e16c0c7d8c2526fbb93c6f31062545f072c439065dd34498fb869372dd
TRAIN_NEG_00967,train,cross_pathway,7,AC_PWY-7417;AC_LYSINE-DEG2-PWY,AraCyc_Lipid;AraCyc_AminoAcid,7,1.0,False,142,c85c09ac62f5b6d01a7c40685ef05a146ba77b11c0a753f053b43ef9880728ba
TRAIN_NEG_00968,train,random_5_30,20,,,0,0.0,False,142,2f8b63272f56a392e98bc0cbf763a10f2e23718d5d27ae5497700030890e351a
TRAIN_NEG_00969,train,shuffled,17,AC_PWYQT-4449,AraCyc_Misc,0,0.0,False,142,d8a8e06f591fb996f96836539caa2dadff8c0c7770cf2daef2d060068d7c31e3
TRAIN_NEG_00970,train,partial_50_80,16,AC_PWY-6040,AraCyc_Misc,16,1.0,False,142,ceae6829e0e1ae7fda92e29f28817fdbefb94fc404cb4bbbc326eacfc3944796
TRAIN_NEG_00971,train,cross_pathway,13,AC_PWY-5350;AC_PWY-6040,AraCyc_Misc;AraCyc_Misc,13,1.0,True,142,a1929eb49ac37ce00b969c1becdab5c1d548b78cef7723cd1cc747b1f10da46b
TRAIN_NEG_00972,train,random_5_30,25,,,0,0.0,False,142,05e0c2357be98120424a1c553e85b0ee5c375fc096d227720f632632dc7a0958
TRAIN_NEG_00973,train,shuffled,9,AC_PWY-5098,AraCyc_Misc,0,0.0,False,142,20d7ab3ced1501bff2f0d28beb97401f0756b9aad0b6c3f96f2b1dd9371fc552
TRAIN_NEG_00974,train,partial_50_80,12,AC_BRANCHED-CHAIN-AA-SYN-PWY,AraCyc_AminoAcid,12,1.0,False,142,f4c2cf67fd4d08446d7210360777eb3a7c36a5fcbeb6bfc5821db6d0b5edf460
TRAIN_NEG_00975,train,cross_pathway,10,AC_PWY-5041;AC_GLUCOSE1PMETAB-PWY,AraCyc_AminoAcid;AraCyc_Carbohydrate,10,1.0,False,142,1a0c62ac3a149415be6f59dd14a49ffe4f0557def14f62847cd60aaa02c6624b
TRAIN_NEG_00976,train,random_5_30,15,,,0,0.0,False,142,37c981411d280d3b6cba74a405f55124471d406b9cd8a1558b0e5a10ea55efcb
TRAIN_NEG_00977,train,shuffled,7,AC_PWY-7221,AraCyc_Nucleotide,0,0.0,False,142,2b82bf655682bbcee24e57beafbc0cbf1c4d0c7df4ddd952b72b3363ecda38da
TRAIN_NEG_00978,train,partial_50_80,9,ath00590,KEGG_Lipid,9,1.0,False,142,fb807fd17d7051b179c4b7ebfc0963476808a2d2ce4c485823f6de4ce4c66223
TRAIN_NEG_00979,train,cross_pathway,9,AC_PWY-4702;AC_PWYDQC-4,AraCyc_Misc;AraCyc_Misc,9,1.0,True,142,de34ae91727089b3f89f004e13381bf7a6bb0a9d3101d6579b08f87af985da44
TRAIN_NEG_00980,train,random_5_30,18,,,0,0.0,False,142,1f43f305272e6cfc217f97d5eff97f816c05ac638f153b6c0dce3d6ee0e90c30
TRAIN_NEG_00981,train,shuffled,69,ath03083,KEGG_GeneticInfo,0,0.0,False,142,cda31b1dfdf61a12ff5a167123e88f2781f449c1199cab6adcb524e7f0928bdb
TRAIN_NEG_00982,train,partial_50_80,4,ath04081,KEGG_SignalTrans,4,1.0,False,142,b02fe986c608f712298ca10cf6866ccad1d5dec4f698f04bd6a12076d284e987
TRAIN_NEG_00983,train,cross_pathway,6,AC_PWY-5070;AC_PWY-7346,AraCyc_Misc;AraCyc_Carbohydrate,6,1.0,False,142,d93844ea68c5e82ce762d561c74e7329ef42d2cc3c6744d18ce1d8bf0b6865e8
TRAIN_NEG_00984,train,random_5_30,19,,,0,0.0,False,142,8cee1f818c2d9d113a394de2549d62b229e064e353867202fa9afeb13b42bae1
TRAIN_NEG_00985,train,shuffled,36,ath00785,KEGG_Cellular,0,0.0,False,142,4f93cd7e923fd373702447dc93fcf7df912530500c489f08f333b09043064eb1
TRAIN_NEG_00986,train,partial_50_80,3,AC_LYSINE-DEG2-PWY,AraCyc_AminoAcid,3,1.0,False,142,44624124137cbbc0b7d01cf45809fcdb5734155a52a700ce30bed8fad6374516
TRAIN_NEG_00987,train,cross_pathway,11,ath00511;AC_PWY-8458,KEGG_Lipid;AraCyc_Misc,11,1.0,False,142,dd4ca2cb837f337303710c45381344242256704b4cbd6d86d933d89242b129b4
TRAIN_NEG_00988,train,random_5_30,11,,,0,0.0,False,142,b363bf82684ea97c41618fc1766c37521fbd35a0abfd0970672157b14feb846f
TRAIN_NEG_00989,train,shuffled,21,AC_TRPSYN-PWY,AraCyc_AminoAcid,0,0.0,False,142,f5a0276778985e87a3a5b172c5ea1f19741a96519d83d2c08a994f8a8ead73c5
TRAIN_NEG_00990,train,partial_50_80,8,AC_ARGSYN-PWY,AraCyc_AminoAcid,8,1.0,False,142,7e351febaf17b00ab7a2f54008daac74296acc2673282bb71bc190f2191a7206
TRAIN_NEG_00991,train,cross_pathway,25,AC_CITRULBIO-PWY;AC_PWY-5098,AraCyc_Misc;AraCyc_Misc,25,1.0,True,142,2beb39952e7b161cfac357ec8e34f7b0e09bf2ca7289e4a32fa8c6b41d55ef91
TRAIN_NEG_00992,train,random_5_30,5,,,0,0.0,False,142,140bf68d1992700a420f43a3e38b8b659ddcb3f98ad01bcc5e9266e69f4e3a64
TRAIN_NEG_00993,train,shuffled,5,AC_PWY0-662,AraCyc_Misc,0,0.0,False,142,b8bef214d38c672e353c540aeb7b600e7627b2fd711d03db0d6441f097dc7fcb
TRAIN_NEG_00994,train,partial_50_80,8,AC_PWY-6219,AraCyc_Misc,8,1.0,False,142,f65f1627dd41e473b40b18dbd1be3c47257028c9ebd3c92bac11cbb577da3c1b
TRAIN_NEG_00995,train,cross_pathway,21,AC_PWYQT-4429;AC_PWY-8321,AraCyc_Misc;AraCyc_Misc,21,1.0,True,142,6236ba3cdcd3a4fb617fc1002348dcdac802c3b271e85375ccb7b349920a0a5e
TRAIN_NEG_00996,train,random_5_30,29,,,0,0.0,False,142,d263f32c48b7393d9897e86d61d0dc1a4ef50a1a6b1369d605e772b1a9df5d89
TRAIN_NEG_00997,train,shuffled,5,AC_PWY-6118,AraCyc_Misc,0,0.0,False,142,b5cb15278ea53eb830512a0cfe3c4b23a479472e27c6b80a7280c4acf6bffd91
TRAIN_NEG_00998,train,partial_50_80,6,AC_PWY-2021,AraCyc_Misc,6,1.0,False,142,180ddb3b0693264126f6e917abd8b2c00568ad02e2bd0b146e07dccc97e154f0
TRAIN_NEG_00999,train,cross_pathway,132,ath04141;ath00670,KEGG_SignalTrans;KEGG_Metabolism,132,1.0,False,142,3604994774b3620e028715f0d50af2d0aab3ee941de9d8951c1f8a9516c5369a
TRAIN_NEG_01000,train,random_5_30,22,,,0,0.0,False,142,f7a33b197404cc6f6a3e1d7d8ce86d9ee31833f10ad471f9949ba656e76513a9
TRAIN_NEG_01001,train,shuffled,46,ath03460,KEGG_GeneticInfo,0,0.0,False,142,ca09a68b731fb21e5cd086ce923bd512ff55e44096568c5ccd368f22d231f9e8
TRAIN_NEG_01002,train,partial_50_80,6,AC_PWY0-1608,AraCyc_Misc,6,1.0,False,142,c3a7d3c4a61a0d6a8b8450dd0afb1ec82fcc3777dac2dc2706201585f33e4a10
TRAIN_NEG_01003,train,cross_pathway,11,AC_PWYDQC-4;ath03450,AraCyc_Misc;KEGG_GeneticInfo,11,1.0,False,142,c378a3765e794d315e864f526b10c5a68130b324d1165f72b7e347c789aa0dc7
TRAIN_NEG_01004,train,random_5_30,25,,,0,0.0,False,142,75d4bbec70b74d5cb2e649d317db85192ac82415d1a16e91b25e89d116cca495
TRAIN_NEG_01005,train,shuffled,6,AC_PWY-882,AraCyc_Misc,0,0.0,False,142,1163b5d845049107d9afee87955549a522716a7d53a3c1a82ffbf0f201da0e44
TRAIN_NEG_01006,train,partial_50_80,24,AC_GLUCONEO-PWY,AraCyc_Misc,24,1.0,False,142,772293c32ecd12de43b3e03201e3ecd4e69146d1145e95f47c04560f756c5ab7
TRAIN_NEG_01007,train,cross_pathway,13,AC_PWYQT-4477;AC_PWY-5070,AraCyc_Misc;AraCyc_Misc,13,1.0,True,142,f15d247d8ebe29fc3d94eaffa8196452d630a40a277fd41f5a31a17105f7903a
TRAIN_NEG_01008,train,random_5_30,26,,,0,0.0,False,142,113b8e5f8140034d1c3e4d58f096d4f1325b95246a24aa03dacfa91e29cfdc11
TRAIN_NEG_01009,train,shuffled,36,ath00785,KEGG_Cellular,0,0.0,False,142,370da4c69a9c906a716d08ad194d360d5001b9496d3cc1de0c285f2dd495d258
TRAIN_NEG_01010,train,partial_50_80,44,ath00561,KEGG_Lipid,44,1.0,False,142,211812dcd151a1e94b65da56307cd67a807a2fc0a88f4bd1b57a2783c1846eb0
TRAIN_NEG_01011,train,cross_pathway,31,AC_PWY-7298;AC_PWY-1121,AraCyc_Misc;AraCyc_Misc,31,1.0,True,142,bacdaacdc65e27e8c97a5e86b3bea0b397d6cdad30b447d2a9970dd83559ce23
TRAIN_NEG_01012,train,random_5_30,22,,,0,0.0,False,142,468addc5c705935819ce00177990117939d0839a1586e7c424f6a991598c1e86
TRAIN_NEG_01013,train,shuffled,22,AC_PWY-7211,AraCyc_Nucleotide,0,0.0,False,142,c4b814acab82daabd1e3d54665e886c14f902bf21490de0a3db364e5655e8f73
TRAIN_NEG_01014,train,partial_50_80,3,AC_PWY1ZNC-1,AraCyc_Misc,3,1.0,False,142,16c14b46473b8f7fbffed5152f6eaf5b1fd20dbc4cf3607d713fca4145770e61
TRAIN_NEG_01015,train,cross_pathway,7,AC_PWY-5886;AC_PWY-2681,AraCyc_Misc;AraCyc_Misc,7,1.0,True,142,3e4e95e890a8bd1d9be63aea0815dfebad5a1b112fc234e2f8b4acc81dbbcd5e
TRAIN_NEG_01016,train,random_5_30,8,,,0,0.0,False,142,3e1771b6e9e594ed7e8c2de1d33756ad5f63078510b4604bb90578974f18bb04
TRAIN_NEG_01017,train,shuffled,9,AC_PWY-641,AraCyc_Misc,0,0.0,False,142,aa65905d504a20529f969e4befe106269f020c6e3f0dd2b6a7358c3394e03f93
TRAIN_NEG_01018,train,partial_50_80,6,AC_PWY-5188,AraCyc_Misc,6,1.0,False,142,316f6c3d4a936bb684d1762d1697443d53e518c6677b0b0d1ea35638d03c5d9e
TRAIN_NEG_01019,train,cross_pathway,6,AC_HEME-BIOSYNTHESIS-II;ath00901,AraCyc_Misc;KEGG_Cellular,6,1.0,False,142,ca172856f5730395822baf722176ab7dc57cbcdffe295485cc753e3fef5485ea
TRAIN_NEG_01020,train,random_5_30,15,,,0,0.0,False,142,9686af3d8da17ac8676bb230f26e6cd9fa7601bda0f385128e5b3a92c972a835
TRAIN_NEG_01021,train,shuffled,16,AC_PWY-102,AraCyc_Misc,0,0.0,False,142,bf416780a2ca6e1c34d42425c80cbee61d2fa56fc323ff4a24c3b4bacb0b485b
TRAIN_NEG_01022,train,partial_50_80,4,AC_PWY-8395,AraCyc_Misc,4,1.0,False,142,932c10f137c41d1f6c8b1481299be697100336a2d9f446a1361eb554c951c9a0
TRAIN_NEG_01023,train,cross_pathway,13,AC_PYRUVDEHYD-PWY;AC_PWY0-1264,AraCyc_Misc;AraCyc_Cofactor,13,1.0,False,142,01505585c541ac54c8306372942410c1d1ed47bd2948647e4771d27f5f1b0a69
TRAIN_NEG_01024,train,random_5_30,16,,,0,0.0,False,142,f12ced195bae6b7caac57c2510e713ec93294e29b0e446eacaa00d6d399c8714
TRAIN_NEG_01025,train,shuffled,14,AC_PWY-3101,AraCyc_Misc,0,0.0,False,142,f8d8754261fdf15625835f0c3726538b5d3a0e2758c4b396b5719d894d249815
TRAIN_NEG_01026,train,partial_50_80,11,AC_PWY18C3-24,AraCyc_Misc,11,1.0,False,142,2ce9d36d5591315a48e6e7313eee2e7aafbb199b4802227ce9e2f27e438b5e61
TRAIN_NEG_01027,train,cross_pathway,37,ath00460;AC_PWY0-1608,KEGG_Cellular;AraCyc_Misc,37,1.0,False,142,eefb2f386a9fe7517822c1e209da727a1bb4ae18fe1682be13e590da62d1bdec
TRAIN_NEG_01028,train,random_5_30,12,,,0,0.0,False,142,24504d4b2ba31a83aca0dc9ac2d0302e75eaeb5c3673fd05afc56763f6a26063
TRAIN_NEG_01029,train,shuffled,7,AC_PWY3O-450,AraCyc_Misc,0,0.0,False,142,b993c4db7c686f3f63c288bbd44a27e963d3d06b6019b132bcf1ba93371187c0
TRAIN_NEG_01030,train,partial_50_80,7,AC_PWY-695,AraCyc_Misc,7,1.0,False,142,48eebf738fa7092676318c776aa9bf54886be8e1e61a8e29c82882da062a47d2
TRAIN_NEG_01031,train,cross_pathway,120,ath04141;AC_PWY-6607,KEGG_SignalTrans;AraCyc_Nucleotide,120,1.0,False,142,743be5371732727de88da1501dfd66cf43502b0c856f393791ed0c8499e49e67
TRAIN_NEG_01032,train,random_5_30,25,,,0,0.0,False,142,2589096cc5ab5637e47db34fa977aba2487bea8d08193973787e33f205dfef3a
TRAIN_NEG_01033,train,shuffled,12,AC_PWYQT-4445,AraCyc_Nucleotide,0,0.0,False,142,24ec6a345a5c19fefaeb9ce3c9d313d6e7c8cbd8151b3f0923f787b0212e17a0
TRAIN_NEG_01034,train,partial_50_80,4,AC_PWY-6908,AraCyc_Cofactor,4,1.0,False,142,24b2bf07a9f9a807b0ddb9afcc6aed7e8a462d17d596fbf4a01ac55d48f2cca1
TRAIN_NEG_01035,train,cross_pathway,10,AC_GLUTORN-PWY;AC_PWY-7417,AraCyc_Misc;AraCyc_Lipid,10,1.0,False,142,1a0df84b9b1c125899e7bfb2148f332d19a8c5d621357419091ff06bbe3f442d
TRAIN_NEG_01036,train,random_5_30,17,,,0,0.0,False,142,1757c8eeb557624387ebe00633c2e4cfb2c5b24a433f5eeefd10d7cff9abbe22
TRAIN_NEG_01037,train,shuffled,35,AC_GLUTAMINDEG-PWY,AraCyc_Misc,0,0.0,False,142,285457bd04c771304a263c3593909b6985a04162a14ab765874e568bc94d1530
TRAIN_NEG_01038,train,partial_50_80,6,AC_ARGSYN-PWY,AraCyc_AminoAcid,6,1.0,False,142,cc5d1e10b5985802d8f135ffabc01a2d62a0be6e091d7a170077426a77fc8860
TRAIN_NEG_01039,train,cross_pathway,26,ath03450;AC_LIPAS-PWY,KEGG_GeneticInfo;AraCyc_Misc,26,1.0,False,142,a0d3bd7adb5dd15055a397d955ed0458bacb116acc4fe7eb6ac5251feafbfc01
TRAIN_NEG_01040,train,random_5_30,18,,,0,0.0,False,142,ae830d256a02bd6514d6d2b6f95db64970ed2ee94004101d18b9ea292e890b5f
TRAIN_NEG_01041,train,shuffled,9,AC_PWY-6605,AraCyc_Misc,0,0.0,False,142,abf83a78e8077a665cda02f4621f560aa75498282ae095c575582d0a14e68eb1
TRAIN_NEG_01042,train,partial_50_80,4,AC_SERSYN-PWY,AraCyc_Misc,4,1.0,False,142,5faa3f658bce0d0725ff78b36c8f92935efff528fdc5f99551a4a1939b8fce10
TRAIN_NEG_01043,train,cross_pathway,29,AC_PWY0-1608;AC_GLUCONEO-PWY,AraCyc_Misc;AraCyc_Misc,29,1.0,True,142,c25cc95a8ef93402172cf83f88f73c6c9ca8e0a6842bf6ba99fd26715820e01f
TRAIN_NEG_01044,train,random_5_30,22,,,0,0.0,False,142,c140e03116fbe4a1df64dfdcde3cbcecbf2d65f2bb06929206757c6222560d69
TRAIN_NEG_01045,train,shuffled,15,AC_PWY-5136,AraCyc_Lipid,0,0.0,False,142,8fcc49ef367d16533a6d9d617a4431a2a5e09e0efa56d80d72c782cb602d9223
TRAIN_NEG_01046,train,partial_50_80,6,AC_PWY3O-4107,AraCyc_Misc,6,1.0,False,142,12baff99d725913cfac92b1036f84815fca105497ead5041983a554c15ce16bb
TRAIN_NEG_01047,train,cross_pathway,15,AC_PWY-5410;AC_PWY-5725,AraCyc_Misc;AraCyc_Misc,15,1.0,True,142,475de5c92d08d8a955a40a0cb3d2940740b89b327c2db442b96041882e5b0925
TRAIN_NEG_01048,train,random_5_30,25,,,0,0.0,False,142,698988836e751dfec2d4edfb9c40b963bcc25785d8e390cf3e470c75af9fb72c
TRAIN_NEG_01049,train,shuffled,6,AC_SERSYN-PWY,AraCyc_Misc,0,0.0,False,142,b89ac317a7c196b05eaef179f9f7ff3730158463c06ca112ef69bf98ab1d76b3
TRAIN_NEG_01050,train,partial_50_80,25,ath00910,KEGG_Cellular,25,1.0,False,142,34487ebecd34d151498ea24250a2a36018264f3638d1f6d13db699b94af4e96b
TRAIN_NEG_01051,train,cross_pathway,142,AC_PWY-6115;ath01200,AraCyc_Misc;KEGG_Metabolism,142,1.0,False,142,cce0f786848136115249eb1d82e4705246c024bac64b4705d815138978b34f23
TRAIN_NEG_01052,train,random_5_30,21,,,0,0.0,False,142,c20bbe4fbc05007baffaa98e4e495ff5297bfdaef746a1cb29c89b3ea429a4c8
TRAIN_NEG_01053,train,shuffled,5,AC_PWY-7546,AraCyc_Misc,0,0.0,False,142,6ddba1b3f000bd20d60c0fb357b5fa5c73d8b19946d1e25a02c79a562fb267af
TRAIN_NEG_01054,train,partial_50_80,7,AC_PWY-7560,AraCyc_Misc,7,1.0,False,142,e22d6a8e5332ccfe43d8cce37b36ffdd52a9c87233ffbc81293081021ddc9608
TRAIN_NEG_01055,train,cross_pathway,65,ath04146;ath00920,KEGG_SignalTrans;KEGG_Cellular,65,1.0,False,142,edaa47720eb0ac66b732ac3c0eb3f94d3bd14e382a2edb3d4181caa4b7e3880a
TRAIN_NEG_01056,train,random_5_30,16,,,0,0.0,False,142,b4d391190da0e930f43d4e62401c945d395a58f9771b4c54871c3853f3ebd08a
TRAIN_NEG_01057,train,shuffled,11,AC_PWY-6792,AraCyc_Misc,0,0.0,False,142,de8b8c699a8bfac6313fa3782789b4d2acd286acb5a0c5476cbd9982dec84c28
TRAIN_NEG_01058,train,partial_50_80,3,AC_PWY-6444,AraCyc_Misc,3,1.0,False,142,f4eb76cd4e3a5346f28d8d99e9ecab30cf082fe1a4c97a1e1ce8cc6bfd31acbe
TRAIN_NEG_01059,train,cross_pathway,10,AC_PWY-7204;AC_PWYQT-4482,AraCyc_Cofactor;AraCyc_Misc,10,1.0,False,142,4d4c041aeb33cc28903489a9e8596abe745540f8aabd66df9a8078d792749ee5
TRAIN_NEG_01060,train,random_5_30,27,,,0,0.0,False,142,03ee8533a5bd01fcd41ca14048b5f17b641040b92f47c67e01eb05b1a79dca34
TRAIN_NEG_01061,train,shuffled,5,AC_PWY-5957,AraCyc_Misc,0,0.0,False,142,d97c7274d2374de518c13ad9e7cd7de25d9cc38b5d145bd479b361dd86b020d6
TRAIN_NEG_01062,train,partial_50_80,8,AC_PWY-2261,AraCyc_Misc,8,1.0,False,142,d81d9572b7a0a0730b4e95f97fda6fe32c2e8c77c21162237fa31729fd55c558
TRAIN_NEG_01063,train,cross_pathway,7,AC_PWY-8458;AC_CHLOROPHYLL-SYN,AraCyc_Misc;AraCyc_Misc,7,1.0,True,142,140464e75f66130f757b52442b3f50966c3f36bc96188adeb4e56cedfbb8566d
TRAIN_NEG_01064,train,random_5_30,24,,,0,0.0,False,142,d38f988628cfffe0edda712444635b638b46a5385fe85d610c7ba541010ee4f8
TRAIN_NEG_01065,train,shuffled,42,ath00640,KEGG_Cellular,0,0.0,False,142,a55b1710993e10d53a28d08fe8f34168708dd85219709f8049cb28b78bacd1e5
TRAIN_NEG_01066,train,partial_50_80,7,AC_PWY-6363,AraCyc_Misc,7,1.0,False,142,c97ea7dc95f0a408072a37c91a22f16d61020bdfebe34a5f1056f460132f088d
TRAIN_NEG_01067,train,cross_pathway,9,AC_PWY-6014;AC_PWY-6546,AraCyc_Misc;AraCyc_Misc,9,1.0,True,142,722efb4d92a5ddcdce9f65d84e4335037e55b05105d7386b42a617c6240560e3
TRAIN_NEG_01068,train,random_5_30,8,,,0,0.0,False,142,207a88d081f5fccfaa24716af27edd957fbbd6dd54cda91a4db464ff08350c9f
TRAIN_NEG_01069,train,shuffled,29,AC_PWY-724,AraCyc_AminoAcid,0,0.0,False,142,6ee65629e74acc9313591b8705c6e1f7bab17ab3530ca5a23f7bc630f279cffe
TRAIN_NEG_01070,train,partial_50_80,8,AC_PWY0A-6303,AraCyc_Misc,8,1.0,False,142,525db2351f03775878b6fa6210321954585f8a3fd88e8cf60a3b55bd49dfcd94
TRAIN_NEG_01071,train,cross_pathway,11,AC_PWY-7193;ath00905,AraCyc_Nucleotide;KEGG_Cellular,11,1.0,False,142,332753a4d47bef2d3a5f14f84eed7696fc4080520d3bf87a44f9d33b7a16d424
TRAIN_NEG_01072,train,random_5_30,5,,,0,0.0,False,142,49c189d6eeef9763196d26ac96bc4cd6c6628744425023bb90d13d25651fad8b
TRAIN_NEG_01073,train,shuffled,40,AC_PWY-6733,AraCyc_Misc,0,0.0,False,142,ff24257ed63917067b99c6ffb07c8d065f389470737bb409a4d1177ca2230e44
TRAIN_NEG_01074,train,partial_50_80,5,AC_PWY18C3-22,AraCyc_Misc,5,1.0,False,142,8af9c00ba77a4024c1fb761e11352c3323d9cb16db3599a05e8eda2090089e13
TRAIN_NEG_01075,train,cross_pathway,208,ath01240;ath00500,KEGG_Cellular;KEGG_Lipid,208,1.0,False,142,cd190f5cee95c197dbb34c73221fa3d537b9a63e03865ed7c1a92ae3a660a18f
TRAIN_NEG_01076,train,random_5_30,8,,,0,0.0,False,142,ac878b0387317fbb5c000582fd3dc4f3c4249d2f1d0deaa6596d525902c60e10
TRAIN_NEG_01077,train,shuffled,12,AC_POLYAMINSYN3-PWY,AraCyc_Misc,0,0.0,False,142,f7c729381488a306b3f40d11484c998b5a1170a0500252e585f93280a28ef614
TRAIN_NEG_01078,train,partial_50_80,4,AC_PWY-5366,AraCyc_Misc,4,1.0,False,142,4927df5afeb711440fdbf7233e10e084c4af1b128bcdd365554f5f14b54f0420
TRAIN_NEG_01079,train,cross_pathway,8,AC_PWY-6544;AC_PWY-6792,AraCyc_Misc;AraCyc_Misc,8,1.0,True,142,d2c7f0b204216ac86112d0f74e75bc05d437c33d6de1658a6e2e06e8cdc08a23
TRAIN_NEG_01080,train,random_5_30,10,,,0,0.0,False,142,3571919600e13006ae3e9d66aecf9ed7aad17b72062ebe3f9131f8974597a23f
TRAIN_NEG_01081,train,shuffled,8,AC_PWY-7634,AraCyc_Misc,0,0.0,False,142,3b4425d4b7a653de99cc678396ed41dd1a1a1848742f7c35fb90d8a3ddc9ec54
TRAIN_NEG_01082,train,partial_50_80,9,ath00261,KEGG_Cellular,9,1.0,False,142,624ace1fc3ef6b3ed8de361a6b19cc9ab9de09ad88f5e96b040e6e40fe8cf77e
TRAIN_NEG_01083,train,cross_pathway,21,ath00062;AC_PWY-5068,KEGG_Lipid;AraCyc_Misc,21,1.0,False,142,a1ccca0d7de60717eeac973afb58757cb0a548cf8d5e373d71276be32ab670d3
TRAIN_NEG_01084,train,random_5_30,15,,,0,0.0,False,142,ecb2198b3c246ad4a554f60bfc44e386695af88f2a8f19f821be91a66c6a412c
TRAIN_NEG_01085,train,shuffled,15,AC_PWY-5097,AraCyc_AminoAcid,0,0.0,False,142,a4d217f4834dbb2028e976ade51e4474f46b5d10a3a98e8243777785f9e2f23d
TRAIN_NEG_01086,train,partial_50_80,38,ath04130,KEGG_SignalTrans,38,1.0,False,142,7668e8bd26fdc7b96428a84c1db0d9e9caf6cc4f77101f609e2ddb8e49917c58
TRAIN_NEG_01087,train,cross_pathway,9,AC_PWY-5269;AC_PWY-4221ARA,AraCyc_Misc;AraCyc_Misc,9,1.0,True,142,787c6290e4153a820f586a5ff2e25b6d74f60f18f2ae0a6da908086c6e2d2875
TRAIN_NEG_01088,train,random_5_30,26,,,0,0.0,False,142,c20f876fd4b6f0a4e25a52c274976b96643da7c26f2be9478ac3085c9d43560c
TRAIN_NEG_01089,train,shuffled,43,ath04712,KEGG_SignalTrans,0,0.0,False,142,2e737e8fb537bd505a9b8f5211a5d2606d810ba8d03ddc73a27cd8c6913c513b
TRAIN_NEG_01090,train,partial_50_80,6,AC_PWY-7356,AraCyc_Cofactor,6,1.0,False,142,27842bd08ad940aed00214556edcdfe167c435f995a87e3473b355734a965225
TRAIN_NEG_01091,train,cross_pathway,11,ath00261;AC_PWY-5079,KEGG_Cellular;AraCyc_Misc,11,1.0,False,142,a351ff2622f5ed86f14891b02e25bb4e80e16929da692fc93e64463976cf4003
TRAIN_NEG_01092,train,random_5_30,29,,,0,0.0,False,142,663de264a1578df74fb29c9582dc5e13abe30ad44ca6ad05d07efa65865b31d8
TRAIN_NEG_01093,train,shuffled,22,AC_PWY-7450,AraCyc_Misc,0,0.0,False,142,a1b381d4fab46bbb71c73060f355af083f6fcc0118e76d9d47aa591adfe5c8ce
TRAIN_NEG_01094,train,partial_50_80,5,AC_PWY-4321,AraCyc_Misc,5,1.0,False,142,c3d641445036f3cc1385b092b66f421326d08f08e2544b15cfe210b6876ceaf4
TRAIN_NEG_01095,train,cross_pathway,10,AC_PWY-922;ath00566,AraCyc_Misc;KEGG_Lipid,10,1.0,False,142,ea2938b5ef10e49a28815d6ecb933461a44a14e5e3fb0832d9821ae4760613af
TRAIN_NEG_01096,train,random_5_30,30,,,0,0.0,False,142,b099ddab29f8ddcf7c1c2af4cc989ed2906286e16da8e9ff9fe1865c73fe8a55
TRAIN_NEG_01097,train,shuffled,96,AC_PWY-7345,AraCyc_Carbohydrate,0,0.0,False,142,d1ac3ebf6f89171e4b361428d1c129f5dfcd3907d489808f33f70d85c10cc184
TRAIN_NEG_01098,train,partial_50_80,9,AC_PWY-1782,AraCyc_Misc,9,1.0,False,142,766e436db065ae399a62cd1cf34ba32ee79f24ea14174288823f12389f3c34d8
TRAIN_NEG_01099,train,cross_pathway,8,ath00430;AC_COA-PWY,KEGG_Cellular;AraCyc_Misc,8,1.0,False,142,6abdb2e793dad9317559ec96987835c4f83dca6c465506b0f18afed091595314
TRAIN_NEG_01100,train,random_5_30,14,,,0,0.0,False,142,e656e1001ae74719e9faa016ba040a37f8501cd80ab991d4c4337fa07d603628
TRAIN_NEG_01101,train,shuffled,11,AC_PWY-5386,AraCyc_Misc,0,0.0,False,142,33a1d29cde8effd0c9093632a984b47c367925159f4c2746571fe29dd2d149e7
TRAIN_NEG_01102,train,partial_50_80,10,ath00261,KEGG_Cellular,10,1.0,False,142,fd5c8ff4a65b220c0807865c1b9e17ec9f0975321d3db03f26802ec31bd1d7fc
TRAIN_NEG_01103,train,cross_pathway,63,AC_PWY-5188;ath00010,AraCyc_Misc;KEGG_Metabolism,63,1.0,False,142,84470b13ce067d4faa17679303891da4e01b56498d4cc110325cf1015781e290
TRAIN_NEG_01104,train,random_5_30,14,,,0,0.0,False,142,bc9b6186cfb87239b55d40fb70d4499f02953aa1753a91a989c0e58df4dd525e
TRAIN_NEG_01105,train,shuffled,21,AC_PWY-6596,AraCyc_Nucleotide,0,0.0,False,142,471fae0ee3d6dd17223fcddcddabfaf9c5ca4b5e9db47a772dd3a0970a2bd24c
TRAIN_NEG_01106,train,partial_50_80,31,ath04981,KEGG_SignalTrans,31,1.0,False,142,044845825d337c0ee8f6cbf2a6657f962a6bcfcdde728c1bac5f9b13405d16cd
TRAIN_NEG_01107,train,cross_pathway,14,AC_GLYOXYLATE-BYPASS;AC_PWY-6710,AraCyc_Misc;AraCyc_Lipid,14,1.0,False,142,016fb30f90a3f01a2747a1650163c3dca4e36237c62fa8c15f798936b2a9bb2c
TRAIN_NEG_01108,train,random_5_30,9,,,0,0.0,False,142,88614228f87690f0b941d054f971cfddd4230e60b5f921d22f2ed29cccaf15c9
TRAIN_NEG_01109,train,shuffled,5,AC_PWY-5137,AraCyc_Lipid,0,0.0,False,142,534dce7a036c5323c04ea2bb818de232d28a143e50da557fc3d226e026b70e43
TRAIN_NEG_01110,train,partial_50_80,7,AC_PWY-5138,AraCyc_Lipid,7,1.0,False,142,ce703337281e8b6af31af8547cefb29fde9ffa00631eb1c7543c6b2ce3f479a8
TRAIN_NEG_01111,train,cross_pathway,13,AC_PWY-4562;ath00750,AraCyc_Lipid;KEGG_Cellular,13,1.0,False,142,9f5e097872bffa460a84f31fab233e370381409647c2e6f88f78d97495f13fa4
TRAIN_NEG_01112,train,random_5_30,12,,,0,0.0,False,142,327bae9d099c6ee78526678d27b0e171e1991793a52c6d41d7d6d2ff8a5c6bf3
TRAIN_NEG_01113,train,shuffled,119,ath00010,KEGG_Metabolism,1,0.008403361344537815,False,142,45d615bc61f761ad59d5fdaa0759a292ccf8f4bdcc743f99567c51d30e3e8990
TRAIN_NEG_01114,train,partial_50_80,5,AC_PWY3O-450,AraCyc_Misc,5,1.0,False,142,e0e2d05dbebc8dc2eafcbf4ac50e097d3b22311321ea05c0a7471f864c08f424
TRAIN_NEG_01115,train,cross_pathway,38,AC_PWY-581;ath04712,AraCyc_Misc;KEGG_SignalTrans,38,1.0,False,142,c427f0cb916cc9837b78da8ff74323563ffa4a6c0971c12cf01e6f8fc58136bb
TRAIN_NEG_01116,train,random_5_30,21,,,0,0.0,False,142,39a2ea996100955db5c01e1104039ee633a19896377e69fe0bfac57de7724f7b
TRAIN_NEG_01117,train,shuffled,7,AC_GLYSYN-PWY,AraCyc_Misc,0,0.0,False,142,8fcc873a7fc8801f3891df5480d2e9b6f47baed05154399194113a67bb4f8544
TRAIN_NEG_01118,train,partial_50_80,47,ath01212,KEGG_Lipid,47,1.0,False,142,80c411b67de5b60d2e216a23a1e28229f0d02c7a3adfa8a1018cd97e2cddf9b8
TRAIN_NEG_01119,train,cross_pathway,14,AC_PWY-7140;AC_PYRUVDEHYD-PWY,AraCyc_Misc;AraCyc_Misc,14,1.0,True,142,64737695a6a4fc9c3d4bec0cae3c93cce957f016d813a72d71bcb5759247be03
TRAIN_NEG_01120,train,random_5_30,10,,,0,0.0,False,142,3a02b1ca77d661829ccb66bb72c44bd5277d184560eb257d20dd0ac681c05c4e
TRAIN_NEG_01121,train,shuffled,8,AC_PWY-5046,AraCyc_Misc,0,0.0,False,142,93e66ac0e6523d22b0452e618101d70484002347be3e1647e1d26f52456e6cef
TRAIN_NEG_01122,train,partial_50_80,19,AC_PWY-6549,AraCyc_Misc,19,1.0,False,142,153fd049bca0b5f10d71ee81375b2788bf689d1599183b5ab1d65ab162bf18a5
TRAIN_NEG_01123,train,cross_pathway,25,ath00640;ath00905,KEGG_Cellular;KEGG_Cellular,25,1.0,True,142,8af813850ce60cc746b34b6126917a56885136fe65a4189345c08863b09d0361
TRAIN_NEG_01124,train,random_5_30,8,,,0,0.0,False,142,9a9022dbec3c3046789cfcb7eac571274e2a0d04fdcb872213567259f537aabc
TRAIN_NEG_01125,train,shuffled,13,AC_ARGSYN-PWY,AraCyc_AminoAcid,0,0.0,False,142,c65c2dc55c1f2d6714bcecbec7f00f3ed353a62da1aeb63f0c009d4d35278bb6
TRAIN_NEG_01126,train,partial_50_80,19,ath00760,KEGG_Cellular,19,1.0,False,142,d30ce156bf31dd44522fc49704a5231dc957e74f8e55459cadf30b0a8ac5a44d
TRAIN_NEG_01127,train,cross_pathway,28,ath01040;ath00790,KEGG_Lipid;KEGG_Cellular,28,1.0,False,142,4bfab3140b63c1cbb99927d001c8f398fe4810398657f0f082c6143f0a6b3945
TRAIN_NEG_01128,train,random_5_30,17,,,0,0.0,False,142,85f715ede49c308f38f8dfd7facd199f99cbfc7f80fdf0f0b7e43d3cde87e1be
TRAIN_NEG_01129,train,shuffled,28,AC_PWY-621,AraCyc_Carbohydrate,0,0.0,False,142,5ccca4c0da107fb9271aa62c228c50cbed1223c2acac48692004d9b73341c8d0
TRAIN_NEG_01130,train,partial_50_80,3,AC_ARGSPECAT-PWY,AraCyc_Misc,3,1.0,False,142,c32a0adec984776cfcebcf137f86e49a1ae101b658ca7f1801981dd9e7c9faeb
TRAIN_NEG_01131,train,cross_pathway,34,AC_PWY-5080;AC_PWY-6717,AraCyc_Lipid;AraCyc_Misc,34,1.0,False,142,80a247d83c7c70ff55cd03b91a1162140a9ff14857224ce3680bc57afe64af4a
TRAIN_NEG_01132,train,random_5_30,7,,,0,0.0,False,142,7ea49d5ad054802d62213d1dc84e7a91c6a390b267b13bc3ce1a8bde9cc1b178
TRAIN_NEG_01133,train,shuffled,35,ath04382,KEGG_SignalTrans,0,0.0,False,142,cfc5c26fa7c1a17659151c93f6a15ed7626188ed0ad2fe131a6bc64309ac5d1f
TRAIN_NEG_01134,train,partial_50_80,95,ath00270,KEGG_Cellular,95,1.0,False,142,191c65c41ac991b38d159c86f8d76c224d8da4f7b6929551d12e1ed434b1f3b1
TRAIN_NEG_01135,train,cross_pathway,10,AC_PWY-5041;AC_PWY-7560,AraCyc_AminoAcid;AraCyc_Misc,10,1.0,False,142,72130d4f9c7c0654535e32ecb49b3d90ad91383fb5e43392ab183b232c32086b
TRAIN_NEG_01136,train,random_5_30,28,,,0,0.0,False,142,6103a444e89106c914b86689f9e3be883ccfa516b9183f2e7729c078f43d20ee
TRAIN_NEG_01137,train,shuffled,17,AC_PWYQT-4449,AraCyc_Misc,0,0.0,False,142,ca2f413eeae3c63186c3911792b95ca82559831fa7f64a9a1a66a45486672f16
TRAIN_NEG_01138,train,partial_50_80,4,AC_PWY-2181,AraCyc_Secondary,4,1.0,False,142,c9053346ebdc80e7e52b68141955d0909bce6a534a1019bb7eed6d16b87327f2
TRAIN_NEG_01139,train,cross_pathway,21,AC_PWY-6444;AC_PWYQT-4481,AraCyc_Misc;AraCyc_Misc,21,1.0,True,142,1ff2978a0877b1a0d86d25b23afb34e5c162ede58454e65c64f30b279ef22e42
TRAIN_NEG_01140,train,random_5_30,9,,,0,0.0,False,142,d05bfba66fa59a25c1e4bce3f03df8862070c50e6d3bc9b9af36ffb2b65503ec
TRAIN_NEG_01141,train,shuffled,14,AC_PWY-5203,AraCyc_Misc,0,0.0,False,142,b0e41c8d8fa0b86513f8d86402c76690d6d7f66cff64a1bc544a3f49fae7d710
TRAIN_NEG_01142,train,partial_50_80,26,AC_PWYQT-4471,AraCyc_AminoAcid,26,1.0,False,142,beb883e90c104758604cb5bacdaebd6c734473296fe9b5117d05dfd5aadf947b
TRAIN_NEG_01143,train,cross_pathway,43,AC_PWY-4984;ath04814,AraCyc_Misc;KEGG_SignalTrans,43,1.0,False,142,18659e0d59758b04741493ffd22d3c7a4320c49f88aea29945df7c1cc69a7ffe
TRAIN_NEG_01144,train,random_5_30,20,,,0,0.0,False,142,fd59ff0d10ff70756f576d8c23f3a614b72bc5907037ad10965444f54f08cc87
TRAIN_NEG_01145,train,shuffled,39,ath00960,KEGG_Cellular,0,0.0,False,142,c058832155d08f230e2f60cd41e31f2b8d9d92671c408eb5ba3b28cd528c132b
TRAIN_NEG_01146,train,partial_50_80,3,AC_PWY66-423,AraCyc_Misc,3,1.0,False,142,d87310c157c1e4d0dedc25bedef659b994b3fb5f25f4e111c7f2d919819b86e8
TRAIN_NEG_01147,train,cross_pathway,8,AC_PWY-2021;AC_PWY0-662,AraCyc_Misc;AraCyc_Misc,8,1.0,True,142,dead6b92dffd2a8081dc9e9b0f78fbe90669944621c6aab09fb07b99c0092001
TRAIN_NEG_01148,train,random_5_30,5,,,0,0.0,False,142,9926c655b0507b803f4bc4d5ddbf6d83a510e81b430d54390d8ae71275a6f18e
TRAIN_NEG_01149,train,shuffled,8,AC_PWY-5070,AraCyc_Misc,0,0.0,False,142,caf8ac7ffad1f1acb01ff2ca3647b2542ad925b5b37bb3ffff39ea93c2c00ddb
TRAIN_NEG_01150,train,partial_50_80,24,ath00790,KEGG_Cellular,24,1.0,False,142,a9294bd1fdd96b12f04219c53f3e2eaa2ba81cc43dd386d6b1baa2fe1c2d84fb
TRAIN_NEG_01151,train,cross_pathway,46,AC_PWY-5136;ath00630,AraCyc_Lipid;KEGG_Cellular,46,1.0,False,142,4f4930389c73d6c45f2978cc70bc26e862f14785918427a8eb964b6a4c755a49
TRAIN_NEG_01152,train,random_5_30,28,,,0,0.0,False,142,22384f1022669509386fd7265009dccba64e226702e9169d50ece19230a66c49
TRAIN_NEG_01153,train,shuffled,7,AC_PWY-1722,AraCyc_Cofactor,0,0.0,False,142,bd06d9365fe5bd8ccde254e5f86f57971f33cca07b9f68566102f7bbbe58d601
TRAIN_NEG_01154,train,partial_50_80,18,ath03430,KEGG_GeneticInfo,18,1.0,False,142,6541f05cde3b9dd4b3982a75f95b19b1e06da70d965f2e8871a1a511830db27b
TRAIN_NEG_01155,train,cross_pathway,35,AC_PWY-8395;ath04519,AraCyc_Misc;KEGG_SignalTrans,35,1.0,False,142,a1eb8c350a94d8cc1127a310ac181bf8d500bcde1abfa872cc9df213b7022b59
TRAIN_NEG_01156,train,random_5_30,7,,,0,0.0,False,142,ecbfffac13d6e1a62f42403e0df48ba0e098d44784df0ebfdafa84d65da3c0f8
TRAIN_NEG_01157,train,shuffled,11,AC_PWY-6546,AraCyc_Misc,0,0.0,False,142,0eb743a3bba1ad20a00e1684330d08d6e0399b70bbcd382aac19e8edc7c0f70b
TRAIN_NEG_01158,train,partial_50_80,4,AC_PWY-112,AraCyc_Misc,4,1.0,False,142,8eae5b283c35daaf1fa1e7ef14c1039d97d9d1fa2d7e409c0f370215a7a5fd88
TRAIN_NEG_01159,train,cross_pathway,35,AC_PWY-7199;ath00910,AraCyc_Nucleotide;KEGG_Cellular,35,1.0,False,142,61350a9a8274782d89f674570e714e8d4a252f8a3bb81cfa56afdf688fbb41dd
TRAIN_NEG_01160,train,random_5_30,17,,,0,0.0,False,142,01eb7781224efc0b5abaa5b3008002af5b2868eeb211b4b88dbc2c1afed18ee8
TRAIN_NEG_01161,train,shuffled,12,AC_PWY-4562,AraCyc_Lipid,0,0.0,False,142,e4a4ad30fecbbba91f6e7ab1233f1dd8f652f5a1cc410d24974d6bb41091949c
TRAIN_NEG_01162,train,partial_50_80,3,AC_PWY-7346,AraCyc_Carbohydrate,3,1.0,False,142,fb65df004c9ad845cb20b8495751ab123e8494f5f87c75f34d943b0fae4f63af
TRAIN_NEG_01163,train,cross_pathway,7,AC_PWY-5864;AC_PWY-4861,AraCyc_Misc;AraCyc_Misc,7,1.0,True,142,b99e97713ad06d9f181249ad9c1a97eca9692923cbee0115401a6fcd994e7bcb
TRAIN_NEG_01164,train,random_5_30,8,,,0,0.0,False,142,535e416d6ebd0616c055c3591f47cdcb29c9184402fea98e31c51ce886e68d89
TRAIN_NEG_01165,train,shuffled,5,AC_PWY-8148,AraCyc_Misc,0,0.0,False,142,403be46faa97316dd88db55b6c4af470282c7bca3a26f750df87b1018ace569e
TRAIN_NEG_01166,train,partial_50_80,8,AC_PWY-5386,AraCyc_Misc,8,1.0,False,142,3364d5d9736eff2d826b48bde441f2354323962458837c8993033494771574d9
TRAIN_NEG_01167,train,cross_pathway,17,AC_PWY-7039;AC_ALACAT2-PWY,AraCyc_Misc;AraCyc_Misc,17,1.0,True,142,076a9968378202f2559950c42c25c6d69d9ce9d17ede3e2cf7a3f6d0baeb4d1d
TRAIN_NEG_01168,train,random_5_30,24,,,0,0.0,False,142,523996060e019314d2095c3aa970cdaee379c6afe865c03e2c35a74558c6cc64
TRAIN_NEG_01169,train,shuffled,15,AC_PWY-5122,AraCyc_Misc,0,0.0,False,142,24be4abafa3709f49df5f9dbff4bbdcd39dbb148fe680dd51f6b9531fba19c5d
TRAIN_NEG_01170,train,partial_50_80,76,ath00230,KEGG_Cellular,76,1.0,False,142,cb142009f5b5b283b742da9046bd4d1df8758232b1aac545e9931d5785d5398a
TRAIN_NEG_01171,train,cross_pathway,21,AC_PWY-7221;ath00062,AraCyc_Nucleotide;KEGG_Lipid,21,1.0,False,142,4237f143538148f0bc9a6d34e79110452ba97c9221a356f2f3d879dc2d3e16e6
TRAIN_NEG_01172,train,random_5_30,10,,,0,0.0,False,142,e47096f0d07e7f485edc8ca927358ebbee23e38471b59636c4f483db5d2073fc
TRAIN_NEG_01173,train,shuffled,15,ath00300,KEGG_Cellular,0,0.0,False,142,80dcf811bb38e0db6e1fe8cc98716bbd34b75e73e0af81c984e67443d3a572bf
TRAIN_NEG_01174,train,partial_50_80,3,AC_PWY-5800,AraCyc_Misc,3,1.0,False,142,1bc2e7942fe9defe614a6f961d12c0751ddfd440ffd34bbb7a264b052fdc0aa1
TRAIN_NEG_01175,train,cross_pathway,14,AC_PWY-622;ath00905,AraCyc_Carbohydrate;KEGG_Cellular,14,1.0,False,142,fb363a70dd6a76a6404b1815f19760db5e5118c30655416988cf8661d6f7c6ea
TRAIN_NEG_01176,train,random_5_30,24,,,0,0.0,False,142,7114de1c814419fd10b1e3285335bed0d555680d7247993ba36cb442324dd8d8
TRAIN_NEG_01177,train,shuffled,15,AC_PWY-4221ARA,AraCyc_Misc,0,0.0,False,142,fd0b5458f4df6ffdcbea0b25d0de56fa14af0f38083f2bedda4cc24fa55371e7
TRAIN_NEG_01178,train,partial_50_80,3,AC_PWY-5486,AraCyc_Misc,3,1.0,False,142,8c4c779d5d15370ba9602274b873acb389eb86f4ed7f70e206d0f23d36b2fdee
TRAIN_NEG_01179,train,cross_pathway,8,AC_PWY-6837;AC_SERSYN-PWY,AraCyc_Lipid;AraCyc_Misc,8,1.0,False,142,4fd16176a44a940f1201a2c2383b7fa1c1317f77f1aa742e99ff9b8f063d62b2
TRAIN_NEG_01180,train,random_5_30,20,,,0,0.0,False,142,b102ac287454e572d1f04eece611dc51fae6cf6b4bbbce7b239f305608528cd9
TRAIN_NEG_01181,train,shuffled,47,AC_PWY-5156,AraCyc_Lipid,0,0.0,False,142,39ef9bff0162d2ae8d842a847313bc0657d7c728cadc8bab9721b7b4073dfaee
TRAIN_NEG_01182,train,partial_50_80,13,AC_PWY-7036,AraCyc_Lipid,13,1.0,False,142,47b2960daff14a1c2ac61d031e0eeac4efb5d18957c70fe6888e97d263c1d300
TRAIN_NEG_01183,train,cross_pathway,8,AC_CHLOROPHYLL-SYN;AC_PWY-1722,AraCyc_Misc;AraCyc_Cofactor,8,1.0,False,142,1bf8599f181f1acd3b2c9181d83bcdbad0604b62aa9b2be5de1fa302be1af0a2
TRAIN_NEG_01184,train,random_5_30,10,,,0,0.0,False,142,08011fb515f363d1ea5d551770d1fc7eb64b4819563f0f989c97b2ae355ea663
TRAIN_NEG_01185,train,shuffled,19,AC_PWY-6595,AraCyc_Nucleotide,0,0.0,False,142,ff73b680b6f526ea143b1f751b8cfb241406bbe7a5429d3d83079dc256c01e40
TRAIN_NEG_01186,train,partial_50_80,37,ath03440,KEGG_GeneticInfo,37,1.0,False,142,bcf58e69388df5662ef03783edede8ce0cbd0372424d222e8d97e8f0e2d1a823
TRAIN_NEG_01187,train,cross_pathway,37,ath03082;AC_PWY3O-4107,KEGG_GeneticInfo;AraCyc_Misc,37,1.0,False,142,83b4b2304b54d2255104271bf72d6177f394dce1cba833a0ff293b07c5b67e7f
TRAIN_NEG_01188,train,random_5_30,13,,,0,0.0,False,142,874f373f6f9b77877f208c617dbbba435e4032dd0133125f6ee3d756fc3c33ad
TRAIN_NEG_01189,train,shuffled,5,AC_PWY-4702,AraCyc_Misc,0,0.0,False,142,84fe189b69ee9b9edc45353d0a2f9d2e234b4ae2508834db8e623c7493eac14c
TRAIN_NEG_01190,train,partial_50_80,4,ath03450,KEGG_GeneticInfo,4,1.0,False,142,f671dc11afffe9678eddd9fdaa905ba851ab01dc531c9a381b2c75327008fb08
TRAIN_NEG_01191,train,cross_pathway,15,ath00340;AC_PWY-695,KEGG_Cellular;AraCyc_Misc,15,1.0,False,142,559fe435f294ce0f43db7efae21ffdd24ab23a06ea5841cd9aa8ad93fac7ed4a
TRAIN_NEG_01192,train,random_5_30,19,,,0,0.0,False,142,b03bb2bead134cfe0da2efa9c99cec0df5403952a8855d40fb8fbe5a18f3e7e2
TRAIN_NEG_01193,train,shuffled,33,AC_PWYQT-4475,AraCyc_AminoAcid,0,0.0,False,142,1f04e6a83e5ad072468fe8bee2a3411116e69060e4b62c131eeec0c34c6d0418
TRAIN_NEG_01194,train,partial_50_80,19,AC_PWY4FS-8,AraCyc_Misc,19,1.0,False,142,addcf7f07be8eae1a8c41e1e69e452c99f05e2a2515ca2a686a205c82e8d902b
TRAIN_NEG_01195,train,cross_pathway,13,AC_PWY-2261;AC_PWY0A-6303,AraCyc_Misc;AraCyc_Misc,13,1.0,True,142,746d127639b034e62ea67ec205d41a302946d0f45b2481a7bb819fbaacd1e134
TRAIN_NEG_01196,train,random_5_30,15,,,0,0.0,False,142,f0f25e3d91abc4e8ef1dee1e4cbb576db40efd557b1980a8c764e50c2322d814
TRAIN_NEG_01197,train,shuffled,21,AC_PWY-6040,AraCyc_Misc,0,0.0,False,142,54bb92c4ff6b0dec0bf732eaac1b5f876f7a12a561cb8b4e919884074c579233
TRAIN_NEG_01198,train,partial_50_80,11,AC_PWY-5918,AraCyc_Misc,11,1.0,False,142,015f107252f27b93280ad65e07720c90c48a87928f240766736315d7c35d5f04
TRAIN_NEG_01199,train,cross_pathway,14,AC_POLYAMINSYN3-PWY;ath00780,AraCyc_Misc;KEGG_Cellular,14,1.0,False,142,8f36491a939cfac58ba85a97fb23bd764c4dd31d0a1fd3bed660f0497cf253c6
TRAIN_NEG_01200,train,random_5_30,14,,,0,0.0,False,142,dbd5a511566bfd721d10a298114597e6a59fbb3befd9009e75daf7f8747447b5
TRAIN_NEG_01201,train,shuffled,64,ath00380,KEGG_Cellular,0,0.0,False,142,e4be5c5da4892c4c9fda0eae5d66f5cebb5b17242c6e25f463210f01dababbe8
TRAIN_NEG_01202,train,partial_50_80,5,ath00603,KEGG_Lipid,5,1.0,False,142,22470739404a3a1c88bfde6f47d2a0db0e28f67e253af2a9841395ab16ad33d7
TRAIN_NEG_01203,train,cross_pathway,15,AC_ASPARTATE-DEG1-PWY;AC_PWY-7450,AraCyc_Misc;AraCyc_Misc,15,1.0,True,142,9aea717a365c02d213a0719bfe75a902dfd280c08ced8808f1f9cf3d8ee0e0b2
TRAIN_NEG_01204,train,random_5_30,15,,,0,0.0,False,142,1c2b795115df0818971879f8f7bd2b7b063a08d147253825519c610376bf03b7
TRAIN_NEG_01205,train,shuffled,19,AC_PWY66-430,AraCyc_Misc,0,0.0,False,142,95ec4eb006ff7a44822542ce42c93142ef392817062d39018df053f7bbeb6b62
TRAIN_NEG_01206,train,partial_50_80,6,AC_PWY-7634,AraCyc_Misc,6,1.0,False,142,1a916a1497c3c9eb5ec8834b422cfb57f2674994f35554f576ef39ac4e6090ae
TRAIN_NEG_01207,train,cross_pathway,11,AC_LEUSYN-PWY;AC_PWY-1741,AraCyc_Misc;AraCyc_Misc,11,1.0,True,142,a9a2b57fb67c7268dd8394101a351333944370ec2a20574ca0c04008405bd0ae
TRAIN_NEG_01208,train,random_5_30,23,,,0,0.0,False,142,764fcfaa3aafa394266f25218d36fa2dedb6a4dc2dde06178e85f52844f57616
TRAIN_NEG_01209,train,shuffled,10,AC_PWY-6358,AraCyc_Misc,0,0.0,False,142,4002200820905a943c028d819123b7da1beee13689cdff748727b7390a312ce3
TRAIN_NEG_01210,train,partial_50_80,8,ath00590,KEGG_Lipid,8,1.0,False,142,40b3606f3307dfc0e9c88d86a8d4ff9cc1a9afec232ba5489ab009bfe1777ebc
TRAIN_NEG_01211,train,cross_pathway,7,ath00540;AC_LYSINE-DEG2-PWY,KEGG_Lipid;AraCyc_AminoAcid,7,1.0,False,142,33f9c49dee7581a56ee86c574ae904fe5e8b28d54ffe73017aa4edbbb8f64d1e
TRAIN_NEG_01212,train,random_5_30,26,,,0,0.0,False,142,af49f2d6069c666425e1ba345976683522ce1fa742345982b3ff75a46c279c1e
TRAIN_NEG_01213,train,shuffled,6,AC_HOMOSERSYN-PWY,AraCyc_Misc,0,0.0,False,142,fe14f576785fbe5ac79ddad9ad41142c8c68222ea203fb5da809659be674cbf0
TRAIN_NEG_01214,train,partial_50_80,36,AC_PWYQT-4466,AraCyc_Carbohydrate,36,1.0,False,142,6545ad7f5c404ff0c214d85ce3ae74d5aa87af061188bdbb3f153e4b8fc4ecbe
TRAIN_NEG_01215,train,cross_pathway,13,AC_PWY-6040;AC_PWY-5068,AraCyc_Misc;AraCyc_Misc,13,1.0,True,142,dc97fe31327e33a715e754920b05a04b7a8ea1a8c5b7005a2a0b754284e473b0
TRAIN_NEG_01216,train,random_5_30,23,,,0,0.0,False,142,3655688a838afaef062858e04d0ec0e7f57ceae6f86f74f7833e7e5463b5c099
TRAIN_NEG_01217,train,shuffled,16,AC_PWY-102,AraCyc_Misc,1,0.0625,False,142,3ae21be77c1f8a2311c0126299d780ae089a5332cf6cfdd8ec704b164f8e377b
TRAIN_NEG_01218,train,partial_50_80,5,AC_PWY-5027,AraCyc_Misc,5,1.0,False,142,88e1578ed45ad27af8819981440d3834e83497ad6e5f33c80fd8fb03e3aa245c
TRAIN_NEG_01219,train,cross_pathway,5,AC_PWY1ZNC-1;AC_PWY-8458,AraCyc_Misc;AraCyc_Misc,5,1.0,True,142,0feb566d5dc55d6365ac1469d2cdd3150438c821e9a8bba5d6d634d7030b1380
TRAIN_NEG_01220,train,random_5_30,14,,,0,0.0,False,142,9f5ca9602163109864b4e3c418f060651c0b8fff26f327762dc8a1f01593500c
TRAIN_NEG_01221,train,shuffled,12,AC_PWY-7177,AraCyc_Misc,0,0.0,False,142,f937369da3cd755af94796c72ff6b0e814a668bb20f3bb80fe2a1438bbb7ae95
TRAIN_NEG_01222,train,partial_50_80,3,AC_PWY-5269,AraCyc_Misc,3,1.0,False,142,faf0c066a30105566140f7b78a73a5448355c6cd19864f8c4944c879a459950c
TRAIN_NEG_01223,train,cross_pathway,16,AC_PWY-7221;AC_PWY-5083,AraCyc_Nucleotide;AraCyc_Misc,16,1.0,False,142,faf8c282813bb55fb2369a0e15d9577cc5c184c5b2daf2a4988e21eb62f3b482
TRAIN_NEG_01224,train,random_5_30,22,,,0,0.0,False,142,0df9b296ca98b4c55a3d22c8475da13b86b4e7fdd3323c4f1b1d82641869ba21
TRAIN_NEG_01225,train,shuffled,6,AC_PWY-401,AraCyc_Lipid,0,0.0,False,142,6a7f7fcde5401bcd9ad17c7434b2e337138e193ec2254ceb4076b67391b82820
TRAIN_NEG_01226,train,partial_50_80,3,AC_PWY-1722,AraCyc_Cofactor,3,1.0,False,142,74bb833ad088a423a8fbde6183766702f0ab4ae957b13c9d8326422b9f1ff2d2
TRAIN_NEG_01227,train,cross_pathway,49,AC_PHOTOALL-PWY;AC_PWY-5004,AraCyc_Misc;AraCyc_Misc,49,1.0,True,142,35e9f7a8f375cdece67ae8192e0963102a938d96c8b2c1792f5705541bb051c5
TRAIN_NEG_01228,train,random_5_30,15,,,0,0.0,False,142,6272302d20d53dd9776bbfd6fc597de49b73da1efc93464f7cad00417c260e30
TRAIN_NEG_01229,train,shuffled,17,AC_PWYQT-4449,AraCyc_Misc,0,0.0,False,142,a3a6145c60f7756fd460be4c4aaa6e99bcdb5fa0a69ccbd7fdd6e44479eec57d
TRAIN_NEG_01230,train,partial_50_80,7,AC_PWY-5122,AraCyc_Misc,7,1.0,False,142,561ffff2da7a2267e1f9ae7cfd3e13d33458249d1ea3690fe14957039460e33f
TRAIN_NEG_01231,train,cross_pathway,7,AC_PWY-8395;AC_PWY-2463,AraCyc_Misc;AraCyc_Misc,7,1.0,True,142,f00f0b2dca911c0b62d419cd20d892d6f8de9e49351f46be4f2ccfd1a54fce58
TRAIN_NEG_01232,train,random_5_30,17,,,0,0.0,False,142,80cec159735cf8fd8d3e3aaa61c7c050d7105222dff58dff29ed7654ac765a05
TRAIN_NEG_01233,train,shuffled,6,AC_ARGSPECAT-PWY,AraCyc_Misc,0,0.0,False,142,596da5cca592ecf411533441a0def3fc8a1e85f7e9996e50b1e0565987104d22
TRAIN_NEG_01234,train,partial_50_80,21,ath04136,KEGG_SignalTrans,21,1.0,False,142,77a479ef0e7aeaeb7efaa6a82f6bd7a4fc059b6701a89dfd1c144eb402f21fdf
TRAIN_NEG_01235,train,cross_pathway,15,AC_PWY-4081;AC_PWYQT-62,AraCyc_Misc;AraCyc_Misc,15,1.0,True,142,9019e6ef46251a5e67feae25a08d7535b39535ef30e74fc9b5b754b059ec67f2
TRAIN_NEG_01236,train,random_5_30,15,,,0,0.0,False,142,c0e93d802a262aac78a8862fde2ed62471489e5c2898aac20a9dbd20a2b9e68c
TRAIN_NEG_01237,train,shuffled,35,AC_GLUTAMINDEG-PWY,AraCyc_Misc,0,0.0,False,142,80adf2e102b7961c57f405a0beb8e364178a22e83a46a13552e63403e7a289cf
TRAIN_NEG_01238,train,partial_50_80,33,ath00330,KEGG_Cellular,33,1.0,False,142,0bf441dfff203bb63610e6b1ed8a4e9d5bbe8fdda20ffdbf61ea40679427e6fe
TRAIN_NEG_01239,train,cross_pathway,22,ath00360;ath00360,KEGG_Cellular;KEGG_Cellular,22,1.0,True,142,6247efc25c13812cc1668c175a85696affc94cff6e327c99baa3194f8dcd4411
TRAIN_NEG_01240,train,random_5_30,12,,,0,0.0,False,142,67b839baa3e4ed7b48b2378c19c26ad2c103f9685dae4e3dffe5fd031e8cc800
TRAIN_NEG_01241,train,shuffled,9,AC_PWY-641,AraCyc_Misc,0,0.0,False,142,77bb03f012963a7e5a0727ea86f192b50a2304effdd477bf8ed11ece5f3dd48d
TRAIN_NEG_01242,train,partial_50_80,8,ath04518,KEGG_SignalTrans,8,1.0,False,142,e15ed2bb791263bd27e8a506f06979862602ba6a6eb9ce75fba7768a1aab856e
TRAIN_NEG_01243,train,cross_pathway,7,AC_PWY-4041;AC_PWY-5670,AraCyc_Misc;AraCyc_Misc,7,1.0,True,142,04c1f5a1b3071d5f65d48a6b422934c496fc1f45f39616c6c1ad148d36c3aa42
TRAIN_NEG_01244,train,random_5_30,23,,,0,0.0,False,142,39ccce9e175441481c58bc0ec894c7afba4af9328949dd39e9d02377d1025b87
TRAIN_NEG_01245,train,shuffled,15,AC_PWY-5097,AraCyc_AminoAcid,0,0.0,False,142,402e4278eb9d5d5f0a78896c949439c200b1c22c787b5c46df264e2360c18c04
TRAIN_NEG_01246,train,partial_50_80,3,ath00440,KEGG_Cellular,3,1.0,False,142,a505228f2131038a9cd4b66d2342a432ecd4d54d636f3962a950a1371df8813a
TRAIN_NEG_01247,train,cross_pathway,19,AC_PWY-5035;AC_PWY-3001,AraCyc_Misc;AraCyc_Misc,19,1.0,True,142,d0749ad1bc3041e99b4b10ad1e0a6ff23e60d94201b9a6a3b5876f972fd8a400
TRAIN_NEG_01248,train,random_5_30,16,,,0,0.0,False,142,97d12655cedbc25e45146c24420a979926d93a0da3925c617ea484adb9433bdc
TRAIN_NEG_01249,train,shuffled,433,ath04075,KEGG_SignalTrans,7,0.016166281755196306,False,142,55a6ed644669512a4493885027fe192056db168c2aaf6ef741d6d39a188263e5
TRAIN_NEG_01250,train,partial_50_80,4,AC_SERSYN-PWY,AraCyc_Misc,4,1.0,False,142,eb3e6bcd82970f29dd6a6ffa494d21a4f5c97ad0e5d5a1efa67befcff5b24a1e
TRAIN_NEG_01251,train,cross_pathway,5,AC_ILE-VAL-PWY;ath00440,AraCyc_Misc;KEGG_Cellular,5,1.0,False,142,d842eee4978d84097f8f1abbbc3773297c1948e7dbf7f115dcc2751d6c317d55
TRAIN_NEG_01252,train,random_5_30,19,,,0,0.0,False,142,14a08831307f33316c650d13624cd5731e33ed94a89d489e1ae65851d2f09817
TRAIN_NEG_01253,train,shuffled,19,AC_THRESYN-PWY,AraCyc_Misc,0,0.0,False,142,cadea649409762211ff41bec048b4d7770a22dbb3a80e806f0558f2f9432fc2c
TRAIN_NEG_01254,train,partial_50_80,18,AC_PWY-5992,AraCyc_Misc,18,1.0,False,142,d336ca86362cd00eb30de5d713f0e7e8f6159020d3c2f21cdca65804a18f4823
TRAIN_NEG_01255,train,cross_pathway,18,AC_PWY-4101;AC_PWY-5173,AraCyc_Misc;AraCyc_Misc,18,1.0,True,142,01082a05c1a8b429b993e4da1f6ad8d66f38a5bdd615e912c50cb4e1232db723
TRAIN_NEG_01256,train,random_5_30,10,,,0,0.0,False,142,1f7b49586410b84c7f96daa4f6297baa31573d0a54b5d8aa651f3c58032bcb94
TRAIN_NEG_01257,train,shuffled,15,AC_FASYN-ELONG-PWY,AraCyc_Lipid,0,0.0,False,142,171bb162561ae727a674d499a1fa7448f8191ae7d177768744490020ea18949c
TRAIN_NEG_01258,train,partial_50_80,6,AC_PWY-6115,AraCyc_Misc,6,1.0,False,142,cfbbe41886ed0315ae46b10c2e954191d4cf5ab439c2b5e4126275d1c1167407
TRAIN_NEG_01259,train,cross_pathway,8,ath03272;AC_PWY-7346,KEGG_GeneticInfo;AraCyc_Carbohydrate,8,1.0,False,142,ce2da7fac08fa8b7cbe02b5ec36e2826e5938b483416040193837e8a21275f6a
TRAIN_NEG_01260,train,random_5_30,15,,,0,0.0,False,142,6385a50837a0ccfec3d0e03acf37bc3211cf8b60e9c55dfb8ade9495e36f3048
TRAIN_NEG_01261,train,shuffled,5,AC_ASPARAGINE-DEG1-PWY,AraCyc_Misc,0,0.0,False,142,0166ff9561fa7c964d1209688e148e99c3f3396799d2430640fc6e9199795272
TRAIN_NEG_01262,train,partial_50_80,86,ath00520,KEGG_Lipid,86,1.0,False,142,16aa71bc0e5dd8223ff91e240903197d55ba0be0c7e5e1b834bdb18f817d1071
TRAIN_NEG_01263,train,cross_pathway,44,AC_TRIGLSYN-PWY;AC_PWY-8279,AraCyc_Misc;AraCyc_Misc,44,1.0,True,142,092f6a5d2d7a33d87ed5b1403cca8afd6cb2b12bad1d9bbc084d3c4d636cd6b3
TRAIN_NEG_01264,train,random_5_30,11,,,0,0.0,False,142,074ae560db90ae1fd834f493e8b0094e5aee34fedc3f6350257db9fbbaccf906
TRAIN_NEG_01265,train,shuffled,8,AC_PWY-7634,AraCyc_Misc,0,0.0,False,142,cd8a1385ac05bec605857e0fc027f9c3f51f3bc901a10c65549460d2dd51d2b7
TRAIN_NEG_01266,train,partial_50_80,7,AC_ARGSYN-PWY,AraCyc_AminoAcid,7,1.0,False,142,3edb1510b8be67ad2eb4f3eb197d9023e20e56c05aeb344951e1738681a364d9
TRAIN_NEG_01267,train,cross_pathway,8,ath00470;AC_PWY-7356,KEGG_Cellular;AraCyc_Cofactor,8,1.0,False,142,4aca8717b0a85e39be1f6876a944deb1ac73581beb2bd6625d38ff441ca31f23
TRAIN_NEG_01268,train,random_5_30,19,,,0,0.0,False,142,1828f650c24a6e9210579e8fe6609dc550620e9980f53b4813f7145c66068058
TRAIN_NEG_01269,train,shuffled,14,AC_PWY-3101,AraCyc_Misc,0,0.0,False,142,02516a7c39f31db863d45bf325def7510e13b79cad85fc8442a090df8baa584d
TRAIN_NEG_01270,train,partial_50_80,3,AC_PWY-4861,AraCyc_Misc,3,1.0,False,142,4fbef0b08a00f3f2078b404da92d2192d70cb7d94fdeefc82f7c530bab6aa0f5
TRAIN_NEG_01271,train,cross_pathway,52,ath04070;AC_PWY-5667,KEGG_SignalTrans;AraCyc_Misc,52,1.0,False,142,a027debc3103e6d9a325ac81433b996a5588048804dbe930c962c598d16de4a4
TRAIN_NEG_01272,train,random_5_30,28,,,0,0.0,False,142,840a2522a1c39cb5f9f2a7dab731f71f2004fb9a0cbf0d96edf61f95a1837cdd
TRAIN_NEG_01273,train,shuffled,20,ath00740,KEGG_Cellular,0,0.0,False,142,47ba56dd57f6366c48cf0ee3071eeb95a23c8d096f908ded6027a33822e5ff57
TRAIN_NEG_01274,train,partial_50_80,3,AC_PWY-6364,AraCyc_Misc,3,1.0,False,142,702673192a860708aae6d3a844747fd540e3de6dcbcf95cbe0d8347eb95f4db1
TRAIN_NEG_01275,train,cross_pathway,26,AC_PWY-6837;ath04712,AraCyc_Lipid;KEGG_SignalTrans,26,1.0,False,142,6f751e14ae9a063f4a2e0404a5c6b22ba0b1e0b2aa59dc03cb4bd06427b776f0
TRAIN_NEG_01276,train,random_5_30,19,,,0,0.0,False,142,cb15d31a7a4d32998f03fd6233a087edac7383607b8ee455221ab1536575ea50
TRAIN_NEG_01277,train,shuffled,8,AC_PWY-5837,AraCyc_Misc,0,0.0,False,142,7b53bea315f4912e8bacd1ddbeec2adf88fa2490d57815fd84be921bc45cdc8f
TRAIN_NEG_01278,train,partial_50_80,10,AC_PWY-5173,AraCyc_Misc,10,1.0,False,142,79cfd08627bddaa97d8913d7d665274a4c558eda7a2968a8c341612dcc061631
TRAIN_NEG_01279,train,cross_pathway,100,AC_PWY-4321;ath04142,AraCyc_Misc;KEGG_SignalTrans,100,1.0,False,142,0043935283e71246bdbb9058c4ed8e3efa7931727fbab2b90271ed0799c12e60
TRAIN_NEG_01280,train,random_5_30,10,,,0,0.0,False,142,e8daa1e20d68d5884c768a4e5daff78eda1cfd41ab020b32757c409ab1096040
TRAIN_NEG_01281,train,shuffled,64,ath00020,KEGG_Cellular,0,0.0,False,142,474b7ea29ffcf345d3ccb026f5dbe2f8201fffcc2affe7aab66d70d0c5a80767
TRAIN_NEG_01282,train,partial_50_80,28,ath00960,KEGG_Cellular,28,1.0,False,142,cd04cdb9a86e183666394335947fe4125212641ad74c30fb752a797ad85b02da
TRAIN_NEG_01283,train,cross_pathway,131,ath03040;ath00650,KEGG_GeneticInfo;KEGG_Cellular,131,1.0,False,142,9c50cb563979572ba819b5c87448ef1e798edfb285e2b2601306a3d9b79101c5
TRAIN_NEG_01284,train,random_5_30,6,,,0,0.0,False,142,0b654e86a7f2f54558a4457ae7efb00f54a5a4baedf7517754e05ee78491ca42
TRAIN_NEG_01285,train,shuffled,9,AC_PWY-5670,AraCyc_Misc,0,0.0,False,142,610bf140468c097500387547275e0d82ad10d36a8ed52b25b2da8705dac4b12b
TRAIN_NEG_01286,train,partial_50_80,21,AC_PWY-5321,AraCyc_Misc,21,1.0,False,142,12ed6a541a8b37f8128d8f6e8bd05820ada461566b0d33f0e3b0a656aee0b6d2
TRAIN_NEG_01287,train,cross_pathway,12,ath00430;AC_PWY-5035,KEGG_Cellular;AraCyc_Misc,12,1.0,False,142,fefe7dbf9b103360b11947fb46c367af69e11d5fcaf60d6492d9fcda776dd20b
TRAIN_NEG_01288,train,random_5_30,19,,,0,0.0,False,142,f8f3d65b509f641ee215af2bdeca418c72f04d90e15c44869d80554aff55a42b
TRAIN_NEG_01289,train,shuffled,5,AC_PWY-5486,AraCyc_Misc,0,0.0,False,142,04150cc5955cd83203222e4ab608441262c0952240ce619307496a1317671254
TRAIN_NEG_01290,train,partial_50_80,5,AC_PWY-5837,AraCyc_Misc,5,1.0,False,142,d11e9f920b2391a1ce0db857ee30b8edc212b9dcd6895b8db2b0dc549a89d1ed
TRAIN_NEG_01291,train,cross_pathway,51,AC_PWY-7219;ath00230,AraCyc_Nucleotide;KEGG_Cellular,51,1.0,False,142,59efd8c33b9df0dd5a37602173c9463478778131e55b7a0cf5f57ad0d3f3472d
TRAIN_NEG_01292,train,random_5_30,11,,,0,0.0,False,142,af73c9091a689723338d5fa9b51b4f06c8711f6357b6fe6ef412f2aa866d2ed4
TRAIN_NEG_01293,train,shuffled,32,ath00906,KEGG_Cellular,0,0.0,False,142,a11b4506f3a3d557f81de08b0f5627b7174c1936f96b19c9669e6615188ae516
TRAIN_NEG_01294,train,partial_50_80,15,AC_PWY-5272,AraCyc_Misc,15,1.0,False,142,f2dc6c87dba8df729aeb87e2e02534172ea64f47f95e8b809fefbafcb5702038
TRAIN_NEG_01295,train,cross_pathway,41,AC_PWY-3841;AC_LIPASYN-PWY,AraCyc_Cofactor;AraCyc_Misc,41,1.0,False,142,99809094823a1ce35fbd5019671d366f985fae880dac52e47cb4fcea2453dda2
TRAIN_NEG_01296,train,random_5_30,9,,,0,0.0,False,142,948ba7ff0cb17d81b04e4b88e65c6a41376a63f285e096172a560d38600d4c2a
TRAIN_NEG_01297,train,shuffled,7,AC_GLYSYN-PWY,AraCyc_Misc,0,0.0,False,142,09e90c02318cae90f39cd542288802243a9c4ecbf5dc8e31f34940b7fa156cd6
TRAIN_NEG_01298,train,partial_50_80,98,ath00190,KEGG_Metabolism,98,1.0,False,142,7a8f520894f5c78792a963e6684d43ae49ce4dc63ad1a99c55ae3c20172363a3
TRAIN_NEG_01299,train,cross_pathway,41,ath04519;AC_PWY-6595,KEGG_SignalTrans;AraCyc_Nucleotide,41,1.0,False,142,8f6f2a00ade4522bc10063e7951bd75dd06ea73ef22389056b014fcab5f1054e
TRAIN_NEG_01300,train,random_5_30,9,,,0,0.0,False,142,929005cd523891e7ed1dbb57d10c70ecb4ff746bf3131b052fddcb4ca8755db9
TRAIN_NEG_01301,train,shuffled,7,AC_PWY-7221,AraCyc_Nucleotide,0,0.0,False,142,df7fb51ee5a5692f6db67e15bff1c8d77b25b4d69a0d39e7cab565f36859155d
TRAIN_NEG_01302,train,partial_50_80,10,AC_PYRUVDEHYD-PWY,AraCyc_Misc,10,1.0,False,142,108c2370c1e5c8593ffd9b49666aa71d1b64f8e976cef5241b831bb656e9a539
TRAIN_NEG_01303,train,cross_pathway,20,AC_PWY-841;AC_PWY-6303,AraCyc_Nucleotide;AraCyc_Misc,20,1.0,False,142,8e1262777ddafcdb07b0b9c9c505ea4cf4c90126b6bf259551be033c07c30f09
TRAIN_NEG_01304,train,random_5_30,20,,,0,0.0,False,142,88fb41d8fdc2aa9eb934b2a966de8ded80fa5c9efc57f42714ff51f3f934d908
TRAIN_NEG_01305,train,shuffled,47,ath00071,KEGG_Lipid,0,0.0,False,142,f40a60d319c0bb3c0ce432c8b9cea6f609d9d8629168a6d336cde688e2c3cec9
TRAIN_NEG_01306,train,partial_50_80,60,ath00230,KEGG_Cellular,60,1.0,False,142,285207b9f33792b5866eb75990e6b14cdf472287fdcc56c3222e8bc83ae174ce
TRAIN_NEG_01307,train,cross_pathway,47,AC_PWY-6733;ath04130,AraCyc_Misc;KEGG_SignalTrans,47,1.0,False,142,914e0e6fedbb0f320cea331b183559f1a0498306f4011928235b57969d653141
TRAIN_NEG_01308,train,random_5_30,19,,,0,0.0,False,142,8e939cc34a44f3bbe469623a51400bd4857c845409ba4b8916fdbec6e3d97026
TRAIN_NEG_01309,train,shuffled,6,AC_COA-PWY,AraCyc_Misc,0,0.0,False,142,d3c3de91bb544061b6e657c65d580adcf2d58eb05eb52950a9f0af1634893bd6
TRAIN_NEG_01310,train,partial_50_80,39,AC_PHOTOALL-PWY,AraCyc_Misc,39,1.0,False,142,fafdace72f2e68045d041da688d087a84d0ecd97182785239d5ce42e69828027
TRAIN_NEG_01311,train,cross_pathway,11,ath04081;AC_PWY-282,KEGG_SignalTrans;AraCyc_Lipid,11,1.0,False,142,5e75339117cdb9729f9194c96b7f4660388738ff9aa42e2044367049e833acef
TRAIN_NEG_01312,train,random_5_30,16,,,0,0.0,False,142,06be88f4baf773ca4091f8fbbadb07bc5d24010a3c39d04b6e7f081a0eaeb0df
TRAIN_NEG_01313,train,shuffled,19,AC_THRESYN-PWY,AraCyc_Misc,0,0.0,False,142,0b1767593496736f8b286146aff04c66844d6eacce11833c6f25b1044b5d2e8c
TRAIN_NEG_01314,train,partial_50_80,34,ath00250,KEGG_Cellular,34,1.0,False,142,9469bd510addae156067ce86eeb758a82be14bc693a71698a9aa8d0075f0afef
TRAIN_NEG_01315,train,cross_pathway,26,AC_CAMALEXIN-SYN;AC_PWY-5410,AraCyc_Misc;AraCyc_Misc,26,1.0,True,142,70cf2877dba7c6d440bfe3137f6e891f6a0746e331736db4887f54a31157ed24
TRAIN_NEG_01316,train,random_5_30,5,,,0,0.0,False,142,b4cf0be77f1759f33ebc21a9d8775387153e8e9f923cdd0a0f92d7446458fc8a
TRAIN_NEG_01317,train,shuffled,51,ath00250,KEGG_Cellular,0,0.0,False,142,01eab6a3e0f6a72e7f26fae00443f4414060dfe786e316946b2797041a0afc91
TRAIN_NEG_01318,train,partial_50_80,3,AC_PWY-5068,AraCyc_Misc,3,1.0,False,142,62ccdcdc36121c4d73f9066bccf9eb0236e742f76674d230faea029f89a14aef
TRAIN_NEG_01319,train,cross_pathway,6,ath03450;AC_PWY-5269,KEGG_GeneticInfo;AraCyc_Misc,6,1.0,False,142,77bbb70c1744beb60d0f724d34dad6921454ec25808a75406a919fa39d68234c
TRAIN_NEG_01320,train,random_5_30,22,,,0,0.0,False,142,c0727e6ea2a8d80e10c8b071788f2299ecebbbd4762cbe4c93b319e10f26d795
TRAIN_NEG_01321,train,shuffled,34,ath00770,KEGG_Cellular,0,0.0,False,142,9148b601d95bc6596e96b8547b3b78ebea8282aa74742032deaf77f75dacd26b
TRAIN_NEG_01322,train,partial_50_80,8,AC_SER-GLYSYN-PWY,AraCyc_Misc,8,1.0,False,142,c96fd40f4052ea35366fb3e0cf8e632b734800c1118d66758f1d9c666d46ceb2
TRAIN_NEG_01323,train,cross_pathway,26,AC_PWY-6596;AC_PWYQT-4475,AraCyc_Nucleotide;AraCyc_AminoAcid,26,1.0,False,142,d49d7e2b45d69682b175fb0d2d027e51ba7625bef0309c80ebec451f61d27607
TRAIN_NEG_01324,train,random_5_30,27,,,0,0.0,False,142,885369b449770c97fd0affb70727321beb31eb810da8fe2129a8ba820339cdb1
TRAIN_NEG_01325,train,shuffled,23,AC_ETHYL-PWY,AraCyc_Misc,0,0.0,False,142,013d90f4963ec587319c5ce9b669b5abb1ff18eb259738e70936ea0636ee0cc7
TRAIN_NEG_01326,train,partial_50_80,10,AC_PWY-7193,AraCyc_Nucleotide,10,1.0,False,142,c400cfded93aa54244219fa4f10be8107f2a43201a4fd8767a5a31bb23b41e4c
TRAIN_NEG_01327,train,cross_pathway,15,AC_PWY-5147;ath00543,AraCyc_Misc;KEGG_Lipid,15,1.0,False,142,080856d8a0be9d50f1cd9c28dd90d921863c4cc0571523d93147af7a360e3fae
TRAIN_NEG_01328,train,random_5_30,20,,,0,0.0,False,142,35c2d0dd6e31e9f5106a60bdf128444ed320e7785d4d354a3f566d433b213b6b
TRAIN_NEG_01329,train,shuffled,10,AC_PWY-3941,AraCyc_Misc,0,0.0,False,142,7503298294b1658e76fae19846c639e73d54d1c5ca6476c46de4b3159b86a53d
TRAIN_NEG_01330,train,partial_50_80,3,AC_PWY-7851,AraCyc_Misc,3,1.0,False,142,0d2a763748326d653efdb33e1caaaf47c2f7ceb58c6b755467c7232833341286
TRAIN_NEG_01331,train,cross_pathway,6,AC_HOMOSERSYN-PWY;AC_PWY0-166,AraCyc_Misc;AraCyc_Nucleotide,6,1.0,False,142,223976743fbdd2dfeaf1799c71a0178229b96c97071dd22e1b1a30161c254df3
TRAIN_NEG_01332,train,random_5_30,5,,,0,0.0,False,142,67b1b3a4504e41e87ef4d1db29d2ef008a2325eadb15df05c27237c62550f4bd
TRAIN_NEG_01333,train,shuffled,37,AC_PWY-321,AraCyc_Misc,0,0.0,False,142,3142437002c2bd3d6ec50bb802b3e6d8ffd3459d73108de35183c45d0bf592c2
TRAIN_NEG_01334,train,partial_50_80,5,ath04081,KEGG_SignalTrans,5,1.0,False,142,e74d99e302e7b054a300ff83e8616c308c1d6c3470cab2446891e00f4f195379
TRAIN_NEG_01335,train,cross_pathway,102,AC_PWY0A-6303;ath04142,AraCyc_Misc;KEGG_SignalTrans,102,1.0,False,142,7bdde352c5cddb850ef771cd256030f7306045c02252e4eeeca48c2711390c03
TRAIN_NEG_01336,train,random_5_30,14,,,0,0.0,False,142,1b13f4d341905f5acf94873f759c0341285605af4520ef1309b6c1ead4e4d4a3
TRAIN_NEG_01337,train,shuffled,10,AC_NONMEVIPP-PWY,AraCyc_Misc,0,0.0,False,142,c88d0fae56393757abe28a68e135ed33bd7d33fbcb1e9bc3955224b6092b9658
TRAIN_NEG_01338,train,partial_50_80,3,AC_PWY-6622,AraCyc_Misc,3,1.0,False,142,bd9f9304be2718e9727cdac199d007fe1970e496054558cb9b73b425e100df64
TRAIN_NEG_01339,train,cross_pathway,7,AC_PWY-5079;AC_ILE-VAL-PWY,AraCyc_Misc;AraCyc_Misc,7,1.0,True,142,fc576958e3e68275d012c731c515f08c58a8afb0179fcf1fd5debfd3814470ea
TRAIN_NEG_01340,train,random_5_30,9,,,0,0.0,False,142,3bc28b24db19bdb7ee1a93f22d8e06272a1bd637a9f85f548b52645ebdb86a50
TRAIN_NEG_01341,train,shuffled,10,AC_TYRFUMCAT-PWY,AraCyc_Misc,0,0.0,False,142,4d13ae82889ac5b361a7750cf1193bb62b258b916472d5fcb071ad95913a0860
TRAIN_NEG_01342,train,partial_50_80,78,ath03015,KEGG_GeneticInfo,78,1.0,False,142,020ec32c611782d2db5228eeb8f961b533e5ccb6ce2a71507570073e33a3ae8e
TRAIN_NEG_01343,train,cross_pathway,19,ath04382;AC_PWY0-662,KEGG_SignalTrans;AraCyc_Misc,19,1.0,False,142,52f165b4b1cd7ab440a0918eeab47f2ae3f988c877effdcf1f49ff016a6ed560
TRAIN_NEG_01344,train,random_5_30,27,,,0,0.0,False,142,9606dc0678b70621479f340c1aecf516349c84f2b098826fd1c2f34f3eb94850
TRAIN_NEG_01345,train,shuffled,71,ath00561,KEGG_Lipid,0,0.0,False,142,ea991a2a95477044bd963189ed330b1363e01328ddb176e4c895be3df7962db7
TRAIN_NEG_01346,train,partial_50_80,3,AC_PWY-6163,AraCyc_Misc,3,1.0,False,142,4982376375c98106dbd54819d4f96c073917a22669f9721e80d3a43dcabc7292
TRAIN_NEG_01347,train,cross_pathway,112,ath00360;ath04142,KEGG_Cellular;KEGG_SignalTrans,112,1.0,False,142,b9868f8a9d5158759410b38fd4cac6e4dbc25b576e76d552f4cb2e99eefe9051
TRAIN_NEG_01348,train,random_5_30,23,,,0,0.0,False,142,c9e8b2e3eec3b793bebaa025facab592bd8c5912abd424ea35da2833dea6cc2a
TRAIN_NEG_01349,train,shuffled,21,AC_TRPSYN-PWY,AraCyc_AminoAcid,0,0.0,False,142,8469d2ed2bc32dedc18214fe2a4b66f8f031a1d597c7102c680d21c8434b569f
TRAIN_NEG_01350,train,partial_50_80,17,AC_ETHYL-PWY,AraCyc_Misc,17,1.0,False,142,a3f29cab2580f208af8151d57871640ed83980972dc52f6ecef059fbf66d34b9
TRAIN_NEG_01351,train,cross_pathway,7,AC_PWY-5934;AC_PWY-6613,AraCyc_Misc;AraCyc_Cofactor,7,1.0,False,142,2c74fb9af6c8ca5754123316703a9ed46c3fde5817115a2859fe54e105122912
TRAIN_NEG_01352,train,random_5_30,15,,,0,0.0,False,142,d7c3d621c7e5b8e0a4cc33f4e541c8b43150e803c452454990029d30219ad5f5
TRAIN_NEG_01353,train,shuffled,17,AC_PWY-1782,AraCyc_Misc,0,0.0,False,142,36029a935913ceb025da7007df61be60a73fa8ea2cfe63af668ce4f8dfe85534
TRAIN_NEG_01354,train,partial_50_80,7,AC_PWY4FS-2,AraCyc_Misc,7,1.0,False,142,3c51e044d917d01bcbad6973c1d639bc61ceef5fbbe3d8ab2b1af4014abfb3e4
TRAIN_NEG_01355,train,cross_pathway,26,ath00740;AC_PWY-6348,KEGG_Cellular;AraCyc_Misc,26,1.0,False,142,d5a416b68c43f3408cc122414d534687def406ce38a0dd218f0004968fcdff76
TRAIN_NEG_01356,train,random_5_30,26,,,0,0.0,False,142,43db567af7e5f344580c15a0f3da700d039c87a5dd5450c726cc4a1b556ca8c7
TRAIN_NEG_01357,train,shuffled,386,ath03010,KEGG_GeneticInfo,6,0.015544041450777202,False,142,ef99217d2aeeac13ada59b5e2e006815559f15c813f56ea518fed7f0825687e4
TRAIN_NEG_01358,train,partial_50_80,31,AC_CITRULBIO-PWY,AraCyc_Misc,31,1.0,False,142,d72a45b418fc38e7f668f98635bedf01e05f73e2afb12525b355a81230753994
TRAIN_NEG_01359,train,cross_pathway,53,ath00960;ath03083,KEGG_Cellular;KEGG_GeneticInfo,53,1.0,False,142,aa0559be89dddbeda9dc8b7e75f895f6c2cdc12df9a0a496b3bbd112fad96387
TRAIN_NEG_01360,train,random_5_30,15,,,0,0.0,False,142,ff91ac887ee236243b745a04b29a6630f7af69978d105df168cd6c4127bf04e4
TRAIN_NEG_01361,train,shuffled,5,AC_PWY-5486,AraCyc_Misc,0,0.0,False,142,08a1b93fa89332c1ad837b620f830636eb703d7c323bc4afead0200bdef8e933
TRAIN_NEG_01362,train,partial_50_80,5,AC_PWY-3941,AraCyc_Misc,5,1.0,False,142,c452728ba2dc5c3950c539652ae93d2d9466f89c0e19fd26b863f7642d2f0d82
TRAIN_NEG_01363,train,cross_pathway,23,AC_PWY-5947;ath00640,AraCyc_Misc;KEGG_Cellular,23,1.0,False,142,e50dfed7d75387cb2542b8faa7399421958e0f666701bd8b31154da33764349b
TRAIN_NEG_01364,train,random_5_30,10,,,0,0.0,False,142,450fcd41226ea7921110d3fc20e8dec698e3c7b136221c00508be60437ca30bb
TRAIN_NEG_01365,train,shuffled,8,AC_PWY-6014,AraCyc_Misc,0,0.0,False,142,f77490618f3bb570235ec209c8c3cd04eecd3fedea060b5490dca20b6676b726
TRAIN_NEG_01366,train,partial_50_80,9,AC_PWY-102,AraCyc_Misc,9,1.0,False,142,dd6ebfd4acfbf8cc5d608bb05388deeae225ecdc014a10f7cb26e0dabe9d3bfc
TRAIN_NEG_01367,train,cross_pathway,9,AC_PWY-2021;AC_ILEUSYN-PWY,AraCyc_Misc;AraCyc_Misc,9,1.0,True,142,d6b0db1f5dac0adce644109a41ab41fe34dbf3f7ef5735ff30648bbb99641dfb
TRAIN_NEG_01368,train,random_5_30,25,,,0,0.0,False,142,39dfa2e0498ff9a2be710b51c0633783a198d5e2107736e72c1bc425bf6558b6
TRAIN_NEG_01369,train,shuffled,10,AC_PWY-695,AraCyc_Misc,0,0.0,False,142,4d4042e450314e0aa5cceab01bd37cd12a96d5d11bd052af1d0849cdf6d4d093
TRAIN_NEG_01370,train,partial_50_80,6,AC_PWY0-461,AraCyc_AminoAcid,6,1.0,False,142,46f66148085b71d5cbbb4d464a8d077d67035d5e59817b81b3b623df6c5b13b1
TRAIN_NEG_01371,train,cross_pathway,37,AC_PWY-7039;AC_GLUCONEO-PWY,AraCyc_Misc;AraCyc_Misc,37,1.0,True,142,cbfeda611299534121cbd0b56c91d00e497893c62d7e6d11304ed323bbbc63c0
TRAIN_NEG_01372,train,random_5_30,24,,,0,0.0,False,142,b64993185fc450fcf9f34427457eee07fd275be3d5befa9efc6010ad6efefc5b
TRAIN_NEG_01373,train,shuffled,53,AC_PHOTOALL-PWY,AraCyc_Misc,0,0.0,False,142,65ebc7ea28534df8e0fae394fb7bc6e7a704f1136fa3734648f01e3d82b14705
TRAIN_NEG_01374,train,partial_50_80,3,AC_PWY-6613,AraCyc_Cofactor,3,1.0,False,142,11af092ada90fb8a4bd2668d4083dd590beb44292f0f5d808911b54fd25772a8
TRAIN_NEG_01375,train,cross_pathway,20,AC_PWY-5486;ath00100,AraCyc_Misc;KEGG_Metabolism,20,1.0,False,142,01bf91d81f29b345f4c2f51e8054440ad0bdf7074a943c86a017afef5d086221
TRAIN_NEG_01376,train,random_5_30,11,,,0,0.0,False,142,c5f3b60eebb94dd1cd67c4c536610f954830f73125a33009efe473af0249e92d
TRAIN_NEG_01377,train,shuffled,15,AC_PWY-6612,AraCyc_Cofactor,0,0.0,False,142,f8d585861152a1acf207c31fe67f5dacab98cdd2bde301285331565b071d3d67
TRAIN_NEG_01378,train,partial_50_80,6,ath04082,KEGG_SignalTrans,6,1.0,False,142,a7f0c0d3c4963ac349c810a21bc0c19f44359cc17a3016c6c81da4d9ed34156b
TRAIN_NEG_01379,train,cross_pathway,33,ath00030;AC_PWY-6605,KEGG_Cellular;AraCyc_Misc,33,1.0,False,142,ba24223807538c8bf1f258da44913b8721ddcd9f0a69b97ee39d789f5f996d19
TRAIN_NEG_01380,train,random_5_30,11,,,0,0.0,False,142,9f0e8029480a597b9eb5d00e1758ce3f9e92b5f169520e1056bf47c335326843
TRAIN_NEG_01381,train,shuffled,36,AC_PWY-601,AraCyc_AminoAcid,0,0.0,False,142,9a4d733e4cc8db41f035f8b7282efee5b121b4f5763d2f2b846410336563217a
TRAIN_NEG_01382,train,partial_50_80,7,AC_PWY-7560,AraCyc_Misc,7,1.0,False,142,4e24067c9968d11ff3bbaed3bbd5b7b242592c07483d29726cfada6af2d6a8b8
TRAIN_NEG_01383,train,cross_pathway,22,AC_PWY0-166;ath00513,AraCyc_Nucleotide;KEGG_Lipid,22,1.0,False,142,cb112aaad6028ff60b454aa9621cfc83febf619824c83e9a617d2d096e112530
TRAIN_NEG_01384,train,random_5_30,29,,,0,0.0,False,142,c4b4095c7fa8f18b2edb529d8730fed0e19f70d36e1d668496a174fe1f897266
TRAIN_NEG_01385,train,shuffled,13,AC_RIBOSYN2-PWY,AraCyc_Misc,0,0.0,False,142,05746d78d667f5b9bce376bd901df286d5b37595a6ad17d145c334e4617d2968
TRAIN_NEG_01386,train,partial_50_80,22,ath00062,KEGG_Lipid,22,1.0,False,142,a80c9bd9982be74a6cac1661369ac8e46f427a89781bf74b55953f3de6373138
TRAIN_NEG_01387,train,cross_pathway,30,AC_PWY-7298;AC_GLYCOLYSIS,AraCyc_Misc;AraCyc_Carbohydrate,30,1.0,False,142,f0dd2dc4ad8c9cfd18f615afed8ed08150f2752b6f7ed1606eb9a73247c9efcc
TRAIN_NEG_01388,train,random_5_30,28,,,0,0.0,False,142,4470eb0c88a953fbb59532dbda4f9b8aaaf6635703040964fd27b7cc3864581b
TRAIN_NEG_01389,train,shuffled,8,AC_PWY-5046,AraCyc_Misc,0,0.0,False,142,9f1e97ff95e96e13fe925f8ea4fdb0ec7e53b59e09f626422c12e49ee30a5450
TRAIN_NEG_01390,train,partial_50_80,4,AC_PWY-6121,AraCyc_AminoAcid,4,1.0,False,142,97f9e515e782eb23115c5c75da6969a7d785a1cc3220055018df8c31bd1a6a14
TRAIN_NEG_01391,train,cross_pathway,99,AC_PWY-4041;ath04142,AraCyc_Misc;KEGG_SignalTrans,99,1.0,False,142,a55b7c445df70a1f1218997613a837c7dd8c9d27196f8121a681a76966a6ae05
TRAIN_NEG_01392,train,random_5_30,12,,,0,0.0,False,142,b9add26dd0f3be1292f2aff35ae8a991e2ff820bc4ab15aa1e61a30f89d9eb66
TRAIN_NEG_01393,train,shuffled,6,AC_PWY0-166,AraCyc_Nucleotide,0,0.0,False,142,e4ef9bc7a9e3689141b467930c69e6a345c516046b21b31e4b897f0ff0656eac
TRAIN_NEG_01394,train,partial_50_80,8,AC_PWY-5864,AraCyc_Misc,8,1.0,False,142,bd1b2e3ac3a61c386b56f6aec8fcd0e83b3033d261738758b00f3f16adc062c6
TRAIN_NEG_01395,train,cross_pathway,10,AC_PWY-2261;AC_PWY-5340,AraCyc_Misc;AraCyc_Misc,10,1.0,True,142,a118db6979994e221eaadcba8c74fd68020b46f327e520feab7a763698f9635f
TRAIN_NEG_01396,train,random_5_30,17,,,0,0.0,False,142,8cfdbad4de7d184b9de860c470f9f0a6d8004d03892be0923a7b8d02070fd101
TRAIN_NEG_01397,train,shuffled,44,AC_LIPAS-PWY,AraCyc_Misc,0,0.0,False,142,f7211c9886a6f31f23fc26667ed64cbb1b6f17737dab9e1e8d50adfd0cb09637
TRAIN_NEG_01398,train,partial_50_80,3,AC_HOMOSERSYN-PWY,AraCyc_Misc,3,1.0,False,142,07bc438124ed759dff0049d0e0e2af4e2870bab8f5f0f32b853783f29bd7f588
TRAIN_NEG_01399,train,cross_pathway,32,ath00660;AC_PWY-1121,KEGG_Cellular;AraCyc_Misc,32,1.0,False,142,58248ca0dc4b66a327120f1160ffc5704965ba314770e7699555c4be1506dbe9
TRAIN_NEG_01400,train,random_5_30,17,,,0,0.0,False,142,f1cf0ba7d0ab012d9e4e3f4efe72d805a860cba2d1b66e63de8320d670d2e26f
TRAIN_NEG_01401,train,shuffled,10,AC_GLUTORN-PWY,AraCyc_Misc,0,0.0,False,142,9320874c99ce03fb6157020d07153f0ef9ba906c25fd088b306c8159684a6128
TRAIN_NEG_01402,train,partial_50_80,8,AC_PWY-7140,AraCyc_Misc,8,1.0,False,142,f3f5e028b07202c22557f2288c1dd303c0793564161575dd6e2e7a38361e3d01
TRAIN_NEG_01403,train,cross_pathway,9,AC_PWY-6612;AC_ASPARAGINE-DEG1-PWY,AraCyc_Cofactor;AraCyc_Misc,9,1.0,False,142,3877b6fbbf88fb5ca4d245dfaa7d74c8f5dd1122b108919ce4859737e035bb0c
TRAIN_NEG_01404,train,random_5_30,16,,,0,0.0,False,142,70c16d6b39e0ac71806acae6b3127b6949b740ab1c22287e499209ff03c43350
TRAIN_NEG_01405,train,shuffled,27,AC_PWY-5083,AraCyc_Misc,1,0.037037037037037035,False,142,bb262f752ee3773d6edde12383ea3c7ecd314905c50d95e5c35121538decef1b
TRAIN_NEG_01406,train,partial_50_80,94,ath04120,KEGG_SignalTrans,94,1.0,False,142,f5581098118d4ac9c276f5d8310a446a19399b016cf9e0a6c6df95466e075643
TRAIN_NEG_01407,train,cross_pathway,20,AC_ASPARAGINE-DEG1-PWY-1;AC_PWY-5083,AraCyc_Misc;AraCyc_Misc,20,1.0,True,142,98f91d1d928f966e7eb1e8ea2d0a47888c075ac1c27059c0e80f687b3f46e58c
TRAIN_NEG_01408,train,random_5_30,27,,,0,0.0,False,142,cd0352e72fac108e3e946b08669c27d6735292c15487daf9df5649561a42abd0
TRAIN_NEG_01409,train,shuffled,62,ath03060,KEGG_GeneticInfo,0,0.0,False,142,edfdcc24ff32db525319c3080896f00f18ade06fafd84b875b1354a040a67e05
TRAIN_NEG_01410,train,partial_50_80,4,AC_PWY-5800,AraCyc_Misc,4,1.0,False,142,f408b05e05213971343217aff268c1f4d35c091f523cbcf00286ec6c413a58a6
TRAIN_NEG_01411,train,cross_pathway,35,AC_PWY-6754;ath00380,AraCyc_Misc;KEGG_Cellular,35,1.0,False,142,990c56389728f4d7e1cbfe8cce2fd529d7a693c5de8e7d637ac4a11c50bd8c34
TRAIN_NEG_01412,train,random_5_30,5,,,0,0.0,False,142,44641c169f25e758ecb0b2feef4adc955d47e9d8548b3e060debaff4e1bd2a9b
TRAIN_NEG_01413,train,shuffled,23,AC_PWY-2541,AraCyc_Lipid,0,0.0,False,142,4a56592bf77640a43f8c305a5e93d6e788f0d10807477502880243ac201600e1
TRAIN_NEG_01414,train,partial_50_80,53,ath03083,KEGG_GeneticInfo,53,1.0,False,142,5ed56b434ad449d54970616b0216b1b3fc7d8be50dfb780ebda24ca6827da4c3
TRAIN_NEG_01415,train,cross_pathway,16,AC_PWY-4562;AC_BRANCHED-CHAIN-AA-SYN-PWY,AraCyc_Lipid;AraCyc_AminoAcid,16,1.0,False,142,27e460efe8918b790341bf157ac3f5e367ab6f3e391ad428cd20f39a62bdab3e
TRAIN_NEG_01416,train,random_5_30,13,,,0,0.0,False,142,4dfc264d02064899d46ced8096fc834246f1c92c8700e1f268780c15fbdb9fb5
TRAIN_NEG_01417,train,shuffled,5,AC_PWY-7346,AraCyc_Carbohydrate,0,0.0,False,142,b1890f9c6e230523d206525b8b7a640711fddd81437fc53c96d4ed34e3ca7395
TRAIN_NEG_01418,train,partial_50_80,3,AC_PWY-7298,AraCyc_Misc,3,1.0,False,142,a4986812b48a0b66221540ce7dd0dac2e64fd70aa09e1d36007cd1834e7b6dd4
TRAIN_NEG_01419,train,cross_pathway,20,AC_PWY18C3-22;AC_PWYQT-4474,AraCyc_Misc;AraCyc_AminoAcid,20,1.0,False,142,bd9fc25527072a53115a3746c43c0eda9e82ca41eb5fd81d4ae61ae32b2940d4
TRAIN_NEG_01420,train,random_5_30,17,,,0,0.0,False,142,b4108a9859d12ef98d9a0d43a5d2701376e9e612ac938c6086453f13760bb240
TRAIN_NEG_01421,train,shuffled,20,AC_PWY-622,AraCyc_Carbohydrate,0,0.0,False,142,1da32a9794b3795c20a078c4fe29e937507a6b6c4329e8334dcb01b248342484
TRAIN_NEG_01422,train,partial_50_80,3,AC_PWY-5859,AraCyc_Misc,3,1.0,False,142,977e13e57cb76e3a2fb2f6b8cd161cc68af1e16b6432f322a21945275e4d01b3
TRAIN_NEG_01423,train,cross_pathway,78,ath00790;ath00270,KEGG_Cellular;KEGG_Cellular,78,1.0,True,142,618392b7ea7ea6382bbdfe9c1d8813c9b85580bbf62630a6e99cc6cf280be9de
TRAIN_NEG_01424,train,random_5_30,22,,,0,0.0,False,142,9159358b65e94e11018cd7365d287aa1d48073077fbf198a6e8cc74a3dcc9cc7
TRAIN_NEG_01425,train,shuffled,25,AC_PWY-5868,AraCyc_Secondary,0,0.0,False,142,6d3dba68164cb2fd783a861d10369570b41753ca624bf1b8b4951cbac1ebe6ac
TRAIN_NEG_01426,train,partial_50_80,5,AC_PWY-5934,AraCyc_Misc,5,1.0,False,142,2fdacd2a6c3cb395733f0d93aefc59cf5ad25519f127b7b3d0563e020e745f89
TRAIN_NEG_01427,train,cross_pathway,130,ath00950;ath01240,KEGG_Cellular;KEGG_Cellular,130,1.0,True,142,685a76633de7dfe0df031adb59eaf3e1a33fb106376f0bc7baccde981f76f03a
TRAIN_NEG_01428,train,random_5_30,21,,,0,0.0,False,142,fa9a833a8b7016f9ec478a423b83f80262c1615436d4cb270e5b5bf651439968
TRAIN_NEG_01429,train,shuffled,9,AC_PWY0-1182,AraCyc_Misc,0,0.0,False,142,dbaff332fedad829685a8092dd3fa46041fb5d6d159d15a681ee50c3218b698f
TRAIN_NEG_01430,train,partial_50_80,23,AC_PWYQT-4473,AraCyc_AminoAcid,23,1.0,False,142,22da13c77e26aa2ea35a002711504cc52557ffaa48b0a28269e46e61e9dc18ae
TRAIN_NEG_01431,train,cross_pathway,23,AC_PWY-7343;AC_PWY-321,AraCyc_Carbohydrate;AraCyc_Misc,23,1.0,False,142,27eeada92d80c9074d55991c540d33e3dbea1c18cd67c0ed6ca8347fc69c4593
TRAIN_NEG_01432,train,random_5_30,9,,,0,0.0,False,142,06e637399f2802dfe90b46f1a40000c453490e1b32f918443010469759a1a470
TRAIN_NEG_01433,train,shuffled,43,AC_PWY-5390,AraCyc_Misc,1,0.023255813953488372,False,142,398a303aad88541574b81de7a04cac9f94c0690bf11b8b70ae14981f2f28def3
TRAIN_NEG_01434,train,partial_50_80,3,AC_PWY-882,AraCyc_Misc,3,1.0,False,142,460da114f47d79e8dc8b4d956367a566ece0cb8bc11d01f44aefcf9883df55c5
TRAIN_NEG_01435,train,cross_pathway,5,AC_PWY-5068;AC_PWY-6475,AraCyc_Misc;AraCyc_Misc,5,1.0,True,142,90c1385afae3dc7dbb12383f2908297e76b538875b989d5a83addd53b847e031
TRAIN_NEG_01436,train,random_5_30,26,,,0,0.0,False,142,732cda2cbeeeb52316f3484b221d7292b5394988cac0059b66dedf16b8d8330f
TRAIN_NEG_01437,train,shuffled,53,AC_PHOTOALL-PWY,AraCyc_Misc,0,0.0,False,142,e2772b9bde9f5fde87d52277bf30d3df6d70f6410fd57975f180fbaafbda3fe5
TRAIN_NEG_01438,train,partial_50_80,4,AC_PWY-8395,AraCyc_Misc,4,1.0,False,142,932c10f137c41d1f6c8b1481299be697100336a2d9f446a1361eb554c951c9a0
TRAIN_NEG_01439,train,cross_pathway,47,AC_PWY-3801;ath03050,AraCyc_Carbohydrate;KEGG_GeneticInfo,47,1.0,False,142,16a42f73994fb1650ad3b1ebbd49ce08c972f07e26048dba9110854d9de886e4
TRAIN_NEG_01440,train,random_5_30,9,,,0,0.0,False,142,71048281cf00cf9b9ee3e66e1c1958abc2e14847eb77261ce0ae605350d58880
TRAIN_NEG_01441,train,shuffled,7,AC_PWY1ZNC-1,AraCyc_Misc,0,0.0,False,142,9dc70528ea28a189eedcd18174e4d28fc8381a1c96b8ceae619648f8d59af8af
TRAIN_NEG_01442,train,partial_50_80,3,ath00543,KEGG_Lipid,3,1.0,False,142,23006ad9b8ab15a42e25f8a4ef491609272a2e7406dd6fa94654625fea65a5c8
TRAIN_NEG_01443,train,cross_pathway,66,ath03015;AC_PWY1F-823,KEGG_GeneticInfo;AraCyc_Misc,66,1.0,False,142,9a8a97d790800ef38b4ef721b6b91056dda39bebd37c0489ac69b1190d23bf91
TRAIN_NEG_01444,train,random_5_30,18,,,0,0.0,False,142,75fa421e71e3bfacbc6f8a27370e279e025bfea59bc185754d3ae63cae3e8daf
TRAIN_NEG_01445,train,shuffled,12,AC_PWY-6554,AraCyc_Misc,0,0.0,False,142,ede7c54412a2293cab5d2768457a8fb8730f3669215fed49b13c3aea01575941
TRAIN_NEG_01446,train,partial_50_80,12,AC_ETHYL-PWY,AraCyc_Misc,12,1.0,False,142,1875e3c43debbeb6e05b918710b758bb818d4241f7e5e7360f5c61a876ff5cc0
TRAIN_NEG_01447,train,cross_pathway,18,AC_PWY-841;AC_PWY0-501,AraCyc_Nucleotide;AraCyc_Misc,18,1.0,False,142,4595657b46a9e08a603dcc8bcddf906d075fa504a7e85cd480e00752e8693598
TRAIN_NEG_01448,train,random_5_30,7,,,0,0.0,False,142,dc45acbe41c8d78e58f02d64b3007e83f267ec713ddb06867b5495e707f668af
TRAIN_NEG_01449,train,shuffled,5,AC_PYRIDNUCSYN-PWY,AraCyc_Misc,0,0.0,False,142,e614780aa1ecb029b65d3f366d60258b702497726389a73b524df49484865a5e
TRAIN_NEG_01450,train,partial_50_80,7,AC_PWY-4821,AraCyc_Misc,7,1.0,False,142,aa0260dcdf337cb7aa85ac0d0c21996036e641327f4284553489e497565369a7
TRAIN_NEG_01451,train,cross_pathway,6,AC_PWY-801;AC_PWY-4984,AraCyc_Misc;AraCyc_Misc,6,1.0,True,142,a631585d2d50fca81c6890fb2d39ce2d5d33620dd230f9a8d21f0501190250c5
TRAIN_NEG_01452,train,random_5_30,19,,,0,0.0,False,142,1c907ca1e3cb03db96cd4552a6ce108633c349b803e0045c7d2e4f497d0473ad
TRAIN_NEG_01453,train,shuffled,6,AC_PWY-5800,AraCyc_Misc,0,0.0,False,142,3c24fd637b66d4031a72bf77b2d70775f80a5ed715680bd7b5c3e3aa3aedbe3e
TRAIN_NEG_01454,train,partial_50_80,27,ath00592,KEGG_Lipid,27,1.0,False,142,d558b55ca672809ce57baa311f362ff9686fedd0b9527e97c9d8a79d5e2fe66f
TRAIN_NEG_01455,train,cross_pathway,5,AC_PWY-6613;AC_PWY-7221,AraCyc_Cofactor;AraCyc_Nucleotide,5,1.0,False,142,9b7573681039b3fb740a3ee2c68b6e9a84f84fa939b9396a73270fa0cfdb0227
TRAIN_NEG_01456,train,random_5_30,17,,,0,0.0,False,142,f7e18b38a432faaa718eba73436ccc38ca632b4293113dbf920299b039267f20
TRAIN_NEG_01457,train,shuffled,5,AC_PWY-3461,AraCyc_Misc,0,0.0,False,142,8ef9557f64697fc57098b5d7320fa20eb08c17fc7da805970fd1129d267c3f02
TRAIN_NEG_01458,train,partial_50_80,3,AC_PWY-7120,AraCyc_Misc,3,1.0,False,142,2740f2e3c3bc8f53c32fecb33ecedc1d0f412136029d21355bf9d92bf56c3b24
TRAIN_NEG_01459,train,cross_pathway,131,ath04141;AC_PWY-6733,KEGG_SignalTrans;AraCyc_Misc,131,1.0,False,142,0ec0834f7925715eea9013100e2792afa0dac084df5947b49dfdeabed95c818b
TRAIN_NEG_01460,train,random_5_30,25,,,0,0.0,False,142,45df9325c2d723d5b29d816a21be4b6f7c50fcf874aaf655dae2bac751a99f55
TRAIN_NEG_01461,train,shuffled,19,AC_PWY-5173,AraCyc_Misc,1,0.05263157894736842,False,142,9c168963143f81db6d9c2ee773024f881a77cb91bf3bd3526b527f5e54a18c29
TRAIN_NEG_01462,train,partial_50_80,15,AC_PWY-7211,AraCyc_Nucleotide,15,1.0,False,142,1c3a41708377c562b629c5e859e74659444a4e9660f90b880ac43f876bd349ba
TRAIN_NEG_01463,train,cross_pathway,64,ath00480;AC_PWY-8157,KEGG_Cellular;AraCyc_Misc,64,1.0,False,142,2aae54bec535445c8945e77185d8733fefc2d6ee934a7a501e97ef39f8c6aa74
TRAIN_NEG_01464,train,random_5_30,23,,,0,0.0,False,142,9ca37976ec8a9c331806c5c381f81addb1bf43215059ec9ed45956483c68eed9
TRAIN_NEG_01465,train,shuffled,19,AC_PWY66-430,AraCyc_Misc,0,0.0,False,142,53bbf585fbb937dd63012a4238d6f885c705a9084de26f2644a43358e9d992c2
TRAIN_NEG_01466,train,partial_50_80,5,ath03450,KEGG_GeneticInfo,5,1.0,False,142,ea24aa08d577a7fa95136521cca462ee676174ec0f655fe8b648d9095c85e2a8
TRAIN_NEG_01467,train,cross_pathway,27,ath00908;AC_PWY-7450,KEGG_Cellular;AraCyc_Misc,27,1.0,False,142,25fa6a0a24733d5aeceaf3334889312e8b1578a67091c81c78c37e0c6644c8a6
TRAIN_NEG_01468,train,random_5_30,22,,,0,0.0,False,142,d19fdb2cb2eb54274fcbec7b75c6c42fc4e026d01ede93bcee56baa922509cd3
TRAIN_NEG_01469,train,shuffled,16,AC_PYRUVDEHYD-PWY,AraCyc_Misc,0,0.0,False,142,29700bb522f0f827da228fba59b3160c3e5822391e803b2f72092a240e008bcf
TRAIN_NEG_01470,train,partial_50_80,8,AC_ARGSYNBSUB-PWY,AraCyc_AminoAcid,8,1.0,False,142,7ed290580df10794caf1e0bce60b9e231ff82264847efc82ac78d2760ce269af
TRAIN_NEG_01471,train,cross_pathway,61,AC_PWY-4861;ath03015,AraCyc_Misc;KEGG_GeneticInfo,61,1.0,False,142,e54036cf1f7dbb29441b49f03dbc748759d1a9f79fead154836d9721f7c462c4
TRAIN_NEG_01472,train,random_5_30,22,,,0,0.0,False,142,828eb1bbbd71ece4a5161ae2655844faf897f4085e7842e21e84ff2cb3c2d89f
TRAIN_NEG_01473,train,shuffled,70,ath01212,KEGG_Lipid,0,0.0,False,142,4366a40a1b96e85cdd7e62d6dc483d0d5c68f3643dd2906bf5066989fce98fd4
TRAIN_NEG_01474,train,partial_50_80,24,AC_PWY-5156,AraCyc_Lipid,24,1.0,False,142,30403ed4f8e71c65d294d0e7db0ea275e3ad38775f5373bf6ebc1fc7ff7c8c41
TRAIN_NEG_01475,train,cross_pathway,87,AC_PWY-1042;ath00270,AraCyc_Misc;KEGG_Cellular,87,1.0,False,142,0df5940d1f23f0e5e4bee33f52c1c83db7eeeb6a340d67e34a5264beee2cd8c4
TRAIN_NEG_01476,train,random_5_30,25,,,0,0.0,False,142,8791084a804d7b2b0b978002ca81ae9f116116723013efa8f85290e1531d8506
TRAIN_NEG_01477,train,shuffled,9,AC_ASPARTATE-DEG1-PWY,AraCyc_Misc,0,0.0,False,142,c8ccfe9a7cf2f937180f072a925f4f94ff25372110448710feb56e68960f47eb
TRAIN_NEG_01478,train,partial_50_80,13,ath00196,KEGG_Metabolism,13,1.0,False,142,8ff7f7fe727d4e52e525284c53253f32dcce39f181ba6a8e54965ca3632456f1
TRAIN_NEG_01479,train,cross_pathway,16,AC_PWY-2582;AC_PWY-8157,AraCyc_Misc;AraCyc_Misc,16,1.0,True,142,83d83b7535b815febf48ff104d4cf72e4892fb9e0c43220175816ab5729d331a
TRAIN_NEG_01480,train,random_5_30,7,,,0,0.0,False,142,d249c0703bcdedfe8948f5ff389b958c4733208929ecfd8ebfc88430ba07c39a
TRAIN_NEG_01481,train,shuffled,9,AC_PWY-5725,AraCyc_Misc,0,0.0,False,142,2736887ede168683f0c5ea1496aa2cb77c44f90cded1c1a99395caf28edf1e95
TRAIN_NEG_01482,train,partial_50_80,4,AC_PWY-6622,AraCyc_Misc,4,1.0,False,142,2bfdf4c230ed7edd05b8fc556c63b11e2d91b62bc0ddc3281b2c87396ed23c7e
TRAIN_NEG_01483,train,cross_pathway,6,AC_PWY-7120;AC_ILEUDEG-PWY,AraCyc_Misc;AraCyc_Misc,6,1.0,True,142,fad05dd1ba1d73f5374d2dedf98707d550c0e5fd6d2732eec0e133d36a814f22
TRAIN_NEG_01484,train,random_5_30,10,,,0,0.0,False,142,37d73257f5fb130dde75e832981d0f2f6b1f37b66de7f78443f9a0c0d7c14f9a
TRAIN_NEG_01485,train,shuffled,9,AC_PWY-2181,AraCyc_Secondary,0,0.0,False,142,cb9f099c4c8cc55ce9f3ce433d2284eb65b04f6569c44d3b6802839a8e83d5cd
TRAIN_NEG_01486,train,partial_50_80,29,ath04712,KEGG_SignalTrans,29,1.0,False,142,c843c24b5c0c1df3cae3ed7269286e1e57ae9a82d43f235d12f1ee652f1e4a64
TRAIN_NEG_01487,train,cross_pathway,9,AC_PWY-7140;AC_DTDPRHAMSYN-PWY,AraCyc_Misc;AraCyc_Misc,9,1.0,True,142,b7eabb11dbb30cbf63942bafd6473fcf26ea3d57b366ce9accda2f72b136cc77
TRAIN_NEG_01488,train,random_5_30,10,,,0,0.0,False,142,a52fc0bf8992c859703f7412411f9001e632b7449367b017382b8046585c4614
TRAIN_NEG_01489,train,shuffled,18,ath00511,KEGG_Lipid,0,0.0,False,142,6708fe318826375f1bb73f4e59760c6a14ce35c4f1191644765e59469f0ea303
TRAIN_NEG_01490,train,partial_50_80,50,ath00260,KEGG_Cellular,50,1.0,False,142,eaa3bb02c5364a6ee0738d5c721f867f41436c44ea606b99a9e795d3873e8fdf
TRAIN_NEG_01491,train,cross_pathway,11,ath00540;AC_RIBOSYN2-PWY,KEGG_Lipid;AraCyc_Misc,11,1.0,False,142,49ace0dc906c18435d114dc5d181d6925818c20690d2af52b4b31f64e33d2431
TRAIN_NEG_01492,train,random_5_30,11,,,0,0.0,False,142,02b4b02d50f3ffa4accf5409b3d148bf0122b457decb060b0866e20feb32ffa5
TRAIN_NEG_01493,train,shuffled,151,ath00190,KEGG_Metabolism,1,0.006622516556291391,False,142,4ac39049a12384465fdf8166947856e3f7d2eb7da49aa98d56dc062ff12fb6da
TRAIN_NEG_01494,train,partial_50_80,35,ath00330,KEGG_Cellular,35,1.0,False,142,afcf94f88502dfb9855f0e0e87bdb4d1817c5709444c31fc723b9b7fd10ca4cc
TRAIN_NEG_01495,train,cross_pathway,24,AC_PWY-724;AC_PWYQT-62,AraCyc_AminoAcid;AraCyc_Misc,24,1.0,False,142,d0baa83ba07f8dc92792b939401b9c184536ef61af3127780658c38a5e549c31
TRAIN_NEG_01496,train,random_5_30,20,,,0,0.0,False,142,4d475896e4fc867baa57fd2857b527eb5643134b00c63312e4f62f41b2b73f4f
TRAIN_NEG_01497,train,shuffled,6,AC_PWY-6622,AraCyc_Misc,0,0.0,False,142,cb93371181449eebb84619832d858bd4e014db868d89e320213e44a53bd482f2
TRAIN_NEG_01498,train,partial_50_80,45,ath00900,KEGG_Cellular,45,1.0,False,142,8f7e8e2f0aa3c734bc6d1d571e5b5a3542108c291b2372c2c0de1090b969baf7
TRAIN_NEG_01499,train,cross_pathway,67,ath00940;AC_PWY-5947,KEGG_Cellular;AraCyc_Misc,67,1.0,False,142,68a43b725acb776d2b1f876ec599fa3efe1c40e22db49e57b38e0dec7d243a51
TRAIN_NEG_01500,train,random_5_30,11,,,0,0.0,False,142,b9bc2eeefe85c39582c301625af23b891326df3d047a104b36392caf8325dcaf
TRAIN_NEG_01501,train,shuffled,9,AC_ASPARTATESYN-PWY,AraCyc_Misc,0,0.0,False,142,e1181ca970310d32fe72b7ecba4597d984b1ed4b67b656c7c0f3f0db4e23c53e
TRAIN_NEG_01502,train,partial_50_80,25,AC_PWY-1042,AraCyc_Misc,25,1.0,False,142,a898572b0e395b03733d722a4c4d2d2bdee5adaa6714844d3e29217152f89e4e
TRAIN_NEG_01503,train,cross_pathway,20,AC_PWY-7039;AC_PWY-6612,AraCyc_Misc;AraCyc_Cofactor,20,1.0,False,142,c278308d7e4223e3ba65c1810930f9d81999777db96d586c9905c95fefc1a366
TRAIN_NEG_01504,train,random_5_30,21,,,0,0.0,False,142,57172e6459a3b81b07415754ccbd862d407dec392080039c8d0587a3d830cf7a
TRAIN_NEG_01505,train,shuffled,29,AC_PWY-724,AraCyc_AminoAcid,0,0.0,False,142,cbee3b01b64730e0c3e83022a9ccbf570fdcc70046f325fd5efafb8420cea619
TRAIN_NEG_01506,train,partial_50_80,16,AC_PWY-7238,AraCyc_Carbohydrate,16,1.0,False,142,06559a7b567b55af1ee2782798b5f98d2aeda141b7bd48aee175ee6b81df868a
TRAIN_NEG_01507,train,cross_pathway,51,ath00230;AC_PWY-882,KEGG_Cellular;AraCyc_Misc,51,1.0,False,142,d61905c1668a7ba441d510218661ca98bbc2ae1feab5236d347d4178452fde50
TRAIN_NEG_01508,train,random_5_30,16,,,0,0.0,False,142,11507fc9270633f175d0d25329e59b2558688508015a5c65f8e80c8e984cd2fb
TRAIN_NEG_01509,train,shuffled,34,ath00770,KEGG_Cellular,0,0.0,False,142,93d795eac55d7d85664a32a755a7002da6f889723b6713e9907e1625792126f8
TRAIN_NEG_01510,train,partial_50_80,47,ath00073,KEGG_Cellular,47,1.0,False,142,080b375dad33cda5d3ae32e7404f5b3a0253880319201633093349d51c152d19
TRAIN_NEG_01511,train,cross_pathway,13,AC_BRANCHED-CHAIN-AA-SYN-PWY;AC_PWY-5068,AraCyc_AminoAcid;AraCyc_Misc,13,1.0,False,142,3243a9cb7f38055465d8d7e0908c5dfa748c24db576a9b70a2c175af4765712a
TRAIN_NEG_01512,train,random_5_30,21,,,0,0.0,False,142,9f15ae9eeb8ee92125c0df169df8ccfbed3ec3f8f9d0d5a2053a4f737c2769cf
TRAIN_NEG_01513,train,shuffled,34,ath00770,KEGG_Cellular,0,0.0,False,142,2f0e83f70cee7c603d2335041a5627b69c923c1a879426ca113a4ccbe963326c
TRAIN_NEG_01514,train,partial_50_80,5,ath00905,KEGG_Cellular,5,1.0,False,142,a34811b11b6223e269bfa32011a554bef628f58fbdc100cbdca28df76ca6cac6
TRAIN_NEG_01515,train,cross_pathway,8,AC_PWY-7140;AC_PWY-7346,AraCyc_Misc;AraCyc_Carbohydrate,8,1.0,False,142,155a3d0ae140ee9ec3c741e0f7c85774bb0e0d99ca972b9de0c02e5fe20f72bb
TRAIN_NEG_01516,train,random_5_30,15,,,0,0.0,False,142,6131858c07ed0c5c158a8a2a75974e3e7584771dfc75aaab390003f96e9586fd
TRAIN_NEG_01517,train,shuffled,5,AC_PWY-5957,AraCyc_Misc,0,0.0,False,142,972147add226c6eb4114cd410e96b9d985ffa802f0a596f325b0b0a41a3a0d6b
TRAIN_NEG_01518,train,partial_50_80,24,AC_PWY-6266-ARA,AraCyc_Misc,24,1.0,False,142,849e45a8f4393d52d02676473021f155a14c14e62980730f027ba2e023a3e67f
TRAIN_NEG_01519,train,cross_pathway,6,ath04081;AC_PWY-4702,KEGG_SignalTrans;AraCyc_Misc,6,1.0,False,142,26347328868b43a4c4351ffab67e457c5b63c2b5fa56902fac1f76faa0c28b82
TRAIN_NEG_01520,train,random_5_30,10,,,0,0.0,False,142,cdbe807c1a45cb2e2305fc5e7db43dd8ed16eeb80f897fef0279da9156b17823
TRAIN_NEG_01521,train,shuffled,5,AC_PWY-6441,AraCyc_Misc,0,0.0,False,142,7686b533881007b551d23a3855e62bc06c6ae8171219b01526421bca7f064740
TRAIN_NEG_01522,train,partial_50_80,17,AC_PWY-5044,AraCyc_Nucleotide,17,1.0,False,142,cc8a4fc0bcc45aa81d82b02f2b7873885c0ca6b2ab9a4f00789a3c2868cf7df4
TRAIN_NEG_01523,train,cross_pathway,31,AC_NONMEVIPP-PWY;ath04148,AraCyc_Misc;KEGG_SignalTrans,31,1.0,False,142,c141905d328a5a87b132a7317a8c87c19292a0ebd5f590ad112b9deeb8ad213e
TRAIN_NEG_01524,train,random_5_30,17,,,0,0.0,False,142,ac5f7bf72158c5fc32f9fdfe80274396afb842259a10c331e929ba76ae02846f
TRAIN_NEG_01525,train,shuffled,15,AC_PWY-5136,AraCyc_Lipid,0,0.0,False,142,27c76249d3861e48e4f9388f1547f88e37d9ceb499b30fea9aac73ae1f201d53
TRAIN_NEG_01526,train,partial_50_80,9,AC_PWY-101,AraCyc_Misc,9,1.0,False,142,5f8a1ec289e5b9c5e1110c3aaa96592adcfc73f9f72633af72523286b6ca798a
TRAIN_NEG_01527,train,cross_pathway,46,AC_PWY-6622;ath04145,AraCyc_Misc;KEGG_SignalTrans,46,1.0,False,142,f04acd35f50767b74497bb7c1039cda12b8f60b273556fc39ddb457fc99c23cf
TRAIN_NEG_01528,train,random_5_30,27,,,0,0.0,False,142,932de5019e87b8ccf6a43730b3199b05f029a27146891d254b0b802be4a5ccdd
TRAIN_NEG_01529,train,shuffled,13,AC_PWY-7140,AraCyc_Misc,0,0.0,False,142,db4659511e7c371c3497adc7469efb9147a1ffd50831339e60c02052cd820bd8
TRAIN_NEG_01530,train,partial_50_80,5,AC_PWY0-1182,AraCyc_Misc,5,1.0,False,142,7b526616391fd5959c4b248a6b036872de4194a977b98e7c5e65265b2ad588b3
TRAIN_NEG_01531,train,cross_pathway,64,ath04814;AC_PWY-5156,KEGG_SignalTrans;AraCyc_Lipid,64,1.0,False,142,1d0f453d144f70b93e6856fba2a8a8b40f43dff5af4138cb33532fdd89733e4e
TRAIN_NEG_01532,train,random_5_30,5,,,0,0.0,False,142,1d664736d36ef678e04ee65a01d3a06e3511b906e58e5b159671736cba91f242
TRAIN_NEG_01533,train,shuffled,21,AC_PWY-6596,AraCyc_Nucleotide,0,0.0,False,142,ac1b4c4c17ccde11bce153b58b313687b88d64aea23bbe2bc1cd6380fcf0777a
TRAIN_NEG_01534,train,partial_50_80,3,AC_PWY-6936,AraCyc_AminoAcid,3,1.0,False,142,93657935e23dc61894f1fc8666a0d438050928020e7781c5fbf16dd39424981c
TRAIN_NEG_01535,train,cross_pathway,10,AC_PWY-7356;AC_PWY-4081,AraCyc_Cofactor;AraCyc_Misc,10,1.0,False,142,b565a736d39092bd3cfebb9d402d4d33151b4236fbe250919568c7e95b34dbd8
TRAIN_NEG_01536,train,random_5_30,25,,,0,0.0,False,142,b4ca2da7af3c2c42a74727ce6caff1bfce0b852d07edb8bc1a380c8f177f062e
TRAIN_NEG_01537,train,shuffled,9,AC_THISYNARA-PWY,AraCyc_Cofactor,0,0.0,False,142,a4da1462e27bfabd62808638b1ab9ec6cabe0d76cbced52b6e211ccd41d600d2
TRAIN_NEG_01538,train,partial_50_80,23,ath00908,KEGG_Cellular,23,1.0,False,142,b5d74e6f4576ae1663373b340607600e0e46e2545b01fc4201ff7d0c0217236a
TRAIN_NEG_01539,train,cross_pathway,10,AC_PWY-3561;AC_GLUTORN-PWY,AraCyc_Misc;AraCyc_Misc,10,1.0,True,142,63a952f5bd5c7e3b5485f9bfc46a25b4e2121d8f92064a5f522701adc4457882
TRAIN_NEG_01540,train,random_5_30,26,,,0,0.0,False,142,b4676be73ec5da2dda49752b8943076192e1b47572008a37434b0adad3a182dd
TRAIN_NEG_01541,train,shuffled,26,AC_PENTOSE-P-PWY,AraCyc_Misc,0,0.0,False,142,6cd37ffa85360248634a0e510956ec366bcf57ce862e16520cdc783b9ddc3df2
TRAIN_NEG_01542,train,partial_50_80,5,AC_PWY-5098,AraCyc_Misc,5,1.0,False,142,883557df2d436df1980c5eba2054bf4afc8eb0b4c884eeae9a0c12c69bff4b25
TRAIN_NEG_01543,train,cross_pathway,10,ath00261;AC_PWY-5366,KEGG_Cellular;AraCyc_Misc,10,1.0,False,142,976d63a8e2e99005e2a76de14d68589743b8dee44e3d23355be16c58b36cf1fc
TRAIN_NEG_01544,train,random_5_30,15,,,0,0.0,False,142,8b4027efbe4411428dc1f3d62f05820353c2cf49d085381142dbec5f772bb3de
TRAIN_NEG_01545,train,shuffled,10,AC_PWY0-461,AraCyc_AminoAcid,0,0.0,False,142,86a8d008f28b154ce4434de9630059406976cc19fcb21fd94043c7620a9d66a7
TRAIN_NEG_01546,train,partial_50_80,19,AC_PWY-724,AraCyc_AminoAcid,19,1.0,False,142,dd5f0d7ab6bd436ee2ce0b81bd8cd3808dcbac6c5944570066ef3556badf69be
TRAIN_NEG_01547,train,cross_pathway,46,ath01232;AC_PWY-2463,KEGG_Cellular;AraCyc_Misc,46,1.0,False,142,36385d09f703ae1e569e5589134983a060be32a94e2cde62be54bd781fccb298
TRAIN_NEG_01548,train,random_5_30,27,,,0,0.0,False,142,60506da7ad2ebd3be75da0961726f482e2a6dcfa02e51f72cae75643e79ae2de
TRAIN_NEG_01549,train,shuffled,13,AC_PWY-7140,AraCyc_Misc,0,0.0,False,142,62ed7bc3f4ff69b2acc147bf17b5fa6aed39df7e56351c5d79d21e71d58d9776
TRAIN_NEG_01550,train,partial_50_80,4,AC_PWY-5837,AraCyc_Misc,4,1.0,False,142,0817207abdb18ab105d6b863b5894e3bc885063cd144ea5aac81f2806bc5935f
TRAIN_NEG_01551,train,cross_pathway,11,AC_THISYNARA-PWY;AC_PWY-5267,AraCyc_Cofactor;AraCyc_Misc,11,1.0,False,142,890c680ecb9effbc1c09e66ebb97c3ab1c3cb092ce1eb52712801d93493eca08
TRAIN_NEG_01552,train,random_5_30,11,,,0,0.0,False,142,65bfbf2f1fd8138dd4c74a9201d4660421ca2b5ad25f6a2475fb5751cbd8a622
TRAIN_NEG_01553,train,shuffled,15,AC_PWY-7193,AraCyc_Nucleotide,0,0.0,False,142,bb83771902780ab006907dbab54ff0422e0a9eccbf86bc3d47e7e4ec6d1e58b6
TRAIN_NEG_01554,train,partial_50_80,18,AC_PWY-8279,AraCyc_Misc,18,1.0,False,142,17d7a3a2af71f4d2a3ef875a309202deec0c02de299dbf9f25c91ca37ded6089
TRAIN_NEG_01555,train,cross_pathway,11,AC_PWY-5386;AC_GLUCOSE1PMETAB-PWY,AraCyc_Misc;AraCyc_Carbohydrate,11,1.0,False,142,ddf4e70199088d023f6d28ef11adc96a12a5fd24fcde090c4f3654c386460398
TRAIN_NEG_01556,train,random_5_30,13,,,0,0.0,False,142,172b66f69464b33fa7c6e7aa196bf0278ff520c2646a5ab346ca422d68b35b83
TRAIN_NEG_01557,train,shuffled,11,AC_PWY-3561,AraCyc_Misc,0,0.0,False,142,f1a15aaff1887164c4429e9f424836d493799024192bef214ab090b373b2d49b
TRAIN_NEG_01558,train,partial_50_80,3,AC_PWY-401,AraCyc_Lipid,3,1.0,False,142,0a86515ed8b8e90d1eb60558cfbdccd5a5e440ad9512fa770cc1e185ac7706e4
TRAIN_NEG_01559,train,cross_pathway,38,AC_PWY-6219;ath00020,AraCyc_Misc;KEGG_Cellular,38,1.0,False,142,15171a1da071e3ae64a25ab6c4e30be5aa589ca44df0a926593b82dc28111f55
TRAIN_NEG_01560,train,random_5_30,17,,,0,0.0,False,142,6953c128283f432b70a5ef1f69dfeb02e2e2b60a41724693e8fbb93dd9bda6ac
TRAIN_NEG_01561,train,shuffled,6,AC_PWY-7909,AraCyc_Misc,0,0.0,False,142,9eeecfc085340fc2829953709143db364b4cee3532fcb547636f5a93e839b02c
TRAIN_NEG_01562,train,partial_50_80,9,AC_PWY-7208,AraCyc_Nucleotide,9,1.0,False,142,bcb477aca5286a2de40ddf66a2387198b90c3587df29de37bd347e7273eb0672
TRAIN_NEG_01563,train,cross_pathway,75,ath03018;ath00785,KEGG_GeneticInfo;KEGG_Cellular,75,1.0,False,142,12f0c955b1171f0691ab4e649d82cf6adece7d44c3be90277c8060312389f755
TRAIN_NEG_01564,train,random_5_30,20,,,0,0.0,False,142,85e627d549d5a41962d4300198f6d8684d3e7c6d9e27c444efc8e7a84dd8ea52
TRAIN_NEG_01565,train,shuffled,15,AC_PWY-282,AraCyc_Lipid,0,0.0,False,142,ea3f5f304209f2e1a9e0ee46123b91aef652e9e00956e6191e7274b226fa1cb4
TRAIN_NEG_01566,train,partial_50_80,13,ath00941,KEGG_Cellular,13,1.0,False,142,1f26ae08a42754d40ff46b70b73a43a0b8cf4a4df8dd30897c8533e022cd8e82
TRAIN_NEG_01567,train,cross_pathway,31,AC_ILEUDEG-PWY;AC_PWY-5484,AraCyc_Misc;AraCyc_Misc,31,1.0,True,142,1afad1a7730b52dcf65faad0c9f594118b420c546d6ce8e0aab8a39134dd94d5
TRAIN_NEG_01568,train,random_5_30,24,,,0,0.0,False,142,67878e5b04aac78a19ae7159bffc97d191b8fba2bbae8aa403c5c9719e89a0c8
TRAIN_NEG_01569,train,shuffled,8,AC_PWY-3041,AraCyc_Misc,0,0.0,False,142,a96998e3a99ff85911cf7a238064443afaa1d1ed63908f84882d6fa9a4c0d05a
TRAIN_NEG_01570,train,partial_50_80,11,AC_ASPASN-ARA-PWY,AraCyc_Misc,11,1.0,False,142,1904d2af3db8d12a1df46d060ba28000d5518bb24ed8c8f69202a2b4a151ad56
TRAIN_NEG_01571,train,cross_pathway,64,AC_GLYSYN2-PWY;ath03015,AraCyc_Misc;KEGG_GeneticInfo,64,1.0,False,142,e7eb07c89a505d936825dd5023093b138d20dd9b1a294c35d415f68e697a8aa1
TRAIN_NEG_01572,train,random_5_30,21,,,0,0.0,False,142,42c14462f90fb683d65ab0cd865212f9ce32f4327e1a33afad52caf7801e7a52
TRAIN_NEG_01573,train,shuffled,15,AC_PWY-6612,AraCyc_Cofactor,0,0.0,False,142,057c56786af1640da5865342a570111483d23543c974b71ba8d889b07361573d
TRAIN_NEG_01574,train,partial_50_80,8,ath00566,KEGG_Lipid,8,1.0,False,142,26e6041c25a54b2237b12734a2b0a6050e85e4d62c15bba7b859b23fbfe52aba
TRAIN_NEG_01575,train,cross_pathway,20,AC_PWY-3841;AC_PWY-8363,AraCyc_Cofactor;AraCyc_Misc,20,1.0,False,142,f776d7574b54af60f0c10799d1dad9ecc56478b27f5146262327db17daaf048f
TRAIN_NEG_01576,train,random_5_30,13,,,0,0.0,False,142,99bc30d6606acd9b192e80013dc82eff3c24bc94e15c6ef2ea3605a48a5f6dea
TRAIN_NEG_01577,train,shuffled,10,AC_PWY-7343,AraCyc_Carbohydrate,0,0.0,False,142,831474169578f80d3c988a7b0c873e0f16e5422bc446c34a8baa5929bd7eae81
TRAIN_NEG_01578,train,partial_50_80,16,AC_PWYQT-4429,AraCyc_Misc,16,1.0,False,142,475e7e1342ef5961da61dc2c77e2b6eadd37612fd6d01e879b10b1a21a7155e4
TRAIN_NEG_01579,train,cross_pathway,7,AC_PWY-6527;AC_PWY-8142,AraCyc_Misc;AraCyc_Misc,7,1.0,True,142,b67f4916fc4e4f446b4586e2409ed63e29f708ee330e3bca14d5dae21db78aa1
TRAIN_NEG_01580,train,random_5_30,6,,,0,0.0,False,142,49389bd4f8f0c3e4ffb84085587587bd8f9d65595e5e4e9be1487bda5a5f6590
TRAIN_NEG_01581,train,shuffled,6,AC_PWY-5068,AraCyc_Misc,0,0.0,False,142,3ca8581bfe4672c4c63475b79963c835642d4a9086d953af13e4c1e220fd8b5c
TRAIN_NEG_01582,train,partial_50_80,10,AC_PWY-6927,AraCyc_Misc,10,1.0,False,142,d94dec373d84939879ee0a58d2b6b362cfe25060e4de9fe485cde6d134075ab4
TRAIN_NEG_01583,train,cross_pathway,16,AC_PWY-5272;AC_PWY-6115,AraCyc_Misc;AraCyc_Misc,16,1.0,True,142,062fc90d15a82ff1c732ff40a365d9b452a3dd9f9058fd7d9a0c6826e380a158
TRAIN_NEG_01584,train,random_5_30,30,,,0,0.0,False,142,471e162965e6030db3107213b77a74d193b146354ebf6f021f095452a8a94161
TRAIN_NEG_01585,train,shuffled,7,AC_PWY-8395,AraCyc_Misc,0,0.0,False,142,f67d9da4871b884c5a46134f33a0e6ad2de70fa6956b8ee6db5be5c2895c1caa
TRAIN_NEG_01586,train,partial_50_80,4,AC_PWY-882,AraCyc_Misc,4,1.0,False,142,0393abd590337233b77cff57061e07e9c78fd2fb276ae11fc6f0a6d376373637
TRAIN_NEG_01587,train,cross_pathway,13,AC_PWY-4765;AC_PWY-4221ARA,AraCyc_Lipid;AraCyc_Misc,13,1.0,False,142,6067215c8c60fcddae70993dc2b4d14439b2657ed7c4dcfa231622e526963ebd
TRAIN_NEG_01588,train,random_5_30,10,,,0,0.0,False,142,6e062e4150a8c6a93708511da2e1c9a36019d0b6c770246406f2d9f75c430866
TRAIN_NEG_01589,train,shuffled,32,ath00790,KEGG_Cellular,0,0.0,False,142,27af93d161397674cf0960854723bba8e36be1655e9bd1347761d133b156f5c5
TRAIN_NEG_01590,train,partial_50_80,11,AC_PWY-282,AraCyc_Lipid,11,1.0,False,142,08f1061c9684d5b5c938f3d189f09cf8a0fc9b5673bf873de5cdc55a78cde140
TRAIN_NEG_01591,train,cross_pathway,20,AC_PWY-7219;AC_PWY-5083,AraCyc_Nucleotide;AraCyc_Misc,20,1.0,False,142,e2c80a14a6904749c196768890f3e27710e860694fdbdf2e9098f7f8aaacbb3a
TRAIN_NEG_01592,train,random_5_30,17,,,0,0.0,False,142,98c96e7fda2bf473d191d846f6073c725f99537f61c8157e14d59297941cbe14
TRAIN_NEG_01593,train,shuffled,8,AC_PWY-5070,AraCyc_Misc,0,0.0,False,142,f07b4f26e3793bedeb6b690a76d8a4c955bfeedef556ada179430571ff58553f
TRAIN_NEG_01594,train,partial_50_80,6,AC_POLYAMINSYN3-PWY,AraCyc_Misc,6,1.0,False,142,fba7bfa2a867c3744f2938bc5f68dfa66dc54c18ecceda3a714e89ced69bbc8c
TRAIN_NEG_01595,train,cross_pathway,35,ath04130;AC_PWY-7208,KEGG_SignalTrans;AraCyc_Nucleotide,35,1.0,False,142,e6797c7fcc18bae9eb9ff33f805fbd4656d40b470fc7dd941792b43392481fef
TRAIN_NEG_01596,train,random_5_30,25,,,0,0.0,False,142,320d8daa580cbb59fc4b3d1aa5b9cb1d24c1cf1e6c65c9eb552ebf7be1f39fdb
TRAIN_NEG_01597,train,shuffled,13,AC_PWY-7980,AraCyc_Misc,0,0.0,False,142,d5a4358c0c83c82bc7f562fa58f38c64568209cdf53ec4756668436ee4bd5f69
TRAIN_NEG_01598,train,partial_50_80,5,AC_PWY-6012,AraCyc_Misc,5,1.0,False,142,766365de46537ae8689d3ce5a0aa025ca4180347c4e8185a6b4590d220d2a201
TRAIN_NEG_01599,train,cross_pathway,11,AC_PWY-695;AC_GLUCOSE1PMETAB-PWY,AraCyc_Misc;AraCyc_Carbohydrate,11,1.0,False,142,af0fa96bba2fe692bd9f6dd7f642d070e355e2cb962cacaced0b75be38295de6
TRAIN_NEG_01600,train,random_5_30,21,,,0,0.0,False,142,a984ae123d6684a7c0b100d13b0cedf35e0dfc7700ea803ba0c871bb0ef6ef53
TRAIN_NEG_01601,train,shuffled,9,ath00945,KEGG_Cellular,0,0.0,False,142,a5cc668fd016b98efbb66c3cc0b17fafecf689c89d51e0aa433cf1beb4e0c72d
TRAIN_NEG_01602,train,partial_50_80,10,AC_PWY-282,AraCyc_Lipid,10,1.0,False,142,602953564eb9ffca83d7ea97bfa04d10397239a9e97f0909f58063504720d6cd
TRAIN_NEG_01603,train,cross_pathway,23,AC_PWY-5136;AC_COMPLETE-ARO-ARA-PWY,AraCyc_Lipid;AraCyc_AminoAcid,23,1.0,False,142,2d8be0587a315a42a323c3936e81b7e185e2c78eea748c30e9602809a21fdd9b
TRAIN_NEG_01604,train,random_5_30,18,,,0,0.0,False,142,ac49d38abc6c6e414e7b73002c24cdff7abf8970174ed3ab75aa723108a29544
TRAIN_NEG_01605,train,shuffled,10,AC_PWY-7343,AraCyc_Carbohydrate,0,0.0,False,142,bebb386ccdff80799c76a34d34df9f1f0b7fa43ba2558cb26658e212e663a61f
TRAIN_NEG_01606,train,partial_50_80,7,AC_HISTSYN-PWY,AraCyc_Misc,7,1.0,False,142,608ec06f57bd4cc39de2f8e2d76bccd0b2de9a22bde30b66e53ade5df066ac5a
TRAIN_NEG_01607,train,cross_pathway,16,AC_PWY-4841;AC_PWY-1061,AraCyc_Misc;AraCyc_Misc,16,1.0,True,142,c23442bc67929d7b73ae278f6e1cc0fd3a58904e7ba44922aa1928076397d4e7
TRAIN_NEG_01608,train,random_5_30,18,,,0,0.0,False,142,911c6cfdf3c563b3f4b8e2c595713e1c5b6f6688f5f9d0f513d9c49db03b09cc
TRAIN_NEG_01609,train,shuffled,6,AC_PWY-5886,AraCyc_Misc,0,0.0,False,142,064c754380409ec05c4ae2437a904de0aeb36f64c3789f1152a47bd08e43e1d5
TRAIN_NEG_01610,train,partial_50_80,17,AC_PWY-6549,AraCyc_Misc,17,1.0,False,142,6eb7d4e2e9bab50464467b5bf60e796184f304e384610396e0018dd9acef5061
TRAIN_NEG_01611,train,cross_pathway,39,ath04712;AC_PWY-321,KEGG_SignalTrans;AraCyc_Misc,39,1.0,False,142,64c372c544f06240c4630d5bd1344423bab61ada3652395ae167c00ef4acb9d1
TRAIN_NEG_01612,train,random_5_30,27,,,0,0.0,False,142,0ea1dc12b5ae98d543b6ae913b4a2f95b32c1513ca1017dae7e15e5800b0a7ed
TRAIN_NEG_01613,train,shuffled,7,AC_PWY3O-450,AraCyc_Misc,0,0.0,False,142,77154faafc4554134c8d00cb65b38199878a73f47369c177ea1c8ad751e4bb3c
TRAIN_NEG_01614,train,partial_50_80,3,AC_PWY-6622,AraCyc_Misc,3,1.0,False,142,9092f51efde2e3d6e4a75ce3e8e7725d140febd07cf15266d2dec07833a50393
TRAIN_NEG_01615,train,cross_pathway,17,ath05100;AC_PWY-5046,KEGG_Environmental;AraCyc_Misc,17,1.0,False,142,98fc54a531acd520134ef65f78ed44245c0b863a79ceff1fec183440ed05836d
TRAIN_NEG_01616,train,random_5_30,12,,,0,0.0,False,142,c866a85168cbb82fce26295dd63ed3eb623546cf7fa92de688e011fc2a13a13e
TRAIN_NEG_01617,train,shuffled,114,ath03018,KEGG_GeneticInfo,0,0.0,False,142,2075c6a3fc40680ecfc39a0a9ef58cb3d330fa7eafb41dfa89658abcaf1b50e3
TRAIN_NEG_01618,train,partial_50_80,3,AC_PWY-5486,AraCyc_Misc,3,1.0,False,142,8e9b5a4dd878700bce67448890f9d846c086baec48431faa720589f7932b210f
TRAIN_NEG_01619,train,cross_pathway,55,AC_LIPASYN-PWY;ath00510,AraCyc_Misc;KEGG_Lipid,55,1.0,False,142,43780e4f09f279797b0cc54db9b0678d6088c341f75ca6f7a9c2a05cf75bf7df
TRAIN_NEG_01620,train,random_5_30,22,,,0,0.0,False,142,8e87eeaf5c38c0883f24faab0001d1538a6a07920125701acdd28c2a5597717a
TRAIN_NEG_01621,train,shuffled,5,AC_PWY-5137,AraCyc_Lipid,0,0.0,False,142,1bd8bf6f8cc06cf2abeadeff27bbf1f35fcc91dc85c306eca9ed892714d157a9
TRAIN_NEG_01622,train,partial_50_80,5,AC_PWY-6556,AraCyc_Nucleotide,5,1.0,False,142,4913f4205f9663a2bed763a3a7a82c5ffe756b9a52abf0c5c328492cc3920dbb
TRAIN_NEG_01623,train,cross_pathway,69,AC_PWY-6051;ath00940,AraCyc_Misc;KEGG_Cellular,69,1.0,False,142,e967cf84bf665ee613af0bb682ba5a4a157d501a0be547a0ed59197cca00b40e
TRAIN_NEG_01624,train,random_5_30,10,,,0,0.0,False,142,729c03b7a73f09212b535fed7711d459e005f35a051f05aede626e09fb2f4b43
TRAIN_NEG_01625,train,shuffled,10,AC_TYRFUMCAT-PWY,AraCyc_Misc,0,0.0,False,142,d1c0db7ab7bb37b463b39683686a42a07fd9139c95db09490066cfce6e07894b
TRAIN_NEG_01626,train,partial_50_80,3,ath00901,KEGG_Cellular,3,1.0,False,142,e45392c9fd57ca02ea44ee80b65316b8bf639a7fb47092945344f0687f92c153
TRAIN_NEG_01627,train,cross_pathway,19,AC_PWY-5807;ath00790,AraCyc_Misc;KEGG_Cellular,19,1.0,False,142,e571cd4ea379bf30c8c9576189c1afc1a085dc9206b3a8c376dec9b599b124b8
TRAIN_NEG_01628,train,random_5_30,8,,,0,0.0,False,142,e3fe31d33fd144a493d2e6e5e4dca32a1a72aae80e18dba316714cf5f100cc55
TRAIN_NEG_01629,train,shuffled,28,AC_PWY-6039,AraCyc_Misc,0,0.0,False,142,4e6207fdd7bc284892aa8440bab5ed6f522f82e3f4ee95275c71c0a35f6bc3c7
TRAIN_NEG_01630,train,partial_50_80,26,AC_PWY-581,AraCyc_Misc,26,1.0,False,142,10e653584a3812fbd0825fd10322505b38eabd809af8ade76fa32338330f7413
TRAIN_NEG_01631,train,cross_pathway,14,AC_PWY-5173;AC_PWY-702,AraCyc_Misc;AraCyc_AminoAcid,14,1.0,False,142,5ea355a48d78e8991df4e44e3809a1dce4e6eaef548efc7c09aed428f3c9a027
TRAIN_NEG_01632,train,random_5_30,17,,,0,0.0,False,142,789f24b6a0ae066c1f3b98189e7415bcc9eac7ff98320c17ccfd815b63c856bc
TRAIN_NEG_01633,train,shuffled,35,AC_PWY-3801,AraCyc_Carbohydrate,0,0.0,False,142,26ff4e33ff9a0ed7b50e11f240cde8b8c9cbb257a6f641249b2b81a9c7e19fb5
TRAIN_NEG_01634,train,partial_50_80,4,ath00660,KEGG_Cellular,4,1.0,False,142,3f05afd0ca13bfebcae814c85067700d472567adbb9c5630155a27f52c880c4c
TRAIN_NEG_01635,train,cross_pathway,18,ath03450;AC_PWY-621,KEGG_GeneticInfo;AraCyc_Carbohydrate,18,1.0,False,142,8dd72b09495f58c854e311eb377301abe54ca4bf54735d3ed9adfedcc2d95825
TRAIN_NEG_01636,train,random_5_30,30,,,0,0.0,False,142,070f6c30dd882c5e4dc0f3138f4d01ffb9a0bd3e48294e1b8ff65b4b16012811
TRAIN_NEG_01637,train,shuffled,97,ath00620,KEGG_Cellular,0,0.0,False,142,636581c9c8541c56b7efc38eb61aab7b133427f59fe0bc2810586f79c7371bd0
TRAIN_NEG_01638,train,partial_50_80,9,AC_PWY-4821,AraCyc_Misc,9,1.0,False,142,969b1683f55b64b3b69f21c5391a4f59a0050ca6f7bfceb350649a743f9a2349
TRAIN_NEG_01639,train,cross_pathway,15,AC_ASPARTATE-DEG1-PWY;AC_PWY-5381,AraCyc_Misc;AraCyc_Misc,15,1.0,True,142,d664531ed595ea9227811d0eb821b70b9381af43fbf055988f78c7a0a03857f7
TRAIN_NEG_01640,train,random_5_30,26,,,0,0.0,False,142,b054e3afcc1f036694e18d5080682ed81cb9d3f0f0ae6bf1c40f906922cf2783
TRAIN_NEG_01641,train,shuffled,32,ath03430,KEGG_GeneticInfo,0,0.0,False,142,c1445c7e030b3480d859d70ac7397f4c2077abf68ae30a53be439556caffb66c
TRAIN_NEG_01642,train,partial_50_80,24,AC_PWYQT-4475,AraCyc_AminoAcid,24,1.0,False,142,b884db0f13e30ad519dd6a0057409cae588660d970d173e031c7fdccb03d5eec
TRAIN_NEG_01643,train,cross_pathway,26,ath00062;AC_PWY-6691,KEGG_Lipid;AraCyc_Misc,26,1.0,False,142,d75100edb0e58859f4909597d245c5f9f953d2804b6fb0e4673afe0c84e54c70
TRAIN_NEG_01644,train,random_5_30,5,,,0,0.0,False,142,7b770c320ee7e120e463d33dc58d6d2242f67ec54d3f84f3113d469005dc3338
TRAIN_NEG_01645,train,shuffled,223,ath04141,KEGG_SignalTrans,2,0.008968609865470852,False,142,04d96b3d97fe08df3d216a1b5c0545a8ba055c75e64a6af2d6fd0fbcb555faac
TRAIN_NEG_01646,train,partial_50_80,16,AC_PWY-7039,AraCyc_Misc,16,1.0,False,142,e8c55d5684384d2b406a25b6e5674888cced6765fb1a55aa44d1e65443df417f
TRAIN_NEG_01647,train,cross_pathway,69,AC_PWY0-1182;ath00940,AraCyc_Misc;KEGG_Cellular,69,1.0,False,142,f145e68f6f21afbf49611bc7f32ef4e5f7172bbaa4e10c861f900366c00f39fb
TRAIN_NEG_01648,train,random_5_30,28,,,0,0.0,False,142,6047b7ac19f3f15a8ce966cbd9ef2c142a7a4e2a5b4fd94da415f0945efd34c9
TRAIN_NEG_01649,train,shuffled,12,AC_PWY-7177,AraCyc_Misc,0,0.0,False,142,95e2c25da5a41df168a76b4f87eb30646c6cdcca35c94143b73aa479165f36ee
TRAIN_NEG_01650,train,partial_50_80,3,AC_ILE-VAL-PWY,AraCyc_Misc,3,1.0,False,142,c626ed220100912433a50764c213e5dbd84b8bfca7f0a7bf3c1f2d36dd0a7ed9
TRAIN_NEG_01651,train,cross_pathway,5,AC_PWY-6364;AC_PWY-882,AraCyc_Misc;AraCyc_Misc,5,1.0,True,142,a862b5a76b2928b30c292443f4bb9c35e070a5f7f51a3a7473b1bab7e55b3394
TRAIN_NEG_01652,train,random_5_30,22,,,0,0.0,False,142,94b7c010e0c83ff3dabaa65bffd1dd01f3acd674f99585302ab066c259f4b7bb
TRAIN_NEG_01653,train,shuffled,90,ath04146,KEGG_SignalTrans,0,0.0,False,142,2a69d08db00aea2e3a7f8aef8740b226c90b9bddaa659da5b4f2ecc1a89172af
TRAIN_NEG_01654,train,partial_50_80,80,ath04016,KEGG_SignalTrans,80,1.0,False,142,6857fb19f2ca7761e8c154bafd9114d63b247aca74fe22b11013945275a53a75
TRAIN_NEG_01655,train,cross_pathway,18,ath00790;AC_PWY-7546,KEGG_Cellular;AraCyc_Misc,18,1.0,False,142,b3f64f4eccdb87d46bb57668ad71498212e1c3422caf0a4b475cbef3f970d30c
TRAIN_NEG_01656,train,random_5_30,6,,,0,0.0,False,142,4dbb36ad0bc948817d80594d2eabe6fab197f572272c10dd605eb2f4faf452a4
TRAIN_NEG_01657,train,shuffled,12,AC_PWY-4765,AraCyc_Lipid,0,0.0,False,142,610528d7729f59a726eb7da5e7c327e57ae959a77bf37d0e58c59339a9fe3d13
TRAIN_NEG_01658,train,partial_50_80,32,ath00071,KEGG_Lipid,32,1.0,False,142,f93aed860e25c57defc79e98baecb7b7930a6df18a5d84428e511b4fc53f2938
TRAIN_NEG_01659,train,cross_pathway,7,AC_DETOX1-PWY;AC_PWY-5486,AraCyc_Misc;AraCyc_Misc,7,1.0,True,142,7e3f249f71be063e0169987c0ab707795e003328ca59a587d0b108f54bcd25ff
TRAIN_NEG_01660,train,random_5_30,7,,,0,0.0,False,142,456186b4962637694282cb73c742813bc9029edb00245024034e9d6051855def
TRAIN_NEG_01661,train,shuffled,7,AC_PWY1ZNC-1,AraCyc_Misc,0,0.0,False,142,b0f5361afc36efdb3224740ef54c0e1f41995dd6273b4a8f20851be8e3226da9
TRAIN_NEG_01662,train,partial_50_80,6,AC_HISTSYN-PWY,AraCyc_Misc,6,1.0,False,142,091b54d79626a1216d9b55afd88ed0d0101fb66e86955ff745b711dce0a19d8d
TRAIN_NEG_01663,train,cross_pathway,23,AC_HISTSYN-PWY;ath00960,AraCyc_Misc;KEGG_Cellular,23,1.0,False,142,82570945364034b6a45d424c6b7494b8b3ceb5de007bb82527f294e4ec8c161f
TRAIN_NEG_01664,train,random_5_30,10,,,0,0.0,False,142,c7497c20f1d725822afdf84a70a7cb27ac1aac8d02b157b8bd6dc8b406fdd906
TRAIN_NEG_01665,train,shuffled,17,AC_PWY-5129,AraCyc_Lipid,0,0.0,False,142,0dbc4b9eeda569a806cc1a45de5c2cb7cc62ab972839567ef263d6c170e615aa
TRAIN_NEG_01666,train,partial_50_80,21,AC_PWY-724,AraCyc_AminoAcid,21,1.0,False,142,34d206a5e58307112cf8d6fd77fe848674710685d32ce4cd33f8f8f490e386ce
TRAIN_NEG_01667,train,cross_pathway,8,AC_PWY-8395;AC_PWY-7417,AraCyc_Misc;AraCyc_Lipid,8,1.0,False,142,e7279b51771f3a7b9e513ae4697079d0f258efb016c38bf6ae5a890574be26b1
TRAIN_NEG_01668,train,random_5_30,21,,,0,0.0,False,142,aa493b2405c46316760be358c9c186367b37f2f9d0cfe02649ce3d917da930f4
TRAIN_NEG_01669,train,shuffled,11,AC_PWY-5386,AraCyc_Misc,0,0.0,False,142,34d14bd81ba7c4e07226641212509b8841e0f6893b4d611e752bf84d711c9ce7
TRAIN_NEG_01670,train,partial_50_80,7,AC_PWY1F-823,AraCyc_Misc,7,1.0,False,142,076dbd1bde0a8b96820866cf26f97e617a5cd4d43264fed72fd72434bcd49fae
TRAIN_NEG_01671,train,cross_pathway,11,AC_PWY-5123;AC_PWY-1722,AraCyc_Misc;AraCyc_Cofactor,11,1.0,False,142,1156de7f652151c42a287b52f6e1cc9ee006704d9d202a594b543a266006b0fd
TRAIN_NEG_01672,train,random_5_30,24,,,0,0.0,False,142,271d2501e046a0a8223fa10a966aebead3aa127ac1d96b81a44fc722cdfbe068
TRAIN_NEG_01673,train,shuffled,9,AC_PWY-6303,AraCyc_Misc,0,0.0,False,142,61e05402664616b89a37eed19b671b67a981a539e5623b2254c9fb1dd718fae5
TRAIN_NEG_01674,train,partial_50_80,3,AC_PWY-7851,AraCyc_Misc,3,1.0,False,142,0d2a763748326d653efdb33e1caaaf47c2f7ceb58c6b755467c7232833341286
TRAIN_NEG_01675,train,cross_pathway,24,AC_PWY-2463;AC_PWY-6733,AraCyc_Misc;AraCyc_Misc,24,1.0,True,142,203d071164e1a3863bb8af87d7962f5583085f47e9cc29f10a05cf1fc5e9f627
TRAIN_NEG_01676,train,random_5_30,11,,,0,0.0,False,142,7260b70748a78adf5db6963f54eeb893a6f4e055dcea12044f7f1ffbd72a1c09
TRAIN_NEG_01677,train,shuffled,11,AC_DETOX1-PWY,AraCyc_Misc,0,0.0,False,142,2a8ca8ade6a17dfaf5ebc825a4ea0de34449a6396e2b6ed6fcfd4748d544b2de
TRAIN_NEG_01678,train,partial_50_80,122,ath04120,KEGG_SignalTrans,122,1.0,False,142,458685412b67f8d50870b1feb263ffd6d58ae1c2b2ae799372135256a36f157a
TRAIN_NEG_01679,train,cross_pathway,11,AC_FASYN-ELONG-PWY;AC_HEME-BIOSYNTHESIS-II,AraCyc_Lipid;AraCyc_Misc,11,1.0,False,142,817420b4322d43122f88bf0d56d2432149ed079c8b3bffb2e63e69cb60de77ec
TRAIN_NEG_01680,train,random_5_30,17,,,0,0.0,False,142,753ebde37e3e8a12e363a084b6c6e05fa5611bf0829509598b9711b03d0b1df5
TRAIN_NEG_01681,train,shuffled,15,AC_PWY-6612,AraCyc_Cofactor,0,0.0,False,142,0c92d7b766adb192508f4cb3ff13c3f55c0d4e48ee8bf6fe8f8cb1401a031350
TRAIN_NEG_01682,train,partial_50_80,4,AC_GLYSYN-PWY,AraCyc_Misc,4,1.0,False,142,53e3205de06fe1f6ce51ec6dfde857f2f0fd9a8c162b60f1187d9dc1e4d28c07
TRAIN_NEG_01683,train,cross_pathway,11,AC_PWY-5267;AC_PWY-5670,AraCyc_Misc;AraCyc_Misc,11,1.0,True,142,d4fd75b6a76db7e41cb18ce8396828bb1ff1c8a5e8f499f3f8f2e491826dca12
TRAIN_NEG_01684,train,random_5_30,14,,,0,0.0,False,142,347fe190aba05943e1cc4e4408ba87b4c0b1bb91647bb1fe103a258b6116534b
TRAIN_NEG_01685,train,shuffled,24,AC_PWY-4221,AraCyc_Misc,0,0.0,False,142,75678cb4edc2718f17aa40d32593ccdf26782109156ca1f1146fb4520a2420f2
TRAIN_NEG_01686,train,partial_50_80,33,AC_PWY-5156,AraCyc_Lipid,33,1.0,False,142,0b60fd89442ba8350cc99335b1e4aabb5b02be213466f399a76969cfaf1b4e5a
TRAIN_NEG_01687,train,cross_pathway,10,AC_ALACAT2-PWY;AC_PWY-4562,AraCyc_Misc;AraCyc_Lipid,10,1.0,False,142,bb13ff9cfa3009a20666ac8f9db8ffe06a4f8f6f67700224f422e460f2dcb01e
TRAIN_NEG_01688,train,random_5_30,13,,,0,0.0,False,142,094ad173d14b6d966062ecd48b9cc40cc74dda9398e9354dec6e2081f66ca0a0
TRAIN_NEG_01689,train,shuffled,6,AC_PWY-882,AraCyc_Misc,0,0.0,False,142,fbf9013540146077fa2d61104a9f57ed751d9647deebe1f635bcf221f8749088
TRAIN_NEG_01690,train,partial_50_80,5,AC_PWY-7634,AraCyc_Misc,5,1.0,False,142,cd10c643055063a16ffaf57512ee15912b7a7b368c5113034f8e9ed2c1440baf
TRAIN_NEG_01691,train,cross_pathway,42,AC_PWY-6612;ath00260,AraCyc_Cofactor;KEGG_Cellular,42,1.0,False,142,f575b2de168e0d90bda01d93ede29c427b9ba9cb09a32de7147372d3f527c18d
TRAIN_NEG_01692,train,random_5_30,13,,,0,0.0,False,142,822459c724633cfe8bb40e1c11493db4d21e500224f47955ce992b04478c4841
TRAIN_NEG_01693,train,shuffled,17,AC_PWY-6606,AraCyc_Nucleotide,0,0.0,False,142,70bc04ae61d40def038ecf0550264728863cee6a8708da2b69626e48e676ed64
TRAIN_NEG_01694,train,partial_50_80,34,AC_GLYCOLYSIS,AraCyc_Carbohydrate,34,1.0,False,142,aa29cdf74cb15cdafe340f6cabd893a35b668b81d993cc9863994b0464e4d6b1
TRAIN_NEG_01695,train,cross_pathway,19,AC_PWY-7196;AC_GLUTORN-PWY,AraCyc_Nucleotide;AraCyc_Misc,19,1.0,False,142,7a7e2aaab20f3147b9e90cfa54ab83077948857e49580410eb74a3b6a7026444
TRAIN_NEG_01696,train,random_5_30,17,,,0,0.0,False,142,a71bc76fe1a59a9e34d7db7c874864311415bc59c32cb1eeb123cd2709c95a70
TRAIN_NEG_01697,train,shuffled,6,AC_PWY-5340,AraCyc_Misc,0,0.0,False,142,c4ae9664ff483ed571fd2ac3732ee956b1bbbdaa351129a4e14291d940605d9a
TRAIN_NEG_01698,train,partial_50_80,17,ath00760,KEGG_Cellular,17,1.0,False,142,bcf77f30649e528b5b89860586a3a618781004ea1f83a0868abd7e40470a0dd1
TRAIN_NEG_01699,train,cross_pathway,58,ath04519;AC_PHOTOALL-PWY,KEGG_SignalTrans;AraCyc_Misc,58,1.0,False,142,c650c432a552f1b6169aac967a3c2a4f8a40138df39e0ce2c3f4764c7dc6957d
TRAIN_NEG_01700,train,random_5_30,24,,,0,0.0,False,142,bb0846ad0e5b32b2a0fa5fd72b0751967d7328adfe58ed0946e1bc2ec13e4191
TRAIN_NEG_01701,train,shuffled,32,ath03430,KEGG_GeneticInfo,0,0.0,False,142,eebfd2d07bc410194d4c16a837e13d6aeb3e91c6c8582047ecb20e48577b6642
TRAIN_NEG_01702,train,partial_50_80,12,AC_PYRUVDEHYD-PWY,AraCyc_Misc,12,1.0,False,142,f9f4d03524d1c4692573391fa1f0295a7978c58622feb3b13c3d3370fd89ffff
TRAIN_NEG_01703,train,cross_pathway,8,AC_PWY-6358;AC_PWY-5366,AraCyc_Misc;AraCyc_Misc,8,1.0,True,142,6992fee5870f8a6c6290042f0e27e180d4a2a069b5af7c8e20787829cb68f8e8
TRAIN_NEG_01704,train,random_5_30,5,,,0,0.0,False,142,0cdc9d3e358d4cf3c0723604461942c6e3ef57fbfa83bd6b1a11fd9d99e1150d
TRAIN_NEG_01705,train,shuffled,223,ath04141,KEGG_SignalTrans,0,0.0,False,142,4239c00fa287acf6c2da180c3c67c81f7bd8b3589569fe7f460d1711ac001156
TRAIN_NEG_01706,train,partial_50_80,39,AC_TRIGLSYN-PWY,AraCyc_Misc,39,1.0,False,142,881ebed452f47e679921a611b383234612996da64a3132612bda55cfc02ea0b0
TRAIN_NEG_01707,train,cross_pathway,6,ath04081;ath00440,KEGG_SignalTrans;KEGG_Cellular,6,1.0,False,142,132ab4f5a67d3aac5c365bc7dd24b3b56bc0cf787fb1940619fefb7b6e77c914
TRAIN_NEG_01708,train,random_5_30,15,,,0,0.0,False,142,d0ea7a943dd3934be8dc2da736bc7b9f2c6f9179a12a631707f13734421664d5
TRAIN_NEG_01709,train,shuffled,12,AC_PWY-4765,AraCyc_Lipid,0,0.0,False,142,88b9c1d9a699aca9e488f5a18f52f9843ccc901f9553d4cf1216c8c8ac6ca408
TRAIN_NEG_01710,train,partial_50_80,4,AC_PWY-401,AraCyc_Lipid,4,1.0,False,142,f614092cb8f22f517c13747a90aec54172867deeb28db3cfd3631f19466ccf3a
TRAIN_NEG_01711,train,cross_pathway,10,ath00514;AC_ALACAT2-PWY,KEGG_Lipid;AraCyc_Misc,10,1.0,False,142,1d7c0b7ad636f8a82930e0dd84d3f6e890b2b744091e8400f31ca4c0efdba946
TRAIN_NEG_01712,train,random_5_30,12,,,0,0.0,False,142,0bdbc0a88649bb7a21d05f9120c6b419fd72fdb1ba330225c8ea32e37051d6db
TRAIN_NEG_01713,train,shuffled,15,AC_FASYN-ELONG-PWY,AraCyc_Lipid,0,0.0,False,142,544a5b3b6d3378a072c47feb4c590392c3bb39bd6f8400a1ad205eb9a36f5898
TRAIN_NEG_01714,train,partial_50_80,3,AC_PYRIDNUCSYN-PWY,AraCyc_Misc,3,1.0,False,142,ab418608e257b067e02086742fe8ae010fb20b632b3d6673d5e89530ecdd95de
TRAIN_NEG_01715,train,cross_pathway,8,AC_PWY-5340;AC_PWY-6115,AraCyc_Misc;AraCyc_Misc,8,1.0,True,142,e7b0cf4807c480d78c276b49ad95cee2ab46785c377431f8edc6e94f107593c1
TRAIN_NEG_01716,train,random_5_30,28,,,0,0.0,False,142,36e9d885417daa4def529fd326ffce10c7b1fe05e99bc8fce354b293b41131b6
TRAIN_NEG_01717,train,shuffled,6,AC_PWY-5340,AraCyc_Misc,0,0.0,False,142,bfa846d0731d7fedef1fa11a015eab429966b31d2be13796321a30db078baa19
TRAIN_NEG_01718,train,partial_50_80,5,AC_PWY-6358,AraCyc_Misc,5,1.0,False,142,601a82384a5f23b2442463033bb8469605b463393f51c0abdae567b2a9967c79
TRAIN_NEG_01719,train,cross_pathway,7,AC_PWY-7851;AC_GLUTORN-PWY,AraCyc_Misc;AraCyc_Misc,7,1.0,True,142,92c3f87dfee593b59234aded41023f7cd174b5c3fadfa90800458ec0a5a2f3d8
TEST_NEG_00000,test,random_5_30,15,,,0,0.0,False,242,7033e8965d4865520e5ef0cfe09e8bbfe8aef79e5ba63e0f69bd4201d68566bf
TEST_NEG_00001,test,shuffled,62,ath00051,KEGG_Cellular,0,0.0,False,242,a40f16c3a31786eed0722779cf7038e35f238f59d480c97118bc40ec2346b623
TEST_NEG_00002,test,partial_50_80,3,AC_PWY-7995,AraCyc_Misc,3,1.0,False,242,73634cf9a3cb4b235ad74522b32f0648d6b9cf87d15e73fbbe950ad60871bc35
TEST_NEG_00003,test,cross_pathway,14,AC_PWY-5973;AC_PWYQT-94,AraCyc_Misc;AraCyc_Misc,14,1.0,True,242,3d0a407be2a81b79554126b014e112775fead973134b0e601ea55ca19241d842
TEST_NEG_00004,test,random_5_30,27,,,0,0.0,False,242,52aa4b6f104589d45d4438a7002f5fd04b536fae441cc7a532bbde0b59404ceb
TEST_NEG_00005,test,shuffled,7,AC_PWY-699,AraCyc_Misc,0,0.0,False,242,7045e6f70062f031ee00452ea1c2286c3fc9b2301c1f97c1e2a04eba22cfceac
TEST_NEG_00006,test,partial_50_80,63,AC_PWY-6842,AraCyc_Misc,63,1.0,False,242,ebfeb1709b08fc791429461f722dc6e9e91416851cbd51003b46817741236e56
TEST_NEG_00007,test,cross_pathway,80,ath00051;ath03008,KEGG_Cellular;KEGG_GeneticInfo,80,1.0,False,242,7bc698260bf2a4772397782cfef6c587cb9a14efa5731e31d02c58e807f71127
TEST_NEG_00008,test,random_5_30,17,,,0,0.0,False,242,dbdfcb4228475a27d66b7f258c77a923d1916d0e10705351cbc39cb01d4c9058
TEST_NEG_00009,test,shuffled,101,ath01250,KEGG_Cellular,0,0.0,False,242,1ee62dd90183e70f69b68b49a9b30853928d84092d85e1213a198efe0449edfe
TEST_NEG_00010,test,partial_50_80,7,AC_PWY66-385,AraCyc_Misc,7,1.0,False,242,829f8f45e87e309115651cac8f6488611b3e0ed9cd5b46f8de9129387c73f518
TEST_NEG_00011,test,cross_pathway,5,AC_PWY0-1507;AC_PWY-63,AraCyc_AminoAcid;AraCyc_Misc,5,1.0,False,242,2beb2f39cfdd88d31f29f16d9dfd1d25ff582a1926f360829c6c450d34580c5b
TEST_NEG_00012,test,random_5_30,18,,,0,0.0,False,242,d3ec082171962ab3761a1ea5210107fea04f6a72878bd2c04f0b748ab2e80c6f
TEST_NEG_00013,test,shuffled,5,AC_PWY-5049,AraCyc_Misc,0,0.0,False,242,e56f18b09c0d6e97b1f4628dd3f9a8d7b08c3f33c9dfa912b90f66a11f776817
TEST_NEG_00014,test,partial_50_80,11,ath00730,KEGG_Cellular,11,1.0,False,242,13ae3a3f74de84d92cbf5dbc55ac3a239467bd11b92311a49a3f501e45c09131
TEST_NEG_00015,test,cross_pathway,13,AC_PWY-5320;AC_PWY-5320,AraCyc_Misc;AraCyc_Misc,13,1.0,True,242,b86bf4c8e431fb3e39ffce142b2d016df3e6251d42fa398e684a156d71611c31
TEST_NEG_00016,test,random_5_30,28,,,0,0.0,False,242,1813199d439c9636b77ff5bcd37cd8013f0b955564c150f13f48bca8381857d2
TEST_NEG_00017,test,shuffled,11,AC_PWY-3481,AraCyc_Misc,0,0.0,False,242,451fef679a62b29bd503fca36dbb9930ee56e98cfc087c4698bbc1697c919c6d
TEST_NEG_00018,test,partial_50_80,20,ath00563,KEGG_Lipid,20,1.0,False,242,e348ef9a4c22ac90cee51e55888489b3eeed9f0ad28650a916d5ae7a39502a06
TEST_NEG_00019,test,cross_pathway,16,AC_PWY-63;ath00563,AraCyc_Misc;KEGG_Lipid,16,1.0,False,242,d7c767e3528e277922e42558f1e80e587537aeb4bd6cdb26e581c3c69e07babf
TEST_NEG_00020,test,random_5_30,12,,,0,0.0,False,242,97b34763e5c977784b6e9abafc6363d52f892ebcb828a51b0ed348168ca5c93d
TEST_NEG_00021,test,shuffled,1374,ath01110,KEGG_Cellular,78,0.056768558951965066,False,242,fe7f428e0a98a2450e94ae3c1c703259b8491603398544d5347c9665f9a7c355
TEST_NEG_00022,test,partial_50_80,58,ath00564,KEGG_Lipid,58,1.0,False,242,2ba796f2d3d468453774596c86bd4a84726e71df523516675959554a6225a320
TEST_NEG_00023,test,cross_pathway,7,AC_NAGLIPASYN-PWY;AC_PWY-699,AraCyc_Lipid;AraCyc_Misc,7,1.0,False,242,8bf963531ab667f4c913dd9320a3841b73ee0b44d4d0d42575ca6293dbc48ddf
TEST_NEG_00024,test,random_5_30,18,,,0,0.0,False,242,d068d10d27a215b29ecf1de00147a35e47da4d65ca1f965beea7b9f90b589ce5
TEST_NEG_00025,test,shuffled,33,AC_PWY-5989,AraCyc_Misc,0,0.0,False,242,953e60a8caa989289ad7117dc5c663beb3b286b7c6ada62aff51a839303a490f
TEST_NEG_00026,test,partial_50_80,6,AC_PWY-3462,AraCyc_Misc,6,1.0,False,242,ee0ec75d7188b251c92cb799de49c0f850c7a27900e83192fa282ccc2a0a16f7
TEST_NEG_00027,test,cross_pathway,10,AC_PWY-5791;AC_PWY-7859,AraCyc_Misc;AraCyc_Misc,10,1.0,True,242,37baec3778aeea627113f0a91baaa2ed289dc58d4715261581140382d39a188f
TEST_NEG_00028,test,random_5_30,18,,,0,0.0,False,242,abe6c2543023723475ee7d72d3316d9819fad64218d824999cd68ca538ae327f
TEST_NEG_00029,test,shuffled,21,AC_TRESYN-PWY,AraCyc_Misc,0,0.0,False,242,77a3aba2190f4c15d73f13ccbf0e0e531281787d1dca3c6c34ce142577ee2ad4
TEST_NEG_00030,test,partial_50_80,167,ath01230,KEGG_Cellular,167,1.0,False,242,6a94ef5868c62b03d4cf5cb962b2473d52edc844d992aa5509a5dba449f681c8
TEST_NEG_00031,test,cross_pathway,13,AC_ALANINE-DEG3-PWY;ath00730,AraCyc_Misc;KEGG_Cellular,13,1.0,False,242,d06a4bd747c62341ca4abb725ed307f1d86ae58f7b3360ebea58488c8423c717
TEST_NEG_00032,test,random_5_30,27,,,0,0.0,False,242,288512e0f9b0c2bea0ccdccf4362d786f580b2e94e0d46fa060107d7673e3d83
TEST_NEG_00033,test,shuffled,5,AC_PWY-5049,AraCyc_Misc,0,0.0,False,242,7b4022fd712e6bf605649f6550b44fef83d9d423e2001593272fb054c4f0c830
TEST_NEG_00034,test,partial_50_80,4,AC_PWY-7995,AraCyc_Misc,4,1.0,False,242,18956efd5335aa2f20d1bded108d1b6a5383378303adc7ce3b9786eb7f2891ac
TEST_NEG_00035,test,cross_pathway,100,ath03008;ath01210,KEGG_GeneticInfo;KEGG_Cellular,100,1.0,False,242,922b5e9544b2a5426ee4c2248f274e58c677d2b7667250932ccffe919d1897d7
TEST_NEG_00036,test,random_5_30,26,,,0,0.0,False,242,31878b7e08c4bc57c81a85981670a6b3dc5fe3b131c113d3c535a74f2de40e16
TEST_NEG_00037,test,shuffled,43,ath03030,KEGG_GeneticInfo,0,0.0,False,242,52d62117bbf70374bc6fb231f39ff57312b64c3529d774c9e22406a4311b7e95
TEST_NEG_00038,test,partial_50_80,10,AC_PWY-5125,AraCyc_Misc,10,1.0,False,242,72b477bd7ff0eae226969cf2f46ef6a44a2fe7882ded4b06b971216aedf107d1
TEST_NEG_00039,test,cross_pathway,55,AC_PWY-6614;ath01210,AraCyc_Cofactor;KEGG_Cellular,55,1.0,False,242,b5d5e4aebc5f6cbf186593e392119f8e26e663de04ca34beda1c9fe3ac9621b3
TEST_NEG_00040,test,random_5_30,5,,,0,0.0,False,242,dc123c2dd511cf05f31df0145f13d41b4c21c0e2415703c1eb5b720aa41a9058
TEST_NEG_00041,test,shuffled,98,ath03008,KEGG_GeneticInfo,0,0.0,False,242,6114c2220957ccb5c8e3a54fbd786e2e48fef6af952d971ac7c697f75587330d
TEST_NEG_00042,test,partial_50_80,6,AC_PWY-5453,AraCyc_Misc,6,1.0,False,242,eac6d7da81bf52956adbc3146ab38e859aaf4a259a0f0f9e20319c6815f737e6
TEST_NEG_00043,test,cross_pathway,45,AC_PWY-6614;ath00562,AraCyc_Cofactor;KEGG_Lipid,45,1.0,False,242,2cb83551e3c9426adebf017344416b5478f0518374d0f119584bb34e7a8470e6
TEST_NEG_00044,test,random_5_30,26,,,0,0.0,False,242,cc60d68a4b2db65565f7a2943cc5702e5d020137748be6766d97cbfdb9eaf194
TEST_NEG_00045,test,shuffled,13,AC_CYSTSYN-PWY,AraCyc_Misc,0,0.0,False,242,fd384569f3ed26b6211205395e830be603c554141179ba48c52648200d449cbe
TEST_NEG_00046,test,partial_50_80,4,AC_BSUBPOLYAMSYN-PWY,AraCyc_Misc,4,1.0,False,242,5ae602c78711f1ff7a7c7cbf40aa0eeabfbdf622bde7563bd2f6670646674e1f
TEST_NEG_00047,test,cross_pathway,24,ath00350;AC_PWY-5791,KEGG_Cellular;AraCyc_Misc,24,1.0,False,242,a91b88d6ca9255ce46cb4b2761e549bc9be7f60688c7fd507e7f944a08d4d502
TEST_NEG_00048,test,random_5_30,14,,,0,0.0,False,242,7006acb3251234d595bc38d080df66b93de3baea1391f5cdbee6bbbfc2fc25e6
TEST_NEG_00049,test,shuffled,26,ath00565,KEGG_Lipid,0,0.0,False,242,7fe1954cfa7453e6fc0fdab5131bedbeb464ed74b20976fa8ca1637d9c4b6abd
TEST_NEG_00050,test,partial_50_80,170,ath01230,KEGG_Cellular,170,1.0,False,242,5f471679642c2a594310fd4c6e84ea11bcc74bd89d5080842183b7c5fed16e10
TEST_NEG_00051,test,cross_pathway,17,AC_PWY-1001;AC_PWY-5791,AraCyc_Carbohydrate;AraCyc_Misc,17,1.0,False,242,b421f807a55697026a36b0ccfb7ef22c0754c5d23bda2ec02ac8970c28f7d36d
TEST_NEG_00052,test,random_5_30,13,,,0,0.0,False,242,fe65fc64c84af13a1c13e8016dca385e7c467cbd971e42925fa33646e39f76c6
TEST_NEG_00053,test,shuffled,5,AC_PWY-6599,AraCyc_Misc,0,0.0,False,242,300f897ec1086c53ba05a39f4c63c5d84ba75c00cfd81825572bd308452b3eaf
TEST_NEG_00054,test,partial_50_80,43,ath00051,KEGG_Cellular,43,1.0,False,242,b0cb6ca71aa6e906113d3fc545df75943f0cc63f1acf012be23ddb0c38253019
TEST_NEG_00055,test,cross_pathway,45,ath03420;AC_PWY-7995,KEGG_GeneticInfo;AraCyc_Misc,45,1.0,False,242,5a7792ba5c4754ae01f129c4f59de3aa857999c29f99e0b6edee2860ce3fb453
TEST_NEG_00056,test,random_5_30,26,,,0,0.0,False,242,f5a26de12143ca75c8f2bbf538195ef27d90a1401113b7d6cbfa188ed2045d94
TEST_NEG_00057,test,shuffled,84,AC_PWY-6842,AraCyc_Misc,1,0.011904761904761904,False,242,115e3abe3f3cbad48d4ff6e147e7356f94b81c1c59f38f4e6d950590ec725e07
TEST_NEG_00058,test,partial_50_80,74,ath03008,KEGG_GeneticInfo,74,1.0,False,242,72da3aebed28c39fec0718b2a383fcddd3b843a82aa11b54ca023f2c462f4b2d
TEST_NEG_00059,test,cross_pathway,12,AC_PWY-6922;AC_PWY-6786,AraCyc_Misc;AraCyc_Misc,12,1.0,True,242,a91eeb7fb2f008d893841586fd61bc78ea3530de12500797ebb804fdae4286d0
TEST_NEG_00060,test,random_5_30,15,,,0,0.0,False,242,1eee86ce8116324d2ead68d8189d5f05769c5a4a5e7d6debd1ce053cc1ce8b63
TEST_NEG_00061,test,shuffled,15,AC_PWY-6952,AraCyc_Misc,0,0.0,False,242,fcc205e5f97ab579ca1ff33be3ae49382b438e0522484edb95b40e4e44b2f9e9
TEST_NEG_00062,test,partial_50_80,5,AC_PWY-8024,AraCyc_Misc,5,1.0,False,242,d8b87a76168d1b5ab1696a7798e74ec17f50ca3ce239ff918b0339cf4c829461
TEST_NEG_00063,test,cross_pathway,42,ath00730;ath00052,KEGG_Cellular;KEGG_Cellular,42,1.0,True,242,81eeb726f788a9e6f8f2c5565ef4d928485b0aea2e8439f656380434eaea7d53
TEST_NEG_00064,test,random_5_30,13,,,0,0.0,False,242,655d7f5c449ab42321e5a7d6ca439732943ec8d9bae5492df754b5d676a6cc74
TEST_NEG_00065,test,shuffled,6,AC_PWY0-1507,AraCyc_AminoAcid,0,0.0,False,242,d0b0241ca2d1e6b43c0e1eac794ab16292171a16f87cf0cc6d4ea38d83342511
TEST_NEG_00066,test,partial_50_80,171,ath01230,KEGG_Cellular,171,1.0,False,242,db9d85baea7811e5adfded806562e342b8d026abaea378e4dc245eb91af19f47
TEST_NEG_00067,test,cross_pathway,56,AC_PWY-7388;ath01250,AraCyc_Misc;KEGG_Cellular,56,1.0,False,242,9fb223d54746c8d5023d3f7b68ce7e17e3617cbb963abbd84694e566c49baef6
TEST_NEG_00068,test,random_5_30,29,,,0,0.0,False,242,1ca2c0aee5fe95af0fa307c7f21aa693c81fd953a994035623dec1d2a674730c
TEST_NEG_00069,test,shuffled,242,ath01230,KEGG_Cellular,2,0.008264462809917356,False,242,4279c86fa0d2994885f405a95ae4977b9514bdfb568cdf7facdb5ed58f1ceed6
TEST_NEG_00070,test,partial_50_80,51,ath01250,KEGG_Cellular,51,1.0,False,242,6aaefb9472dd25b1212ab09eaae4e842254360d706567966af52be9b433c21cc
TEST_NEG_00071,test,cross_pathway,23,ath00130;AC_BSUBPOLYAMSYN-PWY,KEGG_Metabolism;AraCyc_Misc,23,1.0,False,242,a4897ce6669187bd2ce8418a6ea4b3f7b62189f3ae5fdc143ef96fafc41ace06
TEST_NEG_00072,test,random_5_30,15,,,0,0.0,False,242,c28ae351ca87ae5d191ef9eb3c0c6b5f8904fe6d4cd5b4e09b22dcc373c2892e
TEST_NEG_00073,test,shuffled,35,ath00600,KEGG_Lipid,0,0.0,False,242,77c6b756dc20bfb57e859acb4c8fd57839fea3c3f0c69a463e9969055e74658e
TEST_NEG_00074,test,partial_50_80,5,AC_PANTO-PWY,AraCyc_Misc,5,1.0,False,242,34c14b2fc6afa2054c33fefc59b8ee55cf43bccaccf7efb0631e09740761d746
TEST_NEG_00075,test,cross_pathway,38,AC_PWY-4203;ath00052,AraCyc_Misc;KEGG_Cellular,38,1.0,False,242,627c61528675dbf9d5f6a97a83c83c197c2a308d196de9984c154f21f87cad26
TEST_NEG_00076,test,random_5_30,28,,,0,0.0,False,242,15faf32f61a286c8ef9bff1cb47bab9cfb7f1949c1acfdcd16abbabd110da445
TEST_NEG_00077,test,shuffled,7,AC_PWY-699,AraCyc_Misc,0,0.0,False,242,58bb9cd7c123a69d12a5b75c88bf2ab500dec833d5f57ed2f7dd1f93ee730bbf
TEST_NEG_00078,test,partial_50_80,6,ath00531,KEGG_Lipid,6,1.0,False,242,b582c5eee3d0b8d322fe68977210877d8cb2097b989a417cff0641fcf8f918ac
TEST_NEG_00079,test,cross_pathway,25,AC_PWY-5791;ath00061,AraCyc_Misc;KEGG_Lipid,25,1.0,False,242,080144b1e041f9ad7f787a58463170817af0c932c006d020f41241b79dac15ba
TEST_NEG_00080,test,random_5_30,19,,,0,0.0,False,242,1a07306381e4917854eb6e640b644c6c167c36be84725bf29c0c1f10d9fa679e
TEST_NEG_00081,test,shuffled,43,ath03030,KEGG_GeneticInfo,0,0.0,False,242,9a2baf272743ef0a6c4ba4e76ffa6d3622db9a71925d515df57ac0cce046ee68
TEST_NEG_00082,test,partial_50_80,16,AC_TRESYN-PWY,AraCyc_Misc,16,1.0,False,242,c40605ef7c01a99bb2949389f23ad988ab334d3ace6a7931055ca56e5df30cf3
TEST_NEG_00083,test,cross_pathway,13,AC_PWY-7176;AC_MANNOSYL-CHITO-DOLICHOL-BIOSYNTHESIS,AraCyc_Misc;AraCyc_Misc,13,1.0,True,242,9a5e39f62f7e5908229516cf098e4df3ebf78d9095389e86012fe734c63c09eb
TEST_NEG_00084,test,random_5_30,14,,,0,0.0,False,242,251d48ed0f30269b624fc4c0d0901d449be1dac6f44342f0da0d06c39cbd174c
TEST_NEG_00085,test,shuffled,43,ath00061,KEGG_Lipid,0,0.0,False,242,0282dcb77d1afcc47db24067c42f078eec3a98256a374d9fad02dd99eae48e2d
TEST_NEG_00086,test,partial_50_80,3,AC_GLYSYN-ALA-PWY,AraCyc_Misc,3,1.0,False,242,9966b4ed4ad6b2bb18136253d0c90984e57c239feac109a4ec21bc8e350bd99d
TEST_NEG_00087,test,cross_pathway,22,AC_CYSTSYN-PWY;AC_PWY-8280,AraCyc_Misc;AraCyc_Misc,22,1.0,True,242,2f5f62fa208fa44dc275a338f59a0cda23e5f393e23fd11eb65c1f3188ad4615
TEST_NEG_00088,test,random_5_30,20,,,0,0.0,False,242,d4856cfcb045f6bc9032411efb2e7e780ea4cb75911f1b3c86a88e9417c24697
TEST_NEG_00089,test,shuffled,8,ath04820,KEGG_SignalTrans,0,0.0,False,242,875604c33d6e2157ddcc67cc34f6cc7450620139a5aae3462f6f9168a45c5707
TEST_NEG_00090,test,partial_50_80,8,AC_PWY-5337,AraCyc_Misc,8,1.0,False,242,c319002a68ef71cc077c43536212a43ca3b82b7aaa31707351fc4e527d50b24b
TEST_NEG_00091,test,cross_pathway,12,AC_METHIONINE-DEG1-PWY;AC_PWY-2821,AraCyc_AminoAcid;AraCyc_Misc,12,1.0,False,242,d87324b0da44723883ff4b6e518125832a8d967ef4d3e22934b068d985f0d1ef
TEST_NEG_00092,test,random_5_30,28,,,0,0.0,False,242,70d75d887938cf7381d3ecb21784dc2c4dfb8101c2ffaf0cd82f84decb719f97
TEST_NEG_00093,test,shuffled,62,ath00051,KEGG_Cellular,0,0.0,False,242,c8f1480dae864f769e280d4a5db837a75182df4e2973e0c2fbafe8846f192206
TEST_NEG_00094,test,partial_50_80,5,AC_PWY-5791,AraCyc_Misc,5,1.0,False,242,48642eb8ab317deb0b481c78a248b9a10e8f7b78bcda04a41a4a1bb6842bbde5
TEST_NEG_00095,test,cross_pathway,49,AC_PWY-7185;ath03420,AraCyc_Misc;KEGG_GeneticInfo,49,1.0,False,242,444c3c069044840a6724fd09169e6528124b6c9b0b91648e3b7be2bf7c32b4bf
TEST_NEG_00096,test,random_5_30,20,,,0,0.0,False,242,4be864b09d43f6a77a7e3ed31a1e392d60d4e192967920bf9905a5f2458630f4
TEST_NEG_00097,test,shuffled,1374,ath01110,KEGG_Cellular,58,0.042212518195050945,False,242,059b6d0efdf99de50f194e1aad7e0cd6025a4746cc904ba0a47f2e7f89cd840b
TEST_NEG_00098,test,partial_50_80,9,AC_PWY-7859,AraCyc_Misc,9,1.0,False,242,f1804b35298103247ae0acf390a828d02b2432677a61f389260ec42c9a5bf288
TEST_NEG_00099,test,cross_pathway,129,AC_PWY0-162;ath01230,AraCyc_Nucleotide;KEGG_Cellular,129,1.0,False,242,d3da54796d31c51a919052878302aa02a75ac7da20393d750069b94ee4c83e0d
TEST_NEG_00100,test,random_5_30,5,,,0,0.0,False,242,e45b34ec5ab10f715b54324a876de9124a03d9bbc04ce18e2f09ee9714a7619d
TEST_NEG_00101,test,shuffled,13,AC_PWY-5337,AraCyc_Misc,0,0.0,False,242,89c51dba5e6c873b40e4beae44446a44de6f72e85f7e4cc1ee3063117fceff65
TEST_NEG_00102,test,partial_50_80,78,AC_PWY-5464,AraCyc_Misc,78,1.0,False,242,06e085c98d5058cbfea813131db1c70afdcc410bbbf1e1b896af54a614e18880
TEST_NEG_00103,test,cross_pathway,7,AC_PWY-6317;AC_PWY-6614,AraCyc_Misc;AraCyc_Cofactor,7,1.0,False,242,e65125b35291d8b140027e97ff40c81d6904547785c970043f4934e6cd7e861f
TEST_NEG_00104,test,random_5_30,30,,,0,0.0,False,242,d3ed8b68e4cdf970724c185ddda5b7676e01f3fe9e67e00c4cb207301d3f7832
TEST_NEG_00105,test,shuffled,6,AC_ALANINE-DEG3-PWY,AraCyc_Misc,0,0.0,False,242,b28ce97f18dcd95efd0ae7d3cdd50366845625274b991b78e1e39f0552bc2f6f
TEST_NEG_00106,test,partial_50_80,9,AC_PWY-8270,AraCyc_Misc,9,1.0,False,242,aa5b1ec08bb320c46e92fc846bf022ccddb9a088e3ab91f4c6f8bed8a5ddc3a4
TEST_NEG_00107,test,cross_pathway,19,AC_BSUBPOLYAMSYN-PWY;AC_PWY-5971,AraCyc_Misc;AraCyc_Lipid,19,1.0,False,242,f59b0661f41c3069a1ebc294d3559683153ab15203cab7bbddf57542adba7f3f
TEST_NEG_00108,test,random_5_30,12,,,0,0.0,False,242,75b6d82530e29cb54420bc329927c4c48839704cb1e5b581639b48579cc4f465
TEST_NEG_00109,test,shuffled,242,ath01230,KEGG_Cellular,3,0.012396694214876033,False,242,b169d5f546cd1b8a843fc16f0d744c5659ed4521f2ebee77e155ae6a6cff10ab
TEST_NEG_00110,test,partial_50_80,53,ath01210,KEGG_Cellular,53,1.0,False,242,4f9e264a453794a2b6e5b34b64230a9fe12bde58c8fa0944d485d3d6cb092ef3
TEST_NEG_00111,test,cross_pathway,14,AC_UDPNACETYLGALSYN-PWY;AC_LEU-DEG2-PWY,AraCyc_Misc;AraCyc_Misc,14,1.0,True,242,0fa18ebc9a43ff7ba9dbe2303dd4b03f3b2db507a113ff1db36bdfacef53ed7e
TEST_NEG_00112,test,random_5_30,10,,,0,0.0,False,242,6fea1b971bf20e2da0ca7d1c2374c17dacbf824c9b911277ed56a421f1167d3a
TEST_NEG_00113,test,shuffled,13,AC_PWY-5337,AraCyc_Misc,0,0.0,False,242,e5c213af7b66a6ae4b62b46a2b7de5bfaf0656c9c15673f1382eec2d8634f37c
TEST_NEG_00114,test,partial_50_80,8,AC_PWY-4203,AraCyc_Misc,8,1.0,False,242,277aa7efd548601506ee1b7fdfc315c21cd1b2112c69608bb16ed872343ab000
TEST_NEG_00115,test,cross_pathway,9,AC_PWY-4381;AC_PWY66-385,AraCyc_Lipid;AraCyc_Misc,9,1.0,False,242,74506b771cbe8b0b456d5f5047c37e9259d76e416b569f66d50dc5b777649f8e
TEST_NEG_00116,test,random_5_30,13,,,0,0.0,False,242,d3b0740e4531e639b3d3cc2da5c22166d46f8ad49db96035be78e62b42323ac0
TEST_NEG_00117,test,shuffled,216,ath04626,KEGG_SignalTrans,2,0.009259259259259259,False,242,47bddf6e98a09848f5002905fba6718299b908f2793ee68253d4119634c88bbc
TEST_NEG_00118,test,partial_50_80,17,AC_PWYQT-4472,AraCyc_AminoAcid,17,1.0,False,242,502d3fe1255a2de9d01fb94901f9a1a22f0af343f57fd5c4f3ee9eeab2668eca
TEST_NEG_00119,test,cross_pathway,9,AC_PWY-6614;AC_PWY-8024,AraCyc_Cofactor;AraCyc_Misc,9,1.0,False,242,f01b915adcd97b99449a158a1a30c2bb67a8e8b18f867a7bcd3a810539f28ad5
TEST_NEG_00120,test,random_5_30,21,,,0,0.0,False,242,a716e955bc2ad70098b5e18347fd0def50ddadd20ce495d621da16ef38cba17e
TEST_NEG_00121,test,shuffled,1374,ath01110,KEGG_Cellular,64,0.046579330422125184,False,242,98b89a0699ab6b96ec9e48f17ec71a11155572e6fccde525927abbd47ced2a9c
TEST_NEG_00122,test,partial_50_80,21,ath03030,KEGG_GeneticInfo,21,1.0,False,242,a2e3bb4fe4e0e6ec739f20b93df2e798b9d24876f7979c6a13a8d00b1ff54374
TEST_NEG_00123,test,cross_pathway,697,ath01110;ath00130,KEGG_Cellular;KEGG_Metabolism,697,1.0,False,242,ff9d3e8bcffadd884fb65794cba5fc96106c3c9ba207971eefb0df07aa7fe08f
TEST_NEG_00124,test,random_5_30,23,,,0,0.0,False,242,e4a6341b1850c0ee31e70893db1ecc49342988ba59f53ae8dd1a85b36e83880b
TEST_NEG_00125,test,shuffled,15,AC_PWY-6952,AraCyc_Misc,0,0.0,False,242,823b51002ad214452fd32c4c6aab52f289289d1bb8f644b089e2351560ae0ddb
TEST_NEG_00126,test,partial_50_80,11,AC_PWY-5973,AraCyc_Misc,11,1.0,False,242,08cbb484c1eba7b63bc0c6131ca5e780d8f2628427f704249dbdeaa2f66f9bdc
TEST_NEG_00127,test,cross_pathway,17,ath00966;ath00591,KEGG_Cellular;KEGG_Lipid,17,1.0,False,242,2c98c57087d1c28edefc2d2d55330f7c9bbdc24f9775689f8a16a270aa84c54e
TEST_NEG_00128,test,random_5_30,30,,,0,0.0,False,242,db32d534590a1ede35c175b74cdb68ca314df3236105c1eecc57beec28ce809f
TEST_NEG_00129,test,shuffled,6,AC_PWY-7995,AraCyc_Misc,0,0.0,False,242,e9344d78b9da8081805ae25fcf96d15c5864f017f924050d34715f16ed59aa21
TEST_NEG_00130,test,partial_50_80,3,AC_PWY-5049,AraCyc_Misc,3,1.0,False,242,97ff6d87d58f66d0fbce8e19a33f3dced58a5bb08dd2f15578118215248e7aaf
TEST_NEG_00131,test,cross_pathway,23,AC_SUCSYN-PWY;AC_PWY-8011,AraCyc_Carbohydrate;AraCyc_Misc,23,1.0,False,242,f0da9797d930b650063547318e7e568d7186ef81a887037b666b5d29c97b687d
TEST_NEG_00132,test,random_5_30,10,,,0,0.0,False,242,5b8fb7a87d7628e9988b3e16f2d0f58b656e067d98da633827d82ad1973ce272
TEST_NEG_00133,test,shuffled,21,AC_TRESYN-PWY,AraCyc_Misc,0,0.0,False,242,cacf4aef872d0aed5808256d136f2e18c46e84fb4d0f4cf364cd92213b1b6eb5
TEST_NEG_00134,test,partial_50_80,6,AC_PWY-7859,AraCyc_Misc,6,1.0,False,242,b5600050a954299c2ac9371a6b3f5676dddff42af55519581b7a2cbaf3cb0021
TEST_NEG_00135,test,cross_pathway,14,AC_PWY-5687;AC_PWY-7176,AraCyc_Nucleotide;AraCyc_Misc,14,1.0,False,242,1d721215d1b0b71d71bbf4485f7c5dad4593945e6aa4e50b53e49f70418d9ef6
TEST_NEG_00136,test,random_5_30,14,,,0,0.0,False,242,f6ca46f5b1b2870b6c93ff651a2cd82cd5d459483e1014cb5c05ac4abbf4f398
TEST_NEG_00137,test,shuffled,98,ath03008,KEGG_GeneticInfo,1,0.01020408163265306,False,242,d21eb82b1b2433133041d8c9224b90b4503030856c721a0f7f7f56d6633534a5
TEST_NEG_00138,test,partial_50_80,4,AC_PWY-6147,AraCyc_Misc,4,1.0,False,242,883a944e8c3fd20ea9a97102f0e40e8095cbd63cb04d82f2e45749368274b0d2
TEST_NEG_00139,test,cross_pathway,13,AC_PWY-5320;AC_PWY4FS-3,AraCyc_Misc;AraCyc_Misc,13,1.0,True,242,0b6cab56b236a577ba91e333ff603feec38a0c12200832c25b1a6d732f4282a0
TEST_NEG_00140,test,random_5_30,16,,,0,0.0,False,242,de8a11ce3a7ba9dbc9bacb0fecacc82cd10331df7892fef0889c847a92b6770c
TEST_NEG_00141,test,shuffled,40,ath00130,KEGG_Metabolism,0,0.0,False,242,8de10809b41624e0e57ee33be2bbaf3b24d95a4528bfc51295d12d431fc1a13a
TEST_NEG_00142,test,partial_50_80,17,AC_PWY-8280,AraCyc_Misc,17,1.0,False,242,fb6c0d8bbb4cf396523a32d40f1a94e18b4daff1c363804d0ba39c9524e5761e
TEST_NEG_00143,test,cross_pathway,7,AC_PWY-6147;AC_PWY-4541,AraCyc_Misc;AraCyc_Lipid,7,1.0,False,242,ad51de21eef355635f0d1d390f41a8fdd423f75de65c37ff943ba35b367b9870
TEST_NEG_00144,test,random_5_30,8,,,0,0.0,False,242,522a391308f23f4bcf536be170918f77ed440e9b1ac942a051686fe2c664823e
TEST_NEG_00145,test,shuffled,41,ath00350,KEGG_Cellular,0,0.0,False,242,d43ff5ac5ebd8a06f9458e37b5dd52d9891454e7e02b0d14d49b901f849a891d
TEST_NEG_00146,test,partial_50_80,38,ath02010,KEGG_Membrane,38,1.0,False,242,0576200a6255fefd54a21e5a3cd9e4e98e0a3b298fdc33a7b7717e434bf4e750
TEST_NEG_00147,test,cross_pathway,9,AC_PWY66-367;AC_PWY-5337,AraCyc_Misc;AraCyc_Misc,9,1.0,True,242,57159dcd1a1df183d77fa7b5683b04497ca85bb4effe3c67146e7c14b2dbb303
TEST_NEG_00148,test,random_5_30,14,,,0,0.0,False,242,0f5dc771b18ad2c60282c684209cf073ada846a76dff2fea8a9439251404baf1
TEST_NEG_00149,test,shuffled,5,AC_GLYSYN-ALA-PWY,AraCyc_Misc,0,0.0,False,242,163c0ff95807c27cbf25ad06066c59ec7e1076712b7d04e49257a930bfffcc40
TEST_NEG_00150,test,partial_50_80,24,ath00350,KEGG_Cellular,24,1.0,False,242,7c947a63b1598070d98cd9cd5bd762cfa4409d71ba4b84522e323a85cee88ca2
TEST_NEG_00151,test,cross_pathway,12,AC_PWY-735;AC_PWY-6117,AraCyc_Misc;AraCyc_Misc,12,1.0,True,242,8e388ad576f0c1faf85a4b0f294467fe4acbd9372d391e403ac20e0506dab790
TEST_NEG_00152,test,random_5_30,6,,,0,0.0,False,242,b4424f86302fabf38cce06bb34fedbb65ed2184f74c07567d2dc15cb50c6094c
TEST_NEG_00153,test,shuffled,32,AC_PWYQT-4472,AraCyc_AminoAcid,1,0.03125,False,242,cf3f4b6072da528d87914a8929b89e1e9a449d188fa8af03ace6fed674d00178
TEST_NEG_00154,test,partial_50_80,10,AC_PWY-7388,AraCyc_Misc,10,1.0,False,242,65dcb8c0cdb331c061153fa09388d99eb3e9e12094dac35b6d1cf742d3e07ce9
TEST_NEG_00155,test,cross_pathway,23,AC_PWY-6352;AC_PWY4FS-3,AraCyc_Misc;AraCyc_Misc,23,1.0,True,242,c9b3b27d472df5cb02e0cd12d57f25f789613aaf61432e8761773c4dda111c0b
TEST_NEG_00156,test,random_5_30,26,,,0,0.0,False,242,2c9d95ca17be9a72f3bcfa6df8f21a9ccd68a3180dcec0c2abb6ad8b468dacb7
TEST_NEG_00157,test,shuffled,18,AC_PWY-5320,AraCyc_Misc,0,0.0,False,242,d3f6deaf121bfae79cdc21631266cac0e4cd0bb3616b8ca21d126bb5e90d095d
TEST_NEG_00158,test,partial_50_80,3,AC_PWY-5049,AraCyc_Misc,3,1.0,False,242,129a12d073acb125df11965349b2b3078cf756ba21fe62995bd31cdc3e6da406
TEST_NEG_00159,test,cross_pathway,10,AC_PWY-5791;AC_PWY-5661,AraCyc_Misc;AraCyc_Carbohydrate,10,1.0,False,242,0fd92ecd7eaf4214b362a0b295ad912c1893155d829f65011f673a1e76b01e70
TEST_NEG_00160,test,random_5_30,8,,,0,0.0,False,242,d4d1f297bb0f5a39655ab45c3a22ff931509508c89d6cc6af81c3c696a4e17c1
TEST_NEG_00161,test,shuffled,9,AC_PWY-6614,AraCyc_Cofactor,0,0.0,False,242,140e34c017e6626a170eb3cce97bd41b09500cc120cb4f1d7095c94b71ffdfc0
TEST_NEG_00162,test,partial_50_80,11,AC_PWY-5973,AraCyc_Misc,11,1.0,False,242,063465434282b2ae1865d4e02ed5eee3977ccb41b00c3a9a6737baaecf0be3e9
TEST_NEG_00163,test,cross_pathway,21,AC_PWY-63;AC_PWY-3781,AraCyc_Misc;AraCyc_Misc,21,1.0,True,242,8b2485ad828cafe433581c7f74a222d284972c56dc092d7be316e669f5d1e4b2
TEST_NEG_00164,test,random_5_30,28,,,0,0.0,False,242,4d7ce0fafbdf985486b61ef429f6f7610f19f6e0faae6a95ce2521b4b834250e
TEST_NEG_00165,test,shuffled,14,AC_PWY-7048,AraCyc_Misc,0,0.0,False,242,71baf2477925edab2b1ca430dee0d6cca99ad98acb23c2ecfb4a1bfb461839fc
TEST_NEG_00166,test,partial_50_80,8,AC_PWY-7185,AraCyc_Misc,8,1.0,False,242,5add95c88512143dd2bc906617b5f849030b5a518abc154300cdf61d59150e30
TEST_NEG_00167,test,cross_pathway,14,AC_PWY-5973;AC_PANTO-PWY,AraCyc_Misc;AraCyc_Misc,14,1.0,True,242,d7f07c9f4d196cde77f17ea729afec64337d67728bfd0dfec39f8f1d4bfb1eb9
TEST_NEG_00168,test,random_5_30,19,,,0,0.0,False,242,0d8e275a6b82a855857915dccaab368770aee39651e4f1bc1fa17ab24f4477d3
TEST_NEG_00169,test,shuffled,12,AC_PWY66-385,AraCyc_Misc,0,0.0,False,242,e681f185b8dd074b47d5865824ecb98023b9bce26640e24e0e9ec7556e20b3ae
TEST_NEG_00170,test,partial_50_80,9,AC_PWY0-162,AraCyc_Nucleotide,9,1.0,False,242,2d107ecd96442522afb1397396f7ac0019a4169ffb0c3336f5872a27e6b38ec6
TEST_NEG_00171,test,cross_pathway,54,AC_PWY-7995;ath01210,AraCyc_Misc;KEGG_Cellular,54,1.0,False,242,295946ae51c557e72e90ca4d0987e55671c1cdb151fbd55cc43aecf6ef713144
TEST_NEG_00172,test,random_5_30,10,,,0,0.0,False,242,9560cd83ef1e85bd49a4f3194a6724de0d744cb85094c69705240aeaf867f4b5
TEST_NEG_00173,test,shuffled,13,AC_PWY-5661,AraCyc_Carbohydrate,0,0.0,False,242,d3daa5c5d87e5ee8eda582d0ac7ab3da93e456972c19a67395cb3b4d385959df
TEST_NEG_00174,test,partial_50_80,5,AC_PWY-6663,AraCyc_Lipid,5,1.0,False,242,60037cae4d8b716fc4079026689850f4b456431dea0fb0b3406c6fe4313347e1
TEST_NEG_00175,test,cross_pathway,28,AC_PWY-1001;ath00541,AraCyc_Carbohydrate;KEGG_Lipid,28,1.0,False,242,69588ce3890d1a04c639cc289ba04a1b79b425ea06a421c15ba6429eb45632dc
TEST_NEG_00176,test,random_5_30,20,,,0,0.0,False,242,34592fe9500b011420de26ca821233d7c4b9c3e8053e3ad211bda9185354f287
TEST_NEG_00177,test,shuffled,10,AC_PWY-3462,AraCyc_Misc,0,0.0,False,242,43aaa07fb97c6d8c687d0a6696fd8b5ffbee0e03761036f04d8f7ff966dafef7
TEST_NEG_00178,test,partial_50_80,4,AC_PWY-5963,AraCyc_Cofactor,4,1.0,False,242,36a3921259783ee6a74556ab8005a1dd6436dfb2100d9e20743a23c83aa40022
TEST_NEG_00179,test,cross_pathway,8,AC_LEU-DEG2-PWY;AC_PWY-5049,AraCyc_Misc;AraCyc_Misc,8,1.0,True,242,994800b5bc5afaf839b8eb27517ce11fac3522e2c1a55701509ed41415348236
TEST_NEG_00180,test,random_5_30,16,,,0,0.0,False,242,1dff31fc9b1cc1593d27d48b6783a54bf390a2e280eecc3ea01dae185daceb60
TEST_NEG_00181,test,shuffled,16,AC_PWY-5120,AraCyc_Misc,0,0.0,False,242,81029a2e31c0040622f9e558597c99b2a4ab10fdb41fe48ef49e98f806e07fbd
TEST_NEG_00182,test,partial_50_80,4,ath04820,KEGG_SignalTrans,4,1.0,False,242,2019d7b4e1e97502c16fbc9aea1d1cd7eab71ab9f4620802c03ff7580995e8c0
TEST_NEG_00183,test,cross_pathway,10,AC_PWY66-385;AC_PWY-4541,AraCyc_Misc;AraCyc_Lipid,10,1.0,False,242,fbbfa053713033041f64b0dc6e70a6c605acf44f3c1211df85f74513f1c2ca60
TEST_NEG_00184,test,random_5_30,16,,,0,0.0,False,242,d8d5b9f00508e7d2eb45a849f8095f29f8ee4df4f098935e0f77b41b134a821c
TEST_NEG_00185,test,shuffled,35,ath00600,KEGG_Lipid,0,0.0,False,242,83ac64132ede440d89f65044ef32aa7a67cd7f37b9bb8638c511cdb7df73e864
TEST_NEG_00186,test,partial_50_80,24,AC_PWY-8280,AraCyc_Misc,24,1.0,False,242,6b2f5527a7094da41e6e83dba32e2f564b968e9cd6aa366ba1f104e60bbd3756
TEST_NEG_00187,test,cross_pathway,58,AC_PWY-5320;ath00564,AraCyc_Misc;KEGG_Lipid,58,1.0,False,242,c270e8a08f315996075263618ffeac3c6bca9b4168fb14ddcab07f81e38b37bb
TEST_NEG_00188,test,random_5_30,22,,,0,0.0,False,242,f645e61c2e5d6a800bf205214c64bb100cbb3ad2b383a33d494d25d3cd1cee1d
TEST_NEG_00189,test,shuffled,21,AC_PWY-5687,AraCyc_Nucleotide,0,0.0,False,242,b39eee31bb43ea1f76e4c7d68f3a3582396588ce5f4016f848ead00c9ef64370
TEST_NEG_00190,test,partial_50_80,59,ath00562,KEGG_Lipid,59,1.0,False,242,25bd3966cf999f69f8778298b0102ff25971f403bb17e13c418c2629dbbf1ec7
TEST_NEG_00191,test,cross_pathway,26,AC_PWY-6352;AC_PWY-7048,AraCyc_Misc;AraCyc_Misc,26,1.0,True,242,a33d21311df8983ae5c6aaf83c8d7865ab522771deb0a82388d64646b84e7a67
TEST_NEG_00192,test,random_5_30,27,,,0,0.0,False,242,121269552e17f5084342b1fd7e45baa56ac3066a274d79ae5869faa0a0b710b0
TEST_NEG_00193,test,shuffled,85,ath03420,KEGG_GeneticInfo,0,0.0,False,242,80e22b7001cf1ca21cacb5efac2f90d06a527f9a24ad5c8cc243bceff752b29e
TEST_NEG_00194,test,partial_50_80,9,AC_PWY-7176,AraCyc_Misc,9,1.0,False,242,ea3801b6d4f7b358dd80d949c3e612dabf30f10c531840fadc71d8fdae221d44
TEST_NEG_00195,test,cross_pathway,33,ath03020;AC_PWY-5125,KEGG_GeneticInfo;AraCyc_Misc,33,1.0,False,242,5ff7fb86543e8c9fccd4cf74d75bf24e08c6aaab1e3b46c40df55e8c6d4b32c3
TEST_NEG_00196,test,random_5_30,5,,,0,0.0,False,242,e17b5ef0fd44b1c1d9d50c3584769a095b2632c87f2684d704a50a3a07b770bb
TEST_NEG_00197,test,shuffled,29,ath00563,KEGG_Lipid,0,0.0,False,242,71575d40b69f45794039adce181f344159a0a07641a7ada13d5e1bc0a8a75f30
TEST_NEG_00198,test,partial_50_80,15,ath00563,KEGG_Lipid,15,1.0,False,242,76483c0ba2a25dc6ee42ea739a43ea8dbf6ff0090bb82841a14bec15bfd4f520
TEST_NEG_00199,test,cross_pathway,20,AC_PWY4FS-3;AC_PWYQT-4472,AraCyc_Misc;AraCyc_AminoAcid,20,1.0,False,242,789e657a57344f55d13b9eaae81a0b53ac9bcf5d8bf57db86ae916efedf6c4ac
TEST_NEG_00200,test,random_5_30,11,,,0,0.0,False,242,4090b47414d023cc18df9455109d77972fb723230dc8869efaf322c09e21511b
TEST_NEG_00201,test,shuffled,40,ath00130,KEGG_Metabolism,0,0.0,False,242,a308cbbd97e4d40c2a0e81562c7f9a727a4e5a840253144d98a9aba24b456bba
TEST_NEG_00202,test,partial_50_80,65,ath01250,KEGG_Cellular,65,1.0,False,242,6cf5faaaccab496ed992984db2432b205c81348c185ddc3c721bad8d405f1af9
TEST_NEG_00203,test,cross_pathway,24,ath00220;AC_PWY-3462,KEGG_Cellular;AraCyc_Misc,24,1.0,False,242,094cd1ea5f2ffb91c5746854dbdc0f2b9fe9df7abab4c139674fff1ff5e2a029
TEST_NEG_00204,test,random_5_30,8,,,0,0.0,False,242,05d6967bd638407fcff961150fd5fb88fbf4c5c47bbb7482360c1b6a663a7d3f
TEST_NEG_00205,test,shuffled,103,ath01210,KEGG_Cellular,0,0.0,False,242,9726de95637c189db0a7381b43208e6673856772c7198c6879ae313dcdf16bdc
TEST_NEG_00206,test,partial_50_80,7,AC_PWY-3462,AraCyc_Misc,7,1.0,False,242,48753a11ad88320009c3cadae2f1d570336b9d619cdceca1e58e7e8a0173e576
TEST_NEG_00207,test,cross_pathway,15,AC_PWY-3462;ath00730,AraCyc_Misc;KEGG_Cellular,15,1.0,False,242,d01bd14b516a7208d4d9e33fe0668ecc9de170e7f9ccba90d536bf6cb6de0846
TEST_NEG_00208,test,random_5_30,25,,,0,0.0,False,242,340509317761e03710ad977a1939a0f9e82d2d964ba9086dc635062d1e97ffb0
TEST_NEG_00209,test,shuffled,98,ath03008,KEGG_GeneticInfo,2,0.02040816326530612,False,242,f43c92abec2e30cff19636ec5b136a0bf8f032040167e722506bf7d27915a8af
TEST_NEG_00210,test,partial_50_80,4,AC_PWY-4381,AraCyc_Lipid,4,1.0,False,242,8822c0a4ad856271073a9d1b7fb4f8e1a9e149bb51f192bf7c2abf36a3b48e62
TEST_NEG_00211,test,cross_pathway,83,ath01210;ath00052,KEGG_Cellular;KEGG_Cellular,83,1.0,True,242,76de43123f71b267fa82fa5c381b65d4dc38235eb85851e9717ce7426fb1ea51
TEST_NEG_00212,test,random_5_30,20,,,0,0.0,False,242,0314987916c09c2338c026debded34c9f8392a6b75c2ee77aad9e3d84373b820
TEST_NEG_00213,test,shuffled,20,AC_PWY-5973,AraCyc_Misc,0,0.0,False,242,d3c4a1628198f5ad157f9cf3a98d9edd756805afcc397716777759295224911d
TEST_NEG_00214,test,partial_50_80,7,AC_MANNOSYL-CHITO-DOLICHOL-BIOSYNTHESIS,AraCyc_Misc,7,1.0,False,242,e4e260a224fc12d35e117448fafdb32af8dc9908a8ce1471d59fe37101938e1d
TEST_NEG_00215,test,cross_pathway,5,AC_PWY-5049;AC_VALSYN-PWY,AraCyc_Misc;AraCyc_Misc,5,1.0,True,242,97af1f3d03f175ffa2e43ffb288ccddfabe2643e3b8d98cca587cb609be8b8f2
TEST_NEG_00216,test,random_5_30,19,,,0,0.0,False,242,c0909c308af6e766d24617e51d29936497cb2d1af45673df14c2fab77d3e5066
TEST_NEG_00217,test,shuffled,18,AC_PWY-5320,AraCyc_Misc,0,0.0,False,242,ad6ffd7897d6d269fb4bf39d1e0cc4ca6fcf40cc539139981dda0c1241f74f1a
TEST_NEG_00218,test,partial_50_80,64,AC_PWY-6842,AraCyc_Misc,64,1.0,False,242,2f21e196b1b3bd05192c1ab436936a15569ee4ae3658265a3fc1cd262a24e241
TEST_NEG_00219,test,cross_pathway,33,ath03020;AC_PWY-2161,KEGG_GeneticInfo;AraCyc_Cofactor,33,1.0,False,242,bfdf0036e14e38f8ea208ac11b1aff9421116c3880c6c801110ede01b64fd32d
TEST_NEG_00220,test,random_5_30,22,,,0,0.0,False,242,7c7c71812d2977d9dcac586937e913664ed270bd962ad8bc0c33aa1ce2574b7b
TEST_NEG_00221,test,shuffled,216,ath04626,KEGG_SignalTrans,1,0.004629629629629629,False,242,09c9a048f837119b7bea6d29ffed00d0d8fe4199742de50fbe63e98a0dacb9ce
TEST_NEG_00222,test,partial_50_80,5,AC_PWY-8011,AraCyc_Misc,5,1.0,False,242,b52ae675ca25e637d31c644ee1ad9ac45461ac3eca720303d7f771b5d43a9293
TEST_NEG_00223,test,cross_pathway,27,ath00350;AC_PWY-8270,KEGG_Cellular;AraCyc_Misc,27,1.0,False,242,9671c8fa1451e6bcdd9dfa5ac6b37de64c8288ff2499616ab4b761125cdd25d1
TEST_NEG_00224,test,random_5_30,5,,,0,0.0,False,242,2f9fbc262df9121aa3de9d8890d89b6b65d094f037707482cc126b055570edc5
TEST_NEG_00225,test,shuffled,39,AC_PWY-6352,AraCyc_Misc,0,0.0,False,242,2672036b9dfdba4d25af43122b75e16ee9f479acb500e23ebf273b9734f2a23f
TEST_NEG_00226,test,partial_50_80,21,AC_PWY-8280,AraCyc_Misc,21,1.0,False,242,d47e07c24c401d8056d5557080182a3b6b9d23f4aac4ce81008f5386da059e6d
TEST_NEG_00227,test,cross_pathway,12,AC_METHIONINE-DEG1-PWY;AC_PWY-5687,AraCyc_AminoAcid;AraCyc_Nucleotide,12,1.0,False,242,9fd4aec80986ed6825b033fa9002661308cd90d17848e832f65e7df2eb828e38
TEST_NEG_00228,test,random_5_30,14,,,0,0.0,False,242,76da27bc679043ec8d4a57e2167d5248b8a8297cbd716b08393aecc7501b4faa
TEST_NEG_00229,test,shuffled,68,ath02010,KEGG_Membrane,2,0.029411764705882353,False,242,7f53124ca43d93d71f804ced5cd8a9910845c17d835146360d8f5284028fb331
TEST_NEG_00230,test,partial_50_80,5,AC_PWY-6317,AraCyc_Misc,5,1.0,False,242,3458c44060dbca0ae0ad34ad002e328e0fc5cb15e0cd9da1fbc44dcb03cedb73
TEST_NEG_00231,test,cross_pathway,55,AC_PWY-7176;ath00564,AraCyc_Misc;KEGG_Lipid,55,1.0,False,242,4d9f47598a0488c7e556a907687a4135b2ebafeda1ee3f31a4e5823b791b50a0
TEST_NEG_00232,test,random_5_30,7,,,0,0.0,False,242,f526632b1c51f19b5abeb313b7b452544e9a8c61209f0ad5e001b3c1c6b36054
TEST_NEG_00233,test,shuffled,16,AC_PWY-6786,AraCyc_Misc,0,0.0,False,242,fd2cc41113cc263b22a21f2c6c981d2761a8672bd2ec9b9d7fe629f7cf67f8ee
TEST_NEG_00234,test,partial_50_80,18,ath00563,KEGG_Lipid,18,1.0,False,242,a8e5af13925ab6c1ff8161be8fda62d2b78c8a324e5c28b24b5d32770d20a0e2
TEST_NEG_00235,test,cross_pathway,6,ath00591;AC_PWY-6599,KEGG_Lipid;AraCyc_Misc,6,1.0,False,242,622b565460ffa3375ba30f99e4f0884d6836261dd57275d0a8c1494f928ee5ba
TEST_NEG_00236,test,random_5_30,29,,,0,0.0,False,242,5b7155837cf9dafdecc5690b9f96d095fb18e38843d216334ec62d52ee37d53b
TEST_NEG_00237,test,shuffled,8,ath00531,KEGG_Lipid,0,0.0,False,242,50ad8d81990ad18a63aa8128e22024e00aa35d614d1a36ed922ebab702f1f557
TEST_NEG_00238,test,partial_50_80,51,ath03420,KEGG_GeneticInfo,51,1.0,False,242,e8d20575c2a867c5042be251045428de9091123eb6c707f2647697af95d55cca
TEST_NEG_00239,test,cross_pathway,27,ath00350;AC_PWY-2161,KEGG_Cellular;AraCyc_Cofactor,27,1.0,False,242,f228204ab994e47c07fd51ccd40b68bed4d63186c56c8fed509fd7d90394641d
TEST_NEG_00240,test,random_5_30,20,,,0,0.0,False,242,aef32c540796197cce30b1395f86c4769234608567e6a6b9ade1e9886106f5b4
TEST_NEG_00241,test,shuffled,21,AC_PWY-5687,AraCyc_Nucleotide,0,0.0,False,242,4d119c3838e6dcf9462ae5e0c9cd3e3326326c22747f80c9b039b6a2fc0e544c
TEST_NEG_00242,test,partial_50_80,13,AC_PWY-5973,AraCyc_Misc,13,1.0,False,242,96b38db17dceb51e6ac9e5fa11a8abbaeff085a60a29e8b71389b536998e8109
TEST_NEG_00243,test,cross_pathway,704,ath01110;ath00600,KEGG_Cellular;KEGG_Lipid,704,1.0,False,242,ffe84560b113810c4f001dcf98271976c614d423742eac280426683754772778
TEST_NEG_00244,test,random_5_30,5,,,0,0.0,False,242,2cd8d77a5f40b27ec622653a044d228b4d5858edc26fa3c5a5e32c85ee1ee336
TEST_NEG_00245,test,shuffled,7,AC_PWY-699,AraCyc_Misc,0,0.0,False,242,7fa5a222d02c2a41528b4215ef5500e2384f9090666c88567476b471bab92f1a
TEST_NEG_00246,test,partial_50_80,31,ath00061,KEGG_Lipid,31,1.0,False,242,18050abb5e17cb1154e2e607cbc4034275ceb1a8a1fd8cec38f8e86d905cf9d4
TEST_NEG_00247,test,cross_pathway,9,AC_PWY-6773;AC_PWY-5049,AraCyc_Misc;AraCyc_Misc,9,1.0,True,242,57d393382e6573ff5ea8107faad9cb4c116a49628d3352d0ef91316a0ae5642d
TEST_NEG_00248,test,random_5_30,18,,,0,0.0,False,242,4a575248f4abe1aa978a971a1276a334134a9fd6f2926166145264465b9bcc8d
TEST_NEG_00249,test,shuffled,5,AC_PWY-5049,AraCyc_Misc,0,0.0,False,242,3245a5493f8d6d5b3c9e767c74be49e97e107696d0f4a4603268d6704d25bb4f
TEST_NEG_00250,test,partial_50_80,4,AC_PWY-7995,AraCyc_Misc,4,1.0,False,242,38139a131e1b1d7f88549ea1575efda0068b864ae143408fa2ebf4aa5ad6ccab
TEST_NEG_00251,test,cross_pathway,9,AC_PWY-63;AC_VALDEG-PWY,AraCyc_Misc;AraCyc_Misc,9,1.0,True,242,c6b4dcf77eb39f5a66bb810092dc8a18131a49361076a4cf76ca898a60773110
TEST_NEG_00252,test,random_5_30,20,,,0,0.0,False,242,5614a64ca9cb396f4615fe041722ef1b353f4a2b80c32626188a9ac9d290f86d
TEST_NEG_00253,test,shuffled,7,AC_VALSYN-PWY,AraCyc_Misc,0,0.0,False,242,45ac791f69b329c4767f51d4324c4c14438d1375084cb7fb5b4fda3d707cbc8f
TEST_NEG_00254,test,partial_50_80,147,ath04626,KEGG_SignalTrans,147,1.0,False,242,232c2ef2da65b6fcc19d3acc5115100a040d8a6cbe9fac7346787d47027a482a
TEST_NEG_00255,test,cross_pathway,16,AC_TRESYN-PWY;AC_NONOXIPENT-PWY,AraCyc_Misc;AraCyc_Misc,16,1.0,True,242,9a72ea794ad4151320a7cc6662543b9763c1f5415018c8304394d47df0052585
TEST_NEG_00256,test,random_5_30,11,,,0,0.0,False,242,d87a2e1776adabdeea700f13f3817bc5699ebf904ca6ff28c94ff9d76bbfce6c
TEST_NEG_00257,test,shuffled,6,AC_PWY-4381,AraCyc_Lipid,0,0.0,False,242,3995b12d46fcc301ee0f017b0e3f8f8c3574f5e0a22f307c472d03ab507c10e7
TEST_NEG_00258,test,partial_50_80,3,AC_GLYSYN-ALA-PWY,AraCyc_Misc,3,1.0,False,242,b0ed4c92d52cdd2f92cebd61bac38f55e53c41cd7c304b8150a4876b6e9c6abf
TEST_NEG_00259,test,cross_pathway,19,AC_PWY-4541;ath00541,AraCyc_Lipid;KEGG_Lipid,19,1.0,False,242,1f65861fc4de6e89e9d2a0049e2eca6e3957c6cfa38787fdc653b316cc98055b
TEST_NEG_00260,test,random_5_30,23,,,0,0.0,False,242,400b7c93b46d0cbb1cd3c873c8ab2bc4475161341de7a38e35f66fdede7576fd
TEST_NEG_00261,test,shuffled,9,AC_NAGLIPASYN-PWY,AraCyc_Lipid,0,0.0,False,242,a4599b48bd2dd82c243fb280d9dca44d351faaedce7d8815dfe30788a1543754
TEST_NEG_00262,test,partial_50_80,4,AC_PWY66-367,AraCyc_Misc,4,1.0,False,242,caef3a6c86e8a48f26364f9561f7944bf484ac71ddb535e0b2ae95ebb9cfd227
TEST_NEG_00263,test,cross_pathway,10,ath00531;AC_NONOXIPENT-PWY,KEGG_Lipid;AraCyc_Misc,10,1.0,False,242,edc33defa5aedd988d27fedc21993883d8307ab4b5a132c0702292b99d37860d
TEST_NEG_00264,test,random_5_30,27,,,0,0.0,False,242,e5f12e8421069f79b3ec31da0816798ae9fa4cc3a6d2893f41a40eb08a965abf
TEST_NEG_00265,test,shuffled,36,AC_PWY-4302,AraCyc_Misc,0,0.0,False,242,d92363504b50b080c237b7f56beb764a13c7428f017933b3aa1ac91c07d94015
TEST_NEG_00266,test,partial_50_80,15,ath00909,KEGG_Cellular,15,1.0,False,242,0274c81cdc9de9cd2a1e32593b651adfa933e4051bd22569ee328bb2225f3d20
TEST_NEG_00267,test,cross_pathway,10,AC_PWY-4381;AC_PWY-8270,AraCyc_Lipid;AraCyc_Misc,10,1.0,False,242,f12e75c94034a960e915a4b1c32615799d488daea5b2148f996d42c77e660bae
TEST_NEG_00268,test,random_5_30,8,,,0,0.0,False,242,f8ebc292a302bdf88ecbfafc84d28da4a811d673b45da0b1bfee5b0afd9c4dbd
TEST_NEG_00269,test,shuffled,6,AC_PWY-8398,AraCyc_Misc,0,0.0,False,242,2cb1896c2da1898f3b2b9bba08e4c60ccebd06147653c4facf7c289b03f11add
TEST_NEG_00270,test,partial_50_80,6,AC_PWY66-385,AraCyc_Misc,6,1.0,False,242,5e590b4bf0614b87cefafd199be5fecba100291f0226599a2b1a7e83c3fef398
TEST_NEG_00271,test,cross_pathway,40,AC_PWY-7101;ath00195,AraCyc_Misc;KEGG_Metabolism,40,1.0,False,242,4b497ae5d17023a356230b073a5523b93ae48d60f389fac6e8c534a90ac936fb
TEST_NEG_00272,test,random_5_30,5,,,0,0.0,False,242,ce815031585d5921d1c93c840cf4993f83e2730bac01294e60c353f794de66b3
TEST_NEG_00273,test,shuffled,7,AC_VALSYN-PWY,AraCyc_Misc,0,0.0,False,242,ea64d101210ed4eec3f877d928b7c345354ec281d883bacd24f55778155ecb8e
TEST_NEG_00274,test,partial_50_80,11,AC_PWY-2821,AraCyc_Misc,11,1.0,False,242,8b63e7a7b88bb4ca2dd28b40e7edfc909a7f3454a7018698889f1d506a22dfa9
TEST_NEG_00275,test,cross_pathway,27,ath00600;AC_PWY-5973,KEGG_Lipid;AraCyc_Misc,27,1.0,False,242,b92abccf56ceb9602537c7ab7c3b9700598414f20c3cca7f03411e589e04166d
TEST_NEG_00276,test,random_5_30,30,,,0,0.0,False,242,f9d001666d91cd9673bfc01cc10f9e4290d8dff16a50664e1207aed8e6a91544
TEST_NEG_00277,test,shuffled,23,ath00909,KEGG_Cellular,0,0.0,False,242,46d45b40444e2fadfdc3b748efda500ac2282e7695876c20dc9f9d26637f66ab
TEST_NEG_00278,test,partial_50_80,12,AC_TRESYN-PWY,AraCyc_Misc,12,1.0,False,242,0309cb920b6321acb3ea12fce54e936cdcb6e783968c4a688be71c6e58d7e379
TEST_NEG_00279,test,cross_pathway,9,AC_PWY-7176;AC_PWY66-367,AraCyc_Misc;AraCyc_Misc,9,1.0,True,242,b89415bd2772bb0c40fd4e0cb6e35243c1d1068cb6aee562e4673e2a4c8534be
TEST_NEG_00280,test,random_5_30,25,,,0,0.0,False,242,a69acc8eef7fb670d7b1dadfe413f23d44c63b738ba4e901bb3f98ffead68408
TEST_NEG_00281,test,shuffled,5,AC_PWY-6599,AraCyc_Misc,0,0.0,False,242,77035ba454807f4a2e00aa749aae40720f28f0fd10fa0ef603114c8cf3a469f2
TEST_NEG_00282,test,partial_50_80,62,AC_PWY-6842,AraCyc_Misc,62,1.0,False,242,2362eeb92c6a97be974ee012c73e5389314b3969882b2e9094c7b80dec8c1d42
TEST_NEG_00283,test,cross_pathway,12,AC_PWY-7859;AC_NONOXIPENT-PWY,AraCyc_Misc;AraCyc_Misc,12,1.0,True,242,e4e173b15cb2b0f93421eb90b6001d5987ac60933b49cad38aeef52dca079cbd
TEST_NEG_00284,test,random_5_30,7,,,0,0.0,False,242,911c84c96fc928e5cb4e6397d9ec16da427d3f65dbf04e20b8100c9076c99761
TEST_NEG_00285,test,shuffled,6,AC_PWY66-367,AraCyc_Misc,0,0.0,False,242,97766117542c543ef3145a0021d055eda4b0e318ec14ae02788627c9298887dd
TEST_NEG_00286,test,partial_50_80,4,AC_PWY4FS-3,AraCyc_Misc,4,1.0,False,242,80707b6335bce7fb2b4e3917e0e027ae76b36754e488d9c550e5dda7bb1dcc2a
TEST_NEG_00287,test,cross_pathway,15,AC_PWY-5337;AC_PWY-5320,AraCyc_Misc;AraCyc_Misc,15,1.0,True,242,d27da3d3ec03dc3968206dcedf18be8ec60c1ee6cfc93c7b390ff0e3c0454735
TEST_NEG_00288,test,random_5_30,9,,,0,0.0,False,242,a5803f90d848d2440da9f8ca31940b0acfcfa1dd295ce0a91ae1a216a03c0928
TEST_NEG_00289,test,shuffled,14,AC_PWY-2161,AraCyc_Cofactor,0,0.0,False,242,55931d031e2a49f805abdf1cbda7a447a495fa4639d88468838ae8da5d369c7b
TEST_NEG_00290,test,partial_50_80,24,AC_PWY-4302,AraCyc_Misc,24,1.0,False,242,6aa7f29dab2bbcbd155a3bf17190c94bd6c60ee7f84623cf3ca2d59af1fd8798
TEST_NEG_00291,test,cross_pathway,7,AC_PWY-4541;AC_PWY-4381,AraCyc_Lipid;AraCyc_Lipid,7,1.0,True,242,919a9a423d930cfb11cadb8bb02771d2e314a29ae98c490206efc8140ba2d80d
TEST_NEG_00292,test,random_5_30,8,,,0,0.0,False,242,bf1906c31d92fd8d0a3682a28a3019ada6b9b7dcb8e2a0ba32bb9c1dd10b8450
TEST_NEG_00293,test,shuffled,16,AC_CYANCAT-PWY,AraCyc_Misc,0,0.0,False,242,07169afc91af90d3b891f54d7f5b18d4927cb1e5a6bda2c46c78e0d931f4cccd
TEST_NEG_00294,test,partial_50_80,3,AC_PWY-8011,AraCyc_Misc,3,1.0,False,242,009362e2610c5edd19363b3571f00bb55f7657f2619ebd78ff7d9da7ed5f8b20
TEST_NEG_00295,test,cross_pathway,41,AC_PWY0-1507;ath00195,AraCyc_AminoAcid;KEGG_Metabolism,41,1.0,False,242,ee84786e7126cb4d96f9e436e0911be0f0e7f66345d38d5acb7d7734aab84558
TEST_NEG_00296,test,random_5_30,23,,,0,0.0,False,242,c4731b5f6700982733f2550d2f8b16095118bace7a434c83985dbfa1e587ec32
TEST_NEG_00297,test,shuffled,6,AC_PWY-5963,AraCyc_Cofactor,0,0.0,False,242,8f3e5c71433bf955f2b703e6d0a8c9997449343709dca49e744d7f9796c6caca
TEST_NEG_00298,test,partial_50_80,138,ath01230,KEGG_Cellular,138,1.0,False,242,a589912ce03b8792923ca7f911fb2dbb08ebee1569e96c85c9d886987880bd3a
TEST_NEG_00299,test,cross_pathway,16,AC_ALANINE-DEG3-PWY;AC_PWY-1001,AraCyc_Misc;AraCyc_Carbohydrate,16,1.0,False,242,841d75cb84308deed5ad53254ea158644ddcaa6e34c998573e96af2b9dd05898
TEST_NEG_00300,test,random_5_30,15,,,0,0.0,False,242,d5a5822e7ce90b3309c45ffb60c3a34db35f2de6d737e7a1c06619249c2c5b4d
TEST_NEG_00301,test,shuffled,16,AC_PWY-6786,AraCyc_Misc,0,0.0,False,242,c562d1cc6aca7b13355cedb22edcf87ceac00f00b3c635a29aaac081451989ec
TEST_NEG_00302,test,partial_50_80,10,AC_PWY-5973,AraCyc_Misc,10,1.0,False,242,70e5fcfc462dc1b5ced81a9a095576c1026236a64b8b08e3ec8e1d2bcff06b37
TEST_NEG_00303,test,cross_pathway,16,AC_PWY-5320;AC_PWY-7048,AraCyc_Misc;AraCyc_Misc,16,1.0,True,242,c5e45fe551aa6944ae8f18c9e359aae7c392f9530552307c2da02f5235e166cf
TEST_NEG_00304,test,random_5_30,6,,,0,0.0,False,242,6801263d61c694f067e7bdc7270349d8840f9eb5fb61fa620aefaa71e49fa5a8
TEST_NEG_00305,test,shuffled,6,AC_PWY-4381,AraCyc_Lipid,0,0.0,False,242,4c8393ed0e0f7e36289683a1f83f3e25842410209ac6a5463bdb3308da34bf74
TEST_NEG_00306,test,partial_50_80,22,AC_SUCSYN-PWY,AraCyc_Carbohydrate,22,1.0,False,242,ba1dfd39932e44f0291ce58ea4a4052136b9b3fc8341e2425995d8b0a488ecae
TEST_NEG_00307,test,cross_pathway,16,ath00563;AC_PWY-63,KEGG_Lipid;AraCyc_Misc,16,1.0,False,242,baf613394b3be9e138179ce80ce06c5a7c4f5151876bd08c7ddc2551b54ae8d8
TEST_NEG_00308,test,random_5_30,7,,,0,0.0,False,242,2c506850f2505abc0a756a8b0e09654078495b39f28f32e24252a4ea38438d01
TEST_NEG_00309,test,shuffled,15,AC_PWY-6952,AraCyc_Misc,0,0.0,False,242,6e9f0650177f5df795c4835f652076d5e50a36caf5e350b8099804227a19c971
TEST_NEG_00310,test,partial_50_80,22,ath00563,KEGG_Lipid,22,1.0,False,242,faf05be1a98aac9cb80e7cbb2423b7a73ef5707b0a641e124be348c35bf3aa2f
TEST_NEG_00311,test,cross_pathway,9,AC_PWY-7048;AC_PWY-5049,AraCyc_Misc;AraCyc_Misc,9,1.0,True,242,3a3f8f47fee6968aae570c94460dc40438853993ee90711d8ecfd628440b08e8
TEST_NEG_00312,test,random_5_30,30,,,0,0.0,False,242,aa32871c9a1086de713b3056c1012bfc31f464707d4f16730c703e02023a6803
TEST_NEG_00313,test,shuffled,50,ath03410,KEGG_GeneticInfo,0,0.0,False,242,74f05ad7b2c16fad605fea9541fea79155a48fad8b08cc1d87f4b7a4bb878044
TEST_NEG_00314,test,partial_50_80,9,AC_PWY-5661,AraCyc_Carbohydrate,9,1.0,False,242,b7977b4adf04f6160fa632376b9e0d2280220770b378e53955287a974096ab05
TEST_NEG_00315,test,cross_pathway,7,AC_PWY-8024;AC_PWY-6599,AraCyc_Misc;AraCyc_Misc,7,1.0,True,242,5000e7dd3476c547438de3aeee2d2d107089e1c1d784995c4a6939f90beec694
TEST_NEG_00316,test,random_5_30,6,,,0,0.0,False,242,a8d9a5b6d424ae8d71e3dfd11af8d422fa1ae74f6e7ee327379389dbfa3f1850
TEST_NEG_00317,test,shuffled,14,AC_PWY-7048,AraCyc_Misc,0,0.0,False,242,a5e2f49608d92e367519317effd258e5d601e7a6f2c0b215b83a340baa76c379
TEST_NEG_00318,test,partial_50_80,3,AC_PWY-8011,AraCyc_Misc,3,1.0,False,242,0fefcb9d620fbd39919bdf63bc5b134d1d6a5ddf0437e79d0646253f3926d789
TEST_NEG_00319,test,cross_pathway,28,ath03410;AC_PWY0-1507,KEGG_GeneticInfo;AraCyc_AminoAcid,28,1.0,False,242,eb66fbb9dc2da75e0545e9ef7217f96bc126ea09f2008f0a4a5a774578258a9a
TEST_NEG_00320,test,random_5_30,21,,,0,0.0,False,242,f9f724c196625191215556bc13fdf633d544c94e1d75fba851f7e3a5895842be
TEST_NEG_00321,test,shuffled,6,AC_PWY-8398,AraCyc_Misc,0,0.0,False,242,608a983673ee1761be6a525e9efccbd6b60468d37d764dd0b7907b1be3d0ba80
TEST_NEG_00322,test,partial_50_80,5,AC_PWY-6614,AraCyc_Cofactor,5,1.0,False,242,151f62d89b8a17a0ba1ceb6b18dc9c8ab3ea52f0f501b42f406186bc4d13d36d
TEST_NEG_00323,test,cross_pathway,11,AC_PWY4FS-3;AC_MANNOSYL-CHITO-DOLICHOL-BIOSYNTHESIS,AraCyc_Misc;AraCyc_Misc,11,1.0,True,242,3a7fd8a7ec724b671a9f2f8e6be3bafe6cc4ae86e68cdfd67225b9695893fa80
TEST_NEG_00324,test,random_5_30,10,,,0,0.0,False,242,cfd0923cfb1e2920dd758d12178aa29b532b01e806668e63e22cd7cda0492859
TEST_NEG_00325,test,shuffled,12,AC_PWY-7859,AraCyc_Misc,0,0.0,False,242,169626932c0f31bee7af06b70109b60cc6b6054245ec0e25485606e118640532
TEST_NEG_00326,test,partial_50_80,13,AC_PWY-5320,AraCyc_Misc,13,1.0,False,242,15703c31862232ec1d76fcf3b4ba1eeca5eb79a940274f94830aee4508e7d14a
TEST_NEG_00327,test,cross_pathway,14,AC_PWY-8270;AC_PWY-6952,AraCyc_Misc;AraCyc_Misc,14,1.0,True,242,42896f114bc4ce08cde32ac6324a612429a39202e63048bc6c5b8c07efaade18
TEST_NEG_00328,test,random_5_30,29,,,0,0.0,False,242,1da0e7dac54a195689311cc48c8a444f490448f534a200c7a81a35efc24eff0c
TEST_NEG_00329,test,shuffled,6,AC_PWY66-367,AraCyc_Misc,0,0.0,False,242,c808f8350ee3a372af54949d9be20b4e5ef14efb55a75e55747e61f85910bf85
TEST_NEG_00330,test,partial_50_80,16,AC_PWY-5980,AraCyc_Misc,16,1.0,False,242,2401fa859817f2bb230afb2f9ea81cacf7e9dcdd2d3cdb9f760033fe7721e36f
TEST_NEG_00331,test,cross_pathway,8,AC_PWY-5049;AC_PWY-7859,AraCyc_Misc;AraCyc_Misc,8,1.0,True,242,beffa50e89fcfcca6ee222fceaee9564880c8da03dbc8666a01308ba9979e41f
TEST_NEG_00332,test,random_5_30,10,,,0,0.0,False,242,82d5c4dc104fb46392b156760d35949be3a8d83dbd725fc8efe04bf199da57d5
TEST_NEG_00333,test,shuffled,8,AC_PWYQT-94,AraCyc_Misc,0,0.0,False,242,470262b5d0514d8393359ae42412660edb0e5116e2d2232539187786a94a768f
TEST_NEG_00334,test,partial_50_80,10,AC_OXIDATIVEPENT-PWY,AraCyc_Misc,10,1.0,False,242,5feea5c0ae94107ddbd8e26e293205bea75e6013ba1dc057b56bbd75df9203ff
TEST_NEG_00335,test,cross_pathway,25,ath03030;AC_PWY-6663,KEGG_GeneticInfo;AraCyc_Lipid,25,1.0,False,242,594de1a27f25eba1249a8db879228aaad1fd0151c207e526dec4ef0d103bd04f
TEST_NEG_00336,test,random_5_30,6,,,0,0.0,False,242,5dea5c89e2fb7600b6879221a2560f82ef9025828d79c188afb798f756b6953c
TEST_NEG_00337,test,shuffled,52,ath03020,KEGG_GeneticInfo,0,0.0,False,242,a6782d349a34ca42e929cea2717cf36c4b0206ba15b49f6f230ce35861b4b48b
TEST_NEG_00338,test,partial_50_80,9,AC_PWY-6952,AraCyc_Misc,9,1.0,False,242,87cc76c07830f63f829e15b0aea39edc586913d3610ad8954cfa6c37d9b75ca0
TEST_NEG_00339,test,cross_pathway,13,AC_PWY66-385;AC_PWY-7048,AraCyc_Misc;AraCyc_Misc,13,1.0,True,242,18fbb68a8914af2b03d10acad39fdc6e2c9d5d1a88b447fb97cfc07f16d9637f
TEST_NEG_00340,test,random_5_30,18,,,0,0.0,False,242,eacbb78e1e107a9b75dee858b9d25427d1a1b4e16c2ebd306d78348e0b6bffb9
TEST_NEG_00341,test,shuffled,13,AC_PWY-7388,AraCyc_Misc,0,0.0,False,242,35f40b8652ed694b91b6cf3bbd9e687b67f72ca469e4469f14d9d523f6998b85
TEST_NEG_00342,test,partial_50_80,6,AC_PWY-5337,AraCyc_Misc,6,1.0,False,242,6ec3023597c6845cbecf54af3559d74bc5fdc412f6fe1db443c0819e0df159d6
TEST_NEG_00343,test,cross_pathway,68,AC_PWY-3781;ath03008,AraCyc_Misc;KEGG_GeneticInfo,68,1.0,False,242,a32f9dcbb1bd7cdcc150a398156a4ef5e67cfcd2890d8675623580eff64f570a
TEST_NEG_00344,test,random_5_30,12,,,0,0.0,False,242,7d1ca865b4ebb74468965a3f8bd69c7d85c92dcbdf45b527a8d70c30174bed18
TEST_NEG_00345,test,shuffled,5,AC_GLYSYN-ALA-PWY,AraCyc_Misc,0,0.0,False,242,9bac4a358a2d78b51ee9303a2363a4086b1b166390e09c4b8040d6ab676e23a4
TEST_NEG_00346,test,partial_50_80,24,ath00220,KEGG_Cellular,24,1.0,False,242,bfe1401f636911d46e4fd7dd46c8017056692f3285edd1686f2e54a8c3e7a0bc
TEST_NEG_00347,test,cross_pathway,10,AC_OXIDATIVEPENT-PWY;AC_PWY-8398,AraCyc_Misc;AraCyc_Misc,10,1.0,True,242,99f79793ebf5dec4726be1e9396ecbc00b0171d6bf862348204018c7749aa6cc
TEST_NEG_00348,test,random_5_30,5,,,0,0.0,False,242,632f550466a69d1d0ec2da6b5ecfc8666cbbc255625afa6ee50fe55792ac9164
TEST_NEG_00349,test,shuffled,14,AC_MANNOSYL-CHITO-DOLICHOL-BIOSYNTHESIS,AraCyc_Misc,0,0.0,False,242,8e78399bc4ef839277afd94e1bf434de834d64b2754c96c111bbb5d75cedca9e
TEST_NEG_00350,test,partial_50_80,57,ath01250,KEGG_Cellular,57,1.0,False,242,19092d8eb60e1e33a22e543a0a1aa6d7d9a00ccb5f4f39366fd85d75bd57c75e
TEST_NEG_00351,test,cross_pathway,10,AC_PWY4FS-3;AC_PWY66-385,AraCyc_Misc;AraCyc_Misc,10,1.0,True,242,635f1b08215ee960a138fe783bcffc1d2cf29a75adc68a4560ef03ab09242e7e
TEST_NEG_00352,test,random_5_30,26,,,0,0.0,False,242,912e25aeb7741e069cb40c310dd955bd34fef3dc2f8e243b296e26d531a8b0f9
TEST_NEG_00353,test,shuffled,15,AC_PWY-6952,AraCyc_Misc,0,0.0,False,242,11e941b01f4e95c0d37d3020cc47e6a175386deef908f3e07fc92b4190997f99
TEST_NEG_00354,test,partial_50_80,75,ath00564,KEGG_Lipid,75,1.0,False,242,7d1fabc8bcd28baa50516dee1c38643e96bc7e44a1f24be8ad678ef51f353970
TEST_NEG_00355,test,cross_pathway,13,AC_BSUBPOLYAMSYN-PWY;AC_TRESYN-PWY,AraCyc_Misc;AraCyc_Misc,13,1.0,True,242,aaef645400c32c4c7f166360fd257c9b29b86082285cf2d378c5c42e73ef77c3
TEST_NEG_00356,test,random_5_30,5,,,0,0.0,False,242,4519a3044d1ee2827cd073b4386d487c47e745fdb1767355a63ace9f533d8d78
TEST_NEG_00357,test,shuffled,6,AC_PWY66-367,AraCyc_Misc,0,0.0,False,242,dfa28c764ffc2195882be3b18e009f8d3a15bcc0a0ec12c17a669acb6be47af3
TEST_NEG_00358,test,partial_50_80,9,AC_PWY-735,AraCyc_Misc,9,1.0,False,242,58da6a8c339ca96475066bac9003cc85be477ff82512e745a38e0c7a1f4e2d1f
TEST_NEG_00359,test,cross_pathway,20,AC_OXIDATIVEPENT-PWY;ath00966,AraCyc_Misc;KEGG_Cellular,20,1.0,False,242,c99c913bf9c88e6ebc38e604e7812467ade119c712a9e21aeb08c09aed448525
TEST_NEG_00360,test,random_5_30,15,,,0,0.0,False,242,3294231b758d1d36a4ab6dfdcd59fe99c5cf228f3d7ad543b2e6348d3470329c
TEST_NEG_00361,test,shuffled,7,AC_PWY-6317,AraCyc_Misc,0,0.0,False,242,7d778b8978b184d18c5357988959e75ba37d3dc74b686a40736fef747cffb16d
TEST_NEG_00362,test,partial_50_80,8,AC_PWY-4203,AraCyc_Misc,8,1.0,False,242,ad09f3a01ed25f69b75cc1480e98df9bd0295aba600f038f7db4050e6587eecf
TEST_NEG_00363,test,cross_pathway,22,AC_PWY66-367;AC_PWY-6352,AraCyc_Misc;AraCyc_Misc,22,1.0,True,242,4d6b816a50921ae71f85e9c5ffacd986bdb40527fdf9540a5176a43ad1d35e8e
TEST_NEG_00364,test,random_5_30,19,,,0,0.0,False,242,e8ae042f7610496989de3c466e64c12a636d5388d70940e73fb4e1077c2679c7
TEST_NEG_00365,test,shuffled,216,ath04626,KEGG_SignalTrans,1,0.004629629629629629,False,242,4f948516163418262ba3da3995c1fb02a05269e2dd395db66f1be8bcb18773d9
TEST_NEG_00366,test,partial_50_80,19,ath00220,KEGG_Cellular,19,1.0,False,242,55e0f23b7e0a749e8cc6dc4ab42a0a547d54e421a6c09aa21834bfbf5440571d
TEST_NEG_00367,test,cross_pathway,12,AC_VALDEG-PWY;AC_PWY-3462,AraCyc_Misc;AraCyc_Misc,12,1.0,True,242,cd8c6642fd02ebcedf89bcda4709a690dc7627295721da78f13d7dda36405a15
TEST_NEG_00368,test,random_5_30,8,,,0,0.0,False,242,f933e3e35f1295eb935fed304b4c1e318ee48eb4ac9cd8f15d6811211936852d
TEST_NEG_00369,test,shuffled,6,AC_PWY66-367,AraCyc_Misc,0,0.0,False,242,336013aedf859570f878c2d0e38d3203e89cf4f33bfc15b312a7faad40c17a46
TEST_NEG_00370,test,partial_50_80,4,AC_PWY-699,AraCyc_Misc,4,1.0,False,242,6216eec154647a95fde83fdfe0c4dc0f9d3883a6ed9cdcdc81ad4f61770ea865
TEST_NEG_00371,test,cross_pathway,23,AC_PWY-5973;ath00565,AraCyc_Misc;KEGG_Lipid,23,1.0,False,242,d62bd96f4d9437e237fe9067199fdf9051c5c7820e0c6e7a4d52f1670859c970
TEST_NEG_00372,test,random_5_30,5,,,0,0.0,False,242,e9fd609b5b83cb44b903dfb986a084cdf1d2cb6e03867f6a2b98786e620c60f5
TEST_NEG_00373,test,shuffled,14,AC_PWY-7048,AraCyc_Misc,0,0.0,False,242,9124bad8979a9853caa79a2506c048007cbd1d66cea59bf603b141a19d68ca7f
TEST_NEG_00374,test,partial_50_80,156,ath04626,KEGG_SignalTrans,156,1.0,False,242,15f66a5d887327000b7dff8bc9f3b675af75b42cfe4ac18711d036ead5d15244
TEST_NEG_00375,test,cross_pathway,70,AC_PWY-6352;ath01210,AraCyc_Misc;KEGG_Cellular,70,1.0,False,242,14ac5abd60667e5bf424c13b3a63fab0f7380be4e0bc82830f013b013e60d814
TEST_NEG_00376,test,random_5_30,19,,,0,0.0,False,242,e8b613b4f2e62e050fe15ca666e32d554a1937a2cec47023bc28a8a76d5b64a8
TEST_NEG_00377,test,shuffled,10,AC_PWY-3462,AraCyc_Misc,0,0.0,False,242,4a2f6190a19b766d7fbda9852f96ae16f1c97d047f79ceb692f9324ac97aa099
TEST_NEG_00378,test,partial_50_80,25,AC_PWY-8280,AraCyc_Misc,25,1.0,False,242,c8cb8d339884ed5c0cc735f3623afbb5023af7682cd434c029df21162ec98c79
TEST_NEG_00379,test,cross_pathway,31,ath03410;AC_PWY-7859,KEGG_GeneticInfo;AraCyc_Misc,31,1.0,False,242,21dab9d91ffaeec3c70900581e968238e434bbbcec37951169c374c6fd9c8a70
TEST_NEG_00380,test,random_5_30,28,,,0,0.0,False,242,63b17fd808859cd7b169a383e22fb824a435a4d7c9911fa15610c04ce0f3cc38
TEST_NEG_00381,test,shuffled,65,ath00052,KEGG_Cellular,0,0.0,False,242,355de6e3c061476e207544ff29c0b39ede92ed95d0fce57536ab818bb490aed7
TEST_NEG_00382,test,partial_50_80,12,AC_PWY-5120,AraCyc_Misc,12,1.0,False,242,0e2549699ece87c665573036bd85bae3f5eb4df91b8db87d7987e8f1704d91e8
TEST_NEG_00383,test,cross_pathway,7,AC_BSUBPOLYAMSYN-PWY;AC_PWY-6117,AraCyc_Misc;AraCyc_Misc,7,1.0,True,242,6beea36951b7a154c26ae68ac2c598ebbb4dfbf884d7efbaec6a77a2bb0d950b
TEST_NEG_00384,test,random_5_30,8,,,0,0.0,False,242,65a62d8cf948032828d2f7a20b47bb647a66772a9f71b4ff017f0c9c0f8ef803
TEST_NEG_00385,test,shuffled,36,AC_PWY-4302,AraCyc_Misc,0,0.0,False,242,d184a4557448920ef56dbcd0910fb5103dc808d7b8d475cdf9657a00c0642675
TEST_NEG_00386,test,partial_50_80,21,AC_PWY-6352,AraCyc_Misc,21,1.0,False,242,2e7b812b8ddf99e5b98b6af04d4dbb231bbf1bea63e8b9303518c57014075bfd
TEST_NEG_00387,test,cross_pathway,33,AC_PWY0-162;ath03410,AraCyc_Nucleotide;KEGG_GeneticInfo,33,1.0,False,242,4ad58caab6613b177e6b553cf0a33d5c4960c18b680e2fbcce57b7c5c1109bdf
TEST_NEG_00388,test,random_5_30,26,,,0,0.0,False,242,9bfa60017916ed6f1ecc0dd08f937793ec01c01d385939f0a6d28644f251911c
TEST_NEG_00389,test,shuffled,30,ath00541,KEGG_Lipid,0,0.0,False,242,12374f13459092d212832f8b17fba81cdd16bd75b97f9540a66108b84fd866ea
TEST_NEG_00390,test,partial_50_80,3,AC_PWY-699,AraCyc_Misc,3,1.0,False,242,049ff5db9225495cd14a5a58d84b7375088a9fdfe5c81d57f3b60514401ade50
TEST_NEG_00391,test,cross_pathway,7,AC_PWY-4381;AC_PANTO-PWY,AraCyc_Lipid;AraCyc_Misc,7,1.0,False,242,9d8452d81ddc95d3b5125c5e4eeb67f047c5e9ffe0d1af216cade241b6f7e23f
TEST_NEG_00392,test,random_5_30,5,,,0,0.0,False,242,1e6597bc513ace7fea8231f4247e961f255357679c430878a5741be57546fbbb
TEST_NEG_00393,test,shuffled,21,ath00730,KEGG_Cellular,0,0.0,False,242,e49a61ba083b98529e493ed5f47d644c1fab605cc2cc3e53b9fa1b80335f5166
TEST_NEG_00394,test,partial_50_80,19,ath00565,KEGG_Lipid,19,1.0,False,242,1c2c33c17d77ae9f0778fcbc1ebabe116d3c68043f6a3143d0768ebe437aa5db
TEST_NEG_00395,test,cross_pathway,36,AC_NAGLIPASYN-PWY;ath00052,AraCyc_Lipid;KEGG_Cellular,36,1.0,False,242,3f531fc9b3fbc354e5974b72e5ea38676ec7f0344806a5c7def11af81c929d39
TEST_NEG_00396,test,random_5_30,11,,,0,0.0,False,242,a99d16458a14a0d58f41e429d776226f5a415a330243c8bf4ed8db27b37b7374
TEST_NEG_00397,test,shuffled,14,AC_PWY-6773,AraCyc_Misc,0,0.0,False,242,0bb072a4bd421119b00d6897c4b1019c79a0bb4bba93483afe23e95820c93865
TEST_NEG_00398,test,partial_50_80,5,AC_PWY-3462,AraCyc_Misc,5,1.0,False,242,1fe2758aec8ac2eee915968a973d459193d7912b54819260e22004f7d0e0e3f5
TEST_NEG_00399,test,cross_pathway,25,AC_PWY-5989;AC_PWY-5320,AraCyc_Misc;AraCyc_Misc,25,1.0,True,242,61fe60c3865349b8f9f9b54b22938e46a07ee7709f7229f98c4e39e793b1367b
TEST_NEG_00400,test,random_5_30,8,,,0,0.0,False,242,14c98b8200eaf4d0f9dcde9a043ab8d2375d44029522c4964b60ee05c70c8c2d
TEST_NEG_00401,test,shuffled,5,AC_METHIONINE-DEG1-PWY,AraCyc_AminoAcid,0,0.0,False,242,5939bac5bf662af862ac8ab60057160f81fa4ad2fb6061d4f2a20577ce193224
TEST_NEG_00402,test,partial_50_80,15,AC_PWY-1001,AraCyc_Carbohydrate,15,1.0,False,242,e6811d0cb9e60a23c13a04df4b62fea697c628a6b1821541fa83e11e8c7a34dc
TEST_NEG_00403,test,cross_pathway,64,ath00565;AC_PWY-5464,KEGG_Lipid;AraCyc_Misc,64,1.0,False,242,ffa4e49f0b5c313bb54f496bdcdaffca645cf50c796246477491664739105272
TEST_NEG_00404,test,random_5_30,30,,,0,0.0,False,242,e6e3938ca0d779b39b5961e1237ff740dac13caff2d4e31094aa8d6cbf22c803
TEST_NEG_00405,test,shuffled,20,AC_PWY-5973,AraCyc_Misc,0,0.0,False,242,40d89c9cebfdbbc56bacd1ef138fffff8cb237a3c80e1bea4dca5a0fc9b94a94
TEST_NEG_00406,test,partial_50_80,14,ath00565,KEGG_Lipid,14,1.0,False,242,896e379b508d503c49ad73c227b49dfa9ac6c9e4ef5e517274a1bb095ecd1a1e
TEST_NEG_00407,test,cross_pathway,11,AC_PWY4FS-4;AC_PWY-6773,AraCyc_Misc;AraCyc_Misc,11,1.0,True,242,be30e81ac6684ed066d066b9a2ed3fa116adba683953f51b41e9df2bce36ac7a
TEST_NEG_00408,test,random_5_30,15,,,0,0.0,False,242,e79abdc0d549c01da47fcbeff8c37e1948d9eb121c73cb6ccc2d59f8399f8008
TEST_NEG_00409,test,shuffled,62,ath00051,KEGG_Cellular,0,0.0,False,242,efe14b4412c30bd254f9c112346c6f801cdd26a6208fe6b36c596a59b5d6b188
TEST_NEG_00410,test,partial_50_80,10,AC_PWY-5125,AraCyc_Misc,10,1.0,False,242,a7b3bfef590cc23c58d33ee052934da5ab1ae6d23c4972841f8eba4c810d8606
TEST_NEG_00411,test,cross_pathway,30,ath03020;AC_PWY-6117,KEGG_GeneticInfo;AraCyc_Misc,30,1.0,False,242,d38b83d50de36b671749db105a612d70021a6faa9e9ed5950471df724f70e109
TEST_NEG_00412,test,random_5_30,16,,,0,0.0,False,242,e99d87f26fabcbb6cf58db395140badc697a0efa3e29e6d88aa9e0206f25c302
TEST_NEG_00413,test,shuffled,13,AC_PWY-5337,AraCyc_Misc,0,0.0,False,242,560e79d6293dfb86c6a381e2bc2e0b2ad579e27de8c43ddff1205ed88c9c12b2
TEST_NEG_00414,test,partial_50_80,8,AC_PWY-8270,AraCyc_Misc,8,1.0,False,242,a5ab832c4bda9278c82053524a8f5198846087b952dcf728eb4dafcaffbb8580
TEST_NEG_00415,test,cross_pathway,9,AC_PWY-6317;AC_PWY-5661,AraCyc_Misc;AraCyc_Carbohydrate,9,1.0,False,242,1898db1ca23d1ea2ba4d1a1d0ad2234e2f190a16d3599cdd16458a9cf372f047
TEST_NEG_00416,test,random_5_30,12,,,0,0.0,False,242,825e9f0f1ad3625b2d5c5a47d81ec6ac3240265199b152a443c390da9454867e
TEST_NEG_00417,test,shuffled,29,ath00563,KEGG_Lipid,0,0.0,False,242,0bf55e352ed8db1c0150b93593f1393cfa1cd917b94a3974707e34bc9b0f2d4d
TEST_NEG_00418,test,partial_50_80,13,ath00565,KEGG_Lipid,13,1.0,False,242,6e3ae4ec9bfd7efa4b5bfef1c8fa82fa0f4f66625f5f12cba1f5081f36f5bdf8
TEST_NEG_00419,test,cross_pathway,21,AC_PWY-8024;AC_PWYQT-4472,AraCyc_Misc;AraCyc_AminoAcid,21,1.0,False,242,396093e138c7c521502d434a868188f7ce3ab5d6487e9f99500561987735b6a6
TEST_NEG_00420,test,random_5_30,18,,,0,0.0,False,242,c44894cc7d3ab2bf145f4fc17cb681aa69adec035d3330cb8b021f6f58d50a7d
TEST_NEG_00421,test,shuffled,39,AC_PWY-6352,AraCyc_Misc,0,0.0,False,242,b35ddfeec6c66ea4361619b14f478d56f108d674e99c79c7c1ad52f763d42a06
TEST_NEG_00422,test,partial_50_80,3,AC_PWY66-367,AraCyc_Misc,3,1.0,False,242,f29e8cc2141ed53cbc828eb58d10dc30341aef5f01a902dfbcf35397f6027bb8
TEST_NEG_00423,test,cross_pathway,53,ath01250;AC_VALSYN-PWY,KEGG_Cellular;AraCyc_Misc,53,1.0,False,242,7a62cc11af3b8f2d204263b6e553b02d552150d8ee3831b05a3b6d793c59ce97
TEST_NEG_00424,test,random_5_30,25,,,0,0.0,False,242,f3c6278aa23fbba7048d154710aecec74870812762ecc61671b8981d896c4f2a
TEST_NEG_00425,test,shuffled,5,AC_PWY-6599,AraCyc_Misc,0,0.0,False,242,2280709219088ad5baaf73c9eb2a03a8026bf9fe128759630d6f93cc61158a2c
TEST_NEG_00426,test,partial_50_80,38,ath00195,KEGG_Metabolism,38,1.0,False,242,0df91e7eba989e21a6df483fda5efe947d945dd24a7776faab7cd4f8c8cd7f90
TEST_NEG_00427,test,cross_pathway,12,AC_VALDEG-PWY;AC_PWY-3481,AraCyc_Misc;AraCyc_Misc,12,1.0,True,242,d15788be7ef39038e2852d31a6d6db5b6eb0ae81df46b973105f46a15b4f0778
TEST_NEG_00428,test,random_5_30,28,,,0,0.0,False,242,b8a59943c55419a701fa5d9e8e7b0801a9874d1b28957350b43700389727a07e
TEST_NEG_00429,test,shuffled,13,AC_PWY-5661,AraCyc_Carbohydrate,0,0.0,False,242,860b9cd16b276c74b4581a9d6c3ac171742b94fc105700b6d4547da788243c77
TEST_NEG_00430,test,partial_50_80,4,AC_PWY-699,AraCyc_Misc,4,1.0,False,242,6216eec154647a95fde83fdfe0c4dc0f9d3883a6ed9cdcdc81ad4f61770ea865
TEST_NEG_00431,test,cross_pathway,60,ath03008;ath00909,KEGG_GeneticInfo;KEGG_Cellular,60,1.0,False,242,3b06bbac5e924cd6cf47de7070d0a691126d33de7318643ea82264974daf6f6a
